Channel 1,Channel 2
6101,6060
6105,6053
6107,6044
6107,6052
6115,6039
6107,6052
6109,6059
6109,6038
6109,6053
6108,6049
6099,6054
6105,6047
6110,6052
6115,6049
6102,6046
6096,6063
6102,6046
6111,6040
6100,6055
6104,6054
6098,6037
6111,6036
6118,6054
6114,6058
6112,6053
6107,6047
6102,6041
6116,6051
6108,6048
6104,6055
6104,6048
6109,6076
6113,6053
6106,6045
6114,6042
6101,6039
6100,6045
6106,6046
6120,6054
6115,6046
6102,6057
6103,6042
6106,6052
6103,6039
6103,6053
6110,6041
6094,6033
6102,6050
6111,6047
6104,6042
6102,6053
6107,6043
6108,6053
6113,6051
6102,6044
6105,6055
6105,6057
6101,6058
6110,6057
6108,6038
6094,6056
6114,6057
6105,6051
6109,6059
6114,6044
6112,6056
6091,6044
6103,6034
6101,6038
6104,6058
6104,6040
6106,6050
6095,6050
6102,6062
6102,6046
6101,6045
6107,6056
6101,6058
6095,6048
6108,6032
6095,6045
6099,6049
6094,6050
6118,6051
6110,6048
6110,6048
6097,6054
6110,6053
6097,6029
6104,6047
6111,6048
6107,6060
6096,6044
6100,6029
6097,6053
6102,6049
6108,6048
6102,6045
6094,6051
6092,6060
6106,6053
6098,6044
6084,6041
6097,6037
6106,6047
6107,6048
6091,6037
6110,6049
6109,6046
6098,6042
6101,6058
6097,6059
6094,6039
6103,6053
6106,6057
6092,6049
6100,6045
6105,6047
6093,6051
6096,6040
6105,6045
6098,6060
6095,6035
6104,6047
6091,6052
6102,6042
6096,6049
6097,6036
6091,6047
6107,6040
6115,6041
6098,6053
6101,6052
6092,6062
6096,6058
6095,6053
6102,6033
6097,6046
6107,6047
6114,6054
6100,6054
6108,6052
6108,6051
6103,6062
6096,6050
6102,6045
6107,6056
6106,6039
6113,6037
6105,6055
6097,6060
6105,6053
6109,6055
6105,6046
6111,6055
6103,6055
6103,6030
6110,6054
6101,6057
6114,6055
6099,6058
6107,6046
6104,6057
6100,6040
6104,6056
6109,6061
6097,6051
6107,6060
6096,6058
6104,6068
6104,6057
6113,6053
6119,6053
6109,6051
6109,6047
6118,6056
6102,6037
6114,6056
6112,6055
6106,6059
6108,6059
6112,6056
6111,6051
6100,6049
6111,6056
6114,6054
6100,6061
6105,6058
6113,6034
6095,6066
6103,6061
6113,6056
6110,6052
6110,6053
6103,6039
6104,6056
6103,6046
6106,6033
6094,6058
6101,6055
6110,6055
6100,6062
6095,6037
6102,6046
6109,6063
6103,6047
6101,6030
6107,6048
6104,6046
6108,6057
6233,6316
6282,6088
6105,6052
6351,6201
6113,6061
6166,6096
6090,6047
6066,6029
6113,6025
6086,6041
6086,6038
6102,6044
6117,6059
6108,6028
6094,6033
6109,6059
6097,6046
6103,6055
6104,6046
6112,6036
6101,6048
6101,6046
6105,6040
6105,6055
6098,6048
6103,6036
6104,6046
6099,6044
6102,6038
6097,6052
6094,6049
6107,6049
6103,6051
6114,6055
6111,6042
6115,6044
6103,6044
6094,6055
6109,6062
6103,6057
6107,6056
6122,6054
6107,6046
6112,6059
6102,6045
6105,6037
6117,6050
6107,6053
6102,6063
6117,6040
6110,6055
6116,6062
6113,6037
6113,6046
6113,6057
6117,6059
6112,6058
6117,6033
6117,6046
6122,6051
6115,6064
6118,6056
6115,6060
6122,6060
6114,6034
6114,6051
6117,6038
6117,6054
6111,6055
6115,6050
6108,6049
6102,6062
6116,6052
6115,6053
6110,6043
6106,6038
6104,6057
6111,6061
6103,6036
6110,6046
6112,6057
6102,6049
6105,6040
6113,6046
6113,6033
6108,6056
6111,6052
6117,6050
6103,6042
6115,6055
6121,6059
6113,6042
6108,6048
6109,6054
6110,6053
6120,6048
6102,6053
6115,6037
6115,6047
6115,6053
6114,6053
6112,6056
6110,6042
6108,6072
6102,6055
6121,6041
6110,6038
6110,6043
6112,6044
6106,6028
6111,6046
6113,6047
6104,6045
6107,6048
6115,6048
6112,6043
6117,6053
6106,6031
6114,6052
6120,6040
6111,6044
6124,6065
6114,6056
6117,6058
6118,6054
6104,6050
6108,6054
6107,6041
6111,6040
6112,6046
6107,6053
6105,6052
6111,6044
6109,6050
6112,6049
6119,6047
6118,6056
6105,6053
6105,6050
6113,6053
6114,6055
6122,6041
6110,6055
6112,6055
6123,6054
6112,6055
6115,6047
6123,6046
6105,6033
6111,6047
6119,6058
6105,6061
6115,6051
6106,6045
6110,6055
6115,6049
6112,6043
6124,6061
6118,6066
6123,6052
6108,6041
6110,6050
6113,6064
6118,6053
6117,6058
6111,6050
6112,6063
6121,6059
6114,6048
6115,6056
6116,6061
6123,6053
6126,6050
6124,6056
6117,6055
6114,6046
6112,6062
6112,6062
6113,6066
6118,6053
6115,6053
6117,6058
6117,6051
6114,6062
6126,6060
6123,6047
6118,6056
6123,6058
6113,6025
6123,6056
6120,6041
6119,6048
6130,6049
6115,6057
6110,6066
6112,6060
6115,6044
6112,6058
6113,6062
6113,6062
6126,6062
6114,6052
6117,6051
6115,6054
6128,6058
6114,6056
6121,6051
6120,6049
6114,6049
6121,6059
6120,6060
6119,6058
6118,6052
6111,6059
6122,6043
6116,6051
6119,6054
6122,6056
6120,6058
6117,6056
6116,6044
6116,6044
6119,6054
6121,6045
6121,6053
6112,6038
6112,6063
6116,6054
6114,6060
6119,6043
6117,6054
6117,6052
6115,6062
6126,6062
6115,6055
6118,6056
6117,6051
6111,6051
6126,6056
6117,6055
6117,6040
6116,6049
6115,6056
6115,6056
6114,6042
6109,6032
6113,6040
6117,6059
6115,6057
6114,6041
6119,6049
6114,6057
6110,6050
6113,6062
6116,6050
6112,6050
0,27
0,61680
0,0
6123,6060
5594,5584
5593,5581
5595,5585
5595,5570
5603,5574
5602,5564
5603,5568
5601,5567
5821,5753
6333,6279
6284,6290
6281,6289
6302,6305
6281,6295
6296,6280
6288,6282
6283,6310
6286,6319
6281,6299
6291,6291
6284,6314
6303,6321
6288,6307
6289,6311
6301,6296
6296,6311
6294,6305
6292,6319
6301,6302
6306,6301
6284,6303
6292,6288
6292,6319
6299,6286
6301,6300
6293,6291
6289,6312
6284,6314
6297,6315
6299,6309
6292,6278
6282,6297
6283,6333
6292,6310
6283,6324
6271,6323
6291,6314
6281,6328
6280,6307
6290,6297
6290,6312
6313,6313
6293,6314
6290,6298
6293,6297
6304,6292
6300,6276
6307,6315
6291,6316
6325,6314
6316,6347
6292,6332
6286,6304
6292,6328
6288,6322
6304,6322
6297,6310
6296,6323
6283,6306
6312,6311
6290,6325
6270,6336
6274,6333
6272,6341
6297,6322
6282,6318
6288,6325
6281,6313
6279,6311
6293,6317
6296,6306
6292,6300
6291,6308
6286,6309
6276,6296
6280,6313
6282,6311
6264,6323
6263,6290
6274,6310
6283,6317
6271,6323
6306,6316
6301,6310
6299,6302
6286,6313
6279,6314
6280,6337
6274,6343
6294,6311
6281,6316
6289,6316
6279,6331
6279,6302
6281,6325
6263,6314
6281,6321
6286,6326
6278,6334
6271,6303
6281,6321
6268,6332
6259,6323
6273,6324
6289,6322
6301,6319
6300,6316
6270,6312
6279,6316
6294,6327
6295,6316
6300,6334
6297,6339
6277,6332
6279,6321
6271,6333
6282,6325
6290,6322
6282,6322
6282,6320
6286,6313
6275,6298
6284,6280
6285,6318
6282,6326
6283,6308
6281,6315
6289,6302
6293,6317
6282,6321
6273,6321
6263,6331
6264,6328
6282,6316
6286,6320
6276,6340
6274,6321
6258,6317
6275,6324
6279,6321
6271,6342
6268,6332
6287,6324
6294,6348
6290,6347
6296,6363
6297,6360
6296,6335
6289,6358
6274,6350
6298,6319
6276,6292
6153,6219
6243,6351
6238,6316
6291,6361
6283,6341
6276,6305
6268,6325
6270,6321
6265,6321
6258,6324
6268,6341
6274,6330
6276,6323
6274,6329
6264,6329
6265,6357
6278,6363
6271,6341
6270,6324
6265,6344
6257,6336
6274,6314
6267,6319
6275,6341
6279,6340
6264,6326
6268,6343
6260,6331
6272,6351
6274,6338
6263,6329
6269,6328
6279,6360
6266,6351
6273,6331
6269,6338
6263,6339
6258,6337
6276,6333
6273,6325
6270,6335
6265,6338
6269,6346
6258,6352
6265,6333
6261,6347
6273,6332
6262,6343
6264,6341
6254,6347
6260,6351
6263,6342
6260,6358
6268,6379
6268,6370
6273,6365
6261,6373
6256,6350
6246,6371
6260,6360
6236,6356
6249,6352
6245,6370
6256,6373
6249,6354
6248,6359
6252,6337
6242,6327
6247,6331
6252,6352
6253,6341
6240,6349
6238,6372
6232,6351
6242,6359
6249,6343
6252,6328
6233,6353
6240,6329
6243,6370
6240,6370
6247,6375
6243,6351
6242,6388
6247,6385
6229,6397
6239,6381
6246,6393
6247,6351
6252,6369
6253,6340
6233,6341
6254,6335
6248,6372
6252,6358
6239,6346
6249,6354
6240,6361
6240,6345
6233,6333
6227,6345
6237,6364
6221,6331
6209,6322
6231,6330
6244,6325
6246,6342
6227,6373
6251,6360
6241,6370
6242,6365
6244,6374
6244,6352
6223,6333
6235,6362
6237,6385
6223,6388
6231,6358
6241,6356
6237,6338
6237,6340
6233,6347
6223,6345
6226,6353
6231,6366
6228,6360
6236,6373
6220,6373
6237,6370
6223,6336
6223,6332
6226,6361
6232,6369
6236,6371
6233,6374
6223,6385
6216,6355
6213,6352
6234,6389
6227,6378
6221,6389
6220,6353
6219,6376
6224,6372
6228,6353
6227,6349
6224,6363
6218,6355
6215,6345
6215,6359
6218,6347
6232,6349
6221,6354
6234,6390
6220,6378
6216,6373
6219,6368
6220,6375
6231,6379
6221,6396
6216,6403
6240,6395
6229,6375
6214,6382
6216,6380
6222,6364
6222,6349
6224,6375
6232,6356
6218,6337
6216,6357
6218,6368
6217,6355
6212,6375
6213,6356
6225,6372
6217,6368
6225,6352
6223,6361
6220,6353
6228,6379
6205,6377
6220,6345
6224,6364
6239,6357
6231,6369
6224,6362
6222,6353
6214,6360
6215,6338
6217,6359
6220,6360
6223,6347
6215,6370
6207,6367
6225,6353
6232,6367
6220,6376
6232,6390
6211,6359
6207,6390
6211,6368
6201,6361
6206,6359
6227,6355
6227,6373
6213,6358
6223,6373
6220,6362
6215,6380
6215,6359
6218,6396
6211,6384
6221,6367
6222,6375
6226,6372
6210,6364
6209,6377
6204,6381
6217,6392
6208,6378
6201,6409
6208,6413
6210,6388
6216,6416
6202,6355
6214,6361
6217,6363
6211,6361
6203,6369
6210,6381
6206,6374
6204,6343
6207,6360
6206,6358
6226,6351
6209,6367
6207,6375
6204,6378
6194,6368
6201,6392
6205,6399
6202,6369
6204,6352
6200,6362
6190,6359
6209,6358
6208,6375
6200,6378
6185,6356
6221,6373
6217,6366
6213,6381
6202,6344
6207,6334
6204,6342
6210,6371
6201,6362
6208,6353
6204,6338
6210,6353
6208,6364
6221,6358
6214,6375
6213,6369
6207,6373
6204,6363
6162,6346
6190,6376
6206,6371
6262,6429
6173,6340
6069,6271
6182,6364
6201,6381
6198,6401
6206,6380
6213,6383
6205,6382
6215,6406
6189,6365
6194,6387
6210,6380
6187,6380
6211,6383
6194,6389
6202,6391
6217,6385
6222,6400
6211,6384
6213,6368
6218,6367
6204,6380
6197,6377
6215,6381
6203,6393
6218,6379
6206,6385
6224,6368
6194,6374
6206,6373
6193,6375
6210,6364
6205,6383
6207,6350
6203,6346
6214,6355
6214,6354
6208,6366
6193,6371
6198,6378
6210,6376
6194,6375
6207,6387
6213,6394
6187,6387
6202,6397
6196,6362
6195,6378
6194,6382
6209,6352
6194,6375
6193,6363
6201,6357
6196,6352
6219,6341
6206,6363
6209,6367
6204,6363
6204,6383
6215,6392
6204,6386
6210,6383
6206,6374
6201,6380
6198,6390
6201,6387
6197,6375
6195,6384
6216,6373
6215,6364
6215,6364
6217,6358
6208,6343
6199,6363
6206,6379
6198,6373
6205,6393
6203,6364
6200,6346
6189,6365
6200,6339
6209,6363
6202,6358
6202,6359
6212,6356
6206,6339
6210,6357
6202,6341
6215,6360
6207,6358
6208,6350
6205,6365
6191,6374
6209,6385
6210,6363
6192,6392
6206,6391
6206,6374
6198,6375
6223,6383
6197,6373
6216,6343
6206,6347
6212,6363
6211,6350
6199,6339
6214,6340
6219,6350
6221,6346
6212,6338
6206,6351
6204,6344
6198,6348
6209,6342
6200,6348
6202,6341
6199,6350
6193,6379
6202,6365
6206,6352
6213,6333
6231,6344
6204,6331
6212,6321
6201,6337
6190,6345
6199,6331
6209,6327
6212,6338
6198,6333
6212,6332
6204,6321
6201,6313
6204,6336
6205,6336
6197,6331
6203,6339
6210,6336
6218,6335
6207,6337
6216,6317
6216,6336
6216,6326
6208,6332
6206,6322
6201,6331
6220,6335
6216,6324
6218,6323
6228,6342
6227,6340
6216,6318
6216,6318
6202,6327
6211,6298
6209,6299
6202,6302
6213,6281
6210,6296
6219,6297
6220,6319
6228,6311
6203,6317
6215,6330
6215,6345
6223,6333
6220,6332
6225,6354
6227,6339
6211,6331
6217,6327
6207,6318
6221,6328
6220,6320
6233,6308
6231,6345
6225,6361
6233,6341
6232,6327
6239,6311
6250,6326
6255,6321
6270,6321
6264,6313
6280,6328
6268,6317
6295,6303
6301,6337
6330,6342
6345,6301
6360,6318
6394,6325
6408,6342
6433,6357
6463,6346
6489,6335
6492,6323
6516,6316
6560,6324
6588,6329
6604,6326
6645,6345
6660,6341
6737,6337
6814,6320
6933,6319
7037,6318
7210,6308
7414,6320
7580,6313
7752,6309
7892,6299
7873,6303
7841,6298
7798,6306
7793,6313
7792,6324
7862,6314
7935,6322
8055,6315
8082,6302
8051,6315
7996,6333
7864,6358
7731,6363
7565,6343
7434,6361
7295,6364
7195,6383
7127,6448
7064,6458
6976,6480
6878,6521
6823,6561
6834,6587
6834,6629
6874,6693
6867,6722
6932,6750
7040,6805
7227,6800
7395,6796
7561,6799
7696,6804
7855,6755
8035,6733
8212,6726
8311,6696
8422,6683
8602,6678
8789,6686
8949,6648
9162,6650
9265,6614
9369,6628
9352,6625
9367,6654
9431,6673
9397,6728
9315,6772
9278,6845
9066,6943
8852,6959
8647,7101
8559,7194
8452,7343
8226,7356
7987,7442
7749,7507
7534,7637
7306,7668
7186,7720
7020,7731
6983,7719
6938,7714
6942,7711
7008,7670
7086,7571
7226,7531
7372,7478
7555,7448
7830,7354
8038,7315
8309,7226
8639,7197
8974,7106
9404,7023
9742,6943
10069,6876
10408,6832
10685,6743
10950,6740
11081,6729
11281,6712
11431,6771
11444,6788
11375,6842
11101,6895
10909,7026
10745,7181
10418,7326
10090,7437
9839,7591
9399,7808
9008,7998
8669,8192
8440,8371
8109,8529
7819,8541
7605,8646
7403,8725
7256,8759
7161,8793
7024,8818
6965,8866
6907,8784
6901,8811
6913,8694
6996,8656
7084,8479
7151,8385
7289,8228
7435,8041
7586,7874
7881,7703
8094,7519
8266,7345
8615,7181
8854,7052
9181,6906
9466,6812
9807,6743
9854,6790
9925,6791
10102,6845
10281,6939
10372,7069
10403,7291
10391,7479
10197,7666
9966,7834
9720,8035
9597,8306
9298,8562
9033,8718
8838,8899
8517,8996
8284,9016
8035,9067
7869,9173
7588,9190
7359,9139
7204,9098
7048,9098
6951,9047
6897,9034
6905,8993
6950,8911
7045,8685
7159,8571
7315,8427
7521,8324
7681,8208
7908,8045
8138,7898
8288,7715
8518,7550
8768,7401
8941,7254
9117,7060
9193,6923
9313,6834
9399,6780
9471,6734
9508,6738
9468,6765
9491,6886
9400,6976
9328,7127
9382,7292
9230,7455
9158,7691
9095,7946
8963,8108
8719,8338
8566,8590
8350,8781
8145,8893
7959,9028
7736,9223
7544,9346
7341,9446
7151,9505
6999,9641
6908,9552
6804,9405
6739,9385
6699,9363
6727,9210
6766,8956
6822,8741
6874,8482
6981,8258
7129,8078
7308,7827
7424,7645
7565,7442
7771,7215
7959,7119
8149,6998
8401,6855
8569,6737
8767,6695
8951,6660
9186,6647
9257,6623
9428,6633
9519,6630
9487,6675
9430,6747
9420,6827
9393,6896
9282,7011
9129,7124
8988,7257
8865,7407
8726,7573
8554,7702
8340,7919
8231,8033
8027,8183
7870,8228
7782,8324
7606,8346
7440,8371
7293,8442
7143,8494
7020,8472
6913,8418
6841,8401
6759,8397
6715,8266
6686,8175
6721,8032
6762,7900
6832,7796
6970,7689
7098,7574
7262,7442
7445,7282
7609,7139
7806,6988
7978,6913
8218,6803
8390,6728
8545,6635
8708,6611
8845,6591
8844,6614
8902,6663
9027,6713
9028,6730
8963,6868
8997,6948
8940,7012
8789,7123
8697,7216
8541,7309
8416,7437
8328,7595
8115,7723
7860,7837
7714,7962
7580,8081
7401,8156
7253,8227
7110,8283
6998,8397
6839,8472
6738,8537
6679,8482
6608,8497
6603,8463
6615,8496
6628,8373
6681,8203
6743,8066
6841,7892
6954,7794
7042,7650
7121,7531
7263,7397
7384,7279
7543,7080
7703,6945
7792,6822
7935,6722
8060,6647
8223,6588
8346,6546
8383,6522
8370,6534
8420,6542
8363,6581
8380,6638
8391,6698
8345,6754
8288,6831
8209,6958
8107,7104
8038,7183
7912,7343
7786,7435
7697,7530
7580,7604
7481,7756
7358,7827
7252,7897
7143,7942
6953,8013
6851,8039
6758,8088
6704,8062
6642,8037
6610,7953
6597,7874
6681,7803
6728,7692
6783,7591
6896,7529
7016,7416
7181,7282
7510,7366
7404,6945
7880,6868
7838,6881
7986,6669
8199,6653
8367,6599
8437,6528
8578,6570
8694,6490
8742,6495
8815,6546
8797,6573
8854,6610
8806,6666
8712,6716
8609,6812
8536,6896
8412,6945
8278,7047
8168,7129
7990,7239
7836,7366
7684,7440
7597,7568
7503,7674
7410,7787
7320,7869
7201,8000
7136,8098
7016,8097
6958,8120
6848,8187
6763,8129
6706,8080
6663,8061
6685,7962
6671,7946
6734,7791
6788,7680
6901,7564
7007,7438
7153,7256
7340,7113
7481,7009
7643,6922
7822,6802
7981,6702
8130,6673
8286,6614
8391,6585
8428,6540
8441,6514
8449,6518
8430,6537
8422,6574
8378,6640
8324,6714
8278,6767
8267,6819
8132,6920
8113,6959
8008,7014
7893,7050
7813,7145
7686,7265
7561,7344
7433,7403
7303,7526
7188,7606
7056,7698
6941,7749
6825,7833
6733,7851
6687,7885
6678,7950
6695,7973
6671,7945
6678,7895
6749,7839
6754,7727
6839,7631
6918,7488
7083,7323
7194,7221
7290,7054
7465,6967
7715,6876
7841,6758
8071,6635
8239,6601
8403,6583
8502,6548
8670,6565
8831,6612
8848,6641
8932,6727
8940,6764
8999,6841
8975,6852
8965,6934
8887,7039
8743,7128
8553,7202
8386,7283
8206,7403
8155,7526
8056,7682
7868,7876
7724,7936
7560,7987
7387,8103
7218,8219
7096,8281
6971,8298
6909,8325
6821,8342
6767,8267
6746,8226
6753,8212
6756,8099
6808,7955
6906,7876
7009,7867
7129,7665
7303,7533
7509,7448
7723,7280
7983,7116
8228,7002
8531,6858
8847,6771
9065,6666
9258,6604
9496,6548
9663,6542
9656,6554
9650,6550
9727,6601
9736,6671
9746,6749
9710,6864
9616,6948
9408,7062
9152,7202
9096,7291
8809,7370
8662,7505
8459,7713
8315,7803
8112,7877
7846,8026
7663,8152
7536,8296
7439,8383
7237,8458
7111,8510
6946,8618
6922,8603
6891,8574
6828,8658
6778,8542
6757,8502
6788,8384
6858,8306
6941,8159
7012,7965
7113,7872
7257,7710
7368,7474
7466,7292
7614,7103
7818,6962
8016,6859
8208,6742
8429,6662
8675,6623
8880,6608
8956,6632
9112,6656
9310,6697
9370,6732
9403,6800
9476,6886
9324,6977
9349,7066
9284,7169
9228,7236
9019,7300
8862,7395
8632,7486
8401,7591
8225,7667
8074,7703
7837,7787
7613,7798
7410,7835
7255,7903
7105,7959
6985,7968
6900,7900
6798,7897
6727,7892
6687,7849
6694,7794
6720,7779
6797,7681
6899,7613
7028,7538
7125,7437
7295,7320
7489,7192
7678,7123
7922,7027
8158,6898
8428,6855
8662,6721
8816,6638
9033,6543
9294,6546
9495,6509
9603,6542
9788,6551
9890,6591
10012,6689
10072,6781
10147,6872
10041,7026
9939,7121
9736,7281
9564,7480
9266,7591
9001,7768
8786,7847
8608,7986
8295,8074
7965,8161
7725,8247
7494,8356
7225,8345
7083,8409
6946,8398
6859,8464
6818,8365
6824,8360
6826,8274
6850,8232
6981,8124
7110,8021
7281,7909
7507,7803
7741,7692
7976,7587
8216,7435
8436,7263
8632,7143
8854,7023
9133,6869
9377,6781
9481,6657
9621,6595
9641,6560
9785,6540
9893,6584
10066,6623
10053,6730
9954,6844
9894,6980
9843,7177
9832,7346
9753,7615
9644,7834
9350,7985
9312,8257
9135,8448
9024,8568
8909,8758
8649,8862
8402,9047
8163,9187
7821,9171
7609,9296
7378,9313
7198,9245
7046,9183
6937,9149
6840,8951
6782,8831
6859,8677
6993,8505
7160,8369
7337,8204
7563,7968
7854,7817
8158,7622
8484,7469
8783,7199
9110,7093
9420,6932
9652,6815
10031,6716
10325,6655
10610,6619
10918,6592
10958,6614
10979,6641
11007,6654
10934,6709
11027,6833
10990,6926
10981,7009
10844,7117
10585,7286
10368,7417
9961,7613
9960,7868
9737,8153
9399,8478
9080,8661
8819,8792
8630,9038
8437,9258
8181,9373
7964,9579
7809,9647
7609,9646
7441,9641
7349,9590
7223,9461
7215,9401
7190,9206
7290,9006
7449,8814
7610,8571
7874,8315
8205,8074
8596,7944
8864,7697
9268,7474
9667,7257
9904,7061
10355,6937
10694,6880
10892,6815
11110,6787
11379,6780
11519,6807
11727,6913
11898,7024
11722,7167
11597,7314
11153,7467
10990,7651
10944,7832
10986,8035
10759,8211
10389,8419
10053,8706
9694,8982
9304,9290
8987,9578
8694,9758
8360,9991
8104,10227
7919,10276
7709,10447
7542,10582
7442,10725
7367,10764
7331,10737
7303,10664
7316,10563
7392,10309
7531,10073
7700,9800
7900,9600
8248,9289
8565,8974
8865,8620
9166,8319
9484,7980
10007,7759
10372,7503
10667,7306
10995,7145
11331,7046
11543,6962
11691,6962
11711,6960
12019,6977
12040,7072
12137,7169
11965,7299
11894,7460
11706,7635
11406,7756
11327,7973
11113,8263
10727,8615
10358,8914
9929,9254
9603,9441
9442,9636
9006,9820
8717,9914
8430,10027
8085,10088
7816,10331
7661,10342
7472,10353
7314,10338
7181,10312
7122,10341
7109,10281
7192,10156
7291,9745
7541,9349
7871,9073
8187,8799
8596,8580
8954,8320
9349,8006
9673,7730
9940,7476
10215,7286
10587,7150
10826,7024
11110,6962
11273,6921
11505,6895
11653,6983
11649,7079
11588,7233
11499,7410
11117,7621
10824,7915
10479,8229
10210,8573
9908,8818
9641,9059
9173,9428
8684,9626
8379,9965
7944,10403
7601,10840
7320,11017
7035,11282
6866,11506
6736,11557
6560,11663
6406,11479
6298,11433
6214,11259
6201,11043
6173,10765
6169,10570
6163,10207
6166,9909
6155,9672
6136,9422
6148,8939
6136,8559
6131,8311
6141,7966
6134,7663
6128,7407
6140,7163
6139,6963
6141,6824
6129,6776
6115,6764
6123,6790
6110,6885
6125,7033
6111,7242
6110,7481
6117,7771
6117,8078
6115,8310
6120,8621
6119,8817
6113,9061
6126,9232
6109,9352
6119,9389
6110,9404
6107,9376
6114,9241
6103,9200
6126,9139
6105,9010
6117,8791
6112,8734
6098,8646
6117,8454
6116,8369
6116,8056
6100,7943
6121,7685
6115,7545
6112,7310
6107,7064
6110,6873
6106,6673
6109,6489
6109,6361
6106,6261
6108,6221
6113,6209
6103,6183
6103,6185
6104,6176
6104,6172
6112,6173
6109,6168
6096,6191
6112,6184
6108,6178
6106,6151
6109,6155
6104,6174
6100,6154
6095,6117
6108,6090
6106,6078
6109,6070
6117,6069
6093,6050
6110,6074
6109,6056
6112,6060
6098,6062
6112,6057
6109,6061
6104,6055
6209,6069
6221,6089
5984,5934
5981,6012
6047,6082
6102,6052
6104,6067
6105,6066
6104,6072
6093,6045
6108,6093
6089,6047
6102,6055
6106,6046
6107,6065
6108,6043
6104,6049
6107,6061
6116,6052
6103,6052
6110,6055
6111,6054
6107,6049
6106,6041
6115,6054
6113,6048
6110,6043
6106,6045
6108,6063
6120,6058
6113,6060
6101,6048
6107,6055
6117,6053
6111,6057
6116,6060
6114,6050
6106,6065
6114,6060
6097,6052
6114,6055
6110,6053
6107,6049
6116,6041
6102,6039
6107,6046
6107,6038
6111,6046
6108,6060
6103,6043
6113,6053
6111,6049
6111,6043
6110,6041
6116,6039
6110,6044
6106,6054
6103,6047
6106,6067
6110,6046
6112,6046
6110,6050
6113,6057
6107,6047
6114,6049
6100,6048
6103,6048
6110,6050
6118,6050
6108,6048
6105,6022
6111,6058
6106,6054
6113,6044
6104,6050
6102,6041
6099,6052
6111,6055
6109,6051
6105,6052
6106,6047
6101,6058
6112,6046
6103,6033
6105,6045
6112,6047
6109,6051
6111,6058
6108,6053
6105,6062
6098,6058
6102,6055
6107,6076
6110,6047
6107,6046
6099,6059
6106,6046
6101,6051
6100,6059
6102,6047
6106,6058
6099,6050
6107,6045
6110,6059
6109,6054
6099,6046
6104,6053
6102,6052
6111,6062
6095,6045
6102,6046
6102,6044
6106,6060
6109,6057
6101,6042
6104,6053
6099,6057
6103,6036
6106,6037
6113,6058
6107,6051
6099,6047
6093,6042
6108,6055
6105,6039
6111,6058
6105,6050
6095,6047
6096,6045
6104,6049
6106,6060
6096,6050
6112,6047
6111,6051
6103,6049
6103,6050
6099,6057
6101,6049
6108,6051
6098,6051
6101,6044
6099,6032
6099,6055
6110,6059
6109,6049
6109,6044
6111,6047
6096,6052
6099,6039
6105,6033
6108,6052
6102,6049
6110,6045
6105,6046
6099,6057
6099,6040
6097,6060
6108,6058
6104,6060
6093,6062
6110,6040
6102,6036
6107,6057
6098,6050
6097,6054
6104,6049
6101,6044
6103,6037
6103,6056
6101,6034
6099,6057
6114,6032
6103,6051
6104,6042
6110,6058
6093,6049
6097,6057
6104,6041
6102,6039
6091,6053
6102,6061
6108,6062
6098,6038
6101,6058
6097,6052
6108,6043
6096,6058
6090,6041
6103,6041
6105,6039
6101,6049
6105,6055
6098,6054
6098,6047
6099,6046
6104,6054
6099,6037
6098,6045
6110,6050
6099,6039
6096,6047
6104,6057
6102,6063
6089,6049
6103,6051
6092,6049
6097,6051
6103,6043
6092,6039
6104,6050
6101,6048
6111,6046
6102,6054
6089,6070
6104,6058
6100,6042
6106,6051
6099,6050
6102,6040
6099,6035
6100,6047
6095,6063
6105,6043
6105,6049
6102,6044
6098,6040
6094,6045
6105,6055
6103,6053
6111,6049
6102,6063
6108,6044
6108,6042
6103,6055
6106,6056
6102,6064
6105,6045
6106,6038
6102,6059
6101,6061
6101,6059
6111,6056
6100,6034
6098,6066
6100,6044
6101,6049
6115,6054
6103,6056
6107,6067
6108,6058
6117,6058
6110,6049
6110,6056
6111,6047
6110,6046
6114,6048
6129,6060
6105,6043
6119,6059
6107,6065
6107,6045
6103,6060
6110,6056
6106,6046
6107,6043
6098,6056
6105,6046
6045,6020
6110,6048
6111,6035
6112,6050
6048,6078
6192,6116
6065,6034
6080,6030
6117,6064
6106,6043
6111,6045
6104,6017
6101,6035
6108,6041
6108,6062
6110,6060
6098,6045
6109,6044
6109,6049
6099,6054
6105,6042
6091,6022
6099,6047
6111,6040
6100,6057
6104,6050
6111,6036
6102,6048
6110,6053
6101,6053
6103,6058
6094,6052
6100,6051
6096,6045
6104,6046
6110,6045
6115,6045
6098,6039
6112,6051
6110,6041
6115,6050
6100,6060
6098,6050
6111,6052
6103,6049
6103,6049
6104,6046
6106,6053
6101,6041
6103,6044
6103,6055
6106,6037
6101,6053
6097,6056
6099,6054
6100,6062
6106,6058
6119,6053
6108,6045
6111,6058
6097,6038
6105,6059
6107,6048
6109,6057
6112,6060
6122,6052
6111,6045
6106,6044
6102,6038
6114,6053
6117,6052
6107,6047
6105,6057
6119,6048
6110,6052
6104,6063
6098,6046
6120,6044
6110,6040
6124,6053
6110,6053
6113,6036
6120,6040
6119,6053
6119,6056
6116,6041
6116,6046
6110,6062
6115,6039
6113,6039
6113,6045
6123,6054
6115,6056
6119,6041
6106,6049
6119,6060
6113,6042
6115,6052
6108,6045
6109,6051
6113,6059
6114,6055
6106,6050
6109,6032
6100,6039
6105,6051
6103,6052
6106,6060
6111,6062
6113,6054
6112,6049
6119,6058
6104,6050
6116,6049
6122,6051
6121,6047
6104,6034
6116,6056
6101,6060
6111,6060
6091,6039
6113,6045
6114,6048
6108,6044
6115,6056
6105,6055
6111,6048
6104,6053
6100,6039
6120,6044
6115,6046
6112,6046
6109,6053
6109,6038
6117,6047
6124,6033
6117,6052
6115,6054
6108,6053
6116,6042
6118,6057
6111,6041
6113,6034
6112,6037
6104,6056
6117,6044
6109,6056
6105,6055
6115,6057
6107,6063
6102,6051
6114,6060
6105,6059
6106,6046
6093,6041
6104,6051
6112,6060
6111,6051
6105,6057
6113,6045
6119,6050
6109,6059
6106,6058
6112,6052
6107,6053
6120,6033
6114,6059
6107,6056
6112,6057
6116,6063
6107,6082
6117,6063
6105,6051
6124,6042
6117,6049
6115,6058
6117,6057
6111,6055
6117,6047
6118,6049
6114,6048
6121,6047
6109,6047
6117,6052
6108,6063
6120,6053
6120,6062
6122,6057
6115,6046
6112,6054
6119,6063
6123,6056
6109,6052
6117,6064
6111,6051
6115,6067
6116,6057
6109,6057
6119,6044
6106,6057
6118,6053
6118,6053
6115,6053
6118,6058
6111,6052
6119,6056
6119,6056
6116,6053
6111,6061
6107,6057
6116,6055
6116,6054
6119,6058
6121,6059
6119,6044
6116,6056
6117,6040
6115,6061
6117,6050
6111,6064
6112,6062
6114,6062
6114,6054
6114,6054
6114,6056
6114,6047
6120,6046
6121,6057
6115,6048
6121,6053
6116,6054
6117,6056
6119,6049
6117,6058
6114,6058
6115,6053
6114,6052
6118,6054
6115,6053
6111,6045
6118,6048
6125,6044
6116,6044
6117,6055
6116,6055
6116,6055
6126,6062
6116,6048
6119,6066
6113,6057
6117,6066
6118,6062
6118,6048
6119,6061
6115,6049
6112,6058
6119,6063
6115,6062
6118,6032
6112,6055
6111,6049
6114,6058
6117,6053
6114,6059
6117,6059
6116,6063
6116,6057
6116,6057
6123,6056
6115,6039
6113,6055
6111,6057
6121,6056
6115,6073
6120,6052
6117,6049
6120,6061
6121,6056
6122,6053
6112,6043
0,28
0,61680
0,0
6118,6067
5610,5575
5603,5570
5608,5578
5605,5578
5607,5578
5602,5567
5623,5579
5602,5564
5814,5754
6327,6300
6275,6288
6282,6296
6300,6302
6283,6312
6287,6274
6276,6288
6278,6287
6294,6336
6280,6317
6290,6320
6281,6315
6294,6315
6287,6296
6294,6312
6293,6310
6305,6306
6289,6301
6282,6318
6314,6306
6287,6291
6287,6311
6295,6294
6289,6319
6303,6288
6307,6288
6299,6312
6289,6316
6283,6303
6279,6331
6279,6298
6288,6281
6277,6310
6298,6330
6291,6326
6281,6321
6277,6319
6295,6297
6285,6308
6279,6318
6286,6304
6306,6298
6309,6307
6301,6315
6285,6312
6289,6293
6296,6315
6300,6296
6307,6334
6293,6314
6313,6315
6301,6327
6281,6318
6291,6324
6276,6309
6292,6330
6304,6304
6306,6327
6293,6314
6308,6298
6297,6340
6285,6338
6280,6307
6274,6333
6280,6310
6296,6302
6285,6299
6282,6318
6287,6322
6279,6320
6298,6304
6304,6299
6300,6300
6289,6303
6276,6305
6285,6323
6282,6297
6272,6307
6273,6321
6259,6310
6274,6320
6260,6319
6282,6303
6298,6315
6289,6316
6285,6315
6302,6320
6274,6308
6271,6330
6287,6324
6290,6304
6275,6311
6279,6323
6288,6306
6282,6324
6275,6314
6271,6309
6272,6310
6288,6326
6280,6304
6278,6323
6266,6332
6277,6310
6278,6315
6271,6317
6283,6339
6292,6337
6297,6324
6282,6318
6279,6303
6295,6318
6306,6311
6304,6355
6277,6335
6276,6330
6268,6324
6266,6340
6282,6316
6273,6319
6279,6312
6267,6313
6269,6318
6271,6312
6276,6300
6285,6324
6283,6315
6286,6323
6289,6318
6292,6325
6173,6192
6260,6316
6247,6280
6212,6283
6294,6352
6298,6354
6266,6301
6270,6321
6273,6321
6279,6337
6285,6327
6287,6329
6272,6320
6264,6331
6274,6341
6283,6350
6285,6357
6296,6371
6299,6350
6296,6365
6270,6353
6267,6354
6294,6327
6261,6321
6263,6336
6267,6351
6270,6342
6293,6336
6275,6333
6280,6300
6286,6329
6270,6323
6270,6334
6273,6322
6259,6343
6274,6318
6279,6329
6263,6345
6267,6334
6276,6349
6274,6384
6296,6350
6280,6328
6271,6364
6257,6323
6267,6340
6278,6326
6280,6337
6274,6308
6274,6334
6266,6343
6267,6329
6273,6354
6270,6325
6266,6338
6271,6335
6272,6338
6262,6337
6276,6332
6272,6338
6262,6349
6258,6338
6279,6337
6262,6334
6264,6336
6256,6351
6271,6358
6262,6353
6259,6338
6265,6332
6266,6348
6270,6351
6255,6352
6254,6339
6268,6346
6266,6340
6249,6375
6256,6366
6250,6395
6275,6364
6271,6374
6252,6351
6248,6352
6256,6352
6252,6371
6235,6360
6243,6364
6250,6359
6256,6356
6259,6336
6253,6327
6248,6326
6256,6339
6237,6342
6235,6365
6242,6342
6233,6348
6239,6365
6248,6369
6268,6330
6247,6342
6244,6327
6249,6340
6234,6381
6236,6371
6240,6372
6246,6384
6244,6374
6253,6383
6217,6387
6224,6394
6241,6388
6255,6332
6246,6358
6244,6344
6234,6353
6250,6371
6233,6379
6242,6341
6233,6323
6246,6341
6249,6364
6244,6331
6244,6344
6223,6343
6231,6365
6214,6327
6216,6331
6230,6325
6235,6339
6232,6335
6238,6379
6237,6351
6244,6343
6255,6359
6235,6379
6252,6356
6237,6356
6236,6363
6228,6393
6225,6395
6228,6359
6247,6353
6250,6377
6240,6355
6230,6375
6231,6344
6236,6355
6231,6372
6235,6358
6239,6355
6227,6349
6231,6353
6226,6347
6232,6347
6227,6345
6241,6358
6230,6358
6230,6368
6222,6377
6218,6362
6220,6364
6243,6360
6234,6369
6230,6370
6226,6384
6214,6347
6226,6353
6231,6357
6233,6345
6223,6364
6222,6361
6216,6340
6215,6363
6225,6344
6235,6353
6228,6366
6223,6378
6220,6391
6229,6349
6210,6403
6219,6383
6233,6373
6232,6403
6223,6416
6220,6398
6234,6372
6215,6377
6219,6358
6212,6370
6224,6376
6223,6357
6230,6364
6218,6366
6217,6363
6221,6376
6228,6352
6228,6365
6216,6348
6226,6366
6220,6351
6216,6361
6233,6355
6226,6359
6228,6362
6217,6362
6211,6340
6216,6365
6223,6362
6237,6361
6215,6366
6219,6360
6216,6351
6217,6345
6209,6359
6222,6366
6224,6361
6219,6357
6216,6353
6218,6361
6227,6365
6234,6376
6208,6384
6224,6350
6222,6385
6207,6380
6214,6385
6249,6372
6221,6347
6219,6352
6230,6354
6211,6378
6217,6345
6217,6361
6209,6372
6213,6383
6216,6381
6207,6371
6215,6364
6235,6371
6219,6363
6212,6377
6208,6387
6201,6402
6205,6385
6198,6371
6209,6409
6197,6391
6206,6415
6197,6375
6215,6367
6204,6377
6210,6377
6215,6362
6225,6365
6203,6370
6206,6376
6196,6369
6206,6369
6226,6368
6211,6355
6209,6385
6216,6378
6202,6389
6202,6385
6219,6415
6109,6222
6287,6483
6292,6463
6157,6313
6190,6369
6224,6375
6196,6351
6199,6374
6206,6363
6241,6404
6196,6369
6195,6350
6200,6372
6203,6362
6222,6362
6211,6362
6202,6346
6199,6364
6209,6356
6202,6362
6209,6359
6204,6370
6201,6374
6199,6366
6216,6380
6202,6387
6199,6361
6200,6372
6211,6356
6202,6379
6208,6391
6212,6387
6206,6402
6206,6388
6204,6381
6219,6382
6212,6373
6216,6390
6197,6375
6213,6394
6212,6375
6211,6356
6200,6368
6187,6398
6209,6385
6210,6381
6224,6383
6206,6389
6207,6355
6216,6388
6204,6371
6200,6366
6206,6394
6202,6384
6212,6391
6201,6391
6202,6376
6193,6363
6202,6364
6182,6368
6217,6352
6212,6335
6203,6350
6200,6363
6208,6353
6210,6365
6208,6387
6205,6356
6195,6371
6208,6386
6188,6367
6211,6369
6204,6383
6195,6365
6208,6382
6201,6368
6196,6359
6195,6356
6190,6370
6202,6368
6198,6359
6201,6336
6197,6335
6200,6339
6222,6338
6209,6360
6227,6360
6212,6366
6212,6401
6198,6403
6216,6359
6198,6361
6194,6388
6205,6373
6212,6369
6191,6377
6200,6384
6210,6374
6210,6366
6204,6375
6221,6361
6208,6364
6198,6365
6209,6354
6200,6377
6214,6390
6204,6347
6206,6350
6203,6351
6212,6341
6201,6355
6210,6356
6196,6375
6210,6366
6208,6360
6205,6357
6204,6341
6199,6353
6211,6382
6211,6369
6206,6361
6196,6364
6203,6397
6214,6391
6202,6382
6202,6373
6211,6369
6216,6361
6217,6391
6197,6376
6211,6364
6207,6342
6209,6346
6201,6343
6201,6351
6209,6331
6221,6337
6218,6359
6198,6357
6203,6334
6200,6343
6210,6349
6210,6340
6209,6347
6201,6357
6205,6348
6192,6379
6196,6354
6210,6356
6209,6336
6219,6328
6211,6335
6200,6332
6195,6336
6194,6334
6195,6352
6203,6350
6212,6358
6201,6317
6203,6319
6205,6324
6211,6313
6230,6342
6208,6324
6218,6327
6212,6340
6228,6318
6222,6344
6216,6337
6217,6335
6210,6315
6213,6327
6211,6314
6204,6333
6217,6331
6215,6332
6210,6313
6216,6334
6220,6327
6218,6341
6212,6335
6203,6314
6204,6320
6218,6317
6207,6295
6209,6284
6219,6290
6210,6281
6212,6287
6221,6320
6224,6313
6209,6314
6212,6313
6212,6336
6220,6328
6217,6342
6217,6336
6220,6337
6213,6323
6198,6336
6221,6313
6225,6342
6231,6304
6223,6309
6236,6325
6226,6346
6239,6350
6231,6334
6246,6340
6241,6313
6256,6325
6267,6307
6266,6343
6275,6320
6282,6306
6298,6330
6300,6343
6320,6322
6345,6321
6356,6316
6381,6344
6423,6330
6431,6355
6463,6358
6468,6341
6481,6319
6520,6320
6529,6317
6584,6336
6615,6328
6639,6325
6678,6350
6741,6363
6820,6342
6892,6316
7034,6342
7206,6311
7403,6322
7562,6322
7723,6316
7849,6305
7901,6310
7882,6307
7798,6298
7804,6303
7805,6320
7836,6303
7943,6317
8008,6327
8092,6301
8031,6297
8014,6321
7874,6338
7691,6351
7592,6360
7445,6364
7320,6371
7213,6383
7149,6430
7044,6443
6967,6467
6885,6518
6845,6543
6824,6577
6846,6623
6860,6702
6857,6692
6955,6748
7039,6786
7391,6967
7231,6785
7481,6772
7681,6805
7849,6712
8017,6695
8209,6768
8334,6750
8396,6672
8595,6665
8768,6683
8985,6669
9177,6633
9239,6619
9337,6631
9376,6626
9366,6668
9448,6685
9369,6729
9335,6774
9240,6820
9082,6903
8810,6962
8656,7088
8485,7202
8349,7235
8152,7305
7955,7387
7729,7512
7491,7602
7306,7678
7169,7694
7079,7727
6973,7724
6936,7701
6940,7696
6986,7648
7075,7572
7240,7531
7365,7527
7525,7434
7806,7370
8015,7307
8292,7246
8670,7189
8995,7100
9383,6990
9698,6932
10071,6830
10409,6818
10689,6751
10980,6741
11118,6734
11285,6722
11529,6761
11440,6793
11374,6802
11110,6896
10962,7033
10719,7180
10420,7291
10117,7440
9875,7576
9417,7762
9039,7958
8652,8161
8422,8358
8154,8471
7820,8513
7590,8624
7412,8714
7247,8754
7136,8788
7017,8838
6975,8896
6955,8845
6953,8800
6911,8713
6996,8634
7086,8470
7195,8345
7301,8205
7407,8019
7620,7878
7847,7698
8092,7494
8276,7316
8617,7174
8865,7043
9147,6904
9448,6827
9810,6760
9880,6757
9935,6805
10098,6851
10233,6926
10404,7076
10439,7277
10427,7443
10208,7630
9893,7825
9722,8020
9624,8288
9346,8493
9070,8665
8818,8901
8529,9011
8308,9039
8054,9060
7835,9145
7633,9160
7374,9136
7174,9103
7024,9042
6930,9070
6887,9072
6884,8957
6950,8868
7016,8722
7207,8557
7290,8431
7466,8346
7680,8155
7891,8038
8146,7938
8278,7700
8545,7535
8751,7374
8871,7260
9098,7055
9179,6959
9273,6843
9362,6765
9491,6736
9515,6730
9490,6783
9475,6868
9399,7011
9308,7128
9388,7272
9276,7483
9123,7711
9054,7944
8977,8149
8762,8317
8541,8565
8350,8745
8155,8872
7914,9063
7724,9234
7564,9408
7338,9486
7170,9513
6987,9624
6914,9534
6793,9435
6734,9433
6694,9376
6732,9170
6765,8940
6834,8733
6887,8448
7000,8232
7128,8064
7284,7856
7456,7616
7601,7410
7747,7216
7977,7116
8189,6950
8357,6865
8573,6780
8810,6696
9001,6617
9177,6638
9317,6604
9405,6636
9500,6628
9482,6665
9481,6719
9438,6814
9358,6895
9239,7023
9130,7130
8980,7240
8855,7425
8683,7554
8511,7707
8380,7889
8216,8061
7993,8161
7872,8259
7791,8349
7609,8322
7464,8356
7300,8446
7141,8455
7040,8463
6939,8400
6802,8402
6761,8346
6703,8251
6696,8167
6713,8052
6779,7882
6837,7764
6964,7723
7116,7525
7268,7445
7434,7262
7615,7115
7771,6980
7944,6902
8197,6787
8379,6712
8550,6649
8712,6615
8851,6625
8863,6622
8902,6653
8991,6688
8957,6758
8984,6843
8999,6931
8930,7010
8846,7098
8689,7202
8558,7289
8430,7405
8275,7591
8085,7729
7869,7861
7714,7938
7553,8066
7393,8141
7258,8173
7145,8297
6970,8393
6835,8482
6781,8524
6692,8508
6626,8524
6606,8494
6590,8440
6624,8372
6673,8213
6747,8077
6838,7909
6934,7781
7041,7632
7138,7503
7254,7380
7380,7211
7514,7062
7646,6923
7801,6822
7940,6704
8034,6666
8242,6584
8341,6543
8427,6512
8417,6542
8405,6540
8416,6599
8369,6645
8347,6692
8335,6767
8303,6872
8252,7027
8122,7120
8016,7196
7903,7307
7769,7419
7678,7540
7571,7629
7496,7724
7390,7841
7230,7883
7114,7942
6989,8005
6840,8031
6763,8111
6710,8080
6649,8012
6593,7917
6618,7890
6656,7809
6732,7694
6786,7583
6889,7510
7016,7423
7185,7290
7333,7178
7511,7042
7697,6964
7891,6839
8018,6712
8164,6655
8356,6608
8428,6551
8586,6516
8693,6474
8750,6478
8781,6522
8797,6542
8828,6615
8790,6648
8736,6727
8606,6800
8518,6860
8424,6934
8260,7037
8160,7102
8015,7230
7813,7364
7686,7443
7602,7577
7500,7656
7358,7777
7278,7879
7204,7984
7129,8087
7036,8111
6936,8126
6864,8140
6754,8139
6693,8099
6681,8030
6683,7989
6686,7912
6745,7816
6785,7660
6894,7573
6998,7432
7160,7257
7325,7131
7490,7019
7625,6929
7824,6790
7976,6717
8104,6662
8316,6621
8378,6584
8428,6529
8473,6515
8503,6518
8448,6531
8363,6577
8371,6640
8358,6721
8281,6793
8266,6827
8149,6908
8083,6974
8021,7013
7890,7087
7792,7142
7689,7239
7525,7318
7457,7415
7340,7512
7170,7630
7030,7678
6958,7744
6823,7841
6734,7861
6714,7876
6692,7916
6677,7988
6674,7914
6703,7890
6721,7828
6762,7732
6842,7628
6918,7476
7043,7334
7134,7207
7292,7053
7475,6982
7721,6840
7864,6736
8093,6651
8230,6588
8356,6583
8530,6564
8659,6569
8812,6584
8822,6640
8912,6707
8970,6783
9022,6812
8958,6827
8974,6920
8876,7018
8789,7151
8526,7159
8416,7330
8207,7431
8118,7526
8037,7663
7863,7871
7699,7934
7546,7992
7397,8129
7218,8205
7118,8308
6974,8312
6878,8330
6806,8344
6764,8288
6747,8215
6734,8168
6748,8106
6790,7991
6903,7894
6991,7831
7130,7673
7303,7567
7526,7425
7695,7270
7954,7098
8216,6961
8537,6861
8863,6753
9051,6650
9274,6578
9546,6542
9657,6517
9646,6564
9641,6548
9777,6618
9782,6674
9767,6747
9693,6855
9575,6973
9399,7062
9143,7197
9075,7292
8791,7376
8657,7512
8527,7707
8347,7845
8085,7867
7807,8040
7663,8175
7528,8307
7425,8391
7225,8463
7114,8543
6937,8585
6900,8606
6891,8589
6837,8593
6747,8549
6751,8471
6800,8388
6894,8325
6932,8153
7001,8001
7132,7826
7234,7660
7353,7452
7490,7258
7672,7070
7808,6967
7990,6855
8252,6734
8452,6683
8654,6619
8823,6609
8983,6622
9139,6680
9285,6706
9352,6742
9391,6796
9395,6872
9343,6996
9372,7062
9244,7176
9178,7217
8996,7316
8868,7398
8597,7489
8344,7535
8200,7662
8024,7713
7814,7797
7620,7825
7434,7869
7277,7949
7112,7960
7009,7980
6858,7918
6784,7885
6714,7863
6681,7817
6706,7833
6721,7765
6763,7655
6881,7629
7041,7553
7148,7437
7281,7307
7465,7199
7685,7118
7950,7040
8114,6902
8397,6832
8654,6703
8825,6642
9025,6567
9324,6544
9494,6518
9617,6536
9829,6557
9925,6599
10019,6687
10093,6777
10089,6875
10055,7013
9950,7110
9761,7267
9542,7467
9319,7595
9012,7728
8768,7832
8556,7949
8259,8061
7993,8149
7727,8269
7472,8306
7251,8364
7094,8393
6968,8416
6854,8441
6848,8380
6882,8511
6996,8594
6855,8234
6980,8145
7101,8012
7279,7901
7491,7790
7751,7727
7952,7537
8177,7398
8421,7262
8671,7157
8866,7007
9102,6840
9371,6764
9476,6647
9636,6609
9662,6545
9750,6553
9899,6558
10030,6625
10031,6723
9978,6879
9857,6998
9793,7145
9784,7372
9685,7548
9515,7754
9453,8001
9312,8243
9148,8498
8955,8582
8914,8723
8662,8876
8397,9021
8141,9177
7848,9262
7573,9290
7381,9343
7212,9281
7031,9218
6952,9173
6849,8991
6810,8839
6851,8691
6998,8510
7139,8330
7337,8165
7557,8021
7882,7846
8152,7626
8474,7458
8783,7194
9117,7082
9428,6916
9643,6812
10033,6722
10286,6673
10645,6640
10873,6603
10990,6575
11002,6637
10985,6661
10931,6721
10995,6843
11064,6910
10966,7014
10852,7117
10576,7268
10299,7447
10066,7650
9912,7901
9665,8151
9392,8455
9060,8697
8856,8828
8672,9053
8438,9255
8177,9400
7984,9547
7771,9599
7568,9646
7433,9640
7363,9588
7214,9515
7215,9328
7214,9206
7276,8962
7403,8796
7564,8620
7884,8294
8188,8125
8518,7925
8818,7660
9226,7476
9637,7246
9891,7066
10265,6935
10658,6897
10931,6799
11136,6761
11338,6781
11467,6814
11677,6891
11819,7026
11739,7170
11463,7343
11143,7475
10897,7640
10927,7835
10939,8045
10759,8219
10424,8417
10002,8689
9666,8979
9282,9318
8965,9519
8721,9802
8368,10025
8104,10200
7919,10321
7657,10376
7546,10554
7440,10664
7393,10781
7354,10720
7289,10714
7313,10509
7386,10311
7531,10021
7718,9781
7926,9601
8211,9293
8540,8932
8880,8646
9186,8336
9452,8007
9998,7760
10380,7495
10652,7320
10998,7150
11378,7038
11508,6993
11643,6915
11717,6907
11953,7001
12033,7075
12025,7169
11989,7312
11813,7473
11653,7601
11332,7768
11235,8020
11122,8294
10836,8617
10359,8919
9969,9219
9615,9464
9422,9654
9012,9833
8703,9927
8446,10006
8097,10105
7828,10363
7620,10361
7465,10318
7297,10363
7193,10291
7113,10291
7099,10230
7197,10053
7278,9728
7533,9319
7855,9028
8195,8807
8609,8582
9001,8323
9349,8032
9619,7756
9956,7468
10255,7275
10601,7179
10798,7010
11186,6942
11282,6911
11434,6911
11695,6972
11733,7074
11560,7229
11437,7398
11111,7604
10821,7920
10477,8243
10240,8539
9949,8803
9603,9065
9164,9350
8706,9653
8345,9930
7971,10408
7596,10786
7319,11003
7015,11278
6871,11467
6737,11562
6572,11596
6420,11451
6300,11406
6225,11260
6200,11056
6182,10802
6165,10566
6159,10235
6153,9975
6158,9704
6151,9353
6147,8889
6140,8574
6143,8309
6131,7931
6137,7674
6132,7399
6136,7202
6128,6975
6135,6838
6123,6751
6122,6774
6120,6795
6127,6873
6126,7047
6115,7248
6116,7459
6119,7753
6116,8010
6116,8394
6125,8611
6112,8830
6124,9066
6127,9262
6114,9355
6115,9375
6115,9382
6117,9327
6115,9276
6107,9175
6122,9165
6108,9020
6116,8807
6119,8741
6110,8599
6118,8468
6117,8330
6112,8068
6108,7952
6112,7655
6114,7498
6113,7336
6102,7118
6110,6860
6115,6690
6108,6479
6113,6353
6112,6280
6108,6224
6112,6188
6106,6195
6102,6196
6152,6232
6131,6193
6084,6146
6166,6217
6128,6198
6106,6168
6098,6173
6115,6174
6115,6167
6107,6180
6111,6139
6099,6122
6107,6087
6101,6073
6108,6068
6114,6074
6098,6051
6108,6069
6113,6069
6101,6064
6102,6052
6109,6058
6114,6061
6104,6052
6105,6048
6111,6061
6105,6057
6097,6050
6107,6052
6105,6056
6107,6056
6091,6062
6097,6068
6113,6055
6112,6056
6109,6049
6105,6060
6106,6053
6102,6042
6103,6041
6106,6058
6110,6050
6117,6057
6107,6058
6112,6055
6113,6048
6108,6051
6115,6055
6113,6053
6114,6050
6111,6052
6110,6047
6113,6044
6115,6043
6111,6053
6099,6045
6111,6060
6108,6030
6117,6041
6115,6055
6106,6053
6117,6041
6116,6047
6112,6048
6107,6054
6104,6051
6108,6046
6105,6038
6106,6039
6114,6052
6111,6056
6108,6052
6109,6049
6110,6047
6104,6045
6115,6067
6110,6028
6111,6054
6107,6044
6111,6047
6108,6058
6116,6051
6109,6052
6119,6043
6109,6048
6114,6034
6114,6052
6107,6039
6118,6040
6104,6035
6105,6040
6108,6054
6111,6061
6112,6042
6113,6048
6118,6052
6107,6050
6110,6039
6105,6054
6102,6034
6112,6048
6113,6053
6105,6052
6107,6043
6101,6051
6097,6057
6106,6043
6103,6038
6109,6053
6110,6037
6117,6047
6113,6042
6116,6047
6102,6056
6102,6040
6099,6046
6103,6049
6110,6053
6115,6051
6103,6046
6108,6033
6102,6042
6102,6046
6102,6040
6103,6060
6104,6044
6103,6050
6110,6049
6112,6037
6101,6058
6111,6041
6098,6046
6113,6050
6106,6041
6101,6032
6099,6058
6103,6050
6112,6051
6100,6034
6101,6049
6101,6038
6108,6036
6112,6055
6115,6037
6107,6056
6114,6042
6103,6049
6103,6043
6101,6055
6110,6039
6110,6053
6099,6041
6110,6048
6110,6042
6115,6050
6105,6054
6105,6053
6105,6064
6099,6056
6102,6038
6103,6047
6098,6055
6108,6053
6108,6052
6098,6054
6091,6059
6112,6050
6097,6051
6108,6049
6116,6058
6107,6061
6106,6047
6099,6038
6108,6042
6104,6051
6107,6046
6105,6040
6106,6038
6102,6047
6101,6049
6097,6044
6112,6038
6104,6040
6100,6062
6103,6046
6099,6038
6105,6043
6098,6034
6114,6037
6112,6040
6104,6049
6101,6051
6114,6047
6100,6033
6107,6039
6107,6045
6111,6043
6102,6033
6103,6052
6098,6038
6102,6045
6108,6048
6098,6047
6097,6052
6095,6056
6101,6062
6096,6059
6098,6058
6101,6023
6096,6053
6102,6053
6096,6039
6095,6033
6105,6047
6106,6046
6110,6053
6093,6058
6102,6035
6108,6039
6114,6055
6111,6036
6094,6045
6102,6041
6097,6050
6095,6053
6102,6050
6097,6054
6093,6054
6106,6053
6095,6037
6101,6046
6099,6046
6094,6053
6097,6059
6106,6045
6112,6047
6104,6043
6098,6040
6093,6055
6099,6048
6097,6044
6104,6046
6100,6044
6106,6052
6108,6047
6101,6061
6097,6053
6110,6045
6101,6035
6103,6045
6100,6047
6107,6047
6102,6051
6105,6050
6098,6061
6097,6049
6109,6047
6106,6049
6106,6045
6103,6053
6097,6057
6100,6040
6112,6042
6098,6044
6108,6047
6102,6055
6116,6060
6111,6053
6092,6047
5987,5917
6174,6141
6114,5967
6051,5988
6157,6153
6098,6073
6099,6033
6111,6057
6123,6058
6092,6039
6124,6060
6097,6055
6103,6036
6112,6041
6116,6057
6099,6055
6104,6015
6108,6050
6102,6056
6107,6049
6103,6032
6109,6050
6099,6051
6105,6045
6106,6040
6106,6073
6112,6058
6116,6048
6108,6037
6110,6055
6108,6056
6109,6043
6105,6056
6104,6038
6107,6050
6104,6056
6109,6058
6113,6063
6091,6036
6102,6053
6108,6057
6100,6048
6100,6039
6108,6052
6102,6034
6110,6055
6096,6051
6106,6044
6102,6036
6104,6049
6107,6051
6102,6051
6107,6058
6101,6037
6104,6048
6098,6040
6095,6034
6109,6054
6116,6049
6105,6046
6106,6054
6104,6072
6110,6044
6103,6057
6096,6063
6110,6042
6102,6052
6104,6043
6109,6040
6101,6047
6099,6032
6104,6049
6104,6036
6103,6045
6098,6051
6104,6051
6106,6040
6092,6057
6104,6046
6118,6052
6113,6042
6108,6054
6089,6041
6101,6060
6107,6055
6109,6054
6105,6048
6118,6048
6102,6045
6107,6043
6113,6063
6109,6042
6115,6049
6107,6061
6108,6051
6116,6047
6114,6047
6109,6054
6117,6041
6114,6046
6115,6059
6114,6054
6121,6054
6114,6045
6114,6057
6118,6051
6118,6058
6113,6058
6115,6050
6107,6058
6115,6048
6107,6052
6115,6054
6120,6045
6113,6043
6116,6039
6108,6034
6106,6053
6117,6061
6110,6057
6104,6052
6104,6039
6118,6057
6117,6052
6112,6043
6108,6041
6102,6043
6101,6054
6111,6046
6109,6057
6120,6052
6108,6041
6113,6048
6118,6052
6100,6048
6109,6043
6115,6036
6111,6044
6116,6041
6105,6042
6098,6066
6105,6055
6107,6059
6110,6048
6117,6047
6109,6056
6110,6051
6110,6044
6114,6034
6108,6040
6104,6041
6114,6052
6112,6051
6113,6054
6112,6051
6114,6038
6119,6027
6121,6049
6112,6058
6115,6058
6104,6049
6106,6052
6113,6048
6105,6056
6115,6046
6118,6048
6104,6046
6106,6053
6109,6052
6106,6055
6113,6049
6112,6053
6097,6065
6113,6038
6108,6035
6114,6059
6099,6049
6094,6045
6109,6051
6111,6054
6119,6045
6113,6039
6134,6053
6106,6060
6106,6043
6120,6056
6110,6050
6109,6053
6113,6044
6113,6047
6122,6061
6120,6059
6117,6055
6117,6042
6099,6030
6113,6058
6120,6051
6110,6053
6106,6063
6107,6059
6115,6055
6120,6042
6111,6048
6117,6019
6112,6065
6117,6051
6113,6047
6123,6050
6113,6065
6129,6053
6105,6064
6111,6048
6114,6058
6124,6059
6113,6055
6115,6055
6119,6052
6115,6054
6117,6060
6114,6044
6122,6046
6111,6057
6114,6054
6112,6057
6108,6048
6108,6048
6116,6056
6113,6063
6113,6053
6117,6048
6110,6053
6110,6056
6117,6057
6115,6048
6117,6042
6114,6057
6119,6055
6117,6063
6114,6038
6111,6038
6118,6049
6117,6045
6123,6060
6111,6058
6114,6050
6116,6055
6118,6050
6118,6050
6111,6054
6114,6052
6111,6047
6116,6053
6121,6057
6110,6067
6115,6046
6113,6063
6118,6046
6117,6054
6110,6061
6108,6061
6109,6042
6117,6048
6120,6049
6098,6061
6118,6042
6117,6054
6115,6049
6113,6040
6117,6049
6103,6059
6103,6059
6114,6057
6119,6047
6117,6048
6109,6055
6116,6056
6114,6046
6116,6052
6114,6059
6108,6046
6112,6064
6117,6053
6114,6057
6123,6059
6118,6058
6119,6046
6116,6057
6115,6057
6121,6040
6114,6060
6117,6050
6120,6055
6120,6055
6119,6049
6120,6052
6118,6057
6109,6060
6113,6055
6118,6055
6119,6056
6115,6058
6113,6047
0,35
0,61680
0,0
6120,6053
5602,5575
5593,5570
5605,5579
5601,5577
5600,5574
5591,5577
5600,5575
5593,5558
5817,5750
6322,6295
6284,6301
6278,6297
6296,6288
6285,6312
6288,6286
6289,6299
6298,6296
6278,6324
6295,6313
6283,6311
6294,6301
6282,6295
6273,6282
6289,6300
6297,6282
6310,6290
6295,6311
6298,6311
6300,6305
6301,6300
6278,6308
6277,6310
6300,6289
6289,6290
6305,6299
6303,6309
6276,6315
6290,6295
6287,6309
6280,6293
6274,6296
6285,6299
6287,6323
6292,6324
6295,6316
6284,6317
6278,6331
6289,6321
6272,6315
6294,6285
6308,6320
6307,6307
6307,6317
6287,6313
6287,6306
6295,6304
6297,6314
6304,6322
6293,6332
6307,6326
6283,6338
6289,6314
6297,6312
6276,6323
6283,6318
6289,6312
6289,6327
6299,6319
6309,6315
6295,6322
6285,6336
6265,6307
6270,6334
6284,6330
6306,6305
6285,6322
6281,6323
6273,6319
6268,6309
6293,6298
6293,6310
6300,6306
6287,6300
6294,6316
6286,6309
6287,6308
6273,6300
6268,6326
6265,6299
6275,6316
6270,6314
6274,6304
6294,6310
6282,6301
6294,6327
6296,6307
6281,6318
6289,6331
6281,6307
6287,6315
6288,6314
6287,6322
6290,6305
6282,6313
6273,6295
6258,6316
6271,6327
6290,6324
6281,6291
6270,6325
6273,6327
6267,6323
6266,6330
6175,6286
6241,6355
6188,6225
6294,6402
6270,6295
6251,6285
6284,6324
6291,6318
6286,6341
6274,6350
6292,6327
6272,6316
6276,6332
6284,6326
6284,6321
6282,6316
6271,6308
6265,6304
6276,6305
6276,6306
6290,6328
6285,6323
6283,6310
6288,6306
6286,6300
6282,6312
6285,6311
6283,6315
6270,6307
6261,6338
6269,6324
6279,6330
6269,6335
6272,6313
6273,6324
6273,6318
6273,6321
6281,6326
6268,6343
6277,6336
6306,6364
6308,6356
6292,6369
6297,6347
6280,6355
6279,6358
6273,6349
6289,6328
6273,6337
6276,6339
6264,6350
6267,6349
6285,6346
6269,6336
6285,6314
6280,6354
6267,6326
6279,6325
6270,6334
6254,6320
6265,6337
6265,6339
6272,6329
6267,6328
6262,6345
6270,6363
6288,6337
6267,6335
6279,6352
6272,6348
6265,6333
6265,6337
6275,6348
6268,6327
6281,6316
6266,6335
6257,6339
6273,6337
6272,6367
6265,6306
6275,6338
6269,6333
6266,6355
6280,6327
6274,6338
6244,6326
6256,6314
6276,6325
6265,6326
6275,6347
6268,6336
6262,6343
6258,6336
6260,6347
6269,6354
6265,6339
6272,6347
6257,6330
6263,6344
6272,6364
6261,6329
6262,6360
6271,6381
6262,6383
6268,6380
6269,6374
6254,6350
6243,6364
6254,6345
6245,6364
6240,6354
6246,6359
6248,6374
6251,6351
6250,6348
6251,6328
6237,6333
6254,6325
6251,6351
6261,6359
6227,6351
6232,6355
6237,6364
6248,6343
6248,6366
6252,6341
6238,6338
6240,6331
6241,6363
6242,6357
6239,6370
6239,6377
6236,6379
6242,6374
6225,6371
6239,6382
6248,6389
6260,6357
6245,6360
6242,6348
6239,6344
6252,6356
6240,6375
6241,6340
6237,6324
6235,6349
6244,6362
6250,6346
6232,6332
6240,6332
6243,6328
6222,6348
6213,6325
6224,6338
6239,6331
6237,6351
6223,6366
6242,6339
6247,6355
6251,6356
6234,6380
6236,6361
6243,6368
6239,6365
6233,6390
6224,6394
6226,6378
6226,6335
6228,6363
6239,6350
6217,6366
6233,6340
6230,6347
6228,6363
6240,6359
6225,6368
6221,6364
6230,6369
6219,6365
6221,6354
6225,6347
6237,6350
6235,6371
6234,6363
6215,6383
6212,6362
6226,6351
6221,6363
6237,6371
6231,6369
6224,6373
6222,6356
6219,6369
6231,6370
6221,6355
6227,6356
6213,6358
6211,6358
6203,6355
6226,6352
6214,6367
6225,6369
6216,6386
6220,6375
6218,6372
6215,6380
6223,6381
6218,6384
6226,6385
6226,6394
6222,6394
6217,6386
6222,6381
6219,6375
6226,6387
6210,6400
6220,6354
6231,6370
6214,6361
6218,6349
6225,6375
6215,6363
6223,6343
6224,6350
6215,6364
6217,6348
6220,6340
6233,6362
6215,6360
6225,6387
6208,6355
6217,6357
6218,6353
6207,6360
6223,6367
6209,6354
6218,6349
6224,6368
6216,6343
6220,6346
6219,6346
6232,6351
6225,6351
6206,6341
6217,6345
6228,6366
6219,6346
6215,6369
6208,6355
6218,6380
6211,6369
6198,6365
6218,6346
6219,6362
6222,6371
6220,6357
6211,6373
6217,6354
6208,6369
6214,6345
6209,6375
6208,6379
6212,6368
6209,6345
6224,6362
6218,6380
6208,6364
6192,6376
6210,6370
6107,6277
6151,6374
6111,6348
6168,6359
6230,6433
6210,6374
6237,6364
6228,6360
6215,6386
6216,6400
6210,6376
6214,6377
6213,6363
6207,6357
6206,6363
6219,6366
6195,6354
6212,6382
6211,6385
6205,6381
6197,6387
6213,6415
6202,6390
6203,6377
6194,6376
6194,6372
6206,6352
6209,6363
6214,6385
6203,6356
6211,6360
6225,6369
6212,6378
6202,6348
6204,6351
6194,6346
6215,6378
6208,6373
6214,6359
6203,6351
6200,6361
6206,6359
6212,6360
6218,6379
6216,6360
6214,6370
6200,6390
6221,6371
6208,6357
6205,6353
6215,6375
6205,6379
6203,6378
6218,6399
6210,6398
6207,6403
6215,6402
6214,6360
6209,6375
6212,6380
6195,6376
6210,6387
6211,6360
6199,6373
6209,6390
6198,6385
6202,6411
6202,6406
6209,6385
6216,6386
6220,6379
6206,6375
6202,6379
6199,6375
6206,6384
6203,6386
6194,6385
6201,6384
6211,6367
6188,6366
6202,6354
6205,6358
6207,6375
6210,6362
6205,6349
6198,6348
6208,6354
6207,6352
6216,6385
6202,6380
6202,6365
6203,6355
6202,6364
6197,6384
6209,6383
6206,6386
6202,6389
6195,6372
6198,6366
6198,6388
6201,6360
6198,6359
6202,6366
6191,6355
6192,6358
6206,6339
6222,6351
6210,6353
6220,6370
6208,6408
6200,6401
6196,6408
6198,6375
6204,6355
6197,6378
6195,6376
6199,6384
6190,6366
6200,6390
6209,6386
6212,6364
6207,6362
6217,6365
6213,6355
6195,6377
6206,6359
6208,6374
6202,6382
6205,6363
6203,6368
6196,6365
6202,6345
6209,6354
6191,6363
6207,6371
6215,6368
6205,6302
6201,6352
6195,6363
6199,6357
6201,6355
6217,6364
6196,6364
6199,6351
6213,6381
6216,6388
6201,6366
6209,6376
6209,6368
6209,6376
6210,6384
6197,6361
6211,6360
6214,6342
6200,6355
6200,6349
6208,6336
6211,6348
6221,6345
6217,6363
6209,6326
6196,6343
6199,6352
6193,6356
6203,6349
6208,6360
6204,6360
6200,6347
6211,6367
6199,6371
6202,6369
6198,6350
6218,6335
6206,6333
6204,6317
6202,6331
6193,6323
6205,6335
6210,6351
6212,6347
6208,6338
6214,6327
6202,6345
6212,6320
6210,6326
6210,6337
6206,6341
6211,6308
6208,6323
6219,6337
6210,6344
6207,6318
6204,6343
6217,6327
6209,6314
6205,6332
6196,6324
6207,6331
6208,6340
6217,6328
6224,6323
6229,6330
6214,6325
6204,6324
6202,6316
6210,6306
6208,6302
6212,6294
6213,6304
6215,6304
6210,6299
6217,6325
6221,6323
6224,6329
6213,6332
6207,6333
6212,6350
6213,6327
6215,6343
6225,6334
6223,6334
6218,6330
6203,6305
6222,6318
6242,6302
6218,6308
6227,6341
6229,6346
6233,6353
6229,6339
6249,6319
6238,6323
6240,6326
6272,6326
6264,6323
6271,6325
6287,6328
6306,6330
6303,6331
6321,6324
6326,6311
6352,6319
6385,6351
6429,6346
6422,6344
6459,6367
6477,6339
6496,6302
6524,6315
6538,6322
6579,6323
6617,6328
6633,6338
6673,6334
6747,6359
6789,6335
6913,6324
7026,6324
7196,6324
7410,6323
7605,6327
7767,6305
7842,6305
7904,6312
7822,6315
7815,6307
7803,6312
7845,6317
7770,6278
7894,6237
8080,6371
8058,6315
7997,6301
7979,6340
7905,6330
7771,6377
7564,6385
7450,6360
7321,6370
7192,6387
7138,6437
7055,6464
6938,6505
6891,6533
6848,6564
6840,6589
6828,6628
6877,6694
6875,6712
6934,6746
7054,6783
7192,6785
7353,6822
7545,6805
7673,6776
7892,6755
8030,6744
8167,6742
8311,6732
8457,6699
8599,6671
8770,6662
8982,6663
9139,6638
9262,6635
9361,6643
9352,6649
9370,6662
9449,6690
9400,6710
9349,6778
9225,6824
9097,6903
8890,6958
8662,7093
8540,7179
8363,7233
8182,7322
7983,7376
7727,7540
7520,7568
7309,7684
7163,7715
7050,7712
6982,7705
6943,7713
6930,7723
6984,7673
7059,7563
7206,7513
7377,7487
7518,7434
7769,7372
8014,7320
8322,7237
8645,7159
9042,7117
9323,6997
9700,6899
10053,6851
10368,6798
10695,6776
10947,6726
11097,6726
11241,6725
11453,6755
11375,6805
11278,6833
11111,6888
10918,7026
10706,7193
10467,7326
10100,7461
9822,7615
9468,7791
9084,7963
8656,8162
8423,8385
8130,8465
7838,8511
7606,8603
7385,8720
7275,8782
7098,8848
7044,8816
6958,8835
6917,8840
6894,8832
6937,8714
7003,8637
7078,8453
7177,8322
7291,8202
7420,8045
7626,7877
7899,7675
8124,7510
8292,7342
8682,7187
8893,7035
9181,6893
9467,6805
9825,6759
9892,6775
9964,6807
10099,6840
10270,6942
10407,7060
10407,7273
10423,7477
10191,7622
9863,7877
9706,8024
9562,8255
9332,8486
9044,8722
8809,8920
8522,9018
8354,9012
8027,9088
7826,9187
7597,9188
7387,9122
7194,9035
7040,9063
6960,9069
6873,9021
6890,9001
6956,8910
7027,8750
7162,8546
7304,8397
7454,8302
7674,8181
7884,8074
8149,7915
8296,7700
8510,7594
8771,7402
8934,7257
9090,7067
9239,6930
9331,6823
9430,6792
9419,6734
9550,6721
9504,6776
9488,6863
9385,6988
9318,7144
9336,7272
9225,7466
9131,7698
9105,7920
8989,8121
8762,8352
8508,8561
8344,8768
8177,8869
7956,9086
7744,9212
7513,9357
7339,9498
7175,9511
7010,9644
6905,9513
6799,9411
6738,9432
6679,9370
6725,9174
6751,8921
6836,8729
6874,8501
6977,8255
7132,8068
7273,7853
7429,7659
7602,7416
7759,7237
7961,7132
8143,6980
8373,6862
8568,6760
8787,6703
9005,6650
9187,6624
9262,6618
9385,6620
9495,6646
9493,6658
9429,6720
9418,6792
9334,6890
9310,7000
9094,7080
9009,7270
8872,7401
8726,7587
8492,7720
8395,7914
8224,8087
8021,8178
7885,8259
7817,8358
7621,8369
7439,8368
7288,8447
7138,8454
7010,8442
6932,8441
6808,8435
6784,8364
6714,8272
6701,8165
6707,8028
6718,7864
6852,7768
6971,7728
7100,7552
7263,7376
7452,7257
7602,7130
7809,6984
8001,6906
8145,6786
8378,6727
8583,6656
8714,6621
8814,6576
8853,6636
8889,6670
8967,6704
8968,6755
8961,6820
8957,6917
8928,7026
8816,7094
8647,7197
8555,7314
8429,7433
8306,7579
8106,7758
7837,7846
7665,7959
7550,8020
7420,8117
7241,8194
7162,8275
6988,8368
6850,8493
6774,8506
6676,8478
6625,8514
6600,8466
6603,8466
6628,8332
6670,8203
6688,7968
6999,8074
6962,7831
7033,7660
7147,7515
7221,7351
7370,7209
7515,7064
7674,6918
7834,6830
7946,6710
8033,6635
8186,6563
8328,6530
8405,6504
8409,6512
8398,6556
8426,6577
8341,6669
8359,6724
8364,6758
8277,6834
8200,6958
8119,7098
8089,7190
7930,7337
7776,7437
7684,7511
7577,7630
7476,7720
7336,7864
7228,7907
7093,7959
6964,7988
6836,8032
6766,8069
6675,8035
6632,8024
6612,7982
6610,7860
6657,7793
6740,7679
6765,7613
6908,7528
7012,7424
7155,7326
7369,7158
7563,7062
7704,6943
7898,6837
8009,6725
8179,6658
8354,6612
8431,6541
8612,6489
8710,6502
8766,6513
8732,6531
8780,6570
8865,6610
8785,6669
8738,6726
8632,6810
8556,6915
8404,6950
8245,7045
8172,7100
8026,7233
7852,7346
7653,7427
7601,7545
7510,7665
7405,7756
7296,7886
7205,8000
7108,8089
7007,8063
6923,8143
6864,8144
6756,8150
6709,8116
6690,8063
6653,8017
6672,7893
6737,7796
6790,7702
6897,7588
7036,7401
7165,7278
7304,7126
7479,7041
7628,6885
7832,6792
8019,6711
8132,6658
8308,6623
8403,6574
8393,6538
8460,6520
8508,6511
8424,6550
8422,6582
8381,6649
8402,6711
8271,6755
8280,6819
8157,6932
8117,6953
8028,7019
7911,7070
7783,7136
7691,7260
7547,7324
7467,7403
7332,7522
7151,7640
7068,7678
6922,7744
6820,7836
6736,7826
6683,7859
6679,7933
6685,7947
6675,7946
6677,7893
6700,7799
6756,7735
6828,7621
6915,7482
7039,7349
7172,7222
7275,7054
7470,6952
7676,6860
7878,6747
8057,6651
8205,6606
8405,6566
8532,6565
8660,6576
8783,6604
8843,6658
8912,6701
8943,6769
9012,6839
8991,6837
8964,6929
8932,7018
8783,7111
8550,7159
8370,7296
8210,7417
8145,7524
8026,7702
7875,7855
7665,7920
7554,7992
7401,8118
7221,8231
7110,8312
6958,8278
6886,8336
6811,8354
6757,8271
6733,8170
6713,8166
6753,8069
6811,7960
6902,7880
7012,7848
7116,7688
7279,7545
7501,7407
7723,7289
7969,7104
8244,6982
8532,6848
8830,6750
9057,6650
9275,6598
9514,6550
9649,6525
9629,6588
9619,6572
9716,6611
9783,6686
9770,6747
9682,6846
9586,6963
9394,7076
9165,7206
9098,7298
8796,7374
8684,7553
8467,7700
8334,7824
8121,7894
7807,8045
7648,8185
7566,8266
7433,8366
7238,8419
7096,8538
6934,8591
6908,8606
6893,8628
6832,8602
6754,8515
6744,8437
6815,8356
6858,8330
6939,8158
7013,8015
7123,7835
7239,7684
7348,7438
7471,7265
7636,7102
7790,6937
8001,6862
8231,6736
8443,6656
8629,6627
8811,6608
8986,6627
9095,6668
9270,6705
9381,6753
9375,6789
9387,6904
9344,7002
9345,7077
9256,7186
9184,7235
9010,7317
8829,7386
8589,7513
8402,7579
8238,7650
8036,7731
7850,7796
7618,7843
7401,7853
7277,7945
7110,7946
6993,7976
6873,7919
6798,7881
6703,7894
6677,7828
6671,7832
6722,7784
6777,7692
6897,7630
7037,7533
7115,7438
7263,7348
7467,7211
7695,7126
7908,7016
8146,6911
8376,6832
8678,6725
8770,6626
9010,6556
9290,6536
9426,6535
9579,6560
9811,6547
9834,6604
10014,6697
10048,6741
10041,6775
10042,6981
9963,7117
9822,7277
9518,7473
9323,7663
9025,7723
8789,7867
8549,7949
8286,8081
7974,8156
7711,8241
7468,8343
7248,8352
7074,8386
6920,8426
6865,8480
6832,8412
6818,8368
6790,8258
6876,8214
6952,8121
7096,8052
7280,7901
7474,7807
7742,7676
7987,7578
8218,7416
8423,7274
8687,7149
8882,7014
9117,6855
9387,6771
9506,6658
9602,6595
9653,6549
9723,6529
9860,6549
10048,6637
9997,6727
9929,6819
9861,6978
9792,7150
9827,7352
9729,7568
9552,7762
9438,7969
9282,8251
9139,8463
8962,8575
8872,8699
8654,8886
8392,9025
8104,9178
7844,9265
7550,9329
7378,9251
7198,9290
7040,9206
6914,9156
6832,8955
6805,8823
6828,8683
6983,8504
7149,8339
7344,8178
7539,7998
7875,7768
8144,7661
8477,7437
8749,7220
9078,7071
9399,6899
9681,6817
9998,6732
10298,6653
10625,6626
10965,6595
10994,6579
10946,6628
10968,6649
10950,6707
10988,6815
11018,6908
10990,6984
10805,7126
10611,7248
10359,7448
10064,7616
9874,7900
9673,8162
9369,8428
9066,8663
8861,8828
8635,9026
8452,9292
8171,9362
8027,9552
7778,9616
7591,9669
7431,9679
7354,9603
7225,9459
7191,9377
7185,9218
7267,9023
7436,8786
7628,8587
7880,8314
8210,8087
8531,7919
8873,7708
9280,7490
9613,7236
9897,7061
10306,6927
10651,6873
10874,6820
11121,6761
11353,6772
11478,6818
11708,6923
11807,7030
11700,7194
11500,7326
11216,7486
10968,7670
11006,7841
10975,8028
10725,8248
10386,8466
10038,8692
9656,9002
9348,9258
8995,9529
8689,9803
8369,10005
8090,10225
7906,10315
7718,10449
7529,10576
7413,10632
7371,10753
7323,10715
7309,10648
7325,10510
7375,10342
7546,10081
7709,9831
7907,9585
8220,9358
8559,8976
8879,8624
9166,8313
9488,8007
9990,7778
10350,7505
10645,7275
10983,7121
11302,7053
11520,6973
11623,6932
11760,6918
12028,6967
12115,7075
12005,7164
11944,7298
11888,7465
11727,7630
11404,7763
11273,8011
11134,8281
10757,8600
10374,8913
9975,9257
9604,9446
9396,9660
8983,9782
8726,9965
8441,10005
8083,10127
7844,10315
7656,10363
7480,10279
7305,10321
7205,10303
7100,10300
7114,10277
7199,10101
7316,9738
7521,9401
7882,9019
8184,8828
8572,8603
8956,8353
9324,7996
9640,7738
9950,7491
10296,7318
10532,7159
10875,7028
11140,6950
11237,6920
11375,6915
11617,6973
11723,7079
11618,7238
11366,7422
11110,7632
10790,7920
10461,8265
10240,8616
9903,8810
9599,9084
9179,9364
8680,9662
8410,9953
7954,10449
7640,10766
7325,11000
7000,11213
6894,11442
6760,11517
6562,11625
6401,11427
6311,11434
6222,11243
6206,11051
6177,10775
6172,10584
6161,10266
6161,9948
6166,9696
6151,9379
6140,8943
6142,8545
6131,8278
6137,7923
6140,7684
6135,7399
6126,7201
6133,6964
6127,6824
6115,6778
6120,6763
6122,6801
6114,6895
6124,7060
6112,7289
6108,7471
6116,7767
6123,8044
6126,8362
6121,8576
6117,8768
6120,9026
6121,9273
6116,9351
6137,9401
6111,9382
6115,9334
6121,9200
6136,9328
5701,8573
6151,9026
6070,8791
6086,8728
6066,8550
6117,8432
6138,8407
6139,8079
6098,7906
6119,7654
6117,7511
6117,7330
6104,7087
6114,6858
6106,6702
6110,6511
6101,6367
6114,6266
6113,6225
6117,6207
6106,6200
6108,6187
6103,6185
6104,6181
6114,6181
6106,6162
6101,6181
6106,6174
6103,6181
6111,6162
6114,6163
6108,6162
6105,6150
6099,6114
6107,6093
6104,6071
6113,6062
6115,6070
6089,6061
6104,6077
6113,6068
6107,6071
6101,6070
6114,6060
6107,6064
6098,6061
6110,6056
6101,6069
6099,6062
6100,6053
6104,6056
6110,6056
6110,6049
6102,6065
6116,6069
6107,6063
6114,6060
6106,6060
6106,6057
6107,6050
6103,6044
6113,6057
6104,6057
6111,6062
6110,6059
6112,6068
6106,6062
6110,6051
6103,6055
6103,6053
6114,6063
6105,6054
6106,6051
6105,6042
6117,6053
6112,6057
6107,6052
6100,6047
6119,6053
6106,6058
6099,6057
6119,6056
6116,6054
6115,6048
6118,6051
6104,6060
6110,6058
6103,6048
6115,6055
6113,6045
6103,6044
6108,6040
6108,6053
6113,6045
6110,6049
6109,6054
6109,6037
6118,6052
6118,6042
6117,6045
6110,6039
6114,6052
6109,6055
6106,6057
6105,6052
6115,6052
6125,6056
6117,6050
6112,6054
6109,6046
6118,6041
6107,6053
6112,6027
6107,6040
6113,6050
6109,6029
6114,6058
6118,6040
6109,6048
6118,6046
6112,6047
6107,6041
6110,6036
6104,6048
6102,6030
6102,6035
6103,6044
6100,6059
6108,6053
6082,6042
6106,6051
6122,6039
6097,6049
6110,6063
6110,6044
6108,6049
6110,6042
6101,6053
6104,6047
6111,6047
6116,6040
6098,6041
6105,6032
6100,6047
6110,6050
6103,6050
6105,6062
6099,6048
6110,6050
6104,6055
6108,6054
6102,6047
6111,6048
6107,6050
6116,6060
6118,6050
6102,6045
6111,6048
6112,6045
6109,6054
6103,6033
6103,6082
6096,6067
6101,6029
6106,6034
6118,6064
6110,6038
6109,6055
6095,6050
6099,6047
6101,6037
6110,6054
6111,6046
6096,6057
6100,6042
6113,6048
6113,6049
6103,6050
6097,6052
6110,6053
6105,6051
6102,6044
6102,6048
6102,6049
6102,6059
6107,6053
6104,6040
6101,6033
6108,6046
6106,6029
6103,6061
6108,6052
6116,6047
6102,6046
6104,6042
6106,6048
6100,6042
6104,6048
6112,6045
6096,6044
6096,6046
6099,6039
6096,6049
6114,6060
6096,6048
6094,6057
6105,6041
6103,6039
6106,6042
6098,6051
6110,6053
6116,6038
6112,6045
6099,6047
6112,6060
6105,6048
6111,6047
6119,6041
6114,6042
6098,6041
6095,6056
6091,6051
6082,6048
6109,6038
6099,6046
6096,6047
6098,6053
6105,6058
6099,6049
6091,6053
6104,6042
6089,6064
6096,6058
6091,6047
6104,6043
6108,6056
6098,6052
6099,6044
6096,6052
6095,6025
6101,6049
6106,6045
6098,6045
6095,6041
6104,6052
6088,6057
6094,6046
6098,6052
6099,6061
6097,6041
6108,6042
6094,6051
6103,6049
6093,6059
6105,6038
6099,6040
6104,6050
6117,6041
6100,6050
6094,6046
6104,6048
6097,6043
6098,6053
6103,6052
6103,6047
6108,6057
6184,6125
6133,6093
6126,6067
6136,6125
6125,6104
6121,6075
6137,6090
6096,6054
6102,6041
6102,6044
6106,6063
6097,6047
6102,6046
6112,6058
6104,6052
6108,6061
6112,6050
6099,6044
6107,6049
6106,6045
6112,6062
6109,6051
6100,6033
6107,6052
6101,6049
6099,6055
6113,6053
6101,6060
6110,6056
6098,6065
6104,6061
6109,6057
6112,6042
6125,6058
6107,6056
6117,6066
6113,6054
6103,6049
6113,6044
6114,6056
6102,6046
6105,6050
6111,6056
6122,6031
6102,6041
6097,6062
6109,6036
6101,6050
6112,6055
6104,6062
6105,6062
6113,6062
6110,6063
6108,6045
6109,6049
6102,6059
6102,6060
6099,6058
6111,6044
6100,6038
6104,6054
6104,6056
6103,6056
6106,6042
6105,6049
6112,6045
6103,6047
6103,6035
6106,6037
6106,6039
6108,6041
6094,6056
6103,6041
6111,6047
6105,6048
6115,6055
6105,6053
6102,6047
6102,6045
6094,6033
6098,6046
6105,6053
6101,6049
6107,6047
6097,6044
6108,6051
6116,6060
6097,6052
6098,6050
6104,6053
6109,6046
6102,6058
6107,6058
6102,6052
6096,6055
6094,6045
6101,6035
6104,6051
6100,6043
6107,6047
6106,6055
6105,6047
6094,6057
6108,6053
6114,6048
6110,6054
6112,6041
6099,6043
6105,6057
6105,6047
6109,6046
6108,6055
6121,6051
6108,6038
6107,6055
6105,6057
6110,6053
6113,6046
6106,6053
6109,6055
6109,6052
6110,6051
6113,6052
6117,6046
6118,6056
6112,6057
6123,6058
6113,6034
6116,6041
6113,6048
6124,6046
6119,6054
6113,6047
6112,6053
6112,6055
6111,6048
6119,6046
6116,6038
6115,6035
6111,6050
6122,6039
6101,6052
6117,6046
6109,6051
6119,6059
6109,6059
6103,6039
6115,6048
6110,6041
6108,6057
6105,6063
6110,6045
6105,6049
6104,6049
6112,6049
6119,6048
6113,6061
6111,6051
6110,6059
6103,6038
6108,6045
6122,6059
6110,6056
6103,6056
6107,6049
6101,6067
6115,6053
6106,6047
6114,6058
6117,6037
6116,6057
6114,6049
6112,6060
6114,6041
6117,6057
6103,6036
6119,6043
6109,6037
6117,6053
6112,6047
6109,6042
6120,6046
6120,6042
6106,6048
6117,6054
6104,6059
6097,6042
6111,6052
6103,6039
6114,6056
6119,6045
6099,6048
6109,6040
6107,6035
6104,6062
6109,6058
6109,6059
6106,6053
6117,6042
6115,6055
6113,6058
6114,6039
6103,6047
6112,6050
6109,6046
6107,6052
6107,6056
6117,6044
6114,6059
6109,6048
6120,6055
6115,6053
6112,6053
6112,6052
6108,6054
6127,6054
6122,6061
6120,6063
6121,6047
6099,6045
6115,6054
6130,6053
6112,6060
6113,6053
6110,6055
6118,6054
6117,6048
6107,6062
6125,6051
6114,6053
6121,6043
6114,6051
6113,6053
6117,6051
6121,6062
6117,6054
6108,6061
6127,6063
6120,6060
6116,6049
6113,6067
6114,6051
6111,6057
6115,6058
6113,6053
6120,6047
6122,6064
6119,6052
6122,6063
6122,6063
6120,6061
6112,6065
6122,6064
6111,6051
6117,6056
6115,6061
6113,6061
6121,6050
6110,6056
6119,6061
6114,6061
6105,6057
6116,6053
6108,6053
6110,6065
6123,6050
6113,6062
6114,6061
6116,6056
6111,6055
6110,6046
6110,6046
6117,6061
6114,6063
6113,6060
6115,6057
6109,6069
6116,6053
6113,6065
6118,6116
6112,6051
6117,6052
6111,6055
6112,6062
6115,6045
6122,6064
6118,6054
6110,6058
6114,6062
6119,6063
6115,6066
6116,6050
6117,6057
6117,6057
6119,6052
6124,6054
6114,6051
6113,6062
6117,6055
6120,6056
6117,6057
6114,6062
6115,6056
6112,6047
6115,6050
6110,6061
6110,6046
6117,6045
6116,6054
6116,6054
6118,6053
6112,6061
6117,6053
6112,6033
6113,6063
6113,6063
6111,6051
6119,6064
6124,6050
6115,6059
6115,6048
6113,6056
6116,6055
6109,6059
6116,6055
6108,6064
6104,6041
0,30
0,61680
0,0
6119,6057
5610,5571
5593,5585
5603,5585
5601,5572
5601,5585
5605,5582
5604,5576
5592,5577
5819,5751
6326,6301
6285,6280
6295,6292
6293,6294
6285,6316
6291,6292
6279,6294
6289,6289
6295,6308
6284,6330
6291,6302
6283,6313
6282,6295
6299,6316
6289,6293
6297,6296
6307,6301
6291,6314
6291,6312
6304,6303
6299,6307
6285,6304
6287,6304
6292,6298
6287,6292
6297,6299
6308,6310
6284,6302
6285,6318
6294,6323
6280,6295
6275,6304
6284,6287
6277,6335
6287,6330
6275,6325
6276,6308
6290,6320
6280,6328
6283,6301
6288,6297
6303,6283
6302,6304
6289,6310
6293,6294
6290,6298
6282,6315
6299,6320
6303,6336
6289,6321
6311,6334
6285,6340
6282,6317
6293,6327
6289,6330
6294,6333
6283,6320
6294,6345
6300,6327
6289,6325
6287,6324
6284,6310
6276,6321
6280,6331
6278,6326
6301,6310
6284,6324
6283,6324
6290,6333
6284,6308
6292,6306
6293,6312
6291,6309
6288,6307
6278,6292
6278,6314
6279,6307
6268,6309
6267,6324
6273,6312
6519,5986
6426,6177
6200,6215
6211,6319
6355,6376
6301,6305
6269,6328
6247,6286
6267,6312
6277,6300
6268,6321
6264,6302
6288,6311
6286,6319
6290,6326
6274,6305
6252,6307
6278,6314
6293,6331
6282,6324
6288,6308
6287,6322
6277,6335
6277,6300
6272,6318
6289,6328
6296,6321
6299,6316
6277,6298
6275,6314
6297,6332
6298,6316
6296,6339
6286,6343
6282,6338
6265,6321
6266,6333
6276,6331
6290,6304
6288,6314
6279,6314
6261,6318
6281,6290
6278,6313
6270,6322
6275,6310
6287,6325
6283,6310
6287,6322
6289,6310
6281,6331
6260,6318
6259,6316
6260,6338
6277,6330
6273,6336
6274,6339
6272,6296
6272,6306
6265,6321
6282,6318
6282,6328
6275,6324
6276,6334
6296,6354
6290,6332
6307,6370
6302,6352
6282,6350
6278,6360
6259,6358
6277,6337
6268,6339
6252,6334
6264,6337
6271,6338
6276,6322
6267,6334
6282,6326
6279,6319
6273,6331
6265,6315
6260,6324
6251,6327
6267,6312
6277,6324
6269,6324
6267,6337
6262,6343
6271,6350
6272,6349
6274,6337
6274,6356
6268,6336
6281,6302
6271,6353
6277,6350
6272,6321
6277,6321
6268,6339
6256,6327
6257,6323
6277,6329
6265,6340
6270,6337
6267,6346
6259,6332
6262,6329
6257,6338
6248,6350
6259,6340
6279,6320
6274,6337
6270,6337
6269,6345
6275,6337
6260,6346
6267,6334
6253,6359
6267,6332
6265,6356
6263,6347
6256,6318
6267,6343
6270,6344
6266,6360
6266,6384
6253,6382
6269,6360
6263,6379
6250,6345
6242,6372
6247,6356
6236,6359
6253,6354
6242,6362
6232,6362
6258,6352
6249,6335
6244,6320
6242,6332
6266,6341
6251,6362
6234,6336
6235,6352
6239,6344
6231,6347
6250,6336
6260,6343
6241,6324
6240,6341
6244,6333
6257,6359
6244,6365
6242,6370
6242,6367
6235,6369
6253,6370
6231,6385
6251,6394
6245,6378
6239,6359
6255,6369
6251,6340
6249,6350
6256,6364
6239,6376
6238,6358
6235,6342
6252,6349
6252,6343
6241,6346
6237,6366
6228,6344
6227,6357
6217,6327
6208,6336
6228,6334
6238,6318
6240,6359
6236,6378
6238,6369
6241,6367
6244,6370
6235,6383
6248,6364
6242,6354
6236,6369
6233,6401
6220,6374
6233,6355
6235,6354
6239,6362
6242,6350
6239,6352
6238,6340
6220,6348
6232,6377
6236,6373
6232,6369
6234,6372
6224,6355
6225,6371
6223,6334
6220,6325
6232,6365
6227,6370
6228,6373
6220,6375
6225,6354
6222,6370
6233,6368
6232,6360
6228,6375
6224,6380
6222,6361
6226,6351
6224,6345
6230,6376
6230,6354
6215,6364
6211,6350
6215,6356
6226,6341
6228,6367
6221,6372
6218,6388
6212,6387
6227,6371
6220,6391
6213,6389
6231,6390
6230,6402
6210,6380
6222,6392
6235,6371
6215,6364
6219,6392
6222,6379
6221,6374
6224,6377
6226,6372
6221,6353
6211,6364
6212,6349
6218,6348
6230,6354
6218,6353
6232,6356
6213,6364
6224,6353
6233,6354
6220,6365
6219,6368
6207,6366
6218,6351
6235,6358
6216,6363
6222,6351
6210,6367
6218,6350
6215,6375
6214,6370
6214,6362
6222,6356
6221,6345
6200,6358
6125,6320
6153,6332
6234,6364
6180,6247
6210,6378
6203,6374
6194,6362
6235,6386
6220,6393
6216,6369
6214,6346
6219,6366
6219,6352
6208,6371
6213,6344
6220,6363
6209,6360
6215,6383
6212,6371
6214,6366
6211,6364
6218,6375
6214,6363
6208,6388
6200,6383
6214,6368
6205,6396
6206,6390
6202,6398
6201,6395
6218,6388
6198,6370
6218,6353
6210,6381
6201,6367
6204,6379
6203,6367
6210,6366
6195,6379
6209,6336
6203,6349
6221,6364
6209,6371
6201,6377
6211,6365
6210,6372
6203,6392
6205,6379
6208,6376
6209,6377
6202,6368
6208,6379
6199,6366
6214,6372
6199,6359
6201,6375
6200,6366
6218,6361
6215,6365
6201,6374
6204,6352
6202,6348
6215,6360
6208,6357
6201,6365
6206,6354
6204,6361
6209,6367
6214,6370
6217,6371
6207,6355
6207,6374
6205,6380
6204,6381
6201,6370
6205,6377
6200,6384
6198,6385
6218,6392
6218,6389
6210,6410
6198,6411
6216,6390
6206,6376
6204,6386
6210,6384
6199,6360
6209,6384
6210,6373
6195,6356
6201,6377
6201,6401
6208,6392
6214,6390
6216,6390
6216,6383
6205,6376
6204,6394
6203,6349
6201,6358
6203,6390
6201,6401
6209,6369
6198,6371
6202,6371
6193,6371
6200,6379
6194,6383
6220,6380
6206,6358
6206,6340
6202,6340
6210,6358
6204,6383
6198,6388
6204,6372
6205,6374
6210,6381
6204,6375
6203,6377
6210,6385
6200,6376
6198,6391
6204,6365
6193,6375
6204,6389
6201,6358
6194,6360
6206,6356
6197,6333
6193,6349
6204,6348
6203,6384
6206,6360
6214,6378
6207,6393
6210,6395
6202,6400
6204,6389
6194,6366
6204,6386
6207,6355
6203,6392
6201,6379
6196,6371
6207,6383
6198,6379
6211,6359
6203,6369
6206,6364
6201,6357
6202,6368
6191,6374
6199,6380
6195,6367
6201,6369
6205,6362
6201,6340
6212,6352
6206,6378
6203,6372
6207,6353
6199,6345
6202,6362
6208,6336
6191,6365
6210,6365
6214,6354
6195,6365
6193,6368
6215,6371
6206,6379
6205,6376
6207,6369
6209,6369
6220,6375
6218,6366
6199,6358
6210,6354
6211,6340
6214,6350
6213,6356
6194,6342
6224,6341
6236,6358
6225,6345
6209,6367
6199,6339
6195,6352
6197,6358
6194,6349
6206,6349
6208,6361
6203,6345
6198,6361
6201,6369
6199,6330
6210,6339
6219,6336
6219,6323
6216,6338
6190,6331
6208,6355
6199,6338
6209,6334
6209,6344
6209,6321
6211,6324
6203,6326
6201,6311
6206,6336
6215,6331
6203,6342
6224,6332
6204,6328
6212,6346
6208,6337
6199,6318
6211,6326
6215,6328
6201,6306
6221,6320
6212,6324
6218,6324
6213,6338
6224,6320
6214,6335
6229,6319
6222,6334
6209,6324
6197,6318
6207,6306
6206,6287
6206,6290
6210,6281
6210,6302
6224,6292
6230,6308
6219,6320
6206,6335
6197,6327
6211,6325
6229,6344
6224,6334
6223,6348
6224,6330
6219,6327
6202,6323
6206,6322
6229,6316
6235,6297
6215,6317
6231,6332
6233,6356
6228,6364
6229,6323
6239,6346
6242,6328
6254,6315
6262,6308
6266,6328
6291,6323
6279,6343
6291,6328
6306,6336
6336,6345
6326,6331
6352,6320
6385,6323
6412,6339
6503,6436
6452,6320
6447,6338
6503,6338
6618,6433
6481,6318
6500,6252
6606,6341
6658,6332
6669,6336
6734,6337
6795,6331
6919,6319
7043,6326
7203,6324
7411,6330
7601,6297
7745,6306
7868,6318
7915,6307
7858,6308
7817,6307
7803,6288
7811,6301
7870,6329
7928,6319
8048,6338
8086,6319
8058,6321
7998,6320
7887,6335
7731,6357
7577,6337
7470,6367
7322,6378
7211,6390
7144,6454
7038,6448
6965,6486
6887,6520
6833,6555
6816,6592
6828,6634
6869,6685
6888,6725
6935,6765
7049,6802
7183,6781
7371,6803
7532,6819
7715,6816
7888,6783
8052,6743
8226,6749
8275,6725
8437,6706
8622,6689
8781,6695
8988,6657
9167,6629
9290,6634
9390,6650
9390,6639
9390,6661
9407,6697
9366,6693
9336,6766
9207,6841
9058,6912
8858,6990
8684,7098
8501,7151
8404,7230
8171,7299
7943,7412
7728,7522
7499,7620
7301,7716
7197,7726
7062,7735
6982,7743
6895,7694
6939,7731
7011,7617
7081,7579
7238,7502
7371,7487
7527,7453
7786,7397
8034,7296
8328,7213
8696,7183
9021,7115
9334,6997
9700,6952
10104,6877
10402,6815
10682,6797
10966,6748
11103,6728
11259,6741
11460,6771
11483,6807
11302,6822
11098,6904
10978,7039
10727,7161
10432,7328
10117,7422
9855,7602
9432,7766
9037,7973
8696,8148
8438,8366
8141,8501
7824,8544
7555,8609
7377,8724
7260,8738
7127,8799
7021,8822
6972,8846
6931,8821
6919,8776
6929,8721
7009,8673
7107,8484
7155,8370
7310,8195
7421,8038
7583,7894
7876,7712
8098,7541
8302,7343
8616,7191
8890,7026
9123,6902
9441,6822
9831,6764
9850,6782
9917,6806
10154,6853
10245,6931
10372,7062
10414,7260
10371,7466
10242,7648
9948,7843
9701,8037
9575,8257
9313,8519
9028,8752
8818,8907
8575,9010
8314,8941
8043,9074
7852,9142
7600,9155
7371,9111
7159,9087
7045,9077
6932,9020
6899,9028
6890,9037
6946,8873
7029,8727
7166,8535
7280,8457
7450,8309
7694,8182
7890,8058
8124,7884
8275,7695
8535,7599
8744,7400
8922,7233
9107,7058
9211,6914
9303,6847
9430,6779
9435,6754
9517,6741
9452,6774
9486,6879
9391,6998
9348,7124
9379,7283
9190,7467
9144,7678
9115,7930
8942,8113
8760,8324
8515,8609
8350,8755
8155,8851
7954,9068
7757,9248
7508,9390
7333,9485
7187,9513
7008,9596
6895,9514
6798,9412
6763,9383
6697,9358
6736,9151
6759,8958
6839,8721
6879,8475
6959,8282
7128,8056
7289,7861
7428,7651
7606,7422
7729,7192
7985,7125
8184,6998
8379,6847
8567,6767
8797,6718
8980,6653
9175,6605
9273,6605
9400,6642
9480,6630
9433,6644
9447,6723
9397,6811
9354,6910
9267,7012
9113,7121
8991,7242
8902,7393
8726,7594
8569,7716
8399,7889
8196,8065
8050,8199
7889,8238
7793,8351
7614,8384
7456,8359
7298,8392
7142,8472
7032,8500
6942,8432
6824,8421
6767,8367
6702,8282
6691,8171
6701,8040
6742,7901
6838,7773
6950,7729
7099,7590
7279,7409
7448,7264
7621,7145
7778,6983
7974,6894
8190,6795
8380,6734
8570,6649
8688,6571
8836,6616
8850,6621
8904,6669
8967,6714
8950,6740
9006,6902
8992,6890
8952,7027
8886,7139
8684,7202
8531,7303
8408,7425
8281,7600
8114,7721
7849,7866
7714,7944
7564,8059
7430,8118
7242,8166
7156,8297
6987,8382
6850,8480
6749,8473
6680,8474
6624,8515
6601,8503
6604,8473
6627,8340
6677,8210
6730,8040
6834,7913
6949,7814
7028,7642
7163,7509
7261,7356
7415,7219
7521,7061
7668,6922
7839,6816
7923,6698
8054,6637
8185,6600
8319,6552
8446,6525
8415,6537
8383,6538
8381,6579
8396,6647
8336,6701
8383,6767
8305,6854
8212,6977
8113,7114
8046,7226
7942,7343
7825,7454
7699,7521
7572,7628
7486,7771
7348,7828
7246,7880
7107,7962
6969,8004
6841,8049
6774,8111
6676,8076
6622,8021
6610,7935
6617,7887
6669,7795
6725,7710
6774,7600
6880,7529
7018,7403
7171,7273
7351,7189
7525,7063
7701,6947
7915,6861
8043,6718
8196,6655
8330,6604
8416,6523
8559,6506
8660,6497
8783,6508
8802,6531
8804,6541
8869,6631
8813,6669
8740,6712
8579,6807
8514,6886
8429,6951
8277,7039
8170,7093
8041,7227
7856,7383
7685,7435
7607,7570
7466,7676
7396,7772
7311,7830
7215,7995
7111,8098
7023,8058
6936,8106
6853,8144
6776,8147
6709,8100
6696,8039
6674,7965
6672,7918
6722,7805
6787,7720
6885,7596
6995,7407
7185,7293
7309,7131
7481,7044
7648,6926
7796,6819
7953,6721
8117,6674
8285,6614
8417,6578
8414,6538
8471,6501
8475,6530
8424,6520
8417,6573
8405,6656
8389,6700
8292,6746
8264,6820
8133,6921
8131,6969
8024,6997
7889,7069
7798,7156
7711,7259
7570,7365
7447,7434
7312,7516
7153,7593
7027,7700
6947,7731
6815,7832
6738,7860
6693,7865
6691,7896
6690,7965
6672,7937
6685,7867
6750,7851
6772,7710
6850,7643
6963,7496
7066,7348
7170,7248
7294,7040
7474,6970
7703,6873
7882,6764
8078,6695
8238,6590
8396,6567
8542,6548
8661,6560
8805,6599
8851,6639
8909,6722
8908,6781
9006,6829
9018,6845
8984,6922
8877,7045
8774,7125
8534,7183
8378,7297
8238,7419
8113,7552
8021,7697
7889,7837
7697,7945
7553,8002
7371,8128
7233,8216
7136,8295
6966,8239
6902,8319
6837,8369
6771,8305
6739,8201
6721,8193
6755,8089
6809,8006
6893,7869
6981,7840
7135,7680
7282,7558
7527,7426
7742,7291
7978,7131
8212,6993
8531,6873
8864,6762
9021,6650
9286,6588
9507,6559
9656,6529
9650,6552
9634,6564
9738,6605
9773,6674
9755,6751
9698,6859
9589,6979
9442,7055
9193,7174
9103,7299
8791,7388
8637,7541
8485,7691
8326,7820
8073,7860
7828,8020
7697,8157
7528,8274
7441,8378
7238,8441
7078,8559
6929,8601
6912,8602
6904,8605
6834,8602
6775,8523
6767,8470
6793,8408
6867,8310
6928,8192
6991,7992
7129,7838
7228,7685
7368,7467
7491,7281
7633,7072
7815,6976
8001,6879
8248,6767
8423,6663
8666,6605
8868,6616
8937,6630
9139,6675
9265,6698
9370,6752
9410,6784
9379,6914
9329,6984
9332,7060
9211,7199
9195,7250
8988,7281
8825,7385
8612,7498
8404,7578
8212,7678
8031,7734
7855,7776
7616,7836
7397,7887
7279,7920
7191,7925
7053,7976
6979,8067
6785,7875
6623,7778
6672,7820
6683,7815
6725,7799
6771,7695
6898,7608
6997,7551
7126,7429
7252,7332
7446,7223
7697,7088
7890,7050
8135,6907
8439,6824
8664,6728
8770,6633
9051,6567
9253,6535
9449,6517
9605,6542
9829,6560
9848,6611
10058,6704
10061,6790
10146,6861
10091,7007
9937,7141
9763,7248
9563,7446
9323,7630
9017,7732
8778,7841
8569,7970
8257,8058
7938,8130
7738,8262
7466,8348
7261,8369
7083,8382
6960,8428
6860,8466
6801,8395
6823,8359
6807,8297
6870,8196
6954,8161
7100,8022
7297,7900
7481,7809
7716,7696
7954,7575
8206,7427
8447,7265
8662,7149
8895,7039
9107,6834
9361,6762
9444,6681
9656,6580
9649,6556
9736,6520
9922,6569
10077,6629
10026,6740
9936,6843
9891,6997
9791,7142
9799,7356
9711,7572
9555,7738
9381,7986
9317,8257
9136,8429
8955,8568
8894,8696
8671,8887
8401,9029
8139,9146
7838,9271
7567,9352
7382,9379
7224,9267
7070,9173
6910,9173
6825,8926
6817,8877
6869,8661
7000,8511
7135,8332
7334,8208
7576,7998
7872,7825
8143,7653
8506,7431
8830,7247
9090,7068
9355,6942
9674,6776
10028,6728
10294,6689
10645,6628
10861,6577
10982,6582
10947,6646
10985,6675
10959,6721
11044,6851
11020,6943
11020,7023
10870,7116
10623,7283
10323,7431
10034,7653
9889,7886
9686,8115
9398,8429
9058,8686
8849,8802
8612,9078
8415,9303
8150,9394
7985,9529
7771,9613
7587,9656
7431,9731
7365,9571
7255,9507
7209,9363
7199,9215
7264,8987
7431,8834
7599,8569
7897,8323
8230,8071
8550,7941
8881,7663
9252,7467
9619,7238
9869,7056
10292,6940
10660,6887
10882,6807
11102,6760
11335,6782
11505,6826
11734,6870
11851,7047
11671,7193
11536,7348
11194,7472
10938,7621
10884,7821
10934,8028
10752,8222
10367,8398
9979,8710
9611,8993
9284,9271
8968,9508
8693,9764
8372,10007
8059,10173
7873,10289
7715,10416
7530,10561
7427,10656
7388,10779
7329,10750
7316,10714
7325,10537
7384,10313
7539,10077
7716,9772
7913,9574
8162,9270
8534,8982
8891,8632
9179,8335
9446,7989
9998,7753
10396,7525
10696,7274
10962,7160
11285,7066
11529,6988
11578,6962
11705,6935
11957,6993
12046,7066
12013,7175
11984,7288
11850,7456
11716,7592
11378,7767
11273,8004
11106,8306
10757,8663
10380,8917
9937,9233
9579,9446
9365,9632
9008,9806
8778,9923
8424,10002
8112,10098
7788,10357
7652,10369
7477,10327
7271,10362
7202,10298
7071,10310
7104,10224
7202,10093
7313,9690
7518,9334
7870,8997
8214,8811
8578,8567
8974,8279
9341,8025
9634,7706
9943,7478
10249,7269
10536,7153
10828,7008
11114,6932
11338,6885
11429,6890
11672,6960
11705,7078
11658,7260
11362,7437
11147,7612
10820,7942
10523,8241
10227,8547
9925,8841
9570,9014
9186,9355
8702,9656
8389,9945
8013,10376
7621,10773
7317,11027
6999,11270
6889,11442
6754,11558
6566,11584
6411,11469
6314,11448
6220,11295
6202,11002
6172,10767
6165,10516
6162,10239
6150,9922
6155,9645
6146,9338
6141,8922
6141,8554
6133,8252
6104,7964
6143,7661
6189,7448
6132,7180
6123,6959
6182,6863
6135,6807
6112,6811
6106,6789
6134,6910
6127,7026
6113,7287
6110,7485
6113,7754
6123,8077
6118,8345
6116,8584
6110,8808
6110,9095
6121,9259
6113,9323
6117,9364
6107,9403
6114,9354
6112,9292
6111,9184
6117,9144
6112,8980
6114,8778
6114,8727
6105,8610
6113,8433
6125,8302
6111,8064
6116,7915
6117,7693
6106,7495
6112,7334
6108,7093
6105,6895
6106,6722
6114,6496
6112,6358
6108,6269
6105,6206
6106,6180
6106,6188
6102,6177
6109,6186
6102,6183
6102,6190
6102,6175
6097,6195
6115,6187
6111,6185
6104,6162
6100,6170
6098,6173
6108,6152
6100,6122
6096,6068
6103,6079
6107,6059
6111,6068
6082,6062
6111,6064
6117,6060
6109,6057
6101,6064
6099,6062
6098,6061
6103,6056
6101,6058
6105,6060
6105,6055
6104,6059
6107,6053
6104,6048
6108,6057
6103,6055
6100,6066
6109,6046
6108,6064
6108,6053
6095,6063
6109,6054
6101,6053
6103,6056
6104,6063
6103,6048
6105,6053
6103,6062
6114,6056
6111,6060
6100,6068
6112,6039
6111,6057
6106,6045
6104,6053
6106,6051
6114,6053
6112,6045
6111,6058
6101,6038
6112,6050
6106,6055
6118,6054
6118,6057
6114,6046
6113,6054
6116,6057
6110,6047
6112,6050
6110,6047
6103,6043
6113,6045
6110,6049
6106,6053
6110,6044
6108,6047
6115,6057
6110,6050
6109,6041
6119,6054
6114,6051
6110,6054
6114,6046
6101,6053
6110,6059
6103,6055
6100,6050
6115,6041
6110,6044
6116,6044
6111,6062
6110,6036
6114,6058
6112,6041
6110,6047
6109,6049
6113,6049
6108,6045
6106,6056
6110,6042
6110,6042
6110,6050
6109,6061
6101,6036
6108,6051
6113,6054
6109,6045
6103,6049
6102,6051
6102,6039
6114,6052
6098,6046
6105,6053
6102,6040
6106,6045
6109,6063
6105,6045
6101,6042
6113,6044
6099,6047
6106,6041
6112,6035
6113,6048
6102,6048
6104,6047
6094,6053
6105,6054
6105,6052
6105,6061
6097,6058
6104,6053
6106,6068
6110,6052
6103,6049
6117,6039
6106,6052
6112,6053
6113,6050
6102,6050
6108,6047
6105,6057
6104,6060
6103,6034
6110,6044
6103,6062
6100,6044
6113,6038
6114,6051
6107,6054
6111,6037
6109,6056
6099,6059
6101,6060
6104,6047
6106,6053
6097,6054
6090,6051
6107,6029
6110,6047
6101,6042
6102,6037
6105,6057
6104,6061
6097,6038
6099,6055
6105,6054
6106,6047
6106,6023
6100,6049
6099,6036
6105,6056
6098,6054
6106,6058
6106,6045
6111,6064
6098,6058
6099,6047
6103,6055
6107,6049
6096,6050
6102,6049
6098,6049
6102,6045
6101,6048
6104,6042
6111,6046
6100,6041
6098,6040
6097,6042
6093,6047
6099,6052
6093,6055
6112,6057
6114,6043
6098,6050
6099,6057
6107,6045
6091,6048
6101,6047
6110,6037
6102,6036
6098,6059
6101,6036
6107,6015
6100,6048
6113,6040
6103,6038
6091,6029
6094,6055
6100,6037
6093,6037
6092,6050
6089,6042
6093,6053
6096,6050
6091,6039
6099,6059
6102,6057
6098,6044
6106,6056
6092,6057
6096,6050
6104,6050
6106,6038
6103,6049
6237,6186
6099,6050
6165,6113
6060,6026
6163,6126
6109,6062
6086,6042
6086,6042
6090,6044
6101,6044
6096,6061
6095,6033
6097,6056
6097,6041
6102,6051
6080,6036
6098,6046
6101,6057
6106,6053
6102,6057
6098,6053
6098,6058
6099,6056
6105,6057
6101,6062
6103,6042
6100,6050
6101,6040
6096,6046
6096,6049
6072,6005
6115,6052
6110,6057
6107,6052
6096,6053
6104,6045
6108,6024
6111,6049
6107,6062
6108,6056
6099,6042
6102,6057
6101,6041
6110,6044
6113,6042
6102,6046
6109,6064
6084,6046
6102,6053
6106,6049
6103,6048
6106,6059
6095,6053
6105,6062
6110,6044
6106,6046
6110,6056
6107,6026
6109,6061
6120,6061
6105,6050
6111,6036
6105,6051
6126,6050
6104,6048
6108,6065
6108,6045
6103,6047
6098,6055
6109,6041
6108,6048
6105,6040
6106,6053
6101,6053
6101,6031
6105,6055
6101,6049
6102,6056
6094,6057
6103,6056
6107,6046
6105,6026
6088,6050
6102,6051
6106,6051
6109,6051
6100,6052
6098,6051
6114,6052
6100,6058
6102,6038
6096,6044
6112,6045
6107,6044
6098,6051
6101,6041
6111,6046
6098,6038
6108,6037
6102,6040
6100,6043
6104,6054
6106,6048
6096,6042
6103,6046
6101,6039
6107,6055
6093,6034
6101,6053
6103,6047
6098,6040
6105,6055
6100,6054
6105,6061
6106,6040
6098,6048
6102,6048
6096,6043
6098,6041
6101,6031
6107,6050
6100,6048
6106,6047
6097,6053
6103,6050
6105,6051
6111,6053
6110,6022
6111,6025
6115,6060
6101,6040
6099,6049
6107,6054
6105,6057
6102,6054
6117,6050
6104,6052
6109,6050
6105,6045
6107,6056
6110,6048
6111,6056
6105,6052
6108,6032
6107,6043
6114,6043
6107,6053
6115,6050
6118,6061
6096,5818
6112,6044
6110,6042
6117,6042
6113,6057
6117,6049
6112,6050
6101,6054
6112,6056
6117,6042
6112,6043
6112,6039
6113,6082
6121,6042
6117,6052
6107,6043
6104,6063
6108,6045
6112,6042
6109,6037
6106,6049
6111,6064
6112,6050
6110,5954
6107,6055
6106,6044
6106,6051
6107,6047
6107,6035
6117,6053
6112,6054
6107,6053
6105,6055
6103,6050
6105,6041
6114,6059
6112,6048
6110,6052
6107,6056
6100,6052
6111,6049
6107,6035
6113,6049
6113,6048
6120,6048
6114,6041
6112,6067
6103,6040
6108,6050
6108,6036
6119,6058
6111,6051
6110,6063
6101,6052
6104,6041
6103,6050
6114,6052
6107,6047
6116,6055
6108,6042
6108,6039
6113,6050
6106,6052
6119,6050
6123,6043
6094,6036
6111,6044
6105,6052
6108,6050
6108,6062
6108,6045
6095,6059
6113,6041
6112,6055
6121,6057
6097,6028
6118,6053
6106,6057
6116,6059
6106,6039
6108,6054
6119,6049
6116,6054
6099,6055
6113,6046
6114,6057
6114,6051
6113,6048
6118,6052
6118,6063
6114,6062
6115,6063
6119,6051
6112,6048
6119,6059
6123,6059
6107,6060
6111,6047
6110,6060
6119,6050
6108,6061
6107,6058
6128,6053
6117,6061
6120,6056
6112,6056
6122,6051
6113,6058
6124,6053
6119,6044
6110,6056
6120,6061
6119,6061
6117,6058
6116,6057
6115,6052
6115,6052
6117,6058
6109,6054
6118,6057
6116,6055
6113,6062
6112,6054
6112,6054
6116,6056
6115,6059
6120,6042
6113,6050
6111,6055
6114,6046
6116,6050
6117,6055
6114,6058
6113,6053
6115,6056
6114,6052
6113,6065
6107,6054
6115,6059
6117,6053
6124,6057
6111,6055
6113,6059
6114,6067
6115,6054
6115,6054
6120,6062
6117,6058
6110,6058
6115,6063
6111,6063
6056,6025
6112,6058
6052,5965
6117,6044
6049,5996
6117,6048
6118,6041
6116,6059
6029,5993
6121,6062
6161,6071
6124,6040
5992,5945
6120,6056
6193,6052
6127,6099
6127,6099
6160,6079
6123,6064
6122,6061
6132,6081
6134,6070
6116,6052
6176,6098
6021,6082
6129,6070
6147,6110
6145,6076
6150,6093
6150,6120
6069,6011
6118,6070
6093,6051
6147,6089
6111,6076
6110,6077
6099,6057
6123,6078
6123,6078
6116,6050
6112,6054
6106,6039
6100,6058
6098,6043
6119,6064
6098,6050
6129,6071
6106,6036
6095,6042
6133,6042
0,29
0,61680
0,0
6142,6064
5602,5566
5606,5578
5605,5578
5604,5577
5607,5574
5601,5581
5596,5583
5597,5576
5820,5757
6325,6295
6288,6301
6283,6304
6294,6299
6283,6291
6287,6292
6289,6344
6292,6296
6280,6312
6283,6308
6279,6310
6290,6305
6285,6317
6296,6309
6286,6321
6292,6299
6289,6304
6284,6311
6293,6306
6299,6304
6308,6309
6279,6317
6293,6298
6290,6310
6302,6290
6295,6305
6296,6304
6281,6313
6281,6317
6290,6327
6283,6308
6272,6291
6297,6288
6280,6321
6294,6318
6279,6297
6276,6320
6288,6320
6281,6326
6276,6285
6291,6294
6295,6312
6304,6300
6294,6321
6286,6308
6296,6308
6310,6308
6305,6304
6298,6316
6272,6322
6308,6331
6305,6327
6286,6331
6303,6321
6286,6305
6282,6310
6354,6321
6424,6442
6247,6275
6239,6258
6312,6316
6278,6332
6271,6344
6269,6312
6276,6318
6291,6297
6283,6308
6284,6290
6280,6324
6288,6320
6284,6300
6303,6304
6291,6310
6274,6314
6280,6293
6291,6287
6290,6309
6284,6306
6268,6303
6267,6298
6274,6313
6273,6318
6270,6319
6314,6324
6292,6312
6292,6319
6294,6313
6273,6300
6270,6330
6292,6312
6290,6321
6260,6308
6301,6314
6281,6322
6275,6310
6273,6300
6261,6299
6273,6304
6275,6330
6266,6315
6260,6333
6278,6317
6273,6335
6271,6321
6278,6321
6274,6342
6289,6327
6288,6327
6281,6310
6270,6330
6282,6321
6299,6311
6305,6348
6285,6336
6279,6336
6285,6301
6276,6329
6288,6323
6289,6310
6276,6311
6272,6291
6256,6316
6271,6302
6272,6307
6279,6325
6285,6325
6283,6329
6275,6332
6295,6310
6280,6321
6290,6313
6275,6323
6262,6323
6273,6336
6264,6335
6276,6340
6286,6345
6263,6299
6265,6321
6269,6332
6283,6325
6280,6330
6256,6319
6276,6341
6298,6359
6284,6353
6288,6366
6299,6375
6287,6368
6276,6359
6264,6345
6281,6337
6265,6333
6254,6324
6267,6350
6264,6350
6294,6356
6274,6338
6283,6314
6289,6332
6279,6354
6265,6343
6273,6322
6258,6342
6266,6310
6275,6346
6268,6335
6280,6341
6266,6347
6281,6374
6273,6339
6274,6339
6266,6362
6272,6336
6257,6326
6253,6333
6269,6342
6283,6334
6264,6331
6257,6333
6268,6341
6268,6349
6266,6331
6261,6343
6273,6334
6268,6321
6267,6346
6273,6345
6246,6331
6250,6336
6259,6340
6276,6322
6266,6317
6273,6343
6266,6345
6264,6363
6254,6352
6266,6338
6257,6349
6258,6342
6264,6370
6256,6346
6270,6329
6270,6370
6260,6334
6257,6353
6263,6378
6259,6380
6273,6390
6260,6362
6264,6373
6241,6363
6257,6344
6243,6360
6225,6356
6246,6364
6245,6341
6250,6377
6256,6341
6247,6330
6247,6332
6245,6348
6246,6340
6247,6360
6230,6353
6242,6343
6230,6378
6247,6340
6257,6330
6244,6336
6246,6330
6239,6346
6244,6373
6244,6374
6247,6368
6252,6379
6239,6361
6248,6372
6231,6365
6236,6373
6244,6390
6248,6360
6250,6356
6250,6350
6246,6357
6250,6342
6239,6388
6244,6352
6225,6346
6243,6363
6245,6341
6248,6343
6231,6345
6233,6344
6217,6340
6215,6336
6219,6343
6239,6329
6232,6324
6248,6354
6231,6372
6225,6359
6239,6352
6240,6354
6233,6375
6250,6361
6246,6365
6232,6380
6224,6387
6214,6371
6222,6360
6243,6342
6241,6364
6243,6354
6243,6356
6229,6354
6236,6346
6223,6355
6228,6356
6232,6372
6226,6371
6234,6355
6211,6351
6230,6339
6225,6364
6220,6351
6236,6375
6234,6379
6219,6385
6215,6351
6214,6381
6235,6366
6230,6376
6237,6379
6230,6369
6217,6345
6214,6346
6223,6352
6215,6365
6229,6377
6221,6349
6207,6353
6217,6334
6223,6348
6224,6361
6229,6359
6228,6388
6216,6385
6208,6373
6232,6365
6235,6376
6226,6368
6226,6400
6223,6391
6223,6406
6222,6373
6210,6361
6222,6350
6222,6368
6225,6368
6225,6358
6222,6360
6228,6356
6212,6362
6227,6367
6063,6235
6438,6533
6233,6299
6189,6323
6118,6284
6218,6345
6240,6355
6222,6358
6231,6376
6210,6368
6227,6362
6222,6350
6225,6361
6222,6365
6213,6361
6218,6343
6221,6353
6214,6356
6210,6368
6220,6364
6218,6356
6227,6354
6214,6356
6223,6373
6232,6378
6222,6372
6228,6369
6205,6366
6214,6378
6220,6372
6209,6385
6213,6364
6218,6350
6224,6360
6208,6360
6206,6370
6218,6368
6223,6353
6202,6374
6211,6380
6214,6354
6202,6358
6213,6369
6219,6369
6215,6378
6214,6370
6200,6390
6212,6378
6209,6382
6203,6422
6202,6406
6193,6388
6212,6396
6191,6370
6203,6358
6213,6363
6203,6378
6206,6380
6210,6377
6206,6365
6199,6366
6214,6352
6203,6360
6217,6383
6210,6369
6200,6364
6205,6364
6204,6374
6199,6379
6225,6384
6211,6385
6205,6359
6204,6375
6196,6360
6206,6355
6210,6372
6208,6362
6199,6358
6216,6368
6212,6366
6198,6370
6203,6356
6198,6342
6204,6353
6204,6360
6214,6368
6196,6354
6204,6360
6207,6357
6214,6370
6205,6369
6211,6363
6217,6372
6206,6355
6204,6376
6208,6385
6217,6372
6203,6374
6210,6377
6197,6389
6207,6385
6212,6388
6214,6385
6198,6384
6209,6400
6215,6389
6201,6395
6216,6388
6191,6378
6210,6392
6231,6379
6190,6353
6214,6381
6191,6390
6208,6403
6215,6398
6212,6397
6207,6383
6216,6378
6210,6378
6209,6404
6204,6374
6208,6387
6212,6395
6206,6385
6200,6354
6204,6373
6190,6384
6204,6377
6189,6373
6216,6368
6208,6362
6199,6363
6216,6356
6214,6346
6216,6364
6211,6362
6198,6361
6194,6380
6203,6356
6204,6383
6207,6383
6196,6401
6203,6367
6202,6389
6218,6387
6200,6378
6216,6403
6188,6378
6196,6370
6203,6352
6199,6351
6201,6329
6215,6368
6207,6341
6217,6371
6222,6374
6200,6379
6197,6394
6200,6401
6204,6378
6204,6369
6203,6386
6202,6392
6203,6381
6190,6368
6207,6386
6212,6371
6214,6374
6208,6353
6203,6369
6208,6368
6198,6352
6202,6363
6190,6387
6209,6376
6206,6359
6202,6363
6213,6342
6203,6345
6197,6358
6210,6369
6198,6366
6197,6354
6203,6346
6203,6345
6206,6355
6202,6343
6203,6378
6211,6358
6208,6366
6207,6364
6212,6376
6209,6393
6217,6357
6198,6385
6203,6364
6206,6367
6222,6370
6202,6356
6211,6338
6213,6347
6208,6336
6215,6368
6206,6348
6218,6342
6206,6359
6219,6342
6209,6337
6206,6355
6214,6360
6198,6353
6204,6356
6204,6359
6189,6357
6208,6346
6190,6368
6203,6371
6210,6356
6206,6343
6210,6324
6218,6331
6208,6337
6198,6343
6208,6344
6200,6335
6195,6348
6195,6347
6207,6332
6207,6323
6216,6330
6207,6321
6210,6327
6210,6325
6209,6351
6218,6329
6220,6335
6213,6336
6216,6339
6206,6326
6219,6338
6212,6325
6207,6337
6206,6321
6204,6340
6203,6342
6211,6314
6207,6319
6230,6345
6227,6338
6208,6318
6207,6322
6207,6325
6207,6307
6215,6305
6203,6288
6216,6294
6215,6304
6226,6293
6222,6327
6218,6319
6216,6315
6214,6324
6223,6323
6215,6343
6215,6320
6218,6339
6070,6203
6150,6291
6214,6320
6227,6346
6240,6317
6239,6338
6189,6308
6243,6358
6221,6348
6247,6356
6226,6311
6241,6329
6252,6319
6251,6303
6269,6336
6256,6335
6272,6329
6278,6316
6288,6336
6303,6326
6322,6333
6346,6312
6351,6322
6380,6338
6418,6340
6432,6337
6459,6358
6471,6344
6499,6328
6533,6327
6557,6320
6587,6339
6616,6334
6636,6322
6688,6340
6733,6363
6807,6340
6915,6323
7044,6323
7209,6320
7399,6321
7580,6328
7722,6314
7880,6319
7928,6309
7849,6303
7815,6303
7816,6286
7815,6307
7822,6330
7939,6303
8061,6336
8093,6316
8057,6316
7963,6337
7856,6348
7734,6344
7565,6353
7435,6355
7316,6355
7199,6398
7156,6446
7048,6473
6957,6491
6899,6529
6812,6567
6823,6589
6823,6632
6858,6688
6880,6750
6917,6763
7030,6771
7193,6792
7361,6819
7548,6797
7662,6789
7871,6767
8019,6768
8189,6745
8299,6722
8455,6690
8592,6666
8791,6674
8992,6653
9153,6653
9295,6665
9303,6656
9371,6623
9372,6658
9435,6700
9423,6728
9363,6758
9246,6845
9080,6924
8873,6987
8650,7090
8537,7173
8371,7247
8162,7313
7972,7432
7718,7515
7500,7636
7341,7714
7182,7756
7044,7738
6994,7722
6952,7726
6907,7715
7029,7664
7098,7562
7227,7514
7356,7515
7543,7454
7777,7376
8036,7272
8309,7215
8642,7178
9022,7083
9385,6997
9732,6933
10072,6865
10426,6793
10697,6753
11003,6735
11054,6708
11242,6719
11439,6744
11485,6778
11323,6844
11189,6877
10913,7035
10688,7178
10437,7303
10127,7439
9810,7585
9426,7792
9031,7988
8678,8152
8434,8365
8131,8496
7830,8477
7595,8594
7409,8729
7281,8796
7114,8798
7021,8818
6970,8807
6917,8845
6915,8755
6923,8665
6992,8638
7080,8485
7162,8360
7285,8225
7403,8055
7618,7924
7819,7709
8090,7514
8284,7339
8648,7179
8886,7032
9132,6891
9454,6825
9833,6760
9900,6787
9995,6801
10069,6863
10217,6951
10350,7077
10430,7287
10352,7475
10241,7647
9930,7851
9705,8031
9552,8278
9311,8526
9031,8730
8813,8919
8528,9027
8302,8993
8023,9121
7850,9155
7592,9230
7367,9145
7190,9080
7034,9068
6940,9100
6908,9041
6915,8970
6960,8911
7039,8668
7175,8539
7316,8441
7499,8311
7676,8187
7893,8047
8097,7880
8272,7695
8485,7573
8763,7383
8915,7238
9072,7070
9177,6928
9321,6830
9382,6771
9458,6742
9499,6721
9492,6786
9475,6872
9311,6969
9351,7143
9387,7296
9246,7466
9151,7698
9120,7958
8989,8161
8796,8336
8492,8561
8375,8750
8143,8917
7947,9050
7731,9243
7565,9360
7375,9478
7190,9525
7002,9622
6882,9537
6791,9436
6731,9374
6692,9389
6714,9184
6770,8931
6826,8750
6911,8467
6986,8273
7134,8046
7297,7813
7448,7646
7611,7413
7734,7161
7930,7103
8153,6991
8392,6867
8586,6752
8785,6703
9002,6661
9203,6622
9243,6636
9378,6624
9529,6623
9467,6652
9422,6725
9415,6819
9369,6915
9304,6996
9078,7131
9039,7272
8851,7407
8687,7573
8543,7739
8360,7929
8209,8071
8072,8171
7896,8241
7778,8362
7627,8393
7419,8386
7294,8425
7123,8476
6506,7891
6799,8313
6509,8085
6709,8333
6731,8311
6677,8149
6749,8084
6717,7881
6820,7789
6965,7714
7111,7558
7283,7444
7447,7285
7624,7131
7794,7014
7958,6878
8157,6790
8347,6704
8559,6637
8688,6600
8832,6629
8874,6636
8910,6635
8955,6715
8984,6774
8974,6834
9018,6916
8919,7016
8814,7100
8666,7171
8512,7312
8425,7450
8234,7610
8111,7737
7902,7835
7691,7952
7544,8073
7423,8125
7249,8221
7134,8274
6993,8383
6830,8473
6765,8508
6674,8512
6638,8481
6605,8497
6611,8450
6624,8367
6675,8200
6732,8094
6833,7907
6938,7828
7053,7636
7120,7518
7250,7397
7389,7219
7516,7071
7692,6937
7826,6814
7942,6701
8050,6642
8195,6587
8339,6566
8409,6513
8378,6538
8369,6550
8440,6642
8358,6662
8355,6704
8390,6761
8292,6864
8199,6966
8082,7101
8089,7217
7906,7328
7776,7456
7699,7520
7581,7636
7495,7719
7372,7855
7200,7895
7115,7946
6957,8000
6841,8016
6761,8076
6697,8071
6643,8022
6605,7950
6612,7852
6668,7792
6719,7699
6778,7620
6874,7528
7021,7406
7159,7286
7371,7186
7532,7064
7713,6939
7867,6857
8007,6714
8201,6663
8370,6605
8421,6543
8607,6500
8718,6488
8761,6508
8761,6534
8792,6577
8848,6614
8779,6671
8732,6736
8601,6825
8534,6899
8448,6947
8260,7010
8168,7106
8034,7250
7824,7396
7680,7445
7594,7575
7486,7667
7377,7796
7292,7863
7183,7983
7113,8106
7006,8100
6927,8115
6853,8199
6780,8141
6690,8111
6690,8025
6665,7969
6688,7928
6736,7778
6795,7664
6890,7574
7005,7418
7169,7285
7328,7138
7497,7034
7674,6914
7869,6801
7991,6744
8123,6647
8306,6619
8383,6585
8422,6548
8435,6519
8493,6509
8463,6525
8417,6580
8379,6646
8375,6713
8327,6750
8267,6825
8142,6913
8112,6960
8021,7001
7875,7081
7801,7142
7674,7266
7564,7335
7403,7391
7311,7527
7177,7604
7068,7680
6950,7765
6804,7833
6746,7856
6696,7896
6662,7955
6661,7936
6667,7961
6693,7875
6719,7821
6782,7696
6855,7630
6930,7475
7029,7331
7163,7219
7273,7046
7467,6965
7712,6853
7854,6733
8059,6632
8242,6622
8393,6601
8573,6579
8666,6571
8806,6586
8859,6659
8862,6710
8959,6796
9011,6827
8975,6815
8937,6908
8914,7036
8770,7119
8538,7177
8370,7282
8257,7448
8129,7519
8096,7686
7857,7842
7698,7928
7532,8014
7373,8115
7220,8197
7122,8287
6973,8301
6871,8328
6827,8374
6762,8315
6732,8200
6717,8173
6743,8104
6806,7969
6882,7872
6979,7810
7139,7670
7272,7552
7483,7411
7710,7266
7979,7109
8254,6993
8530,6868
8844,6744
9083,6658
9294,6579
9508,6554
9651,6515
9645,6569
9661,6558
9725,6605
9758,6663
9746,6747
9651,6869
9566,6945
9351,7056
9207,7184
9074,7296
8808,7360
8672,7546
8482,7704
8343,7787
8111,7907
7827,8062
7647,8143
7560,8251
7408,8422
7230,8458
7117,8548
6937,8573
6906,8615
6914,8601
6841,8623
6756,8531
6771,8433
6772,8401
6851,8297
6934,8140
7022,7981
7110,7843
7232,7675
7368,7466
7468,7281
7609,7072
7783,6944
7886,6797
8194,6648
8498,6659
8678,6728
8873,6663
8992,6609
9142,6660
9276,6717
9324,6734
9412,6802
9418,6928
9353,6971
9307,7081
9271,7192
9185,7226
8980,7304
8814,7384
8596,7476
8359,7554
8213,7654
8047,7730
7823,7797
7604,7821
7419,7843
7290,7916
7093,7983
6985,7960
6861,7944
6792,7892
6710,7867
6686,7865
6708,7829
6700,7791
6785,7685
6891,7609
7015,7575
7098,7464
7276,7334
7473,7210
7677,7129
7931,7037
8135,6897
8421,6820
8652,6728
8753,6632
9013,6571
9372,6542
9480,6515
9620,6533
9816,6531
9882,6598
10046,6670
10119,6794
10104,6872
10103,7031
9914,7100
9751,7262
9543,7456
9336,7581
9006,7745
8759,7842
8557,7957
8226,8080
7997,8147
7723,8255
7459,8359
7269,8353
7094,8427
6952,8426
6835,8436
6802,8399
6801,8361
6826,8272
6873,8234
6950,8112
7088,8071
7277,7911
7459,7807
7737,7690
7990,7576
8214,7417
8402,7276
8640,7169
8888,7023
9104,6854
9399,6761
9461,6676
9636,6608
9668,6547
9732,6539
9941,6547
10030,6608
10002,6715
9939,6834
9867,6992
9770,7131
9787,7358
9745,7581
9534,7738
9409,7985
9274,8262
9135,8440
8963,8600
8908,8705
8643,8892
8398,9064
8160,9138
7838,9252
7585,9308
7364,9399
7206,9345
7072,9191
6926,9138
6849,8958
6795,8879
6842,8646
6991,8490
7137,8353
7343,8143
7565,8027
7871,7825
8179,7681
8476,7449
8761,7215
9137,7064
9399,6936
9679,6805
10021,6733
10303,6672
10616,6629
10883,6573
11004,6580
10992,6627
10955,6661
10951,6722
11022,6849
11016,6904
10960,7004
10762,7119
10585,7274
10335,7426
10069,7630
9954,7899
9721,8202
9358,8387
9069,8649
8872,8810
8648,9067
8444,9283
8174,9427
7978,9533
7781,9597
7586,9698
7423,9699
7367,9583
7265,9455
7201,9365
7185,9193
7251,8993
7403,8751
7629,8549
7863,8339
8187,8106
8532,7930
8828,7671
9293,7486
9609,7273
9901,7056
10309,6914
10671,6901
10864,6824
11130,6771
11308,6783
11506,6816
11675,6905
11816,7023
11690,7182
11519,7324
11194,7469
10934,7623
10914,7843
10955,8038
10769,8206
10375,8433
10027,8686
9627,8967
9293,9290
8973,9512
8718,9801
8351,9986
8121,10192
7907,10308
7684,10398
7543,10575
7395,10655
7382,10733
7359,10737
7279,10675
7294,10538
7415,10305
7512,10068
7724,9740
7902,9593
8215,9324
8521,8991
8921,8633
9144,8296
9467,8022
9979,7745
10344,7507
10701,7312
11018,7137
11355,7034
11596,7008
11645,6951
11759,6952
11961,6991
12020,7073
12061,7144
11965,7331
11864,7443
11731,7611
11373,7785
11204,8004
11078,8279
10830,8610
10381,8915
9961,9171
9629,9446
9360,9662
8988,9809
8697,9935
8412,10015
8132,10183
7817,10368
7646,10378
7469,10293
7273,10321
7210,10256
7122,10276
7093,10247
7192,10075
7329,9684
7529,9352
7895,9036
8193,8791
8590,8590
8922,8285
9363,7994
9688,7744
9934,7480
10219,7297
10535,7147
10807,7027
11114,6949
11272,6913
11438,6900
11673,6969
11711,7090
11638,7213
11416,7417
11100,7626
10834,7924
10454,8263
10163,8579
9936,8837
9560,8562
9135,9357
8758,9749
8413,9944
8011,10492
7633,10734
7309,10995
7033,11267
6861,11460
6731,11529
6592,11657
6420,11432
6300,11371
6213,11279
6189,11083
6169,10819
6159,10556
6164,10261
6159,9916
6142,9671
6151,9352
6142,8960
6135,8525
6131,8293
6135,7938
6139,7693
6126,7409
6143,7201
6135,6951
6135,6814
6124,6777
6112,6771
6116,6805
6120,6884
6124,7064
6114,7224
6114,7470
6112,7762
6126,8066
6119,8366
6124,8600
6111,8837
6115,9066
6122,9247
6113,9361
6108,9425
6112,9434
6108,9357
6119,9251
6102,9182
6109,9157
6117,8975
6114,8800
6113,8711
6104,8618
6110,8462
6116,8343
6109,8074
6107,7945
6115,7702
6105,7487
6113,7307
6104,7092
6106,6859
6112,6699
6109,6501
6104,6361
6101,6260
6111,6223
6110,6199
6099,6192
6111,6184
6108,6189
6102,6187
6107,6176
6104,6188
6105,6173
6112,6174
6103,6179
6102,6153
6108,6157
6093,6167
6107,6160
6099,6117
6097,6086
6101,6080
6104,6073
6110,6049
6094,6031
6102,6065
6105,6067
6099,6066
6106,6058
6110,6061
6102,6073
6102,6064
6106,6055
6103,6060
6096,6048
6098,6057
6107,6067
6105,6052
6104,6055
6094,6055
6097,6063
6110,6058
6110,6060
6104,6062
6104,6064
6095,6063
6097,6063
6105,6055
6105,6058
6111,6065
6113,6057
6110,6063
6118,6067
6113,6063
6101,6053
6104,6058
6113,6043
6111,6063
6105,6059
6105,6057
6113,6057
6111,6060
6116,6045
6100,6048
6117,6060
6104,6047
6108,6049
6115,6045
6110,6060
6114,6052
6123,6048
6106,6044
6106,6035
6110,6053
6109,6056
6112,6050
6105,6055
6112,6045
6110,6055
6112,6050
6105,6051
6099,6030
6102,6052
6108,6063
6111,6049
6111,6049
6112,6045
6106,6055
6106,6063
6105,6062
6110,6052
6114,6048
6116,6042
6107,6049
6110,6046
6109,6057
6114,6096
6103,6047
6110,6056
6107,6042
6112,6050
6110,6037
6107,6039
6114,6041
6108,6047
6107,6052
6113,6048
6105,6047
6109,6046
6117,6050
6106,6047
6104,6043
6106,6039
6101,6061
6104,6058
6105,6048
6104,6053
6101,6051
6107,6055
6112,6052
6110,6043
6102,6045
6101,6057
6096,6046
6100,6029
6110,6052
6111,6049
6099,6045
6103,6047
6100,6045
6101,6051
6103,6054
6095,6041
6104,6051
6107,6049
6110,6051
6108,6058
6104,6053
6108,6047
6101,6044
6117,6045
6109,6043
6100,6045
6095,6053
6106,6061
6108,6048
6110,6028
6100,6048
6097,6060
6099,6050
6106,6047
6126,6049
6109,6055
6112,6045
6110,6053
6101,6047
6098,6056
6104,6055
6112,6044
6102,6047
6097,6042
6115,6044
6109,6055
6104,6063
6102,6047
6097,6057
6107,6050
6096,6055
6096,6054
6096,6052
6101,5924
6112,6060
6097,6039
6092,6052
6103,6059
6099,6035
6108,6063
6118,6049
6106,6036
6102,6061
6096,6047
6100,6045
6104,6084
6106,6044
6110,6060
6088,6031
6103,6048
6096,6046
6102,6039
6111,6057
6110,6050
6102,6047
6097,6051
6097,6045
6096,6043
6098,6051
6107,6053
6106,6056
6109,6051
6104,6052
6111,6055
6096,6053
6105,6050
6112,6049
6149,6096
6122,6049
6133,6074
6157,6067
6177,6103
6151,6091
6098,6062
6102,6075
6109,6066
6105,6058
6093,6043
6094,6030
6102,6054
6092,6058
6120,6052
6092,6050
6100,6040
6101,6042
6099,6033
6108,6055
6095,6049
6094,6043
6099,6047
6104,6043
6103,6053
6094,6047
6104,6050
6095,6057
6092,6047
6104,6045
6095,6056
6093,6054
6101,6060
6096,6048
6101,6043
6097,6043
6094,6047
6107,6227
6101,6042
6107,6045
6093,6050
6088,6048
6107,6055
6102,6057
6093,6047
6106,6038
6101,6042
6102,6054
6110,6051
6106,6058
6101,6047
6107,6048
6107,6042
6094,6045
6097,6050
6099,6054
6104,6051
6106,6055
6101,6059
6098,6041
6114,6057
6112,6052
6111,6046
6105,6062
6106,6053
6103,6042
6098,6037
6103,6105
6106,6057
6115,6049
6101,6060
6102,6066
6094,6030
6101,6038
6107,6059
6104,6037
6116,6055
6102,6050
6106,6056
6109,6056
6102,6041
6111,6060
6106,6044
6107,6051
6116,6052
6105,6052
6112,6053
6108,6059
6107,6054
6103,6054
6106,6061
6108,6054
6099,6063
6096,6065
6108,6035
6101,6042
6108,6049
6109,6054
6096,6043
6106,6046
6111,6060
6105,6045
6112,6043
6103,6062
6095,6048
6108,6047
6108,6086
6097,6041
6096,6058
6109,6055
6103,6058
6101,6035
6103,6053
6114,6054
6105,6043
6099,6045
6101,6049
6099,6032
6111,6055
6098,6054
6101,6038
6108,6050
6102,6053
6108,6033
6100,6055
6101,6057
6092,6055
6110,6047
6101,6051
6100,6052
6103,6053
6085,6055
6098,6057
6105,6051
6104,6053
6110,6037
6100,6059
6105,6042
6103,6044
6097,6058
6101,6051
6107,6051
6093,6054
6097,6051
6102,6050
6101,6049
6095,6047
6107,6047
6105,6047
6108,6037
6105,6036
6108,6056
6115,6041
6110,6044
6116,6052
6097,6042
6103,6052
6098,6048
6109,6038
6112,6049
6118,6057
6103,6048
6117,6047
6111,6054
6106,6039
6113,6046
6097,6051
6104,6058
6116,6047
6110,6046
6107,6056
6114,6037
6115,6049
6115,6054
6117,6041
6117,6052
6106,6057
6107,6043
6120,6056
6110,6060
6112,6056
6120,6061
6108,6048
6121,6037
6110,6054
6107,6041
6119,6042
6110,6043
6119,6042
6103,6057
6107,6061
6108,6060
6107,6052
6108,6047
6101,6053
6110,6063
6109,6045
6105,6041
6111,6044
6105,6052
6104,6052
6110,6050
6119,6040
6112,6062
6110,6048
6105,6050
6109,6055
6102,6047
6113,6043
6125,6058
6114,6059
6102,6043
6105,6095
6102,6056
6117,6061
6109,6046
6112,6056
6124,6025
6109,6044
6117,6057
6108,6061
6107,6038
6107,6047
6099,6037
6114,6049
6113,6048
6111,6054
6107,6054
6116,6047
6114,6042
6110,6039
6109,6051
6111,6047
6112,6052
6114,6046
6115,6060
6103,6032
6111,6049
6113,6043
6099,6045
6113,6053
6110,6062
6116,6057
6115,6046
6118,6050
6099,6057
6115,6052
6114,6060
6108,6057
6106,6047
6102,6039
6112,6051
6120,6059
6109,6043
6107,6054
6122,6058
6111,6050
6099,6045
6113,6061
6113,6048
6115,6050
6112,6044
6112,6038
6118,6063
6117,6059
6114,6056
6120,6042
6112,6039
6112,6060
6247,6248
6167,6068
6131,6096
6066,5947
6050,6002
6163,6094
6094,6029
6106,6058
6132,6073
6123,6039
6105,6039
6118,6058
6112,6052
6118,6049
6112,6064
6117,6053
6121,6065
6128,6061
6115,6059
6118,6047
6107,6054
6118,6056
6113,6050
6110,6056
6120,6053
6115,6039
6115,6058
6118,6050
6117,6057
6122,6040
6110,6061
6122,6053
6113,6052
6114,6049
6121,6058
6120,6050
6112,6044
6116,6055
6117,6066
6117,6066
6118,6045
6109,6057
6120,6049
6120,6048
6120,6058
6113,6054
6108,6059
6112,6055
6111,6063
6117,6047
6116,6076
6119,6054
6120,6060
6110,6059
6111,6054
6117,6055
6116,6052
6114,6046
6105,6042
6118,6052
6115,6053
6115,6053
6111,6065
6117,6058
6119,6050
6113,6066
6114,6063
6115,6061
6111,6068
6122,6057
6115,6050
6109,6062
6115,6058
6114,6059
6116,6040
6108,6062
6110,6056
6116,6051
6111,6058
6119,6051
6121,6042
6111,6061
6114,6061
6114,6061
6117,6055
6114,6067
6117,6054
6117,6055
6119,6052
6119,6054
6112,6056
6119,6052
6122,6037
6118,6044
6113,6056
6118,6047
6109,6062
6114,6050
6110,6048
6116,6064
6116,6061
6110,6058
6111,6064
6110,6054
6115,6061
6115,6061
0,35
0,61680
0,0
6121,6057
5602,5570
5598,5578
5607,5574
5586,5577
5602,5584
5605,5576
5600,5578
5598,5576
5822,5758
6324,6292
6281,6305
6285,6309
6290,6295
6285,6292
6288,6297
6295,6289
6281,6313
6280,6315
6288,6309
6283,6308
6291,6331
6283,6320
6278,6313
6289,6305
6296,6307
6308,6305
6288,6312
6297,6306
6297,6303
6303,6298
6283,6320
6280,6296
6278,6286
6285,6293
6291,6303
6293,6313
6270,6309
6286,6307
6295,6320
6287,6307
6271,6294
6279,6297
6456,6463
6276,6295
6122,6294
6233,6140
6398,6431
6323,6388
6312,6334
6286,6301
6299,6306
6290,6314
6281,6304
6290,6299
6289,6300
6290,6318
6295,6306
6310,6319
6279,6322
6307,6314
6294,6330
6291,6324
6286,6324
6274,6309
6279,6307
6290,6308
6301,6319
6303,6308
6292,6311
6304,6314
6287,6324
6268,6329
6289,6336
6280,6321
6287,6318
6274,6338
6281,6319
6283,6319
6290,6319
6287,6312
6301,6295
6299,6309
6296,6312
6272,6311
6279,6293
6281,6312
6282,6294
6270,6304
6270,6292
6271,6324
6271,6330
6292,6334
6295,6321
6299,6295
6302,6324
6287,6322
6270,6308
6282,6333
6280,6327
6278,6317
6268,6317
6291,6331
6289,6322
6295,6312
6282,6315
6280,6316
6287,6329
6289,6321
6281,6315
6271,6329
6265,6315
6259,6321
6270,6336
6281,6313
6287,6332
6295,6324
6290,6314
6272,6319
6264,6305
6296,6320
6316,6324
6299,6353
6279,6343
6293,6342
6266,6324
6270,6325
6283,6317
6285,6316
6287,6317
6268,6306
6268,6317
6274,6287
6274,6302
6279,6327
6281,6319
6281,6321
6286,6308
6284,6325
6280,6318
6292,6328
6278,6325
6263,6325
6273,6318
6280,6322
6294,6330
6283,6328
6281,6310
6264,6313
6280,6325
6283,6327
6268,6333
6272,6322
6286,6328
6298,6347
6291,6347
6297,6372
6293,6359
6292,6367
6284,6341
6269,6333
6280,6317
6266,6337
6264,6353
6266,6349
6266,6338
6280,6330
6266,6330
6277,6321
6278,6321
6276,6336
6260,6320
6261,6317
6247,6338
6281,6321
6275,6323
6280,6334
6276,6335
6263,6355
6279,6351
6280,6342
6281,6335
6272,6349
6280,6350
6280,6308
6274,6348
6277,6347
6270,6328
6277,6328
6260,6328
6266,6332
6270,6336
6256,6332
6268,6338
6268,6327
6272,6331
6267,6348
6276,6338
6262,6330
6259,6345
6256,6331
6275,6347
6256,6335
6272,6342
6271,6346
6272,6356
6255,6353
6268,6347
6260,6359
6268,6350
6252,6387
6260,6346
6263,6349
6272,6357
6273,6356
6269,6361
6262,6357
6258,6378
6268,6356
6271,6387
6250,6361
6241,6353
6258,6359
6244,6370
6238,6362
6246,6362
6248,6357
6255,6344
6252,6357
6253,6336
6254,6321
6239,6335
6232,6337
6246,6352
6241,6345
6235,6349
6229,6355
6246,6355
6249,6331
6255,6342
6231,6358
6233,6339
6247,6366
6245,6365
6238,6378
6247,6387
6245,6383
6257,6380
6233,6400
6246,6370
6246,6391
6257,6375
6253,6360
6264,6364
6233,6367
6252,6382
6246,6383
6244,6364
6236,6339
6239,6351
6258,6358
6240,6349
6237,6334
6235,6346
6232,6353
6218,6343
6212,6343
6223,6334
6246,6334
6237,6339
6224,6367
6246,6345
6244,6348
6235,6359
6237,6362
6246,6376
6250,6363
6239,6398
6237,6392
6228,6384
6235,6361
6240,6344
6241,6371
6246,6353
6237,6374
6223,6345
6223,6364
6223,6377
6234,6370
6226,6373
6223,6374
6230,6367
6228,6347
6222,6334
6224,6358
6243,6357
6243,6361
6228,6380
6220,6390
6215,6374
6224,6388
6239,6368
6225,6384
6222,6385
6224,6376
6209,6374
6218,6368
6220,6358
6232,6365
6225,6375
6221,6348
6221,6369
6251,6372
6194,6331
6191,6331
6219,6356
6222,6396
6221,6404
6206,6361
6220,6406
6243,6386
6229,6399
6226,6401
6225,6402
6219,6371
6226,6369
6221,6373
6220,6368
6217,6364
6220,6391
6220,6366
6223,6371
6209,6370
6201,6369
6236,6357
6211,6377
6217,6353
6210,6331
6222,6353
6209,6348
6215,6344
6213,6375
6224,6378
6222,6389
6202,6359
6216,6366
6215,6373
6231,6363
6220,6361
6219,6366
6218,6364
6218,6353
6212,6360
6214,6363
6215,6375
6215,6352
6216,6351
6203,6361
6221,6374
6238,6377
6223,6369
6227,6376
6216,6370
6224,6401
6199,6385
6203,6374
6214,6353
6219,6346
6211,6361
6212,6355
6218,6357
6218,6362
6213,6390
6219,6381
6221,6392
6213,6378
6206,6360
6210,6356
6216,6352
6224,6371
6214,6378
6211,6380
6219,6384
6211,6398
6205,6408
6202,6403
6213,6393
6213,6380
6195,6377
6206,6356
6209,6364
6211,6380
6205,6378
6215,6385
6198,6387
6209,6382
6207,6364
6207,6354
6215,6364
6222,6354
6207,6375
6207,6374
6204,6393
6194,6387
6205,6398
6207,6400
6207,6385
6203,6360
6201,6351
6206,6374
6209,6340
6215,6383
6201,6368
6210,6377
6225,6385
6204,6383
6213,6371
6210,6359
6200,6363
6209,6379
6206,6379
6215,6353
6192,6350
6204,6351
6205,6359
6212,6386
6218,6377
6201,6371
6209,6389
6203,6393
6206,6393
6208,6370
6204,6390
6216,6372
6203,6386
6203,6380
6206,6402
6196,6407
6199,6393
6222,6397
6207,6374
6200,6393
6206,6392
6192,6378
6211,6396
6218,6376
6202,6370
6218,6385
6203,6397
6205,6395
6221,6387
6215,6391
6210,6388
6211,6386
6193,6386
6206,6373
6206,6380
6201,6395
6209,6384
6204,6389
6201,6370
6211,6376
6193,6385
6209,6383
6194,6367
6206,6368
6209,6358
6206,6358
6204,6375
6216,6363
6207,6380
6211,6368
6197,6371
6202,6366
6212,6387
6203,6379
6200,6395
6215,6384
6195,6389
6208,6392
6195,6382
6203,6389
6197,6391
6203,6369
6195,6352
6197,6351
6204,6355
6194,6355
6209,6355
6214,6358
6216,6364
6215,6382
6203,6396
6207,6410
6211,6379
6211,6387
6206,6367
6214,6389
6204,6390
6208,6396
6194,6378
6203,6377
6204,6390
6205,6364
6216,6362
6207,6356
6206,6353
6198,6357
6203,6353
6199,6378
6201,6386
6199,6366
6203,6365
6204,6351
6198,6339
6208,6354
6203,6354
6204,6349
6209,6378
6191,6351
6207,6362
6208,6348
6201,6343
6209,6364
6207,6344
6202,6386
6187,6388
6208,6377
6206,6375
6204,6387
6201,6376
6200,6369
6212,6383
6216,6375
6191,6370
6209,6361
6203,6333
6208,6345
6208,6348
6206,6321
6216,6334
6221,6337
6219,6351
6220,6327
6200,6340
6200,6344
6200,6343
6191,6356
6198,6354
6199,6352
6212,6343
6196,6368
6194,6374
6203,6344
6195,6354
6223,6324
6216,6327
6208,6333
6201,6332
6207,6326
6202,6339
6196,6327
6204,6345
6197,6321
6213,6318
6213,6328
6215,6314
6214,6321
6197,6319
6223,6330
6220,6321
6214,6323
6221,6331
6225,6345
6209,6345
6217,6337
6209,6314
6208,6308
6210,6327
6169,6320
6198,6543
6130,6462
6020,6134
6339,6434
6236,6336
6213,6350
6212,6321
6233,6337
6222,6313
6216,6314
6211,6298
6215,6306
6221,6301
6227,6308
6209,6328
6218,6327
6209,6314
6213,6308
6218,6337
6218,6332
6227,6347
6223,6335
6216,6341
6214,6333
6207,6312
6214,6307
6230,6331
6231,6304
6228,6317
6230,6332
6237,6337
6230,6344
6233,6332
6237,6321
6255,6310
6253,6314
6260,6336
6274,6334
6270,6327
6273,6331
6294,6315
6306,6324
6334,6322
6332,6321
6364,6313
6380,6335
6402,6324
6425,6353
6461,6350
6471,6345
6500,6313
6525,6317
6537,6337
6576,6345
6617,6341
6656,6328
6678,6346
6738,6343
6795,6339
6901,6316
7052,6331
7209,6317
7433,6321
7591,6315
7766,6317
7872,6332
7915,6321
7844,6300
7823,6314
7806,6305
7802,6319
7833,6320
7959,6329
8045,6306
8097,6326
8030,6315
8004,6341
7910,6325
7748,6339
7568,6346
7435,6375
7312,6382
7234,6399
7120,6428
7046,6466
6962,6501
6879,6532
6822,6560
6819,6604
6842,6647
6867,6684
6886,6715
6914,6748
7056,6768
7175,6792
7395,6804
7568,6811
7662,6802
7884,6772
8020,6751
8212,6740
8333,6722
8442,6717
8546,6681
8814,6679
9056,6638
9180,6629
9286,6638
9357,6639
9410,6601
9366,6660
9468,6688
9430,6718
9385,6777
9208,6829
9091,6915
8857,6975
8662,7062
8526,7175
8400,7225
8189,7303
7971,7420
7713,7522
7503,7611
7273,7720
7200,7709
7063,7704
6990,7721
6915,7714
6952,7685
7040,7651
7069,7588
7226,7527
7380,7494
7544,7450
7806,7373
8031,7333
8301,7213
8648,7191
8981,7105
9385,7024
9723,6952
10109,6854
10412,6811
10713,6744
10943,6773
11137,6736
11289,6734
11477,6756
11414,6805
11336,6823
11126,6878
10970,7036
10679,7180
10396,7314
10085,7424
9836,7595
9437,7776
9052,7978
8662,8180
8444,8331
8111,8459
7839,8510
7590,8583
7416,8718
7272,8768
7103,8821
7026,8840
6943,8845
6954,8811
6915,8833
6926,8702
6997,8632
7067,8454
7186,8349
7275,8232
7416,8054
7595,7915
7863,7701
8079,7536
8318,7327
8620,7189
8861,7018
9183,6899
9476,6817
9795,6754
9909,6743
9928,6800
10118,6860
10266,6960
10383,7063
10435,7277
10356,7459
10222,7608
9913,7845
9693,8024
9560,8277
9342,8529
9046,8702
8764,8935
8528,9011
8345,9013
8058,9071
7803,9160
7618,9199
7370,9111
7173,9074
7035,9087
6939,9049
6900,9027
6899,8946
6963,8925
7026,8719
7173,8578
7326,8423
7467,8324
7676,8185
7907,8066
8117,7917
8280,7723
8512,7587
8716,7379
8963,7263
9084,7108
9179,6942
9313,6802
9403,6753
9475,6725
9506,6738
9496,6805
9486,6864
9345,7001
9351,7149
9417,7303
9254,7476
9106,7695
9085,7957
8949,8145
8739,8336
8517,8561
8373,8800
8150,8916
7934,9088
7757,9250
7547,9359
7348,9456
7176,9507
7010,9649
6901,9537
6801,9424
6707,9400
6689,9362
6727,9160
6784,8883
6834,8733
6908,8459
6961,8266
7140,8078
7271,7868
7411,7643
7603,7428
7744,7199
7948,7135
8175,6999
8369,6848
8450,6622
8812,6695
9012,6675
9086,6710
9185,6533
9377,6645
9545,6614
9444,6663
9379,6719
9418,6805
9355,6913
9218,7002
9150,7137
8996,7296
8889,7404
8706,7570
8487,7691
8353,7919
8198,8047
8014,8206
7875,8246
7784,8368
7632,8381
7449,8388
7290,8462
7159,8519
7043,8481
6911,8425
6834,8406
6779,8388
6722,8272
6697,8169
6703,8023
6760,7924
6859,7790
6957,7691
7100,7586
7287,7450
7434,7271
7580,7121
7789,6997
7977,6902
8184,6778
8411,6729
8575,6651
8710,6605
8805,6586
8876,6618
8886,6638
8937,6706
9015,6760
9021,6843
9043,6943
8953,7001
8799,7091
8688,7201
8527,7297
8404,7415
8247,7599
8107,7764
7897,7837
7703,7994
7589,8049
7424,8124
7259,8213
7128,8297
6994,8353
6854,8461
6740,8480
6683,8508
6609,8500
6615,8465
6597,8482
6631,8369
6661,8190
6743,8044
6838,7923
6954,7791
7064,7652
7126,7486
7273,7403
7385,7256
7512,7080
7650,6943
7823,6805
7940,6709
8067,6635
8209,6586
8314,6565
8431,6511
8357,6526
8418,6557
8423,6585
8371,6659
8352,6707
8382,6752
8319,6844
8181,6979
8130,7103
8047,7221
7911,7302
7810,7457
7707,7497
7537,7642
7494,7741
7375,7819
7253,7886
7093,7965
6988,8046
6841,8040
6814,8086
6689,8067
6644,8027
6596,7969
6623,7889
6653,7785
6718,7665
6782,7579
6905,7552
7008,7390
7156,7306
7340,7182
7537,7061
7716,6945
7889,6833
8011,6733
8180,6664
8329,6601
8474,6535
8586,6512
8718,6492
8797,6498
8790,6547
8805,6549
8852,6617
8774,6665
8746,6701
8649,6801
8552,6903
8429,6925
8276,7036
8172,7101
8076,7227
7851,7336
7690,7455
7607,7559
7484,7701
7367,7796
7290,7869
7204,8012
7128,8076
7015,8085
6955,8119
6859,8207
6774,8145
6697,8078
6678,8047
6663,7984
6678,7899
6747,7801
6803,7699
6888,7578
6982,7406
7174,7266
7306,7116
7449,7030
7628,6902
7881,6800
7997,6713
8138,6675
8304,6605
8475,6559
8430,6540
8452,6518
8514,6520
8473,6556
8363,6564
8412,6639
8360,6713
8333,6779
8264,6813
8155,6901
8114,6977
8029,7033
7881,7080
7808,7163
7693,7254
7575,7338
7414,7426
7310,7524
7161,7618
7049,7665
6959,7759
6822,7805
6746,7874
6690,7886
6682,7950
6662,7981
6657,7933
6703,7884
6741,7836
6773,7743
6862,7631
6937,7477
7047,7342
7160,7232
7319,7063
7492,6958
7702,6860
7855,6730
8063,6659
8199,6589
8377,6572
8541,6574
8648,6562
8802,6599
8836,6633
8925,6717
8923,6787
8984,6833
8964,6852
8928,6932
8923,7033
8752,7133
8546,7161
8391,7302
8267,7417
8123,7547
8038,7699
7863,7874
7718,7924
7574,8001
7372,8143
7230,8224
7111,8300
6984,8284
6871,8318
6807,8370
6773,8280
6747,8198
6728,8161
6750,8095
6812,8000
6880,7847
6981,7820
7155,7701
7290,7586
7502,7441
7668,7274
7935,7117
8210,7002
8516,6841
8791,6752
9021,6649
9248,6596
9513,6544
9653,6532
9629,6541
9685,6573
9745,6609
9782,6670
9702,6765
9683,6838
9596,6956
9417,7069
9174,7178
9058,7275
8777,7367
8676,7498
8486,7685
8323,7789
8079,7928
7790,7924
7756,8374
7512,8245
7378,8377
7251,8439
7082,8513
6953,8639
6877,8603
6872,8628
6818,8640
6750,8495
6751,8446
6794,8393
6867,8300
6952,8189
6994,8014
7096,7854
7270,7701
7348,7478
7510,7284
7621,7088
7781,6936
7971,6856
8218,6746
8440,6671
8635,6648
8814,6632
8945,6636
9131,6668
9299,6720
9382,6737
9379,6815
9430,6917
9311,6980
9312,7053
9233,7171
9224,7249
9013,7287
8835,7364
8606,7507
8371,7555
8200,7678
8042,7716
7822,7797
7600,7814
7387,7846
7251,7913
7118,7942
6991,7928
6870,7927
6768,7871
6704,7897
6675,7832
6684,7840
6713,7771
6778,7679
6896,7672
7031,7540
7123,7439
7280,7322
7477,7194
7704,7133
7926,7051
8163,6917
8422,6831
8691,6721
8836,6621
8999,6566
9318,6529
9474,6522
9640,6552
9785,6558
9868,6594
10031,6690
10046,6768
10088,6863
10031,6985
9892,7144
9738,7252
9562,7439
9334,7605
9031,7703
8802,7851
8579,7944
8263,8096
7955,8153
7717,8225
7460,8324
7232,8351
7065,8370
6956,8399
6870,8433
6821,8398
6810,8347
6815,8282
6887,8216
6952,8176
7107,8054
7283,7876
7489,7832
7727,7706
7978,7595
8180,7408
8445,7256
8655,7155
8873,7000
9127,6852
9405,6770
9437,6654
9634,6585
9658,6563
9732,6534
9913,6560
10069,6630
10015,6717
9946,6828
9871,6976
9776,7149
9732,7343
9742,7592
9570,7737
9388,7982
9282,8274
9190,8471
9035,8587
8878,8727
8648,8873
8394,9005
8120,9213
7835,9241
7614,9327
7379,9336
7216,9242
7048,9216
6929,9148
6833,8961
6823,8852
6856,8694
6975,8528
7147,8345
7340,8207
7576,8024
7856,7816
8138,7669
8490,7472
8753,7217
9132,7064
9350,6914
9641,6785
10010,6736
10290,6663
10614,6622
10902,6603
10953,6575
10996,6651
10910,6664
10954,6699
11034,6848
11056,6932
10970,7018
10809,7161
10610,7247
10325,7447
10057,7634
9905,7859
9709,8161
9378,8437
9030,8658
8834,8815
8659,9037
8425,9283
8144,9391
8000,9545
7780,9619
7591,9676
7437,9752
7376,9601
7245,9484
7173,9385
7192,9228
7287,8976
7460,8779
7609,8633
7862,8322
8191,8121
8509,7963
8832,7685
9322,7479
9578,7269
9870,7074
10347,6947
10668,6883
10930,6806
11077,6790
11340,6775
11515,6825
11643,6903
11825,7012
11798,7170
11520,7325
11162,7469
10967,7624
10942,7835
10953,8024
10766,8224
10367,8444
10033,8677
9654,8974
9310,9310
8986,9507
8713,9785
8362,9979
8114,10183
7894,10247
7690,10381
7538,10607
7447,10698
7392,10741
7337,10744
7298,10643
7312,10530
7393,10298
7531,10035
7710,9821
7935,9591
8198,9341
8566,9001
8893,8604
9175,8317
9461,7997
10022,7774
10333,7528
10642,7300
11032,7125
11354,7057
11501,6982
11589,6936
11741,6930
11947,6996
12067,7080
12077,7166
12008,7307
11901,7451
11696,7618
11434,7755
11248,7975
11125,8311
10752,8629
10369,8897
9922,9244
9694,9463
9399,9630
8988,9830
8704,9956
8440,10033
8106,10082
7828,10371
7628,10379
7488,10303
7314,10356
7195,10294
7109,10347
7099,10214
7182,10085
7428,9802
7543,9330
7888,9105
8143,8804
8567,8627
8950,8322
9300,8022
9652,7743
9948,7520
10263,7293
10526,7138
10788,7061
11076,6926
11272,6916
11426,6906
11686,6975
11686,7055
11594,7226
11421,7431
11108,7630
10791,7890
10457,8240
10181,8605
9901,8843
9599,9142
9168,9361
8690,9663
8364,9939
7974,10397
7632,10759
7305,10938
7006,11298
6892,11474
6754,11525
6586,11659
6404,11456
6294,11414
6230,11237
6196,11032
6175,10839
6162,10571
6164,10262
6156,9926
6144,9670
6146,9357
6149,8898
6137,8603
6141,8253
6131,7951
6133,7657
6137,7390
6145,7149
6138,6964
6126,6817
6124,6792
6118,6783
6117,6786
6123,6896
6127,6998
6112,7276
6114,7498
6117,7768
6111,8055
6121,8369
6120,8590
6109,8816
6113,9038
6127,9220
6117,9321
6106,9360
6107,9430
6113,9346
6115,9249
6110,9177
6119,9149
6105,9015
6120,8806
6106,8768
6104,8602
6112,8454
6113,8306
6116,8049
6114,7926
6119,7685
6116,7517
6109,7358
6104,7082
6107,6887
6110,6668
6103,6484
6112,6373
6099,6280
6109,6223
6107,6207
6104,6187
6101,6208
6111,6183
6105,6177
6110,6176
6107,6164
6107,6179
6112,6165
6111,6182
6108,6149
6105,6176
6097,6184
6106,6157
6099,6127
6101,6091
6103,6081
6106,6071
6111,6049
6101,6062
6107,6083
6110,6063
6113,6063
6105,6066
6102,6060
6104,6054
6101,6058
6105,6063
6108,6052
6106,6063
6103,6054
6105,6084
6103,6065
6107,6059
6099,6058
6107,6064
6103,6064
6109,6067
6103,6075
6103,6056
6109,6036
6109,6049
6106,6054
6103,6037
6112,6059
6113,6059
6105,6049
6109,6049
6110,6064
6107,6061
6113,6055
6106,6050
6110,6053
6114,6055
6103,6053
6114,6058
6114,6050
6112,6054
6106,6041
6114,6050
6106,6048
6120,6101
6108,6058
6109,6060
6109,6050
6114,6047
6103,6049
6115,6046
6103,6038
6112,6040
6110,6046
6099,6036
6106,6046
6106,6063
6111,6047
6105,6048
6101,6029
6106,6051
6108,6058
6106,6045
6111,6045
6116,6045
6095,6129
6119,6044
6108,6036
6112,6053
6114,6050
6108,6034
6115,6049
6111,6029
6113,6044
6112,6049
6103,6042
6097,6037
6107,6041
6107,6055
6104,6042
6114,6039
6103,6053
6100,6037
6105,6055
6111,6042
6104,6050
6102,6049
6105,6051
6110,6054
6106,6050
6106,6058
6105,6052
6107,6032
6107,6039
6107,6037
6112,6043
6112,6048
6110,6063
6110,6059
6110,6045
6107,6052
6099,6046
6102,6057
6105,6059
6113,6051
6102,6050
6101,6032
6103,6036
6107,6054
6102,6061
6107,6054
6100,6050
6098,6049
6106,6054
6111,6043
6096,6024
6103,6055
6105,6047
6112,6061
6103,6053
6100,6056
6103,6057
6107,6046
6109,6063
6106,6045
6105,6051
6100,6055
6101,6044
6104,6048
6113,6062
6107,6052
6107,6050
6103,6058
6098,6031
6104,6052
6101,6054
6111,6057
6102,6056
6099,6058
6107,6052
6106,6042
6100,6050
6101,6052
6114,6042
6102,6039
6104,6048
6100,6053
6102,6050
6104,6054
6089,6064
6097,6047
6095,6040
6105,6051
6105,6042
6109,6057
6108,6057
6111,6052
6098,6049
6095,6042
6099,6054
6248,6040
6056,5922
6220,6084
6064,6014
6111,6066
6094,6031
6121,6096
6110,6055
6123,6061
6086,6037
6099,6042
6097,6021
6099,6038
6101,6045
6103,6043
6111,6046
6107,6045
6105,6045
6111,6057
6091,6047
6096,6053
6108,6054
6103,6040
6099,6046
6103,6043
6096,6045
6100,6046
6107,6038
6094,6044
6096,6045
6093,6050
6100,6057
6096,6053
6089,6045
6099,6045
6098,6044
6102,6052
6090,6028
6109,6040
6110,6047
6099,6072
6105,6054
6095,6033
6094,6033
6105,6034
6114,6031
6099,6049
6096,6047
6107,6050
6099,6045
6094,6055
6101,6060
6091,6068
6092,6056
6101,6049
6095,6045
6096,6032
6101,6033
6095,5992
6110,6042
6097,6048
6111,6056
6103,6038
6097,6056
6104,6048
6100,6050
6096,6043
6104,6051
6114,6041
6107,6057
6098,6044
6105,6054
6104,6044
6112,6054
6103,6047
6102,6046
6098,6047
6109,6048
6102,6048
6109,6067
6101,6047
6102,6037
6106,6041
6106,6054
6112,6041
6104,6062
6110,6055
6095,6025
6108,6039
6108,6050
6110,6048
6107,6058
6108,6039
6101,6058
6093,6048
6104,6045
6105,6061
6101,6025
6109,6061
6106,6066
6112,6066
6107,6058
6117,6054
6115,6047
6113,6054
6106,6055
6121,6060
6101,6052
6118,6056
6112,6054
6105,6051
6102,6050
6107,6047
6111,6054
6104,6047
6102,6052
6108,6053
6104,6053
6108,6050
6122,6050
6107,6049
6118,6056
6108,6051
6114,6040
6112,6040
6106,6054
6096,6063
6104,6052
6106,6038
6078,6048
6107,6037
6107,6057
6108,6060
6092,6047
6106,6054
6112,6055
6099,6056
6105,6047
6106,6042
6103,6044
6104,6052
6098,6047
6088,6033
6110,6053
6098,6061
6105,6045
6102,6058
6103,6037
6101,6056
6107,6048
6095,6042
6102,6043
6110,6055
6111,6051
6089,6048
6098,6053
6107,6052
6098,6040
6101,6048
6094,6055
6110,6048
6107,6045
6110,6046
6126,5957
6103,6049
6100,6046
6099,6041
6106,6052
6102,6049
6108,6051
6110,6062
6105,6055
6104,6034
6107,6057
6114,6051
6103,6051
6110,6054
6101,6059
6114,6050
6104,6039
6110,6040
6103,6046
6117,6056
6111,6057
6117,6040
6112,6042
6109,6052
6111,6044
6110,6058
6108,6048
6119,6046
6106,6055
6114,6041
6112,6050
6114,6050
6116,6057
6123,6057
6111,6053
6110,6041
6118,6052
6130,6050
6120,6060
6110,6049
6123,6058
6109,6055
6121,6061
6120,6037
6115,6048
6112,6054
6105,6040
6121,6053
6103,6042
6112,6055
6113,6050
6122,6048
6108,6061
6106,6050
6113,6069
6113,6054
6109,6039
6111,6042
6109,6052
6110,6043
6109,6050
6113,6048
6120,6048
6110,6054
6105,6053
6118,6051
6103,6042
6112,6044
6117,6063
6117,6047
6104,6042
6107,6049
6102,6051
6117,6050
6101,6050
6113,6036
6113,6043
6108,6057
6117,6050
6110,6046
6108,6026
6117,6034
6105,6041
6116,6044
6106,6054
6118,6052
6104,6056
6110,6042
6108,6048
6118,6045
6113,6050
6116,6048
6104,6041
6110,6056
6119,6051
6108,6050
6115,6053
6108,6049
6104,6042
6111,6056
6107,6051
6103,6041
6111,6051
6104,6056
6106,6060
6040,5986
6081,5898
6024,6082
6117,6061
6137,6066
6102,6043
6097,6056
6107,6041
6115,6048
6110,6050
6116,6052
6100,6058
6117,6051
6115,6047
6116,6051
6122,6032
6104,6054
6118,6048
6116,6060
6113,6058
6118,6056
6107,6050
6115,6056
6114,6035
6112,6050
6107,6065
6114,6055
6115,6047
6121,6045
6105,6062
6125,6045
6122,6058
6114,6058
6109,6062
6115,6053
6116,6052
6115,6052
6121,6041
6110,6054
6127,6058
6122,6062
6114,6057
6114,6057
6120,6046
6121,6042
6115,6048
6114,6057
6113,6062
6113,6064
6117,6053
6127,6053
6114,6056
6117,6057
6112,6062
6115,6052
6118,6061
6118,6064
6123,6062
6109,6056
6111,6049
6124,6054
6119,6057
6122,6064
6121,6060
6121,6060
6116,6058
6120,6056
6119,6064
6113,6055
6122,6058
6116,6061
6114,6063
6119,6056
6118,6045
6119,6048
6114,6057
6115,6058
6112,6058
6113,6050
6107,6052
6113,6066
6108,6051
6116,6059
6117,6053
6117,6094
6115,6049
6115,6049
6120,6036
6106,6060
6121,6059
6119,6063
6109,6053
6120,6054
6123,6055
6121,6052
6111,6062
6111,6060
6116,6056
6114,6046
6116,6046
6118,6065
6115,6052
6117,6049
6109,6054
6115,6046
6118,6051
6120,6049
6113,6054
6113,6054
6110,6055
6117,6063
6112,6055
6111,6058
6118,6052
6107,6043
6122,6055
6119,6068
6120,6052
6124,6056
6118,6048
6117,6052
6112,6040
6117,6054
6123,6053
6117,6050
6120,6050
6111,6055
6117,6056
6123,6056
0,36
0,61680
0,0
6127,6058
5603,5575
5595,5579
5604,5588
5598,5582
5603,5584
5602,5578
5605,5573
5592,5582
5817,5751
6321,6320
6288,6278
6280,6287
6292,6293
6288,6294
6291,6291
6286,6306
6284,6289
6346,6361
6312,6288
6242,6223
6292,6324
6298,6332
6285,6303
6273,6259
6275,6283
6320,6315
6292,6288
6276,6323
6299,6320
6303,6295
6295,6315
6277,6286
6280,6299
6286,6300
6297,6297
6298,6302
6293,6308
6289,6317
6281,6326
6292,6303
6280,6294
6270,6285
6278,6308
6288,6311
6279,6328
6290,6312
6273,6319
6291,6320
6287,6311
6298,6293
6307,6304
6309,6311
6283,6306
6291,6302
6283,6329
6291,6313
6288,6320
6301,6329
6294,6314
6303,6315
6293,6340
6287,6320
6290,6326
6285,6314
6289,6322
6290,6315
6298,6313
6294,6319
6303,6315
6290,6311
6291,6317
6274,6313
6266,6322
6292,6320
6294,6309
6289,6303
6281,6305
6272,6326
6281,6318
6287,6316
6296,6308
6302,6291
6287,6311
6281,6303
6289,6298
6292,6310
6284,6303
6267,6310
6267,6296
6273,6311
6274,6325
6278,6315
6299,6313
6291,6310
6294,6317
6293,6309
6276,6321
6283,6318
6294,6318
6286,6306
6279,6308
6284,6317
6280,6318
6279,6314
6277,6314
6263,6303
6278,6321
6288,6323
6275,6318
6275,6322
6294,6335
6276,6311
6265,6322
6279,6321
6275,6347
6292,6321
6299,6307
6278,6318
6285,6304
6306,6314
6305,6320
6311,6340
6290,6341
6285,6339
6281,6336
6269,6308
6276,6300
6292,6308
6273,6317
6276,6312
6279,6302
6279,6304
6276,6286
6290,6309
6281,6333
6287,6327
6293,6305
6280,6307
6291,6303
6299,6327
6283,6302
6267,6312
6274,6333
6274,6319
6284,6332
6290,6322
6269,6314
6270,6321
6280,6308
6283,6308
6282,6340
6271,6328
6274,6351
6289,6371
6293,6340
6299,6361
6299,6347
6287,6343
6278,6364
6274,6327
6301,6332
6284,6332
6268,6351
6265,6354
6274,6341
6292,6360
6263,6329
6284,6329
6294,6344
6275,6334
6273,6350
6271,6339
6266,6361
6264,6337
6272,6333
6276,6322
6278,6322
6257,6330
6276,6356
6280,6338
6274,6321
6272,6338
6263,6331
6275,6314
6275,6344
6283,6337
6275,6350
6266,6322
6274,6327
6271,6332
6264,6335
6273,6348
6263,6347
6275,6341
6271,6327
6262,6353
6273,6339
6276,6345
6255,6337
6255,6338
6275,6327
6253,6317
6278,6338
6275,6346
6275,6338
6260,6358
6268,6348
6264,6334
6273,6341
6252,6359
6260,6334
6267,6334
6268,6353
6267,6346
6253,6376
6258,6379
6246,6361
6281,6366
6279,6364
6259,6350
6250,6363
6256,6347
6240,6375
6247,6362
6244,6368
6259,6373
6258,6359
6246,6336
6248,6328
6248,6342
6252,6347
6236,6342
6244,6364
6239,6332
6235,6354
6237,6361
6256,6362
6264,6346
6252,6334
6239,6342
6246,6354
6241,6366
6249,6379
6249,6360
6236,6375
6256,6380
6257,6378
6227,6396
6243,6374
6248,6400
6248,6370
6241,6367
6261,6349
6248,6359
6250,6359
6247,6363
6240,6377
6238,6322
6237,6350
6247,6348
6244,6336
6233,6337
6237,6333
6237,6344
6222,6341
6215,6346
6237,6330
6241,6321
6243,6348
6233,6363
6245,6356
6238,6338
6239,6343
6242,6359
6248,6369
6241,6361
6236,6378
6233,6371
6234,6387
6231,6363
6244,6343
6242,6375
6251,6355
6249,6343
6240,6340
6296,6424
6213,6368
6140,6296
5969,5872
6369,6504
6224,6329
6178,6325
6140,6303
6239,6365
6212,6328
6224,6374
6230,6385
6223,6387
6215,6362
6215,6347
6225,6388
6240,6362
6228,6388
6221,6390
6205,6366
6220,6343
6217,6365
6220,6353
6225,6359
6231,6361
6228,6364
6215,6366
6223,6347
6231,6366
6224,6379
6224,6383
6230,6379
6219,6372
6224,6387
6224,6363
6225,6381
6223,6382
6221,6401
6231,6397
6231,6371
6216,6380
6219,6381
6210,6375
6219,6390
6234,6372
6222,6364
6220,6358
6216,6353
6220,6352
6222,6356
6230,6369
6219,6350
6213,6350
6208,6345
6236,6363
6221,6365
6229,6383
6219,6347
6215,6344
6221,6358
6226,6358
6226,6360
6219,6353
6213,6353
6215,6368
6219,6384
6207,6344
6212,6348
6219,6362
6216,6355
6221,6350
6211,6350
6224,6374
6237,6353
6225,6355
6229,6385
6213,6358
6219,6381
6212,6370
6207,6380
6208,6340
6221,6347
6228,6352
6223,6346
6225,6371
6224,6343
6218,6347
6216,6339
6214,6380
6203,6364
6205,6371
6209,6357
6223,6381
6217,6372
6220,6386
6200,6378
6211,6374
6211,6396
6210,6386
6202,6413
6196,6383
6210,6396
6200,6395
6209,6367
6204,6370
6215,6370
6211,6365
6205,6373
6213,6380
6202,6362
6207,6360
6201,6367
6212,6371
6209,6368
6211,6389
6207,6364
6213,6404
6199,6389
6219,6396
6206,6391
6200,6387
6195,6374
6199,6362
6188,6359
6207,6379
6206,6368
6194,6374
6215,6365
6220,6369
6207,6369
6211,6353
6204,6366
6191,6362
6211,6358
6208,6354
6217,6364
6197,6360
6200,6348
6208,6355
6211,6362
6219,6363
6212,6368
6214,6384
6209,6381
6209,6360
6215,6381
6206,6384
6211,6384
6202,6378
6201,6376
6209,6393
6205,6377
6208,6393
6218,6412
6216,6382
6209,6386
6220,6384
6200,6374
6209,6393
6214,6389
6210,6376
6204,6385
6187,6405
6211,6383
6210,6396
6218,6396
6202,6397
6207,6371
6213,6384
6207,6391
6199,6379
6200,6394
6208,6381
6207,6385
6203,6369
6210,6360
6192,6374
6208,6368
6201,6379
6212,6377
6209,6364
6220,6339
6200,6351
6219,6370
6223,6359
6210,6372
6198,6368
6204,6358
6209,6373
6194,6371
6212,6379
6207,6378
6202,6383
6196,6385
6204,6385
6195,6383
6207,6375
6189,6363
6189,6348
6197,6344
6196,6350
6198,6339
6198,6348
6207,6365
6207,6363
6223,6362
6210,6384
6208,6394
6203,6390
6202,6372
6191,6375
6205,6378
6195,6378
6208,6370
6190,6366
6202,6346
6205,6369
6208,6375
6204,6363
6209,6365
6210,6356
6212,6354
6203,6347
6190,6355
6203,6381
6199,6368
6206,6369
6200,6361
6202,6343
6210,6358
6206,6362
6201,6377
6206,6361
6201,6346
6202,6354
6197,6353
6203,6353
6199,6372
6213,6361
6206,6388
6202,6373
6208,6362
6208,6378
6212,6385
6210,6377
6210,6354
6202,6399
6226,6381
6209,6359
6219,6350
6211,6339
6210,6363
6210,6345
6201,6341
6212,6356
6211,6347
6230,6344
6209,6342
6211,6348
6192,6351
6196,6344
6210,6348
6215,6352
6194,6346
6200,6333
6199,6369
6209,6376
6201,6351
6201,6354
6236,6340
6288,6399
6209,6343
6164,6309
6196,6318
6220,6355
6215,6356
6198,6321
6203,6309
6214,6320
6216,6331
6214,6320
6212,6363
6215,6339
6208,6321
6211,6337
6215,6341
6223,6330
6210,6341
6201,6319
6217,6321
6206,6336
6210,6322
6213,6313
6220,6320
6211,6336
6219,6330
6220,6331
6223,6319
6228,6326
6218,6329
6195,6323
6220,6311
6217,6309
6207,6282
6208,6283
6204,6299
6216,6289
6212,6307
6209,6304
6214,6311
6212,6321
6210,6308
6216,6352
6215,6336
6227,6327
6218,6327
6218,6348
6213,6332
6211,6329
6203,6317
6222,6321
6226,6316
6215,6330
6231,6337
6220,6344
6234,6351
6227,6321
6247,6357
6248,6334
6255,6305
6273,6315
6253,6333
6264,6323
6275,6313
6299,6338
6317,6332
6320,6352
6331,6332
6341,6330
6376,6336
6403,6351
6425,6346
6443,6365
6465,6342
6499,6309
6531,6345
6547,6335
6582,6328
6629,6320
6653,6327
6686,6346
6729,6356
6796,6336
6928,6319
7042,6341
7203,6338
7423,6329
7579,6313
7764,6314
7888,6314
7909,6312
7845,6308
7839,6313
7810,6309
7826,6307
7847,6331
7928,6315
8041,6321
8067,6319
8024,6332
8002,6326
7887,6351
7699,6378
7573,6358
7453,6353
7321,6375
7221,6382
7150,6430
7063,6448
6987,6488
6885,6531
6840,6543
6836,6576
6823,6648
6864,6674
6883,6749
6931,6737
7047,6768
7204,6814
7386,6799
7552,6822
7690,6809
7868,6750
8029,6760
8185,6755
8324,6721
8436,6694
8598,6681
8770,6669
8991,6656
9144,6653
9234,6617
9324,6640
9361,6642
9319,6651
9416,6707
9368,6748
9312,6779
9284,6851
9080,6941
8900,7010
8662,7077
8553,7182
8362,7225
8168,7286
7960,7406
7705,7513
7498,7630
7306,7699
7172,7750
7080,7717
6986,7719
6912,7714
6918,7701
7007,7634
7089,7553
7232,7542
7402,7536
7543,7437
7814,7354
8074,7287
8333,7222
8639,7186
8990,7077
9354,6994
9671,6929
10089,6873
10384,6820
10684,6758
10933,6753
11091,6745
11222,6717
11448,6756
11478,6792
11306,6837
11113,6883
10952,7042
10671,7182
10456,7322
10146,7477
9863,7592
9420,7781
9022,8001
8673,8170
8467,8358
8178,8468
7826,8536
7576,8616
7421,8703
7257,8769
7107,8811
7037,8809
6970,8828
6928,8836
6930,8764
6939,8713
6999,8653
7100,8438
7173,8383
7280,8211
7427,8034
7588,7907
7864,7700
8080,7538
8298,7337
8598,7189
8875,7059
9105,6896
9422,6794
9812,6739
9909,6777
9931,6780
10116,6843
10224,6918
10369,7071
10388,7268
10361,7498
10204,7632
9952,7846
9677,8054
9578,8253
9320,8470
9042,8716
8814,8913
8576,9045
8292,8995
8005,9062
7823,9126
7573,9192
7369,9150
7155,9065
7029,9062
6932,9054
6880,9064
6904,8999
6945,8918
7034,8668
7194,8547
7298,8421
7489,8309
7668,8175
7912,8070
8133,7902
8275,7706
8518,7573
8743,7388
8934,7245
9055,7070
9220,6904
9273,6828
9402,6773
9492,6749
9513,6726
9515,6776
9504,6861
9368,6973
9320,7123
9333,7297
9264,7456
9140,7721
9061,7945
8966,8150
8755,8321
8548,8604
8362,8733
8155,8898
8010,9071
7734,9175
7460,9247
7065,9024
7217,9544
6942,9579
6909,9458
6884,9512
6708,9365
6687,9368
6728,9221
6789,8967
6801,8720
6889,8450
6999,8242
7116,8081
7293,7856
7428,7667
7619,7422
7796,7221
7971,7118
8152,6968
8380,6869
8560,6769
8794,6682
9005,6661
9157,6628
9295,6616
9429,6629
9514,6639
9487,6655
9441,6717
9466,6814
9314,6916
9263,7001
9120,7126
9020,7247
8836,7419
8648,7576
8487,7696
8345,7913
8195,8064
8027,8170
7884,8241
7723,8365
7592,8383
7452,8395
7282,8464
7152,8475
7029,8504
6940,8448
6841,8405
6750,8369
6701,8246
6699,8147
6706,8033
6750,7924
6855,7808
6962,7701
7128,7559
7289,7427
7429,7275
7620,7126
7791,7009
8010,6904
8183,6798
8405,6736
8532,6626
8644,6590
8839,6608
8866,6648
8886,6672
8937,6687
9016,6776
8979,6860
8984,6916
8920,7038
8848,7113
8700,7179
8552,7308
8457,7413
8298,7597
8083,7734
7849,7854
7711,7966
7565,8083
7428,8148
7253,8211
7144,8280
6973,8374
6866,8426
6741,8489
6678,8509
6644,8524
6601,8509
6596,8462
6638,8341
6686,8211
6763,8090
6842,7897
6928,7800
7051,7639
7160,7502
7255,7409
7381,7214
7484,7050
7684,6955
7806,6816
7911,6690
8070,6637
8205,6573
8356,6550
8423,6524
8392,6536
8415,6542
8414,6586
8403,6668
8342,6701
8358,6792
8306,6862
8204,6969
8112,7096
8096,7217
7958,7314
7811,7456
7682,7503
7562,7628
7505,7739
7352,7827
7229,7932
7125,7968
6969,8000
6828,8073
6769,8106
6690,8087
6630,8038
6617,7957
6618,7884
6656,7792
6705,7688
6782,7594
6902,7532
7033,7407
7153,7283
7364,7181
7539,7052
7719,6957
7883,6841
8075,6728
8157,6673
8361,6602
8432,6511
8576,6507
8734,6489
8796,6492
8773,6517
8761,6563
8841,6613
8790,6686
8710,6731
8628,6819
8547,6906
8417,6952
8281,7039
8167,7086
8020,7238
7827,7363
7673,7457
7570,7515
7469,7680
7418,7813
7277,7864
7207,8002
7111,8065
7010,8052
6931,8111
6848,8165
6758,8131
6696,8105
6693,8060
6668,7993
6661,7905
6744,7800
6812,7720
6889,7594
7011,7417
7193,7272
7329,7147
7452,7005
7619,6918
7839,6795
7969,6722
8083,6667
8274,6615
8427,6575
8408,6526
8484,6520
8499,6505
8481,6536
8418,6579
8384,6656
8391,6695
8273,6782
8239,6839
8188,6929
8110,6967
7981,6996
7967,7057
7810,7178
7681,7265
7549,7339
7437,7423
7319,7527
7166,7623
7070,7663
6954,7742
6828,7847
6757,7871
6702,7881
6692,7944
6678,7958
6681,7957
6693,7919
6735,7864
6782,7711
6820,7652
6952,7471
7039,7343
7156,7220
7270,7053
7490,6969
7698,6873
7842,6744
8064,6651
8238,6620
8389,6585
8569,6556
8679,6583
8769,6602
8857,6645
8911,6733
8944,6787
8975,6829
8985,6843
8929,6930
8892,7020
8793,7116
8572,7177
8359,7308
8233,7440
8075,7534
8056,7682
7857,7873
7710,7958
7546,7972
7392,8111
7219,8217
7100,8307
6986,8271
6874,8306
6807,8385
6754,8278
6714,8221
6711,8152
6750,8091
6811,8004
6896,7860
6995,7834
7101,7673
7274,7520
7324,7245
7683,7213
7884,7069
8216,6962
8480,6787
8814,6689
9028,6630
9334,6611
9475,6544
9616,6512
9648,6552
9632,6566
9695,6606
9808,6660
9730,6745
9673,6862
9561,6952
9476,7035
9193,7198
9084,7322
8794,7356
8625,7543
8461,7631
8320,7822
8126,7901
7843,8056
7649,8133
7541,8261
7436,8375
7234,8430
7112,8508
6942,8605
6913,8635
6909,8595
6821,8622
6760,8547
6760,8491
6777,8399
6863,8292
6925,8192
7035,8047
7104,7804
7228,7680
7363,7461
7481,7268
7673,7106
7805,6928
7987,6861
8225,6742
8437,6654
8665,6651
8823,6606
8956,6640
9138,6669
9255,6698
9328,6731
9383,6797
9332,6899
9331,6965
9325,7063
9217,7184
9221,7272
9003,7311
8855,7401
8625,7480
8372,7559
8255,7674
8051,7737
7841,7803
7602,7848
7410,7884
7279,7929
7108,7942
7000,7941
6875,7916
6789,7875
6706,7863
6692,7834
6707,7799
6706,7765
6781,7670
6894,7608
7012,7583
7111,7445
7275,7342
7477,7207
7636,7112
7912,7028
8132,6914
8405,6831
8672,6700
8814,6648
8989,6569
9285,6515
9478,6527
9616,6518
9750,6569
9888,6600
9950,6690
10088,6773
10053,6857
10063,7002
9957,7121
9751,7272
9560,7458
9257,7624
8982,7721
8749,7845
8595,7953
8232,8069
8006,8173
7749,8212
7449,8334
7235,8339
7092,8372
6957,8409
6854,8454
6817,8375
6795,8338
6806,8253
6854,8214
6940,8148
7109,8020
7310,7889
7485,7767
7736,7679
7988,7583
8166,7422
8471,7248
8668,7141
8874,7006
9094,6824
9414,6744
9524,6650
9568,6576
9702,6547
9810,6526
9907,6560
9983,6613
9990,6715
9929,6827
9921,6985
9768,7144
9802,7360
9743,7551
9556,7737
9377,7994
9315,8256
9118,8393
8942,8563
8864,8738
8694,8898
8421,9039
8122,9182
7824,9217
7570,9294
7344,9349
7218,9261
7047,9178
6949,9186
6828,8964
6804,8875
6852,8644
6981,8547
7160,8381
7361,8221
7546,8016
7837,7842
8170,7656
8459,7443
8765,7201
9089,7082
9369,6929
9604,6800
10022,6723
10329,6654
10629,6626
10849,6599
10991,6574
10917,6656
10932,6660
10921,6727
11016,6833
11022,6937
10933,6999
10785,7133
10610,7267
10302,7447
10033,7649
9882,7901
9691,8150
9423,8451
9080,8636
8870,8809
8656,9084
8434,9256
8167,9415
7971,9541
7765,9606
7553,9653
7433,9672
7354,9590
7258,9456
7211,9347
7172,9184
7238,8998
7406,8786
7567,8595
7836,8302
8179,8117
8495,7946
8853,7691
9265,7494
9625,7244
9865,7083
10252,6959
10663,6887
10881,6816
11088,6768
11368,6784
11497,6833
11665,6896
11841,7015
11712,7182
11537,7346
11200,7484
10968,7632
10952,7825
10994,8041
10780,8240
10353,8405
9980,8701
9636,8949
9272,9284
8962,9520
8683,9734
8349,9975
8079,10200
7898,10289
7686,10426
7529,10562
7420,10726
7358,10754
7353,10710
7293,10662
7316,10558
7380,10353
7535,10071
7705,9761
7934,9555
8228,9329
8525,8964
8860,8640
9166,8305
9473,7987
9970,7788
10315,7491
10649,7299
10994,7146
11329,7054
11565,6976
11604,6926
11766,6936
11976,6965
12029,7105
12031,7191
11945,7310
11870,7435
11531,7537
11310,7717
11259,8010
11219,8352
10769,8534
10373,8907
9952,9214
9625,9443
9380,9603
8993,9829
8713,9948
8412,9975
8094,10105
7803,10311
7649,10361
7472,10239
7287,10325
7183,10275
7098,10295
7086,10225
7210,10031
7299,9733
7525,9325
7877,9015
8192,8783
8575,8562
8988,8317
9316,8008
9640,7702
9938,7485
10326,7296
10560,7142
10832,7050
11155,6964
11279,6902
11414,6904
11699,6953
11677,7075
11634,7200
11460,7400
11088,7636
10828,7907
10480,8246
10223,8559
9922,8817
9560,9088
9154,9400
8622,9642
8355,9920
7973,10354
7642,10761
7295,10994
7006,11306
6848,11436
6757,11503
6567,11641
6393,11443
6308,11401
6232,11241
6208,11004
6178,10678
6171,10552
6165,10226
6155,9939
6151,9647
6139,9397
6153,8928
6146,8546
6135,8309
6135,7916
6134,7701
6141,7404
6150,7185
6134,6973
6134,6817
6121,6773
6110,6779
6124,6792
6124,6893
6126,7068
6117,7240
6108,7479
6114,7742
6118,8032
6118,8338
6113,8595
6111,8838
6117,9031
6116,9234
6117,9350
6117,9352
6114,9418
6108,9338
6115,9263
6103,9190
6117,9163
6107,9000
6115,8808
6110,8717
6108,8591
6113,8458
6117,8322
6118,8024
6102,7914
6113,7675
6111,7516
6116,7320
6100,7101
6108,6872
6103,6692
6109,6484
6112,6370
6114,6265
6109,6221
6109,6201
6103,6189
6106,6190
6110,6180
6109,6177
6117,6171
6105,6163
6107,6176
6112,6157
6107,6191
6106,6157
6102,6154
6107,6166
6101,6156
6100,6118
6099,6101
6099,6067
6104,6068
6114,6071
6093,6067
6098,6074
6112,6060
6102,6063
6108,6067
6103,6054
6105,6054
6094,6063
6106,6062
6111,6058
6102,6059
6109,6043
6108,6064
6103,6058
6107,6049
6096,6061
6103,6072
6109,6052
6105,6061
6107,6048
6099,6056
6106,6051
6103,6052
6103,6046
6108,6063
6106,6065
6111,6055
6113,6059
6111,6066
6110,6049
6107,6051
6117,6046
6111,6059
6108,6058
6108,6041
6103,6054
6120,6049
6108,6072
6110,6047
6104,6050
6121,6053
6111,6050
6106,6056
6104,6052
6112,6051
6107,6037
6119,6043
6102,6050
6115,6048
6107,6063
6105,6048
6100,6048
6101,6037
6105,6051
6115,6058
6110,6052
6106,6058
6107,6038
6106,6037
6110,6050
6113,6051
6109,6045
6110,6034
6110,6049
6109,6055
6109,6040
6114,6063
6113,6044
6106,6054
6119,6054
6114,6054
6106,6040
6118,6014
6100,6048
6104,6041
6110,6036
6112,6053
6110,6040
6107,6056
6103,6050
6110,6051
6106,6031
6106,6040
6108,6042
6103,6040
6117,6038
6112,6049
6101,6051
6103,6054
6096,6055
6110,6059
6107,6035
6098,6048
6107,6049
6105,6053
6107,6058
6111,6052
6120,6039
6107,6050
6088,6063
6096,6042
6113,6050
6112,6048
6102,6052
6092,6058
6098,6034
6102,6057
6114,6055
6105,6056
6099,6054
6105,6040
6106,6061
6104,6069
6099,6055
6109,6042
6101,6047
6116,6048
6113,6059
6100,6041
6111,6057
6106,6053
6103,6061
6108,6037
6107,6042
6095,6058
6104,6032
6104,6056
6109,6052
6105,6057
6102,6056
6097,6047
6101,6051
6104,6058
6102,6055
6118,6054
6114,6060
6040,5950
6078,6062
6059,6006
6130,6086
6101,6056
6118,6053
6107,6041
6108,6049
6107,6041
6099,6058
6112,6053
6109,6046
6102,6042
6096,6038
6101,6058
6101,6052
6105,6079
6112,6045
6114,6038
6104,6060
6098,6049
6106,6045
6102,6041
6107,6042
6106,6050
6099,6043
6099,6047
6098,6046
6091,6029
6110,6058
6097,6058
6098,6046
6103,6041
6103,6038
6097,6054
6103,6039
6109,6054
6108,6055
6103,6043
6102,6043
6111,6051
6093,6049
6100,6044
6111,6041
6103,6043
6097,6054
6098,6053
6093,6058
6094,6048
6104,6040
6101,6029
6092,6056
6094,6039
6104,6059
6093,6049
6098,6032
6098,6050
6098,6049
6099,6049
6094,6045
6102,6045
6112,6042
6100,6045
6100,6045
6092,6052
6095,6042
6099,6052
6109,6053
6096,6030
6099,6048
6107,6048
6107,6055
6095,6046
6110,6053
6094,6061
6096,6036
6093,6047
6091,6041
6095,6054
6094,6048
6097,6046
6095,6050
6096,6029
6107,6029
6094,6048
6096,6053
6105,6047
6096,6047
6100,6046
6104,6045
6101,6043
6097,6047
6108,6048
6098,6067
6102,6046
6114,6050
6111,6048
6103,6041
6101,6037
6111,6056
6102,6048
6097,6055
6094,6067
6097,6053
6112,6050
6106,6055
6103,6060
6101,6063
6104,6051
6102,6048
6107,6057
6103,6037
6106,6059
6100,6048
6106,6051
6099,6051
6098,6047
6096,6043
6105,6053
6102,6055
6104,6060
6096,6063
6103,6073
6110,6051
6117,6045
6120,6041
6109,6051
6109,6054
6117,6050
6104,6056
6115,6044
6104,6047
6106,6050
6106,6061
6110,6054
6106,6060
6105,6055
6097,6057
6103,6047
6112,6047
6103,6045
6115,6062
6106,6050
6107,6042
6115,6060
6106,6042
6110,6039
6100,6052
6104,6053
6113,6048
6109,6050
6098,6038
6106,6056
6109,6048
6085,6026
6090,6058
6107,6041
6110,6052
6100,6051
6105,6047
6097,6059
6106,6032
6111,6055
6092,6050
6104,6039
6100,6045
6109,6063
6103,6056
6099,6054
6105,6046
6094,6049
6098,6049
6094,6044
6097,6051
6105,6052
6102,6060
6103,6044
6100,6037
6106,6053
6102,6039
6101,6045
6097,6055
6112,6040
6101,6050
6100,6045
6102,6054
6105,6038
6095,6055
6102,6043
6103,6037
6094,6040
6103,6038
6108,6053
6100,6050
6105,6045
6103,6049
6112,6038
6108,6054
6107,6047
6098,6041
6103,6058
6106,6061
6103,6049
6114,6040
6122,6063
6098,6048
6107,6048
6097,6056
6110,6051
6119,6045
6111,6052
6102,6047
6109,6048
6107,6046
6112,6052
6110,6039
6113,6050
6115,6039
6118,6054
6113,6055
6118,6044
6113,6046
6124,6049
6115,6049
6113,6038
6104,6046
6113,6048
6106,6044
6122,6040
6109,6055
6123,6059
6106,6060
6117,6056
6106,6045
6111,6060
6104,6046
6107,6054
6112,6046
6103,6040
6110,6068
6110,6053
6107,6048
6105,6047
6101,6043
6095,6046
6104,6046
6109,6041
6108,6050
6111,6054
6108,6061
6113,6056
6103,6048
6107,6058
6115,6058
6116,6042
6104,6054
6102,6034
6104,6046
6098,6046
6101,6048
6112,6049
6113,6053
6111,6046
6115,6048
6106,6065
6106,6037
6105,6053
5810,5764
6114,6000
6111,6021
6090,6024
6174,6040
6112,6043
6118,6031
6116,6053
6112,6049
6131,6060
6114,6051
6107,6054
6117,6064
6110,6054
6118,6051
6114,6040
6094,6055
6106,6059
6111,6050
6114,6054
6111,6055
6114,6056
6103,6051
6108,6057
6115,6043
6106,6051
6101,6044
6095,6057
6110,6054
6109,6052
6110,6048
6114,6053
6112,6057
6111,6058
6108,6051
6117,6061
6116,6055
6117,6056
6115,6042
6112,6058
6125,6057
6113,6056
6119,6061
6116,6053
6100,6055
6121,6050
6119,6049
6111,6048
6109,6055
6113,6057
6114,6053
6115,6053
6111,6051
6119,6051
6108,6050
6116,6045
6108,6046
6111,6047
6112,6058
6122,6064
6113,6065
6113,6045
6118,6052
6126,6064
6110,6063
6118,6053
6119,6056
6119,6042
6115,6061
6113,6054
6117,6053
6114,6060
6121,6056
6109,6059
6114,6051
6124,6054
6125,6051
6120,6049
6120,6049
6119,6046
6120,6056
6118,6051
6119,6057
6113,6055
6121,6053
6120,6053
6123,6061
6115,6049
6114,6045
6120,6049
6116,6043
6111,6041
6114,6057
6120,6057
6114,6050
6123,6056
6112,6050
6117,6042
6105,6057
6112,6060
6112,6060
6113,6052
6110,6050
6117,6048
6110,6058
6118,6066
6120,6047
6108,6058
6119,6057
6107,6058
6107,6056
6118,6058
6117,6048
6123,6057
6112,6049
6111,6064
6113,6062
6115,6047
6116,6049
6117,6054
6115,6060
6109,6057
6109,6057
6117,6052
6124,6057
6115,6073
6106,6056
6114,6064
6115,6059
6120,6037
6118,6055
6113,6051
6114,6061
6116,6052
6117,6058
6115,6062
6114,6054
6111,6063
6115,6058
6120,6057
6109,6061
6111,6057
6117,6054
6112,6056
6112,6056
6113,6055
6117,6055
6123,6058
6113,6042
6107,6062
6119,6053
6112,6043
0,30
0,61680
0,0
6109,6062
5576,5556
5597,5574
5601,5566
5594,5558
5604,5562
5606,5575
5606,5577
5594,5573
5816,5755
6327,6289
6281,6288
6275,6292
6294,6285
6290,6295
6305,6291
6283,6290
6291,6301
6286,6315
6279,6302
6289,6291
6284,6322
6273,6310
6285,6307
6300,6303
6295,6303
6299,6306
6286,6312
6294,6303
6306,6299
6296,6310
6288,6314
6276,6282
6289,6296
6285,6290
6298,6324
6281,6311
6289,6312
6295,6307
6296,6324
6283,6308
6284,6299
6295,6296
6276,6316
6279,6323
6279,6306
6274,6317
6291,6314
6280,6331
6278,6299
6296,6313
6303,6307
6303,6307
6288,6323
6292,6300
6292,6292
6306,6312
6289,6305
6301,6321
6290,6326
6305,6305
6294,6338
6289,6325
6292,6320
6284,6317
6283,6304
6285,6313
6288,6322
6299,6316
6291,6309
6300,6322
6304,6313
6255,6313
6281,6329
6290,6321
6302,6310
6280,6328
6276,6323
6275,6320
6282,6304
6298,6312
6297,6300
6286,6302
6288,6307
6271,6308
6286,6299
6269,6306
6289,6321
6276,6333
6274,6311
6263,6314
6275,6302
6279,6315
6290,6330
6276,6298
6297,6316
6297,6322
6272,6319
6269,6322
6288,6311
6285,6312
6274,6319
6278,6316
6290,6310
6279,6318
6278,6309
6258,6302
6271,6314
6287,6316
6270,6313
6268,6330
6279,6330
6273,6324
6265,6327
6268,6315
6287,6333
6273,6320
6285,6315
6281,6323
6271,6301
6288,6320
6297,6310
6308,6337
6282,6345
6283,6346
6270,6334
6267,6327
6280,6329
6284,6311
6275,6321
6283,6311
6268,6322
6271,6309
6280,6316
6268,6325
6274,6316
6278,6308
6280,6332
6285,6313
6283,6319
6286,6326
6272,6321
6265,6332
6275,6324
6272,6324
6275,6323
6282,6341
6273,6309
6277,6309
6270,6318
6276,6336
6280,6323
6260,6319
6275,6322
6281,6355
6286,6329
6290,6368
6300,6343
6281,6363
6281,6361
6262,6362
6293,6322
6266,6333
6267,6347
6267,6343
6272,6344
6287,6339
6274,6336
6283,6311
6277,6322
6279,6330
6268,6336
6272,6348
6265,6331
6272,6309
6279,6327
6269,6333
6270,6339
6269,6346
6280,6352
6280,6355
6281,6314
6264,6349
6262,6332
6271,6316
6271,6327
6277,6351
6263,6348
6274,6342
6264,6350
6265,6337
6286,6346
6275,6345
6267,6355
6267,6352
6281,6347
6264,6352
6283,6347
6278,6342
6253,6326
6263,6316
6282,6338
6259,6327
6268,6334
6274,6359
6258,6355
6264,6364
6251,6341
6266,6348
6275,6345
6260,6352
6271,6351
6255,6354
6273,6353
6263,6350
6258,6363
6271,6380
6255,6358
6261,6364
6249,6374
6253,6343
6246,6375
6259,6352
6243,6378
6224,6364
6243,6369
6260,6363
6242,6346
6259,6349
6255,6342
6247,6334
6243,6333
6246,6342
6232,6373
6245,6351
6242,6334
6241,6348
6261,6364
6247,6347
6253,6340
6237,6350
6238,6334
6253,6369
6242,6388
6237,6377
6246,6367
6239,6352
6248,6375
6229,6379
6236,6378
6245,6383
6258,6360
6261,6355
6259,6355
6244,6357
6249,6350
6252,6363
6245,6363
6238,6348
6247,6349
6246,6355
6239,6351
6234,6334
6273,6431
6320,6424
6248,6344
6258,6339
6237,6308
6228,6325
6240,6337
6249,6394
6235,6348
6233,6363
6236,6360
6227,6385
6239,6363
6242,6352
6237,6358
6231,6369
6231,6384
6224,6370
6230,6342
6257,6359
6250,6355
6232,6358
6232,6343
6238,6342
6229,6376
6232,6358
6231,6363
6217,6378
6229,6370
6217,6358
6227,6327
6226,6356
6224,6340
6236,6362
6245,6377
6233,6406
6227,6364
6213,6364
6226,6383
6240,6392
6228,6391
6215,6371
6222,6363
6223,6362
6230,6360
6218,6362
6229,6369
6225,6350
6216,6350
6223,6364
6210,6349
6221,6370
6212,6380
6230,6374
6219,6380
6208,6380
6218,6383
6222,6366
6222,6357
6223,6403
6221,6382
6220,6404
6222,6382
6228,6365
6209,6382
6214,6363
6217,6383
6215,6393
6218,6378
6209,6364
6210,6366
6225,6351
6213,6375
6224,6351
6217,6351
6228,6348
6223,6370
6229,6358
6220,6369
6219,6359
6230,6389
6206,6356
6225,6354
6222,6387
6222,6355
6230,6366
6204,6330
6214,6351
6209,6369
6211,6361
6213,6350
6233,6345
6219,6349
6208,6354
6202,6347
6212,6363
6212,6367
6222,6367
6237,6383
6205,6359
6216,6397
6212,6367
6202,6363
6208,6358
6222,6360
6219,6358
6215,6353
6214,6338
6217,6356
6214,6372
6210,6356
6213,6384
6203,6369
6214,6358
6205,6356
6220,6374
6212,6380
6210,6370
6195,6364
6213,6380
6203,6393
6196,6413
6212,6398
6203,6390
6220,6407
6206,6385
6207,6372
6202,6358
6213,6383
6197,6372
6216,6379
6210,6373
6186,6355
6210,6358
6207,6375
6221,6376
6204,6365
6203,6395
6213,6377
6209,6381
6198,6382
6214,6373
6202,6381
6197,6388
6201,6371
6189,6347
6200,6370
6211,6371
6202,6371
6188,6370
6199,6369
6211,6391
6208,6373
6206,6354
6210,6364
6208,6358
6221,6361
6202,6360
6203,6364
6198,6352
6203,6357
6210,6374
6206,6379
6206,6383
6212,6364
6194,6392
6206,6401
6211,6382
6210,6382
6203,6373
6210,6368
6210,6389
6204,6393
6201,6398
6206,6389
6204,6385
6218,6403
6207,6381
6208,6392
6205,6378
6203,6388
6203,6403
6209,6378
6202,6371
6208,6395
6201,6401
6206,6400
6210,6392
6214,6380
6217,6381
6203,6381
6206,6398
6201,6376
6204,6376
6202,6389
6204,6388
6218,6401
6200,6383
6201,6375
6194,6348
6201,6380
6198,6375
6204,6362
6197,6362
6201,6352
6199,6342
6207,6359
6225,6370
6198,6370
6195,6371
6200,6383
6215,6369
6204,6379
6207,6391
6207,6360
6204,6382
6213,6386
6206,6364
6197,6392
6193,6392
6201,6368
6185,6363
6194,6350
6200,6352
6195,6363
6198,6364
6220,6358
6203,6364
6224,6367
6204,6393
6194,6377
6209,6385
6197,6382
6197,6382
6214,6385
6195,6385
6201,6382
6202,6365
6194,6379
6207,6393
6211,6384
6210,6354
6210,6366
6212,6347
6198,6376
6206,6364
6197,6362
6196,6392
6197,6382
6195,6370
6203,6346
6206,6334
6209,6371
6201,6349
6196,6380
6207,6372
6201,6338
6206,6343
6207,6352
6210,6358
6210,6381
6214,6365
6193,6372
6196,6367
6211,6395
6198,6401
6206,6379
6200,6377
6209,6369
6171,6333
6155,6111
6227,6386
6186,6430
6266,6422
6191,6354
6194,6367
6182,6312
6226,6303
6210,6349
6216,6347
6219,6356
6201,6344
6213,6358
6212,6358
6204,6356
6210,6359
6199,6354
6193,6354
6204,6358
6201,6366
6209,6365
6204,6330
6220,6344
6214,6322
6211,6336
6193,6334
6193,6351
6212,6332
6209,6358
6208,6338
6201,6331
6220,6331
6212,6321
6204,6329
6230,6330
6203,6315
6217,6339
6208,6344
6212,6327
6225,6341
6216,6340
6210,6336
6217,6332
6205,6341
6208,6311
6200,6328
6208,6342
6220,6328
6213,6331
6210,6342
6227,6331
6223,6324
6223,6347
6207,6311
6205,6317
6208,6304
6210,6298
6214,6285
6206,6312
6217,6321
6216,6303
6219,6320
6217,6318
6215,6322
6206,6323
6212,6356
6225,6357
6219,6352
6215,6348
6224,6335
6206,6339
6215,6329
6208,6318
6219,6324
6227,6301
6227,6321
6228,6329
6229,6337
6232,6352
6234,6350
6239,6351
6247,6327
6263,6319
6259,6327
6269,6349
6281,6329
6285,6334
6287,6344
6317,6337
6318,6320
6329,6327
6348,6308
6374,6329
6408,6340
6422,6350
6452,6364
6465,6333
6491,6321
6524,6342
6561,6328
6590,6340
6612,6342
6649,6354
6682,6352
6742,6352
6784,6336
6931,6320
7050,6335
7201,6314
7412,6334
7610,6347
7766,6310
7861,6320
7901,6301
7866,6302
7814,6312
7809,6285
7821,6319
7843,6311
7925,6315
8044,6306
8071,6313
8052,6323
7990,6321
7881,6340
7734,6359
7568,6356
7429,6362
7324,6371
7227,6391
7143,6418
7035,6459
6945,6473
6868,6551
6830,6559
6842,6590
6842,6624
6863,6714
6870,6733
6921,6755
7013,6790
7177,6795
7363,6803
7508,6793
7698,6805
7868,6798
8043,6753
8177,6752
8291,6732
8453,6697
8560,6690
8790,6679
9025,6677
9101,6622
9240,6627
9327,6626
9356,6651
9389,6666
9411,6690
9394,6712
9291,6786
9224,6843
9089,6933
8870,6986
8644,7069
8504,7162
8352,7263
8185,7301
7951,7418
7733,7513
7513,7632
7295,7690
7181,7685
7040,7707
6966,7730
6930,7753
6930,7696
7011,7658
7062,7585
7201,7509
7357,7509
7554,7455
7791,7362
8025,7281
8317,7227
8637,7165
9040,7092
9358,7018
9706,6926
10102,6865
10416,6826
10696,6743
10947,6741
11135,6710
11303,6733
11460,6762
11479,6787
11240,6836
11085,6880
10890,7040
10701,7220
10394,7303
10117,7439
9829,7608
9417,7781
9091,7987
8719,8177
8409,8351
8107,8518
7833,8512
7562,8599
7386,8686
7278,8778
7125,8797
7030,8838
6966,8824
6923,8802
6896,8783
6893,8711
6985,8651
7064,8465
7144,8332
7283,8207
7431,8043
7634,7883
7857,7720
8076,7511
8310,7325
8620,7195
8827,7025
9161,6896
9460,6802
9846,6795
9873,6767
9935,6803
10147,6847
10188,6911
10361,7057
10410,7266
10368,7459
10179,7626
9908,7818
9666,8050
9559,8244
9319,8527
8967,8734
8817,8921
8536,9024
8283,8977
8053,9057
7810,9112
7595,9214
7382,9103
7186,9111
7057,9041
6932,9066
6886,9044
6881,8977
6942,8889
7040,8705
7165,8554
7276,8449
7477,8338
7664,8200
7897,8030
8137,7913
8355,7799
8542,7600
8731,7385
8869,7239
9035,7027
9180,6900
9298,6854
9392,6783
9511,6739
9533,6728
9493,6788
9483,6858
9375,6982
9354,7128
9351,7272
9249,7449
9171,7678
9116,7962
8948,8111
8772,8315
8528,8562
8343,8752
8164,8907
7960,9099
7732,9186
7519,9382
7364,9404
7169,9529
7021,9594
6917,9542
6800,9436
6724,9383
6680,9368
6723,9167
6764,8932
6815,8675
6869,8469
6964,8239
7106,8092
7290,7820
7417,7649
7589,7443
7743,7225
7936,7117
8180,7003
8370,6877
8542,6772
8758,6706
8996,6654
9155,6615
9278,6630
9364,6627
9478,6643
9485,6671
9504,6720
9386,6801
9300,6910
9306,7021
9099,7102
9035,7259
8876,7409
8684,7528
8492,7706
8372,7918
8177,8056
8017,8209
7876,8280
7770,8324
7620,8366
7413,8371
7295,8432
7123,8500
6992,8472
6919,8439
6831,8439
6756,8377
6713,8280
6705,8158
6724,8030
6762,7917
6833,7803
6938,7686
7106,7595
7272,7444
7449,7286
7581,7125
7786,7029
7994,6903
8161,6785
8400,6696
8562,6628
8725,6614
8807,6620
8834,6607
8919,6674
8935,6708
8974,6767
8977,6862
8985,6901
8915,7019
8808,7083
8680,7185
8516,7288
8424,7424
8280,7575
8079,7736
7842,7872
7718,7932
7590,8068
7414,8146
7249,8194
7151,8296
7016,8387
6837,8489
6721,8493
6684,8500
6627,8510
6594,8451
6591,8491
6610,8358
6678,8173
6739,8062
6838,7925
6947,7791
7052,7629
7130,7492
7278,7382
7385,7211
7531,7060
7671,6928
7837,6792
7943,6689
8087,6640
8176,6587
8333,6534
8382,6518
8368,6542
8415,6547
8428,6578
8374,6636
8373,6709
8356,6759
8279,6839
8192,6986
8105,7100
8040,7225
7953,7308
7804,7419
7709,7528
7592,7611
7502,7716
7341,7791
7227,7908
7105,7953
6998,7964
6845,8029
6759,8097
6689,8071
6628,8011
6616,7954
6624,7882
6658,7838
6722,7681
6772,7577
6913,7542
7035,7408
7181,7307
7349,7206
7563,7063
7725,6955
7885,6854
8072,6726
8207,6695
8338,6602
8445,6534
8569,6494
8713,6478
8816,6499
8772,6527
8783,6557
8836,6608
8805,6657
8703,6710
8638,6839
8500,6902
8422,6933
8267,7029
8147,7129
8022,7266
7840,7359
7696,7454
7604,7538
7474,7664
7415,7777
7263,7881
7238,8004
7099,8092
7026,8104
6935,8113
6853,8189
6770,8161
6695,8124
6678,8062
6669,7994
6680,7874
6727,7760
6789,7683
6898,7579
7002,7421
7169,7263
7335,7134
7474,7039
7647,6900
7808,6810
7984,6739
8143,6675
8278,6614
8435,6576
8380,6539
8481,6519
8500,6527
8457,6530
8400,6574
8399,6648
8350,6725
8319,6776
8294,6815
8151,6901
8125,6954
8002,7008
7907,7082
7805,7138
7666,7246
7574,7343
7447,7396
7292,7516
7150,7592
7061,7663
6950,7744
6831,7835
6754,7856
6697,7880
6698,7969
6696,7966
6662,7960
6677,7869
6699,7792
6760,7728
6840,7627
6918,7496
7057,7335
7152,7195
7280,7050
7488,6948
7700,6879
7846,6732
8088,6658
8221,6611
8385,6582
8530,6565
8667,6554
8800,6608
8836,6637
8926,6722
8932,6785
8969,6829
8948,6840
8956,6922
8897,7020
8781,7150
8381,7084
8089,7141
8177,7448
8099,7544
8025,7699
7859,7884
7652,7917
7525,7993
7359,8102
7176,8194
7125,8287
6973,8280
6886,8374
6800,8374
6751,8295
6733,8201
6709,8164
6731,8085
6800,7982
6887,7860
6994,7843
7134,7662
7256,7544
7506,7440
7748,7279
7941,7118
8239,6987
8532,6864
8846,6757
9046,6661
9282,6589
9497,6550
9616,6530
9700,6544
9643,6563
9707,6588
9769,6671
9724,6735
9643,6836
9574,6948
9423,7045
9120,7190
9090,7315
8836,7353
8649,7542
8474,7677
8323,7800
8113,7886
7828,8066
7661,8146
7547,8256
7408,8386
7241,8483
7124,8520
6942,8561
6896,8574
6905,8600
6821,8621
6741,8564
6766,8433
6786,8368
6863,8306
6940,8128
6983,8002
7111,7842
7234,7696
7333,7479
7460,7281
7632,7075
7825,6981
7976,6821
8241,6746
8438,6670
8664,6638
8816,6605
8931,6645
9133,6666
9281,6691
9362,6751
9378,6811
9427,6893
9331,6964
9341,7074
9237,7172
9183,7231
8978,7310
8851,7402
8576,7465
8403,7574
8200,7704
8040,7708
7823,7774
7611,7814
7403,7833
7273,7891
7112,7920
6959,7930
6893,7913
6797,7864
6720,7872
6700,7809
6693,7820
6715,7742
6781,7647
6886,7622
7005,7559
7129,7463
7255,7352
7460,7210
7677,7121
7898,7026
8166,6900
8389,6827
8675,6689
8766,6631
9002,6574
9233,6530
9435,6512
9581,6544
9770,6556
9870,6601
9965,6719
10046,6778
10061,6866
10063,7021
9916,7114
9719,7274
9536,7448
9285,7644
9019,7753
8782,7851
8573,7963
8267,8043
7987,8192
7707,8262
7442,8341
7279,8383
7072,8404
6943,8394
6840,8448
6806,8397
6811,8334
6829,8297
6842,8182
6963,8140
7098,8022
7295,7879
7456,7797
7735,7693
7951,7529
8184,7411
8434,7293
8673,7176
8870,7004
9104,6854
9380,6745
9471,6674
9623,6598
9650,6548
9701,6539
9873,6566
10038,6621
10009,6738
9953,6847
9849,6986
9767,7146
9813,7387
9707,7544
9506,7723
9375,8007
9302,8228
9137,8410
8976,8573
8881,8699
8633,8878
8380,9029
8077,9142
7827,9229
7584,9300
7367,9351
7218,9297
7055,9217
6934,9168
6827,9000
6802,8847
6845,8686
6983,8503
7124,8334
7313,8205
7566,8004
7855,7822
8168,7674
8473,7471
8788,7208
9109,7064
9371,6932
9560,6804
10027,6733
10320,6644
10608,6615
10875,6596
10970,6604
10926,6644
10931,6658
10960,6731
11007,6814
11062,6932
10970,7008
10774,7128
10554,7294
10351,7409
10056,7633
9862,7893
9642,8159
9415,8427
9053,8655
8855,8805
8620,9024
8419,9224
8127,9394
7995,9477
7763,9626
7570,9607
7447,9633
7371,9554
7235,9447
7201,9379
7200,9159
7255,8975
7420,8794
7595,8551
7872,8292
8177,8109
8497,7913
8858,7682
9274,7447
9635,7234
9894,7074
10305,6937
10675,6894
10870,6816
11107,6776
11298,6768
11449,6807
11641,6880
11808,7010
11730,7168
11501,7310
11191,7477
10948,7645
10924,7814
10939,8032
10771,8210
10364,8394
10001,8688
9639,8932
9285,9265
8942,9545
8702,9784
8354,9981
8067,10171
7876,10303
7711,10439
7530,10514
7423,10640
7388,10740
7331,10718
7184,10557
7265,10475
7348,10243
7453,9987
7673,9748
7946,9596
8168,9327
8514,8973
8901,8625
9184,8276
9480,7989
9991,7739
10351,7473
10673,7294
10987,7125
11304,7055
11467,7018
11673,6934
11728,6934
11986,6988
12007,7064
12073,7160
11954,7387
11839,7458
11649,7626
11370,7741
11228,8003
11059,8299
10801,8638
10386,8927
9884,9207
9588,9433
9361,9615
9019,9779
8728,9920
8426,10015
8113,10113
7830,10309
7624,10321
7451,10329
7290,10283
7204,10269
7104,10278
7112,10222
7194,10076
7293,9693
7543,9338
7871,9038
8171,8809
8576,8606
8985,8346
9336,8016
9682,7717
9941,7479
10264,7275
10524,7176
10800,7013
11143,6963
11211,6900
11487,6915
11612,6973
11671,7077
11633,7219
11401,7406
11101,7639
10810,7904
10445,8249
10188,8566
9881,8811
9617,9041
9142,9372
8664,9624
8362,9976
7985,10389
7613,10772
7318,10962
6998,11278
6872,11442
6748,11493
6574,11620
6414,11423
6301,11372
6229,11279
6204,11029
6161,10823
6171,10525
6165,10291
6152,9942
6146,9678
6146,9384
6144,8925
6135,8525
6136,8287
6127,7983
6134,7698
6140,7381
6147,7144
6124,6999
6143,6823
6119,6780
6125,6782
6126,6787
6115,6908
6120,7058
6110,7234
6118,7467
6119,7747
6120,8063
6114,8364
6126,8583
6114,8810
6112,9028
6117,9232
6112,9300
6106,9373
6106,9395
6114,9323
6112,9242
6109,9207
6125,9115
6103,8976
6113,8767
6116,8739
6112,8620
6114,8469
6121,8338
6114,8048
6099,7976
6114,7660
6111,7505
6116,7356
6111,7111
6114,6849
6106,6709
6106,6484
6110,6372
6102,6275
6108,6225
6102,6219
6105,6192
6102,6186
6106,6168
6102,6188
6109,6185
6106,6168
6100,6180
6101,6186
6106,6182
6116,6160
6104,6158
6104,6156
6104,6153
6103,6115
6103,6083
6100,6084
6110,6066
6103,6072
6094,6061
6102,6066
6110,6069
6108,6067
6103,6073
6103,6066
6107,6064
6097,6051
6106,6065
6105,6061
6103,6053
6098,6048
6111,6050
6110,6049
6103,6049
6099,6052
6113,6063
6108,6049
6105,6065
6105,6050
6104,6061
6105,6068
6111,6046
6102,6042
6100,6063
6106,6062
6106,6056
6110,6067
6109,6066
6112,6058
6098,6054
6109,6048
6108,6040
6111,6044
6103,6054
6108,6051
6116,6048
6122,6050
6107,6058
6107,6032
6109,6056
6110,6060
6107,6047
6106,6051
6112,6039
6111,6058
6119,6061
6103,6049
6112,6056
6108,6042
6112,6053
6104,6051
6105,6049
6115,6055
6112,6045
6116,6044
6107,6050
6107,6036
6113,6046
6113,6063
6110,6053
6111,6040
6113,6041
6106,6050
6110,6051
6108,6040
6108,6052
6118,6057
6101,6050
6116,6047
6113,6052
6108,6057
6113,6050
6099,6050
6107,6047
6109,6040
6112,6047
6106,6053
6104,6031
6118,6045
6112,6021
6110,6048
6116,6040
6095,6050
6105,6043
6105,6057
6106,6035
6101,6047
6105,6048
6091,6037
6106,6047
6101,6049
6105,6046
6112,6049
6106,6045
6111,6051
6111,6050
6106,6061
6103,6053
6103,6064
6100,6052
6111,6060
6110,6052
6105,6043
6093,6049
6107,6050
6106,6049
6103,6061
6115,6066
6098,6047
5958,6042
5771,5643
6011,6018
6046,6045
6096,6033
6101,6042
6112,6062
6112,6070
6110,6061
6111,6055
6131,6079
6108,6048
6110,6041
6106,6047
6096,6062
6103,6041
6111,6056
6123,6061
6104,6041
6108,6032
6105,6046
6110,6042
6107,6056
6103,6052
6110,6048
6101,6037
6091,6058
6101,6041
6103,6037
6110,6040
6107,6039
6101,6057
6106,6050
6100,6038
6098,6040
6104,6054
6112,6056
6107,6052
6109,6040
6090,6042
6103,6076
6094,6050
6104,6061
6116,6053
6113,6051
6107,6047
6098,6042
6109,6054
6102,6059
6102,6054
6100,6056
6097,6051
6099,6062
6106,6048
6103,6038
6113,6052
6092,6058
6090,6025
6100,6038
6096,6034
6110,6047
6104,6044
6108,6049
6113,6054
6118,6039
6094,6053
6111,6055
6112,6051
6110,6047
6116,6052
6099,6051
6099,6049
6104,6042
6096,6049
6098,6059
6103,6052
6097,6048
6095,6049
6101,6061
6114,6044
6103,6051
6095,6054
6096,6040
6110,6053
6105,6049
6092,6041
6104,6043
6113,6043
6095,6046
6109,6045
6098,6052
6101,6043
6098,6042
6104,6054
6099,6044
6100,6054
6094,6063
6094,6046
6098,6032
6107,6051
6098,6065
6091,6061
6095,6058
6094,6054
6103,6045
6103,6051
6097,6047
6104,6045
6107,6044
6096,6092
6094,6055
6086,6052
6102,6055
6103,6051
6098,6057
6102,6046
6099,6033
6107,6033
6103,6045
6100,6063
6107,6043
6111,6050
6103,6049
6096,6054
6098,6053
6109,6051
6104,6053
6104,6050
6106,6064
6103,6041
6102,6047
6105,6059
6106,6034
6109,6053
6105,6042
6093,6057
6112,6049
6100,6057
6098,6063
6112,6050
6105,6054
6104,6045
6102,6038
6109,6044
6107,6052
6106,6058
6107,6057
6101,6065
6110,6064
6109,6029
6107,6065
6118,6054
6111,6058
6108,6049
6121,6068
6102,6047
6114,6061
6107,6064
6107,6043
6098,6062
6112,6050
6114,6045
6103,6056
6110,6042
6112,6057
6102,6059
6102,6057
6110,6050
6103,6057
6112,6049
6113,6059
6109,6037
6114,6045
6099,6055
6103,6049
6105,6057
6102,6041
6096,6056
6101,6055
6102,6064
6111,6054
6096,6050
6103,6043
6117,6056
6111,6049
6103,6048
6105,6050
6111,6045
6112,6056
6097,6046
6104,6047
6104,6048
6109,6038
6105,6048
6103,6061
6107,6056
6097,6056
6102,6058
6096,6046
6104,6042
6112,6047
6118,6050
6102,6046
6103,6034
6106,6050
6101,6034
6106,6039
6096,6044
6106,6049
6109,6048
6100,6053
6104,6054
6104,6055
6107,6050
6104,6041
6106,6053
6099,6043
6099,6054
6104,6065
6106,6055
6103,6051
6109,6055
6114,6052
6109,6054
6111,6050
6097,6035
6108,6046
6101,6045
6110,6047
6109,6063
6126,6057
6106,6054
6115,6054
6106,6054
6111,6053
6110,6056
6107,6052
6106,6061
6111,6046
6108,6067
6112,6058
6115,6043
6121,6040
6107,6042
6123,6054
6117,6047
6118,6047
6116,6053
6122,6056
6116,6039
6118,6055
6110,6039
6113,6046
6113,6047
6114,6041
6110,6048
6122,6047
6112,6066
6121,6044
6112,6039
6113,6058
6110,6048
6114,6061
6109,6049
6105,6044
6110,6046
6112,6052
6090,6060
6191,6115
6146,6095
6119,6078
6139,6062
6100,6032
6129,6064
6101,6042
6114,6038
6112,6044
6108,6047
6120,6052
6122,6067
6111,6057
6110,6044
6101,6060
6108,6062
6115,6050
6106,6050
6108,6044
6114,6044
6108,6059
6114,6057
6111,6049
6105,6048
6106,6057
6104,6040
6106,6049
6115,6038
6108,6056
6110,6054
6112,6040
6111,6039
6117,6055
6111,6040
6114,6049
6110,6047
6106,6051
6121,6059
6106,6047
6111,6037
6118,6050
6097,6053
6105,6050
6108,6053
6114,6055
6110,6043
6108,6060
6105,6067
6117,6054
6118,6051
6114,6060
6110,6044
6103,6046
6112,6049
6109,6042
6107,6055
6113,6047
6124,6050
6110,6054
6107,6045
6101,6051
6117,6033
6114,6046
6115,6047
6107,6056
6114,6044
6116,6044
6122,6056
6121,6049
6103,6049
6116,6056
6128,6052
6109,6059
6114,6052
6117,6053
6118,6051
6113,6060
6113,6050
6122,6056
6115,6062
6121,6050
6112,6039
6116,6050
6113,6050
6118,6056
6119,6052
6112,6053
6122,6053
6129,6041
6112,6057
6119,6057
6118,6058
6118,6058
6116,6069
6115,6057
6118,6054
6112,6051
6123,6047
6112,6053
6112,6053
6123,6049
6114,6055
6122,6051
6121,6054
6112,6053
6119,6050
6111,6059
6115,6059
6116,6058
6116,6049
6119,6060
6114,6051
6102,6060
6116,6053
6119,6049
6112,6057
6110,6066
6113,6061
6114,6054
6113,6052
6124,6052
6124,6052
6104,6052
6116,6040
6112,6049
6105,6041
6109,6062
6118,6050
6117,6045
6116,6058
6122,6055
6108,6046
6111,6056
6110,6058
6112,6060
6110,6062
6130,6064
6111,6063
6115,6064
6117,6064
6116,6041
6108,6056
6120,6021
6113,6037
6113,6037
6114,6049
6112,6054
6115,6059
6108,6050
6114,6061
6108,6062
6117,6040
6109,6047
6121,6054
6114,6060
6115,6048
6115,6048
6117,6058
6115,6058
6115,6056
6121,6052
6117,6054
6114,6062
6120,6046
6122,6051
6110,6062
6110,6062
6108,6057
6125,6058
6114,6057
6121,6048
6111,6057
6111,6053
6123,6046
6109,6055
6097,6047
6119,6056
0,32
0,61680
0,0
6118,6049
5606,5572
5600,5568
5605,5568
5602,5559
5597,5575
5597,5570
5601,5570
5598,5570
5821,5747
6343,6297
6282,6292
6281,6300
6284,6295
6275,6310
6293,6289
6289,6283
6280,6293
6296,6313
6288,6309
6277,6298
6277,6293
6287,6294
6289,6307
6287,6313
6291,6303
6295,6305
6286,6305
6294,6322
6304,6300
6307,6311
6278,6314
6259,6295
6299,6296
6300,6290
6299,6306
6303,6315
6294,6324
6291,6305
6289,6319
6283,6297
6275,6291
6283,6290
6272,6322
6280,6327
6269,6313
6279,6304
6289,6307
6284,6303
6287,6297
6292,6293
6299,6295
6298,6319
6293,6316
6297,6310
6290,6305
6296,6314
6294,6310
6308,6329
6304,6309
6306,6313
6296,6338
6290,6328
6296,6320
6277,6323
6281,6291
6282,6314
6298,6308
6300,6321
6287,6301
6302,6321
6293,6328
6285,6318
6286,6332
6279,6326
6296,6323
6275,6310
6296,6318
6287,6314
6290,6328
6305,6292
6297,6311
6296,6299
6300,6310
6276,6312
6287,6296
6286,6305
6286,6300
6268,6319
6275,6308
6279,6316
6274,6300
6276,6322
6294,6307
6290,6302
6292,6321
6295,6325
6270,6318
6270,6321
6289,6321
6275,6330
6289,6306
6284,6314
6282,6314
6290,6311
6278,6295
6255,6314
6273,6356
6285,6336
6282,6308
6281,6315
6279,6330
6266,6322
6269,6321
6280,6326
6272,6341
6293,6313
6298,6309
6273,6311
6277,6314
6292,6323
6312,6315
6310,6355
6294,6344
6280,6337
6265,6330
6262,6322
6284,6318
6291,6303
6279,6311
6273,6331
6266,6313
6273,6295
6273,6308
6274,6307
6279,6324
6282,6314
6275,6313
6293,6320
6288,6314
6292,6325
6276,6322
6265,6332
6266,6337
6262,6317
6283,6339
6287,6329
6262,6313
6283,6315
6280,6331
6294,6319
6286,6344
6267,6340
6290,6335
6300,6333
6306,6354
6297,6351
6300,6361
6282,6353
6281,6351
6265,6352
6286,6335
6278,6319
6259,6337
6273,6349
6270,6334
6286,6342
6265,6336
6282,6322
6279,6341
6273,6334
6258,6337
6278,6317
6262,6329
6274,6327
6288,6332
6272,6331
6276,6332
6278,6361
6276,6355
6291,6338
6267,6338
6279,6347
6279,6348
6285,6320
6265,6340
6276,6347
6275,6339
6267,6330
6253,6345
6252,6324
6272,6335
6264,6345
6269,6323
6264,6333
6277,6336
6254,6337
6273,6338
6257,6357
6255,6321
6253,6329
6277,6338
6266,6331
6272,6340
6266,6340
6267,6337
6266,6328
6253,6342
6256,6340
6255,6349
6278,6334
6266,6362
6267,6336
6270,6348
6257,6328
6257,6360
6260,6376
6256,6377
6260,6378
6260,6368
6258,6359
6244,6359
6268,6352
6235,6362
6240,6348
6245,6362
6245,6370
6248,6357
6249,6345
6247,6334
6241,6335
6260,6351
6253,6355
6248,6347
6242,6349
6237,6366
6236,6355
6252,6351
6262,6353
6243,6325
6395,6526
6269,6351
6419,6589
6258,6370
6255,6321
6232,6375
6247,6356
6255,6368
6211,6368
6230,6388
6262,6382
6245,6348
6241,6358
6264,6360
6235,6357
6246,6334
6243,6387
6240,6359
6227,6308
6235,6345
6245,6367
6236,6344
6226,6323
6233,6335
6235,6349
6220,6340
6216,6326
6224,6328
6234,6310
6233,6348
6229,6387
6232,6350
6237,6346
6242,6354
6240,6374
6248,6362
6239,6346
6249,6372
6237,6393
6235,6387
6229,6375
6241,6343
6233,6359
6239,6355
6229,6365
6227,6359
6232,6354
6216,6373
6235,6374
6236,6370
6230,6364
6230,6378
6218,6363
6230,6357
6222,6359
6234,6355
6227,6377
6234,6376
6224,6367
6228,6372
6219,6364
6239,6368
6231,6385
6228,6388
6223,6380
6223,6360
6216,6364
6235,6366
6233,6361
6226,6364
6218,6348
6205,6347
6214,6345
6230,6343
6225,6350
6217,6368
6230,6371
6213,6385
6208,6381
6224,6374
6221,6362
6236,6385
6214,6387
6225,6370
6222,6393
6219,6387
6214,6383
6214,6374
6217,6373
6227,6381
6215,6374
6226,6360
6216,6363
6218,6370
6221,6367
6230,6361
6231,6339
6216,6347
6225,6360
6204,6350
6223,6352
6227,6364
6222,6379
6217,6376
6216,6372
6210,6365
6218,6364
6219,6358
6219,6349
6217,6355
6213,6339
6219,6374
6215,6342
6218,6344
6215,6354
6220,6347
6217,6345
6201,6343
6230,6358
6224,6363
6216,6375
6223,6375
6202,6370
6221,6378
6225,6353
6203,6355
6208,6365
6220,6348
6221,6362
6236,6343
6207,6328
6219,6353
6223,6367
6215,6366
6213,6381
6206,6388
6220,6370
6215,6349
6220,6371
6225,6380
6213,6377
6202,6389
6208,6373
6201,6375
6209,6398
6203,6392
6206,6382
6205,6413
6195,6366
6209,6367
6212,6375
6222,6382
6204,6375
6216,6367
6217,6376
6211,6385
6215,6361
6211,6378
6224,6372
6222,6373
6206,6395
6210,6369
6199,6392
6201,6395
6200,6389
6207,6373
6200,6372
6199,6362
6203,6372
6211,6355
6213,6371
6207,6366
6193,6359
6212,6359
6227,6371
6203,6356
6207,6374
6207,6352
6201,6353
6218,6365
6203,6355
6201,6349
6198,6351
6206,6349
6208,6364
6217,6368
6215,6375
6218,6354
6214,6422
6205,6390
6208,6373
6196,6366
6205,6377
6216,6370
6206,6394
6202,6391
6201,6360
6204,6390
6211,6394
6224,6390
6204,6375
6207,6383
6211,6385
6196,6380
6218,6375
6214,6376
6207,6368
6208,6392
6190,6408
6206,6403
6214,6403
6219,6391
6198,6377
6207,6382
6216,6388
6202,6358
6203,6372
6199,6369
6207,6377
6196,6394
6199,6363
6203,6375
6200,6372
6197,6365
6194,6372
6213,6370
6212,6368
6202,6358
6208,6349
6202,6376
6220,6389
6212,6364
6194,6374
6203,6377
6204,6375
6202,6373
6210,6391
6204,6382
6207,6387
6203,6393
6188,6374
6196,6399
6205,6365
6190,6337
6186,6359
6204,6355
6197,6339
6194,6338
6197,6339
6223,6342
6210,6363
6215,6361
6205,6389
6210,6410
6197,6367
6200,6382
6198,6374
6200,6384
6200,6384
6201,6384
6196,6371
6209,6379
6204,6384
6203,6365
6205,6362
6212,6369
6209,6366
6254,6439
6140,6316
6146,6390
6210,6425
6162,6333
6192,6369
6227,6369
6210,6384
6211,6342
6209,6376
6210,6383
6215,6355
6208,6340
6203,6356
6211,6339
6195,6345
6211,6366
6201,6340
6200,6352
6192,6384
6212,6382
6203,6385
6207,6371
6200,6391
6194,6353
6212,6384
6218,6367
6204,6368
6207,6338
6206,6359
6215,6344
6214,6364
6209,6350
6211,6335
6210,6364
6217,6339
6204,6346
6209,6344
6201,6353
6197,6356
6212,6344
6201,6351
6200,6358
6196,6358
6203,6374
6198,6358
6200,6361
6208,6352
6208,6325
6212,6328
6210,6320
6206,6324
6202,6334
6182,6339
6199,6341
6209,6351
6200,6327
6206,6319
6211,6322
6198,6329
6197,6339
6201,6348
6207,6314
6211,6332
6222,6340
6209,6331
6214,6328
6204,6326
6215,6328
6206,6297
6218,6325
6208,6327
6218,6321
6218,6327
6211,6327
6212,6330
6225,6348
6228,6328
6224,6326
6191,6319
6208,6313
6207,6297
6212,6307
6204,6286
6208,6305
6209,6284
6219,6280
6215,6300
6225,6318
6207,6334
6202,6329
6217,6335
6230,6342
6217,6353
6206,6345
6225,6343
6209,6320
6200,6324
6213,6315
6221,6315
6229,6297
6225,6313
6229,6338
6229,6346
6227,6338
6239,6338
6243,6327
6255,6328
6255,6319
6258,6330
6274,6326
6271,6310
6283,6334
6296,6328
6308,6347
6317,6343
6340,6331
6361,6327
6387,6347
6408,6355
6426,6348
6458,6365
6479,6346
6505,6314
6530,6328
6540,6337
6587,6322
6611,6340
6642,6322
6680,6349
6747,6355
6795,6338
6900,6328
7024,6323
7209,6331
7394,6344
7572,6326
7726,6317
7862,6325
7943,6317
7870,6294
7821,6312
7787,6297
7828,6321
7882,6334
7954,6316
8062,6333
8073,6305
8050,6317
7960,6329
7871,6337
7692,6351
7574,6353
7434,6375
7311,6357
7204,6374
7188,6457
7065,6458
6970,6478
6870,6529
6824,6548
6822,6582
6821,6646
6867,6668
6877,6727
6929,6742
7013,6807
7175,6802
7372,6800
7500,6819
7695,6788
7852,6761
8035,6748
8194,6744
8309,6685
8427,6675
8548,6703
8796,6676
8958,6636
9104,6654
9249,6649
9346,6639
9374,6620
9365,6658
9377,6697
9355,6709
9296,6764
9182,6842
9094,6897
8881,6994
8693,7090
8535,7157
8343,7227
8147,7311
7958,7406
7722,7503
7531,7590
7295,7690
7187,7730
7045,7747
6962,7730
6908,7721
6918,7701
6995,7657
7083,7558
7227,7511
7400,7488
7553,7425
7812,7376
8025,7274
8302,7221
8622,7191
8981,7107
9311,6975
9699,6942
10077,6877
10425,6807
10696,6761
10942,6729
11042,6707
11265,6733
11421,6729
11459,6809
11262,6832
11060,6877
10933,7025
10724,7188
10375,7299
10098,7404
9879,7557
9409,7778
9039,7992
8701,8158
8447,8369
8139,8490
7856,8493
7602,8611
7403,8698
7272,8747
7103,8816
7007,8804
6943,8821
6921,8808
6926,8789
6938,8668
7015,8627
7095,8462
7125,8342
7319,8233
7409,8005
7613,7911
7850,7718
8089,7521
8292,7358
8606,7176
8816,7015
9085,6887
9420,6801
9787,6759
9851,6789
9939,6800
10094,6814
10262,6934
10406,7062
10403,7295
10380,7440
10187,7654
9933,7826
9696,8036
9817,8551
9217,8579
9126,8779
8886,8918
8563,9086
8364,9064
8040,9088
7811,9117
7579,9214
7406,9205
7175,9081
7026,9098
6945,9062
6896,9034
6895,8980
6946,8904
7039,8712
7172,8512
7292,8444
7491,8299
7682,8170
7890,8025
8148,7919
8256,7725
8502,7574
8751,7355
8923,7251
9107,7081
9161,6937
9282,6806
9390,6780
9484,6754
9511,6759
9515,6782
9461,6861
9398,6982
9342,7111
9345,7273
9251,7454
9157,7673
9064,7933
8910,8179
8800,8282
8532,8559
8354,8760
8166,8893
7938,9053
7742,9264
7535,9382
7337,9420
7150,9497
7011,9617
6913,9523
6797,9448
6726,9339
6701,9364
6718,9169
6763,8953
6827,8705
6883,8452
6977,8218
7134,8055
7281,7851
7437,7652
7589,7465
7778,7206
7960,7129
8160,6973
8373,6868
8532,6757
8745,6696
8989,6643
9131,6645
9235,6629
9397,6624
9476,6627
9441,6690
9448,6715
9461,6821
9343,6909
9279,7012
9107,7111
8997,7271
8860,7385
8665,7579
8493,7724
8412,7925
8203,8041
7996,8167
7864,8232
7795,8367
7610,8355
7457,8356
7298,8453
7147,8483
6998,8475
6897,8434
6833,8423
6758,8357
6717,8280
6672,8175
6694,8006
6760,7878
6849,7761
6977,7740
7089,7567
7260,7431
7441,7263
7615,7117
7784,7005
7985,6886
8164,6806
8378,6697
8588,6650
8675,6617
8771,6595
8839,6633
8928,6667
8941,6693
8981,6768
8993,6851
8981,6926
8898,7024
8816,7103
8679,7178
8522,7294
8399,7455
8249,7584
8058,7731
7855,7849
7682,7951
7527,8082
7416,8152
7268,8238
7143,8250
7002,8372
6828,8436
6743,8498
6680,8492
6624,8506
6596,8476
6587,8454
6638,8357
6687,8244
6729,8043
6832,7899
6940,7775
7056,7647
7139,7499
7272,7371
7404,7241
7522,7037
7679,6926
7815,6812
7915,6696
8070,6670
8191,6580
8354,6544
8413,6511
8403,6523
8404,6537
8419,6579
8366,6620
8356,6699
8356,6796
8283,6858
8166,6955
8126,7108
8109,7203
7935,7343
7782,7435
7691,7516
7569,7622
7472,7745
7338,7845
7228,7916
7093,7934
6968,8023
6834,8054
6722,8066
6680,8069
6645,8009
6615,7932
6607,7863
6662,7809
6705,7705
6776,7601
6897,7536
7000,7401
7166,7304
7324,7215
7506,7053
7703,6937
7874,6831
8049,6720
8195,6654
8355,6607
8395,6527
8594,6498
8658,6491
8797,6495
8778,6549
8815,6571
8811,6603
8767,6643
8709,6708
8624,6813
8512,6896
8404,6961
8271,7025
8152,7105
8018,7214
7846,7357
7719,7472
7607,7564
7469,7662
7406,7773
7281,7871
7192,8014
7090,8098
7013,8069
6929,8094
6848,8165
6765,8141
6709,8105
6677,8033
6659,7998
6680,7877
6736,7793
6801,7673
6906,7582
7011,7403
7200,7275
7338,7124
7466,7001
7655,6929
7838,6799
7982,6709
8117,6646
8315,6629
8407,6570
8407,6538
8441,6521
8505,6506
8459,6541
8438,6577
8407,6640
8375,6696
8307,6774
8290,6814
8179,6891
8119,6974
8015,6997
7902,7078
7815,7142
7687,7266
7543,7345
7425,7391
7315,7512
7143,7590
7055,7683
6963,7724
6824,7819
6758,7853
6710,7890
6677,7931
6676,7969
6721,8024
6746,7910
6740,7847
6809,7762
6856,7640
6968,7466
7048,7324
7151,7223
7297,7072
7477,6978
7692,6850
7862,6727
8061,6653
8272,6619
8359,6584
8524,6567
8656,6562
8773,6605
8863,6643
8928,6709
8943,6782
8976,6814
8999,6850
8943,6927
8891,7031
8766,7137
8519,7164
8399,7306
8217,7413
8124,7536
8042,7696
7846,7838
7694,7938
7543,7975
7372,8105
7223,8177
7123,8286
6963,8285
6896,8325
6792,8367
6764,8277
6730,8224
6724,8164
6763,8124
6791,8002
6898,7869
6994,7836
7126,7678
7274,7568
7501,7427
7714,7273
7937,7109
8219,6977
8548,6853
8829,6745
9056,6651
9272,6596
9476,6524
9596,6539
9639,6561
9660,6573
9739,6607
9765,6677
9768,6758
9688,6838
9614,6950
9409,7044
9156,7169
9122,7290
8801,7380
8633,7539
8435,7696
8278,7793
8092,7915
7822,7977
7649,8159
7558,8256
7413,8371
7215,8471
7089,8504
6938,8539
6916,8608
6890,8623
6816,8621
6757,8529
6760,8412
6796,8370
6846,8278
6908,8168
6991,8016
7114,7821
7257,7673
7369,7458
7456,7257
7647,7097
7776,6928
7961,6858
8226,6750
8461,6686
8601,6669
8826,6598
8981,6629
9134,6663
9266,6698
9400,6737
9386,6802
9394,6884
9315,6970
9343,7074
9245,7176
9196,7240
9050,7319
8841,7379
8585,7514
8376,7560
8233,7694
8017,7732
7841,7794
7570,7813
7416,7830
7261,7955
7141,7970
6969,7962
6876,7901
6769,7904
6711,7882
6698,7812
6695,7809
6715,7763
6793,7702
6893,7599
7021,7574
7146,7444
7260,7322
7451,7187
7647,7104
7919,7028
8133,6897
8423,6848
8675,6708
8794,6638
9026,6559
9295,6546
9478,6504
9571,6552
9814,6559
9876,6595
10027,6696
10047,6797
10120,6874
10022,6999
9903,7125
9717,7271
9553,7438
9298,7616
9009,7768
8762,7855
8570,7941
8251,8084
7973,8152
7734,8267
7462,8327
7238,8357
7075,8387
6919,8417
6864,8440
6810,8391
6810,8391
6810,8270
6864,8209
6989,8113
7124,8034
7287,7881
7477,7781
7710,7692
7970,7577
8178,7393
8430,7281
8675,7149
8873,7014
9127,6849
9359,6756
9482,6665
9649,6591
9687,6551
9728,6526
9894,6567
10016,6632
10005,6745
9958,6830
9858,6965
9804,7143
9802,7369
9713,7565
9530,7724
9411,7958
9284,8250
9189,8470
8999,8588
8896,8692
8670,8854
8424,9009
8115,9158
7761,9232
7565,9304
7365,9319
7203,9256
7046,9153
6927,9144
6832,8955
6784,8823
6842,8681
6989,8507
7155,8364
7324,8185
7555,7991
7844,7829
8103,7651
8488,7415
8756,7218
9068,7066
9374,6915
9678,6805
10014,6716
10304,6652
10600,6605
10830,6592
11003,6597
10948,6639
10958,6654
10890,6725
11040,6840
11060,6936
10970,7025
10781,7144
10585,7276
10364,7459
10044,7644
9920,7915
9666,8156
9371,8395
9082,8653
8838,8800
8679,9054
8433,9268
8167,9440
7997,9543
7772,9614
7579,9681
7419,9681
7340,9530
7257,9408
7187,9313
7218,9216
7238,8985
7410,8759
7597,8534
7835,8308
8180,8098
8521,7901
8879,7664
9244,7436
9645,7241
9917,7040
10253,6949
10715,6882
10891,6833
11107,6758
11370,6768
11440,6803
11719,6949
11761,6973
11791,7169
11629,7427
11112,7454
10928,7656
10920,7842
10987,8063
10747,8215
10317,8435
10008,8712
9613,8958
9306,9272
8957,9515
8693,9775
8352,9948
8052,10175
7932,10281
7719,10396
7528,10534
7423,10669
7379,10757
7332,10696
7291,10653
7320,10545
7385,10277
7515,10070
7731,9790
7923,9567
8199,9300
8555,8966
8917,8628
9183,8294
9416,7978
9976,7773
10337,7505
10704,7295
10946,7161
11330,7041
11471,6971
11618,6927
11725,6924
11934,6986
12034,7075
11984,7155
11933,7300
11789,7439
11695,7634
11403,7751
11249,8003
11101,8265
10801,8558
10391,8876
9925,9220
9579,9430
9375,9653
8998,9822
8738,9897
8442,10063
8083,10106
7804,10262
7623,10334
7443,10347
7260,10299
7200,10255
7105,10245
7103,10231
7187,10082
7307,9678
7517,9320
7877,9037
8171,8781
8564,8536
8998,8278
9386,8004
9624,7733
9965,7477
10255,7292
10543,7163
10832,7007
11086,6966
11222,6896
11403,6921
11676,6993
11683,7076
11571,7227
11420,7401
11132,7613
10802,7891
10477,8246
10195,8540
9947,8818
9609,9086
9176,9361
8710,9639
8370,9944
7971,10399
7606,10774
7345,11024
7023,11268
6885,11475
6731,11527
6573,11664
6411,11420
6302,11406
6227,11246
6205,11015
6166,10771
6169,10552
6156,10214
6154,9900
6149,9679
6143,9369
6148,8923
6140,8552
6133,8289
6145,7926
6143,7671
6129,7440
6140,7169
6130,6990
6134,6826
6121,6795
6110,6767
6120,6796
6128,6891
6123,7030
6117,7254
6114,7464
6115,7773
6122,8040
6114,8340
6127,8626
6113,8787
6116,9062
6118,9227
6119,9327
6115,9388
6114,9425
6110,9305
6110,9249
6107,9174
6124,9096
6106,8989
6118,8817
6109,8704
6107,8593
6111,8468
6120,8343
6110,8084
6110,7914
6113,7683
6108,7491
6104,7343
6105,7106
6111,6873
6105,6706
6110,6495
6109,6354
6109,6271
6103,6213
6109,6199
6095,6194
6104,6190
6104,6169
6096,6173
6110,6183
6101,6181
6104,6170
6111,6182
6105,6186
6103,6165
6104,6161
6103,6175
6108,6156
6095,6122
6105,6091
6099,6074
6104,6073
6109,6069
6095,6058
6103,6062
6116,6063
6100,6073
6101,6056
6111,6058
6110,6071
6103,6056
6104,6064
6108,6059
6097,6064
6105,6052
6105,6059
6099,6061
6100,6053
6105,6053
6116,6064
6104,6070
6101,6050
6104,6051
6103,6052
6110,6056
6110,6053
6098,6049
6104,6067
6109,6055
6113,6056
6104,6063
6105,6060
6103,6061
6104,6057
6105,6062
6106,6063
6104,6054
6109,6053
6106,6045
6117,6056
6114,6065
6115,6056
6108,6045
6103,6048
6108,6056
6114,6048
6115,6046
6111,6056
6111,6046
6099,6044
6104,6039
6109,6065
6101,6039
6112,6051
6110,6055
6106,6044
6108,6037
6112,6057
6104,6049
6109,6054
6105,6042
6106,6042
6124,6066
6112,6050
6126,6042
6113,6048
6107,6052
6108,6054
6111,6042
6111,6054
6111,6053
6115,6046
6117,6052
6106,6054
6107,6037
6118,6048
6102,6051
6098,6048
6114,6032
6108,6047
6104,6042
6104,6047
6099,6060
6102,6049
6104,6053
6104,6043
6097,6044
6102,6055
6108,6056
6152,6070
6108,6059
6154,6087
6090,6074
6160,6118
6118,6057
6092,6029
6112,6063
6116,6047
6107,6053
6115,6054
6112,6042
6115,6062
6103,6069
6101,6046
6107,6058
6106,6043
6099,6060
6099,6050
6099,6045
6102,6051
6104,6052
6104,6051
6102,6043
6106,6045
6110,6053
6115,6046
6106,6056
6112,6040
6100,6047
6111,6051
6110,6048
6095,6041
6108,6057
6097,6064
6101,6057
6098,6050
6106,6051
6096,6055
6095,6030
6109,6040
6113,6058
6106,6043
6103,6051
6105,6047
6104,6053
6101,6052
6105,6047
6108,6062
6092,6051
6102,6045
6099,6042
6110,6060
6104,6044
6110,6049
6107,6039
6101,6043
6101,6048
6104,6034
6107,6057
6102,6064
6103,6045
6097,6043
6096,6049
6115,6047
6102,6034
6108,6045
6115,6054
6118,6052
6098,6051
6104,6050
6097,6038
6099,6054
6106,6052
6106,6056
6106,6044
6105,6054
6098,6044
6101,6045
6104,6061
6096,6061
6100,6061
6102,6053
6100,6036
6100,6047
6099,6050
6105,6053
6104,6051
6104,6041
6092,6051
6105,6047
6097,6037
6099,6040
6102,6027
6102,6042
6096,6042
6095,6032
6094,6044
6098,6043
6110,6042
6098,6057
6096,6050
6098,6053
6105,6053
6100,6041
6098,6048
6096,6049
6110,6049
6103,6053
6092,6034
6107,6028
6103,6053
6101,6038
6104,6051
6096,6049
6100,6049
6104,6046
6105,6043
6098,6039
6093,6051
6110,6046
6094,6049
6103,6042
6113,6052
6101,6053
6094,6053
6098,6045
6084,6053
6110,6045
6099,6049
6100,6049
6095,6084
6096,6034
6110,6048
6098,6055
6087,6030
6102,6040
6095,6047
6099,6053
6103,6047
6094,6043
6102,6055
6107,6051
6103,6051
6095,6031
6103,6031
6096,6046
6089,6039
6093,6057
6105,6053
6098,6046
6105,6053
6100,6051
6100,6039
6105,6053
6108,6041
6108,6044
6123,6044
6108,6051
6111,6049
6104,6056
6104,6055
6107,6049
6113,6054
6104,6050
6111,6057
6102,6051
6111,6055
6108,6048
6099,6056
6105,6064
6105,6054
6107,6066
6112,6049
6110,6033
6112,6051
6105,6049
6107,6050
6119,6060
6107,6048
6109,6041
6108,6061
6107,6066
6104,6048
6109,6060
6108,6054
6097,6058
6095,6057
6109,6049
6099,6052
6100,6043
6113,6055
6106,6055
6114,6039
6108,6057
6104,6048
6104,6054
6114,6052
6107,6054
6108,6046
6098,6029
6105,6058
6102,6029
6109,6058
6107,6060
6099,6047
6104,6057
6112,6055
6107,6051
6106,6048
6102,6048
6097,6036
6112,6049
6096,6050
6104,6040
6100,6044
6104,6047
6103,6038
6104,6057
6102,6036
6101,6053
6099,6041
6092,6043
6104,6039
6108,6055
6108,6057
6095,6051
6102,6047
6108,6058
6106,6047
6099,6046
6111,6046
6108,6043
6099,6036
6101,6049
6099,6043
6106,6045
6103,6039
6105,6049
6102,6045
6101,6043
6104,6036
6111,6050
6102,6046
6106,6037
6105,6039
6110,6043
6112,6052
6106,6063
6098,6048
6110,6050
6098,6051
6105,6051
6108,6048
6113,6049
6109,6050
6106,6053
6099,6062
6111,6039
6111,6049
6101,6044
6107,6051
6115,6045
6108,6055
6111,6047
6114,6040
6104,6059
6109,6054
6117,6048
6000,5882
6108,6085
6017,5951
6087,6012
6117,6056
6108,6055
6123,5917
6101,6036
6112,6043
6122,6055
6106,6052
6114,6054
6114,6060
6113,6045
6108,6049
6108,6063
6110,6053
6104,6060
6110,6042
6109,6045
6116,6063
6112,6055
6110,6042
6103,6033
6112,6033
6102,6040
6110,6043
6113,6042
6113,6056
6109,6052
6109,6051
6116,6049
6104,6036
6109,6036
6116,6049
6119,6047
6111,6035
6105,6053
6104,6054
6106,6048
6108,6046
6110,6042
6115,6050
6115,6047
6118,6050
6108,6042
6109,6034
6114,6045
6104,6033
6122,6001
6116,6044
6102,6050
6118,6037
6112,6037
6112,6040
6118,6043
6112,6045
6112,6042
6105,6028
6110,6059
6117,6050
6107,6042
6114,6054
6113,6065
6097,6051
6108,6037
6100,6046
6106,6057
6114,6057
6115,6049
6102,6047
6111,6055
6118,6049
6108,6061
6102,6046
6096,6043
6114,6052
6113,6059
6105,6039
6101,6050
6110,6062
6109,6042
6109,6047
6115,6052
6117,6053
6112,6055
6116,6047
6115,6042
6110,6061
6114,6048
6120,6057
6120,6037
6102,6049
6113,6062
6123,6046
6110,6060
6118,6043
6111,6036
6118,6059
6111,6056
6108,6050
6116,6056
6120,6052
6114,6047
6109,6052
6110,6063
6112,6032
6122,6062
6110,6049
6108,6054
6122,6061
6123,6057
6111,6054
6113,6062
6111,6064
6112,6042
6115,6063
6121,6060
6115,6055
6115,6052
6112,6057
6112,6042
6115,6055
6115,6055
6120,6057
6114,6063
6120,6059
6122,6059
6115,6050
6118,6047
6119,6047
6118,6051
6112,6043
6115,6056
6118,6053
6124,6050
6121,6047
6111,6059
6112,6062
6117,6052
6130,6002
6113,6053
6119,6051
6113,6050
6109,6050
6109,6050
6092,6046
6117,6054
6106,6066
6115,6053
6114,6054
6116,6064
6110,6057
6110,6059
6117,6056
6131,6050
6116,6060
6116,6057
6119,6056
6120,6048
6114,6069
6120,6057
6105,6046
6115,6053
6109,6068
6108,6057
6123,6056
6123,6056
6116,6055
6112,6045
6112,6053
6115,6053
6121,6046
6117,6053
6125,6049
6115,6055
6113,6058
6115,6049
6108,6055
6110,6047
6120,6047
6117,6057
6117,6065
6109,6041
6120,6051
6114,6060
6114,6055
6105,6052
6112,6051
6112,6051
6116,6060
6115,6063
6117,6037
6117,6051
6112,6042
6119,6051
6109,6057
6115,6062
6120,6049
6123,6047
0,27
0,61680
0,0
6119,6054
5598,5585
5593,5584
5601,5583
5602,5572
5605,5582
5599,5578
5597,5578
5599,5575
5818,5746
6331,6295
6278,6296
6289,6296
6299,6302
6285,6311
6286,6287
6296,6294
6271,6310
6289,6319
6280,6304
6296,6309
6283,6314
6277,6322
6297,6301
6288,6306
6295,6304
6303,6311
6290,6305
6291,6308
6300,6297
6304,6309
6293,6307
6289,6280
6292,6287
6288,6293
6292,6301
6304,6296
6275,6299
6283,6304
6291,6318
6286,6300
6283,6293
6279,6307
6274,6330
6290,6332
6270,6313
6286,6305
6297,6301
6287,6311
6269,6312
6284,6298
6293,6301
6303,6304
6293,6302
6285,6308
6291,6307
6297,6300
6289,6298
6299,6302
6292,6315
6305,6322
6297,6338
6287,6318
6306,6322
6275,6331
6301,6315
6284,6320
6292,6323
6307,6327
6296,6306
6296,6332
6296,6318
6271,6323
6273,6307
6284,6320
6307,6318
6286,6310
6282,6314
6287,6323
6292,6304
6291,6306
6298,6295
6282,6303
6290,6302
6279,6299
6288,6310
6296,6301
6283,6313
6267,6314
6263,6306
6274,6311
6251,6319
6287,6318
6301,6298
6286,6313
6306,6324
6301,6314
6269,6326
6262,6330
6274,6329
6282,6316
6275,6322
6297,6320
6289,6313
6296,6317
6281,6320
6264,6305
6281,6316
6297,6324
6274,6298
6267,6310
6282,6313
6277,6340
6272,6320
6268,6324
6289,6328
6294,6321
6291,6324
6271,6326
6269,6310
6304,6322
6301,6329
6292,6338
6280,6348
6281,6341
6282,6318
6277,6324
6271,6316
6288,6311
6285,6320
6273,6313
6280,6311
6267,6309
6268,6314
6271,6315
6274,6318
6280,6317
6268,6304
6287,6312
6280,6288
6286,6305
6277,6323
6264,6308
6260,6334
6278,6317
6285,6341
6283,6334
6267,6320
6270,6305
6285,6303
6282,6314
6275,6324
6273,6328
6270,6336
6293,6352
6278,6348
6289,6386
6287,6374
6279,6369
6282,6367
6270,6332
6291,6323
6265,6327
6267,6328
6259,6336
6265,6341
6277,6347
6260,6332
6278,6321
6274,6336
6277,6316
6262,6335
6269,6336
6260,6338
6272,6307
6266,6319
6274,6324
6261,6325
6267,6370
6273,6365
6279,6334
6277,6334
6275,6339
6257,6352
6265,6313
6267,6327
6288,6341
6265,6339
6270,6342
6262,6336
6268,6335
6262,6347
6270,6346
6262,6327
6279,6332
6275,6337
6267,6359
6280,6337
6267,6342
6262,6342
6261,6319
6273,6348
6266,6331
6271,6340
6279,6341
6271,6342
6255,6346
6259,6345
6256,6350
6265,6343
6259,6338
6271,6348
6275,6345
6266,6353
6272,6336
6249,6361
6314,6474
6241,6405
6266,6397
6286,6416
6264,6378
6250,6344
6258,6353
6241,6354
6230,6352
6245,6361
6251,6362
6253,6349
6247,6336
6237,6353
6249,6330
6251,6327
6241,6340
6257,6347
6229,6339
6237,6350
6238,6356
6239,6355
6256,6351
6249,6347
6242,6340
6245,6346
6247,6362
6244,6366
6244,6363
6248,6371
6252,6366
6235,6383
6224,6390
6238,6374
6238,6378
6260,6371
6267,6358
6251,6359
6238,6341
6256,6348
6243,6377
6256,6355
6236,6337
6240,6342
6242,6334
6247,6357
6233,6340
6229,6328
6223,6359
6223,6347
6209,6332
6238,6317
6240,6323
6236,6336
6224,6350
6237,6360
6238,6344
6240,6363
6230,6394
6242,6353
6238,6348
6239,6371
6232,6391
6211,6382
6233,6343
6241,6352
6241,6370
6244,6346
6233,6363
6231,6343
6223,6348
6232,6362
6221,6364
6228,6375
6221,6373
6236,6353
6224,6369
6223,6330
6225,6368
6230,6358
6223,6370
6229,6376
6231,6393
6218,6358
6226,6364
6229,6374
6232,6395
6235,6377
6222,6375
6212,6372
6222,6342
6217,6351
6223,6360
6231,6372
6226,6368
6209,6348
6215,6335
6218,6361
6224,6350
6228,6367
6227,6389
6211,6387
6216,6375
6217,6376
6234,6401
6227,6393
6220,6400
6219,6397
6215,6388
6228,6365
6216,6378
6219,6369
6216,6369
6219,6384
6216,6367
6225,6363
6215,6361
6221,6367
6214,6361
6217,6359
6218,6347
6206,6353
6227,6359
6220,6360
6221,6362
6222,6346
6215,6372
6227,6381
6215,6375
6216,6360
6223,6356
6216,6368
6221,6356
6215,6347
6215,6338
6210,6360
6202,6342
6205,6374
6212,6361
6216,6353
6216,6331
6207,6356
6226,6330
6227,6362
6215,6372
6230,6377
6218,6369
6211,6383
6204,6373
6208,6371
6210,6366
6224,6354
6222,6352
6227,6355
6221,6357
6211,6344
6223,6386
6206,6360
6207,6375
6222,6369
6212,6371
6204,6351
6217,6360
6220,6372
6207,6385
6210,6376
6209,6372
6201,6382
6199,6391
6207,6406
6204,6377
6216,6407
6198,6369
6206,6364
6208,6380
6209,6385
6202,6372
6208,6371
6202,6384
6203,6364
6207,6365
6207,6353
6213,6368
6211,6348
6213,6374
6206,6369
6201,6370
6202,6389
6204,6404
6203,6383
6200,6385
6193,6374
6192,6366
6205,6381
6204,6345
6199,6377
6193,6366
6201,6355
6206,6382
6202,6384
6220,6360
6212,6367
6196,6355
6207,6368
6211,6361
6206,6359
6198,6346
6189,6354
6200,6361
6209,6375
6204,6346
6201,6351
6203,6389
6200,6413
6202,6373
6207,6390
6206,6381
6220,6378
6202,6380
6204,6385
6215,6401
6202,6391
6200,6376
6196,6384
6210,6373
6199,6390
6216,6395
6195,6383
6202,6394
6210,6383
6207,6370
6219,6405
6206,6374
6207,6360
6206,6398
6214,6402
6207,6375
6203,6393
6212,6364
6209,6398
6199,6390
6192,6390
6209,6383
6211,6372
6201,6342
6210,6374
6192,6371
6195,6384
6197,6370
6208,6364
6203,6344
6206,6364
6202,6353
6210,6365
6204,6354
6205,6363
6210,6363
6188,6360
6198,6392
6194,6374
6204,6398
6206,6394
6202,6386
6199,6387
6200,6386
6198,6369
6197,6396
6203,6355
6193,6372
6075,6147
6251,6568
6127,6225
6227,6365
6195,6327
6225,6394
6224,6385
6205,6359
6197,6381
6211,6392
6194,6376
6206,6366
6206,6387
6197,6395
6192,6380
6194,6382
6195,6378
6211,6388
6205,6344
6204,6374
6213,6366
6199,6357
6198,6353
6199,6356
6207,6375
6203,6380
6202,6370
6207,6362
6194,6356
6194,6345
6204,6360
6195,6359
6199,6373
6206,6374
6198,6362
6208,6356
6208,6346
6202,6361
6196,6352
6215,6370
6196,6352
6201,6363
6208,6384
6209,6382
6206,6385
6202,6363
6205,6380
6217,6377
6219,6363
6200,6353
6209,6351
6210,6337
6206,6345
6218,6351
6209,6350
6211,6337
6227,6340
6216,6356
6215,6341
6212,6355
6201,6345
6204,6332
6192,6349
6203,6359
6198,6346
6200,6340
6207,6358
6215,6366
6195,6342
6205,6354
6222,6343
6207,6326
6206,6329
6205,6336
6215,6349
6205,6347
6210,6348
6212,6340
6203,6327
6203,6333
6203,6324
6214,6332
6205,6336
6216,6327
6210,6346
6218,6329
6215,6342
6222,6340
6216,6323
6207,6332
6202,6323
6212,6323
6204,6311
6201,6325
6217,6332
6211,6337
6211,6322
6222,6334
6216,6330
6222,6328
6214,6330
6196,6336
6203,6313
6207,6288
6203,6294
6201,6274
6204,6291
6212,6301
6212,6316
6217,6322
6226,6306
6201,6318
6207,6304
6208,6336
6223,6343
6232,6342
6214,6360
6212,6340
6225,6326
6214,6294
6215,6321
6219,6324
6227,6324
6223,6320
6225,6335
6226,6355
6238,6356
6229,6329
6235,6338
6250,6322
6256,6293
6259,6309
6266,6339
6270,6334
6278,6342
6288,6331
6298,6331
6328,6322
6331,6332
6354,6338
6392,6339
6409,6358
6433,6351
6453,6357
6485,6348
6504,6333
6518,6307
6545,6326
6585,6330
6606,6336
6654,6338
6661,6323
6732,6342
6808,6344
6912,6332
7022,6326
7225,6324
7408,6344
7591,6325
7755,6319
7832,6324
7879,6308
7861,6309
7823,6306
7781,6288
7827,6319
7829,6333
7927,6321
8038,6319
8091,6305
8053,6304
7988,6318
7857,6338
7715,6351
7611,6331
7411,6358
7321,6391
7210,6392
7140,6431
7053,6445
6966,6491
6881,6542
6813,6555
6814,6586
6834,6624
6872,6691
6878,6708
6914,6711
7051,6766
7162,6795
7369,6807
7572,6813
7695,6792
7872,6770
8029,6781
8169,6758
8320,6725
8473,6692
8551,6693
8775,6679
9003,6656
9121,6653
9318,6630
9356,6647
9375,6646
9391,6650
9457,6689
9388,6729
9289,6773
9195,6838
9090,6937
8856,6982
8706,7077
8546,7175
8324,7232
8150,7301
7959,7402
7701,7513
7496,7617
7272,7715
7179,7738
7030,7748
6989,7724
6938,7735
6935,7685
6994,7645
7071,7569
7228,7518
7377,7493
7564,7470
7804,7401
8055,7283
8352,7223
8671,7165
8979,7094
9345,7003
9703,6929
10039,6854
10407,6834
10714,6733
10919,6760
11045,6725
11256,6710
11432,6758
11435,6794
11288,6836
11134,6866
10927,7016
10712,7188
10371,7303
10090,7451
9838,7586
9388,7783
9017,7969
8696,8146
8426,8356
8117,8465
7836,8488
7588,8588
7428,8665
7275,8736
7118,8829
7015,8825
6969,8822
6919,8773
6934,8750
7014,8715
6896,8612
7086,8480
7193,8343
7290,8207
7453,8105
7623,7900
7857,7718
8084,7540
8246,7352
8601,7212
8813,7056
9095,6910
9440,6804
9778,6766
9866,6763
9891,6810
10149,6829
10283,6950
10360,7083
10380,7276
10371,7496
10142,7640
9925,7827
9722,8074
9592,8284
9313,8504
9039,8698
8806,8882
8553,9000
8314,8990
8020,9020
7822,9134
7581,9136
7368,9123
7185,9045
7054,9082
6938,9060
6889,9025
6902,8977
6949,8861
7034,8674
7171,8547
7292,8445
7484,8328
7690,8198
7905,8036
8131,7898
8217,7746
8510,7576
8718,7380
8898,7256
9105,7076
9180,6944
9277,6852
9408,6785
9496,6738
9517,6734
9501,6775
9466,6842
9366,6987
9343,7086
9364,7292
9214,7468
9209,7707
9056,7971
8958,8155
8759,8332
8498,8593
8332,8727
8123,8887
7906,9030
7747,9206
7548,9373
7329,9450
7153,9470
7007,9583
6909,9486
6805,9413
6735,9407
6685,9337
6722,9175
6759,8924
6827,8706
6864,8486
6963,8260
7121,8084
7281,7841
7446,7617
7572,7414
7773,7217
7962,7129
8149,6998
8353,6866
8542,6767
8741,6716
8971,6658
9178,6642
9296,6615
9352,6617
9492,6629
9456,6648
9457,6710
9414,6810
9337,6907
9235,7024
9131,7117
9060,7269
8863,7399
8717,7601
8484,7737
8357,7913
8168,8061
8050,8203
7876,8239
7789,8350
7601,8375
7443,8367
7270,8424
7152,8508
7008,8464
6900,8486
6821,8402
6774,8376
6692,8294
6694,8180
6703,7974
6752,7883
6853,7793
6968,7698
7109,7555
7268,7426
7451,7241
7617,7106
7819,6967
7970,6890
8143,6799
8394,6728
8557,6653
8687,6610
8844,6611
8876,6621
8869,6668
8943,6681
8998,6766
8999,6831
9014,6936
8905,7013
8786,7094
8748,7190
8561,7298
8445,7423
8291,7586
8135,7731
7870,7837
7668,7978
7527,8031
7421,8117
7231,8181
7120,8267
7001,8361
6863,8451
6756,8519
6662,8525
6628,8491
6587,8454
6615,8502
6630,8366
6680,8201
6738,8054
6831,7931
6947,7755
7046,7657
7138,7523
7240,7380
7392,7219
7490,7087
7666,6941
7823,6785
7937,6709
8050,6653
8237,6578
8328,6521
8417,6520
8365,6548
8389,6542
8415,6561
8384,6666
8358,6715
8346,6771
8264,6834
8192,6988
8113,7094
8094,7211
7940,7292
7809,7424
7671,7501
7575,7628
7511,7722
7340,7864
7212,7883
7098,7952
6958,8009
6850,8010
6763,8098
6672,8093
6638,8040
6599,7895
6615,7888
6647,7820
6696,7697
6790,7586
6902,7529
7001,7402
7171,7305
7363,7186
7522,7062
7714,6949
7879,6850
8067,6714
8183,6653
8357,6608
8395,6522
8551,6480
8723,6487
8765,6508
8771,6512
8810,6576
8824,6632
8743,6649
8702,6704
8640,6817
8485,6902
8405,6935
8284,7019
8168,7111
8013,7246
7831,7394
7683,7449
7606,7584
7496,7688
7405,7766
7295,7912
7192,7971
7105,8088
7024,8081
6943,8090
6845,8149
6770,8102
6699,8108
6676,8036
6658,7980
6703,7871
6727,7777
6798,7712
6892,7591
7007,7416
7175,7261
7334,7102
7465,7016
7669,6915
7842,6804
8025,6727
8107,6665
8333,6613
8375,6583
8436,6541
8454,6529
8500,6533
8587,6566
8276,6367
8380,6621
8443,6706
8361,6810
8223,6814
8141,6897
8111,6992
8050,6986
7917,7068
7786,7150
7677,7260
7553,7315
7472,7410
7311,7474
7139,7606
7062,7642
6937,7780
6826,7832
6735,7840
6697,7881
6688,7940
6676,7963
6676,7944
6694,7872
6749,7841
6797,7739
6841,7633
6937,7469
7074,7363
7173,7217
7282,7044
7472,6949
7689,6862
7841,6724
8075,6653
8226,6587
8390,6596
8543,6583
8649,6566
8846,6575
8870,6647
8928,6694
8922,6782
8986,6809
9033,6836
8905,6923
8876,7024
8744,7156
8520,7160
8383,7304
8223,7447
