Channel 1,Channel 2
8865,6787
8615,6915
8463,6968
8376,7048
8131,7135
7943,7231
7776,7315
7715,7422
7442,7607
7292,7671
7301,7765
7211,7883
7071,8053
6957,8179
6882,8206
6887,8246
6830,8286
6754,8252
6710,8257
6707,8171
6764,8082
6856,7995
6892,7878
7014,7712
7125,7587
7289,7389
7413,7208
7585,7073
7719,6914
7924,6834
8066,6707
8295,6594
8424,6546
8570,6515
8677,6469
8665,6485
8819,6516
8849,6537
8932,6595
8839,6691
8841,6759
8780,6830
8754,6953
8672,7056
8554,7132
8418,7226
8259,7323
8130,7422
8000,7537
7824,7586
7649,7617
7481,7708
7272,7770
7145,7881
7016,7933
6923,7953
6803,7955
6708,7979
6624,8000
6611,7962
6615,7948
6605,7888
6665,7848
6729,7801
6800,7734
6872,7601
6946,7470
7076,7353
7220,7239
7350,7157
7576,7030
7809,6920
8004,6809
8139,6689
8372,6607
8666,6555
8856,6528
8998,6532
9143,6519
9233,6511
9334,6541
9452,6613
9512,6663
9522,6719
9486,6797
9313,6892
9235,6986
9065,7126
8897,7218
8741,7309
8644,7400
8369,7534
8139,7603
7896,7691
7646,7815
7399,7876
7218,7973
7109,7976
6934,8044
6872,8040
6800,7980
7028,8191
6541,8133
6704,7720
6862,7889
6812,7713
6938,7706
7096,7675
7155,7479
7278,7399
7537,7331
7694,7153
7871,6983
8106,6869
8297,6753
8444,6652
8589,6588
8699,6521
8740,6485
8853,6493
8990,6501
9058,6548
8987,6565
9051,6645
9087,6748
9097,6879
9148,6999
9029,7192
8898,7369
8733,7569
8596,7741
8488,7923
8426,8045
8317,8237
8133,8414
7978,8577
7745,8654
7571,8780
7439,8871
7355,8894
7210,8852
7063,8888
6964,8809
6870,8675
6844,8601
6829,8550
6877,8392
6967,8306
7011,8203
7151,8043
7395,7939
7613,7812
7843,7603
8136,7435
8401,7270
8643,7134
8968,7019
9304,6914
9579,6851
9897,6798
10015,6752
10094,6718
10104,6687
9985,6688
10179,6744
10210,6776
10185,6827
10105,6881
10051,6966
10090,7048
9943,7180
9992,7337
9933,7513
9730,7701
9490,7882
9305,8004
9169,8163
8983,8355
8748,8444
8499,8576
8285,8726
8030,8859
7813,8966
7605,9005
7363,8974
7160,8996
7035,8957
6948,8823
6885,8691
6914,8627
6986,8385
7127,8244
7318,8065
7477,7813
7767,7607
8072,7408
8259,7222
8589,7071
8935,6980
9190,6863
9421,6804
9748,6744
9984,6731
10317,6674
10651,6735
10872,6768
10918,6870
10872,6910
10770,7024
10947,7121
11164,7200
11158,7311
10930,7430
10697,7613
10399,7815
10096,8052
9839,8263
9537,8485
9140,8690
8814,8926
8551,9164
8249,9327
8056,9498
7874,9713
7637,9840
7404,9939
7231,9929
7098,9951
7030,9824
6978,9679
7015,9537
7075,9468
7215,9233
7448,9028
7663,8765
7858,8477
8209,8209
8570,8060
8918,7776
9247,7546
9567,7298
9998,7144
10235,6992
10469,6883
10675,6767
11080,6708
11299,6647
11557,6643
11662,6696
11783,6799
11702,6939
11610,7135
11682,7310
11739,7557
11716,7932
11463,8221
11160,8464
10977,8742
10595,8999
10373,9224
10082,9419
9708,9689
9331,9885
8964,10132
8605,10227
8304,10202
7952,10314
7649,10333
7471,10443
7237,10434
7094,10475
6998,10343
7029,10116
7065,9757
7168,9520
7343,9309
7553,9029
7764,8785
8081,8444
8414,8165
8735,7916
9118,7695
9439,7473
9801,7295
10134,7113
10366,6944
10904,6917
11222,6819
11281,6788
11524,6800
11430,6825
11437,6887
11363,7018
11304,7180
11219,7327
11062,7504
10591,7684
10132,7972
9876,8245
9317,8561
8987,8866
8523,9183
8064,9559
7911,9862
7616,10023
7203,10363
6792,10402
6505,10560
6331,10588
6264,10635
6203,10476
6198,10470
6176,10403
6173,10210
6162,10122
6156,9918
6160,9545
6152,9266
6148,8996
6150,8734
6143,8450
6140,8156
6140,7806
6134,7469
6133,7231
6123,7027
6115,6843
6120,6692
6130,6570
6129,6550
6124,6544
6106,6538
6119,6606
6128,6772
6120,6929
6121,7119
6114,7370
6114,7552
6118,7826
6118,8012
6127,8208
6114,8328
6112,8274
6109,8368
6115,8351
6117,8368
6111,8412
6116,8462
6114,8475
6111,8454
6114,8394
6123,8434
6113,8463
6113,8353
6120,8263
6114,8020
6113,7853
6106,7752
6111,7608
6104,7292
6114,6902
6114,6600
6102,6386
6112,6268
6113,6201
6104,6182
6112,6166
6109,6148
6124,6154
6060,6117
6136,6175
6120,6166
6118,6171
6151,6214
6112,6179
6112,6162
6111,6181
6109,6152
6107,6125
6110,6084
6101,6075
6107,6081
6118,6062
6098,6060
6107,6060
6102,6061
6110,6062
6105,6067
6106,6065
6106,6056
6104,6041
6104,6058
6110,6063
6103,6063
6107,6054
6104,6060
6114,6037
6107,6056
6104,6062
6113,6073
6110,6061
6110,6061
6113,6044
6102,6050
6110,6047
6112,6053
6104,6038
6105,6066
6109,6058
6113,6054
6116,6050
6111,6056
6116,6057
6107,6061
6114,6058
6109,6067
6107,6058
6109,6049
6105,6040
6120,6052
6112,6057
6100,6101
6101,6046
6119,6059
6113,6053
6115,6050
6120,6044
6113,6060
6115,6051
6119,6045
6110,6050
6114,6054
6112,6051
6104,6061
6107,6048
6105,6053
6112,6048
6116,6050
6112,6042
6117,6061
6100,6050
6113,6033
6115,6063
6123,6052
6112,6058
6121,6044
6112,6050
6110,6051
6105,6048
6120,6048
6109,6057
6116,6049
6115,6055
6113,6054
6117,6046
6113,6057
6112,6041
6104,6043
6110,6049
6121,6060
6118,6041
6115,6052
6115,6051
6103,6029
6109,6038
6112,6029
6101,6039
6106,6043
6106,6058
6109,6038
6104,6051
6107,6039
6097,6043
6113,6047
6111,6050
6116,6042
6111,6036
6131,6035
6114,6064
6119,6039
6109,6052
6106,6051
6103,6050
6104,6056
6117,6047
6113,6040
6111,6047
6103,6056
6114,6047
6109,6050
6114,6051
6111,6057
6104,6046
6112,6051
6117,6061
6117,6050
6110,6035
6110,6054
6105,6040
6117,6055
6108,6057
6102,6047
6105,6054
6106,6057
6114,6049
6111,6039
6109,6056
6100,6049
6102,6037
6115,6042
6117,6046
6110,6044
6115,6046
6103,6048
6103,6052
6106,6042
6104,6053
6114,6049
6102,6056
6103,6051
6107,6051
6108,6054
6108,6035
6110,6047
6099,6051
6108,6042
6105,6047
6093,6073
6096,6055
6099,6052
6110,6054
6102,6047
6090,6037
6112,6080
6100,6031
6107,6055
6117,6056
6118,6046
6104,6035
6100,6047
6110,6047
6112,6043
6101,6059
6105,6044
6107,6041
6104,6058
6103,6043
6098,6039
6118,6051
6101,6051
6098,6056
6103,6044
6107,6052
6109,6050
6099,6051
6105,6054
6109,6044
6107,6042
6105,6053
6114,6049
6098,6039
6102,6048
6115,6050
6108,6051
6095,6043
6106,6044
6104,6045
6095,6042
6108,6038
6103,6054
6102,6054
6102,6052
6105,6056
6105,6040
6093,6047
6103,6050
6091,6047
6105,6053
6094,6027
6102,6032
6113,6042
6101,6058
6109,6064
6093,6043
6103,6044
6099,6047
6110,6037
6115,6045
6095,6039
6105,6041
6095,6051
6099,6043
6111,6043
6099,6061
6097,6053
6102,6045
6120,6051
6108,6051
6104,6054
6106,6046
6110,6058
6101,6052
6117,6039
6101,6053
6096,6048
6108,6046
6097,6052
6102,6045
6105,6060
6105,6052
6107,6041
6102,6052
6109,6048
6105,6050
6112,6043
6104,6039
6102,6048
6101,6040
6114,6046
6097,6041
6112,6048
6100,6067
6106,6042
6111,6051
6107,6055
6111,6046
6108,6050
6101,6041
6105,6033
6112,6051
6110,6054
6106,6055
6111,6042
6102,6043
6109,6057
6107,6040
6100,6055
5989,6233
6087,6041
6025,5940
6175,6097
6054,6000
6097,6032
6130,6064
6119,6038
6110,6043
6117,6068
6115,6061
6111,6055
6113,6042
6120,6052
6106,6049
6111,6043
6119,6063
6112,6027
6118,6055
6109,6034
6104,6051
6104,6053
6105,6039
6114,6042
6112,6056
6109,6047
6114,6054
6113,6043
6116,6050
6106,6058
6103,6056
6118,6044
6108,6044
6101,6049
6104,6052
6113,6049
6108,6055
6104,6042
6114,6038
6111,6057
6105,6057
6097,6044
6119,6040
6112,6057
6104,6051
6104,6040
6108,6038
6109,6043
6105,6051
6110,6045
6108,6055
6108,6050
6111,6039
6102,6044
6094,6044
6107,6046
6107,6052
6112,6055
6102,6045
6108,6051
6113,6041
6099,6048
6101,6046
6103,6048
6113,6050
6099,6051
6112,6055
6110,6043
6107,6042
6111,6046
6104,6034
6108,6055
6100,6040
6114,6051
6112,6049
6108,6052
6102,6040
6110,6042
6112,6036
6110,6057
6115,6055
6100,6035
6105,6058
6108,6056
6108,6054
6104,6058
6118,6053
6111,6042
6113,6039
6108,6046
6114,6055
6114,6050
6103,6048
6103,6060
6118,6040
6104,6058
6119,6052
6113,6045
6117,6058
6114,6051
6118,6050
6118,6029
6116,6043
6115,6049
6124,6033
6118,6048
6111,6062
6109,6048
6114,6049
6115,6045
6118,6046
6123,6038
6116,6058
6114,6063
6121,6058
6106,6033
6110,6043
6114,6051
6120,6046
6111,6054
6108,6049
6115,6059
6113,6051
6107,6053
6114,6054
6114,6049
6103,6050
6114,6043
6111,6046
6117,6058
6112,6048
6107,6055
6113,6051
6103,6041
6119,6053
6128,6048
6117,6045
6111,6054
6111,6062
6099,6044
6119,6051
6109,6058
6112,6036
6117,6041
6106,6056
6118,6055
6112,6048
6114,6036
6109,6043
6108,6040
6124,6055
6117,6048
6116,6057
6110,6037
6112,6033
6110,6042
6113,6043
6112,6045
6119,6054
6109,6052
6117,6039
6119,6059
6099,6049
6113,6048
6118,6035
6109,6044
6111,6045
6102,6055
6102,6063
6115,6056
6109,6055
6109,6057
6122,6046
6118,6044
6112,6057
6113,6052
6107,6046
6115,6057
6115,6060
6112,6058
6119,6046
6119,6033
6120,6050
6106,6036
6114,6060
6119,6061
6120,6041
6119,6059
6117,6045
6117,6060
6120,6059
6118,6063
6124,6049
6112,6046
6121,6117
6124,6050
6106,6046
6108,6049
6119,6054
6119,6059
6116,6055
6108,6060
6120,6055
6116,6059
6127,6050
6107,6057
6116,6046
6110,6052
6123,6074
6117,6053
6108,6053
6124,6061
6133,6060
6111,6059
6124,6063
6119,6064
6118,6060
6106,6045
6117,6063
6117,6061
6117,6061
6122,6063
6119,6049
6120,6056
6117,6063
6117,6061
6123,6059
6125,6053
6120,6060
6118,6057
6119,6050
6106,6047
6115,6060
6110,6050
6113,6050
6114,6036
6117,6054
6117,6048
6124,6058
6120,6049
6122,6049
6114,6064
6114,6064
6116,6054
6116,6054
6115,6047
6117,6058
6120,6054
6117,6060
6122,6056
6117,6062
6108,6053
6113,6049
6120,6052
6122,6047
6110,6063
6123,6046
6115,6061
6121,6062
6120,6052
6126,6057
6122,6048
6117,6058
6118,6059
6118,6059
6114,6057
6117,6053
6114,6048
6122,6059
6123,6053
6113,6059
6121,6058
6115,6060
6113,6045
6122,6052
6120,6057
6119,6052
6119,6062
6117,6054
6110,6049
6117,6048
6117,6058
6120,6051
6123,6056
6115,6054
6120,6058
6120,6058
6120,6056
6127,6052
6114,6048
6126,6040
6125,6049
6124,6060
6113,6051
6116,6054
6114,6046
6114,6059
6115,6059
6110,6052
6115,6046
6116,6058
0,24
0,61680
0,0
6117,6059
5594,5586
5599,5581
5602,5579
5598,5582
5603,5582
5611,5566
5603,5586
5605,5574
5819,5744
6307,6276
6268,6264
6254,6283
6277,6307
6275,6304
6291,6283
6283,6272
6284,6265
6291,6277
6278,6283
6291,6292
6287,6297
6261,6297
6261,6296
6271,6288
6291,6321
6287,6308
6290,6316
6298,6298
6306,6288
6303,6304
6260,6282
6261,6297
6300,6311
6292,6315
6288,6297
6303,6314
6289,6322
6287,6308
6296,6317
6293,6293
6292,6315
6268,6302
6282,6296
6287,6301
6286,6314
6289,6285
6282,6292
6280,6313
6270,6327
6267,6293
6292,6289
6285,6302
6294,6272
6288,6308
6283,6303
6285,6281
6288,6288
6295,6305
6288,6270
6296,6286
6291,6304
6299,6335
6293,6353
6295,6313
6296,6337
6292,6334
6296,6341
6308,6327
6303,6324
6299,6323
6306,6307
6288,6293
6294,6286
6287,6313
6300,6309
6299,6311
6291,6307
6286,6315
6287,6290
6279,6296
6295,6298
6273,6302
6287,6303
6282,6298
6278,6306
6305,6308
6300,6303
6273,6283
6281,6308
6282,6311
6270,6316
6266,6337
6288,6326
6301,6332
6302,6335
6295,6331
6282,6308
6260,6302
6280,6331
6265,6317
6269,6294
6274,6310
6272,6305
6284,6321
6268,6319
6257,6330
6274,6320
6263,6304
6271,6307
6266,6305
6265,6287
6259,6312
6264,6335
6266,6334
6206,6260
6265,6310
6268,6318
6269,6345
6280,6337
6279,6292
6306,6299
6328,6301
6278,6322
6292,6319
6278,6291
6297,6315
6290,6328
6288,6323
6267,6312
6279,6321
6278,6314
6280,6308
6298,6309
6269,6348
6279,6342
6275,6318
6265,6312
6273,6304
6279,6328
6302,6311
6275,6327
6263,6312
6266,6320
6271,6300
6281,6315
6288,6327
6279,6312
6264,6329
6265,6321
6264,6330
6264,6323
6252,6294
6272,6302
6266,6336
6278,6318
6282,6336
6289,6322
6288,6324
6280,6329
6262,6308
6258,6326
6257,6336
6259,6353
6266,6342
6281,6356
6273,6340
6262,6330
6259,6351
6273,6372
6291,6376
6277,6330
6259,6342
6253,6321
6250,6352
6259,6327
6258,6334
6266,6326
6255,6335
6284,6324
6272,6303
6263,6326
6273,6331
6269,6335
6283,6332
6280,6329
6277,6374
6265,6338
6257,6296
6251,6347
6282,6339
6267,6342
6270,6335
6281,6330
6282,6334
6287,6327
6267,6354
6279,6354
6299,6319
6273,6317
6255,6323
6267,6348
6266,6336
6282,6322
6248,6338
6281,6364
6264,6341
6265,6339
6261,6357
6263,6338
6273,6339
6248,6332
6247,6331
6250,6351
6257,6310
6266,6339
6272,6351
6259,6353
6266,6336
6252,6328
6258,6343
6259,6328
6259,6343
6250,6337
6243,6359
6250,6366
6257,6366
6245,6336
6260,6343
6256,6344
6257,6347
6251,6339
6245,6344
6242,6349
6239,6353
6234,6351
6235,6349
6247,6325
6256,6308
6264,6340
6233,6356
6261,6343
6253,6367
6245,6363
6239,6411
6242,6378
6243,6370
6249,6389
6226,6387
6241,6361
6250,6386
6247,6362
6251,6328
6243,6333
6238,6340
6247,6336
6237,6360
6235,6358
6231,6384
6242,6386
6268,6396
6242,6372
6230,6366
6254,6336
6259,6340
6233,6338
6238,6329
6232,6350
6228,6342
6234,6322
6241,6340
6251,6351
6234,6346
6240,6328
6236,6339
6227,6335
6232,6341
6246,6342
6254,6351
6226,6389
6232,6378
6225,6348
6241,6391
6249,6368
6246,6371
6238,6338
6224,6364
6227,6370
6224,6362
6228,6366
6215,6348
6229,6365
6230,6374
6230,6359
6221,6342
6225,6372
6230,6342
6228,6348
6230,6370
6215,6359
6231,6351
6237,6367
6232,6336
6230,6363
6227,6359
6211,6345
6212,6371
6223,6362
6225,6373
6227,6379
6227,6373
6224,6351
6222,6365
6211,6366
6237,6368
6219,6378
6234,6413
6226,6393
6219,6387
6219,6384
6222,6373
6237,6359
6228,6377
6228,6382
6229,6383
6222,6371
6210,6350
6219,6395
6213,6385
6231,6397
6225,6415
6233,6386
6231,6372
6215,6387
6216,6375
6230,6387
6226,6374
6215,6384
6230,6358
6225,6347
6237,6351
6217,6359
6198,6369
6208,6401
6204,6411
6212,6380
6223,6397
6239,6391
6220,6387
6217,6399
6213,6353
6217,6361
6215,6348
6232,6374
6218,6374
6225,6374
6219,6385
6221,6402
6231,6392
6231,6393
6218,6413
6241,6369
6208,6404
6221,6395
6216,6358
6223,6394
6223,6379
6224,6373
6217,6396
6222,6391
6219,6379
6225,6403
6227,6383
6211,6368
6216,6377
6215,6394
6224,6382
6215,6386
6221,6375
6223,6391
6224,6386
6218,6382
6208,6385
6145,6336
6396,6621
6252,6461
6313,6468
6246,6432
6035,6439
6283,6464
6239,6416
6214,6393
6224,6436
6212,6382
6211,6383
6205,6408
6196,6417
6204,6399
6221,6384
6225,6391
6203,6383
6211,6375
6204,6368
6207,6373
6212,6372
6213,6382
6215,6397
6216,6382
6206,6354
6209,6369
6204,6361
6204,6351
6206,6354
6215,6362
6220,6372
6209,6376
6198,6386
6214,6380
6209,6374
6192,6380
6213,6363
6199,6378
6203,6359
6211,6344
6209,6353
6214,6337
6216,6375
6207,6386
6198,6390
6201,6355
6201,6386
6198,6393
6214,6375
6205,6369
6211,6381
6214,6385
6214,6381
6206,6387
6203,6402
6198,6400
6204,6380
6203,6375
6201,6380
6181,6354
6200,6375
6211,6395
6205,6377
6209,6392
6198,6385
6208,6361
6208,6368
6213,6373
6200,6362
6203,6381
6201,6360
6204,6368
6179,6363
6195,6374
6205,6384
6206,6377
6203,6359
6203,6371
6198,6344
6196,6352
6183,6376
6203,6356
6204,6345
6208,6356
6186,6364
6216,6352
6210,6367
6210,6413
6210,6376
6219,6371
6207,6391
6216,6382
6207,6415
6207,6370
6202,6408
6201,6391
6189,6358
6190,6370
6198,6353
6205,6361
6199,6376
6204,6389
6193,6394
6205,6359
6202,6372
6202,6369
6217,6369
6220,6364
6204,6380
6204,6394
6196,6387
6209,6356
6205,6347
6208,6380
6203,6378
6214,6395
6201,6385
6203,6349
6209,6375
6207,6365
6208,6358
6204,6377
6213,6368
6209,6398
6192,6367
6201,6363
6204,6345
6205,6351
6203,6339
6214,6356
6210,6364
6206,6384
6203,6394
6200,6380
6217,6348
6200,6341
6215,6359
6224,6357
6208,6382
6223,6342
6227,6338
6209,6339
6204,6354
6212,6380
6219,6370
6230,6370
6221,6386
6215,6372
6209,6383
6224,6383
6211,6357
6212,6349
6210,6365
6212,6339
6211,6355
6211,6356
6212,6350
6211,6355
6211,6375
6215,6373
6209,6382
6205,6377
6214,6376
6219,6346
6224,6362
6201,6370
6211,6370
6213,6370
6205,6378
6201,6393
6199,6377
6225,6384
6211,6346
6205,6343
6192,6350
6196,6337
6198,6332
6216,6322
6218,6357
6220,6364
6235,6353
6208,6337
6208,6329
6210,6354
6218,6355
6222,6399
6217,6375
6228,6369
6226,6367
6224,6357
6214,6347
6212,6341
6216,6321
6224,6327
6218,6324
6212,6337
6226,6339
6214,6353
6213,6325
6219,6334
6222,6344
6224,6323
6205,6330
6211,6340
6226,6327
6218,6298
6218,6310
6208,6325
6216,6320
6230,6306
6232,6342
6224,6369
6226,6320
6227,6320
6231,6328
6223,6328
6222,6351
6220,6360
6209,6350
6231,6344
6227,6324
6231,6324
6257,6319
6256,6331
6248,6322
6243,6354
6255,6365
6266,6356
6250,6329
6270,6347
6286,6320
6287,6331
6320,6342
6300,6357
6317,6368
6319,6382
6337,6384
6380,6370
6381,6370
6427,6374
6446,6341
6457,6385
6489,6367
6513,6372
6559,6341
6581,6338
6581,6328
6629,6342
6621,6346
6656,6336
6692,6340
6710,6337
6756,6315
6844,6338
6882,6347
7016,6360
7143,6362
7344,6348
7454,6351
7554,6344
7601,6344
7569,6322
7489,6344
7388,6344
7259,6325
7219,6307
7220,6328
7216,6375
7187,6299
7234,6338
7239,6333
7254,6359
7172,6336
7086,6356
7001,6372
6892,6395
6784,6403
6746,6436
6711,6466
6712,6494
6687,6514
6715,6546
6777,6575
6862,6630
6931,6680
7010,6713
7128,6763
7224,6797
7305,6809
7409,6793
7556,6769
7736,6765
7911,6711
8080,6689
8272,6618
8449,6616
8634,6594
8756,6596
8908,6574
8951,6607
8938,6623
9026,6626
9072,6627
9016,6652
8959,6691
8884,6705
8775,6744
8632,6811
8431,6879
8248,6980
8107,7026
7927,7096
7707,7119
7497,7231
7330,7324
7224,7404
7147,7450
7090,7444
6987,7477
6978,7519
6972,7597
6970,7610
7005,7558
7089,7553
7178,7560
7255,7569
7421,7514
7589,7374
7844,7318
8116,7309
8291,7226
8629,7111
8926,7092
9309,7031
9594,6970
9921,6853
10284,6739
10499,6685
10761,6712
10802,6679
10892,6679
10724,6678
10798,6732
10762,6730
10815,6815
10592,6919
10406,7044
10061,7163
9931,7279
9551,7445
9267,7572
9030,7633
8759,7783
8405,7829
8141,7921
7891,8053
7718,8177
7554,8241
7373,8252
7227,8280
7082,8322
7004,8409
6913,8388
6859,8329
6843,8319
6885,8267
6976,8174
7085,8070
7196,7935
7356,7838
7439,7680
7597,7512
7756,7409
7958,7272
8156,7110
8321,7004
8473,6819
8777,6781
8909,6701
9060,6687
9356,6697
9597,6703
9569,6802
9688,6932
9865,7053
9856,7220
9929,7405
9839,7639
9760,7828
9566,7941
9248,8057
8900,8240
8703,8323
8422,8489
8102,8593
7901,8724
7605,8760
7421,8685
7214,8730
7058,8776
6951,8705
6854,8590
6799,8500
6801,8497
6821,8414
6853,8327
6959,8262
7048,8140
7147,7911
7243,7733
7353,7564
7493,7443
7680,7312
7811,7174
7992,7092
8160,6988
8348,6841
8469,6756
8577,6720
8772,6648
8869,6636
8895,6642
9002,6650
9012,6701
9021,6705
9000,6828
9029,6944
8894,7102
8785,7275
8798,7478
8741,7691
8695,8055
8582,8283
8340,8447
8116,8607
7893,8806
7700,8840
7521,8902
7345,8930
7148,8994
7011,9068
6896,9019
6815,8925
6758,8914
6663,8813
6614,8678
6600,8571
6588,8455
6623,8278
6659,8088
6727,7921
6811,7724
6958,7586
7131,7466
7303,7348
7522,7165
7689,7046
7849,6879
8039,6825
8194,6761
8372,6681
8566,6611
8794,6561
8910,6555
9012,6555
8985,6563
9047,6594
9104,6633
9055,6709
9049,6791
8967,6905
8862,7060
8772,7178
8653,7319
8550,7471
8394,7631
8249,7763
8048,7892
7909,8066
7750,8202
7634,8333
7481,8271
7300,8349
7172,8397
6969,8406
6873,8387
6765,8383
6688,8292
6644,8240
6638,8200
6646,8087
6638,7949
6682,7808
6719,7657
6767,7553
6885,7404
6961,7280
7084,7170
7297,7003
7430,6937
7577,6807
7756,6696
7889,6635
8076,6562
8217,6532
8364,6488
8458,6486
8508,6514
8515,6507
8533,6580
8563,6636
8562,6706
8584,6792
8590,6882
8502,6988
8385,7080
8277,7173
8119,7281
8039,7386
7928,7513
7714,7652
7584,7761
7449,7864
7323,7869
7129,7939
7021,7978
6893,8013
6767,8016
6693,8086
6628,8041
6554,8020
6516,8018
6525,7933
6557,7856
6618,7807
6631,7526
6702,7661
6772,7225
7137,7296
7120,7056
7360,7012
7484,6929
7654,6792
7819,6717
7989,6604
8074,6547
8147,6533
8244,6497
8341,6486
8407,6499
8449,6503
8374,6550
8385,6635
8340,6682
8224,6757
8131,6850
8070,6890
7993,7022
7964,7118
7899,7249
7847,7345
7706,7450
7578,7563
7508,7659
7385,7779
7319,7830
7188,7963
7048,8093
6940,8128
6804,8163
6717,8213
6634,8216
6559,8179
6539,8102
6540,7970
6577,7880
6633,7767
6710,7638
6831,7471
6941,7359
7095,7222
7226,7071
7378,6956
7544,6843
7751,6733
7875,6654
7985,6582
8068,6545
8113,6486
8182,6456
8235,6449
8321,6456
8315,6457
8310,6494
8289,6498
8298,6563
8171,6601
8097,6660
8019,6721
7903,6825
7853,6896
7766,7010
7659,7089
7533,7230
7433,7357
7378,7472
7295,7590
7265,7700
7190,7800
7127,7877
7013,8007
6919,8055
6844,8002
6799,7994
6727,8055
6665,8019
6632,8005
6612,7902
6636,7796
6688,7722
6754,7593
6835,7484
6930,7385
7140,7234
7314,7065
7500,6962
7675,6858
7872,6771
8093,6671
8197,6623
8333,6577
8556,6565
8610,6536
8658,6542
8760,6545
8826,6559
8786,6575
8703,6624
8707,6651
8649,6712
8619,6761
8484,6782
8347,6826
8260,6913
8131,6975
8029,7083
7928,7179
7732,7265
7584,7373
7482,7481
7328,7571
7214,7643
7102,7770
7037,7896
6896,7916
6856,7949
6791,8036
6737,8076
6686,8072
6650,8050
6639,8012
6672,7929
6690,7757
6762,7701
6901,7487
7009,7327
7163,7211
7311,7040
7484,6948
7723,6828
7866,6733
8084,6634
8205,6579
8393,6522
8531,6522
8615,6534
8654,6510
8691,6499
8622,6557
8617,6605
8601,6712
8596,6777
8584,6896
8568,6989
8452,7079
8270,7204
8054,7349
7945,7457
7808,7573
7762,7659
7597,7785
7481,7829
7456,7912
7325,8013
7231,8112
7172,8173
7092,8178
6990,8234
6943,8221
6867,8218
6809,8209
6743,8167
6712,8080
6699,7980
6745,7893
6779,7781
6871,7715
6983,7550
7172,7407
7322,7247
7512,7158
7831,6986
8103,6819
8354,6741
8588,6631
8731,6581
8965,6565
9009,6559
8963,6535
9070,6515
9028,6519
9045,6571
9125,6637
9153,6654
9121,6695
8876,6751
8817,6801
8653,6895
8479,6976
8349,7066
8177,7136
7897,7232
7737,7301
7705,7450
7467,7600
7276,7652
7280,7786
7207,7886
7085,8058
6964,8174
6857,8236
6888,8281
6833,8289
6753,8230
6715,8229
6733,8181
6770,8118
6859,8007
6908,7895
7033,7728
7123,7562
7320,7356
7394,7218
7581,7083
7757,6928
7897,6822
8081,6674
8279,6594
8404,6545
8585,6503
8631,6458
8701,6480
8815,6515
8832,6557
8933,6611
8857,6667
8768,6768
8789,6832
8769,6953
8712,7047
8588,7104
8421,7216
8299,7340
8107,7416
7963,7503
7845,7587
7631,7639
7486,7673
7246,7715
7161,7865
7025,7910
6900,7952
6790,7952
6703,7946
6625,7968
6595,7948
6613,7934
6612,7892
6662,7831
6704,7802
6786,7731
6858,7587
6970,7471
7078,7327
7227,7247
7392,7152
7529,7033
7769,6930
8005,6791
8161,6682
8401,6614
8656,6538
8863,6732
8920,6478
9044,6441
9233,6516
9409,6691
9476,6575
9561,6669
9494,6748
9456,6770
9342,6879
9209,7009
9067,7120
8910,7249
8755,7333
8631,7386
8375,7479
8114,7592
7875,7717
7652,7814
7387,7905
7204,7973
7072,7968
6918,8040
6862,8043
6808,7972
6756,7976
6702,7917
6713,7912
6769,7846
6841,7751
6927,7690
7039,7586
7179,7530
7338,7424
7540,7317
7689,7168
7904,6977
8130,6860
8281,6747
8414,6656
8617,6563
8704,6516
8718,6499
8833,6495
8994,6513
9009,6532
8993,6589
9036,6654
9054,6753
9127,6879
9058,7029
8980,7164
8900,7329
8716,7557
8546,7755
8476,7911
8412,8055
8325,8214
8106,8367
7959,8538
7801,8674
7564,8754
7444,8901
7355,8884
7168,8879
7072,8877
6965,8800
6874,8700
6835,8588
6818,8550
6869,8403
6926,8283
7041,8215
7176,8068
7361,7938
7596,7797
7842,7608
8088,7427
8369,7284
8661,7161
8975,6999
9270,6926
9560,6867
9860,6779
9988,6779
10043,6731
10056,6717
10077,6699
10213,6766
10150,6769
10152,6843
10154,6866
10073,6943
10061,7076
9947,7178
10010,7360
9912,7473
9727,7691
9495,7814
9286,7993
9209,8161
8947,8329
8722,8410
8514,8546
8273,8713
8003,8865
7768,8923
7566,8944
7363,8982
7174,8980
7019,8925
6957,8816
6899,8682
6887,8638
6974,8407
7131,8251
7317,8053
7492,7858
7741,7616
8050,7396
8250,7216
8619,7087
8974,6994
9197,6868
9414,6778
9787,6738
9974,6705
10299,6673
10687,6723
10864,6782
10954,6879
10848,6926
10808,6979
10914,7120
11170,7227
11128,7328
11029,7456
10689,7631
10400,7803
10137,8029
9865,8287
9575,8494
9109,8694
8819,8938
8542,9124
8273,9307
8065,9458
7856,9677
7609,9831
7393,9969
7236,9912
7111,9959
7019,9801
6976,9682
7008,9522
7068,9430
7215,9264
7414,9079
7678,8768
7888,8487
8173,8223
8549,8041
8881,7787
9232,7534
9571,7318
9981,7127
10224,6990
10454,6870
10700,6769
11062,6697
11284,6629
11532,6654
11676,6721
11773,6828
11731,6946
11602,7120
11672,7280
11774,7596
11687,7878
11451,8201
11107,8449
10891,8722
10665,8957
10372,9226
10050,9453
9673,9660
9281,9896
8929,10172
8602,10258
8280,10210
7913,10249
7617,10352
7429,10404
7232,10447
7089,10503
7013,10383
7016,10109
7057,9753
7153,9572
7338,9312
7537,9086
7816,8781
8074,8467
8460,8175
8753,7902
9120,7692
9395,7470
9859,7304
10088,7150
10383,6976
10831,6873
11152,6817
11351,6809
11411,6798
11383,6855
11385,6902
11372,6993
11305,7195
11297,7313
11035,7480
10547,7690
10100,7954
9837,8249
9287,8546
8926,8842
8525,9147
8086,9518
7904,9871
7617,10091
7217,10331
6767,10394
6495,10548
6332,10586
6271,10587
6210,10488
6185,10504
6185,10349
6169,10288
6162,10091
6164,9909
6147,9558
6150,9267
6146,9039
6134,8747
6144,8461
6140,8160
6143,7791
6137,7450
6114,7225
6120,7008
6112,6875
6124,6703
6119,6598
6122,6549
6112,6546
6112,6537
6118,6601
6118,6765
6117,6952
6123,7121
6115,7344
6119,7502
6122,7805
6113,8037
6118,8217
6117,8317
6115,8285
6112,8362
6317,8543
6166,9199
6385,8239
6125,8518
5989,8342
6113,8386
6057,8369
6119,8409
6112,8445
6104,8376
6118,8303
6117,8054
6114,7846
6107,7785
6107,7610
6108,7323
6105,6910
6111,6596
6087,6404
6104,6286
6108,6186
6108,6170
6108,6168
6110,6114
6111,6148
6110,6161
6113,6158
6108,6157
6115,6175
6110,6168
6113,6135
6104,6166
6099,6176
6108,6143
6103,6111
6102,6085
6105,6071
6113,6071
6109,6059
6093,6069
6107,6061
6113,6056
6105,6062
6105,6060
6111,6055
6111,6058
6105,6057
6108,6065
6110,6053
6102,6054
6106,6052
6115,6055
6113,6056
6110,6054
6100,6063
6103,6071
6110,6055
6106,6055
6104,6056
6105,6056
6102,6050
6111,6050
6106,6051
6111,6059
6113,6049
6119,6053
6111,6061
6110,6051
6108,6062
6103,6042
6111,6040
6113,6058
6109,6057
6103,6053
6110,6055
6115,6059
6123,6057
6115,6059
6102,6056
6115,6059
6113,6053
6112,6055
6120,6056
6106,6057
6115,6055
6127,6057
6096,6045
6111,6027
6110,6046
6106,6037
6116,6046
6107,6030
6106,6045
6104,6050
6110,6045
6109,6046
6106,6045
6104,6037
6110,6064
6111,6054
6107,6053
6110,6041
6104,6053
6114,6060
6109,6044
6107,6053
6112,6042
6112,6045
6111,6055
6116,6061
6115,6049
6117,6041
6110,6033
6101,6050
6111,6050
6112,6049
6106,6051
6109,6050
6112,6055
6109,6051
6097,6047
6113,6050
6102,6050
6107,6046
6115,6039
6112,6044
6108,6041
6104,6053
6106,6049
6107,6059
6106,6041
6110,6048
6118,6041
6120,6045
6110,6058
6111,6044
6105,6047
6102,6062
6102,6063
6098,6042
6111,6055
6110,6061
6105,6051
6103,6054
6093,6051
6110,6046
6104,6049
6108,6061
6103,6055
6107,6053
6118,6057
6110,6053
6107,6054
6109,6046
6106,6056
6115,6063
6104,6054
6102,6049
6106,6057
6106,6049
6107,6042
6108,6045
6108,6060
6103,6062
6107,6038
6110,6045
6118,6056
6107,6045
6107,6060
6102,6049
6109,6037
6102,6056
6104,6058
6110,6060
6095,6045
6093,6036
6111,6035
6107,6049
6101,6053
6105,6040
6110,6050
6108,6050
6102,6053
6105,6050
6102,6057
6108,6056
6116,6050
6106,6065
6103,6045
6110,6053
6099,6044
6104,6034
6124,6033
6120,6046
6105,6044
6099,6044
6107,6031
6111,6047
6096,6043
6113,6040
6103,6039
6100,6054
6103,6034
6110,6040
6112,6055
6108,6047
6101,6048
6099,6031
6096,6039
6106,6042
6102,6049
6101,6057
6113,6038
6104,6045
6096,6062
6109,6048
6098,6049
6105,6047
6105,6042
6111,6040
6098,6056
6100,6043
6099,6052
6099,6058
6108,6065
6097,6056
6102,6050
6090,6046
6108,6052
6101,6048
6096,6049
6102,6052
6102,6053
6109,6048
6094,6041
6101,6047
6103,6055
6107,6052
6111,6048
6094,6050
6108,6063
6103,6052
6107,6046
6100,6050
6096,6035
6102,6042
6100,6046
6092,6046
6110,6051
6100,6061
6100,6060
6103,6049
6090,6029
6102,6041
6096,6040
6096,6061
6091,6050
6108,6044
6115,6046
6098,6040
6100,6038
6109,6050
6100,6039
6097,6047
6106,6054
6106,6041
6099,6055
6108,6050
6099,5995
6131,6298
6096,6031
6084,6021
6083,6025
6136,6080
6124,6056
6102,6046
6103,6037
6105,6054
6107,6059
6108,6053
6111,6041
6112,6047
6107,6062
6109,6053
6105,6034
6109,6051
6111,6049
6112,6049
6119,6064
6105,6057
6107,6045
6093,6049
6107,6062
6115,6051
6100,6055
6111,6054
6105,6060
6104,6068
6105,6055
6116,6044
6117,6056
6112,6042
6111,6054
6109,6055
6107,6046
6118,6047
6115,6052
6106,6052
6110,6046
6115,6070
6105,6058
6106,6058
6106,6061
6106,6052
6104,6047
6104,6052
6111,6057
6102,6061
6106,6047
6117,6061
6111,6039
6107,6036
6107,6057
6112,6055
6109,6040
6115,6051
6091,6063
6107,6051
6107,6063
6106,6063
6098,6045
6110,6055
6114,6039
6108,6046
6097,6041
6107,6052
6106,6036
6124,6060
6105,6047
6104,6048
6118,6048
6100,6062
6110,6056
6104,6041
6100,6051
6090,6061
6105,6048
6101,6043
6108,6040
6103,6036
6111,6056
6099,6043
6103,6056
6106,6042
6107,6041
6096,6048
6098,6045
6117,6036
6098,6048
6108,6046
6111,6039
6104,6050
6106,6029
6102,6056
6111,6042
6106,6047
6108,6038
6104,6056
6109,6052
6099,6050
6106,6061
6109,6057
6104,6054
6114,6064
6102,6040
6100,6040
6104,6054
6110,6036
6113,6048
6120,6060
6108,6038
6114,6049
6107,6052
6110,6053
6108,6040
6111,6048
6107,6042
6119,6045
6112,6045
6110,6053
6117,6037
6114,6049
6124,6050
6119,6061
6114,6037
6114,6032
6115,6056
6116,6053
6121,6042
6119,6058
6109,6049
6109,6062
6122,6051
6116,6034
6115,6053
6119,6048
6116,6049
6118,6054
6112,6033
6103,6058
6107,6063
6122,6059
6113,6056
6105,6058
6112,6047
6114,6056
6106,6042
6105,6046
6106,6041
6104,6042
6102,6054
6105,6052
6119,6062
6110,6051
6108,6059
6112,6053
6110,6037
6112,6044
6122,6059
6111,6056
6121,6053
6110,6057
6108,6062
6119,6053
6106,6044
6113,6045
6118,6043
6114,6055
6114,6060
6107,6050
6109,6045
6113,6044
6094,6047
6120,6041
6115,6039
6115,6056
6107,6050
6112,6035
6114,6017
6122,6041
6112,6052
6113,6049
6115,6035
6113,6068
6112,6055
6110,6033
6113,6030
6117,6069
6104,6052
6117,6057
6116,6055
6105,6049
6117,6045
6110,6054
6111,6056
6118,6042
6115,6049
6113,6050
6106,6044
6109,6044
6113,6046
6117,6041
6112,6046
6113,6050
6108,6049
6109,6061
6106,6058
6111,6044
6116,6047
6116,6051
6119,6049
6116,6060
6119,6061
6116,6067
6114,6063
6117,6042
6103,6055
6112,6055
6123,6049
6113,6050
6108,6057
6113,6051
6114,6051
6116,6056
6109,6052
6127,6054
6119,6060
6120,6054
6112,6059
6115,6055
6116,6064
6123,6053
6116,6062
6111,6037
6120,6054
6123,6054
6116,6068
6123,6053
6114,6060
6113,6044
6113,6044
6115,6047
6107,6057
6123,6056
6112,6049
6114,6058
6119,6053
6113,6044
6113,6056
6113,6070
6120,6057
6114,6050
6117,6056
6116,6052
6117,6061
6120,6062
6116,6051
6120,6052
6123,6067
6118,6053
6110,6059
6119,6057
6119,6057
6117,6055
6109,6045
6115,6041
6115,6057
6118,6053
6117,6064
6113,6056
6114,6056
6119,6055
6118,6057
6111,6059
6113,6062
6111,6064
6111,6052
6119,6061
6119,6053
6118,6058
6123,6063
6120,6045
6115,6061
6119,6043
6120,6056
6120,6056
6117,6058
6118,6056
6118,6063
6113,6062
6114,6051
6119,6050
6120,6046
6117,6060
6115,6042
6109,6039
6123,6055
6117,6047
6114,6065
6120,6055
6120,6056
6113,6057
6115,6068
6120,6060
6112,6059
6120,6056
6111,6056
6111,6056
6112,6050
6122,6058
6107,6058
6109,6053
6115,6060
6112,6055
6114,6060
6117,6058
6117,6059
6112,6060
6114,6053
6120,6054
6115,6045
6115,6057
6113,6048
6113,6048
0,26
0,61680
0,0
6137,6051
5603,5579
5600,5562
5605,5584
5602,5584
5603,5576
5608,5563
5605,5575
5600,5571
5815,5753
6326,6282
6276,6280
6264,6293
6286,6298
6274,6291
6295,6301
6291,6280
6270,6275
6271,6277
6272,6293
6288,6298
6284,6298
6267,6300
6276,6285
6287,6291
6312,6296
6300,6308
6286,6308
6303,6290
6314,6311
6293,6303
6272,6281
6281,6299
6315,6303
6304,6315
6299,6315
6300,6323
6281,6333
6290,6307
6296,6319
6282,6294
6278,6301
6267,6291
6274,6270
6296,6302
6296,6288
6281,6297
6274,6290
6294,6314
6257,6318
6270,6294
6281,6288
6277,6304
6273,6282
6280,6296
6284,6313
6280,6295
6291,6286
6302,6296
6280,6273
6302,6298
6309,6309
6287,6341
6302,6334
6281,6330
6300,6337
6305,6321
6297,6316
6303,6341
6288,6334
6280,6329
6317,6286
6288,6297
6297,6298
6294,6314
6302,6314
6296,6322
6276,6294
6282,6322
6291,6322
6286,6283
6284,6276
6269,6296
6292,6303
6285,6312
6293,6295
6295,6272
6301,6300
6278,6298
6274,6318
6257,6679
5737,5793
6341,6363
6358,6270
6351,6349
6227,6244
6305,6308
6308,6316
6276,6288
6263,6349
6279,6306
6258,6291
6279,6298
6267,6290
6276,6316
6269,6322
6264,6334
6271,6331
6273,6292
6269,6316
6267,6305
6274,6296
6261,6313
6267,6332
6276,6325
6270,6320
6291,6340
6285,6349
6269,6361
6273,6327
6296,6335
6307,6284
6311,6308
6290,6304
6289,6318
6266,6298
6288,6342
6298,6313
6288,6322
6263,6309
6287,6319
6279,6329
6283,6305
6291,6321
6251,6323
6284,6348
6273,6314
6256,6299
6267,6314
6274,6319
6305,6310
6275,6324
6278,6314
6270,6311
6271,6310
6289,6322
6295,6328
6286,6318
6267,6331
6278,6309
6265,6331
6267,6333
6259,6320
6280,6308
6275,6347
6277,6325
6289,6347
6287,6338
6280,6313
6274,6305
6263,6316
6266,6321
6247,6338
6269,6341
6274,6364
6270,6358
6280,6351
6271,6352
6263,6355
6265,6383
6270,6361
6269,6330
6251,6354
6255,6347
6252,6336
6250,6329
6270,6355
6251,6328
6262,6320
6280,6321
6281,6303
6273,6321
6288,6325
6278,6327
6266,6337
6288,6327
6281,6348
6265,6320
6264,6319
6257,6321
6287,6333
6258,6360
6268,6349
6274,6332
6289,6342
6286,6332
6266,6342
6267,6366
6289,6331
6275,6337
6253,6316
6269,6352
6273,6337
6270,6340
6249,6337
6283,6366
6272,6362
6267,6351
6254,6355
6261,6344
6257,6350
6252,6349
6248,6307
6249,6339
6252,6323
6274,6339
6263,6376
6258,6333
6272,6354
6254,6332
6264,6341
6259,6340
6265,6340
6237,6336
6240,6352
6239,6375
6242,6371
6245,6339
6253,6326
6261,6342
6241,6345
6244,6348
6241,6337
6246,6350
6233,6366
6241,6346
6239,6344
6255,6350
6241,6340
6252,6334
6246,6331
6261,6342
6247,6366
6243,6371
6227,6400
6243,6384
6242,6386
6257,6361
6232,6374
6251,6369
6245,6376
6234,6359
6252,6329
6248,6330
6242,6333
6253,6349
6234,6353
6234,6364
6227,6375
6246,6349
6246,6379
6249,6380
6240,6323
6250,6332
6225,6334
6248,6325
6233,6322
6232,6338
6233,6337
6238,6323
6232,6327
6236,6336
6233,6359
6237,6347
6241,6338
6223,6350
6240,6336
6258,6340
6237,6354
6228,6404
6227,6384
6219,6352
6247,6396
6244,6383
6238,6377
6246,6357
6241,6381
6235,6379
6222,6374
6221,6345
6208,6364
6223,6382
6219,6400
6230,6356
6226,6354
6232,6353
6233,6358
6232,6363
6233,6363
6224,6354
6224,6360
6231,6359
6231,6336
6220,6358
6215,6358
6219,6359
6218,6374
6223,6351
6215,6351
6224,6388
6229,6368
6217,6349
6226,6377
6215,6354
6232,6368
6226,6376
6223,6416
6210,6386
6226,6379
6234,6374
6228,6368
6219,6390
6227,6385
6223,6376
6226,6376
6224,6371
6212,6386
6220,6405
6219,6379
6231,6394
6227,6423
6226,6391
6221,6388
6214,6402
6220,6388
6227,6392
6231,6377
6211,6371
6228,6369
6227,6344
6230,6365
6218,6365
6211,6386
6218,6405
6192,6405
6216,6351
6214,6388
6225,6387
6213,6382
6214,6385
6208,6362
6218,6356
6207,6352
6218,6376
6219,6393
6226,6374
6218,6388
6224,6366
6235,6376
6283,6466
6239,6413
6179,6417
6277,6469
6219,6392
6225,6384
6206,6369
6208,6384
6222,6382
6215,6389
6222,6398
6208,6394
6226,6396
6233,6392
6206,6383
6204,6382
6212,6385
6216,6403
6215,6375
6225,6378
6235,6402
6222,6402
6218,6405
6216,6404
6206,6397
6189,6385
6218,6403
6210,6379
6216,6418
6193,6396
6214,6403
6206,6412
6207,6406
6209,6418
6219,6398
6209,6398
6202,6384
6199,6389
6209,6390
6223,6368
6222,6372
6202,6388
6203,6394
6208,6387
6215,6385
6209,6374
6213,6369
6203,6378
6203,6396
6197,6368
6207,6345
6215,6374
6207,6358
6191,6359
6209,6366
6219,6378
6199,6358
6207,6384
6203,6382
6198,6357
6198,6359
6207,6374
6196,6360
6201,6346
6200,6343
6215,6353
6213,6348
6221,6371
6203,6368
6212,6403
6199,6392
6209,6381
6211,6394
6212,6378
6212,6384
6211,6384
6207,6391
6211,6402
6198,6389
6198,6416
6202,6409
6197,6383
6208,6380
6200,6392
6185,6393
6198,6379
6219,6392
6205,6394
6197,6386
6198,6376
6205,6366
6202,6381
6209,6387
6211,6375
6207,6383
6212,6367
6208,6365
6205,6389
6199,6370
6199,6382
6217,6355
6195,6391
6198,6342
6207,6350
6201,6356
6203,6366
6202,6359
6203,6339
6200,6342
6206,6373
6203,6360
6205,6367
6208,6378
6198,6389
6202,6403
6214,6366
6201,6388
6212,6390
6211,6383
6201,6391
6201,6377
6204,6384
6198,6386
6199,6379
6197,6360
6200,6383
6202,6392
6208,6385
6204,6348
6198,6365
6209,6364
6217,6395
6222,6370
6200,6389
6207,6394
6201,6379
6209,6354
6207,6369
6200,6371
6203,6386
6200,6407
6199,6380
6197,6387
6213,6373
6198,6378
6200,6357
6198,6385
6214,6355
6208,6364
6193,6357
6206,6351
6203,6378
6208,6365
6209,6355
6200,6372
6200,6366
6210,6382
6204,6387
6196,6370
6212,6349
6200,6338
6212,6364
6214,6352
6210,6385
6212,6376
6217,6351
6211,6372
6218,6345
6214,6372
6218,6359
6216,6364
6205,6389
6206,6383
6220,6380
6230,6371
6212,6354
6214,6364
6210,6367
6212,6357
6216,6357
6212,6350
6218,6357
6210,6361
6205,6386
6199,6387
6207,6364
6217,6370
6219,6378
6209,6345
6208,6360
6211,6360
6199,6380
6199,6374
6211,6384
6205,6377
6212,6377
6222,6363
6222,6346
6208,6340
6203,6353
6201,6344
6206,6331
6202,6329
6226,6376
6210,6348
6219,6367
6205,6345
6213,6335
6217,6348
6204,6365
6217,6368
6219,6373
6234,6368
6240,6364
6225,6362
6220,6334
6225,6332
6226,6343
6218,6330
6221,6329
6216,6345
6274,6330
6218,6353
6220,6343
6216,6324
6216,6341
6222,6318
6212,6316
6215,6336
6212,6340
6212,6310
6216,6314
6213,6316
6214,6298
6220,6310
6223,6345
6227,6370
6225,6343
6216,6334
6219,6342
6227,6346
6211,6332
6224,6339
6225,6338
6224,6356
6225,6356
6228,6325
6257,6321
6254,6329
6250,6330
6248,6341
6248,6374
6254,6353
6262,6362
6277,6343
6281,6330
6290,6346
6302,6344
6320,6362
6326,6356
6317,6377
6340,6360
6372,6362
6382,6384
6398,6376
6426,6396
6474,6393
6479,6375
6662,6409
6737,6546
6600,6354
6541,6301
6640,6364
6593,6334
6625,6264
6666,6314
6691,6313
6741,6323
6807,6328
6901,6352
7014,6333
7137,6352
7327,6346
7493,6356
7533,6363
7599,6359
7572,6335
7452,6351
7363,6327
7275,6320
7250,6318
7197,6330
7180,6346
7249,6333
7303,6334
7272,6334
7242,6350
7201,6370
7112,6353
7002,6390
6906,6383
6847,6414
6751,6430
6708,6466
6704,6487
6704,6515
6715,6556
6785,6603
6846,6641
6925,6646
6999,6728
7112,6767
7193,6796
7277,6817
7407,6802
7566,6773
7696,6752
7906,6725
8055,6687
8238,6637
8434,6595
8575,6612
8754,6574
8909,6584
8917,6576
8985,6619
9002,6640
9077,6658
9027,6641
8961,6682
8912,6713
8769,6747
8626,6816
8457,6893
8257,6984
8101,7030
7883,7097
7716,7123
7485,7231
7324,7351
7207,7364
7146,7430
7045,7452
6980,7476
6978,7573
6951,7594
6992,7569
6992,7562
7092,7533
7141,7550
7294,7528
7442,7482
7600,7378
7827,7328
8081,7319
8327,7252
8608,7157
8963,7087
9330,7031
9594,6960
9928,6846
10228,6756
10487,6708
10722,6669
10860,6688
10868,6674
10785,6699
10797,6725
10820,6765
10802,6804
10602,6927
10369,7036
10126,7140
9938,7288
9575,7423
9294,7567
9012,7636
8721,7754
8424,7841
8134,7959
7968,8010
7711,8165
7547,8227
7362,8214
7243,8314
7052,8354
6951,8427
6902,8365
6849,8367
6836,8316
6890,8282
6976,8211
7059,8078
7171,7973
7309,7809
7459,7675
7621,7544
7750,7400
7951,7272
8173,7139
8329,6966
8430,6843
8690,6738
8862,6773
9094,6662
9318,6723
9577,6721
9624,6794
9711,6920
9858,7029
9883,7240
9908,7406
9842,7665
9785,7805
9614,7952
9275,8077
8972,8235
8724,8390
8444,8453
8110,8596
7877,8699
7629,8762
7402,8696
7185,8731
7053,8767
6952,8722
6852,8592
6803,8504
6800,8457
6820,8427
6850,8325
6933,8198
7048,8117
7144,7893
7232,7738
7368,7596
7479,7440
7679,7298
7827,7189
8030,7104
8115,6974
8339,6864
8450,6783
8580,6726
8759,6648
8862,6631
8866,6629
9015,6656
9017,6672
9010,6743
8978,6841
9001,6940
8943,7109
8855,7278
8809,7510
8747,7738
8688,8026
8601,8318
8305,8453
8148,8633
7894,8816
7726,8806
7541,8897
7332,8955
7186,9010
7042,9037
6933,9000
6823,8914
6752,8899
6690,8789
6631,8625
6600,8551
6586,8424
6604,8254
6671,8056
6725,7928
6797,7748
6944,7585
7113,7427
7328,7337
7512,7202
7655,7027
7838,6903
8003,6839
8197,6771
8370,6674
8614,6590
8842,6575
8938,6582
9031,6558
9043,6568
9074,6593
9059,6649
9053,6705
9055,6781
8975,6884
8864,7086
8810,7172
8667,7302
8530,7475
8393,7622
8217,7779
8048,7949
7904,8073
7758,8216
7647,8328
7449,8320
7296,8406
7139,8420
6997,8396
6898,8578
6751,8365
6686,8324
6657,8253
6617,8258
6626,8083
6636,7906
6658,7831
6710,7648
6784,7538
6881,7419
6954,7331
7106,7168
7286,7018
7419,6935
7597,6814
7753,6713
7965,6618
8086,6568
8221,6532
8337,6513
8469,6501
8507,6503
8532,6536
8531,6585
8595,6631
8684,6722
8531,6789
8575,6862
8521,7013
8390,7055
8293,7186
8127,7300
8041,7344
7918,7511
7739,7667
7606,7752
7453,7851
7313,7908
7165,7943
7027,7984
6907,8025
6773,8048
6690,8070
6618,8077
6538,8045
6535,7978
6514,7951
6549,7849
6625,7788
6679,7676
6820,7554
6932,7416
7086,7256
7251,7155
7384,7051
7523,6957
7673,6834
7856,6706
7978,6608
8093,6548
8141,6513
8264,6494
8308,6478
8360,6477
8409,6512
8423,6555
8369,6613
8275,6681
8227,6735
8134,6796
8083,6889
8043,6988
7965,7106
7895,7232
7837,7328
7723,7482
7605,7548
7525,7664
7391,7768
7307,7837
7148,7957
7051,8062
6966,8082
6814,8163
6687,8229
6608,8240
6564,8188
6525,8087
6530,8000
6557,7885
6649,7785
6736,7639
6824,7506
6968,7382
7084,7204
7213,7046
7403,6944
7568,6810
7728,6749
7837,6671
7951,6583
8037,6519
8134,6491
8164,6469
8218,6436
8312,6455
8314,6482
8306,6508
8252,6508
8285,6569
8142,6598
8119,6666
8028,6745
7910,6851
7904,6905
7740,7028
7614,7092
7535,7217
7428,7374
7365,7447
7297,7593
7269,7683
7187,7795
7122,7868
6990,7995
6933,8067
6851,8057
6807,8033
6735,8051
6672,8012
6634,7965
6634,7846
6683,7799
6685,7721
6761,7593
6830,7473
6936,7370
7113,7210
7330,7078
7479,6930
7682,6857
7935,6761
8058,6684
8204,6624
8335,6576
8500,6537
8652,6541
8682,6552
8718,6537
8828,6564
8822,6572
8698,6631
8671,6646
8637,6684
8619,6725
8528,6780
8367,6857
8298,6928
8174,6980
8006,7040
7938,7146
7759,7273
7581,7372
7459,7476
7345,7547
7192,7642
7116,7751
7023,7863
6914,7938
6818,7937
6783,8045
6717,8063
6690,8080
6650,8062
6650,7984
6672,7917
6717,7778
6787,7655
6876,7517
7007,7339
7161,7214
7303,7039
7484,6954
7701,6819
7886,6748
8085,6633
8237,6573
8416,6529
8538,6511
8550,6493
8656,6505
8676,6520
8675,6558
8655,6628
8601,6727
8602,6760
8595,6901
8537,6992
8442,7071
8179,7192
8084,7352
7922,7482
7798,7536
7762,7632
7648,7787
7517,7832
7411,7923
7320,7991
7224,8082
7172,8173
7099,8192
6993,8235
6937,8244
6872,8235
6777,8191
6736,8152
6720,8083
6707,7983
6758,7924
6781,7801
6860,7696
6998,7581
7192,7416
7314,7228
7545,7202
7817,6983
8078,6817
8334,6731
8583,6646
8794,6574
8986,6536
8989,6559
8962,6527
9036,6522
8964,6540
9044,6573
9134,6627
9151,6638
9078,6705
8937,6746
8820,6813
8681,6899
8477,6971
8330,7079
8149,7139
7937,7241
7762,7348
7673,7494
7449,7591
7288,7665
7285,7746
7185,7855
7088,8056
6951,8139
6877,8206
6891,8233
6825,8300
6777,8255
6721,8206
6714,8160
6758,8090
6876,7996
6906,7860
7029,7737
7130,7540
7286,7342
7415,7226
7596,7076
7718,6914
7893,6807
8075,6678
8300,6624
8402,6550
8582,6499
8629,6460
8720,6487
8806,6517
8842,6541
8941,6605
8838,6698
8778,6751
8819,6848
8757,6954
8701,7022
8528,7129
8405,7238
8263,7344
8088,7420
7937,7503
7814,7567
7652,7639
7489,7722
7255,7756
7153,7840
6949,7921
6549,7574
6775,7989
6730,8023
6605,7959
6584,7953
6609,7951
6609,7886
6673,7874
6735,7761
6781,7750
6860,7601
6978,7489
7048,7336
7236,7261
7389,7165
7551,7034
7742,6917
7999,6781
8161,6678
8354,6605
8622,6554
8789,6555
8927,6514
9116,6482
9218,6531
9356,6590
9466,6624
9513,6637
9526,6713
9489,6778
9364,6886
9230,7007
9087,7143
8900,7244
8745,7336
8609,7412
8401,7488
8123,7609
7887,7716
7653,7818
7411,7870
7190,7978
7060,7932
6930,8031
6860,8047
6795,7984
6750,7934
6712,7943
6734,7902
6773,7842
6834,7768
6933,7685
7036,7612
7190,7525
7297,7422
7506,7302
7704,7167
7946,7013
8083,6846
8289,6733
8421,6656
8619,6577
8638,6512
8737,6488
8823,6485
8996,6495
9013,6538
9016,6601
9004,6657
9097,6734
9110,6873
9071,7004
8983,7146
8896,7335
8793,7538
8580,7760
8516,7870
8447,8077
8320,8227
8093,8390
7986,8550
7808,8722
7555,8755
7439,8860
7323,8886
7191,8890
7073,8904
6968,8802
6873,8684
6842,8607
6841,8501
6878,8409
6950,8268
7043,8193
7175,8059
7397,7926
7610,7822
7812,7587
8073,7454
8401,7293
8652,7151
8967,6973
9228,6920
9592,6862
9852,6792
10002,6753
10020,6743
10095,6694
10025,6700
10109,6765
10199,6801
10219,6827
10146,6849
10104,6955
10115,7077
9942,7180
9988,7349
9931,7506
9689,7672
9512,7873
9310,7980
9136,8158
8962,8320
8765,8416
8528,8573
8319,8709
7983,8869
7782,8945
7587,8994
7385,8966
7154,9028
6990,8971
6952,8826
6886,8708
6919,8579
6971,8379
7100,8240
7325,8092
7483,7801
7740,7622
8032,7379
8257,7220
8643,7092
8991,6975
9167,6845
9410,6779
9716,6748
10029,6703
10294,6671
10642,6756
10829,6806
10944,6866
10860,6920
10784,7009
10918,7108
11188,7221
11189,7299
10948,7437
10717,7641
10414,7836
10103,8047
9819,8245
9515,8520
9101,8699
8814,8980
8559,9155
8326,9320
8067,9494
7825,9631
7634,9847
7427,9912
7249,9916
7089,9929
7035,9837
6968,9729
7008,9571
7091,9442
7237,9237
7402,9065
7683,8769
7902,8484
8191,8248
8555,8008
8927,7772
9238,7549
9599,7309
9937,7121
10278,6955
10471,6860
10657,6777
11060,6708
11314,6656
11539,6644
11633,6710
11862,6810
11728,6938
11555,7108
11760,7321
11815,7571
11745,7902
11395,8196
11208,8471
10948,8714
10644,8991
10361,9233
10078,9434
9733,9631
9303,9849
8899,10138
8621,10233
8289,10183
7964,10311
7697,10339
7446,10423
7226,10477
7089,10511
7009,10362
7017,10166
7038,9799
7148,9600
7365,9299
7564,9049
7771,8799
8085,8449
8415,8172
8766,7865
9023,7718
9455,7501
9846,7316
10135,7123
10428,6975
10906,6889
11171,6814
11278,6787
11468,6792
11424,6823
11440,6890
11366,7036
11292,7201
11233,7264
10965,7474
10537,7677
10131,7948
9860,8227
9300,8521
9010,8897
8539,9142
8053,9514
7890,9834
7603,10052
7180,10347
6779,10422
6508,10526
6338,10572
6261,10567
6203,10464
6187,10551
6176,10418
6170,10247
6165,10154
6155,9905
6149,9555
6147,9281
6145,9019
6153,8768
6117,8484
6116,8123
6078,7733
6096,7508
6100,7219
6110,7017
6124,6866
6127,6733
6122,6600
6112,6550
6121,6549
6113,6555
6122,6608
6120,6780
6111,6923
6120,7129
6103,7327
6124,7529
6123,7784
6115,8040
6110,8211
6108,8317
6114,8292
6107,8344
6104,8377
6115,8349
6105,8430
6118,8483
6107,8461
6104,8433
6108,8426
6114,8406
6120,8450
6110,8367
6113,8286
6112,8052
6124,7841
6108,7743
6113,7604
6115,7322
6114,6920
6117,6607
6105,6395
6115,6264
6110,6183
6102,6186
6110,6161
6110,6154
6107,6154
6118,6155
6106,6150
6106,6159
6116,6161
6105,6170
6113,6156
6100,6153
6105,6174
6106,6162
6100,6114
6105,6088
6104,6081
6112,6071
6110,6046
6096,6050
6111,6057
6113,6059
6112,6061
6109,6069
6089,5920
6111,6052
6106,6056
6101,6061
6112,6058
6105,6059
6109,6057
6107,6058
6103,6045
6104,6055
6103,6055
6107,6058
6108,6062
6112,6057
6106,6049
6105,6053
6094,6058
6101,6051
6102,6053
6105,6050
6109,6053
6113,6046
6107,6060
6114,6053
6106,6055
6112,6045
6117,6041
6115,6061
6114,6045
6113,6050
6106,6054
6119,6046
6118,6057
6118,6053
6099,6038
6118,6058
6111,6063
6112,6048
6115,6050
6113,6048
6111,6050
6116,6052
6098,6049
6108,6057
6099,6049
6109,6054
6105,6059
6112,6037
6107,6044
6105,6055
6110,6049
6114,6046
6111,6029
6103,6058
6121,6057
6116,6046
6115,6051
6110,6051
6110,6042
6107,6053
6105,6047
6112,6060
6111,6048
6111,6044
6117,6063
6114,6055
6111,6045
6112,6049
6099,6042
6104,6057
6113,6029
6109,6060
6123,6040
6116,6041
6111,6054
6110,6053
6109,6053
6118,6050
6104,6048
6103,6051
6113,6056
6110,6039
6106,6046
6104,6048
6105,6035
6109,6039
6107,6039
6107,6047
6106,6035
6109,6056
6109,6064
6108,6057
6108,6044
6106,6055
6096,6048
6104,6043
6113,6054
6113,6053
6104,6049
6106,6042
6101,6040
6110,6048
6100,6053
6113,6049
6101,6040
6106,6051
6111,6062
6117,6055
6111,6049
6104,6053
6104,6041
6114,6050
6110,6051
6096,6042
6108,6049
6104,6052
6104,6046
6111,6032
6114,6043
6104,6072
6103,6038
6111,6050
6126,6057
6111,6050
6114,6044
6101,6040
6105,6056
6101,6058
6107,6050
6105,6057
6103,6049
6106,6052
6105,6044
6113,6047
6101,6054
6106,6052
6103,6053
6101,6047
6099,6050
6098,6045
6107,6045
6099,6047
6109,6053
6106,6042
6102,6047
6112,6048
6102,6043
6115,6052
6117,6060
6109,6055
6101,6059
6096,6034
6111,6050
6109,6029
6104,6043
6111,6047
6100,6049
6111,6054
6105,6042
6093,6050
6117,6053
6096,6040
6100,6054
6105,6053
6102,6046
6106,6047
6093,6053
6112,6048
6110,6053
6108,6046
6112,6028
6108,6032
6104,6041
6106,6046
6108,6039
6107,6038
6100,6047
6101,6048
6098,6048
6098,6052
6106,6046
6106,6041
6094,6056
6106,6064
6104,6052
6101,6036
6095,6050
6095,6040
6097,6039
6100,6057
6094,6041
6104,6046
6109,6033
6103,6045
6104,6051
6101,6041
6089,6044
6105,6052
6106,6042
6105,6050
5953,6193
6054,6166
6257,6277
6161,6095
6032,5952
6020,5968
6103,6127
6110,6009
6114,6037
6111,6057
6103,6043
6096,6034
6110,6037
6101,6052
6116,6043
6097,6056
6091,6037
6110,6041
6102,6050
6100,6044
6115,6053
6108,5998
6093,6032
6092,6042
6104,6054
6106,6046
6109,6047
6107,6057
6100,6043
6098,6042
6107,6053
6103,6045
6105,6051
6106,6052
6110,6049
6113,6046
6112,6043
6109,6041
6105,6058
6110,6061
6104,6050
6111,6049
6106,6042
6118,6058
6120,6057
6106,6042
6115,6058
6106,6049
6111,6056
6114,6047
6107,6055
6106,6062
6106,6055
6110,6060
6119,6050
6109,6048
6120,6038
6110,6051
6113,6046
6117,6065
6104,6059
6111,6041
6110,6049
6108,6055
6106,6054
6113,6057
6114,6044
6104,6055
6106,6051
6104,6053
6102,6050
6111,6051
6109,6045
6093,6059
6105,6040
6107,6055
6106,6054
6109,6054
6109,6063
6113,6062
6109,6040
6110,6050
6101,6046
6105,6036
6106,6038
6101,6057
6096,6044
6110,6049
6113,6048
6103,6042
6097,6050
6103,6055
6111,6052
6111,6051
6103,6056
6101,6042
6109,6033
6106,6041
6107,6050
6105,6053
6107,6057
6099,6047
6101,6039
6115,6057
6096,6047
6107,6050
6109,6056
6100,6046
6105,6039
6113,6043
6104,6045
6110,6046
6101,6046
6112,6051
6108,6044
6106,6051
6112,6050
6102,6038
6099,6035
6106,6040
6112,6052
6099,6040
6103,6051
6106,6054
6110,6042
6103,6046
6103,6058
6117,6048
6115,6040
6107,6064
6099,6046
6102,6048
6104,6033
6106,6046
6108,6054
6115,6055
6113,6050
6110,6053
6109,6043
6114,6041
6116,6050
6103,6034
6107,6058
6113,6044
6107,6041
6112,6038
6118,6046
6122,6053
6120,6046
6120,6054
6115,6036
6117,6043
6117,6037
6124,6058
6114,6052
6119,6056
6117,6042
6109,6056
6109,6048
6110,6058
6109,6061
6120,6047
6117,6050
6116,6044
6106,6046
6115,6057
6112,6050
6120,6039
6108,6053
6110,6041
6112,6067
6113,6064
6111,6045
6112,6040
6106,6041
6109,6064
6108,6050
6110,6048
6113,6059
6113,6049
6113,6047
6124,6049
6092,6036
6110,6032
6125,6051
6115,6040
6116,6043
6113,6063
6100,6062
6119,6047
6110,6054
6116,6044
6113,6051
6112,6043
6117,6062
6108,6061
6111,6025
6115,6045
6102,6032
6115,6051
6115,6053
6117,6063
6119,6048
6112,6037
6110,6037
6113,6032
6109,6055
6122,6049
6112,6050
6114,6050
6115,6057
6107,6048
6123,6034
6117,6051
6107,6055
6114,6049
6108,6049
6118,6060
6108,6048
6114,6059
6110,6047
6126,6056
6121,6048
6110,6056
6108,6046
6110,6049
6116,6048
6114,6050
6108,6060
6105,6047
6115,6048
6111,6041
6109,6042
6112,6059
6111,6054
6121,6049
6120,6051
6112,6052
6120,6053
6118,6048
6117,6062
6122,6039
6106,6043
6114,6055
6123,6037
6114,6057
6108,6061
6113,6049
6117,6050
6121,6046
6117,6068
6124,6048
6123,6053
6118,6041
6114,6053
6123,6049
6118,6053
6120,6050
6111,6055
6106,6044
6119,6060
6128,6058
6114,6060
6119,6046
6120,6047
6108,6058
6108,6058
6121,6061
6117,6043
6119,6048
6112,6064
6111,6053
6119,6054
6112,6052
6119,6051
6119,6060
6118,6054
6121,6055
6118,6056
6110,6057
6117,6063
6111,6063
6120,6053
6119,6056
6115,6053
6118,6051
6118,6046
6120,6046
6120,6046
6124,6076
6117,6060
6126,6062
6113,6051
6114,6059
6116,6059
6125,6052
6116,6055
6134,6055
6115,6053
6155,6078
6140,6117
6024,5916
6115,6032
6144,6071
6172,6079
6055,5950
6120,6054
6178,6117
6229,6158
6206,6142
6206,6142
6179,6109
6269,6187
6153,6074
6093,6053
6143,6082
6172,6115
6156,6087
6105,6045
6014,5948
6076,6024
6136,6070
6067,6014
6087,6014
6083,6019
6113,6048
6096,6029
6106,6048
6099,6036
6108,6076
6089,6058
6152,6078
6152,6078
6090,6003
6122,6040
6118,6054
6109,6045
6120,6062
6114,6056
6085,6033
6107,6057
6145,6084
6129,6065
6133,6075
6120,6044
6087,6034
6115,6053
6127,6060
6126,6053
6129,6052
0,24
0,61680
0,0
6124,6045
5600,5584
5596,5577
5605,5574
5609,5566
5602,5578
5601,5582
5605,5578
5596,5565
5815,5755
6314,6285
6269,6286
6255,6303
6267,6319
6263,6287
6292,6278
6276,6266
6282,6275
6279,6278
6280,6289
6283,6286
6288,6301
6261,6301
6265,6287
6282,6290
6295,6311
6301,6316
6283,6303
6315,6282
6303,6289
6287,6297
6269,6278
6284,6295
6298,6310
6299,6304
6309,6315
6300,6310
6282,6330
6297,6312
6286,6319
6291,6315
6282,6292
6280,6314
6271,6298
6275,6294
6284,6289
6289,6287
6279,6292
6279,6304
6262,6299
6264,6297
6285,6313
6276,6304
6289,6292
6294,6297
6295,6288
6293,6285
6293,6271
6289,6304
6280,6273
6298,6293
6286,6321
6304,6353
6299,6355
6297,6336
6311,6340
6344,6296
6337,6389
6236,6289
6331,6364
6317,6351
6298,6315
6272,6299
6324,6315
6307,6306
6310,6317
6301,6305
6283,6314
6286,6313
6286,6283
6278,6296
6294,6297
6281,6283
6294,6307
6286,6296
6273,6313
6304,6301
6303,6298
6284,6290
6276,6297
6266,6320
6281,6307
6273,6328
6287,6323
6300,6316
6292,6308
6297,6322
6276,6314
6264,6323
6272,6331
6265,6304
6271,6290
6273,6282
6271,6308
6267,6310
6268,6323
6262,6334
6274,6320
6277,6306
6275,6336
6271,6301
6268,6317
6259,6317
6251,6318
6275,6332
6266,6280
6280,6324
6283,6340
6261,6360
6279,6335
6297,6323
6310,6283
6307,6287
6290,6309
6281,6320
6290,6298
6295,6310
6297,6323
6296,6321
6276,6306
6277,6313
6284,6311
6291,6320
6302,6316
6266,6335
6273,6346
6273,6323
6257,6295
6273,6296
6275,6327
6298,6314
6260,6334
6255,6280
6276,6310
6273,6308
6272,6318
6294,6326
6285,6319
6275,6331
6267,6315
6261,6311
6270,6331
6241,6306
6264,6303
6265,6344
6273,6320
6283,6340
6275,6325
6279,6323
6284,6327
6272,6318
6260,6324
6258,6357
6267,6346
6261,6337
6271,6359
6275,6346
6273,6349
6260,6348
6256,6383
6283,6361
6259,6330
6269,6334
6236,6331
6258,6333
6265,6322
6256,6327
6259,6325
6263,6331
6274,6338
6266,6314
6270,6307
6278,6325
6279,6340
6277,6331
6294,6335
6282,6355
6271,6337
6263,6310
6266,6331
6279,6328
6266,6354
6266,6336
6267,6333
6298,6345
6300,6336
6267,6343
6269,6361
6284,6326
6275,6327
6257,6315
6264,6332
6268,6328
6270,6340
6270,6334
6274,6365
6279,6350
6249,6361
6266,6367
6268,6350
6258,6338
6244,6335
6260,6318
6246,6335
6261,6319
6267,6351
6260,6366
6263,6341
6265,6324
6258,6329
6266,6347
6250,6326
6249,6330
6245,6340
6239,6353
6246,6361
6250,6360
6239,6346
6252,6346
6252,6343
6253,6354
6255,6322
6239,6345
6233,6350
6229,6345
6241,6354
6232,6336
6248,6344
6245,6325
6242,6324
6243,6364
6256,6360
6251,6371
6241,6366
6224,6379
6238,6360
6247,6386
6250,6393
6215,6364
6238,6358
6242,6374
6241,6354
6258,6329
6253,6342
6255,6332
6258,6337
6243,6367
6227,6398
6233,6385
6233,6362
6245,6381
6245,6383
6233,6351
6244,6343
6249,6321
6234,6315
6231,6334
6239,6360
6214,6351
6234,6325
6238,6336
6238,6332
6237,6358
6230,6341
6231,6329
6232,6345
6238,6326
6251,6352
6251,6359
6212,6386
6228,6363
6225,6344
6242,6390
6258,6356
6246,6389
6249,6369
6227,6370
6231,6359
6228,6372
6216,6366
6214,6355
6256,6361
6230,6391
6229,6368
6220,6350
6239,6344
6231,6347
6232,6339
6224,6363
6214,6351
6225,6356
6239,6353
6244,6344
6233,6347
6225,6354
6222,6346
6225,6384
6229,6369
6221,6367
6220,6380
6234,6351
6218,6353
6221,6363
6219,6334
6227,6377
6220,6373
6227,6407
6227,6393
6224,6395
6236,6390
6217,6387
6218,6373
6229,6352
6227,6351
6222,6375
6221,6363
6206,6369
6231,6385
6215,6366
6231,6419
6224,6394
6224,6372
6218,6374
6217,6373
6613,6676
5846,6330
6178,6406
6318,6438
6308,6463
6163,6304
6248,6379
6214,6375
6216,6366
6205,6375
6212,6379
6211,6373
6229,6403
6229,6383
6220,6385
6215,6393
6215,6357
6215,6378
6211,6352
6227,6372
6215,6397
6227,6356
6231,6393
6221,6395
6232,6384
6229,6387
6230,6405
6216,6392
6214,6391
6218,6397
6214,6365
6204,6380
6217,6383
6234,6372
6217,6401
6209,6401
6208,6380
6211,6403
6220,6402
6207,6372
6205,6383
6219,6383
6216,6413
6214,6374
6223,6383
6225,6404
6222,6391
6203,6413
6222,6384
6203,6402
6194,6389
6212,6421
6212,6387
6218,6403
6200,6412
6214,6403
6204,6388
6212,6403
6206,6405
6207,6390
6206,6380
6203,6398
6210,6393
6209,6385
6217,6358
6210,6395
6200,6398
6207,6380
6203,6398
6208,6370
6204,6371
6205,6376
6208,6393
6219,6363
6200,6372
6201,6356
6222,6345
6212,6359
6201,6364
6202,6357
6218,6370
6203,6370
6198,6389
6202,6396
6195,6359
6206,6375
6207,6370
6195,6369
6199,6350
6195,6353
6210,6352
6213,6361
6217,6363
6201,6380
6199,6400
6199,6387
6201,6364
6202,6383
6218,6358
6217,6372
6207,6372
6215,6369
6208,6394
6198,6396
6201,6382
6211,6386
6205,6371
6196,6365
6193,6375
6193,6393
6198,6389
6210,6401
6212,6378
6218,6382
6192,6386
6212,6369
6204,6375
6205,6384
6209,6384
6199,6379
6203,6361
6201,6366
6203,6343
6197,6373
6210,6391
6199,6377
6195,6378
6202,6361
6195,6340
6212,6359
6202,6365
6203,6363
6200,6355
6200,6346
6204,6374
6192,6370
6207,6372
6212,6382
6202,6386
6209,6393
6213,6387
6199,6395
6207,6394
6222,6396
6201,6380
6198,6380
6194,6383
6194,6377
6194,6367
6199,6380
6195,6357
6199,6362
6217,6395
6210,6354
6193,6379
6203,6363
6212,6372
6219,6376
6203,6395
6204,6397
6203,6375
6210,6349
6210,6360
6202,6366
6203,6358
6204,6398
6201,6406
6206,6377
6225,6377
6202,6363
6199,6348
6213,6365
6203,6363
6214,6388
6194,6367
6203,6353
6208,6355
6201,6340
6220,6359
6206,6348
6209,6374
6203,6384
6211,6386
6197,6359
6213,6342
6204,6349
6218,6358
6203,6348
6217,6371
6215,6366
6216,6334
6202,6337
6200,6358
6215,6371
6216,6379
6218,6385
6212,6369
6212,6361
6218,6368
6222,6385
6201,6365
6222,6368
6208,6348
6212,6342
6215,6358
6206,6352
6210,6352
6202,6348
6211,6359
6215,6361
6202,6337
6207,6372
6207,6359
6214,6345
6207,6366
6202,6375
6214,6355
6206,6381
6202,6383
6209,6405
6198,6364
6226,6386
6214,6345
6208,6344
6196,6344
6208,6340
6214,6326
6212,6341
6206,6349
6210,6365
6219,6347
6211,6349
6212,6320
6205,6347
6212,6353
6225,6375
6229,6399
6223,6359
6230,6373
6211,6337
6217,6331
6222,6350
6225,6341
6224,6320
6217,6314
6220,6323
6223,6338
6223,6337
6220,6327
6224,6346
6223,6320
6214,6329
6212,6330
6206,6332
6209,6321
6215,6303
6214,6307
6217,6328
6223,6326
6224,6326
6230,6327
6219,6364
6216,6347
6225,6338
6231,6342
6226,6333
6233,6346
6218,6340
6143,6267
6152,6286
6205,6346
6230,6339
6276,6354
6241,6319
6240,6284
6245,6346
6255,6359
6251,6336
6252,6351
6277,6345
6285,6326
6295,6337
6312,6340
6318,6356
6312,6361
6303,6377
6327,6383
6360,6382
6391,6373
6420,6376
6445,6406
6475,6386
6491,6369
6544,6355
6540,6319
6569,6344
6592,6323
6617,6344
6629,6319
6649,6306
6688,6326
6715,6333
6776,6339
6823,6337
6878,6344
7011,6343
7127,6340
7312,6343
7458,6346
7538,6357
7584,6341
7552,6333
7447,6346
7384,6338
7297,6318
7215,6311
7187,6329
7212,6342
7268,6348
7266,6354
7275,6340
7228,6358
7223,6344
7105,6376
6991,6384
6910,6390
6798,6414
6753,6441
6715,6449
6695,6490
6713,6519
6741,6558
6817,6594
6865,6618
6933,6668
7016,6717
7128,6760
7224,6797
7279,6821
7412,6810
7552,6787
7723,6745
7915,6745
8033,6689
8277,6657
8402,6593
8612,6605
8764,6597
8943,6574
8904,6598
9001,6609
9057,6628
9082,6624
9034,6646
8961,6684
8865,6720
8766,6745
8644,6805
8468,6899
8275,6970
8120,7031
7918,7101
7728,7113
7497,7234
7326,7328
7189,7390
7135,7417
7073,7451
7005,7474
6981,7566
6950,7598
6983,7598
7013,7561
7101,7559
7158,7538
7256,7602
7444,7498
7621,7384
7827,7322
8108,7328
8322,7248
8653,7163
8903,7087
9311,7030
9638,6961
9965,6851
10267,6751
10510,6701
10715,6696
10737,6691
10852,6665
10810,6669
10779,6712
10843,6759
10801,6848
10632,6951
10389,7058
10160,7158
9918,7303
9595,7434
9243,7597
9020,7609
8716,7728
8485,7821
8118,7951
7882,8033
7739,8161
7538,8203
7382,8248
7252,8282
7098,8351
6971,8388
6912,8401
6842,8357
6851,8322
6887,8293
6931,8194
7087,8083
7188,7978
7355,7818
7431,7684
7599,7520
7760,7399
7955,7244
8158,7160
8306,6978
8461,6856
8737,6741
8891,6711
9092,6665
9337,6690
9595,6750
9601,6787
9683,6892
9815,7097
9869,7232
9902,7392
9877,7650
9816,7843
9593,7930
9247,8079
8931,8264
8711,8340
8447,8453
8126,8591
7879,8759
7649,8759
7403,8698
7226,8722
7059,8740
6938,8697
6854,8615
6806,8526
6808,8477
6828,8451
6859,8344
6938,8245
7066,8122
7126,7891
7245,7727
7342,7589
7507,7445
7703,7327
7851,7171
8032,7101
8126,6948
8364,6867
8481,6777
8588,6721
8761,6676
8866,6643
8844,6632
8977,6663
8993,6673
9002,6723
9022,6826
9014,6962
8903,7110
8812,7286
8846,7503
8723,7735
8676,8053
8598,8288
8341,8441
8105,8630
7916,8803
7715,8864
7540,8919
7328,8920
7189,9000
7024,9064
6918,9009
6816,8929
6737,8913
6706,8801
6644,8640
6586,8527
6588,8447
6639,8272
6659,8057
6719,7921
6841,7745
6939,7588
7132,7469
7298,7346
7502,7175
7661,7022
7868,6880
8051,6834
8159,6754
8347,6693
8627,6607
8809,6580
8913,6569
9026,6546
8999,6558
9079,6615
9054,6630
9042,6688
9053,6803
8993,6892
8896,7049
8823,7180
8619,7295
8537,7487
8416,7630
8254,7764
8073,7877
7923,8074
7805,8212
7651,8314
7500,8332
7326,8352
7132,8367
6984,8404
6868,8381
6629,8222
7010,8708
6538,8303
6677,8229
6685,8117
6679,7977
6683,7815
6708,7683
6804,7602
6885,7429
6956,7289
7086,7164
7285,7042
7418,6936
7586,6832
7725,6708
7944,6605
8085,6584
8238,6523
8333,6505
8461,6482
8533,6507
8537,6534
8549,6593
8585,6637
8518,6704
8531,6815
8580,6884
8500,7007
8398,7092
8267,7190
8132,7301
8026,7374
7922,7518
7729,7657
7555,7703
7458,7834
7305,7906
7169,7927
7037,7984
6906,8012
6779,8008
6681,8026
6610,8066
6556,8082
6530,7980
6535,7958
6542,7894
6626,7799
6722,7638
6779,7539
6939,7387
7069,7291
7215,7171
7377,7059
7532,6945
7637,6807
7826,6696
7938,6612
8089,6549
8104,6514
8219,6500
8294,6461
8383,6473
8428,6507
8353,6562
8357,6635
8282,6679
8205,6738
8167,6840
8089,6913
8026,7000
7992,7119
7886,7258
7809,7369
7703,7464
7592,7539
7536,7650
7396,7738
7293,7861
7191,7961
7053,8058
6940,8089
6799,8112
6713,8232
6620,8203
6577,8181
6540,8129
6528,7984
6581,7904
6650,7750
6714,7607
6816,7481
6959,7381
7086,7227
7211,7070
7405,6958
7559,6829
7732,6741
7881,6650
7947,6563
8050,6534
8110,6497
8176,6470
8226,6449
8318,6455
8285,6477
8316,6498
8275,6525
8292,6565
8188,6605
8088,6662
8020,6732
7945,6845
7888,6891
7776,7007
7635,7084
7553,7233
7390,7355
7362,7472
7318,7608
7287,7681
7182,7799
7105,7849
7026,7968
6918,8045
6843,8034
6798,8005
6753,8041
6674,7999
6644,7992
6643,7897
6647,7800
6706,7730
6748,7621
6829,7488
6947,7372
7131,7216
7320,7073
7480,6938
7688,6842
7883,6761
8074,6677
8189,6593
8312,6554
8519,6543
8657,6528
8677,6566
8786,6571
8771,6564
8739,6587
8697,6616
8720,6660
8642,6698
8596,6723
8488,6807
8361,6834
8278,6945
8181,6965
7999,7053
7898,7155
7755,7260
7587,7358
7470,7440
7354,7538
7188,7632
7110,7728
7045,7885
6898,7969
6851,7966
6801,7997
6721,8050
6676,8073
6662,8047
6665,7987
6669,7944
6704,7811
6786,7664
6879,7505
7024,7353
7147,7177
7339,7065
7489,6931
7676,6831
7890,6746
8058,6657
8196,6586
8409,6540
8485,6532
8593,6512
8629,6528
8669,6530
8668,6545
8674,6641
8642,6709
8605,6796
8591,6887
8624,6966
8462,7054
8249,7183
8006,7327
7904,7466
7816,7546
7731,7637
7604,7752
7537,7825
7426,7943
7346,7997
7222,8126
7182,8139
7088,8196
6995,8257
6952,8265
6879,8236
6795,8178
6727,8206
6722,8111
6731,7937
6747,7902
6771,7767
6862,7697
7014,7573
7164,7416
7318,7261
7543,7177
7815,6951
8096,6804
8381,6717
8570,6620
8820,6580
8961,6551
9021,6567
8976,6542
9011,6531
8992,6539
9065,6535
9177,6629
9194,6645
9106,6700
8962,6749
8826,6818
8649,6913
8492,6968
8362,7070
8151,7142
7911,7243
7791,7334
7708,7469
7439,7569
7297,7688
7254,7777
7194,7903
7078,8084
6973,8175
6905,8219
6891,8245
6832,8312
6753,8285
6728,8216
6730,8156
6769,8090
6867,7988
6915,7873
7039,7722
7132,7549
7260,7380
7376,7234
7579,7053
7712,6950
7890,6993
8074,6692
8319,6605
8435,6577
8640,6575
8644,6493
8698,6473
8836,6501
8856,6541
8910,6597
8825,6672
8776,6778
8825,6863
8752,6954
8737,7030
8575,7112
8409,7217
8243,7316
8091,7444
7951,7507
7819,7603
7645,7648
7483,7716
7237,7761
7163,7874
7014,7873
6885,7953
6768,8000
6678,7950
6632,7983
6609,7945
6611,7985
6642,7888
6680,7855
6731,7757
6794,7708
6856,7610
6965,7484
7084,7356
7226,7242
7385,7154
7567,7023
7763,6896
8023,6782
8158,6696
8376,6588
8646,6564
8855,6538
8969,6521
9142,6500
9242,6544
9346,6569
9453,6608
9562,6657
9557,6731
9506,6801
9394,6903
9224,7005
9115,7120
8891,7231
8695,7338
8586,7412
8400,7483
8164,7616
7907,7721
7649,7791
7403,7884
7233,7990
7056,8001
6966,8041
6843,8033
6802,7999
6735,7951
6701,7931
6689,7925
6775,7859
6844,7772
6916,7713
7061,7636
7176,7511
7331,7430
7497,7315
7694,7171
7936,7002
8084,6861
8348,6748
8454,6652
8636,6575
8692,6521
8751,6486
8816,6492
8985,6490
9047,6559
9061,6566
9037,6657
9062,6746
9066,6865
9123,7007
9010,7166
8881,7369
8737,7540
8594,7748
8520,7893
8407,8054
8323,8247
8131,8378
7968,8540
7763,8689
7573,8749
7430,8887
7326,8882
7190,8847
7053,8887
6969,8764
6881,8680
6823,8567
6858,8503
6889,8427
6937,8307
7050,8223
7214,8089
7392,7903
7609,7795
7846,7652
8106,7434
8371,7280
8686,7112
8950,7014
9350,6897
9609,6888
9853,6797
10072,6768
10081,6721
10087,6690
10047,6710
10129,6737
10235,6812
10228,6823
10122,6858
10095,6942
10063,7060
9929,7185
9977,7358
9959,7475
9708,7694
9524,7877
9337,7969
9192,8161
8953,8272
8738,8458
8551,8525
8303,8729
8003,8870
7795,8999
7609,8935
7353,8956
7201,8980
7045,8942
6932,8832
6880,8688
6924,8632
6965,8392
7104,8244
7306,8096
7500,7842
7766,7617
8036,7398
8238,7214
8607,7078
8948,6966
9218,6874
9421,6768
9762,6757
10025,6699
10368,6706
10681,6725
10937,6788
10934,6870
10899,6923
10800,7024
10933,7118
11171,7231
11156,7338
10925,7446
10724,7635
10388,7850
10123,8044
9835,8289
9514,8489
9077,8659
8774,8947
8550,9149
8271,9295
8049,9513
7867,9697
7617,9870
7418,9943
7228,9942
7094,9878
7009,9850
6959,9680
7016,9599
7110,9417
7244,9265
7450,9051
7691,8757
7897,8467
8183,8247
8561,8021
8913,7773
9244,7552
9589,7304
10012,7142
10287,7000
10477,6879
10719,6760
11069,6698
11312,6639
11496,6642
11699,6700
11860,6824
11700,6948
11631,7097
11732,7334
11818,7555
11683,7905
11399,8214
11179,8495
10930,8699
10676,8994
10350,9240
10073,9449
9696,9651
9277,9878
8909,10167
8625,10241
8305,10223
7937,10269
7655,10310
7439,10418
7221,10469
7084,10478
6993,10331
7024,10141
7091,9745
7150,9623
7340,9327
7561,9053
7831,8751
8102,8466
8457,8165
8728,7918
9076,7675
9438,7509
9797,7310
10203,7121
10411,6979
10826,6895
11176,6834
11344,6796
11453,6806
11383,6844
11476,6903
11339,7029
11328,7167
11293,7303
10642,7102
10230,7415
10275,8053
9917,8310
9436,8675
8931,8846
8521,9149
8089,9572
7911,9906
7639,10086
7197,10317
6799,10466
6527,10550
6339,10610
6257,10672
6209,10464
6184,10519
6170,10375
6166,10271
6165,10155
6157,9910
6161,9547
6143,9235
6157,8989
6142,8707
6138,8456
6139,8143
6140,7798
6135,7510
6127,7231
6118,7023
6122,6855
6127,6711
6121,6590
6129,6544
6113,6536
6115,6529
6116,6610
6122,6765
6112,6942
6116,7173
6112,7350
6120,7522
6126,7773
6124,8052
6119,8202
6111,8358
6111,8304
6116,8355
6107,8365
6117,8362
6108,8421
6119,8512
6111,8487
6113,8454
6118,8422
6120,8425
6121,8488
6116,8372
6111,8266
6117,8013
6117,7866
6109,7748
6113,7579
6111,7295
6120,6925
6109,6597
6105,6391
6111,6257
6114,6206
6106,6182
6110,6169
6112,6152
6109,6149
6117,6166
6109,6145
6098,6162
6116,6159
6109,6175
6113,6153
6101,6150
6104,6161
6108,6168
6102,6109
6108,6093
6102,6069
6108,6080
6116,6066
6101,6058
6110,6072
6110,6057
6110,6061
6106,6056
6103,6066
6104,6058
6112,6042
6112,6054
6113,6061
6103,6049
6110,6060
6110,6061
6115,6056
6113,6057
6105,6056
6111,6075
6110,6058
6115,6055
6113,6050
6104,6051
6099,6050
6110,6047
6110,6055
6104,6058
6107,6051
6115,6060
6108,6066
6104,6065
6117,6045
6111,6061
6112,6063
6117,6054
6114,6056
6109,6056
6103,6052
6118,6049
6120,6059
6108,6060
6105,6051
6114,6051
6108,6044
6116,6049
6109,6052
6117,6055
6111,6040
6122,6051
6106,6044
6117,6043
6107,6049
6119,6068
6108,6048
6104,6049
6110,6046
6113,6052
6116,6046
6110,6048
6108,6018
6106,6044
6109,6054
6112,6052
6112,6047
6112,6046
6115,6048
6105,6033
6112,6045
6112,6059
6114,6046
6113,6049
6117,6053
6113,6056
6108,6042
6119,6039
6106,6037
6104,6017
6115,6038
6117,6038
6117,6038
6113,6063
6108,6057
6115,6046
6115,6045
6110,6053
6103,6057
6110,6052
6110,6054
6114,6053
6109,6048
6104,6044
6106,6050
6107,6053
6107,6041
6107,6055
6109,6058
6109,6051
6115,6063
6120,6069
6111,6051
6107,6039
6097,6049
6105,6052
6108,6048
6111,6050
6109,6051
6103,6044
6102,6045
6113,6065
6106,6060
6112,6052
6103,6065
6103,6053
6116,6060
6115,6063
6106,6051
6106,6046
6107,6055
6113,6046
6096,6058
6103,6051
6109,6050
6108,6061
6112,6050
6106,6042
6111,6040
6095,6043
6100,6026
6113,6041
6127,6060
6109,6050
6110,6054
6106,6043
6104,6044
6102,6063
6109,6056
6113,6052
6098,6042
6106,6049
6101,6055
6116,6051
6110,6049
6112,6057
6113,6052
6112,6055
6103,6036
6101,6063
6108,6054
6113,6049
6109,6050
6098,6032
6093,6052
6107,6058
6098,6055
6109,6053
6111,6058
6109,6060
6109,6049
6109,6039
6110,6033
6104,6050
6106,6055
6116,6042
6106,6037
6109,6054
6106,6049
6099,6056
6112,6057
6104,6047
6097,6056
6107,6048
6105,6042
6105,6053
6100,6046
6109,6060
6105,6051
6106,6039
6098,6053
6119,6049
6097,6054
6104,6048
6114,6050
6176,6114
6022,5977
6110,6034
6076,6014
6162,6117
6109,6063
6068,6020
6096,6058
6088,6045
6114,6065
6094,6056
6096,6049
6093,6048
6104,6053
6104,6045
6086,6052
6102,6030
6111,6045
6096,6047
6103,6052
6097,6046
6097,6042
6102,6042
6112,6034
6102,6052
6101,6043
6108,6033
6098,6042
6098,6044
6108,6056
6100,6060
6098,6043
6104,6036
6095,6057
6095,6055
6102,6055
6098,6041
6108,6046
6104,6047
6115,6049
6100,6042
6093,6044
6106,6049
6105,6055
6106,6047
6110,6050
6103,6028
6106,6055
6112,6051
6107,6070
6106,6041
6108,6042
6107,6046
6110,6048
6090,6054
6104,6049
6101,6061
6108,6050
6098,6065
6093,6053
6111,6045
6112,6048
6122,6119
6111,6057
6104,6047
6104,6044
6102,6057
6100,6059
6105,6051
6112,6056
6103,6057
6112,6058
6104,6042
6102,6052
6119,6052
6106,6044
6110,6057
6111,6060
6110,6058
6115,6047
6116,6054
6121,6052
6108,6059
6112,6052
6121,6046
6111,6057
6122,6047
6114,6064
6097,6055
6107,6055
6113,6055
6113,6062
6109,6059
6106,6062
6114,6059
6102,6054
6107,6038
6113,6055
6102,6067
6109,6049
6113,6047
6114,6044
6116,6055
6113,6044
6111,6055
6104,6045
6100,6037
6100,6055
6108,6055
6109,6058
6106,6057
6093,6059
6103,6056
6115,6056
6103,6059
6100,6048
6102,6041
6107,6049
6113,6050
6102,6051
6103,6048
6105,6052
6101,6039
6114,6047
6109,6050
6104,6060
6104,6095
6103,6046
6097,6047
6104,6046
6103,6049
6104,6041
6100,6044
6109,6052
6106,6061
6107,6044
6096,6055
6105,6049
6111,6046
6097,6054
6104,6037
6115,6045
6101,6049
6107,6038
6112,6039
6111,6055
6101,6061
6101,6020
6114,6047
6115,6049
6099,6036
6103,6060
6113,6051
6115,6043
6118,6046
6105,6044
6103,6040
6106,6052
6118,6040
6113,6059
6115,6056
6105,6012
6106,6057
6113,6037
6114,6050
6118,6049
6109,6057
6112,6050
6120,6047
6110,6059
6116,6046
6114,6037
6114,6053
6117,6058
6118,6052
6113,6053
6121,6040
6117,6054
6125,6052
6128,6045
6121,6054
6116,6048
6110,6066
6113,6048
6114,6053
6110,6055
6116,6066
6106,6065
6125,6048
6110,6052
6124,6054
6112,6048
6113,6051
6117,6056
6105,6048
6114,6064
6120,6052
6116,6050
6107,6056
6110,6052
6101,6045
6119,6049
6116,6055
6118,6056
6114,6058
6112,6052
6113,6059
6110,6048
6111,6048
6118,6064
6116,6053
6110,6054
6110,6053
6100,6062
6109,6047
6105,6052
6112,6048
6120,6050
6098,6042
6118,6059
6112,6062
6113,6038
6116,6058
6097,6021
6118,6036
6115,6055
6115,6065
6108,6053
6117,6043
6113,6038
6123,6046
6112,6054
6118,6059
6110,6045
6115,6046
6123,6052
6113,6039
6122,6046
6118,6047
6102,6033
6113,6058
6110,6057
6115,6061
6114,6053
6113,6061
6105,6063
6115,6058
6123,6045
6112,6054
6101,6043
6105,6041
6110,6061
6118,6066
6106,6048
6107,6055
6105,6053
6110,6056
6103,6054
6119,6053
6121,6050
6113,6037
6118,6047
6115,6047
6124,6054
6117,6066
6116,6048
6126,6053
6097,6050
6116,6052
6518,6481
6373,6317
5816,5785
6128,6104
6079,6049
6113,6066
6148,5980
6120,6051
6112,6047
6132,6060
6111,6054
6130,6057
6117,6053
6129,6060
6124,6062
6111,6059
6120,6063
6127,6060
6120,6047
6124,6054
6125,6051
6123,6050
6117,6051
6117,6051
6120,6049
6112,6053
6124,6048
6123,6055
6126,6051
6120,6040
6122,6061
6120,6062
6118,6047
6120,6056
6116,6055
6125,6051
6113,6035
6113,6039
6125,6058
6120,6059
6120,6058
6118,6062
6114,6043
6125,6050
6123,6039
6123,6039
6111,6052
6119,6037
6120,6058
6119,6052
6118,6056
6122,6061
6119,6054
6124,6052
6125,6060
6111,6058
6118,6055
6116,6058
6119,6062
6122,6052
6117,6054
6114,6050
6117,6057
6115,6057
6121,6049
6119,6044
6118,6058
6118,6058
6124,6039
6119,6053
6121,6044
6119,6047
6126,6055
6114,6064
6118,6057
6124,6046
6121,6057
6120,6045
6111,6054
6115,6053
6120,6047
6127,6054
6123,6065
6122,6061
6111,6064
6125,6057
6115,6055
6124,6055
6113,6058
6117,6050
6117,6050
6117,6064
6120,6045
6120,6040
6115,6055
6118,6033
6118,6051
6122,6046
6116,6068
6114,6061
6122,6052
6124,6052
6125,6057
6126,6058
6119,6053
6118,6053
0,28
0,61680
0,0
6123,6055
5603,5577
5598,5568
5602,5579
5602,5573
5607,5578
5603,5575
5612,5561
5603,5579
5808,5743
6307,6285
6261,6296
6262,6294
6276,6294
6274,6285
6301,6283
6295,6267
6288,6283
6275,6278
6275,6271
6294,6305
6299,6295
6260,6295
6275,6297
6290,6305
6314,6315
6297,6313
6293,6308
6297,6315
6304,6311
6287,6293
6274,6296
6268,6274
6295,6295
6292,6313
6308,6329
6300,6316
6287,6319
6285,6319
6292,6297
6283,6309
6233,6223
6224,6591
6463,6411
6213,6214
6240,6368
6404,6213
6308,6306
6294,6319
6288,6337
6299,6294
6264,6288
6258,6291
6279,6286
6291,6293
6288,6313
6306,6296
6276,6281
6286,6305
6291,6268
6304,6286
6283,6319
6304,6346
6300,6343
6293,6350
6281,6331
6306,6330
6284,6330
6297,6324
6296,6332
6304,6325
6313,6309
6279,6295
6300,6304
6296,6319
6311,6321
6315,6306
6283,6327
6289,6318
6286,6293
6287,6294
6293,6295
6275,6298
6293,6298
6274,6290
6288,6302
6297,6306
6295,6311
6290,6267
6272,6310
6273,6331
6284,6291
6278,6345
6291,6336
6286,6315
6303,6311
6307,6301
6270,6297
6265,6298
6277,6321
6273,6320
6273,6305
6272,6302
6283,6315
6278,6311
6274,6321
6255,6312
6279,6334
6267,6311
6255,6312
6268,6291
6275,6313
6265,6320
6278,6319
6278,6308
6262,6314
6274,6318
6290,6323
6275,6355
6271,6338
6297,6335
6320,6307
6315,6298
6294,6301
6297,6326
6279,6296
6296,6326
6295,6335
6287,6332
6279,6299
6286,6315
6291,6327
6270,6307
6297,6335
6273,6340
6276,6341
6267,6327
6272,6301
6273,6298
6270,6320
6292,6322
6267,6331
6249,6303
6273,6307
6273,6319
6279,6323
6296,6342
6285,6304
6268,6336
6275,6334
6267,6329
6259,6313
6261,6298
6280,6309
6279,6341
6284,6314
6286,6328
6280,6318
6296,6305
6298,6325
6260,6300
6266,6306
6263,6350
6253,6359
6269,6324
6261,6359
6276,6347
6263,6350
6269,6328
6270,6382
6267,6358
6261,6321
6259,6340
6232,6340
6261,6340
6266,6326
6272,6335
6267,6321
6262,6309
6284,6311
6278,6304
6280,6319
6285,6336
6275,6342
6287,6334
6284,6343
6274,6349
6265,6332
6254,6320
6266,6337
6276,6316
6278,6330
6269,6300
6277,6331
6291,6321
6287,6340
6277,6318
6275,6349
6287,6326
6265,6314
6253,6306
6280,6333
6270,6332
6289,6319
6255,6346
6286,6358
6283,6352
6264,6335
6279,6342
6268,6353
6256,6346
6241,6334
6248,6328
6250,6317
6256,6334
6255,6358
6264,6351
6265,6347
6268,6329
6252,6326
6264,6339
6256,6345
6253,6353
6248,6347
6243,6351
6225,6382
6241,6366
6253,6357
6253,6343
6261,6336
6248,6348
6254,6341
6235,6340
6242,6329
6229,6353
6245,6346
6229,6337
6255,6332
6254,6329
6244,6321
6233,6341
6252,6350
6247,6375
6236,6360
6234,6388
6247,6400
6244,6381
6246,6391
6233,6383
6240,6352
6240,6369
6241,6358
6253,6328
6253,6339
6251,6331
6243,6337
6245,6380
6230,6382
6223,6389
6243,6364
6249,6384
6240,6371
6230,6354
6247,6330
6234,6325
6227,6328
6235,6318
6233,6356
6227,6365
6240,6333
6233,6332
6243,6338
6239,6361
6231,6345
6220,6348
6231,6348
6235,6339
6243,6361
6236,6355
6225,6377
6223,6376
6225,6358
6252,6391
6252,6376
6231,6366
6246,6361
6240,6361
6229,6371
6217,6368
6224,6369
6211,6364
6217,6366
6218,6385
6222,6369
6209,6348
6229,6354
6234,6349
6230,6355
6238,6363
6218,6366
6227,6353
6224,6361
6238,6340
6223,6354
6220,6350
6223,6354
6217,6369
6220,6360
6233,6361
6242,6400
6372,6530
6250,6384
6226,6391
6260,6404
6251,6394
6252,6403
6224,6407
6224,6403
6232,6396
6227,6381
6215,6378
6224,6366
6219,6373
6226,6352
6227,6353
6221,6387
6216,6368
6220,6417
6216,6373
6233,6415
6237,6407
6231,6395
6226,6354
6226,6386
6219,6396
6220,6374
6239,6390
6209,6362
6237,6370
6230,6356
6221,6347
6232,6348
6215,6373
6215,6405
6218,6391
6213,6387
6225,6415
6232,6388
6227,6370
6223,6378
6216,6345
6212,6369
6211,6363
6222,6380
6204,6387
6223,6394
6228,6388
6223,6403
6227,6389
6227,6400
6207,6413
6209,6407
6211,6392
6218,6392
6216,6366
6212,6368
6215,6387
6229,6383
6224,6391
6226,6396
6210,6403
6216,6387
6227,6365
6206,6372
6219,6385
6212,6382
6222,6390
6219,6379
6232,6382
6227,6384
6225,6390
6213,6384
6208,6366
6216,6404
6200,6407
6206,6406
6210,6395
6216,6419
6208,6403
6216,6405
6214,6395
6203,6400
6218,6413
6216,6388
6205,6387
6204,6380
6212,6403
6207,6370
6222,6384
6222,6387
6203,6390
6203,6363
6207,6385
6215,6375
6210,6385
6214,6382
6207,6377
6216,6380
6201,6364
6208,6344
6209,6347
6209,6346
6198,6374
6215,6351
6210,6349
6210,6363
6204,6382
6199,6358
6194,6390
6208,6390
6201,6365
6206,6344
6200,6334
6194,6340
6211,6330
6218,6346
6213,6374
6195,6372
6194,6397
6204,6386
6198,6361
6208,6377
6211,6372
6215,6378
6200,6380
6206,6380
6210,6375
6202,6387
6199,6406
6204,6401
6200,6398
6197,6373
6206,6370
6177,6394
6193,6379
6199,6387
6207,6382
6209,6376
6209,6364
6205,6368
6207,6374
6204,6384
6195,6379
6195,6373
6205,6363
6198,6382
6191,6367
6193,6375
6203,6382
6205,6361
6194,6396
6207,6351
6190,6332
6200,6352
6195,6375
6201,6346
6192,6339
6206,6335
6196,6362
6200,6367
6212,6350
6209,6390
6204,6364
6209,6374
6216,6362
6188,6382
6204,6410
6216,6414
6202,6396
6202,6387
6199,6355
6186,6380
6192,6376
6196,6357
6200,6369
6187,6359
6196,6403
6202,6355
6197,6361
6205,6362
6204,6372
6224,6355
6215,6398
6209,6377
6203,6395
6203,6362
6209,6352
6197,6368
6212,6369
6204,6396
6190,6414
6208,6371
6216,6378
6215,6373
6198,6353
6202,6372
6212,6348
6210,6376
6201,6361
6203,6368
6205,6375
6208,6363
6207,6360
6198,6363
6209,6363
6221,6362
6224,6377
6201,6361
6218,6347
6211,6334
6214,6345
6228,6359
6204,6377
6218,6358
6228,6339
6201,6353
6212,6344
6206,6382
6211,6364
6215,6352
6212,6385
6211,6373
6211,6368
6227,6384
6199,6354
6212,6376
6207,6345
6202,6345
6220,6363
6202,6367
6214,6351
6211,6338
6213,6383
6203,6388
6206,6365
6208,6360
6216,6352
6212,6338
6217,6343
6206,6371
6205,6352
6199,6371
6206,6361
6204,6382
6215,6373
6226,6355
6213,6351
6214,6325
6187,6346
6205,6335
6198,6343
6204,6331
6212,6366
6217,6351
6231,6351
6214,6350
6219,6324
6216,6364
6216,6356
6213,6373
6225,6380
6225,6377
6236,6352
6228,6356
6211,6349
6219,6345
6225,6342
6219,6331
6317,6372
6130,6228
6297,6421
6081,6262
6248,6322
6150,6229
6206,6333
6231,6340
6209,6330
6219,6334
6214,6326
6226,6331
6216,6321
6223,6308
6225,6312
6222,6328
6207,6330
6228,6356
6224,6339
6225,6324
6237,6319
6234,6344
6225,6340
6223,6352
6221,6360
6226,6348
6227,6350
6244,6323
6244,6336
6257,6321
6246,6322
6251,6339
6251,6367
6254,6351
6259,6338
6260,6338
6281,6335
6302,6346
6307,6337
6310,6362
6315,6371
6322,6372
6330,6385
6369,6372
6389,6356
6406,6385
6446,6390
6464,6368
6500,6369
6525,6359
6554,6345
6579,6344
6581,6327
6635,6333
6615,6328
6662,6325
6681,6328
6696,6334
6763,6338
6830,6334
6883,6337
6995,6348
7128,6356
7329,6342
7438,6357
7562,6346
7583,6343
7552,6339
7454,6343
7380,6345
7269,6321
7230,6301
7200,6318
7210,6349
7280,6328
7288,6369
7263,6347
7239,6355
7184,6347
7077,6364
7005,6376
6887,6387
6800,6413
6738,6437
6746,6462
6713,6490
6704,6497
6721,6578
6779,6595
6867,6634
6923,6663
7012,6716
7133,6755
7209,6795
7302,6790
7422,6800
7556,6749
7712,6755
7907,6731
8026,6695
8282,6645
8405,6606
8599,6613
8772,6589
8908,6580
8918,6578
9020,6606
9048,6632
9059,6635
9016,6682
9000,6681
8863,6726
8778,6753
8646,6812
8476,6896
8272,6959
8102,7040
7873,7072
7668,7114
7471,7251
7323,7352
7232,7418
7148,7453
7080,7454
7001,7482
6965,7535
6941,7592
6979,7585
6992,7564
7092,7566
7148,7555
7281,7574
7430,7471
7604,7415
7819,7325
8123,7307
8347,7232
8636,7124
8962,7114
9300,7029
9626,6947
9978,6858
10277,6758
10491,6726
10773,6690
10812,6686
10856,6667
10771,6706
10830,6736
10811,6774
10882,6823
10617,6930
10395,7046
10126,7154
9894,7304
9574,7453
9281,7571
9011,7627
8743,7729
8392,7853
8120,7956
7888,8041
7751,8151
7552,8202
7368,8274
7219,8322
7078,8337
6971,8418
6894,8385
6848,8342
6827,8342
6898,8305
6969,8180
7059,8095
7213,7967
7347,7856
7444,7673
7602,7524
7802,7411
7961,7266
8120,7121
8318,6984
8479,6821
8730,6747
8881,6705
9083,6697
9298,6698
9632,6718
9609,6807
9690,6915
9846,7076
9851,7229
9924,7375
9902,7625
9826,7789
9571,7977
9287,8040
8954,8210
8682,8378
8438,8462
8093,8584
7866,8711
7608,8789
7425,8723
7187,8739
7075,8763
6948,8706
6849,8612
6811,8528
6786,8502
6833,8414
6875,8328
6939,8213
7037,8109
7148,7861
7260,7719
7368,7597
7469,7461
7683,7357
7857,7194
8015,7120
8146,6975
8310,6837
8461,6765
8589,6722
8696,6653
8866,6632
8889,6628
8962,6647
8999,6668
9030,6757
8991,6833
9000,6967
8887,7100
8826,7277
8828,7494
8740,7759
8644,8023
8581,8290
8371,8464
8099,8605
7916,8766
7709,8842
7513,8910
7309,8934
7155,9016
7030,9065
6922,9019
6815,8900
6738,8891
6682,8819
6623,8634
6583,8554
6597,8439
6605,8292
6642,8081
6735,7905
6822,7726
6963,7641
7128,7442
7294,7358
7480,7164
7687,7032
7848,6908
8019,6825
8200,6747
8344,6682
8588,6621
8861,6623
8943,6585
9048,6557
9049,6564
9067,6598
9121,6643
9077,6714
9066,6835
9019,6903
8912,7072
8854,7200
8654,7333
8581,7491
8398,7634
8217,7757
8064,7889
7891,8006
7774,8162
7644,8310
7493,8310
7317,8394
7136,8415
6990,8416
6896,8402
6754,8369
6732,8330
6640,8240
6623,8200
6665,8093
6649,7948
6667,7845
6691,7674
6779,7559
6868,7401
6968,7309
7104,7144
7276,7018
7417,6941
7592,6829
7726,6713
7936,6639
8093,6570
8214,6525
8325,6490
8518,6492
8489,6509
8533,6529
8525,6584
8559,6655
8546,6705
8550,6795
8578,6880
8511,6989
8398,7081
8287,7192
8136,7303
8040,7356
7945,7517
7712,7659
7601,7766
7463,7825
7289,7899
7161,7995
7035,8018
6912,8031
6783,8059
6689,8049
6604,8084
6543,8069
6538,8007
6513,7946
6563,7879
6616,7770
6713,7642
6806,7557
6922,7386
7086,7231
7192,7142
7372,7038
7521,6956
7703,6843
7826,6709
7938,6602
8124,6566
8136,6519
8236,6500
8308,6483
8356,6499
8429,6511
8381,6575
8337,6623
8347,6697
8218,6758
8085,6797
8101,6902
8019,7033
7969,7130
7908,7243
7854,7342
7715,7452
7583,7555
7517,7636
7431,7762
7325,7854
7159,7968
7068,8082
6937,8075
6798,8154
6718,8202
6623,8224
6559,8192
6540,8094
6532,7987
6588,7867
6647,7728
6729,7623
6823,7521
6954,7391
7095,7229
7219,7071
7388,6983
7533,6824
7723,6764
7871,6660
7923,6569
8074,6533
8152,6494
8164,6498
8249,6436
8280,6449
8310,6476
8302,6495
8267,6521
8302,6564
8166,6610
8088,6647
8041,6746
7911,6901
7879,6906
7741,7001
7661,7086
7533,7206
7442,7328
7356,7472
7290,7584
7283,7681
7191,7801
7104,7885
7005,7984
6952,8041
6855,8020
6808,7980
6736,8076
6665,8005
6637,7997
6615,7904
6662,7827
6688,7767
6756,7606
6816,7507
6927,7352
7129,7222
7321,7031
7487,6915
7683,6826
7890,6782
8066,6662
8245,6611
8356,6555
8559,6557
8647,6553
8701,6555
8757,6543
8814,6554
8778,6583
8699,6615
8682,6674
8652,6694
8597,6731
8488,6793
8385,6820
8336,6897
8215,6955
8007,7060
7908,7138
7731,7275
7560,7366
7470,7483
7302,7578
7220,7664
7105,7771
7020,7847
6915,7953
6851,7989
6803,8039
6726,8101
6687,8088
6643,8033
6632,8006
6676,7944
6708,7775
6777,7660
6882,7534
7020,7350
7170,7198
7306,7044
7453,6944
7718,6832
7882,6730
8051,6633
8201,6588
8351,6530
8524,6514
8581,6523
8680,6506
8639,6502
8703,6557
8674,6638
8667,6706
8706,6788
8592,6865
8601,6947
8450,7085
8204,7201
8023,7366
7909,7429
7785,7574
7743,7638
7638,7762
7501,7861
7437,7936
7339,8006
7220,8120
7173,8153
7104,8221
7015,8246
6953,8263
6869,8226
6794,8155
6731,8150
6707,8077
6732,7937
6754,7863
6759,7781
6866,7693
7005,7571
7166,7454
7345,7254
7516,7132
7846,6999
8117,6825
8363,6738
8599,6620
8792,6556
8976,6547
9001,6575
8976,6537
9072,6510
9013,6521
9064,6569
9127,6629
9164,6657
9100,6715
8867,6733
8880,6785
8679,6904
8460,6945
8325,7066
8373,7281
8152,7437
7860,7423
7721,7459
7394,7622
7272,7649
7308,7727
7154,7881
7075,8077
6967,8165
6896,8211
6898,8240
6836,8278
6762,8300
6705,8203
6714,8137
6759,8117
6864,8041
6894,7864
7035,7741
7117,7561
7278,7384
7401,7223
7557,7058
7731,6952
7910,6812
8100,6666
8271,6604
8406,6547
8560,6510
8657,6471
8676,6466
8807,6499
8849,6545
8906,6622
8888,6677
8787,6766
8784,6822
8771,6953
8700,7046
8538,7149
8430,7254
8277,7333
8107,7441
7962,7492
7803,7579
7627,7674
7477,7700
7269,7736
7149,7856
7006,7907
6894,7974
6767,7980
6706,7996
6623,7955
6599,7961
6618,7915
6616,7915
6658,7866
6709,7755
6791,7711
6871,7633
6986,7461
7112,7330
7226,7252
7371,7153
7564,7022
7774,6915
8006,6799
8173,6696
8393,6592
8634,6556
8846,6532
9005,6513
9158,6515
9222,6534
9344,6577
9447,6606
9515,6654
9526,6731
9473,6767
9374,6882
9289,7006
9098,7140
8925,7220
8725,7350
8627,7405
8337,7533
8137,7607
7913,7717
7622,7811
7384,7870
7232,7985
7064,7990
6923,8027
6870,8046
6794,8009
6730,7933
6725,7943
6714,7939
6768,7853
6854,7750
6917,7703
7049,7616
7175,7501
7339,7418
7519,7292
7728,7172
7910,6978
8092,6852
8276,6757
8429,6641
8581,6580
8680,6531
8714,6472
8833,6483
8971,6524
9042,6527
9000,6590
9015,6651
9088,6731
9077,6883
9111,7017
9014,7177
8876,7342
8733,7518
8563,7743
8515,7893
8444,8036
8343,8262
8119,8380
7958,8508
7750,8684
7586,8754
7439,8858
7340,8884
7182,8880
7068,8881
6958,8791
6863,8702
6840,8610
6853,8471
6887,8384
6961,8324
7047,8224
7203,8055
7338,7951
7596,7818
7837,7590
8084,7437
8406,7305
8654,7139
8970,7022
9267,6916
9572,6852
9828,6793
10058,6751
10057,6739
10074,6698
10035,6708
10142,6748
10177,6766
10177,6830
10131,6874
10102,6951
10044,7063
9979,7173
10000,7327
9932,7477
9673,7704
9527,7881
9297,7995
9169,8199
8987,8315
8732,8419
8527,8562
8292,8739
8016,8854
7778,8980
7577,8968
7379,8985
7184,8976
7024,8972
6954,8840
6901,8701
6911,8590
6957,8361
7102,8217
7321,8047
7468,7834
7758,7615
8049,7411
8255,7228
8579,7068
8949,6985
9192,6878
9443,6797
9735,6736
10011,6698
10330,6689
10622,6721
10884,6786
10923,6854
10880,6935
10828,7007
10967,7121
11153,7243
11187,7301
10890,7439
10746,7649
10396,7791
10116,8054
9875,8300
9565,8467
9151,8706
8821,8955
8562,9141
8269,9281
8080,9509
7840,9711
7602,9835
7429,9969
7235,9945
7117,9891
7023,9843
6965,9705
7011,9581
7069,9441
7236,9280
7437,9015
7672,8742
7887,8515
8187,8253
8581,8046
8914,7756
9257,7566
9616,7314
9986,7136
10227,6980
10514,6880
10726,6777
11115,6709
11261,6657
11465,6652
11677,6724
11803,6804
11756,6941
11643,7114
11666,7307
11796,7579
11698,7950
11462,8219
11126,8481
10957,8720
10685,8970
10374,9234
10047,9451
9677,9635
9304,9910
8938,10145
8648,10196
8295,10242
7942,10308
7647,10339
7437,10418
7250,10487
7066,10492
7002,10355
6991,10356
7107,9774
7206,9625
7318,9270
7527,9086
7809,8755
8106,8447
8415,8170
8726,7899
9041,7698
9458,7509
9843,7294
10146,7142
10426,6974
10854,6894
11189,6817
11330,6779
11460,6799
11393,6833
11431,6897
11390,7000
11297,7179
11265,7286
11014,7475
10575,7697
10096,7995
9882,8251
9332,8540
8986,8895
8510,9171
8067,9515
7908,9889
7613,10092
7195,10351
6813,10424
6513,10550
6330,10578
6278,10588
6200,10484
6190,10513
6179,10404
6162,10252
6167,10165
6164,9949
6149,9551
6145,9265
6148,9009
6139,8722
6138,8473
6140,8128
6135,7818
6126,7487
6135,7219
6118,7028
6119,6862
6128,6693
6112,6590
6129,6558
6111,6562
6107,6516
6120,6618
6122,6753
6115,6942
6121,7123
6120,7310
6115,7514
6123,7813
6113,8024
6114,8218
6115,8335
6111,8293
6118,8334
6103,8369
6129,8333
6104,8428
6118,8493
6112,8496
6108,8453
6111,8410
6124,8455
6121,8469
6115,8369
6123,8263
6119,8030
6113,7842
6110,7731
6113,7588
6110,7310
6116,6919
6110,6589
6112,6376
6114,6262
6114,6207
6097,6174
6108,6160
6099,6168
6104,6153
6112,6154
6107,6113
6107,6164
6110,6173
6113,6180
6108,6135
6105,6169
6098,6165
6106,6147
6105,6115
6106,6084
6097,6071
6108,6072
6111,6065
6098,6050
6108,6067
6110,6065
6117,6068
6102,6060
6111,6064
6110,6061
6096,6067
6106,6056
6113,6047
6104,6054
6109,6063
6103,6048
6107,6061
6110,6042
6103,6048
6102,6049
6109,6048
6113,6063
6108,6069
6102,6069
6105,6052
6114,6063
6101,6050
6106,6051
6111,6053
6110,6054
6106,6068
6112,6054
6111,6066
6109,6048
6116,6058
6120,6042
6111,6051
6112,6048
6110,6054
6111,6058
6106,6031
6111,6063
6111,6047
6116,6052
6116,6053
6112,6049
6115,6055
6111,6066
6114,6062
6121,6050
6105,6045
6110,6052
6092,6035
6105,6047
6117,6053
6106,6043
6108,6057
6113,6059
6115,6039
6110,6044
6106,6050
6114,6045
6118,6054
6109,6053
6114,6055
6114,6034
6106,6054
6104,6062
6105,6056
6113,6048
6113,6060
6111,6054
6118,6055
6111,6050
6108,6045
6115,6047
6105,6049
6109,6057
6105,6050
6113,6057
6111,6038
6107,6048
6113,6039
6113,6046
6112,6046
6103,6046
6097,6035
6099,6058
6111,6059
6105,6057
6103,6047
6105,6055
6100,6055
6112,6055
6103,6049
6111,6047
6111,6051
6109,6047
6116,6054
6112,6043
6102,6058
6105,6061
6102,6060
6112,6057
6116,6042
6109,6037
6107,6047
6110,6041
6090,6083
6105,6056
6106,6048
6104,6048
6106,6052
6102,6051
6108,6060
6115,6053
6108,6039
6113,6055
6100,6054
6118,6055
6106,6050
6104,6045
6105,6048
6099,6036
6108,6059
6104,6049
6106,6048
6106,6052
6108,6045
6111,6052
6120,6045
6109,6057
6107,6050
6102,6047
6104,6051
6109,6050
6105,6056
6108,6057
6102,6051
6102,6047
6110,6051
6116,6053
6104,6043
6110,6048
6115,6046
6107,6042
6101,6047
6108,6057
6102,6051
6108,6057
6092,6045
6110,6046
6099,6031
6112,6053
6101,6061
6105,6054
6108,6058
6114,6040
6289,6180
6098,6037
5961,5976
6106,6068
6133,6270
5985,5936
6056,5998
6030,6060
6111,6064
6107,6048
6117,6060
6114,6051
6100,6038
6104,6044
6097,6035
6106,6047
6097,6050
6106,6058
6114,6040
6115,6048
6099,6042
6107,6057
6103,6046
6102,6048
6115,6047
6110,6049
6104,6053
6098,6040
6101,6032
6099,6043
6106,6048
6100,6052
6093,6045
6098,6063
6094,6082
6103,6064
6097,6036
6095,6056
6103,6035
6095,6054
6100,6037
6112,6043
6106,6048
6099,6039
6108,6042
6100,6050
6101,6047
6101,6052
6106,6045
6104,6049
6097,6037
6096,6041
6093,6053
6093,6049
6108,6056
6096,6059
6093,6040
6110,6048
6098,6048
6100,6053
6100,6061
6099,6034
6105,6041
6111,6034
6110,6047
6102,6056
6101,6033
6101,6059
6107,6052
6102,6041
6102,6046
6103,6038
6103,6052
6113,6043
6118,6073
6107,6046
6112,6041
6105,6047
6103,6057
6101,6048
6114,6041
6107,6064
6107,6047
6106,6052
6102,6052
6103,6052
6104,6053
6112,6036
6109,6059
6109,6046
6099,6048
6103,6063
6104,6038
6106,6060
6113,6050
6107,6049
6108,6050
6106,6046
6112,6037
6106,6051
6101,6055
6106,6060
6099,6042
6112,6050
6111,6053
6114,6054
6116,6044
6108,6054
6106,6042
6120,6059
6105,6034
6114,6057
6109,6060
6107,6055
6104,6045
6114,6058
6124,6052
6095,6060
6101,6058
6112,6046
6104,6057
6106,6038
6106,6042
6102,6058
6110,6049
6112,6051
6115,6047
6107,6057
6104,6059
6107,6063
6113,6048
6108,6040
6095,6059
6098,6037
6113,6058
6108,6051
6094,6049
6110,6058
6110,6054
6107,6050
6097,6050
6101,6046
6106,6049
6105,6046
6098,6048
6106,6036
6108,6049
6106,6050
6107,6053
6096,6062
6108,6050
6094,6061
6098,6029
6099,6036
6093,6044
6108,6062
6107,6061
6092,6060
6101,6057
6116,6056
6111,6040
6110,6049
6101,6041
6110,6056
6107,6055
6105,6041
6103,6057
6104,6048
6100,6043
6105,6046
6109,6042
6098,6057
6105,6041
6108,6054
6110,6050
6101,6044
6109,6050
6119,6048
6107,6051
6113,6068
6101,6044
6106,6051
6102,6051
6112,6048
6109,6056
6120,6063
6112,6052
6110,6057
6109,6051
6112,6041
6116,6057
6103,6062
6106,6058
6116,6049
6112,6057
6115,6055
6110,6050
6123,6063
6112,6063
6116,6038
6124,6039
6119,6047
6113,6042
6126,6066
6118,6050
6118,6055
6114,6053
6108,6043
6113,6052
6116,6053
6121,6050
6119,6050
6106,6057
6114,6050
6112,6037
6113,6055
6114,6052
6111,6050
6108,6062
6105,6051
6114,6061
6103,6043
6113,6050
6115,6046
6107,6051
6110,6050
6107,6044
6113,6050
6115,6056
6113,6053
6107,6061
6117,6045
6098,6049
6113,6047
6126,6056
6116,6044
6107,6055
6112,6048
6107,6065
6116,6042
6107,6056
6118,6041
6111,6048
6108,6050
6112,6065
6096,6051
6107,6061
6108,6051
6103,6045
6116,6055
6109,6037
6115,6047
6109,6047
6112,6049
6117,6043
6124,6052
6110,6041
6112,6046
6106,6041
6111,6051
6117,6037
6102,6047
6114,6035
6123,6052
6098,6048
6113,6042
6105,6056
6106,6050
6114,6050
6087,5998
6022,6063
6132,6057
6127,6062
6087,6037
6112,6057
6095,6036
6113,6042
6106,6035
6117,6049
6113,6038
6112,6047
6107,6064
6106,6040
6116,6053
6121,6049
6121,6050
6114,6050
6110,6055
6121,6057
6116,6060
6118,6054
6125,6049
6106,6027
6117,6060
6119,6061
6108,6055
6108,6052
6111,6053
6119,6040
6118,6063
6113,6050
6118,6060
6118,6058
6121,6051
6110,6059
6115,6051
6116,6058
6120,6062
6118,6060
6108,6060
6123,6064
6127,6051
6116,6060
6108,6060
6119,6046
6117,6060
6112,6048
6121,6046
6113,6048
6113,6048
6119,6053
6116,6047
6113,6057
6119,6053
6119,6061
6118,6047
6107,6049
6118,6041
6118,6054
6115,6050
6118,6049
6111,6062
6121,6053
6108,6064
6120,6053
6113,6058
6127,6057
6119,6058
6118,6058
6120,6062
6125,6048
6125,6048
6108,6053
6117,6061
6124,6049
6116,6038
6120,6058
6119,6054
6115,6061
6120,6040
6120,6055
6120,6055
6119,6049
6117,6071
6114,6047
6119,6054
6115,6041
6108,6039
6117,6055
6121,6048
6112,6046
6116,6054
6113,6057
6113,6057
6109,6056
6119,6054
6121,6045
6114,6062
6112,6055
6109,6056
6115,6053
6118,6056
6119,6059
6110,6069
6117,6050
6113,6055
6121,6057
6120,6053
6117,6047
6111,6061
6115,6064
6109,6055
6119,6046
6116,6053
6119,6053
6119,6053
6111,6056
6114,6053
6114,6057
6112,6037
6113,6060
6120,6063
6119,6057
6116,6045
6115,6055
6119,6062
6113,6061
6115,6056
6125,6049
6117,6049
0,22
0,61680
0,0
6117,6048
5605,5573
5599,5577
5605,5574
5604,5579
5606,5579
5603,5582
5606,5581
5596,5563
5815,5739
6308,6283
6271,6283
6265,6305
6275,6306
6273,6270
6280,6285
6293,6259
6347,6351
6323,6316
6277,6632
6347,6318
6338,6362
6276,6324
6245,6282
6293,6302
6299,6294
6293,6312
6287,6308
6293,6293
6317,6289
6304,6285
6281,6298
6280,6278
6295,6318
6305,6298
6308,6319
6291,6316
6286,6329
6285,6303
6288,6332
6282,6303
6274,6304
6276,6284
6267,6289
6280,6294
6281,6286
6283,6300
6272,6308
6278,6307
6267,6292
6275,6282
6291,6298
6282,6307
6282,6299
6299,6303
6284,6305
6295,6304
6279,6293
6304,6282
6286,6288
6301,6280
6300,6311
6302,6342
6290,6340
6284,6328
6290,6343
6303,6316
6303,6316
6303,6328
6303,6334
6292,6329
6316,6294
6284,6288
6290,6295
6290,6303
6308,6310
6306,6317
6271,6311
6290,6302
6283,6281
6290,6271
6280,6298
6279,6296
6290,6302
6279,6303
6288,6305
6306,6313
6301,6297
6276,6284
6267,6308
6272,6301
6272,6303
6284,6327
6295,6321
6293,6319
6291,6320
6308,6327
6277,6322
6257,6308
6267,6330
6259,6290
6269,6297
6263,6294
6272,6316
6272,6316
6268,6325
6243,6331
6272,6304
6273,6299
6274,6320
6265,6296
6268,6304
6258,6297
6269,6323
6269,6341
6261,6316
6284,6337
6290,6350
6281,6351
6281,6361
6289,6322
6306,6280
6309,6302
6286,6310
6282,6316
6291,6288
6288,6324
6288,6330
6281,6321
6276,6327
6275,6322
6280,6322
6289,6329
6298,6319
6272,6340
6281,6350
6270,6327
6263,6294
6271,6298
6279,6317
6292,6338
6264,6311
6267,6320
6282,6299
6273,6304
6282,6324
6292,6324
6288,6311
6267,6318
6273,6318
6279,6324
6261,6310
6258,6300
6265,6312
6260,6351
6283,6314
6291,6349
6275,6323
6276,6314
6276,6321
6264,6307
6260,6296
6266,6328
6265,6345
6268,6346
6268,6324
6279,6340
6265,6338
6270,6358
6283,6377
6279,6347
6265,6337
6261,6342
6250,6339
6253,6350
6258,6330
6273,6350
6272,6329
6258,6329
6290,6315
6281,6289
6281,6314
6284,6313
6275,6343
6281,6327
6289,6338
6284,6352
6266,6332
6256,6314
6261,6338
6280,6324
6267,6339
6278,6325
6281,6315
6298,6336
6299,6319
6270,6339
6276,6338
6290,6313
6281,6304
6252,6313
6271,6334
6270,6336
6277,6335
6257,6352
6278,6364
6281,6356
6262,6346
6258,6352
6265,6342
6252,6351
6248,6330
6264,6327
6245,6348
6268,6343
6263,6333
6268,6348
6256,6339
6259,6327
6265,6330
6252,6327
6251,6327
6253,6337
6241,6340
6234,6346
6241,6351
6248,6363
6247,6351
6252,6337
6258,6333
6252,6368
6247,6349
6244,6355
6247,6334
6244,6360
6242,6345
6230,6334
6247,6341
6250,6315
6244,6337
6235,6364
6244,6347
6254,6369
6240,6381
6233,6377
6238,6387
6240,6401
6261,6384
6237,6391
6238,6360
6250,6396
6238,6345
6250,6340
6244,6350
6222,6331
6253,6337
6249,6358
6222,6374
6228,6372
6247,6356
6254,6388
6245,6367
6235,6363
6262,6348
6236,6345
6232,6325
6238,6334
6233,6340
6225,6322
6239,6330
6236,6320
6243,6325
6235,6333
6232,6339
6229,6330
6230,6342
6225,6349
6252,6340
6239,6358
6222,6385
6228,6366
6221,6356
6246,6398
6253,6364
6239,6377
6240,6371
5856,6029
6206,6364
6303,6290
6255,6359
6155,6294
6200,6349
6231,6414
6200,6332
6259,6320
6218,6342
6230,6363
6230,6352
6229,6340
6220,6360
6234,6350
6240,6360
6243,6347
6229,6347
6217,6345
6222,6334
6228,6369
6232,6378
6224,6383
6224,6364
6228,6381
6224,6357
6221,6360
6211,6347
6230,6378
6229,6385
6228,6405
6218,6395
6225,6387
6225,6381
6224,6372
6221,6372
6223,6378
6224,6373
6230,6361
6221,6370
6209,6377
6229,6393
6222,6388
6229,6401
6216,6400
6225,6400
6221,6368
6231,6368
6228,6380
6212,6377
6232,6382
6213,6359
6232,6359
6228,6351
6228,6356
6230,6345
6216,6366
6217,6380
6214,6383
6213,6381
6223,6389
6215,6381
6217,6389
6222,6366
6220,6339
6218,6363
6208,6374
6215,6355
6221,6370
6215,6359
6218,6396
6211,6390
6227,6379
6233,6406
6222,6416
6217,6388
6217,6397
6223,6398
6211,6363
6209,6379
6221,6385
6215,6373
6204,6381
6218,6383
6207,6388
6216,6395
6218,6375
6196,6374
6218,6386
6212,6395
6216,6397
6208,6403
6231,6376
6226,6386
6226,6375
6212,6398
6213,6379
6215,6390
6200,6386
6207,6402
6212,6394
6213,6418
6197,6398
6218,6410
6208,6395
6202,6408
6214,6399
6216,6397
6216,6350
6205,6378
6211,6387
6208,6376
6220,6387
6214,6379
6205,6392
6202,6383
6214,6376
6211,6374
6200,6385
6203,6376
6204,6383
6218,6384
6208,6369
6217,6359
6207,6346
6214,6357
6203,6371
6209,6354
6212,6369
6202,6369
6197,6374
6202,6361
6204,6363
6194,6368
6211,6368
6197,6367
6203,6338
6203,6348
6207,6339
6209,6368
6208,6361
6200,6374
6200,6380
6207,6390
6205,6374
6196,6391
6219,6373
6216,6353
6212,6366
6217,6370
6208,6385
6202,6395
6200,6386
6208,6403
6198,6376
6197,6354
6204,6369
6184,6367
6203,6394
6206,6407
6206,6386
6215,6383
6199,6367
6211,6363
6211,6376
6210,6381
6201,6372
6199,6395
6210,6373
6193,6362
6185,6360
6194,6377
6202,6401
6207,6388
6211,6391
6215,6360
6182,6343
6200,6378
6195,6362
6209,6349
6203,6358
6195,6357
6204,6376
6208,6357
6208,6357
6205,6399
6201,6385
6205,6362
6213,6371
6196,6369
6205,6403
6199,6387
6202,6391
6197,6365
6201,6367
6192,6395
6200,6355
6202,6368
6199,6373
6204,6374
6198,6371
6198,6328
6203,6384
6210,6368
6209,6369
6223,6357
6202,6390
6213,6379
6209,6388
6207,6340
6210,6344
6209,6374
6203,6357
6203,6392
6202,6420
6211,6364
6214,6367
6213,6382
6204,6361
6223,6386
6206,6356
6204,6382
6194,6374
6195,6346
6220,6378
6210,6366
6209,6345
6215,6355
6199,6354
6207,6376
6217,6382
6195,6382
6220,6343
6205,6356
6219,6351
6217,6369
6207,6384
6210,6368
6220,6342
6219,6370
6192,6355
6213,6370
6217,6380
6207,6345
6215,6373
6207,6385
6212,6386
6225,6384
6205,6364
6213,6359
6202,6358
6204,6332
6212,6354
6206,6358
6210,6360
6204,6363
6213,6388
6207,6388
6209,6365
6214,6363
6214,6351
6220,6353
6214,6350
6196,6367
6209,6382
6209,6358
6217,6376
6110,6287
6153,6317
6173,6325
6216,6342
6261,6393
6151,6296
6156,6292
6211,6341
6233,6364
6207,6334
6223,6365
6222,6353
6216,6365
6212,6338
6206,6338
6210,6344
6214,6384
6217,6375
6217,6373
6235,6345
6222,6366
6218,6350
6226,6340
6227,6349
6213,6334
6218,6301
6225,6324
6218,6344
6217,6332
6226,6324
6211,6335
6209,6337
6215,6336
6204,6330
6202,6337
6217,6327
6225,6311
6212,6321
6218,6321
6231,6326
6231,6307
6228,6282
6230,6365
6224,6348
6226,6331
6227,6342
6227,6332
6230,6321
6218,6363
6231,6343
6220,6338
6217,6350
6225,6325
6249,6329
6252,6319
6245,6332
6249,6362
6253,6348
6255,6352
6253,6342
6265,6313
6277,6326
6308,6324
6299,6352
6306,6348
6311,6371
6317,6375
6333,6369
6357,6372
6388,6381
6403,6360
6411,6379
6461,6385
6488,6369
6520,6348
6563,6350
6578,6334
6579,6334
6617,6330
6632,6321
6655,6342
6699,6350
6701,6357
6754,6345
6850,6313
6909,6344
6999,6360
7152,6368
7308,6345
7463,6347
7556,6341
7587,6347
7576,6347
7463,6359
7377,6331
7290,6325
7234,6312
7209,6319
7222,6351
7278,6331
7277,6342
7302,6323
7255,6351
7225,6349
7086,6353
7000,6376
6886,6387
6800,6406
6746,6422
6724,6463
6696,6481
6719,6497
6712,6531
6782,6551
6849,6633
6935,6667
7008,6700
7130,6758
7203,6798
7265,6828
7400,6811
7556,6773
7737,6755
7930,6729
8069,6668
8237,6641
8474,6603
8641,6593
8757,6574
8867,6573
8900,6603
8976,6605
9047,6640
9048,6631
9008,6675
8967,6679
8916,6704
8791,6737
8642,6809
8450,6899
8250,6956
8086,7030
7900,7069
7706,7130
7482,7227
7334,7339
7202,7398
7167,7432
7059,7465
6986,7479
6962,7491
6951,7579
6990,7598
6997,7531
7078,7547
7142,7536
7263,7569
7424,7486
7554,7392
7845,7330
8086,7281
8343,7224
8603,7137
8942,7087
9298,7030
9659,6947
9943,6828
10227,6736
10525,6683
10714,6685
10859,6685
10852,6665
10796,6675
10762,6709
10857,6773
10825,6822
10628,6934
10398,7033
10100,7134
9882,7307
9568,7446
9275,7606
8967,7624
8751,7723
8421,7865
8132,7969
7910,8067
7736,8157
7530,8245
7386,8235
7250,8274
7083,8328
6970,8381
6885,8420
6869,8354
6835,8323
6893,8263
6955,8166
7073,8085
7181,7938
7360,7817
7450,7667
7602,7539
7793,7365
7961,7271
8137,7126
8337,6984
8520,6849
8733,6769
8919,6696
9099,6703
9344,6712
9629,6724
9636,6804
9707,6923
9801,7051
9861,7226
9950,7417
9912,7634
9776,7811
9588,7920
9254,8053
8926,8231
8730,8368
8441,8456
8084,8577
7885,8761
7633,8766
7373,8704
7226,8706
7039,8704
6946,8706
6878,8577
6803,8533
6784,8481
6811,8414
6859,8334
6937,8216
7035,8097
7128,7905
7268,7712
7349,7601
7482,7430
7678,7312
7858,7181
8008,7077
8129,6975
8344,6867
8499,6783
8591,6732
8748,6669
8832,6661
8904,6605
8975,6644
9008,6680
8998,6746
9028,6837
9005,6968
8919,7119
8800,7297
8787,7507
8764,7729
8697,8030
8613,8273
8323,8415
8121,8607
7919,8767
7714,8838
7456,8831
7380,8960
7385,9230
7061,9149
6833,8961
6901,9007
6908,9063
6702,8847
6634,8675
6611,8582
6614,8466
6611,8250
6657,8074
6717,7926
6806,7731
6935,7595
7118,7453
7313,7324
7499,7161
7701,7028
7865,6881
8052,6833
8167,6774
8368,6655
8621,6619
8821,6587
8912,6567
9014,6548
9015,6561
9013,6613
9097,6658
9046,6713
9078,6816
8953,6917
8900,7044
8779,7185
8620,7282
8534,7480
8358,7611
8227,7761
8067,7904
7942,8071
7768,8185
7627,8315
7465,8310
7312,8374
7164,8387
6993,8425
6871,8427
6758,8427
6703,8327
6639,8284
6630,8168
6637,8118
6649,7945
6651,7803
6700,7662
6762,7534
6857,7397
6969,7305
7095,7138
7250,7059
7411,6932
7573,6822
7727,6727
7935,6634
8086,6552
8226,6522
8380,6492
8459,6482
8475,6501
8523,6546
8530,6576
8577,6626
8566,6696
8493,6816
8566,6862
8481,6966
8402,7081
8291,7193
8135,7277
8017,7361
7953,7519
7736,7673
7610,7764
7436,7839
7259,7911
7162,7933
7047,7997
6882,8010
6757,8015
6692,8026
6621,8068
6544,8047
6524,7969
6528,7945
6564,7871
6633,7768
6719,7651
6800,7533
6959,7411
7088,7261
7233,7169
7378,7037
7533,6965
7676,6836
7799,6728
7955,6615
8109,6548
8133,6500
8231,6511
8307,6470
8376,6498
8415,6512
8391,6548
8352,6610
8311,6682
8198,6736
8135,6853
8106,6920
8008,7018
7980,7114
7900,7226
7822,7362
7733,7457
7599,7560
7519,7661
7422,7787
7304,7874
7204,7990
7068,8077
6961,8082
6827,8125
6706,8206
6627,8228
6548,8213
6539,8099
6563,8009
6583,7854
6650,7757
6727,7672
6814,7511
6967,7374
7108,7205
7227,7081
7385,6952
7546,6833
7752,6720
7875,6663
7942,6572
8049,6536
8165,6499
8200,6440
8254,6428
8310,6462
8315,6470
8312,6520
8254,6498
8281,6556
8171,6591
8081,6656
8023,6743
7919,6834
7863,6901
7759,7004
7661,7093
7539,7255
7456,7316
7341,7482
7320,7565
7277,7689
7201,7799
7088,7892
7021,8032
6917,8048
6862,8008
6793,8018
6720,8031
6663,7990
6629,7993
6619,7894
6652,7820
6711,7729
6746,7603
6822,7435
6943,7374
7119,7230
7306,7041
7541,6919
7678,6854
7899,6749
8095,6671
8204,6621
8310,6561
8537,6538
8689,6535
8723,6554
8768,6538
8844,6560
8772,6588
8732,6617
8714,6679
8612,6695
8622,6732
8528,6778
8356,6839
8303,6901
8172,6987
8001,7087
7876,7169
7761,7251
7563,7347
7453,7482
7325,7531
7214,7675
7106,7750
7011,7879
6911,7945
6854,7978
6797,8011
6719,8097
6683,8044
6648,8077
6645,8028
6657,7901
6694,7782
6763,7666
6880,7525
7013,7328
7176,7225
7316,7043
7463,6917
7674,6857
7896,6743
8070,6620
8213,6559
8379,6536
8528,6534
8553,6518
8640,6502
8668,6504
8685,6562
8681,6644
8637,6710
8633,6798
8606,6855
8546,6976
8435,7069
8216,7218
8023,7344
7918,7446
7812,7560
7757,7634
7691,7784
7544,7859
7417,7918
7311,8008
7209,8112
7164,8131
7101,8222
6983,8224
6943,8269
6858,8203
6781,8218
6725,8179
6706,8058
6730,7977
6745,7871
6847,7853
6891,7722
7045,7603
7226,7472
7245,7232
7568,7178
7831,6993
8038,6811
8343,6714
8612,6639
8832,6566
8946,6560
8986,6575
8919,6525
9041,6508
9018,6536
9051,6569
9161,6612
9154,6665
9057,6696
8822,6752
8829,6805
8674,6903
8460,6981
8350,7077
8126,7136
7890,7271
7775,7360
7706,7476
7475,7563
7297,7658
7298,7744
7193,7886
7077,8140
6979,8165
6905,8182
6920,8228
6834,8292
6746,8301
6721,8210
6732,8096
6779,8053
6868,8000
6912,7852
7032,7707
7115,7549
7272,7375
7394,7236
7560,7067
7725,6931
7915,6826
8088,6699
8271,6624
8459,6567
8558,6495
8668,6474
8696,6466
8789,6517
8854,6528
8921,6611
8890,6671
8798,6746
8773,6848
8783,6946
8694,7038
8547,7134
8440,7238
8255,7345
8101,7424
7973,7484
7850,7612
7641,7645
7482,7687
7292,7743
7172,7853
7003,7920
6882,7944
6785,7976
6699,7953
6627,7973
6599,7972
6616,7953
6619,7895
6662,7850
6726,7791
6800,7724
6848,7619
6968,7492
7095,7367
7250,7242
7372,7137
7577,7012
7794,6917
7999,6780
8157,6678
8374,6588
8666,6559
8858,6535
8948,6531
9130,6512
9201,6524
9371,6557
9495,6632
9532,6634
9571,6729
9471,6767
9388,6871
9235,6991
9122,7082
8920,7211
8748,7330
8624,7386
8367,7511
8144,7583
7898,7695
7634,7809
7426,7927
7241,7990
7063,7977
6930,8074
6852,8066
6788,8012
6734,7920
6703,7917
6715,7928
6740,7876
6849,7803
6916,7708
7054,7655
7187,7528
7348,7445
7532,7344
7709,7167
7910,6998
8126,6847
8329,6760
8449,6664
8569,6577
8668,6513
8743,6501
8826,6500
9013,6500
9023,6534
8987,6575
9032,6638
9108,6756
9110,6873
9049,7019
9005,7183
8846,7336
8749,7543
8551,7736
8484,7862
8435,8035
8306,8258
8097,8386
7996,8538
7787,8683
7570,8741
7454,8871
7354,8911
7187,8872
7063,8840
6965,8759
6858,8714
6821,8633
6851,8484
6901,8383
6940,8269
7021,8215
7164,8111
7374,7936
7600,7789
7847,7612
8108,7424
8401,7265
8677,7132
8974,7029
9277,6926
9586,6858
9859,6771
10014,6746
10047,6712
10081,6691
10022,6717
10133,6737
10192,6786
10197,6839
10111,6867
10138,6946
10044,7054
9956,7188
10032,7361
9926,7473
9768,7666
9517,7878
9319,7999
9169,8205
8996,8291
8712,8441
8495,8558
8262,8671
8014,8862
7758,8997
7603,8930
7375,8958
7172,8998
7041,8959
6936,8807
6905,8746
6911,8607
6985,8374
7119,8221
7295,8048
7457,7819
7768,7628
8048,7386
8272,7204
8590,7076
8986,7006
9195,6871
9464,6800
9706,6750
9969,6707
10302,6713
10704,6756
10901,6789
10956,6863
10869,6928
10812,7018
10953,7116
11128,7262
11145,7288
10951,7435
10710,7631
10447,7812
10125,8071
9872,8286
9530,8511
9087,8721
8741,8946
8525,9118
8264,9316
8064,9494
7889,9682
7626,9833
7406,9914
7213,9929
7094,9903
7015,9847
6991,9694
7014,9596
7091,9442
7213,9256
7437,9042
7685,8802
7909,8467
8166,8228
8535,8044
8908,7774
9244,7553
9612,7308
10002,7147
10221,6985
10462,6862
10659,6768
11104,6724
11322,6664
11438,6612
11719,6718
11812,6778
11615,6853
11583,7102
11730,7317
11768,7603
11662,7858
11391,8163
11172,8478
10924,8767
10632,9000
10368,9202
10049,9465
9660,9665
9253,9878
8946,10129
8606,10252
8311,10237
7940,10320
7652,10348
7450,10449
7236,10461
7122,10517
7025,10386
6998,10159
7103,9736
7179,9590
7344,9302
7548,9106
7781,8785
8103,8465
8432,8142
8671,7850
9090,7703
9451,7509
9841,7317
10112,7111
10392,6981
10837,6878
11186,6831
11335,6795
11490,6807
11456,6837
11420,6907
11412,7022
11304,7178
11279,7327
11006,7514
10580,7693
10082,7975
9860,8242
9289,8557
8963,8871
8503,9179
8076,9556
7898,9850
7631,10110
7188,10347
6792,10382
6510,10543
6327,10526
6260,10606
6202,10496
6190,10534
6175,10409
6170,10299
6170,10158
6161,9935
6159,9536
6143,9241
6141,9036
6139,8720
6140,8449
6138,8137
6140,7772
6142,7501
6133,7242
6118,7042
6120,6854
6131,6696
6123,6587
6127,6552
6119,6537
6116,6523
6120,6621
6128,6767
6121,6954
6118,7137
6114,7346
6119,7539
6124,7813
6114,8033
6109,8193
6108,8336
6110,8293
6113,8370
6107,8355
6118,8398
6111,8408
6118,8488
6119,8477
6113,8447
6116,8433
6126,8449
6120,8462
6112,8365
6121,8234
6117,8031
6117,7872
6103,7753
6112,7613
6113,7332
6112,6917
6116,6577
6109,6382
6112,6279
6119,6201
6104,6164
6103,6162
6105,6158
6106,6156
6112,6173
6100,6143
6108,6160
6113,6165
6112,6163
6108,6159
6108,6157
6106,6159
6104,6153
6097,6113
6106,6092
6102,6074
6110,6067
6116,6064
6105,6060
6109,6071
6114,6058
6109,6056
6112,6068
6108,6056
6113,6049
6112,6051
6113,6051
6111,6061
6110,6047
6107,6054
6112,6058
6106,6057
6110,6045
6101,6063
6114,6053
6116,6055
6109,6064
6112,6052
6099,6058
6102,6050
6113,6048
6107,6055
6114,6061
6110,6064
6120,6057
6113,6053
6113,6051
6117,6054
6110,6052
6118,6060
6121,6053
6111,6042
6103,6056
6111,6050
6120,6049
6127,6044
6113,6058
6106,6052
6124,6060
6111,6057
6110,6057
6117,6051
6112,6050
6117,6053
6122,6047
6107,6047
6101,6053
6107,6048
6099,6052
6109,6050
6097,6047
6116,6038
6114,6053
6114,6047
6115,6052
6105,6044
6106,6049
6119,6053
6111,6052
6118,6049
6113,6034
6111,6051
6112,6053
6108,6039
6111,6048
6110,6054
6108,6052
6118,6046
6109,6054
6109,6021
6117,6053
6108,6046
6103,6050
6111,6051
6110,6051
6111,6043
6113,6048
6120,6034
6106,6048
6112,6054
6112,6051
6105,6043
6105,6060
6115,6048
6115,6046
6105,6052
6107,6053
6106,6049
6108,6055
6103,6051
6108,6035
6109,6048
6105,6051
6113,6066
6117,6048
6107,6056
6103,6056
6102,6054
6106,6014
6116,6051
6113,6041
6097,6057
6105,6051
6099,6041
6109,6037
6106,6049
6110,6057
6108,6046
6103,6057
6114,6062
6113,6052
6107,6038
6112,6044
6107,6042
6111,6054
6110,6050
6099,6050
6099,6060
6104,6056
6103,6055
6110,6049
6110,6043
6098,6056
6102,6050
6113,6040
6122,6053
6106,6055
6103,6065
6139,6076
6107,6051
6099,6058
6140,6051
6129,6084
6134,6082
6124,6068
6088,6045
6103,6049
6103,6034
6114,6050
6107,6061
6104,6049
6096,6047
6098,6041
6100,6043
6105,6037
6111,6055
6102,6053
6097,6051
6112,6052
6098,6053
6108,6052
6112,6058
6115,6055
6108,6041
6100,6045
6112,6041
6109,6060
6107,6048
6109,6046
6103,6040
6105,6042
6107,6036
6103,6041
6112,6053
6097,6046
6103,6047
6105,6056
6099,6038
6097,6051
6097,6045
6113,6042
6114,6039
6100,6055
6111,6044
6111,6054
6095,6049
6104,6035
6106,6046
6107,6047
6098,6056
6102,6051
6099,6047
6097,6062
6112,6047
6107,6054
6102,6042
6097,6056
6111,6049
6101,6048
6097,6054
6104,6051
6099,6051
6105,6057
6099,6048
6100,6046
6109,6046
6098,6047
6105,6060
6097,6040
6101,6036
6101,6049
6104,6053
6112,6051
6096,6042
6104,6054
6096,6050
6096,6051
6112,6046
6102,6054
6099,6056
6099,6038
6099,6055
6103,6057
6108,6042
6106,6048
6115,6045
6103,6047
6110,6052
6106,6052
6097,6050
6115,6052
6104,6050
6097,6043
6104,6067
6104,6040
6107,6053
6116,6038
6108,6053
6104,6053
6106,6038
6110,6047
6097,6043
6100,6054
6108,6058
6105,6049
6113,6052
6100,6056
6105,6057
6113,6051
6108,6046
6111,6057
6111,6060
6106,6053
6111,6047
6113,6047
6107,6049
6109,6048
6109,6062
6106,6038
6104,6047
6102,6054
6113,6055
6110,6054
6104,6053
6110,6071
6111,6053
6109,6070
6110,6058
6112,6060
6115,6056
6106,6043
6112,6071
6114,6051
6108,6053
6116,6058
6113,6065
6108,6058
6111,6053
6114,6051
6114,6055
6110,6055
6108,6056
6113,6040
6102,6041
6114,6047
6117,6048
6106,6055
6102,6037
6115,6057
6117,6053
6111,6054
6108,6065
6110,6058
6098,6045
6106,6046
6097,6056
6112,6054
6110,6054
6111,6058
6096,6048
6111,6054
6115,6053
6104,6056
6103,6019
6112,6046
6108,6042
6108,6042
6097,6054
6104,6051
6112,6047
6107,6044
6112,6054
6099,6066
6106,6061
6101,6056
6100,6053
6100,6038
6104,6054
6103,6042
6115,6044
6098,6054
6101,6044
6102,6045
6107,6049
6110,6045
6103,6042
6115,6049
6107,6054
6106,6054
6107,6057
6100,6051
6104,6040
6099,6047
6100,6047
6102,6060
6103,6043
6101,6055
6105,6054
6106,6046
6108,6055
6112,6061
6106,6061
6114,6059
6099,6055
6108,6051
6103,6055
6111,6054
6115,6050
6114,6055
6109,6047
6114,6051
6112,6046
6116,6057
6112,6052
6110,6054
6103,6062
6114,6056
6108,6040
6110,6045
6115,6047
6110,6060
6117,6039
6123,6043
6118,6047
6111,6045
6122,6049
6125,6061
6110,6057
6118,6062
6111,6063
6111,6055
6111,6031
6118,6049
6118,6042
6114,6057
6111,6058
6118,6052
6102,6038
6108,6060
6110,6045
6115,6052
6112,6058
6106,6043
6110,6062
6114,6045
6111,6050
6111,6052
6104,6042
6112,6050
6100,6048
6118,6032
6111,6049
6113,6056
6107,6052
6117,6040
6107,6046
6110,6047
6116,6052
6112,6044
6103,6056
6111,6057
6104,6058
6110,6056
6108,6046
6111,6041
6114,6046
6113,6042
6118,6054
6016,5973
6178,6072
6008,5878
6049,5983
5991,5921
6124,6103
6144,6086
6111,6036
6119,6036
6127,6047
6133,6051
6113,6054
6110,6061
6110,6050
6118,6033
6111,6057
6110,6048
6115,6045
6115,6054
6103,6046
6113,6047
6112,6040
6110,6058
6117,6054
6108,6056
6109,6045
6119,6059
6107,6048
6108,6062
6109,6053
6104,6039
6110,6055
6115,6053
6114,6049
6115,6053
6112,6058
6108,6059
6107,6057
6120,6057
6116,6062
6114,6052
6117,6046
6111,6046
6114,6054
6117,6061
6123,6045
6124,6052
6104,6054
6119,6055
6121,6039
6107,6062
6118,6053
6115,6055
6124,6054
6117,6051
6114,6054
6120,6034
6109,6042
6129,6057
6108,6053
6121,6050
6117,6068
6127,6048
6115,6043
6110,6051
6120,6065
6128,6066
6120,6047
6117,6049
6122,6042
6113,6051
6108,6057
6118,6038
6113,6050
6115,6057
6115,6057
6111,6055
6112,6029
6115,6047
6119,6047
6123,6057
6112,6057
6119,6061
6120,6047
6120,6056
6112,6051
6115,6061
6120,6044
6117,6047
6118,6053
6115,6050
6110,6062
6115,6060
6117,6057
6114,6051
6122,6052
6120,6058
6120,6058
6121,6033
6104,6039
6119,6054
6118,6057
6116,6049
6113,6039
6118,6055
6119,6056
6111,6046
6115,6049
6116,6051
6114,6051
6118,6046
6115,6048
6114,6054
6122,6051
6114,6062
6114,6049
6110,6050
6131,6055
6124,6047
6124,6047
6116,6070
6114,6060
6121,6059
6120,6055
6119,6053
6118,6062
6114,6046
6116,6060
6120,6053
6119,6050
6116,6062
6125,6058
6123,6053
6121,6058
6120,6056
6115,6058
6119,6057
6115,6066
6124,6049
6115,6055
6114,6053
6114,6053
6118,6054
6117,6061
6117,6061
6117,6036
6124,6052
6118,6057
6111,6055
6116,6059
6118,6051
6112,6060
6119,6055
6114,6053
6114,6051
0,26
0,61680
0,0
6120,6066
5602,5570
5598,5571
5595,5562
5601,5566
5602,5580
5601,5578
5596,5575
5598,5586
5820,5756
6320,6282
6274,6290
6263,6286
6288,6306
6287,6297
6302,6279
6285,6266
6275,6285
6280,6290
6281,6282
6294,6286
6297,6292
6265,6301
6282,6289
6287,6283
6305,6297
6296,6304
6291,6292
6298,6294
6305,6310
6303,6294
6284,6287
6278,6295
6296,6308
6290,6296
6288,6321
6301,6294
6284,6343
6287,6318
6299,6306
6290,6302
6280,6289
6270,6299
6275,6286
6278,6295
6280,6278
6289,6295
6276,6301
6287,6306
6270,6300
6270,6269
6284,6279
6276,6310
6293,6298
6296,6315
6292,6295
6295,6297
6277,6278
6292,6299
6285,6269
6301,6286
6291,6314
6307,6338
6296,6340
6281,6327
6282,6337
6319,6326
6306,6320
6303,6329
6297,6328
6286,6333
6300,6336
6295,6303
6290,6307
6305,6295
6296,6307
6301,6311
6282,6290
6293,6318
6271,6301
6286,6282
6281,6299
6284,6301
6284,6308
6281,6304
6287,6308
6297,6292
6295,6287
6273,6290
6284,6304
6261,6332
6273,6296
6273,6337
6296,6342
6285,6331
6298,6337
6304,6322
6278,6323
6257,6310
6274,6323
6264,6310
6279,6310
6276,6301
6259,6313
6274,6325
6270,6326
6264,6320
6273,6322
6271,6312
6273,6319
6253,6303
6269,6299
6264,6318
6259,6314
6270,6327
6265,6322
6274,6324
6292,6322
6279,6348
6279,6333
6310,6331
6306,6296
6324,6310
6284,6308
6291,6318
6275,6291
6284,6338
6288,6316
6281,6326
6270,6330
6281,6324
6289,6319
6288,6314
6278,6316
6266,6340
6283,6347
6273,6324
6261,6291
6271,6308
6270,6319
6289,6316
6262,6323
6263,6307
6266,6320
6262,6306
6277,6322
6280,6331
6294,6316
6266,6320
6266,6320
6260,6300
6266,6337
6254,6292
6272,6326
6268,6334
6279,6317
6275,6329
6276,6324
6276,6321
6265,6328
6266,6303
6270,6316
6268,6335
6253,6350
6275,6327
6264,6343
6282,6352
6265,6332
6269,6345
6274,6388
6274,6364
6274,6326
6265,6345
6252,6361
6249,6338
6256,6328
6266,6338
6255,6342
6253,6321
6281,6324
6272,6312
6267,6325
6276,6323
6277,6342
6286,6343
6275,6347
6280,6370
6270,6329
6258,6323
6257,6336
6266,6349
6263,6337
6265,6335
6287,6329
6290,6364
6287,6335
6265,6342
6268,6361
6281,6318
6272,6321
6266,6331
6279,6347
6261,6336
6276,6318
6259,6349
6280,6370
6279,6355
6245,6347
6267,6337
6268,6339
6245,6291
6251,6331
6256,6334
6247,6341
6265,6337
6277,6342
6262,6362
6249,6357
6261,6340
6263,6334
6258,6339
6255,6331
6273,6341
6249,6361
6232,6347
6238,6358
6242,6352
6248,6335
6244,6350
6252,6328
6256,6372
6252,6345
6239,6337
6237,6345
6246,6358
6235,6362
6240,6338
6248,6338
6250,6337
6245,6312
6246,6359
6252,6347
6251,6358
6235,6368
6233,6404
6247,6390
6244,6402
6258,6378
6223,6393
6245,6359
6248,6394
6236,6364
6238,6352
6259,6332
6226,6330
6252,6340
6249,6354
6243,6377
6227,6365
6239,6351
6251,6374
6124,6272
6175,6288
6231,6294
6204,6307
6216,6311
6184,6307
6257,6366
6236,6369
6239,6333
6230,6335
6249,6348
6225,6360
6234,6345
6235,6347
6231,6334
6228,6362
6246,6334
6251,6362
6230,6381
6220,6374
6242,6356
6239,6374
6255,6347
6251,6383
6240,6354
6242,6362
6236,6376
6223,6372
6240,6357
6216,6359
6236,6366
6226,6369
6219,6360
6227,6357
6226,6367
6229,6349
6232,6360
6227,6364
6221,6343
6222,6342
6218,6383
6232,6354
6215,6344
6220,6341
6228,6328
6225,6375
6224,6350
6224,6373
6229,6365
6231,6384
6225,6358
6222,6367
6219,6342
6236,6370
6225,6373
6231,6410
6224,6389
6218,6377
6234,6387
6224,6388
6226,6369
6224,6368
6228,6388
6225,6377
6223,6378
6203,6385
6226,6403
6215,6369
6237,6402
6226,6404
6237,6387
6207,6367
6219,6398
6218,6378
6214,6364
6225,6384
6210,6377
6233,6377
6212,6326
6228,6356
6227,6372
6217,6369
6218,6396
6210,6411
6208,6375
6223,6385
6231,6400
6224,6398
6217,6393
6214,6370
6213,6365
6208,6362
6220,6374
6222,6384
6215,6377
6224,6378
6222,6384
6224,6378
6235,6399
6217,6407
6220,6389
6218,6394
6214,6398
6223,6363
6209,6385
6216,6383
6219,6378
6223,6376
6222,6387
6214,6411
6218,6416
6218,6406
6213,6395
6210,6382
6214,6380
6223,6399
6218,6380
6233,6367
6226,6409
6230,6393
6207,6383
6219,6396
6210,6399
6211,6394
6203,6403
6217,6392
6212,6419
6201,6409
6211,6392
6222,6407
6209,6410
6218,6424
6211,6388
6213,6383
6207,6396
6194,6403
6207,6386
6217,6384
6211,6370
6209,6396
6216,6396
6208,6378
6204,6377
6208,6380
6208,6374
6204,6388
6208,6375
6203,6371
6199,6344
6200,6323
6223,6349
6197,6356
6206,6349
6217,6366
6202,6377
6224,6395
6204,6385
6199,6375
6201,6374
6214,6366
6190,6355
6200,6336
6205,6328
6199,6350
6210,6357
6205,6379
6206,6380
6201,6401
6192,6395
6200,6376
6205,6384
6216,6386
6201,6389
6216,6375
6213,6385
6217,6393
6207,6397
6208,6401
6204,6408
6199,6377
6201,6379
6194,6384
6198,6383
6198,6393
6214,6382
6206,6376
6222,6370
6195,6377
6204,6369
6191,6362
6205,6394
6208,6370
6205,6370
6205,6371
6211,6387
6188,6367
6188,6390
6194,6398
6206,6381
6209,6380
6212,6348
6198,6353
6196,6353
6188,6354
6203,6350
6197,6342
6204,6336
6199,6336
6196,6359
6203,6362
6214,6378
6200,6388
6198,6385
6211,6380
6207,6382
6211,6406
6208,6406
6195,6413
6192,6377
6198,6379
6194,6387
6193,6355
6200,6362
6189,6382
6209,6378
6194,6390
6199,6346
6198,6370
6216,6353
6212,6380
6221,6353
6212,6395
6201,6389
6200,6367
6209,6339
6218,6369
6203,6377
6203,6371
6204,6406
6198,6387
6213,6380
6206,6358
6200,6357
6210,6362
6206,6377
6203,6354
6207,6367
6208,6363
6191,6372
6215,6375
6211,6372
6207,6355
6193,6376
6198,6369
6206,6381
6195,6404
6197,6381
6210,6347
6207,6336
6218,6374
6211,6371
6207,6375
6214,6365
6219,6343
6220,6348
6205,6355
6212,6375
6127,6297
6058,6227
6226,6365
6091,6209
6294,6448
6182,6379
6244,6393
6234,6388
6202,6340
6212,6352
6231,6383
6212,6366
6211,6324
6222,6351
6205,6375
6207,6354
6215,6380
6204,6364
6220,6370
6211,6352
6209,6352
6208,6377
6202,6380
6205,6371
6192,6381
6200,6368
6206,6376
6221,6360
6214,6354
6206,6341
6193,6332
6192,6366
6207,6338
6209,6345
6219,6348
6224,6368
6205,6351
6212,6363
6210,6326
6219,6363
6200,6332
6219,6368
6226,6374
6224,6362
6220,6355
6219,6373
6206,6341
6219,6346
6207,6332
6220,6336
6213,6326
6213,6323
6220,6340
6214,6365
6215,6348
6224,6348
6223,6324
6216,6322
6208,6321
6203,6336
6219,6335
6203,6305
6216,6309
6207,6329
6226,6322
6211,6310
6207,6346
6227,6360
6218,6337
6221,6334
6226,6338
6231,6335
6230,6332
6218,6351
6223,6350
6226,6349
6219,6342
6223,6321
6257,6348
6251,6330
6233,6344
6251,6345
6239,6358
6264,6344
6256,6335
6272,6336
6282,6329
6293,6350
6310,6331
6311,6350
6322,6356
6311,6374
6325,6392
6376,6372
6392,6371
6401,6381
6416,6391
6472,6388
6497,6362
6520,6361
6555,6337
6581,6330
6592,6325
6628,6335
6625,6328
6649,6331
6687,6342
6722,6343
6767,6366
6809,6343
6895,6337
6993,6348
7159,6367
7315,6342
7428,6351
7552,6347
7570,6338
7577,6344
7467,6350
7366,6340
7297,6318
7238,6313
7200,6331
7189,6332
7254,6339
7262,6342
7269,6356
7261,6361
7183,6350
7104,6377
7012,6387
6871,6394
6807,6403
6737,6419
6734,6458
6714,6484
6705,6510
6732,6543
6793,6594
6864,6636
6936,6657
7030,6732
7136,6738
7204,6814
7284,6809
7414,6805
7561,6760
7736,6769
7909,6716
8049,6697
8271,6646
8468,6607
8630,6593
8783,6581
8926,6581
8904,6602
8980,6606
9081,6615
9085,6630
9008,6651
8947,6686
8884,6719
8817,6746
8681,6823
8489,6904
8287,6969
8103,7017
7913,7074
7712,7129
7494,7237
7316,7318
7218,7369
7149,7480
7064,7450
7006,7481
6968,7529
6951,7584
6979,7604
7000,7604
7079,7565
7161,7539
7277,7566
7434,7492
7590,7361
7842,7296
8095,7276
8335,7224
8603,7151
8979,7103
9283,6999
9657,6932
9939,6853
10264,6778
10509,6708
10720,6692
10829,6662
10818,6770
10799,6694
10732,6714
10816,6752
10859,6847
10630,6955
10398,7031
10109,7156
9904,7288
9574,7437
9267,7603
8999,7648
8739,7733
8441,7846
8113,7960
7905,8052
7730,8128
7541,8264
7364,8211
7238,8300
7091,8358
6975,8418
6904,8418
6844,8364
6848,8322
6890,8273
6942,8176
7055,8054
7197,7961
7355,7811
7448,7678
7604,7558
7778,7409
7937,7284
8131,7147
8297,6980
8493,6842
8748,6782
8928,6716
9075,6694
9340,6728
9628,6737
9608,6812
9686,6905
9831,7067
9868,7241
9925,7402
9864,7652
9753,7819
9581,7980
9226,8102
8956,8233
8722,8386
8472,8503
8117,8631
7923,8790
7636,8755
7422,8705
7197,8682
7066,8744
6950,8707
6864,8607
6803,8503
6787,8484
6828,8415
6864,8336
6939,8228
7051,8116
7147,7920
7286,7717
7349,7599
7511,7438
7739,7353
7885,7215
8044,7145
8156,6973
8221,6778
8446,6717
8600,6737
8704,6648
8803,6626
8876,6607
8968,6672
9029,6671
9050,6749
9034,6840
9007,6952
8913,7109
8843,7328
8805,7490
8727,7722
8670,8002
8585,8319
8357,8434
8117,8595
7920,8800
7707,8886
7501,8930
7316,8960
7170,9028
7017,9062
6901,9024
6822,8936
6756,8907
6689,8811
6649,8641
6601,8530
6603,8433
6633,8266
6675,8058
6719,7938
6827,7710
6962,7620
7138,7457
7303,7337
7485,7165
7688,7017
7835,6917
8016,6849
8187,6759
8380,6664
8604,6593
8818,6590
8900,6553
8975,6566
9018,6577
9035,6611
9083,6647
9022,6717
9023,6786
8957,6892
8879,7056
8809,7160
8646,7303
8549,7465
8384,7607
8272,7782
8075,7920
7936,8089
7783,8193
7642,8337
7467,8315
7339,8419
7133,8416
7001,8397
6890,8415
6745,8377
6700,8310
6645,8251
6637,8193
6625,8081
6630,7958
6677,7815
6705,7654
6783,7552
6884,7395
6960,7334
7104,7144
7279,7057
7426,6926
7596,6820
7709,6732
7911,6649
8055,6577
8254,6522
8366,6494
8444,6495
8509,6485
8522,6534
8537,6589
8542,6630
8526,6685
8521,6804
8598,6903
8478,6981
8400,7074
8279,7208
8112,7293
8029,7400
7936,7525
7724,7629
7545,7768
7433,7825
7285,7909
7135,7942
7025,8001
6896,8052
6770,7988
6695,8029
6621,8066
6545,8074
6517,7993
6541,7931
6552,7891
6629,7772
6695,7652
6787,7526
6964,7405
7072,7260
7225,7126
7347,7050
7525,6970
7674,6823
7821,6704
7949,6609
8086,6556
8144,6519
8268,6489
8311,6470
8366,6489
8442,6518
8407,6567
8419,6626
8335,6698
8234,6754
8111,6823
8059,6936
8015,7005
7987,7118
7929,7262
7812,7343
7730,7462
7590,7546
7513,7650
7385,7801
7301,7857
7183,7957
7034,8109
6954,8120
6819,8150
6719,8226
6635,8212
6561,8152
6536,8081
6557,8000
6580,7880
6646,7725
6755,7625
6813,7487
6962,7380
7100,7193
7206,7086
7381,6986
7513,6825
7742,6738
7871,6652
7931,6574
8040,6512
8149,6494
8199,6466
8252,6453
8288,6457
8307,6463
8288,6515
8271,6516
8280,6564
8170,6618
8098,6655
8044,6739
7915,6842
7892,6906
7783,7023
7642,7102
7516,7200
7451,7354
7360,7450
7321,7590
7271,7705
7192,7800
7120,7899
7025,7993
6910,8053
6873,8021
6795,8018
6720,8076
6675,8012
6635,7996
6615,7896
6658,7809
6672,7758
6775,7594
6818,7480
6931,7393
7107,7219
7309,7044
7532,6940
7681,6866
7900,6768
8098,6694
8210,6607
8322,6568
8556,6535
8644,6537
8666,6546
8771,6551
8793,6563
8796,6590
8697,6637
8652,6665
8648,6719
8582,6752
8499,6785
8345,6855
8324,6904
8201,6968
7992,7084
7866,7160
7717,7272
7570,7354
7473,7447
7333,7583
7199,7654
7103,7734
7025,7875
6932,7964
6865,7968
6802,7998
6739,8103
6696,8051
6648,8058
6641,8034
6673,7983
6699,7744
6786,7668
6857,7460
7026,7313
7156,7217
7315,7034
7478,6952
7690,6816
7888,6742
8091,6646
8246,6579
8387,6552
8494,6523
8584,6502
8629,6520
8684,6517
8643,6575
8647,6642
8632,6703
8166,6335
8214,6546
8498,6769
8417,7072
8144,7144
7958,7330
7970,7535
7802,7552
7774,7632
7694,7776
7561,7865
7423,7929
7305,8023
7202,8100
7166,8145
7110,8226
7005,8230
6939,8258
6852,8227
6787,8184
6737,8158
6703,8075
6714,7956
6744,7886
6782,7768
6881,7717
7020,7581
7144,7395
7294,7261
7541,7169
7866,7013
8042,6835
8340,6715
8612,6631
8795,6566
8917,6541
9025,6555
8937,6527
9005,6505
9017,6541
9017,6566
9187,6609
9177,6683
9081,6716
8949,6757
8884,6806
8679,6886
8490,6952
8326,7053
8122,7145
7894,7263
7754,7414
7683,7472
7445,7570
7323,7666
7304,7751
7168,7914
7063,8078
6954,8180
6888,8207
6878,8228
6804,8297
6773,8296
6724,8198
6731,8171
6778,8082
6892,8021
6880,7858
7031,7693
7103,7542
7269,7373
7414,7214
7597,7092
7741,6940
7882,6811
8070,6702
8246,6626
8400,6540
8613,6483
8655,6477
8713,6474
8803,6500
8859,6549
8907,6608
8850,6701
8837,6767
8805,6833
8746,6961
8713,7031
8538,7128
8427,7233
8315,7344
8073,7413
7980,7488
7804,7600
7642,7622
7481,7709
7269,7739
7133,7841
7003,7925
6907,7951
6782,7961
6698,7977
6629,7946
6595,7974
6625,7951
6643,7924
6654,7870
6726,7795
6801,7723
6879,7606
6954,7487
7058,7338
7235,7250
7374,7141
7567,7007
7783,6926
7998,6803
8154,6674
8390,6595
8658,6564
8850,6554
9012,6536
9151,6521
9238,6521
9314,6561
9421,6619
9541,6661
9527,6735
9506,6782
9349,6873
9214,7009
9110,7116
8898,7238
8735,7321
8588,7406
8376,7472
8136,7586
7892,7705
7643,7807
7393,7892
7214,7987
7045,8012
6930,8045
6840,8060
6812,8004
6744,7935
6701,7917
6721,7894
6775,7869
6855,7768
6922,7713
7055,7642
7185,7544
7319,7429
7504,7297
7699,7165
7898,6991
8101,6843
8297,6759
8428,6654
8578,6565
8677,6515
8762,6483
8903,6481
8969,6494
8987,6518
9025,6584
9011,6661
9063,6728
9107,6900
9096,7042
9026,7183
8864,7340
8756,7546
8597,7741
8513,7861
8455,8037
8323,8237
8135,8378
7967,8545
7781,8675
7586,8763
7428,8843
7322,8918
7194,8864
7039,8863
6970,8769
6877,8662
6823,8583
6835,8501
6883,8419
6950,8286
7020,8206
7163,8066
7384,7933
7618,7804
7816,7607
8109,7419
8374,7291
8691,7125
8989,7007
9246,6915
9552,6841
9896,6803
9984,6742
10059,6742
10045,6717
10034,6706
10165,6737
10179,6801
10208,6807
10111,6886
10141,6949
10071,7055
9940,7176
9922,7345
9911,7494
9661,7721
9506,7875
9321,8001
9227,8183
8934,8273
8716,8463
8539,8560
8282,8730
8032,8863
7786,8941
7594,8973
7362,9003
7171,9005
7039,8926
6927,8825
6904,8699
6895,8603
6980,8376
7091,8235
7295,8083
7476,7849
7727,7634
8049,7431
8284,7228
8599,7087
8963,6978
9151,6863
9447,6793
9745,6763
10011,6708
10321,6712
10643,6743
10845,6771
10905,6859
10891,6932
10765,7005
10941,7117
11141,7245
11135,7311
10933,7432
10724,7652
10387,7823
10102,8028
9844,8264
9503,8504
9081,8714
8782,8976
8502,9174
8259,9278
8038,9527
7941,9580
7650,9831
7392,10002
7258,9927
7085,9838
7017,9881
6944,9665
7013,9527
7081,9458
7232,9261
7426,9068
7679,8817
7922,8506
8176,8190
8556,8001
8926,7740
9218,7513
9584,7315
10009,7146
10281,6977
10477,6871
10704,6759
11037,6698
11313,6661
11510,6662
11668,6703
11814,6806
11757,6940
11622,7121
11705,7296
11816,7586
11765,7890
11427,8204
11203,8475
10950,8745
10662,9009
10390,9212
10025,9417
9662,9675
9292,9897
8937,10127
8579,10238
8278,10153
7953,10267
7644,10327
7454,10468
7202,10493
7086,10474
7000,10351
7005,10100
7064,9756
7135,9497
7347,9330
7535,9073
7800,8748
8080,8446
8415,8186
8737,7898
9086,7674
9418,7515
9781,7336
10090,7134
10380,6982
10867,6887
11185,6825
11352,6792
11416,6822
11453,6847
11424,6870
11388,7018
11260,7183
11276,7310
10988,7509
10582,7732
10078,7981
9872,8230
9301,8586
9007,8892
8532,9194
8042,9551
7871,9881
7624,10097
7194,10365
6797,10370
6511,10544
6342,10525
6269,10633
6218,10485
6183,10496
6182,10399
6175,10260
6160,10190
6164,9912
6151,9537
6143,9305
6150,8980
6145,8744
6142,8490
6143,8179
6143,7824
6132,7471
6133,7246
6126,7034
6117,6862
6120,6696
6119,6604
6123,6566
6114,6558
6109,6542
6123,6618
6127,6788
6122,6933
6121,7144
6112,7341
6114,7546
6129,7789
6117,8024
6120,8188
6110,8365
6115,8284
6122,8331
6111,8372
6126,8320
6112,8427
6118,8493
6110,8492
6101,8462
6118,8414
6125,8424
6121,8492
6119,8370
6122,8257
6114,8024
6120,7861
6103,7757
6112,7610
6106,7327
6115,6930
6104,6591
6103,6387
6123,6260
6118,6201
6100,6188
6104,6148
6106,6150
6096,6164
6115,6161
6112,6149
6110,6166
6119,6161
6111,6170
6107,6153
6107,6158
6112,6167
6107,6155
6110,6121
6108,6084
6104,6068
6111,6066
6114,6070
6098,6053
6112,6074
6110,6067
6108,6080
6112,6063
6113,6056
6108,6050
6107,6064
6107,6062
6111,6057
6113,6047
6098,6065
6106,6052
6109,6052
6102,6063
6103,6065
6105,6053
6113,6054
6112,6058
6110,6052
6101,6055
6110,6058
6112,6050
6107,6049
6106,6063
6114,6060
6114,6048
6107,6056
6113,6060
6109,6064
6110,6055
6113,6058
6119,6063
6113,6048
6115,6051
6107,6061
6119,6056
6111,6059
6113,6058
6105,6056
6112,6056
6111,6059
6113,6041
6122,6042
6114,6055
6118,6046
6114,6054
6098,6060
6118,6048
6109,6053
6104,6047
6105,6052
6101,6045
6106,6042
6114,6049
6111,6048
6110,6057
6102,6049
6119,6041
6116,6051
6115,6049
6113,6052
6124,6009
6110,6034
6109,6053
6110,6033
6120,6050
6120,6055
6115,6047
6120,6042
6106,6063
6113,6039
6119,6055
6112,6046
6107,6044
6121,6036
6109,6060
6110,6046
6106,6061
6109,6061
6108,6036
6113,6046
6111,6054
6091,6043
6113,6041
6112,6057
6113,6049
6116,6050
6108,6065
6103,6057
6112,6047
6107,6049
6111,6052
6110,6047
6102,6057
6111,6049
6105,6048
6105,6045
6104,6041
6102,6050
6101,6052
6103,6052
6113,6048
6100,6053
6102,6050
6097,6047
6110,6051
6106,6045
6232,6269
6069,6052
6068,6047
6514,6446
6031,6005
6125,6051
6091,6035
6096,6037
6092,6031
6117,6062
6086,6034
6122,6052
6098,6053
6112,6043
6106,6044
6105,6038
6106,6053
6103,6048
6120,6038
6118,6056
6110,6049
6116,6050
6104,6051
6106,6048
6100,6052
6107,6041
6118,6053
6097,6051
6098,6048
6113,6047
6103,6057
6110,6040
6110,6038
6115,6048
6108,6051
6102,6040
6103,6041
6107,6052
6104,6053
6107,6060
6101,6048
6095,6046
6099,6050
6098,6045
6104,6057
6114,6052
6115,6053
6106,6046
6110,6032
6106,6042
6105,6043
6104,6042
6104,6051
6100,6048
6096,6054
6099,6042
6110,6050
6110,6054
6102,6040
6102,6044
6104,6042
6099,6042
6089,6048
6099,6034
6106,6037
6106,6057
6111,6049
6107,6040
6111,6054
6099,6030
6102,6044
6104,6045
6103,6055
6102,6020
6102,6028
6102,6035
6104,6043
6107,6037
6111,6050
6100,6036
6097,6060
6110,6057
6102,6050
6090,6052
6098,6039
6104,6057
6098,6055
6103,6041
6104,6049
6106,6053
6101,6039
6113,6053
6095,6047
6096,6036
6100,6050
6108,6052
6101,6057
6106,6040
6113,6051
6094,6045
6099,6053
6108,6044
6107,6058
6102,6058
6109,6050
6101,6058
6109,6049
6103,6049
6098,6048
6108,6047
6106,6053
6114,6048
6100,6042
6101,6051
6104,6049
6106,6050
6103,6042
6102,6039
6102,6047
6107,6042
6106,6048
6110,6046
6111,6046
6103,6061
6109,6054
6102,6040
6099,6056
6108,6059
6112,6045
6105,6056
6104,6069
6105,6041
6112,6058
6115,6050
6114,6046
6106,6049
6105,6053
6083,6055
6115,6046
6104,6046
6106,6066
6110,6054
6104,6045
6105,6048
6101,6050
6102,6057
6111,6062
6105,6068
6115,6068
6105,6055
6117,6064
6109,6048
6115,6059
6118,6059
6108,6050
6111,6064
6119,6053
6104,6050
6114,6055
6111,6055
6108,6057
6108,6054
6111,6063
6103,6041
6106,6051
6105,6054
6109,6040
6102,6049
6109,6049
6112,6052
6105,6057
6106,6049
6113,6072
6114,6053
6111,6051
6108,6047
6096,6062
6113,6041
6112,6038
6095,6046
6109,6044
6101,6057
6107,6058
6101,6046
6105,6038
6118,6057
6112,6046
6087,6031
6113,6040
6110,6041
6100,6029
6095,6062
6102,6038
6094,6037
6103,6046
6105,6049
6103,6037
6101,6051
6099,6045
6106,6048
6109,6037
6106,6056
6106,6053
6104,6058
6106,6040
6108,6045
6109,6060
6102,6034
6104,6047
6100,6053
6110,6063
6109,6057
6103,6052
6107,6051
6108,6047
6100,6047
6110,6044
6114,6053
6103,6060
6108,6053
6107,6063
6108,6054
6102,6048
6093,6067
6112,6051
6120,6045
6114,6057
6099,6041
6112,6052
6110,6052
6115,6050
6121,6049
6119,6047
6108,6045
6108,6063
6108,6051
6112,6047
6117,6057
6106,6059
6107,6046
6111,6060
6114,6059
6117,6048
6106,6046
6118,6054
6114,6055
6117,6050
6117,6044
6121,6034
6122,6041
6127,6053
6124,6060
6116,6055
6114,6052
6115,6057
6120,6051
6118,6045
6114,6057
6126,6055
6111,6050
6119,6045
6115,6045
6115,6053
6101,6108
6111,6044
6111,6061
6110,6054
6113,6062
6166,6095
6057,5989
6066,5981
6105,6057
6112,6061
6102,6024
6090,6031
6115,6053
6119,6050
6105,6056
6109,6043
6107,6049
6117,6046
6123,6064
6115,6052
6117,6051
6104,6061
6106,6057
6115,6055
6110,6063
6117,6052
6106,6045
6115,6054
6118,6061
6109,6055
6110,6057
6113,6037
6111,6041
6123,6063
6115,6056
6115,6047
6110,6037
6116,6034
6117,6040
6120,6050
6112,6041
6120,6046
6109,6036
6107,6054
6121,6052
6106,6050
6117,6039
6117,6044
6100,6038
6117,6045
6115,6053
6122,6058
6115,6058
6110,6053
6104,6061
6118,6037
6119,6048
6112,6036
6107,6058
6110,6040
6120,6063
6122,6061
6110,6055
6111,6052
6118,6069
6119,6047
6108,6054
6115,6050
6108,6049
6117,6046
6118,6048
6115,6049
6123,6060
6120,6063
6120,6062
6118,6050
6106,6046
6115,6051
6123,6059
6110,6057
6109,6053
6117,6055
6122,6049
6125,6057
6118,6048
6123,6046
6116,6055
6120,6054
6116,6052
6118,6044
6119,6060
6122,6048
6114,6059
6107,6053
6130,6057
6117,6065
6116,6055
6117,6063
6114,6063
6114,6062
6129,6061
6123,6059
6116,6064
6117,6053
6124,6052
6123,6064
6123,6064
6111,6042
6113,6060
6123,6056
6114,6063
6113,6058
6115,6055
6116,6055
6128,6053
6119,6057
6116,6038
6131,6053
6124,6057
6112,6059
6122,6050
6126,6051
6113,6056
6113,6053
6121,6052
6115,6032
6122,6052
6116,6054
6116,6054
6114,6055
6117,6054
6119,6062
6123,6045
6112,6056
6123,6051
6120,6053
6129,6059
6115,6056
6122,6054
6123,6046
6120,6057
6118,6054
6113,6056
6117,6048
6116,6055
6123,6048
6111,6051
6116,6061
6119,6058
6118,6048
6118,6048
6116,6055
6123,6063
6112,6050
6120,6046
6117,6050
6121,6054
6119,6052
6118,6051
6113,6031
6118,6061
6118,6054
6115,6048
6118,6055
6119,6056
6108,6057
6110,6060
6117,6057
6119,6056
6137,5994
6116,6051
6116,6055
6116,6055
6118,6055
6116,6046
6121,6051
6116,6046
6120,6060
6119,6054
6119,6056
6117,6053
6118,6052
6119,6041
6103,6063
0,27
0,61680
0,0
6120,6052
5596,5579
5600,5575
5605,5570
5603,5578
5600,5578
5603,5580
5606,5574
5609,5571
5812,5745
6312,6278
6273,6289
6260,6295
6289,6291
6289,6290
6303,6287
6287,6256
6275,6288
6284,6285
6279,6285
6300,6305
6303,6291
6255,6325
6280,6275
6298,6284
6305,6314
6289,6318
6297,6300
6292,6300
6315,6297
6296,6286
6278,6281
6287,6268
6285,6312
6293,6305
6302,6318
6294,6329
6287,6322
6281,6296
6289,6299
6281,6308
6283,6298
6264,6295
6280,6277
6285,6292
6276,6286
6280,6287
6272,6305
6290,6304
6271,6308
6282,6273
6276,6287
6277,6294
6287,6314
6296,6306
6293,6295
6273,6289
6283,6284
6292,6305
6282,6264
6292,6292
6301,6319
6313,6331
6298,6327
6290,6334
6289,6328
6286,6331
6300,6318
6343,6325
6291,6331
6282,6330
6310,6301
6294,6293
6300,6301
6298,6296
6306,6318
6299,6307
6289,6310
6297,6297
6282,6291
6281,6289
6291,6291
6283,6291
6289,6298
6267,6301
6302,6304
6321,6311
6305,6286
6303,6287
6283,6301
6273,6307
6274,6306
6269,6338
6306,6323
6301,6338
6302,6329
6308,6329
6280,6306
6254,6313
6276,6333
6269,6322
6266,6306
6279,6295
6268,6299
6278,6327
6272,6313
6260,6325
6278,6311
6288,6310
6268,6306
6259,6301
6271,6303
6265,6319
6274,6327
6269,6317
6264,6331
6272,6353
6293,6340
6272,6352
6284,6329
6271,6322
6324,6303
6310,6307
6288,6299
6283,6314
6278,6286
6289,6320
6293,6331
6278,6314
6272,6315
6276,6301
6285,6338
6288,6315
6288,6330
6277,6337
6274,6338
6278,6324
6266,6301
6275,6314
6276,6314
6285,6336
6271,6324
6259,6311
6285,6297
6265,6308
6281,6327
6296,6328
6274,6323
6271,6327
6265,6336
6268,6325
6257,6330
6256,6310
6264,6304
6283,6332
6277,6324
6283,6340
6282,6329
6283,6320
6282,6312
6260,6306
6266,6304
6266,6337
6267,6352
6267,6340
6270,6346
6274,6358
6270,6359
6278,6344
6268,6387
6265,6349
6259,6334
6250,6335
6247,6347
6258,6337
6257,6329
6269,6341
6269,6336
6259,6334
6279,6332
6286,6312
6273,6320
6283,6312
6259,6343
6275,6331
6291,6325
6272,6355
6271,6318
6255,6322
6263,6331
6273,6342
6279,6335
6260,6337
6274,6330
6282,6324
6289,6347
6271,6341
6282,6359
6285,6320
6276,6331
6252,6325
6271,6343
6257,6323
6273,6327
6255,6346
6278,6361
6263,6346
6266,6361
6260,6345
6272,6345
6252,6358
6247,6335
6253,6310
6249,6327
6260,6321
6267,6348
6261,6359
6252,6384
6259,6324
6266,6335
6266,6347
6246,6329
6263,6334
6256,6345
6247,6346
6237,6374
6230,6347
6253,6349
6260,6349
6246,6341
6250,6359
6250,6346
6242,6354
6246,6356
6246,6335
6228,6351
6241,6325
6253,6331
6252,6223
6187,6439
6228,6298
6360,6465
6325,6428
6258,6392
6244,6397
6243,6385
6240,6406
6263,6408
6233,6402
6241,6351
6242,6382
6236,6372
6235,6327
6253,6323
6239,6323
6265,6339
6229,6361
6237,6369
6223,6373
6248,6361
6250,6386
6250,6366
6239,6352
6245,6342
6260,6335
6230,6343
6230,6338
6232,6352
6226,6341
6236,6331
6235,6319
6237,6338
6227,6361
6227,6321
6238,6339
6226,6338
6234,6345
6256,6358
6246,6364
6221,6388
6214,6370
6226,6355
6242,6386
6242,6363
6231,6375
6243,6370
6238,6356
6232,6374
6228,6359
6215,6369
6208,6346
6224,6379
6220,6381
6232,6375
6221,6335
6222,6345
6227,6365
6228,6345
6229,6375
6215,6371
6233,6360
6230,6361
6242,6351
6230,6355
6213,6352
6217,6352
6215,6373
6221,6369
6229,6363
6226,6384
6232,6363
6209,6365
6218,6361
6213,6327
6232,6365
6215,6381
6237,6400
6211,6397
6227,6372
6236,6374
6224,6381
6232,6369
6225,6370
6228,6359
6222,6379
6220,6379
6215,6377
6225,6385
6219,6375
6230,6416
6222,6413
6228,6394
6217,6370
6222,6384
6224,6393
6226,6374
6225,6394
6208,6379
6245,6383
6209,6356
6231,6356
6220,6366
6216,6376
6219,6390
6204,6400
6218,6378
6222,6396
6232,6405
6228,6402
6214,6388
6222,6352
6220,6377
6207,6363
6223,6357
6221,6380
6217,6350
6219,6376
6230,6399
6227,6389
6232,6415
6216,6403
6220,6396
6220,6390
6214,6401
6209,6366
6205,6383
6214,6378
6216,6395
6213,6388
6215,6391
6206,6386
6211,6393
6208,6380
6200,6379
6208,6386
6212,6385
6216,6381
6210,6331
6229,6372
6218,6381
6224,6391
6221,6385
6220,6385
6204,6388
6194,6413
6208,6419
6211,6374
6221,6404
6212,6409
6206,6403
6212,6399
6209,6393
6204,6405
6212,6396
6217,6368
6208,6398
6203,6395
6206,6379
6224,6381
6216,6371
6208,6399
6218,6399
6204,6390
6213,6367
6210,6355
6200,6361
6207,6388
6206,6379
6199,6364
6212,6356
6211,6368
6213,6359
6200,6365
6209,6356
6207,6348
6209,6375
6202,6382
6192,6380
6197,6364
6199,6354
6206,6360
6198,6386
6191,6332
6197,6334
6210,6325
6226,6348
6206,6374
6206,6376
6199,6398
6209,6394
6208,6381
6204,6387
6206,6377
6215,6375
6218,6378
6199,6380
6211,6372
6214,6385
6196,6409
6199,6408
6202,6390
6204,6375
6205,6377
6190,6388
6193,6363
6210,6397
6219,6380
6214,6375
6203,6383
6201,6375
6206,6361
6203,6379
6206,6396
6202,6389
6215,6357
6198,6368
6199,6369
6191,6364
6202,6374
6211,6377
6207,6395
6209,6369
6199,6339
6209,6348
6194,6360
6204,6363
6201,6332
6197,6355
6199,6368
6206,6375
6208,6377
6211,6386
6208,6372
6203,6378
6215,6385
6213,6394
6210,6408
6212,6388
6197,6403
6202,6380
6201,6363
6192,6383
6189,6373
6200,6352
6193,6379
6195,6373
6201,6379
6184,6354
6207,6378
6199,6370
6204,6385
6208,6371
6204,6396
6208,6399
6209,6387
6208,6366
6216,6361
6204,6378
6209,6381
6204,6408
6197,6395
6206,6370
6217,6369
6210,6369
6192,6342
6272,6431
6225,6392
6201,6385
6194,6356
6240,6394
6189,6354
6207,6363
6223,6358
6209,6372
6194,6370
6193,6355
6195,6411
6198,6364
6213,6367
6208,6339
6215,6353
6218,6370
6211,6362
6217,6366
6217,6352
6214,6355
6203,6353
6212,6387
6215,6371
6225,6360
6211,6390
6206,6365
6212,6388
6215,6385
6197,6366
6216,6360
6207,6351
6218,6330
6208,6359
6202,6350
6226,6342
6207,6368
6203,6376
6201,6371
6207,6353
6204,6379
6224,6368
6219,6362
6205,6344
6197,6375
6204,6359
6208,6370
6203,6388
6207,6382
6212,6374
6224,6351
6216,6351
6209,6332
6192,6316
6207,6340
6196,6318
6207,6332
6226,6358
6212,6359
6215,6379
6218,6347
6217,6325
6212,6346
6213,6338
6224,6358
6223,6382
6224,6368
6223,6370
6219,6346
6211,6343
6219,6346
6233,6327
6218,6324
6211,6336
6224,6327
6223,6354
6224,6354
6222,6332
6222,6332
6217,6352
6216,6337
6209,6331
6211,6343
6211,6331
6218,6306
6220,6318
6222,6329
6210,6303
6231,6309
6214,6338
6228,6363
6220,6362
6228,6327
6237,6335
6235,6341
6226,6328
6211,6341
6219,6326
6226,6344
6219,6337
6232,6327
6247,6325
6258,6315
6257,6331
6262,6344
6238,6382
6263,6339
6268,6344
6273,6337
6293,6347
6297,6351
6305,6359
6322,6348
6308,6360
6325,6376
6348,6370
6350,6375
6389,6379
6402,6370
6435,6391
6469,6385
6489,6373
6526,6308
6544,6360
6558,6329
6609,6317
6615,6328
6625,6344
6653,6315
6691,6359
6705,6335
6757,6337
6825,6329
6869,6345
6993,6363
7129,6345
7316,6352
7466,6344
7554,6355
7570,6346
7574,6330
7487,6360
7369,6355
7267,6315
7250,6328
7193,6347
7212,6337
7269,6344
7297,6342
7286,6358
7248,6372
7193,6366
7100,6365
6985,6380
6897,6406
6800,6419
6754,6441
6723,6465
6717,6482
6717,6526
6714,6536
6782,6597
6838,6624
6925,6655
7038,6710
7152,6742
7199,6788
7268,6817
7416,6790
7598,6743
7742,6743
7894,6718
8067,6667
8222,6639
8465,6601
8581,6590
8839,6598
8851,6602
8933,6606
8957,6618
9053,6635
9104,6636
8999,6672
8960,6699
8907,6719
8780,6757
8664,6827
8484,6906
8290,6971
8105,7015
7899,7084
7709,7120
7515,7225
7317,7378
7202,7389
7112,7432
7077,7432
6992,7481
6975,7514
6976,7566
6962,7625
6998,7547
7100,7563
7143,7551
7279,7565
7429,7491
7618,7386
7864,7334
8152,7287
8313,7216
8649,7156
8957,7063
9292,6978
9601,6934
9935,6867
10258,6763
10496,6708
10770,6685
10835,6690
10856,6663
10742,6692
10812,6717
10866,6751
10898,6823
10590,6941
10343,7023
10132,7153
9872,7299
9585,7469
9269,7541
9022,7642
8711,7757
8407,7852
8110,7918
7891,8040
7726,8143
7547,8254
7355,8253
7226,8305
7100,8342
6965,8384
6899,8430
6850,8356
6849,8361
6884,8244
6959,8193
7064,8065
7210,7974
7334,7822
7458,7688
7621,7517
7755,7393
7975,7266
8142,7136
8341,6988
8463,6864
8719,6773
8895,6719
9112,6690
9359,6694
9631,6738
9602,6804
9722,6911
9835,7078
9856,7243
9953,7411
9865,7654
9907,7471
9992,8234
9403,8166
8927,8103
8760,8395
8498,8475
8108,8614
7928,8781
7588,8770
7441,8694
7211,8719
7073,8726
6946,8684
6864,8599
6815,8487
6784,8461
6827,8426
6839,8297
6947,8230
7033,8142
7144,7940
7244,7729
7377,7562
7466,7444
7681,7328
7814,7184
8004,7109
8158,6960
8367,6859
8458,6751
8593,6712
8730,6643
8830,6637
8865,6637
8979,6626
8997,6688
9018,6767
9002,6814
9005,6961
8934,7107
8821,7301
8800,7511
8724,7761
8656,8008
8556,8259
8346,8473
8115,8591
7888,8820
7722,8853
7548,8904
7331,8956
7172,8992
7008,9071
6913,8986
6815,8935
6740,8896
6673,8751
6622,8661
6603,8602
6595,8454
6604,8266
6657,8114
6717,7937
6817,7742
6947,7614
7117,7441
7340,7351
7508,7168
7700,7032
7847,6866
8042,6815
8180,6773
8352,6643
8559,6629
8802,6597
8942,6574
9070,6559
8993,6562
9040,6606
9062,6641
9007,6716
9021,6779
8976,6882
8881,7068
8811,7177
8649,7295
8534,7502
8373,7621
8225,7758
8094,7901
7930,8080
7784,8177
7627,8291
7482,8321
7321,8395
7160,8381
6995,8427
6904,8440
6756,8400
6693,8309
6627,8273
6627,8165
6621,8090
6632,7946
6685,7793
6723,7679
6787,7545
6872,7416
6975,7305
7096,7137
7277,7047
7426,6926
7545,6831
7723,6720
7918,6638
8084,6573
8251,6516
8327,6472
8474,6486
8535,6516
8537,6547
8572,6605
8580,6651
8546,6712
8549,6822
8601,6898
8524,6991
8406,7108
8266,7192
8150,7284
8011,7368
7956,7524
7725,7658
7562,7783
7427,7868
7288,7919
7151,7944
7029,8026
6903,8048
6785,8065
6682,8102
6620,8079
6548,8026
6543,8004
6532,7931
6554,7876
6622,7814
6713,7681
6810,7540
6938,7426
7100,7268
7204,7152
7365,7040
7516,6953
7671,6801
7827,6727
7980,6595
8084,6542
8180,6515
8251,6501
8345,6482
8367,6494
8422,6502
8393,6554
8375,6624
8336,6674
8217,6731
8120,6823
8102,6898
8109,7014
7983,7120
7888,7235
7829,7344
7729,7479
7596,7562
7515,7663
7391,7787
7288,7861
7173,7986
7078,8070
6946,8119
6806,8142
6702,8198
6616,8206
6567,8227
6540,8118
6567,7975
6578,7868
6655,7779
6732,7613
6830,7491
6952,7385
7118,7216
7214,7059
7398,6969
7554,6813
7702,6708
7886,6652
7938,6571
8062,6539
8130,6490
8197,6450
8240,6430
8284,6448
8297,6472
8291,6500
8290,6498
8253,6567
8167,6604
8101,6659
7988,6746
7951,6817
7881,6922
7750,6990
7669,7110
7522,7222
7405,7364
7373,7445
7328,7570
7284,7677
7193,7821
7105,7884
7010,7983
6938,8072
6872,8036
6800,8036
6731,8057
6694,8010
6638,7954
6619,7882
6648,7833
6666,7734
6761,7607
6828,7494
6941,7350
7121,7212
7323,7074
7502,6926
7687,6867
7894,6759
8047,6678
8193,6615
8313,6552
8526,6529
8646,6533
8693,6528
8779,6538
8825,6566
8783,6588
8663,6620
8669,6668
8609,6701
8611,6736
8504,6797
8374,6853
8248,6925
8222,6964
8026,7077
7868,7160
7756,7283
7590,7366
7451,7475
7327,7531
7219,7649
7094,7795
7022,7855
6940,7968
6856,7974
6798,8010
6738,8049
6728,8153
6672,8048
6664,8045
6689,7931
6711,7765
6814,7686
6853,7509
7011,7338
7158,7208
7325,7052
7463,6931
7679,6839
7889,6713
8069,6636
8229,6575
8392,6524
8549,6507
8629,6523
8656,6527
8665,6501
8688,6576
8677,6639
8685,6709
8645,6778
8599,6871
8562,6951
8407,7047
8192,7190
8010,7356
7862,7458
7845,7548
7770,7628
7637,7764
7546,7858
7405,7916
7318,8011
7227,8119
7162,8171
7113,8206
7011,8242
6944,8266
6834,8199
6782,8168
6719,8153
6712,8076
6722,7951
6734,7868
6776,7795
6857,7708
6992,7541
7151,7434
7290,7268
7567,7196
7858,6986
8073,6822
8342,6725
8641,6630
8776,6559
8918,6553
9034,6544
8950,6532
9019,6531
8970,6521
9071,6571
9167,6626
9177,6685
9075,6702
8925,6761
8833,6821
8640,6890
8521,6980
8331,7079
8136,7174
7909,7281
7763,7363
7714,7481
7469,7544
7308,7622
7308,7764
7210,7914
7059,8105
6960,8169
6905,8180
6896,8215
6821,8360
6763,8313
6728,8271
6731,8185
6776,8104
6869,7976
6930,7846
7026,7716
7139,7540
7327,7381
7399,7211
7560,7090
7731,6933
7897,6835
8056,6683
8295,6637
8442,6551
8589,6508
8616,6490
8716,6474
8759,6524
8914,6481
8875,6601
8835,6682
8833,6739
8800,6856
8772,6997
8678,7044
8538,7131
8451,7241
8241,7364
8088,7448
7964,7535
7850,7612
7657,7667
7451,7729
7293,7761
7140,7857
7025,7892
6900,7965
6773,8002
6704,7974
6624,7975
6592,7954
6605,7916
6615,7885
6667,7833
6731,7788
6797,7720
6860,7601
6964,7480
7063,7331
7231,7229
7367,7140
7572,7002
7786,6915
8010,6783
8136,6689
8371,6603
8639,6557
8855,6536
8977,6537
9141,6505
9196,6535
9300,6565
9495,6609
9538,6637
9483,6733
9481,6790
9366,6893
9208,7031
9131,7121
8899,7226
8719,7322
8599,7377
8351,7479
8128,7619
7916,7688
7657,7800
7385,7880
7211,7990
7054,7976
6934,8062
6852,8043
6802,7989
6718,7896
6701,7905
6727,7906
6767,7902
6830,7769
6910,7736
7061,7620
7159,7531
7318,7420
7551,7300
7702,7170
7930,7021
8045,6898
8303,6753
8451,6657
8613,6568
8675,6512
8725,6475
8840,6487
9021,6510
9040,6551
9026,6582
8974,6665
9071,6741
9075,6871
9119,7038
8983,7170
8877,7343
8763,7561
8585,7725
8478,7903
8448,8032
8327,8199
8123,8365
7941,8554
7763,8669
7579,8774
7437,8859
7338,8928
7183,8867
7071,8899
6979,8793
6873,8671
6831,8571
6842,8491
6865,8418
6943,8308
7022,8202
7179,8065
7389,7944
7604,7792
7846,7591
8117,7433
8406,7280
8637,7132
8936,6994
9317,6905
9587,6882
9869,6803
9975,6736
10054,6737
10041,6679
9993,6714
10186,6738
10213,6805
10215,6821
10103,6880
10134,6941
10082,7061
9913,7169
10004,7343
9919,7493
9698,7716
9504,7883
9311,7981
9178,8180
8953,8304
8755,8453
8542,8575
8254,8745
8006,8867
7791,8997
7616,8960
7391,8962
7189,9002
7047,8974
6932,8841
6893,8690
6930,8625
6968,8361
7115,8235
7300,8084
7482,7824
7748,7623
8059,7379
8283,7225
8615,7067
8932,6956
9378,7096
9492,6748
9816,6778
10071,6835
10318,6730
10721,6798
10833,6785
10920,6875
10844,6952
10763,7037
10872,7107
11128,7223
11079,7324
10911,7444
10701,7625
10414,7810
10131,8083
9878,8272
9514,8497
9126,8700
8787,8948
8533,9138
8266,9307
8058,9479
7860,9687
7666,9837
7409,9990
7258,9960
7082,9889
7005,9844
6972,9678
6994,9587
7072,9502
7245,9269
7472,9048
7690,8770
7875,8496
8164,8185
8569,7998
8904,7746
9206,7522
9593,7272
9964,7175
10244,6967
10448,6847
10671,6764
11107,6718
11303,6667
11547,6643
11664,6700
11873,6812
11744,6928
11568,7106
11682,7324
11752,7561
11725,7888
11412,8237
11190,8432
11001,8731
10626,8984
10374,9192
10047,9498
9667,9678
9231,9878
8945,10141
8597,10216
8282,10198
7931,10276
7634,10338
7435,10435
7207,10419
7118,10444
7001,10392
7006,10149
7047,9746
7177,9589
7332,9327
7558,9067
7778,8760
8079,8450
8386,8189
8764,7914
9061,7697
9426,7503
9860,7308
10150,7119
10405,6970
10890,6890
11222,6831
11287,6768
11437,6808
11463,6829
11431,6893
11365,7012
11247,7174
11262,7290
11030,7504
10538,7683
10092,7996
9889,8229
9319,8553
8978,8894
8557,9185
8079,9551
7887,9845
7646,10058
7199,10355
6807,10456
6519,10515
6333,10582
6254,10612
6204,10442
6196,10538
6166,10382
6174,10242
6167,10144
6157,9854
6151,9551
6140,9255
6146,9012
6131,8766
6145,8509
6134,8151
6136,7785
6127,7472
6134,7212
6126,7030
6120,6871
6127,6725
6123,6586
6127,6552
6117,6534
6118,6538
6114,6628
6126,6783
6111,6942
6120,7136
6108,7350
6117,7534
6127,7822
6110,8026
6113,8222
6120,8326
6118,8313
6117,8395
6118,8354
6121,8380
6110,8423
6115,8471
6118,8500
6105,8460
6110,8423
6118,8420
6119,8467
6111,8376
6114,8290
6106,8093
6111,7848
6114,7758
6112,7608
6114,7310
6105,6939
6139,6614
6110,6379
6113,6267
6119,6194
6107,6142
6102,6150
6108,6158
6103,6158
6113,6128
6107,6160
6111,6162
6116,6165
6103,6171
6110,6148
6107,6162
6098,6162
6108,6163
6102,6123
6103,6094
6098,6088
6095,6102
6115,6069
6096,6053
6110,6071
6106,6064
6105,6064
6104,6065
6108,6055
6110,6060
6102,6056
6109,6047
6116,6054
6105,6064
6106,6060
6108,6052
6103,6060
6103,6048
6107,6060
6104,6063
6112,6045
6101,6052
6104,6060
6103,6051
6096,6055
6107,6053
6099,6056
6106,6057
6106,6066
6110,6058
6105,6066
6113,6065
6107,6057
6099,6068
6104,6062
6108,6040
6118,6043
6107,6063
6108,6044
6119,6049
6112,6065
6116,6061
6102,6047
6114,6060
6110,6053
6110,6051
6117,6057
6110,6055
6109,6042
6114,6051
6098,6054
6118,6057
6106,6046
6106,6035
6103,6039
6097,6042
6110,6039
6114,6046
6110,6044
6109,6061
6105,6051
6105,6050
6114,6056
6114,6050
6111,6055
6115,6040
6111,6046
6103,6048
6101,6029
6117,6057
6107,6063
6106,6054
6122,6046
6116,6047
6105,6058
6110,6058
6106,6047
6107,6042
6108,6054
6110,6058
6113,6055
6110,6042
6110,6052
6102,6045
6114,6048
5991,5967
6144,6053
6106,6052
6060,6013
6091,6034
6099,6055
6083,6037
6089,6044
6103,6052
6115,6052
6099,6046
6107,6044
6111,6039
6115,6052
6108,6061
6100,6048
6105,6051
6097,6046
6099,6051
6107,6059
6114,6043
6107,6050
6102,6045
6103,6046
6101,6053
6101,6067
6107,6052
6104,6025
6106,6048
6112,6053
6115,6053
6107,6054
6108,6042
6102,6049
6118,6056
6108,6049
6107,6036
6112,6051
6102,6061
6109,6054
6105,6036
6104,6051
6096,6064
6097,6051
6113,6048
6119,6059
6115,6042
6109,6057
6104,6045
6108,6042
6099,6052
6108,6046
6111,6047
6102,6044
6097,6047
6095,6036
6112,6051
6103,6042
6101,6050
6109,6050
6105,6057
6101,6047
6103,6055
6102,6055
6102,6041
6104,6053
6109,6033
6090,6054
6110,6059
6103,6055
6102,6042
6113,6046
6118,6048
6107,6047
6104,6039
6106,6045
6109,6056
6100,6061
6110,6051
6094,6047
6103,6062
6102,6047
6104,6045
6113,6054
6106,6042
6105,6037
6103,6049
6097,6030
6105,6041
6102,6037
6106,6043
6109,6047
6102,6048
6106,6048
6119,6052
6098,6043
6106,6038
6115,6044
6115,6046
6101,6045
6102,6044
6101,6043
6099,6045
6106,6053
6104,6051
6096,6048
6101,6047
6111,6060
6101,6057
6094,6046
6103,6040
6100,6050
6106,6048
6097,6043
6107,6046
6106,6046
6107,6039
6103,6034
6096,6046
6105,6041
6105,6054
6109,6047
6114,6046
6102,6040
6107,6034
6090,6053
6100,6052
6107,6048
6103,6059
6098,6055
6109,6035
6097,6045
6106,6032
6094,6044
6093,6042
6101,6051
6109,6050
6112,6053
6108,6051
6097,6042
6103,6037
6108,6047
6105,6044
6108,6057
6099,6050
6108,6042
6114,6057
6105,6066
6104,6039
6113,6047
6102,6046
6099,6041
6104,6035
6106,6041
6106,6042
6106,6045
6105,6048
6103,6054
6109,6038
6106,6043
6111,6050
6103,6075
6106,6049
6108,6050
6102,6054
6111,6060
6110,6049
6108,6051
6101,6053
6106,6054
6111,6042
6106,6049
6110,6043
6109,6054
6111,6065
6112,6060
6109,6067
6106,6036
6117,6054
6121,6059
6109,6051
6107,6065
6115,6055
6108,6058
6112,6052
6104,6058
6112,6054
6108,6056
6114,6060
6124,6049
6107,6055
6105,6061
6107,6046
6106,6054
6109,6043
6111,6043
6102,6047
6113,6040
6116,6055
6110,6043
6108,6057
6110,6059
6105,6064
6103,6050
6111,6036
6100,6048
6107,6052
6107,6056
6110,6052
6097,6058
6115,6046
6121,6049
6108,6053
6109,6037
6110,6037
6110,6047
6111,6049
6108,6056
6107,6044
6110,6039
6106,6052
6102,6035
6100,6047
6107,6048
6095,6064
6103,6051
6104,6045
6107,6046
6112,6156
6111,6048
6098,6037
6105,6049
6108,6028
6108,6049
6109,6038
6110,6044
6110,6037
6101,6063
6102,6048
6107,6044
6103,6051
6100,6046
6108,6038
6114,6052
6101,6041
6095,6048
6105,6044
6108,6052
6110,6044
6107,6048
6113,6048
6112,6048
6114,6051
6102,6044
6098,6057
6104,6050
6105,6054
6110,6056
6118,6057
6108,6048
6111,6055
6102,6046
6116,6054
6116,6045
6111,6045
6110,6045
6117,6057
6106,6056
6110,6062
6121,6044
6122,6052
5947,5815
6103,6067
6167,6063
6128,6055
6044,5977
6103,6025
6130,6063
6123,6053
6105,6047
6109,6052
6122,6055
6114,6053
6112,6056
6121,6049
6115,6056
6115,6033
6108,6048
6113,6051
6111,6049
6100,6051
6122,6045
6110,6039
6117,6065
6117,6044
6110,6048
6114,6056
6105,6058
6102,6057
6098,6039
6119,6042
6118,6048
6112,6047
6113,6046
6120,6036
6108,6050
6112,6004
6125,6058
6114,6052
6106,6051
6113,6054
6107,6054
6122,6042
6103,6056
6112,6044
6119,6053
6112,6056
6113,6060
6105,6061
6111,6041
6116,6056
6109,6044
6115,6055
6106,6058
6115,6057
6107,6052
6114,6049
6115,6051
6118,6058
6107,6060
6117,6060
6116,6054
6113,6050
6118,6055
6111,6046
6116,6049
6116,6026
6102,6052
6114,6050
6115,6063
6108,6050
6119,6063
6112,6057
6107,6057
6118,6050
6112,6039
6115,6060
6108,6048
6102,6059
6106,6057
6111,6063
6113,6046
6108,6037
6120,6051
6115,6061
6101,6063
6112,6052
6118,6048
6115,6051
6109,6053
6117,6050
6116,6058
6116,6057
6119,6058
6124,6053
6106,6048
6113,6052
6127,6062
6115,6062
6120,6054
6118,6050
6114,6041
6115,6057
6115,6048
6123,6055
6125,6058
6118,6062
6111,6057
6129,6038
6113,6058
6122,6054
6117,6063
6110,6062
6124,6062
6119,6051
6121,6058
6114,6048
6114,6064
6119,6056
6116,6048
6118,6062
6118,6044
6121,6063
6114,6055
6122,6053
6119,6063
6115,6060
6123,6057
6112,6047
6112,6058
6126,6062
6116,6055
6122,6054
6122,6054
6111,6059
6113,6063
6120,6060
6116,6063
6119,6028
6122,6043
6120,6062
6113,6038
6116,6049
6119,6052
6121,6058
6126,6056
6112,6049
6112,6054
6120,6043
6114,6065
6122,6051
6119,6060
6114,6060
6120,6056
6121,6057
6121,6057
6096,6066
6123,6056
6118,6054
6119,6053
6119,6051
6123,6051
6123,6047
6119,6056
6119,6049
6115,6062
6115,6060
6118,6063
6115,6055
6114,6056
6119,6047
6114,6054
6122,6054
6112,6063
6116,6053
6116,6052
6124,6051
6124,6051
6120,6057
6126,6058
6118,6057
6112,6064
6117,6059
6119,6065
6116,6056
6107,6047
6115,6047
6116,6051
6117,6059
6120,6055
6111,6057
6119,6064
6117,6057
6116,6053
6114,6061
6115,6056
6113,6057
6108,6044
6120,6055
6120,6055
6121,6056
6117,6051
6116,6054
0,35
0,61680
0,0
6127,6048
5603,5570
5599,5573
5606,5574
5599,5564
5601,5591
5596,5581
5605,5577
5600,5582
5817,5752
6320,6277
6278,6280
6274,6314
6274,6304
6287,6296
6292,6294
6287,6280
6277,6284
6290,6284
6284,6284
6296,6277
6279,6294
6275,6313
6271,6280
6284,6285
6294,6305
6295,6299
6280,6315
6294,6299
6308,6288
6296,6298
6282,6297
6281,6276
6302,6307
6296,6335
6310,6326
6314,6306
6289,6321
6293,6305
6293,6310
6283,6298
6289,6292
6278,6301
6276,6296
6276,6281
6286,6283
6286,6286
6283,6301
6280,6295
6270,6318
6272,6286
6283,6288
6284,6273
6289,6294
6284,6288
6281,6305
6292,6300
6281,6271
6293,6293
6282,6281
6287,6293
6297,6319
6299,6340
6309,6332
6287,6335
6291,6347
6299,6334
6291,6330
6287,6334
6280,6342
6283,6313
6304,6315
6282,6280
6285,6309
6291,6311
6295,6301
6301,6323
6293,6306
6299,6314
6281,6305
6280,6275
6285,6296
6284,6294
6290,6303
6275,6295
6282,6320
6290,6297
6311,6302
6285,6303
6284,6309
6275,6322
6278,6318
6278,6342
6301,6321
6285,6311
6291,6330
6316,6326
6276,6315
6251,6310
6273,6327
6283,6308
6270,6308
6261,6280
6271,6302
6276,6311
6273,6342
6262,6329
6283,6312
6272,6313
6269,6321
6255,6290
6270,6290
6248,6318
6266,6318
6268,6336
6267,6323
6282,6333
6296,6346
6280,6350
6280,6347
6287,6315
6311,6295
6304,6297
6288,6302
6275,6321
6278,6297
6302,6313
6300,6329
6291,6311
6275,6312
6273,6328
6279,6324
6278,6314
6286,6337
6260,6350
6278,6349
6274,6320
6263,6292
6266,6315
6279,6304
6286,6327
6267,6314
6266,6301
6279,6316
6269,6301
6271,6323
6294,6334
6297,6318
6264,6318
6274,6310
6243,6313
6259,6327
6250,6319
6287,6314
6290,6334
6270,6306
6297,6328
6272,6335
6278,6316
6283,6304
6263,6308
6269,6319
6256,6342
6255,6350
6273,6350
6266,6344
6280,6349
6254,6354
6270,6349
6267,6381
6283,6353
6271,6328
6261,6352
6249,6352
6259,6345
6253,6320
6276,6330
6261,6329
6267,6327
6276,6333
6285,6295
6271,6318
6283,6329
6263,6331
6277,6340
6272,6347
6268,6356
6266,6321
6266,6318
6249,6330
6268,6339
6258,6324
6270,6328
6270,6343
6287,6354
6285,6351
6278,6350
6273,6348
6280,6321
6262,6342
6258,6310
6274,6350
6266,6332
6271,6331
6255,6357
6275,6368
6272,6347
6259,6343
6259,6334
6263,6340
6253,6338
6259,6335
6302,6358
6299,6344
6269,6358
6307,6314
6280,6375
6304,6385
6260,6332
6267,6350
6249,6314
6242,6340
6252,6342
6258,6354
6237,6355
6249,6365
6248,6356
6244,6355
6252,6327
6250,6335
6253,6340
6247,6345
6228,6343
6241,6334
6233,6340
6239,6351
6223,6323
6252,6340
6239,6335
6233,6324
6240,6346
6250,6355
6249,6377
6230,6371
6237,6400
6236,6401
6238,6394
6265,6381
6222,6386
6247,6362
6244,6376
6241,6355
6248,6342
6248,6326
6228,6325
6242,6346
6232,6372
6240,6370
6230,6387
6243,6373
6253,6376
6239,6366
6240,6355
6259,6339
6256,6325
6232,6336
6230,6338
6226,6346
6228,6343
6232,6347
6226,6341
6237,6326
6240,6354
6239,6331
6225,6336
6233,6335
6229,6337
6244,6346
6240,6363
6218,6408
6214,6390
6227,6339
6247,6389
6243,6368
6246,6371
6246,6364
6238,6371
6236,6395
6230,6354
6222,6365
6208,6364
6226,6368
6228,6383
6224,6351
6222,6351
6218,6359
6237,6351
6229,6386
6223,6355
6216,6353
6215,6369
6222,6355
6236,6342
6223,6366
6222,6352
6213,6345
6230,6363
6218,6371
6219,6377
6224,6387
6237,6381
6215,6354
6222,6366
6215,6367
6235,6372
6226,6399
6232,6402
6222,6404
6217,6371
6218,6373
6226,6361
6225,6374
6229,6378
6227,6365
6221,6368
6222,6347
6209,6381
6218,6389
6223,6378
6225,6399
6225,6404
6225,6402
6227,6366
6218,6393
6221,6379
6217,6399
6228,6371
6213,6372
6236,6367
6225,6343
6234,6353
6227,6370
6218,6385
6216,6372
6209,6389
6214,6384
6219,6395
6223,6378
6220,6403
6211,6394
6218,6372
6205,6375
6221,6361
6230,6371
6219,6384
6223,6384
6216,6389
6231,6371
6213,6382
6227,6396
6214,6408
6232,6392
6204,6401
6215,6399
6224,6364
6203,6367
6218,6390
6226,6376
6227,6380
6225,6385
6207,6394
6215,6396
6223,6378
6208,6389
6213,6391
6216,6384
6226,6396
6214,6379
6224,6383
6223,6394
6228,6373
6217,6401
6202,6395
6216,6402
6192,6395
6206,6405
6203,6386
6217,6410
6200,6428
6201,6390
6199,6400
6205,6398
6214,6410
6222,6401
6206,6371
6205,6389
6204,6392
6212,6385
6223,6399
6220,6377
6209,6388
6217,6392
6199,6376
6206,6366
6208,6363
6212,6372
6200,6379
6203,6354
6210,6354
6209,6354
6201,6344
6211,6354
6201,6369
6203,6363
6220,6375
6208,6372
6210,6383
6201,6395
6207,6353
6202,6363
6199,6372
6199,6373
6192,6351
6199,6333
6211,6352
6219,6353
6220,6364
6199,6381
6203,6382
6201,6388
6211,6385
6218,6386
6214,6380
6214,6376
6207,6379
6209,6383
6215,6371
6201,6374
6192,6397
6204,6390
6198,6361
6199,6372
6193,6372
6187,6350
6195,6377
6208,6369
6220,6384
6216,6393
6198,6376
6208,6365
6201,6359
6217,6393
6202,6380
6194,6380
6203,6368
6201,6359
6192,6360
6199,6352
6197,6407
6196,6395
6198,6379
6210,6361
6193,6349
6201,6369
6196,6374
6200,6353
6202,6342
6198,6338
6196,6364
6207,6362
6201,6391
6212,6375
6216,6391
6214,6386
6203,6382
6202,6383
6214,6395
6218,6414
6196,6401
6195,6383
6190,6391
6189,6381
6147,6606
6159,6321
6191,6380
6210,6333
6104,6312
6196,6353
6188,6353
6185,6353
6218,6389
6234,6376
6219,6384
6211,6385
6201,6379
6214,6375
6212,6340
6210,6370
6202,6355
6211,6400
6205,6409
6208,6383
6214,6381
6212,6363
6203,6358
6212,6391
6198,6370
6204,6380
6216,6358
6201,6361
6212,6375
6196,6380
6214,6360
6202,6359
6205,6357
6212,6385
6206,6391
6197,6358
6206,6359
6204,6343
6208,6353
6204,6359
6210,6382
6218,6370
6220,6351
6219,6340
6202,6364
6206,6375
6220,6373
6216,6365
6212,6397
6213,6384
6211,6373
6216,6376
6210,6351
6214,6347
6202,6357
6206,6340
6213,6350
6204,6356
6206,6352
6212,6356
6208,6385
6216,6378
6218,6357
6210,6364
6207,6338
6219,6341
6218,6361
6202,6372
6204,6360
6195,6361
6199,6400
6203,6369
6215,6365
6227,6360
6218,6366
6212,6335
6190,6340
6202,6338
6207,6334
6219,6329
6219,6366
6219,6350
6213,6355
6216,6353
6216,6335
6209,6349
6202,6349
6219,6386
6218,6377
6225,6364
6233,6347
6228,6362
6218,6352
6211,6360
6234,6326
6217,6331
6221,6320
6218,6343
6222,6362
6213,6343
6226,6326
6234,6342
6225,6352
6220,6323
6195,6303
6222,6327
6216,6310
6223,6295
6220,6295
6214,6318
6226,6312
6225,6316
6203,6336
6220,6383
6212,6339
6230,6334
6216,6321
6222,6340
6222,6348
6205,6359
6214,6369
6227,6347
6211,6337
6223,6321
6242,6316
6252,6323
6241,6338
6248,6350
6238,6367
6262,6361
6259,6324
6275,6336
6280,6331
6289,6323
6306,6339
6306,6353
6318,6376
6326,6372
6331,6389
6355,6371
6388,6370
6406,6368
6425,6392
6475,6387
6492,6356
6516,6347
6558,6350
6576,6313
6588,6333
6618,6349
6631,6324
6652,6330
6697,6346
6720,6332
6766,6340
6825,6345
6890,6348
6995,6348
7133,6365
7322,6353
7492,6342
7521,6352
7562,6352
7598,6340
7482,6350
7369,6332
7289,6331
7218,6299
7219,6318
7205,6358
7269,6337
7251,6340
7276,6338
7246,6363
7205,6344
7099,6358
7011,6375
6898,6380
6812,6424
6737,6448
6710,6449
6706,6481
6696,6510
6727,6564
6796,6596
6838,6628
6930,6686
7047,6704
7117,6767
7209,6790
7282,6806
7423,6789
7556,6766
7712,6755
7882,6723
8023,6685
8264,6663
8450,6626
8584,6591
8824,6593
8883,6580
8917,6592
8984,6607
9040,6631
9082,6630
9041,6661
8979,6679
8866,6714
8799,6758
8639,6819
8437,6890
8290,6978
8097,7023
7931,7065
7688,7126
7508,7239
7329,7346
7197,7381
7127,7433
7079,7417
6995,7486
6962,7548
6961,7586
6994,7578
6977,7574
7095,7562
7170,7544
7265,7561
7413,7508
7585,7377
7828,7331
8113,7302
8307,7237
8618,7161
8945,7095
9280,7021
9611,6956
9939,6852
10276,6765
10540,6718
10735,6706
10806,6672
10865,6708
10760,6712
10827,6699
10800,6765
10851,6843
10611,6929
10385,7011
10078,7133
9919,7283
9547,7454
9255,7549
9009,7640
8734,7719
8370,7845
8144,7971
7930,8032
7751,8160
7561,8231
7375,8221
7216,8308
7072,8354
6972,8382
6896,8401
6805,8297
6857,8310
6872,8246
6968,8179
6969,7960
7206,7968
7347,7806
7434,7681
7575,7551
7757,7367
7916,7281
8124,7127
8291,6999
8454,6862
8727,6767
8915,6705
9081,6717
9342,6705
9596,6741
9588,6828
9708,6929
9891,7060
9880,7202
9908,7396
9891,7641
9777,7838
9587,7968
9241,8057
8943,8232
8728,8334
8430,8459
8099,8590
7889,8753
7614,8756
7407,8706
7204,8729
7066,8764
6949,8723
6867,8628
6788,8521
6801,8483
6796,8413
6871,8303
6930,8237
7043,8137
7138,7870
7276,7690
7361,7610
7490,7454
7663,7331
7829,7190
7987,7096
8143,6958
8345,6856
8442,6768
8594,6702
8710,6673
8897,6643
8890,6624
8987,6668
9021,6681
9058,6733
8994,6820
8994,6932
8918,7104
8824,7287
8818,7534
8730,7755
8656,8014
8583,8308
8360,8460
8140,8583
7926,8806
7685,8861
7546,8897
7326,8986
7172,9029
6998,9060
6905,9007
6834,8938
6741,8967
6688,8805
6631,8652
6594,8578
6601,8439
6618,8287
6663,8083
6745,7955
6828,7745
6956,7615
7126,7438
7324,7323
7512,7187
7669,7052
7875,6896
7998,6823
8171,6767
8341,6663
8584,6604
8788,6585
8922,6568
8996,6552
9038,6572
9039,6603
9081,6635
9061,6708
9050,6774
8958,6900
8834,7069
8784,7168
8641,7296
8516,7473
8386,7631
8249,7758
8075,7907
7909,8041
7769,8174
7631,8293
7473,8301
7317,8396
7185,8406
6981,8424
6870,8415
6780,8402
6702,8338
6645,8253
6653,8217
6626,8122
6630,7926
6666,7827
6683,7684
6780,7527
6863,7447
6972,7317
7111,7165
7278,7046
7423,6947
7549,6827
7726,6704
7953,6629
8085,6586
8237,6533
8310,6487
8454,6481
8559,6525
8502,6515
8557,6592
8565,6618
8519,6720
8540,6817
8577,6873
8507,6993
8422,7079
8266,7180
8146,7303
8046,7366
7923,7497
7736,7657
7568,7769
7431,7843
7300,7899
7169,7925
7043,7983
6892,8006
6797,8007
6703,8078
6637,8060
6526,8080
6539,7980
6535,7930
6560,7907
6625,7802
6724,7680
6771,7537
6948,7405
7075,7264
7238,7168
7375,7048
7500,6962
7672,6826
7812,6721
7976,6616
8090,6536
8139,6499
8259,6490
8327,6489
8374,6490
8406,6494
8395,6559
8375,6617
8330,6703
8233,6751
8131,6835
8092,6902
8034,7023
7971,7113
7876,7268
7835,7354
7702,7459
7596,7551
7522,7684
7378,7788
7295,7826
7186,7959
7057,8093
6946,8073
6821,8141
6742,8237
6628,8194
6566,8205
6550,8135
6552,8025
6590,7876
6645,7783
6722,7609
6818,7521
6951,7385
7089,7211
7250,7106
7384,6971
7555,6835
7746,6727
7876,6639
7933,6567
8024,6521
8119,6507
8179,6454
8200,6438
8308,6467
8295,6476
8281,6510
8284,6515
8287,6565
8178,6615
8115,6672
8054,6746
7935,6844
7872,6872
7749,7025
7619,7111
7528,7228
7452,7363
7375,7481
7294,7608
7244,7692
7199,7816
7132,7867
7016,7972
6936,8048
6858,8055
6821,8023
6739,8038
6675,8009
6648,7956
6631,7855
6660,7800
6676,7722
6763,7590
6841,7392
6951,7383
7123,7240
7332,7066
7513,6905
7676,6845
7899,6761
8095,6689
8202,6623
8324,6571
8525,6535
8404,6301
8617,6504
8811,6554
8932,6694
8866,6737
8704,6564
8723,6702
8751,6778
8587,6762
8518,6842
8356,6862
8294,6917
8171,6965
7967,7091
7865,7134
7775,7278
7588,7360
7459,7471
7331,7579
7197,7675
7118,7780
7013,7877
6907,7965
6861,7972
6776,8005
6744,8112
6681,8096
6656,8060
6641,8045
6662,7926
6713,7785
6746,7685
6888,7489
7037,7347
7172,7218
7317,7056
7487,6942
7689,6833
7883,6732
8079,6625
8195,6585
8388,6547
8508,6521
8596,6512
8619,6526
8681,6527
8693,6565
8641,6612
8647,6703
8642,6744
8612,6900
8577,6962
8388,7076
8177,7208
7967,7339
7898,7428
7820,7534
7752,7641
7661,7779
7553,7845
7439,7951
7277,8026
7230,8108
7178,8154
7122,8219
7023,8218
6963,8244
6863,8215
6781,8190
6705,8159
6726,8060
6734,7969
6730,7870
6759,7812
6871,7704
7031,7560
7178,7418
7298,7267
7575,7130
7866,6972
8051,6808
8329,6713
8640,6611
8784,6557
8959,6548
9006,6556
8962,6535
9053,6515
8979,6527
9030,6563
9159,6625
9168,6684
9084,6713
8957,6759
8878,6808
8666,6902
8468,6951
8354,7075
8168,7138
7898,7261
7757,7359
7722,7474
7441,7535
7309,7603
7297,7764
7201,7949
7082,8111
6996,8187
6896,8175
6876,8242
6823,8392
6741,8285
6706,8212
6735,8189
6785,8098
6881,7975
6911,7855
7051,7715
7128,7553
7268,7357
7416,7207
7564,7092
7723,6926
7895,6819
8096,6684
8290,6646
8474,6550
8604,6500
8665,6485
8674,6471
8806,6518
8830,6555
8945,6614
8897,6706
8805,6768
8781,6824
8774,6977
8723,7043
8579,7146
8422,7249
8275,7314
8110,7445
7961,7509
7809,7590
7650,7679
7452,7687
7268,7731
7138,7873
7031,7932
6893,7935
6778,7963
6701,7990
6608,7972
6616,7938
6618,7961
6605,7925
6694,7869
6730,7765
6806,7730
6884,7622
6979,7484
7055,7342
7228,7292
7408,7157
7534,7006
7763,6906
8001,6808
8119,6680
8335,6604
8608,6552
8827,6542
8985,6531
9153,6497
9204,6537
9327,6560
9458,6624
9502,6670
9520,6720
9494,6778
9339,6889
9187,7012
9117,7112
8925,7240
8751,7345
8598,7407
8353,7531
8141,7601
7874,7707
7638,7834
7400,7900
7206,7966
7060,7989
6939,8046
6847,8038
6809,8021
6743,7939
6706,7899
6717,7912
6783,7885
6839,7772
6897,7706
7037,7601
7183,7521
7327,7404
7524,7307
7685,7151
7893,6997
8094,6869
8296,6759
8409,6670
8579,6546
8704,6512
8733,6493
8873,6494
8979,6504
9002,6544
9003,6582
9008,6643
9107,6745
9084,6899
9101,7042
8994,7198
8914,7326
8737,7569
8587,7738
8514,7915
8471,8058
8333,8222
8093,8359
7970,8540
7752,8708
7579,8759
7430,8901
7327,8942
7193,8882
7063,8835
6947,8782
6868,8659
6838,8584
6856,8499
6883,8405
6955,8265
7056,8174
7179,8086
7392,7919
7612,7772
7834,7628
8121,7438
8376,7269
8656,7161
9008,7018
9266,6895
9589,6869
9879,6786
10036,6746
10138,6724
10040,6705
10017,6702
10169,6744
10155,6804
10180,6836
10116,6893
10078,6940
10098,7035
9971,7173
10031,7368
9918,7509
9675,7728
9406,7694
9314,8030
9196,8175
8969,8300
8790,8482
8537,8614
8273,8717
8005,8866
7773,8989
7597,8970
7356,8994
7176,8980
7046,8946
6939,8816
6874,8675
6915,8592
6967,8425
7121,8233
7298,8059
7468,7843
7737,7613
8035,7382
8273,7231
8624,7100
8963,6981
9191,6892
9439,6763
9729,6747
10021,6694
10338,6700
10642,6741
10785,6788
10909,6860
10859,6906
10781,7006
10934,7137
11169,7254
11131,7322
10883,7525
10674,7615
10386,7831
10116,8041
9845,8257
9559,8473
9124,8718
8838,8962
8557,9168
8307,9273
8045,9525
7811,9714
7631,9883
7391,9951
7220,9951
7098,9920
7023,9838
6977,9674
7026,9584
7070,9451
7238,9239
7447,9020
7689,8750
7907,8488
8154,8235
8576,8044
8929,7790
9185,7551
9587,7261
9987,7133
10236,6991
10462,6872
10749,6776
11038,6726
11348,6646
11487,6669
11682,6697
11795,6810
11716,6935
11599,7114
11675,7289
11782,7592
11677,7921
11448,8239
11167,8485
10968,8743
10711,8976
10372,9178
10070,9455
9710,9645
9289,9937
8932,10162
8577,10209
8307,10226
7943,10223
7650,10320
7442,10460
7232,10473
7095,10480
7015,10299
7030,10129
7078,9723
7138,9522
7346,9313
7572,9058
7802,8740
8071,8462
8430,8184
8701,7888
9108,7700
9420,7482
9778,7338
10156,7113
10402,6979
10834,6916
11180,6802
11289,6813
11466,6820
11460,6843
11388,6890
11368,7017
11296,7174
11280,7307
10962,7470
10609,7702
10063,7982
9869,8226
9346,8547
8988,8876
8542,9168
8067,9587
7916,9868
7622,10072
7187,10350
6782,10377
6511,10537
6341,10556
6269,10579
6210,10491
6192,10542
6171,10439
6169,10216
6169,10136
6160,9888
6157,9548
6154,9275
6148,8918
6135,8737
6142,8479
6143,8120
6136,7796
6141,7494
6132,7259
6123,7032
6117,6866
6120,6702
6124,6600
6130,6565
6115,6512
6120,6530
6116,6630
6124,6785
6109,6952
6112,7151
6120,7351
6110,7522
6126,7827
6113,8043
6117,8213
6117,8329
6112,8310
6119,8338
6114,8369
6123,8371
6111,8402
6118,8518
6112,8470
6110,8439
6108,8423
6127,8463
6117,8486
6114,8372
6109,8289
6117,8055
6122,7844
6105,7761
6108,7597
6114,7314
6109,6912
6111,6584
6102,6379
6113,6262
6112,6193
6111,6170
6110,6164
6111,6165
6108,6153
6115,6167
6102,6134
6107,6164
6111,6174
6104,6175
6113,6158
6106,6159
6101,6185
6096,6144
6101,6128
6099,6095
6110,6076
6112,6069
6110,6067
6098,6041
6114,6063
6112,6065
6107,6048
6109,6061
6106,6050
6114,6059
6101,6062
6111,6068
6112,6039
6107,6063
6099,6059
6110,6054
6108,6058
6105,6063
6099,6055
6104,6051
6112,6057
6103,6067
6097,6043
6102,6069
6101,6058
6110,6059
6110,6056
6105,6066
6113,6057
6117,6050
6103,6058
6112,6063
6105,6061
6100,6060
6121,6055
6114,6053
6112,6042
6114,6057
6116,6048
6110,6059
6118,6057
6115,6051
6101,6050
6121,6061
6113,6043
6117,6042
6120,6062
6111,6047
6112,6052
6110,6046
6099,6036
6107,6063
6111,6042
6102,6057
6114,6046
6110,6050
6110,6049
6108,6054
6100,6052
6110,6053
6110,6060
6112,6044
6181,6043
6328,6227
5909,5859
6110,6021
6115,6059
5987,5858
6129,6072
6134,6066
6106,6030
6117,6048
6115,6043
6108,6055
6109,6038
6110,6043
6112,6048
6109,6057
6116,6034
6116,6058
6116,6039
6111,6049
6114,6045
6110,6042
6112,6054
6104,6033
6109,6048
6110,6047
6114,6052
6104,6041
6107,6057
6108,6055
6103,6043
6109,6046
6107,6054
6112,6045
6110,6038
6107,6047
6112,6064
6117,6048
6105,6045
6105,6058
6105,6050
6106,6050
6114,6051
6115,6047
6107,6048
6099,6045
6099,6054
6112,6046
6105,6056
6104,6047
6104,6062
6102,6057
6123,6048
6124,6043
6110,6040
6112,6047
6106,6047
6110,6060
6106,6043
6102,6051
6113,6054
6109,6046
6117,6045
6109,6043
6109,6056
6105,6061
6106,6048
6118,6037
6122,6045
6111,6053
6111,6053
6102,6044
6104,6034
6100,6046
6108,6059
6113,6060
6095,6049
6108,6054
6113,6045
6112,6050
6102,6051
6103,6050
6112,6061
6100,6060
6101,6058
6104,6053
6096,6058
6104,6054
6111,6047
6104,6030
6099,6039
6124,6064
6100,6044
6111,6059
6115,6052
6117,6050
6104,6047
6104,6045
6108,6048
6113,6048
6106,6046
6109,6051
6105,6036
6103,6045
6109,6032
6105,6044
6106,6045
6107,6041
6099,6049
6104,6050
6093,6037
6097,6043
6098,6046
6109,6053
6112,6046
6111,6047
6102,6052
6110,6042
6104,6047
6110,6053
6114,6042
6102,6041
6100,6044
6095,6041
6097,6042
6096,6046
6106,6048
6099,6052
6099,6045
6093,6051
6097,6054
6096,6043
6094,6056
6101,6052
6097,6043
6102,6057
6101,6044
6102,6055
6103,6049
6104,6042
6108,6054
6099,6049
6089,6038
6109,6040
6105,6047
6108,6048
6095,6038
6100,6049
6092,6052
6095,6044
6110,6050
6106,6048
6094,6047
6103,6051
6098,6057
6103,6040
6098,6052
6102,6031
6102,6060
6111,6045
6107,6040
6102,6034
6093,6035
6103,6040
6097,6047
6104,6041
6105,6037
6099,6044
6104,6046
6108,6056
6113,6049
6110,6041
6108,6038
6104,6036
6103,6062
6099,6048
6104,6051
6105,6042
6110,6038
6103,6048
6098,6047
6107,6048
6104,6057
6105,6048
6108,6056
6108,6054
6108,6049
6117,6060
6106,6041
6113,6039
6114,6054
6110,6049
6107,6062
6103,6044
6110,6050
6118,6050
6106,6060
6109,6063
6110,6055
6106,6058
6109,6061
6113,6055
6119,6058
6108,6048
6119,6052
6122,6088
6106,6048
6107,6059
6120,6050
6106,6041
6108,6045
6109,6058
6107,6050
6107,6063
6107,6058
6105,6056
6105,6044
6108,6052
6104,6062
6110,6052
6101,6042
6116,6046
6115,6041
6114,6051
6110,6055
6103,6058
6108,6044
6106,6049
6102,6051
6108,6057
6109,6050
6110,6062
6097,6048
6114,6041
6112,6062
6113,6065
6108,6041
6098,6055
6106,6035
6110,6051
6105,6050
6113,6035
6108,6032
6110,6051
6112,6032
6097,6064
6107,6041
6099,6052
6105,6038
6098,6054
6101,6053
6101,6054
6119,6047
6094,6057
6102,6046
6118,6062
6099,6049
6104,6050
6108,6054
6108,6058
6102,6046
6104,6048
6110,6039
6100,6043
6105,6041
6110,6037
6098,6023
6122,6178
6097,6084
6137,6026
6059,5990
6133,6027
6109,6063
6117,6053
6115,6057
6117,6067
6104,6043
6103,6049
6096,6062
6112,6054
6107,6053
6116,6040
6109,6054
6108,6055
6108,6045
6114,6039
6113,6042
6105,6049
6106,6053
6115,6051
6105,6051
6117,6041
6110,6043
6120,6052
6119,6055
6130,6042
6113,6039
6118,6040
6120,6050
6129,6053
6119,6062
6118,6044
6112,6046
6110,6049
6117,6052
6117,6038
6113,6036
6117,6049
6113,6053
6129,6068
6110,6038
6112,6048
6112,6049
6114,6058
6114,6048
6103,6048
6111,6062
6110,6055
6115,6051
6106,6052
6109,6041
6107,6037
6110,6049
6111,6052
6113,6054
6110,6052
6109,6052
6116,6052
6108,6039
6109,6047
6123,6056
6117,6057
6102,6054
6110,6051
6102,6062
6114,6051
6106,6063
6112,6043
6114,6056
6111,6047
6118,6049
6105,6046
6114,6052
6106,6049
6109,6049
6118,6047
6120,6050
6114,6050
6116,6060
6113,6043
6110,6038
6124,6048
6105,6036
6110,6059
6115,6045
6117,6050
6118,6054
6110,6042
6118,6046
6116,6045
6106,6040
6113,6029
6109,6036
6113,6055
6117,6056
6108,6054
6108,6022
6111,6043
6117,6048
6113,6058
6112,6048
6097,6029
6110,6048
6111,6064
6117,6051
6117,6045
6123,6057
6108,6049
6111,6056
6115,6054
6120,6043
6113,6050
6114,6052
6107,6068
6115,6056
6117,6070
6121,6060
6117,6030
6103,6045
6123,6056
6127,6052
6113,6050
6109,6053
6114,6057
6124,6054
6114,6058
6114,6055
6122,6041
6114,6054
6122,6056
6106,6047
6122,6054
6114,6056
6127,6043
6117,6048
6113,6053
6120,6054
6130,6060
6116,6045
6124,6060
6115,6051
6115,6059
6117,6030
6109,6059
6126,6053
6114,6062
6117,6047
6117,6053
6126,6062
6112,6041
6117,6039
6119,6061
6111,6052
6121,6053
6118,6030
6118,6047
6113,6041
6113,6041
6118,6050
6122,6052
6121,6046
6117,6055
6114,6050
6118,6051
6114,6055
6120,6059
6112,6059
6122,6047
6105,6051
6117,6058
6112,6056
6123,6051
6123,6044
6114,6057
6124,6066
6119,6050
6119,6063
6126,6056
6119,6056
6119,6056
6115,6048
6121,6049
6118,6047
6121,6040
6118,6043
6116,6058
6118,6048
6112,6063
6120,6034
6117,6053
6113,6046
6117,6055
6117,6062
6119,6056
6115,6057
6118,6051
6130,6058
6120,6049
6127,6056
6111,6048
6133,6073
6133,6073
6116,6060
6117,6063
6115,6041
6122,6048
6120,6054
6112,6062
6122,6056
6121,6049
6102,6039
6110,6038
6118,6060
6119,6047
6121,6059
6116,6029
6113,6057
6112,6046
6116,6049
6113,6047
6117,6032
6125,6048
6120,6061
6120,6061
6122,6048
6122,6058
0,28
0,61680
0,0
6119,6067
5599,5568
5595,5569
5598,5580
5604,5567
5598,5574
5597,5570
5602,5577
5598,5568
5812,5755
6320,6274
6285,6276
6264,6307
6276,6296
6270,6291
6289,6278
6291,6263
6274,6286
6276,6298
6278,6283
6308,6283
6290,6291
6263,6306
6269,6285
6285,6282
6291,6298
6288,6301
6287,6303
6301,6290
6293,6293
6295,6306
6281,6297
6274,6286
6309,6305
6285,6309
6292,6320
6300,6303
6273,6354
6279,6330
6290,6319
6276,6303
6279,6306
6276,6289
6268,6292
6273,6290
6292,6290
6291,6278
6282,6284
6283,6308
6260,6312
6265,6280
6276,6292
6266,6310
6286,6304
6291,6302
6291,6301
6298,6293
6293,6267
6302,6298
6277,6285
6296,6302
6296,6320
6292,6334
6296,6349
6297,6318
6287,6336
6301,6326
6309,6316
6303,6332
6296,6334
6293,6329
6306,6286
6287,6289
6305,6297
6291,6290
6305,6315
6301,6316
6282,6314
6285,6315
6271,6306
6294,6278
6281,6292
6280,6294
6291,6285
6288,6306
6282,6295
6294,6305
6294,6305
6280,6282
6272,6294
6273,6307
6275,6306
6265,6327
6305,6322
6316,6309
6283,6320
6299,6320
6277,6318
6267,6321
6274,6343
6270,6300
6276,6306
6276,6310
6288,6303
6272,6320
6255,6383
6266,6319
6272,6318
6273,6318
6261,6326
6259,6296
6277,6296
6263,6318
6268,6325
6281,6345
6274,6310
6274,6327
6289,6359
6271,6362
6275,6334
6290,6325
6301,6300
6317,6298
6279,6298
6288,6317
6276,6292
6291,6329
6301,6327
6283,6312
6276,6315
6275,6328
6279,6314
6277,6313
6301,6300
6262,6338
6284,6352
6266,6324
6270,6299
6273,6305
6278,6312
6292,6321
6274,6330
6272,6305
6268,6304
6283,6323
6273,6319
6304,6334
6293,6306
6264,6324
6267,6328
6270,6340
6252,6326
6267,6308
6278,6320
6274,6337
6275,6310
6290,6351
6264,6330
6275,6332
6271,6330
6270,6298
6267,6319
6257,6332
6262,6345
6276,6357
6252,6263
6276,6352
6263,6350
6271,6343
6261,6374
6278,6344
6256,6339
6254,6321
6252,6337
6252,6332
6265,6334
6266,6337
6268,6318
6266,6337
6285,6328
6279,6317
6265,6310
6281,6331
6281,6332
6275,6340
6288,6348
6287,6358
6265,6332
6260,6306
6872,6483
6005,6126
6264,6347
6386,6448
6327,6373
6307,6352
6322,6320
6250,6332
6268,6352
6305,6336
6276,6345
6246,6330
6275,6351
6266,6335
6285,6319
6265,6328
6268,6378
6274,6348
6257,6344
6264,6327
6263,6349
6259,6351
6252,6344
6249,6314
6245,6342
6260,6338
6259,6340
6263,6364
6258,6355
6266,6334
6257,6350
6242,6352
6252,6334
6258,6331
6248,6361
6244,6339
6235,6377
6242,6355
6240,6337
6246,6343
6252,6336
6254,6337
6250,6335
6227,6350
6255,6333
6235,6361
6247,6344
6234,6339
6252,6327
6252,6315
6254,6322
6231,6357
6248,6344
6251,6369
6240,6364
6230,6394
6224,6384
6257,6392
6255,6375
6216,6380
6245,6325
6242,6382
6243,6362
6251,6338
6246,6337
6233,6335
6237,6360
6242,6358
6245,6383
6228,6375
6242,6360
6241,6385
6246,6371
6234,6351
6250,6340
6248,6327
6223,6318
6227,6315
6227,6348
6227,6351
6230,6345
6240,6338
6246,6333
6237,6345
6241,6327
6230,6336
6229,6342
6236,6341
6256,6342
6233,6346
6231,6379
6223,6366
6232,6350
6242,6397
6251,6350
6242,6360
6247,6354
6234,6371
6233,6365
6229,6364
6215,6362
6209,6352
6226,6368
6225,6370
6228,6372
6222,6339
6221,6358
6236,6352
6224,6364
6223,6366
6214,6361
6238,6358
6236,6365
6239,6345
6224,6351
6231,6355
6225,6352
6217,6384
6220,6372
6221,6361
6228,6388
6239,6370
6225,6355
6220,6365
6219,6363
6224,6382
6223,6369
6223,6409
6220,6400
6223,6393
6232,6388
6235,6368
6219,6378
6222,6393
6218,6372
6225,6365
6215,6361
6217,6377
6215,6396
6211,6376
6230,6386
6216,6396
6219,6403
6209,6375
6228,6405
6223,6391
6222,6370
6222,6392
6223,6360
6238,6374
6222,6353
6225,6337
6216,6364
6214,6370
6226,6393
6207,6395
6207,6393
6229,6401
6243,6385
6225,6382
6226,6384
6226,6351
6224,6360
6221,6339
6226,6363
6230,6383
6214,6370
6231,6414
6221,6387
6216,6384
6222,6409
6230,6401
6222,6390
6208,6398
6220,6395
6210,6367
6212,6369
6226,6389
6222,6382
6223,6352
6232,6376
6215,6385
6205,6402
6216,6373
6208,6358
6209,6387
6217,6379
6225,6379
6216,6383
6236,6366
6226,6405
6231,6398
6214,6398
6215,6393
6208,6387
6198,6399
6212,6446
6218,6388
6213,6406
6195,6418
6215,6383
6216,6400
6211,6413
6217,6410
6220,6369
6219,6394
6218,6382
6214,6388
6205,6396
6213,6385
6213,6370
6206,6396
6219,6375
6202,6368
6210,6366
6210,6355
6222,6379
6207,6369
6215,6370
6201,6355
6202,6355
6209,6337
6215,6330
6204,6356
6212,6360
6210,6362
6196,6361
6213,6378
6207,6362
6209,6355
6210,6380
6205,6354
6200,6357
6191,6342
6205,6331
6213,6331
6223,6352
6228,6351
6202,6383
6206,6389
6199,6374
6201,6384
6204,6385
6221,6378
6204,6380
6213,6381
6209,6354
6222,6379
6204,6384
6207,6380
6212,6402
6202,6383
6206,6382
6202,6382
6180,6379
6206,6396
6220,6404
6197,6387
6205,6388
6196,6369
6202,6364
6201,6378
6209,6385
6201,6376
6201,6376
6210,6360
6195,6383
6242,6385
6197,6368
6110,6312
6210,6380
6209,6375
6181,6337
6176,6327
6223,6356
6192,6358
6194,6350
6202,6331
6206,6367
6188,6385
6213,6354
6208,6368
6211,6368
6212,6366
6201,6358
6211,6376
6191,6407
6202,6412
6209,6401
6193,6401
6201,6383
6193,6390
6198,6392
6196,6375
6203,6370
6200,6386
6209,6385
6199,6364
6194,6341
6201,6351
6215,6373
6213,6376
6224,6370
6209,6386
6211,6384
6205,6366
6219,6348
6206,6358
6203,6375
6203,6367
6205,6391
6196,6396
6207,6370
6219,6368
6202,6368
6202,6350
6203,6393
6203,6344
6193,6394
6184,6373
6204,6346
6206,6368
6203,6351
6208,6344
6203,6353
6207,6373
6193,6386
6200,6386
6191,6364
6211,6354
6211,6343
6210,6375
6213,6359
6203,6391
6207,6372
6213,6356
6202,6344
6205,6336
6212,6376
6214,6381
6221,6368
6216,6391
6206,6389
6218,6376
6227,6382
6207,6357
6211,6358
6210,6380
6212,6351
6211,6354
6212,6356
6200,6364
6202,6372
6211,6366
6210,6376
6211,6365
6203,6361
6215,6354
6215,6353
6215,6359
6207,6369
6207,6368
6204,6381
6205,6381
6211,6366
6218,6377
6228,6361
6209,6362
6208,6330
6196,6324
6200,6345
6194,6327
6216,6332
6211,6349
6210,6366
6213,6336
6210,6339
6208,6335
6217,6344
6210,6378
6227,6369
6213,6386
6239,6366
6235,6361
6222,6344
6220,6358
6225,6350
6226,6341
6221,6337
6224,6327
6216,6324
6217,6349
6219,6341
6215,6327
6212,6340
6228,6348
6200,6332
6205,6324
6211,6333
6216,6328
6203,6289
6209,6301
6219,6330
6216,6332
6226,6308
6216,6343
6217,6358
6223,6347
6220,6313
6225,6313
6228,6335
6216,6340
6219,6334
6220,6341
6214,6328
6225,6352
6224,6329
6253,6336
6240,6319
6255,6347
6243,6346
6242,6371
6257,6356
6263,6336
6264,6330
6280,6349
6303,6329
6302,6350
6317,6362
6312,6380
6328,6393
6339,6357
6358,6383
6383,6386
6401,6391
6436,6389
6468,6379
6495,6368
6501,6388
6546,6340
6586,6333
6607,6326
6618,6350
6638,6342
6648,6335
6677,6330
6720,6339
6747,6338
6827,6335
6880,6353
7001,6349
7166,6340
7336,6349
7415,6353
7557,6353
7570,6342
7553,6345
7453,6334
7378,6344
7270,6328
7237,6332
7207,6321
7211,6346
7238,6316
7250,6340
7300,6340
7257,6361
7207,6358
7102,6364
7002,6397
6886,6388
6826,6414
6757,6437
6717,6447
6727,6490
6689,6515
6728,6542
6771,6585
6860,6647
6957,6657
7034,6715
7119,6762
7205,6786
7288,6806
7401,6823
7577,6780
7743,6787
7889,6722
8080,6680
8286,6647
8451,6623
8610,6618
8778,6588
8896,6590
8923,6604
8994,6607
9043,6623
9038,6636
9012,6662
9005,6706
8911,6697
8779,6765
8680,6798
8445,6891
8279,6963
8132,7024
7911,7112
7771,7140
7527,7244
7312,7352
7222,7428
7130,7450
7079,7445
7018,7476
6968,7536
6954,7612
6985,7624
7006,7589
7096,7551
7131,7561
7258,7582
7424,7483
7583,7385
7844,7319
8115,7289
8336,7218
8618,7149
8987,7092
9304,7021
9631,6942
9932,6862
10294,6751
10518,6710
10733,6712
10855,6682
10828,6696
10611,6381
10742,6690
10753,6746
10891,6883
10626,6863
10398,7046
10139,7158
9897,7298
9572,7405
9270,7566
9005,7641
8727,7763
8373,7850
8143,7978
7887,8076
7733,8158
7524,8275
7357,8228
7225,8258
7066,8304
6959,8365
6901,8397
6842,8366
6829,8309
6874,8300
6953,8170
7058,8073
7196,7958
7372,7832
7444,7657
7627,7511
7778,7402
7951,7265
8145,7138
8303,6989
8475,6851
8764,6774
8933,6691
9111,6697
9352,6718
9667,6732
9636,6804
9692,6916
9831,7074
9894,7244
9909,7392
9869,7614
9777,7827
9599,7939
9228,8063
8947,8208
8745,8337
8419,8496
8124,8603
7860,8754
7640,8833
7427,8713
7207,8730
7058,8759
6936,8693
6840,8583
6816,8513
6773,8491
6817,8451
6858,8355
6923,8238
7040,8127
7175,7897
7259,7704
7361,7571
7487,7460
7716,7321
7839,7173
8016,7077
8155,6949
8351,6853
8506,6778
8552,6714
8718,6693
8837,6640
8879,6633
8934,6647
9005,6688
9045,6744
8973,6817
9036,6938
8898,7110
8814,7282
8785,7536
8745,7745
8660,8044
8563,8275
8335,8462
8113,8586
7892,8826
7711,8848
7543,8873
7309,8944
7165,9007
7023,9081
6914,9039
6828,8932
6743,8907
6672,8811
6646,8641
6582,8547
6611,8417
6605,8262
6679,8094
6741,7952
6825,7741
6944,7596
7105,7453
7308,7355
7485,7185
7674,7024
7872,6895
8049,6821
8239,6766
8364,6662
8612,6631
8792,6585
8900,6556
9008,6545
9052,6553
9091,6587
9134,6630
9077,6713
9017,6782
8993,6907
8846,7061
8786,7174
8630,7267
8561,7484
8418,7639
8271,7772
8064,7942
7920,8087
7759,8176
7656,8292
7492,8341
7349,8394
7144,8418
7017,8410
6868,8412
6766,8392
6708,8316
6641,8308
6635,8205
6612,8070
6623,7971
6664,7810
6689,7697
6782,7594
6882,7426
6954,7310
7094,7155
7282,6997
7430,6937
7597,6831
7740,6694
7948,6625
8051,6576
8256,6517
8288,6488
8505,6477
8534,6512
8564,6536
8536,6598
8538,6626
8531,6713
8514,6780
8594,6876
8502,7009
8395,7093
8254,7212
8138,7321
8050,7379
7924,7522
7748,7687
7582,7733
7416,7850
7301,7929
7183,7958
7048,7998
6916,8015
6784,8041
6695,8041
6611,8051
6557,8042
6535,8021
6528,7925
6561,7890
6638,7785
6705,7650
6795,7536
6926,7425
7100,7264
7225,7129
7362,7007
7506,6973
7673,6830
7849,6700
7945,6609
8093,6550
8155,6518
8269,6513
8314,6476
8407,6490
8435,6504
8370,6567
8371,6610
8305,6670
8197,6743
8135,6824
8108,6893
8045,7011
7971,7122
7898,7224
7845,7331
7720,7445
7587,7558
7554,7668
7385,7745
7311,7825
7187,7950
7073,8069
6958,8083
6822,8108
6710,8185
6630,8208
6569,8176
6540,8131
6544,7975
6580,7903
6647,7756
6728,7632
6797,7505
6940,7377
7079,7200
7225,7081
7404,6952
7567,6834
7754,6741
7872,6642
7960,6575
8057,6540
8162,6475
8179,6472
8243,6455
8334,6450
8332,6474
8317,6502
8234,6523
8287,6567
8183,6612
8102,6666
8019,6737
7945,6822
7850,6916
7729,7010
7622,7095
7534,7234
7442,7355
7370,7470
7308,7591
7316,7705
7175,7805
7107,7903
7025,8010
6963,8092
6902,8089
6794,8036
6757,8088
6686,7990
6620,7958
6597,7915
6657,7806
6684,7707
6739,7617
6822,7472
6922,7374
7101,7210
7338,7068
7506,6934
7714,6875
7914,6768
8055,6677
8197,6601
8354,6555
8548,6536
8706,6542
8673,6533
8707,6567
8793,6559
8750,6572
8697,6631
8672,6681
8625,6699
8577,6782
8509,6779
8350,6858
8290,6903
8199,6973
8010,7053
7890,7150
7733,7252
7590,7383
7465,7522
7331,7597
7207,7689
7109,7754
7004,7895
6902,7981
6868,7948
6795,8038
6703,8084
6699,8064
6665,8085
6652,8021
6661,7936
6708,7780
6766,7652
6883,7511
7032,7345
7168,7174
7297,7057
7464,6939
7694,6842
7862,6754
8075,6653
8222,6570
8382,6542
8503,6529
8592,6523
8685,6519
8698,6514
8684,6561
8679,6606
8710,6696
8659,6789
8627,6871
8568,6956
8407,7039
8191,7194
7986,7362
7906,7453
7846,7565
7792,7636
7688,7784
7524,7854
7406,7932
7292,8016
7238,8152
7191,8152
7132,8224
7003,8218
6960,8211
6856,8220
6787,8206
6709,8177
6715,8080
6751,7952
6723,7875
6768,7777
6879,7694
7020,7531
7142,7426
7288,7252
7546,7168
7879,6989
8050,6826
8376,6734
8637,6631
8745,6550
8960,6543
9036,6567
8987,6542
9050,6541
8973,6543
9044,6585
9115,6619
9120,6665
9069,6702
8923,6746
8849,6811
8687,6890
8497,6939
8370,7075
8095,7175
7863,7274
7754,7364
7706,7443
7452,7545
7328,7622
7295,7783
7207,7929
7088,8080
6977,8135
6908,8183
6891,8230
6842,8348
6752,8277
6727,8187
6733,8164
6758,8113
6854,7996
6880,7832
7035,7728
7118,7559
7280,7351
7396,7210
7580,7075
7754,6944
7908,6824
8086,6711
8292,6630
8462,6551
8545,6492
8659,6497
8737,6495
8792,6502
8855,6543
8891,6605
8861,6674
8810,6762
8780,6846
8763,6944
8713,7041
8558,7117
8434,7219
8291,7355
8108,7422
7961,7515
7827,7592
7685,7662
7493,7692
7275,7730
7138,7879
7036,7880
6901,7951
6772,7981
6683,7941
6636,7973
6616,7932
6617,7940
6615,7914
6655,7857
6721,7758
6800,7765
6861,7618
6970,7486
7100,7348
7219,7218
7387,7149
7579,7019
7805,6932
8006,6773
8145,6698
8401,6607
8644,6564
8872,6528
8977,6547
9120,6502
9261,6528
9324,6552
9527,6616
9519,6638
9483,6733
9477,6786
9364,6885
9178,7007
9079,7112
8876,7240
8756,7313
8619,7419
8370,7488
8133,7583
7939,7729
7619,7818
7384,7885
7257,7969
7089,8024
6937,8008
6850,8056
6799,8014
6742,7949
6691,7914
6706,7917
6770,7860
6815,7741
6912,7714
7075,7608
7146,7520
7309,7425
7507,7327
7727,7153
7878,6997
8088,6864
8302,6741
8449,6655
8597,6577
8667,6509
8692,6466
8827,6487
8987,6512
9006,6552
8974,6580
8998,6658
9090,6745
9083,6888
9065,7019
9013,7154
8878,7323
8760,7549
8578,7724
8476,7873
8456,8057
8368,8228
8125,8392
7968,8558
7792,8668
7576,8732
7463,8859
7344,8883
7195,8914
7082,8873
6962,8768
6854,8698
6823,8590
6815,8480
6873,8412
6942,8303
7026,8193
7202,8056
7807,8302
7634,7971
7736,7556
8168,7498
8428,7336
8640,7135
8949,7007
9291,6905
9601,6894
9856,6793
10061,6758
10041,6725
10047,6703
10015,6691
10147,6738
10211,6805
10212,6836
10128,6858
10075,6955
10062,7038
9993,7192
9989,7360
9978,7522
9756,7718
9526,7883
9342,7986
9191,8198
8976,8322
8730,8449
8528,8580
8284,8754
8014,8841
7798,8943
7585,8972
7375,8972
7192,8987
7005,8963
6926,8777
6905,8716
6909,8566
6957,8364
7122,8239
7316,8038
7500,7857
7751,7655
8066,7411
8244,7232
8621,7082
8948,6988
9204,6867
9441,6764
9768,6734
10003,6689
10315,6694
10616,6725
10855,6787
10964,6858
10868,6916
10761,7008
10978,7108
11172,7216
11121,7321
10898,7430
10726,7642
10375,7830
10136,8060
9822,8237
9537,8487
9137,8736
8774,8982
8530,9193
8249,9306
8070,9512
7876,9679
7618,9828
7382,9979
7245,9925
7088,9929
7012,9836
6950,9640
7008,9536
7095,9463
7218,9257
7447,9050
7664,8771
7899,8472
8169,8239
8544,8042
8950,7747
9251,7556
9574,7288
9986,7134
10238,7019
10503,6878
10703,6772
11044,6696
11323,6656
11475,6639
11754,6719
11787,6788
11675,6934
11701,7116
11669,7328
11816,7578
11704,7912
11418,8214
11201,8447
10953,8710
10681,8981
10379,9244
10171,9472
9725,9668
9263,9912
8902,10161
8558,10206
8274,10241
7963,10302
7675,10298
7436,10468
7214,10462
7074,10515
6997,10353
7015,10144
7076,9777
7146,9568
7331,9332
7549,9090
7773,8824
8099,8427
8457,8168
8711,7878
9042,7719
9453,7459
9823,7308
10115,7122
10423,6978
10885,6896
11165,6831
11286,6776
11410,6809
11420,6846
11481,6894
11375,7012
11289,7161
11235,7325
11002,7489
10601,7715
10071,7995
9910,8236
9334,8567
8960,8850
8483,9187
8090,9499
7907,9906
7629,10089
7207,10336
6792,10452
6502,10474
6325,10570
6249,10546
6220,10441
6186,10488
6183,10369
6166,10271
6152,10095
6164,9924
6161,9582
6149,9287
6140,9007
6147,8768
6153,8453
6143,8124
6139,7789
6142,7491
6132,7282
6127,7031
6115,6872
6119,6714
6123,6596
6125,6554
6114,6532
6118,6533
6124,6623
6122,6759
6114,6975
6122,7118
6118,7330
6125,7539
6130,7805
6112,8015
6117,8228
6117,8319
6119,8319
6115,8362
6108,8368
6113,8368
6111,8379
6117,8494
6113,8488
6107,8423
6115,8413
6118,8422
6118,8496
6106,8383
6117,8282
6105,8024
6111,7847
6101,7743
6103,7614
6109,7306
6115,6941
6107,6586
6108,6384
6112,6260
6115,6203
6099,6176
6107,6171
6100,6165
6101,6146
6112,6169
6102,6149
6100,6152
6115,6173
6106,6168
6108,6152
6106,6157
6103,6175
6112,6149
6106,6114
6106,6088
6103,6070
6111,6076
6119,6059
6096,6044
6106,6056
6107,6061
6104,6070
6108,6063
6113,6060
6107,6062
6103,6045
6109,6062
6107,6059
6100,6061
6102,6052
6107,6063
6104,6045
6112,6060
6102,6049
6108,6066
6110,6061
6118,6054
6106,6061
6100,6063
6105,6051
6106,6059
6104,6045
6103,6060
6107,6063
6106,6055
6111,6071
6107,6052
6110,6051
6098,6038
6112,6060
6117,6056
6106,6053
6107,6048
6146,6092
6173,6113
6110,6038
6085,6048
6106,6049
6112,6046
6127,6051
6113,6058
6110,6041
6102,6064
6109,6048
6124,6055
6095,6052
6112,6051
6109,6055
6104,6054
6116,6053
6103,6049
6109,6044
6118,6050
6115,6035
6113,6038
6104,6051
6114,6041
6118,6056
6114,6046
6118,6058
6115,6053
6109,6048
6111,6056
6115,6048
6116,6048
6115,6042
6114,6035
6118,6040
6118,6051
6109,6049
6120,6053
6106,6047
6108,6049
6112,6048
6112,6050
6105,6044
6117,6043
6111,6055
6105,6048
6103,6055
6113,6049
6106,6040
6106,6045
6114,6048
6104,6053
6106,6044
6108,6048
6098,6053
6106,6048
6106,6052
6108,6048
6102,6047
6110,6048
6114,6049
6110,6042
6103,6051
6112,6057
6095,6052
6106,6049
6114,6047
6112,6048
6104,6055
6104,6053
6104,6047
6105,6054
6112,6052
6109,6058
6110,6047
6111,6044
6113,6048
6110,6061
6109,6044
6115,6048
6105,6055
6113,6041
6119,6051
6104,6044
6112,6049
6104,6060
6114,6045
6111,6029
6095,6030
6094,6066
6105,6038
6114,6042
6127,6051
6108,6053
6107,6057
6099,6037
6103,6042
6103,6044
6105,6056
6113,6061
6097,6051
6100,6061
6107,6055
6110,6043
6105,6054
6101,6047
6115,6052
6110,6048
6102,6043
6104,6046
6110,6050
6107,6040
6115,6061
6107,6055
6094,6056
6112,6039
6103,6048
6110,6049
6108,6059
6107,6064
6110,6057
6103,6033
6104,6041
6107,6054
6105,6045
6112,6040
6101,6044
6100,6052
6102,6036
6095,6042
6117,6057
6105,6042
6107,6048
6104,6038
6097,6046
6100,6054
6097,6049
6112,6051
6111,6045
6105,6053
6102,6048
6116,6058
6100,6048
6108,6045
6107,6036
6101,6024
6094,6041
6098,6044
6101,6047
6095,6056
6103,6043
6101,6041
6094,6056
6098,6054
6103,6055
6096,6049
6094,6047
6100,6044
6096,6047
6104,6032
6097,6049
6102,6034
6108,6048
6104,6048
6098,6053
6100,6056
6107,6042
6106,6044
6111,6053
6106,6050
6097,6047
6106,6051
6099,6041
6095,6050
6109,6050
6104,6054
6099,6050
6101,6053
6099,6047
6099,6044
6098,6054
6103,6045
6090,6050
6105,6046
6119,6050
6102,6041
6100,6043
6106,6038
6105,6047
6099,6042
6111,6050
6105,6031
6110,6057
6113,6051
6108,6047
6112,6052
6106,6054
6108,6052
6097,6036
6097,6040
6103,6050
6097,6033
6112,6062
6105,6048
6101,6043
6111,6063
6103,6063
6110,6052
6120,6064
6114,6058
6112,6040
6108,6052
6096,6058
6113,6051
6117,6043
6102,6048
6108,6066
6104,6045
6109,6050
6108,6037
6103,6049
6096,6070
6106,6060
6110,6065
6110,6051
6108,6057
6116,6044
6105,6055
6109,6066
6112,6066
6108,6055
6111,6043
6110,6058
6108,6064
6108,6054
6112,6053
6114,6047
6105,6046
6107,6056
6103,6056
6105,6047
6097,6041
6111,6049
6107,6052
6111,6048
6110,6047
6108,6038
6108,6046
6102,6065
6104,6056
6112,6048
6113,6039
6106,6046
6098,6042
6102,6049
6102,6049
6093,6032
6110,6046
6110,6048
6103,6042
6104,6041
6102,6042
6109,6026
6104,6057
6100,6051
6103,6005
6107,6042
6112,6056
6110,6054
6098,6050
6407,6411
6139,6088
6078,6039
6099,6043
6082,6021
6108,6053
6103,6047
6077,6036
6102,6044
6112,6052
6109,6042
6101,6043
6101,6052
6109,6032
6100,6058
6103,6048
6099,6041
6105,6049
6101,6054
6099,6045
6108,6043
6099,6049
6103,6040
6111,6058
6108,6050
6107,6046
6104,6035
6111,6041
6116,6047
6108,6046
6101,6030
6100,6043
6099,6050
6103,6050
6109,6040
6122,6062
6104,6051
6109,6046
6113,6042
6109,6041
6121,6039
6103,6052
6109,6044
6115,6047
6110,6060
6111,6059
6108,6043
6109,6054
6112,6044
6119,6055
6112,6047
6120,6035
6116,6048
6119,6059
6126,6056
6111,6059
6113,6047
6114,6047
6115,6047
6120,6048
6113,6033
6116,6053
6113,6056
6102,6051
6114,6042
6111,6058
6111,6057
6107,6058
6104,6021
6109,6044
6118,6052
6113,6049
6108,6048
6113,6039
6098,6026
6106,6049
6108,6046
6110,6047
6111,6056
6105,6046
6111,6040
6117,6058
6104,6045
6111,6050
6118,6063
6111,6058
6120,6056
6105,6035
6112,6045
6111,6050
6101,6045
6113,6046
6118,6058
6116,6061
6112,6067
6108,6055
6105,6041
6112,6051
6104,6048
6117,6049
6114,6037
6114,6054
6116,6046
6109,6050
6121,6037
6113,6058
6112,6043
6115,6049
6113,6043
6111,6036
6118,6034
6111,6039
6118,6055
6121,6057
6099,6046
6112,6048
6111,6056
6118,6053
6112,6057
6112,6053
6107,6059
6117,6037
6118,6046
6111,6058
6101,6041
6106,6044
6114,6049
6125,6056
6108,6052
6107,6053
6126,6060
6115,6067
6107,6040
6114,6051
6118,6047
6116,6058
6116,6054
6118,6062
6113,6051
6124,6054
6118,6060
6121,6051
6103,6049
6113,6039
6120,6042
6116,6053
6108,6063
6116,6054
6117,6050
6117,6048
6114,6053
6122,6057
6126,6056
6118,6057
6112,6047
6120,6054
6111,6053
6120,6059
6115,6065
6109,6052
6125,6048
6130,6051
6109,6065
6119,6058
6119,6054
6115,6056
6120,6036
6120,6057
6116,6064
6119,6050
6115,6052
6110,6056
6114,6064
6114,6056
6122,6056
6115,6053
6121,6046
6114,6043
6121,6046
6124,6056
6124,6056
6119,6051
6114,6038
6116,6059
6124,6054
6118,6046
6117,6058
6119,6047
6118,6052
6117,6047
6114,6057
6115,6034
6111,6053
6119,6045
6112,6060
6120,6049
6121,6051
6117,6053
6117,6050
6120,6050
6111,6055
6116,6060
6115,6044
6115,6044
6117,6052
6119,6055
6120,6060
6113,6048
6111,6058
6119,6057
6116,6068
6116,6057
6124,6061
6120,6046
6119,6049
6116,6050
6123,6063
6118,6049
6114,6065
6120,6049
6119,6059
6112,6044
6120,6058
6121,6044
6114,6059
6114,6059
6112,6051
6117,6056
6124,6046
6115,6040
6122,6040
6112,6049
6119,6050
6114,6057
6119,6054
6121,6059
6122,6040
6117,6054
6127,6057
6114,6046
6110,6062
6116,6044
6123,6061
6124,6065
6120,6067
6120,6054
6108,6065
6108,6065
6119,6060
6115,6047
0,26
0,61680
0,0
6115,6054
5602,5560
5604,5579
5609,5570
5599,5568
5599,5574
5603,5575
5606,5585
5601,5575
5826,5755
6316,6268
6270,6271
6265,6304
6279,6319
6285,6294
6293,6286
6299,6268
6287,6279
6275,6301
6275,6290
6291,6297
6282,6293
6257,6307
6281,6290
6282,6310
6299,6315
6288,6310
6294,6297
6304,6282
6297,6296
6296,6305
6271,6291
6286,6279
6298,6313
6291,6335
6294,6319
6290,6325
6292,6330
6287,6322
6279,6314
6278,6306
6286,6293
6271,6297
6276,6288
6284,6296
6271,6291
6287,6278
6283,6303
6296,6299
6265,6315
6277,6286
6289,6294
6280,6300
6290,6285
6295,6287
6293,6297
6291,6271
6297,6285
6302,6288
6275,6261
6289,6289
6300,6327
6297,6335
6301,6349
6285,6321
6298,6333
6295,6324
6296,6307
6300,6328
6293,6334
6291,6319
6303,6313
6283,6306
6301,6278
6296,6307
6311,6315
6295,6313
6289,6303
6283,6313
6278,6301
6283,6256
6293,6298
6273,6298
6299,6307
6288,6301
6279,6300
6308,6310
6295,6297
6294,6304
6284,6310
6280,6318
6281,6313
6289,6327
6299,6320
6304,6339
6302,6323
6304,6332
6279,6292
6266,6289
6273,6327
6270,6300
6269,6303
6279,6295
6271,6299
6278,6314
6257,6321
6262,6338
6275,6329
6282,6306
6273,6307
6266,6306
6261,6293
6267,6304
6261,6315
6280,6332
6275,6315
6275,6323
6295,6351
6270,6357
6284,6341
6298,6330
6305,6299
6316,6289
6293,6297
6291,6307
6278,6280
6296,6340
6295,6331
6271,6332
6263,6314
6279,6327
6274,6344
6273,6310
6295,6322
6267,6327
6276,6334
6279,6310
6271,6307
6264,6316
6287,6283
6281,6326
6270,6326
6273,6308
6266,6298
6282,6306
6278,6324
6288,6337
6289,6316
6259,6331
6270,6320
6260,6318
6261,6331
6250,6317
6270,6329
6278,6331
6273,6325
6280,6317
6278,6327
6291,6323
6278,6328
6275,6307
6279,6326
6262,6328
6251,6357
6319,6377
6121,6174
6291,6388
6197,6301
6253,6340
6241,6345
6268,6339
6252,6318
6253,6326
6264,6340
6250,6352
6250,6317
6250,6352
6254,6332
6270,6331
6276,6324
6272,6302
6277,6342
6290,6317
6271,6339
6273,6336
6282,6354
6280,6351
6267,6336
6262,6309
6260,6354
6268,6330
6271,6325
6262,6332
6280,6332
6289,6327
6297,6335
6266,6354
6289,6352
6288,6334
6275,6341
6252,6314
6277,6344
6267,6340
6265,6326
6258,6346
6289,6378
6284,6360
6278,6340
6270,6347
6268,6338
6248,6338
6253,6338
6250,6330
6247,6342
6257,6324
6270,6343
6256,6341
6260,6351
6267,6337
6258,6349
6264,6337
6233,6295
6257,6346
6245,6343
6233,6354
6245,6359
6259,6375
6246,6345
6255,6346
6267,6345
6246,6346
6243,6338
6246,6339
6243,6347
6238,6342
6245,6355
6240,6350
6249,6336
6250,6316
6246,6321
6237,6345
6259,6338
6253,6366
6238,6353
6232,6389
6236,6397
6242,6394
6267,6385
6219,6388
6245,6361
6245,6372
6253,6372
6244,6337
6258,6340
6240,6310
6240,6346
6244,6361
6239,6383
6230,6378
6249,6371
6250,6385
6236,6363
6236,6346
6244,6339
6244,6327
6231,6351
6237,6325
6226,6362
6223,6353
6235,6333
6239,6320
6241,6329
6235,6359
6241,6341
6232,6344
6235,6342
6236,6354
6253,6336
6238,6378
6228,6393
6244,6374
6229,6361
6246,6381
6255,6378
6248,6379
6229,6371
6236,6375
6236,6378
6230,6355
6220,6359
6225,6368
6227,6368
6214,6384
6226,6358
6233,6362
6232,6348
6233,6366
6239,6357
6230,6372
6220,6352
6235,6354
6224,6369
6233,6350
6227,6368
6211,6366
6221,6338
6213,6382
6231,6370
6237,6368
6232,6393
6239,6386
6219,6375
6214,6377
6219,6338
6218,6379
6225,6382
6241,6408
6226,6405
6214,6390
6230,6390
6224,6378
6216,6374
6217,6391
6222,6370
6222,6386
6219,6346
6213,6376
6223,6402
6219,6378
6222,6422
6223,6402
6231,6413
6227,6381
6208,6377
6222,6402
6227,6389
6233,6372
6207,6367
6237,6353
6225,6342
6239,6346
6224,6369
6217,6391
6222,6391
6210,6397
6210,6360
6220,6400
6221,6371
6214,6391
6219,6383
6219,6349
6206,6346
6210,6332
6230,6377
6232,6401
6231,6382
6231,6384
6234,6377
6223,6385
6247,6413
6220,6401
6222,6385
6216,6407
6220,6393
6212,6363
6213,6382
6224,6369
6222,6366
6222,6392
6223,6392
6210,6385
6218,6397
6217,6385
6204,6386
6199,6389
6217,6379
6218,6407
6212,6388
6225,6379
6222,6392
6230,6389
6208,6396
6216,6374
6216,6387
6192,6403
6205,6432
6211,6388
6222,6415
6199,6403
6212,6386
6201,6400
6203,6416
6211,6410
6209,6395
6209,6398
6200,6387
6207,6401
6209,6386
6222,6383
6211,6390
6206,6399
6202,6389
6208,6378
6214,6369
6204,6390
6220,6378
6219,6392
6215,6384
6206,6369
6209,6363
6209,6349
6212,6364
6196,6370
6210,6352
6208,6363
6201,6373
6205,6387
6197,6373
6209,6369
6191,6373
6214,6352
6197,6362
6189,6337
6208,6339
6214,6346
6215,6357
6211,6355
6203,6383
6193,6400
6195,6390
6206,6371
6175,6387
6214,6378
6051,6390
6053,5980
6082,6176
6262,6476
6228,6338
6146,6339
6155,6376
6193,6369
6202,6373
6194,6385
6183,6357
6208,6363
6212,6408
6204,6371
6204,6387
6197,6383
6206,6359
6202,6358
6216,6384
6202,6368
6198,6381
6211,6366
6202,6373
6197,6365
6190,6371
6202,6383
6204,6363
6197,6392
6218,6359
6196,6358
6202,6355
6203,6352
6204,6349
6207,6364
6200,6354
6191,6374
6202,6375
6217,6367
6209,6374
6207,6383
6205,6374
6211,6378
6193,6395
6206,6416
6203,6392
6203,6402
6197,6387
6196,6362
6193,6373
6196,6367
6198,6346
6197,6390
6202,6373
6191,6378
6195,6359
6208,6359
6219,6363
6202,6389
6228,6369
6204,6391
6205,6379
6199,6393
6219,6370
6195,6371
6202,6381
6198,6402
6208,6411
6209,6400
6204,6375
6223,6369
6212,6386
6202,6350
6202,6371
6201,6343
6191,6352
6202,6364
6209,6357
6218,6367
6222,6358
6203,6350
6207,6370
6203,6358
6212,6364
6204,6392
6203,6373
6211,6358
6204,6329
6215,6363
6218,6364
6222,6370
6232,6378
6220,6343
6206,6354
6206,6337
6221,6368
6212,6374
6232,6372
6207,6392
6218,6368
6225,6371
6223,6384
6209,6369
6195,6331
6208,6362
6204,6350
6220,6359
6203,6354
6210,6342
6224,6349
6208,6364
6209,6369
6204,6359
6208,6369
6215,6355
6201,6203
6206,6347
6201,6368
6208,6366
6206,6382
6207,6371
6209,6377
6203,6389
6231,6363
6221,6336
6218,6329
6194,6336
6198,6323
6204,6332
6213,6338
6219,6342
6218,6354
6213,6358
6212,6345
6199,6334
6214,6366
6216,6348
6222,6386
6223,6375
6222,6371
6237,6358
6218,6345
6210,6372
6209,6353
6224,6342
6223,6316
6211,6315
6224,6324
6225,6359
6223,6322
6218,6336
6222,6333
6230,6353
6214,6340
6204,6336
6207,6342
6218,6325
6216,6308
6209,6322
6228,6304
6211,6317
6223,6317
6229,6350
6231,6351
6233,6344
6228,6302
6224,6344
6229,6336
