Channel 1,Channel 2
13938,10587
13755,11252
13531,11636
13153,11926
12895,12386
12672,12736
12465,13116
12287,13207
12094,13375
11461,13249
10902,13236
10539,13096
9998,13112
9564,13174
8985,12747
8451,12149
8174,11918
7834,11870
7356,11547
6914,10925
6594,10454
6387,10055
6290,9616
6245,9191
6225,9095
6210,8686
6200,8467
6194,8188
6178,7960
6179,7715
6170,7517
6162,7427
6165,7263
6172,7195
6166,7135
6160,7195
6138,7186
6126,7307
6134,7495
6138,7666
6151,7878
6136,7973
6121,8172
6116,8451
6142,8762
6125,9241
6126,9896
6118,10128
6135,10768
6119,11239
6124,11748
6123,11970
6121,12190
6124,12511
6124,12989
6118,12776
6131,12656
6103,12659
6128,12526
6111,12378
6112,12191
6118,12286
6118,11926
6122,11662
6113,11441
6120,11296
6107,11040
6115,10917
6109,10508
6112,9762
6116,9036
6108,8737
6121,8353
6112,7736
6114,7105
6112,6678
6105,6461
6105,6344
6106,6300
6098,6263
6111,6235
6112,6197
6103,6205
6108,6194
6113,6166
6103,6158
6105,6158
6102,6135
6107,6131
6096,6113
6103,6107
6101,6082
6108,6088
6109,6097
6094,6063
6101,6093
6103,6082
6104,6085
6103,6078
6106,6078
6107,6084
6099,6069
6109,6075
6112,6072
6098,6075
5936,5922
5992,5949
6178,6159
6076,6048
6088,6066
6064,6029
6107,6060
6112,6082
6107,6071
6110,6075
6098,6054
6103,6053
6095,6059
6103,6072
6103,6067
6113,6061
6108,6069
6104,6067
6110,6057
6098,6072
6113,6055
6111,6068
6105,6064
6108,6056
6110,6064
6117,6058
6118,6060
6114,6058
6100,6054
6115,6062
6107,6055
6103,6055
6110,6060
6112,6062
6111,6063
6118,6064
6107,6048
6107,6056
6105,6061
6101,6053
6100,6055
6099,6060
6104,6060
6110,6051
6113,6050
6113,6056
6103,6062
6107,6057
6108,6057
6110,6055
6105,6052
6115,6054
6115,6056
6107,6050
6103,6057
6103,6068
6110,6057
6107,6044
6110,6046
6103,6056
6110,6038
6111,6054
6104,6054
6104,6050
6109,6063
6105,6058
6105,6047
6106,6050
6104,6056
6105,6054
6106,6047
6108,6049
6101,6044
6102,6051
6108,6065
6102,6059
6099,6072
6096,6060
6101,6057
6104,6054
6101,6042
6103,6056
6110,6054
6113,6049
6109,6047
6106,6042
6108,6051
6102,6054
6096,6050
6098,6048
6110,6055
6116,6040
6095,6036
6099,6055
6104,6051
6101,6049
6098,6069
6111,6050
6101,6045
6097,6060
6104,6060
6107,6046
6103,6051
6102,6053
6101,6060
6111,6063
6107,6048
6098,6047
6099,6063
6107,6053
6103,6061
6099,6045
6105,6053
6102,6063
6099,6043
6104,6057
6122,6058
6101,6046
6112,6058
6099,6041
6098,6050
6099,6043
6103,6054
6106,6062
6090,6058
6096,6062
6109,6044
6108,6052
6097,6053
6106,6049
6101,6054
6105,6055
6098,6055
6104,6043
6102,6058
6108,6057
6114,6048
6097,6067
6096,6050
6105,6061
6099,6042
6103,6053
6108,6050
6117,6056
6100,6055
6100,6049
6097,6062
6101,6045
6094,6053
6106,6043
6103,6039
6103,6056
6092,6038
6102,6039
6107,6063
6102,6045
6095,6049
6100,6054
6095,6039
6094,6049
6098,6051
6101,6050
6107,6060
6104,6044
6101,6062
6114,6051
6104,6041
6105,6046
6110,6059
6104,6050
6094,6046
6099,6055
6101,6054
6103,6046
6109,6055
6100,6058
6088,6053
6090,6042
6102,6044
6104,6046
6090,6056
6104,6050
6094,6063
6102,6059
6089,6049
6109,6035
6104,6052
6095,6052
6112,6060
6098,6049
6099,6039
6094,6046
6100,6044
6097,6056
6096,6050
6100,6042
6088,6046
6102,6047
6106,6056
6098,6055
6095,6060
6107,6062
6091,6055
6098,6056
6096,6058
6097,6043
6101,6054
6100,6038
6110,6055
6098,6049
6090,6056
6104,6052
6096,6058
6098,6059
6099,6067
6105,6047
6105,6050
6109,6060
6103,6056
6089,6065
6103,6037
6103,6046
6096,6039
6094,6056
6099,6058
6107,6048
6104,6058
6104,6047
6094,6049
6115,6053
6097,6064
6111,6057
6106,6055
6103,6064
6098,6061
6098,6051
6103,6051
6106,6053
6111,6057
6104,6062
6104,6063
6096,6051
6100,6045
6108,6056
6099,6207
6109,6057
6096,6058
6109,6060
6110,6051
6110,6058
6112,6051
6107,6055
6108,6058
6116,6064
6100,6050
6113,6045
6105,6061
6102,6049
6098,6060
6110,6063
6111,6048
6103,6055
6098,6057
6104,6056
6097,6064
6099,6063
6110,6050
6102,6053
6212,6094
6179,6022
6109,6633
6136,6090
6150,6125
6156,6079
6154,6103
6078,6026
6094,6047
6092,6042
6092,6042
6100,6063
6092,6042
6104,6052
6113,6058
6106,6059
6101,6037
6103,6046
6106,6053
6106,6053
6098,6065
6094,6032
6104,6046
6102,6052
6104,6061
6105,6055
6105,6061
6095,6056
6095,6056
6089,6051
6103,6052
6107,6052
6105,6055
6094,6060
6103,6051
6103,6054
6099,6038
6099,6056
6093,6059
6105,6059
6093,6057
6102,6056
6108,6041
6102,6063
6103,6056
6093,6057
6106,6050
6092,6059
6093,6080
6107,6061
6103,6058
6087,6047
6104,6049
6114,6061
6110,6052
6106,6063
6096,6048
6098,6059
6097,6059
6107,6053
6108,6056
6107,6068
6101,6044
6111,6060
6097,6062
6114,6053
6112,6059
6103,6049
6097,6058
6112,6062
6110,6053
6111,6049
6110,6046
6117,6044
6108,6058
6113,6059
6109,6055
6113,6042
6120,6051
6126,6059
6122,6062
6114,6043
6105,6054
6108,6038
6112,6043
6107,6050
6118,6043
6111,6051
6119,6071
6112,6062
6104,6049
6107,6069
6111,6053
6112,6047
6112,6062
6108,6046
6113,6063
6111,6047
6103,6057
6105,6054
6107,6050
6105,6051
6106,6049
6115,6053
6111,6054
6110,6058
6105,6066
6110,6052
6108,6045
6115,6041
6115,6056
6108,6053
6110,6050
6106,6067
6100,6066
6108,6063
6101,6058
6101,6040
6110,6053
6108,6044
6108,6048
6112,6066
6106,6057
6105,6050
6107,6046
6118,6052
6117,6050
6110,6051
6101,6052
6109,6046
6113,6046
6115,6049
6110,6056
6110,6057
6108,6052
6120,6048
6112,6060
6103,6047
6117,6046
6114,6058
6101,6049
6109,6051
6104,6051
6115,6066
6113,6065
6113,6058
6104,6060
6115,6060
6115,6060
6109,6048
6105,6047
6098,6051
6113,6053
6117,6054
6107,6043
6116,6063
6119,6064
6112,6038
6099,6059
6111,6055
6110,6065
6113,6047
6108,6064
6111,6058
6116,6060
6116,6065
6124,6050
6124,6046
6103,6041
6125,6055
6121,6064
6106,6061
6113,6066
6111,6058
6104,6058
6112,6057
6110,6063
6115,6032
6119,6065
6117,6055
6112,6045
6117,6065
6111,6064
6118,6059
6111,6049
6113,6054
6122,6064
6123,6061
6118,6050
6118,6050
6110,6041
6121,6047
6114,6055
6114,6055
6110,6041
6112,6057
6112,6051
6116,6060
6113,6061
6115,6060
6116,6054
6116,6061
6123,6053
6110,6065
6119,6064
6108,6058
6113,6063
6116,6061
6118,6055
6115,6063
6116,6049
6116,6049
6115,6059
6118,6058
6112,6057
6111,6064
6120,6051
6116,6051
6107,6052
6115,6048
6116,6061
6121,6050
6116,6056
6114,6059
6117,6066
6112,6060
6115,6049
6114,6043
6111,6053
6118,6046
6119,6061
6113,6063
6123,6060
6123,6060
6113,6054
6123,6049
6105,6061
6116,6057
6108,6062
6109,6064
6112,6060
6115,6061
6111,6051
6122,6051
6110,6056
6113,6062
6115,6065
6116,6069
6119,6053
6112,6067
6115,6061
6115,6050
6108,6063
6112,6053
6116,6056
6115,6058
6115,6058
6117,6056
6117,6052
6114,6049
6117,6063
6109,6055
6114,6054
6119,6053
6115,6048
6120,6064
6106,6060
6116,6060
6109,6064
6106,6053
6120,6065
6112,6052
6111,6063
6111,6060
6116,6057
6116,6054
0,32
0,61680
0,0
6116,6050
5607,5575
5601,5573
5602,5585
5605,5576
5603,5580
5596,5587
5597,5582
5603,5574
5822,5757
6340,6309
6287,6304
6292,6289
6308,6288
6297,6320
6303,6323
6299,6314
6286,6311
6294,6308
6299,6328
6307,6324
6311,6345
6291,6319
6300,6333
6292,6309
6287,6298
6301,6321
6298,6321
6317,6333
6313,6339
6282,6318
6281,6349
6305,6341
6316,6349
6300,6349
6306,6340
6313,6354
6317,6323
6307,6322
6324,6354
6312,6351
6294,6341
6304,6330
6289,6356
6309,6345
6290,6344
6311,6320
6303,6333
6302,6336
6289,6327
6297,6323
6299,6337
6308,6332
6319,6315
6322,6348
6323,6311
6321,6320
6299,6322
6307,6328
6291,6324
6306,6320
6317,6328
6308,6318
6297,6306
6303,6308
6297,6308
6310,6320
6321,6332
6329,6336
6305,6337
6288,6325
6294,6303
6300,6299
6309,6338
6296,6307
6287,6322
6302,6299
6303,6328
6301,6348
6281,6327
6292,6330
6311,6324
6307,6327
6297,6324
6300,6321
6291,6340
6284,6324
6282,6324
6283,6337
6298,6313
6308,6326
6307,6327
6300,6337
6299,6341
6292,6322
6280,6357
6300,6345
6298,6344
6295,6325
6298,6325
6289,6308
6293,6307
6291,6314
6295,6334
6279,6320
6305,6330
6283,6327
6305,6328
6306,6323
6296,6322
6297,6329
6282,6303
6285,6342
6276,6307
6295,6331
6281,6320
6295,6321
6305,6345
6296,6344
6285,6345
6296,6349
6325,6356
6305,6344
6289,6341
6309,6349
6294,6319
6276,6321
6289,6337
6289,6330
6299,6323
6285,6339
6299,6334
6289,6328
6297,6317
6299,6332
6299,6321
6272,6310
6293,6310
6301,6318
6291,6327
6325,6364
6230,6242
6313,6379
6314,6403
6242,6269
6304,6353
6273,6339
6277,6349
6290,6323
6304,6315
6317,6347
6299,6338
6267,6332
6284,6338
6289,6350
6294,6334
6309,6345
6291,6337
6286,6335
6305,6329
6284,6348
6283,6337
6251,6343
6272,6352
6311,6357
6289,6367
6290,6341
6285,6339
6284,6339
6295,6344
6287,6356
6281,6358
6280,6340
6291,6352
6287,6351
6287,6346
6295,6366
6296,6342
6276,6333
6294,6353
6310,6351
6288,6326
6288,6339
6275,6327
6268,6352
6280,6351
6315,6351
6294,6361
6283,6347
6274,6344
6289,6359
6292,6354
6279,6359
6285,6347
6269,6341
6290,6352
6300,6375
6294,6351
6285,6378
6264,6387
6275,6376
6274,6369
6282,6361
6288,6355
6283,6349
6275,6334
6265,6373
6280,6353
6278,6339
6284,6348
6277,6371
6272,6375
6264,6361
6268,6383
6269,6363
6266,6366
6268,6363
6263,6383
6284,6394
6269,6382
6265,6369
6286,6385
6310,6364
6284,6374
6253,6363
6271,6376
6280,6407
6271,6347
6292,6380
6268,6381
6265,6354
6270,6366
6274,6343
6281,6351
6283,6351
6279,6379
6273,6353
6262,6379
6276,6368
6274,6384
6267,6374
6254,6386
6276,6407
6248,6397
6255,6421
6278,6384
6260,6369
6281,6398
6253,6375
6272,6378
6256,6394
6254,6376
6251,6377
6275,6368
6268,6359
6294,6370
6266,6379
6262,6356
6258,6364
6263,6377
6261,6377
6253,6351
6250,6355
6263,6358
6251,6374
6243,6368
6240,6377
6255,6346
6250,6368
6266,6378
6252,6371
6262,6371
6257,6376
6255,6393
6263,6383
6259,6390
6267,6394
6274,6423
6260,6410
6253,6385
6243,6397
6252,6369
6260,6402
6253,6376
6231,6364
6244,6390
6249,6387
6250,6370
6255,6385
6239,6381
6238,6365
6240,6355
6237,6384
6240,6375
6237,6394
6234,6375
6250,6383
6244,6388
6249,6398
6247,6391
6242,6386
6247,6408
6257,6385
6251,6392
6246,6393
6238,6385
6234,6376
6244,6352
6253,6374
6254,6374
6247,6378
6246,6380
6242,6383
6239,6374
6235,6424
6247,6397
6231,6430
6232,6387
6238,6386
6252,6398
6235,6403
6229,6408
6240,6409
6240,6432
6235,6456
6240,6428
6250,6418
6232,6407
6246,6397
6248,6405
6232,6397
6246,6406
6228,6421
6235,6414
6251,6388
6240,6386
6249,6396
6248,6400
6254,6414
6240,6396
6251,6386
6255,6374
6241,6409
6233,6429
6225,6401
6236,6381
6239,6383
6240,6385
6247,6395
6237,6394
6228,6384
6224,6365
6241,6376
6233,6375
6231,6395
6237,6421
6238,6403
6225,6393
6235,6404
6233,6435
6245,6416
6244,6397
6224,6402
6240,6385
6226,6411
6221,6421
6236,6393
6244,6372
6237,6374
6223,6379
6235,6393
6231,6415
6233,6409
6232,6392
6233,6412
6223,6417
6225,6414
6228,6419
6236,6430
6237,6411
6224,6399
6225,6420
6223,6418
6228,6417
6217,6415
6217,6424
6214,6428
6229,6425
6210,6418
6225,6407
6223,6413
6227,6404
6230,6402
6226,6409
6229,6394
6227,6397
6224,6407
6235,6414
6235,6391
6227,6403
6228,6403
6216,6403
6228,6390
6215,6422
6223,6409
6228,6399
6218,6417
6226,6413
6215,6394
6546,6774
6017,6286
6215,6411
6211,6380
6280,6420
6179,6344
6226,6417
6220,6379
6211,6368
6218,6385
6244,6371
6219,6402
6228,6390
6226,6407
6219,6392
6219,6395
6219,6394
6232,6396
6224,6394
6224,6409
6218,6402
6226,6428
6217,6409
6234,6443
6237,6445
6236,6452
6219,6430
6229,6466
6209,6441
6204,6404
6231,6448
6223,6406
6227,6425
6231,6431
6214,6405
6219,6449
6233,6429
6228,6425
6230,6436
6209,6415
6224,6445
6220,6434
6231,6404
6224,6394
6212,6408
6213,6409
6238,6435
6219,6406
6213,6408
6222,6392
6218,6383
6217,6420
6225,6404
6224,6384
6227,6395
6225,6395
6231,6401
6240,6394
6222,6378
6215,6389
6225,6402
6229,6371
6233,6391
6226,6404
6216,6389
6226,6400
6220,6387
6225,6394
6250,6415
6230,6403
6231,6423
6215,6391
6216,6425
6209,6419
6226,6401
6212,6376
6236,6390
6222,6395
6219,6389
6232,6392
6237,6413
6240,6371
6219,6382
6229,6391
6222,6418
6223,6419
6239,6383
6240,6389
6239,6419
6229,6385
6237,6389
6224,6372
6233,6370
6231,6388
6232,6395
6233,6403
6238,6421
6235,6408
6238,6411
6230,6382
6236,6378
6236,6394
6230,6381
6241,6389
6237,6396
6226,6423
6225,6423
6219,6392
6235,6388
6237,6386
6220,6396
6234,6400
6237,6403
6249,6389
6231,6429
6235,6419
6234,6401
6229,6403
6232,6414
6228,6406
6235,6382
6233,6366
6230,6382
6228,6361
6236,6370
6239,6380
6240,6396
6223,6384
6220,6398
6241,6385
6229,6382
6232,6367
6239,6351
6234,6365
6236,6367
6238,6367
6221,6370
6243,6366
6238,6385
6239,6373
6230,6373
6231,6350
6238,6375
6228,6374
6231,6391
6224,6382
6237,6376
6231,6379
6221,6369
6230,6382
6232,6394
6232,6370
6231,6381
6242,6379
6234,6375
6247,6374
6233,6362
6239,6375
6252,6400
6226,6415
6244,6400
6238,6389
6241,6375
6243,6381
6249,6376
6238,6354
6261,6345
6249,6344
6250,6351
6252,6345
6256,6350
6256,6336
6254,6345
6260,6363
6261,6355
6265,6356
6259,6352
6253,6366
6249,6327
6261,6342
6264,6356
6263,6377
6263,6358
6265,6349
6276,6356
6274,6379
6294,6376
6286,6381
6287,6376
6308,6386
6298,6376
6351,6382
6353,6376
6399,6375
6435,6374
6486,6371
6522,6372
6600,6359
6657,6374
6778,6380
6856,6373
6931,6390
6970,6385
7012,6375
7062,6399
7097,6378
7115,6374
7102,6395
7028,6385
6996,6382
6941,6388
6930,6397
6910,6411
6963,6401
7007,6388
7177,6417
7201,6393
7384,6392
7512,6375
7604,6393
7741,6407
7943,6404
8169,6393
8517,6418
9015,6413
9316,6405
9846,6416
10206,6442
10400,6449
10513,6448
10609,6449
10969,6502
11249,6499
11453,6532
11612,6576
11537,6605
11471,6632
11438,6686
11379,6704
11200,6771
10850,6777
10700,6880
10595,6971
10355,7008
10176,7106
9837,7185
9410,7224
9192,7284
8955,7408
8618,7619
8249,7804
8065,7974
7876,8099
7744,8230
7528,8271
7311,8225
7211,8138
7196,8112
7104,7989
7092,7934
7095,7907
7267,7877
7366,7774
7572,7628
7739,7507
7899,7389
8298,7276
8565,7114
9101,6974
9272,6723
9455,6797
9720,6730
10098,6698
10432,6685
10961,6723
10855,6723
11248,6800
11326,6892
11628,6986
11800,7111
12114,7316
11908,7505
11846,7735
11526,7997
11148,8145
10831,8165
10658,8416
10304,8531
10049,8762
9732,8970
9302,8997
9023,9125
8727,9133
8308,9473
8061,9451
7800,9407
7544,9415
7276,9458
7085,9592
6944,9602
6864,9589
6854,9813
6835,9795
6864,9558
6911,9296
6990,9215
7111,9110
7258,8719
7458,8629
7673,8342
7922,8010
8188,7810
8460,7604
8629,7355
8926,7215
9190,7071
9560,6977
9794,6944
10165,6920
10448,6972
10556,6997
10931,7067
11099,7193
11333,7400
11346,7501
11551,7738
11494,7997
11321,8111
11469,8430
11488,8765
11199,8852
10920,9015
10605,9164
10429,9422
10168,9557
9891,9561
9632,9635
9191,9575
9017,9733
8666,9761
8433,9681
8165,9719
7932,9635
7782,9476
7549,9429
7339,9373
7248,9281
7117,9130
7049,9022
6982,8890
6937,8599
6940,8454
6992,8253
7140,7968
7340,7783
7495,7631
7642,7438
7868,7291
8058,7123
8326,7041
8530,6941
8924,6905
9193,6875
9297,6804
9618,6822
9792,6849
10027,6897
10301,7012
10594,7167
10827,7310
11065,7417
11288,7577
11485,7742
11787,7927
11779,8142
12075,8366
11855,8563
11808,8816
11465,8929
11464,9191
11273,9348
11059,9387
10898,9618
10644,9926
10275,9997
9757,10157
9318,10254
8838,10121
8513,10215
8078,10217
7685,9920
7405,9957
7144,9721
6968,9465
6882,9196
6801,9196
6771,8856
6765,8576
6827,8416
6953,8144
7152,7996
7355,7908
7608,7743
7941,7591
8225,7395
8614,7323
9078,7244
9381,7129
9619,7044
9895,6911
10255,6901
10671,6928
10893,6848
11240,6911
11542,6965
11883,7079
11984,7191
12038,7421
12198,7656
12082,7849
11991,8162
11786,8432
11790,8746
11588,8919
11440,9344
11327,9715
10894,9905
10654,10296
10295,10378
10001,10443
9716,10431
9274,10494
8866,10526
8520,10548
8212,10481
7913,10512
7565,10400
7298,10258
7128,10086
6951,9941
6855,9602
6785,9203
6762,8961
6762,8805
6792,8502
6807,8371
6903,8199
7011,7947
7162,7717
7385,7477
7563,7259
7741,7079
7959,6945
8170,6834
8417,6707
8694,6613
8941,6589
9174,6602
9477,6647
9762,6721
9968,6797
10193,6890
10456,7057
10922,7214
11083,7399
11359,7656
11567,7817
11664,8092
11400,8311
11529,8516
11586,8809
11156,8839
11202,9044
11042,9237
10744,9248
10598,9299
10326,9400
9904,9328
9736,9468
9431,9403
9257,9542
8871,9546
8639,9494
8326,9416
7968,9301
7723,9065
7476,8946
7296,8708
7145,8627
6987,8385
6906,8192
6922,8128
6931,7957
6916,7797
7041,7692
7162,7521
7251,7350
7349,7183
7628,7098
7690,6918
8034,6861
8171,6755
8352,6709
8582,6624
8867,6600
9072,6590
9322,6593
9556,6648
9600,6714
9935,6863
10220,7001
10419,7065
10826,7258
10840,7427
10784,7592
10701,7783
10828,7921
10918,8106
11027,8334
11138,8579
10918,8808
10894,9069
10737,9269
10609,9400
10277,9463
9925,9561
9509,9635
9254,9662
8867,9628
8452,9596
8216,9641
7965,9580
7758,9454
7415,9394
7305,9339
7016,9047
6881,8877
6872,8635
6719,8556
6637,8362
6786,8191
6889,8048
6990,7902
7085,7733
7234,7614
7391,7478
7527,7330
7695,7191
7847,7052
8002,6958
8225,6835
8398,6730
8521,6664
8655,6627
8870,6603
8997,6611
9196,6634
9453,6700
9698,6768
9874,6905
9971,7151
10011,7240
10190,7456
10235,7630
10292,7938
10437,8200
10479,8427
10514,8746
10420,9005
10394,9005
10367,9250
10108,9377
9939,9594
9580,9676
9327,9662
9071,9549
8678,9518
8401,9370
8092,9312
7777,9266
7570,9125
7341,8967
7196,8846
7031,8612
6904,8479
6822,8318
6798,8138
6803,7919
6824,7790
6921,7628
7045,7498
7102,7366
7291,7231
7524,7167
7636,7056
7925,6927
8087,6879
8254,6820
8519,6754
8758,6713
8978,6679
9197,6683
9266,6660
9568,6661
9691,6696
9936,6806
10144,6925
10104,7063
9997,7229
9867,7380
9887,7573
9915,7821
9794,8056
9756,8441
9570,8537
9374,8709
9275,8960
9067,9203
8881,9194
8765,9421
8538,9533
8368,9559
8210,9830
8016,9853
7858,9817
7735,9913
7546,9786
7435,9618
7308,9552
7150,9331
7032,9214
6911,9072
6855,8913
6780,8669
6758,8434
6726,8201
6775,7952
6856,7761
6970,7646
7127,7433
7360,7220
7556,7068
7823,6925
8086,6831
8510,6741
8731,6656
9079,6566
9463,6609
9859,6639
10060,6642
10239,6703
10362,6723
10428,6817
10461,6926
10511,7049
10572,7127
10441,7203
10399,7337
10409,7378
10280,7486
9906,7605
9750,7754
9605,7860
9449,7991
9192,8111
9056,8251
8779,8391
8496,8624
8302,8801
8131,8870
8069,8979
7886,9063
7744,9089
7581,9188
7313,9211
7218,9219
7130,9196
7024,9090
6882,8886
6776,8781
6770,8620
6794,8453
6829,8152
6847,7946
6860,7716
6961,7528
7073,7311
7245,7160
7462,6963
7697,6863
7885,6750
8126,6653
8294,6593
8418,6575
8431,6594
8572,6601
8745,6672
8859,6721
9140,6805
9341,6897
9479,6985
9424,7125
9523,7286
9507,7397
9599,7556
9598,7675
9605,7763
9502,7916
9497,8037
9504,8281
9510,8449
9560,8545
9407,8625
9075,8780
8824,8782
8727,8921
8502,9090
8291,9229
8029,9169
7851,9221
7637,9097
7393,9095
7210,9000
7080,8940
6990,8803
6894,8633
6872,8466
6851,8285
6890,8109
6947,7947
7007,7800
7093,7614
7226,7383
7333,7245
7501,7104
7713,6949
7983,6877
8255,6790
8531,6706
8947,6632
9109,6611
9342,6591
9778,6606
10134,6645
10335,6641
10724,6728
10891,6780
10895,6853
10974,6959
11139,7103
11596,7257
11653,7418
11361,7605
10915,7714
10918,8006
10687,8230
10677,8433
10352,8543
10210,8706
9846,8862
9563,8926
9392,9169
9213,9236
8862,9291
8585,9267
8340,9439
8066,9395
7857,9379
7581,9337
7436,9317
7346,9464
7110,9208
6976,9197
6880,9106
6833,8967
6821,8867
6808,8677
6855,8654
6903,8399
7006,8061
7118,7815
7332,7636
7566,7466
7843,7264
8051,7069
8319,6903
8581,6761
8844,6704
9111,6690
9441,6662
9829,6693
10150,6729
10504,6834
10587,6885
10677,7010
10818,7125
11007,7297
10917,7435
10953,7587
11001,7762
10934,7954
10988,8049
10772,8246
10532,8490
10087,8465
9744,8665
9532,8762
9352,8999
9143,9237
8917,9606
8696,9678
8415,9856
8163,9919
7966,10104
7611,9932
7410,9988
7255,9915
7089,9990
6943,9752
6842,9659
6764,9474
6721,9352
6701,9200
6734,8916
6740,8665
6810,8315
6890,8150
6985,7888
7148,7731
7280,7456
7396,7298
7564,7146
7758,7057
8001,6909
8224,6734
8456,6697
8668,6637
8942,6592
9258,6592
9491,6666
9761,6744
10100,6811
10429,6889
10660,7006
10836,7127
11065,7257
11263,7447
11386,7580
11557,7732
11712,7905
11664,8057
11728,8211
11694,8329
11719,8473
11691,8612
11272,8675
10934,8662
10539,8718
10321,8805
9973,8833
9623,8828
9240,8747
8770,8678
8373,8545
8048,8457
7766,8407
7426,8424
7230,8394
7144,8296
7003,8178
6964,8073
7015,7966
7079,7922
7259,7863
7438,7731
7681,7633
7923,7464
8219,7280
8661,7183
9131,7054
9490,6909
9787,6809
10156,6706
10457,6631
10787,6619
11171,6583
11567,6604
11710,6669
11962,6787
12159,6973
12307,7110
12712,7382
12812,7617
12990,7904
13054,8369
12822,8721
12651,9097
12473,9469
12212,9861
11745,10353
11624,10862
11368,11201
10876,11585
10526,11799
10015,11747
9699,11543
9507,11990
9184,12266
8918,12601
8584,12503
8254,12348
8027,12258
7913,11981
7865,11643
7674,11298
7543,11110
7476,10848
7444,10284
7507,10016
7570,9657
7624,9213
7842,8923
8145,8601
8484,8219
8851,7902
9280,7633
9735,7409
10235,7241
10683,7032
11127,6874
12111,6832
12833,6787
13468,6775
14343,6852
14889,6906
15269,7084
15762,7245
16383,7464
16383,7785
16383,8071
16383,8318
16383,8625
16383,8975
16383,9196
16383,9575
16383,9789
16383,10143
15484,10218
15231,10507
14883,10937
14357,11436
13393,11506
12857,11684
11925,11908
10830,11878
10286,11939
9702,12197
9057,12371
8392,12174
7983,12406
7636,12279
7451,12341
7278,12223
7242,12059
7266,11802
7344,11349
7464,11078
7644,10776
7972,10333
8249,10021
8554,9476
8909,9135
9197,8798
9587,8427
10007,8109
10534,7743
10838,7427
11183,7214
11763,7103
12226,7021
12526,7034
12711,7052
13074,7233
13170,7431
13392,7744
13598,8060
13880,8553
14013,8991
14216,9451
14193,10048
14102,10700
13872,11262
13665,11783
13193,12010
13044,12485
12573,12578
12333,12776
12288,13153
11871,13038
11301,12966
10584,12368
10411,12523
9790,12215
9387,12375
8850,11977
8376,11815
8145,11670
7841,11789
7329,11230
6893,10922
6600,10583
6373,10038
6286,9708
6248,9246
6216,9066
6211,8728
6210,8394
6189,8066
6179,7991
6181,7645
6171,7470
6174,7355
6163,7216
6165,7131
6147,7075
6155,7123
6140,7179
6129,7279
6140,7440
6138,7577
6136,7783
6126,7967
6131,8270
6124,8611
6129,8905
6143,9303
6131,9877
6121,10244
6125,10612
6131,10871
6125,11323
6127,11658
6121,11728
6114,12093
6121,12339
6110,12308
6126,12319
6115,12452
6128,12359
6119,12411
6112,12127
6113,11845
6119,12073
6127,11812
6117,11543
6127,11311
6119,10934
6120,10721
6104,10349
6109,9624
6108,8969
6112,8613
6112,8319
6109,7661
6113,7078
6110,6698
6102,6472
6178,6388
6056,6259
6114,6266
6081,6221
6137,6234
6126,6222
6159,6227
6080,6125
6067,6122
6108,6152
6101,6148
6099,6125
6099,6116
6103,6117
6096,6095
6109,6087
6114,6089
6093,6080
6111,6085
6104,6093
6102,6075
6106,6080
6113,6065
6102,6081
6098,6076
6105,6076
6108,6075
6104,6082
6102,6073
6099,6069
6107,6077
6107,6063
6098,6074
6108,6081
6111,6052
6110,6062
6102,6067
6097,6068
6103,6067
6106,6061
6103,6051
6105,6059
6101,6069
6111,6056
6108,6071
6105,6072
6117,6070
6101,6070
6111,6063
6116,6065
6106,6067
6109,6056
6106,6056
6103,6074
6114,6071
6106,6062
6104,6045
6116,6066
6108,6051
6107,6056
6114,6050
6111,6062
6112,6063
6114,6058
6105,6056
6108,6046
6098,6068
6098,6055
6104,6056
6098,6060
6111,6054
6114,6044
6106,6049
6106,6066
6102,6053
6105,6056
6110,6069
6108,6048
6111,6062
6110,6048
6097,6066
6105,6057
6106,6055
6102,6066
6104,6059
6111,6057
6114,6052
6111,6054
6100,6053
6108,6062
6102,6036
6100,6048
6108,6048
6108,6055
6108,6046
6110,6067
6108,6054
6098,6048
6104,6050
6107,6056
6101,6049
6106,6056
6114,6046
6107,6051
6103,6056
6101,6065
6099,6058
6109,6042
6107,6045
6104,6050
6112,6054
6093,6049
6103,6062
6107,6053
6109,6037
6104,6058
6102,6052
6104,6052
6110,6049
6109,6054
6104,6062
6103,6051
6102,6051
6104,6057
6105,6063
6105,6053
6106,6048
6098,6048
6106,6057
6114,6050
6103,6055
6105,6058
6096,6049
6111,6062
6105,6045
6106,6047
6107,6061
6101,6063
6102,6057
6103,6062
6103,6057
6096,6059
6097,6050
6105,6051
6108,6063
6098,6059
6099,6053
6096,6050
6098,6063
6107,6057
6099,6047
6106,6067
6093,6069
6101,6054
6116,6056
6107,6063
6100,6062
6105,6050
6109,6055
6105,6059
6103,6057
6104,6057
6104,6054
6108,6053
6104,6055
6096,6055
6098,6060
6106,6059
6104,6052
6111,6056
6102,6040
6108,6055
6095,6061
6097,6050
6095,6054
6098,6062
6105,6049
6097,6058
6107,6050
6099,6055
6099,6049
6100,6042
6110,6056
6093,6055
6096,6049
6101,6050
6092,6047
6109,6057
6096,6055
6101,6054
6112,6042
6105,6054
6092,6051
6109,6059
6093,6053
6098,6057
6113,6061
6107,6056
6097,6047
6096,6045
6096,6052
6102,6041
6104,6051
6095,6055
6094,6053
6091,6064
6102,6058
6104,6054
6094,6039
6095,6059
6101,6060
6097,6062
6090,6041
6101,6033
6103,6043
6093,6051
6107,6055
6095,6061
6096,6053
6100,6052
6106,6050
6096,6048
6097,6057
6098,6061
6095,6062
6089,6040
6101,6063
6089,6070
6090,6058
6097,6055
6091,6041
6095,6045
6097,6061
6076,6035
6102,6064
6104,6055
6099,6053
6095,6048
6087,6052
6100,6057
6101,6048
6100,6054
6103,6052
6106,6050
6105,6033
6105,6053
6095,6070
6106,6060
6110,6048
6101,6055
6093,6048
6098,6044
6109,6069
6106,6049
6089,6062
6099,6054
6103,6055
6106,6055
6097,6057
6096,6043
6108,6061
6102,6041
6109,6038
6104,6053
6096,6044
6101,6048
6095,6059
5977,5960
6255,6002
6090,6092
6051,6024
6016,6000
6076,6027
6118,6071
6094,6049
6116,6076
6109,6058
6119,6060
6114,6053
6096,6048
6105,6062
6111,6048
6107,6047
6111,6060
6112,6056
6105,6053
6104,6062
6110,6059
6111,6036
6104,6051
6099,6061
6109,6055
6102,6047
6102,6058
6118,6057
6103,6065
6099,6040
6107,6057
6107,6056
6103,6058
6101,6059
6105,6054
6108,6047
6099,6049
6102,6046
6102,6046
6105,6053
6107,6050
6097,6038
6102,6054
6105,6070
6098,6060
6098,6038
6099,6057
6105,6050
6103,6048
6094,6059
6098,6050
6106,6059
6103,6054
6109,6054
6095,6048
6107,6065
6094,6055
6098,6048
6083,6063
6098,6055
6106,6058
6107,6046
6101,6051
6104,6045
6101,6061
6102,6049
6102,6058
6094,6047
6108,6060
6106,6062
6098,6064
6103,6045
6100,6047
6099,6045
6099,6048
6105,6063
6097,6055
6101,6054
6102,6059
6097,6050
6090,6044
6098,6063
6111,6049
6107,6055
6111,6068
6098,6053
6099,6064
6108,6057
6104,6056
6111,6046
6115,6059
6099,6050
6103,6055
6110,6052
6110,6056
6112,6063
6108,6055
6097,6062
6118,6050
6101,6034
6111,6055
6107,6048
6114,6059
6105,6064
6126,6055
6117,6050
6119,6059
6109,6050
6115,6050
6112,6064
6115,6051
6107,6040
6102,6062
6088,6053
6109,6045
6111,6042
6115,6059
6114,6057
6111,6054
6099,6048
6122,6059
6106,6057
6107,6052
6110,6049
6098,6054
6111,6057
6110,6060
6113,6049
6102,6061
6110,6054
6111,6054
6103,6048
6108,6041
6117,6060
6111,6036
6104,6050
6115,6054
6101,6050
6114,6049
6118,6072
6110,6056
6107,6055
6104,6063
6102,6067
6110,6062
6099,6063
6110,6055
6116,6047
6118,6058
6109,6059
6103,6063
6113,6031
6109,6055
6110,6041
6110,6060
6112,6054
6122,6044
6104,6037
6106,6051
6106,6062
6115,6055
6110,6052
6110,6052
6106,6047
6104,6055
6119,6067
6107,6050
6109,6051
6115,6039
6106,6055
6108,6054
6107,6049
6107,6048
6108,6056
6102,6062
6106,6038
6109,6057
6109,6060
6116,6052
6100,6059
6100,6040
6112,6054
6107,6059
6105,6047
6105,6047
6114,6056
6114,6060
6111,6052
6110,6069
6114,6027
6113,6065
6115,6050
6106,6053
6117,6054
6114,6060
6115,6053
6122,6044
6100,6046
6113,6059
6124,6048
6109,6049
6106,6058
6110,6052
6117,6046
6119,6057
6108,6054
6121,6064
6113,6062
6125,6054
6110,6061
6117,6050
6114,6054
6123,6056
6108,6062
6106,6063
6123,6069
6114,6050
6106,6069
6121,6043
6110,6041
6117,6056
6113,6061
6117,6062
6117,6062
6112,6047
6110,6059
6117,6057
6119,6057
6112,6053
6109,6032
6122,6059
6117,6050
6110,6048
6112,6062
6119,6054
6111,6052
6105,6052
6118,6060
6113,6050
6120,6058
6109,6053
6114,6060
6119,6060
6111,6058
6116,6059
6122,6053
6122,6053
6115,6048
6117,6062
6116,6057
6116,6054
6112,6055
6114,6052
6110,6054
6114,6055
6115,6037
6110,6053
6118,6060
6121,6059
6113,6063
6117,6048
6111,6062
6115,6061
6116,6053
6111,6053
6119,6045
6117,6055
6111,6062
6111,6062
6117,6055
6118,6057
6117,6046
6112,6065
6112,6052
6112,6061
6115,6069
6119,6062
6117,6059
6114,6054
6115,6053
6107,6056
6109,6037
6112,6064
6106,6057
6115,6061
6116,6054
6108,6058
6108,6058
6113,6057
6113,6051
6113,6051
6107,6060
6117,6057
6112,6061
6113,6043
6126,6062
6113,6055
6107,6056
6110,6066
6118,6056
6119,6047
6116,6059
6115,6056
6115,6056
6110,6059
0,34
0,61680
0,0
6120,6056
5596,5570
5600,5564
5599,5585
5600,5573
5602,5572
5609,5582
5601,5573
5599,5585
5819,5761
6334,6323
6280,6320
6288,6292
6303,6293
6291,6311
6298,6321
6291,6310
6289,6299
6294,6300
6308,6320
6315,6313
6314,6347
6303,6298
6298,6299
6295,6309
6297,6307
6308,6315
6304,6319
6297,6354
6293,6350
6298,6326
6294,6324
6304,6327
6313,6338
6288,6348
6304,6343
6300,6351
6309,6320
6314,6350
6323,6340
6304,6337
6286,6339
6291,6342
6297,6348
6315,6342
6300,6323
6311,6338
6300,6319
6308,6324
6301,6328
6287,6321
6301,6300
6311,6338
6312,6311
6305,6330
6319,6327
6323,6331
6311,6321
6310,6322
6303,6323
6319,6330
6314,6341
6294,6313
6292,6329
6294,6342
6298,6324
6307,6329
6303,6324
6321,6329
6312,6313
6295,6328
6307,6319
6280,6313
6301,6335
6287,6343
6292,6325
6318,6333
6314,6333
6294,6333
6291,6328
6291,6336
6305,6323
6307,6317
6310,6321
6297,6330
6295,6337
6289,6302
6292,6329
6278,6339
6286,6314
6292,6321
6304,6329
6281,6339
6295,6338
6290,6335
6282,6356
6289,6333
6284,6332
6300,6323
6300,6328
6287,6314
6290,6312
6291,6317
6290,6306
6291,6321
6296,6328
6292,6336
6306,6328
6305,6311
6292,6338
6278,6333
6309,6319
6291,6338
6279,6333
6375,6390
6173,6202
6298,6316
6303,6358
6361,6379
6283,6333
6295,6348
6320,6374
6314,6352
6291,6340
6305,6346
6297,6330
6288,6343
6282,6333
6277,6323
6311,6330
6288,6322
6288,6338
6282,6342
6285,6320
6292,6316
6299,6322
6283,6325
6283,6313
6304,6333
6283,6332
6300,6351
6301,6327
6294,6327
6293,6334
6288,6342
6294,6327
6278,6343
6290,6312
6292,6315
6300,6327
6308,6333
6300,6342
6269,6337
6301,6336
6305,6343
6304,6330
6310,6353
6307,6331
6280,6336
6293,6362
6308,6354
6278,6341
6265,6326
6279,6351
6296,6343
6290,6343
6276,6329
6271,6345
6284,6344
6294,6348
6281,6356
6298,6352
6280,6345
6281,6354
6280,6368
6286,6305
6285,6350
6301,6343
6266,6351
6293,6343
6293,6356
6277,6319
6294,6346
6284,6335
6266,6355
6294,6346
6310,6350
6302,6353
6296,6348
6268,6344
6286,6358
6297,6380
6264,6364
6278,6369
6268,6355
6298,6364
6287,6350
6288,6364
6299,6365
6283,6376
6275,6349
6286,6356
6279,6359
6289,6322
6283,6326
6289,6346
6269,6335
6269,6331
6285,6358
6285,6352
6269,6369
6271,6358
6273,6354
6289,6348
6282,6383
6272,6362
6280,6376
6281,6384
6283,6384
6269,6384
6254,6375
6272,6373
6298,6365
6276,6359
6254,6362
6260,6377
6291,6380
6277,6357
6277,6380
6267,6391
6260,6390
6295,6362
6276,6361
6292,6355
6264,6347
6275,6361
6267,6383
6263,6363
6282,6374
6270,6342
6261,6382
6263,6362
6274,6379
6261,6401
6265,6403
6267,6395
6269,6394
6276,6394
6258,6386
6276,6388
6264,6380
6257,6372
6247,6392
6264,6372
6277,6352
6283,6383
6267,6375
6275,6382
6255,6375
6258,6354
6266,6350
6256,6358
6240,6365
6257,6357
6238,6376
6252,6363
6252,6368
6267,6375
6278,6361
6255,6366
6255,6383
6264,6370
6261,6360
6253,6384
6250,6402
6256,6383
6262,6394
6273,6390
6251,6417
6234,6378
6238,6394
6254,6382
6270,6399
6251,6389
6242,6369
6251,6383
6244,6395
6241,6367
6252,6394
6242,6391
6241,6385
6247,6371
6237,6385
6241,6376
6228,6385
6253,6378
6237,6388
6249,6393
6242,6388
6240,6396
6245,6382
6257,6385
6264,6403
6257,6397
6244,6378
6241,6386
6238,6386
6241,6361
6244,6373
6258,6362
6242,6392
6236,6381
6244,6382
6240,6381
6257,6407
6254,6413
6239,6410
6242,6402
6237,6385
6251,6386
6248,6401
6239,6424
6228,6391
6231,6426
6247,6446
6234,6430
6245,6432
6246,6423
6227,6404
6231,6406
6247,6433
6248,6398
6229,6413
6236,6421
6239,6369
6245,6379
6252,6388
6245,6392
6254,6405
6236,6384
6246,6371
6242,6372
6242,6418
6227,6414
6224,6392
6240,6396
6231,6386
6237,6378
6247,6383
6232,6392
6223,6377
6231,6379
6235,6378
6246,6383
6236,6415
6244,6391
6225,6405
6216,6402
6226,6415
6230,6431
6228,6421
6237,6401
6231,6403
6232,6399
6227,6394
6220,6408
6236,6403
6237,6392
6252,6375
6235,6399
6227,6380
6226,6396
6245,6416
6237,6401
6226,6413
6248,6422
6227,6431
6220,6409
6235,6395
6222,6411
6220,6410
6148,6366
6265,6436
6262,6447
6200,6434
6186,6398
6215,6414
6241,6415
6211,6414
6219,6410
6228,6398
6229,6413
6229,6392
6227,6421
6221,6396
6226,6405
6233,6412
6237,6392
6225,6398
6222,6398
6225,6405
6220,6410
6217,6410
6214,6434
6234,6414
6224,6387
6227,6396
6236,6398
6215,6413
6230,6407
6234,6432
6222,6387
6213,6357
6236,6382
6237,6406
6223,6384
6232,6392
6216,6368
6225,6383
6228,6378
6235,6385
6225,6384
6222,6399
6213,6423
6228,6393
6232,6385
6235,6392
6233,6393
6228,6410
6218,6408
6226,6426
6217,6423
6215,6450
6232,6458
6222,6450
6225,6434
6229,6468
6216,6443
6218,6435
6214,6429
6230,6411
6231,6413
6223,6421
6211,6403
6237,6433
6249,6423
6219,6417
6217,6428
6216,6423
6220,6426
6241,6416
6229,6403
6231,6391
6221,6416
6223,6419
6219,6430
6220,6407
6213,6435
6218,6408
6220,6405
6225,6396
6225,6406
6221,6395
6232,6401
6223,6415
6237,6406
6221,6376
6230,6396
6233,6393
6230,6393
6240,6400
6242,6405
6221,6406
6226,6379
6225,6386
6234,6396
6214,6395
6219,6408
6229,6416
6233,6414
6219,6416
6218,6431
6211,6419
6218,6409
6222,6380
6223,6422
6227,6393
6220,6374
6235,6386
6233,6415
6225,6406
6241,6409
6225,6392
6222,6403
6211,6393
6224,6391
6231,6388
6244,6406
6233,6402
6222,6384
6230,6378
6229,6382
6241,6394
6231,6391
6229,6414
6239,6415
6236,6396
6231,6384
6227,6374
6241,6386
6232,6414
6227,6403
6232,6385
6226,6407
6231,6419
6230,6413
6220,6383
6206,6382
6229,6393
6216,6374
6241,6396
6232,6390
6230,6394
6237,6423
6238,6448
6231,6411
6223,6422
6236,6409
6232,6412
6232,6406
6225,6393
6236,6378
6234,6369
6241,6387
6228,6369
6237,6388
6225,6382
6238,6400
6230,6407
6231,6384
6240,6355
6229,6366
6237,6372
6227,6374
6220,6359
6228,6370
6233,6384
6231,6402
6227,6403
6225,6401
6234,6382
6235,6388
6231,6389
6224,6363
6224,6368
6234,6363
6240,6370
6225,6367
6223,6378
6251,6375
6233,6377
6240,6368
6232,6396
6248,6373
6248,6385
6240,6342
6232,6360
6243,6380
6227,6399
6237,6392
6242,6384
6240,6367
6244,6370
6241,6386
6243,6348
6242,6354
6249,6347
6260,6346
6251,6329
6253,6340
6260,6349
6255,6345
6246,6377
6251,6355
6264,6348
6261,6374
6246,6352
6248,6349
6244,6356
6254,6344
6253,6356
6269,6326
6280,6349
6271,6358
6276,6356
6281,6375
6284,6380
6289,6372
6309,6390
6311,6366
6320,6358
6368,6385
6399,6378
6431,6382
6472,6354
6536,6364
6600,6366
6688,6377
6780,6385
6814,6368
6885,6380
6935,6387
6960,6367
7080,6374
7059,6363
7081,6382
7090,6411
7026,6378
6977,6387
6937,6400
6900,6391
6898,6417
6961,6397
7067,6400
7127,6387
7257,6409
7413,6400
7484,6376
7584,6401
7741,6410
7905,6385
8119,6402
8457,6408
8765,6407
9180,6391
9575,6414
10048,6435
10169,6445
10353,6446
10748,6472
11066,6513
11253,6527
11497,6522
11660,6567
11600,6590
11644,6654
11541,6677
11436,6717
11114,6774
10875,6823
10788,6982
10435,6927
10244,7048
9928,7078
9681,7153
9331,7231
9076,7328
8769,7490
8479,7613
8211,7779
7974,7959
7876,8083
7767,8273
7530,8292
7327,8238
7233,8149
7182,8051
7098,8026
7064,7937
7106,7918
7140,7845
7335,7752
7478,7629
7637,7495
7885,7368
8025,7236
8428,7124
8805,6988
9021,6852
9254,6755
9757,6740
10218,6703
10599,6678
11009,6689
11378,6742
11652,6875
11646,6933
11770,7027
11973,7157
12101,7325
11811,7467
11542,7698
11292,7851
10911,8028
10728,8077
10406,8302
10235,8429
9987,8666
9612,8698
9361,9063
9061,9169
8674,9358
8351,9534
8052,9535
7794,9576
7534,9613
7253,9649
7091,9770
6939,9860
6852,9787
6858,9823
6851,9653
6846,9650
6913,9346
6983,9133
7077,8837
7244,8558
7388,8447
7634,8192
7909,8026
8117,7753
8465,7603
8639,7375
9001,7245
9263,7110
9610,6983
9949,6951
10375,6973
10457,6969
10776,7036
10922,7071
11183,7208
11125,7306
11443,7550
11462,7702
11421,7953
11139,8020
11330,8382
11355,8656
11112,8788
10986,9022
10734,9287
10467,9419
10251,9663
10011,9699
9735,9723
9343,9751
9031,9819
8778,9888
8494,9812
8187,9638
7894,9498
7771,9475
7540,9447
7366,9342
7232,9244
7062,9032
7014,8956
6948,8815
6917,8628
6923,8423
7016,8233
7130,8000
7357,7793
7516,7625
7662,7451
7922,7302
8126,7132
8390,7010
8689,6944
8996,6923
9206,6863
9269,6822
9554,6801
9761,6856
9891,6879
10051,6952
10413,7116
10695,7251
11000,7400
11154,7546
11668,7757
12104,8032
12032,8200
12030,8417
11979,8668
11862,8883
11720,9079
11658,9357
11510,9483
11138,9485
10885,9614
10550,9900
10216,10037
9588,9926
9162,9954
8795,9860
8420,10040
8046,10021
7672,9901
7406,9776
7143,9818
6966,9540
6876,9388
6810,9214
6802,9007
6809,8777
6845,8499
7004,8330
7178,8119
7400,7974
7616,7801
7919,7581
8186,7412
8608,7303
8999,7194
9244,7085
9514,6973
9925,6935
10234,6885
10496,6819
10928,6867
11281,6927
11618,6972
11891,7072
12116,7258
12063,7438
12175,7638
12030,7844
12090,8189
11835,8445
11754,8725
11600,8901
11345,9195
11106,9580
10697,9738
10456,10069
10210,10382
9927,10302
9620,10273
9323,10549
8897,10525
8530,10505
8239,10574
7854,10520
7553,10412
7303,10206
7161,10133
6963,9930
6858,9505
6804,9239
6744,8984
6735,8799
6787,8567
6807,8417
6867,8219
6937,7967
7059,7749
7223,7476
7426,7304
7661,7118
7933,6938
8162,6819
8439,6673
8691,6615
9024,6584
9286,6617
9479,6654
9872,6725
9792,6788
10292,6922
10416,7037
10808,7211
10968,7379
11275,7633
11294,7776
11294,7961
11079,8186
11276,8492
11343,8726
11324,8898
11394,9139
11221,9388
10905,9346
10732,9442
10382,9486
10196,9604
9848,9588
9554,9514
9207,9425
8833,9380
8537,9254
8284,9380
7969,9154
7654,8865
7444,8685
7260,8496
7108,8414
6974,8232
6886,8141
6857,8001
6864,7896
6932,7812
6999,7656
7109,7465
7226,7336
7379,7190
7596,7094
7757,6932
7982,6807
8259,6742
8465,6697
8497,6596
8742,6569
9031,6573
9208,6600
9386,6689
9505,6983
9742,6850
10051,6928
10061,7101
10448,7217
10690,7401
10823,7640
10854,7813
10991,7996
10922,8127
11080,8345
11058,8589
10993,8817
10735,9015
10617,9237
10413,9325
10207,9421
9770,9516
9441,9553
9222,9561
8807,9514
8480,9587
8152,9527
7932,9425
7718,9405
7407,9354
7174,9270
7031,9122
6878,8920
6750,8695
6721,8500
6736,8377
6816,8198
6920,8076
6990,7883
7071,7756
7235,7591
7402,7470
7522,7328
7720,7179
7874,7048
8026,6941
8220,6814
8397,6743
8539,6646
8672,6626
8853,6594
9005,6622
9214,6654
9475,6693
9690,6777
9875,6942
9954,7123
10044,7232
10223,7449
10246,7575
10269,7822
10321,8001
10435,8369
10433,8618
10374,8772
10295,8851
10276,9120
10061,9245
9798,9403
9530,9632
9297,9648
9039,9664
8736,9594
8443,9455
8124,9455
7851,9367
7564,9192
7340,8998
7183,8883
7041,8585
6925,8449
6833,8364
6822,8091
6814,7901
6841,7706
6922,7614
6985,7504
7156,7366
7312,7247
7492,7151
7735,7047
7936,6938
8070,6881
8366,6813
8560,6753
8838,6712
9118,6690
9239,6691
9396,6665
9593,6680
9768,6734
9850,6797
10169,6961
10217,7065
10112,7263
10005,7435
9986,7576
9869,7846
9877,8116
9677,8310
9529,8466
9446,8742
9297,8998
9116,9216
8955,9389
8797,9490
8521,9661
8420,9764
8245,9906
8039,10018
7871,10063
7726,9921
7583,9768
7460,9536
7290,9453
7146,9221
6986,8947
6892,8909
6829,8800
6773,8536
6714,8382
6717,8158
6774,7949
6842,7742
6958,7638
7191,7416
7351,7248
7595,7074
7788,6900
8090,6827
8404,6757
8723,6640
9033,6585
9440,6599
9737,6614
9948,6611
10050,6657
10237,6709
10392,6772
10384,6832
10451,6984
10443,7107
10400,7197
10342,7281
10407,7377
10237,7442
9940,7588
9675,7741
9583,7874
9420,7998
9178,8077
9021,8272
8737,8383
8456,8547
8277,8682
8128,8822
8014,8872
7823,8995
7671,9067
7536,9112
7312,9164
7201,9140
7079,9169
7005,9114
6862,8910
6800,8716
6768,8610
6800,8411
6847,8200
6880,7966
6867,7730
6924,7539
7102,7297
7217,7116
7437,6981
7624,6862
7895,6736
8016,6654
8246,6582
8317,6553
8425,6574
8546,6604
8743,6636
8910,6718
9149,6817
9371,6906
9484,7008
9456,7109
9482,7279
9547,7421
9642,7620
9609,7683
9566,7785
9585,7954
9495,8052
9338,8169
9380,8395
9550,8532
9306,8584
9039,8766
8875,8766
8658,8867
8501,8998
8274,9165
7937,9119
7825,9153
7674,9122
7426,9202
7192,9043
7079,9015
6978,8943
6929,8701
6871,8432
6879,8330
6924,8170
6940,7968
6973,7787
7055,7611
7133,7411
7309,7246
7417,7121
7568,6979
7843,6900
8094,6770
8399,6696
8765,6641
9023,6634
9351,6589
9608,6598
10003,6626
10208,6645
10472,6704
11044,6758
10953,6861
11120,6986
10968,7058
11498,7225
11405,7363
10934,7542
10893,7675
10626,7964
10461,8171
10362,8308
10093,8419
9957,8567
9894,8865
9603,8911
9374,9080
9196,9183
8920,9346
8657,9363
8417,9494
8195,9524
7903,9475
7647,9444
7424,9308
7337,9477
7145,9241
7005,9163
6897,9103
6746,8775
6808,8720
6734,8561
6739,8420
6855,8289
6986,7996
7106,7800
7327,7665
7505,7445
7815,7255
8010,7057
8411,6934
8720,6792
9059,6722
9211,6659
9442,6691
9718,6703
10029,6723
10341,6819
10487,6872
10678,6986
10693,7105
10757,7222
10796,7371
10788,7522
10927,7773
10912,7928
11036,8075
10749,8274
10520,8478
10200,8605
9962,8918
9697,9103
9519,9233
9159,9383
8936,9544
8650,9656
8376,9764
8088,9933
7899,10004
7584,9815
7417,9857
7215,9682
7082,9685
6929,9823
6826,9424
6768,9584
6695,9459
6699,9181
6738,9035
6750,8790
6810,8338
6924,8222
7023,7952
7188,7818
7378,7596
7412,7300
7582,7136
7765,7016
7978,6884
8265,6732
8459,6681
8698,6614
8928,6572
9203,6612
9505,6646
9757,6733
10058,6800
10509,6958
10690,7056
10865,7156
11220,7376
11405,7503
11667,7683
11631,7792
12015,8046
11931,8163
11869,8304
11792,8419
11823,8488
11585,8594
11230,8687
10744,8590
10361,8678
10138,8739
9893,8798
9506,8768
9304,8789
8930,8743
8506,8630
8133,8517
7864,8474
7507,8469
7337,8449
7167,8337
7073,8224
7032,8117
7012,7984
7129,7921
7283,7845
7474,7708
7613,7585
7877,7445
8193,7273
8701,7192
9058,7029
9491,6909
9856,6794
10178,6730
10533,6650
10924,6647
11317,6610
11616,6631
11733,6697
12041,6817
12244,7005
12487,7160
12868,7433
12869,7657
12985,7929
13113,8451
12885,8792
12759,9136
12464,9479
12289,9976
11840,10421
11670,10962
11439,11424
11077,11979
10674,12145
10250,12320
9868,12237
9612,12374
9199,12494
8948,12735
8603,12487
8310,12554
8037,12274
7969,12109
7909,11800
7692,11300
7474,10995
7469,10703
7457,10299
7480,10010
7564,9714
7678,9272
7918,8998
8280,8644
8715,8302
9203,7986
9657,7737
10057,7491
10656,7283
11098,7047
11953,6953
12324,6846
12978,6798
13820,6816
14445,6852
14707,6914
15472,7087
16037,7291
16383,7450
16383,7742
16383,8068
16383,8443
16383,8726
16383,9074
16383,9387
16383,9722
16383,10004
16383,10294
16336,10566
16080,10813
15288,11141
14413,11534
13406,11569
12924,11658
11729,11680
10687,11762
10225,11901
9442,11797
8928,11999
8437,12299
8003,12658
7700,12486
7446,12404
7328,12547
7262,12114
7296,11993
7382,11478
7467,11279
7694,10841
7951,10265
8203,9898
8560,9493
8840,9113
9130,8798
9443,8375
9935,8113
10270,7719
10820,7423
11303,7233
11915,7145
12222,7012
12839,7030
13179,7071
13766,7293
14109,7582
14360,7894
14420,8277
14395,8707
14269,9088
14255,9470
13781,9834
14087,10711
13668,11128
13054,11262
13055,11942
12893,12339
12614,12698
12440,13064
12231,13066
11962,13225
11425,13281
10775,12872
10537,12855
9967,12973
9431,12711
8923,12456
8411,11924
8139,11546
7823,11536
7362,11285
6880,10775
6592,10526
6371,9919
6282,9662
6248,9320
6226,9092
6214,8743
6200,8460
6187,8209
6187,7995
6187,7696
6166,7502
6170,7426
6171,7260
6171,7195
6156,7104
6153,7155
6142,7195
6134,7279
6144,7491
6140,7652
6139,7822
6133,7986
6125,8124
6130,8622
6131,8779
6125,9276
6131,10085
6121,10501
6130,10775
6129,11331
6152,11700
6057,11888
6125,12230
6134,12610
6107,13057
6101,12732
6122,12658
6106,12635
6124,12458
6119,12329
6121,12038
6117,12022
6121,12071
6125,11817
6110,11693
6119,11469
6115,11079
6122,10905
6107,10488
6107,9699
6106,9102
6102,8756
6116,8360
6103,7714
6122,7117
6106,6701
6095,6458
6109,6360
6110,6312
6103,6252
6099,6226
6098,6205
6111,6199
6110,6203
6105,6180
6104,6171
6104,6158
6105,6133
6106,6138
6106,6121
6103,6104
6104,6093
6103,6096
6114,6087
6101,6070
6111,6093
6117,6076
6113,6094
6102,6081
6103,6083
6098,6070
6101,6078
6103,6087
6109,6071
6102,6074
6100,6075
6107,6072
6099,6067
6100,6071
6098,6071
6104,6059
6098,6059
6105,6072
6106,6071
6106,6067
6108,6059
6105,6071
6105,6053
6106,6064
6110,6059
6112,6050
6111,6068
6109,6054
6114,6076
6101,6063
6104,6065
6104,6061
6103,6063
6110,6053
6111,6061
6121,6056
6111,6061
6108,6063
6103,6049
6110,6055
6107,6056
6107,6059
6116,6061
6110,6063
6107,6059
6110,6068
6103,6050
6114,6059
6106,6040
6107,6064
6103,6056
6104,6060
6110,6054
6108,6063
6108,6039
6107,6049
6101,6052
6109,6057
6106,6061
6113,6050
6114,6056
6110,6054
6105,6045
6107,6060
6110,6047
6114,6061
6109,6050
6112,6053
6108,6054
6111,6054
6113,6045
6116,6047
6101,6050
6102,6043
6106,6036
6096,6050
6108,6045
6106,6058
6107,6056
6102,6051
6107,6047
6104,6055
6098,6048
6102,6052
6110,6035
6103,6028
6097,6051
6106,6052
6097,6059
6106,6051
6094,6051
6097,6057
6104,6054
6095,6044
6118,6054
6109,6055
6104,6051
6102,6064
6092,6062
6101,6050
6107,6063
6107,6045
6098,6062
6104,6055
6104,6049
6106,6050
6105,6055
6104,6058
6097,6060
6108,6043
6105,6050
6111,6045
6102,6054
6110,6055
6096,6050
6110,6054
6107,6050
6100,6054
6107,6057
6110,6052
6113,6056
6109,6039
6113,6040
6098,6066
6093,6049
6107,6056
6117,6070
6104,6056
6105,6060
6100,6043
6103,6040
6101,6053
6103,6059
6110,6057
6089,6055
6087,6051
6105,6050
6108,6053
6098,6046
6095,6056
6104,6064
6097,6056
6100,6043
6099,6048
6096,6057
6103,6051
6109,6044
6097,6048
6098,6050
6109,6050
6088,6037
6100,6060
6118,6056
6111,6060
6104,6050
6101,6037
6101,6055
6099,6053
6094,6054
6106,6050
6096,6049
6099,6063
6101,6046
6102,6048
6110,6065
6101,6041
6096,6051
6094,6041
6095,6065
6099,6057
6095,6049
6107,6051
6094,6039
6097,6060
6098,6047
6111,6046
6085,6028
6095,6058
6105,6036
6097,6045
6094,6048
6101,6029
6095,6049
6097,6048
6109,6043
6102,6051
6099,6034
6095,6050
6106,6062
6101,6048
6096,6052
6095,6039
6097,6059
6099,6058
6093,6037
6100,6048
6104,6046
6104,6047
6110,6052
6093,6049
6097,6036
6103,6049
6103,6048
6104,6055
6091,6057
6101,6052
6103,6060
6080,6053
6104,6046
6098,6060
6087,6056
6095,6048
6093,6037
6099,6055
6096,6061
6098,6042
6100,6056
6105,6040
6107,6040
6101,6057
6096,6046
6104,6048
6105,6057
6000,6002
6000,5915
6107,6065
6165,6111
6137,6082
6124,6075
6135,6086
6117,6059
6087,6039
6096,6052
6109,6055
6112,6063
6106,6047
6098,6062
6100,6058
6096,6045
6103,6054
6107,6054
6111,6047
6101,6054
6103,6057
6097,6053
6107,6051
6096,6058
6106,6043
6106,6062
6100,6046
6102,6057
6102,6037
6106,6061
6120,6071
6100,6046
6102,6045
6105,6059
6109,6064
6105,6055
6108,6056
6109,6053
6110,6041
6110,6066
6119,6057
6116,6065
6103,6060
6105,6060
6101,6056
6095,6061
6110,6062
6100,6045
6098,6056
6105,6061
6106,6063
6108,6071
6108,6047
6099,6060
6094,6059
6102,6053
6112,6052
6108,6056
6108,6048
6104,6060
6110,6055
6104,6057
6110,6052
6098,6059
6108,6049
6106,6056
6104,6065
6096,6054
6103,6047
6112,6056
6101,6056
6103,6046
6102,6042
6110,6041
6105,6057
6098,6049
6102,6053
6102,6046
6105,6057
6104,6046
6102,6060
6097,6057
6093,6066
6097,6052
6092,6048
6096,6044
6106,6050
6111,6050
6097,6052
6098,6047
6111,6044
6096,6041
6099,6045
6104,6048
6109,6056
6101,6042
6101,6047
6104,6055
6096,6059
6093,6044
6099,6032
6105,6055
6095,6038
6101,6056
6103,6056
6102,6055
6097,6049
6107,6049
6103,6048
6105,6056
6108,6046
6103,6042
6100,6059
6098,6046
6110,6037
6111,6050
6116,6052
6101,6059
6099,6058
6104,6055
6108,6061
6106,6051
6101,6053
6101,6055
6112,6047
6115,6062
6118,6057
6110,6055
6115,6051
6108,6061
6111,6056
6110,6054
6110,6035
6113,6057
6125,6048
6116,6062
6115,6058
6107,6051
6101,6047
6121,6048
6110,6058
6107,6055
6114,6054
6122,6057
6117,6049
6105,6041
6108,6068
6111,6053
6109,6056
6105,6055
6101,6057
6103,6057
6104,6054
6106,6046
6108,6057
6105,6051
6101,6082
6101,6052
6112,6045
6113,6058
6100,6043
6108,6063
6106,6055
6096,6047
6110,6055
6118,6063
6112,6056
6107,6058
6103,6058
6104,6055
6114,6051
6107,6050
6111,6046
6114,6047
6109,6055
6115,6066
6106,6067
6097,6040
6106,6063
6102,6048
6107,6054
6111,6060
6115,6049
6111,6056
6114,6027
6115,6036
6112,6059
6104,6054
6114,6058
6112,6044
6106,6044
6110,6049
6133,6046
6115,6039
6120,6056
6091,6048
6119,6053
6105,6056
6118,6060
6113,6054
6110,6062
6104,6058
6113,6027
6118,6054
6102,6061
6101,6053
6112,6043
6114,6044
6124,6051
6113,6060
6108,6052
6105,6055
6110,6052
6099,6048
6112,6049
6109,6056
6111,6057
6111,6053
6109,6045
6115,6058
6113,6065
6115,6061
6123,6052
6101,6050
6121,6058
6127,6058
6109,6055
6105,6060
6110,6055
6117,6055
6114,6055
6112,6063
6117,6055
6117,6058
6120,6057
6109,6051
6122,6048
6113,6065
6118,6068
6110,6057
6114,6058
6123,6067
6126,6058
6114,6059
6119,6057
6112,6061
6119,6054
6126,6057
6111,6043
6111,6043
6110,6053
6115,6061
6115,6056
6108,6057
6113,6054
6122,6062
6116,6052
6110,6060
6110,6055
6115,6063
6112,6061
6113,6057
6114,6058
6116,6059
6111,6074
6113,6049
6119,6061
6118,6058
6118,6063
6111,6059
6115,6051
6115,6051
6117,6056
6112,6054
6121,6052
6112,6055
6120,6056
6121,6046
6108,6063
6112,6055
6117,6049
6118,6045
6118,6055
6118,6052
6119,6056
6115,6040
6113,6036
6114,6064
6117,6060
6113,6066
6117,6047
6115,6053
6120,6053
6120,6053
6115,6061
6117,6067
6112,6055
6115,6058
6114,6060
6113,6041
6109,6061
6106,6067
6111,6048
6114,6060
6114,6043
6117,6054
6113,6054
6119,6045
6109,5974
6112,6059
6110,6062
6118,6053
6117,6053
6113,6060
6115,6051
6115,6051
6113,6055
6117,6046
6114,6064
6117,6063
6114,6056
6115,6064
6115,6057
6117,6056
6117,6058
6118,6055
6120,6082
6120,6046
6113,6065
6120,6041
6115,6065
0,33
0,61680
0,0
6121,6060
5599,5581
5596,5582
5599,5581
5597,5583
5599,5585
5599,5563
5599,5571
5595,5580
5827,5764
6352,6303
6282,6306
6290,6299
6293,6303
6295,6291
6302,6306
6278,6334
6279,6310
6299,6313
6283,6309
6294,6337
6314,6340
6294,6318
6301,6333
6282,6311
6301,6311
6277,6306
6297,6321
6312,6347
6301,6348
6289,6311
6289,6314
6298,6340
6317,6347
6289,6340
6301,6338
6311,6348
6305,6328
6319,6338
6314,6339
6298,6340
6290,6338
6301,6324
6304,6343
6313,6332
6296,6328
6308,6328
6315,6315
6304,6325
6284,6314
6288,6319
6313,6327
6308,6342
6316,6334
6315,6341
6310,6325
6302,6344
6301,6334
6303,6324
6288,6322
6296,6325
6312,6335
6296,6320
6301,6320
6299,6333
6312,6319
6305,6316
6321,6332
6317,6339
6312,6328
6284,6324
6289,6297
6283,6308
6300,6324
6293,6319
6287,6322
6307,6336
6317,6316
6316,6333
6285,6351
6289,6326
6304,6332
6304,6339
6298,6317
6305,6340
6298,6329
6251,6299
6346,6358
6281,6347
6309,6318
6284,6297
6316,6353
6302,6344
6302,6328
6296,6338
6289,6366
6303,6360
6300,6340
6283,6320
6305,6332
6299,6317
6283,6286
6279,6315
6291,6329
6280,6307
6310,6310
6289,6320
6285,6327
6308,6331
6308,6353
6300,6343
6303,6338
6278,6342
6286,6336
6288,6323
6279,6309
6301,6323
6312,6337
6288,6351
6283,6350
6305,6360
6327,6370
6305,6329
6299,6339
6306,6337
6307,6322
6292,6323
6298,6325
6270,6321
6306,6321
6281,6332
6295,6334
6290,6324
6303,6321
6289,6331
6294,6302
6272,6327
6295,6320
6297,6321
6295,6315
6298,6323
6305,6322
6302,6336
6310,6345
6291,6345
6286,6337
6279,6323
6283,6321
6282,6321
6295,6321
6312,6326
6306,6336
6277,6339
6295,6343
6288,6347
6287,6337
6302,6351
6292,6322
6283,6319
6298,6331
6293,6342
6286,6350
6260,6339
6283,6345
6297,6349
6291,6361
6279,6328
6281,6326
6272,6336
6304,6355
6295,6354
6279,6364
6281,6353
6311,6355
6293,6346
6288,6340
6290,6332
6297,6350
6299,6346
6304,6335
6320,6346
6280,6313
6292,6346
6277,6351
6282,6345
6290,6351
6305,6341
6296,6351
6298,6356
6278,6355
6274,6356
6295,6361
6285,6321
6284,6342
6278,6350
6291,6340
6299,6361
6300,6352
6301,6363
6279,6375
6284,6371
6286,6363
6282,6347
6285,6356
6288,6353
6265,6350
6273,6363
6274,6338
6279,6343
6286,6364
6288,6360
6274,6361
6276,6368
6288,6367
6273,6371
6264,6373
6264,6372
6276,6385
6293,6384
6267,6375
6268,6397
6283,6360
6306,6418
6300,6371
6263,6364
6265,6371
6276,6375
6264,6355
6266,6373
6275,6377
6270,6368
6283,6380
6269,6356
6275,6355
6266,6364
6289,6382
6268,6393
6274,6378
6265,6350
6280,6395
6278,6384
6274,6386
6261,6391
6266,6404
6267,6397
6269,6386
6268,6378
6265,6390
6260,6384
6273,6389
6251,6401
6244,6385
6264,6385
6273,6377
6276,6363
6272,6384
6268,6363
6284,6378
6254,6363
6257,6372
6268,6351
6256,6341
6251,6355
6249,6363
6242,6374
6258,6368
6247,6369
6257,6380
6251,6358
6259,6371
6247,6399
6248,6336
6253,6378
6254,6388
6251,6392
6245,6393
6275,6387
6275,6401
6260,6421
6259,6391
6254,6382
6260,6401
6259,6406
6267,6389
6242,6379
6243,6398
6252,6395
6247,6365
6253,6376
6239,6385
6241,6368
6252,6375
6242,6360
6241,6382
6251,6391
6253,6395
6243,6373
6239,6400
6256,6411
6239,6409
6262,6381
6243,6395
6249,6421
6254,6383
6243,6388
6244,6368
6233,6376
6239,6364
6241,6353
6244,6376
6250,6382
6239,6385
6239,6386
6244,6383
6244,6408
6243,6408
6238,6417
6246,6399
6235,6386
6246,6390
6221,6416
6223,6408
6230,6423
6236,6439
6256,6466
6252,6423
6236,6422
6244,6417
6231,6421
6248,6401
6233,6418
6237,6409
6235,6400
6238,6393
6249,6377
6241,6385
6241,6394
6241,6389
6256,6414
6257,6379
6248,6395
6259,6393
6254,6398
6236,6400
6221,6373
6237,6403
6236,6383
6237,6358
6253,6402
6232,6386
6236,6391
6242,6376
6238,6381
6294,6385
6089,6352
6092,6279
6189,6388
6196,6379
6220,6434
6234,6431
6242,6402
6227,6405
6219,6383
6236,6394
6234,6406
6230,6437
6244,6410
6234,6401
6239,6379
6231,6374
6241,6379
6239,6412
6237,6406
6233,6412
6239,6403
6232,6421
6218,6418
6218,6414
6222,6413
6222,6416
6233,6418
6215,6428
6230,6414
6234,6425
6225,6419
6229,6427
6222,6418
6221,6424
6223,6416
6230,6438
6223,6393
6223,6411
6225,6405
6227,6444
6237,6382
6228,6412
6231,6426
6228,6399
6243,6411
6225,6402
6225,6389
6218,6385
6227,6393
6219,6409
6216,6394
6227,6406
6219,6400
6226,6417
6225,6399
6221,6425
6237,6430
6233,6388
6234,6372
6243,6368
6234,6380
6233,6396
6229,6378
6210,6387
6218,6395
6217,6395
6232,6369
6238,6391
6223,6416
6230,6409
6220,6395
6241,6388
6240,6396
6222,6400
6233,6405
6223,6404
6230,6424
6229,6426
6232,6435
6237,6435
6233,6452
6224,6451
6223,6448
6215,6438
6215,6421
6226,6449
6247,6417
6232,6408
6243,6420
6216,6413
6228,6426
6230,6435
6219,6431
6227,6441
6221,6397
6224,6418
6220,6432
6233,6395
6226,6408
6219,6429
6225,6423
6216,6464
6214,6398
6214,6420
6230,6399
6211,6387
6211,6391
6221,6423
6215,6427
6222,6424
6219,6410
6218,6413
6233,6400
6237,6381
6212,6401
6230,6377
6226,6388
6234,6393
6232,6383
6229,6387
6241,6386
6219,6401
6224,6394
6235,6412
6228,6426
6226,6434
6206,6416
6221,6421
6219,6424
6219,6413
6228,6380
6229,6401
6225,6395
6223,6405
6233,6377
6236,6395
6224,6386
6211,6411
6224,6377
6231,6403
6230,6408
6235,6406
6230,6378
6236,6408
6246,6401
6223,6402
6220,6387
6223,6375
6222,6396
6234,6408
6224,6412
6226,6432
6238,6394
6232,6403
6223,6389
6228,6395
6219,6388
6221,6393
6232,6406
6230,6391
6229,6417
6230,6397
6215,6398
6224,6392
6224,6376
6226,6403
6235,6387
6241,6387
6235,6386
6233,6421
6237,6429
6229,6420
6226,6394
6242,6405
6233,6409
6240,6400
6235,6394
6222,6365
6233,6368
6239,6384
6228,6357
6239,6365
6230,6391
6240,6391
6242,6398
6236,6383
6238,6361
6231,6348
6235,6327
6234,6382
6225,6375
6237,6369
6243,6376
6231,6396
6237,6369
6227,6372
6227,6361
6235,6369
6233,6376
6233,6388
6239,6382
6230,6376
6230,6380
6225,6364
6227,6369
6227,6389
6238,6375
6234,6379
6230,6385
6250,6364
6242,6376
6241,6363
6245,6364
6254,6407
6236,6409
6253,6392
6238,6397
6241,6388
6257,6377
6238,6391
6259,6370
6259,6359
6252,6334
6247,6352
6242,6335
6242,6348
6260,6343
6258,6339
6258,6356
6265,6346
6266,6359
6254,6354
6248,6366
6247,6355
6269,6370
6259,6349
6255,6356
6270,6350
6261,6359
6270,6353
6273,6385
6286,6363
6291,6375
6281,6380
6299,6380
6322,6366
6343,6363
6355,6377
6401,6378
6432,6375
6492,6358
6523,6364
6610,6381
6672,6375
6777,6385
6869,6400
6941,6375
6983,6385
7056,6360
7125,6405
7153,6385
7154,6374
7124,6382
7092,6388
7019,6387
6984,6390
6942,6410
6947,6417
6977,6387
7021,6353
7135,6372
7279,6410
7394,6371
7510,6395
7601,6397
7759,6403
7927,6396
8194,6390
8608,6429
9013,6399
9526,6416
9967,6441
10301,6433
10514,6441
10532,6450
10832,6468
11165,6493
11347,6510
11662,6542
11733,6575
11576,6618
11635,6664
11614,6691
11576,6715
11310,6754
10996,6831
10778,6894
10691,6974
10527,7015
10191,7106
9866,7157
9447,7226
9198,7274
8904,7441
8580,7605
8218,7817
8111,7972
7982,8165
7773,8240
7513,8265
7353,8241
7247,8168
7188,8092
7156,8010
7139,7966
7146,7889
7280,7818
7442,7751
7634,7638
7745,7508
8164,7349
8358,7261
8788,7116
9129,6967
9431,6856
9677,6765
10083,6696
10413,6740
10952,6686
10945,6694
11025,6744
11362,6827
11898,6938
11732,7011
11969,7121
12225,7327
12188,7566
11960,7785
11631,7997
11388,8203
11091,8235
10667,8416
10361,8580
10142,8873
9833,9102
9367,9153
9064,9369
8635,9414
8330,9525
8029,9632
7787,9614
7527,9627
7238,9700
7092,9823
6948,9888
6866,9751
6855,10014
6859,9975
6893,9855
6922,9525
7043,9312
7148,9166
7345,9015
7517,8753
7772,8471
7987,8150
8288,7922
8566,7664
8828,7435
9173,7273
9365,7169
9574,7018
9916,6943
10297,6953
10585,6961
10735,7023
11095,7113
11416,7256
11437,7418
11546,7551
11609,7818
11692,8106
11474,8260
11433,8433
11536,8719
11255,8922
10961,9085
10673,9234
10576,9557
10305,9680
9981,9700
9603,9635
9329,9764
9084,9840
8752,9875
8519,9829
8240,9759
7982,9651
7796,9628
7586,9535
7389,9519
7262,9343
7145,9211
7054,9035
7015,8851
6948,8652
6968,8465
7032,8222
7162,7996
7353,7815
7481,7639
7652,7438
7828,7320
8085,7137
8403,7029
8686,6941
8995,6897
9291,6865
9499,6838
9692,6836
9976,6888
10195,6932
10456,7058
10683,7212
11103,7331
11379,7484
11600,7637
11847,7792
12257,8039
12043,8249
11949,8313
12055,8621
11750,8817
11755,9042
11427,9197
11610,9499
11410,9729
11195,9851
10717,10068
10318,10230
9826,10209
9347,10358
8900,10295
8493,10367
8085,10331
7738,10229
7384,10186
7159,9903
6953,9603
6866,9463
6783,9271
6788,8930
6801,8700
6855,8524
6958,8211
7160,8167
7435,8032
7716,7863
8004,7634
8279,7489
8663,7362
9047,7235
9372,7162
9631,7052
9988,6987
10287,6941
10590,6910
10938,6885
11291,6919
11629,7000
12002,7111
12104,7272
12110,7425
12270,7738
12197,7929
12176,8282
11977,8562
11900,8833
11780,9082
11633,9448
11289,9778
11046,10136
10760,10391
10383,10582
10170,10683
9800,10569
9339,10594
9017,10624
8614,10579
8237,10594
7908,10550
7568,10416
7296,10246
7136,10096
6976,9913
6837,9560
6794,9186
6770,8946
6783,8734
6810,8538
6831,8433
6886,8195
7032,7954
7201,7725
7351,7485
7457,7296
7747,7090
7986,6949
8234,6822
8399,6689
8632,6599
8972,6587
9230,6611
9321,6641
9757,6701
10001,6818
10148,6906
10683,7054
11102,7227
11347,7449
11323,7656
11627,7862
11762,8081
11811,8453
11531,8558
11555,8831
11462,8984
11394,9183
11295,9396
10945,9372
10719,9463
10287,9419
10108,9570
9783,9506
9514,9519
9117,9412
8907,9550
8626,9467
8343,9428
8061,9352
7773,9175
7477,9020
7304,8764
7160,8725
7010,8531
6934,8322
6922,8153
6908,7990
6944,7859
7033,7689
7131,7503
7183,7302
7342,7223
7548,7081
7726,6956
8042,6830
8264,6755
8472,6733
8697,6620
8953,6610
9102,6593
9326,6622
9618,6690
9768,6770
10104,6895
10293,6994
10303,7078
10762,7236
10989,7396
11123,7624
10910,7814
10950,7976
10860,8099
10985,8342
10982,8527
11202,8868
10926,9081
10926,9327
10671,9457
10455,9546
10053,9617
9612,9697
9281,9670
8925,9724
8537,9690
8280,9722
7942,9546
7765,9545
7420,9432
7240,9283
7094,9128
6914,8925
6767,8666
6757,8536
6724,8406
6789,8191
6920,8051
7011,7891
7126,7760
7265,7617
7420,7480
7544,7353
7710,7199
7807,7062
8005,6957
8204,6845
8363,6761
8511,6688
8626,6632
8861,6613
9000,6629
9180,6628
9448,6714
9711,6794
9933,6969
9998,7214
10015,7286
10160,7542
10264,7706
10345,7940
10519,8216
10563,8456
10521,8841
10441,8962
10456,9091
10382,9319
10144,9414
9880,9646
9604,9773
9377,9738
9061,9662
8739,9535
8437,9417
8088,9433
7822,9372
7560,9242
7362,8967
7191,8864
7070,8611
6950,8487
6877,8343
6844,8150
6841,7903
6922,7726
6989,7651
7061,7531
7194,7347
7360,7246
7602,7126
7815,7047
7977,6911
8177,6875
8378,6800
8657,6759
8971,6709
9040,6663
9279,6673
9441,6680
9722,6724
9953,6612
10138,6866
10307,6987
10273,7094
10347,7334
10270,7517
10203,7695
9948,7901
9946,8159
9735,8394
9676,8671
9466,8762
9305,9057
9106,9238
8904,9242
8738,9295
8525,9674
8418,9748
8233,9874
8045,10086
7876,10055
7736,10075
7585,9951
7482,9697
7276,9584
7163,9416
6985,9183
6912,9036
6860,8891
6791,8663
6766,8376
6725,8187
6799,7906
6875,7782
6990,7660
7153,7386
7362,7219
7610,7083
7841,6915
8202,6845
8531,6774
8861,6636
9274,6572
9620,6612
9904,6636
10137,6640
10284,6698
10388,6742
10480,6830
10472,6944
10508,7077
10561,7184
10456,7253
10448,7346
10398,7431
10273,7509
9960,7593
9689,7760
9596,7914
9420,7967
9239,8108
9066,8310
8807,8410
8486,8663
8310,8805
8115,8917
8048,8983
7899,9037
7735,9147
7579,9232
7355,9275
7225,9235
7112,9219
7030,9115
6896,8980
6803,8786
6773,8616
6798,8386
6844,8204
6847,7919
6852,7704
6970,7545
7068,7318
7222,7144
7500,6950
7714,6833
7901,6748
8075,6654
8297,6602
8405,6582
8465,6624
8559,6627
8719,6660
8891,6768
9130,6817
9351,6907
9494,7014
9447,7133
9450,7263
9547,7397
9610,7588
9571,7688
9640,7838
9541,7933
9519,8065
9514,8254
9476,8413
9553,8606
9420,8694
9122,8831
8961,8893
8744,8954
8539,9072
8307,9174
8039,9226
7849,9182
7646,9117
7396,9064
7193,8968
7059,8864
7012,8859
6915,8692
6879,8467
6912,8366
6943,8212
7032,7977
7023,7779
7131,7618
7218,7419
7310,7261
7541,7128
7697,6946
7940,6833
8282,6800
8578,6691
9010,6676
9188,6606
9459,6603
9793,6598
10025,6616
10335,6645
10736,6706
10881,6776
11304,6845
11573,7100
11529,7143
11735,7258
11504,7392
11443,7606
11035,7723
10899,7990
10753,8249
10596,8403
10361,8509
10116,8682
9914,8867
9697,9044
9344,9095
9087,9145
8821,9254
8632,9326
8367,9454
8115,9401
7848,9370
7614,9394
7495,9450
7312,9422
7146,9298
7015,9231
6914,9215
6845,9044
6815,8876
6806,8750
6858,8613
6874,8383
7025,8076
7164,7843
7375,7696
7550,7474
7827,7254
8072,7078
8329,6926
8715,6805
9061,6713
9318,6683
9555,6677
9934,6715
10286,6768
10627,6849
10746,6953
10702,7006
10904,7169
10860,7297
11041,7465
11050,7606
11028,7792
10990,7956
10923,8039
10675,8197
10404,8442
10147,8535
9977,8899
9631,8973
9455,9135
9228,9491
8912,9603
8751,9812
8353,9819
8127,10013
7920,9945
7662,9917
7399,10040
7229,9870
7077,9886
6934,9699
6831,9577
6752,9490
6696,9305
6683,9198
6729,8935
6730,8710
6821,8466
6938,8196
7016,7944
7172,7757
7312,7566
7422,7333
7606,7187
7816,7058
8018,6883
8254,6722
8510,6664
8803,6669
9000,6619
9252,6628
9460,6654
9836,6737
10059,6828
10544,6951
10688,7001
10900,7200
11089,7312
11503,7530
11677,7666
11810,7842
11993,8027
12050,8187
12103,8383
11990,8505
11894,8516
11743,8641
11384,8758
11068,8718
10553,8730
10395,8852
9852,8805
9673,8823
9327,8806
8952,8732
8479,8605
8088,8524
7800,8455
7528,8499
7283,8413
7183,8304
7038,8154
7012,8102
7017,7995
7132,7927
7281,7856
7469,7725
7650,7632
7895,7458
8297,7305
8796,7199
9120,7045
9531,6911
9862,6813
10096,6735
10518,6638
10702,6606
11142,6588
11678,6607
11752,6727
12084,6841
12206,6972
12560,7162
12776,7429
13002,7705
13113,8039
13132,8445
12889,8815
12826,9265
12568,9635
12275,10012
11827,10403
11769,11110
11500,11424
10989,11670
10554,11812
10054,11799
9801,12032
9595,12234
9185,12307
8836,12431
8680,12731
8263,12414
8061,12433
7974,12072
7882,11791
7718,11474
7583,11171
7514,10946
7478,10365
7485,9982
7620,9812
7701,9247
7948,8998
8220,8666
8510,8207
8974,7916
9431,7663
9832,7440
10351,7244
10784,7013
11668,6935
12552,6835
13082,6807
14046,6829
14794,6896
15410,6969
15763,7113
16383,7330
16383,7495
16383,7831
16383,8166
16383,8427
16383,8664
16383,8930
16383,9254
16383,9651
16383,9983
16383,10240
16318,10547
16311,10914
15595,11233
14661,11666
13884,11853
13058,11792
11920,11906
10977,12041
10326,12133
9656,12172
8997,12346
8460,12455
7974,12523
7694,12577
7451,12332
7267,12079
7246,11959
7263,11788
7359,11398
7513,11278
7736,10930
7998,10384
8216,9921
8592,9482
8949,9163
9341,8917
9744,8494
10094,8154
10461,7769
10835,7421
11505,7242
11909,7090
12252,7011
12556,7017
12785,7057
13198,7249
13474,7501
13538,7749
14059,8168
14283,8633
14319,9054
14285,9531
14102,10043
14091,10705
13751,11271
13601,11752
13349,12153
13175,12660
12712,12731
12326,12736
12214,12947
11923,13202
11297,12899
10645,12626
10393,12673
9858,12599
9499,12825
8874,12165
8419,12109
8190,12004
7847,11697
7352,11226
6929,10955
6625,10683
6377,10219
6337,9969
6331,9418
6230,9228
6186,8731
6169,8403
6171,8023
6191,7931
6174,7605
6166,7478
6173,7353
6177,7275
6171,7121
6166,7094
6168,7092
6141,7191
6134,7281
6135,7495
6141,7631
6142,7874
6132,8044
6124,8310
6137,8684
6135,9011
6128,9423
6121,9964
6122,10332
6128,10645
6135,10756
6126,11406
6128,11738
6123,11935
6127,12255
6126,12765
6117,12588
6119,12568
6119,12457
6120,12364
6124,12345
6114,12247
6119,12232
6124,12018
6123,11807
6116,11641
6118,11275
6120,10964
6123,10708
6111,10382
6108,9589
6112,9019
6110,8675
6114,8273
6109,7669
6105,7084
6115,6693
6111,6459
6108,6337
6107,6306
6104,6263
6111,6242
6112,6222
6104,6213
6108,6215
6108,6177
6106,6158
6108,6140
6102,6110
6106,6137
6104,6117
6103,6113
6102,6093
6111,6080
6107,6080
6100,6082
6105,6082
6109,6080
6107,6089
6112,6086
6089,6072
6101,6078
6105,6073
6109,6080
6108,6077
6096,6087
6104,6069
6114,6071
6106,6069
6104,6063
6111,6070
6110,6076
6121,6068
6113,6067
6103,6070
6101,6071
6115,6076
6105,6051
6105,6057
6107,6067
6103,6071
6110,6064
6110,6061
6110,6063
6108,6066
6108,6068
6111,6065
6111,6058
6113,6059
6108,6062
6108,6047
6119,6060
6122,6040
6111,6063
6099,6055
6119,6058
6101,6056
6110,6065
6113,6051
6110,6057
6107,6061
6110,6065
6098,6060
6112,6063
6106,6055
6103,6051
6110,6050
6108,6056
6110,6055
6110,6060
6112,6050
6113,6051
6110,6035
6112,6049
6114,6043
6111,6056
6119,6060
6102,6072
6111,6064
6112,6057
6113,6048
6105,6058
6115,6053
6113,6056
6115,6048
6114,6054
6116,6050
6114,6057
6110,6064
6107,6063
6110,6051
6114,6049
6112,6047
6112,6059
6105,6057
6102,6056
6103,6058
6113,6047
6100,6047
6098,6046
6110,6054
6111,6061
6107,6052
6111,6064
6096,6061
6106,6057
6104,6051
6101,6060
6106,6053
6110,6053
6113,6049
6121,6045
6107,6064
6108,6057
6103,6053
6109,6052
6121,6067
6113,6045
6103,6053
6104,6056
6109,6050
6113,6055
6105,6055
6106,6061
6102,6048
6095,6054
6108,6051
6118,6057
6108,6039
6107,6047
6099,6052
6112,6065
6112,6039
6102,6048
6104,6039
6104,6055
6106,6064
6104,6040
6110,6059
6099,6055
6099,6050
6112,6040
6111,6064
6095,6049
6101,6064
6106,6056
6104,6047
6108,6048
6106,6054
6118,6055
6099,6056
6100,6049
6110,6049
6110,6063
6104,6046
6107,6045
6105,6058
6110,6074
6105,6042
6096,6060
6102,6047
6099,6056
6113,6065
6103,6044
6099,6045
6118,6055
6102,6040
6106,6055
6123,6060
6114,6056
6098,6049
6100,6042
6107,6048
6109,6052
6107,6059
6114,6054
6097,6039
6104,6049
6101,6037
6101,6044
6112,6058
6100,6050
6099,6052
6101,6052
6098,6046
6106,6057
6095,6056
6111,6054
6111,6048
6108,6046
6094,6049
6107,6059
6103,6041
6098,6027
6102,6055
6098,6045
6091,6048
6096,6049
6096,6053
6099,6047
6104,6053
6099,6054
6091,6054
6093,6056
6103,6053
6106,6051
6091,6045
6099,6050
6108,6048
6105,6045
6096,6047
6104,6051
6098,5963
6173,6106
6095,6055
6120,6067
6089,6051
6109,6055
6103,6057
6109,6058
6103,6052
6107,6064
6099,6057
6101,6046
6112,6054
6096,6056
6096,6048
6094,6065
6094,6057
6096,6048
6097,6052
6110,6059
6098,6050
6097,6047
6112,6054
6099,6050
6098,6042
6109,6053
6104,6061
6101,6058
6103,6063
6107,6055
6104,6050
6102,6061
6102,6062
6104,6055
6110,6050
6099,6056
6099,6056
6093,6053
6092,6046
6108,6048
6110,6057
6098,6064
6098,6052
6098,6062
6101,6059
6105,6050
6106,6068
6095,6055
6094,6059
6101,6047
6102,6059
6106,6058
6108,6054
6102,6038
6101,6056
6097,6049
6098,6059
6114,6056
6108,6060
6114,6062
6104,6052
6109,6068
6113,6051
6109,6059
6118,6060
6111,6056
6113,6054
6117,6059
6105,6048
6120,6054
6114,6065
6105,6055
6103,6055
6115,6056
6110,6060
6103,6063
6104,6058
6103,6051
6100,6047
6107,6049
6113,6057
6103,6060
6107,6044
6112,6055
6113,6050
6106,6055
6099,6059
6108,6057
6111,6053
6110,6041
6100,6050
6105,6061
6106,6049
6098,6059
6098,6049
6106,6057
6112,6057
6109,6053
6101,6050
6110,6047
6108,6047
6108,6046
6097,6059
6105,6056
6105,6068
6102,6054
6106,6049
6095,6057
6110,6055
6095,6052
6102,6063
6090,6058
6101,6058
6101,6053
6111,6053
6100,6058
6104,6060
6107,6047
6110,6043
6100,6052
6105,6046
6114,6046
6098,6051
6106,6058
6099,6051
6101,6055
6108,6056
6098,6047
6105,6057
6101,6043
6101,6051
6106,6060
6105,6050
6099,6049
6106,6057
6110,6067
6114,6051
6116,6059
6095,6044
6106,6052
6111,6055
6106,6065
6116,6049
6111,6068
6113,6057
6110,6060
6104,6048
6108,6050
6113,6065
6112,6054
6103,6071
6114,6056
6109,6049
6114,6046
6111,6038
6113,6060
6120,6046
6116,6060
6115,6058
6113,6052
6119,6056
6121,6063
6112,6054
6119,6055
6110,6063
6110,6062
6111,6051
6123,6053
6110,6049
6123,6055
6118,6063
6124,6056
6109,6047
6106,6070
6113,6059
6109,6050
6115,6060
6110,6050
6113,6067
6115,6051
6113,6055
6108,6043
6111,6044
6107,6050
6110,6049
6111,6053
6120,6062
6110,6052
6103,6058
6111,6058
6105,6055
6118,6071
6120,6063
6118,6056
6108,6047
6112,6056
6100,6060
6115,6046
6104,6058
6106,6061
6120,6053
6108,6050
6115,6059
6114,6065
6106,6051
6102,6049
6107,6051
6118,6050
6106,6061
6113,6050
6110,6050
6107,6050
6112,6042
6115,6065
6111,6060
6117,6055
6107,6059
6109,6048
6117,6053
6112,6049
6115,6046
6117,6051
6100,6048
6114,6050
6104,6055
6104,6052
6112,6057
6107,6058
6102,6055
6115,6049
6118,6058
6118,6063
6103,6053
6102,6042
6110,6063
6117,6057
6108,6058
6107,6054
6126,6050
6110,6060
6101,6056
6106,6063
6116,6064
6111,6036
6110,6060
6113,6057
6125,6061
6119,6063
6115,6066
6117,6053
6105,6031
6117,6054
6126,6072
6109,6052
6109,6053
6109,6062
6116,6058
6112,6059
6111,6057
6113,6053
6113,6041
6119,6061
6111,6055
6124,6060
6116,6061
6123,6051
6120,6052
6117,6055
6046,5930
6144,6059
6101,5990
6101,5990
6142,6182
6097,6056
6144,6080
6127,5983
6154,6090
6135,6067
6099,6040
6121,6059
6130,6048
6152,6041
6136,6080
6128,6089
6075,6012
6140,6071
6146,6061
6127,6053
6126,6066
6101,6041
6129,6073
6069,6019
6121,6049
6089,6045
6089,6045
6122,6034
6096,6041
6089,6036
6107,6051
6134,6065
6107,6054
6116,6077
6108,6039
6122,6070
6098,6042
6127,6076
6109,6047
6116,6062
6124,6064
6121,6055
6117,6052
6119,6062
6124,6070
6107,6049
6105,6053
6123,6060
6123,6060
6104,6046
6113,6067
6126,6064
6120,6069
6119,6063
6120,6068
6119,6047
6124,6065
6118,6061
6119,6052
6114,6042
6120,6064
6117,6063
6118,6065
6112,6049
6108,6049
6117,6046
6122,6047
6114,6054
6120,6044
6120,6075
6120,6075
6115,6064
6111,6057
6112,6056
6079,6022
6114,6063
6118,6066
6109,6062
6118,6066
6110,6056
6119,6057
6106,6046
6111,6061
6114,6054
6113,6050
6117,6044
6111,6053
6121,6062
6115,6063
6117,6046
0,42
0,61680
0,0
6117,6062
5607,5587
5598,5567
5604,5581
5599,5581
5599,5579
5602,5580
5595,5584
5595,5582
5826,5762
6338,6313
6272,6317
6291,6308
6309,6305
6285,6322
6300,6304
6297,6310
6287,6302
6300,6297
6286,6293
6321,6340
6319,6345
6298,6315
6301,6313
6285,6312
6296,6322
6290,6323
6284,6324
6306,6342
6299,6316
6281,6331
6284,6337
6319,6350
6308,6352
6290,6343
6289,6339
6308,6324
6308,6328
6317,6335
6308,6338
6316,6341
6307,6343
6292,6338
6292,6351
6302,6354
6296,6324
6309,6321
6305,6329
6304,6328
6297,6351
6301,6327
6308,6322
6321,6328
6313,6316
6318,6341
6333,6318
6325,6339
5927,6676
6244,5777
6190,6199
6312,6330
6395,6411
6288,6291
6281,6313
6304,6336
6284,6313
6302,6339
6315,6314
6321,6336
6302,6331
6299,6339
6312,6315
6299,6318
6308,6328
6289,6321
6302,6342
6307,6329
6306,6332
6297,6342
6309,6335
6295,6334
6319,6321
6300,6322
6303,6322
6302,6333
6291,6314
6286,6318
6282,6327
6280,6357
6289,6310
6297,6307
6314,6328
6294,6346
6297,6346
6298,6314
6286,6355
6301,6345
6292,6335
6290,6313
6298,6321
6284,6316
6289,6301
6288,6310
6291,6328
6279,6299
6303,6308
6286,6308
6306,6328
6303,6314
6305,6346
6297,6327
6293,6342
6281,6348
6275,6326
6279,6326
6285,6319
6306,6318
6312,6345
6292,6343
6286,6342
6315,6359
6319,6351
6312,6342
6306,6340
6305,6339
6294,6325
6297,6325
6283,6330
6293,6328
6294,6336
6284,6319
6287,6333
6299,6338
6285,6317
6284,6320
6293,6320
6276,6326
6285,6305
6300,6322
6293,6326
6287,6325
6309,6323
6288,6330
6298,6338
6287,6336
6288,6333
6290,6334
6283,6339
6299,6314
6293,6313
6316,6329
6299,6342
6288,6326
6282,6352
6293,6354
6295,6345
6312,6353
6311,6320
6287,6322
6299,6342
6293,6335
6303,6338
6264,6358
6279,6359
6289,6366
6293,6336
6283,6334
6273,6344
6287,6338
6312,6356
6280,6339
6285,6364
6267,6361
6287,6358
6272,6357
6283,6339
6288,6353
6291,6337
6277,6338
6283,6346
6295,6352
6289,6332
6289,6363
6294,6335
6283,6344
6282,6357
6301,6339
6300,6367
6300,6338
6292,6366
6283,6364
6286,6368
6279,6326
6285,6349
6292,6351
6296,6345
6293,6369
6299,6359
6294,6357
6279,6388
6264,6356
6283,6383
6275,6336
6280,6336
6282,6347
6274,6348
6273,6357
6273,6344
6295,6343
6276,6369
6282,6363
6266,6372
6281,6372
6270,6382
6277,6363
6255,6358
6282,6370
6282,6397
6277,6387
6267,6377
6276,6374
6277,6368
6309,6351
6284,6366
6254,6356
6267,6370
6271,6381
6269,6371
6289,6391
6268,6384
6267,6385
6277,6378
6284,6350
6282,6351
6278,6350
6266,6368
6271,6377
6279,6380
6274,6368
6269,6362
6263,6383
6271,6372
6266,6387
6272,6407
6269,6414
6268,6369
6266,6366
6272,6383
6260,6393
6274,6376
6263,6381
6241,6383
6255,6385
6265,6378
6290,6372
6278,6379
6252,6374
6276,6368
6261,6377
6251,6376
6259,6349
6255,6338
6260,6355
6259,6361
6242,6381
6258,6368
6246,6368
6268,6388
6263,6361
6253,6376
6260,6377
6259,6362
6271,6373
6266,6391
6247,6394
6256,6406
6271,6404
6264,6397
6261,6419
6247,6400
6239,6381
6245,6377
6257,6407
6262,6406
6251,6372
6249,6396
6241,6383
6253,6375
6247,6400
6249,6396
6239,6405
6253,6351
6240,6340
6249,6385
6241,6368
6245,6387
6239,6394
6255,6388
6243,6393
6244,6392
6244,6388
6239,6400
6258,6414
6248,6391
6240,6377
6228,6377
6229,6369
6230,6371
6251,6372
6260,6377
6237,6403
6241,6389
6235,6381
6240,6378
6255,6386
6237,6403
6235,6415
6236,6391
6229,6391
6249,6400
6236,6394
6236,6402
6244,6396
6235,6425
6242,6453
6303,6486
6274,6495
6271,6426
6209,6366
6211,6390
6268,6426
6254,6423
6216,6411
6240,6408
6254,6376
6243,6377
6239,6393
6240,6383
6259,6417
6255,6386
6241,6383
6256,6384
6244,6414
6238,6427
6225,6394
6235,6388
6247,6387
6239,6387
6251,6391
6229,6388
6228,6379
6235,6396
6232,6361
6246,6393
6230,6400
6236,6403
6236,6414
6227,6401
6231,6425
6240,6413
6230,6411
6240,6396
6237,6409
6232,6402
6225,6406
6222,6394
6248,6395
6243,6398
6236,6368
6236,6401
6228,6386
6224,6376
6237,6424
6232,6401
6233,6406
6229,6403
6214,6423
6222,6421
6235,6410
6225,6408
6222,6416
6220,6422
6226,6414
6227,6417
6206,6427
6218,6436
6222,6430
6238,6408
6212,6411
6221,6411
6214,6414
6230,6407
6224,6392
6233,6424
6229,6406
6224,6422
6224,6416
6233,6382
6242,6419
6225,6394
6220,6402
6219,6410
6230,6414
6228,6414
6226,6387
6226,6405
6222,6416
6233,6409
6223,6399
6230,6414
6236,6443
6245,6383
6227,6393
6235,6387
6248,6382
6232,6385
6223,6378
6220,6380
6231,6375
6233,6387
6222,6392
6231,6398
6233,6393
6221,6395
6225,6400
6224,6398
6231,6397
6220,6396
6228,6410
6222,6388
6237,6424
6222,6420
6225,6448
6230,6448
6222,6440
6220,6439
6233,6465
6222,6438
6221,6437
6219,6426
6237,6408
6235,6409
6244,6411
6226,6405
6226,6434
6240,6421
6224,6393
6219,6432
6210,6429
6222,6425
6224,6411
6236,6385
6225,6395
6216,6440
6217,6423
6232,6435
6219,6424
6215,6418
6225,6423
6220,6405
6219,6411
6225,6396
6225,6409
6221,6406
6227,6403
6226,6403
6215,6372
6229,6381
6227,6390
6237,6375
6237,6376
6224,6398
6207,6383
6227,6394
6233,6387
6202,6383
6230,6402
6242,6394
6227,6402
6230,6442
6230,6414
6223,6414
6227,6418
6220,6406
6219,6395
6221,6408
6224,6401
6219,6395
6230,6383
6222,6398
6215,6400
6236,6401
6219,6378
6226,6393
6226,6438
6233,6397
6222,6392
6238,6413
6239,6396
6224,6381
6220,6387
6232,6388
6232,6378
6234,6393
6225,6402
6227,6426
6232,6407
6227,6417
6229,6384
6252,6395
6231,6409
6222,6394
6231,6403
6223,6406
6227,6415
6226,6418
6209,6384
6211,6382
6240,6386
6228,6371
6236,6392
6233,6401
6220,6408
6236,6422
6240,6421
6232,6427
6230,6400
6233,6414
6234,6407
6239,6397
6230,6387
6229,6368
6229,6356
6240,6379
6231,6352
6234,6370
6232,6363
6229,6394
6234,6415
6230,6375
6223,6351
6239,6366
6242,6363
6237,6345
6233,6369
6244,6365
6238,6375
6236,6400
6235,6383
6228,6378
6219,6384
6225,6380
6240,6393
6239,6376
6228,6379
6248,6357
6233,6364
6239,6362
6237,6372
6235,6385
6241,6353
6232,6367
6242,6383
6243,6373
6240,6381
6239,6366
6244,6369
6257,6394
6242,6400
6230,6384
6250,6382
6248,6370
6243,6370
6256,6383
6251,6362
6257,6349
6245,6345
6251,6338
6255,6345
6254,6353
6257,6353
6264,6362
6266,6359
6257,6355
6259,6352
6258,6347
6229,6366
6256,6344
6262,6359
6278,6340
6257,6362
6263,6335
6271,6345
6276,6379
6149,6280
6355,6297
6224,6300
6224,6328
6298,6394
6312,6353
6313,6352
6357,6381
6389,6378
6439,6379
6477,6382
6524,6375
6596,6381
6683,6370
6768,6383
6846,6368
6908,6385
6939,6378
6970,6383
7084,6379
7107,6367
7096,6383
7075,6400
7037,6385
6981,6391
6949,6386
6920,6413
6919,6410
6986,6378
7022,6407
7149,6415
7260,6386
7406,6418
7509,6390
7629,6380
7743,6410
7920,6390
8126,6398
8450,6406
8791,6407
9344,6410
9762,6411
10178,6425
10288,6462
10482,6458
10832,6472
11106,6491
11328,6511
11569,6553
11737,6601
11739,6623
11760,6627
11669,6677
11538,6701
11200,6744
10906,6823
10670,6896
10531,6956
10305,7006
10041,7104
9746,7168
9387,7217
9185,7297
8889,7453
8575,7627
8265,7779
8047,7985
7919,8120
7790,8242
7600,8305
7307,8259
7341,8194
7234,8088
7181,8000
7110,7946
7137,7909
7242,7835
7290,7745
7488,7620
7641,7513
7867,7349
8242,7228
8431,7098
8942,6990
9308,6844
9597,6752
9828,6743
10419,6736
10993,6701
11310,6701
11325,6736
11705,6859
11906,6947
11974,7057
12234,7157
12278,7351
12139,7555
11941,7792
11603,7988
11153,8079
10864,8169
10664,8408
10286,8489
10093,8793
9830,9036
9415,9226
9124,9432
8686,9433
8308,9681
8060,9782
7771,9894
7500,10029
7223,10124
7090,10055
6922,10062
6843,9948
6864,10018
6880,9996
6855,9643
6947,9393
6990,9253
7139,9079
7314,8912
7485,8725
7729,8447
8031,8239
8336,7941
8536,7682
8846,7491
9046,7245
9389,7137
9784,7048
10125,7006
10443,6993
10638,6975
10744,7012
11014,7113
11282,7230
11213,7346
11442,7557
11338,7638
11475,8033
11442,8246
11450,8412
11487,8778
11365,8974
11040,9126
10787,9256
10545,9527
10276,9663
9965,9686
9807,9894
9419,9801
9093,9900
8798,9872
8552,9879
8275,9785
8005,9705
7775,9544
7584,9506
7359,9327
7265,9298
7129,9134
6976,8916
6982,8840
6955,8642
6951,8438
7028,8251
7166,8009
7414,7847
7502,7638
7663,7447
7893,7299
8215,7155
8381,7035
8581,6934
8969,6902
9301,6875
9440,6852
9515,6813
9747,6831
9971,6864
10216,7006
10496,7140
10750,7287
11041,7389
11404,7627
11937,7794
12012,7983
12163,8229
11962,8381
11906,8638
11867,8858
11839,9128
11581,9261
11666,9671
11396,9651
11068,9783
10659,9911
10127,9877
9644,9967
9239,10013
8901,10180
8451,10098
8096,10260
7671,10129
7411,10047
7130,9783
6970,9618
6886,9415
6792,9185
6793,9033
6841,8753
6861,8576
7003,8284
7195,8080
7438,8037
7666,7839
7988,7606
8240,7433
8559,7306
9031,7222
9370,7132
9615,7045
9917,6949
10271,6913
10641,6926
10864,6901
11299,6960
11598,6991
11936,7076
12187,7322
12152,7516
12298,7730
12170,7955
12111,8226
12100,8669
11889,8756
11650,8955
11270,9171
11020,9531
10853,9869
10545,10213
10179,10351
10028,10382
9753,10484
9353,10588
8986,10623
8663,10615
8232,10565
7899,10550
7600,10403
7291,10239
7108,10109
6979,9923
6861,9499
6787,9230
6744,8950
6746,8765
6781,8571
6802,8383
6877,8201
6980,7920
7152,7715
7332,7492
7529,7306
7740,7035
8095,7010
8276,6860
8383,6645
8737,6619
8967,6564
9251,6629
9512,6629
9765,6686
10106,6836
10384,6933
10628,7081
10794,7193
10961,7340
11144,7610
11267,7724
11409,7965
11375,8274
11475,8517
11593,8782
11471,8998
11330,9132
11149,9275
10847,9326
10762,9459
10481,9557
10248,9686
9923,9578
9369,9338
9266,9529
8916,9516
8579,9373
8226,9312
7965,9179
7654,8871
7508,8912
7294,8635
7120,8502
6988,8451
6922,8246
6901,8146
6930,8041
6949,7887
7084,7754
7172,7585
7298,7387
7448,7270
7636,7132
7766,6949
8049,6808
8250,6753
8403,6677
8607,6622
8870,6603
8991,6583
9203,6586
9425,6641
9679,6730
9902,6865
10183,6977
10440,7089
10773,7265
11104,7461
11010,7632
11078,7837
11114,8014
11121,8194
11056,8372
11342,8614
11118,8855
10766,9050
10862,9309
10637,9417
10226,9448
9833,9464
9461,9572
9189,9615
8847,9600
8496,9659
8193,9656
7957,9551
7734,9504
7435,9465
7230,9297
7063,9163
6894,8950
6780,8687
6726,8496
6721,8368
6803,8211
6911,8064
6995,7874
7094,7759
7279,7574
7428,7511
7544,7349
7719,7182
7842,7023
8019,6929
8193,6819
8365,6763
8542,6654
8644,6635
8821,6604
8967,6604
9196,6638
9455,6730
9712,6838
9907,7014
9993,7177
10093,7334
10266,7520
10314,7676
10294,7863
10436,8192
10524,8526
10478,8746
10416,8917
10462,9077
10419,9342
10139,9447
9921,9616
9645,9775
9453,9789
9112,9723
8712,9579
8480,9463
8153,9447
7851,9383
7553,9262
7352,9010
7204,8853
7087,8630
6924,8456
6857,8323
6796,8147
6800,7886
6882,7753
6996,7626
7039,7470
7189,7372
7366,7230
7574,7141
7812,7059
8003,6929
8219,6858
8418,6814
8741,6759
9042,6722
9201,6697
9387,6735
9553,6714
9788,6715
9829,6759
9992,6838
10089,6917
10186,7102
10128,7278
10123,7497
10096,7694
9930,7871
9909,8126
9780,8452
9645,8603
9499,8854
9393,9214
9135,9263
8935,9358
8768,9552
8592,9798
8440,9841
8289,9992
8051,10108
7878,10044
7739,10105
7585,9791
7431,9610
7313,9508
7156,9230
7023,9144
6902,9060
6853,8922
6792,8642
6751,8426
6730,8278
6799,7977
6860,7756
6979,7633
7189,7444
7406,7234
7570,7065
7916,6937
8193,6827
8553,6777
8762,6636
9225,6588
9495,6599
9818,6621
9938,6639
10161,6677
10358,6737
10335,6803
10493,6918
10515,7039
10521,7171
10477,7256
10360,7336
10375,7433
10292,7522
9993,7658
9774,7815
9608,7925
9428,8017
9260,8134
9080,8311
8772,8408
8521,8576
8303,8775
8142,8877
8034,8983
7878,9011
7734,9108
7559,9217
7328,9224
7212,9285
7123,9269
7047,9201
6914,8980
6822,8830
6767,8644
6824,8435
6862,8198
6867,7954
6857,7742
6973,7509
7141,7300
7239,7129
7500,6983
7703,6862
7928,6713
8090,6651
8299,6576
8421,6577
8468,6609
8584,6629
8760,6704
8903,6730
9176,6831
9380,6903
9537,7011
9465,7150
9518,7345
9551,7416
9645,7610
9594,7721
9582,7801
9538,7918
9491,8067
9411,8224
9503,8456
9477,8491
9390,8630
9114,8716
8887,8792
8735,8895
8553,9098
8313,9199
8000,9229
7791,9158
7850,9400
7409,9167
7255,9055
7096,9021
6999,8966
6951,8776
6883,8464
6897,8379
6919,8185
6973,7951
7038,7793
7095,7620
7123,7410
7257,7254
7406,7113
7614,6958
7912,6869
8239,6806
8662,6712
9086,6652
9350,6616
9528,6613
9895,6619
10284,6656
10611,6670
10936,6723
11279,6797
11315,6897
11531,7019
11695,7126
11539,7246
11604,7399
11103,7530
11144,7771
10754,7964
10740,8234
10778,8467
10606,8615
10327,8752
10060,8909
9844,9079
9533,9184
9232,9218
9012,9411
8735,9437
8532,9523
8166,9510
7935,9485
7719,9511
7528,9403
7331,9434
7127,9257
6986,9168
6935,9137
6873,8999
6832,8890
6793,8695
6814,8616
6904,8494
7038,8151
7230,7904
7371,7729
7651,7536
7942,7312
8217,7105
8610,6984
8877,6809
9192,6730
9344,6672
9633,6669
9953,6728
10294,6750
10471,6828
10649,6909
10620,6987
10832,7143
10949,7302
11178,7497
11151,7662
11217,7897
11065,7980
11219,8224
10852,8345
10599,8611
10396,8793
10100,9039
9823,9222
9527,9312
9246,9551
8996,9835
8773,9958
8394,9973
8129,9987
7940,10050
7647,10145
7400,9934
7240,9949
7080,10116
6944,9981
6840,9822
6773,9765
6694,9550
6712,9388
6727,9137
6764,8849
6843,8610
6965,8324
7077,8028
7207,7890
7389,7630
7502,7430
7609,7248
7805,7049
7978,6874
8258,6731
8510,6694
8768,6642
9057,6625
9243,6626
9534,6666
9826,6753
10164,6848
10650,6961
10849,7050
11002,7236
11256,7413
11603,7572
11901,7753
11891,7857
12140,8062
12142,8229
12085,8330
11859,8480
11770,8496
11694,8602
11375,8728
11035,8710
10747,8823
10466,8848
10166,8939
9836,8892
9530,8831
9041,8724
8527,8623
8212,8515
7918,8495
7566,8455
7336,8479
7184,8332
7076,8209
7038,8110
7037,7984
7122,7946
7312,7830
7433,7716
7723,7648
7967,7484
8331,7324
8726,7224
9208,7074
9590,6909
9912,6825
10296,6731
10496,6618
10949,6641
11386,6640
11725,6628
11930,6725
12075,6813
12296,7006
12638,7166
12914,7395
13030,7713
13197,8103
13074,8429
12895,8810
12833,9269
12641,9607
12267,10091
11884,10631
11782,11194
11515,11592
11082,11955
10712,12260
10246,12427
9987,12433
9745,12579
9307,12784
9005,12923
8766,12919
8412,12814
8113,12499
7944,12149
7865,11929
7742,11512
7564,11158
7520,10823
7536,10442
7575,10122
7585,9799
7791,9381
8057,9053
8295,8686
8612,8274
9168,7964
9663,7718
10119,7459
10600,7240
11168,7086
11816,6967
12542,6840
13231,6816
13663,6793
14340,6853
14995,6915
15913,7110
16383,7342
16383,7552
16383,7842
16383,8190
16383,8481
16383,8730
16383,9079
16383,9403
16383,9749
16383,10005
16383,10297
16383,10652
16215,10904
15346,11159
14326,11444
13644,11629
12886,11724
11731,11734
10952,12058
10326,12149
9766,12311
9081,12453
8504,12624
8023,12694
7654,12356
7474,12746
7325,12653
7277,12319
7328,12098
7414,11554
7549,11329
7750,10960
8055,10334
8248,9968
8583,9457
9001,9162
9367,8896
9776,8497
10134,8116
10692,7753
11111,7464
11704,7254
11997,7133
12336,7001
12995,7076
13371,7097
13809,7281
13990,7567
14272,7891
14320,8314
14500,8679
14235,9094
14512,9566
14191,10098
14153,10761
13900,11419
13761,11939
13405,12309
13290,12943
12876,13053
12720,13522
12433,13478
12041,13511
11510,13499
10954,13405
10611,13210
10034,13256
9468,12922
8925,12513
8469,12126
8162,11989
7817,11607
7315,11272
6870,10782
6601,10613
6376,10312
6285,9839
6259,9524
6232,9268
6213,8846
6207,8480
6193,8195
6185,7988
6185,7748
6178,7578
6173,7428
6167,7289
6159,7207
6166,7165
6163,7193
6150,7258
6141,7354
6142,7467
6138,7664
6145,7861
6122,8083
6130,8406
6127,8793
6129,9200
6135,9608
6132,10185
6124,10551
6131,10936
6138,11352
6122,11936
6128,12274
6127,12534
6119,12789
6125,13130
6118,13137
6128,12924
6108,12777
6124,12554
6119,12662
6115,12347
6119,12461
6122,12329
6133,12162
6119,11871
6125,11591
6109,11312
6120,10922
6116,10578
6116,9785
6116,9171
6115,8829
6117,8369
6112,7690
6110,7142
6115,6700
6107,6475
6112,6346
6113,6320
6108,6265
6114,6231
6104,6223
6112,6201
6114,6212
6117,6174
6112,6171
6104,6148
6106,6131
6113,6139
6099,6124
6113,6106
6106,6094
6100,6091
6109,6101
6106,6060
6112,6095
6115,6081
6102,6085
6108,6077
6099,6090
6114,6080
6101,6075
6112,6083
6107,6071
6107,6075
6108,6069
6106,6060
6109,6074
6119,6062
6101,6071
6112,6084
6108,6063
6106,6077
6108,6060
6103,6068
6104,6067
6105,6072
6106,6054
6109,6076
6109,6074
6117,6065
6123,6085
6111,6069
6116,6067
6104,6066
6108,6055
6107,6072
6110,6064
6113,6046
6103,6057
6114,6054
6111,6061
6109,6051
6108,6052
6118,6066
6101,6067
6112,6064
6116,6062
6110,6055
6111,6056
6108,6061
6098,6060
6110,6058
6108,6056
6111,6055
6102,6052
6102,6050
6107,6051
6114,6049
6109,6044
6112,6050
6112,6050
6116,6063
6113,6065
6106,6048
6110,6055
6119,6043
6107,6050
6112,6060
6102,6052
6114,6056
6096,6063
6117,6054
6111,6054
6104,6014
6107,6052
6117,6055
6102,6052
6108,6057
6109,6061
6114,6045
6107,6049
6107,6064
6103,6062
6110,6056
6093,6065
6111,6038
6105,6045
6107,6054
6110,6062
6114,6047
6106,6052
6103,6054
6102,6068
6106,6052
6107,6047
6102,6056
6111,6042
6109,6052
6112,6053
6114,6052
6108,6052
6102,6057
6103,6040
6101,6058
6105,6052
6104,6026
6097,6039
6102,6057
6096,6049
6104,6061
6108,6049
6103,6053
6105,6051
6096,6063
6106,6063
6113,6050
6107,6050
6106,6047
6100,6048
6107,6061
6106,6034
6105,6047
6102,6061
6103,6059
6111,6058
6101,6045
6111,6049
6099,6051
6099,6044
6106,6045
6112,6060
6106,6049
6110,6098
6099,6052
6106,6055
6099,6062
6106,6053
6106,6058
6093,6051
6099,6057
6117,6060
6111,6043
6105,6053
6104,6055
6113,6052
6103,6057
6099,6050
6101,6055
6104,6051
6101,6051
6106,6063
6101,6048
6100,6049
6104,6041
6098,6049
6101,6065
6124,6064
6116,6060
6094,6051
6095,6034
6108,6047
6111,6063
6107,6060
6108,6058
6097,6045
6099,6050
6104,6036
6104,6047
6111,6065
6106,6054
6105,6057
6098,6027
6153,6153
6136,6094
6018,6013
6091,6043
6053,5972
6101,6054
6099,6064
6106,6049
6096,6045
6111,6048
6111,6056
6111,6046
6086,6044
6097,6048
6105,6051
6101,6053
6104,6050
6099,6075
6101,6045
6094,6056
6102,6059
6097,6050
6095,6050
6093,6035
6101,6051
6099,6061
6089,6040
6102,6054
6108,6053
6099,6036
6106,6043
6096,6048
6095,6050
6103,6048
6107,6055
6100,6051
6090,6042
6098,6043
6102,6053
6094,6055
6107,6057
6102,6060
6094,6060
6102,6039
6093,6058
6105,6038
6099,6054
6102,6032
6102,6045
6103,6044
6109,6043
6101,6057
6104,6049
6098,6060
6097,6050
6099,6049
6102,6056
6107,6047
6111,6057
6107,6062
6105,6062
6101,6059
6129,6063
6101,6045
6101,6045
6095,6051
6105,6060
6109,6051
6103,6061
6107,6050
6091,6058
6106,6053
6108,6050
6113,6054
6106,6034
6100,6055
6104,6051
6103,6056
6109,6057
6110,6061
6104,6064
6105,6052
6099,6057
6098,6054
6103,6060
6109,6053
6106,6049
6109,6061
6105,6044
6113,6060
6102,6063
6111,6057
6111,6042
6106,6057
6110,6049
6112,6057
6104,6046
6114,6061
6114,6058
6102,6050
6111,6058
6110,6064
6104,6052
6102,6065
6103,6065
6106,6052
6103,6052
6101,6046
6112,6041
6101,6070
6108,6056
6112,6062
6115,6051
6112,6047
6106,6059
6106,6060
6110,6059
6108,6041
6101,6062
6108,6075
6110,6061
6099,6060
6096,6054
6105,6054
6108,6067
6102,6063
6097,6057
6105,6036
6112,6045
6112,6074
6096,6056
6102,6046
6102,6058
6106,6061
6106,6055
6085,6054
6102,6045
6099,6056
6108,6032
6095,6042
6101,6052
6102,6047
6114,6056
6097,6062
6104,6048
6109,6064
6110,6040
6101,6052
6104,6053
6106,6058
6111,6051
6103,6058
6100,6063
6102,6050
6103,6039
6104,6056
6107,6052
6097,6058
6101,6055
6108,6060
6108,6055
6096,6038
6106,6062
6112,6066
6107,6058
6110,6056
6101,6046
6098,6077
6102,6049
6109,6053
6111,6058
6122,6062
6103,6055
6115,6062
6109,6057
6112,6051
6113,6048
6102,6048
6100,6059
6110,6051
6110,6047
6109,6050
6110,6052
6114,6047
6108,6039
6113,6060
6120,6049
6117,6034
6114,6052
6120,6067
6117,6056
6121,6051
6120,6059
6111,6050
6110,6041
6114,6049
6118,6050
6119,6049
6109,6062
6122,6059
6106,6051
6111,6046
6105,6054
6113,6053
6107,6058
6104,6053
6104,6068
6114,6063
6110,6052
6111,6059
6119,6049
6105,6057
6102,6053
6106,6058
6116,6048
6112,6056
6107,6062
6113,6055
6105,6049
6110,6050
6118,6058
6113,6044
6105,6051
6103,6062
6104,6063
6112,6057
6107,6055
6115,6052
6115,6058
6114,6049
6115,6064
6109,6056
6104,6046
6115,6056
6101,6038
6110,6050
6110,6037
6112,6046
6103,6051
6106,6055
6113,6048
6122,6057
6111,6047
6107,6062
6103,6052
6113,6036
6117,6048
6107,6057
6119,6054
6109,6052
6104,6054
6109,6062
6110,6054
6109,6065
6117,6076
6112,6046
6104,6050
6114,6062
6117,6053
6111,6064
6106,6044
6104,6054
6118,6047
6115,6047
6103,6069
6111,6048
6122,6063
6038,5833
6086,6032
6082,6021
6133,6086
6089,6033
6140,6078
6109,6053
6117,6068
6116,6073
6112,6070
6122,6047
6107,6043
6116,6058
6118,6051
6109,6058
6119,6054
6110,6057
6106,6046
6113,6062
6107,6071
6124,6060
6114,6051
6121,6064
6107,6052
6116,6067
6114,6057
6126,6064
6123,6070
6114,6055
6124,6071
6129,6063
6114,6057
6115,6049
6115,6055
6110,6055
6112,6061
6112,6061
6112,6062
6118,6058
6114,6062
6119,6056
6120,6066
6117,6051
6117,6060
6113,6050
6114,6063
6116,6065
6117,6049
6112,6063
6114,6064
6118,6060
6111,6062
6112,6054
6121,6064
6113,6060
6113,6056
6116,6061
6126,6063
6126,6063
6117,6053
6114,6060
6116,6061
6123,6054
6117,6058
6109,6054
6114,6053
6115,6064
6127,6064
6115,6051
6110,6044
6115,6055
6121,6053
6112,6060
6114,6061
6117,6064
6123,6056
6120,6053
6119,6059
6111,6047
6114,6061
6114,6061
6120,6064
6122,6054
6113,6057
6115,6065
6127,6056
6120,6056
6114,6054
6116,6054
6113,6051
6118,6051
6112,6061
6113,6063
6119,6062
6120,6054
6116,6053
6122,6049
6118,6049
6115,6059
6115,6060
6116,6054
6115,6050
6115,6050
6123,6057
6121,6053
6118,6067
6105,6073
6107,6066
6121,6059
6112,6056
6118,6060
6118,6056
6114,6057
6117,6052
6127,6050
6117,6055
6119,6062
6115,6052
6121,6042
0,29
0,61680
0,0
6121,6056
5597,5574
5601,5579
5607,5570
5601,5575
5597,5568
5598,5542
5597,5579
5601,5582
5827,5766
6344,6327
6287,6308
6297,6286
6307,6305
6292,6307
6310,6304
6295,6318
6296,6299
6291,6309
6288,6326
6315,6341
6313,6324
6299,6305
6290,6316
6287,6319
6299,6325
6304,6322
6274,6326
6316,6344
6314,6330
6191,6174
6278,6332
6288,6314
6306,6337
6272,6307
6295,6351
6320,6339
6299,6311
6307,6338
6321,6339
6323,6366
6293,6338
6298,6339
6298,6362
6293,6349
6301,6338
6321,6322
6308,6332
6296,6342
6292,6322
6305,6322
6314,6329
6314,6325
6310,6320
6328,6341
6320,6328
6315,6337
6297,6310
6313,6316
6291,6313
6307,6336
6306,6342
6308,6320
6308,6333
6293,6318
6298,6307
6307,6344
6317,6331
6345,6340
6318,6354
6289,6354
6291,6304
6304,6313
6299,6316
6296,6320
6295,6323
6310,6328
6307,6315
6310,6331
6296,6360
6296,6330
6305,6315
6310,6326
6304,6321
6285,6344
6297,6336
6290,6319
6288,6337
6285,6343
6283,6322
6307,6328
6320,6346
6304,6333
6297,6343
6289,6325
6274,6368
6303,6356
6282,6329
6289,6325
6292,6337
6301,6375
6289,6320
6274,6328
6290,6298
6286,6320
6297,6304
6284,6336
6303,6334
6305,6317
6307,6347
6306,6340
6279,6327
6274,6342
6270,6323
6302,6322
6274,6286
6312,6330
6322,6315
6302,6342
6278,6362
6294,6353
6325,6368
6301,6353
6297,6350
6297,6335
6303,6317
6287,6307
6287,6331
6294,6335
6309,6322
6286,6334
6291,6334
6293,6326
6308,6327
6291,6336
6283,6307
6281,6312
6282,6310
6301,6321
6290,6319
6296,6315
6314,6319
6292,6332
6283,6335
6281,6335
6289,6334
6284,6343
6287,6326
6283,6318
6296,6300
6314,6321
6310,6340
6266,6344
6277,6319
6288,6349
6288,6339
6309,6349
6291,6314
6286,6319
6294,6355
6292,6334
6282,6343
6272,6338
6287,6345
6296,6355
6295,6351
6277,6322
6264,6321
6286,6330
6304,6353
6282,6331
6280,6353
6272,6343
6295,6354
6288,6328
6304,6339
6294,6342
6291,6341
6274,6319
6292,6355
6289,6340
6286,6316
6281,6332
6280,6353
6279,6354
6280,6369
6307,6352
6292,6349
6299,6362
6272,6338
6278,6354
6291,6374
6284,6350
6286,6337
6283,6332
6300,6349
6288,6352
6304,6370
6308,6349
6294,6378
6275,6359
6272,6384
6278,6362
6273,6344
6277,6358
6271,6331
6278,6340
6271,6317
6287,6343
6284,6352
6279,6388
6285,6363
6267,6363
6266,6385
6275,6377
6262,6358
6263,6369
6276,6379
6284,6387
6269,6391
6285,6377
6277,6360
6301,6358
6278,6338
6257,6349
6265,6369
6265,6377
6278,6363
6281,6376
6272,6374
6274,6389
6288,6384
6289,6365
6291,6345
6277,6353
6284,6358
6269,6377
6268,6386
6275,6362
6280,6380
6266,6403
6272,6392
6274,6393
6262,6393
6269,6407
6266,6376
6268,6379
6274,6371
6260,6374
6266,6379
6275,6380
6247,6392
6256,6385
6270,6372
6277,6351
6283,6379
6270,6388
6281,6356
6259,6348
6260,6375
6260,6351
6248,6342
6248,6373
6266,6347
6268,6372
6250,6384
6246,6362
6262,6381
6279,6337
6255,6378
6246,6359
6248,6365
6265,6362
6259,6381
6258,6405
6255,6383
6272,6391
6273,6405
6257,6415
6240,6407
6247,6395
6253,6393
6268,6410
6262,6390
6256,6365
6248,6393
6243,6398
6250,6360
6257,6390
6227,6393
6240,6393
6252,6357
6238,6360
6244,6388
6246,6392
6262,6386
6249,6385
6209,6387
6188,6549
6155,6349
6244,6371
6285,6392
6242,6404
6222,6385
6260,6383
6251,6377
6237,6394
6235,6347
6249,6369
6259,6378
6230,6367
6222,6379
6230,6401
6241,6405
6249,6409
6240,6415
6240,6409
6239,6392
6244,6391
6243,6415
6234,6424
6235,6419
6242,6427
6239,6438
6244,6462
6239,6458
6240,6437
6249,6426
6234,6414
6249,6400
6227,6395
6249,6414
6243,6416
6239,6424
6265,6385
6248,6384
6249,6378
6250,6410
6247,6428
6240,6389
6239,6400
6261,6389
6249,6385
6239,6417
6219,6403
6237,6385
6237,6368
6251,6385
6235,6396
6226,6411
6229,6390
6232,6379
6239,6376
6243,6380
6223,6402
6227,6390
6239,6419
6219,6397
6220,6413
6233,6430
6237,6431
6247,6419
6231,6404
6231,6395
6232,6406
6227,6427
6240,6394
6240,6361
6225,6377
6222,6392
6218,6373
6230,6402
6229,6407
6237,6403
6230,6413
6239,6418
6224,6419
6221,6429
6229,6413
6217,6414
6233,6430
6233,6418
6230,6433
6228,6423
6232,6418
6230,6421
6223,6413
6223,6407
6219,6407
6227,6414
6223,6405
6220,6392
6220,6408
6244,6421
6225,6399
6212,6410
6237,6414
6233,6393
6235,6413
6219,6408
6215,6405
6220,6396
6205,6399
6218,6406
6216,6394
6216,6392
6211,6431
6227,6420
6209,6418
6233,6428
6226,6445
6235,6385
6225,6372
6248,6370
6226,6406
6224,6380
6228,6378
6218,6397
6225,6384
6225,6394
6209,6402
6214,6408
6222,6410
6224,6410
6225,6411
6225,6392
6240,6391
6213,6388
6229,6408
6230,6389
6233,6421
6221,6437
6233,6452
6233,6470
6220,6461
6226,6453
6220,6463
6209,6436
6207,6424
6231,6453
6237,6427
6230,6395
6237,6409
6228,6408
6228,6437
6227,6441
6222,6424
6227,6437
6206,6403
6223,6439
6222,6414
6227,6381
6221,6407
6225,6442
6220,6424
6231,6437
6230,6417
6222,6442
6220,6403
6224,6391
6218,6391
6247,6419
6226,6408
6223,6420
6221,6412
6225,6405
6231,6426
6222,6388
6224,6380
6239,6381
6240,6382
6230,6387
6221,6379
6219,6389
6229,6404
6233,6400
6227,6401
6241,6403
6231,6421
6223,6425
6221,6423
6225,6402
6222,6415
6225,6400
6214,6410
6236,6405
6232,6402
6221,6386
6220,6371
6225,6399
6208,6395
6232,6392
6230,6389
6230,6394
6230,6425
6231,6406
6225,6388
6240,6425
6239,6414
6228,6391
6225,6385
6217,6384
6231,6384
6230,6388
6226,6423
6230,6425
6228,6394
6238,6407
6242,6384
6220,6395
6229,6399
6226,6387
6228,6412
6225,6421
6230,6406
6230,6428
6226,6394
6231,6376
6232,6385
6226,6378
6236,6387
6228,6386
6220,6430
6234,6438
6241,6414
6226,6415
6217,6432
6224,6414
6227,6401
6241,6392
6239,6392
6228,6382
6242,6351
6237,6387
6231,6369
6238,6364
6225,6383
6229,6406
6220,6421
6235,6380
6228,6374
6242,6356
6238,6369
6240,6366
6232,6358
6240,6365
6243,6385
6222,6381
6232,6388
6229,6390
6225,6388
6239,6379
6235,6382
6236,6386
6238,6379
6236,6362
6230,6366
6232,6381
6229,6380
6240,6392
6240,6379
6243,6370
6254,6378
6247,6377
6277,6392
6163,6303
6204,6331
6212,6389
6225,6387
6255,6395
6233,6385
6236,6397
6256,6386
6236,6394
6245,6371
6245,6349
6263,6350
6253,6371
6260,6338
6258,6342
6255,6336
6249,6345
6266,6369
6272,6359
6269,6341
6274,6356
6238,6376
6259,6359
6263,6367
6270,6369
6269,6361
6268,6347
6266,6355
6276,6376
6279,6385
6290,6382
6292,6396
6293,6376
6306,6383
6315,6398
6349,6377
6346,6377
6402,6392
6429,6391
6490,6393
6543,6374
6611,6388
6721,6385
6790,6383
6886,6394
6963,6383
7005,6391
7033,6373
7135,6418
7174,6383
7180,6385
7195,6424
7140,6389
7038,6363
6959,6397
6968,6396
6962,6415
7026,6383
7056,6430
7233,6428
7334,6413
7476,6401
7564,6391
7656,6395
7776,6430
7984,6388
8239,6393
8603,6412
9054,6413
9566,6432
9991,6427
10350,6438
10586,6435
10735,6465
10944,6477
11253,6518
11481,6519
11871,6551
11851,6573
11923,6635
11895,6651
11871,6695
11793,6719
11505,6756
11013,6821
10839,6899
10712,6962
10507,7007
10274,7112
9929,7136
9527,7175
9301,7305
8986,7420
8683,7621
8379,7791
8189,7960
8066,8171
7850,8277
7606,8372
7426,8281
7391,8218
7319,8094
7242,8016
7206,7977
7203,7943
7346,7842
7474,7749
7707,7612
7876,7526
8133,7400
8470,7234
8801,7097
9226,6957
9566,6842
9782,6759
10268,6739
10662,6727
11117,6714
11433,6696
11710,6781
12002,6857
12360,7002
12419,7115
12686,7204
12809,7418
12615,7652
12318,7875
11974,8115
11718,8361
11372,8360
10933,8573
10592,8815
10311,9029
9880,9251
9429,9370
9070,9526
8692,9659
8306,9804
8045,10020
7778,10075
7482,10056
7201,10150
7044,10252
6913,10345
6838,10238
6848,10265
6855,10252
6878,10011
6937,9857
7047,9651
7197,9462
7371,9245
7550,8895
7789,8628
8118,8316
8387,8008
8651,7706
8886,7470
9300,7333
9548,7183
9928,7061
10387,7041
10608,7007
10861,7009
11018,7067
11227,7186
11474,7284
11548,7485
11671,7645
11856,7908
11715,8217
11755,8464
11715,8672
11711,8901
11492,9080
11183,9297
10868,9444
10653,9552
10371,9848
10183,9884
9848,9976
9526,10014
9281,10054
8942,10065
8661,9934
8336,9911
8054,9789
7865,9655
7637,9638
7421,9598
7294,9403
7173,9174
7072,9073
7031,8895
7000,8696
6994,8474
7077,8242
7225,8052
7412,7822
7616,7666
7744,7440
7983,7310
8254,7141
8560,7024
8858,6964
9170,6914
9452,6904
9552,6867
9814,6871
10098,6902
10333,6933
10539,7071
10853,7189
11182,7364
11482,7494
11772,7693
12141,7856
12375,8095
12335,8347
12313,8491
12310,8791
12122,9070
12142,9375
11977,9545
11853,9777
11669,9833
11342,10041
10845,10194
10495,10339
9957,10400
9368,10533
8980,10524
8528,10454
8084,10552
7706,10323
7402,10255
7132,10114
6959,9757
6855,9582
6794,9420
6817,9141
6841,8877
6914,8628
7033,8414
7265,8216
7492,8016
7700,7880
8035,7679
8342,7545
8737,7382
9153,7298
9472,7213
9708,7074
10013,7007
10300,6965
10643,6955
10978,6928
11340,6966
11744,7023
12149,7173
12262,7370
12390,7565
12414,7792
12329,8059
12292,8372
12157,8712
11947,8885
11933,9175
11554,9377
11271,9689
11170,10235
10882,10616
10495,10652
10112,10662
9844,10635
9468,10684
9109,10773
8679,10699
8344,10576
7991,10585
7677,10497
7360,10312
7179,10099
7015,9915
6891,9530
6813,9181
6762,8948
6785,8738
6822,8561
6851,8376
6931,8184
7067,7931
7221,7719
7423,7512
7608,7298
7855,7121
8103,6972
8361,6841
8645,6706
8892,6634
9218,6589
9517,6612
9808,6679
10181,6734
10353,6857
10632,6954
10890,7117
11203,7244
11420,7419
11736,7717
11929,7912
12049,8170
11978,8489
11838,8722
11786,8924
11703,9106
11593,9293
11460,9573
11240,9612
10936,9664
10648,9749
10369,9752
10060,9729
9724,9772
9362,9762
9035,9743
8690,9657
8389,9570
8037,9339
7747,9280
7516,9087
7320,8919
7150,8774
6996,8610
6926,8363
6924,8182
6946,8079
6971,7936
7119,7777
7210,7618
7362,7416
7505,7289
7707,7132
7858,7007
8167,6863
8407,6784
8583,6716
8764,6661
9055,6638
9268,6594
9462,6628
9777,6703
9936,6762
10170,6907
10482,7044
10588,7139
10981,7287
11140,7463
11242,7678
11237,7853
11297,8045
11392,8261
11448,8446
11449,8632
11458,8946
11229,9198
10997,9407
10795,9547
10467,9552
10071,9661
9647,9685
9371,9748
8966,9781
8533,9761
8274,9765
8001,9678
7720,9556
7429,9525
7235,9356
7063,9190
6892,8997
6770,8742
6745,8536
6759,8403
6827,8212
6944,8081
7015,7914
7176,7792
7253,7604
7423,7500
7557,7364
7677,7204
7849,7054
8013,6972
8237,6827
8386,6753
8557,6671
8648,6646
8854,6637
8987,6643
9189,6648
9504,6760
9721,6883
10015,7053
10080,7213
10162,7407
10253,7597
10344,7784
10397,8007
10507,8325
10629,8650
10594,8934
10496,9080
10527,9176
10429,9395
10221,9563
9944,9667
9690,9898
9404,9833
9132,9778
8742,9668
8503,9580
8152,9528
7859,9457
7600,9337
7396,9071
7221,8899
7066,8650
6955,8480
6885,8352
6864,8155
6854,7929
6947,7770
7027,7662
7118,7567
7218,7343
7448,7238
7674,7135
7867,7047
8090,6922
8270,6863
8538,6828
8870,6774
9147,6732
9357,6694
9533,6720
9653,6712
9934,6739
10119,6792
10208,6889
10436,7002
10485,7157
10379,7351
10371,7564
10314,7792
10188,8009
10027,8227
9886,8442
9698,8716
9580,8954
9409,9232
9162,9402
9015,9530
8827,9583
8589,9831
8419,9925
8230,10099
8008,10240
7869,10163
7731,10099
7574,9994
7460,9732
7304,9696
7160,9477
7034,9280
6928,9140
6895,8980
6828,8742
6782,8488
6763,8221
6833,8038
6888,7793
7013,7677
7203,7461
7460,7257
7706,7089
8010,6967
8309,6811
8678,6782
8912,6655
9329,6585
9651,6617
9973,6604
10141,6639
10308,6706
10367,6737
10468,6814
10500,6959
10542,7071
10603,7206
10513,7297
10455,7350
10386,7431
10338,7513
9998,7655
9772,7842
9605,7958
9388,8042
9231,8190
9059,8335
8736,8513
8528,8721
8347,8903
8162,8950
8063,9019
7922,9126
7731,9154
7593,9291
7357,9297
7224,9374
7125,9301
7064,9211
6932,9046
6826,8882
6797,8712
6801,8470
6880,8275
6870,7992
6886,7764
6976,7593
7120,7333
7251,7161
7504,6970
7756,6890
7935,6759
8135,6788
8372,6649
8415,6621
8490,6649
8589,6623
8713,6690
8822,6760
9128,6835
9358,6916
9506,7038
9455,7177
9506,7357
9530,7459
9667,7589
9608,7748
9565,7887
9571,7994
9447,8127
9481,8286
9510,8496
9585,8603
9460,8703
9123,8883
9011,8927
8762,8988
8562,9125
8331,9242
8077,9265
7876,9322
7682,9275
7443,9192
7215,9130
7110,9120
7005,8955
6943,8813
6892,8515
6927,8401
6976,8196
7031,7970
7059,7802
7142,7625
7245,7405
7377,7270
7554,7154
7810,6980
8041,6864
8378,6780
8706,6736
9129,6642
9398,6627
9565,6608
9917,6638
10317,6653
10636,6687
11003,6713
11377,6781
11620,6918
11737,7026
11817,7143
11952,7291
11836,7418
11493,7612
11233,7769
11008,8073
10950,8311
10800,8487
10628,8601
10342,8773
10117,8988
9829,9112
9489,9190
9360,9329
9043,9387
8800,9476
8531,9605
8222,9573
7979,9578
7731,9576
7511,9478
7385,9530
7199,9413
7027,9328
6939,9223
6868,9217
6844,8952
6821,8776
6852,8690
6916,8555
7047,8152
7193,7928
7399,7740
7652,7540
7932,7326
8267,7114
8578,6979
8929,6821
9255,6729
9504,6700
9776,6691
10092,6737
10333,6773
10671,6829
10829,6940
11010,7063
11059,7201
11216,7342
11225,7532
11162,7687
11207,7865
11231,8068
11252,8226
10942,8415
10557,8600
10412,8819
10086,9074
9824,9267
9603,9433
9348,9631
9079,9934
8785,10005
8418,10145
8209,10214
7980,10207
7668,10223
7428,10214
7256,10182
7083,10165
6937,10048
6843,9876
6746,9841
6700,9624
6709,9434
6744,9161
6767,8877
6855,8611
6983,8352
7088,8081
7244,7957
7394,7641
7492,7441
7632,7271
7806,7064
8021,6933
8277,6763
8545,6702
8796,6642
9060,6630
9281,6635
9592,6669
9791,6754
10211,6844
10642,6992
10818,7097
10983,7252
11278,7413
11640,7564
11822,7748
11963,7890
12126,8060
12174,8271
12107,8371
12005,8473
12092,8619
11912,8674
11517,8740
11116,8755
10807,8791
10441,8854
10102,8890
9841,8886
9520,8842
9074,8731
8555,8613
8239,8522
7910,8466
7565,8518
7357,8438
7206,8345
7094,8238
7054,8133
7040,8000
7140,7950
7360,7874
7501,7737
7725,7650
8023,7478
8444,7326
8821,7232
9232,7060
9597,6950
9946,6822
10315,6779
10603,6664
10942,6629
11472,6639
11844,6659
12027,6761
12275,6853
12355,7044
12636,7176
13038,7494
13129,7751
13250,8103
13233,8510
13036,9030
12944,9396
12666,9726
12348,10159
11919,10634
11757,11261
11620,11753
11111,12103
10752,12440
10311,12450
10027,12569
9766,12771
9351,12930
9054,13053
8739,13078
8365,12865
8125,12592
8019,12373
7940,12002
7831,11664
7610,11311
7555,11012
7536,10589
7604,10216
7671,9855
7813,9410
8051,9035
8371,8694
8756,8338
9280,8007
9831,7737
10362,7507
10982,7359
11448,7105
12126,6980
12798,6878
13369,6840
14192,6847
14906,6904
15563,6978
16274,7165
16383,7372
16383,7567
16383,7878
16383,8243
16383,8510
16383,8816
16383,9145
16383,9514
16383,9796
16383,10130
16383,10476
16383,10694
16383,11023
15735,11251
14780,11670
14014,11995
13306,12031
12071,12066
11082,12259
10368,12280
9867,12433
9180,12748
8477,12641
8143,13005
7674,12720
7551,12842
7337,12659
7302,12440
7301,12217
7421,11770
7569,11511
7776,11046
8045,10462
8322,10110
8632,9524
9065,9234
9437,8973
9894,8532
10154,8160
10592,7798
11135,7475
11647,7270
12149,7112
12603,7033
13143,7075
13509,7096
13919,7299
14288,7546
14515,7910
14661,8296
14567,8694
14615,9150
14513,9640
14442,10188
14364,10862
14113,11572
13842,12038
13507,12453
13276,12835
13037,13226
12717,13543
12478,13599
12182,13680
11648,13579
11014,13457
10608,13375
10071,13306
9589,13321
8987,12820
8458,12504
8238,12272
7848,11988
7402,11731
6923,11195
6618,10870
6392,10492
6306,9939
6258,9565
6233,9251
6203,8918
6211,8506
6194,8233
6187,8038
6186,7765
6176,7600
6177,7464
6162,7314
6171,7220
6163,7148
6159,7173
6145,7284
6133,7345
6140,7584
6144,7743
6138,7965
6131,8184
6123,8461
6131,8742
6131,9214
6137,9638
6137,10310
6126,10681
6131,11099
6133,11456
6124,12025
6122,12445
6123,12677
6132,12951
6125,13294
6117,13052
6134,13106
6112,13049
6126,12911
6125,12734
6123,12615
6108,12537
6134,12368
6126,12118
6110,11818
6122,11603
6118,11354
6128,10983
6114,10593
6110,9877
6108,9202
6116,8850
6116,8457
6106,7775
6115,7148
6118,6705
6101,6463
6111,6366
6109,6309
6092,6265
6113,6232
6104,6219
6116,6215
6106,6222
6108,6187
6108,6177
6106,6152
6106,6120
6106,6128
6106,6110
6108,6096
6105,6104
6107,6086
6117,6084
6100,6076
6104,6096
6109,6084
6111,6069
6107,6081
6106,6086
6110,6078
6107,6081
6105,6067
6110,6061
6106,6075
6105,6068
6109,6055
6104,6072
6115,6063
6101,6082
6108,6081
6113,6056
6112,6074
6106,6066
6105,6066
6105,6061
6098,6071
6114,6055
6102,6075
6104,6069
6113,6071
6105,6064
6116,6069
6113,6061
6111,6072
6112,6071
6114,6077
6108,6067
6104,6051
6113,6054
6119,6063
6114,6071
6106,6068
6101,6051
6119,6063
6112,6053
6112,6045
6107,6050
6112,6065
6115,6059
6119,6051
6098,6063
6113,6061
6103,6059
6103,6053
6112,6062
6108,6054
6111,6052
6112,6060
6108,6047
6111,6063
6107,6055
6109,6052
6118,6072
6115,6054
6109,6057
6111,6054
6106,6055
6107,6055
6108,6047
6106,6061
6112,6049
6113,6034
6114,6057
6113,6050
6109,6053
6113,6053
6109,6034
6113,6051
6114,6059
6114,6052
6108,6042
6111,6056
6101,6061
6110,6057
6108,6061
6113,6047
6096,6053
6103,6062
6121,6054
6108,6060
6101,6058
6103,6058
6102,6062
6107,6048
6105,6053
6109,6039
6113,6065
6101,6051
6117,6052
6111,6055
6110,6050
6104,6053
6096,6045
6104,6049
6113,6049
6114,6048
6098,6055
6098,6061
6103,6039
6106,6056
6107,6041
6113,6058
6102,6055
6103,6054
6117,6062
6112,6058
6104,6059
6108,6049
6103,6047
6109,6053
6103,6049
6106,6046
6108,6063
6101,6065
6113,6052
6106,6047
6106,6040
6097,6055
6101,6044
6107,6046
6107,6060
6102,6066
6102,6053
6098,6053
6103,6057
6102,6053
6104,6059
6104,6067
6100,6056
6097,6057
6110,6047
6152,6082
6104,6061
6162,6124
6047,5988
6119,6063
6086,6033
6119,6066
6100,6042
6086,6051
6097,6065
6098,6052
6089,6036
6112,6048
6099,6043
6101,6064
6105,6048
6104,6065
6103,6047
6099,6044
6113,6050
6087,6048
6100,6053
6117,6056
6105,6054
6102,6052
6096,6051
6108,6056
6112,6068
6095,6062
6093,6036
6098,6050
6098,6021
6102,6047
6097,6042
6108,6050
6114,6048
6112,6031
6099,6045
6109,6063
6098,6043
6106,6038
6107,6054
6102,6035
6091,6058
6099,6050
6097,6037
6103,6053
6114,6052
6095,6052
6092,6049
6095,6040
6100,6031
6098,6051
6093,6058
6102,6048
6089,6067
6107,6049
6092,6053
6095,6045
6104,6053
6096,6049
6101,6047
6098,6062
6106,6036
6105,6056
6099,6063
6102,6048
6099,6031
6101,6052
6094,6056
6092,6037
6104,6064
6097,6047
6096,6042
6102,6056
6097,6049
6096,6049
6097,6058
6090,6046
6102,6057
6103,6050
6110,6056
6103,6060
6091,6062
6103,6050
6097,6058
6095,6061
6110,6055
6098,6051
6100,6051
6107,6060
6096,6056
6104,6044
6105,6049
6101,6054
6109,6051
6090,6034
6101,6058
6106,6059
6104,6065
6100,6055
6096,6051
6110,6046
6110,6046
6110,6050
6108,6059
6105,6067
6099,6048
6108,6060
6101,6054
6104,6060
6098,6058
6108,6054
6104,6059
6099,6049
6109,6055
6104,6059
6093,6059
6107,6062
6101,6062
6106,6063
6109,6047
6114,6054
6114,6061
6109,6061
6112,6059
6120,6062
6104,6053
6111,6046
6111,6050
6099,6064
6101,6060
6107,6065
6102,6052
6112,6061
6098,6067
6104,6035
6099,6051
6099,6054
6107,6057
6102,6048
6108,6050
6111,6026
6107,6042
6106,6060
6104,6070
6107,6063
6105,6062
6105,6037
6100,6054
6096,6063
6109,6060
6106,6060
6092,6049
6103,6056
6109,6061
6109,6050
6103,6042
6097,6046
6103,6049
6103,6053
6104,6060
6098,6055
6103,6046
6096,6057
6103,6057
6099,6049
6103,6039
6092,6052
6103,6057
6098,6043
6099,6052
6103,6046
6107,6041
6105,6042
6107,6052
6112,6054
6115,6052
6097,6034
6101,6051
6103,6049
6104,6059
6098,6056
6104,6046
6097,6055
6100,6048
6105,6034
6107,6053
6097,6056
6110,6058
6107,6060
6098,6062
6111,6041
6104,6056
6109,6058
6112,6046
6113,6062
6096,6054
6102,6060
6105,6063
6105,6056
6104,6065
6117,6057
6101,6061
6112,6050
6095,6037
6108,6060
6111,6055
6109,6060
6106,6064
6114,6044
6108,6057
6117,6060
6111,6060
6120,6050
6117,6052
6118,6047
6115,6044
6110,6045
6114,6047
6123,6049
6124,6052
6121,6055
6114,6072
6110,6060
6110,6061
6112,6051
6120,6050
6118,6046
6108,6059
6114,6054
6114,6050
6111,6053
6109,6060
6110,6049
6110,6052
6103,6052
6118,6058
6118,6057
6110,6051
6110,6053
6101,6056
6106,6060
6110,6050
6109,6058
6113,6057
6117,6059
6108,6046
6113,6057
6101,6047
6110,6064
6119,6052
6111,6058
6108,6042
6118,6056
6101,6062
6109,6056
6107,6056
6112,6047
6111,6048
6104,6057
6110,6060
6102,6056
6112,6065
6108,6057
6101,6042
6113,6060
6111,6046
6114,6055
6104,6051
6170,6054
6106,6073
6021,6018
6136,6045
6050,5985
6105,6061
6112,6037
6103,6054
6080,6015
6124,6057
6118,6056
6114,6044
6107,6057
6109,6065
6105,6065
6111,6059
6105,6062
6097,6038
6117,6057
6113,6046
6108,6058
6102,6052
6097,6039
6108,6056
6107,6053
6115,6047
6113,6042
6112,6062
6114,6064
6107,6059
6111,6048
6108,6045
6118,6061
6120,6055
6108,6059
6115,6055
6111,6069
6124,6056
6116,6058
6102,6057
6111,6052
6119,6063
6115,6059
6115,6067
6111,6064
6118,6049
6109,6049
6113,6048
6127,6058
6115,6037
6120,6062
6110,6054
6112,6042
6114,6049
6129,6056
6118,6057
6109,6053
6120,6065
6124,6061
6110,6057
6110,6064
6113,6057
6111,6064
6118,6058
6111,6062
6117,6047
6113,6062
6114,6052
6118,6079
6126,6050
6114,6060
6122,6062
6112,6047
6120,6060
6113,6066
6113,6055
6118,6058
6118,6058
6115,6057
6113,6060
6119,6052
6121,6056
6116,6064
6115,6071
6112,6053
6114,6057
6115,6065
6117,6055
6115,6065
6109,6061
6113,6068
6122,6064
6117,6063
6110,6060
6118,6061
6117,6059
6113,6066
6113,6073
6115,6062
6115,6062
6110,6064
6124,6069
6114,6057
6115,6066
6115,6064
6115,6061
6112,6067
6119,6061
6112,6059
6117,6046
6117,6063
6120,6053
6115,6063
6119,6058
6107,6064
6119,6062
6118,6064
6116,6056
6116,6059
6115,6060
6114,6057
6116,6057
6116,6057
6121,6065
6117,6057
6115,6064
6116,6065
6113,6056
6111,6063
6117,6068
6115,6058
6106,6062
6112,6063
6122,6046
6114,6056
6114,6065
6119,6052
6118,6059
6115,6068
6116,6067
6111,6069
6112,6062
6118,6060
6110,6062
6110,6062
6119,6047
6120,6048
0,36
0,61680
0,0
6122,6058
5595,5619
5609,5577
5605,5563
5573,5549
5611,5587
5600,5584
5583,5561
5612,5587
5842,5791
6367,6299
6276,6317
6298,6296
6298,6298
6282,6298
6290,6307
6281,6310
6280,6304
6293,6332
6307,6330
6303,6354
6322,6366
6296,6311
6300,6315
6274,6296
6296,6313
6288,6334
6286,6326
6311,6349
6313,6330
6291,6338
6282,6336
6294,6351
6305,6351
6296,6366
6291,6345
6308,6346
6321,6326
6307,6348
6318,6350
6301,6345
6307,6346
6308,6356
6289,6360
6301,6350
6284,6328
6302,6340
6299,6326
6298,6349
6285,6329
6310,6317
6315,6328
6310,6336
6305,6327
6311,6341
6344,6310
6337,6343
6301,6317
6313,6321
6284,6323
6314,6336
6311,6332
6297,6308
6299,6327
6306,6332
6302,6331
6314,6337
6310,6329
6336,6331
6318,6337
6290,6349
6307,6303
6304,6316
6303,6331
6286,6315
6284,6330
6312,6331
6312,6328
6316,6334
6291,6351
6307,6342
6310,6328
6303,6307
6291,6321
6285,6332
6285,6331
6287,6317
6284,6321
6283,6340
6297,6323
6303,6314
6317,6343
6296,6359
6299,6362
6293,6333
6274,6352
6302,6357
6283,6326
6288,6320
6298,6340
6282,6317
6278,6306
6273,6320
6287,6311
6284,6308
6296,6315
6286,6332
6307,6329
6316,6324
6312,6334
6294,6345
6297,6335
6283,6359
6268,6327
6290,6324
6292,6285
6301,6316
6308,6352
6290,6346
6283,6354
6306,6349
6322,6372
6304,6354
6302,6345
6297,6329
6304,6323
6290,6324
6296,6328
6295,6328
6311,6324
6292,6324
6298,6327
6306,6336
6302,6310
6301,6335
6301,6307
6281,6310
6294,6304
6318,6336
6294,6317
6301,6314
6307,6315
6306,6323
6312,6329
6293,6327
6290,6333
6285,6321
6290,6332
6281,6317
6298,6319
6313,6327
6305,6339
6277,6330
6291,6330
6287,6347
6300,6330
6315,6357
6299,6313
6289,6318
6302,6336
6298,6332
6289,6355
6275,6383
6287,6355
6285,6350
6297,6349
6279,6339
6275,6332
6278,6350
6302,6336
6284,6344
6286,6351
6273,6353
6284,6349
6295,6344
6314,6346
6292,6334
6280,6348
6281,6339
6295,6336
6304,6333
6294,6324
6280,6362
6288,6331
6275,6346
6291,6364
6304,6359
6295,6363
6312,6378
6276,6345
6277,6343
6286,6337
6281,6335
6288,6360
6269,6346
6290,6344
6312,6351
6306,6365
6309,6353
6291,6375
6269,6367
6286,6363
6286,6356
6279,6332
6277,6349
6272,6332
6277,6333
6271,6335
6284,6354
6282,6356
6279,6374
6271,6366
6279,6363
6279,6384
6280,6378
6267,6362
6271,6369
6272,6394
6288,6380
6282,6379
6265,6381
6299,6363
6300,6368
6279,6352
6256,6365
6273,6374
6283,6359
6269,6353
6287,6363
6271,6371
6286,6374
6284,6364
6288,6355
6299,6337
6280,6352
6285,6358
6279,6364
6276,6372
6283,6380
6275,6373
6259,6383
6268,6376
6269,6423
6259,6405
6268,6383
6261,6376
6278,6379
6273,6370
6262,6379
6267,6394
6264,6393
6252,6374
6253,6394
6280,6372
6292,6362
6281,6379
6256,6380
6270,6355
6267,6349
6267,6362
6256,6319
6247,6355
6259,6360
6259,6355
6263,6387
6253,6361
6255,6385
6270,6360
6200,6287
6279,6361
6313,6370
6373,6368
6288,6404
6284,6384
6241,6403
6259,6404
6270,6387
6285,6401
6267,6426
6250,6401
6254,6388
6254,6400
6261,6408
6287,6380
6248,6374
6247,6398
6254,6378
6251,6374
6264,6385
6250,6367
6231,6387
6245,6372
6242,6375
6243,6377
6241,6403
6234,6414
6227,6373
6248,6398
6243,6398
6251,6421
6254,6392
6265,6390
6276,6416
6252,6393
6250,6425
6237,6365
6228,6375
6246,6353
6247,6375
6257,6381
6240,6387
6232,6377
6250,6399
6240,6401
6244,6414
6255,6416
6238,6401
6243,6393
6249,6416
6249,6405
6230,6408
6229,6410
6232,6453
6234,6450
6247,6461
6234,6441
6241,6440
6252,6435
6237,6396
6241,6406
6230,6408
6246,6421
6244,6406
6248,6439
6250,6393
6258,6390
6248,6399
6255,6394
6254,6416
6248,6398
6249,6408
6244,6400
6247,6404
6242,6420
6215,6413
6247,6388
6236,6386
6239,6385
6254,6385
6237,6391
6229,6384
6226,6392
6231,6369
6242,6379
6238,6392
6224,6397
6233,6416
6223,6398
6232,6411
6237,6448
6231,6417
6238,6410
6233,6408
6239,6388
6230,6422
6239,6421
6247,6419
6239,6402
6235,6394
6231,6384
6239,6400
6234,6406
6233,6419
6233,6395
6242,6392
6235,6394
6232,6417
6222,6425
6233,6420
6233,6436
6237,6426
6227,6422
6231,6416
6232,6415
6235,6409
6225,6425
6223,6388
6241,6418
6233,6398
6247,6427
6227,6411
6232,6411
6228,6412
6237,6418
6226,6399
6222,6420
6227,6407
6227,6416
6231,6403
6228,6406
6223,6411
6232,6385
6218,6378
6213,6405
6228,6384
6230,6363
6218,6406
6228,6415
6214,6412
6232,6424
6231,6441
6244,6392
6231,6385
6249,6383
6239,6400
6220,6396
6217,6400
6213,6380
6225,6370
6226,6378
6232,6395
6231,6402
6225,6404
6228,6413
6222,6397
6236,6387
6227,6418
6235,6398
6230,6408
6231,6402
6231,6418
6223,6439
6236,6434
6230,6471
6227,6447
6226,6434
6232,6470
6216,6438
6217,6432
6231,6439
6233,6406
6251,6395
6237,6434
6218,6412
6235,6421
6220,6447
6232,6425
6223,6437
6225,6397
6222,6442
6220,6434
6228,6398
6237,6403
6231,6412
6231,6431
6220,6449
6231,6407
6227,6427
6222,6409
6216,6383
6213,6377
6227,6411
6221,6397
6224,6427
6228,6413
6223,6403
6236,6402
6229,6392
6228,6376
6228,6372
6233,6362
6246,6392
6237,6386
6230,6394
6227,6409
6228,6398
6212,6398
6231,6395
6214,6421
6219,6416
6225,6425
6230,6425
6222,6424
6211,6412
6224,6393
6230,6398
6231,6397
6227,6398
6230,6365
6232,6389
6228,6387
6242,6381
6223,6385
6235,6387
6233,6416
6247,6388
6230,6394
6228,6396
6245,6417
6229,6384
6212,6390
6223,6400
6238,6380
6228,6392
6225,6404
6243,6405
6242,6402
6236,6388
6223,6389
6234,6392
6226,6389
6220,6379
6240,6394
6244,6405
6246,6396
6239,6423
6218,6407
6232,6368
6242,6387
6231,6392
6241,6368
6224,6422
6232,6420
6239,6419
6240,6427
6218,6442
6220,6403
6233,6419
6235,6416
6251,6385
6237,6384
6229,6368
6237,6345
6238,6374
6225,6350
6234,6386
6234,6386
6274,6418
6453,6323
6198,6365
6230,6374
6262,6355
6271,6383
6207,6383
6241,6367
6257,6422
6236,6361
6236,6385
6238,6379
6226,6379
6232,6348
6227,6369
6237,6377
6239,6377
6227,6375
6238,6354
6237,6370
6243,6373
6223,6373
6239,6372
6235,6368
6247,6371
6258,6384
6245,6380
6258,6379
6239,6354
6242,6385
6233,6379
6239,6427
6257,6383
6245,6387
6242,6385
6251,6382
6240,6402
6252,6363
6260,6345
6265,6336
6263,6359
6256,6338
6264,6339
6265,6336
6260,6346
6264,6378
6260,6345
6264,6353
6259,6363
6238,6381
6265,6358
6278,6358
6272,6379
6272,6360
6267,6339
6285,6352
6272,6385
6277,6371
6289,6372
6293,6353
6297,6376
6304,6396
6335,6392
6335,6369
6364,6373
6405,6392
6436,6375
6498,6362
6553,6370
6628,6385
6689,6386
6781,6374
6863,6386
6934,6384
7014,6389
7042,6363
7142,6392
7191,6378
7173,6388
7157,6427
7114,6386
7061,6388
7004,6413
6951,6421
6937,6403
7005,6401
7092,6405
7217,6414
7317,6412
7449,6380
7583,6388
7628,6401
7792,6430
7996,6407
8225,6390
8612,6431
9031,6411
9543,6412
10026,6424
10364,6427
10656,6433
10684,6438
10948,6465
11256,6497
11511,6503
11806,6560
11912,6578
11902,6622
11873,6659
11862,6675
11708,6723
11459,6756
11065,6809
10861,6904
10709,6967
10562,7023
10256,7091
9949,7133
9580,7217
9284,7289
8990,7447
8658,7619
8357,7809
8150,7962
8023,8187
7873,8267
7646,8352
7442,8271
7352,8216
7290,8137
7212,8017
7213,7949
7196,7945
7362,7870
7485,7740
7701,7600
7888,7542
8170,7387
8419,7250
8831,7119
9298,6974
9572,6824
9772,6760
10235,6738
10628,6732
11174,6693
11556,6734
11763,6799
11986,6886
12277,6994
12435,7100
12482,7203
12863,7437
12476,7583
12283,7903
12029,8082
11665,8303
11345,8377
11003,8563
10656,8778
10316,9011
9878,9212
9431,9316
9078,9482
8677,9647
8327,9883
8058,10034
7773,10110
7473,10079
7205,10060
7054,10172
6920,10282
6848,10173
6840,10175
6861,10245
6897,10004
6956,9779
7052,9605
7217,9422
7403,9192
7568,8854
7815,8624
8088,8247
8420,8010
8664,7763
8962,7522
9244,7331
9534,7171
9882,7049
10323,7020
10594,6979
10767,6983
10947,7048
11235,7141
11479,7311
11533,7448
11695,7650
11828,7936
11733,8235
11660,8428
11822,8658
11790,8898
11529,9071
11165,9262
10857,9434
10645,9661
10434,9858
10193,9866
9886,9877
9537,10068
9264,10001
8897,9975
8649,9952
8355,9901
8030,9796
7864,9670
7614,9578
7433,9544
7318,9382
7178,9227
7092,9095
7004,8889
6968,8698
6977,8519
7067,8259
7212,8020
7471,7809
7616,7639
7752,7467
7966,7296
8244,7102
8552,7023
8759,6944
9140,6885
9426,6893
9589,6859
9815,6862
10072,6897
10364,6957
10556,7069
10796,7208
11208,7357
11469,7489
11769,7699
12169,7848
12381,8067
12271,8344
12353,8505
12314,8788
12004,8966
12019,9254
11863,9523
11754,9711
11628,9810
11312,9995
10814,10159
10471,10391
9878,10404
9419,10474
8986,10496
8528,10507
8090,10522
7731,10366
7379,10241
7121,10069
6957,9769
6891,9581
6746,9355
6761,9074
6830,8839
6882,8619
7010,8369
7220,8233
7489,8077
7675,7865
8022,7658
8348,7503
8732,7383
9131,7277
9467,7217
9716,7065
10017,6966
10367,6982
10649,6933
10972,6923
11355,6999
11706,7001
12093,7149
12286,7330
12318,7590
12362,7708
12334,8072
12259,8389
12121,8699
12009,8883
11931,9185
11729,9569
11389,9873
11119,10171
10792,10460
10471,10719
10097,10656
9855,10601
9473,10694
9120,10725
8733,10660
8343,10601
7976,10558
7605,10473
7355,10232
7174,10121
7011,9867
6895,9527
6788,9193
6788,8946
6787,8754
6830,8519
6841,8332
6911,8179
7071,7931
7234,7729
7443,7480
7601,7296
7842,7085
8080,6954
8316,6823
8647,6694
8906,6617
9242,6575
9449,6612
9812,6698
10137,6743
10331,6842
10585,6953
10806,7113
11145,7272
11412,7434
11719,7695
11975,7922
12047,8171
11938,8421
11866,8706
11823,8905
11702,9064
11593,9333
11428,9520
11168,9536
10956,9613
10646,9668
10286,9766
10011,9778
9683,9768
9377,9720
9004,9672
8706,9667
8375,9522
8031,9387
7745,9159
7510,9116
7319,8907
7164,8793
7006,8558
6941,8378
6953,8179
6937,8060
6981,7927
7100,7771
7224,7575
7317,7416
7477,7264
7723,7138
7909,6974
8144,6863
8408,6757
8628,6703
8776,6652
9072,6629
9247,6603
9492,6611
9784,6683
9939,6773
10148,6946
10400,7030
10602,7120
10957,7280
11158,7459
11291,7698
11311,7871
11315,8016
11287,8225
11437,8459
11471,8651
11401,8952
11129,9148
10950,9389
10804,9488
10418,9597
10086,9663
9676,9762
9361,9738
8973,9812
8548,9785
8267,9757
7993,9654
7756,9551
7426,9490
7235,9375
7055,9186
6910,8926
6784,8708
6750,8510
6754,8404
6813,8205
6948,8047
7016,7903
7144,7813
7276,7605
7411,7482
7563,7366
7704,7201
7837,7043
8015,6949
8195,6823
8387,6763
8563,6670
8637,6656
8815,6628
8976,6632
9271,6655
9480,6720
9740,6841
10007,7036
10056,7229
10062,7356
10308,7581
10376,7784
10380,8057
10495,8326
10601,8612
10584,8923
10479,9085
10530,9157
10394,9435
10212,9572
9978,9688
9704,9849
9392,9880
9101,9747
8793,9651
8524,9546
8136,9525
7882,9413
7602,9263
7390,9050
7222,8896
7080,8635
6965,8509
6895,8379
6860,8163
6851,7921
6914,7753
7044,7671
7088,7499
7215,7377
7453,7261
7643,7164
7871,7049
8135,6922
8291,6858
8501,6807
8862,6781
9041,6725
9297,6720
9518,6716
9694,6757
9959,6729
10051,6763
10216,6876
10330,7016
10498,7165
10420,7373
10327,7580
10293,7764
10177,8018
9977,8259
9885,8524
9732,8739
9550,8928
9361,9148
9135,9377
8985,9442
8848,9567
8613,9720
8410,9857
8289,10052
8030,10214
7861,10182
7756,10159
7595,9951
7453,9786
7312,9658
7147,9504
7025,9209
6910,9084
6889,8965
6823,8749
6784,8479
6751,8231
6821,8032
6890,7800
7008,7674
7245,7454
7434,7238
7641,7112
7922,6951
8249,6839
8642,6742
8922,6657
9299,6599
9634,6609
9964,6603
10101,6647
10237,6694
10385,6750
10521,6818
10527,6949
10605,7062
10633,7222
10491,7258
10458,7354
10422,7455
10320,7504
9993,7664
9751,7793
9593,7954
9433,8077
9308,8176
9041,8323
8749,8505
8495,8687
8326,8889
8147,9024
8047,9023
7889,9120
7765,9149
7548,9262
7360,9322
7218,9344
7121,9282
7078,9220
6917,9006
6838,8879
6797,8743
6820,8464
6861,8193
6889,7950
6870,7731
6995,7577
7112,7302
7244,7159
7539,6976
7773,6898
7906,6744
8129,6676
8370,6613
8437,6588
8473,6644
8557,6637
8727,6694
8887,6761
9177,6851
9398,6910
9492,7026
9421,7163
9484,7313
9531,7448
9640,7611
9604,7746
9608,7838
9550,7996
9489,8111
9538,8257
9550,8488
9643,8608
9424,8702
9134,8835
9005,8929
8774,8968
8607,9178
8346,9238
8043,9328
7922,9270
7694,9255
7445,9161
7223,9108
7102,9030
7002,8972
6948,8755
6902,8515
6901,8388
6963,8192
7003,7975
7033,7776
7165,7617
7243,7423
7343,7246
7558,7122
7757,6975
7990,6873
8340,6784
8725,6722
9092,6644
9406,6625
9594,6617
9999,6607
10294,6642
10503,6673
10890,6727
11269,6781
11423,6902
11670,7021
11812,7139
11844,7300
11795,7440
11500,7605
11186,7744
11041,8034
10951,8288
10821,8483
10651,8661
10379,8775
10056,8972
9831,9074
9517,9229
9275,9302
9047,9429
8731,9413
8532,9547
8187,9530
7966,9501
7695,9505
7541,9492
7353,9537
7143,9365
7006,9349
6930,9262
6865,9102
6841,8968
6831,8801
6852,8718
6930,8488
7023,8129
7221,7903
7404,7738
7630,7540
7962,7317
8142,7108
8500,6957
8866,6827
9203,6708
9321,6691
9708,6718
9977,6720
10291,6752
10651,6844
10761,6933
10945,7068
10950,7162
11102,7354
11104,7513
11184,7665
11119,7882
11116,8036
11126,8206
10907,8309
10596,8524
10318,8726
10000,8982
9733,9121
9540,9347
9290,9643
9015,9907
8729,9984
8397,10079
8133,10124
7945,10178
7652,10066
7438,10176
7256,10064
7076,10147
6926,9933
6838,9813
6758,9770
6702,9572
6712,9384
6707,9097
6758,8800
6840,8498
6930,8288
7068,8006
7232,7878
7352,7613
7485,7418
7648,7246
7765,7040
7965,6899
8282,6775
8544,6719
8803,6675
9075,6609
9287,6646
9521,6691
9818,6775
10205,6848
10573,6944
10761,7055
10984,7215
11265,7331
11516,7547
11709,7684
11870,7889
12026,8048
12180,8247
12117,8395
12098,8500
12003,8548
11779,8679
11476,8799
11226,8790
10895,8843
10534,8886
10134,8923
9865,8846
9424,8793
8977,8738
8556,8619
8195,8498
7848,8467
7575,8449
7337,8465
7188,8311
7073,8198
7032,8127
7045,8004
7155,7890
7335,7865
7496,7741
7755,7616
8029,7477
8392,7342
8804,7231
9198,7061
9536,6964
9930,6804
10299,6753
10597,6669
10998,6630
11371,6626
11735,6642
11981,6758
12224,6849
12367,7012
12654,7190
12993,7466
13096,7750
13219,8125
13241,8519
12977,8963
12942,9376
12667,9792
12318,10201
11924,10611
11743,11224
11553,11732
11093,11926
10697,12343
10235,12307
10006,12407
9769,12672
9338,12791
9041,12926
8722,12942
8425,12862
8144,12629
8017,12314
7903,11945
7789,11533
7602,11302
7529,10979
7541,10499
7580,10155
7660,9830
7777,9378
8045,9066
8311,8674
8685,8289
9186,7947
9697,7728
10222,7498
10810,7291
11367,7127
12176,6998
12676,6810
13425,6874
14172,6865
14870,6937
15613,6992
16319,7167
16383,7373
16383,7558
16383,7846
16383,8229
16383,8499
16383,8792
16383,9116
16383,9436
16383,9812
16383,10101
16383,10366
16383,10694
16383,11014
15741,11374
14728,11727
13966,11918
13173,11905
12031,12048
11170,12264
10393,12262
9764,12349
9071,12481
8484,12618
8018,12689
7713,12684
7460,12594
7308,12526
7277,12346
7301,12026
7396,11634
7547,11489
7785,11009
8006,10438
8338,10064
8636,9504
9015,9197
9492,8978
9897,8552
10254,8148
10607,7770
11136,7476
11441,7249
12085,7130
12673,7011
13001,7047
13029,7034
13696,7288
14048,7566
14405,7885
14468,8270
14364,8674
14521,9186
14405,9583
14359,10125
14236,10889
13988,11483
13886,12100
13542,12439
13309,12968
12918,13050
12667,13392
12399,13467
12083,13557
11499,13391
10915,13292
10567,13164
9993,13180
9551,13118
9004,12763
8524,12434
8220,12219
7835,11934
7390,11697
6897,11109
6606,10877
6394,10486
6302,9975
6239,9506
6227,9294
6208,8858
6208,8520
6196,8190
6188,7980
6176,7739
6175,7532
6173,7463
6166,7323
6166,7217
6158,7158
6157,7182
6148,7252
6130,7364
6141,7545
6136,7719
6137,7983
6134,8158
6126,8467
6130,8710
6139,9215
6130,9635
6129,10217
6124,10616
6132,10833
6127,11265
6129,11829
6120,12335
6130,12457
6127,12852
6130,13240
6110,13020
6121,13041
6119,12985
6116,12871
6119,12796
6113,12500
6114,12454
6124,12381
6120,12060
6116,11881
6120,11475
6122,11209
6111,10941
6107,10501
6110,9768
6121,9157
6112,8892
6114,8391
6109,7720
6105,7146
6114,6726
6105,6469
6104,6354
6107,6314
6104,6262
6140,6103
6110,6218
6107,6217
6116,6197
6112,6182
6109,6152
6104,6151
6096,6124
6114,6130
6106,6119
6111,6098
6089,6097
6108,6090
6108,6089
6096,6066
6110,6082
6105,6067
6107,6077
6107,6090
6119,6092
6103,6071
6097,6084
6109,6062
6106,6072
6104,6076
6103,6083
6107,6069
6106,6071
6106,6073
6097,6063
6109,6084
6106,6077
6102,6077
6106,6066
6099,6068
6101,6065
6105,6064
6105,6073
6105,6071
6107,6065
6112,6061
6107,6065
6103,6067
6106,6067
6103,6072
6109,6067
6113,6065
6106,6060
6109,6063
6102,6063
6116,6065
6117,6063
6107,6048
6102,6063
6114,6065
6107,6050
6110,6050
6106,6057
6107,6056
6103,6058
6115,6061
6098,6064
6106,6043
6101,6051
6103,6054
6117,6064
6102,6045
6104,6057
6110,6051
6107,6057
6107,6060
6101,6053
6102,6058
6108,6066
6108,6054
6107,6061
6111,6051
6115,6056
6107,6048
6107,6039
6105,6056
6118,6058
6110,6054
6108,6057
6116,6054
6106,6046
6110,6058
6104,6051
6106,6085
6108,6046
6110,6062
6114,6051
6111,6059
6116,6072
6110,6051
6108,6051
6097,6048
6098,6047
6097,6058
6107,6063
6112,6050
6095,6050
6099,6063
6097,6062
6094,6065
6102,6043
6104,6053
6105,6046
6103,6050
6106,6062
6117,6052
6107,6049
6106,6042
6093,6055
6104,6053
6110,6053
6112,6042
6104,6047
6100,6051
6102,6027
6110,6053
6109,6053
6106,6054
6099,6053
6107,6055
6089,6004
6056,6033
6322,6234
6163,6100
6045,6004
6110,6041
6107,6057
6102,6061
6111,6045
6096,6047
6111,6067
6106,6034
6110,6045
6096,6039
6106,6047
6107,6056
6112,6069
6111,6058
6110,6052
6098,6053
6101,6055
6101,6050
6108,6049
6112,6053
6093,6053
6106,6045
6105,6058
6110,6050
6103,6055
6107,6056
6107,6056
6109,6049
6097,6046
6103,6047
6103,6049
6099,6058
6104,6059
6098,6054
6093,6049
6114,6060
6104,6029
6101,6057
6114,6055
6112,6056
6103,6040
6099,6044
6108,6050
6109,6045
6093,6066
6115,6050
6101,6043
6102,6060
6100,6054
6102,6055
6110,6056
6102,6059
6101,6056
6100,6050
6086,6035
6094,6050
6096,6056
6115,6053
6101,6050
6099,6052
6104,6044
6108,6054
6110,6046
6108,6037
6116,6052
6103,6059
6102,6051
6099,6031
6095,6058
6093,6055
6106,6050
6099,6056
6092,6046
6094,6055
6091,6052
6095,6056
6089,6055
6103,6057
6104,6049
6097,6053
6093,6039
6098,6042
6110,6053
6097,6040
6102,6103
6093,6052
6090,6049
6097,6052
6101,6054
6101,6053
6100,6055
6103,6057
6090,6045
6090,6071
6107,6061
6096,6053
6091,6058
6094,6058
6080,6046
6103,6045
6093,6061
6089,6043
6092,6062
6101,6054
6114,6052
6106,6051
6094,6054
6112,6048
6103,6045
6101,6045
6107,6051
6106,6047
6106,6053
6098,6053
6101,6065
6106,6054
6109,6056
6104,6056
6098,6055
6096,6053
6103,6053
6101,6042
6109,6049
6101,6065
6107,6054
6116,6045
6108,6050
6110,6056
6105,6047
6108,6040
6105,6046
6105,6062
6105,6058
6100,6063
6111,6059
6096,6057
6110,6055
6094,6053
6102,6050
6105,6054
6105,6049
6110,6065
6106,6053
6104,6064
6104,6052
6105,6059
6112,6055
6109,6053
6110,6061
6117,6059
6102,6039
6114,6040
6104,6054
6102,6048
6101,6047
6108,6063
6101,6052
6108,6053
6096,6057
6105,6054
6104,6050
6107,6045
6113,6039
6108,6062
6099,6041
6105,6056
6107,6050
6105,6055
6108,6067
6117,6071
6108,6052
6105,6050
6093,6054
6100,6050
6102,6054
6100,6059
6098,6045
6105,6047
6112,6056
6102,6055
6105,6044
6101,6044
6099,6052
6106,6053
6098,6058
6098,6049
6102,6049
6104,6052
6106,6058
6091,6064
6098,6055
6096,6048
6107,6048
6099,6054
6103,6053
6094,6069
6105,6064
6101,6058
6109,6045
6100,6051
6105,6049
6110,6056
6102,6042
6105,6054
6099,6058
6105,6054
6106,6045
6103,6040
6097,6048
6099,6053
6100,6056
6099,6066
6102,6042
6099,6064
6103,6051
6088,6042
6104,6053
6108,6059
6107,6058
6107,6041
6095,6037
6100,6064
6097,6056
6108,6049
6113,6053
6114,6048
6104,6049
6105,6057
6107,6051
6110,6050
6108,6055
6103,6056
6102,6061
6122,6054
6117,6058
6111,6067
6110,6056
6108,6057
6113,6049
6115,6047
6106,6046
6112,6042
6115,6060
6123,6062
6114,6048
6099,6076
6107,6043
6107,6046
6107,6049
6108,6047
6109,6053
6112,6056
6114,6063
6109,6060
6106,6060
6110,6057
6100,6063
6112,6054
6109,6055
6101,6041
6109,6063
6117,6045
6108,6056
6110,6058
6056,6011
6046,5988
6065,6024
6126,6076
6107,6010
6107,6040
6100,6043
6106,6048
6097,6036
6113,6059
6113,6057
6112,6044
6109,6050
6107,6055
6104,6060
6120,6054
6106,6049
6107,6055
6110,6055
6108,6057
6111,6058
6105,6056
6104,6028
6108,6047
6104,6041
6117,6090
6107,6047
6117,6054
6101,6061
6104,6041
6115,6047
6114,6053
6110,6040
6113,6050
6108,6049
6113,6047
6115,6042
6106,6047
6112,6045
6113,6046
6104,6049
6117,6049
6104,6055
6107,6052
6106,6036
6107,6055
6107,6061
6114,6071
6110,6049
6113,6056
6104,6040
6099,6044
6110,6060
6108,6047
6109,6049
6102,6037
6116,6063
6110,6050
6107,6051
6115,6046
6107,6048
6110,6017
6112,6055
6110,6060
6117,6067
6118,6066
6113,6050
6114,6063
6106,6057
6110,6061
6119,6063
6100,6046
6112,6053
6107,6052
6116,6051
6124,6062
6104,6055
6119,6060
6114,6064
6117,6053
6111,6055
6119,6046
6112,6058
6123,6062
6114,6053
6108,6054
6117,6048
6131,6057
6110,6064
6112,6056
6110,6062
6114,6054
6115,6060
6112,6060
6115,6061
6117,6041
6110,6060
6108,6052
6114,6054
6110,6062
6119,6059
6109,6066
6106,6039
6119,6056
6116,6062
6111,6060
6112,6054
6111,6048
6111,6048
6115,6069
6110,6053
6115,6064
6114,6052
6115,6065
6114,6065
6117,6061
6114,6049
6127,6059
6111,6042
6120,6063
6111,6059
6113,6063
6115,6057
6107,6063
6115,6054
6113,6060
6109,6060
6117,6054
6118,6054
6123,6048
6102,6051
6102,6051
6120,6050
6114,6058
6114,6068
6123,6042
6111,6057
6115,6047
6110,6054
6114,6057
6115,6060
6118,6057
6110,6059
6117,6056
6115,6058
6113,6059
6110,6056
6111,6050
6113,6060
6117,6060
6117,6061
6115,6054
6154,6163
6154,6163
6114,6055
6111,6063
6112,6056
6111,6064
6112,6055
6112,6049
6117,6063
6115,6053
6121,6054
6117,6036
6120,6062
6111,6064
6119,6056
6104,6051
6121,6050
6116,6053
6118,6047
6110,6057
6118,6051
6118,6056
6118,6058
6118,6058
0,25
0,61680
0,0
6116,6060
5600,5578
5596,5575
5606,5580
5593,5590
5603,5584
5596,5575
5595,5580
5602,5582
5824,5763
6354,6322
6283,6307
6278,6301
6299,6317
6299,6307
6301,6309
6288,6321
6278,6319
6294,6319
6304,6335
6309,6336
6323,6337
6289,6322
6289,6325
6297,6318
6287,6310
6287,6311
6288,6301
6293,6342
6311,6344
6293,6319
6285,6337
6310,6323
6305,6359
6295,6346
6294,6316
6303,6340
6310,6321
6316,6334
6322,6356
6309,6359
6292,6352
6297,6353
6297,6348
6306,6354
6309,6339
6308,6334
6305,6323
6300,6336
6280,6336
6302,6325
6307,6339
6314,6323
6315,6314
6326,6344
6327,6316
6320,6348
6312,6301
6299,6313
6296,6320
6295,6334
6301,6332
6302,6330
6301,6339
6299,6347
6294,6314
6300,6335
6307,6320
6333,6338
6310,6335
6283,6334
6305,6298
6290,6316
6304,6324
6291,6316
6288,6327
6306,6341
6315,6336
6310,6348
6289,6352
6285,6340
6315,6330
6301,6333
6294,6317
6295,6303
6290,6338
6295,6320
6294,6311
6280,6353
6281,6313
6307,6334
6307,6346
6302,6343
6294,6342
6283,6324
6281,6367
6301,6323
6290,6327
6280,6294
6307,6337
6293,6316
6301,6315
6284,6321
6296,6301
6283,6312
6309,6322
6296,6320
6296,6336
6321,6324
6292,6347
6299,6336
6291,6340
6283,6350
6263,6331
6301,6323
6280,6314
6309,6310
6321,6347
6294,6319
6290,6351
6298,6354
6328,6362
6314,6345
6299,6331
6304,6345
6297,6329
6278,6311
6280,6336
6289,6335
6302,6330
6283,6325
6298,6323
6297,6326
6293,6332
6291,6331
6299,6326
6275,6299
6289,6310
6312,6312
6287,6322
6293,6310
6297,6308
6295,6311
6291,6305
6290,6333
6288,6336
6281,6343
6284,6332
6293,6311
6295,6321
6314,6328
6298,6344
6277,6340
6283,6348
6300,6355
6295,6330
6308,6352
6305,6311
6287,6319
6293,6344
6292,6329
6295,6354
6257,6356
6288,6351
6313,6368
6293,6335
6274,6327
6273,6345
6294,6332
6303,6352
6289,6351
6287,6366
6273,6355
6295,6364
6287,6364
6285,6350
6287,6335
6298,6342
6281,6337
6295,6353
6308,6341
6286,6294
6283,6338
6275,6310
6268,6352
6283,6342
6303,6349
6296,6351
6304,6349
6268,6356
6294,6351
6296,6365
6279,6339
6282,6356
6279,6341
6285,6353
6307,6371
6307,6359
6308,6385
6287,6383
6275,6342
6275,6369
6284,6356
6285,6354
6280,6324
6264,6348
6262,6333
6281,6343
6293,6351
6273,6369
6282,6381
6271,6362
6262,6383
6267,6351
6275,6364
6266,6365
6266,6372
6276,6390
6291,6387
6271,6377
6279,6377
6279,6382
6304,6365
6279,6354
6251,6357
6275,6356
6268,6365
6276,6364
6281,6383
6267,6386
6262,6384
6283,6379
6286,6353
6279,6345
6275,6361
6278,6358
6274,6369
6270,6374
6285,6360
6270,6378
6267,6382
6270,6387
6289,6406
6272,6423
6308,6433
6226,6318
6275,6383
6284,6388
6234,6367
6251,6373
6272,6384
6267,6371
6256,6373
6274,6367
6286,6373
6290,6369
6256,6377
6258,6369
6270,6347
6257,6374
6262,6348
6246,6352
6245,6361
6262,6365
6235,6385
6265,6373
6244,6394
6269,6362
6270,6348
6261,6379
6245,6382
6249,6364
6265,6378
6258,6386
6258,6412
6260,6408
6266,6390
6265,6397
6269,6420
6252,6392
6241,6364
6263,6395
6272,6401
6272,6395
6253,6377
6250,6390
6241,6399
6244,6383
6256,6393
6241,6377
6240,6384
6239,6358
6246,6372
6248,6387
6247,6398
6252,6401
6246,6380
6234,6406
6248,6414
6247,6405
6258,6383
6244,6399
6259,6406
6247,6390
6244,6370
6244,6364
6233,6376
6232,6374
6242,6362
6256,6375
6243,6397
6241,6389
6235,6387
6240,6369
6261,6419
6251,6400
6238,6408
6232,6396
6232,6402
6249,6402
6230,6403
6241,6434
6242,6416
6234,6446
6250,6457
6244,6443
6241,6417
6239,6426
6244,6399
6243,6405
6235,6416
6253,6414
6236,6428
6256,6426
6257,6383
6254,6394
6231,6392
6258,6407
6253,6424
6240,6400
6238,6398
6254,6408
6239,6413
6240,6417
6231,6405
6242,6396
6237,6379
6249,6367
6243,6401
6236,6375
6224,6389
6250,6372
6241,6346
6238,6362
6235,6409
6242,6395
6234,6424
6221,6381
6226,6418
6233,6440
6236,6399
6240,6403
6236,6407
6227,6401
6230,6401
6242,6409
6242,6379
6242,6376
6234,6381
6226,6386
6234,6392
6234,6392
6236,6414
6230,6392
6240,6404
6230,6403
6222,6422
6235,6418
6251,6417
6215,6418
6225,6427
6224,6419
6237,6436
6232,6429
6234,6423
6228,6435
6214,6408
6232,6407
6231,6422
6230,6405
6232,6403
6224,6406
6223,6414
6232,6420
6225,6392
6227,6403
6230,6416
6235,6407
6232,6400
6227,6383
6224,6400
6227,6392
6223,6402
6218,6389
6224,6396
6225,6385
6230,6398
6234,6442
6223,6398
6223,6402
6235,6444
6236,6390
6228,6395
6240,6366
6237,6377
6229,6388
6229,6369
6220,6377
6228,6385
6233,6386
6234,6387
6228,6387
6218,6388
6223,6406
6225,6368
6227,6397
6232,6401
6231,6400
6233,6418
6241,6272
6224,6424
6210,6413
6238,6434
6228,6478
6224,6446
6238,6449
6234,6476
6215,6455
6221,6432
6235,6441
6240,6412
6234,6391
6232,6403
6225,6398
6214,6449
6231,6433
6224,6421
6243,6429
6215,6410
6224,6445
6224,6426
6228,6395
6245,6387
6214,6412
6230,6422
6230,6443
6231,6415
6224,6422
6225,6402
6227,6392
6224,6377
6223,6401
6225,6419
6234,6415
6215,6402
6227,6405
6232,6393
6231,6394
6225,6378
6225,6377
6242,6377
6237,6388
6230,6386
6224,6405
6226,6407
6222,6396
6221,6399
6229,6398
6223,6418
6216,6436
6216,6402
6219,6424
6220,6411
6223,6423
6234,6398
6234,6412
6231,6395
6222,6385
6227,6372
6231,6404
6231,6381
6222,6383
6235,6385
6226,6401
6231,6418
6232,6406
6224,6393
6233,6398
6235,6388
6225,6385
6227,6383
6223,6361
6246,6375
6222,6393
6224,6409
6235,6411
6236,6398
6228,6392
6245,6388
6155,6329
6114,6304
6267,6408
6219,6355
6229,6395
6221,6405
6235,6416
6226,6381
6223,6371
6228,6361
6233,6405
6239,6381
6238,6411
6233,6414
6233,6437
6240,6411
6227,6422
6232,6412
6238,6405
6237,6415
6243,6385
6237,6372
6237,6369
6224,6351
6235,6384
6218,6381
6226,6371
6225,6378
6228,6396
6247,6405
6244,6382
6235,6371
6243,6362
6246,6370
6239,6358
6230,6363
6237,6361
6241,6364
6231,6390
6235,6368
6231,6377
6237,6363
6222,6384
6231,6386
6228,6370
6235,6380
6242,6358
6232,6366
6231,6372
6233,6387
6240,6382
6241,6371
6252,6367
6254,6375
6238,6367
6243,6405
6246,6370
6240,6366
6241,6394
6241,6403
6251,6399
6238,6401
6256,6369
6252,6379
6252,6388
6249,6364
6257,6357
6253,6337
6253,6366
6262,6328
6258,6305
6254,6313
6256,6344
6273,6364
6264,6360
6267,6362
6257,6348
6263,6354
6264,6355
6267,6370
6274,6352
6263,6351
6256,6357
6261,6365
6277,6387
6276,6373
6279,6385
6292,6371
6287,6378
6301,6404
6318,6401
6343,6388
6354,6389
6414,6372
6443,6372
6483,6394
6534,6390
6618,6377
6711,6359
6793,6373
6869,6391
6945,6385
6953,6381
6995,6375
7109,6397
7147,6371
7141,6381
7128,6398
7117,6382
7053,6385
6985,6402
6952,6421
6952,6428
7009,6406
7070,6419
7204,6421
7288,6397
7441,6392
7520,6375
7634,6387
7766,6413
7987,6409
8217,6410
8544,6414
8966,6407
9495,6398
9872,6426
10237,6434
10530,6437
10708,6440
10889,6469
11175,6506
11541,6522
11760,6546
11931,6580
11917,6627
11918,6653
11811,6689
11639,6702
11370,6753
10997,6825
10778,6913
10646,6974
10394,7001
10063,7106
9807,7150
9465,7229
9212,7298
8929,7445
8609,7618
8338,7805
8160,7989
7999,8202
7842,8302
7666,8356
7428,8302
7325,8217
7305,8140
7180,8017
7171,7961
7177,7892
7316,7854
7433,7733
7684,7630
7855,7500
8088,7385
8366,7249
8766,7082
9228,6998
9543,6834
9774,6747
10183,6742
10686,6719
11034,6676
11534,6723
11616,6775
11909,6857
12298,6960
12367,7059
12398,7204
12595,7356
12450,7618
12206,7872
11765,8041
11465,8228
11198,8341
10837,8503
10580,8753
10249,8962
9867,9179
9473,9287
9104,9471
8687,9657
8336,9836
8029,9966
7799,10038
7497,10100
7246,10067
7061,10152
6928,10263
6861,10200
6844,10213
6871,9996
6875,9918
6955,9580
7032,9511
7161,9360
7352,9107
7556,8889
7780,8583
8101,8268
8375,7983
8639,7742
8984,7515
9267,7310
9555,7183
9872,7047
10270,7036
10602,7019
10727,7009
10911,7052
11194,7112
11385,7261
11466,7436
11548,7599
11699,7852
11741,8209
11591,8335
11645,8619
11722,8929
11536,9116
11152,9159
10823,9374
10627,9601
10397,9810
10150,9929
9859,9948
9495,9938
9203,10009
8894,10020
8570,9881
8367,9889
8023,9793
7813,9587
7580,9457
7412,9490
7291,9333
7155,9251
7083,9062
7014,8895
6969,8652
6958,8476
7059,8229
7215,8027
7414,7809
7582,7645
7749,7466
7992,7286
8276,7132
8509,7018
8773,6935
9141,6903
9385,6873
9545,6861
9522,6826
9845,6849
10181,6922
10433,7053
10816,7257
10733,7181
11399,7510
11653,7601
12050,7818
12242,8090
12262,8279
12213,8445
12226,8749
12028,8949
11930,9215
11876,9456
11680,9585
11452,9673
11143,9880
10751,10010
10313,10104
9847,10288
9349,10337
8935,10352
8493,10322
8073,10409
7722,10229
7430,10242
7140,10022
6962,9716
6857,9518
6779,9371
6797,9039
6830,8875
6916,8611
7013,8358
7204,8160
7485,8071
7637,7808
7983,7628
8237,7479
8619,7327
9055,7245
9393,7125
9673,7048
9968,6952
10347,6951
10668,6941
10990,6921
11338,6952
11657,7005
12047,7117
12150,7344
12260,7557
12380,7711
12242,8075
12193,8347
12121,8701
11951,8824
11720,8990
11502,9333
11341,9767
10954,10077
10739,10458
10325,10528
10113,10681
9742,10569
9408,10709
9044,10650
8649,10659
8285,10584
7917,10537
7587,10449
7327,10317
7139,10055
6998,9906
6860,9570
6804,9192
6769,9000
6763,8789
6792,8567
6829,8361
6906,8181
7036,7948
7185,7712
7416,7472
7586,7295
7816,7088
8083,6939
8296,6812
8518,6688
8808,6626
9169,6590
9368,6611
9679,6653
10016,6734
10200,6833
10488,6946
10641,7046
10884,7191
11148,7373
11475,7652
11740,7871
11708,8084
11703,8371
11726,8611
11758,8886
11728,9062
11491,9247
11317,9391
11021,9483
10851,9523
10464,9610
10209,9659
9943,9619
9604,9682
9251,9577
8918,9607
8571,9419
8307,9356
7971,9138
7745,9084
7513,8940
7290,8716
7148,8670
7013,8560
6927,8277
6906,8192
6936,8009
6953,7896
7092,7745
7180,7578
7333,7404
7449,7281
7628,7115
7823,6962
8118,6871
8285,6770
8433,6684
8688,6675
8867,6605
9034,6573
9316,6595
9625,6672
9829,6751
10093,6926
10399,7029
10499,7090
10912,7266
11129,7482
11158,7660
11171,7866
11204,8058
11314,8194
11273,8396
11322,8651
11186,8886
11089,9139
10935,9319
10634,9436
10289,9433
9925,9587
9617,9701
9265,9600
8927,9726
8542,9791
8267,9730
7982,9626
7737,9538
7420,9486
7225,9313
7066,9146
6912,8959
6799,8698
6742,8522
6736,8379
6809,8200
6942,8052
7011,7880
7144,7765
7263,7580
7383,7503
7525,7342
7695,7194
7813,7030
8023,6944
8193,6821
8390,6747
8519,6677
8660,6653
8871,6631
9007,6615
9203,6654
9461,6710
9705,6850
9978,7015
10086,7181
10088,7320
10236,7520
10306,7722
10280,7944
10471,8171
10524,8513
10504,8805
10436,8943
10487,9139
10393,9447
10185,9506
9949,9654
9605,9793
9402,9799
9176,9719
8802,9617
8486,9572
8179,9556
7861,9458
7561,9271
7346,9030
7211,8827
7044,8641
6965,8463
6866,8320
6842,8179
6837,7922
6902,7727
6974,7630
7084,7491
7187,7348
7420,7251
7633,7139
7898,7057
8129,6920
8263,6871
8490,6805
8798,6760
9035,6738
9279,6698
9299,6704
9543,6690
9749,6696
9983,6739
10156,6847
10332,6990
10181,7096
10150,7275
10205,7498
10200,7738
10092,7956
9941,8172
9882,8488
9737,8700
9521,8899
9340,9117
9148,9328
8998,9398
8815,9529
8565,9730
8444,9847
8244,9917
8068,10109
7862,10096
7713,9980
7575,9956
7418,9661
7303,9478
7164,9324
7017,9177
6917,9050
6911,9005
6821,8729
6811,8551
6820,8256
6763,8014
6827,7760
7015,7715
7225,7481
7413,7231
7673,7097
7957,6974
8238,6818
8600,6762
8843,6651
9244,6595
9552,6601
9763,6624
10031,6630
10168,6666
10321,6750
10438,6823
10514,6942
10513,7038
10502,7165
10436,7237
10395,7337
10385,7429
10308,7488
9944,7678
9726,7784
9599,7918
9509,8042
9229,8159
9051,8322
8748,8446
8535,8646
8278,8765
8131,8929
8064,8927
7883,9032
7723,9129
7559,9316
7351,9270
7195,9243
7109,9217
7041,9156
6918,8939
6819,8836
6788,8659
6806,8414
6836,8216
6864,7937
6897,7736
6987,7551
7114,7307
7205,7125
7452,6948
7696,6858
7911,6736
8063,6638
8277,6611
8395,6594
8505,6620
8576,6615
8724,6696
8846,6725
9135,6820
9395,6906
9508,7023
9417,7133
9509,7319
9559,7410
9629,7558
9572,7671
9555,7740
9525,7943
9429,8083
9407,8227
9420,8398
9468,8451
9334,8588
9092,8778
8892,8854
8763,8965
8571,9120
8335,9260
8021,9226
7873,9237
7684,9247
7427,9232
7246,9093
7086,9034
6984,8907
6910,8742
6857,8482
6885,8343
6919,8173
6965,7983
7005,7760
7079,7607
7184,7399
7284,7203
7511,7132
7733,7007
8027,6872
8335,6780
8607,6716
9109,6669
9392,6629
9576,6612
9977,6628
10332,6641
10523,6663
10850,6724
11136,6788
11381,6878
11491,6995
11593,7130
11646,7247
11394,7407
11199,7564
10985,7737
10953,8039
10846,8306
10831,8496
10602,8611
10308,8775
10039,8922
9746,9060
9484,9202
9312,9305
9016,9415
8798,9480
8543,9588
8236,9550
7916,9471
7694,9508
7503,9396
7344,9478
7141,9266
6998,9223
6871,9099
6847,9010
6847,8904
6809,8793
6844,8717
6911,8512
7033,8145
7177,7883
7388,7707
7617,7506
7911,7331
8236,7126
8583,6977
8862,6799
9174,6717
9408,6683
9612,6709
9970,6713
10246,6756
10444,6815
10733,6926
10958,7035
10932,7137
11020,7348
11175,7522
11117,7649
11179,7831
11126,8007
11210,8187
10943,8354
10567,8601
10387,8789
10018,8951
9753,9197
9476,9313
9247,9541
8973,9730
8678,9753
8352,9756
8180,10170
7936,10100
7641,10065
7404,9990
7271,10076
7094,10144
6981,9948
6836,9890
6773,9769
6711,9627
6716,9367
6729,9097
6772,8920
6849,8560
6936,8303
7053,8068
7219,7869
7361,7600
7459,7387
7647,7231
7770,7007
7975,6874
8256,6764
8484,6704
8767,6657
9081,6621
9271,6622
9541,6679
9888,6766
10102,6823
10566,6972
10855,7096
10987,7224
11216,7372
11511,7571
11789,7697
11897,7860
12180,8050
12142,8219
12082,8343
11915,8480
12017,8572
11634,8627
11440,8712
11082,8729
10767,8782
10531,8894
10178,8937
9812,8879
9529,8842
9019,8743
8578,8642
8195,8560
7869,8457
7572,8522
7355,8453
7167,8342
7062,8187
7034,8075
7023,7993
7122,7922
7307,7838
7472,7741
7688,7614
7974,7487
8329,7318
8786,7199
9209,7045
9602,6950
9961,6814
10294,6740
10598,6653
10965,6622
11378,6616
11779,6643
11964,6755
12238,6839
12295,7016
12588,7158
12903,7420
13031,7689
13133,8026
13109,8439
12920,8903
12833,9266
12647,9688
12306,10074
11839,10569
11739,11130
11490,11563
10981,11417
10546,12077
10299,12367
9991,12391
9681,12428
9232,12530
9020,12899
8671,12747
8280,12516
8028,12246
8018,12307
7879,11919
7738,11485
7621,11262
7553,10939
7513,10497
7564,10146
7658,9794
7796,9420
7991,9035
8328,8704
8737,8287
9226,7950
9753,7728
10289,7519
10778,7298
11254,7085
12000,6962
12536,6859
13102,6791
13583,6797
14477,6866
15079,6945
16128,7144
16383,7355
16383,7534
16383,7835
16383,8221
16383,8531
16383,8755
16383,9122
16383,9419
16383,9795
16383,10029
16383,10324
16383,10577
16288,10960
15300,11134
14500,11557
13792,11772
12998,11755
11842,11777
11053,12192
10315,12097
9698,12294
9047,12317
8525,12613
8053,12706
7702,12680
7442,12602
7325,12433
7278,12181
7310,12017
7378,11442
7523,11271
7728,10818
7952,10200
8226,9942
8409,9257
8931,9127
9223,8813
9707,8509
10171,8119
10553,7804
11012,7423
11404,7237
12038,7107
12637,7028
12916,7044
13442,7076
13761,7328
14043,7512
14304,7865
14086,8202
14422,8676
14235,9057
14083,9395
14114,9999
14011,10696
13994,11404
13759,11947
13428,12297
13320,12807
12863,12976
12700,13422
12366,13333
12016,13526
11487,13385
10853,13181
10582,13312
10046,13187
9538,12937
9015,12765
8422,12197
8188,12008
7807,11540
7355,11605
6885,11011
6613,10802
6390,10434
6289,9908
6258,9495
6223,9236
6218,8893
6200,8471
6194,8212
6190,8050
6177,7823
6175,7569
6172,7433
6176,7308
6162,7212
6161,7164
6160,7125
6140,7217
6140,7303
6136,7437
6143,7585
6149,7898
6129,8079
6125,8378
6130,8703
6131,9126
6129,9569
6133,10154
6129,10614
6126,11033
6130,11341
6127,11720
6123,12251
6118,12524
6122,12715
6127,13127
6120,12810
6132,12750
6116,12729
6124,12659
6123,12489
6119,12519
6128,12448
6120,12407
6113,12115
6121,11846
6134,11562
6116,11224
6118,10976
6108,10631
6103,9815
6114,9174
6122,8790
6112,8367
6118,7732
6113,7143
6115,6714
6099,6460
6110,6337
6119,6300
6099,6265
6114,6236
6106,6218
6105,6217
6113,6201
6118,6177
6114,6162
6103,6150
6105,6141
6106,6129
6100,6122
6107,6106
6099,6092
6109,6095
6106,6089
6095,6076
6112,6091
6112,6077
6106,6073
6107,6083
6110,6069
6103,6080
6103,6079
6101,6069
6108,6074
6105,6080
6105,6068
6108,6073
6101,6073
6108,6060
6104,6058
6110,6071
6116,6070
6111,6075
6098,6065
6100,6066
6103,6063
6104,6049
6099,6056
6106,6052
6106,6064
6114,6058
6109,6071
6106,6061
6113,6053
6105,6068
6106,6063
6112,6059
6115,6056
6103,6063
6100,6054
6122,6053
6121,6071
6113,6056
6102,6052
6117,6062
6113,6066
6111,6054
6117,6055
6110,6070
6112,6060
6124,6057
6102,6050
6111,6055
6109,6066
6099,6046
6102,6064
6098,6045
6106,6054
6113,6056
6108,6058
6108,6050
6108,6052
6109,6054
6109,6053
6113,6047
6107,6037
6114,6042
6110,6055
6105,6057
6110,6055
6112,6057
6111,6048
6111,6033
6119,6049
6112,6052
6110,6045
6116,6052
6107,6042
6118,6033
6114,6049
6111,6054
6110,6048
6116,6054
6113,6061
6102,6061
6114,6052
6111,6050
6099,6032
6114,6048
6142,6075
6054,6011
6083,6039
6139,6097
6120,6089
6111,6064
6106,6047
6111,6053
6105,6040
6101,6047
6115,6063
6113,6055
6099,6049
6110,6046
6090,6052
6090,6036
6117,6053
6112,6051
6104,6049
6091,6061
6098,6038
6112,6063
6105,6059
6105,6058
6110,6056
6104,6038
6105,6062
6110,6061
6106,6055
6109,6052
6098,6060
6109,6058
6110,6037
6105,6049
6112,6054
6100,6065
6111,6061
6104,6048
6106,6054
6094,6063
6101,6052
6114,6042
6116,6053
6113,6052
6104,6056
6103,6050
6097,6059
6104,6067
6105,6050
6111,6048
6095,6063
6102,6045
6115,6057
6111,6058
6109,6054
6107,6039
6103,6071
6097,6051
6101,6055
6099,6046
6101,6056
6107,6047
6113,6059
6105,6048
6099,6052
6103,6051
6098,6035
6106,6047
6113,6049
6111,6051
6106,6051
6101,6042
6107,6048
6109,6056
6106,6052
6106,6035
6103,6030
6106,6048
6104,6048
6092,6052
6118,6059
6099,6055
6096,6048
6103,6051
6100,6047
6106,6055
6099,6048
6110,6038
6109,6039
6102,6053
6106,6034
6107,6060
6096,6028
6108,6036
6111,6048
6102,6054
6103,6044
6101,6047
6103,6046
6102,6050
6115,6042
6096,6047
6094,6054
6096,6055
6104,6055
6100,6064
6091,6050
6101,6051
6101,6050
6107,6049
6092,6042
6102,6047
6110,6052
6095,6047
6105,6052
6095,6040
6101,6057
6098,6045
6103,6042
6101,6052
6099,6054
6107,6044
6101,6066
6098,6055
6105,6058
6099,6058
6096,6063
6103,6064
6096,6045
6099,6047
6099,6054
6095,6049
6093,6041
6101,6041
6110,6049
6101,6052
6095,6048
6106,6049
6106,6058
6107,6045
6099,6035
6101,6047
6103,6049
6105,6061
6111,6063
6100,6050
6107,6049
6108,6057
6093,6039
6096,6051
6103,6040
6104,6051
6106,6062
6100,6063
6103,6052
6103,6054
6106,6051
6108,6047
6113,6053
6108,6056
6102,6046
6106,6054
6110,6043
6112,6056
6099,6058
6105,6054
6094,6062
6098,6038
6098,6039
6107,6064
6094,6042
6107,6063
6105,6057
6110,6067
6105,6042
6106,6056
6115,6058
6111,6050
6112,6058
6119,6046
6096,6032
6115,6037
6107,6061
6103,6060
6102,6072
6107,6055
6107,6061
6105,6048
6106,6049
6110,6037
6099,6039
6098,6051
6103,6061
6100,6052
6108,6048
6112,6055
6103,6043
6113,6012
6108,6047
6103,6054
6104,6052
6106,6038
6094,6054
6105,6055
6106,6051
6098,6052
6098,6058
6109,6042
6110,6056
6103,6053
6102,6050
6107,6051
6100,6053
6106,6056
6094,6048
6100,6059
6108,6040
6105,6045
6110,6053
6094,6056
6096,6053
6101,6047
6106,6048
6101,6036
6097,6038
6100,6039
6112,6053
6100,6049
6104,6058
6110,6057
6101,6027
6099,6055
6102,6045
6108,6048
6101,6049
6105,6052
6101,6037
6095,6051
6101,6042
6092,6049
6104,6046
6102,6049
6102,6048
6118,6048
6107,6055
6100,6050
6103,6051
6112,6065
6103,6053
6111,6055
6096,6044
6139,6058
6107,6048
6106,6041
6112,6052
6123,6047
6101,6045
6105,6059
6102,6041
6119,6047
6107,6050
6112,6055
6103,6060
6114,6048
6110,6052
6114,6067
6055,6096
6112,6064
6265,6190
6132,6054
6077,6008
6099,6017
6117,6049
6124,6069
6094,6028
6121,6055
6117,6049
6101,6050
6111,6055
6111,6051
6114,6040
6114,6057
6113,6059
6119,6058
6102,6048
6106,6051
6114,6055
6112,6053
6106,6048
6100,6047
6114,6069
6109,6038
6101,6057
6106,6055
6107,6043
6109,6049
6110,6039
6107,6058
6113,6048
6111,6054
6105,6047
6115,6054
6101,6040
6110,6049
6118,6053
6115,6059
6105,6038
6111,6057
6108,6055
6118,6055
6110,6050
6116,6045
6119,6051
6111,6060
6105,6038
6106,6057
6120,6043
6105,6054
6099,6051
6111,6057
6122,6053
6114,6048
6109,6039
6116,6042
6110,6050
6107,6065
6105,6068
6107,6046
6106,6050
6104,6057
6113,6059
6109,6063
6115,6048
6113,6056
6090,6050
6109,6047
6110,6050
6101,6057
6112,6059
6108,6068
6106,6067
6110,6063
6117,6057
6110,6065
6106,6041
6101,6054
6107,6064
6118,6049
6107,6050
6108,6042
6120,6053
6106,6060
6101,6061
6110,6055
6115,6062
6115,6043
6120,6047
6118,6052
6124,6054
6116,6074
6120,6051
6122,6048
6109,6041
6110,6065
6124,6042
6104,6052
6110,6047
6115,6056
6118,6057
6112,6052
6110,6047
6118,6049
6109,6061
6113,6064
6107,6062
6115,6044
6118,6058
6118,6066
6104,6045
6110,6061
6123,6058
6125,6054
6109,6064
6112,6053
6116,6056
6116,6060
6114,6062
6109,6059
6112,6049
6107,6062
6109,6053
6115,6060
6122,6045
6110,6064
6111,6049
6122,6055
6122,6055
6118,6051
6120,6066
6113,6050
6116,6054
6118,6058
6108,6052
6114,6053
6117,6055
6114,6061
6117,6064
6116,6047
6114,6043
6118,6056
6110,6054
6107,6055
6108,6061
6105,6061
6111,6041
6114,6064
6116,6056
6116,6058
6116,6058
6110,6062
6115,6048
6120,6065
6117,6053
6110,6057
6114,6058
6110,6052
6118,6060
6112,6060
6115,6050
6121,6043
6113,6049
6111,6054
6112,6050
6112,6061
6116,6052
6108,6056
6111,6058
6113,6045
6114,6047
6102,6049
6102,6049
6119,6058
6112,6070
6110,6051
6114,6047
6112,6062
6112,6052
6115,6053
6118,6061
6113,6063
6110,6056
6108,6048
6119,6062
6113,6041
6113,6063
6115,6058
6117,6047
6114,6066
6111,6062
6113,6056
6117,6061
6113,6054
6113,6054
6115,6053
6123,6061
6110,6048
6116,6058
6117,6055
6114,6052
6111,6056
0,46
0,61680
0,0
6113,6057
5601,5562
5595,5580
5602,5582
5597,5578
5610,5577
5594,5577
5602,5573
5596,5579
5822,5758
6349,6299
6270,6304
6295,6296
6304,6306
6306,6316
6300,6308
6286,6321
6285,6294
6289,6321
6307,6327
6305,6334
6313,6338
6309,6316
6299,6321
6295,6314
6295,6313
6300,6323
6294,6318
6311,6333
6315,6353
6298,6327
6290,6320
6296,6343
6302,6363
6302,6345
6290,6350
6303,6327
6305,6335
6315,6337
6310,6354
6317,6352
6294,6339
6290,6332
6293,6350
6305,6332
6306,6329
6300,6343
6305,6327
6302,6319
6291,6318
6302,6327
6300,6331
6318,6336
6310,6324
6318,6345
6323,6312
6309,6321
6290,6321
6321,6316
6299,6318
6304,6330
6301,6335
6312,6321
6289,6338
6308,6338
6302,6330
6319,6330
6327,6328
6328,6339
6321,6332
6285,6331
6292,6316
6307,6319
6306,6330
6287,6329
6285,6331
6312,6330
6312,6359
6303,6340
6287,6338
6304,6346
6290,6320
6296,6333
6295,6310
6294,6336
6295,6326
6280,6318
6294,6340
6282,6328
6291,6316
6313,6312
6319,6345
6292,6331
6298,6332
6286,6337
6280,6362
6296,6334
6285,6332
6295,6328
6306,6350
6273,6320
6291,6309
6288,6315
6288,6311
6280,6304
6300,6321
6291,6323
6304,6319
6307,6329
6311,6337
6302,6334
6280,6332
6300,6342
6276,6334
6288,6331
6285,6318
6300,6323
6317,6334
6298,6346
6290,6358
6293,6361
6329,6370
6308,6335
6310,6333
6299,6327
6313,6318
6284,6324
6298,6319
6277,6335
6306,6318
6280,6341
6299,6330
6306,6319
6310,6311
6287,6318
6289,6289
6268,6304
6297,6316
6319,6319
6285,6320
6289,6300
6308,6328
6294,6323
6299,6324
6290,6348
6296,6346
6288,6339
6291,6336
6287,6330
6295,6311
6316,6335
6295,6328
6264,6334
6283,6346
6281,6346
6308,6332
6300,6367
6297,6325
6283,6322
6308,6344
6297,6323
6299,6348
6268,6334
6275,6351
6291,6364
6274,6331
6284,6342
6273,6334
6280,6347
6317,6340
6283,6346
6270,6343
6270,6351
6295,6355
6288,6366
6297,6326
6290,6342
6279,6351
6278,6337
6301,6340
6299,6346
6288,6305
6286,6344
6271,6346
6271,6358
6275,6342
6297,6356
6291,6356
6294,6364
6272,6351
6292,6358
6289,6359
6281,6351
6277,6327
6280,6345
6281,6339
6300,6359
6303,6356
6308,6367
6282,6368
6282,6350
6277,6376
6273,6346
6286,6344
6280,6341
6269,6345
6272,6339
6277,6323
6281,6327
6264,6344
6280,6384
6233,6277
6306,6399
6297,6377
6269,6365
6275,6349
6326,6414
6280,6397
6293,6377
6282,6387
6290,6402
6277,6378
6296,6361
6298,6370
6254,6346
6268,6380
6272,6364
6275,6368
6272,6369
6265,6373
6272,6396
6287,6362
6281,6346
6288,6357
6273,6357
6281,6361
6275,6367
6277,6385
6274,6370
6278,6402
6266,6380
6272,6358
6281,6402
6264,6413
6266,6400
6259,6388
6275,6383
6275,6357
6263,6365
6259,6390
6268,6376
6252,6362
6248,6393
6275,6369
6288,6352
6283,6356
6268,6357
6277,6358
6265,6375
6264,6370
6264,6354
6254,6326
6247,6348
6261,6334
6255,6360
6241,6376
6246,6375
6270,6387
6267,6336
6263,6360
6251,6360
6258,6367
6272,6378
6264,6362
6266,6405
6261,6400
6264,6383
6280,6410
6261,6413
6250,6416
6257,6377
6245,6398
6257,6416
6271,6389
6252,6371
6244,6384
6239,6386
6241,6355
6267,6391
6241,6398
6238,6371
6244,6379
6235,6368
6242,6384
6248,6402
6250,6410
6239,6390
6252,6391
6247,6405
6248,6422
6243,6384
6257,6379
6267,6401
6246,6379
6252,6359
6241,6368
6239,6385
6240,6360
6239,6378
6247,6371
6240,6379
6227,6375
6231,6383
6244,6400
6237,6421
6240,6392
6245,6401
6236,6405
6237,6393
6243,6420
6233,6395
6236,6431
6242,6430
6238,6433
6244,6472
6248,6441
6258,6432
6249,6429
6248,6412
6254,6405
6240,6391
6247,6413
6238,6422
6245,6436
6251,6373
6247,6379
6257,6392
6251,6388
6256,6431
6256,6394
6251,6406
6260,6399
6249,6410
6239,6423
6227,6386
6231,6358
6228,6387
6249,6385
6229,6403
6241,6400
6229,6386
6236,6382
6237,6382
6236,6383
6229,6407
6233,6403
6245,6413
6236,6396
6221,6418
6237,6425
6231,6407
6240,6403
6225,6415
6226,6399
6227,6419
6226,6417
6249,6401
6234,6382
6244,6366
6230,6394
6235,6392
6232,6401
6228,6403
6234,6406
6237,6406
6244,6405
6228,6437
6225,6441
6232,6425
6233,6422
6218,6421
6224,6426
6226,6417
6228,6421
6235,6420
6226,6415
6220,6409
6226,6416
6235,6416
6233,6410
6234,6398
6225,6384
6235,6399
6225,6423
6225,6395
6223,6415
6227,6417
6224,6401
6236,6389
6220,6385
6219,6384
6224,6392
6214,6391
6217,6406
6227,6395
6222,6406
6218,6420
6220,6416
6221,6423
6224,6407
6237,6436
6227,6381
6231,6372
6236,6368
6247,6379
6224,6393
6222,6359
6212,6371
6226,6393
6230,6368
6227,6376
6224,6402
6233,6386
6229,6421
6220,6398
6223,6404
6240,6401
6221,6398
6230,6409
6231,6404
6231,6414
6229,6418
6230,6449
6231,6469
6223,6450
6227,6440
6224,6469
6211,6449
6218,6428
6227,6447
6246,6417
6233,6406
6237,6408
6220,6396
6216,6434
6241,6407
6229,6413
6222,6431
6211,6407
6220,6428
6214,6436
6224,6381
6236,6385
6231,6434
6230,6414
6228,6425
6225,6416
6239,6437
6226,6410
6222,6395
6217,6406
6237,6405
6225,6425
6232,6411
6220,6411
6234,6384
6241,6400
6236,6385
6218,6387
6236,6385
6238,6377
6235,6394
6204,6384
6232,6391
6226,6406
6218,6403
6226,6388
6222,6412
6226,6423
6220,6420
6228,6424
6322,6545
6024,6210
6266,6447
6188,6359
6362,6535
6147,6390
6248,6417
6226,6388
6245,6408
6222,6376
6234,6410
6224,6385
6223,6401
6229,6424
6226,6415
6239,6408
6230,6406
6236,6384
6223,6379
6217,6382
6225,6384
6233,6396
6220,6412
6224,6410
6235,6410
6239,6412
6226,6414
6230,6375
6229,6385
6228,6404
6219,6383
6237,6405
6219,6418
6250,6391
6230,6401
6230,6392
6224,6401
6231,6383
6228,6389
6247,6387
6228,6398
6239,6407
6243,6450
6233,6439
6227,6422
6225,6406
6242,6421
6245,6423
6242,6383
6239,6394
6224,6385
6235,6368
6248,6383
6231,6369
6239,6369
6226,6369
6235,6387
6250,6413
6238,6394
6236,6358
6239,6366
6241,6358
6227,6369
6240,6363
6233,6370
6235,6373
6229,6390
6229,6391
6229,6391
6231,6361
6234,6381
6235,6372
6225,6381
6231,6377
6243,6350
6230,6374
6236,6366
6239,6369
6233,6387
6240,6375
6239,6353
6242,6384
6259,6384
6248,6395
6248,6364
6239,6378
6248,6400
6243,6411
6257,6396
6235,6396
6243,6385
6245,6393
6249,6393
6241,6362
6255,6357
6258,6345
6250,6358
6260,6335
6262,6342
6265,6343
6255,6356
6257,6351
6274,6356
6266,6364
6271,6367
6251,6380
6256,6373
6262,6343
6285,6359
6263,6360
6263,6344
6264,6380
6275,6361
6277,6368
6289,6371
6280,6370
6307,6382
6294,6372
6314,6387
6335,6370
6373,6363
6397,6384
6435,6361
6476,6385
6537,6373
6618,6374
6697,6370
6787,6390
6888,6393
6964,6377
6998,6382
7040,6362
7137,6393
7167,6392
7177,6382
7139,6387
7092,6381
7031,6396
7002,6396
6939,6390
6954,6420
6996,6401
7069,6409
7236,6420
7330,6418
7456,6394
7600,6393
7640,6387
7797,6417
8012,6400
8247,6393
8610,6432
9049,6391
9550,6409
10038,6425
10362,6455
10546,6430
10703,6448
10844,6472
11231,6496
11468,6510
11751,6532
11864,6595
11848,6618
11898,6648
11903,6666
11707,6723
11452,6744
10980,6837
10863,6907
10731,6999
10612,7054
10298,7108
9919,7167
9532,7215
9259,7282
8977,7440
8632,7619
8387,7792
8135,7986
8003,8150
7818,8265
7622,8315
7405,8299
7357,8215
7278,8113
7204,8030
7224,7950
7184,7937
7330,7867
7439,7730
7712,7631
7875,7508
8108,7340
8409,7239
8796,7081
9313,6954
9572,6812
9699,6748
10188,6742
10572,6725
11095,6688
11343,6700
11667,6758
11972,6857
12304,6985
12432,7086
12620,7225
12727,7429
12447,7597
12313,7883
11980,8114
11669,8270
11342,8386
10938,8555
10591,8744
10223,8992
9876,9135
9429,9364
9077,9503
8700,9675
8318,9770
8037,10014
7777,9991
7522,10020
7221,10112
7054,10225
6934,10304
6856,10229
6845,10178
6864,10234
6880,10005
6941,9822
7029,9602
7191,9363
7408,9219
7540,8904
7776,8635
8115,8273
8320,7956
8655,7704
8938,7465
9222,7313
9472,7207
9872,7046
10335,7023
10572,7016
10771,7022
10944,7053
11250,7152
11460,7292
11495,7472
11659,7614
11797,7897
11822,8209
11702,8392
11771,8672
11734,8919
11558,9116
11129,9209
10898,9393
10665,9555
10449,9893
10167,9914
9875,9912
9539,9983
9248,10062
8947,10092
8643,9998
8370,9919
8099,9737
7860,9624
7625,9599
7422,9519
7307,9453
7161,9257
7071,9109
7021,8936
6977,8680
6995,8494
7071,8263
7217,8050
7412,7797
7574,7636
7714,7429
7969,7314
8302,7147
8528,7029
8812,6945
9179,6873
9464,6868
9605,6875
9824,6876
10087,6896
10286,6948
10571,7062
10814,7197
11261,7354
11429,7489
11657,7713
11996,7827
12266,8067
12362,8353
12347,8513
12260,8769
12125,9005
12069,9299
11885,9507
11871,9772
11621,9845
11354,10036
10872,10162
10468,10353
9884,10359
9340,10386
8955,10511
8529,10398
8098,10498
7722,10279
7384,10161
7148,10021
6985,9642
6863,9551
6802,9413
6806,9080
6824,8845
6880,8623
7035,8390
7234,8208
7467,8049
7688,7867
8045,7648
8296,7524
8752,7389
9091,7259
9485,7230
9731,7081
10060,6963
10367,6958
10623,6925
11005,6938
11262,6949
11619,7015
12033,7119
12276,7366
12338,7580
12375,7770
12318,8043
12287,8388
12065,8703
11996,8863
11864,9126
11682,9498
11296,9842
11098,10188
10816,10537
10459,10673
10082,10576
9745,10489
9367,10640
9044,10641
8618,10625
8322,10544
7929,10538
7675,10445
7348,10288
7203,10130
6995,9927
6884,9509
6807,9162
6776,8974
6783,8739
6815,8515
6842,8368
6928,8182
7056,7921
7200,7673
7391,7483
7607,7278
7822,7091
8058,6967
8288,6818
8600,6697
8811,6639
9207,6590
9499,6604
9763,6662
10093,6713
10277,6849
10647,6941
10828,7096
11170,7248
11427,7424
11670,7693
11923,7909
11949,8177
11904,8424
11837,8696
11760,8932
11663,9093
11609,9267
11416,9543
11153,9545
10861,9648
10619,9725
10287,9780
10000,9775
9704,9816
9388,9796
8968,9692
8717,9640
8383,9536
8041,9370
7795,9266
7536,9101
7312,8865
7166,8769
7018,8554
6947,8340
6907,8195
6912,8011
6968,7941
7087,7738
7213,7613
7331,7434
7473,7281
7706,7130
7917,6980
8175,6879
8407,6797
8587,6714
8797,6655
9081,6632
9241,6581
9457,6621
9767,6701
9955,6769
10157,6920
10404,7025
10512,7095
10895,7258
11160,7437
11203,7681
11219,7870
11344,8011
11331,8190
11463,8456
11454,8645
11415,8930
11224,9198
11008,9395
10765,9493
10474,9569
10083,9697
9647,9724
9369,9711
9010,9766
8531,9752
8275,9718
7994,9598
7744,9499
7461,9549
7193,9355
7069,9156
6903,8948
6796,8728
6743,8533
6747,8386
6829,8206
6915,8069
7032,7905
7143,7726
7282,7608
7410,7479
7556,7350
7685,7225
7845,7087
8013,6963
8214,6840
8342,6764
8539,6698
8685,6655
8822,6634
8970,6623
9212,6659
9467,6751
9711,6862
10002,7033
10073,7225
10137,7379
10271,7614
10323,7780
10408,8008
10544,8331
10639,8592
10511,8864
10500,9122
10538,9206
10391,9431
10158,9552
9903,9680
9684,9823
9383,9848
9117,9767
8723,9612
8459,9581
8155,9536
7899,9431
7602,9318
7367,9046
7251,8889
7058,8650
6949,8475
6879,8324
6848,8167
6893,7875
6933,7743
7044,7634
7120,7470
7211,7361
7423,7270
7673,7154
7895,7044
8123,6926
8259,6865
8507,6804
8873,6761
9097,6733
9337,6706
9503,6729
9742,6729
9881,6723
10091,6788
10251,6959
10657,7278
10412,7144
10428,7386
10377,7616
10257,7743
10173,7982
10021,8272
9847,8520
9732,8713
9519,8920
9389,9178
9178,9340
8993,9509
8778,9597
8605,9783
8443,9897
8275,10092
8077,10225
7869,10221
7736,10096
7603,9985
7467,9744
7312,9650
7149,9495
7030,9264
6926,9092
6881,8999
6810,8682
6776,8424
6757,8232
6827,8012
6876,7803
7039,7652
7215,7441
7475,7268
7693,7227
7978,6948
8285,6847
8673,6773
8916,6670
9285,6601
9619,6617
9974,6628
10143,6669
10279,6695
10459,6714
10510,6849
10518,6982
10556,7062
10605,7214
10464,7295
10436,7387
10483,7446
10315,7566
9990,7657
9771,7780
9659,7927
9425,8046
9263,8169
9049,8322
8730,8469
8499,8708
8353,8860
8144,9004
8051,9035
7938,9099
7729,9203
7580,9257
7352,9299
7190,9300
7122,9323
7061,9204
6930,9077
6820,8865
6790,8711
6808,8447
6883,8241
6895,7977
6876,7749
6997,7573
7123,7302
7264,7158
7493,6972
7761,6891
7970,6768
8124,6679
8333,6599
8433,6614
8479,6647
8555,6631
8792,6696
8889,6725
9160,6841
9468,6907
9524,7044
9407,7173
9500,7318
9549,7468
9664,7604
9602,7724
9595,7842
9577,7984
9551,8077
9532,8300
9529,8525
9583,8520
9419,8712
9112,8862
8984,8938
8755,8967
8567,9136
8380,9236
8074,9278
7934,9309
7684,9312
7448,9227
7240,9128
7104,9065
7007,8949
6939,8762
6907,8520
6926,8402
6957,8176
7022,7975
7055,7832
7157,7632
7248,7397
7356,7259
7576,7119
7816,6967
8035,6882
8363,6803
8693,6722
9183,6647
9416,6616
9625,6626
10040,6632
10320,6654
10753,6684
11046,6704
11398,6798
11557,6896
11729,6989
11755,7125
11876,7293
11782,7430
11593,7608
11256,7767
11057,8048
10970,8310
10802,8488
10613,8610
10274,8753
10132,9002
9870,9147
9569,9228
9334,9370
9065,9435
8791,9481
8560,9617
8265,9591
7984,9527
7707,9567
7553,9540
7361,9538
7175,9394
6986,9335
6929,9272
6899,9178
6861,8974
6828,8821
6867,8676
6941,8502
7051,8169
7208,7918
7405,7750
7646,7529
7945,7334
8259,7120
8619,6992
8922,6827
9279,6718
9515,6698
9755,6674
10081,6729
10332,6756
10693,6849
10813,6958
10952,7051
11072,7220
11165,7370
11122,7491
11256,7692
11202,7851
11152,7988
11172,8210
10905,8347
10631,8621
10361,8785
10075,9054
9853,9234
9570,9433
9343,9638
9061,9875
8824,10070
8479,10114
8158,10235
7987,10288
7661,10213
7405,10203
7235,10142
7074,10157
6954,10020
6824,9947
6771,9842
6710,9644
6710,9464
6741,9143
6764,8947
6832,8595
6976,8392
7087,8130
7243,7922
7391,7655
7468,7432
7632,7251
7787,7028
8022,6920
8269,6760
8559,6697
8781,6668
9025,6628
9301,6637
9519,6686
9824,6769
10187,6836
10587,6957
10885,7108
11096,7251
11306,7428
11602,7588
11908,7762
11970,7862
12207,8070
12194,8254
12148,8392
12110,8501
12055,8606
11857,8681
11515,8804
11148,8766
10862,8787
10491,8825
10161,8934
9848,8892
9484,8840
9046,8778
8553,8644
8219,8493
7917,8513
7541,8490
7350,8458
7210,8349
7077,8213
7031,8142
6970,7914
7149,7909
7362,7828
7378,7678
7749,7594
8023,7486
8368,7323
8788,7158
9142,7039
9620,6948
9955,6828
10287,6745
10622,6648
11031,6621
11449,6644
11830,6632
12017,6770
12233,6859
12338,7020
12663,7177
12922,7456
13124,7715
13236,8121
13179,8489
13042,8951
12910,9362
12690,9741
12319,10079
11949,10636
11746,11149
11614,11722
11102,12091
10741,12393
10316,12538
9953,12514
9730,12724
9383,12886
9034,12933
8777,12901
8417,12844
8161,12654
8063,12376
7922,12043
7802,11666
7627,11366
7603,11024
7563,10432
7576,10233
7660,9821
7834,9403
8047,9071
8366,8687
8792,8340
9286,7996
9850,7731
10310,7509
10875,7310
11441,7108
12073,6965
12808,6901
13454,6834
14165,6857
15000,6900
15583,6998
16383,7179
16383,7359
16383,7542
16383,7866
16383,8214
16383,8529
16383,8845
16383,9094
16383,9459
16383,9840
16383,10109
16383,10417
16383,10666
16383,10976
15744,11357
14728,11746
13998,11953
13295,12006
12085,12096
11121,12240
10399,12149
9756,12278
9048,12472
8536,12696
8050,12776
7728,12736
7508,12820
7319,12704
7311,12416
7309,12096
7412,11688
7543,11490
7788,11067
8045,10478
8325,10073
8659,9572
8996,9198
9473,8969
9847,8532
10255,8156
10629,7759
11131,7488
11542,7263
12088,7117
12601,7037
13070,7049
13541,7090
13948,7304
14256,7539
14379,7860
14546,8300
14541,8736
14490,9144
14466,9631
14484,10156
14441,10904
14072,11547
13856,12018
13617,12482
13346,12925
13012,13246
12692,13472
12515,13604
12093,13551
11550,13476
10973,13534
10595,13437
10087,13418
9578,13195
8992,12711
8462,12447
8212,12148
7858,11961
7360,11694
6932,11189
6629,10927
6404,10482
6288,9981
6257,9583
6235,9278
6220,8901
6209,8500
6192,8254
6180,8054
6186,7779
6183,7584
6177,7461
6167,7330
6172,7211
6161,7167
6163,7185
6146,7261
6139,7360
6135,7592
6134,7725
6147,7942
6135,8125
6125,8394
6128,8748
6140,9144
6126,9672
6129,10196
6126,10658
6128,11053
6144,11465
6127,12043
6126,12370
6120,12656
6124,13017
6123,13184
6119,13129
6123,13036
6111,13002
6132,12860
6118,12784
6110,12630
6116,12411
6126,12394
6126,12155
6125,11870
6128,11520
6126,11319
6117,10983
6110,10562
6111,9843
6107,9203
6108,8873
6106,8391
6116,7764
6111,7159
6120,6711
6103,6472
6101,6353
6107,6312
6104,6269
6110,6251
6105,6208
6101,6190
6108,6215
6097,6181
6112,6165
6103,6141
6102,6152
6106,6127
6096,6127
6097,6093
6100,6090
6109,6085
6117,6090
6100,6085
6107,6087
6093,6055
6106,6079
6099,6087
6106,6085
6110,6080
6101,6069
6115,6073
6112,6077
6112,6078
6104,6063
6110,6073
6110,6065
6109,6056
6100,6064
6112,6079
6105,6077
6110,6054
6100,6069
6102,6065
6113,6054
6101,6058
6100,6069
6098,6073
6103,6070
6112,6060
6100,6077
6107,6060
6106,6062
6102,6055
6113,6055
6110,6048
6110,6057
6107,6066
6104,6063
6106,6062
6118,6047
6112,6066
6107,6044
6120,6055
6113,6062
6106,6045
6119,6053
6107,6064
6110,6057
6118,6062
6102,6051
6108,6064
6099,6064
6109,6060
6110,6062
6099,6060
6108,6062
6146,6059
6050,5898
5973,5945
6113,6076
6107,6041
6080,6026
6106,6038
6112,6064
6104,6045
6105,6047
6088,6046
6115,6062
6108,6050
6107,6056
6107,6055
6113,6057
6117,6053
6107,6040
6109,6042
6103,6040
6111,6043
6114,6037
6109,6064
6105,6055
6111,6055
6109,6053
6100,6033
6107,6030
6106,6053
6097,6049
6102,6048
6110,6054
6103,6063
6103,6057
6104,6052
6105,6055
6104,6047
6104,6037
6107,6047
6099,6048
6090,6051
6109,6058
6107,6051
6110,6048
6096,6064
6101,6041
6105,6057
6107,6060
6100,6053
6099,6057
6098,6049
6104,6046
6105,6056
6123,6044
6102,6064
6104,6045
6099,6058
6102,6061
6114,6057
6106,6050
6104,6046
6097,6059
6114,6061
6116,6047
6098,6052
6107,6053
6099,6056
6104,6073
6099,6041
6098,6055
6092,6075
6095,6051
6110,6051
6106,6060
6105,6055
6100,6065
6099,6048
6099,6050
6101,6053
6106,6057
6106,6045
6091,6063
6099,6054
6109,6053
6110,6063
6100,6042
6105,6054
6103,6059
6100,6061
6104,6047
6100,6063
6098,6040
6107,6057
6112,6047
6094,6047
6096,6055
6110,6049
6102,6046
6105,6061
6096,6051
6108,6058
6105,6033
6094,6044
6098,6043
6106,6055
6101,6050
6105,6056
6099,6050
6096,6054
6100,6053
6100,6057
6109,6062
6100,6060
6096,6057
6096,6052
6101,6039
6103,6050
6098,6058
6111,6045
6110,6038
6101,6056
6100,6051
6106,6057
6099,6046
6103,6040
6113,6046
6098,6061
6095,6052
6100,6036
6104,6048
6095,6056
6104,6056
6084,6062
6093,6053
6089,6056
6105,6058
6093,6061
6097,6049
6101,6039
6094,6061
6099,6049
6095,6042
6103,6050
6107,6055
6099,6049
6102,6062
6095,6046
6097,6053
6100,6037
6101,6061
6101,6067
6096,6055
6102,6051
6091,6045
6096,6046
6100,6064
6095,6066
6087,6055
6097,6050
6089,6061
6104,6053
6091,6041
6093,6047
6104,6054
6097,6055
6111,6062
6099,6056
6092,6043
6101,6054
6097,6057
6092,6053
6105,6057
6101,6041
6111,6045
6105,6057
6102,6054
6102,6045
6108,6052
6104,6054
6096,6039
6097,6038
6105,6063
6109,6050
6104,6066
6099,6057
6092,6045
6106,6055
6098,6065
6111,6056
6101,6062
6104,6057
6103,6050
6099,6009
6099,6052
6107,6059
6111,6056
6101,6057
6112,6068
6097,6034
6103,6051
6115,6066
6102,6046
6109,6066
6103,6055
6109,6061
6107,6057
6107,6053
6110,6047
6106,6061
6107,6056
6114,6064
6103,6029
6113,6056
6114,6063
6107,6053
6097,6044
6113,6046
6117,6055
6103,6056
6100,6065
6110,6057
6100,6038
6095,6060
6100,6056
6101,6062
6114,6062
6113,6051
6102,6046
6109,6049
6105,6057
6107,6054
6104,6050
6101,6051
6096,6054
6098,6054
6101,6053
6107,6064
6093,6055
6095,6055
6109,6052
6108,6047
6098,6040
6101,6047
6101,6039
6106,6057
6098,6055
6101,6048
6104,6053
6106,6049
6108,6050
6096,6057
6106,6056
6094,6050
6107,6057
6096,6038
6103,6036
6101,6044
6106,6054
6095,6049
6099,6036
6100,6057
6101,6035
6103,6049
6100,6053
6117,6074
6097,6056
6098,6053
6106,6040
6166,6111
6125,6058
6136,6079
6148,6087
6102,6037
6126,6065
6104,6080
6107,6066
6109,6058
6106,6065
6101,6055
6110,6063
6107,6058
6098,6047
6110,6062
6100,6053
6110,6045
6110,6059
6115,6061
6104,6046
6103,6045
6104,6044
6113,6056
6111,6054
6103,6059
6112,6059
6115,6035
6107,6056
6112,6052
6110,6054
6115,6053
6112,6043
6121,6046
6116,6045
6114,6037
6114,6060
6115,6065
6121,6054
6110,6058
6105,6058
6111,6053
6109,6047
6106,6051
6110,6048
6116,6046
6113,6063
6111,6058
6107,6046
6104,6072
6113,6059
6117,6057
6112,6050
6102,6038
6118,6057
6112,6059
6106,6059
6119,6042
6106,6046
6104,6054
6098,6056
6104,6053
6111,6049
6108,6057
6102,6055
6113,6054
6105,6053
6103,6050
6143,6061
6111,6056
6114,6057
6111,6045
6099,6060
6118,6049
6104,6048
6110,6058
6111,6050
6114,6053
6116,6050
6110,6046
6107,6050
6109,6058
6110,6042
6119,6053
6114,6040
6115,6061
6107,6053
6103,6048
6111,6047
6118,6048
6110,6054
6108,6059
6108,6049
6107,6053
6113,6057
6104,6046
6110,6050
6124,6050
6094,6051
6111,6057
6114,6050
6107,6063
6110,6063
6105,6056
6104,6068
6123,6062
6113,6064
6112,6058
6103,6058
6105,6050
6103,6057
6111,6054
6110,6038
6118,6052
6103,6063
6110,6063
6108,6038
6110,6055
6111,6051
6116,6049
6117,6062
6114,6051
6111,6061
6112,6057
6119,6061
6121,6052
6101,6048
6120,6054
6122,6058
6107,6056
6115,6061
6112,6059
6116,6053
6110,6065
6109,6048
6115,6045
6102,6063
6120,6039
6118,6049
6121,6058
6115,6050
6117,6060
6112,6063
6110,6058
6118,6062
6121,6041
6110,6052
6117,6054
6113,6050
6114,6063
6114,6063
6117,6061
6116,6058
6118,6061
6114,6062
6108,6058
6110,6066
6108,6073
6112,6061
6110,6068
6103,6063
6118,6052
6114,6058
6112,6040
6118,6055
6115,6071
6120,6064
6113,6060
6119,6058
6117,6057
6113,6054
6118,6063
6118,6063
6112,6062
6113,6045
6120,6057
6113,6064
6107,6052
6119,6052
6113,6059
6114,6054
6120,6063
6118,6058
6108,6064
6117,6066
6120,6055
6115,6058
6119,6053
6110,6062
6111,6061
6120,6057
6112,6061
6108,6059
6115,6048
6115,6048
6108,6064
6127,6065
6117,6057
6120,6049
6111,6067
6117,6056
6118,6054
6111,6058
6114,6057
6126,6051
6118,6061
6112,6054
6118,6051
6116,6063
6113,6056
6119,6064
6110,6060
6120,6054
6118,6050
6123,6055
6110,6051
6110,6051
6114,6063
6115,6060
6116,6056
6117,6045
6114,6058
6113,6054
6112,6060
6110,6055
6114,6060
6105,6054
6115,6057
6114,6057
6110,6051
6125,6059
6116,6052
6115,6051
6118,6052
0,37
0,61680
0,0
6116,6058
5602,5579
5601,5568
5611,5582
5597,5576
5604,5585
5596,5577
5599,5567
5597,5582
5825,5763
6352,6305
6286,6300
6303,6309
6306,6289
6300,6302
6299,6314
6293,6312
6279,6308
6283,6318
6307,6307
6308,6337
6324,6326
6292,6294
6304,6305
6279,6308
6296,6294
6305,6323
6299,6325
6312,6345
6303,6339
6275,6334
6282,6332
6313,6342
6310,6352
6302,6343
6285,6329
6317,6357
6315,6335
6325,6358
6321,6352
6313,6361
6297,6363
6292,6335
6300,6352
6298,6358
6299,6329
6299,6317
6296,6299
6296,6333
6291,6327
6289,6327
6314,6338
6322,6321
6315,6306
6331,6339
6327,6313
6328,6333
6309,6320
6308,6323
6295,6315
6319,6331
6304,6328
6296,6326
6302,6315
6305,6336
6300,6321
6305,6329
6329,6323
6327,6336
6311,6323
6284,6338
6283,6325
6296,6314
6307,6332
6296,6308
6288,6318
6309,6334
6312,6330
6304,6330
6297,6340
6303,6335
6303,6319
6303,6323
6303,6313
6307,6321
6296,6329
6300,6324
6300,6310
6285,6331
6290,6321
6321,6325
6311,6338
6294,6352
6299,6339
6285,6337
6280,6357
6292,6360
6284,6324
6306,6324
6300,6328
6281,6310
6292,6315
6301,6316
6280,6313
6280,6312
6307,6306
6287,6313
6304,6337
6328,6327
6311,6327
6305,6336
6290,6306
6281,6338
6274,6316
6295,6330
6294,6296
6300,6312
6311,6329
6306,6359
6283,6350
6304,6362
6329,6355
6317,6337
6296,6348
6302,6335
6314,6303
6295,6311
6283,6324
6299,6327
6308,6325
6290,6326
6295,6326
6281,6339
6301,6321
6298,6305
6288,6314
6262,6319
6288,6300
6310,6324
6288,6315
6296,6334
6301,6321
6295,6324
6290,6338
6290,6337
6301,6330
6281,6340
6296,6313
6282,6315
6297,6319
6311,6324
6297,6338
6276,6339
6287,6356
6291,6344
6286,6334
6312,6370
6298,6323
6286,6319
6295,6328
6286,6338
6285,6338
6259,6350
6299,6358
6307,6352
6291,6325
6284,6329
6282,6339
6291,6340
6302,6361
6290,6354
6296,6356
6278,6343
6297,6363
6300,6353
6286,6354
6291,6335
6283,6349
6276,6331
6296,6355
6303,6333
6295,6307
6279,6330
6278,6339
6160,6262
6225,6310
6310,6343
6256,6321
6239,6276
6278,6349
6282,6351
6273,6346
6277,6328
6273,6344
6287,6340
6289,6362
6305,6352
6309,6360
6297,6390
6287,6384
6282,6347
6285,6370
6271,6363
6284,6351
6268,6349
6272,6334
6275,6342
6267,6350
6285,6348
6277,6369
6280,6362
6297,6360
6278,6366
6271,6358
6269,6362
6264,6366
6271,6349
6269,6387
6289,6410
6266,6380
6276,6356
6277,6359
6311,6354
6281,6362
6247,6378
6259,6361
6288,6368
6267,6369
6275,6356
6276,6387
6281,6398
6279,6354
6284,6351
6282,6358
6278,6360
6272,6356
6281,6388
6278,6384
6289,6357
6272,6380
6271,6374
6270,6388
6267,6398
6262,6394
6266,6402
6269,6385
6278,6377
6262,6378
6261,6377
6267,6369
6266,6396
6249,6391
6258,6387
6276,6376
6286,6361
6293,6383
6273,6361
6268,6363
6261,6362
6260,6363
6281,6354
6257,6351
6262,6360
6274,6363
6258,6372
6251,6383
6247,6372
6267,6376
6273,6372
6267,6363
6249,6376
6260,6346
6268,6384
6255,6391
6250,6401
6253,6399
6269,6405
6270,6400
6263,6413
6253,6405
6254,6398
6268,6383
6263,6394
6268,6392
6247,6358
6255,6393
6255,6389
6246,6365
6265,6369
6231,6369
6236,6379
6233,6361
6238,6369
6248,6364
6240,6390
6253,6388
6246,6394
6255,6416
6249,6425
6244,6407
6246,6396
6246,6377
6260,6412
6247,6378
6239,6379
6247,6375
6243,6382
6227,6370
6247,6378
6239,6384
6241,6383
6240,6371
6242,6405
6247,6397
6256,6415
6245,6409
6245,6405
6238,6404
6233,6386
6246,6413
6233,6408
6237,6400
6230,6425
6235,6442
6249,6438
6240,6434
6237,6420
6251,6410
6235,6405
6239,6396
6241,6399
6242,6388
6237,6419
6249,6423
6257,6392
6242,6397
6250,6395
6260,6404
6260,6421
6239,6405
6240,6404
6256,6381
6239,6389
6244,6418
6225,6395
6254,6380
6243,6387
6243,6368
6243,6396
6243,6399
6233,6394
6227,6366
6235,6354
6252,6368
6228,6405
6231,6406
6227,6407
6233,6399
6222,6417
6231,6443
6240,6399
6239,6396
6226,6406
6230,6382
6234,6413
6249,6415
6228,6399
6250,6387
6237,6360
6223,6382
6226,6369
6222,6406
6235,6421
6229,6399
6235,6414
6223,6419
6221,6429
6225,6426
6242,6411
6216,6417
6220,6410
6216,6421
6235,6426
6229,6428
6231,6417
6218,6425
6217,6411
6236,6414
6213,6403
6227,6402
6235,6396
6232,6395
6231,6415
6234,6430
6227,6378
6236,6432
6238,6421
6232,6412
6222,6388
6233,6396
6227,6377
6220,6401
6222,6398
6217,6418
6226,6397
6217,6397
6223,6420
6226,6411
6217,6411
6231,6399
6239,6435
6235,6394
6236,6374
6238,6381
6240,6388
6234,6370
6236,6385
6214,6386
6211,6391
6233,6375
6232,6408
6238,6383
6228,6411
6225,6418
6226,6398
6232,6382
6231,6403
6235,6402
6223,6416
6221,6405
6220,6429
6225,6443
6227,6445
6231,6464
6226,6431
6220,6434
6234,6470
6220,6439
6215,6436
6231,6439
6237,6400
6225,6403
6235,6395
6220,6406
6227,6431
6217,6465
6230,6422
6242,6435
6227,6407
6221,6447
6216,6425
6309,6448
6208,6352
6147,6361
6247,6431
6183,6382
6233,6416
6214,6411
6224,6388
6232,6391
6218,6399
6225,6415
6217,6384
6230,6421
6215,6415
6227,6419
6220,6395
6231,6398
6240,6379
6222,6400
6243,6376
6241,6383
6204,6378
6217,6413
6225,6403
6228,6390
6229,6385
6225,6402
6223,6411
6219,6417
6228,6409
6225,6438
6213,6424
6227,6413
6228,6397
6230,6408
6219,6384
6230,6386
6237,6378
6248,6401
6231,6380
6239,6396
6223,6385
6228,6391
6222,6392
6227,6405
6233,6394
6247,6423
6224,6409
6233,6379
6221,6392
6230,6397
6232,6400
6221,6384
6226,6409
6239,6434
6226,6397
6225,6401
6234,6383
6233,6385
6224,6396
6217,6376
6237,6406
6237,6412
6241,6401
6234,6409
6225,6392
6233,6383
6230,6379
6232,6389
6246,6396
6231,6402
6226,6429
6236,6421
6230,6426
6229,6421
6229,6425
6234,6432
6228,6405
6245,6387
6232,6383
6231,6372
6239,6344
6249,6358
6228,6361
6239,6376
6221,6384
6234,6392
6236,6419
6233,6386
6243,6366
6248,6361
6246,6360
6232,6345
6233,6365
6241,6378
6234,6390
6235,6374
6234,6396
6220,6382
6226,6369
6223,6382
6237,6378
6234,6365
6242,6379
6238,6365
6233,6377
6232,6356
6223,6376
6232,6386
6237,6371
6237,6361
6247,6367
6251,6374
6247,6395
6236,6352
6240,6375
6247,6400
6242,6412
6247,6396
6246,6391
6248,6382
6255,6379
6248,6372
6250,6356
6251,6348
6250,6327
6258,6353
6257,6351
6257,6353
6253,6347
6241,6352
6263,6365
6257,6344
6264,6361
6263,6360
6253,6361
6252,6361
6263,6349
6271,6371
6264,6364
6279,6344
6283,6361
6278,6373
6285,6374
6286,6385
6297,6385
6290,6361
6311,6396
6317,6369
6348,6382
6364,6384
6413,6376
6451,6384
6511,6384
6529,6371
6624,6390
6719,6378
6787,6382
6883,6381
6950,6382
6977,6396
7049,6357
7129,6372
7177,6371
7180,6373
7157,6402
7111,6380
7069,6401
6969,6388
6968,6396
6942,6403
6970,6402
7078,6413
7211,6426
7314,6400
7469,6398
7553,6397
7658,6386
7779,6406
8004,6394
8248,6391
8595,6417
9059,6400
9547,6393
10013,6427
10410,6451
10581,6431
10735,6450
10908,6479
11274,6479
11517,6531
11698,6532
11853,6582
11893,6627
11884,6638
11879,6686
11755,6705
11388,6772
11107,6819
10860,6902
10728,6992
10531,7018
10195,7116
9961,7176
9535,7237
9270,7304
8999,7420
8672,7603
8346,7776
8152,7999
7991,8174
7874,8270
7622,8354
7465,8323
7365,8213
7318,8142
7208,8028
7180,7938
7184,7950
7341,7880
7463,7768
7706,7638
7872,7503
8188,7358
8467,7241
8815,7110
9243,6945
9608,6824
9736,6744
10219,6720
10610,6723
11156,6709
11472,6717
11752,6799
12047,6873
12299,6972
12435,7060
12657,7207
12774,7404
12537,7617
12321,7889
11938,8067
11649,8289
11341,8382
11015,8605
10607,8751
10260,9007
9857,9218
9462,9325
9075,9489
8652,9709
8311,9889
8024,9968
7787,9975
7508,10017
7204,10091
7027,10251
6910,10338
6849,10216
6836,10187
6859,10312
6891,9983
6938,9707
7038,9565
7187,9415
7424,9228
7575,8909
7798,8581
8112,8309
8569,8249
8679,7727
8910,7430
9251,7318
9409,7043
9901,7059
10336,7031
10603,7015
10792,7000
11048,7087
11327,7175
11461,7288
11516,7446
11603,7605
11825,7877
11795,8211
11679,8450
11656,8667
11690,8877
11498,9075
11171,9226
10820,9402
10628,9602
10360,9817
10103,9867
9882,9924
9546,9971
9319,10031
8918,10065
8663,9957
8366,9959
8048,9766
7871,9679
7636,9580
7426,9486
7330,9396
7185,9250
7089,9103
7020,8940
6973,8679
6975,8519
7087,8233
7206,7996
7419,7809
7588,7617
7724,7449
7995,7307
8275,7122
8555,7008
8829,6937
9210,6922
9467,6890
9596,6861
9798,6868
10065,6898
10327,6966
10510,7071
10818,7209
11173,7367
11406,7494
11694,7692
12177,7866
12358,8120
12323,8336
12215,8469
12319,8805
12046,8990
12046,9285
11936,9486
11849,9724
11622,9884
11286,10014
10834,10157
10484,10284
9938,10413
9395,10486
8962,10488
8515,10506
8130,10536
7725,10342
7433,10258
7160,10089
6983,9748
6874,9517
6805,9403
6815,9137
6837,8905
6908,8634
7026,8384
7254,8216
7468,8087
7708,7845
8018,7665
8325,7511
8742,7389
9119,7294
9459,7192
9687,7090
10051,6968
10343,6961
10600,6924
10989,6916
11363,6968
11690,7013
12122,7197
12281,7347
12272,7589
12449,7800
12291,8056
12234,8398
12121,8679
11937,8860
11853,9155
11677,9515
11400,9852
11061,10156
10859,10566
10422,10708
10179,10683
9842,10633
9475,10732
9162,10704
8659,10664
8347,10562
7945,10592
7678,10415
7343,10299
7202,10132
7007,9912
6886,9501
6807,9159
6776,8954
6791,8716
6833,8493
6859,8352
6919,8194
7070,7912
7229,7697
7416,7477
7640,7291
7897,7103
8135,6943
8320,6849
8604,6730
8878,6636
9181,6588
9465,6611
9772,6657
10130,6739
10375,6830
10629,6951
10853,7095
11152,7235
11431,7445
11691,7691
11909,7885
11993,8167
11985,8433
11909,8745
11838,8908
11741,9088
11571,9319
11446,9515
11200,9560
10969,9628
10639,9737
10262,9813
10010,9707
9688,9791
9407,9777
9007,9736
8721,9672
8355,9555
8058,9342
7778,9234
7533,9077
7329,8905
7177,8790
7027,8560
6937,8379
6931,8243
6965,8066
7003,7923
7099,7749
7187,7600
7336,7391
7467,7272
7699,7153
7919,6985
8181,6880
8417,6794
8599,6717
8754,6636
9014,6599
9231,6593
9446,6622
9779,6681
9950,6789
10181,6926
10436,7033
10645,7143
11003,7269
11130,7452
11171,7647
11253,7860
11270,8034
11394,8210
11461,8450
11473,8658
11354,8968
11213,9132
10997,9385
10767,9502
10487,9567
10090,9642
9689,9788
9417,9725
8959,9773
8557,9781
8292,9741
7986,9659
7781,9551
7456,9515
7219,9341
7070,9174
6919,8958
6774,8713
6747,8511
6742,8421
6837,8252
6948,8060
7029,7911
7148,7775
7278,7628
7400,7539
7553,7382
7662,7240
7842,7053
8017,6952
8219,6819
8398,6746
8537,6680
8664,6654
8863,6640
8986,6621
9232,6646
9515,6740
9726,6852
9965,7057
10115,7218
10096,7399
10335,7613
10323,7794
10394,8018
10531,8300
10659,8643
10561,8900
10501,9131
10495,9211
10405,9417
10222,9546
9944,9635
9699,9824
9431,9854
9306,9681
8747,9648
8524,9509
8094,9476
7886,9477
7554,9243
7384,9045
7263,8923
7098,8637
6958,8478
6915,8319
6859,8152
6878,7900
6946,7760
7014,7646
7070,7501
7238,7371
7445,7254
7678,7176
7879,7056
8111,6958
8267,6841
8553,6786
8879,6758
9125,6723
9388,6693
9587,6724
9694,6704
9894,6741
10074,6782
10251,6888
10406,7025
10425,7151
10368,7346
10339,7570
10340,7738
10161,8022
9987,8205
9888,8529
9731,8735
9543,8967
9385,9240
9162,9371
9008,9561
8835,9557
8613,9828
8413,9955
8272,10122
8107,10210
7894,10209
7747,10174
7602,10042
7482,9742
7313,9632
7118,9462
7037,9239
6938,9102
6889,8999
6825,8753
6797,8518
6768,8281
6821,8001
6893,7819
7029,7690
7218,7458
7471,7268
7660,7083
7990,6942
8286,6863
8667,6749
8929,6657
9330,6610
9639,6629
9972,6616
10148,6646
10208,6699
10391,6771
10464,6839
10491,6944
10539,7061
10615,7226
10530,7281
10464,7388
10458,7423
10345,7521
10033,7665
9813,7830
9596,7911
9432,8060
9194,8166
9033,8333
8719,8494
8509,8680
8364,8874
8184,9002
8069,9060
7938,9074
7747,9216
7561,9297
7348,9289
7205,9371
7124,9296
7062,9223
6932,8995
6813,8887
6781,8678
6801,8462
6875,8263
6885,7975
6895,7769
6991,7574
7108,7333
7271,7176
7489,6979
7769,6873
7919,6781
8152,6693
8383,6609
8463,6645
8513,6629
8581,6645
8759,6693
8850,6744
9112,6842
9366,6909
9520,7036
9430,7192
9515,7336
9566,7451
9674,7618
9616,7762
9605,7853
9581,7977
9461,8099
9536,8312
9544,8549
9605,8604
9406,8709
9085,8815
9009,8943
8727,9012
8603,9159
8359,9280
8045,9313
7905,9234
7688,9265
7460,9235
7224,9111
7087,9047
7023,8976
6934,8760
6904,8567
6907,8395
6964,8219
7016,7998
7071,7855
7156,7628
7230,7412
7372,7274
7586,7106
7802,6953
8045,6868
8377,6794
8729,6731
9142,6668
9362,6625
9627,6622
10033,6627
10330,6652
10684,6653
10978,6738
11394,6800
11621,6885
11734,6989
11807,7136
11849,7271
11791,7409
11483,7595
11277,7784
11095,8102
10853,8310
10809,8498
10642,8655
10380,8761
10106,9010
9846,9074
9462,9200
9372,9328
9028,9414
8797,9450
8528,9634
8248,9569
7950,9511
7688,9542
7553,9452
7390,9549
7201,9406
7031,9354
6901,9296
6893,9170
6832,8948
6809,8838
6859,8718
6940,8487
7050,8149
7206,7932
7382,7709
7651,7523
7914,7311
8206,7118
8583,6966
8913,6810
9171,6728
9482,6677
9752,6686
10113,6745
10342,6767
10714,6821
10780,6935
11067,7064
11008,7204
11205,7376
11143,7527
11182,7672
11137,7839
11261,8107
11228,8248
10954,8379
10595,8575
10370,8804
10090,9051
9845,9254
9588,9410
9294,9636
9030,9920
8774,10004
8434,10081
8218,10184
7953,10259
7653,10230
7417,10217
7270,10213
7079,10205
6934,10044
6825,9888
6762,9761
6711,9638
6713,9452
6714,9127
6762,8905
6871,8634
6965,8347
7084,8109
7233,7914
7361,7636
7477,7388
7635,7238
7809,7058
7997,6938
8292,6766
8532,6701
8796,6657
9084,6628
9300,6642
9580,6684
9841,6763
10185,6848
10559,6961
10843,7110
11241,7398
10804,6992
11624,7572
11937,7792
11947,7900
12125,8086
12184,8228
12194,8398
12120,8547
12060,8570
11813,8680
11528,8811
11181,8792
10791,8792
10515,8912
10212,8948
9862,8864
9518,8862
9015,8778
8548,8592
8196,8565
7860,8470
7541,8488
7351,8493
7174,8321
7067,8207
7036,8100
7040,8020
7159,7917
7323,7859
7502,7737
7722,7657
8012,7513
8378,7332
8829,7228
9189,7045
9654,6931
9976,6822
10296,6739
10648,6658
11020,6627
11393,6624
11773,6647
12017,6742
12232,6837
12308,7032
12654,7168
12959,7465
13113,7750
13204,8115
13154,8519
12983,9001
12882,9361
12654,9758
12349,10152
11911,10689
11739,11239
11595,11732
11056,11964
10649,12354
10301,12479
9957,12534
9776,12779
9373,12862
9068,13067
8781,12980
8405,12819
8107,12614
8063,12464
7966,12038
7789,11694
7640,11358
7578,10979
7580,10538
7612,10168
7700,9852
7844,9415
8001,9110
8325,8694
8742,8314
9254,8002
9757,7725
10322,7513
10897,7309
11376,7092
12064,6979
12788,6874
13519,6837
14255,6859
14968,6894
15554,6986
16360,7155
16383,7374
16383,7577
16383,7879
16383,8237
16383,8563
16383,8779
16383,9136
16383,9468
16383,9823
16383,10105
16383,10390
16383,10683
16383,11029
15655,11277
14842,11715
13965,11919
13202,11999
12126,12054
11077,12273
10427,12243
9745,12306
9047,12576
8497,12772
8049,12835
7715,12673
7489,12793
7332,12695
7315,12395
7331,12180
7425,11767
7580,11467
7771,11070
8050,10456
8315,10047
8697,9539
9033,9219
9451,9000
9859,8584
10245,8196
10658,7774
11211,7433
11507,7254
12141,7132
12680,7042
13132,7070
13507,7093
13943,7321
14274,7567
14499,7887
14470,8315
14607,8715
14497,9162
14545,9635
14397,10213
14407,10906
14163,11523
13878,12005
13536,12491
13362,12879
12963,13228
12623,13371
12598,13651
12176,13655
11547,13578
10969,13531
10691,13379
10043,13374
9600,13237
8977,12812
8487,12478
8198,12264
7883,11929
7365,11653
6924,11195
6621,10876
6390,10398
6296,10008
6259,9588
6232,9295
6223,8903
6210,8491
6192,8245
6192,8039
6186,7803
6177,7571
6179,7504
6172,7341
6170,7190
6166,7154
6156,7214
6148,7263
6141,7346
6145,7534
6139,7727
6142,7935
6127,8150
6135,8459
6128,8786
6134,9159
6131,9609
6139,10258
6121,10704
6124,11099
6137,11468
6126,11945
6138,12347
6121,12680
6121,12863
6132,13215
6117,13148
6126,13049
6118,12983
6127,12800
6121,12714
6110,12537
6117,12517
6135,12444
6124,12140
6111,11906
6126,11562
6118,11299
6120,11044
6110,10577
6110,9863
6111,9196
6109,8831
6113,8428
6111,7768
6122,7123
6115,6703
6102,6482
6114,6356
6118,6308
6100,6249
6119,6241
6095,6226
6106,6214
6109,6217
6111,6163
6120,6148
6107,6144
6101,6141
6112,6122
6103,6120
6106,6114
6110,6095
6111,6093
6112,6081
6095,6072
6103,6096
6109,6078
6104,6086
6106,6083
6105,6088
6105,6074
6097,6073
6105,6083
6112,6074
6104,6082
6109,6064
6099,6058
6107,6075
6105,6069
6103,6076
6109,6066
6115,6064
6106,6074
6107,6066
6094,6051
6101,6055
6105,6048
6146,6086
6106,6073
6170,6113
6269,6214
6178,6110
6119,6092
6087,6037
6116,6065
6133,6079
6114,6071
6098,6039
6102,6055
6111,6061
6119,6040
6117,6066
6112,6052
6101,6064
6116,6062
6111,6061
6107,6056
6121,6052
6111,6060
6109,6041
6117,6055
6104,6045
6115,6059
6103,6056
6102,6057
6098,6054
6107,6050
6105,6054
6110,6040
6110,6050
6112,6057
6102,6054
6111,6047
6106,6063
6114,6038
6110,6056
6114,6041
6109,6058
6102,6053
6107,6047
6100,6059
6113,6053
6112,6051
6113,6053
6111,6048
6120,6048
6117,6056
6106,6052
6098,6049
6117,6047
6118,6057
6108,6052
6111,6043
6112,6056
6104,6050
6112,6050
6116,6037
6101,6041
6101,6046
6111,6050
6103,6047
6100,6053
6104,6055
6098,6042
6104,6058
6097,6048
6114,6043
6103,6060
6108,6039
6109,6061
6114,6058
6111,6046
6103,6058
6104,6057
6099,6048
6116,6049
6109,6044
6102,6048
6103,6057
6103,6053
6108,6057
6102,6057
6107,6058
6097,6045
6098,6030
6112,6058
6105,6056
6104,6052
6107,6052
6102,6046
6113,6065
6107,6048
6101,6046
6104,6058
6108,6051
6099,6056
6102,6042
6107,6041
6104,6041
6105,6044
6113,6038
6107,6061
6110,6056
6102,6050
6094,6051
6102,6048
6105,6052
6102,6058
6105,6051
6099,6057
6099,6045
6101,6040
6103,6041
6097,6059
6102,6060
6111,6003
6103,6055
6101,6041
6102,6049
6102,6050
6102,6040
6107,6049
6099,6036
6100,6050
6107,6057
6102,6037
6101,6038
6106,6048
6110,6055
6101,6045
6102,6043
6100,6043
6103,6054
6105,6053
6109,6051
6095,6048
6099,6058
6106,6038
6101,6042
6115,6053
6101,6063
6098,6041
6108,6050
6099,6030
6103,6057
6103,6063
6107,6051
6108,6050
6098,6059
6101,6050
6106,6057
6100,6026
6108,6044
6107,6060
6108,6052
6097,6043
6103,6041
6098,6051
6098,6053
6106,6047
6101,6050
6088,6042
6099,6045
6112,6056
6098,6054
6091,6052
6096,6043
6096,6057
6095,6054
6092,6035
6108,6055
6100,6043
6103,6047
6104,6042
6097,6049
6099,6046
6099,6049
6108,6049
6101,6041
6099,6043
6104,6050
6100,6041
6095,6030
6104,6054
6098,6050
6098,6050
6107,6051
6086,6068
6098,6040
6106,6060
6097,6056
6094,6060
6108,6046
6113,6033
6106,6046
6098,6049
6100,6057
6105,6041
6104,6046
6106,6035
6104,6046
6102,6054
6103,6054
6101,6067
6100,6042
6103,6050
6098,6054
6099,6050
6090,6048
6103,6048
6095,6053
6104,6057
6103,6047
6097,6027
6102,6056
6107,6049
6106,6037
6108,6056
6111,6050
6097,6051
6109,6054
6106,6065
6103,6068
6106,6061
6099,6053
6098,6062
6098,6041
6099,6054
6114,6055
6106,6049
6110,6057
6107,6059
6110,6066
6109,6062
6107,6046
6115,6056
6106,6048
6101,6062
6111,6057
6106,6043
6109,6059
6110,6067
6099,6048
6102,6062
6112,6060
6109,6057
6106,6058
6099,6056
6107,6057
6101,6058
6102,6039
6110,6057
6098,6047
6109,6037
6114,6057
6111,6055
6108,6057
6106,6063
6109,6062
6108,6033
6102,6050
6093,6038
6098,6058
6104,6053
6104,6050
6100,6052
6103,6057
6108,6061
6184,6147
6146,6058
6275,6176
6072,6127
6128,6079
6061,5975
6101,6044
6117,6042
6127,6075
6096,6046
6106,6065
6107,6048
6096,6061
6109,6043
6097,6054
6099,6054
6104,6055
6107,6051
6095,6058
6105,6038
6111,6049
6108,6040
6102,6051
6095,6029
6111,6055
6102,6056
6099,6052
6103,6049
6119,6050
6100,6038
6106,6044
6114,6040
6102,6055
6108,6049
6111,6051
6107,6048
6103,6040
6106,6054
6110,6042
6110,6053
6113,6057
6096,6053
6103,6053
6102,6043
6108,6054
6108,6042
6113,6054
6109,6050
6107,6051
6107,6042
6112,6035
6113,6047
6105,6046
6098,6060
6108,6058
6113,6047
6110,6051
6114,6053
6110,6034
6110,6046
6118,6052
6109,6047
6124,6041
6119,6047
6126,6055
6127,6051
6110,6063
6102,6045
6108,6053
6110,6053
6112,6047
6119,6057
6120,6054
6116,6056
6116,6056
6107,6042
6112,6117
6107,6051
6118,6060
6104,6037
6104,6057
6109,6050
6115,6053
6104,6054
6103,6054
6108,6048
6107,6042
6110,6051
6111,6057
6118,6048
6107,6058
6103,6057
6118,6051
6097,6034
6110,6049
6116,6064
6115,6060
6102,6042
6111,6063
6107,6052
6105,6053
6104,6058
6108,6061
6109,6047
6102,6047
6112,6059
6100,6061
6104,6043
6106,6044
6104,6031
6110,6051
6113,6036
6111,6058
6103,6055
6107,6054
6110,6041
6116,6047
6118,6060
6111,6052
6101,6063
6112,6052
6113,6059
6107,6044
6113,6031
6106,6034
6107,6038
6114,6048
6100,6057
6105,6063
6114,6052
6111,6063
6111,6049
6117,6043
6110,6049
6111,6058
6111,6035
6111,6032
6107,6059
6116,6058
6111,6053
6112,6056
6114,6055
6110,6058
6108,6048
6116,6043
6114,6051
6110,6031
6115,6061
6107,6053
6117,6063
6113,6060
6119,6056
6118,6047
6103,6043
6111,6051
6116,6070
6108,6058
6117,6061
6114,6059
6118,6050
6114,6053
6110,6057
6118,6054
6110,6056
6119,6058
6106,6049
6118,6049
6118,6053
6118,6052
6120,6047
6113,6053
6112,6064
6124,6051
6113,6044
6115,6052
6115,6052
6111,6061
6122,6050
6108,6048
6116,6056
6113,6062
6116,6057
6116,6058
6118,6052
6109,6052
6111,6056
6109,6061
6115,6066
6119,6048
6113,6060
6111,6050
6113,6060
6116,6059
6121,6055
6116,6045
6117,6056
6123,6048
6123,6048
6119,6057
6105,6046
6113,6060
6115,6057
6119,6051
6115,6062
6108,6061
6119,6049
6115,6063
6115,6054
6117,6053
6120,6054
6112,6065
6112,6057
6111,6059
6108,6061
6114,6057
6114,6052
6118,6052
6120,6060
6113,6051
6113,6051
6114,6060
6115,6062
6115,6060
6122,6065
6115,6060
6112,6047
6111,6055
6110,6059
6115,6054
6114,6059
6117,6055
6111,6059
6117,6061
6116,6062
6107,6047
6118,6059
6112,6054
6113,6054
6113,6060
6117,6046
6113,6063
6113,6063
6119,6050
6117,6040
6112,6060
6103,6063
6114,6065
6110,6044
6113,6054
6114,6054
6123,6058
6119,6059
6119,6062
6116,6049
6114,6048
6111,6057
6110,6058
6113,6062
6112,6059
6109,6060
6114,6060
0,28
0,61680
0,0
6116,6042
5604,5569
5602,5576
5606,5580
5599,5577
5601,5577
5602,5588
5599,5572
5597,5573
5824,5742
6340,6316
6274,6309
6291,6291
6304,6291
6296,6292
6292,6309
6299,6327
6295,6292
6281,6324
6298,6320
6298,6338
6325,6334
6299,6324
6307,6305
6293,6306
6298,6320
6292,6322
6294,6315
6292,6353
6294,6328
6283,6338
6287,6322
6305,6340
6307,6355
6292,6340
6293,6358
6313,6342
6310,6337
6316,6326
6317,6353
6311,6346
6301,6350
6309,6345
6301,6363
6307,6353
6306,6319
6322,6301
6311,6321
6292,6333
6284,6324
6291,6327
6309,6328
6316,6340
6323,6301
6319,6337
6326,6316
6328,6359
6306,6311
6301,6305
6289,6312
6316,6311
6299,6334
6297,6308
6291,6323
6293,6326
6299,6320
6308,6335
6322,6317
6323,6333
6309,6338
6295,6319
6289,6310
6304,6308
6313,6327
6298,6321
6295,6338
6313,6320
6315,6337
6303,6334
6296,6334
6300,6339
6297,6315
6305,6320
6295,6326
6303,6325
6286,6321
6297,6318
6296,6323
6285,6348
6290,6306
6300,6329
6319,6337
6301,6356
6302,6349
6294,6328
6286,6333
6312,6366
6292,6329
6282,6320
6306,6337
6279,6350
6293,6307
6281,6316
6283,6309
6281,6323
6317,6306
6292,6300
6295,6330
6312,6315
6316,6343
6304,6332
6300,6319
6287,6345
6275,6334
6287,6326
6283,6302
6294,6299
6328,6340
6304,6340
6280,6342
6295,6347
6342,6355
6307,6351
6304,6344
6296,6347
6287,6309
6290,6314
6282,6328
6287,6337
6295,6326
6297,6346
6299,6331
6290,6299
6297,6323
6284,6338
6289,6302
6267,6312
6292,6304
6301,6293
6289,6308
6305,6317
6307,6327
6296,6329
6300,6318
6296,6334
6308,6337
6290,6329
6288,6320
6292,6329
6314,6312
6318,6332
6302,6342
6267,6331
6289,6334
6229,6282
6305,6343
6309,6384
6266,6287
6272,6321
6289,6331
6291,6323
6293,6343
6244,6330
6290,6335
6307,6374
6286,6346
6271,6329
6278,6332
6296,6335
6301,6336
6287,6354
6283,6354
6275,6348
6292,6351
6291,6357
6281,6345
6292,6338
6276,6354
6279,6326
6300,6342
6293,6342
6284,6322
6283,6328
6285,6339
6266,6350
6299,6356
6305,6342
6281,6358
6300,6368
6275,6349
6279,6360
6283,6359
6280,6353
6277,6347
6279,6340
6290,6354
6296,6344
6305,6346
6298,6349
6281,6396
6274,6367
6281,6381
6273,6351
6284,6345
6284,6337
6268,6334
6272,6334
6284,6326
6279,6352
6281,6350
6284,6383
6254,6365
6268,6368
6285,6369
6272,6362
6256,6368
6266,6376
6274,6388
6279,6398
6279,6374
6276,6384
6288,6369
6315,6359
6293,6352
6254,6365
6255,6377
6271,6387
6268,6364
6284,6373
6265,6384
6271,6393
6281,6372
6288,6350
6295,6340
6282,6370
6277,6348
6271,6385
6277,6382
6280,6381
6275,6370
6267,6385
6258,6388
6283,6416
6263,6395
6270,6391
6259,6375
6267,6380
6279,6374
6271,6379
6263,6392
6267,6384
6255,6371
6267,6382
6267,6371
6285,6366
6279,6380
6259,6383
6267,6371
6255,6374
6265,6359
6273,6339
6257,6346
6247,6358
6268,6348
6250,6352
6250,6376
6239,6365
6268,6382
6272,6360
6269,6365
6261,6377
6272,6354
6272,6361
6257,6387
6267,6406
6259,6411
6283,6405
6261,6401
6260,6439
6248,6416
6253,6382
6249,6394
6254,6406
6274,6387
6251,6349
6243,6387
6241,6404
6248,6372
6251,6390
6234,6381
6235,6391
6247,6356
6244,6374
6255,6381
6244,6395
6254,6389
6237,6378
6242,6398
6237,6415
6244,6423
6231,6393
6257,6393
6257,6400
6248,6387
6255,6362
6244,6363
6234,6362
6247,6376
6249,6371
6256,6382
6245,6396
6226,6391
6243,6380
6236,6390
6260,6425
6242,6400
6246,6397
6234,6413
6230,6379
6238,6395
6226,6413
6236,6421
6251,6447
6245,6441
6250,6452
6254,6435
6244,6426
6236,6432
6246,6404
6247,6399
6243,6434
6247,6419
6240,6419
6241,6444
6251,6382
6233,6380
6241,6394
6248,6400
6259,6423
6242,6398
6253,6395
6269,6400
6253,6389
6250,6421
6229,6378
6244,6385
6251,6383
6238,6361
6247,6390
6236,6399
6229,6377
6229,6386
6244,6367
6249,6379
6228,6405
6240,6409
6240,6414
6227,6401
6229,6415
6251,6429
6234,6406
6230,6408
6229,6374
6237,6400
6239,6419
6231,6402
6250,6388
6244,6387
6252,6380
6227,6395
6235,6377
6233,6402
6239,6429
6246,6402
6249,6402
6234,6394
6221,6422
6223,6430
6230,6421
6219,6413
6215,6431
6201,6437
6232,6408
6222,6439
6219,6403
6226,6423
6222,6414
6228,6413
6215,6418
6230,6408
6220,6402
6215,6400
6226,6408
6233,6416
6230,6416
6219,6403
6223,6408
6232,6405
6225,6392
6230,6400
6215,6374
6214,6416
6226,6400
6213,6413
6239,6394
6218,6398
6216,6405
6224,6433
6213,6406
6231,6418
6230,6440
6234,6387
6227,6384
6240,6354
6242,6395
6228,6384
6222,6374
6217,6388
6224,6381
6238,6366
6220,6385
6233,6398
6230,6390
6217,6417
6215,6343
6154,6339
6237,6401
6279,6439
6268,6424
6211,6394
6248,6423
6216,6419
6213,6444
6234,6493
6235,6458
6227,6439
6223,6481
6216,6425
6206,6414
6218,6438
6223,6413
6238,6407
6239,6420
6226,6403
6237,6418
6224,6432
6211,6412
6228,6441
6224,6401
6212,6440
6218,6423
6233,6397
6222,6399
6222,6430
6224,6447
6226,6458
6216,6398
6225,6430
6215,6405
6219,6391
6216,6396
6226,6415
6225,6413
6230,6400
6218,6399
6238,6403
6230,6394
6220,6387
6218,6368
6234,6381
6238,6383
6234,6377
6220,6380
6240,6395
6231,6418
6226,6395
6225,6415
6235,6415
6232,6411
6230,6446
6221,6418
6220,6426
6210,6429
6228,6417
6232,6391
6232,6415
6225,6386
6232,6387
6228,6383
6249,6395
6229,6389
6232,6393
6235,6381
6222,6415
6227,6416
6234,6412
6230,6402
6231,6408
6232,6405
6224,6385
6230,6379
6222,6383
6236,6392
6231,6402
6237,6403
6227,6415
6239,6410
6238,6419
6232,6383
6230,6397
6237,6382
6223,6390
6240,6408
6231,6409
6240,6387
6226,6394
6235,6383
6223,6371
6228,6387
6220,6386
6224,6392
6230,6393
6225,6426
6228,6448
6251,6421
6221,6405
6231,6413
6235,6413
6244,6408
6241,6387
6230,6380
6222,6371
6243,6340
6239,6371
6226,6361
6229,6369
6225,6380
6224,6405
6246,6415
6231,6377
6228,6375
6250,6356
6235,6380
6241,6372
6227,6355
6241,6367
6224,6380
6229,6387
6242,6375
6230,6381
6231,6356
6229,6395
6229,6382
6238,6372
6239,6366
6228,6381
6227,6386
6241,6374
6228,6364
6239,6388
6222,6385
6243,6368
6256,6366
6240,6377
6239,6378
6233,6359
6247,6380
6245,6404
6230,6401
6243,6399
6241,6405
6240,6380
6246,6379
6250,6375
6255,6357
6264,6354
6252,6338
6263,6366
6252,6336
6257,6346
6260,6340
6264,6351
6265,6363
6261,6355
6265,6352
6274,6341
6262,6359
6268,6373
6266,6363
6266,6343
6264,6363
6271,6348
6267,6364
6274,6368
6277,6381
6290,6361
6280,6386
6293,6389
6295,6408
6319,6381
6339,6366
6346,6375
6423,6391
6444,6391
6496,6386
6533,6363
6636,6373
6712,6382
6794,6379
6887,6395
6952,6393
7005,6392
7054,6363
7137,6391
7177,6368
7184,6374
7147,6400
7104,6385
7040,6402
6998,6405
6955,6409
6961,6407
6979,6406
7074,6399
7232,6432
7329,6403
7458,6405
7551,6385
7648,6385
7803,6446
7973,6411
8240,6405
8580,6425
9098,6413
9594,6403
10036,6414
10340,6423
10606,6426
10698,6443
10909,6477
11252,6506
11569,6515
11841,6554
11887,6570
11901,6619
11883,6635
11877,6695
11691,6714
11492,6765
11023,6831
10818,6891
10656,6952
10551,7029
10262,7081
9929,7162
9498,7229
9272,7309
9028,7433
8657,7594
8386,7783
8153,7991
7994,8154
7882,8258
7635,8346
7472,8281
7365,8223
7292,8117
7255,8058
7187,7961
7202,7942
7327,7874
7491,7794
7731,7618
7869,7521
8155,7356
8437,7266
8847,7116
9339,6961
9574,6851
9752,6758
10233,6719
10660,6744
11159,6681
11519,6713
11779,6782
12077,6898
12379,6971
12402,7108
12601,7220
12780,7445
12397,7447
12321,7899
12000,8066
11700,8334
11383,8402
10975,8587
10621,8817
10290,8965
9922,9251
9437,9356
9137,9514
8671,9663
8301,9856
8020,10058
7770,10112
7472,10119
7230,10146
7062,10318
6901,10301
6844,10188
6833,10263
6882,10242
6865,10036
6969,9807
7030,9646
7207,9445
7423,9203
7559,8915
7810,8595
8114,8296
8366,8020
8669,7737
8984,7525
9303,7343
9592,7189
9955,7077
10355,7039
10668,7034
10806,7005
10986,7031
11207,7172
11433,7321
11520,7478
11667,7630
11834,7925
11826,8240
11706,8413
11664,8659
11740,8949
11512,9096
11126,9239
10845,9426
10599,9558
10410,9870
10178,9954
9903,9969
9513,10025
9238,10085
8915,10078
8647,9985
8341,9883
8073,9770
7845,9656
7622,9600
7443,9538
7329,9422
7208,9249
7109,9064
7019,8929
6979,8648
6979,8501
7057,8240
7222,8041
7434,7798
7564,7631
7749,7431
7990,7273
8245,7123
8547,7045
8819,6972
9179,6899
9469,6888
9651,6844
9837,6873
10013,6892
10322,6960
10539,7067
10785,7187
11196,7374
11428,7517
11740,7698
11288,7633
12318,8089
12321,8336
12338,8536
12276,8807
12141,9048
12161,9307
12083,9582
11788,9680
11627,9868
11321,10031
10840,10163
10422,10358
9870,10381
9393,10434
8960,10442
8519,10422
8094,10447
7705,10310
7403,10276
7148,10078
6965,9758
6866,9569
6802,9413
6811,9107
6851,8870
6897,8647
7025,8418
7251,8208
7468,8046
7687,7875
8048,7670
8329,7498
8679,7385
9158,7312
9451,7188
9765,7050
10008,6983
10358,6973
10632,6927
10962,6912
11343,6972
11715,7034
12101,7173
12260,7386
12385,7586
12438,7807
12361,8051
12208,8351
12116,8713
11961,8921
11933,9150
11700,9498
11394,9884
11118,10172
10780,10509
10415,10697
10128,10596
9806,10659
9404,10661
9166,10724
8672,10656
8348,10594
7984,10631
7679,10458
7328,10269
7212,10111
7019,9926
6879,9525
6825,9163
6762,8935
6791,8721
6838,8500
6848,8348
6942,8169
7067,7927
7241,7739
7432,7511
7613,7273
7839,7096
8107,6958
8337,6823
8663,6714
8895,6638
9215,6591
9533,6619
9761,6669
10120,6733
10382,6846
10586,6952
10908,7110
11138,7246
11484,7461
11683,7686
11968,7913
12054,8173
11883,8466
11896,8690
11814,8897
11727,9099
11602,9315
11425,9508
11201,9568
10962,9649
10661,9754
10320,9812
10064,9744
9681,9750
