Channel 1,Channel 2
6100,6052
6108,6057
6113,6055
6102,6063
6104,6057
6110,6064
6109,6057
6099,6054
6103,6049
6104,6039
6104,6058
6101,6037
6087,6059
6096,6063
6106,6053
6109,6056
6099,6053
6108,6050
6112,6066
6111,6048
6099,6035
6103,6044
6096,6060
6108,6042
6096,6057
6101,6058
6102,6049
6103,6056
6104,6053
6103,6048
6104,6064
6094,6054
6105,6047
6101,6044
6103,6046
6104,6063
6108,6057
6093,6051
6102,6046
6116,6057
6106,6047
6101,6053
6102,6050
6103,6064
6098,6054
6098,6049
6101,6050
6099,6052
6107,6042
6107,6049
6099,6062
6101,6057
6112,6040
6110,6042
6101,6065
6099,6066
6099,6054
6111,6065
6117,6060
6113,6052
6094,6037
6104,6060
6102,6052
6110,6049
6108,6054
6120,6053
6110,6055
6110,6050
6109,6052
6117,6048
6110,6063
6104,6060
6110,6049
6122,6060
6107,6053
6115,6061
6104,6051
6110,6069
6113,6063
6120,6045
6114,6055
6108,6054
6118,6057
6114,6067
6115,6058
6108,6053
6113,6056
6112,6063
6115,6048
6112,6046
6111,6056
6122,6052
6112,6061
6115,6053
6108,6055
6110,6065
6109,6048
6106,6054
6113,6059
6106,6054
6110,6057
6111,6063
6108,6050
6106,6051
6106,6052
6110,6060
6108,6055
6109,6053
6117,6060
6109,6063
6122,6061
6113,6065
6112,6040
6105,6055
6118,6061
6109,6056
6110,6054
6113,6060
6102,6047
6115,6060
6098,6053
6108,6050
6109,6055
6109,6054
6121,6053
6105,6063
6156,6094
6107,6051
6078,5948
6121,6048
6137,6061
6090,6059
6108,6038
6113,6049
6125,6039
6116,6050
6102,6044
6112,6061
6106,6056
6114,6039
6110,6060
6103,6043
6117,6050
6109,6060
6099,6055
6107,6052
6110,6050
6111,6046
6105,6063
6105,6055
6111,6067
6117,6063
6119,6055
6109,6064
6103,6056
6102,6049
6115,6061
6111,6064
6115,6059
6111,6052
6124,6060
6113,6063
6099,6050
6113,6063
6122,6058
6113,6051
6112,6056
6116,6047
6113,6053
6117,6063
6118,6057
6116,6057
6104,6067
6109,6055
6122,6062
6113,6063
6108,6053
6113,6055
6117,6051
6115,6062
6113,6057
6116,6061
6111,6068
6120,6054
6106,6063
6118,6040
6109,6046
6122,6054
6119,6057
6116,6055
6116,6063
6122,6061
6112,6058
6109,6056
6114,6048
6118,6060
6114,6062
6110,6056
6107,6062
6116,6044
6113,6065
6120,6058
6119,6053
6115,6056
6115,6052
6122,6059
6119,6049
6114,6055
6109,6037
6113,6055
6112,6063
6112,6063
6113,6066
6113,6058
6113,6061
6117,6056
6118,6059
6114,6051
6115,6062
6118,6061
6109,6065
6109,6057
6116,6060
6113,6057
6111,6061
6106,6060
6109,6056
6111,6060
6116,6074
6120,6055
6118,6063
6108,6059
6113,6053
6113,6053
6108,6057
6112,6057
6108,6064
6111,6057
6113,6052
6116,6057
6116,6053
6111,6060
6108,6052
6113,6053
6119,6053
6112,6061
6106,6067
6114,6058
6116,6054
6114,6063
6115,6055
6111,6058
6117,6057
6118,6057
6117,6061
6117,6061
6117,6047
6114,6056
6116,6055
6115,6047
6108,6058
6116,6061
6117,6058
6112,6059
6114,6050
6110,6053
6118,6054
6120,6047
6113,6071
6123,6064
6124,6057
6117,6047
6113,6061
6106,6054
6113,6059
6117,6063
6117,6043
6117,6043
6115,6051
6111,6058
0,32
0,61680
0,0
6114,6064
5606,5583
5603,5571
5606,5579
5605,5586
5604,5581
5597,5573
5599,5578
5594,5577
5827,5760
6325,6320
6284,6319
6287,6302
6301,6304
6288,6297
6294,6318
6297,6316
6284,6321
6293,6325
6284,6322
6298,6305
6303,6322
6281,6335
6302,6352
6306,6324
6290,6318
6313,6337
6291,6324
6301,6314
6292,6323
6285,6312
6291,6330
6293,6315
6305,6334
6282,6326
6293,6307
6292,6333
6289,6340
6302,6340
6306,6336
6290,6310
6293,6320
6290,6321
6301,6327
6287,6344
6276,6328
6298,6334
6297,6302
6300,6311
6294,6295
6304,6310
6308,6329
6285,6331
6293,6331
6293,6331
6294,6316
6297,6309
6317,6310
6309,6330
6293,6349
6292,6324
6304,6327
6294,6310
6303,6333
6290,6324
6303,6336
6313,6322
6301,6343
6308,6324
6320,6324
6297,6339
6318,6316
6303,6334
6285,6307
6287,6313
6291,6316
6291,6311
6292,6316
6303,6310
6287,6329
6308,6329
6324,6314
6315,6327
6302,6333
6293,6320
6302,6319
6318,6346
6302,6349
6295,6335
6284,6310
6283,6309
6286,6322
6284,6318
6303,6316
6298,6329
6315,6348
6302,6347
6290,6322
6289,6333
6307,6323
6287,6338
6305,6311
6303,6301
6300,6301
6291,6318
6291,6296
6270,6313
6279,6327
6292,6283
6298,6314
6299,6298
6296,6311
6270,6345
6294,6325
6288,6331
6281,6342
6296,6329
6304,6331
6289,6309
6309,6315
6308,6330
6307,6350
6298,6343
6295,6340
6316,6337
6298,6342
6305,6337
6284,6316
6282,6341
6281,6341
6293,6343
6279,6346
6283,6350
6289,6344
6289,6331
6296,6334
6288,6327
6281,6311
6288,6318
6300,6345
6299,6324
6290,6336
6291,6361
6293,6343
6301,6345
6300,6341
6294,6335
6283,6342
6286,6352
6295,6349
6302,6339
6285,6338
6278,6345
6294,6326
6322,6336
6292,6348
6299,6364
6283,6339
6292,6347
6295,6351
6287,6343
6281,6329
6283,6315
6293,6330
6299,6355
6281,6351
6290,6356
6288,6352
6280,6336
6287,6345
6277,6340
6276,6327
6273,6350
6275,6329
6285,6356
6282,6349
6277,6343
6280,6347
6279,6341
6294,6328
6291,6339
6276,6343
6279,6354
6280,6365
6294,6337
6273,6337
6292,6345
6291,6353
6298,6354
6271,6355
6258,6378
6278,6375
6282,6366
6270,6351
6281,6356
6284,6353
6290,6352
6284,6337
6283,6343
6279,6365
6266,6382
6281,6372
6260,6388
6268,6376
6280,6362
6271,6373
6264,6376
6274,6351
6272,6363
6274,6356
6266,6366
6265,6364
6283,6369
6271,6361
6275,6349
6282,6375
6279,6366
6259,6378
6277,6373
6265,6345
6265,6363
6263,6393
6275,6368
6259,6353
6259,6375
6259,6358
6275,6382
6260,6398
6266,6380
6270,6382
6258,6381
6266,6371
6260,6372
6263,6367
6263,6367
6259,6352
6256,6364
6262,6391
6270,6369
6263,6368
6250,6368
6262,6389
6270,6392
6259,6386
6258,6396
6276,6407
6266,6387
6251,6401
6257,6385
6264,6425
6268,6372
6260,6385
6252,6387
6282,6399
6276,6393
6261,6399
6259,6415
6259,6395
6260,6387
6243,6362
6254,6380
6250,6368
6252,6369
6019,6115
6268,6293
6200,6332
6175,6281
6195,6281
6156,6257
6271,6403
6243,6399
6235,6357
6253,6400
6259,6383
6247,6391
6239,6402
6256,6409
6248,6410
6260,6417
6244,6428
6265,6396
6250,6389
6254,6402
6266,6371
6267,6362
6260,6391
6242,6393
6252,6381
6239,6399
6249,6401
6235,6391
6242,6377
6248,6375
6248,6389
6240,6371
6247,6396
6248,6397
6246,6386
6253,6369
6246,6378
6241,6376
6253,6392
6255,6396
6242,6388
6247,6396
6240,6394
6240,6381
6247,6358
6234,6384
6261,6383
6246,6375
6235,6352
6241,6352
6229,6366
6246,6388
6249,6379
6249,6402
6243,6411
6230,6424
6233,6404
6239,6416
6246,6415
6243,6410
6231,6393
6244,6407
6240,6412
6247,6403
6236,6394
6236,6412
6241,6438
6245,6409
6245,6403
6243,6403
6225,6415
6232,6404
6238,6383
6249,6388
6243,6364
6246,6381
6230,6395
6243,6373
6241,6400
6239,6405
6234,6420
6223,6402
6251,6414
6233,6412
6232,6403
6239,6385
6235,6396
6222,6381
6236,6380
6233,6373
6241,6401
6227,6393
6234,6387
6255,6415
6225,6413
6240,6431
6239,6430
6242,6398
6236,6413
6226,6411
6227,6402
6228,6391
6223,6414
6237,6398
6234,6429
6247,6415
6232,6391
6238,6385
6234,6392
6232,6394
6230,6397
6233,6414
6239,6380
6213,6402
6227,6422
6231,6427
6232,6443
6231,6417
6214,6428
6222,6433
6217,6445
6229,6413
6221,6414
6217,6414
6226,6416
6211,6400
6224,6421
6228,6411
6230,6392
6217,6387
6231,6400
6233,6408
6220,6406
6235,6389
6225,6394
6233,6377
6228,6387
6223,6373
6220,6408
6223,6395
6222,6410
6227,6395
6230,6435
6221,6404
6224,6389
6221,6379
6221,6401
6227,6407
6230,6414
6213,6404
6234,6395
6232,6382
6243,6379
6228,6385
6223,6379
6224,6373
6226,6370
6225,6363
6222,6373
6228,6381
6225,6355
6232,6358
6228,6384
6219,6387
6227,6391
6217,6408
6233,6405
6230,6412
6225,6390
6233,6423
6231,6407
6217,6411
6216,6411
6225,6430
6227,6403
6220,6418
6221,6410
6217,6432
6232,6407
6225,6393
6223,6393
6245,6378
6226,6381
6222,6384
6226,6409
6215,6405
6225,6394
6241,6415
6227,6405
6232,6412
6222,6394
6218,6387
6222,6405
6214,6376
6214,6387
6225,6389
6229,6390
6231,6376
6227,6377
6216,6384
6222,6377
6227,6379
6224,6375
6224,6369
6225,6384
6215,6372
6233,6365
6230,6374
6237,6363
6223,6353
6236,6374
6231,6375
6211,6401
6248,6399
6225,6399
6216,6371
6222,6389
6233,6393
6226,6372
6220,6359
6222,6384
6211,6384
6230,6391
6210,6385
6218,6360
6227,6353
6237,6387
6226,6369
6232,6383
6228,6375
6241,6385
6226,6376
6227,6387
6228,6386
6236,6385
6230,6352
6232,6378
6229,6366
6225,6366
6243,6367
6223,6351
6230,6376
6235,6377
6234,6384
6226,6390
6221,6377
6233,6396
6235,6377
6225,6369
6230,6362
6216,6378
6223,6378
6235,6379
6219,6380
6223,6386
6223,6369
6222,6372
6235,6372
6239,6354
6234,6382
6231,6370
6227,6362
6216,6394
6231,6365
6233,6385
6223,6389
6237,6384
6268,6418
6199,6366
6247,6374
6294,6427
6236,6357
6219,6335
6243,6339
6245,6391
6245,6387
6219,6368
6241,6368
6241,6370
6237,6356
6229,6360
6230,6339
6226,6340
6239,6354
6236,6353
6234,6350
6210,6340
6228,6363
6239,6371
6228,6376
6235,6360
6236,6357
6241,6357
6239,6380
6249,6382
6214,6358
6216,6366
6235,6361
6236,6376
6237,6363
6249,6346
6245,6363
6232,6382
6233,6364
6249,6358
6230,6351
6251,6358
6252,6354
6275,6371
6267,6383
6272,6353
6258,6359
6289,6370
6306,6335
6308,6351
6326,6335
6362,6363
6384,6359
6404,6359
6432,6346
6469,6365
6517,6351
6575,6370
6623,6357
6647,6359
6753,6358
6832,6349
6878,6360
6986,6358
7097,6340
7200,6354
7270,6352
7375,6350
7437,6366
7592,6348
7720,6373
7858,6370
7932,6354
8107,6352
8210,6364
8269,6357
8358,6356
8392,6358
8377,6371
8355,6382
8236,6383
8095,6376
7994,6384
7891,6381
7879,6385
7837,6387
7749,6382
7708,6385
7547,6387
7422,6398
7286,6426
7105,6418
6986,6429
6869,6452
6768,6456
6770,6450
6714,6483
6712,6492
6713,6523
6718,6533
6723,6549
6782,6595
6879,6614
7051,6654
7226,6644
7385,6617
7577,6638
7767,6662
8058,6667
8282,6604
8492,6617
8706,6586
8917,6599
9064,6605
9186,6629
9284,6680
9461,6726
9627,6805
9655,6884
9669,6992
9812,7097
9752,7210
9717,7331
9749,7438
9765,7501
9761,7626
9728,7794
9739,7909
9639,8008
9526,8109
9405,8272
9350,8462
9157,8619
8847,8727
8702,8786
8594,8839
8368,8926
8094,8935
7895,9002
7619,9057
7480,8913
7238,8839
7078,8778
6986,8645
6905,8587
6831,8520
6785,8328
6773,8074
6777,7966
6843,7792
6914,7626
7007,7487
7122,7353
7265,7213
7361,7095
7495,7048
7738,6927
7929,6841
8110,6802
8352,6793
8482,6801
8560,6813
8736,6862
9030,6869
9244,6904
9390,6970
9529,7063
9829,7104
10015,7162
10155,7330
10350,7494
10277,7597
10222,7767
10387,7955
10556,8122
10665,8310
10486,8421
10520,8699
10355,8858
10435,8886
10462,9037
10513,9163
10359,9123
10118,9172
9839,9337
9552,9161
9370,9400
9101,9291
8786,9295
8498,9204
8250,9052
8006,8976
7750,8856
7456,8656
7336,8562
7093,8440
6993,8375
6839,8229
6768,8024
6726,7898
6722,7780
6735,7711
6855,7608
6940,7435
7072,7306
7279,7191
7424,7053
7705,6962
7967,6880
8185,6834
8504,6783
8768,6764
8998,6757
9270,6786
9638,6787
9959,6838
10118,6868
10376,6970
10673,7031
10979,7140
11091,7277
11018,7410
11059,7581
11033,7778
10886,8006
10936,8251
10990,8488
11066,8709
10945,8950
10767,9257
10644,9407
10474,9611
10186,9660
10141,9856
10045,10022
9851,10135
9522,10238
9333,10322
9090,10327
8877,10243
8670,10362
8409,10314
8232,10008
7953,9853
7625,9697
7495,9638
7319,9515
7111,9255
6954,9042
6813,8816
6743,8442
6657,8212
6653,8055
6665,7874
6670,7611
6737,7402
6828,7247
6972,7100
7173,6994
7352,6825
7605,6752
7877,6704
8167,6666
8474,6657
8773,6677
9002,6717
9214,6789
9482,6898
9707,7007
9893,7082
10104,7206
10117,7081
10416,7365
10700,7632
10683,7802
10709,7915
10548,8087
10701,8236
10670,8513
10618,8738
10378,9000
10242,9244
10114,9423
9993,9642
9764,9825
9713,10042
9477,10217
9243,10266
9084,10368
8886,10429
8680,10402
8498,10405
8265,10493
8056,10583
7840,126
9431,8339
9335,8510
9179,8662
8959,8775
8766,8845
8623,8950
8389,8972
8119,9068
7936,9031
7661,9068
7490,8976
7312,8867
7168,8744
7027,8662
6966,8550
6863,8458
6792,8288
6806,8063
6813,7913
6843,7783
6911,7644
7024,7511
7125,7393
7263,7272
7340,7138
7539,7034
7662,6990
7830,6867
8081,6804
8410,6819
8456,6807
8638,6858
8739,6870
9097,6904
9346,6940
9504,7000
9634,7089
9922,7140
10063,7221
10228,7330
10309,7517
10286,7610
10001,7689
10233,7912
10510,8104
10657,8277
10343,8342
10518,8642
10353,8835
10437,8941
10468,9041
10414,9217
10370,9229
10118,9234
9847,9344
9612,9426
9350,9485
9078,9377
8809,9295
8501,9164
8226,9083
7973,8806
7721,8861
7412,8263
7288,8146
7104,8008
6962,8168
6849,8053
6779,7996
6730,7802
6737,7723
6771,7684
6849,7601
6979,7467
7098,7345
7297,7221
7448,7066
7712,6965
7971,6873
8266,6829
8539,6809
8831,6757
9098,6737
9390,6725
9669,6766
9990,6799
10273,6869
10466,6959
10696,7052
10938,7153
11181,7268
11044,7422
11110,7600
11008,7815
10923,8012
10910,8258
10990,8476
11088,8707
10969,8989
10773,9191
10707,9436
10484,9610
10227,9666
10092,9869
10050,10014
9845,10192
9600,10229
9378,10343
9159,10199
8919,10297
8691,10369
8431,10323
8203,10049
7952,9948
7656,9699
7487,9655
7312,9486
7137,9248
6945,9027
6806,8855
6729,8482
6668,8216
6638,8071
6647,7860
6682,7675
6738,7375
6856,7253
6964,7080
7162,6980
7399,6854
7650,6773
7886,6731
8182,6684
8501,6664
8724,6689
9046,6740
9256,6807
9568,6902
9765,7015
9900,7101
10181,7187
10413,7316
10629,7442
10700,7622
10743,7816
10853,7925
10764,8120
10681,8240
10777,8517
10705,8753
10526,9018
10387,9200
10284,9494
10226,9613
9903,9836
9752,10115
9589,10263
9289,10268
9081,10414
8883,10453
8718,10348
8553,10485
8320,10533
8125,10610
7839,10609
7656,10362
7479,10247
7277,10017
7152,9713
7023,9522
6880,9363
6749,9168
6656,8833
6632,8599
6604,8394
6556,8103
6574,7904
6619,7698
6700,7493
6779,7244
6884,7064
7029,6939
7176,6843
7327,6719
7505,6635
7695,6566
7931,6510
8113,6515
8389,6523
8579,6554
8725,6620
8943,6661
9063,6765
9219,6831
9310,6955
9440,7054
9491,7150
9541,7312
9676,7417
9745,7573
9780,7774
9704,7894
9726,8066
9664,8180
9639,8346
9574,8385
9453,8521
9396,8652
9270,8721
9130,8810
9005,8923
8840,9045
8706,9031
8595,9052
8428,9000
8240,8932
8058,8928
7875,8792
7710,8733
7498,8647
7308,8529
7152,8431
7015,8323
6900,8191
6800,8074
6691,7786
6634,7655
6589,7498
6573,7340
6607,7172
6657,7052
6720,6940
6804,6779
6918,6690
7047,6634
7483,6298
7329,6388
7618,6448
7867,6547
8085,6401
8241,6492
8408,6480
8698,6576
8934,6622
9259,6687
9336,6777
9456,6891
9584,6998
9740,7079
9886,7195
10000,7360
10125,7474
10250,7616
10182,7732
10190,7898
10223,8028
10124,8145
10128,8349
9969,8507
9770,8563
9635,8709
9430,8819
9320,8974
9164,9061
8987,9160
8688,9228
8416,9203
8145,9221
7911,9214
7664,9179
7481,9110
7240,9037
7069,8953
6894,8834
6748,8648
6663,8529
6563,8368
6522,8173
6494,8031
6494,7815
6547,7687
6601,7560
6671,7328
6777,7193
6889,7032
7009,6937
7150,6844
7314,6755
7487,6661
7669,6607
7846,6577
8079,6534
8339,6546
8486,6556
8657,6587
8840,6647
9019,6755
9219,6878
9421,6945
9508,7025
9692,7179
9929,7372
10137,7550
10165,7650
10289,7912
10474,8140
10484,8322
10433,8461
10510,8697
10420,8803
10399,8932
10099,8973
9976,9091
9872,9084
9640,9127
9449,9123
9328,9171
9130,9256
8851,9192
8580,9090
8362,8955
8109,8878
7772,8794
7580,8639
7360,8669
7184,8497
7030,8319
6840,8113
6757,8012
6641,7885
6566,7842
6536,7602
6524,7466
6543,7373
6580,7224
6636,7116
6700,7019
6789,6898
6912,6759
7053,6701
7180,6611
7326,6538
7516,6482
7746,6417
7878,6420
8053,6426
8245,6455
8390,6523
8567,6610
8759,6677
8940,6814
9148,6941
9254,7113
9328,7236
9606,7357
9682,7497
9815,7697
10025,7864
9986,8035
9987,8252
9994,8345
9987,8529
9853,8593
9818,8655
9875,8816
9816,8904
9635,8931
9499,8949
9277,9024
9112,8982
8920,8980
8562,8957
8400,8924
8152,8877
7921,8726
7755,8670
7592,8608
7424,8486
7272,8285
7146,8137
6982,7989
6906,7814
6832,7723
6811,7586
6830,7461
6855,7306
6867,7184
6860,7103
6896,7020
6954,6905
7076,6811
7198,6733
7265,6692
7385,6615
7580,6570
7832,6548
7960,6523
8221,6508
8491,6534
8775,6564
8980,6620
9190,6698
9484,6796
9649,6899
9914,7008
10066,7133
10227,7239
10472,7418
10738,7566
11007,7758
11099,7899
10955,8044
10944,8185
10974,8389
10920,8507
10912,8593
10719,8765
10440,8790
10147,8841
9906,8917
9633,8911
9458,8899
9287,8986
9051,8972
8772,8978
8499,8922
8228,8940
7960,8882
7805,8842
7669,8723
7503,8625
7387,8546
7291,8539
7217,8447
7095,8315
6957,8182
6855,8025
6736,7881
6710,7722
6667,7553
6689,7385
6760,7236
6880,7143
6973,7049
7126,6957
7174,6831
7244,6767
7365,6689
7443,6628
7569,6586
7778,6546
7930,6574
7949,6578
8184,6676
8397,6739
8588,6837
8661,6951
8706,7070
8864,7206
8916,7336
8867,7558
8974,7715
9164,7797
9168,7925
9173,8097
9081,8223
9095,8339
9114,8409
9153,8551
9097,8594
8988,8581
8889,8697
8776,8795
8802,8880
8570,8675
8487,8825
8250,8899
8102,8854
7952,8821
7760,8746
7619,8650
7461,8608
7329,8482
7205,8409
7033,8234
6903,8080
6788,7972
6703,7906
6658,7767
6606,7578
6594,7424
6614,7318
6663,7139
6696,7017
6840,6969
6938,6861
7046,6791
7233,6681
7403,6613
7543,6579
7813,6553
8066,6535
8272,6515
8543,6508
8705,6491
8863,6503
8896,6609
9456,6671
9571,6700
9616,6732
9834,6819
9983,6949
10053,7057
10135,7177
10107,7314
10061,7394
10090,7583
10103,7818
9958,7869
9784,7986
9582,8068
9415,8289
9287,8341
9150,8516
9082,8674
8977,8705
8792,8843
8536,8942
8405,9061
8257,9111
8034,9027
7873,8978
7765,8919
7579,8951
7420,8878
7289,8832
7116,8577
7041,8266
6987,8280
6847,8250
6746,8128
6702,7956
6657,7775
6642,7579
6619,7449
6641,7300
6680,7168
6740,7029
6844,6853
6912,6736
7018,6636
7174,6548
7391,6516
7567,6477
7725,6447
7895,6432
8098,6472
8281,6500
8467,6535
8781,6588
8935,6677
9284,6767
9433,6847
9564,6962
9756,7090
9931,7175
9963,7306
10235,7396
10497,7486
10526,7631
10362,7675
10468,7837
10352,7932
10470,8172
10534,8268
10397,8387
10191,8484
10049,8560
9897,8627
9815,8756
9604,8814
9231,8858
8990,8960
8665,8981
8344,8883
8152,8853
7979,8801
7739,8757
7506,8719
7305,8655
7142,8630
6947,8494
6839,8426
6762,8228
6700,8076
6663,7981
6653,7760
6703,7592
6742,7447
6809,7268
6936,7108
6991,6959
7091,6856
7281,6829
7476,6739
7628,6680
7818,6618
8001,6562
8273,6583
8487,6609
8775,6675
8999,6726
9379,6811
9787,6920
10074,7058
10354,7188
10663,7366
10985,7551
11118,7758
11433,8044
11575,8177
11687,8328
11639,8524
11626,8678
11549,8833
11508,8996
11461,9110
11268,9408
11018,9482
10788,9506
10491,9488
10274,9508
10043,9513
9770,9554
9440,9586
9141,9574
8817,9460
8681,9393
8459,9356
8199,9230
7906,9169
7666,9035
7486,8935
7364,8831
7184,8707
7038,8512
6923,8487
6823,8284
6785,8134
6755,7921
6752,7705
6749,7530
6843,7414
6939,7262
7085,7056
7199,6944
7397,6801
7652,6654
7872,6604
8147,6554
8481,6499
8747,6490
9007,6539
9297,6611
9727,6641
10134,6755
10653,6914
10936,7070
11354,7259
11535,7432
11873,7614
12323,7795
12626,7951
12930,8158
13064,8320
13245,8446
13506,8715
13596,8975
13652,9207
13507,9434
13326,9661
13094,9709
12999,9788
12666,9823
12336,9935
11970,9947
11607,10087
11171,10125
10674,10143
10432,10143
9900,10068
9324,10109
8960,10120
8578,9930
8241,9811
8005,9689
7695,9549
7549,9236
7324,8999
7203,8783
7086,8651
7019,8451
6982,8238
7053,8107
7172,7915
7340,7710
7584,7559
7953,7275
8263,7031
8540,6940
8973,6824
9219,6673
9673,6598
10104,6539
10629,6567
11156,6604
11637,6702
11772,6799
12170,7012
12257,7147
12735,7325
13112,7571
13618,8023
13789,8461
13974,8816
14036,9207
14077,9465
14129,9806
14208,9992
14309,10448
14199,10735
13839,11080
13758,11471
13590,11780
13152,12000
12842,12252
12298,12148
11964,12618
11537,12581
11117,12615
10628,12608
10224,12544
9814,12294
9410,12401
8958,12355
8549,12168
8173,11819
7855,11652
7508,11541
7266,11083
7079,10570
6968,10225
6789,9877
6760,9427
6791,9137
6895,8781
6858,8431
6905,8111
7253,7782
7481,7571
7332,7360
6997,7113
6645,6931
6438,6852
6299,6760
6231,6743
6193,6748
6179,6748
6167,6860
6145,7067
6441,7138
6073,7307
6178,7648
6184,7947
6151,8212
6134,8487
6184,8739
6152,9069
6130,9428
6127,9704
6124,9865
6138,10239
6123,10550
6123,10773
6126,10922
6129,11142
6122,11292
6134,11447
6122,11527
6117,11537
6125,11475
6119,11264
6133,11109
6124,11043
6118,10917
6129,10723
6117,10548
6140,10385
6119,10207
6127,9998
6126,9663
6124,9346
6120,9043
6126,8774
6118,8565
6118,8315
6122,8062
6113,7831
6121,7524
6115,7374
6113,7155
6119,7018
6121,6846
6119,6741
6114,6666
6114,6626
6118,6478
6108,6331
6110,6232
6103,6174
6101,6160
6112,6135
6110,6114
6105,6123
6108,6116
6104,6116
6112,6097
6110,6118
6104,6111
6109,6112
6108,6131
6103,6114
6101,6110
6111,6104
6113,6093
6094,6082
6106,6090
6111,6079
6100,6085
6106,6075
6107,6076
6107,6065
6107,6077
6103,6077
6112,6069
6103,6080
6108,6072
6107,6076
6108,6069
6105,6069
6103,6074
6116,6055
6113,6060
6104,6078
6103,6074
6103,6048
6104,6060
6113,6052
6103,6062
6106,6067
6105,6054
6115,6061
6114,6056
6108,6079
6105,6070
6105,6060
6112,6053
6120,6067
6113,6049
6110,6061
6105,6065
6116,6065
6116,6072
6113,6055
6104,6063
6112,6039
6112,6061
6103,6057
6114,6060
6108,6055
6112,6057
6110,6064
6102,6052
6112,6046
6107,6062
6107,6057
6111,6056
6105,6045
6112,6052
6116,6058
6106,6055
6111,6055
6105,6052
6113,6047
6119,6055
6116,6049
6109,6058
6119,6044
6112,6052
6106,6064
6100,6060
6111,6047
6112,6055
6113,6050
6117,6050
6114,6056
6115,6053
6113,6054
6103,6041
6109,6045
6113,6058
6109,6061
6111,6042
6108,6048
6115,6058
6105,6046
6113,6039
6109,6051
6102,6045
6105,6063
6112,6048
6114,6053
6098,6033
6103,6057
6102,6057
6107,6056
6100,6046
6111,6049
6106,6051
6104,6049
6106,6059
6108,6055
6103,6040
6105,6042
6095,6051
6103,6048
6107,6058
6106,6056
6105,6057
6101,6050
6101,6051
6117,6052
6111,6062
6106,6061
6100,6057
6105,6055
6114,6063
6110,6042
6105,6059
6121,6039
6108,6045
6106,6043
6109,6049
6100,6062
6103,6050
6095,6057
6106,6059
6102,6057
6105,6043
6094,6062
6101,6050
6106,6056
6114,6058
6106,6051
6110,6061
6103,6045
6106,6046
6100,6050
6107,6057
6108,6055
6100,6061
6101,6059
6113,6053
6113,6051
6100,6055
6108,6035
6114,6042
6103,6055
6103,6056
6103,6054
6106,6054
6110,6048
6100,6064
6100,6049
6105,6050
6111,6061
6103,6044
6101,6067
6119,6052
6115,6060
6102,6050
6099,6042
6104,6044
6106,6060
6093,6056
6106,6056
6098,6051
6089,6038
6098,6044
6093,6055
6111,6063
6103,6065
6104,6050
6106,6057
6086,6030
6105,6049
6099,6047
6105,6056
6105,6046
6105,6051
6096,6050
6112,6064
6094,6044
6101,6046
6113,6057
6104,6043
6102,6028
6100,6040
6092,6054
6099,6049
6111,6066
6104,6056
6095,6051
6089,6060
6097,6056
6101,6065
6093,6053
6097,6056
6101,6054
6096,6061
6089,6048
6098,6041
6111,6045
6100,6048
6101,6065
6096,6057
6101,6044
6101,6045
6106,6058
6045,6000
6101,6055
6159,6129
6079,6033
6088,6045
6098,6051
6110,6064
6091,6049
6097,6058
6095,6040
6096,6048
6104,6057
6104,6028
6105,6041
6108,6045
6107,6046
6101,6054
6088,6053
6103,6057
6099,6053
6104,6047
6098,6060
6097,6054
6102,6055
6108,6062
6109,6057
6105,6057
6106,6051
6101,6056
6102,6061
6092,6048
6101,6062
6109,6060
6106,6061
6106,6058
6103,6054
6111,6061
6107,6042
6103,6039
6104,6051
6103,6061
6101,6049
6103,6059
6099,6051
6106,6046
6098,6062
6105,6054
6104,6061
6099,6050
6112,6045
6103,6057
6104,6055
6106,6070
6104,6060
6107,6063
6106,6051
6104,6056
6120,6053
6107,6057
6115,6052
6119,6063
6101,6054
6114,6051
6110,6051
6110,6044
6108,6060
6111,6061
6120,6051
6105,6045
6108,6061
6107,6052
6110,6080
6100,6061
6112,6059
6103,6060
6112,6050
6111,6060
6110,6050
6109,6056
6106,6065
6106,6052
6105,6042
6102,6043
6103,6047
6103,6054
6108,6042
6112,6047
6101,6050
6111,6046
6112,6053
6106,6048
6100,6048
6098,6069
6103,6045
6108,6049
6100,6059
6107,6049
6104,6053
6102,6059
6102,6057
6103,6056
6101,6047
6097,6062
6105,6048
6098,6046
6099,6063
6103,6057
6110,6058
6098,6046
6109,6054
6107,6060
6097,6050
6100,6051
6095,6052
6110,6054
6098,6064
6099,6041
6107,6061
6104,6056
6102,6045
6100,6054
6102,6056
6101,6061
6102,6061
6106,6066
6099,6065
6096,6058
6105,6051
6114,6047
6107,6060
6113,6053
6090,6055
6103,6043
6103,6060
6110,6053
6111,6056
6123,6058
6103,6070
6111,6058
6104,6062
6114,6059
6113,6060
6109,6055
6110,6051
6125,6054
6111,6058
6118,6055
6114,6051
6115,6059
6119,6060
6120,6046
6114,6054
6109,6049
6114,6049
6123,6065
6120,6057
6112,6056
6110,6055
6112,6047
6109,6054
6115,6045
6110,6060
6124,6049
6110,6061
6107,6057
6107,6057
6115,6061
6107,6066
6106,6058
6114,6070
6099,6056
6113,6059
6110,6062
6112,6063
6104,6060
6101,6055
6101,6058
6105,6051
6106,6054
6114,6049
6108,6062
6106,6056
6114,6056
6101,6054
6112,6056
6118,6072
6110,6043
6110,6055
6102,6042
6105,6051
6115,6062
6101,6050
6112,6054
6115,6050
6112,6064
6115,6055
6110,6057
6113,6056
6109,6048
6086,6049
6113,6048
6121,6052
6113,6055
6109,6094
6110,6046
6109,6040
6120,6037
6110,6045
6108,6057
6109,6050
6108,6057
6117,6057
6111,6048
6119,6048
6119,6045
6092,6065
6110,6058
6103,6059
6106,6061
6108,6049
6107,6065
6103,6065
6114,6055
6114,6057
6113,6052
6113,6047
6103,6042
6114,6047
6109,6065
6109,6053
6115,6057
6111,6063
6114,6054
6104,6061
6120,6056
6115,6057
6113,6049
6112,6065
6104,6050
6119,6065
6118,6059
6120,6058
6118,6040
6113,6063
6115,6055
6119,6058
6107,6056
6115,6057
6115,6063
6116,6057
6114,6077
6112,6050
6115,6069
6113,6067
6117,6052
6109,6056
6113,6052
6109,6058
6117,6070
6118,6059
6109,6048
6123,6064
6121,6070
6112,6063
6112,6062
6113,6060
6117,6061
6113,6063
6111,6058
6113,6057
6108,6067
6115,6057
6121,6056
6121,6063
6117,6066
6111,6064
6115,6050
6115,6060
6113,6059
6113,6059
6118,6062
6111,6067
6113,6062
6115,6053
6115,6061
6117,6065
6110,6062
6119,6063
5923,5947
6093,5977
6111,6052
6116,6056
6088,5984
6064,6035
6300,6267
6122,6079
6148,5990
6067,6024
6439,6326
6034,6016
6243,6143
6243,6143
6139,6079
6121,6048
6069,6004
6425,6316
6225,6103
6113,6035
6247,6203
6156,6065
6232,6056
6164,6097
6152,6099
6145,6090
6169,6115
6105,6096
6139,6000
6040,6039
6129,6083
6009,5946
6111,6057
6087,6024
6123,6055
6123,6055
6066,6013
6118,6057
6111,6050
6128,6077
6070,6022
6104,6055
6055,5999
6133,6074
6102,6052
6122,6058
6118,6032
6125,6063
6096,6042
6112,6059
6074,6035
6122,6076
6092,6016
6104,6039
6097,6037
6110,6049
6096,6043
6096,6043
6130,6075
6101,6046
6102,6047
6116,6053
6112,6060
0,36
0,61680
0,0
6111,6057
5603,5588
5601,5574
5602,5586
5604,5579
5604,5585
5597,5587
5601,5579
5597,5575
5819,5758
6319,6334
6285,6316
6296,6301
6299,6297
6298,6288
6299,6307
6296,6309
6295,6309
6288,6325
6290,6303
6309,6295
6301,6323
6285,6336
6292,6325
6298,6308
6308,6319
6312,6327
6300,6328
6303,6306
6296,6321
6301,6306
6301,6315
6292,6323
6299,6322
6294,6335
6302,6316
6294,6320
6294,6318
6298,6339
6302,6349
6291,6319
6295,6334
6295,6330
6291,6327
6296,6307
6281,6329
6292,6334
6303,6311
6303,6298
6297,6313
6314,6330
6307,6313
6300,6328
6296,6332
6305,6333
6299,6314
6318,6305
6311,6304
6331,6329
6299,6327
6304,6326
6304,6330
6307,6324
6300,6332
6251,6318
6310,6426
6356,6355
6367,6443
6254,6258
6305,6327
6328,6341
6314,6301
6275,6305
6306,6322
6286,6312
6286,6331
6283,6294
6312,6321
6301,6315
6295,6330
6309,6315
6319,6328
6308,6306
6292,6316
6291,6295
6302,6334
6296,6334
6314,6344
6285,6328
6289,6317
6297,6337
6284,6342
6282,6331
6307,6311
6298,6334
6304,6341
6308,6347
6309,6327
6289,6337
6310,6333
6307,6328
6303,6323
6300,6322
6301,6319
6289,6312
6289,6325
6282,6320
6302,6325
6305,6296
6306,6324
6297,6325
6297,6327
6284,6323
6293,6331
6290,6343
6303,6350
6285,6315
6304,6343
6295,6313
6308,6322
6296,6324
6307,6336
6297,6341
6302,6347
6317,6341
6285,6348
6279,6318
6279,6326
6285,6348
6301,6347
6288,6336
6286,6343
6292,6336
6297,6332
6287,6328
6291,6321
6290,6320
6276,6330
6299,6321
6302,6350
6298,6338
6288,6336
6291,6344
6280,6335
6304,6344
6300,6349
6298,6352
6284,6336
6279,6346
6291,6354
6300,6355
6299,6347
6259,6346
6295,6342
6299,6351
6296,6349
6317,6361
6282,6335
6288,6352
6291,6350
6304,6332
6284,6338
6278,6332
6283,6344
6303,6353
6296,6334
6296,6352
6287,6362
6279,6334
6291,6347
6286,6315
6271,6327
6272,6355
6276,6361
6281,6378
6291,6347
6276,6350
6269,6341
6272,6347
6295,6363
6297,6355
6270,6348
6291,6340
6292,6339
6295,6358
6278,6345
6295,6330
6285,6351
6296,6349
6280,6345
6287,6358
6285,6372
6284,6339
6286,6360
6281,6364
6284,6335
6276,6361
6284,6360
6286,6358
6294,6368
6273,6379
6262,6381
6276,6362
6266,6361
6275,6356
6270,6360
6265,6379
6274,6372
6268,6368
6266,6355
6257,6349
6272,6352
6275,6350
6276,6368
6288,6362
6269,6342
6283,6371
6273,6354
6283,6376
6278,6365
6258,6394
6263,6374
6285,6365
6256,6362
6253,6378
6263,6362
6255,6373
6268,6376
6284,6354
6260,6382
6236,6382
6259,6376
6261,6361
6273,6376
6260,6350
6257,6361
6259,6345
6266,6383
6266,6386
6256,6347
6255,6374
6264,6390
6264,6379
6250,6399
6264,6410
6264,6404
6252,6395
6261,6382
6260,6381
6268,6378
6264,6360
6255,6378
6263,6382
6272,6398
6273,6390
6273,6382
6268,6401
6271,6374
6255,6385
6248,6371
6250,6392
6255,6356
6237,6374
6238,6368
6259,6347
6238,6361
6237,6335
6263,6397
6252,6370
6255,6362
6235,6386
6244,6375
6247,6379
6244,6380
6257,6372
6269,6417
6242,6401
6267,6405
6263,6409
6251,6396
6259,6388
6255,6388
6260,6389
6265,6389
6250,6379
6248,6394
6248,6391
6241,6374
6259,6386
6257,6403
6243,6398
6241,6386
6238,6398
6261,6384
6243,6354
6247,6383
6242,6389
6256,6379
6240,6381
6250,6360
6243,6380
6246,6388
6256,6416
6246,6374
6241,6394
6246,6380
6237,6381
6249,6359
6247,6384
6250,6366
6245,6359
6240,6369
6235,6359
6235,6379
6253,6381
6248,6393
6256,6414
6239,6404
6243,6409
6249,6405
6240,6417
6253,6411
6252,6404
6239,6396
6233,6411
6239,6407
6249,6384
6244,6395
6233,6417
6241,6423
6239,6419
6253,6396
6227,6409
6289,6461
6252,6369
6203,6344
6237,6386
6225,6369
6247,6401
6248,6414
6244,6410
6251,6399
6240,6402
6231,6426
6217,6413
6245,6393
6243,6424
6224,6394
6244,6383
6227,6390
6241,6377
6228,6377
6233,6394
6245,6395
6237,6388
6245,6386
6251,6409
6226,6387
6237,6409
6241,6426
6236,6395
6246,6395
6233,6407
6238,6410
6223,6370
6230,6405
6244,6414
6238,6411
6248,6431
6239,6399
6245,6393
6239,6385
6240,6410
6232,6411
6244,6402
6233,6387
6228,6427
6230,6408
6235,6417
6237,6438
6237,6426
6209,6419
6232,6430
6227,6430
6224,6428
6237,6409
6229,6404
6224,6431
6214,6414
6227,6418
6213,6420
6225,6384
6235,6380
6225,6409
6235,6407
6221,6415
6228,6391
6218,6397
6228,6397
6233,6379
6231,6383
6220,6397
6229,6399
6223,6407
6231,6415
6230,6414
6224,6424
6216,6392
6210,6393
6219,6395
6231,6415
6237,6405
6225,6406
6229,6391
6246,6390
6228,6388
6225,6404
6212,6390
6217,6382
6225,6364
6225,6359
6242,6377
6231,6378
6238,6350
6227,6376
6234,6379
6233,6387
6230,6390
6225,6404
6228,6392
6226,6389
6232,6378
6233,6417
6237,6398
6232,6399
6233,6409
6234,6426
6220,6416
6230,6398
6220,6396
6219,6413
6226,6403
6226,6383
6214,6386
6238,6371
6240,6382
6224,6390
6238,6402
6216,6401
6223,6406
6233,6397
6230,6395
6226,6400
6228,6403
6228,6384
6214,6395
6226,6379
6228,6373
6228,6402
6233,6392
6217,6389
6223,6386
6217,6396
6215,6381
6229,6397
6228,6369
6224,6364
6225,6385
6227,6371
6225,6363
6234,6371
6237,6381
6228,6384
6236,6386
6237,6391
6219,6393
6229,6404
6218,6400
6228,6372
6230,6387
6226,6373
6219,6367
6220,6378
6231,6387
6217,6382
6224,6381
6214,6370
6225,6375
6221,6362
6231,6373
6225,6358
6233,6383
6228,6375
6238,6382
6217,6388
6225,6366
6226,6387
6230,6403
6224,6373
6234,6399
6227,6364
6240,6382
6229,6377
6229,6374
6227,6375
6232,6386
6232,6406
6225,6385
6225,6387
6231,6376
6235,6397
6230,6370
6224,6388
6220,6387
6223,6374
6226,6379
6225,6382
6238,6385
6229,6374
6223,6363
6217,6386
6230,6381
6226,6364
6248,6354
6243,6364
6237,6384
6226,6381
6232,6391
6227,6393
6247,6408
6228,6402
6229,6376
6236,6367
6243,6365
6229,6359
6239,6348
6232,6361
6232,6361
6231,6385
6223,6384
6222,6375
6237,6378
6229,6348
6235,6363
6224,6347
6220,6358
6241,6368
6227,6359
6246,6338
6221,6350
6234,6364
6234,6352
6223,6366
6231,6377
6228,6374
6242,6353
6235,6380
6241,6363
6220,6356
6236,6366
6237,6359
6232,6382
6245,6361
6244,6346
6230,6353
6230,6358
6248,6355
6228,6367
6233,6369
6239,6362
6254,6361
6266,6366
6270,6383
6272,6353
6265,6358
6285,6350
6297,6361
6308,6348
6330,6349
6349,6371
6379,6362
6396,6340
6432,6344
6458,6361
6523,6365
6559,6373
6616,6352
6645,6369
6731,6355
6812,6357
6885,6356
6991,6366
7079,6348
7197,6369
7278,6365
7343,6369
7480,6369
7588,6364
7723,6372
7854,6370
7911,6326
8119,6370
8131,6194
8472,6399
8401,6381
8440,6388
8462,6401
8345,6332
8285,6401
8161,6385
8078,6390
7980,6367
7918,6386
7790,6390
7768,6379
7707,6386
7570,6397
7456,6396
7287,6414
7129,6436
6963,6434
6905,6449
6794,6464
6782,6474
6710,6484
6692,6489
6732,6531
6713,6543
6739,6591
6785,6601
6901,6619
7046,6638
7198,6619
7423,6622
7578,6652
7823,6684
8066,6667
8273,6628
8492,6606
8698,6602
9015,6610
9179,6582
9290,6636
9403,6655
9543,6739
9655,6838
9779,6942
9810,7038
9893,7181
9812,7259
9869,7399
9900,7510
9940,7569
9852,7668
9834,7824
9654,7941
9634,8017
9529,8136
9433,8333
9427,8504
9198,8686
8957,8750
8708,8809
8647,8951
8403,8939
8124,9027
7926,9017
7669,9113
7490,9008
7322,8842
7194,8753
7032,8626
6957,8584
6852,8463
6833,8291
6788,8064
6802,7901
6837,7754
6908,7651
7019,7492
7138,7378
7226,7278
7368,7142
7541,7066
7772,6955
7957,6860
8123,6840
8380,6824
8476,6823
8682,6837
8876,6848
9126,6910
9339,6910
9491,7002
9704,7133
9883,7139
10088,7213
10277,7347
10349,7512
10260,7628
10151,7722
10343,7912
10596,8105
10556,8263
10490,8454
10363,8640
10413,8880
10364,8818
10373,8993
10461,9250
10362,9243
10145,9281
9867,9416
9647,9438
9406,9441
9088,9360
8766,9198
8490,9093
8216,8966
7975,8875
7725,8874
7488,8733
7297,8566
7107,8471
6950,8260
6858,8185
6775,8057
6712,7943
6708,7845
6745,7728
6850,7618
6971,7471
7081,7340
7279,7196
7434,7083
7707,6963
7981,6897
8254,6823
8508,6792
8759,6761
8989,6748
9339,6783
9598,6798
9985,6824
10264,6875
10445,6969
10693,7071
11053,7153
11109,7299
11093,7409
11144,7597
11061,7822
10871,7975
10942,8311
11016,8524
11087,8687
10985,9031
10737,9203
10690,9431
10475,9606
10234,9622
10151,9838
10058,10006
9888,10178
9548,10280
9363,10301
9176,10272
8883,10330
8682,10408
8432,10330
8228,10054
7954,9899
7637,9761
7466,9668
7311,9511
7107,9258
6929,9042
6817,8831
6721,8483
6660,8185
6639,8090
6639,7854
6678,7668
6742,7409
6838,7277
6976,7090
7148,6986
7372,6855
7628,6771
7908,6733
8167,6696
8504,6656
8769,6666
9041,6728
9298,6794
9631,6911
9736,7003
9892,7099
10165,7208
10434,7334
10531,7478
10714,7608
10735,7838
10702,7950
10625,8097
10671,8276
10754,8528
10679,8725
10530,9016
10228,9250
10292,9465
10193,9660
9918,9905
9771,10090
9669,10287
9349,10304
9146,10380
8843,10433
8618,10383
8488,10425
8336,10535
8081,10624
7830,10568
7665,10330
7445,10218
7295,10005
7140,9754
7036,9568
6841,9426
6754,9120
6659,8817
6623,8624
6569,8372
6580,8137
6571,7939
6616,7724
6693,7515
6781,7277
6872,7055
7021,6936
7160,6822
7323,6694
7490,6613
7717,6549
7932,6501
8132,6494
8343,6512
8565,6546
8751,6610
8959,6650
9031,6737
9167,6829
9325,6932
9427,7051
9479,7192
9510,7304
9667,7431
9689,7529
9747,7740
9673,7855
9651,8058
9621,8182
9607,8289
9576,8367
9514,8524
9426,8609
9279,8773
9138,8801
8976,8931
8799,8990
8656,9015
8611,9066
8414,9005
8246,8961
8024,8912
7911,8828
7678,8704
7506,8599
7357,8537
7153,8401
6985,8325
6870,8170
6790,8015
6718,7791
6636,7674
6580,7453
6566,7329
6621,7155
6655,7075
6718,6932
6826,6796
6914,6686
7062,6622
7231,6557
7455,6509
7653,6455
7856,6468
8075,6480
8243,6485
8451,6520
8721,6542
8960,6625
9168,6686
9348,6781
9498,6893
9653,6995
9851,7094
9994,7209
10007,7363
10192,7489
10177,7605
10158,7775
10261,7915
10247,8044
10182,8139
10136,8340
10011,8562
9803,8582
9631,8676
9420,8805
9316,8943
9179,9019
8918,9102
8682,9217
8378,9228
8168,9210
7858,9191
7706,9168
7476,9077
7236,9021
7042,8911
6883,8863
6732,8654
6652,8512
6567,8352
6506,8190
6512,8026
6496,7897
6536,7687
6610,7529
6672,7346
6773,7207
6874,7058
6998,6967
7151,6824
7270,6737
7440,6648
7685,6622
7860,6556
8076,6546
8351,6540
8516,6546
8670,6577
8846,6639
9033,6729
9194,6840
9461,6920
9573,7014
9713,7211
9971,7373
10128,7552
10225,7712
10346,7977
10499,8129
10462,8267
10466,8483
10441,8685
10385,8836
10379,8931
10199,9026
9973,9128
9918,9048
9676,9131
9516,9167
9328,9145
9138,9236
8841,9234
8576,9091
8380,8978
8120,8900
7796,8769
7606,8725
7326,8606
7179,8466
7017,8291
6854,8105
6745,8032
6651,7953
6582,7791
6551,7619
6556,7485
6546,7346
6577,7200
6638,7086
6682,6992
6821,6887
6903,6731
7063,6682
7182,6590
7349,6529
7519,6483
7791,6434
7905,6423
8041,6443
8271,6462
8363,6518
8547,6588
8765,6674
8946,6809
9113,6965
9251,7109
9422,7246
9601,7358
9662,7525
9870,7703
10023,7824
10058,8074
10000,8230
10059,8370
10030,8537
9958,8578
9821,8673
9861,8848
9701,8896
9628,8961
9487,8927
9218,8965
9098,8983
8879,8943
8617,8951
8324,8922
8176,8842
7979,8811
7793,8726
7487,8387
7293,8258
7243,8210
7075,8042
6978,7989
6919,7860
6836,7716
6805,7665
6836,7528
6853,7388
6854,7206
6865,7105
6914,6968
6949,6937
7051,6843
7195,6754
7266,6677
7365,6604
7510,6546
7789,6539
7993,6512
8200,6504
8481,6541
8731,6553
8963,6611
9182,6728
9469,6794
9719,6896
9970,7031
10183,7140
10316,7303
10442,7365
10704,7593
11019,7774
11085,7917
11018,8045
11006,8219
11023,8383
10907,8482
10895,8571
10700,8717
10496,8805
10186,8780
9876,8790
9627,8934
9510,9028
9376,9016
9054,9067
8799,9055
8554,8981
8254,8991
7985,8876
7808,8877
7675,8719
7482,8625
7381,8566
7285,8524
7177,8471
7047,8260
6963,8152
6854,7981
6756,7884
6672,7719
6655,7592
6692,7402
6750,7231
6869,7162
6986,7056
7086,6969
7145,6838
7219,6745
7359,6695
7421,6611
7571,6573
7722,6564
7923,6558
8053,6595
8210,6665
8332,6727
8479,6832
8664,6953
8665,7099
8823,7199
8814,7333
8838,7527
8977,7692
9111,7814
9178,7913
9188,8072
9106,8222
9090,8295
9193,8428
9148,8523
9019,8541
8965,8582
8808,8662
8749,8811
8759,8897
8633,8785
8465,8887
8265,8901
7980,8780
7922,8868
7888,8953
7533,8550
7490,8536
7347,8549
7175,8341
6984,8207
6925,8125
6806,8007
6683,7849
6648,7734
6597,7574
6598,7429
6618,7291
6624,7126
6719,7053
6810,6959
6937,6887
7061,6763
7255,6689
7404,6632
7600,6594
7826,6555
8091,6523
8252,6519
8488,6522
8642,6518
8966,6555
9145,6615
9417,6651
9465,6712
9624,6753
9767,6810
9899,6896
9951,7025
10031,7183
10108,7265
10150,7459
10219,7649
10134,7810
9998,7858
9769,7995
9584,8179
9490,8328
9300,8437
9187,8509
9083,8715
9002,8778
8797,8846
8501,8910
8369,9068
8285,9055
7999,8950
7842,8880
7730,8956
7546,8911
7430,8812
7264,8850
7155,8689
7050,8547
6958,8357
6823,8251
6753,8161
6694,7958
6659,7805
6623,7617
6627,7472
6652,7289
6671,7158
6726,7022
6809,6886
6906,6750
7052,6633
7158,6567
7376,6516
7575,6466
7709,6447
7904,6241
8080,6457
8278,6512
8533,6549
8732,6602
8980,6690
9220,6752
9454,6873
9587,6974
9752,7086
9929,7168
9962,7310
10206,7385
10470,7519
10433,7671
10449,7707
10365,7800
10304,7915
10258,7998
10244,8135
10154,8287
10094,8431
9847,8530
9779,8546
9600,8715
9386,8750
9105,8829
8784,8961
8478,9025
8230,8932
8000,8898
7856,8817
7648,8770
7407,8689
7210,8703
7060,8659
6891,8517
6783,8408
6746,8250
6665,8094
6648,8010
6617,7748
6674,7544
6716,7409
6791,7229
6917,7077
7023,6969
7105,6829
7266,6778
7454,6724
7637,6638
7779,6605
7996,6598
8278,6580
8494,6630
8740,6682
9015,6759
9372,6835
9766,6978
10105,7085
10306,7239
10729,7392
10873,7574
10920,7774
11249,7964
11391,8109
11406,8269
11375,8436
11403,8558
11359,8701
11305,8885
11304,9004
11059,9287
10995,9530
10583,9341
10379,9421
10194,9459
9865,9379
9617,9381
9250,9435
9007,9329
8662,9333
8511,9206
8266,9086
7968,8967
7756,8982
7485,8821
7317,8797
7234,8623
7111,8514
6976,8383
6861,8279
6825,8130
6758,8003
6739,7829
6746,7625
6786,7437
6880,7287
7022,7086
7131,6944
7300,6815
7505,6691
7756,6589
7981,6530
8291,6493
8636,6502
8853,6501
9133,6551
9520,6633
9773,6707
10337,6812
10607,6986
10944,7157
11155,7310
11806,7516
12203,7752
11889,7867
12897,8096
12892,8268
12897,8354
13470,8513
13802,8764
14210,9147
14063,9350
13866,9590
12797,9569
13210,9833
12868,9824
12745,10040
12312,10046
11385,9809
11050,9795
10628,9870
10147,9934
9856,9878
9385,9829
8913,9936
8521,9916
8214,9760
7955,9602
7721,9439
7513,9222
7356,8980
7185,8781
7126,8608
7011,8455
6973,8208
7023,8037
7098,7887
7243,7686
7437,7507
7732,7360
8067,7120
8383,6945
8765,6835
9212,6721
9490,6619
9916,6561
10307,6531
10844,6585
11327,6645
11890,6770
12442,7044
12745,7247
12965,7440
13532,7719
13859,8037
13287,8148
13374,8537
13613,8874
13653,9353
13700,9638
13718,9817
13705,10113
13723,10474
13617,10816
13373,11231
13191,11486
12978,11748
12574,11887
12289,12085
11834,12386
11452,12496
11083,12685
10735,12630
10262,12575
9914,12582
9450,12332
9099,12448
8666,12419
8111,12137
8004,11907
7627,11727
7338,11463
7167,11077
7000,10512
6853,10171
6774,9734
6800,9301
6820,8774
6905,8496
6903,8205
6991,7887
7375,7567
7653,7478
7384,7175
7058,7001
6683,6853
6449,6778
6316,6748
6232,6764
6195,6802
6173,6888
6167,6989
6154,7229
6152,7427
6142,7569
6157,7847
6145,8172
6163,8444
6150,8745
6156,9055
6140,9417
6137,9821
6133,10036
6129,10391
6143,10749
6126,11107
6122,11169
6135,11289
6131,11427
6126,11559
6127,11813
6120,11842
6120,11895
6126,11728
6124,11582
6118,11315
6116,11224
6117,11050
6119,10717
6114,10600
6128,10432
6117,10170
6126,9973
6121,9594
6109,9280
6116,8935
6128,8642
6122,8470
6110,8203
6123,7923
6120,7673
6116,7414
6109,7221
6112,7008
6109,6903
6114,6767
6110,6701
6111,6657
6114,6583
6117,6441
6098,6334
6108,6213
6108,6184
6104,6154
6113,6142
6115,6114
6105,6127
6113,6127
6108,6128
6120,6126
6105,6110
6102,6115
6105,6114
6103,6116
6105,6116
6104,6116
6111,6094
6119,6087
6103,6078
6111,6091
6110,6064
6114,6082
6097,6095
6108,6078
6106,6078
6103,6078
6102,6079
6108,6070
6110,6074
6106,6053
6106,6075
6106,6068
6103,6070
6106,6064
6099,6076
6113,6065
6107,6070
6107,6070
6101,6068
6108,6070
6104,6061
6106,6053
6107,6066
6109,6062
6111,6063
6109,6071
6111,6062
6111,6070
6101,6068
6110,6065
6118,6063
6107,6063
6109,6051
6108,6057
6129,6062
6117,6063
6103,6039
6103,6055
6116,6066
6110,6060
6112,6063
6110,6063
6114,6065
6108,6056
6109,6067
6097,6053
6107,6052
6103,6062
6108,6061
6106,6050
6102,6059
6112,6048
6119,6053
6110,6045
6110,6059
6114,6044
6111,6054
6128,6063
6121,6052
6107,6062
6114,6040
6109,6049
6104,6060
6107,6056
6100,6058
6114,6057
6114,6048
6121,6050
6117,6055
6104,6051
6111,6054
6110,6056
6110,6057
6118,6045
6117,6056
6107,6047
6110,6045
6107,6050
6108,6055
6115,6056
6115,6047
6103,6043
6109,6054
6119,6061
6108,6060
6102,6056
6109,6059
6099,6048
6107,6047
6108,6019
6091,6055
6110,6054
6113,6036
6109,6061
6108,6057
6108,6060
6109,6049
6105,6045
6101,6056
6107,6046
6110,6050
6107,6048
6102,6045
6105,6048
6107,6049
6105,6058
6108,6058
6102,6040
6108,6050
6111,6064
6112,6057
6112,6042
6106,6060
6111,6058
6113,6062
6102,6061
6101,6052
6106,6057
6102,6061
6113,6055
6108,6050
6108,6039
6097,6060
6105,6048
6113,6061
6115,6062
6110,6054
6103,6054
6099,6049
6106,6052
6106,6057
6111,6056
6112,6059
6098,6037
6097,6057
6103,6052
6112,6055
6104,6043
6110,6050
6112,6052
6105,6054
6103,6063
6105,6047
6109,6062
6099,6056
6107,6049
6098,6042
6092,6045
6113,6053
6097,6048
6104,6057
6120,6057
6109,6042
6100,6046
6099,6049
6108,6055
6105,6054
6099,6049
6105,6052
6101,6051
6104,6060
6100,6053
6098,6050
6117,6067
6106,6052
6098,6055
6104,6051
6101,6033
6103,6051
6100,6057
6113,6061
6112,6056
6106,6053
6093,6058
6108,6058
6195,5709
6232,6189
6022,5992
6061,5998
6060,6019
6117,6071
6088,6044
6100,6055
6080,6026
6099,6054
6098,6058
6096,6052
6104,6059
6090,6057
6101,6077
6103,6045
6098,6050
6092,6053
6096,6030
6102,6048
6107,6045
6100,6049
6101,6051
6104,6051
6098,6044
6097,6057
6106,6042
6105,6044
6098,6025
6102,6043
6092,6044
6103,6051
6103,6047
6096,6046
6094,6048
6103,6057
6097,6050
6106,6044
6100,6053
6097,6054
6101,6058
6099,6051
6114,6055
6099,6060
6091,6041
6108,6062
6101,6037
6099,6052
6105,6062
6104,6053
6104,6063
6103,6068
6114,6057
6111,6057
6112,6056
6104,6046
6101,6050
6101,6051
6112,6050
6100,6049
6107,6056
6108,6069
6108,6048
6110,6058
6105,6045
6107,6052
6106,6060
6105,6059
6095,6039
6110,6055
6105,6054
6113,6046
6104,6053
6104,6057
6108,6058
6098,6065
6102,6067
6107,6057
6111,6050
6112,6064
6109,6055
6115,6069
6116,6057
6114,6055
6117,6055
6111,6060
6108,6068
6114,6066
6109,6053
6117,6048
6115,6063
6105,6062
6108,6055
6113,6053
6105,6052
6098,6061
6117,6055
6115,6055
6106,6061
6111,6059
6108,6065
6111,6062
6097,6059
6115,6063
6110,6057
6115,6044
6108,6064
6099,6069
6105,6059
6107,6029
6099,6058
6101,6055
6105,6055
6104,6063
6103,6050
6100,6057
6109,6060
6107,6048
6102,6050
6108,6049
6109,6040
6103,6058
6105,6040
6101,6055
6110,6058
6106,6048
6103,6047
6106,6055
6103,6061
6104,6043
6109,6048
6103,6055
6102,6043
6104,6057
6110,6050
6097,6053
6104,6058
6110,6057
6113,6049
6099,6055
6098,6054
6110,6053
6100,6061
6111,6052
6111,6049
6101,6057
6104,6039
6105,6048
6107,6043
6102,6043
6100,6050
6101,6061
6108,6045
6099,6054
6111,6053
6113,6056
6109,6059
6114,6065
6101,6049
6102,6054
6107,6053
6105,6052
6117,6041
6123,6049
6104,6050
6112,6056
6106,6053
6115,6058
6114,6056
6103,6045
6115,6076
6113,6059
6109,6063
6111,6054
6114,6053
6118,6045
6116,6059
6119,6034
6116,6051
6098,6050
6116,6046
6115,6037
6114,6060
6115,6060
6111,6049
6105,6062
6131,6032
6107,6052
6115,6058
6120,6059
6114,6050
6121,6061
6108,6049
6109,6043
6113,6059
6122,6056
6118,6054
6106,6058
6115,6061
6116,6044
6112,6049
6110,6044
6107,6042
6108,6049
6107,6046
6105,6037
6114,6062
6113,6054
6108,6052
6106,6062
6102,6047
6123,6082
6121,6057
6120,6051
6115,6053
6112,6055
6106,6053
6121,6049
6110,6053
6110,6055
6112,6054
6117,6054
6120,6057
6112,6064
6116,6048
6103,6051
6109,6045
6118,6056
6115,6045
6116,6064
6107,6029
6111,6061
6109,6051
6119,6049
6110,6062
6115,6060
6110,6060
6112,6043
6122,6048
6107,6051
6116,6052
6117,6047
6104,6047
6117,6059
6111,6056
6109,6050
6113,6049
6115,6051
6106,6057
6118,6048
6117,6054
6116,6064
6106,6053
6104,6051
6110,6064
6107,6048
6114,6050
6114,6063
6108,6063
6113,6058
6105,6053
6119,6051
6109,6035
6113,6062
6118,6066
6104,6063
6119,6066
6119,6063
6117,6072
6142,6066
6109,6063
6135,6075
6144,6049
6098,6032
6098,6053
6110,6051
6116,6051
6125,6065
6112,6063
6124,6051
6118,6054
6119,6065
6111,6055
6121,6060
6114,6065
6121,6053
6115,6053
6110,6093
6125,6065
6119,6061
6116,6058
6127,6056
6116,6055
6120,6055
6117,6056
6114,6058
6119,6058
6113,6062
6111,6061
6122,6058
6113,6046
6115,6063
6116,6052
6107,6067
6117,6046
6109,6051
6109,6051
6116,6045
6114,6061
6120,6049
6119,6061
6108,6065
6121,6044
6117,6055
6113,6062
6107,6071
6121,6061
6125,6061
6122,6059
6116,6062
6115,6051
6115,6064
6118,6017
6113,6045
6123,6060
6119,6056
6113,6070
6117,6057
6117,6057
6117,6058
6117,6056
6117,6063
6128,6055
6118,6044
6121,6058
6126,6059
6117,6048
6116,6055
6121,6062
6122,6051
6117,6064
6119,6063
6122,6057
6122,6057
6115,6063
6116,6057
6112,6047
6115,6057
6116,6055
6111,6051
6111,6051
6121,6055
6119,6055
6120,6057
6117,6044
6124,6045
6111,6065
6116,6065
6114,6053
6118,6058
6119,6050
6114,6054
6121,6055
6123,6044
6127,6065
6121,6049
6116,6061
6110,6055
6111,6055
6115,6050
6119,6061
6119,6046
6119,6046
6123,6053
6115,6048
6122,6053
6119,6061
6117,6052
0,28
0,61680
0,0
6123,6063
5604,5562
5596,5581
5604,5579
5601,5571
5601,5582
5604,5574
5603,5585
5597,5585
5822,5763
6328,6332
6291,6321
6301,6300
6292,6320
6299,6287
6295,6324
6301,6305
6293,6334
6291,6319
6286,6280
6310,6310
6306,6338
6299,6327
6297,6337
6303,6337
6316,6317
6304,6320
6301,6321
6298,6306
6302,6338
6294,6323
6297,6326
6297,6349
6296,6321
6288,6334
6290,6317
6296,6321
6306,6356
6289,6338
6386,6401
6331,6271
6274,6320
6287,6335
6311,6333
6311,6333
6287,6316
6284,6308
6317,6303
6312,6304
6300,6318
6311,6335
6293,6334
6273,6343
6281,6315
6301,6350
6288,6333
6310,6296
6295,6332
6306,6345
6309,6332
6295,6328
6302,6324
6295,6302
6301,6315
6301,6307
6294,6302
6295,6325
6300,6333
6314,6295
6306,6330
6303,6322
6301,6320
6295,6325
6297,6333
6300,6312
6291,6303
6298,6319
6294,6316
6308,6317
6297,6322
6316,6308
6323,6330
6310,6332
6302,6338
6306,6334
6278,6341
6310,6348
6295,6349
6296,6356
6289,6325
6296,6327
6307,6327
6292,6325
6302,6320
6301,6340
6304,6343
6316,6341
6309,6311
6295,6303
6300,6337
6298,6322
6303,6318
6303,6296
6304,6310
6290,6316
6289,6296
6269,6321
6304,6306
6304,6308
6303,6324
6305,6337
6296,6314
6283,6320
6289,6340
6295,6348
6299,6346
6301,6313
6300,6332
6298,6292
6301,6312
6305,6345
6288,6356
6287,6344
6294,6351
6300,6342
6290,6330
6280,6327
6297,6339
6280,6330
6283,6335
6298,6341
6293,6320
6296,6346
6277,6335
6273,6336
6308,6339
6303,6332
6292,6335
6290,6328
6303,6330
6291,6345
6275,6332
6273,6354
6285,6329
6287,6348
6284,6338
6281,6328
6281,6342
6283,6328
6296,6334
6316,6336
6290,6346
6272,6332
6305,6343
6323,6339
6303,6368
6317,6366
6286,6351
6291,6351
6291,6353
6296,6345
6297,6327
6285,6342
6292,6321
6277,6348
6291,6342
6301,6350
6288,6326
6278,6321
6290,6340
6281,6342
6290,6345
6272,6363
6281,6360
6297,6366
6292,6367
6286,6362
6269,6349
6280,6361
6296,6369
6285,6363
6268,6346
6282,6327
6291,6336
6292,6329
6288,6336
6290,6340
6285,6326
6300,6350
6271,6348
6277,6365
6277,6379
6267,6356
6283,6368
6292,6369
6279,6363
6280,6355
6294,6345
6285,6333
6284,6357
6270,6357
6275,6403
6272,6392
6264,6362
6262,6372
6275,6389
6256,6390
6269,6370
6271,6367
6282,6382
6280,6356
6263,6360
6274,6352
6278,6362
6282,6352
6259,6354
6271,6360
6279,6385
6287,6383
6265,6364
6262,6378
6259,6382
6272,6385
6258,6402
6249,6382
6268,6378
6275,6395
6267,6401
6278,6383
6263,6403
6265,6378
6260,6376
6276,6405
6277,6364
6259,6348
6263,6372
6260,6342
6272,6356
6268,6359
6261,6367
6256,6395
6247,6382
6258,6411
6273,6414
6264,6435
6259,6415
6269,6393
6260,6384
6258,6385
6260,6407
6271,6366
6268,6373
6273,6399
6271,6395
6265,6386
6274,6408
6247,6394
6266,6389
6256,6391
6251,6351
6269,6361
6259,6375
6235,6361
6243,6373
6252,6370
6231,6345
6229,6338
6252,6360
6246,6382
6260,6389
6243,6386
6247,6385
6239,6395
6249,6387
6248,6396
6259,6377
6252,6396
6249,6404
6259,6414
6247,6406
6259,6390
6251,6384
6248,6405
6263,6395
6260,6379
6254,6405
6248,6370
6261,6438
6257,6397
6244,6409
6236,6378
6238,6386
6250,6381
6263,6409
6236,6372
6254,6401
6254,6398
6258,6372
6239,6381
6241,6383
6243,6393
6252,6394
6260,6404
6243,6386
6248,6392
6242,6378
6043,6234
6237,6358
6342,6419
6213,6143
6322,6493
6317,6447
6164,6258
6231,6339
6273,6381
6245,6387
6240,6407
6257,6414
6251,6424
6242,6404
6242,6479
6236,6418
6262,6401
6242,6404
6238,6428
6240,6381
6251,6387
6232,6408
6248,6398
6230,6423
6246,6418
6238,6410
6239,6418
6229,6427
6243,6418
6251,6403
6247,6393
6240,6352
6236,6398
6247,6377
6238,6355
6240,6397
6237,6427
6234,6413
6232,6415
6238,6421
6225,6419
6227,6401
6229,6363
6227,6353
6234,6383
6235,6375
6231,6366
6249,6392
6234,6389
6236,6388
6251,6419
6224,6390
6239,6409
6237,6408
6233,6401
6236,6400
6227,6408
6224,6394
6227,6374
6236,6397
6240,6396
6243,6423
6235,6442
6247,6410
6244,6397
6233,6395
6247,6372
6220,6417
6244,6425
6215,6385
6217,6413
6228,6385
6231,6435
6229,6439
6226,6411
6223,6421
6230,6427
6224,6424
6214,6431
6223,6421
6241,6391
6230,6417
6224,6398
6224,6412
6228,6420
6234,6394
6223,6401
6230,6417
6231,6412
6230,6424
6226,6388
6242,6389
6232,6374
6222,6395
6220,6388
6228,6414
6214,6415
6226,6433
6216,6423
6228,6420
6229,6415
6227,6393
6218,6412
6235,6403
6227,6435
6233,6405
6235,6408
6226,6408
6225,6384
6231,6391
6245,6399
6208,6365
6227,6380
6241,6374
6220,6392
6218,6376
6223,6364
6235,6350
6229,6349
6225,6390
6231,6399
6232,6365
6226,6402
6237,6371
6224,6400
6212,6384
6228,6390
6235,6377
6225,6398
6229,6398
6223,6410
6215,6423
6228,6428
6226,6420
6240,6447
6233,6394
6225,6384
6215,6368
6217,6402
6225,6404
6226,6395
6223,6416
6213,6391
6222,6404
6221,6411
6233,6413
6230,6411
6229,6380
6222,6374
6228,6389
6219,6386
6224,6369
6228,6369
6211,6403
6206,6385
6231,6383
6213,6369
6227,6396
6215,6400
6227,6392
6225,6377
6229,6372
6226,6379
6223,6353
6237,6344
6240,6376
6224,6357
6231,6369
6243,6372
6232,6377
6236,6404
6230,6395
6224,6363
6230,6369
6216,6356
6215,6357
6217,6351
6231,6365
6223,6367
6212,6404
6219,6402
6227,6374
6232,6347
6235,6375
6240,6370
6239,6359
6239,6351
6235,6375
6223,6361
6235,6353
6241,6408
6236,6410
6236,6369
6227,6381
6222,6361
6222,6356
6236,6354
6232,6351
6221,6366
6228,6372
6222,6379
6227,6393
6227,6387
6226,6391
6234,6385
6234,6373
6217,6406
6224,6390
6225,6380
6244,6393
6258,6375
6228,6388
6233,6388
6225,6377
6237,6364
6232,6375
6258,6347
6235,6333
6239,6354
6234,6343
6235,6379
6230,6400
6227,6396
6240,6390
6226,6368
6234,6370
6232,6373
6242,6354
6233,6335
6248,6330
6240,6350
6230,6367
6235,6415
6233,6381
6243,6354
6251,6370
6244,6348
6239,6356
6232,6337
6227,6329
6232,6339
6232,6368
6242,6370
6230,6370
6228,6374
6219,6355
6231,6350
6227,6353
6217,6377
6236,6336
6244,6380
6237,6374
6229,6355
6234,6346
6227,6376
6232,6386
6240,6358
6239,6355
6240,6367
6245,6358
6245,6359
6242,6362
6236,6363
6246,6379
6262,6353
6271,6355
6278,6372
6082,6189
6283,6351
6242,6287
6281,6305
6290,6318
6312,6339
6349,6347
6391,6361
6419,6347
6445,6340
6456,6353
6519,6347
6576,6354
6588,6334
6643,6362
6733,6352
6777,6343
6811,6348
6903,6336
7019,6354
7110,6340
7225,6378
7264,6368
7355,6358
7451,6357
7596,6378
7671,6375
7795,6376
7921,6341
8039,6359
8106,6366
8215,6358
8256,6373
8230,6382
8192,6344
8077,6376
7985,6376
7915,6394
7885,6383
8066,6382
7962,6386
7886,6399
7837,6373
7622,6394
7469,6391
7323,6402
7119,6413
7016,6418
6939,6439
6881,6439
6831,6451
6770,6483
6755,6518
6705,6513
6694,6538
6713,6541
6753,6584
6857,6623
7005,6642
7137,6648
7323,6655
7501,6636
7706,6690
7957,6616
8219,6585
8386,6575
8584,6560
8872,6580
8999,6568
9164,6585
9240,6625
9412,6663
9589,6734
9672,6803
9849,7026
9956,7152
9896,7183
9669,7195
9644,7303
10122,7580
10088,7680
10097,7832
10005,7930
9869,8039
9579,8063
9272,8240
9257,8391
9082,8572
8798,8714
8595,8859
8475,8947
8267,9073
8043,9114
7874,9189
7570,9285
7412,9190
7265,9089
7090,8978
6961,8899
6924,8844
6825,8757
6905,8385
6857,8258
6798,8114
6861,7887
6824,7810
6894,7693
6987,7512
7089,7387
7130,7192
7278,7138
7552,7009
7577,6896
7754,6830
7946,6817
8144,6823
8212,6817
8701,6840
9125,6857
9361,6851
9586,6948
9705,7028
9956,7066
10171,7146
10434,7288
10582,7482
9998,7343
9958,7454
10150,7590
10367,7756
10514,7942
10396,8039
10438,8260
10323,8423
10407,8452
10496,8561
10497,8658
10408,8616
10194,8691
10169,9511
9892,9554
9685,9826
9423,9693
9058,9588
8815,9480
8475,9336
8053,8408
7745,8319
7572,8205
7378,8148
7175,8085
7027,7956
6893,7817
6811,7783
6738,7742
6715,7641
6736,7571
6821,7490
6889,7346
7033,7249
7185,7163
7319,7047
7571,6923
7850,6960
8048,6922
8336,6856
8631,6830
8899,6700
9103,6714
9425,6734
9768,6743
9991,6799
10292,6864
10517,6951
10763,7030
10974,7158
10974,7304
11056,7450
10934,7660
10848,7863
10908,8122
11047,8530
11082,8781
11045,9042
10813,9304
10782,9458
10602,9489
10305,9447
10241,9623
10298,9807
10166,10025
9900,10052
9613,10078
9341,10180
9099,10134
8871,10238
8629,10366
8433,10044
8115,10040
7810,9773
7611,9761
7411,9666
7227,9467
7015,9188
6879,8988
6751,8604
6688,8393
6634,8182
6642,8008
6632,7803
6706,7550
6786,7394
6926,7201
7120,7034
7318,6931
7520,6844
7757,6790
8053,6743
8465,6663
8498,6689
8782,6724
9382,6758
9676,6830
9920,6930
10229,6987
10373,7099
10466,7249
10925,7358
10327,7569
10302,7710
10284,7873
10275,8056
10226,8224
10321,8453
10324,8744
10155,8975
10589,9195
9932,9477
9793,9604
9665,9893
9488,10104
9353,10263
9529,10346
9512,10482
9258,10585
9031,10560
8833,10650
8203,10473
8043,10514
7850,10409
7695,10179
7502,10102
7299,9814
7168,9516
7041,9327
6890,9162
6779,8954
6687,8610
6619,8404
6591,8212
6579,8128
6567,7881
6605,7901
6667,7703
6751,7334
6828,7020
6978,6883
7136,6785
7287,6669
7519,6590
7772,6554
7934,6478
8032,6207
8250,6512
8563,6438
8850,6636
8915,6612
9091,6633
9190,6732
9344,6824
9425,6937
9451,7054
9488,7141
9566,7472
9676,7623
9748,7830
9567,7673
9569,7844
9442,7927
9456,8089
9379,8165
9290,8309
9225,8443
9078,8568
8964,8646
8828,8799
8706,8945
8577,8964
8687,9120
8534,9138
8247,8980
8015,8998
7910,8906
7753,8858
7558,8726
7407,8607
7245,8524
7067,8403
6922,8264
6838,8113
6743,7879
6664,7801
6585,7559
6575,7381
6579,7215
6596,7084
6680,6953
6759,6805
6859,6709
6984,6635
7150,6580
7304,6542
7530,6505
7769,6479
8085,6470
8245,6485
8370,6496
8677,6537
8953,6607
9201,6679
9387,6757
9573,6871
9720,6959
9876,7070
10004,7186
10118,7318
10271,7430
10342,7524
10408,7652
10392,7847
10470,7965
10383,8074
10319,8244
10128,8507
9765,8675
9720,8821
9449,8905
9409,8996
9281,9066
9069,9127
8707,9271
8404,9315
8115,9267
7825,9265
7603,9240
7396,9199
7207,9101
7050,9050
6881,8950
6726,8750
6665,8573
6557,8456
6510,8329
6512,8148
6509,7968
6543,7838
6625,7656
6698,7420
6811,7334
6906,7159
7004,7051
7153,6919
7295,6837
7451,6711
7634,6629
7829,6568
8041,6542
8294,6521
8439,6531
8524,6540
8731,6605
8886,6685
9195,6856
9252,6863
9338,6982
9535,7121
9751,7296
10128,7527
10205,7704
10358,7958
10385,8107
10465,8318
10310,8349
10307,8497
10337,8601
10223,8669
10056,8836
9934,8883
9836,8871
9644,8844
9476,8943
9343,8927
9152,8966
8834,8947
8599,8878
8362,8752
8084,8632
7798,8666
7613,8803
7362,8639
7164,8507
7001,8327
6847,7952
6714,7840
6616,7811
6546,7667
6494,7532
6512,7436
6498,7294
6556,7149
6617,7033
6689,6927
6774,6833
6902,6734
7015,6642
7175,6593
7242,6531
7486,6471
7823,6446
8005,6416
8167,6458
8359,6490
8238,6542
8254,6605
8403,6689
8549,6781
8718,6907
8799,7066
8958,7197
9187,7303
9319,7462
9438,7682
9621,7828
9648,8070
9607,8282
10063,8426
9779,8555
9599,8651
10111,8684
10058,8866
10027,8908
9443,8914
9372,8940
9078,8945
8928,8876
8695,8856
8391,8841
8241,8769
8011,8699
7808,8563
7626,8405
7441,8347
7316,8240
7204,8047
7038,7909
6913,7680
6862,7523
6828,7860
6806,7538
6821,7579
6845,7507
6893,7315
6903,7013
6946,6886
6982,6797
7053,6753
7144,6687
7243,6669
7333,6581
7522,6536
7718,6505
7981,6527
8225,6482
8385,6513
8663,6567
8925,6627
9008,6687
9252,6768
9488,6906
10052,7009
10160,7156
10417,7324
10647,7437
10870,7598
11088,7794
10879,7848
11083,8094
10883,8059
10851,8230
10771,8287
10723,8376
10869,8799
10267,8542
9939,8620
9748,8643
9532,8644
9435,8722
9632,9141
9389,9247
9005,9165
8729,9125
8413,9059
8178,9026
7969,8910
7794,8774
7571,8534
7412,8367
7239,8293
7123,8222
7032,8302
6943,8194
6828,7981
6738,7851
6680,7728
6654,7449
6667,7304
6777,7242
6875,7162
6997,7047
7109,6902
7160,6895
7253,6773
7386,6708
7448,6652
7620,6598
7819,6556
7992,6557
8169,6644
8098,6735
8263,6784
8410,6833
8548,6987
8533,7077
8532,7197
8592,7364
8599,7538
9127,7734
8944,7717
8957,7879
8880,8078
9274,8309
9251,8459
9344,8580
9288,8699
9242,8765
9174,8773
9040,8874
8782,8842
8657,8744
8543,8683
8415,8710
8198,8781
8032,8742
7881,8642
7718,8608
7562,8506
7421,8448
7233,8347
7119,8254
6979,8144
6891,7909
6824,7877
6759,8000
6714,7786
6598,7657
6628,7420
6677,7330
6690,7198
6792,7112
6820,6904
6905,6849
7075,6762
7187,6652
7348,6613
7593,6575
7646,6528
7915,6503
8072,6515
8473,6501
8741,6513
8624,6527
8832,6597
9263,6627
9893,6712
9881,6796
9978,6838
10088,6930
10227,7036
10312,7199
10169,7304
10043,7372
10047,7543
10022,7691
9834,7765
9648,7874
9484,8022
9417,8152
9237,8294
9115,8318
9166,8754
9075,8871
8884,8946
8561,9028
8397,9231
8304,9289
8053,9205
7837,9084
7720,8866
7549,9126
7365,9061
7214,8402
7092,8252
6989,8146
6940,8085
6819,7957
6736,7895
6647,7893
6621,7557
6598,7405
6631,7407
6697,7321
6695,7151
6727,6915
6873,6897
6917,6722
7068,6663
7217,6590
7445,6513
7645,6482
7843,6459
7947,6424
8030,6448
8221,6453
8430,6529
8663,6575
8840,6669
9126,6753
9291,6880
9413,6985
9558,7094
9929,7229
10260,7381
10407,7482
10660,7584
10761,7744
10753,7831
10672,7966
10559,8081
10660,8281
10624,8291
10313,8374
10360,8545
10228,8604
9580,8564
9423,8670
9503,8806
9379,8893
8789,8939
8350,8997
8162,8921
7926,8851
7946,8860
7726,8821
7520,8776
7326,8708
7127,8659
6925,8572
6850,8400
6784,8270
6713,8114
6686,8028
6700,7794
6666,7599
6764,7438
6868,7294
6991,7105
7049,6922
7181,6863
7315,6764
7667,6742
7887,6678
8105,6630
8359,6618
8603,6617
8499,6637
9219,6703
9476,6757
9894,6864
10297,6999
10515,7119
10795,7280
11031,7441
10808,7559
10986,7779
11467,8004
11369,8147
11464,8293
11461,8496
11345,8646
11273,8749
11332,8931
11231,8988
11185,9511
11105,9764
10733,9478
10648,9861
10450,9897
10106,9836
9820,9805
9503,9873
9174,9708
8799,9560
8354,9060
8134,9055
7867,8897
7701,8935
7365,8720
7252,8627
7148,8559
7021,8370
6924,8297
6843,8201
6797,8066
6737,7937
6745,7737
6722,7550
6863,7537
6949,7355
7050,7150
7240,7034
7378,6860
7538,6783
7799,6562
7984,6502
8260,6462
8533,6467
8831,6478
9054,6541
9400,6638
9683,6677
10423,6849
10998,6999
11684,7157
11835,7316
12376,7548
11912,7733
13136,7963
13313,8138
13768,8326
13809,8488
14056,8595
14180,8838
14363,9157
13810,9326
12938,9383
12707,9569
12448,9650
12339,9718
12198,9784
11694,9749
11381,9850
11300,10033
10754,9984
10255,10019
10234,10353
9733,10336
9155,10424
8765,10399
8442,10251
8104,10168
7788,9972
7498,9259
7354,8985
7225,8763
7103,8580
7009,8412
6996,8207
6967,7992
7087,7864
7217,7713
7506,7623
7643,7322
8007,7090
8301,6922
8700,6826
9028,6702
9342,6591
10013,6603
10497,6599
11043,6635
11427,6686
11513,6750
11917,6925
12098,7104
12344,7279
12868,7521
12599,8268
13334,8071
13454,8531
13726,9000
13560,9321
13713,9560
13694,9856
13761,10160
13756,10444
13494,10807
14196,11833
13695,11769
13729,12332
13172,12595
12247,12064
11807,12328
11434,12401
11080,12474
10692,12273
10207,12304
9841,12221
9436,12169
8959,12082
8644,12349
8197,11939
7856,11535
7548,11411
7249,11179
7130,11149
7026,10540
6869,10097
6777,9750
6780,9255
6825,8824
6938,8523
6924,8171
6981,7851
7396,7577
7627,7414
7439,7210
7077,7048
6671,6868
6446,6806
6307,6754
6231,6755
6194,6804
6188,6873
6172,7024
6152,7227
6158,7413
6147,7658
6151,7925
6147,8172
6151,8496
6145,8764
6153,9064
6145,9352
6133,9777
6131,10021
6140,10229
6143,10742
6122,10890
6123,11218
6124,11297
6140,11541
6129,11739
6134,11858
6126,11993
6131,11870
6134,11808
6123,11493
6117,11257
6122,11180
6119,11065
6119,10791
6118,10603
6126,10439
6118,10169
6128,9962
6120,9578
6122,9249
6116,8919
6126,8707
6123,8427
6120,8191
6126,7931
6122,7673
6122,7413
6108,7215
6113,7033
6115,6890
6114,6737
6114,6656
6111,6577
6112,6584
6117,6445
6107,6357
6109,6253
6107,6190
6104,6150
6108,6147
6108,6115
6105,6118
6118,6117
6108,6114
6110,6116
6105,6123
6103,6111
6113,6127
6096,6123
6117,6129
6107,6103
6107,6109
6110,6099
6098,6086
6114,6083
6114,6087
6108,6075
6108,6076
6105,6071
6110,6074
6105,6077
6107,6068
6115,6074
6105,6071
6099,6074
6111,6073
6106,6063
6113,6070
6104,6061
6103,6076
6118,6071
6116,6068
6104,6074
6105,6067
6106,6063
6103,6064
6110,6063
6105,6058
6108,6079
6115,6046
6104,6063
6108,6056
6114,6064
6110,6063
6111,6065
6111,6064
6108,6047
6107,6056
6099,6066
6108,6066
6120,6071
6118,6058
6102,6053
6117,6056
6112,6060
6115,6063
6116,6060
6119,6065
6116,6060
6115,6055
6104,6057
6115,6064
6102,6062
6106,6060
6111,6055
6102,6054
6102,6057
6113,6061
6111,6043
6111,6046
6110,6052
6108,6048
6115,6062
6112,6041
6109,6058
6119,6053
6111,6058
6113,6053
6106,6043
6113,6054
6109,6057
6112,6046
6111,6040
6121,6052
6106,6046
6113,6050
6107,6051
6117,6055
6108,6055
6107,6066
6112,6036
6120,6055
6121,6047
6103,6050
6106,6058
6118,6052
6104,6056
6098,6105
6116,6061
6110,6055
6111,6056
6106,6058
6106,6060
6116,6056
6099,6051
6100,6064
6092,6060
6101,6060
6110,6068
6114,6042
6111,6051
6104,6061
6094,6060
6106,6055
6110,6049
6114,6049
6105,6058
6107,6054
6101,6061
6103,6061
6101,6071
6106,6016
6106,6049
6112,6054
6114,6064
6117,6059
6108,6058
6108,6057
6099,6057
6113,6045
6115,6051
6098,6059
6108,6064
6103,6056
6107,6054
6105,6046
6110,6043
6104,6054
6100,6044
6105,6061
6119,6064
6110,6050
6105,6061
6104,6055
6103,6060
6103,6061
6110,6058
6108,6060
6099,6060
6102,6056
6102,6041
6110,6063
6111,6054
6099,6053
6114,6051
6112,6041
6099,6049
6104,6063
6097,6054
6106,6065
6103,6061
6101,6051
6103,6044
6113,6062
6128,6044
6138,6073
6222,6138
6205,6118
6075,6097
6098,6060
6118,6079
6110,6059
6104,6064
6093,6057
6103,6049
6107,6060
6101,6058
6098,6056
6114,6056
6101,6057
6098,6056
6102,6052
6097,6034
6097,6068
6103,6050
6111,6048
6114,6056
6103,6051
6102,6049
6113,6046
6099,6048
6093,6061
6108,6053
6092,6048
6096,6049
6095,6056
6099,6055
6094,6063
6110,6046
6097,6040
6098,6057
6090,6058
6103,6048
6098,6053
6094,6063
6099,6054
6104,6049
6100,6069
6099,6057
6104,6050
6111,6059
6102,6038
6106,6061
6096,6047
6099,6048
6105,6053
6102,6044
6095,6064
6098,6059
6100,6062
6096,6056
6097,6052
6110,6063
6096,6063
6092,6066
6104,6058
6099,6060
6101,6056
6091,6064
6090,6055
6100,6041
6098,6049
6105,6061
6098,6057
6092,6053
6105,6063
6101,6059
6103,6052
6108,6053
6106,6053
6102,6056
6105,6052
6104,6061
6106,6056
6104,6048
6105,6051
6095,6054
6103,6051
6111,6058
6108,6041
6104,6067
6097,6064
6103,6046
6100,6056
6111,6058
6101,6054
6098,6071
6099,6060
6104,6058
6106,6060
6102,6059
6109,6064
6109,6059
6105,6052
6104,6057
6102,6048
6104,6047
6112,6060
6102,6063
6109,6060
6108,6057
6099,6066
6111,6063
6102,6049
6111,6053
6117,6050
6107,6066
6123,6048
6108,6059
6110,6055
6111,6051
6108,6061
6103,6055
6110,6059
6117,6048
6101,6060
6106,6040
6106,6050
6096,6053
6106,6055
6106,6042
6099,6063
6106,6049
6105,6063
6107,6054
6114,6057
6103,6050
6103,6055
6108,6060
6098,6041
6094,6057
6101,6060
6108,6061
6102,6062
6093,6056
6109,6053
6120,6053
6105,6063
6098,6047
6110,6040
6110,6042
6110,6057
6100,6056
6103,6053
6112,6048
6102,6058
6111,6058
6103,6059
6103,6065
6093,6042
6109,6046
6109,6044
6105,6051
6103,6055
6107,6055
6100,6054
6106,6045
6105,6050
6102,6045
6100,6046
6101,6034
6113,6051
6106,6071
6107,6037
6106,6049
6098,6063
6102,6051
6099,6050
6096,6059
6100,6039
6113,6055
6104,6050
6106,6057
6102,6059
6103,6055
6112,6053
6113,6035
6110,6066
6096,6054
6105,6052
6103,6057
6107,6050
6111,6064
6116,6060
6109,6053
6111,6061
6101,6056
6106,6055
6111,6058
6106,6060
6111,6052
6114,6055
6111,6060
6109,6054
6117,6050
6110,6061
6106,6056
6117,6050
6112,6053
6122,6048
6114,6050
6119,6063
6117,6056
6111,6063
6117,6061
6113,6060
6115,6032
6112,6046
6110,6052
6119,6051
6113,6050
6124,6041
6109,6048
6107,6066
6118,6058
6106,6028
6114,6053
6106,6056
6112,6061
6110,6060
6108,6052
6110,6052
6106,6052
6098,6061
6109,6047
6114,6035
6113,6063
6111,6048
6103,6056
6122,6047
6104,6053
6112,6038
6122,6052
6116,6057
6104,6065
6107,6064
6111,6053
6115,6048
6106,6045
6115,6053
6109,6052
6115,6048
6108,6058
6105,6059
6114,6029
6108,6048
6105,6049
6121,6045
6113,6049
6112,6051
6107,6051
6106,6053
6112,6057
6119,6057
6114,6058
6111,6056
6110,6036
6112,6053
6117,6063
6105,6060
6112,6054
6119,6053
6105,6035
6307,6325
6090,6071
6166,6080
6233,6155
6161,6107
6043,6130
6093,5998
6112,6054
6090,6025
6075,6015
6100,6050
6113,6065
6123,6053
6112,6050
6114,6060
6129,6036
6114,6069
6109,6053
6113,6056
6120,6050
6122,6054
6121,6060
6112,6058
6123,6051
6123,6061
6114,6063
6121,6054
6103,6055
6122,6049
6126,6065
6115,6068
6118,6055
6118,6064
6118,6048
6119,6046
6111,6050
6117,6060
6118,6047
6125,6052
6119,6059
6119,6060
6123,6063
6130,6068
6118,6056
6110,6061
6124,6071
6125,6064
6119,6061
6114,6057
6120,6059
6118,6061
6123,6049
6117,6065
6113,6060
6112,6057
6122,6048
6105,6068
6116,6063
6116,6063
6122,6064
6117,6058
6111,6063
6116,6062
6116,6057
6111,6059
6101,6063
6109,6033
6115,6046
6111,6051
6118,6057
6109,6060
6108,6062
6115,6056
6122,6049
6114,6063
6108,6068
6113,6061
6112,6060
6121,6057
6120,6060
6120,6060
6114,6068
6119,6058
6111,6054
6120,6062
6118,6057
6122,6060
6117,6061
6117,6063
6119,6063
6113,6060
6120,6063
6117,6056
6116,6056
6119,6052
6122,6061
6115,6068
6113,6056
6127,6063
6117,6068
6117,6065
6119,6056
6119,6056
6117,6061
6113,6056
6115,6050
6120,6058
6116,6047
6126,6060
6117,6041
6112,6056
6114,6061
6115,6058
6118,6044
6118,6066
6115,6060
6116,6055
6115,6063
6118,6056
6117,6063
6120,6058
6107,6054
6120,6053
6113,6061
6113,6061
6117,6064
6112,6058
6112,6063
6112,6063
6117,6055
6119,6055
6116,6056
6115,6064
6120,6061
6115,6065
0,36
0,61680
0,0
6119,6059
5605,5580
5597,5570
5607,5575
5600,5592
5607,5580
5600,5581
5602,5589
5600,5585
5829,5753
6335,6327
6284,6314
6295,6304
6299,6310
6383,6431
6267,6268
6294,6338
6337,6341
6238,6226
6236,6274
6297,6321
6321,6340
6285,6305
6296,6323
6308,6332
6303,6331
6326,6320
6308,6312
6313,6310
6306,6340
6314,6324
6288,6328
6307,6334
6306,6321
6299,6321
6308,6316
6286,6320
6266,6321
6305,6361
6289,6364
6277,6343
6289,6324
6300,6335
6297,6334
6285,6364
6277,6355
6290,6339
6306,6310
6300,6319
6293,6311
6315,6331
6304,6331
6297,6332
6284,6317
6301,6357
6294,6336
6321,6317
6304,6331
6308,6353
6304,6331
6302,6337
6299,6350
6292,6316
6310,6300
6307,6309
6290,6316
6299,6335
6307,6330
6312,6320
6295,6310
6301,6339
6312,6322
6298,6333
6301,6358
6296,6337
6293,6330
6287,6324
6295,6323
6305,6311
6290,6338
6301,6312
6308,6327
6302,6340
6298,6324
6291,6332
6305,6346
6312,6344
6298,6315
6286,6343
6283,6337
6287,6324
6302,6332
6296,6339
6306,6324
6296,6326
6310,6327
6311,6326
6312,6301
6292,6315
6291,6328
6293,6318
6295,6322
6310,6312
6304,6316
6298,6294
6292,6310
6274,6328
6296,6316
6298,6306
6292,6351
6300,6338
6289,6324
6283,6336
6304,6326
6296,6341
6296,6356
6291,6310
6297,6315
6282,6299
6299,6319
6317,6322
6300,6338
6308,6345
6304,6351
6327,6350
6290,6352
6264,6332
6291,6330
6281,6354
6294,6326
6282,6339
6297,6355
6300,6323
6295,6335
6289,6325
6307,6343
6298,6325
6297,6320
6289,6321
6295,6352
6302,6345
6266,6338
6280,6345
6295,6349
6291,6342
6289,6355
6284,6335
6282,6350
6278,6342
6294,6355
6316,6337
6306,6351
6273,6337
6304,6359
6305,6363
6308,6350
6308,6380
6295,6345
6302,6370
6288,6338
6303,6344
6288,6342
6280,6340
6295,6337
6286,6350
6300,6351
6299,6364
6297,6344
6280,6337
6294,6355
6275,6352
6275,6338
6262,6355
6289,6365
6289,6364
6289,6353
6275,6349
6273,6334
6294,6358
6285,6361
6291,6363
6275,6337
6285,6335
6287,6336
6290,6328
6288,6331
6288,6342
6291,6334
6290,6349
6271,6351
6276,6372
6284,6373
6264,6383
6272,6376
6287,6362
6277,6355
6276,6347
6280,6340
6285,6315
6268,6355
6260,6376
6263,6396
6257,6394
6264,6372
6254,6358
6263,6368
6267,6407
6265,6376
6273,6371
6261,6369
6276,6359
6286,6351
6273,6371
6271,6370
6268,6196
6272,6375
6278,6355
6278,6359
6268,6382
6259,6360
6250,6400
6265,6367
6271,6402
6265,6393
6264,6388
6267,6351
6267,6394
6280,6386
6299,6387
6272,6392
6260,6371
6261,6377
6261,6380
6266,6385
6265,6360
6256,6346
6259,6350
6255,6380
6269,6374
6259,6367
6256,6380
6268,6385
6275,6409
6261,6419
6253,6439
6259,6425
6255,6398
6268,6384
6234,6386
6266,6388
6269,6392
6265,6369
6264,6379
6263,6379
6256,6386
6275,6393
6279,6416
6262,6385
6257,6384
6254,6355
6268,6382
6251,6353
6235,6370
6242,6364
6274,6352
6243,6358
6225,6352
6252,6362
6258,6359
6245,6398
6228,6403
6236,6383
6246,6375
6249,6377
6262,6372
6253,6401
6253,6405
6219,6447
6410,6394
6256,6386
6272,6393
6258,6399
6281,6425
6257,6395
6253,6355
6270,6422
6211,6376
6252,6381
6276,6395
6256,6395
6233,6372
6240,6377
6231,6402
6265,6381
6255,6376
6252,6405
6242,6362
6242,6382
6248,6369
6231,6390
6243,6375
6253,6380
6260,6391
6244,6377
6247,6384
6246,6373
6249,6393
6235,6355
6251,6362
6257,6373
6245,6387
6246,6365
6241,6354
6240,6351
6247,6393
6254,6380
6239,6423
6255,6409
6215,6446
6231,6431
6234,6434
6248,6407
6236,6418
6238,6395
6236,6403
6240,6406
6236,6408
6235,6403
6249,6418
6232,6410
6249,6399
6253,6395
6236,6400
6235,6404
6245,6399
6246,6394
6245,6391
6231,6390
6248,6394
6235,6396
6237,6395
6252,6430
6239,6407
6229,6413
6218,6406
6242,6402
6230,6432
6236,6392
6241,6374
6229,6374
6240,6385
6226,6386
6231,6392
6239,6389
6237,6400
6225,6399
6238,6408
6234,6397
6233,6405
6239,6400
6235,6393
6234,6412
6231,6406
6230,6385
6220,6358
6228,6386
6235,6407
6241,6405
6237,6422
6241,6398
6232,6399
6241,6368
6234,6381
6224,6400
6239,6387
6239,6412
6217,6413
6224,6423
6242,6397
6236,6420
6234,6415
6210,6427
6229,6421
6226,6429
6222,6425
6225,6420
6231,6417
6252,6411
6214,6401
6226,6447
6239,6426
6219,6394
6229,6390
6230,6425
6233,6414
6223,6425
6221,6387
6233,6382
6246,6373
6226,6377
6223,6368
6227,6414
6219,6403
6226,6408
6226,6415
6233,6408
6223,6422
6231,6385
6206,6417
6221,6413
6227,6427
6228,6401
6229,6382
6235,6392
6237,6408
6231,6404
6229,6389
6212,6374
6228,6367
6232,6361
6232,6362
6225,6379
6228,6381
6229,6355
6228,6355
6225,6387
6217,6406
6223,6384
6222,6396
6231,6389
6235,6407
6225,6384
6227,6415
6237,6395
6227,6407
6230,6412
6230,6423
6220,6415
6215,6417
6229,6413
6224,6425
6231,6404
6231,6393
6225,6408
6228,6405
6220,6406
6215,6411
6229,6393
6220,6402
6221,6403
6228,6412
6230,6419
6220,6403
6219,6406
6226,6401
6217,6401
6221,6382
6221,6402
6214,6394
6224,6390
6207,6377
6227,6389
6215,6401
6219,6387
6211,6396
6240,6389
6224,6387
6228,6365
6228,6363
6245,6343
6228,6359
6236,6368
6226,6370
6235,6377
6233,6370
6225,6381
6223,6405
6226,6406
6225,6359
6222,6380
6223,6362
6223,6354
6214,6363
6220,6359
6208,6389
6223,6367
6219,6355
6223,6351
6226,6343
6230,6337
6228,6342
6242,6369
6230,6360
6236,6371
6239,6372
6228,6360
6236,6392
6244,6407
6235,6375
6230,6380
6235,6350
6238,6340
6248,6358
6242,6336
6223,6361
6231,6370
6245,6399
6223,6379
6230,6387
6229,6384
6231,6363
6223,6371
6233,6373
6234,6407
6223,6358
6232,6398
6229,6387
6226,6393
6236,6371
6227,6375
6233,6375
6237,6353
6237,6363
6239,6380
6238,6368
6241,6402
6232,6365
6243,6394
6230,6376
6238,6391
6227,6396
6237,6377
6226,6381
6235,6379
6227,6360
6239,6370
6237,6363
6242,6369
6237,6387
6228,6354
6231,6355
6237,6369
6239,6353
6230,6372
6235,6359
6234,6350
6223,6364
6232,6368
6238,6361
6225,6343
6171,6325
6391,6520
6146,6264
6325,6506
6202,6351
6229,6359
6209,6336
6221,6362
6233,6355
6232,6346
6237,6358
6237,6365
6246,6370
6243,6364
6239,6362
6239,6361
6248,6354
6220,6386
6226,6359
6240,6335
6248,6356
6263,6376
6276,6377
6262,6358
6277,6378
6285,6372
6303,6360
6313,6351
6322,6348
6352,6377
6380,6356
6400,6355
6436,6352
6447,6363
6500,6357
6574,6334
6589,6346
6657,6353
6703,6361
6778,6340
6876,6351
6930,6356
7061,6352
7154,6369
7268,6350
7325,6350
7448,6351
7579,6367
7681,6383
7799,6375
7937,6359
8097,6372
8234,6360
8314,6371
8413,6352
8506,6371
8501,6377
8435,6371
8342,6377
8227,6360
8068,6368
7944,6390
7925,6392
7865,6387
7833,6397
7735,6383
7628,6395
7493,6408
7356,6400
7157,6426
7001,6419
6908,6450
6843,6450
6756,6465
6701,6473
6712,6509
6688,6528
6719,6533
6710,6552
6762,6575
6857,6627
6999,6633
7200,6639
7327,6630
7541,6667
7736,6671
7997,6666
8257,6635
8428,6608
8643,6588
8890,6608
9078,6614
9179,6629
9336,6671
9454,6719
9643,6793
9705,6895
9729,7011
9802,7117
9780,7214
9750,7348
9907,7502
9886,7551
9807,7673
9823,7767
9684,7870
9674,7979
9537,8074
9443,8234
9399,8456
9281,8579
9038,8749
8814,8816
8673,8901
8482,8891
8320,8994
8096,9055
7753,9052
7567,8964
7465,8810
7282,8758
7120,8656
7001,8591
6894,8502
6851,8317
6831,8118
6808,7985
6838,7803
6891,7690
6980,7566
7103,7405
7238,7279
7317,7186
7559,7117
7671,6961
7901,6886
8183,6840
8340,6832
8558,6831
8660,6851
8838,6831
9137,6875
9359,6911
9565,6976
9638,7016
9877,7104
10027,7143
10236,7249
10314,7414
10303,7523
10299,7699
10437,7905
10700,8124
10852,8343
10744,8474
10684,8694
10585,9006
10614,8947
10615,9030
10614,9231
10472,9118
10256,9243
9998,9303
9737,9394
9442,9348
9216,9245
8845,9094
8671,9208
8278,8989
8046,8909
7806,8946
7570,8851
7377,8689
7196,8615
7009,8595
6890,8430
6794,8204
6733,8098
6688,7952
6738,7831
6821,7728
6922,7544
7033,7395
7238,7250
7406,7112
7629,6990
7867,6919
8161,6876
8390,6801
8663,6789
8897,6773
9153,6787
9483,6776
9821,6825
10049,6919
10306,6927
10539,7009
10840,7144
10974,7261
11033,7429
11014,7611
10998,7784
10897,8012
10915,8291
10957,8462
11045,8707
10997,8922
10784,9196
10734,9335
10527,9527
10307,9649
10152,9832
10176,10006
9950,10268
9668,10428
9471,10428
9285,10447
8983,10391
8783,10472
8528,10433
8313,10232
7955,9973
7704,9798
7505,9715
7349,9584
7171,9346
6972,9120
6830,8873
6748,8517
6665,8242
6631,8072
6639,7875
6668,7692
6713,7421
6823,7296
6944,7149
7137,7008
7349,6917
7613,6814
7859,6754
8150,6667
8474,6648
8779,6691
9032,6707
9334,6744
9638,6844
9785,6961
10038,7031
10230,7137
10490,7244
10674,7413
10872,7584
10934,7751
10919,7862
10936,8066
10935,8206
10984,8468
10965,8737
10717,9004
10567,9222
10439,9430
10237,9641
10131,9891
9956,10113
9779,10284
9389,10318
9064,10297
8962,10441
8895,10449
8545,10432
8403,10557
8231,10674
7934,10626
7751,10452
7547,10349
7356,10069
7233,9877
7071,9708
6903,9519
6779,9273
6676,8932
6636,8667
6608,8478
6576,8233
6570,8007
6608,7788
6656,7572
6747,7346
6859,7088
6987,6940
7166,6848
7256,6727
7473,6652
7657,6588
7881,6530
8073,6516
8318,6537
8508,6551
8676,6622
8883,6674
9046,6736
9154,6841
9345,6906
9374,7023
9437,7149
9545,7298
9677,7378
9696,7554
9767,7705
9663,7874
9697,8039
9616,8207
9623,8363
9650,8442
9539,8545
9496,8683
9270,8768
9180,8862
9081,8990
8886,9092
8815,9135
8649,9063
8471,9098
8258,8964
8078,8942
7918,8894
7718,8773
7542,8669
7368,8573
7161,8489
7030,8350
6902,8227
6793,8040
6707,7839
6650,7692
6577,7522
6575,7357
6616,7208
6633,7094
6756,6951
6835,6814
6927,6731
7046,6657
7206,6574
7428,6534
7642,6474
7867,6465
8053,6484
8210,6482
8390,6498
8682,6537
8921,6629
9163,6684
9383,6786
9473,6881
9528,6983
9678,7103
9874,7231
9991,7361
10134,7479
10204,7619
10144,7730
10137,7934
10229,8053
10101,8159
10148,8349
10016,8492
9809,8618
9666,8796
9417,8824
9303,8912
9185,9032
8983,9158
8708,9226
8455,9206
8167,9166
7913,9219
7695,9184
7526,9113
7286,9022
7104,8967
6949,8883
6782,8708
6686,8539
6587,8345
6532,8202
6523,8080
6505,7859
6552,7735
6623,7578
6687,7381
6783,7231
6892,7084
6991,6972
7143,6872
7265,6734
7443,6645
7618,6618
7870,6578
8085,6541
8340,6553
8499,6585
8642,6595
8880,6671
9010,6768
9223,6825
9418,6911
9552,7017
9709,7178
9986,7350
10138,7498
10115,7645
10308,7935
10358,8092
10449,8246
10455,8431
10531,8693
10429,8829
10417,8943
10159,9031
9965,9087
9905,9123
9644,9131
9483,9213
9265,9101
9112,9216
8848,9214
8543,9041
8305,8933
8084,8931
7812,8788
7585,8647
7339,8548
7180,8414
7017,8267
6849,8119
6725,8041
6659,7944
6594,7845
6544,7645
6542,7513
6552,7377
6579,7193
6639,7086
6697,7016
6810,6886
6899,6738
7031,6669
7197,6585
7335,6539
7541,6475
7750,6433
7893,6417
8024,6443
8238,6446
8395,6511
8631,6591
8813,6706
8983,6794
9185,6939
9337,7101
9473,7224
9561,7348
9682,7525
9970,7739
10170,7869
10018,8040
10096,8262
10119,8384
10244,8545
9971,8594
9951,8692
9838,8864
9714,8833
9589,8995
9467,8993
9313,9036
9125,9008
8846,8999
8592,8962
8407,8956
8171,8939
7955,8773
7783,8686
7584,8618
7432,8492
7255,8316
7106,8165
6945,7924
6915,7824
6837,7761
6792,7622
6838,7506
6822,7344
6859,7204
6872,7103
6893,7014
6942,6917
7070,6835
7211,6755
7282,6717
7407,6629
7611,6566
7830,6549
7988,6521
8267,6521
8463,6541
8730,6573
8925,6627
9197,6702
9432,6789
9725,6888
9989,7033
10182,7165
10298,7281
10542,7401
10672,7520
10956,7773
11039,7934
11005,8052
11039,8246
11029,8428
11042,8573
10987,8629
10751,8770
10567,8925
10302,8875
9943,8928
9657,8927
9563,8943
9459,9062
9228,9093
8791,9051
8583,8967
8219,8839
7754,8623
7980,8878
7746,8814
7478,8547
7501,8606
7307,8506
7167,8401
7092,8294
6951,8172
6867,8040
6752,7872
6696,7744
6673,7527
6701,7391
6769,7244
6877,7178
6977,7051
7092,6976
7195,6906
7256,6776
7360,6686
7426,6615
7559,6585
7760,6555
7926,6560
8106,6584
8231,6668
8371,6736
8583,6843
8699,6998
8723,7079
8896,7235
8928,7358
8872,7551
8972,7665
9012,7810
9075,7936
9123,8120
9167,8259
8987,8340
9068,8437
9070,8555
8973,8583
8956,8607
8866,8720
8779,8876
8742,8918
8614,8869
8475,8962
8301,9018
8117,8874
7945,8866
7781,8865
7641,8591
7532,8599
7363,8478
7209,8465
7000,8306
6918,8080
6795,7999
6719,7907
6650,7683
6595,7566
6600,7419
6628,7291
6630,7137
6721,7055
6859,6992
6945,6891
7104,6806
7308,6726
7416,6643
7640,6582
7825,6548
8112,6527
8288,6524
8557,6525
8857,6534
8979,6545
9064,6594
9432,6618
9464,6691
9524,6730
9766,6789
9797,6884
9915,7016
10034,7149
10132,7250
10203,7415
10244,7628
10241,7797
9963,7907
9838,8007
9699,8184
9564,8380
9402,8473
9217,8497
9158,8749
9008,8830
8798,8829
8532,8936
8386,9034
8248,9066
7948,8813
7834,8857
7726,8925
7518,8881
7388,8903
7267,8942
7143,8810
7038,8638
6942,8495
6832,8388
6753,8270
6716,8062
6671,7821
6642,7638
6651,7464
6671,7305
6691,7182
6738,6998
6821,6862
6906,6759
7046,6654
7154,6559
7384,6509
7574,6469
7727,6442
7909,6441
8153,6481
8270,6514
8547,6573
8900,6618
9009,6708
9330,6782
9548,6899
9698,7013
9827,7119
10008,7226
10090,7295
10262,7400
10585,7576
10559,7676
10485,7725
10512,7840
10578,8058
10436,8183
10538,8275
10448,8430
10219,8496
10073,8594
9914,8666
9857,8794
9574,8834
9284,8834
8952,8960
8662,8974
8388,8915
8150,8886
7918,8799
7740,8782
7511,8720
7322,8720
7114,8660
6935,8536
6845,8408
6734,8226
6683,8119
6676,7967
6688,7775
6713,7589
6784,7441
6835,7296
6950,7128
7091,7019
7175,6871
7357,6828
7575,6733
7780,6661
7896,6617
8175,6598
8477,6596
8620,6634
8891,6679
9161,6727
9530,6834
9854,6944
10139,7080
10352,7237
10674,7361
11005,7601
11172,7799
11607,8060
11605,8205
11829,8409
11619,8595
11759,8795
11515,8898
11469,9106
11352,9219
11176,9459
11018,9544
10770,9539
10419,9592
10229,9655
9967,9533
9671,9517
9403,9568
9106,9531
8784,9417
8601,9404
8343,9345
8137,9245
7936,9215
7599,9062
7476,8897
7310,8828
7202,8696
7042,8541
6953,8474
6848,8280
6795,8139
6777,7895
6775,7722
6784,7487
6871,7334
6999,7181
7126,7040
7267,6885
7436,6743
7712,6648
7967,6589
8295,6536
8583,6511
8939,6519
9182,6577
9526,6623
9991,6691
10510,6802
10878,6969
11055,7115
11573,7284
11861,7487
12311,7689
12765,7907
12793,8012
12923,8210
13315,8391
13410,8498
13627,8702
13691,9000
13809,9194
13660,9438
13311,9688
13279,9805
13027,9888
12820,9954
12369,10048
11789,9978
11511,10106
10985,10118
10514,10138
10163,10128
9694,10056
9178,10119
8779,10132
8429,9984
8195,9769
7868,9591
7758,9533
7528,9342
7259,9118
7139,8961
7018,8719
7003,8454
7013,8217
7107,8099
7219,7944
7430,7690
7663,7480
8037,7208
8340,7001
8747,6900
9092,6761
9425,6662
9759,6588
10210,6551
10778,6564
11311,6614
11740,6717
12295,6916
12577,7134
12939,7344
13336,7535
13569,7810
13751,8179
13868,8583
14084,9003
13972,9410
14135,9745
14107,9969
14290,10322
14189,10529
14081,10901
13900,11367
13605,11533
13380,11869
13027,12142
12736,12373
12241,12780
11731,12694
11461,12977
11071,12935
10477,12721
10103,12655
9681,12500
9240,12384
8811,12418
8330,12126
8025,11770
7699,11584
7400,11385
7151,10968
7027,10405
6847,10036
6790,9688
6756,9316
6779,8990
6862,8655
6879,8349
6959,8072
7323,7732
7571,7532
7355,7264
7030,7063
6686,6926
6425,6828
6310,6760
6233,6731
6212,6749
6180,6845
6163,6943
6148,7144
6150,7366
6154,7501
6154,7740
6141,8030
6160,8345
6153,8672
6156,8895
6144,9182
6131,9635
6133,9798
6141,10013
6135,10528
6120,10835
6120,10894
6123,11018
6131,11226
6131,11443
6131,11608
6115,11731
6118,11603
6128,11573
6124,11379
6118,11175
6131,11065
6125,10857
6126,10624
6124,10607
6126,10373
6121,10148
6122,9913
6120,9570
6111,9310
6114,8985
6129,8689
6129,8462
6119,8259
6119,7983
6117,7739
6122,7481
6110,7260
6121,7073
6114,6939
6113,6789
6110,6703
6110,6641
6116,6586
6116,6447
6101,6328
6112,6230
6104,6184
6110,6145
6109,6155
6112,6122
6107,6126
6116,6126
6105,6127
6103,6120
6103,6120
6099,6110
6111,6117
6102,6112
6107,6112
6100,6114
6119,6110
6118,6093
6103,6086
6109,6077
6108,6079
6106,6086
6103,6072
6104,6068
6108,6091
6098,6067
6104,6077
6108,6078
6108,6076
6098,6069
6107,6063
6102,6053
6105,6068
6104,6064
6106,6079
6107,6057
6107,6072
6105,6051
6108,6066
6101,6063
6105,6058
6100,6064
6108,6070
6101,6068
6112,6054
6105,6071
6112,6066
6110,6056
6103,6068
6105,6051
6120,6062
6109,6064
6108,6064
6106,6054
6112,6063
6123,6067
6115,6055
6104,6057
6121,6062
6113,6051
6105,6060
6114,6058
6111,6061
6115,6049
6115,6056
6106,6058
6109,6059
6105,6061
6104,6062
6115,6049
6098,6052
6095,6050
6107,6049
6105,6047
6110,6045
6105,6042
6109,6047
6118,6060
6117,6043
6123,6067
6116,6046
6099,6060
6107,6056
6105,6049
6112,6066
6105,6049
6116,6046
6117,6046
6122,6062
6107,6049
6114,6052
6108,6046
6098,6050
6110,6044
6111,6063
6106,6043
6114,6053
6114,6052
6105,6041
6110,6045
6115,6045
6101,6036
6104,6048
6110,6058
6115,6047
6103,6051
6100,6043
6102,6055
6103,6058
6109,6036
6107,6055
6106,6027
6106,6040
6112,6065
6113,6056
6108,6051
6105,6045
6097,6058
6097,6057
6104,6064
6116,6054
6102,6064
6095,6062
6098,6046
6101,6052
6108,6054
6110,6053
6097,6051
6108,6043
6113,6062
6106,6066
6105,6055
6113,6049
6102,6053
6114,6066
6106,6051
6105,6052
6103,6060
6116,6074
6116,6054
6110,6041
6103,6046
6105,6061
6091,6002
6311,6144
6125,6048
6191,6178
6157,6114
6193,6139
6118,6074
6138,6082
6119,6061
6115,6057
6092,6060
6095,6053
6094,6045
6117,6062
6101,6053
6096,6051
6106,6056
6101,6043
6105,6055
6102,6050
6094,6058
6106,6044
6102,6069
6105,6049
6096,6060
6112,6047
6102,6041
6105,6052
6115,6041
6116,6055
6103,6055
6102,6044
6105,6041
6101,6052
6095,6063
6101,6049
6102,6053
6098,6059
6100,6044
6101,6048
6107,6062
6109,6051
6099,6047
6103,6057
6103,6041
6099,6037
6100,6050
6110,6051
6116,6051
6098,6036
6096,6050
6108,6063
6097,6049
6106,6052
6111,6053
6109,6042
6096,6032
6099,6041
6094,6047
6096,6052
6109,6051
6101,6059
6093,6031
6101,6055
6104,6051
6096,6055
6095,6050
6105,6030
6096,6047
6102,6043
6093,6048
6102,6050
6109,6049
6101,6046
6104,6061
6096,6046
6105,6048
6096,6046
6103,6032
6093,6037
6097,6050
6103,6048
6086,6075
6099,6048
6102,6060
6096,6040
6096,6048
6095,6055
6094,6045
6102,6047
6102,6057
6097,6049
6111,6054
6098,6057
6112,6042
6098,6050
6091,6056
6098,6058
6103,6035
6094,6046
6106,6057
6111,6059
6103,6058
6093,6063
6099,6051
6105,6057
6106,6054
6108,6038
6099,6049
6096,6048
6105,6058
6098,6058
6109,6056
6100,6049
6100,6054
6110,6055
6105,6057
6115,6049
6103,6064
6100,6063
6099,6053
6106,6064
6104,6048
6108,6048
6099,6060
6105,6047
6103,6051
6097,6040
6104,6050
6101,6064
6104,6053
6108,6064
6107,6065
6107,6051
6109,6058
6110,6059
6112,6034
6114,6054
6111,6053
6122,6058
6092,6055
6115,6048
6114,6053
6104,6049
6104,6051
6110,6063
6114,6052
6111,6046
6102,6065
6114,6052
6110,6049
6110,6052
6112,6050
6097,6056
6111,6043
6106,6062
6095,6055
6117,6048
6096,6056
6103,6057
6105,6057
6105,6045
6103,6042
6105,6047
6114,6048
6111,6044
6098,6049
6110,6053
6114,6055
6106,6056
6096,6051
6110,6046
6101,6049
6109,6047
6099,6056
6099,6055
6108,6052
6101,6052
6101,6051
6102,6063
6108,6055
6098,6047
6102,6046
6097,6047
6103,6053
6103,6063
6110,6058
6096,6048
6102,6054
6112,6058
6107,6056
6103,6051
6103,6047
6095,6038
6098,6060
6095,6065
6103,6039
6105,6053
6104,6050
6106,6031
6106,6044
6095,6055
6108,6045
6105,6053
6112,6051
6095,6056
6098,6061
6116,6058
6112,6048
6111,6068
6099,6048
6104,6057
6107,6047
6110,6045
6109,6059
6118,6047
6099,6059
6110,6047
6113,6058
6117,6033
6112,6051
6108,6049
6098,6050
6117,6049
6107,6045
6112,6058
6114,6049
6113,6043
6110,6065
6117,6060
6113,6061
6122,6046
6113,6062
6112,6062
6120,6060
6115,6051
6107,6058
6107,6060
6118,6036
6112,6055
6116,6041
6118,6048
6113,6059
6118,6055
6108,6050
6119,6059
6111,6058
6104,6041
6114,6055
6104,6053
6106,6057
6113,6061
6109,6050
6106,6055
6105,6045
6111,6046
6109,6047
6106,6054
6109,6049
6113,6053
6108,6052
6110,6057
6094,6053
6111,6054
6116,6059
6115,6040
6109,6045
6107,6055
6105,6063
6109,6060
6048,5967
6162,6134
6087,6044
6185,6089
6137,6075
6112,6083
6103,6038
6098,6057
6110,6038
6120,6065
6116,6048
6120,6055
6107,6055
6112,6044
6115,6036
6118,6052
6106,6052
6116,6057
6110,6050
6115,6052
6112,6042
6103,6050
6103,6054
6116,6051
6095,6047
6115,6042
6105,6060
6112,6058
6110,6047
6115,6054
6105,6050
6115,6049
6118,6056
6111,6054
6107,6056
6104,6048
6116,6054
6118,6052
6114,6051
6107,6060
6112,6056
6114,6051
6108,6063
6111,6055
6110,6044
6111,6054
6117,6053
6104,6056
6112,6061
6116,6055
6113,6064
6114,6055
6102,6042
6114,6048
6123,6060
6109,6054
6112,6060
6112,6049
6116,6049
6117,6050
6113,6057
6125,6040
6113,6057
6120,6066
6109,6055
6113,6045
6113,6065
6118,6063
6119,6055
6101,6061
6120,6059
6131,6085
6114,6045
6116,6057
6119,6056
6119,6059
6121,6068
6114,6069
6121,6062
6118,6062
6112,6060
6123,6057
6123,6057
6128,6067
6112,6050
6110,6055
6120,6056
6116,6063
6114,6063
6113,6053
6117,6060
6115,6061
6116,6055
6111,6065
6118,6067
6110,6058
6118,6050
6111,6059
6121,6055
6119,6051
6114,6065
6124,6063
6105,6054
6114,6062
6114,6062
6121,6056
6119,6049
6103,6039
6119,6055
6122,6062
6120,6049
6116,6055
6118,6044
6118,6057
6120,6057
6116,6054
6114,6064
6120,6054
6117,6050
6115,6049
6120,6061
6112,6058
6114,6055
6119,6057
6116,6065
6115,6057
6115,6057
6116,6060
6119,6062
6112,6055
6116,6061
6113,6051
6114,6067
6117,6063
6115,6064
6122,6055
6116,6048
6116,6053
6115,6062
6117,6057
6110,6045
6119,6055
6112,6057
6118,6066
6106,6062
6110,6061
6119,6057
6113,6057
6113,6057
6113,6064
6112,6065
6119,6057
6114,6053
6111,6061
6118,6060
6119,6059
6117,6055
6113,6063
6120,6056
6120,6068
0,36
0,61680
0,0
6122,6064
5603,5579
5596,5590
5602,5568
5604,5586
5602,5586
5604,5573
5604,5570
5603,5581
5824,5749
6334,6322
6276,6305
6288,6295
6290,6288
6293,6288
6313,6314
6302,6318
6293,6310
6290,6310
6289,6301
6298,6313
6302,6322
6279,6323
6297,6326
6302,6317
6303,6311
6297,6332
6297,6317
6297,6322
6299,6320
6295,6312
6306,6307
6294,6313
6303,6321
6290,6334
6296,6307
6303,6314
6300,6308
6305,6319
6307,6330
6282,6310
6284,6298
6294,6332
6297,6326
6295,6335
6293,6328
6299,6326
6305,6318
6305,6306
6303,6313
6309,6320
6298,6314
6286,6321
6295,6314
6293,6328
6304,6314
6305,6307
6311,6321
6327,6328
6292,6340
6305,6326
6304,6323
6304,6318
6296,6344
6290,6303
6304,6324
6305,6337
6300,6327
6303,6319
6308,6324
6302,6331
6311,6328
6299,6329
6296,6323
6297,6333
6299,6305
6306,6303
6293,6332
6300,6310
6289,6327
6306,6319
6318,6326
6302,6316
6307,6322
6288,6321
6298,6324
6307,6348
6301,6331
6288,6336
6296,6320
6296,6299
6304,6322
6279,6311
6289,6321
6297,6340
6300,6332
6302,6327
6288,6325
6302,6329
6299,6324
6301,6316
6292,6312
6287,6317
6308,6319
6294,6331
6290,6296
6274,6320
6279,6319
6293,6313
6305,6347
6301,6334
6284,6316
6280,6344
6277,6338
6284,6340
6280,6340
6290,6332
6301,6345
6289,6320
6290,6320
6300,6330
6295,6327
6304,6335
6299,6337
6319,6329
6285,6343
6284,6306
6297,6329
6267,6336
6287,6327
6280,6335
6298,6332
6310,6333
6289,6330
6291,6332
6295,6322
6291,6336
6290,6329
6299,6326
6288,6336
6299,6327
6279,6322
6276,6363
6295,6329
6296,6333
6291,6330
6295,6331
6288,6352
6278,6338
6290,6340
6291,6337
6291,6334
6270,6352
6292,6344
6297,6337
6294,6350
6298,6368
6287,6355
6289,6344
6283,6340
6278,6344
6287,6341
6273,6340
6289,6338
6276,6354
6273,6344
6279,6353
6291,6354
6287,6338
6291,6351
6289,6351
6279,6343
6279,6356
6273,6353
6287,6360
6290,6352
6263,6338
6276,6346
6281,6345
6293,6358
6285,6337
6287,6353
6274,6344
6282,6352
6274,6350
6284,6343
6284,6351
6293,6347
6307,6344
6274,6358
6275,6362
6299,6363
6293,6377
6280,6346
6274,6358
6271,6340
6271,6354
6292,6353
6289,6373
6260,6367
6273,6354
6274,6393
6259,6368
6265,6350
6289,6360
6283,6362
6267,6375
6268,6366
6273,6360
6262,6346
6274,6367
6271,6347
6275,6356
6281,6360
6284,6367
6289,6371
6279,6343
6272,6380
6273,6374
6266,6359
6264,6373
6269,6382
6274,6368
6271,6371
6258,6369
6256,6369
6256,6375
6263,6370
6286,6376
6268,6373
6263,6382
6256,6374
6264,6370
6267,6379
6257,6365
6258,6379
6262,6358
6265,6388
6265,6365
6250,6366
6260,6376
6263,6403
6262,6383
6256,6379
6263,6403
6266,6398
6259,6372
6256,6384
6232,6387
6280,6380
6277,6375
6257,6375
6270,6387
6276,6375
6260,6392
6277,6387
6263,6391
6333,6443
6250,6344
6221,6354
6184,6302
6225,6321
6228,6364
6261,6362
6252,6353
6246,6358
6225,6324
6261,6383
6262,6360
6242,6367
6234,6390
6243,6369
6245,6383
6253,6370
6259,6370
6264,6398
6248,6394
6260,6393
6255,6414
6250,6393
6263,6390
6244,6380
6266,6397
6253,6378
6255,6364
6241,6395
6253,6391
6252,6374
6262,6379
6269,6384
6250,6386
6243,6385
6237,6387
6253,6385
6249,6356
6246,6388
6251,6384
6251,6390
6245,6372
6249,6375
6236,6375
6241,6379
6255,6387
6244,6393
6259,6393
6243,6366
6229,6370
6239,6365
6239,6370
6256,6371
6243,6367
6242,6362
6227,6358
6240,6363
6261,6375
6255,6389
6247,6422
6231,6411
6236,6413
6249,6395
6233,6439
6253,6405
6241,6406
6239,6392
6238,6401
6239,6400
6239,6396
6237,6397
6246,6413
6248,6408
6236,6421
6249,6401
6235,6393
6238,6395
6240,6400
6244,6392
6240,6386
6257,6402
6260,6386
6256,6403
6248,6392
6258,6405
6241,6404
6241,6406
6210,6430
6225,6400
6239,6399
6237,6409
6243,6384
6236,6362
6233,6371
6233,6390
6228,6359
6242,6381
6223,6398
6232,6389
6234,6397
6242,6426
6240,6401
6238,6412
6231,6399
6248,6404
6223,6399
6238,6387
6229,6375
6228,6400
6235,6398
6251,6418
6240,6414
6231,6395
6223,6375
6239,6404
6249,6387
6221,6413
6234,6424
6239,6407
6230,6420
6230,6402
6237,6412
6234,6423
6236,6416
6228,6424
6229,6439
6223,6415
6220,6424
6229,6419
6225,6409
6234,6399
6225,6419
6222,6424
6231,6405
6225,6390
6231,6379
6221,6417
6239,6414
6227,6417
6237,6386
6237,6391
6233,6394
6230,6394
6230,6393
6228,6403
6219,6399
6222,6421
6232,6403
6235,6414
6222,6400
6226,6389
6226,6399
6218,6403
6233,6404
6231,6407
6220,6400
6233,6390
6234,6399
6223,6395
6223,6391
6221,6369
6225,6355
6224,6377
6239,6384
6229,6373
6220,6364
6228,6342
6226,6366
6236,6372
6234,6376
6234,6392
6226,6393
6230,6390
6228,6406
6224,6389
6242,6401
6240,6403
6230,6411
6226,6398
6237,6418
6226,6404
6219,6414
6230,6417
6219,6416
6233,6417
6220,6419
6216,6389
6232,6397
6231,6400
6224,6374
6228,6415
6209,6378
6216,6412
6223,6416
6225,6403
6230,6409
6229,6395
6234,6398
6223,6380
6225,6398
6230,6378
6221,6375
6228,6387
6221,6375
6223,6369
6223,6391
6227,6364
6218,6376
6223,6348
6226,6360
6223,6367
6226,6358
6229,6355
6217,6361
6228,6376
6219,6378
6231,6385
6236,6405
6226,6400
6225,6401
6220,6399
6228,6390
6205,6381
6212,6357
6219,6360
6216,6354
6227,6394
6212,6391
6235,6378
6212,6380
6225,6393
6229,6368
6230,6368
6231,6364
6240,6382
6234,6360
6234,6388
6233,6395
6233,6368
6216,6393
6262,6398
6220,6372
6224,6392
6214,6369
6243,6366
6239,6379
6229,6343
6220,6364
6226,6355
6226,6384
6224,6382
6224,6394
6235,6367
6236,6375
6228,6359
6222,6387
6237,6365
6218,6386
6225,6403
6217,6372
6229,6376
6220,6369
6224,6362
6241,6373
6242,6365
6231,6354
6243,6360
6259,6457
6319,6379
6160,6340
6288,6441
6234,6397
6190,6367
6216,6366
6227,6390
6233,6362
6229,6382
6227,6371
6243,6344
6235,6372
6223,6394
6238,6385
6220,6378
6235,6360
6239,6349
6250,6370
6239,6348
6238,6336
6234,6353
6235,6345
6230,6356
6234,6351
6225,6350
6240,6356
6229,6350
6232,6356
6233,6387
6238,6385
6242,6347
6232,6390
6239,6372
6228,6358
6239,6350
6228,6377
6230,6370
6248,6384
6247,6347
6233,6347
6241,6360
6242,6365
6238,6388
6232,6359
6234,6368
6253,6354
6261,6377
6264,6368
6271,6352
6268,6367
6275,6356
6293,6362
6312,6335
6335,6349
6348,6369
6383,6366
6402,6364
6430,6356
6474,6355
6502,6371
6563,6356
6588,6351
6646,6351
6722,6349
6805,6344
6873,6344
6943,6366
7041,6350
7185,6364
7244,6365
7337,6360
7446,6361
7565,6357
7714,6390
7809,6392
8002,6392
8111,6371
8241,6358
8368,6375
8361,6361
8456,6348
8450,6376
8459,6369
8307,6385
8175,6370
8132,6384
7986,6374
7953,6389
7852,6399
7800,6410
7685,6392
7581,6381
7445,6413
7336,6411
7166,6412
7005,6429
6940,6462
6823,6465
6794,6467
6706,6481
6719,6529
6704,6522
6705,6525
6725,6554
6748,6586
6836,6628
7003,6629
7155,6638
7342,6629
7518,6645
7732,6654
7993,6664
8244,6631
8431,6611
8610,6614
8917,6641
9074,6624
9233,6642
9356,6682
9467,6722
9651,6807
9746,6919
9836,7015
9866,7102
9801,7214
9748,7345
9922,7467
9850,7552
9880,7660
9845,7758
9717,7874
9603,7967
9532,8064
9428,8263
9397,8418
9299,8590
9068,8740
8824,8794
8740,8901
8499,8933
8280,8963
8009,9013
7758,9080
7540,9003
7425,8857
7280,8753
7110,8679
7020,8588
6908,8476
6847,8323
6832,8150
6824,7966
6839,7833
6863,7673
6981,7531
7099,7405
7240,7285
7333,7159
7457,7093
7716,7007
7898,6858
8101,6822
8342,6798
8531,6816
8604,6818
8818,6816
9053,6846
9272,6884
9453,6948
9673,7041
9878,7079
10139,7150
10211,7284
10329,7423
10285,7530
10213,7653
10452,7937
10628,8083
10797,8250
10796,8440
10684,8660
10548,8825
10580,8971
10621,9151
10626,9263
10509,9250
10282,9273
9942,9418
9823,9478
9544,9603
9222,9451
8922,9216
8628,9083
8333,9111
8084,8995
7822,8958
7610,8796
7343,8670
7153,8620
7008,8535
6890,8330
6795,8223
6733,8017
6722,7965
6714,7893
6837,7751
6946,7617
7031,7411
7222,7279
7420,7151
7642,7016
7917,6933
8193,6847
8434,6811
8664,6738
8915,6746
9135,6767
9505,6805
9841,6817
10023,6864
10335,6976
10588,7047
10909,7100
11021,7284
10972,7388
11053,7631
10931,7794
10834,7983
10888,8276
10995,8531
11090,8719
11054,8962
10754,9128
10745,9353
10541,9537
10276,9630
10170,9806
10177,10046
9968,10263
9689,10385
9466,10402
9255,10419
9035,10384
8779,10469
8495,10495
8290,10152
7995,9957
7699,9741
7541,9736
7344,9606
7183,9356
6986,9109
6824,8856
6739,8524
6658,8251
6633,8075
6667,7873
6661,7676
6735,7461
6822,7285
6965,7112
7132,7007
7339,6914
7627,6780
7910,6746
8206,6695
8196,6250
8755,6670
9055,6696
9465,6887
9677,6845
9996,7060
9887,7037
10181,7164
10447,7261
10673,7383
10796,7555
10814,7754
10901,7885
10926,8072
11048,8207
10959,8464
10852,8689
10633,8937
10654,9221
10483,9436
10263,9644
9988,9839
9782,10084
9631,10231
9428,10317
9264,10431
9012,10483
8745,10428
8599,10506
8371,10537
8194,10710
7949,10615
7799,10530
7594,10383
7357,10110
7224,9828
7067,9650
6921,9497
6775,9191
6689,8915
6638,8624
6588,8447
6586,8144
6580,7963
6615,7776
6682,7558
6749,7331
6840,7064
6999,6933
7151,6837
7328,6733
7477,6646
7656,6589
7902,6551
8102,6531
8308,6516
8476,6572
8634,6638
8873,6659
8962,6737
9110,6839
9287,6913
9412,7014
9464,7152
9513,7314
9667,7425
9733,7523
9727,7715
9660,7807
9612,8010
9630,8139
9575,8221
9532,8410
9529,8516
9417,8641
9287,8789
9181,8866
9064,8958
8903,9030
8757,9060
8664,9080
8443,9037
8259,8982
8038,8943
7880,8859
7709,8795
7542,8670
7322,8578
7175,8490
7013,8405
6896,8218
6816,8094
6711,7857
6646,7688
6587,7498
6565,7362
6614,7190
6654,7072
6743,6956
6818,6881
6939,6714
7076,6678
7216,6587
7415,6524
7608,6486
7805,6459
8038,6468
8267,6454
8396,6511
8664,6544
8916,6601
9136,6691
9291,6765
9452,6893
9550,6980
9723,7082
9889,7209
10011,7364
10120,7459
10185,7615
10114,7752
10122,7911
10201,8030
10098,8121
10063,8270
9994,8520
9772,8617
9568,8751
9411,8811
9299,8915
9151,9002
8948,9117
8646,9213
8379,9240
8208,9215
7952,9130
7692,9184
7496,9090
7257,8958
7088,8952
6909,8847
6739,8702
6659,8519
6569,8368
6514,8205
6511,8061
6506,7873
6564,7715
6618,7550
6653,7377
6773,7243
6872,7070
6982,6980
7138,6839
7270,6777
7420,6658
7614,6618
7860,6592
8048,6533
8338,6551
8473,6549
8632,6597
8815,6646
8999,6757
9221,6839
9431,6891
9505,7035
9723,7184
9997,7377
10121,7503
10183,7669
10290,7849
10470,8076
10400,8244
10447,8394
10429,8634
10435,8762
10406,8882
10195,9084
9937,9045
9893,9068
9624,9023
9441,9066
9277,9101
9115,9157
8841,9135
8554,9047
8326,8924
8070,8887
7810,8723
7603,8654
7349,8557
7159,8440
6998,8266
6847,8108
6741,8002
6641,7903
6593,7811
6564,7644
6525,7504
6560,7357
6577,7204
6625,7087
6710,7031
6791,6871
6917,6762
7040,6669
7187,6611
7334,6523
7479,6471
7723,6442
7907,6427
8062,6415
8158,6448
8314,6526
8457,6590
8736,6665
8976,6793
9206,6951
9241,7074
9479,7241
9672,7348
9736,7493
9994,7680
10211,7869
10154,8019
10185,8250
10098,8333
10135,8491
10059,8615
9951,8688
9859,8861
9759,8890
9700,8932
9486,8944
9311,9030
9142,9019
8907,8966
8538,8994
8443,9030
8252,8961
7978,8840
7791,8677
7571,8560
7425,8555
7280,8382
7100,8191
7005,8044
6896,7924
6854,7799
6790,7709
6823,7528
6838,7361
6831,7214
6851,7087
6895,6988
6972,6900
7072,6840
7199,6774
7279,6716
7419,6620
7611,6570
7808,6556
8015,6529
8265,6519
8493,6534
8758,6562
9010,6651
9239,6763
9546,6768
9784,6982
9931,6992
10075,7123
10282,7247
10450,7355
10685,7567
10895,7748
11031,7879
10920,8036
11021,8231
11151,8420
11070,8543
11008,8633
10831,8808
10556,8872
10263,8900
10047,8994
9688,8936
9552,8999
9360,8983
9187,9015
8881,9105
8629,9011
8306,8982
7993,8853
7817,8829
7674,8653
7561,8560
7387,8555
7281,8477
7198,8395
7074,8265
6937,8176
6829,8012
6779,7870
6689,7702
6659,7545
6682,7369
6781,7242
6875,7183
6972,7044
7097,6938
7187,6851
7240,6751
7362,6683
7428,6601
7544,6565
7760,6544
7867,6543
8057,6604
8181,6661
8367,6759
8606,6830
8747,6987
8680,7104
8773,7170
8862,7330
8885,7528
8981,7691
9098,7819
9129,7966
9114,8140
9106,8239
9016,8331
9119,8431
9049,8521
8989,8584
8956,8582
8821,8648
8685,8788
8673,8850
8598,8854
8434,8883
8249,8932
8056,8857
7928,8918
7765,8797
7606,8668
7481,8573
7364,8520
7149,8336
6973,8181
6899,8080
6801,7980
6702,7879
6661,7761
6600,7561
6605,7406
6620,7271
6642,7132
6712,7044
6849,6976
6949,6895
7115,6784
7241,6699
7414,6649
7588,6586
7841,6553
8121,6530
8281,6516
8547,6511
8682,6528
9006,6543
9115,6599
9467,6620
9567,6698
9641,6748
9863,6797
9793,6882
9896,7025
9971,7161
10111,7306
10146,7418
10179,7590
10107,7743
9964,7889
9864,8056
9657,8173
9503,8347
9324,8416
9179,8563
9032,8678
8950,8762
8741,8791
8468,8819
8328,8991
8230,9067
7976,8908
7806,8724
7704,8796
7548,8865
7371,8775
7232,8724
7105,8698
7009,8491
6967,8406
6842,8317
6752,8198
6681,7996
6668,7824
6640,7667
6643,7493
6655,7289
6698,7152
6761,7006
6834,6842
6923,6743
7024,6633
7184,6554
7373,6508
7562,6472
7744,6435
7905,6424
8080,6463
8304,6518
8548,6560
8785,6619
9044,6711
9250,6765
9449,6869
9604,6992
9802,7106
10056,7242
10137,7311
10299,7458
10422,7498
10459,7660
10521,7746
10389,7846
10385,7974
10351,8159
10418,8219
10296,8360
10049,8436
9985,8521
9809,8574
9810,8754
9572,8835
9202,8865
8900,8949
8606,8925
8352,8939
8115,8869
7950,8815
7728,8753
7433,8723
7284,8693
7111,8589
6936,8518
6831,8406
6747,8245
6679,8097
6681,7958
6657,7780
6715,7606
6753,7448
6859,7278
6947,7111
7102,7004
7199,6900
7337,6826
7524,6717
7809,6701
7963,6622
8193,6594
8417,6604
8645,6630
8924,6676
9254,6773
9571,6805
9959,6939
10244,7060
10392,7194
10690,7350
10937,7592
11188,7827
11628,8080
11772,8241
11649,8387
11762,8593
11885,8830
11670,8879
11544,9151
11560,9285
11297,9505
11034,9576
10695,9467
10457,9523
10299,9650
10075,9717
9711,9584
9409,9569
9099,9517
8826,9527
8628,9434
8418,9469
8177,9274
7873,9204
7604,9046
7513,9021
7346,8865
7203,8711
7079,8636
6933,8471
6856,8285
6798,8180
6762,7931
6754,7687
6763,7461
6905,7338
6992,7184
7113,7010
7275,6880
7444,6755
7691,6635
7989,6590
8228,6555
8621,6513
8918,6513
9294,6575
9583,6613
9946,6682
10608,6821
10838,6948
11265,7141
11392,7256
11791,7506
12198,7475
12344,7874
12705,7972
12787,8065
12937,8281
13358,8569
13352,8692
13557,8997
13675,9247
13736,9517
13476,9748
13326,9868
13118,9928
12733,9936
12379,10015
12105,10162
11681,10196
11138,10193
10583,10157
10206,10177
9787,10113
9229,10177
8832,10198
8439,9942
8089,9789
7833,9680
7659,9512
7452,9244
7247,9093
7149,8860
7011,8610
7016,8447
7022,8226
7132,8185
7257,7931
7416,7668
7678,7493
8022,7195
8376,7014
8771,6896
9095,6790
9405,6651
9834,6579
10249,6560
10725,6577
11339,6622
11725,6737
12133,6906
12482,7165
12758,7305
13276,7534
13598,7849
13770,8211
13911,8590
14088,8992
14128,9470
14238,9804
14080,9947
14096,10124
14153,10528
14279,10906
13946,11385
13673,11595
13302,11739
12937,12064
12577,12225
12190,12592
11801,12764
11368,12890
11000,12834
10478,12755
10065,12658
9694,12550
9248,12464
8772,12496
8389,12109
8026,11887
7709,11642
7428,11476
7191,11012
7030,10534
6877,10039
6774,9675
6750,9335
6773,8966
6901,8646
6873,8340
6937,7976
7277,7695
7547,7503
7342,7264
7014,7070
6660,6906
6447,6817
6302,6741
6231,6731
6200,6779
6181,6811
6163,6953
6156,7143
6154,7343
6162,7511
6155,7764
6146,8039
6156,8335
6144,8620
6151,8881
6140,9249
6125,9506
6144,9801
6136,10078
6143,10494
6127,10772
6119,10878
6130,11142
6136,11319
6119,11463
6123,11618
6121,11682
6127,11655
6132,11588
6130,11349
6134,11164
6117,11096
6115,10913
6124,10636
6112,10563
6126,10417
6117,10089
6124,9948
6118,9583
6114,9256
6112,9004
6115,8705
6128,8531
6108,8245
6122,7992
6114,7765
6131,7446
6113,7292
6107,7089
6112,6936
6109,6812
6113,6680
6118,6645
6110,6554
6119,6452
6096,6313
6105,6241
6107,6179
6100,6160
6113,6132
6092,6107
6105,6119
6117,6098
6106,6125
6113,6119
6111,6111
6097,6105
6107,6121
6100,6123
6100,6114
6100,6114
6109,6096
6118,6096
6097,6070
6105,6086
6105,6081
6098,6080
6101,6076
6108,6076
6104,6080
6100,6071
6099,6071
6109,6054
6112,6069
6100,6076
6096,6070
6101,6078
6107,6087
6104,6070
6113,6081
6106,6056
6103,6081
6103,6069
6109,6063
6108,6061
6103,6058
6104,6061
6105,6062
6103,6068
6112,6059
6103,6056
6105,6079
6118,6069
6102,6061
6113,6069
6107,6080
6117,6058
6118,6058
6096,6065
6115,6063
6119,6059
6115,6063
6105,6061
6114,6061
6106,6045
6114,6064
6115,6060
6119,6057
6108,6049
6113,6052
6101,6056
6108,6063
6106,6047
6115,6061
6111,6043
6097,6060
6099,6055
6112,6060
6110,6050
6104,6066
6104,6046
6103,6049
6107,6063
6112,6049
6110,6061
6112,6054
6109,6053
6105,6064
6107,6053
6111,6049
6107,6056
6110,6058
6114,6063
6113,6053
6110,6036
6110,6061
6102,6046
6110,6056
6110,6059
6111,6056
6104,6050
6111,6050
6106,6051
6104,6056
6106,6045
6112,6063
6095,6039
6106,6054
6113,6057
6110,6054
6102,6059
6104,6052
6097,6055
6106,6050
6107,6049
6108,6052
6108,6041
6096,6054
6103,6046
6113,6058
6103,6058
6100,6059
6100,6057
6099,6054
6135,6065
5945,5888
6191,6042
6133,6112
6065,6037
6150,6069
6120,6074
6112,6053
6102,6053
6107,6054
6110,6062
6111,6052
6104,6053
6103,6061
6101,6051
6110,6069
6108,6051
6095,6063
6103,6067
6098,6063
6107,6060
6105,6050
6098,6061
6092,6066
6100,6043
6103,6049
6112,6057
6102,6070
6113,6063
6102,6045
6102,6047
6107,6050
6104,6056
6113,6050
6095,6053
6102,6063
6109,6045
6114,6063
6108,6046
6105,6046
6109,6049
6097,6056
6100,6056
6105,6057
6099,6050
6109,6055
6093,6062
6101,6048
6095,6050
6104,6050
6102,6065
6103,6059
6103,6052
6108,6062
6106,6053
6096,6027
6098,6057
6104,6067
6098,6064
6107,6027
6099,6044
6103,6048
6102,6049
6102,6048
6118,6056
6103,6058
6097,6046
6096,6057
6092,6053
6105,6059
6096,6039
6100,6059
6112,6046
6094,6062
6101,6056
6113,6056
6094,6052
6097,6055
6110,6041
6101,6050
6102,6055
6098,6053
6105,6060
6102,6049
6111,6058
6099,6057
6096,6039
6100,6062
6108,6063
6103,6046
6101,6057
6101,6060
6106,6055
6106,6060
6092,6045
6107,6049
6105,6037
6104,6041
6107,6052
6096,6053
6098,6048
6101,6046
6105,6056
6101,6043
6096,6053
6094,6061
6099,6059
6091,6056
6107,6059
6097,6056
6095,6044
6101,6057
6094,6047
6106,6050
6098,6063
6102,6040
6107,6052
6107,6052
6106,6054
6120,6056
6096,6053
6108,6051
6100,6060
6102,6055
6109,6046
6110,6046
6103,6042
6113,6047
6102,6058
6108,6049
6111,6045
6100,6060
6106,6056
6096,6037
6107,6063
6103,6041
6104,6058
6101,6067
6098,6049
6090,6051
6101,6052
6101,6056
6102,6069
6104,6050
6109,6053
6106,6058
6106,6054
6108,6059
6110,6058
6103,6048
6104,6058
6103,6056
6107,6047
6111,6041
6109,6051
6117,6054
6106,6064
6108,6065
6114,6049
6114,6054
6115,6065
6114,6057
6112,6059
6110,6078
6104,6052
6115,6048
6108,6069
6104,6050
6103,6061
6112,6064
6115,6050
6106,6062
6100,6064
6103,6066
6102,6062
6106,6040
6110,6044
6097,6069
6103,6056
6103,6053
6105,6058
6107,6061
6107,6058
6108,6065
6104,6055
6100,6049
6096,6051
6103,6054
6106,6049
6109,6060
6091,6051
6104,6056
6110,6061
6109,6062
6100,6054
6108,6040
6101,6057
6105,6052
6101,6055
6097,6061
6108,6053
6106,6059
6099,6065
6099,6058
6104,6051
6099,6063
6106,6053
6096,6058
6102,6052
6105,6049
6105,6049
6098,6061
6100,6060
6109,6062
6108,6047
6106,6063
6101,6061
6111,6056
6108,6054
6099,6048
6104,6037
6103,6041
6101,6046
6101,6057
6102,6043
6103,6044
6104,6053
6109,6058
6103,6061
6104,6051
6103,6063
6119,6064
6112,6049
6115,6056
6110,6048
6113,6054
6101,6063
6115,6051
6106,6058
6106,6042
6107,6058
6108,6064
6106,6050
6121,6041
6118,6056
6107,6032
6106,6062
6121,6043
6113,6061
6109,6058
6115,6046
6114,6057
6116,6053
6123,6061
6109,6054
6123,6052
6117,6070
6122,6059
6112,6065
6108,6044
6111,6058
6105,6069
6120,6057
6112,6054
6113,6050
6114,6049
6115,6048
6117,6058
6059,6047
5928,5959
6079,5944
6046,5948
6087,6026
6069,6166
6109,6041
6081,6057
6113,6036
6115,6063
6113,6070
6103,6044
6102,6039
6110,6052
6113,6063
6113,6056
6106,6059
6115,6054
6115,6055
6112,6057
6110,6062
6114,6063
6106,6058
6106,6056
6100,6063
6104,6058
6098,6055
6112,6053
6114,6058
6107,6065
6114,6060
6108,6054
6103,6042
6108,6053
6103,6053
6102,6053
6112,6052
6101,6064
6108,6052
6111,6043
6110,6054
6115,6033
6108,6049
6115,6059
6111,6033
6108,6047
6116,6056
6109,6052
6120,6047
6117,6056
6108,6042
6112,6060
6110,6044
6107,6060
6110,6062
6108,6064
6102,6106
6111,6062
6115,6039
6113,6064
6105,6037
6102,6055
6110,6049
6114,6059
6100,6043
6111,6054
6126,6058
6115,6055
6098,6064
6114,6054
6114,6065
6119,6051
6110,6059
6114,6063
6116,6058
6117,6067
6122,6061
6117,6053
6104,6048
6118,6053
6116,6066
6110,6071
6105,6054
6106,6049
6118,6068
6117,6064
6109,6063
6122,6057
6113,6071
6116,6060
6108,6055
6118,6062
6115,6067
6125,6054
6112,6063
6111,6060
6115,6070
6125,6063
6112,6047
6113,6064
6119,6055
6114,6060
6115,6057
6113,6067
6110,6070
6114,6063
6115,6054
6115,6054
6120,6051
6117,6058
6114,6061
6110,6061
6114,6036
6118,6056
6113,6055
6114,6060
6112,6063
6112,6063
6110,6063
6117,6057
6110,6063
6121,6057
6116,6064
6119,6053
6119,6035
6111,6053
6116,6050
6125,6053
6114,6065
6114,6065
6116,6064
6119,6060
6119,6054
6125,6059
6119,6057
6122,6060
6118,6051
6112,6061
6115,6064
6115,6058
6123,6066
6104,6054
6116,6063
6112,6068
6104,6076
6115,6068
6112,6056
6108,6063
6118,6063
6115,6067
6113,6054
6113,6054
6119,6048
6120,6060
6117,6059
6115,6057
6115,6068
6114,6055
6112,6053
6113,6048
6114,6057
6112,6055
6122,6053
6113,6055
6121,6066
6117,6058
6115,6056
6111,6060
6118,6056
6118,6061
6113,6047
6110,6065
6129,6070
6129,6070
6115,6059
6119,6068
6108,6060
6113,6056
6114,6054
6115,6063
6116,6058
6113,6062
6114,6064
6116,6061
6114,6057
6114,6062
0,29
0,61680
0,0
6113,6065
5600,5584
5592,5589
5601,5575
5596,5579
5596,5587
5596,5584
5598,5578
5595,5584
5808,5767
6335,6306
6278,6316
6298,6300
6298,6288
6298,6308
6295,6311
6302,6316
6289,6312
6295,6303
6288,6305
6296,6311
6309,6362
6278,6324
6297,6345
6291,6314
6313,6322
6295,6347
6291,6332
6293,6323
6296,6313
6298,6323
6296,6321
6289,6332
6298,6317
6288,6324
6304,6313
6295,6307
6289,6329
6298,6336
6307,6334
6285,6305
6289,6319
6294,6318
6297,6324
6296,6335
6285,6331
6306,6327
6298,6317
6309,6301
6284,6329
6293,6333
6303,6326
6294,6326
6281,6324
6292,6329
6307,6320
6308,6312
6309,6331
6315,6345
6310,6349
6294,6331
6308,6321
6297,6320
6304,6334
6301,6305
6294,6328
6294,6336
6308,6344
6308,6311
6322,6314
6290,6338
6295,6333
6284,6330
6299,6330
6279,6340
6297,6305
6287,6323
6296,6317
6301,6321
6293,6326
6311,6327
6312,6323
6305,6327
6300,6326
6293,6327
6300,6323
6308,6350
6296,6344
6284,6339
6273,6313
6293,6345
6300,6336
6282,6324
6308,6337
6300,6348
6305,6344
6304,6328
6293,6320
6300,6319
6301,6332
6298,6335
6302,6301
6303,6311
6282,6326
6286,6310
6296,6320
6283,6314
6287,6321
6298,6310
6296,6332
6302,6334
6289,6335
6272,6341
6278,6331
6292,6340
6283,6337
6291,6330
6295,6342
6272,6324
6308,6319
6297,6324
6297,6347
6302,6354
6302,6347
6303,6351
6302,6343
6296,6330
6299,6349
6277,6339
6281,6335
6290,6342
6272,6348
6296,6314
6286,6317
6296,6331
6298,6317
6307,6321
6297,6315
6289,6320
6282,6329
6300,6334
6287,6332
6277,6354
6283,6327
6294,6365
6296,6344
6290,6333
6285,6340
6282,6346
6300,6339
6309,6340
6285,6344
6270,6337
6303,6338
6313,6351
6296,6339
6298,6369
6294,6320
6281,6348
6310,6363
6286,6336
6289,6325
6265,6347
6269,6347
6297,6384
6291,6336
6277,6356
6268,6353
6281,6345
6286,6350
6281,6344
6277,6354
6278,6358
6287,6356
6268,6373
6282,6364
6274,6356
6283,6349
6283,6351
6304,6356
6288,6355
6281,6338
6292,6355
6269,6353
6285,6335
6284,6341
6294,6342
6298,6355
6287,6349
6270,6350
6294,6360
6282,6370
6285,6377
6284,6364
6287,6371
6281,6359
6283,6341
6285,6338
6274,6350
6280,6354
6271,6388
6278,6375
6263,6384
6264,6345
6269,6350
6277,6348
6276,6369
6273,6369
6277,6350
6263,6340
6269,6363
6268,6352
6263,6353
6280,6374
6298,6347
6277,6359
6266,6358
6269,6361
6284,6379
6260,6360
6274,6375
6264,6364
6272,6363
6252,6369
6268,6377
6263,6373
6249,6380
6262,6375
6270,6381
6268,6393
6280,6417
6261,6384
6346,6437
6199,6274
6248,6354
6267,6340
6284,6371
6275,6382
6251,6373
6262,6354
6256,6374
6258,6389
6259,6388
6257,6392
6263,6389
6261,6395
6252,6396
6248,6366
6250,6393
6279,6386
6257,6364
6264,6364
6275,6360
6265,6375
6265,6386
6269,6390
6249,6411
6252,6384
6254,6380
6256,6378
6259,6383
6258,6375
6241,6379
6249,6363
6245,6374
6250,6352
6238,6335
6258,6377
6250,6374
6242,6363
6256,6387
6253,6372
6256,6374
6247,6388
6262,6392
6257,6389
6255,6390
6247,6396
6247,6409
6252,6397
6261,6394
6258,6385
6269,6396
6264,6390
6262,6376
6241,6390
6250,6392
6251,6385
6252,6383
6262,6376
6231,6385
6250,6393
6240,6377
6247,6370
6247,6354
6260,6396
6249,6393
6245,6369
6242,6383
6247,6388
6236,6393
6235,6396
6260,6398
6244,6388
6248,6394
6235,6394
6244,6392
6235,6374
6240,6387
6252,6378
6236,6370
6241,6363
6247,6355
6233,6359
6243,6387
6256,6398
6241,6419
6241,6421
6229,6421
6243,6381
6240,6427
6250,6423
6241,6399
6234,6389
6235,6414
6248,6394
6238,6402
6249,6396
6237,6433
6237,6421
6245,6391
6248,6414
6227,6410
6231,6419
6246,6418
6248,6384
6255,6391
6243,6387
6251,6384
6233,6390
6250,6399
6239,6414
6238,6419
6242,6419
6221,6415
6226,6405
6236,6423
6233,6396
6229,6402
6243,6372
6233,6378
6225,6374
6225,6384
6236,6413
6230,6411
6248,6394
6239,6414
6229,6394
6237,6401
6235,6410
6245,6408
6233,6404
6227,6398
6223,6415
6225,6375
6225,6412
6240,6401
6233,6417
6234,6411
6239,6399
6227,6401
6240,6385
6240,6394
6227,6429
6234,6395
6233,6412
6228,6408
6226,6409
6238,6429
6238,6413
6225,6429
6219,6420
6224,6431
6224,6419
6216,6432
6227,6414
6231,6401
6232,6417
6225,6421
6226,6426
6234,6413
6242,6377
6223,6398
6233,6417
6236,6402
6233,6389
6233,6403
6228,6386
6235,6397
6223,6379
6230,6399
6213,6396
6219,6414
6219,6419
6235,6426
6230,6430
6218,6395
6218,6386
6214,6398
6231,6394
6234,6414
6238,6410
6227,6372
6236,6402
6236,6397
6235,6387
6225,6384
6211,6350
6219,6370
6233,6368
6227,6374
6234,6367
6223,6379
6222,6382
6232,6355
6234,6382
6232,6374
6216,6386
6229,6402
6229,6405
6228,6409
6227,6395
6227,6425
6222,6402
6228,6401
6226,6401
6226,6418
6226,6404
6228,6402
6223,6404
6226,6418
6222,6414
6219,6390
6227,6385
6234,6394
6230,6409
6226,6383
6231,6399
6220,6413
6220,6404
6232,6414
6218,6413
6228,6407
6226,6397
6223,6422
6218,6401
6219,6394
6217,6404
6224,6393
6212,6381
6225,6379
6223,6380
6208,6387
6219,6382
6222,6396
6232,6380
6221,6360
6218,6385
6223,6377
6231,6347
6243,6372
6241,6377
6232,6395
6234,6381
6234,6370
6226,6395
6224,6405
6226,6397
6227,6387
6215,6396
6217,6390
6219,6363
6217,6372
6224,6408
6223,6388
6224,6375
6227,6390
6214,6385
6235,6365
6229,6384
6226,6379
6222,6398
6233,6371
6240,6371
6227,6368
6229,6388
6228,6386
6240,6410
6235,6376
6109,6248
6356,6412
6428,6483
6171,6381
6215,6371
6272,6472
6235,6373
6232,6402
6229,6396
6219,6384
6228,6395
6225,6384
6231,6360
6226,6388
6236,6382
6231,6385
6231,6389
6227,6379
6228,6370
6241,6374
6226,6366
6233,6381
6235,6372
6232,6369
6242,6369
6245,6383
6234,6388
6232,6394
6239,6383
6239,6381
6242,6385
6233,6391
6237,6392
6237,6353
6256,6378
6224,6356
6243,6355
6236,6369
6217,6362
6239,6393
6226,6371
6224,6362
6239,6369
6233,6375
6235,6361
6233,6363
6230,6363
6226,6363
6226,6382
6235,6363
6223,6356
6227,6361
6210,6191
6231,6373
6232,6360
6232,6372
6233,6370
6237,6367
6230,6371
6214,6362
6236,6359
6212,6366
6239,6375
6242,6386
6235,6364
6243,6347
6241,6375
6248,6370
6243,6375
6234,6353
6241,6368
6257,6358
6251,6393
6268,6380
6259,6361
6278,6372
6281,6365
6301,6367
6297,6366
6318,6364
6340,6354
6373,6353
6393,6352
6429,6370
6459,6368
6505,6364
6544,6363
6602,6366
6653,6370
6711,6356
6798,6348
6865,6351
6939,6346
7065,6359
7182,6372
7245,6353
7305,6352
7439,6356
7564,6370
7702,6392
7840,6394
8010,6391
8115,6376
8233,6363
8300,6355
8373,6373
8421,6368
8451,6373
8411,6374
8290,6378
8167,6383
8104,6380
7973,6386
7888,6394
7885,6395
7791,6385
7681,6386
7627,6373
7462,6395
7315,6423
7134,6431
6996,6430
6919,6460
6821,6478
6763,6468
6722,6488
6704,6512
6702,6520
6696,6542
6745,6567
6766,6585
6861,6624
7033,6633
7174,6657
7328,6628
7528,6645
7702,6640
8017,6656
8244,6637
8457,6635
8615,6604
8878,6623
9108,6612
9235,6637
9338,6676
9535,6726
9577,6786
9699,6912
9829,7040
9892,7154
9865,7239
9829,7381
9816,7460
10018,7572
9930,7635
9897,7791
9667,7883
9682,7996
9550,8099
9464,8294
9423,8466
9247,8600
8980,8669
8823,8828
8716,8886
8574,8928
8271,8998
8098,9029
7782,9075
7653,9070
7435,8836
7305,8762
7129,8654
7018,8615
6931,8487
6846,8322
6831,8156
6818,7969
6821,7815
6888,7703
6972,7529
7103,7381
7228,7274
7370,7192
7506,7099
7742,6988
7934,6893
8087,6793
8389,6798
8569,6818
8656,6831
8797,6817
9105,6854
9333,6887
9535,6984
9695,7058
9987,7091
10102,7170
10294,7281
10298,7441
10339,7544
10290,7656
10384,7811
10757,8102
10797,8258
10752,8484
10593,8608
10588,8888
10618,8924
10671,9106
10670,9361
10588,9309
10323,9408
10001,9353
9776,9485
9584,9625
9241,9447
8939,9356
8642,9262
8295,9041
8108,9041
7817,8911
7536,8868
7376,8652
7161,8672
7005,8467
6872,8304
6784,8237
6711,8080
6689,7950
6726,7855
6832,7794
6920,7588
7075,7452
7245,7268
7395,7127
7649,7041
7910,6939
8149,6845
8409,6832
8635,6773
8888,6746
9129,6767
9433,6763
9762,6817
10035,6880
10298,6932
10523,7018
10805,7114
11010,7238
11031,7426
11073,7608
10968,7818
10857,8032
10890,8299
10917,8438
11106,8764
11018,9053
10833,9262
10754,9387
10553,9549
10314,9553
10135,9828
10175,9978
9968,10227
9629,10405
9447,10372
9212,10394
9037,10384
8820,10428
8473,10477
8265,10129
8026,9887
7706,9772
7509,9705
7351,9585
7195,9338
6986,9104
6828,8925
6730,8518
6672,8273
6630,8105
6649,7905
6662,7632
6732,7438
6810,7271
6952,7157
7132,6995
7345,6859
7607,6782
7858,6757
8214,6683
8497,6669
8696,6649
9031,6704
9286,6746
9597,6870
9895,6975
9956,7047
10128,7149
10394,7260
10593,7386
10750,7571
10709,7748
10862,7860
10889,8075
10912,8226
11113,8448
10867,8727
10736,8981
10499,9222
10516,9446
10348,9617
10243,9852
9899,10100
9838,10326
9499,10366
9334,10452
9043,10501
8773,10419
8606,10454
8401,10557
8142,10678
7965,10590
7777,10441
7548,10350
7389,10210
7204,9802
7055,9663
6915,9552
6805,9412
6693,9020
6631,8744
6608,8454
6574,8227
6571,8042
6609,7831
6681,7616
6736,7343
6847,7100
6987,6949
7127,6861
7280,6721
7473,6657
7634,6608
7861,6538
8107,6500
8277,6543
8507,6579
8642,6635
8885,6661
8972,6730
9087,6842
9265,6958
9363,7091
9432,7216
9508,7361
9604,7498
9684,7632
9758,7796
9712,7911
9680,8027
9607,8227
9559,8311
9549,8393
9585,8593
9484,8672
9317,8815
9164,8910
9136,9039
8922,9040
8810,9074
8722,9125
8496,9079
8304,9057
8129,8981
7951,8881
7725,8760
7534,8672
7355,8537
7194,8439
7015,8321
6895,8240
6822,8037
6722,7850
6648,7664
6604,7516
6560,7363
6599,7214
6658,7090
6732,6973
6812,6802
6905,6700
7070,6645
7241,6577
7423,6526
7609,6486
7831,6467
8067,6480
8218,6467
8391,6500
8672,6554
8883,6600
9208,6705
9328,6760
9423,6888
9505,6969
9707,7098
9878,7191
9944,7328
10103,7484
10130,7559
10160,7701
10161,7923
10205,8061
10100,8103
10095,8295
9952,8529
9806,8587
9643,8741
9421,8828
9275,8912
9155,9020
8926,9134
8685,9208
8388,9249
8175,9213
7933,9234
7672,9113
7518,9090
7282,9018
7087,8954
6910,8915
6758,8727
6680,8540
6582,8354
6529,8215
6520,8074
6508,7915
6551,7724
6599,7588
6660,7381
6793,7219
6861,7070
7024,6959
7133,6846
7251,6725
7441,6670
7645,6619
7853,6565
8091,6544
8395,6569
8490,6607
8616,6590
8846,6663
9019,6754
9211,6860
9457,6926
9564,7047
9742,7194
10045,7348
10202,7559
10239,7686
10329,7918
10468,8101
10442,8256
10477,8432
10488,8656
10466,8873
10368,8924
10094,9046
9990,9152
9863,9138
9717,9180
9461,9210
9286,9223
9099,9355
8861,9326
8565,9121
8357,8911
8108,8971
7791,8842
7607,8754
7336,8649
7143,8444
7015,8314
6830,8074
6742,7997
6645,7906
6586,7836
6574,7649
6542,7546
6544,7383
6591,7219
6642,7094
6716,7029
6807,6916
6916,6771
7054,6691
7212,6593
7363,6534
7601,6492
7766,6440
7939,6423
8147,6442
8313,6450
8425,6522
8572,6575
8840,6690
9160,6816
9303,6970
9458,7145
9611,7236
9833,7348
9868,7538
9937,7696
10207,7833
10152,8046
10084,8267
10068,8330
10105,8475
10074,8628
9944,8697
9995,8836
9816,8850
9652,9010
9587,8996
9282,8990
9145,8976
8967,9051
8704,9036
8442,8982
8254,8951
8014,8875
7844,8869
7641,8732
7389,8262
7166,8196
7396,8464
6849,8024
6908,7839
6822,7723
6818,7697
6829,7526
6826,7398
6854,7295
6855,7091
6884,7011
6932,6935
7058,6823
7189,6743
7265,6700
7392,6620
7583,6573
7829,6544
8009,6528
8203,6491
8484,6530
8781,6571
8986,6625
9205,6722
9413,6793
9748,6882
10015,7019
10139,7153
10285,7272
10507,7412
10682,7553
11003,7775
11018,7905
10913,8060
10945,8261
11112,8425
11074,8570
10927,8604
10771,8705
10530,8824
10273,8893
10081,9013
9724,9036
9610,9038
9484,9050
9209,9111
8884,9124
8591,8970
8244,8980
8026,8897
7836,8821
7704,8659
7544,8567
7398,8482
7251,8435
7177,8412
7090,8270
6964,8224
6872,8018
6754,7904
6715,7741
6682,7534
6725,7437
6768,7235
6881,7155
6978,7069
7110,6956
7185,6861
7258,6773
7368,6696
7436,6612
7601,6585
7739,6558
7917,6571
8045,6594
8197,6668
8395,6735
8611,6846
8732,6973
8701,7107
8900,7247
8923,7341
8848,7513
9009,7676
9089,7827
9189,7976
9184,8113
9258,8312
9096,8372
9186,8471
9149,8577
9010,8590
8950,8601
8856,8698
8768,8843
8743,8845
8593,8827
8437,8944
8254,8918
8089,8880
7964,8917
7774,8792
7608,8588
7526,8701
7366,8588
7213,8450
7022,8265
6889,8081
6808,8046
6721,7920
6666,7749
6592,7605
6598,7414
6649,7298
6643,7146
6700,7055
6822,6952
6912,6880
7119,6808
7295,6753
7466,6635
7644,6595
7885,6558
8062,6543
8325,6519
8600,6511
8841,6518
8999,6549
9149,6605
9465,6615
9618,6686
9700,6734
9857,6827
9981,6914
9982,7053
10136,7159
10085,7288
10111,7464
10214,7619
10207,7803
10032,7900
9900,8082
9687,8164
9465,8261
9359,8501
9238,8605
9101,8712
9015,8822
8822,8877
8542,8948
8385,9040
8220,9089
8016,8906
7842,8797
7737,8890
7512,8920
7365,8769
7260,8665
7107,8640
7021,8510
6928,8355
6811,8208
6740,8140
6702,8012
6666,7743
6628,7591
6637,7446
6658,7303
6683,7147
6766,6965
6851,6857
6898,6742
7028,6627
7165,6566
7408,6538
7584,6464
7738,6440
7903,6416
8066,6471
8313,6513
8566,6553
8782,6573
9047,6722
9332,6782
9506,6893
9667,7023
9916,7168
10052,7253
10136,7324
10335,7462
10470,7528
10497,7612
10562,7771
10585,7921
10498,7997
10499,8181
10488,8231
10342,8371
10211,8469
10058,8559
10054,8623
9862,8806
9648,8872
9299,8908
8939,8923
8643,8962
8377,8899
8130,8857
7898,8815
7695,8753
7469,8738
7301,8672
7086,8614
6905,8520
6801,8407
6771,8231
6693,8075
6666,7943
6667,7765
6709,7570
6764,7455
6832,7269
6966,7116
7079,7008
7191,6907
7355,6817
7545,6704
7773,6669
7998,6600
8180,6602
8392,6587
8603,6632
8997,6656
9256,6750
9591,6850
9934,6952
10286,7062
10459,7224
10732,7377
10896,7580
11155,7832
11634,8088
11676,8221
11765,8431
11714,8624
11731,8755
11500,8856
11725,9217
11562,9289
11312,9494
11030,9571
10819,9637
10484,9590
10378,9740
10019,9629
9712,9568
9434,9694
9088,9508
8806,9516
8639,9395
8374,9379
8187,9290
7910,9261
7640,9127
7512,9052
7359,8915
7201,8665
7144,8719
6857,8471
6890,8371
6813,8234
6763,7954
6818,7760
6829,7535
6904,7457
7018,7220
7160,7061
7289,6907
7473,6766
7755,6635
7966,6582
8295,6534
8666,6519
9033,6536
9282,6577
9685,6634
10057,6689
10460,6806
10937,6943
11431,7125
11676,7287
11825,7513
11984,7658
12661,7887
12882,8035
13260,8215
13026,8358
13272,8496
13721,8705
13588,8978
13809,9287
13697,9524
13509,9756
13405,9853
13150,9911
12823,10003
12319,9994
12219,10189
11726,10218
11266,10221
10528,10099
10241,10152
9746,10148
9297,10274
8826,10177
8463,10004
8096,9851
7849,9769
7645,9538
7469,9343
7268,9140
7160,8936
7044,8790
7049,8550
7048,8298
7141,8189
7210,7887
7413,7687
7713,7536
8098,7234
8396,7019
8830,6911
9116,6771
9490,6646
9857,6595
10238,6560
10847,6586
11400,6632
11809,6749
12311,6920
12469,7106
12990,7357
13281,7556
13534,7758
13792,8236
13886,8568
13930,8957
14074,9435
14156,9735
14180,9947
14117,10199
14170,10533
14146,10927
13845,11270
13803,11612
13358,11738
12908,12000
12586,12117
12186,12601
11838,12912
11307,12888
11001,12758
10446,12700
10072,12594
9730,12464
9184,12415
8824,12467
8364,12213
8031,11828
7690,11601
7410,11407
7185,11063
7062,10498
6891,10033
6773,9713
6747,9321
6792,8927
6875,8653
6863,8342
6944,7994
7315,7718
7570,7503
7389,7277
7040,7043
6664,6894
6440,6813
6303,6786
6232,6726
6201,6757
6171,6818
6170,6940
6160,7156
6150,7351
6153,7491
6151,7743
6147,8025
6166,8358
6146,8621
6150,8867
6143,9206
6137,9575
6140,9831
6139,10018
6134,10492
6126,10737
6124,10946
6138,10994
6132,11309
6121,11425
6131,11570
6122,11729
6126,11655
6112,11571
6123,11374
6122,11188
6120,11089
6125,10919
6122,10602
6117,10521
6120,10340
6115,10135
6128,9953
6117,9595
6102,9355
6120,9019
6127,8755
6120,8499
6116,8293
6119,8034
6114,7784
6117,7453
6125,7293
6113,7080
6104,6907
6114,6780
6115,6685
6111,6624
6109,6582
6117,6459
6107,6311
6111,6228
6107,6202
6107,6153
6112,6145
6104,6128
6110,6129
6109,6129
6108,6135
6111,6131
6101,6116
6107,6115
6106,6130
6097,6122
6100,6132
6099,6104
6111,6102
6112,6108
6099,6082
6104,6090
6107,6079
6108,6086
6104,6084
6110,6072
6102,6077
6101,6070
6104,6081
6110,6066
6102,6079
6106,6074
6099,6078
6102,6071
6107,6068
6102,6072
6106,6072
6114,6066
6110,6064
6105,6071
6106,6062
6106,6063
6103,6066
6099,6059
6105,6056
6108,6072
6117,6065
6112,6065
6110,6068
6117,6065
6111,6068
6106,6062
6124,6086
6107,6045
6110,6067
6104,6054
6105,6069
6108,6070
6113,6046
6099,6056
6108,6068
6108,6070
6109,6053
6111,6061
6112,6062
6113,6061
6118,6057
6102,6045
6103,6031
6105,6051
6105,6054
6111,6052
6104,6043
6104,6055
6110,6063
6105,6050
6110,6067
6104,6044
6112,6050
6112,6051
6113,6049
6113,6052
6111,6049
6112,6059
6108,6047
6107,6056
6107,6073
6107,6064
6112,6051
6115,6047
6111,6053
6112,6047
6116,6058
6106,6046
6103,6046
5991,5977
6110,6063
6110,6057
6155,5938
6074,5974
6079,6029
6056,6001
6133,5980
6091,6053
6092,6045
6125,6067
6107,6041
6104,6057
6099,6058
6101,6055
6107,6047
6103,6052
6107,6054
6115,6036
6107,6058
6114,6059
6106,6060
6111,6053
6108,6060
6101,6051
6100,6054
6108,6055
6110,6049
6098,6055
6104,6042
6102,6050
6095,6053
6106,6055
6104,6061
6108,6054
6107,6057
6106,6063
6110,6065
6106,6044
6103,6066
6100,6058
6107,6066
6106,6054
6102,6060
6112,6059
6101,6057
6109,6066
6106,6043
6106,6053
6093,6067
6100,6052
6107,6050
6116,6065
6106,6060
6102,6051
6098,6047
6102,6052
6101,6055
6111,6067
6112,6059
6097,6057
6106,6047
6112,6046
6112,6059
6110,6051
6099,6058
6108,6061
6097,6049
6103,6063
6104,6053
6102,6063
6107,6049
6093,6061
6102,6045
6096,6045
6108,6056
6100,6057
6111,6050
6111,6062
6109,6062
6105,6058
6100,6056
6111,6051
6107,6048
6101,6054
6110,6058
6103,6053
6109,6063
6100,6052
6103,6049
6107,6067
6095,6059
6103,6064
6101,6058
6103,6045
6103,6053
6094,6052
6107,6062
6110,6054
6113,6053
6099,6052
6113,6065
6104,6052
6103,6041
6105,6049
6112,6046
6105,6055
6103,6052
6097,6054
6103,6055
6107,6044
6099,6052
6102,6045
6093,6057
6107,6061
6099,6050
6087,6057
6101,6060
6095,6052
6096,6057
6097,6049
6101,6049
6104,6052
6102,6052
6108,6068
6093,6063
6098,6041
6101,6060
6091,6042
6096,6057
6095,6050
6101,6053
6095,6051
6099,6052
6104,6060
6102,6056
6096,6040
6104,6055
6089,6060
6105,6054
6096,6055
6095,6039
6112,6032
6104,6057
6108,6055
6110,6052
6090,6052
6102,6029
6102,6050
6095,6050
6099,6055
6100,6038
6101,6046
6105,6055
6107,6059
6115,6055
6107,6049
6094,6055
6094,6049
6102,6047
6111,6056
6101,6058
6102,6062
6098,6063
6099,6065
6110,6060
6110,6049
6113,6050
6108,6058
6102,6058
6100,6055
6106,6058
6104,6056
6117,6049
6111,6053
6105,6056
6107,6051
6101,6044
6104,6054
6105,6066
6103,6054
6108,6067
6101,6060
6101,6071
6109,6054
6113,6063
6119,6045
6105,6053
6108,6054
6117,6069
6102,6065
6110,6062
6112,6065
6105,6057
6100,6070
6114,6057
6106,6042
6104,6056
6110,6063
6107,6061
6097,6045
6108,6057
6111,6054
6105,6063
6104,6060
6115,6056
6106,6050
6114,6057
6104,6065
6111,6067
6106,6054
6102,6041
6100,6056
6105,6055
6108,6058
6105,6059
6097,6045
6112,6045
6114,6055
6101,6064
6104,6035
6101,6046
6105,6045
6103,6051
6093,6044
6103,6054
6108,6048
6111,6058
6104,6061
6103,6063
6098,6063
6102,6060
6108,6052
6099,6049
6104,6048
6109,6057
6118,6050
6098,6046
6105,6054
6106,6063
6103,6056
6100,6053
6096,6054
6108,6042
6096,6041
6104,6057
6099,6047
6101,6058
6102,6041
6099,6054
6115,6058
6101,6056
6104,6052
6111,6060
6106,6059
6101,6053
6106,6072
6113,6062
6107,6057
6110,6067
6097,6050
6105,6057
6104,6055
6116,6047
6108,6053
6119,6067
6108,6059
6114,6055
6086,6042
6228,6150
6037,5977
5942,6023
6076,6019
6132,6063
6124,6061
6122,6064
6109,6054
6107,6051
6111,6064
6102,6066
6111,6056
6125,6060
6118,6056
6121,6054
6120,6055
6106,6067
6107,6053
6105,6051
6121,6052
6107,6055
6105,6058
6120,6053
6111,6063
6112,6057
6108,6060
6109,6059
6107,6058
6115,6047
6108,6058
6103,6056
6111,6065
6108,6066
6109,6045
6109,6053
6109,6050
6100,6057
6106,6056
6110,6058
6113,6058
6107,6056
6105,6054
6114,6063
6102,6056
6111,6063
6114,6049
6111,6060
6107,6059
6105,6050
6096,6056
6108,6050
6106,6054
6110,6055
6114,6050
6115,6055
6122,6061
6093,6062
6107,6051
6113,6051
6106,6049
6110,6039
6114,6042
6118,6071
6108,6049
6107,6054
6111,6040
6111,6052
6112,6053
6120,6056
6105,6049
6111,6049
6119,6061
6106,6046
6113,6046
6108,6051
6102,6054
6109,6054
6107,6051
6104,6063
6115,6056
6108,6064
6096,6064
6110,6108
6110,6056
6111,6065
6103,6052
6103,6046
6115,6050
6118,6060
6109,6053
6113,6055
6119,6050
6122,6045
6102,6056
6115,6058
6116,6061
6112,6045
6112,6058
6110,6054
6120,6058
6113,6066
6115,6068
6122,6051
6109,6048
6115,6066
6122,6062
6105,6064
6108,6064
6111,6039
6116,6062
6113,6055
6112,6054
6120,6059
6108,6065
6118,6060
6110,6058
6115,6051
6112,6071
6131,6061
6112,6067
6111,6049
6123,6061
6126,6061
6114,6050
6115,6056
6115,6062
6115,6062
6111,6067
6115,6051
6115,6052
6122,6055
6115,6055
6114,6062
6107,6053
6114,6063
6116,6057
6121,6055
6108,6064
6122,6054
6117,6059
6115,6055
6115,6052
6114,6060
6112,6059
6114,6033
6116,6058
6113,6058
6120,6052
6120,6052
6114,6054
6109,6055
6119,6054
6120,6057
6113,6043
6113,6062
6108,6060
6112,6060
6109,6048
6108,6062
6116,6059
6110,6061
6106,6056
6109,6068
6116,6058
6112,6058
6108,6035
6107,6060
6112,6062
6121,6067
6118,6062
6118,6062
6119,6048
6118,6051
6114,6057
6113,6052
6117,6065
6115,6065
6108,6063
6118,6064
6112,6062
6110,6056
6113,6059
6113,6040
6120,6053
6110,6060
6110,6061
6112,6054
6118,6047
6114,6063
6119,6059
6123,6063
6122,6061
6122,6061
6120,6063
6118,6060
6117,6059
6115,6052
6110,6064
6114,6060
6117,6064
6117,6063
6114,6058
6113,6060
6120,6058
6115,6051
6114,6060
6119,6063
6113,6059
6110,6060
6111,6061
6115,6057
0,38
0,61680
0,0
6114,6060
5602,5578
5596,5584
5608,5586
5600,5577
5607,5585
5602,5583
5602,5578
5602,5573
5821,5758
6328,6317
6286,6327
6287,6309
6311,6309
6291,6291
6301,6302
6289,6313
6286,6312
6297,6309
6288,6306
6306,6314
6291,6330
6290,6328
6296,6344
6304,6322
6307,6315
6309,6328
6303,6338
6294,6321
6297,6331
6299,6315
6298,6280
6305,6326
6294,6311
6286,6313
6305,6311
6296,6334
6293,6323
6309,6331
6304,6337
6279,6313
6288,6312
6290,6310
6302,6329
6303,6329
6291,6323
6304,6296
6296,6306
6307,6321
6300,6315
6303,6320
6309,6307
6300,6308
6284,6310
6306,6317
6298,6316
6312,6320
6306,6308
6307,6340
6304,6338
6306,6322
6292,6333
6311,6314
6302,6328
6303,6332
6291,6308
6290,6324
6310,6332
6314,6317
6295,6326
6298,6336
6313,6333
6293,6331
6291,6320
6297,6318
6287,6310
6284,6314
6293,6322
6292,6305
6301,6322
6293,6321
6322,6317
6309,6310
6309,6309
6284,6324
6290,6314
6308,6313
6301,6321
6292,6333
6290,6328
6300,6326
6293,6328
6288,6328
6304,6327
6296,6324
6314,6326
6301,6334
6298,6315
6291,6321
6304,6323
6294,6326
6297,6312
6309,6320
6301,6307
6287,6333
6283,6321
6271,6321
6281,6313
6303,6304
6303,6324
6285,6302
6289,6313
6285,6345
6278,6343
6294,6334
6304,6326
6297,6326
6289,6355
6296,6331
6299,6322
6307,6331
6304,6337
6302,6351
6288,6328
6316,6342
6299,6337
6282,6350
6280,6325
6276,6324
6283,6340
6291,6343
6292,6330
6299,6339
6287,6334
6288,6329
6291,6331
6296,6340
6287,6315
6297,6329
6292,6340
6293,6347
6280,6326
6258,6326
6297,6332
6298,6343
6278,6337
6294,6343
6281,6337
6280,6347
6294,6344
6299,6347
6292,6335
6280,6335
6304,6344
6308,6345
6300,6353
6305,6350
6299,6343
6281,6347
6295,6356
6271,6353
6290,6333
6281,6336
6281,6352
6281,6344
6288,6342
6283,6355
6291,6362
6285,6336
6288,6346
6272,6340
6276,6353
6273,6353
6280,6348
6278,6375
6281,6361
6285,6347
6283,6357
6279,6339
6293,6348
6287,6346
6273,6362
6280,6350
6274,6364
6288,6341
6283,6350
6289,6344
6293,6351
6298,6349
6281,6350
6269,6356
6282,6369
6281,6367
6284,6362
6281,6376
6277,6355
6294,6356
6310,6341
6286,6346
6280,6365
6284,6393
6272,6384
6282,6367
6266,6356
6282,6360
6278,6369
6241,6355
6519,6590
6187,6255
6330,6385
6093,6171
6275,6385
6264,6339
6280,6359
6273,6350
6284,6378
6260,6362
6269,6366
6291,6366
6275,6372
6251,6383
6276,6371
6278,6367
6265,6372
6244,6374
6270,6352
6270,6371
6275,6377
6271,6373
6272,6390
6258,6362
6266,6371
6264,6379
6248,6366
6262,6363
6270,6365
6263,6353
6266,6375
6271,6373
6251,6356
6242,6390
6258,6390
6267,6391
6267,6379
6262,6413
6263,6401
6266,6388
6259,6389
6247,6385
6268,6365
6273,6382
6245,6381
6265,6390
6270,6381
6262,6374
6276,6383
6268,6405
6249,6391
6253,6382
6259,6351
6262,6377
6261,6356
6239,6346
6254,6369
6239,6360
6251,6364
6248,6346
6259,6369
6248,6364
6243,6354
6241,6376
6253,6378
6258,6390
6256,6364
6261,6391
6253,6390
6265,6394
6260,6386
6259,6411
6255,6376
6252,6376
6252,6384
6262,6385
6257,6380
6266,6370
6248,6409
6253,6396
6251,6398
6252,6383
6252,6396
6257,6379
6243,6399
6245,6390
6254,6385
6251,6373
6243,6396
6245,6387
6240,6385
6249,6381
6243,6374
6247,6367
6243,6391
6260,6396
6257,6381
6244,6396
6245,6374
6242,6376
6238,6361
6255,6359
6256,6372
6243,6364
6237,6370
6234,6371
6230,6361
6254,6385
6246,6408
6249,6403
6233,6423
6239,6418
6239,6409
6241,6404
6250,6410
6244,6400
6232,6391
6231,6403
6246,6401
6243,6408
6238,6408
6238,6402
6243,6416
6242,6417
6249,6384
6237,6392
6237,6411
6237,6389
6244,6394
6252,6390
6249,6388
6250,6387
6233,6399
6241,6378
6244,6402
6240,6411
6222,6413
6221,6423
6245,6402
6241,6403
6239,6395
6238,6383
6237,6388
6239,6376
6232,6360
6246,6390
6243,6398
6231,6410
6241,6393
6237,6390
6223,6404
6236,6416
6243,6424
6248,6393
6248,6394
6225,6405
6218,6397
6232,6369
6246,6406
6235,6404
6248,6414
6232,6435
6243,6421
6241,6391
6231,6398
6234,6389
6229,6411
6218,6424
6227,6402
6224,6403
6237,6403
6236,6408
6235,6428
6233,6421
6216,6420
6223,6429
6230,6435
6214,6416
6226,6419
6232,6407
6233,6409
6216,6421
6234,6416
6227,6424
6226,6390
6225,6406
6231,6412
6240,6414
6227,6405
6224,6395
6226,6392
6234,6391
6225,6378
6218,6401
6228,6409
6226,6405
6219,6424
6227,6422
6215,6419
6223,6390
6221,6379
6212,6409
6230,6392
6232,6420
6236,6408
6231,6402
6227,6407
6219,6422
6238,6406
6232,6384
6217,6374
6223,6382
6239,6365
6232,6365
6227,6365
6216,6369
6217,6350
6233,6378
6233,6387
6231,6379
6220,6382
6224,6418
6221,6395
6218,6379
6222,6387
6228,6419
6238,6398
6227,6394
6232,6411
6232,6411
6224,6406
6231,6406
6228,6396
6227,6408
6221,6408
6231,6385
6226,6403
6232,6393
6219,6387
6225,6392
6237,6422
6224,6395
6228,6390
6232,6419
6246,6402
6230,6392
6220,6383
6220,6405
6224,6409
6210,6384
6215,6398
6224,6402
6216,6380
6219,6386
6214,6390
6213,6373
6222,6381
6218,6387
6233,6361
6213,6376
6225,6366
6229,6353
6220,6362
6223,6364
6228,6379
6221,6403
6231,6380
6233,6403
6166,6351
6258,6433
6215,6400
6217,6390
6198,6374
6233,6387
6219,6394
6239,6379
6219,6385
6210,6394
6226,6384
6224,6380
6224,6360
6224,6353
6237,6388
6230,6380
6244,6404
6233,6374
6230,6390
6226,6381
6222,6383
6233,6396
6232,6406
6229,6373
6222,6384
6218,6387
6237,6361
6222,6380
6240,6376
6232,6375
6233,6434
6225,6372
6228,6409
6219,6408
6222,6381
6235,6378
6230,6370
6231,6382
6211,6399
6215,6392
6235,6393
6230,6375
6239,6376
6234,6379
6232,6356
6242,6361
6224,6369
6242,6349
6221,6365
6241,6373
6234,6396
6230,6378
6233,6383
6232,6404
6234,6390
6225,6392
6231,6379
6236,6384
6237,6381
6228,6368
6236,6374
6241,6372
6225,6385
6249,6387
6217,6363
6228,6334
6239,6364
6223,6355
6236,6363
6230,6355
6231,6354
6237,6360
6247,6356
6234,6350
6224,6347
6222,6360
6229,6362
6229,6362
6236,6379
6226,6374
6250,6347
6237,6376
6230,6350
6228,6356
6237,6368
6229,6347
6234,6377
6242,6390
6236,6362
6243,6360
6228,6369
6229,6383
6242,6355
6244,6373
6254,6379
6263,6360
6259,6377
6259,6378
6263,6346
6267,6374
6273,6366
6305,6346
6318,6356
6325,6353
6342,6356
6367,6357
6393,6352
6436,6364
6477,6351
6521,6371
6554,6343
6604,6350
6633,6361
6706,6348
6784,6337
6876,6352
6943,6347
7077,6344
7147,6374
7266,6365
7307,6370
7434,6360
7576,6351
7752,6396
7834,6377
7968,6371
8097,6367
8250,6358
8343,6384
8362,6358
8459,6385
8470,6387
8469,6377
8344,6361
8224,6382
8096,6392
8062,6382
7912,6382
7892,6382
7842,6391
7757,6384
7593,6411
7512,6402
7325,6424
7183,6403
7046,6444
6927,6463
6845,6484
6794,6467
6718,6491
6720,6501
6739,6525
6732,6544
6710,6573
6782,6590
6889,6611
7014,6631
7187,6657
7343,6632
7527,6652
7727,6663
8011,6647
8263,6635
8478,6624
8727,6632
8947,6603
9130,6617
9255,6641
9398,6668
9587,6740
9709,6804
9794,6920
9886,7054
9980,7165
9985,7274
9942,7403
9971,7515
10049,7614
10003,7723
9937,7797
9861,7955
9669,8037
9619,8107
9540,8310
9496,8519
9386,8702
8860,8838
8913,8831
8675,8995
8204,9092
8081,9176
7849,9207
7825,9161
7633,9013
7428,8951
7337,8816
7144,8674
7040,8642
6932,8514
6882,8349
6836,8133
6844,8010
6832,7827
6886,7670
6984,7556
7108,7422
7232,7287
7300,7196
7523,7111
7567,6992
7794,6890
8160,6829
8394,6798
8515,6827
8682,6836
8819,6848
9154,6883
9355,6889
9575,6989
9752,7080
9991,7142
10111,7191
10285,7319
10458,7474
10351,7564
10360,7735
10452,7905
10752,8194
10803,8286
10706,8428
10734,8766
10547,8948
10624,8936
10548,9059
10583,9332
10541,9289
10383,9463
10002,9474
9773,9503
9541,9611
9180,9397
8994,9491
8639,9273
8346,9217
8116,9162
7828,9058
7596,8996
7348,8744
7182,8698
7013,8526
6873,8377
6801,8311
6728,8184
6706,7985
6744,7914
6845,7788
6938,7607
7054,7472
7265,7305
7386,7112
7676,7029
7905,6950
8171,6891
8400,6826
8671,6770
8938,6784
9473,7108
9550,6801
10216,7128
10234,6984
10392,6998
10708,7060
10942,7055
11036,7260
11066,7351
11044,7617
11030,7867
10910,8029
10943,8322
10979,8518
11074,8735
10983,9105
10821,9285
10773,9458
10528,9592
10283,9775
10160,9968
10168,10087
9963,10328
9643,10427
9460,10419
9255,10546
9035,10481
8792,10538
8509,10526
8355,10133
8035,10035
7740,9847
7505,9766
7394,9606
7180,9361
6961,9145
6851,8927
6755,8539
6670,8270
6634,8093
6659,7887
6676,7703
6704,7438
6828,7281
6981,7172
7160,6998
7357,6912
7629,6808
7881,6771
8166,6708
8369,6684
8819,6681
9040,6719
9376,6764
9711,6896
9819,6970
10149,7068
10325,7155
10560,7262
10708,7399
10912,7567
10963,7745
10893,7904
10972,8055
10345,8254
10601,8477
10962,8717
10777,8921
10697,9230
10557,9453
10417,9707
10248,9887
9917,10115
9885,10286
9642,10390
9390,10456
9119,10515
8843,10492
8672,10519
8440,10651
8223,10720
7756,10417
7663,10164
7424,10035
7276,9788
7119,9494
7072,9802
6921,9562
6791,9297
6678,8970
6625,8669
6603,8457
6567,8230
6590,8015
6617,7849
6686,7622
6743,7371
6857,7101
6974,6971
7162,6867
7304,6753
7471,6640
7667,6574
7874,6522
8068,6518
8280,6545
8562,6537
8695,6598
8969,6603
9129,6658
9237,6732
9242,6965
9365,7109
9408,7235
9502,7375
9636,7516
9755,7644
9774,7815
9736,7916
9681,8097
9685,8232
9705,8409
9565,8390
9555,8564
9473,8677
9360,8879
9265,8890
9110,9035
8906,9073
8762,9037
8515,9002
8411,9028
8285,8992
8106,8983
7949,8890
7736,8761
7552,8628
7358,8561
7163,8442
6995,8358
6919,8217
6799,8040
6721,7817
6669,7665
6580,7519
6598,7348
6630,7199
6680,7073
6749,6943
6851,6804
6924,6696
7051,6638
7258,6584
7448,6529
7666,6491
7858,6465
8085,6463
8292,6472
8457,6482
8743,6539
8894,6599
9165,6679
9291,6773
9449,6890
9577,6983
9701,7103
9877,7217
10091,7359
10173,7462
10195,7640
10172,7780
10218,7943
10318,8059
10256,8190
10119,8376
10022,8565
9829,8693
9653,8783
9470,8893
9343,8985
9210,9049
8990,9193
8734,9238
8469,9242
8242,9224
7975,9212
7725,9188
7441,9171
7183,9095
7045,9009
6882,8941
6721,8687
6649,8566
6554,8402
6546,8211
6516,8057
6506,7866
6546,7736
6626,7589
6682,7392
6784,7238
6878,7080
7043,6942
7160,6829
7298,6751
7466,6687
7662,6628
7851,6591
8082,6539
8349,6535
8477,6582
8620,6597
8865,6673
9003,6747
9174,6834
9460,6944
9559,7066
9783,7197
10000,7401
10137,7536
10230,7739
10342,7929
10453,8151
10520,8353
10518,8479
10493,8684
10469,8860
10404,9043
10133,9139
9971,9148
9943,9170
9666,9175
9480,9249
9342,9212
9138,9263
8895,9296
8579,9196
8376,9056
8127,8990
7804,8870
7594,8769
7367,8613
7163,8445
7006,8352
6866,8142
6754,8058
6665,7940
6598,7819
6556,7648
6497,7419
6502,7292
6543,7125
6637,7076
6708,6960
6784,6843
6902,6733
7052,6648
7180,6603
7328,6541
7561,6466
7773,6451
7984,6425
8136,6430
8308,6469
8454,6543
8615,6604
8858,6669
9069,6809
9217,6971
9359,7085
9589,7278
9758,7375
9791,7533
9975,7663
10153,7838
10229,8096
10168,8230
10149,8374
10242,8511
10073,8605
10065,8692
9934,8830
9931,8921
9758,8978
9598,9074
9324,9082
9130,9030
8939,9007
8667,9062
8444,9031
8255,8961
7998,8885
7833,8796
7643,8760
7357,8410
7296,8442
7145,8285
7004,8115
6903,7980
6846,7835
6801,7676
6827,7653
6823,7455
6855,7335
6861,7203
6901,7061
6948,6941
7092,6863
7204,6748
7198,6633
7430,6630
7506,6513
7728,6522
7894,6486
8158,6459
8440,6509
8611,6562
8817,6605
9265,6715
9473,6806
9808,6907
10069,7031
10251,7202
10416,7304
10669,7411
10825,7608
11124,7793
11231,7989
10828,7922
10827,8133
10849,8247
10884,8340
10858,8533
10785,8768
10595,8912
10329,8937
10108,8958
9785,9001
9649,9111
9464,9106
9288,9173
8957,9189
8626,9060
8287,8995
8116,8987
7934,8904
7797,8764
7576,8643
7434,8595
7306,8542
7212,8444
7091,8317
6962,8225
6872,8084
6759,7933
6707,7761
6646,7456
6684,7294
6736,7165
6890,7151
6987,7093
7106,6972
7172,6896
7248,6786
7364,6699
7450,6611
7637,6597
7822,6573
8017,6527
8098,6579
8266,6662
8294,6735
8369,6829
8405,6923
8409,7040
8555,7132
8644,7291
8641,7503
8762,7647
8889,7705
9001,7821
9339,8197
9222,8326
9205,8400
9240,8509
9250,8637
9130,8654
9126,8701
9012,8755
8800,8876
8801,8989
8594,8719
8392,8735
8235,8749
8017,8718
7838,8665
7742,8580
7630,8688
7551,8661
7331,8445
7144,8284
7048,8340
6939,8117
6827,8048
6728,7935
6662,7789
6622,7624
6617,7445
6637,7342
6672,7186
6746,7079
6870,6970
7007,6892
7140,6814
7212,6693
7363,6588
7558,6595
7759,6551
8162,6534
8170,6510
8328,6488
8855,6507
9168,6568
9296,6617
9608,6644
9732,6712
9780,6774
9973,6840
10000,6937
10200,7061
10246,7206
10305,7327
10331,7472
10067,7570
10115,7740
9958,7867
9669,7878
9673,8081
9567,8385
9403,8477
9296,8620
9182,8803
9078,8793
8816,8902
8581,9009
8361,9167
8300,9293
8042,9065
7872,8967
7749,8969
7551,9037
7370,8947
7268,8946
7130,8816
7034,8589
6960,8444
6827,8338
6768,8199
6705,8083
6664,7858
6654,7619
6628,7504
6656,7283
6652,7125
6709,6920
6848,6896
6943,6770
7057,6669
7179,6596
7446,6518
7656,6488
7837,6465
7974,6438
8136,6477
8355,6512
8579,6574
8831,6629
8949,6685
9321,6794
9597,6924
9660,7006
9890,7124
9684,7184
9940,7287
10401,7489
10631,7546
10593,7707
10567,7773
10625,7945
10629,8082
10548,8196
10532,8280
10504,8424
10284,8526
10171,8634
10036,8700
9591,8766
9640,8863
9305,8909
9022,9018
8680,9007
8425,8961
8172,8876
8000,8818
7778,8789
7498,8745
7316,8686
7122,8635
6958,8566
6869,8389
6756,8241
6700,8131
6681,7985
6687,7785
6726,7624
6783,7471
6799,7248
6899,7056
7020,6973
7160,6884
7344,6808
7536,6744
7546,6657
7902,6635
8149,6610
8519,6610
8750,6648
9036,6687
9200,6755
9785,6846
10089,6968
10345,7063
10589,7274
10916,7414
11012,7570
11360,7826
11671,8142
11832,8271
11843,8485
11582,8422
11858,8785
11774,9022
11303,8931
11316,9065
11379,9554
11093,9612
10936,9692
10619,9749
10461,9858
10104,9652
9871,9766
9460,9721
9213,9687
8893,9655
8594,9376
8183,9023
7966,8880
7678,8797
7434,8709
7307,8676
7174,8550
7202,8651
6982,8310
6946,8489
6822,8230
6828,8254
6773,7976
6781,7737
6817,7519
6908,7455
7047,7254
7143,7036
7312,6918
7475,6810
7750,6695
8033,6605
8144,6475
8437,6466
8719,6477
8920,6536
9240,6595
9582,6657
10107,6782
10309,6920
10820,7088
11742,7326
11215,7480
11447,7662
12823,7925
12624,8049
13496,8269
13542,8395
13812,8582
13782,8741
14077,9039
14023,9295
13039,9387
12716,9580
12590,9680
12375,9638
12450,9817
12259,9977
11539,9864
11187,9880
10748,9949
10777,10311
10348,10174
9888,10218
9359,10362
8948,10346
8576,10183
8193,9960
7914,9886
7681,9640
7460,9359
7295,8972
7146,8645
7017,8437
6959,8223
6991,8059
7099,8002
7245,7995
7322,7566
7541,7400
8006,7201
8349,7014
8669,6901
9168,6791
9280,6631
9908,6622
10345,6566
10866,6604
11310,6626
11848,6787
12295,6926
12306,7105
12259,7210
12751,7406
12974,7656
13232,7999
13509,8396
13610,8741
13784,9219
13846,9542
14370,10154
14498,10470
14524,10791
14413,11155
14352,11682
13966,11931
13560,11957
13294,12404
12820,12493
12522,12976
11704,12536
11307,12452
10877,12239
10315,12306
10133,12653
9788,12697
9288,12379
8784,12273
8468,12460
8098,11988
7720,11809
7457,11581
7213,11120
7059,10597
6902,10164
6784,9838
6751,9400
6811,9047
6926,8714
6904,8326
6977,8058
7312,7655
7586,7577
7387,7328
7047,7090
6683,6894
6441,6824
6313,6741
6219,6753
6193,6788
6174,6828
6171,6955
6158,7157
6144,7362
6153,7521
6145,7764
6155,8049
6153,8388
6152,8684
6161,8964
6142,9288
6138,9626
6134,9857
6141,10037
6138,10500
6124,10751
6127,11043
6128,11101
6128,11316
6133,11617
6129,11664
6122,11904
6129,11783
6127,11681
6118,11422
6130,11219
6117,11137
6122,10918
6120,10682
6112,10682
6124,10433
6123,10241
6124,9971
6134,9618
6113,9254
6120,8950
6123,8745
6123,8574
6118,8275
6127,7982
6117,7782
6117,7481
6106,7287
6114,7070
6115,6934
6113,6781
6116,6677
6110,6631
6115,6577
6123,6454
6116,6345
6109,6241
6106,6185
6095,6161
6112,6152
6108,6117
6108,6119
6104,6122
6113,6108
6108,6104
6098,6108
6103,6096
6110,6122
6103,6107
6111,6116
6106,6114
6111,6105
6107,6111
6100,6077
6114,6081
6103,6090
6104,6077
6106,6076
6111,6068
6103,6078
6104,6079
6105,6083
6110,6071
6101,6072
6104,6073
6105,6076
6115,6052
6112,6064
6109,6057
6112,6073
6107,6056
6116,6067
6101,6062
6101,6060
6104,6063
6103,6061
6105,6068
6103,6063
6108,6072
6098,6068
6114,6062
6112,6063
6108,6061
6107,6063
6105,6073
6116,6063
6117,6067
6117,6062
6104,6053
6113,6058
6112,6074
6112,6061
6106,6060
6117,6053
6104,6056
6113,6062
6110,6062
6115,6070
6112,6052
6115,6059
6097,6065
6114,6062
6102,6063
6100,6062
6145,6071
6216,6157
6219,6133
6135,6060
6139,6061
6117,6060
6116,6063
6103,6045
6119,6067
6106,6049
6113,6061
6119,6054
6113,6061
6111,6056
6107,6038
6104,6064
6099,6055
6110,6054
6119,6046
6107,6065
6109,6052
6117,6050
6110,6046
6110,6046
6100,6045
6119,6068
6103,6052
6112,6052
6118,6055
6105,6044
6109,6053
6109,6056
6100,6053
6105,6061
6118,6060
6111,6054
6106,6037
6104,6042
6099,6042
6108,6057
6104,6044
6105,6059
6111,6059
6114,6058
6115,6063
6117,6052
6100,6047
6103,6063
6101,6050
6103,6055
6112,6050
6108,6056
6095,6058
6107,6048
6104,6048
6106,6060
6103,6040
6100,6054
6101,6061
6104,6063
6112,6062
6112,6066
6108,6055
6112,6051
6098,6063
6112,6057
6114,6052
6107,6060
6111,6057
6109,6056
6110,6058
6111,6038
6107,6054
6101,6063
6104,6053
6111,6052
6122,6050
6111,6038
6110,6056
6101,6060
6100,6049
6112,6058
6107,6055
6109,6036
6100,6046
6096,6052
6108,6052
6111,6060
6094,6045
6104,6057
6107,6052
6104,6048
6099,6048
6098,6072
6102,6061
6103,6041
6109,6062
6099,6057
6101,6044
6109,6060
6102,6045
6105,6055
6114,6060
6107,6058
6108,6056
6100,6048
6104,6048
6108,6051
6111,6055
6113,6052
6098,6053
6101,6053
6107,6051
6105,6052
6106,6056
6092,6039
6101,6052
6099,6049
6104,6045
6107,6054
6097,6053
6111,6056
6113,6050
6098,6044
6106,6046
6110,6064
6100,6058
6103,6042
6111,6062
6111,6050
6099,6057
6102,6053
6093,6050
6100,6045
6103,6054
6101,6063
6101,6057
6095,6060
6107,6048
6102,6052
6099,6055
6096,6062
6099,6046
6109,6042
6095,6048
6095,6052
6104,6053
6105,6050
6102,6049
6099,6052
6091,6054
6104,6043
6108,6052
6107,6056
6093,6044
6110,6050
6090,6050
6096,6053
6109,6053
6097,6054
6096,6063
6096,6063
6100,6057
6108,6039
6101,6054
6097,6046
6103,6043
6104,6051
6115,6042
6097,6038
6100,6042
6109,6048
6098,6049
6102,6050
6106,6054
6104,6053
6103,6051
6113,6051
6100,6061
6107,6046
6101,6034
6106,6059
6101,6056
6103,6049
6114,6056
6106,6052
6108,6064
6105,6053
6097,6061
6109,6050
6107,6053
6100,6053
6109,6062
6102,6053
6101,6046
6106,6050
6102,6043
6111,6048
6106,6057
6104,6049
6104,6058
6104,6047
6100,6052
6114,6058
6105,6048
6115,6061
6101,6058
6108,6064
6107,6058
6114,6063
6113,6049
6114,6059
6109,6066
6121,6052
6106,6060
6115,6055
6110,6055
6108,6057
6100,6064
6114,6065
6114,6053
6102,6062
6103,6050
6111,6056
6107,6055
6106,6054
6110,6056
6109,6049
6111,6051
6112,6054
6114,6049
6101,6062
6103,6064
6104,6054
6108,6049
6103,6054
6095,6056
6101,6058
6098,6058
6102,6065
6095,6059
6103,6057
6107,6062
6102,6058
6096,6050
6101,6060
6111,6061
6107,6052
6099,6065
6102,6042
6095,6062
6100,6063
6103,6058
6107,6048
6107,6058
6093,6058
6109,6055
6107,6053
6105,6056
6108,6060
6105,6054
6100,6042
6102,6061
6114,6049
6108,6036
6107,6051
6097,6057
6111,6065
6021,5983
5981,5922
6054,6001
6023,5985
6089,6045
6134,6072
6025,6047
6103,6047
6111,6055
6113,6060
6099,6057
6101,6063
6107,6064
6116,6049
6109,6058
6113,6060
6098,6046
6106,6051
6101,6055
6108,6062
6107,6061
6126,6055
6106,6058
6109,6044
6104,6051
6113,6055
6119,6046
6107,6064
6103,6063
6113,6057
6112,6053
6121,6055
6109,6046
6116,6058
6113,6057
6118,6050
6114,6060
6123,6095
6119,6056
6118,6066
6124,6060
6107,6043
6108,6051
6116,6035
6113,6054
6115,6046
6117,6050
6119,6048
6118,6053
6115,6058
6106,6052
6113,6057
6114,6054
6111,6053
6108,6056
6116,6053
6115,6070
6112,6055
6114,6048
6110,6060
6114,6048
6097,6031
6099,6049
6114,6062
6111,6054
6111,6051
6110,6049
6116,6056
6096,6033
6116,6057
6115,6064
6118,6057
6114,6050
6110,6060
6099,6062
6108,6052
6112,6064
6108,6054
6111,6057
6113,6057
6114,6058
6106,6055
6105,6050
6108,6044
6108,6050
6120,6058
6119,6050
6115,6054
6109,6047
6111,6047
6116,6047
6119,6054
6109,6051
6110,6063
6113,6056
6115,6050
6117,6064
6111,6056
6118,6046
6115,6057
6097,6062
6113,6053
6110,6057
6107,6051
6120,6058
6113,6060
6107,6065
6117,6062
6117,6049
6112,6062
6111,6058
6105,6052
6115,6062
6117,6057
6109,6056
6107,6059
6114,6062
6115,6054
6105,6057
6117,6056
6122,6055
6116,6059
6115,6048
6116,6049
6128,6054
6118,6050
6124,6064
6126,6040
6109,6043
6123,6056
6124,6057
6106,6065
6116,6056
6114,6065
6110,6069
6117,6056
6109,6049
6121,6054
6110,6063
6122,6055
6098,6058
6118,6063
6116,6062
6119,6063
6108,6061
6112,6061
6124,6063
6124,6061
6110,6058
6116,6059
6121,6054
6121,6054
6110,6061
6116,6055
6117,6070
6120,6061
6116,6066
6114,6063
6118,6058
6123,6063
6116,6056
6115,6061
6114,6063
6123,6058
6122,6058
6115,6063
6115,6062
6114,6056
6122,6054
6114,6061
6118,6070
6107,6062
6116,6062
6116,6062
6111,6062
6127,6056
6114,6062
6117,6061
6113,6068
6121,6053
6118,6053
6117,6052
6117,6069
6111,6066
6114,6066
6112,6054
6111,6056
6115,6060
6120,6048
6110,6059
6118,6058
6115,6062
6121,6060
6113,6066
6121,6054
6121,6054
6117,6057
6110,6060
6117,6046
6121,6051
6116,6056
6115,6058
6114,6061
6116,6071
6114,6060
6124,6058
6119,6049
6115,6058
6116,6055
6118,6054
6121,6062
6116,6060
6123,6056
6120,6055
6113,6051
6115,6057
6121,6057
6121,6057
6113,6066
6124,6065
6121,6049
6113,6064
6119,6062
6119,6057
6121,6063
6108,6051
6124,6056
6112,6069
6113,6061
6122,6060
6119,6053
6122,6055
6118,6049
6118,6057
6122,6060
6120,6051
0,37
0,61680
0,0
6115,6045
5596,5576
5603,5577
5607,5573
5607,5576
5610,5569
5600,5582
5604,5577
5602,5574
5820,5754
6327,6314
6274,6311
6287,6283
6304,6308
6289,6301
6297,6307
6300,6321
6281,6311
6289,6339
6294,6348
6302,6324
6314,6312
6287,6334
6289,6327
6293,6311
6300,6323
6311,6332
6295,6306
6300,6323
6306,6314
6301,6307
6295,6314
6311,6318
6293,6335
6282,6312
6297,6322
6297,6329
6288,6325
6294,6336
6299,6346
6284,6323
6293,6310
6284,6318
6307,6314
6315,6334
6288,6338
6294,6319
6314,6323
6301,6308
6297,6299
6312,6311
6307,6319
6304,6328
6281,6339
6285,6353
6303,6314
6317,6320
6295,6335
6303,6349
6295,6343
6299,6339
6288,6327
6304,6314
6303,6315
6309,6307
6295,6324
6295,6331
6314,6335
6301,6312
6307,6329
6306,6331
6309,6332
6291,6321
6292,6328
6296,6318
6287,6332
6291,6329
6306,6318
6308,6307
6286,6314
6305,6315
6305,6323
6311,6346
6274,6343
6286,6342
6290,6342
6307,6336
6293,6333
6281,6332
6295,6326
6295,6340
6297,6319
6281,6329
6304,6331
6309,6352
6302,6329
6305,6343
6310,6324
6302,6313
6310,6341
6284,6318
6298,6314
6319,6316
6301,6310
6285,6321
6282,6314
6270,6319
6290,6319
6307,6307
6306,6289
6289,6310
6289,6323
6287,6324
6283,6335
6288,6365
6282,6354
6294,6322
6306,6340
6287,6302
6311,6318
6291,6331
6296,6350
6302,6342
6301,6354
6319,6348
6290,6346
6271,6329
6303,6333
6285,6349
6299,6328
6296,6336
6286,6332
6290,6328
6301,6324
6299,6331
6286,6337
6301,6324
6278,6331
6291,6338
6302,6335
6304,6323
6275,6330
6274,6363
6287,6330
6288,6343
6286,6335
6291,6341
6287,6350
6287,6352
6295,6331
6310,6333
6287,6344
6276,6345
6290,6350
6298,6352
6297,6339
6301,6361
6285,6348
6292,6349
6304,6351
6280,6327
6303,6339
6279,6332
6309,6326
6274,6376
6279,6352
6285,6354
6293,6350
6286,6335
6298,6343
6293,6337
6277,6342
6281,6354
6286,6358
6291,6369
6295,6345
6300,6348
6281,6343
6291,6336
6296,6366
6296,6354
6227,6288
6317,6375
6337,6394
6301,6322
6306,6355
6306,6330
6293,6343
6294,6368
6270,6344
6277,6349
6283,6386
6271,6353
6283,6366
6285,6366
6292,6363
6294,6339
6281,6343
6277,6353
6276,6358
6267,6375
6265,6394
6262,6370
6251,6369
6266,6368
6262,6365
6253,6411
6265,6376
6287,6374
6264,6356
6271,6376
6273,6361
6274,6385
6278,6359
6276,6349
6282,6374
6286,6358
6272,6376
6283,6377
6269,6371
6258,6378
6265,6383
6276,6386
6262,6396
6253,6384
6263,6372
6279,6387
6282,6412
6281,6354
6258,6403
6255,6384
6261,6369
6267,6398
6264,6381
6265,6363
6256,6359
6257,6340
6270,6364
6263,6365
6242,6370
6250,6405
6252,6377
6270,6399
6260,6416
6265,6447
6254,6441
6272,6400
6253,6412
6249,6398
6268,6391
6273,6365
6266,6383
6256,6396
6263,6388
6262,6367
6281,6388
6258,6394
6257,6394
6255,6379
6255,6364
6257,6381
6267,6365
6239,6390
6234,6375
6246,6360
6242,6357
6240,6358
6256,6364
6258,6358
6253,6371
6230,6388
6247,6370
6234,6384
6242,6385
6244,6419
6255,6417
6248,6419
6256,6416
6262,6432
6252,6385
6269,6376
6253,6368
6258,6391
6266,6392
6262,6364
6238,6396
6244,6373
6251,6388
6258,6394
6243,6406
6226,6383
6243,6390
6245,6386
6259,6388
6256,6360
6254,6386
6254,6372
6248,6376
6258,6365
6253,6372
6245,6378
6247,6404
6270,6387
6258,6408
6261,6391
6255,6371
6235,6385
6238,6362
6243,6371
6271,6369
6240,6357
6244,6347
6246,6349
6254,6352
6250,6375
6244,6400
6247,6399
6236,6422
6234,6420
6235,6402
6244,6405
6256,6421
6245,6406
6246,6402
6231,6425
6235,6406
6243,6396
6241,6403
6240,6419
6237,6411
6236,6428
6244,6402
6226,6412
6239,6437
6245,6420
6240,6404
6255,6386
6245,6397
6256,6375
6229,6388
6252,6400
6249,6404
6242,6399
6242,6419
6223,6417
6236,6415
6241,6439
6240,6371
6240,6358
6225,6362
6230,6375
6230,6377
6236,6353
6249,6385
6229,6383
6243,6392
6232,6409
6231,6397
6243,6433
6247,6417
6243,6388
6236,6406
6223,6396
6229,6410
6226,6352
6233,6399
6239,6414
6253,6410
6237,6433
6235,6394
6237,6396
6240,6378
6237,6362
6231,6385
6225,6412
6216,6414
6221,6417
6221,6384
6239,6423
6239,6423
6231,6413
6222,6433
6227,6434
6222,6429
6228,6423
6229,6417
6232,6413
6233,6404
6221,6413
6235,6425
6229,6417
6225,6409
6228,6397
6217,6416
6226,6423
6232,6429
6235,6407
6225,6405
6241,6374
6224,6393
6228,6401
6230,6391
6221,6400
6228,6427
6218,6406
6224,6431
6228,6425
6217,6393
6209,6394
6231,6413
6229,6414
6232,6406
6225,6400
6228,6390
6223,6390
6227,6390
6220,6381
6222,6361
6228,6346
6225,6367
6230,6360
6220,6366
6230,6357
6225,6350
6234,6367
6231,6402
6225,6386
6219,6372
6224,6396
6218,6393
6239,6400
6222,6372
6218,6429
6235,6382
6219,6385
6243,6401
6224,6419
6219,6429
6218,6432
6220,6428
6230,6441
6222,6409
6230,6387
6244,6391
6235,6387
6237,6390
6220,6395
6230,6395
6226,6387
6226,6392
6421,6620
6126,6395
6321,6452
6329,6497
6220,6407
6220,6378
6240,6398
6230,6376
6230,6392
6213,6358
6208,6347
6225,6379
6227,6400
6217,6384
6213,6412
6227,6390
6222,6384
6226,6354
6226,6342
6231,6370
6240,6363
6234,6379
6224,6359
6251,6367
6240,6377
6229,6374
6227,6395
6219,6384
6225,6379
6221,6365
6228,6353
6218,6385
6220,6372
6230,6355
6227,6360
6227,6384
6220,6359
6221,6361
6232,6365
6231,6384
6228,6356
6241,6385
6233,6342
6234,6362
6229,6387
6231,6365
6230,6379
6245,6407
6220,6368
6234,6383
6233,6354
6232,6369
6241,6352
6226,6345
6236,6338
6232,6380
6236,6385
6224,6394
6215,6377
6236,6350
6232,6381
6230,6361
6227,6386
6216,6375
6238,6379
6235,6391
6235,6382
6226,6385
6241,6352
6224,6359
6231,6369
6236,6361
6236,6341
6231,6365
6240,6356
6219,6358
6236,6368
6235,6402
6227,6388
6233,6377
6241,6385
6247,6385
6235,6381
6250,6380
6229,6365
6244,6371
6227,6360
6228,6368
6238,6385
6234,6376
6234,6359
6247,6381
6246,6358
6228,6364
6225,6352
6228,6358
6225,6371
6226,6359
6231,6358
6223,6356
6229,6352
6228,6368
6240,6377
6233,6382
6220,6376
6237,6346
6238,6353
6252,6354
6217,6362
6248,6361
6232,6363
6230,6402
6254,6364
6238,6329
6244,6352
6246,6356
6250,6367
6243,6365
6239,6363
6255,6379
6251,6354
6255,6368
6270,6392
6263,6373
6272,6374
6285,6375
6306,6353
6318,6354
6327,6364
6354,6351
6382,6363
6408,6352
6444,6346
6460,6345
6527,6362
6583,6366
6600,6354
6652,6364
6711,6332
6781,6359
6869,6359
6960,6366
7046,6355
7167,6351
7253,6360
7334,6366
7442,6355
7537,6342
7600,6363
7688,6370
7832,6375
7947,6335
8077,6341
8104,6358
8206,6340
8266,6375
8281,6381
8229,6374
8160,6378
8038,6378
8111,6372
7929,6399
7882,6379
7954,6399
7861,6386
7786,6388
7606,6400
7487,6386
7302,6405
7144,6412
7020,6396
6922,6438
6846,6443
6802,6458
6763,6474
6747,6515
6715,6535
6702,6548
6723,6562
6727,6649
6848,6616
7013,6644
7155,6652
7376,6636
7577,6634
7809,6643
8061,6621
8348,6587
8521,6593
8666,6590
8951,6592
9101,6589
9207,6621
9337,6652
9522,6659
9593,6708
9751,6834
9729,6897
9755,7036
9654,7093
9653,7238
9701,7342
9748,7429
9749,7549
9699,7720
9562,7898
9434,7988
9361,8059
9235,8286
9199,8464
9001,8567
8735,8759
8519,8872
8450,9038
8173,9145
7967,9112
7771,9244
7510,9303
7367,9214
7187,9097
7046,8925
6927,8840
6854,8795
6795,8722
6758,8535
6769,8324
6816,8009
6834,7939
6867,7767
6910,7641
7099,7446
7112,7285
7183,7203
7343,7095
7508,6982
7662,6864
7786,6840
8025,6802
8171,6810
8292,6841
8459,6853
8671,6848
8911,6857
9062,6947
9433,7045
9549,7037
9860,7124
10049,7216
10383,7482
10045,7388
9990,7521
10062,7641
10325,7858
10373,7977
10292,8089
10327,8330
10231,8491
10301,8507
10392,8601
10360,8742
10311,8658
10079,8660
9781,8766
9525,8691
9289,8738
9043,8665
8805,8590
8639,9287
8180,8910
8018,8402
7662,8283
7472,8346
7302,8047
7133,8006
6984,7928
6865,7870
6773,7719
6712,7635
6690,7567
6753,7536
6830,7449
6924,7316
7068,7217
7225,7107
7392,6998
7640,6907
7909,6843
8160,6766
8424,6822
8716,6796
8952,6769
9200,6786
9602,6762
9934,6780
10116,6834
10383,6914
10631,6961
10913,7054
11132,7202
11062,7316
11190,7482
10998,7685
10896,7896
10912,8181
11031,8390
11169,8574
11112,8889
10864,9090
10693,9321
10568,9669
10264,9681
10180,9797
10230,9878
10080,9961
9712,10077
9523,10117
9256,10172
9022,10193
8765,10251
8538,10274
8303,10108
8065,9864
7746,9791
7544,9777
7349,9582
7150,9416
6997,9160
6838,8945
6739,8530
6682,8285
6657,8141
6631,7986
6654,7712
6733,7481
6822,7345
6965,7141
7132,7017
7358,6914
7570,6829
7798,6770
8045,6714
8353,6686
8589,6693
8906,6715
9041,6784
9353,6904
9555,7010
9677,7047
10181,7211
10475,7296
10202,7435
10330,7628
10398,7793
10263,7937
10247,8105
10283,8255
10308,8526
10257,8817
10090,9031
9955,9321
9850,9539
9734,9654
9575,9900
9452,10124
9328,10249
9103,10321
8926,10414
8681,10453
8511,10360
8345,10410
8128,10438
7952,10509
7798,10431
7618,10127
7399,10034
7256,9836
7148,9485
7007,9294
6843,9135
6741,8955
6661,8650
6615,8413
6577,8189
6581,7961
6567,7815
6604,7608
6675,7436
6731,7224
6857,7116
6999,6973
7140,6887
7315,6645
7528,6600
7732,6529
7985,6488
8143,6447
8375,6485
8575,6515
8793,6520
9003,6571
9113,6660
9243,6743
9352,6843
9428,6941
9469,7076
9493,7184
9632,7292
9697,7377
9749,7552
9640,7805
9672,7985
9489,7917
9501,8105
9377,8148
9368,8266
9240,8446
9112,8573
8983,8673
8833,8802
8686,8887
8621,8934
8506,8987
8334,8995
8196,9012
8037,8937
7888,8853
7691,8797
7539,8710
7401,8572
7199,8496
7062,8401
6916,8240
6810,8108
6716,7895
6647,7704
6565,7568
6564,7358
6559,7179
6612,7057
6674,6932
6773,6783
6861,6696
6995,6633
7167,6546
7383,6508
7584,6482
7768,6457
8019,6484
8175,6498
8375,6496
8672,6556
8977,6598
9217,6677
9427,6783
9625,6901
9740,6974
9866,7090
10031,7164
10133,7294
10281,7436
10368,7570
10330,7665
10384,7882
10387,7992
10294,8100
10309,8286
10154,8403
9921,8537
9774,8698
9486,8736
9355,8909
9238,9028
9003,9136
8706,9224
8431,9306
8097,9263
7834,9216
7580,9256
7387,9196
7188,9059
7010,9036
6861,8912
6722,8747
6647,8563
6542,8410
6512,8316
6497,8119
6496,7915
6543,7802
6611,7634
6698,7441
6801,7292
6895,7075
6999,6969
7198,6860
7316,6784
7461,6690
7618,6614
7866,6579
8038,6527
8304,6522
8435,6542
8577,6546
8764,6612
8896,6669
9047,6786
9269,6891
9310,6981
9532,7123
9786,7307
9903,7464
9998,7645
10123,7873
10329,8094
10447,8323
10504,8479
10392,8508
10359,8658
10321,8790
10087,8867
9928,8925
9823,8922
9656,8931
9476,8992
9337,8955
9144,9031
8869,9029
8587,8910
8379,8789
8063,8756
7837,8589
7588,8470
7354,8393
7177,8401
7010,8329
7001,8150
6897,8106
6785,8038
6470,7644
6518,7534
6526,7458
6502,7279
6551,7101
6618,7050
6720,6977
6798,6855
6905,6722
7039,6667
7155,6596
7280,6537
7469,6472
7632,6436
7753,6427
7890,6430
8024,6472
8092,6535
8259,6607
8482,6699
8606,6782
8770,6913
8879,7081
8967,7226
9198,7325
9302,7472
9393,7685
9659,7863
9702,8052
9715,8265
9732,8378
9761,8545
9617,8614
9642,8712
9656,8840
9571,8856
9480,8968
9334,8928
9123,8978
9093,9016
8937,9059
8451,8858
8229,8789
8061,8684
7824,8545
7655,8476
7456,8320
7297,8231
7180,8000
7045,7875
6885,7695
6845,7550
6826,7472
6807,7423
6849,7307
6905,7223
6927,7132
6883,7006
6923,6907
6972,6851
7027,6750
7145,6681
7252,6622
7331,6579
7525,6539
7710,6531
7902,6497
8192,6492
8380,6517
8600,6566
8839,6605
8987,6674
9237,6777
9498,6878
9777,7012
9877,7135
9997,7224
10248,7350
10532,7467
10798,7664
10918,7825
10852,7976
10778,8095
10753,8209
10710,8290
10660,8383
10523,8570
10317,8559
10011,8591
9789,8628
9520,8674
9377,8692
9201,8728
8993,8762
8667,8772
8432,8697
8139,8657
7876,8701
7714,8609
7605,8487
7481,8423
7368,8408
7247,8307
7142,8254
7021,8155
6951,8045
6822,7885
6713,7769
6665,7581
6645,7456
6642,7331
6757,7151
6908,7057
7005,6972
7066,6903
7125,6815
7216,6753
7280,6654
7320,6600
7442,6558
7586,6531
7784,6530
7989,6603
8026,6654
8168,6710
8308,6793
8394,6914
8450,7026
8561,7124
8638,7312
8598,7509
8726,7633
8861,7688
8926,7807
8888,8033
8897,8181
8834,8290
8958,8311
8996,8398
8882,8495
8852,8513
8870,8636
8806,8752
8738,8767
8601,8653
8399,8658
8181,8767
8037,8716
7858,8619
7691,8555
7560,8500
7459,8411
7221,8314
7112,8238
6974,8112
6848,7922
6763,7815
6670,7743
6643,7601
6601,7406
6593,7311
6662,7323
6681,7189
6688,6961
6799,6895
6890,6844
7048,6763
7169,6661
7320,6615
7513,6552
7677,6546
7882,6510
8064,6502
8270,6480
8526,6516
8589,6574
8796,6599
9153,6638
9266,6672
9383,6726
9604,6790
9655,6840
10066,7035
10349,7247
10008,7264
10013,7376
9973,7528
9977,7702
9843,7775
9664,7859
9496,8061
9358,8173
9228,8217
9050,8322
8955,8422
8813,8534
8675,8570
8378,8582
8214,8652
8119,8787
7919,8601
7807,8559
7706,8577
7480,8584
7362,8528
7238,8470
7145,8344
7033,8154
6982,8061
6798,7966
6738,7896
6665,7742
6638,7576
6601,7434
6593,7325
6613,7175
6635,7060
6684,6936
6782,6796
6869,6694
6961,6607
7129,6532
7349,6481
7532,6449
7678,6410
7967,6456
7972,6445
8162,6455
8385,6522
8645,6555
8783,6663
9121,6746
9269,6852
9376,6955
9499,7070
9660,7205
9781,7284
9924,7386
10223,7457
10228,7602
10206,7671
10157,7751
10163,7871
10200,8068
10360,8235
10465,8426
9885,8394
9823,8487
9662,8546
9524,8746
9318,8784
9029,8842
8714,8911
8393,9002
8114,8927
7909,8796
7763,8835
7543,8803
7349,8722
7199,8673
7004,8646
6841,8568
6771,8361
6699,8239
6721,8146
6591,8135
6594,7736
6565,7490
6673,7341
6802,7206
6882,7073
7016,6947
7135,6838
7231,6776
7386,6688
7536,6626
7723,6577
7920,6588
8141,6574
8386,6620
8625,6674
8869,6742
9217,6840
9615,6975
9902,7074
10195,7234
10481,7412
10702,7561
10935,7760
11196,7963
11397,8096
11411,8236
11430,8430
11419,8575
11340,8686
11265,8853
11268,8984
11017,9172
10853,9239
10582,9274
10358,9303
10185,9344
9865,9268
9535,9225
9293,9340
9188,9612
8728,9233
8430,9074
8232,9056
7969,8894
7665,8874
7396,8709
7298,8626
7184,8524
7068,8420
6959,8258
6864,8230
6808,8093
6742,7959
6726,7756
6727,7592
6752,7399
6854,7263
6950,7096
7096,6936
7213,6805
7439,6693
7677,6567
7917,6517
8192,6488
8456,6472
8677,6477
8956,6542
9204,6584
9563,6686
10041,6805
10308,6903
10621,7082
10927,7269
11247,7462
11441,7648
11803,7825
12052,8011
12248,8177
12513,8351
12689,8453
13047,8712
13118,8950
13231,9167
13107,9379
12698,9557
12502,9687
12371,9613
12180,9732
11861,9775
11524,9800
11149,9817
10750,9985
10344,9930
10060,9964
9521,9827
9082,9952
8676,9903
8338,9787
8074,9608
7813,9433
7621,9229
7439,9022
7241,8773
7147,8725
7041,8423
6951,8241
6979,8037
7054,7943
7127,7763
7307,7531
7557,7384
7916,7167
8226,6982
8627,6872
8931,6711
9203,6619
9612,6536
10066,6523
10489,6537
10946,6574
11371,6703
11862,6861
11966,7025
12268,7168
12661,7408
12976,7648
13236,8024
13482,8363
13649,8738
13719,9212
13715,9447
13777,9693
13866,9933
13760,10266
13732,10676
13429,11092
13323,11249
13035,11536
12661,11671
12395,11923
12029,12319
11620,12315
11216,12418
10867,12247
10361,12273
9988,12250
9569,12149
9139,12083
8717,12175
8323,11944
8030,11565
7685,11432
7370,11193
7160,10886
7028,10420
6889,9933
6765,9677
6785,9248
6803,8882
6887,8641
6880,8288
6963,7964
7341,7651
7573,7466
7375,7246
7057,7077
6683,6902
6443,6790
6313,6752
6233,6746
6197,6776
6183,6830
6159,6950
6136,7180
6143,7377
6152,7540
6158,7797
6155,8082
6152,8393
6151,8646
6159,8893
6136,9239
6131,9516
6136,9830
6132,10025
6145,10448
6109,10787
6125,10865
6133,11096
6125,11336
6132,11499
6127,11681
6133,11821
6130,11739
6130,11630
6113,11413
6131,11271
6117,11279
6121,11035
6129,10681
6119,10664
6126,10469
6116,10224
6124,10013
6123,9611
6119,9264
6119,8940
6119,8703
6117,8542
6111,8264
6117,8005
6118,7819
6112,7500
6110,7303
6113,7100
6114,6967
6117,6825
6120,6753
6111,6673
6107,6589
6120,6481
6103,6352
6112,6241
6105,6178
6107,6163
6117,6140
6103,6125
6103,6116
6114,6101
6109,6100
6111,6107
6105,6103
6111,6095
6110,6109
6103,6117
6090,6109
6102,6118
6112,6096
6117,6093
6097,6063
6108,6086
6110,6072
6112,6081
6099,6088
6103,6072
6105,6071
6104,6070
6108,6078
6111,6074
6104,6074
6108,6070
6102,6065
6108,6051
6112,6057
6096,6061
6112,6063
6113,6072
6109,6072
6124,6066
6106,6065
6103,6059
6103,6061
6106,6061
6099,6071
6106,6051
6115,6053
6111,6059
6041,6026
6077,6038
6113,6057
6096,6038
6100,6044
6113,6045
6098,6050
6095,6040
6113,6044
6120,6076
6123,6068
6108,6059
6121,6051
6113,6060
6110,6053
6110,6055
6108,6054
6107,6057
6117,6055
6104,6049
6108,6063
6102,6063
6105,6052
6115,6052
6103,6045
6109,6054
6114,6054
6111,6059
6109,6041
6105,6045
6107,6055
6109,6067
6120,6048
6114,6054
6113,6050
6106,6060
6109,6053
6115,6049
6109,6061
6115,6049
6124,6046
6112,6058
6112,6056
6112,6050
6115,6063
6105,6049
6110,6047
6107,6061
6116,6055
6110,6045
6110,6050
6110,6063
6109,6051
6110,6050
6112,6056
6096,6053
6107,6046
6113,6052
6105,6035
6105,6057
6105,6054
6095,6061
6105,6078
6104,6046
6108,6049
6106,6049
6104,6039
6114,6054
6117,6057
6116,6044
6104,6062
6094,6052
6103,6057
6116,6052
6118,6037
6108,6042
6102,6055
6099,6055
6106,6052
6103,6064
6111,6049
6102,6057
6102,6057
6112,6053
6113,6060
6104,6042
6111,6046
6087,6029
6113,6060
6106,6052
6100,6057
6099,6060
6103,6057
6109,6059
6099,6047
6106,6059
6101,6061
6109,6045
6114,6050
6118,6055
6111,6062
6103,6065
6100,6040
6105,6053
6109,6052
6109,6065
6112,6054
6100,6050
6103,6051
6106,6045
6105,6061
6102,6048
6103,6039
6109,6045
6099,6043
6099,6053
6098,6053
6105,6047
6098,6058
6108,6065
6105,6051
6096,6050
6108,6056
6104,6046
6117,6050
6110,6054
6115,6047
6103,6051
6098,6049
6105,6046
6106,6046
6104,6049
6106,6041
6105,6049
6095,6064
6102,6042
6103,6055
6112,6067
6105,6051
6096,6051
6102,6044
6097,6047
6105,6046
6095,6071
6110,6073
6115,6060
6106,6044
6102,6041
6115,6055
6103,6050
6106,6069
6109,6051
6108,6048
6096,6048
6100,6048
6101,6053
6103,6048
6109,6044
6102,6047
6094,6051
6097,6060
6111,6056
6102,6045
6091,6047
6101,6045
6104,6056
6108,6051
6099,6039
6106,6050
6103,6054
6094,6049
6105,6055
6101,6045
6099,6046
6102,6046
6107,6045
6093,6048
6104,6050
6097,6057
6095,6056
6098,6055
6110,6047
6104,6058
6093,6057
6107,6060
6097,6056
6107,6054
6100,6056
6097,6047
6112,6051
6101,6056
6110,6042
6105,6041
6099,6056
6104,6053
6099,6060
6094,6055
6098,6061
6104,6046
6108,6051
6099,6061
6103,6063
6103,6055
6108,6056
6102,6045
6096,6054
6099,6043
6109,6050
6109,6046
6111,6053
6093,6064
6101,6045
6108,6045
6112,6043
6104,6057
6107,6063
6108,6062
6108,6051
6109,6058
6104,6056
6107,6051
6107,6055
6108,6051
6104,6057
6099,6050
6107,6052
6108,6062
6098,6060
6105,6067
6110,6058
6104,6054
6114,6050
6118,6052
6120,6058
6110,6048
6114,6055
6113,6046
6102,6051
6113,6059
6111,6059
6105,6054
6099,6057
6111,6062
6116,6059
6111,6048
6105,6065
6107,6059
6102,6058
6103,6061
6121,6056
6107,6051
6108,6036
6110,6059
6105,6040
6104,6060
6100,6062
6103,6063
6103,6054
6101,6041
6098,6053
6090,6049
6104,6063
6111,6063
6097,6057
6106,6053
6108,6059
6097,6064
6134,6104
6126,6200
6064,6036
6064,5989
6106,6096
6114,6066
6113,6059
6103,6047
6112,6056
6099,6064
6099,6055
6101,6051
6103,6064
6108,6050
6105,6047
6103,6061
6109,6053
6099,6053
6106,6050
6106,6063
6114,6050
6099,6056
6098,6061
6099,6056
6107,6042
6099,6049
6090,6037
6093,6057
6099,6047
6104,6049
6105,6035
6103,6055
6103,6045
6110,6057
6100,6060
6112,6041
6101,6064
6108,6058
6108,6068
6107,6062
6099,6046
6100,6055
6107,6056
6109,6058
6110,6056
6124,6048
6105,6057
6113,6071
6107,6063
6108,6048
6115,6060
6099,6055
6112,6055
6112,6060
6109,6057
6113,6048
6112,6038
6117,6037
6117,6056
6122,6053
6112,6058
6102,6047
6123,6047
6124,6048
6120,6052
6118,6055
6118,6057
6107,6052
6113,6049
6113,6040
6108,6044
6114,6047
6114,6063
6118,6057
6118,6047
6110,6060
6112,6051
6111,6063
6107,6049
6106,6047
6105,6064
6117,6053
6106,6052
6106,6055
6110,6034
6111,6063
6109,6049
6113,6048
6118,6049
6107,6046
6110,6050
6113,6050
6107,6046
6111,6052
6117,6046
6108,6050
6102,6042
6114,6062
6102,6063
6112,6062
6105,6054
6113,6050
6104,6043
6108,6055
6118,6063
6107,6068
6112,6053
6103,6056
6106,6044
6112,6060
6118,6042
6116,6047
6111,6050
6109,6049
6113,6037
6114,6054
6112,6061
6111,6048
6104,6056
6115,6044
6116,6059
6110,6046
6119,6053
6111,6059
6101,6060
6111,6051
6111,6060
6112,6047
6114,6057
6115,6062
6106,6056
6108,6060
6115,6053
6117,6061
6103,6047
6104,6044
6110,6041
6104,6063
6113,6050
6112,6053
6118,6053
6109,6066
6106,6047
6108,6060
6114,6043
6111,6064
6118,6047
6108,6063
6113,6056
6111,6057
6120,6063
6124,6049
6104,6049
6119,6063
6121,6040
6107,6050
6109,6042
6113,6060
6114,6056
6111,6061
6106,6065
6119,6060
6110,6058
6117,6063
6108,6045
6117,6057
6108,6065
6113,6054
6115,6052
6112,6062
6122,6076
6117,6067
6115,6056
6114,6047
6110,6055
6116,6058
6110,6069
6110,6069
6111,6063
6109,6067
6110,6067
6113,6058
6122,6060
6111,6050
6118,6059
6116,6063
6122,6050
6114,6069
6118,6101
6114,6055
6111,6059
6117,6060
6117,6070
6115,6033
6118,6066
6120,6057
6110,6061
6117,6047
6113,6061
6113,6061
6115,6062
6110,6058
6124,6057
6118,6058
6118,6066
6117,6042
6111,6066
6113,6062
6121,6057
6117,6039
6118,6057
6123,6045
6116,6054
6114,6063
6119,6060
6108,6062
6117,6060
6116,6068
6117,6060
6120,6047
6113,6060
6113,6060
6114,6062
6110,6061
6117,6053
6120,6051
6118,6059
6114,6059
6113,6067
6120,6055
6115,6057
6112,6065
6109,6068
6117,6061
6111,6053
6119,6052
6118,6059
6114,6058
6120,6059
6115,6053
6117,6060
6121,6057
6111,6060
6111,6060
6112,6059
6119,6059
6111,6065
6113,6063
6121,6060
6118,6065
6117,6066
6112,6054
6119,6052
6109,6066
6115,6060
6117,6051
6111,6052
6117,6055
6111,6063
6123,6052
0,30
0,61680
0,0
6114,6060
5598,5577
5598,5579
5601,5583
5604,5583
5593,5579
5593,5587
5598,5581
5594,5581
5820,5755
6319,6323
6286,6312
6295,6319
6294,6306
6279,6310
6296,6311
6290,6316
6290,6331
6286,6322
6279,6325
6283,6325
6294,6330
6292,6334
6301,6351
6298,6309
6298,6313
6303,6334
6288,6341
6297,6320
6304,6321
6303,6322
6277,6340
6311,6326
6297,6335
6295,6340
6293,6320
6288,6322
6283,6329
6296,6346
6278,6353
6287,6323
6287,6323
6291,6334
6295,6346
6282,6355
6277,6345
6296,6346
6299,6327
6299,6295
6294,6327
6305,6341
6299,6328
6266,6343
6279,6328
6302,6397
6313,6324
6312,6320
6306,6336
6309,6351
6300,6339
6285,6324
6297,6313
6281,6305
6301,6293
6306,6309
6305,6304
6307,6341
6288,6341
6282,6312
6307,6326
6307,6322
6303,6334
6288,6333
6295,6346
6299,6325
6290,6304
6283,6323
6303,6318
6288,6305
6293,6323
6317,6321
6314,6316
6310,6326
6304,6344
6288,6334
6299,6335
6302,6346
6300,6341
6281,6343
6276,6302
6290,6318
6294,6330
6288,6329
6306,6342
6301,6344
6296,6351
6305,6354
6311,6317
6292,6309
6310,6336
6303,6334
6298,6323
6305,6322
6294,6307
6283,6313
6276,6295
6271,6334
6294,6330
6313,6304
6305,6316
6289,6323
6288,6316
6292,6354
6296,6320
6302,6352
6275,6349
6286,6323
6303,6338
6298,6304
6311,6321
6312,6332
6293,6357
6291,6335
6283,6352
6316,6333
6286,6338
6276,6330
6273,6345
6284,6344
6277,6318
6284,6343
6270,6345
6284,6336
6295,6322
6291,6340
6292,6334
6294,6341
6283,6313
6306,6315
6295,6357
6298,6328
6283,6324
6286,6350
6283,6329
6298,6347
6288,6338
6282,6342
6289,6355
6272,6343
6290,6345
6304,6346
6290,6332
6266,6340
6293,6342
6316,6336
6304,6345
6313,6360
6581,6714
6342,6288
6378,6560
6299,6354
6366,6391
6298,6322
6299,6337
6267,6351
6298,6342
6288,6375
6282,6347
6278,6337
6279,6336
6295,6340
6275,6335
6264,6328
6279,6336
6298,6369
6289,6363
6273,6365
6284,6350
6279,6352
6291,6362
6285,6353
6279,6318
6274,6359
6283,6322
6276,6343
6289,6319
6289,6328
6293,6343
6295,6353
6277,6350
6275,6360
6275,6368
6265,6357
6267,6362
6271,6357
6278,6347
6276,6367
6289,6324
6279,6346
6278,6365
6258,6374
6275,6391
6265,6374
6267,6368
6262,6352
6249,6385
6248,6403
6272,6369
6268,6367
6261,6361
6265,6371
6272,6349
6285,6351
6271,6363
6272,6363
6280,6385
6284,6390
6255,6389
6273,6388
6264,6377
6265,6379
6262,6404
6288,6383
6261,6386
6263,6391
6275,6375
6261,6397
6268,6406
6275,6378
6257,6396
6263,6399
6265,6377
6263,6393
6274,6360
6268,6351
6255,6369
6263,6374
6256,6382
6270,6386
6257,6362
6250,6400
6249,6390
6251,6420
6261,6398
6262,6431
6265,6406
6259,6396
6262,6391
6256,6376
6263,6401
6263,6374
6252,6378
6264,6390
6275,6382
6256,6402
6257,6401
6273,6449
6262,6392
6257,6387
6259,6363
6263,6377
6251,6375
6250,6358
6249,6368
6253,6371
6243,6354
6224,6346
6256,6371
6233,6348
6256,6396
6242,6399
6246,6368
6231,6393
6247,6390
6242,6410
6247,6408
6248,6408
6248,6404
6251,6445
6245,6403
6259,6413
6258,6394
6252,6412
6252,6366
6255,6375
6229,6398
6242,6390
6247,6383
6258,6377
6243,6387
6240,6393
6240,6379
6235,6401
6242,6406
6236,6379
6248,6388
6247,6378
6242,6380
6241,6377
6240,6369
6234,6377
6231,6385
6252,6410
6246,6388
6237,6387
6249,6374
6233,6376
6243,6367
6239,6370
6249,6379
6244,6362
6243,6360
6251,6366
6240,6368
6258,6359
6240,6379
6244,6410
6237,6422
6231,6436
6241,6427
6230,6431
6250,6408
6240,6408
6231,6398
6234,6402
6240,6397
6240,6396
6236,6410
6241,6415
6234,6413
6246,6434
6252,6414
6229,6396
6226,6431
6250,6399
6243,6375
6246,6377
6232,6402
6242,6381
6235,6384
6237,6371
6239,6397
6238,6427
6224,6437
6218,6413
6234,6407
6233,6442
6234,6403
6237,6358
6232,6364
6226,6384
6220,6386
6225,6378
6244,6370
6249,6363
6244,6385
6246,6417
6245,6396
6230,6433
6241,6403
6245,6380
6235,6405
6239,6397
6235,6375
6231,6369
6220,6406
6237,6408
6232,6420
6239,6458
6222,6425
6243,6402
6242,6369
6232,6365
6227,6391
6215,6419
6239,6385
6219,6434
6229,6394
6239,6417
6233,6441
6232,6407
6227,6428
6218,6421
6225,6427
6223,6425
6233,6409
6235,6410
6230,6429
6211,6402
6220,6422
6216,6408
6232,6397
6220,6400
6241,6434
6231,6420
6234,6417
6230,6410
6230,6379
6244,6377
6235,6369
6233,6374
6218,6370
6212,6421
6219,6392
6227,6406
6230,6409
6219,6401
6218,6403
6223,6410
6218,6395
6225,6416
6227,6398
6220,6408
6223,6386
6227,6385
6229,6390
6231,6368
6218,6371
6223,6352
6226,6354
6228,6359
6232,6362
6240,6357
6230,6348
6226,6371
6241,6395
6183,6345
6211,6372
6244,6403
6216,6376
6213,6374
6210,6361
6241,6415
6219,6403
6211,6379
6237,6392
6230,6424
6215,6417
6210,6418
6225,6386
6222,6439
6220,6404
6237,6396
6225,6388
6232,6383
6232,6385
6226,6389
6230,6408
6217,6389
6236,6408
6231,6399
6233,6417
6223,6400
6228,6397
6222,6382
6231,6383
6225,6360
6231,6375
6225,6393
6222,6378
6217,6391
6225,6376
6211,6422
6228,6390
6223,6400
6228,6374
6225,6365
6236,6371
6221,6365
6223,6348
6235,6364
6228,6375
6225,6376
6239,6380
6240,6371
6221,6388
6227,6394
6215,6385
6218,6376
6217,6377
6220,6364
6219,6355
6211,6348
6222,6385
6219,6375
6215,6391
6226,6353
6225,6346
6224,6346
6225,6350
6227,6325
6246,6358
6226,6365
6234,6374
6226,6362
6233,6362
6227,6395
6245,6400
6232,6367
6232,6374
6231,6358
6228,6344
6240,6371
6236,6357
6235,6360
6230,6371
6228,6372
6216,6371
6222,6385
6228,6361
6230,6358
6235,6355
6218,6373
6209,6404
6242,6399
6238,6394
6239,6388
6224,6377
6235,6363
6219,6364
6250,6378
6231,6325
6230,6366
6225,6349
6237,6348
6219,6384
6219,6346
6235,6381
6233,6353
6226,6406
6231,6396
6232,6380
6235,6370
6243,6377
6224,6353
6251,6353
6226,6364
6225,6365
6231,6378
6232,6383
6231,6361
6239,6354
6244,6354
6236,6372
6230,6336
6237,6308
6234,6326
6225,6336
6225,6318
6235,6333
6221,6351
6234,6354
6237,6355
6231,6336
6233,6362
6245,6342
6244,6370
6232,6358
6221,6360
6239,6348
6229,6371
6241,6371
6244,6351
6249,6334
6237,6354
6239,6356
6249,6355
6239,6354
6224,6371
6246,6378
6250,6345
6266,6367
6276,6374
6254,6331
6276,6342
6285,6337
6293,6322
6310,6348
6323,6331
6358,6368
6385,6361
6403,6339
6443,6360
6469,6340
6525,6368
6584,6358
6611,6347
6674,6353
6733,6354
6801,6365
6895,6368
6922,6356
7052,6356
7125,6369
7245,6380
7283,6361
7339,6372
7484,6354
7620,6379
7696,6368
7835,6365
7981,6321
8103,6360
8150,6365
8220,6356
8256,6365
8297,6367
8270,6360
8114,6371
7998,6382
7915,6371
7871,6379
7812,6384
7872,6393
7771,6382
7696,6371
7622,6377
7479,6400
7302,6414
7145,6410
7002,6421
6913,6463
6874,6456
6817,6430
6768,6483
6752,6518
6729,6530
6695,6540
6691,6585
6765,6597
6839,6635
7014,6617
7165,6630
7385,6646
7572,6660
7795,6662
8091,6618
8332,6587
8532,6581
8659,6559
8902,6577
9124,6569
9225,6601
9346,6635
9534,6695
9630,6718
9677,6821
9726,6914
9729,7022
9706,7102
9639,7245
9677,7348
9733,7463
9719,7525
9702,7722
9599,7864
9500,7981
9294,8047
9243,8271
9203,8450
9021,8638
8768,8760
8524,8867
8436,9035
8211,9101
8012,9194
7792,9203
7535,9236
7360,9196
7208,9017
7063,8948
6950,8845
6867,8793
6799,8719
6744,8496
6767,8298
6783,8134
6805,7953
6805,7791
6928,7649
7020,7485
7125,7318
7200,7199
7323,7116
7530,6983
7669,6883
7825,6797
8028,6806
8131,6784
8236,6831
8473,6829
8700,6830
8940,6880
9021,6820
8975,6657
9494,6927
9710,7161
9873,7209
10011,7309
9932,7434
9928,7480
10073,7709
10309,7823
10376,7971
10312,8120
10331,8328
10245,8480
10365,8558
10393,8596
10385,8711
10350,8642
10125,8695
9820,8781
9530,8749
9312,8751
9012,8683
8817,8645
8512,8592
8187,8446
7966,8327
7698,8240
7492,8156
7343,8050
7126,7981
6997,7933
6868,7830
6786,7767
6721,7687
6712,7654
6730,7545
6830,7484
6944,7305
7041,7228
7241,7127
7426,7040
7634,6930
7910,6870
8152,6823
8417,6748
8757,6718
8980,6711
9247,6707
9570,6741
9915,6759
10071,6818
10391,6890
10643,6983
10918,7037
11024,7182
11085,7305
11109,7466
11068,7710
10866,7877
10941,8151
11011,8360
11122,8556
11127,8870
10846,9121
10723,9270
10478,9408
10222,9468
10157,9692
10183,9841
10044,10012
9732,10079
9518,10109
9265,10152
8978,10175
8731,10218
8528,10293
8346,10086
8040,9877
7748,9758
7570,9699
7353,9615
7175,9400
6975,9171
6822,8943
6720,8622
6656,8317
6617,8127
6643,7962
6660,7747
6709,7512
6785,7344
6946,7149
7148,7010
7337,6888
7571,6802
7822,6748
8057,6695
8343,6691
8602,6697
8814,6712
9051,6801
9391,6923
9498,7019
9678,7077
9878,7194
10118,7313
10205,7444
10321,7567
10873,7753
10250,7910
10221,8079
10205,8266
10327,8534
10220,8778
10071,9015
9921,9227
9923,9483
9760,9667
9585,9911
9380,10124
9304,10238
9068,10307
8931,10434
8741,10493
8558,10386
8366,10396
8160,10452
7981,10488
7901,10614
7607,10174
7433,10038
7254,9878
7124,9505
6994,9323
6867,9202
6722,8929
6646,8663
6611,8397
6572,8165
6579,7978
6571,7758
6618,7620
6690,7426
6757,7202
6873,7003
7000,6874
7150,6778
7327,6658
7500,6594
7736,6540
7959,6488
8164,6442
8361,6472
8602,6537
8783,6531
8944,6594
9118,6676
9248,6739
9391,6856
9435,6970
9486,7086
9555,7204
9698,7271
9722,7407
9736,7554
9642,7642
9591,7822
9518,7955
9454,8065
9414,8168
9352,8261
9276,8415
9127,8561
8969,8666
8868,8844
8673,8904
8618,8921
8504,9004
8308,8989
8197,8966
8019,8942
7901,8832
7717,8784
7517,8698
7354,8590
7215,8547
7033,8398
6939,8253
6805,8119
6718,7868
6636,7705
6574,7553
6564,7357
6590,7195
6616,7062
6698,6944
6773,6757
6881,6685
7014,6598
7138,6546
7354,6507
7553,6486
7790,6478
8006,6451
8200,6503
8401,6519
8665,6544
8968,6627
9240,6703
9406,6793
9608,6893
9735,6961
9904,7069
10003,7176
10146,7310
10243,7434
10332,7578
10314,7694
10372,7846
10390,7977
10363,8080
10271,8300
10175,8484
9929,8572
9700,8673
9486,8741
9349,8921
9210,9047
8974,9136
8688,9243
8377,9248
8114,9292
7818,9243
7555,9243
7395,9156
7200,9106
6987,8984
6865,8882
6687,8697
6642,8586
6553,8425
6513,8277
6474,8147
6500,7961
6535,7789
6610,7646
6700,7436
6782,7271
6884,7113
6998,7003
7172,6893
7308,6789
7442,6676
7653,6631
7859,6569
8074,6528
8338,6505
8476,6531
8601,6526
8772,6590
8930,6659
9059,6778
9267,6864
9337,6964
9499,7146
9788,7342
9861,7454
9982,7697
10142,7877
10297,8093
10304,8186
10324,8377
10387,8510
10379,8666
10345,8777
10084,8876
9916,8929
9885,8931
9642,8922
9486,8969
9370,9023
9164,9020
8886,9005
8584,8946
8384,8820
8117,8743
7804,8647
7612,8503
7362,8427
7171,8281
6987,8128
6837,7983
6717,7908
6623,7831
6540,7710
6495,7530
6506,7423
6492,7303
6561,7150
6627,7052
6687,6954
6783,6863
6926,6727
7025,6655
7160,6590
7294,6537
7431,6465
7629,6456
7780,6431
7921,6428
8043,6466
8130,6511
8294,6591
8481,6699
8621,6780
8781,6904
8866,7063
8992,7203
9231,7336
9385,7515
9458,7654
9668,7825
9745,8034
9687,8241
9746,8357
9828,8520
9704,8623
9661,8676
9659,8808
9584,8873
9437,8919
9334,8926
9069,8941
8893,8875
8701,8864
8363,8875
8264,8783
8041,8697
7833,8584
7677,8453
7471,8357
7285,8206
7175,8004
7066,7869
6919,7688
6876,7548
6827,7449
6805,7427
6860,7340
6896,7230
6925,7111
6937,6987
6931,6879
6978,6838
7037,6743
7169,6708
7231,6618
7331,6586
7526,6551
7776,6523
7941,6492
8167,6498
8451,6528
8620,6565
8843,6587
8986,6691
9231,6740
9494,6855
9780,6997
9880,7131
9987,7246
10278,7345
10545,7519
10817,7695
10861,7859
10793,7915
10813,8103
10825,8250
10730,8337
10692,8423
10511,8549
10298,8608
10040,8691
9801,8638
9507,8676
9348,8727
9192,8752
9026,8791
8696,8831
8415,8747
8133,8721
7929,8630
7698,8645
7603,8495
7487,8400
7370,8397
7257,8329
7159,8194
7051,8148
6914,8052
6821,7902
6708,7774
6659,7614
6645,7504
6660,7340
6742,7181
6907,7088
7017,6973
7091,6903
7138,6792
7221,6704
7284,6634
7310,6591
7464,6567
7639,6533
7833,6523
7939,6587
8013,6671
8151,6709
8313,6796
8399,6886
8452,7036
8580,7182
8614,7332
8673,7529
8731,7639
8831,7696
8899,7847
8897,8052
8911,8204
8895,8230
8976,8310
9016,8445
8915,8525
8890,8503
8792,8595
8723,8698
8657,8730
8553,8666
8452,8696
8219,8766
8033,8693
7861,8630
7722,8605
7551,8526
7441,8464
7247,8323
7098,8232
6954,8111
6856,7957
6763,7825
6662,7759
6640,7609
6579,7442
6598,7292
6615,7204
6619,7049
6691,6954
6818,6887
6896,6812
7063,6728
7153,6688
7323,6620
7538,6564
7680,6543
7919,6510
8086,6498
8313,6498
8523,6498
8648,6533
8818,6596
9182,6641
9265,6674
9462,6744
9620,6791
9739,6888
9822,7001
9918,7151
9962,7259
9961,7379
10003,7559
10016,7724
9813,7801
9716,7879
9546,8014
9411,8195
9206,8231
9115,8345
8965,8457
8815,8521
8652,8533
8399,8605
8245,8699
8120,8803
7929,8582
7805,8574
7700,8619
7505,8591
7390,8529
7218,8453
7128,8291
6997,8190
6967,8044
6833,7965
6733,7878
6667,7731
6636,7576
6594,7444
6578,7306
6615,7182
6652,7078
6691,6966
6784,6755
6875,6717
6985,6618
7110,6540
7337,6485
7552,6452
7692,6406
7875,6403
8030,6430
8138,6471
8389,6545
8670,6551
8777,6648
9099,6768
9312,6852
9448,6943
9530,7079
9684,7187
9822,7290
9970,7380
10165,7488
10202,7613
10223,7651
10259,8048
10125,7861
10164,8041
10254,8122
10069,8235
9948,8346
9682,8431
9581,8518
9467,8683
9266,8748
8997,8795
8653,8911
8428,8954
8124,8885
7888,8832
7750,8829
7567,8805
7351,8686
7184,8685
7012,8646
6865,8535
6794,8416
6717,8264
6644,8094
6617,7969
6624,7769
6658,7523
6716,7401
6783,7222
6897,7052
6995,6929
7079,6850
7236,6766
7378,6705
7580,6627
7708,6596
7933,6590
8160,6587
8346,6621
8624,6669
8901,6756
9255,6856
9613,6979
9890,7092
10210,7234
10406,7372
10703,7528
10893,7752
11235,7909
11340,8097
11350,8265
11316,8385
11336,8581
11340,8663
11269,8884
11262,8980
11039,9232
10906,9225
10568,9267
10422,9312
10177,9364
9837,9303
9551,9227
9253,9327
8914,9185
8674,9169
8441,9070
8220,9033
7964,8875
7700,8832
7455,8762
7290,8647
7192,8569
7090,8428
6952,8338
6873,8223
6813,8106
6737,7960
6728,7746
6714,7571
6748,7394
6841,7262
6966,7097
7099,6956
7244,6794
7407,6700
7669,6578
7903,6525
8173,6485
8474,6460
8728,6478
8934,6530
9225,6591
9564,6654
10027,6762
10344,6904
10681,7095
10994,7259
11260,7467
11421,7667
11813,7827
12111,8011
12347,8179
12620,8354
12706,8459
12937,8685
13193,8945
13206,9120
13058,9393
12706,9570
12522,9648
12424,9635
12154,9683
11835,9810
11511,9865
11176,9873
10703,9944
10340,9954
10052,9921
9580,9920
9047,9999
8708,9914
8383,9797
8050,9569
7820,9463
7606,9250
7427,9053
7276,8791
7174,8602
7037,8493
6989,8175
6983,8047
7034,7948
7151,7747
7313,7540
7576,7374
7909,7166
8259,6975
8635,6864
8945,6735
9220,6616
9691,6553
10042,6519
10539,6546
10965,6593
11354,6692
11864,6835
12071,7027
12343,7190
12692,7432
12951,7629
13219,7974
13500,8409
13590,8745
13667,9158
13778,9458
13882,9753
13799,9991
13812,10325
13766,10756
13548,11135
13329,11287
13103,11496
12651,11698
12430,11928
11991,12186
11588,12317
11241,12407
10826,12328
10323,12315
9999,12275
9564,12097
9207,12149
8737,12133
8349,11913
7995,11630
7652,11451
7380,11208
7154,10867
7029,10444
6872,9985
6767,9633
6777,9265
6790,8902
6908,8623
6868,8315
6931,7923
7334,7667
7555,7467
7367,7257
7026,7072
6684,6925
6444,6829
6305,6739
6235,6738
6187,6768
6174,6845
6173,6919
6160,7138
6153,7346
6155,7521
6152,7798
6142,8099
6141,8363
6140,8641
6150,8888
6136,9175
6134,9533
6138,9805
6135,10015
6141,10388
6124,10778
6123,10897
6131,11047
6134,11328
6133,11493
6132,11618
6127,11824
6128,11710
6128,11649
6123,11474
6127,11251
6121,11207
6119,10995
6152,10762
6117,10677
6126,10469
6123,10219
6127,10031
6127,9633
6114,9274
6122,8946
6124,8728
6124,8510
6113,8267
6121,7984
6111,7780
6125,7463
6109,7306
6115,7088
6118,6946
6119,6805
6120,6731
6107,6680
6103,6630
6117,6472
6110,6357
6109,6250
6099,6189
6108,6147
6112,6142
6107,6127
6113,6113
6117,6118
6113,6119
6103,6114
6112,6102
6108,6103
6111,6119
6103,6124
6101,6120
6105,6110
6114,6104
6113,6096
6101,6072
6107,6090
6108,6080
6156,6139
6040,6010
6120,6088
6121,6099
6113,6083
6105,6056
6099,6069
6099,6064
6108,6076
6104,6069
6109,6054
6107,6066
6104,6066
6100,6077
6112,6074
6111,6066
6108,6069
6099,6058
6106,6064
6101,6065
6101,6059
6106,6073
6108,6061
6110,6054
6105,6067
6112,6077
6114,6059
6111,6062
6111,6050
6115,6070
6106,6058
6104,6064
6110,6060
6121,6065
6116,6058
6112,6051
6108,6051
6119,6064
6109,6053
6108,6059
6115,6055
6110,6054
6114,6057
6117,6051
6101,6062
6117,6049
6098,6059
6099,6056
6112,6041
6102,6052
6106,6061
6106,6045
6113,6053
6106,6055
6108,6047
6112,6046
6114,6063
6107,6058
6109,6058
6105,6055
6102,6060
6105,6066
6113,6052
6111,6065
6115,6061
6112,6059
6113,6053
6111,6045
6113,6051
6112,6061
6107,6049
6107,6046
6115,6055
6105,6054
6109,6049
6108,6059
6115,6051
6112,6050
6109,6041
6111,6057
6105,6051
6108,6053
6111,6047
6107,6051
6103,6055
6109,6047
6086,6081
6110,6064
6101,6048
6108,6051
6108,6061
6110,6052
6108,6063
6116,6031
6097,6054
6104,6061
6089,6059
6102,6062
6115,6051
6111,6042
6104,6048
6094,6048
6104,6058
6105,6058
6100,6064
6101,6062
6106,6055
6103,6058
6104,6065
6110,6062
6100,6064
6105,6044
6098,6047
6110,6052
6106,6048
6110,6055
6099,6056
6105,6052
6107,6065
6111,6045
6110,6058
6093,6068
6108,6044
6109,6053
6115,6056
6107,6059
6103,6057
6102,6052
6109,6048
6103,6047
6108,6046
6103,6032
6093,6050
6099,6059
6111,6045
6103,6062
6103,6047
6112,6052
6111,6049
6111,6059
6101,6052
6100,6049
6104,6058
6111,6045
6112,6063
6095,6042
6095,6050
6111,6054
6098,6039
6112,6057
6111,6030
6113,6050
6096,6058
6097,6049
6097,6038
6100,6062
6101,6059
6105,6052
6099,6052
6107,6051
6102,6043
6095,6057
6114,6052
6103,6042
6097,6020
6101,6055
6097,6049
6098,6050
6098,6050
6105,6050
6114,6051
6111,6060
6099,6051
6109,6045
6097,6049
6103,6047
6112,6043
6103,6052
6094,6044
6101,6039
6099,6044
6097,6053
6102,6046
6099,6050
6097,6046
6098,6061
6106,6063
6093,6050
6101,6055
6110,6048
6103,6052
6095,6053
6088,6037
6109,6055
6104,6050
6098,6048
6100,6048
6094,6057
6100,6050
6103,6046
6107,6042
6105,6045
6094,6036
6101,6040
6095,6057
6093,6055
6108,6052
6094,6068
6096,6048
6103,6063
6094,6038
6102,6049
6116,6065
6098,6052
6087,6055
6107,6035
6114,6049
6103,6050
6093,6064
6098,6054
6101,6059
6103,6050
6107,6054
6100,6053
6106,6054
6112,6054
6106,6062
6107,6049
6106,6046
6101,6057
6097,6047
6103,6049
6105,6064
6102,6058
6106,6052
6099,6052
6101,6048
6111,6054
6114,6053
6112,6048
6103,6055
6108,6050
6103,6056
6101,6040
6100,6052
6104,6063
6106,6063
6106,6054
6099,6061
6100,6048
6110,6047
6115,6051
6105,6062
6106,6063
6105,6058
6109,6062
6109,6049
6117,6061
6118,6060
6112,6053
6117,6060
6117,6063
6104,6056
6113,6060
6105,6072
6108,6049
6106,6051
6114,6050
6211,6073
5958,5924
6144,6146
6101,6020
6084,6038
6095,6029
6115,6076
6097,6073
6096,6059
6101,6055
6099,6044
6105,6047
6096,6068
6103,6058
6098,6052
6099,6042
6099,6051
6106,6055
6104,6037
6101,6052
6095,6052
6101,6052
6100,6064
6102,6053
6101,6050
6096,6047
6103,6038
6114,6060
6098,6050
6103,6047
6111,6050
6106,6023
6095,6050
6107,6053
6102,6050
6096,6061
6098,6053
6100,6046
6098,6056
6108,6058
6103,6060
6096,6050
6107,6054
6103,6056
6094,6045
6106,6042
6100,6047
6110,6052
6101,6060
6108,6054
6097,6054
6108,6053
6097,6060
6108,6052
6103,6041
6100,6049
6091,6057
6106,6057
6106,6058
6102,6055
6102,6056
6108,6061
6111,6050
6113,6058
6108,6041
6103,6033
6098,6057
6103,6057
6114,6063
6123,6051
6112,6049
6108,6055
6111,6050
6117,6055
6116,6049
6107,6059
6107,6061
6127,6048
6106,6060
6111,6043
6110,6055
6115,6048
6116,6044
6122,6043
6117,6053
6108,6048
6112,6047
6131,6066
6114,6042
6114,6051
6105,6060
6105,6044
6112,6059
6111,6054
6111,6048
6121,6054
6113,6061
6116,6054
6109,6048
6113,6058
6099,6053
6111,6045
6112,6057
6105,6046
6112,6063
6110,6051
6105,6049
6108,6049
6109,6051
6107,6053
6110,6041
6112,6052
6108,6061
6113,6053
6107,6047
6112,6049
6103,6044
6120,6054
6119,6054
6113,6036
6106,6047
6107,6063
6108,6053
6109,6052
6111,6050
6108,6057
6115,6054
6106,6051
6118,6062
6107,6051
6112,6050
6112,6044
6103,6034
6115,6057
6115,6054
6114,6064
6105,6054
6115,6044
6119,6050
6118,6046
6110,6054
6119,6042
6113,6038
6112,6039
6110,6062
6108,6046
6120,6042
6111,6054
6110,6053
6111,6047
6105,6049
6106,6060
6114,6054
6115,6069
6102,6062
6115,6054
6119,6053
6116,6064
6107,6038
6101,6044
6113,6052
6113,6064
6110,6051
6115,6043
6112,6061
6110,6055
6107,6054
6114,6050
6110,6052
6110,6042
6116,6058
6110,6052
6127,6061
6117,6063
6112,6057
6123,6044
6108,6039
6113,6055
6119,6053
6114,6050
6117,6043
6117,6055
6109,6065
6110,6061
6117,6042
6122,6065
6113,6051
6118,6052
6111,6065
6119,6051
6122,6060
6118,6069
6114,6048
6112,6050
6116,6062
6122,6059
6116,6049
6116,6058
6110,6061
6112,6063
6116,6044
6112,6058
6126,6055
6110,6063
6119,6058
6110,6053
6127,6056
6116,6059
6115,6055
6116,6047
6112,6056
6120,6048
6114,6063
6114,6060
6117,6049
6115,6056
6120,6054
6120,6054
6117,6047
6120,6064
6117,6058
6123,6047
6115,6058
6116,6057
6111,6048
6115,6056
6116,6058
6116,6063
6110,6062
6113,6057
6118,6059
6108,6069
6108,6053
6113,6053
6120,6058
6119,6062
6121,6057
6120,6061
6119,6057
6119,6057
6122,6065
6111,6061
6114,6059
6118,6066
6117,6052
6117,6050
6120,6056
6119,6063
6114,6053
6106,6053
6118,6050
6114,6058
6113,6063
6104,6065
6113,6059
6117,6056
6120,6044
6114,6061
6113,6055
6116,6063
6119,6054
6119,6054
6111,6055
6111,6062
6118,6060
6121,6052
6115,6058
6115,6057
6109,6048
6122,6056
6115,6066
6114,6045
6113,6065
6117,6056
6115,6052
6126,6057
6108,6043
6114,6052
6110,6051
6114,6062
6126,6059
6113,6062
6117,6062
6112,6055
0,36
0,61680
0,0
6118,6069
5599,5556
5596,5581
5603,5580
5597,5580
5601,5578
5601,5585
5600,5579
5598,5577
5823,5761
6328,6333
6271,6318
6294,6307
6304,6310
6297,6299
6295,6312
6295,6319
6283,6317
6290,6328
6276,6320
6309,6350
6305,6338
6269,6339
6304,6362
6298,6329
6303,6330
6308,6335
6289,6337
6297,6329
6291,6324
6305,6321
6293,6344
6303,6331
6284,6336
6282,6303
6297,6319
6287,6303
6285,6318
6296,6342
6305,6367
6290,6322
6292,6324
6291,6325
6289,6335
6289,6348
6268,6332
6293,6354
6304,6317
6306,6323
6292,6328
6310,6329
6293,6342
6273,6327
6298,6321
6289,6343
6294,6331
6294,6321
6302,6329
6309,6338
6302,6337
6292,6322
6288,6321
6276,6320
6303,6312
6309,6316
6296,6319
6300,6334
6303,6326
6300,6320
6327,6320
6295,6320
6321,6314
6272,6330
6291,6350
6298,6326
6280,6335
6289,6322
6294,6338
6304,6309
6300,6313
6304,6318
6309,6316
6310,6336
6311,6320
6299,6308
6292,6326
6304,6341
6304,6339
6284,6331
6272,6304
6301,6322
6297,6323
6290,6323
6309,6335
6299,6347
6304,6329
6313,6342
6296,6328
6296,6300
6294,6346
6306,6336
6298,6300
6298,6322
6308,6299
6290,6320
6284,6311
6262,6319
6295,6321
6294,6296
6302,6314
6286,6314
6283,6332
6281,6321
6283,6329
6295,6349
6295,6336
6305,6312
6290,6308
6297,6316
6313,6299
6309,6337
6297,6342
6295,6359
6301,6358
6313,6335
6287,6333
6274,6332
6282,6338
6291,6359
6287,6310
6292,6359
6279,6349
6196,6216
6148,6190
6347,6341
6281,6298
6300,6329
6265,6302
6290,6357
6308,6349
6300,6335
6282,6320
6274,6354
6287,6330
6299,6338
6286,6325
6296,6348
6285,6333
6280,6351
6294,6334
6325,6356
6294,6357
6263,6362
6298,6313
6305,6345
6303,6361
6308,6357
6295,6344
6292,6352
6300,6337
6295,6338
6296,6334
6284,6316
6287,6327
6286,6358
6288,6338
6290,6363
6303,6356
6295,6329
6269,6348
6274,6330
6278,6340
6271,6336
6281,6348
6288,6353
6298,6372
6280,6352
6281,6360
6284,6358
6281,6337
6285,6360
6268,6344
6275,6330
6282,6337
6284,6339
6279,6320
6293,6337
6287,6334
6299,6343
6274,6346
6271,6357
6275,6356
6286,6360
6269,6365
6263,6358
6280,6353
6274,6353
6291,6338
6274,6336
6262,6363
6284,6377
6281,6399
6252,6396
6259,6371
6264,6353
6257,6367
6258,6388
6284,6353
6277,6385
6255,6359
6274,6365
6267,6358
6269,6385
6278,6373
6282,6382
6261,6367
6284,6385
6273,6382
6264,6392
6257,6380
6264,6386
6264,6385
6280,6369
6256,6385
6262,6385
6254,6358
6279,6401
6272,6403
6270,6387
6254,6382
6265,6399
6268,6374
6259,6384
6289,6381
6263,6355
6264,6375
6261,6360
6273,6400
6263,6380
6253,6372
6253,6387
6253,6378
6267,6397
6265,6412
6257,6442
6266,6421
6255,6396
6268,6391
6247,6390
6273,6400
6273,6372
6268,6384
6276,6378
6275,6402
6267,6389
6272,6385
6259,6398
6263,6401
6266,6379
6258,6387
6267,6361
6251,6365
6240,6385
6246,6378
6252,6379
6242,6361
6219,6334
6248,6362
6256,6359
6244,6363
6241,6392
6242,6383
6233,6382
6243,6383
6243,6404
6250,6414
6255,6416
6253,6416
6242,6446
6249,6417
6255,6395
6235,6403
6255,6409
6255,6390
6262,6352
6251,6386
6242,6383
6240,6387
6264,6380
6244,6400
6245,6386
6240,6382
6243,6398
6256,6403
6242,6365
6253,6402
6257,6393
6242,6357
6250,6379
6237,6365
6243,6397
6257,6386
6263,6414
6263,6386
6243,6393
6250,6375
6241,6368
6247,6364
6232,6368
6257,6363
6247,6382
6239,6344
6258,6525
6240,6364
6256,6383
6256,6378
6257,6409
6232,6414
6227,6431
6224,6427
6242,6435
6245,6402
6255,6411
6238,6408
6226,6423
6246,6393
6241,6371
6246,6392
6228,6422
6240,6428
6250,6426
6250,6404
6233,6413
6231,6435
6244,6401
6242,6397
6244,6399
6239,6389
6245,6373
6227,6390
6229,6375
6243,6416
6241,6408
6230,6409
6224,6413
6241,6406
6239,6432
6244,6398
6245,6374
6232,6365
6238,6378
6234,6371
6233,6369
6250,6379
6234,6395
6251,6369
6244,6401
6242,6402
6246,6425
6248,6396
6234,6411
6241,6397
6244,6399
6221,6405
6234,6364
6232,6380
6234,6410
6242,6427
6242,6424
6240,6411
6244,6405
6244,6384
6241,6385
6225,6405
6237,6432
6235,6382
6221,6420
6231,6413
6235,6427
6248,6441
6221,6411
6216,6398
6239,6402
6225,6422
6220,6431
6223,6414
6233,6421
6231,6411
6226,6395
6217,6420
6229,6400
6226,6389
6223,6400
6228,6421
6233,6412
6235,6407
6229,6398
6233,6394
6243,6382
6204,6334
6359,6522
6245,6307
5978,6285
6179,6418
6247,6442
6270,6441
6207,6407
6215,6382
6206,6390
6224,6405
6216,6413
6225,6414
6232,6406
6227,6397
6230,6392
6220,6386
6232,6367
6238,6371
6232,6369
6216,6369
6229,6357
6236,6350
6223,6378
6224,6363
6218,6377
6239,6393
6229,6399
6229,6374
6231,6390
6225,6391
6225,6386
6219,6375
6226,6396
6222,6391
6222,6398
6232,6405
6225,6438
6223,6422
6219,6427
6231,6416
6230,6414
6217,6394
6230,6380
6221,6405
6237,6418
6224,6361
6228,6397
6223,6406
6211,6381
6222,6389
6232,6407
6228,6394
6229,6394
6228,6407
6225,6393
6220,6387
6216,6388
6231,6389
6231,6398
6230,6390
6223,6372
6219,6391
6207,6405
6212,6390
6225,6410
6233,6370
6226,6370
6225,6371
6228,6358
6225,6345
6235,6342
6233,6384
6233,6372
6228,6359
6238,6376
6218,6376
6225,6391
6230,6387
6233,6377
6224,6376
6223,6356
6215,6360
6215,6362
6211,6383
6217,6376
6222,6372
6218,6356
6224,6350
6223,6351
6231,6361
6223,6330
6246,6370
6227,6347
6231,6354
6230,6365
6220,6368
6224,6382
6239,6407
6228,6366
6231,6391
6221,6354
6228,6364
6232,6356
6224,6351
6239,6351
6235,6380
6232,6382
6218,6387
6226,6399
6221,6375
6229,6360
6226,6347
6234,6370
6230,6379
6218,6384
6238,6380
6238,6375
6223,6369
6238,6395
6220,6359
6228,6369
6232,6361
6232,6374
6237,6351
6236,6346
6222,6379
6220,6385
6230,6397
6231,6390
6237,6399
6231,6394
6228,6389
6236,6367
6235,6382
6233,6353
6243,6366
6231,6336
6223,6386
6238,6377
6220,6359
6216,6353
6245,6352
6243,6371
6230,6385
6232,6338
6222,6318
6230,6345
6226,6327
6227,6319
6235,6320
6226,6350
6217,6355
6221,6359
6226,6374
6219,6360
6228,6337
6237,6365
6229,6385
6221,6355
6239,6363
6221,6363
6233,6366
6248,6351
6243,6344
6241,6361
6241,6363
6243,6350
6239,6376
6245,6337
6247,6361
6251,6352
6265,6376
6265,6363
6258,6333
6269,6344
6292,6342
6297,6326
6323,6322
6335,6328
6357,6372
6385,6359
6408,6348
6439,6339
6466,6349
6537,6373
6581,6356
6596,6348
6658,6359
6732,6346
6798,6350
6881,6365
6949,6372
7055,6360
7120,6380
7212,6375
7271,6365
7363,6372
7471,6311
7570,6379
7686,6380
7820,6344
7957,6350
8051,6327
8163,6348
8219,6351
8265,6351
8308,6366
8274,6359
8135,6376
8025,6376
7953,6366
7880,6378
7856,6374
7829,6392
7791,6386
7702,6369
7613,6383
7459,6401
7285,6399
7142,6397
7014,6416
6925,6448
6843,6434
6805,6464
6779,6488
6742,6517
6727,6526
6709,6547
6695,6573
6765,6588
6870,6609
7013,6631
7160,6644
7368,6631
7548,6658
7782,6643
8043,6639
8348,6614
8488,6589
8682,6556
8922,6578
9108,6552
9223,6598
9344,6632
9477,6679
9586,6741
9656,6840
9661,6911
9733,7029
9695,7096
9654,7259
9719,7368
9764,7416
9765,7557
9728,7731
9592,7887
9491,7957
9387,8096
9282,8260
9208,8431
9055,8590
8742,8753
8536,8881
8440,9015
8195,9110
7969,9116
7783,9233
7502,9288
7381,9135
7269,9063
7064,8933
6958,8865
6930,8803
6788,8707
6758,8483
6757,8264
6773,8110
6801,7944
6829,7760
6916,7652
7040,7505
7113,7313
7197,7199
7333,7077
7539,7013
7667,6889
7796,6802
7959,6821
8136,6813
8285,6817
8501,6815
8750,6853
9003,6848
9175,6931
9296,7033
9649,7022
9820,7093
9952,7202
10032,7330
9998,7454
9995,7513
10146,7693
10333,7886
10456,7979
10322,8110
10303,8320
10270,8511
10323,8535
10372,8663
10385,8781
10364,8731
10088,8721
9763,8810
9554,8741
9340,8828
9106,8828
8792,8681
8543,8671
8200,8553
7981,8421
7742,8370
7511,8183
7287,8101
7125,7990
6983,7913
6868,7831
6795,7739
6723,7642
6672,7556
6735,7563
6834,7480
6916,7344
7059,7249
7249,7123
7385,7007
7661,6920
7940,6851
8165,6798
8417,6764
8720,6711
8982,6700
9198,6716
9605,6739
9952,6775
10073,6823
10384,6904
10599,6996
10914,7043
11055,7179
11111,7328
11165,7494
11037,7689
10917,7880
10927,8173
11033,8392
11145,8545
11064,8821
10856,9082
10717,9275
10442,9423
10259,9475
10209,9664
10215,9821
10056,9976
9751,10103
9467,10114
9279,10173
8977,10173
8703,10218
8525,10287
8345,10053
8008,9830
7768,9732
7563,9685
7356,9595
7177,9331
6959,9098
6817,8905
6714,8597
6661,8317
6621,8112
6633,7939
6656,7704
6718,7501
6831,7342
6956,7161
7124,7008
7339,6919
7564,6806
7783,6751
8049,6700
8357,6677
8584,6696
8801,6738
9087,6762
9363,6896
9552,6991
9688,7076
9935,7198
10144,7318
10209,7442
10360,7576
10341,7837
10261,7941
10285,8096
10245,8277
10273,8530
10231,8761
10157,8999
9988,9266
9961,9440
9774,9659
9650,9902
9497,10133
9352,10236
9059,10291
8903,10458
8725,10448
8543,10406
8354,10374
8165,10500
7936,10470
7776,10427
7661,10179
7453,10038
7272,9776
7098,9547
7004,9313
6838,9181
6731,8956
6662,8653
6605,8435
6592,8230
6585,7999
6556,7825
6602,7633
6683,7468
6762,7245
6843,7014
7019,6850
7186,6767
7324,6667
7534,6584
7741,6537
7989,6485
8150,6435
8361,6478
8575,6522
8785,6540
8978,6596
9098,6687
9209,6764
9363,6865
9432,6980
9449,7080
9537,7194
9647,7286
9711,7408
9733,7579
9668,7703
9579,7842
9527,7927
9476,8082
9405,8149
9354,8345
9273,8468
9128,8561
8992,8639
8859,8800
8640,8947
8621,8935
8537,8972
8351,8987
8185,8944
8019,8986
7863,8894
7698,8783
7560,8695
7362,8583
7200,8494
7027,8442
6895,8274
6830,8083
6698,7877
6669,7716
6569,7523
6553,7358
6589,7178
6620,7085
6691,6931
6758,6784
6843,6705
6990,6633
7160,6554
7360,6516
7571,6503
7821,6463
8005,6465
8167,6489
8372,6523
8665,6539
8927,6621
9228,6684
9368,6822
9542,6885
9665,6989
9820,7077
10073,7203
10122,7320
10167,7423
10325,7574
10294,7697
10408,7838
10278,7989
10325,8048
10308,8274
10119,8428
9869,8576
9705,8714
9481,8807
9351,8921
9204,9033
8953,9135
8677,9255
8363,9245
8110,9260
7821,9227
7588,9223
7414,9153
7181,9108
7009,9009
6837,8945
6712,8755
6636,8534
6549,8419
6703,8441
6610,8206
6577,7982
6591,7838
6609,7594
6738,7454
6813,7280
6864,7141
7010,7024
7147,6903
7285,6804
7435,6679
7653,6637
7858,6576
8071,6535
8345,6518
8436,6526
8622,6550
8735,6602
8956,6698
9115,6775
9277,6856
9414,6980
9564,7177
9799,7333
9951,7487
10036,7645
10169,7892
10384,8044
10340,8241
10367,8381
10393,8553
10358,8686
10289,8800
10104,8903
9918,8950
9834,8944
9679,8969
9482,8983
9365,9010
9137,9013
8899,8989
8623,8896
8403,8842
8113,8765
7779,8608
7584,8526
7364,8464
7178,8315
6975,8138
6816,8003
6720,7936
6628,7819
6549,7673
6511,7532
6499,7410
6503,7276
6553,7141
6617,7036
6683,6956
6788,6837
6915,6715
7021,6656
7172,6603
7281,6536
7430,6479
7616,6440
7802,6435
7940,6432
8071,6448
8144,6509
8298,6597
8498,6688
8706,6784
8781,6915
8819,7042
9001,7186
9169,7336
9286,7514
9415,7687
9631,7845
9750,8052
9634,8275
9729,8374
9820,8556
9684,8655
9652,8691
9653,8863
9612,8867
9467,8905
9313,8934
9090,8974
8960,8921
8743,8886
8410,8848
8236,8744
8043,8707
7782,8534
7623,8426
7438,8364
7290,8218
7141,8039
7033,7875
6914,7675
6839,7584
6810,7488
6805,7482
6873,7380
6878,7263
6906,7161
6916,6997
6942,6905
6958,6834
7037,6766
7174,6694
7273,6623
7348,6564
7531,6520
7762,6519
7930,6482
8175,6481
8393,6506
8581,6556
8848,6584
9010,6694
9290,6810
9507,6886
9799,6991
9898,7149
10058,7248
10291,7370
10604,7498
10879,7695
10869,7839
10795,7974
10766,8135
10787,8228
10735,8332
10706,8372
10508,8558
10260,8576
9981,8582
9847,8653
9522,8689
9399,8748
9237,8792
9040,8853
8666,8851
8405,8739
8174,8699
7914,8696
7717,8635
7586,8569
7508,8461
7384,8436
7244,8370
7118,8235
7021,8184
