Channel 1,Channel 2
6881,8909
6808,8754
6704,8538
6642,8356
6637,8201
6666,8058
6725,7929
6822,7736
6947,7529
7083,7410
7217,7207
7418,7081
7610,6988
7753,6882
7880,6768
8050,6756
8221,6751
8416,6745
8607,6752
8864,6812
9065,6911
9087,7007
9074,7136
9193,7246
9298,7348
9339,7446
9481,7640
9489,7742
9520,7880
9548,8009
9571,8189
9534,8414
9472,8487
9348,8588
9314,8649
9248,8796
9233,8842
9225,9025
9167,9259
9097,9311
9131,9336
8994,9380
8954,9431
8839,9339
8662,9221
8452,9273
8266,9188
8045,9083
7855,9028
7677,8749
7519,8609
7336,8388
7196,8135
7058,8008
6932,7863
6827,7672
6757,7535
6714,7483
6724,7346
6762,7254
6786,7131
6932,7010
7080,6936
7282,6916
7505,6787
7768,6769
8057,6723
8348,6651
8767,6633
9140,6633
9498,6622
9814,6609
10115,6642
10500,6686
10816,6726
11184,6784
11501,6839
11758,6922
11955,7101
12137,7197
12221,7323
12229,7433
12056,7607
11968,7743
11746,7917
11521,8114
11400,8299
11316,8515
11182,8755
10859,8985
10504,9198
10322,9366
10067,9520
9686,9658
9476,9765
9378,9957
9128,10018
8826,10109
8609,10148
8346,10144
8145,10148
7980,10224
7735,10179
7590,9849
7326,9759
7182,9546
7076,9408
6939,9175
6805,8975
6747,8683
6693,8463
6691,8040
6683,7786
6766,7559
6832,7392
6932,7200
7042,7029
7192,6870
7324,6758
7547,6698
7759,6645
8025,6652
8163,6687
8424,6779
8621,6853
8754,6934
9059,7058
9213,7211
9299,7361
9411,7499
9517,7638
9754,7887
9616,7898
9746,8049
9885,8472
9640,8366
9638,8584
9618,8692
9607,8848
9653,9107
9476,9269
9407,9429
9356,9570
9307,9664
9204,9785
9168,9878
8951,9966
8824,10026
8654,9993
8459,9999
8163,10003
8040,9843
7904,9775
7683,9719
7448,9705
7270,9623
7050,9354
6938,9214
6837,8987
6755,8762
6683,8560
6609,8428
6582,8227
6586,7967
6610,7776
6676,7594
6736,7398
6806,7273
6878,7162
7023,7015
7183,6878
7287,6770
7413,6679
7627,6631
7786,6562
8009,6556
8221,6536
8436,6497
8724,6528
8976,6576
9173,6622
9340,6668
9568,6729
9697,6829
9839,6986
9915,7083
10000,7259
10065,7379
10032,7531
10218,7725
10249,7834
10149,8022
10068,8128
10110,8260
10015,8411
9898,8521
9796,8528
9718,8654
9633,8680
9424,8849
9215,8893
9029,8998
8894,9032
8729,8988
8580,8922
8349,8872
8145,8792
7928,8781
7750,8634
7555,8539
7344,8486
7180,8392
7008,8282
6882,8241
6752,8074
6689,7856
6608,7659
6539,7462
6537,7281
6538,7139
6617,7004
6677,6851
6798,6779
6933,6668
7083,6573
7283,6535
7537,6479
7715,6451
7968,6454
8207,6477
8478,6499
8697,6544
8928,6607
9150,6658
9432,6758
9724,6848
9985,6964
9987,7082
10147,7168
10166,7298
10292,7474
10418,7619
10515,7763
10588,7916
10572,8066
10543,8260
10450,8376
10300,8471
10298,8622
10076,8770
9861,8837
9653,8977
9488,9006
9274,9122
9070,9157
8831,9281
8489,9337
8182,9316
7999,9254
7753,9177
7550,9099
7353,9053
7146,8967
6992,8864
6856,8698
6702,8488
6631,8286
6523,8140
6468,7951
6439,7813
6436,7617
6470,7447
6527,7273
6601,7088
6692,6966
6832,6839
7011,6719
7169,6630
7333,6565
7524,6528
7795,6516
7998,6496
8170,6510
8360,6528
8431,6553
8563,6639
8732,6708
8915,6819
9080,6953
9274,7073
9228,7172
9454,7355
9590,7573
9730,7757
9785,7966
9846,8166
10008,8377
9946,8499
9949,8630
10040,8830
10006,9020
10061,9135
9822,9208
9638,9243
9674,9283
9470,9333
9292,9378
9103,9448
8972,9531
8769,9488
8497,9396
8312,9323
8037,9198
7784,9106
7551,8994
7320,8859
7148,8668
6971,8394
6828,8227
6729,8132
6651,7998
6593,7809
6567,7645
6543,7471
6556,7308
6603,7132
6666,7050
6717,6973
6800,6863
6910,6725
7042,6674
7162,6592
7276,6547
7456,6481
7699,6462
7881,6458
8018,6473
8187,6505
8309,6576
8456,6644
8650,6691
8817,6808
8979,6912
9156,7081
9309,7198
9484,7345
9672,7478
9701,7625
9986,7793
10050,7962
10033,8105
10018,8256
10103,8384
10011,8526
9941,8686
9847,8845
9750,8816
9633,8901
9434,8908
9125,8949
9021,8916
8750,8871
8411,8895
8230,8794
8004,8776
7792,8732
7703,8585
7456,8476
7282,8401
7141,8238
6991,8137
6866,8013
6758,7816
6733,7669
6707,7579
6742,7465
6736,7392
6777,7331
6856,7215
6861,7036
6922,6965
6960,6853
6996,6795
7131,6713
7239,6632
7359,6583
7498,6532
7691,6485
7899,6487
8149,6497
8424,6537
8711,6576
8837,6664
8988,6777
9289,6877
9515,7032
9676,7104
9827,7290
10007,7444
10266,7656
10337,7677
10411,7864
10319,8003
10345,8211
10284,8301
10228,8395
10061,8502
9930,8635
9660,8649
9451,8727
9206,8817
9031,8851
8912,8818
8806,8923
8666,8951
8415,8922
8151,8918
7928,8931
7747,8902
7610,8743
7543,8723
7413,8602
7288,8602
7221,8469
7145,8458
7043,8330
6932,8220
6827,8086
6738,7939
6698,7808
6624,7650
6616,7477
6623,7319
6665,7177
6800,7061
6898,6941
7023,6827
7134,6721
7274,6621
7389,6572
7555,6530
7677,6508
7803,6504
7979,6507
8124,6566
8316,6607
8596,6715
8815,6802
8879,6895
9080,6994
9160,7098
9183,7236
9248,7381
9449,7520
9567,7562
9478,7657
9426,7807
9473,7874
9576,8042
9632,8131
9592,8173
9484,8242
9361,8302
9285,8495
9271,8501
9121,8590
8925,8704
8739,8639
8505,8689
8331,8749
8171,8776
7936,8657
7708,8646
7520,8632
7380,8502
7258,8348
7064,8226
6934,8069
6799,8030
6652,7890
6575,7797
6544,7534
6526,7376
6571,7256
6629,7184
6683,7028
6781,6930
6919,6857
7062,6753
7209,6637
7406,6590
7545,6548
7773,6504
8002,6473
8201,6443
8396,6432
8569,6471
8861,6529
9180,6580
9384,6670
9575,6749
9710,6843
9868,6951
10018,7087
10125,7250
10089,7386
10100,7540
10114,7723
9972,7926
9823,8031
9638,8126
9521,8097
9346,8498
9226,8658
9153,8752
9005,8873
8877,8977
8692,9010
8520,9034
8341,9195
8287,9309
8077,9202
7923,9075
7832,9105
7633,9126
7479,9102
7370,8976
7331,8914
7173,8768
7103,8643
6916,8527
6850,8462
6760,8230
6684,8031
6600,7866
6531,7670
6536,7502
6552,7378
6587,7200
6630,7035
6721,6900
6799,6780
6977,6657
7114,6615
7285,6552
7420,6522
7655,6482
7824,6484
7995,6504
8262,6499
8580,6534
8815,6586
9148,6651
9395,6697
9511,6800
9824,6878
10019,6953
10213,7037
10415,7115
10650,7239
10723,7328
10849,7406
10786,7502
10825,7653
10716,7779
10730,7883
10584,7970
10362,8108
10255,8192
10017,8296
9838,8386
9661,8511
9347,8611
9180,8748
8894,8838
8543,8811
8274,8789
8129,8746
7982,8672
7751,8701
7561,8689
7394,8691
7157,8618
7079,8583
6990,8361
6883,8181
6781,8098
6743,7880
6704,7707
6690,7559
6679,7326
6683,7211
6710,7079
6757,6977
6862,6830
6937,6705
7017,6637
7111,6547
7274,6483
7435,6459
7615,6465
7725,6457
7976,6502
8278,6560
8546,6663
8828,6726
9096,6871
9308,7001
9618,7138
9907,7275
10197,7421
10479,7560
10680,7707
10949,7783
11002,7889
11019,7998
11237,8160
11412,8273
11353,8419
11200,8480
11077,8534
10965,8579
11120,8714
10945,8769
10706,8737
10427,8772
10122,8789
9840,8808
9634,8796
9400,8829
9058,8791
8724,8802
8344,8693
8082,8628
7838,8597
7650,8525
7437,8493
7209,8474
7029,8382
6877,8322
6808,8237
6752,8014
6769,7852
6746,7746
6803,7633
6846,7504
6906,7396
7015,7235
7131,7076
7247,6937
7439,6838
7616,6781
7838,6662
7982,6604
8197,6560
8553,6589
8894,6599
9165,6644
9434,6714
9652,6809
9983,6927
10352,7059
10765,7228
11125,7354
11337,7554
11666,7783
11905,7952
12066,8120
12447,8417
12430,8676
12409,8935
12355,9192
12455,9383
12569,9373
12641,9468
12380,9485
12178,9691
11967,9840
11715,9873
11434,9931
11249,9945
10744,9925
10259,9977
9891,9937
9568,9760
9286,9726
8936,9574
8612,9396
8371,9282
8101,9126
7817,8988
7610,8805
7385,8760
7191,8575
7017,8453
6941,8316
6887,8163
6918,7961
7008,7756
7132,7600
7319,7438
7468,7327
7724,7130
8014,6974
8303,6863
8690,6774
9134,6702
9508,6682
9837,6662
10132,6681
10487,6702
10989,6793
11360,6877
11641,7037
11931,7211
12302,7434
12508,7729
12728,7921
12992,8147
13085,8289
13138,8646
13246,8939
13283,9371
13340,9645
13402,9868
13039,10116
13025,10386
12584,10631
12353,10855
12191,11108
11861,11190
11466,11376
11131,11701
10833,11778
10550,12034
10165,12152
9814,12046
9377,11907
8939,11956
8486,11973
8160,11787
7880,11438
7596,11140
7344,10972
7112,10647
6983,10339
6922,10037
6894,9708
6881,9424
6969,9039
7106,8792
6974,8477
6745,8175
6503,7808
6347,7624
6253,7423
6201,7240
6182,6998
6162,6889
6160,6771
6149,6749
6146,6708
6151,6777
6145,6865
6135,6931
6143,7030
6144,7176
6145,7325
6128,7507
6126,7659
6137,7868
6125,8147
6134,8512
6123,8781
6123,9004
6115,9209
6128,9436
6119,9713
6132,9937
6122,10036
6124,10257
6136,10317
6126,10392
6126,10346
6113,10398
6108,10382
6116,10327
6106,10252
6112,10199
6119,10085
6121,9869
6120,9706
6113,9463
6122,9238
6124,9010
6119,8840
6111,8802
6122,8662
6115,8550
6117,8319
6099,8118
6112,7910
6114,7821
6112,7526
6111,7270
6112,7182
6120,7041
6123,6815
6108,6544
6110,6341
6099,6262
6106,6181
6113,6173
6105,6149
6106,6118
6109,6131
6111,6115
6109,6119
6109,6110
6102,6110
6112,6119
6102,6120
6111,6101
6101,6105
6111,6103
6114,6099
6098,6083
6114,6094
6111,6087
6118,6073
6099,6080
6111,6067
6104,6069
6097,6080
6103,6082
6111,6074
6105,6062
6113,6068
6104,6080
6107,6058
6106,6066
6099,6073
6112,6080
6107,6066
6107,6064
6100,6050
6110,6063
6106,6064
6116,6065
6107,6062
6102,6062
6105,6066
6113,6063
6118,6069
6106,6067
6111,6061
6102,6070
6110,6065
6115,6064
6111,6059
6099,6065
6114,6060
6115,6058
6111,6063
6111,6063
6103,6046
6118,6063
6107,6048
6113,6060
6111,6063
6109,6062
6104,6063
6117,6063
6106,6051
6109,6068
6103,6059
6098,6063
6117,6047
6101,6054
6107,6055
6107,6060
6113,6065
6106,6055
6105,6055
6115,6057
6109,6070
6110,6056
6108,6048
6115,6047
6107,6055
6107,6059
6114,6058
6093,6045
6118,6053
6111,6057
6116,6052
6117,6068
6110,6056
6113,6069
6105,6048
6108,6058
6112,6054
6114,6055
6105,6057
6111,6060
6109,6059
6108,6051
6107,6049
6112,6060
6098,6052
6107,6048
6113,6052
6106,6065
6104,6061
6111,6054
6106,6056
6105,6059
6107,6053
6107,6055
6101,6063
6098,6055
6110,6063
6116,6044
6106,6061
6097,6063
6097,6048
6103,6054
6107,6055
6112,6065
6098,6060
6101,6038
6095,6051
6104,6065
6091,6074
6109,6048
6129,6062
6072,6036
6060,6005
6077,6024
6143,6068
6107,6055
6090,6048
6114,6053
6111,6033
6101,6061
6110,6050
6109,6067
6110,6055
6103,6051
6106,6057
6101,6064
6101,6056
6112,6053
6122,6061
6107,6055
6106,6054
6097,6063
6100,6049
6108,6044
6105,6057
6111,6054
6093,6062
6098,6057
6112,6054
6097,6066
6101,6049
6098,6057
6113,6053
6101,6048
6101,6061
6103,6059
6101,6059
6102,6066
6115,6063
6105,6051
6080,6030
6102,6054
6097,6048
6102,6059
6110,6055
6113,6048
6102,6062
6094,6054
6103,6051
6105,6050
6103,6047
6100,6055
6095,6048
6094,6061
6102,6056
6095,6053
6112,6059
6098,6057
6100,6054
6104,6053
6098,6039
6101,6054
6096,6042
6110,6053
6106,6057
6108,6051
6098,6055
6116,6073
6095,6047
6112,6050
6106,6050
6103,6048
6096,6036
6100,6049
6106,6057
6098,6058
6108,6052
6102,6055
6091,6058
6097,6057
6106,6038
6101,6053
6097,6048
6098,6049
6094,6033
6099,6055
6094,6051
6098,6051
6112,6051
6100,6039
6105,6066
6090,6043
6103,6053
6099,6057
6109,6057
6099,6056
6100,6051
6107,6055
6093,6058
6093,6047
6109,6053
6095,6057
6095,6054
6099,6067
6091,6049
6098,6045
6101,6049
6100,6049
6110,6055
6099,6046
6108,6045
6094,6054
6093,6054
6107,6072
6103,6063
6095,6050
6103,6038
6096,6060
6102,6062
6099,6057
6105,6060
6108,6060
6109,6064
6105,6049
6096,6028
6098,6045
6106,6063
6110,6047
6107,6046
6098,6067
6096,6037
6106,6047
6106,6057
6104,6047
6104,6049
6107,6047
6096,6053
6101,6059
6104,6054
6106,6063
6110,6058
6101,6048
6095,6057
6103,6046
6112,6067
6116,6056
6105,6042
6109,6061
6095,6057
6102,6054
6103,6054
6107,6061
6115,6064
6101,6055
6112,6064
6121,6066
6104,6057
6112,6063
6106,6064
6106,6052
6099,6065
6101,6066
6106,6059
6107,6057
6091,6056
6108,6063
6095,6059
6105,6059
6103,6058
6098,6058
6098,6061
6109,6065
6111,6053
6113,6043
6105,6059
6110,6060
6098,6062
6112,6045
6101,6049
6101,6052
6103,6059
6105,6059
6101,6047
6102,6051
6112,6060
6106,6049
6098,6053
6106,6051
6105,6048
6113,6054
6103,6060
6104,6052
6101,6043
6106,6061
6104,6064
6105,6048
6101,6063
6096,6057
6101,6063
6101,6044
6106,6054
6114,6050
6118,6055
6095,6051
6098,6052
6110,6064
6102,6048
6099,6063
6106,6047
6102,6059
6103,6050
6107,6054
6109,6040
6097,6062
6105,6047
6100,6061
6105,6045
6097,6045
6107,6045
6111,6059
6105,6045
6106,6056
6106,6053
6107,6066
6109,6053
6107,6049
6103,6045
6105,6052
6107,6033
6120,6051
6104,6057
6116,6062
6103,6056
6094,6045
6101,6057
6113,6049
6112,6058
6108,6050
6112,6063
6112,6039
6112,6040
6109,6041
6106,6056
6116,6045
6113,6050
6116,6058
6113,6050
6112,6044
6116,6061
6126,6064
6122,6060
6115,6060
6112,6060
6105,6057
6116,6043
6118,6047
6111,6058
6114,6062
6109,6065
6119,6056
6117,6043
6110,6065
6116,6053
6112,6053
6109,6061
6113,6045
6112,6061
6111,6050
6386,6210
6005,5933
6093,6135
6096,6027
6151,6096
6042,5988
6124,6185
6075,6022
6091,6041
6116,6061
6092,6038
6107,6057
6122,6066
6114,6047
6117,6049
6102,6063
6100,6060
6121,6057
6110,6045
6114,6049
6116,6053
6111,6049
6111,6063
6107,6052
6104,6033
6113,6061
6098,6053
6113,6053
6113,6048
6110,6046
6108,6063
6102,6055
6112,6038
6118,6052
6113,6049
6114,6060
6115,6046
6114,6042
6123,6038
6103,6054
6111,6045
6123,6058
6108,6038
6114,6050
6107,6053
6117,6056
6112,6053
6112,6054
6101,6060
6107,6064
6112,6060
6110,6057
6106,6042
6095,6047
6112,6057
6090,6048
6106,6052
6107,6046
6111,6051
6107,6046
6107,6060
6109,6055
6114,6038
6110,6051
6117,6050
6114,6061
6117,6062
6117,6056
6119,6056
6118,6058
6098,6048
6112,6067
6120,6062
6104,6059
6114,6071
6115,6058
6109,6057
6115,6053
6117,6053
6119,6049
6114,6059
6124,6059
6109,6060
6118,6054
6115,6067
6121,6041
6114,6060
6109,6072
6119,6076
6110,6063
6118,6050
6115,6055
6114,6065
6116,6066
6118,6055
6113,6050
6108,6061
6128,6073
6116,6059
6115,6070
6115,6056
6120,6051
6120,6051
6113,6047
6116,6055
6113,6063
6118,6058
6117,6060
6116,6052
6112,6054
6113,6057
6124,6067
6113,6064
6127,6053
6119,6067
6118,6055
6116,6061
6113,6062
6116,6049
6114,6055
6119,6055
6112,6068
6115,6066
6110,6060
6110,6060
6115,6041
6101,6067
6112,6065
6113,6058
6118,6055
6118,6052
6117,6055
6110,6053
6114,6055
6118,6064
6123,6066
6118,6063
6120,6057
6118,6052
6117,6049
6117,6056
6112,6064
6118,6058
6112,6064
6113,6050
6112,6060
6112,6060
6118,6063
6111,6053
6118,6061
6119,6064
6115,6062
6109,6055
6116,6055
6119,6067
6117,6041
6120,6059
6115,6054
6120,6050
6111,6062
6117,6053
6115,6060
6118,6059
6123,6066
6117,6060
6122,6060
6117,6053
6098,6015
6098,6015
6115,6054
6122,6058
6113,6066
6116,6057
6116,6065
6117,6058
6118,6063
6118,6065
6117,6057
0,44
0,61680
0,0
6115,6067
5602,5581
5597,5578
5602,5590
5603,5588
5606,5582
5600,5572
5599,5581
5606,5571
5814,5768
6338,6327
6288,6306
6306,6316
6299,6312
6281,6307
6309,6305
6297,6329
6297,6289
6289,6334
6285,6359
6299,6337
6300,6346
6283,6349
6299,6334
6286,6344
6298,6330
6309,6370
6295,6361
6307,6340
6297,6335
6300,6320
6276,6339
6290,6323
6301,6338
6282,6339
6308,6331
6301,6324
6291,6345
6289,6355
6292,6381
6288,6363
6286,6344
6303,6332
6294,6322
6286,6348
6283,6364
6288,6354
6288,6348
6301,6339
6303,6354
6292,6354
6282,6361
6280,6341
6276,6322
6303,6352
6292,6355
6295,6327
6310,6347
6301,6345
6304,6343
6304,6334
6304,6336
6285,6339
6285,6311
6293,6327
6285,6329
6296,6342
6304,6362
6288,6341
6303,6343
6304,6338
6309,6323
6283,6325
6288,6342
6313,6318
6285,6319
6286,6340
6292,6327
6297,6305
6305,6330
6291,6328
6315,6334
6299,6333
6286,6316
6289,6327
6301,6322
6302,6319
6291,6349
6282,6349
6266,6344
6282,6325
6303,6342
6291,6354
6304,6352
6298,6361
6304,6349
6304,6342
6294,6331
6288,6328
6312,6340
6294,6324
6322,6329
6320,6316
6309,6320
6284,6336
6280,6331
6272,6330
6288,6327
6292,6339
6288,6326
6288,6326
6307,6355
6289,6344
6291,6324
6291,6362
6288,6354
6301,6345
6295,6347
6288,6315
6295,6338
6320,6338
6304,6348
6306,6356
6296,6361
6309,6339
6299,6350
6292,6352
6307,6332
6279,6353
6291,6343
6305,6328
6281,6350
6288,6351
6288,6323
6284,6342
6301,6353
6302,6351
6292,6337
6309,6341
6293,6370
6313,6363
6282,6350
6268,6359
6270,6343
6290,6371
6296,6355
6295,6347
6290,6365
6276,6345
6287,6334
6309,6337
6291,6340
6275,6352
6299,6366
6301,6363
6306,6359
6312,6363
6297,6336
6300,6355
6289,6345
6303,6342
6297,6334
6292,6323
6306,6325
6292,6343
6279,6350
6296,6382
6279,6353
6281,6334
6307,6357
6287,6356
6296,6331
6271,6346
6267,6369
6269,6370
6277,6356
6281,6343
6272,6346
6280,6365
6295,6364
6306,6341
6282,6348
6285,6354
6281,6318
6299,6351
6285,6350
6277,6340
6285,6335
6299,6342
6271,6365
6276,6365
6291,6365
6271,6360
6264,6350
6274,6369
6296,6363
6277,6364
6287,6363
6280,6343
6281,6369
6265,6381
6297,6395
6259,6398
6259,6383
6276,6361
6271,6390
6261,6397
6283,6357
6278,6354
6268,6382
6271,6384
6279,6384
6272,6380
6288,6366
6276,6366
6265,6384
6289,6377
6278,6380
6278,6382
6265,6366
6249,6401
6259,6393
6262,6372
6270,6379
6256,6399
6268,6378
6274,6360
6263,6381
6271,6361
6283,6386
6261,6384
6270,6376
6257,6401
6253,6386
6260,6385
6250,6386
6248,6357
6272,6373
6270,6378
6144,6274
6321,6280
6220,6379
6283,6413
6242,6384
6265,6394
6274,6448
6246,6400
6254,6371
6258,6399
6239,6421
6269,6380
6270,6377
6271,6384
6270,6388
6254,6364
6280,6387
6271,6418
6275,6394
6264,6412
6264,6395
6267,6398
6253,6373
6252,6375
6256,6396
6254,6357
6247,6371
6235,6356
6252,6355
6248,6354
6252,6361
6237,6371
6247,6391
6249,6413
6236,6380
6242,6389
6242,6382
6252,6407
6267,6392
6263,6428
6246,6401
6247,6403
6258,6415
6256,6407
6260,6381
6235,6373
6249,6401
6246,6409
6242,6386
6258,6372
6251,6392
6232,6397
6242,6388
6247,6386
6239,6386
6238,6375
6242,6384
6252,6384
6251,6398
6239,6398
6236,6386
6240,6382
6245,6400
6256,6407
6247,6371
6236,6386
6242,6374
6253,6383
6249,6360
6240,6390
6246,6384
6230,6376
6246,6362
6243,6345
6243,6359
6243,6390
6247,6406
6253,6406
6239,6411
6228,6435
6232,6425
6242,6422
6244,6443
6242,6410
6228,6400
6227,6410
6235,6411
6238,6405
6238,6380
6227,6425
6238,6434
6233,6439
6234,6417
6219,6410
6227,6436
6242,6383
6247,6391
6235,6396
6235,6400
6255,6377
6240,6380
6250,6375
6243,6405
6238,6421
6233,6437
6224,6414
6234,6405
6232,6425
6229,6391
6229,6383
6227,6351
6233,6369
6226,6393
6227,6375
6248,6386
6236,6407
6233,6417
6234,6419
6226,6412
6241,6418
6235,6425
6246,6421
6235,6414
6219,6399
6234,6408
6221,6382
6223,6401
6225,6392
6237,6423
6234,6428
6244,6408
6238,6408
6232,6442
6246,6408
6220,6425
6237,6414
6225,6403
6223,6418
6224,6398
6234,6421
6235,6438
6224,6421
6216,6434
6227,6439
6226,6432
6226,6436
6219,6437
6222,6442
6240,6424
6229,6419
6228,6424
6229,6424
6238,6410
6223,6419
6224,6438
6242,6427
6230,6421
6226,6420
6235,6410
6229,6395
6223,6407
6226,6384
6226,6407
6220,6427
6219,6431
6240,6433
6239,6426
6237,6438
6226,6425
6223,6414
6229,6400
6223,6439
6229,6433
6230,6415
6232,6406
6239,6406
6227,6428
6231,6390
6228,6383
6219,6378
6233,6398
6225,6354
6233,6350
6225,6374
6217,6368
6239,6374
6245,6393
6237,6396
6240,6413
6234,6427
6225,6401
6224,6405
6233,6389
6220,6441
6224,6410
6227,6437
6233,6434
6224,6456
6226,6455
6219,6442
6227,6425
6222,6447
6221,6437
6227,6432
6220,6447
6228,6435
6231,6417
6230,6400
6223,6430
6211,6430
6222,6441
6228,6420
6223,6416
6234,6419
6223,6444
6220,6450
6217,6421
6218,6427
6228,6432
6235,6411
6220,6407
6222,6386
6228,6376
6221,6412
6230,6401
6221,6417
6226,6401
6204,6375
6223,6405
6227,6398
6223,6372
6235,6383
6236,6368
6230,6378
6241,6393
6246,6393
6219,6384
6235,6396
6224,6388
6226,6406
6228,6400
6227,6381
6213,6394
6220,6394
6241,6390
6209,6415
6238,6401
6218,6391
6227,6386
6219,6374
6236,6374
6228,6385
6247,6381
6229,6367
6209,6390
6225,6407
6219,6398
6235,6418
6245,6409
6229,6385
6220,6408
6223,6391
6233,6365
6235,6390
6236,6387
6226,6372
6236,6372
6234,6386
6117,6344
6163,6308
6220,6191
6219,6344
6205,6359
6246,6423
6185,6371
6234,6436
6221,6395
6240,6406
6233,6404
6240,6392
6246,6356
6240,6378
6237,6367
6236,6405
6240,6386
6246,6377
6223,6396
6230,6403
6244,6418
6241,6396
6245,6406
6232,6403
6233,6386
6239,6384
6239,6407
6232,6384
6243,6376
6243,6361
6232,6358
6232,6399
6228,6419
6241,6345
6236,6387
6247,6384
6233,6385
6237,6362
6232,6348
6233,6346
6228,6345
6237,6350
6227,6338
6231,6359
6245,6377
6233,6383
6237,6369
6233,6384
6241,6365
6232,6372
6240,6387
6234,6358
6250,6372
6240,6361
6250,6387
6247,6367
6248,6350
6247,6353
6237,6384
6254,6361
6251,6390
6251,6378
6258,6403
6255,6365
6267,6370
6290,6360
6281,6346
6289,6343
6318,6347
6327,6342
6356,6345
6365,6311
6404,6361
6432,6329
6491,6346
6542,6342
6592,6350
6646,6352
6700,6356
6764,6351
6845,6338
6932,6337
7050,6346
7129,6351
7212,6345
7362,6355
7502,6355
7596,6380
7736,6359
7863,6357
8057,6347
8193,6383
8361,6381
8491,6369
8517,6357
8572,6346
8572,6353
8585,6330
8571,6360
8451,6370
8392,6360
8203,6382
8101,6376
7920,6368
7781,6379
7715,6375
7643,6379
7514,6402
7370,6390
7235,6409
7094,6392
6980,6387
6900,6399
6841,6433
6810,6469
6785,6455
6808,6476
6865,6514
6961,6543
7071,6541
7169,6577
7261,6595
7341,6631
7498,6626
7764,6648
8021,6633
8321,6625
8585,6604
8766,6627
9085,6624
9387,6602
9606,6623
9825,6621
9930,6641
9939,6732
9991,6817
10162,6904
10257,7008
10266,7137
10269,7298
10119,7432
10076,7546
9961,7723
9832,7855
9744,7949
9607,8150
9448,8251
9320,8335
9153,8530
8994,8602
8809,8650
8584,8766
8434,8886
8249,8889
8003,8963
7710,9003
7565,9107
7370,9071
7194,9006
7031,9023
6846,9014
6783,8813
6692,8552
6626,8400
6602,8203
6639,8066
6696,7941
6802,7756
6955,7543
7057,7404
7201,7239
7410,7097
7588,7007
7729,6876
7852,6785
7979,6732
8148,6738
8357,6758
8518,6752
8723,6816
8902,6898
9028,6987
9068,7135
9152,7228
9297,7340
9351,7432
9447,7630
9425,7743
9553,7885
9551,7992
9515,8154
9554,8393
9400,8421
9304,8529
9315,8680
9352,8806
9285,8838
9151,8977
9090,9080
8997,9097
9010,9149
8999,9229
8879,9282
8877,9289
8661,9239
8352,9031
8208,9016
8008,9027
7833,8911
7652,8672
7534,8574
7347,8369
7210,8209
7055,8004
6931,7892
6824,7743
6755,7585
6721,7485
6715,7355
6737,7208
6809,7113
6924,7019
7064,6925
7298,6868
7501,6804
7719,6752
8069,6720
8341,6672
8721,6644
9157,6642
9489,6620
9860,6591
10128,6632
10475,6651
10749,6735
11140,6764
11509,6878
11738,6919
11973,7056
12155,7180
12285,7306
12221,7440
12082,7582
12028,7738
11775,7890
11511,8082
11444,8292
11239,8523
11183,8703
10852,8982
10533,9240
10330,9394
10095,9533
9680,9656
9504,9772
9387,9957
9147,10032
8877,10098
8623,10105
8365,10133
8122,10198
7959,10185
7735,10250
7557,9960
7338,9746
7178,9594
7068,9418
6976,9236
6871,8970
6793,8856
6798,8503
6603,8041
6703,7830
6762,7596
6856,7401
6926,7208
7042,7009
7184,6872
7332,6770
7507,6677
7687,6660
7994,6632
8206,6688
8314,6758
8563,6869
8766,6952
8952,7060
9221,7193
9302,7325
9444,7510
9506,7660
9599,7810
9732,8023
9752,8101
9761,8284
9714,8420
9672,8555
9668,8724
9633,8852
9573,9069
9419,9277
9388,9447
9348,9642
9259,9667
9232,9841
9114,9869
9045,10037
8853,10045
8643,10035
8417,9963
8193,10008
8009,9862
7831,9768
7660,9713
7448,9672
7256,9604
7095,9351
6951,9263
6836,9052
6771,8841
6664,8489
6629,8326
6574,8148
6591,7957
6628,7746
6665,7542
6743,7388
6790,7273
6880,7181
7004,7041
7185,6884
7275,6788
7440,6662
7600,6630
7806,6556
7997,6533
8245,6548
8459,6518
8655,6543
8974,6565
9212,6617
9364,6635
9602,6736
9766,6786
9910,6943
9978,7042
10111,7206
10096,7367
10107,7532
10200,7688
10250,7843
10201,7967
10121,8061
10063,8270
9946,8412
9913,8514
9860,8523
9793,8715
9611,8757
9422,8803
9286,8878
9053,8967
8873,8979
8761,8939
8620,8871
8398,8841
8189,8775
7940,8716
7752,8669
7573,8554
7391,8464
7183,8428
7012,8319
6865,8230
6752,8059
6696,7849
6593,7658
6536,7509
6523,7316
6556,7161
6628,7002
6680,6889
6798,6786
6881,6680
7074,6578
7266,6525
7486,6470
7740,6453
7941,6448
8156,6470
8470,6478
8702,6538
8907,6589
9178,6670
9437,6757
9705,6863
9934,6961
10001,7062
10081,7201
10185,7345
10257,7488
10345,7628
10488,7768
10583,7944
10534,8103
10468,8273
10426,8412
10335,8448
10265,8639
10061,8797
9859,8879
9682,8998
9413,9051
9274,9146
9099,9184
8835,9238
8497,9369
8166,9284
7987,9251
7727,9204
7532,9129
7350,9038
7164,8919
6942,8880
6829,8729
6694,8490
6613,8351
6519,8174
6476,7963
6458,7789
6464,7591
6486,7429
6558,7302
6605,7087
6710,6994
6839,6840
7023,6717
7199,6635
7365,6568
7547,6516
7786,6499
7968,6480
8164,6520
8339,6546
8464,6570
8559,6621
8808,6712
8901,6819
9059,6930
9236,7063
9231,7203
9414,7347
9565,7517
9708,7756
9801,7941
9902,8153
9991,8385
9990,8541
9937,8669
10006,8869
10041,8987
9968,9110
9833,9156
9633,9224
9648,9344
9459,9374
9235,9423
9096,9471
8949,9565
8728,9505
8477,9397
8268,9318
8049,9186
7797,9090
7567,8983
7296,8841
7137,8625
6972,8411
6821,8222
6727,8109
6665,7963
6601,7832
6564,7667
6542,7468
6553,7336
6573,7160
6684,7059
6726,6980
6818,6853
6923,6740
7036,6688
7164,6591
7277,6565
7451,6512
7649,6454
7853,6448
8021,6473
8195,6504
8321,6575
8451,6621
8710,6706
8866,6814
8968,6932
9152,7090
9379,7173
9499,7320
9603,7478
9672,7613
9896,7735
10053,7968
9950,8100
10041,8273
10068,8381
9968,8519
9961,8714
9924,8827
9750,8843
9629,8930
9371,8985
9138,8994
8945,8903
8726,8874
8427,8866
8297,8796
8016,8774
7798,8676
7677,8599
7434,8488
7206,8348
7116,8214
6982,8106
6832,7985
6763,7822
6724,7710
6674,7581
6747,7455
6887,7528
6816,7423
6819,7200
6929,7096
6956,7021
7032,6920
7058,6865
7103,6733
7209,6630
7362,6600
7482,6551
7649,6505
7870,6465
8133,6491
8399,6518
8576,6586
8743,6654
8940,6765
9248,6873
9496,7021
9623,7117
9743,7255
9946,7433
10100,7622
10334,7684
10442,7882
10362,8038
10312,8181
10278,8241
10198,8386
10139,8541
9824,8631
9586,8561
9347,8673
9103,8713
8939,8783
8897,8815
8788,8838
8609,8883
8402,8917
8154,8934
7951,8885
7743,8852
7601,8734
7514,8668
7408,8572
7298,8536
7200,8511
7132,8448
7054,8371
6925,8232
6826,8097
6749,7944
6672,7839
6647,7676
6598,7476
6626,7330
6668,7157
6785,7030
6907,6948
7071,6812
7151,6703
7279,6611
7396,6578
7538,6544
7659,6506
7814,6501
7979,6514
8167,6581
8337,6633
8585,6707
8835,6836
8940,6893
9042,6984
9131,7096
9090,7201
9240,7345
9418,7460
9523,7557
9453,7629
9461,7729
9451,7823
9604,8016
9578,8113
9546,8171
9458,8254
9414,8297
9276,8432
9260,8546
9129,8599
8888,8682
8727,8682
8500,8647
8314,8775
8177,8782
7948,8720
7722,8601
7516,8535
7401,8489
7215,8304
7072,8203
6948,8120
6761,8037
6668,7875
6580,7717
6538,7573
6519,7437
6568,7237
6617,7181
6698,7046
6788,6954
6917,6869
7064,6743
7226,6651
7429,6578
7553,6542
7745,6511
7951,6502
8157,6435
8298,6433
8570,6470
8908,6511
9155,6580
9319,6633
9562,6750
9719,6831
9835,6947
10010,7087
10115,7272
10030,7413
10116,7544
10054,7763
9983,7918
9864,8031
9622,8158
9492,8260
9381,8495
9200,8668
9083,8770
9058,8842
8773,8961
8733,9028
8486,9042
8388,9210
8248,9311
8065,9155
7886,9079
7830,9102
7615,9166
7490,9109
7363,8988
7312,8881
7210,8801
7107,8628
6942,8479
6838,8399
6744,8239
6688,7965
6620,7853
6548,7655
6536,7474
6522,7379
6565,7196
6614,7055
6698,6931
6801,6764
6957,6668
7144,6619
7287,6557
7431,6515
7631,6485
7847,6469
8016,6495
8229,6495
8528,6542
8825,6593
9140,6652
9382,6699
9491,6788
9788,6858
10005,6957
10127,7000
10372,7100
10687,7217
10679,7346
10762,7400
10753,7508
10740,7654
10710,7759
10737,7886
10572,7965
10339,8120
10255,8256
10044,8327
9895,8442
9725,8567
9396,8654
9128,8689
8809,8799
8505,8779
8225,8758
8099,8693
7896,8728
7719,8668
7520,8665
7380,8621
7185,8655
7032,8554
6974,8345
6878,8208
6796,8067
6722,7863
6686,7710
6678,7538
6678,7346
6686,7245
6687,7065
6745,6964
6830,6838
6912,6742
6968,6628
7072,6548
7203,6489
7386,6449
7523,6448
7705,6474
7973,6514
8259,6552
8554,6667
8822,6746
9134,6872
9371,7004
9662,7152
9907,7292
10229,7454
10447,7572
10775,7722
10965,7830
11067,7920
11031,7995
11262,8144
11457,8244
11338,8317
11270,8482
11122,8499
10982,8616
11036,8716
10969,8727
10697,8691
10399,8780
10144,8758
9854,8802
9687,8816
9362,8803
9044,8703
8709,8756
8377,8676
8110,8628
7860,8600
7634,8547
7381,8423
7198,8412
7080,8332
6905,8241
6806,8225
6751,8040
6745,7856
6714,7727
6761,7606
6864,7539
6909,7336
6969,7205
7159,7080
7307,6954
7448,6852
7640,6749
7864,6677
8019,6607
8233,6571
8526,6555
8913,6607
9146,6641
9404,6696
9586,6773
9879,6909
10307,7064
10758,7234
11066,7360
11323,7551
11659,7765
11803,7945
12122,8120
12417,8411
12528,8617
12564,8937
12497,9288
12417,9389
12631,9404
12647,9485
12453,9531
12198,9655
11962,9788
11688,9890
11359,9936
11130,9920
10735,9888
10255,9997
9922,9947
9613,9788
9252,9691
8910,9503
8647,9473
8359,9280
8043,9124
7876,8955
7642,8779
7390,8709
7186,8533
7027,8452
6956,8334
6914,8145
6894,7992
7021,7744
7135,7581
7283,7454
7477,7342
7676,7145
8024,7002
8307,6861
8708,6791
9119,6707
9504,6664
9895,6671
10202,6668
10554,6707
11049,6777
11360,6865
11617,7022
11954,7243
12274,7441
12527,7704
12711,7922
12929,8126
13027,8295
13105,8623
13193,8965
13282,9418
13430,9671
13388,9939
13077,10117
13057,10452
12697,10702
12394,10933
12136,11096
11840,11264
11420,11380
11113,11641
10870,11849
10570,12072
10162,12097
9807,12097
9376,11960
8936,11909
8492,11980
8149,11769
7872,11495
7599,11225
7294,10996
7104,10654
6987,10351
6954,9994
6896,9740
6844,9421
6979,9072
7098,8795
6985,8488
6751,8201
6502,7863
6373,7603
6255,7412
6199,7254
6184,7042
6176,6891
6171,6766
6155,6741
6153,6736
6141,6761
6150,6857
6141,6936
6146,6999
6151,7151
6145,7346
6132,7506
6128,7713
6137,7885
6127,8149
6140,8496
6126,8788
6126,8958
6114,9226
6135,9431
6123,9723
6125,9922
6124,10138
6126,10270
6125,10310
6128,10399
6126,10388
6126,10336
6126,10410
6126,10324
6113,10280
6135,10247
6122,10064
6123,9899
6127,9748
6117,9498
6118,9250
6132,8996
6125,8919
6125,8769
6125,8620
6119,8509
6118,8299
6123,8080
6109,7873
6113,7921
6107,7547
6116,7272
6113,7184
6109,7045
6115,6800
6106,6542
6111,6345
6111,6249
6103,6202
6112,6172
6111,6141
6112,6118
6113,6127
6106,6128
6101,6105
6106,6114
6099,6121
6107,6113
6105,6103
6110,6109
6104,6108
6115,6098
6123,6086
6101,6076
6111,6093
6108,6089
6104,6078
6099,6078
6106,6072
6109,6064
6096,6085
6103,6085
6111,6073
6106,6073
6104,6074
6112,6075
6104,6067
6108,6075
6105,6073
6109,6067
6112,6069
6111,6074
6103,6066
6106,6065
6102,6069
6102,6068
6105,6057
6108,6072
6101,6073
6116,6060
6107,6063
6114,6065
6113,6065
6104,6070
6119,6048
6110,6062
6104,6061
6108,6069
6111,6064
6117,6061
6119,6069
6113,6065
6101,6057
6118,6072
6112,6053
6110,6058
6109,6055
6116,6065
6112,6062
6107,6058
6100,6062
6112,6057
6095,6050
6103,6040
6113,6061
6104,6059
6109,6052
6110,6064
6113,6054
6117,6055
6105,6045
6099,6042
6114,6061
6128,6056
6113,6048
6107,6044
6115,6056
6114,6062
6103,6058
6109,6059
6115,6058
6107,6038
6106,6063
6114,6048
6113,6041
6114,6053
6110,6043
6102,6044
6124,6048
6114,6055
6110,6053
6113,6059
6110,6058
6111,6066
6107,6037
6116,6034
6104,6041
6105,6043
6274,6113
6024,5337
6275,6236
6072,5974
6071,6029
6083,6034
6080,6016
6122,6066
6114,6053
6108,6058
6111,6043
6110,6054
6103,6047
6103,6058
6096,6053
6103,6050
6112,6051
6111,6046
6101,6054
6102,6045
6105,6048
6102,6046
6107,6062
6102,6059
6100,6050
6107,6052
6106,6056
6110,6058
6106,6051
6119,6044
6099,6045
6108,6056
6112,6047
6099,6045
6107,6056
6094,6049
6108,6054
6106,6043
6108,6046
6088,6067
6101,6041
6108,6054
6111,6060
6103,6057
6113,6045
6107,6046
6101,6047
6104,6055
6104,6057
6109,6050
6095,6063
6100,6052
6112,6052
6105,6054
6106,6052
6106,6063
6114,6055
6104,6054
6101,6053
6103,6063
6103,6057
6104,6051
6105,6062
6108,6055
6089,6051
6102,6075
6102,6047
6104,6059
6119,6052
6112,6043
6099,6053
6101,6054
6109,6052
6108,6057
6108,6054
6110,6053
6100,6045
6097,6046
6104,6052
6095,6043
6107,6073
6101,6038
6099,6026
6103,6054
6103,6036
6099,6060
6098,6051
6109,6058
6122,6046
6114,6049
6095,6049
6113,6045
6099,6046
6105,6041
6107,6054
6112,6051
6098,6050
6097,6051
6101,6046
6099,6046
6106,6040
6103,6041
6095,6052
6099,6049
6110,6060
6094,6049
6087,6042
6102,6040
6099,6065
6100,6052
6094,6058
6102,6051
6106,6047
6098,6049
6100,6056
6097,6060
6096,6046
6102,6028
6111,6053
6101,6063
6107,6055
6109,6042
6094,6049
6091,6051
6104,6054
6102,6066
6090,6053
6099,6065
6094,6061
6105,6052
6104,6048
6098,6055
6109,6057
6099,6048
6110,6040
6093,6065
6095,6040
6105,6060
6101,6058
6098,6054
6096,6058
6108,6047
6100,6058
6106,6056
6107,6059
6103,6051
6112,6050
6108,6041
6096,6050
6098,6042
6105,6061
6102,6050
6108,6053
6097,6055
6101,6048
6107,6046
6098,6053
6106,6054
6105,6070
6099,6055
6109,6061
6108,6059
6103,6055
6107,6054
6101,6059
6104,6050
6106,6060
6102,6053
6102,6051
6110,6062
6103,6042
6109,6063
6107,6066
6112,6062
6113,6061
6106,6044
6112,6052
6103,6057
6108,6060
6114,6062
6103,6048
6119,6055
6108,6063
6110,6046
6106,6054
6110,6067
6107,6056
6103,6057
6103,6058
6113,6044
6101,6049
6099,6062
6117,6052
6108,6061
6104,6045
6110,6066
6112,6062
6112,6055
6111,6052
6105,6062
6103,6047
6103,6050
6096,6048
6099,6050
6112,6040
6112,6060
6092,6054
6113,6053
6112,6064
6106,6049
6110,6049
6104,6041
6104,6048
6105,6040
6093,6057
6101,6065
6106,6044
6104,6047
6101,6057
6104,6048
6103,6068
6097,6051
6101,6047
6100,6058
6092,6054
6112,6044
6102,6048
6093,6050
6106,6055
6104,6059
6096,6048
6098,6055
6103,6035
6101,6052
6104,6057
6101,6062
6102,6060
6101,6056
6094,6056
6101,6052
6102,6053
6100,6034
6108,6047
6104,6067
6101,6049
6110,6044
6104,6043
6113,6051
6113,6064
6113,6064
6100,6043
6108,6044
6103,6052
6114,6055
6119,6056
6116,6054
6103,6055
6120,6057
6111,6056
6111,6055
6114,6053
6100,6047
6110,6051
6114,6049
6117,6047
6108,6059
6112,6047
6115,6060
6040,5992
6090,6021
6089,6033
6121,6049
6079,6067
6106,6029
6120,6056
6118,6056
6103,6060
6103,6061
6112,6045
6110,6038
6114,6041
6118,6059
6114,6058
6123,6054
6103,6037
6114,6060
6117,6057
6114,6052
6121,6055
6114,6047
6114,6057
6110,6064
6106,6050
6108,6048
6105,6057
6111,6047
6107,6053
6103,6035
6114,6051
6117,6044
6101,6057
6112,6060
6097,6047
6111,6047
6116,6063
6105,6049
6112,6050
6105,6063
6104,6066
6107,6059
6109,6049
6112,6049
6115,6047
6116,6046
6112,6061
6109,6053
6107,6053
6113,6052
6107,6047
6121,6042
6111,6050
6109,6061
6110,6048
6114,6040
6110,6036
6119,6062
6110,6057
6107,6058
6106,6051
6111,6045
6114,6056
6110,6041
6118,6048
6119,6063
6110,6033
6114,6057
6113,6061
6108,6062
6120,6045
6111,6050
6107,6053
6119,6049
6117,6043
6112,6049
6107,6049
6101,6044
6103,6064
6113,6038
6112,6056
6113,6056
6113,6041
6115,6054
6102,6059
6111,6058
6117,6059
6120,6050
6123,6052
6114,6042
6114,6058
6117,6058
6123,6064
6121,6049
6103,6038
6115,6036
6124,6063
6110,6056
6110,6062
6122,6059
6118,6058
6122,6056
6111,6051
6118,6051
6111,6047
6115,6052
6113,6049
6110,6061
6114,6061
6123,6062
6118,6056
6112,6058
6113,6071
6122,6037
6118,6065
6120,6052
6118,6060
6118,6060
6114,6060
6114,6048
6117,6054
6119,6058
6117,6061
6124,6058
6116,6060
6113,6061
6119,6060
6115,6044
6113,6047
6117,6057
6112,6063
6108,6063
6111,6054
6118,6055
6108,6049
6118,6056
6119,6053
6114,6054
6111,6063
6111,6063
6112,6063
6126,6065
6111,6058
6120,6064
6118,6050
6118,6043
6110,6057
6114,6053
6115,6059
6118,6050
6119,6064
6117,6061
6119,6053
6112,6058
6112,6055
6115,6057
6114,6062
6113,6057
6117,6058
6120,6062
6116,6063
6116,6063
6118,6061
6114,6056
6111,6055
6118,6054
6115,6046
6117,6055
6119,6042
6112,6063
6118,6052
6120,6039
6113,6053
6111,6065
6119,6053
6121,6057
6113,6063
6113,6056
6115,6051
6112,6044
6118,6056
6113,6054
6116,6064
6116,6064
6119,6045
6128,6063
6115,6069
6119,6061
6118,6060
6117,6052
6128,6053
6110,6048
6115,6052
6117,6056
6119,6051
6123,6055
6118,6061
6111,6057
6123,6055
6118,6058
6122,6047
6113,6044
0,34
0,61680
0,0
6125,6051
5601,5570
5596,5564
5597,5581
5601,5575
5603,5581
5602,5572
5600,5578
5603,5577
5823,5763
6326,6322
6297,6314
6300,6300
6286,6289
6283,6311
6292,6307
6304,6322
6289,6324
6290,6322
6295,6345
6296,6346
6317,6353
6299,6349
6301,6356
6307,6347
6312,6342
6309,6356
6301,6360
6301,6337
6303,6328
6294,6316
6284,6331
6283,6334
6306,6330
6288,6339
6304,6331
6294,6328
6275,6322
6294,6368
6294,6371
6298,6360
6283,6326
6291,6319
6297,6327
6296,6363
6269,6368
6278,6364
6293,6341
6306,6334
6295,6329
6288,6329
6298,6347
6295,6353
6278,6334
6296,6342
6296,6346
6298,6331
6304,6335
6312,6348
6292,6330
6299,6332
6288,6336
6283,6338
6305,6315
6298,6318
6277,6315
6307,6337
6309,6367
6294,6330
6306,6337
6303,6337
6311,6330
6292,6350
6282,6341
6291,6325
6278,6336
6290,6352
6306,6327
6291,6315
6305,6330
6288,6349
6304,6336
6306,6351
6301,6329
6293,6324
6297,6320
6309,6316
6277,6373
6278,6340
6273,6325
6290,6347
6301,6341
6290,6331
6307,6346
6301,6350
6308,6357
6296,6368
6295,6342
6299,6327
6303,6354
6297,6323
6294,6310
6319,6309
6312,6324
6274,6329
6281,6313
6271,6332
6278,6331
6305,6334
6297,6335
6294,6334
6301,6349
6299,6349
6283,6336
6284,6358
6296,6366
6302,6339
6296,6349
6290,6325
6290,6333
6298,6341
6323,6346
6311,6361
6293,6352
6294,6351
6290,6355
6289,6350
6290,6344
6299,6339
6298,6347
6300,6337
6288,6356
6283,6348
6301,6336
6285,6343
6293,6360
6306,6353
6287,6338
6280,6353
6304,6347
6308,6373
6283,6352
6265,6351
6270,6362
6289,6354
6309,6362
6292,6339
6286,6347
6282,6355
6284,6348
6288,6339
6291,6346
6273,6335
6286,6332
6317,6350
6305,6340
6310,6364
6293,6340
6307,6356
6290,6340
6299,6314
6306,6313
6289,6320
6300,6334
6288,6376
6291,6353
6307,6366
6294,6332
6287,6354
6306,6357
6292,6339
6268,6339
6265,6360
6280,6369
6283,6371
6282,6363
6277,6365
6280,6336
6281,6356
6308,6353
6297,6371
6280,6342
6282,6345
6273,6317
6302,6316
6275,6333
6282,6345
6295,6327
6302,6345
6260,6343
6280,6376
6290,6392
6282,6354
6270,6335
6271,6368
6283,6373
6274,6385
6301,6361
6280,6351
6266,6380
6282,6388
6284,6382
6281,6392
6273,6381
6268,6370
6276,6371
6271,6401
6290,6384
6287,6369
6267,6360
6271,6384
6267,6392
6278,6369
6289,6369
6271,6371
6082,6204
6473,6556
6279,6387
6264,6371
6281,6320
6248,6390
6265,6382
6266,6356
6285,6377
6250,6375
6259,6389
6279,6358
6270,6392
6272,6381
6279,6389
6264,6366
6278,6360
6258,6404
6266,6382
6249,6392
6265,6372
6247,6367
6267,6362
6261,6383
6259,6388
6256,6396
6262,6371
6266,6380
6259,6386
6255,6415
6268,6412
6270,6401
6249,6399
6237,6396
6259,6407
6267,6372
6269,6373
6265,6386
6253,6388
6258,6379
6285,6387
6277,6432
6266,6398
6260,6420
6254,6395
6272,6385
6247,6388
6247,6360
6252,6389
6252,6369
6244,6366
6232,6334
6239,6355
6243,6334
6262,6361
6225,6385
6249,6378
6229,6408
6247,6372
6229,6387
6243,6385
6264,6413
6265,6385
6256,6416
6234,6390
6236,6389
6250,6396
6253,6384
6256,6395
6259,6360
6242,6390
6239,6401
6250,6404
6255,6378
6249,6390
6233,6377
6243,6382
6245,6368
6246,6370
6245,6356
6251,6391
6245,6368
6242,6404
6252,6384
6242,6390
6238,6362
6252,6389
6264,6414
6250,6384
6235,6378
6245,6384
6253,6391
6238,6376
6228,6381
6248,6380
6229,6353
6230,6358
6235,6342
6247,6345
6255,6378
6240,6393
6246,6415
6235,6427
6243,6416
6249,6427
6236,6431
6247,6428
6241,6417
6227,6394
6237,6438
6233,6412
6240,6401
6248,6399
6228,6432
6242,6431
6246,6374
6253,6409
6233,6422
6229,6436
6233,6392
6241,6399
6239,6401
6233,6385
6249,6434
6232,6385
6245,6394
6251,6407
6229,6432
6249,6434
6227,6415
6241,6412
6236,6414
6225,6406
6233,6388
6235,6361
6237,6374
6222,6380
6231,6361
6238,6385
6240,6411
6236,6424
6237,6402
6218,6386
6242,6426
6241,6421
6241,6408
6237,6414
6227,6406
6240,6413
6222,6386
6223,6403
6231,6407
6231,6423
6230,6422
6235,6424
6227,6422
6238,6422
6234,6410
6226,6413
6233,6426
6231,6410
6215,6418
6236,6407
6241,6415
6234,6431
6230,6454
6213,6438
6228,6433
6235,6423
6220,6451
6222,6438
6229,6430
6221,6435
6215,6427
6234,6429
6222,6429
6217,6414
6221,6408
6235,6424
6240,6410
6237,6410
6230,6419
6229,6404
6244,6402
6228,6413
6226,6413
6221,6418
6213,6425
6233,6435
6239,6443
6241,6412
6232,6418
6227,6438
6221,6428
6225,6410
6227,6443
6237,6416
6222,6393
6242,6408
6231,6408
6230,6408
6238,6404
6209,6395
6216,6359
6228,6389
6230,6366
6231,6359
6228,6399
6226,6374
6232,6365
6242,6400
6244,6422
6230,6399
6230,6426
6229,6403
6232,6407
6219,6410
6222,6433
6229,6414
6230,6434
6229,6424
6225,6449
6226,6453
6220,6435
6235,6424
6221,6463
6231,6444
6237,6442
6224,6439
6230,6436
6225,6408
6236,6405
6216,6410
6213,6420
6232,6419
6222,6424
6236,6389
6227,6426
6227,6449
6222,6423
6230,6414
6226,6427
6226,6423
6215,6407
6226,6406
6220,6397
6232,6401
6216,6417
6230,6391
6225,6395
6223,6380
6222,6405
6229,6397
6229,6363
6223,6378
6231,6371
6232,6386
6230,6375
6234,6374
6238,6405
6225,6400
6231,6399
6219,6412
6231,6388
6218,6405
6225,6402
6216,6414
6228,6405
6303,6456
6325,6487
6242,6388
6142,6360
6239,6374
6251,6383
6236,6391
6227,6369
6262,6399
6230,6385
6224,6371
6228,6395
6227,6393
6226,6398
6246,6401
6235,6379
6236,6401
6223,6395
6229,6349
6242,6378
6239,6390
6240,6378
6235,6401
6229,6394
6238,6400
6233,6409
6223,6395
6228,6391
6225,6393
6219,6407
6226,6408
6227,6390
6235,6407
6232,6402
6231,6398
6231,6393
6237,6351
6232,6380
6249,6370
6226,6385
6244,6379
6236,6388
6220,6393
6224,6416
6237,6416
6239,6402
6244,6401
6224,6405
6223,6392
6239,6380
6248,6394
6235,6385
6240,6386
6221,6365
6229,6360
6235,6383
6225,6376
6244,6351
6233,6375
6251,6385
6247,6392
6233,6357
6230,6337
6248,6375
6242,6350
6239,6343
6232,6358
6239,6371
6238,6377
6235,6392
6230,6362
6230,6391
6249,6352
6235,6375
6253,6367
6232,6373
6245,6354
6240,6351
6237,6378
6242,6357
6236,6347
6252,6369
6243,6379
6250,6368
6234,6374
6249,6380
6260,6380
6266,6362
6263,6362
6293,6358
6299,6334
6294,6374
6317,6340
6320,6356
6351,6358
6374,6342
6414,6358
6434,6358
6489,6350
6532,6338
6593,6367
6661,6343
6719,6350
6796,6348
6843,6333
6955,6347
7071,6358
7169,6353
7248,6362
7380,6339
7547,6363
7621,6361
7765,6368
7896,6362
8063,6349
8277,6378
8411,6372
8545,6374
8533,6343
8584,6347
8607,6356
8573,6339
8549,6354
8466,6347
8356,6360
8209,6347
8030,6353
7888,6360
7774,6360
7690,6371
7562,6409
7475,6394
7341,6375
7193,6404
7093,6399
6987,6403
6907,6426
6802,6439
6808,6455
6786,6474
6794,6480
6871,6522
6957,6559
7055,6563
7159,6557
7235,6605
7339,6624
7502,6600
7750,6632
8039,6645
8311,6610
8530,6606
8749,6623
9068,6611
9325,6624
9616,6599
9771,6636
9868,6689
9915,6719
10036,6797
10097,6917
10213,7032
10245,7135
10190,7303
10076,7448
10037,7581
9956,7730
9823,7850
9698,7991
9635,8104
9482,8200
9310,8359
9210,8498
9026,8508
8824,8545
8645,8680
8465,8816
8258,8865
8027,8871
7773,8902
7640,8991
7395,8955
7242,8922
7082,8879
6879,8921
6763,8828
6678,8572
6617,8423
6600,8213
6655,8088
6724,7920
6837,7702
6956,7520
7084,7366
7242,7212
7460,7036
7633,6965
7791,6843
7912,6774
8052,6725
8194,6733
8419,6706
8570,6757
8794,6821
9026,6916
9030,6990
9080,7143
9195,7234
9283,7328
9313,7426
9453,7606
9439,7748
9625,7935
9656,8074
9587,8213
9623,8449
9498,8515
9370,8593
9433,8741
9463,8971
9393,9070
9268,9140
9171,9236
9049,9323
9126,9300
9059,9448
8930,9414
8856,9269
8633,9183
8395,9167
8197,9037
8051,9023
7837,8884
7643,8812
7543,8630
7360,8450
7203,8174
7045,8037
6931,7944
6840,7794
6730,7653
6709,7517
6700,7399
6741,7287
6775,7153
6900,7057
7087,6967
7286,6906
7486,6819
7757,6765
8100,6697
8348,6655
8744,6646
9181,6640
9457,6616
9818,6610
10148,6629
10457,6667
10753,6722
11120,6735
11453,6858
11719,6924
11906,7093
12023,7191
12316,7322
12262,7461
12034,7606
11968,7763
11814,7915
11493,8525
11407,8275
11191,8481
11130,8708
10896,8979
10526,9262
10381,9424
10049,9611
9696,9691
9522,9848
9414,9986
9142,10024
8851,10118
8633,10122
8367,10113
8159,10164
7997,10197
7725,10216
7553,9924
7319,9763
7170,9594
7060,9425
6937,9213
6810,8967
6748,8731
6689,8435
6687,8033
6688,7788
6761,7594
6818,7384
6930,7157
7043,7016
7172,6844
7362,6759
7537,6699
7731,6660
8009,6640
8214,6698
8386,6755
8575,6840
8718,6945
8922,7073
9151,7228
9347,7360
9415,7520
9551,7682
9652,7805
9706,7970
9786,8101
9769,8270
9683,8468
9770,8586
9669,8709
9620,8846
9599,9061
9475,9265
9368,9448
9331,9620
9315,9668
9199,9793
9077,9858
9006,10020
8818,10003
8578,9966
8395,9975
8151,9941
8006,9845
7849,9780
7719,9781
7442,9753
7267,9590
7093,9412
6949,9230
6849,8985
6752,8777
6691,8536
6617,8362
6588,8215
6601,7966
6615,7736
6664,7592
6754,7368
6814,7271
6881,7155
7001,7008
7147,6876
7307,6733
7413,6673
7611,6621
7821,6586
8022,6531
8200,6529
8425,6541
8677,6541
8979,6562
9125,6623
9287,6687
9545,6761
9748,6847
9918,6959
10017,7080
10040,7227
10157,7355
10098,7501
10222,7631
10279,7843
10216,8020
10104,8120
9998,8316
9940,8436
9872,8591
9778,8639
9730,8684
9648,8773
9415,8903
9216,8947
9002,9050
8866,9043
8706,8975
8577,8976
8334,8877
8186,8782
7948,8746
7757,8664
7561,8568
7352,8466
7174,8404
6986,8246
6867,8177
6751,8045
6695,7830
6612,7624
6548,7490
6530,7312
6541,7160
6650,7013
6684,6889
6809,6776
6913,6649
7076,6577
7306,6509
7505,6477
7745,6441
7979,6478
8184,6475
8481,6494
8695,6538
8911,6590
9143,6639
9494,6768
9768,6853
9984,6956
10061,7073
10199,7175
10244,7317
10358,7420
10384,7589
10564,7739
10545,7942
10556,8103
10507,8246
10489,8391
10417,8486
10232,8671
10103,8795
9816,8873
9648,8996
9435,9040
9310,9135
9099,9176
8875,9258
8516,9320
8201,9277
7984,9214
7761,9176
7521,9102
7360,9047
7179,8963
6957,8886
6857,8729
6679,8513
6606,8350
6520,8124
6459,8016
6438,7810
6440,7636
6478,7466
6552,7277
6596,7104
6722,6980
6843,6818
7009,6733
7170,6630
7337,6551
7533,6513
7735,6503
7968,6518
8151,6533
8358,6538
8472,6571
8581,6631
8741,6717
8876,6818
9065,6947
9212,7043
9218,7183
9428,7380
9580,7561
9722,7752
9781,7969
9910,8204
9993,8386
9981,8553
9933,8720
10040,8864
10029,8991
10055,9123
9825,9200
9637,9254
9609,9295
9452,9329
9248,9370
9181,9489
9011,9523
8747,9473
8501,9386
8258,9278
8001,9218
7800,9059
7534,8989
7345,8810
7140,8680
6976,8437
6840,8288
6736,8132
6665,8011
6611,7843
6573,7649
6540,7496
6569,7345
6621,7161
6676,7051
6728,7007
6812,6842
6922,6740
7053,6660
7192,6593
7323,6539
7468,6501
7669,6476
7847,6473
8038,6479
8194,6486
8346,6558
8477,6633
8708,6699
8852,6790
9051,6919
9186,7082
9339,7189
9543,7335
9617,7467
9670,7626
9941,7769
10051,7942
10045,8132
10008,8256
10138,8677
9896,8461
9922,8693
9917,8835
9842,8872
9603,8916
9433,8951
9155,8972
9025,8917
8746,8830
8463,8831
8313,8760
8090,8774
7889,8723
7739,8637
7481,8509
7305,8389
7143,8239
7032,8147
6857,8018
6783,7860
6731,7691
6706,7573
6729,7447
6741,7372
6769,7334
6856,7259
6857,7039
6929,6948
6975,6839
7014,6818
7134,6736
7286,6625
7390,6587
7535,6551
7729,6507
7940,6494
8121,6474
8442,6525
8633,6584
8794,6654
8927,6755
9227,6850
9467,7029
9589,7117
9764,7237
9981,7425
10148,7591
10386,7738
10504,7869
10452,8074
10348,8183
10306,8364
10236,8433
10156,8613
9984,8718
9609,8697
9405,8732
9162,8715
8975,8850
8920,8816
8797,8850
8624,8826
8362,8908
8139,8907
7922,8902
7736,8816
7601,8792
7528,8673
7432,8627
7298,8616
7205,8552
7168,8463
7060,8372
6917,8250
6832,8123
6737,7949
6687,7842
6644,7643
6621,7464
6625,7331
6678,7185
6780,7052
6919,6910
7032,6820
7166,6695
7270,6610
7408,6571
7534,6546
7670,6520
7805,6513
7984,6516
8161,6584
8340,6643
8605,6712
8852,6829
8936,6897
9056,6994
9098,7072
9198,7244
9223,7399
9484,7488
9543,7556
9434,7636
9421,7731
9475,7831
9584,7989
9592,8105
9527,8166
9525,8269
9406,8291
9264,8462
9210,8552
9080,8634
8927,8721
8734,8672
8480,8677
8365,8749
8171,8791
7936,8663
7723,8645
7531,8567
7382,8462
7213,8315
7041,8213
6932,8094
6771,7975
6655,7867
6557,7729
6527,7530
6558,7410
6566,7279
6608,7171
6687,7034
6773,6949
6922,6861
7069,6759
7192,6667
7415,6598
7558,6543
7728,6497
7991,6497
8169,6436
8332,6440
8570,6481
8891,6516
9137,6560
9329,6674
9520,6735
9794,6848
9887,6967
10000,7086
10150,7263
10062,7388
10140,7555
10085,7737
9959,7944
9859,7998
9638,8136
9544,8251
9343,8471
9268,8674
9118,8747
9016,8908
8864,8992
8752,8999
8472,9086
8323,9129
8276,9310
8087,9182
7957,9104
7822,9096
7647,9180
7537,9165
7381,9029
7292,8949
7224,8807
7108,8680
6938,8557
6854,8462
6721,8238
6691,8017
6649,7843
6550,7675
6543,7495
6551,7366
6592,7208
6646,7043
6708,6900
6801,6748
6950,6645
7112,6624
7319,6558
7448,6510
7679,6483
7871,6467
8034,6497
8306,6512
8539,6528
8862,6581
9194,6660
9433,6727
9501,6801
9811,6872
9989,6914
10226,7008
10433,7122
10680,7221
10635,7334
10743,7394
10730,7487
10801,7658
10645,7778
10702,7876
10553,7967
10372,8057
10245,8198
10054,8290
9895,8399
9718,8559
9476,8637
9197,8754
8865,8824
8517,8757
8220,8817
8200,8715
7928,8729
7750,8723
7564,8695
7379,8625
7152,8625
7054,8564
6977,8367
6867,8200
6816,8100
6734,7880
6713,7709
6707,7545
6696,7356
6681,7215
6723,7087
6771,6959
6865,6821
6902,6732
7009,6638
7091,6557
7250,6497
7439,6467
7583,6445
7752,6467
8007,6502
8238,6569
8557,6667
8843,6740
9119,6891
9383,7012
9649,7141
9949,7342
10255,7510
10579,7612
10760,7744
11014,7849
11053,7944
11050,8046
11225,8191
11447,8329
11316,8386
11251,8536
10935,8313
11047,8806
11061,8755
10897,8771
10643,8662
10376,8772
10087,8939
9785,8850
9633,8854
9393,8872
9035,8790
8691,8764
8356,8762
8116,8663
7856,8618
7608,8515
7401,8468
7209,8466
7048,8381
6895,8294
6802,8161
6761,8017
6768,7845
6737,7739
6783,7629
6839,7512
6889,7393
7019,7221
7151,7037
7290,6936
7469,6855
7630,6742
7855,6662
7997,6514
8295,6586
8543,6593
8897,6612
9176,6626
9477,6727
9647,6792
9924,6929
10333,7064
10738,7234
11032,7339
11268,7538
11621,7761
11898,7928
12122,8129
12425,8365
12624,8630
12517,8946
12556,9211
12525,9353
12722,9389
12649,9503
12451,9599
12248,9720
12051,9847
11717,9883
11421,9971
11286,9950
10717,9885
10293,9963
9888,9998
9603,9754
9281,9737
8941,9579
8619,9420
8395,9324
8106,9098
7842,9018
7639,8848
7408,8720
7203,8514
7024,8491
6959,8369
6892,8171
6927,8023
7007,7768
7106,7594
7291,7450
7472,7330
7699,7131
7990,7002
8302,6835
8729,6785
9131,6692
9585,6666
9890,6643
10192,6666
10607,6729
11060,6775
11504,6873
11826,7028
12119,7224
12425,7480
12611,7728
12747,7940
13012,8159
13111,8291
13163,8630
13225,8939
13247,9406
13244,9661
13305,9903
13102,10165
13032,10439
12692,10768
12326,10929
12205,11084
11909,11266
11458,11431
11134,11703
10750,11867
10518,12029
10161,12089
9772,12121
9404,12012
8931,11969
8488,11972
8136,11784
7861,11440
7613,11219
7331,10986
7085,10610
6990,10399
6943,10017
6870,9763
6838,9416
6974,9086
7117,8792
7005,8499
6758,8185
6517,7878
6352,7643
6265,7408
6204,7205
6179,6986
6170,6901
6150,6768
6149,6750
6146,6737
6137,6765
6141,6852
6140,6948
6142,7019
6146,7182
6143,7320
6143,7512
6129,7713
6136,7907
6130,8145
6137,8555
6124,8799
6124,8982
6130,9180
6130,9453
6132,9684
6130,9932
6120,10116
6115,10226
6123,10367
6118,10407
6124,10351
6123,10374
6117,10401
6126,10315
6117,10249
6125,10262
6120,10131
6120,9948
6113,9741
6110,9553
6120,9286
6128,9057
6121,8845
6118,8834
6124,8659
6119,8533
6120,8295
6101,8130
6111,7895
6106,7844
6108,7519
6115,7265
6110,7194
6106,7062
6110,6793
6105,6526
6099,6340
6107,6248
6104,6181
6114,6159
6097,6137
6105,6105
6111,6121
6105,6124
6104,6114
6105,6110
6108,6104
6113,6093
6101,6103
6109,6120
6103,6104
6110,6100
6112,6086
6097,6077
6109,6077
6110,6082
6101,6085
6103,6075
6111,6075
6107,6074
6101,6077
6099,6082
6107,6082
6099,6085
6110,6077
6105,6069
6103,6073
6104,6066
6105,6071
6112,6079
6113,6064
6110,6064
6108,6068
6097,6072
6100,6061
6101,6066
6096,6060
6108,6071
6098,6073
6109,6053
6106,6065
6114,6063
6103,6077
6103,6069
6109,6063
6121,6058
6110,6062
6105,6061
6106,6062
6113,6066
6111,6060
6111,6057
6102,6052
6114,6070
6110,6060
6110,6056
6113,6056
6110,6059
6107,6060
6105,6063
6105,6039
6107,6056
6106,6058
6101,6061
6106,6054
6107,6056
6109,6053
6110,6061
6110,6056
6118,6055
6103,6034
6102,6039
6113,6066
6114,6044
6056,6049
6048,5989
6078,6016
6068,6019
6107,6055
6119,6049
6111,6049
6109,6049
6119,6048
6123,6053
6105,6039
6097,6075
6107,6059
6105,6052
6110,6045
6111,6059
6105,6045
6105,6051
6110,6048
6113,6056
6095,6055
6105,6055
6101,6053
6097,6059
6110,6059
6106,6058
6099,6057
6106,6042
6098,6056
6104,6042
6103,6059
6109,6050
6110,6047
6110,6049
6114,6067
6110,6054
6103,6055
6105,6051
6101,6061
6101,6049
6110,6045
6115,6026
6103,6049
6095,6050
6102,6053
6110,6056
6104,6055
6109,6050
6103,6062
6109,6053
6107,6060
6116,6039
6104,6060
6104,6054
6099,6049
6116,6054
6099,6040
6098,6062
6109,6060
6099,6052
6102,6059
6110,6057
6111,6040
6099,6061
6098,6049
6109,6054
6119,6062
6103,6063
6110,6050
6104,6059
6104,6054
6102,6061
6106,6059
6112,6067
6092,6058
6105,6047
6114,6043
6106,6050
6100,6041
6109,6048
6108,6047
6112,6056
6109,6054
6101,6057
6109,6055
6109,6051
6126,6055
6107,6055
6101,6048
6115,6051
6099,6046
6109,6066
6114,6060
6117,6060
6103,6051
6094,6054
6105,6048
6104,6060
6099,6041
6103,6044
6093,6040
6098,6058
6097,6046
6098,6051
6113,6036
6100,6047
6098,6050
6103,6050
6096,6041
6100,6047
6102,6058
6108,6053
6106,6050
6117,6055
6103,6050
6109,6050
6100,6048
6105,6056
6112,6061
6111,6056
6097,6049
6097,6045
6105,6054
6094,6056
6102,6053
6095,6051
6098,6048
6097,6055
6108,6061
6100,6057
6092,6055
6105,6052
6107,6060
6096,6065
6093,6046
6099,6050
6104,6052
6097,6050
6101,6045
6097,6052
6104,6042
6102,6055
6109,6047
6100,6045
6099,6062
6102,6055
6091,6050
6090,6056
6106,6054
6100,6063
6094,6053
6100,6055
6091,6056
6095,6046
6096,6051
6094,6058
6105,6041
6098,6059
6107,6059
6101,6049
6090,6051
6105,6048
6096,6104
6100,6047
6110,6057
6104,6047
6103,6049
6112,6061
6106,6055
6102,6050
6111,6041
6104,6056
6098,6066
6103,6041
6110,6058
6103,6049
6103,6052
6101,6066
6095,6054
6104,6055
6108,6049
6102,6044
6108,6072
6102,6050
6109,6041
6101,6053
6114,6061
6107,6062
6105,6063
6103,6050
6107,6063
6102,6042
6107,6055
6115,6054
6109,6051
6118,6060
6096,6045
6121,6066
6109,6053
6110,6053
6114,6047
6108,6053
6113,6065
6118,6064
6104,6059
6115,6057
6114,6042
6109,6044
6109,6051
6109,6063
6116,6055
6113,6061
6104,6054
6103,6063
6108,6052
6101,6054
6115,6057
6101,6066
6114,6046
6115,6035
6109,6062
6112,6048
6108,6057
6104,6064
6105,6056
6107,6056
6102,6050
6104,6052
6107,6049
6105,6069
6100,6052
6111,6054
6111,6060
6104,6053
6104,6046
6101,6051
6106,6043
6112,6061
6099,6064
6108,6049
6112,6050
6104,6045
6105,6060
6101,6041
6102,6047
6094,6063
6101,6059
6102,6053
6099,6057
6103,6066
6114,6043
6098,6054
6111,6049
6107,6054
6096,6048
6102,6054
6104,6060
6107,6058
6109,6060
6104,6057
6112,6046
6102,6044
6097,6054
6103,6053
6104,6057
6101,6051
6100,6046
6098,6054
6133,6030
6248,6243
6111,6077
6112,6053
6120,6033
6156,6089
6134,6090
6081,6031
6101,6084
6105,6057
6101,6046
6113,6051
6108,6059
6104,6037
6102,6047
6119,6056
6119,6054
6110,6053
6104,6043
6115,6041
6108,6057
6117,6057
6118,6052
6116,6050
6116,6058
6118,6058
6114,6063
6115,6049
6116,6051
6121,6062
6118,6061
6117,6053
6108,6054
6107,6050
6120,6054
6115,6040
6117,6053
6116,6063
6110,6065
6118,6055
6103,6060
6110,6062
6110,6045
6112,6050
6113,6055
6106,6052
6110,6063
6113,6061
6104,6052
6110,6054
6110,6047
6106,6042
6106,6051
6111,6048
6116,6057
6107,6056
6108,6037
6115,6056
6100,6051
6108,6051
6117,6062
6112,6058
6117,6052
6108,6060
6099,6070
6120,6037
6106,6053
6115,6046
6114,6056
6113,6058
6116,6053
6108,6059
6110,6049
6110,6051
6097,6041
6110,6055
6113,6057
6115,6052
6111,6056
6115,6056
6115,6048
6119,6051
6112,6058
6114,6053
6110,6053
6107,6041
6114,6050
6109,6036
6117,6045
6110,6063
6097,6053
6108,6043
6106,6053
6111,6065
6115,6052
6111,6048
6101,6057
6113,6040
6111,6049
6110,6057
6101,6047
6105,6045
6114,6061
6107,6060
6110,6061
6111,6048
6119,6052
6114,6059
6111,6052
6113,6059
6116,6060
6120,6042
6115,6053
6119,6064
6115,6049
6117,6045
6120,6060
6112,6054
6098,6055
6112,6065
6118,6057
6106,6053
6098,6052
6113,6050
6122,6061
6121,6055
6113,6061
6122,6058
6121,6060
6123,6057
6115,6048
6113,6036
6113,6061
6119,6056
6117,6058
6123,6063
6119,6061
6121,6054
6114,6060
6110,6054
6115,6045
6118,6063
6130,6072
6114,6058
6117,6058
6113,6055
6113,6063
6116,6043
6120,6054
6109,6056
6111,6057
6113,6049
6120,6062
6114,6063
6113,6055
6113,6055
6120,6051
6116,6056
6113,6054
6117,6054
6115,6084
6117,6057
6115,6059
6114,6053
6113,6061
6116,6064
6111,6062
6110,6059
6115,6054
6116,6066
6113,6063
6110,6046
6115,6040
6116,6066
6116,6063
6112,6061
6114,6056
6114,6056
6111,6059
6114,6061
6112,6070
6112,6056
6117,6050
6112,6044
6113,6062
6114,6060
6128,6068
6111,6059
6123,6058
6115,6062
6100,6047
6116,6063
6118,6051
6113,6061
6114,6063
6114,6054
6113,6068
6123,6057
6116,6049
6116,6049
6113,6062
6109,6062
6114,6060
6117,6051
6119,6061
6120,6058
6115,6055
6116,6040
6122,6055
6115,6060
6112,6068
6114,6047
6117,6061
6111,6064
6111,6066
6110,6046
6119,6050
6121,6064
6111,6059
6120,6047
6111,6064
6110,6068
6110,6068
6119,6064
6122,6049
6115,6061
0,42
0,61680
0,0
6114,6048
5601,5574
5601,5575
5610,5578
5609,5583
5609,5589
5602,5581
5600,5583
5603,5578
5818,5743
6334,6320
6304,6316
6296,6311
6296,6312
6283,6290
6318,6303
6305,6321
6285,6325
6299,6324
6286,6343
6301,6334
6310,6338
6291,6337
6298,6336
6311,6339
6313,6326
6317,6330
6296,6366
6299,6346
6314,6321
6298,6314
6288,6333
6308,6319
6298,6321
6311,6327
6303,6328
6306,6328
6292,6325
6295,6357
6301,6384
6292,6362
6309,6342
6300,6317
6304,6344
6301,6340
6273,6350
6275,6370
6284,6343
6293,6343
6297,6336
6297,6341
6303,6349
6289,6357
6282,6340
6308,6353
6295,6359
6312,6328
6303,6336
6313,6337
6293,6330
6304,6337
6295,6334
6287,6332
6311,6320
6287,6308
6297,6320
6304,6339
6315,6360
6307,6326
6311,6326
6309,6333
6325,6327
6286,6323
6285,6332
6305,6324
6291,6330
6285,6342
6287,6334
6293,6321
6299,6347
6313,6329
6296,6333
6301,6331
6298,6328
6289,6332
6300,6323
6306,6354
6295,6359
6282,6344
6278,6326
6295,6342
6309,6330
6300,6346
6324,6340
6314,6355
6303,6349
6313,6350
6288,6337
6291,6328
6305,6343
6290,6326
6300,6330
6317,6323
6301,6322
6286,6338
6284,6331
6265,6337
6297,6313
6289,6316
6293,6336
6293,6328
6305,6353
6292,6348
6272,6313
6299,6373
6299,6362
6293,6329
6300,6326
6273,6324
6275,6327
6298,6330
6326,6351
6306,6352
6294,6337
6307,6330
6298,6343
6301,6350
6289,6336
6289,6338
6307,6345
6305,6342
6270,6355
6291,6351
6292,6313
6291,6349
6296,6342
6292,6337
6289,6326
6298,6343
6289,6341
6314,6355
6296,6340
6279,6350
6283,6365
6292,6366
6301,6351
6303,6330
6303,6353
6275,6354
6287,6338
6296,6358
6284,6339
6257,6362
6289,6347
6313,6318
6302,6343
6310,6352
6306,6326
6298,6331
6270,6379
6291,6326
6302,6323
6305,6335
6306,6330
6297,6351
6281,6329
6272,6371
6294,6357
6303,6318
6297,6363
6299,6345
6288,6342
6266,6345
6281,6348
6266,6351
6285,6346
6282,6358
6279,6350
6291,6374
6313,6371
6306,6348
6278,6354
6276,6343
6292,6322
6288,6322
6291,6344
6292,6348
6293,6333
6298,6351
6275,6359
6278,6391
6289,6378
6265,6331
6274,6342
6289,6395
6273,6403
6282,6363
6305,6343
6283,6365
6289,6365
6270,6369
6288,6386
6273,6370
6266,6378
6268,6346
6276,6388
6257,6401
6264,6367
6286,6377
6271,6373
6267,6377
6274,6379
6273,6372
6284,6372
6277,6369
6266,6390
6284,6377
6288,6393
6283,6402
6271,6365
6253,6383
6259,6375
6283,6357
6268,6361
6266,6400
6256,6387
6281,6369
6261,6380
6284,6378
6268,6383
6257,6384
6261,6386
6262,6392
6265,6379
6257,6366
6261,6365
6246,6371
6244,6393
6262,6387
6254,6382
6251,6377
6251,6382
6273,6393
6252,6401
6249,6418
6262,6414
6267,6392
6256,6398
6242,6403
6252,6404
6260,6384
6263,6367
6266,6398
6264,6371
6268,6383
6277,6386
6279,6419
6268,6394
6258,6401
6251,6385
6263,6392
6258,6380
6249,6361
6251,6392
6237,6344
6252,6360
6239,6356
6253,6365
6258,6338
6247,6356
6229,6386
6249,6372
6245,6390
6241,6365
6239,6376
6248,6395
6255,6423
6264,6392
6254,6417
6247,6385
6249,6399
6253,6388
6257,6407
6261,6385
6251,6377
6238,6393
6252,6413
6247,6378
6256,6375
6251,6388
6235,6397
6248,6388
6252,6385
6236,6372
6237,6375
6245,6373
6232,6355
6237,6361
6241,6399
6232,6388
6240,6370
6242,6398
6251,6413
6250,6379
6235,6377
6249,6387
6245,6385
6249,6368
6225,6382
6248,6387
6253,6355
6238,6349
6243,6345
6247,6347
6252,6380
6242,6396
6255,6408
6235,6410
6240,6412
6233,6432
6241,6419
6257,6408
6236,6431
6221,6409
6234,6413
6234,6412
6241,6398
6236,6388
6236,6415
6237,6434
6243,6414
6243,6399
6229,6391
6220,6426
6243,6398
6241,6392
6243,6398
6238,6398
6250,6389
6236,6390
6242,6385
6250,6412
6232,6416
6236,6450
6221,6415
6231,6415
6244,6416
6237,6395
6230,6393
6226,6365
6239,6389
6224,6393
6226,6373
6237,6380
6231,6407
6246,6412
6246,6415
6227,6410
6241,6410
6252,6405
6239,6405
6240,6397
6226,6415
6238,6420
6221,6375
6224,6403
6236,6401
6248,6422
6238,6408
6228,6423
6242,6416
6240,6425
6248,6401
6223,6401
6229,6420
6239,6416
6223,6418
6230,6405
6235,6448
6231,6441
6220,6438
6217,6451
6228,6417
6223,6436
6217,6441
6230,6447
6235,6428
6238,6423
6223,6416
6250,6423
6237,6429
6234,6400
6231,6398
6234,6424
6224,6428
6229,6419
6233,6404
6238,6413
6241,6411
6228,6409
6236,6406
6223,6410
6219,6431
6231,6438
6244,6439
6238,6433
6225,6432
6216,6427
6230,6409
6222,6402
6222,6435
6224,6413
6225,6394
6233,6394
6237,6407
6229,6428
6226,6391
6203,6405
6226,6361
6244,6399
6224,6364
6237,6356
6226,6371
6225,6362
6228,6375
6239,6405
6236,6406
6227,6409
6225,6428
6226,6402
6228,6416
6230,6399
6234,6429
6233,6419
6229,6430
6227,6416
6225,6451
6220,6446
6209,6446
6226,6437
6225,6467
6221,6443
6232,6439
6223,6429
6223,6449
6242,6422
6225,6399
6226,6421
6217,6427
6225,6417
6228,6442
6226,6414
6226,6422
6231,6448
6227,6438
6223,6419
6226,6426
6231,6430
6220,6402
5841,5936
5931,6128
6176,6339
6143,6383
6151,6332
6175,6371
6219,6355
6237,6388
6252,6407
6221,6370
6228,6384
6242,6384
6236,6401
6227,6388
6234,6385
6230,6375
6226,6409
6231,6405
6223,6396
6229,6395
6226,6406
6232,6399
6222,6393
6208,6398
6230,6376
6212,6402
6225,6407
6205,6375
6217,6382
6227,6379
6232,6366
6229,6372
6243,6402
6227,6373
6230,6384
6239,6399
6230,6393
6226,6404
6236,6408
6218,6385
6227,6390
6226,6393
6226,6363
6239,6377
6228,6388
6231,6378
6233,6380
6239,6390
6231,6385
6219,6429
6233,6382
6240,6401
6226,6390
6224,6412
6212,6396
6222,6408
6241,6404
6239,6396
6235,6379
6241,6374
6231,6364
6246,6377
6239,6366
6240,6399
6229,6387
6234,6387
6230,6402
6235,6421
6248,6409
6238,6398
6232,6411
6242,6398
6232,6377
6231,6385
6240,6402
6235,6364
6247,6365
6232,6383
6228,6384
6239,6385
6220,6386
6243,6346
6235,6377
6243,6375
6242,6386
6237,6359
6231,6348
6223,6348
6239,6342
6240,6361
6233,6345
6245,6364
6242,6377
6235,6398
6233,6368
6235,6384
6243,6371
6238,6369
6248,6370
6223,6361
6236,6356
6230,6357
6232,6383
6247,6365
6240,6340
6250,6364
6243,6362
6244,6350
6254,6370
6251,6378
6265,6362
6266,6353
6278,6353
6291,6344
6301,6322
6297,6355
6318,6341
6330,6356
6333,6350
6361,6335
6399,6352
6429,6368
6479,6347
6538,6336
6571,6342
6633,6349
6714,6364
6766,6345
6840,6345
6932,6336
7054,6340
7129,6352
7219,6362
7368,6362
7501,6343
7598,6374
7721,6372
7824,6370
8048,6351
8212,6371
8359,6372
8534,6370
8513,6347
8551,6343
8618,6350
8576,6336
8551,6358
8523,6374
8353,6355
8206,6362
8038,6381
7927,6368
7761,6371
7758,6368
7619,6408
7507,6392
7413,6387
7216,6410
7106,6427
6990,6415
6880,6442
6812,6454
6783,6461
6779,6476
6804,6504
6864,6528
6965,6536
7062,6558
7161,6559
7257,6623
7356,6636
7549,6629
7734,6638
8018,6636
8333,6622
8545,6602
8752,6638
9071,6617
9381,6591
9596,6619
9778,6645
9902,6673
9886,6734
9952,6781
10124,6887
10206,7026
10300,7127
10223,7324
10102,7417
10112,7580
10011,7710
9810,7829
9694,8006
9645,8141
9470,8249
9311,8366
9103,8511
9000,8592
8795,8576
8646,8691
8474,8789
8278,8822
7976,8899
7781,8923
7653,8951
7430,8908
7276,8849
7059,8880
6932,8905
6795,8715
6682,8547
6639,8372
6617,8200
6660,8060
6701,7918
6840,7725
6944,7603
7070,7413
7194,7218
7421,7086
7627,6960
7804,6866
7919,6762
8074,6730
8263,6728
8425,6754
8604,6760
8833,6818
9027,6926
9075,7017
9156,7159
9214,7232
9295,7343
9368,7462
9371,7597
9492,7774
9463,7896
9542,8010
9472,8121
9536,8345
9532,8508
9458,8648
9363,8746
9420,8874
9415,9036
9302,9148
9217,9284
9122,9418
9174,9355
9061,9463
8989,9414
8832,9331
8629,9255
8410,9108
8214,9106
8025,9140
7859,8964
7672,8784
7533,8586
7368,8434
7192,8287
7046,8168
6923,7989
6810,7789
6744,7659
6691,7554
6722,7384
6733,7263
6852,7233
6856,7045
7048,6936
7335,6916
7519,6799
7771,6767
8038,6697
8355,6666
8767,6643
9186,6631
9488,6621
9843,6604
10151,6637
10500,6666
10826,6722
11180,6752
11486,6863
11747,6926
11979,7070
12057,7198
12237,7342
12092,7468
12024,7614
12032,7734
11795,7924
11513,8077
11384,8331
11306,8571
11210,8732
10839,8954
10563,9220
10433,9362
10049,9563
9700,9677
9488,9808
9411,10026
9128,10059
8782,10157
8634,10086
8378,10117
8157,10161
7995,10249
7769,10174
7601,9863
7349,9750
7199,9586
7083,9414
6936,9170
6836,8930
6739,8687
6687,8432
6677,8029
6708,7799
6751,7567
6847,7379
6942,7142
7032,6992
7206,6841
7355,6770
7543,6716
7775,6672
8023,6644
8245,6720
8434,6768
8579,6852
8781,6950
8984,7047
9176,7195
9294,7352
9391,7510
9448,7657
9643,7780
9672,8042
9730,8107
9725,8249
9719,8439
9734,8553
9696,8715
9711,8846
9665,9021
9603,9250
9511,9447
9378,9583
9401,9672
9310,9767
9163,9919
9016,10011
8898,10050
8635,9980
8452,9974
8227,9984
8000,9824
7856,9799
7627,9735
7470,9779
7263,9604
7132,9391
6948,9273
6866,9058
6771,8839
6706,8589
6620,8377
6575,8253
6597,7972
6636,7783
6665,7586
6716,7415
6799,7252
6886,7186
7031,7049
7165,6896
7287,6784
7437,6697
7599,6609
7802,6572
8024,6543
8234,6537
8433,6523
8702,6515
8928,6569
9176,6612
9320,6680
9562,6749
9732,6852
9880,6991
9997,7067
10072,7229
10069,7383
10119,7519
10193,7662
10199,7845
10175,7977
10117,8076
10052,8221
9977,8395
9923,8493
9773,8590
9721,8734
9577,8761
9382,8891
9179,8979
9020,8980
8877,9041
8715,9003
8552,8939
8397,8877
8127,8801
7920,8743
7736,8648
7514,8503
7356,8498
7148,8419
7006,8270
6881,8195
6781,8060
6705,7826
6613,7620
6563,7504
6528,7297
6555,7144
6630,6992
6705,6887
6794,6763
6921,6630
7111,6583
7277,6516
7510,6472
7764,6439
7980,6458
8219,6469
8528,6506
8726,6548
8904,6588
9110,6656
9451,6791
9726,6851
9933,6955
9961,7079
10086,7186
10170,7285
10307,7467
10365,7613
10543,7747
10630,7930
10557,8053
10492,8207
10509,8363
10366,8453
10246,8648
10062,8801
9848,8849
9664,8990
9482,9038
9268,9137
9120,9173
8867,9262
8514,9351
8208,9302
7994,9209
7745,9190
7527,9115
7347,9013
7179,8903
6959,8883
6821,8704
6699,8441
6609,8307
6522,8184
6463,7963
6442,7822
6460,7637
6492,7448
6534,7298
6585,7110
6704,6966
6851,6844
7015,6730
7188,6604
7355,6559
7554,6508
7747,6508
7939,6510
8126,6509
8352,6502
8496,6579
8565,6622
8772,6723
8944,6845
9048,6952
9250,7053
9266,7182
9351,7368
9626,7538
9721,7722
9774,7954
9873,8188
9974,8395
9926,8521
9962,8664
10027,8860
10062,8976
10045,9092
9830,9163
9621,9260
9593,9365
9472,9371
9240,9351
9162,9479
9022,9518
8731,9518
8491,9356
8249,9298
8040,9166
7784,9098
7556,8956
7272,8877
7118,8580
6974,8402
6834,8237
6735,8086
6684,7988
6592,7814
6551,7674
6544,7493
6568,7332
6597,7147
6655,7073
6596,6861
7099,7210
6911,6685
7126,6809
7046,6462
7291,6576
7476,6487
7683,6451
7867,6447
8058,6445
8156,6504
8320,6566
8447,6635
8693,6710
8861,6823
8967,6926
9163,7075
9316,7185
9523,7315
9637,7465
9669,7593
9919,7787
10051,7960
9985,8081
10068,8277
10119,8389
9989,8488
9932,8695
9886,8859
9798,8820
9619,8886
9343,8967
9101,8926
8926,8921
8711,8855
8423,8858
8279,8822
8073,8779
7817,8766
7686,8656
7423,8504
7289,8377
7138,8187
7018,8161
6880,8011
6775,7855
6711,7713
6689,7582
6725,7494
6732,7365
6789,7305
6850,7239
6840,7039
6908,6975
6947,6884
7007,6796
7137,6703
7232,6609
7336,6600
7496,6536
7668,6503
7981,6484
8112,6487
8401,6536
8675,6589
8799,6650
9010,6751
9284,6878
9435,7023
9577,7124
9779,7246
10000,7427
10044,7593
10286,7681
10437,7850
10355,8047
10354,8184
10294,8312
10218,8481
10136,8551
9943,8712
9658,8709
9428,8745
9226,8787
9057,8892
8882,8882
8802,8911
8636,8901
8332,8937
8108,8907
7921,8949
7713,8875
7562,8768
7541,8648
7421,8631
7335,8703
7204,8509
7138,8442
7062,8401
6929,8225
6807,8118
6766,7975
6679,7857
6634,7642
6624,7472
6619,7333
6689,7174
6775,7050
6913,6937
7041,6828
7143,6725
7281,6625
7383,6534
7516,6526
7672,6498
7834,6516
8009,6525
8171,6578
8338,6641
8633,6717
8886,6841
8952,6902
9066,6944
9156,7092
9158,7217
9239,7394
9433,7488
9511,7581
9461,7671
9491,7738
9391,7864
9585,7992
9596,8120
9534,8179
9471,8233
9429,8291
9291,8430
9220,8488
9154,8581
8949,8682
8736,8740
8497,8678
8363,8748
8148,8799
7951,8664
7731,8670
7503,8603
7422,8459
7212,8323
7034,8239
6943,8138
6803,8000
6654,7884
6566,7725
6543,7607
6547,7431
6568,7218
6592,7147
6691,7051
6764,6949
6926,6875
7058,6758
7195,6649
7437,6586
7564,6542
7782,6519
7964,6469
8224,6439
8332,6415
8578,6470
8857,6536
9167,6569
9334,6657
9537,6760
9775,6840
9818,6969
9968,7096
10136,7259
10078,7412
10106,7529
10088,7738
9963,7923
9807,8012
9640,8159
9528,8264
9417,8486
9218,8686
9125,8714
9032,8903
8881,8983
8752,9051
8499,9084
8402,9195
8286,9339
8101,9193
7903,9098
7810,9084
7640,9124
7497,9101
7385,8954
7336,8893
7190,8821
7119,8650
6933,8556
6856,8495
6746,8273
6689,8068
6613,7873
6573,7692
6555,7521
6564,7362
6595,7215
6633,7044
6708,6897
6792,6751
6967,6673
7155,6622
7312,6541
7446,6512
7628,6480
7822,6468
8012,6491
8254,6505
8588,6555
8855,6601
9210,6637
9476,6695
9576,6796
9859,6879
10007,6942
10237,7027
10466,7141
10648,7222
10664,7343
10789,7410
10759,7507
10778,7650
10699,7793
10706,7889
10581,7983
10327,8093
10199,8186
10053,8268
9956,8450
9735,8547
9435,8640
9176,8754
8880,8830
8569,8796
8285,8836
8167,8725
7987,8728
7764,8689
7588,8664
7362,8656
7158,8669
7052,8541
6972,8355
6852,8233
6784,8110
6733,7910
6683,7669
6701,7545
6688,7351
6694,7214
6710,7107
6773,6965
6852,6845
6933,6746
7068,6677
7166,6566
7217,6504
7410,6470
7557,6456
7743,6456
7954,6495
8276,6554
8548,6667
8825,6743
9086,6868
9345,7036
9608,7153
9898,7310
10238,7441
10524,7534
10765,7708
10950,7811
11036,7929
11069,8014
11263,8209
11425,8302
11359,8418
11183,8479
11112,8505
11053,8651
11104,8751
10915,8783
10663,8720
10421,8859
10189,8727
9887,8814
9720,8757
9385,8764
9011,8788
8671,8874
8327,8726
8120,8687
7844,8682
7628,8530
7406,8523
7211,8504
7049,8416
6899,8302
6793,8209
6769,8047
6749,7851
6763,7760
6801,7654
6836,7490
6909,7368
7019,7240
7123,7064
7274,6954
7463,6848
7615,6771
7848,6661
7998,6609
8249,6577
8557,6591
8888,6599
9147,6651
9428,6720
9621,6803
10056,6942
10387,7069
10774,7206
11020,7329
11300,7575
11558,7760
11865,7910
12134,8081
12378,8407
12535,8643
12524,8910
12487,9205
12500,9336
12695,9421
12681,9479
12434,9557
12214,9694
12001,9862
11730,9869
11442,9918
11217,9957
10761,9954
10301,9993
9895,9954
9610,9794
9318,9709
8912,9555
8595,9396
8338,9217
8004,9093
7815,8998
7614,8839
7405,8741
7160,8558
7034,8473
6955,8318
6889,8140
6927,8019
7008,7799
7162,7592
7296,7452
7501,7327
7689,7165
7991,6978
8327,6852
8704,6797
9149,6690
9490,6674
9838,6659
10173,6649
10552,6716
10963,6796
11387,6861
11770,7024
12043,7224
12401,7478
12625,7738
12823,7944
13002,8149
13144,8323
13161,8664
13249,8944
13345,9410
13409,9694
13344,9950
13057,10155
13019,10399
12666,10712
12284,10889
12200,11046
11899,11238
11394,11491
11119,11645
10874,11856
10497,12078
10184,12128
9770,12110
9354,11982
8947,11965
8452,11982
8142,11784
7854,11512
7588,11189
7322,10992
7100,10623
6971,10336
6949,9972
6891,9712
6854,9399
6955,9074
7116,8797
6969,8497
6776,8156
6515,7847
6349,7624
6259,7421
6208,7215
6180,7028
6168,6897
6167,6761
6156,6743
6148,6742
6146,6782
6142,6864
6140,6937
6152,7033
6151,7182
6156,7331
6136,7478
6124,7715
6134,7882
6135,8121
6132,8502
6121,8796
6125,8987
6133,9198
6130,9471
6131,9679
6130,9942
6122,10115
6126,10258
6122,10343
6123,10420
6124,10346
6125,10379
6121,10395
6120,10350
6117,10234
6122,10241
6115,10119
6125,9906
6115,9697
6112,9518
6120,9265
6119,9045
6118,8919
6117,8841
6120,8710
6113,8565
6115,8315
6109,8132
6111,7926
6112,7864
6113,7530
6110,7234
6112,7152
6112,7023
6113,6809
6105,6526
6106,6339
6110,6241
6106,6186
6116,6162
6115,6140
6103,6136
6111,6116
6109,6106
6112,6115
6110,6108
6103,6109
6109,6107
6100,6112
6109,6114
6096,6093
6107,6096
6114,6103
6099,6057
6113,6092
6109,6085
6099,6062
6106,6094
6111,6077
6099,6076
6107,6074
6110,6079
6109,6071
6111,6070
6108,6070
6109,6075
6108,6077
6103,6064
6104,6087
6106,6078
6113,6076
6110,6065
6106,6072
6108,6065
6104,6065
6100,6058
6103,6063
6108,6066
6111,6056
6113,6065
6110,6065
6108,6063
6123,6068
6106,6057
6115,6061
6117,6062
6108,6056
6113,6063
6108,6062
6114,6060
5986,5924
6071,6013
6055,6011
6104,5989
6138,6078
6146,6085
6104,6026
6110,6062
6128,6070
6120,6053
6110,6053
6102,6060
6107,6058
6104,6062
6100,6045
6109,6053
6106,6047
6113,6058
6116,6055
6107,6059
6109,6047
6107,6050
6113,6070
6119,6051
6105,6065
6115,6045
6116,6051
6108,6058
6123,6045
6106,6058
6113,6060
6109,6046
6118,6060
6113,6049
6113,6049
6124,6050
6107,6050
6110,6063
6110,6047
6108,6063
6110,6052
6109,6047
6110,6036
6109,6051
6108,6048
6114,6042
6104,6050
6105,6063
6107,6072
6112,6043
6104,6048
6108,6051
6101,6060
6103,6060
6108,6051
6109,6056
6103,6056
6099,6044
6105,6042
6116,6040
6112,6047
6104,6060
6100,6060
6103,6047
6111,6045
6119,6045
6101,6054
6099,6054
6102,6047
6100,6064
6103,6054
6115,6050
6103,6058
6109,6060
6106,6059
6113,6061
6109,6046
6106,6048
6101,6050
6125,6056
6100,6049
6103,6052
6106,6066
6102,6034
6115,6059
6103,6042
6102,6044
6100,6064
6105,6047
6105,6044
6117,6059
6104,6047
6110,6056
6100,6043
6105,6055
6103,6089
6108,6060
6102,6044
6097,6052
6101,6050
6107,6058
6109,6059
6111,6049
6104,6042
6097,6030
6099,6053
6099,6034
6098,6058
6096,6059
6093,6064
6106,6055
6103,6050
6098,6052
6106,6055
6099,6044
6113,6052
6125,6051
6116,6056
6104,6050
6099,6043
6101,6055
6097,6056
6111,6050
6110,6058
6095,6051
6101,6052
6102,6055
6096,6055
6110,6055
6104,6056
6099,6050
6102,6037
6106,6043
6104,6058
6097,6052
6113,6059
6105,6061
6109,6057
6108,6066
6108,6054
6099,6050
6109,6050
6117,6072
6105,6042
6089,6058
6100,6047
6105,6045
6098,6060
6109,6048
6100,6055
6098,6057
6099,6063
6105,6064
6107,6058
6098,6046
6102,6053
6106,6051
6104,6044
6094,6036
6104,6055
6103,6056
6098,6049
6105,6059
6095,6047
6100,6054
6098,6061
6107,6049
6092,6055
6100,6045
6107,6051
6101,6051
6095,6048
6101,6040
6102,6055
6096,6055
6093,6063
6093,6055
6106,6046
6098,6054
6108,6039
6108,6053
6102,6051
6110,6050
6094,6044
6098,6053
6112,6048
6098,6044
6099,6055
6101,6054
6103,6041
6107,6077
6100,6049
6104,6066
6101,6064
6108,6052
6107,6033
6104,6044
6098,6052
6107,6058
6117,6059
6111,6050
6108,6065
6099,6048
6102,6052
6109,6054
6099,6044
6101,6061
6101,6061
6105,6060
6111,6060
6103,6062
6107,6060
6113,6055
6098,6053
6097,6062
6112,6046
6106,6050
6110,6061
6107,6055
6110,6059
6112,6053
6099,6073
6111,6050
6109,6065
6105,6062
6111,6052
6116,6049
6117,6065
6103,6052
6118,6050
6111,6057
6101,6056
6103,6051
6112,6049
6111,6055
6098,6053
6103,6062
6109,6044
6098,6051
6105,6061
6108,6063
6104,6062
6110,6052
6111,6050
6104,6053
6113,6058
6108,6057
6108,6069
6109,6051
6100,6043
6096,6051
6103,6057
6106,6058
6103,6060
6104,6051
6111,6053
6111,6078
6103,6057
6098,6057
6107,6052
6101,6054
6110,6056
6103,6051
6106,6038
6101,6038
6098,6065
6100,6057
6104,6049
6148,6091
6028,5999
6207,6134
6086,6035
6083,6039
6107,6051
6097,6060
6105,6053
6110,6061
6112,6052
6111,6045
6100,6051
6106,6038
6106,6059
6107,6052
6104,6060
6112,6049
6108,6039
6101,6055
6098,6051
6108,6051
6104,6051
6107,6052
6111,6050
6100,6052
6087,6051
6101,6056
6106,6060
6108,6022
6108,6057
6105,6040
6104,6053
6105,6062
6110,6047
6113,6056
6116,6053
6103,6058
6111,6056
6107,6047
6110,6056
6112,6062
6103,6046
6106,6064
6115,6043
6109,6054
6115,6060
6110,6054
6114,6056
6109,6049
6110,6063
6114,6062
6114,6052
6117,6050
6123,6058
6115,6060
6115,6063
6110,6062
6108,6058
6111,6049
6120,6047
6119,6051
6126,6060
6110,6050
6120,6054
6103,6056
6115,6062
6111,6063
6110,6051
6112,6051
6107,6052
6115,6054
6118,6053
6108,6054
6105,6063
6109,6059
6107,6066
6102,6050
6109,6049
6113,6061
6107,6061
6110,6053
6118,6049
6109,6058
6112,6039
6118,6059
6120,6050
6109,6057
6108,6051
6102,6059
6117,6053
6106,6038
6110,6051
6113,6051
6108,6064
6114,6066
6106,6053
6111,6056
6112,6058
6102,6043
6116,6053
6107,6053
6113,6060
6109,6052
6114,6036
6119,6046
6118,6060
6110,6051
6107,6060
6116,6038
6114,6055
6109,6066
6111,6046
6121,6055
6124,6043
6098,6054
6109,6054
6104,6051
6111,6070
6112,6061
6117,6061
6107,6066
6117,6060
6113,6063
6112,6054
6104,6046
6102,6044
6111,6039
6114,6045
6113,6056
6104,6053
6125,6059
6112,6056
6104,6049
6108,6068
6120,6062
6111,6051
6118,6080
6127,6068
6118,6057
6113,6062
6114,6062
6123,6048
6105,6054
6109,6062
6119,6065
6109,6065
6108,6050
6110,6057
6118,6064
6117,6067
6113,6049
6123,6052
6125,6055
6124,6046
6113,6053
6119,6061
6110,6063
6131,6067
6106,6063
6104,6065
6117,6062
6124,6057
6109,6059
6113,6058
6118,6055
6117,6043
6112,6060
6118,6068
6114,6063
6115,6048
6118,6058
6120,6052
6120,6052
6118,6063
6115,6060
6122,6060
6112,6068
6120,6061
6121,6045
6121,6050
6118,6038
6114,6069
6117,6054
6114,6058
6118,6053
6117,6039
6124,6069
6117,6060
6119,6068
6115,6055
6119,6063
6118,6061
6118,6053
6117,6046
6117,6046
6122,6058
6112,6061
6120,6047
6115,6060
6117,6051
6119,6052
6106,6053
6128,6051
6116,6047
6121,6062
6120,6056
6118,6056
6116,6060
6116,6061
6115,6048
6115,6049
6121,6057
6113,6050
6118,6047
6109,6064
6118,6043
6118,6043
6119,6066
6119,6060
6115,6046
6118,6063
6118,6064
6119,6050
6114,6055
6116,6065
6109,6057
6118,6062
6114,6053
6111,6060
6116,6066
6109,6049
6118,6048
6115,6056
6121,6051
6110,6060
6111,6059
6116,6051
6119,6063
6119,6063
6119,6063
6111,6055
6120,6055
6113,6059
6115,6066
6119,6054
6116,6066
6109,6060
6120,6051
6118,6064
6113,6053
0,42
0,61680
0,0
6123,6061
5607,5569
5597,5576
5605,5581
5600,5577
5607,5574
5604,5569
5601,5582
5600,5575
5825,5765
6333,6327
6288,6305
6297,6308
6289,6295
6287,6307
6306,6313
6307,6320
6293,6330
6297,6313
6287,6329
6301,6321
6312,6334
6296,6336
6283,6352
6294,6340
6308,6333
6299,6356
6305,6355
6296,6323
6312,6334
6304,6329
6291,6328
6293,6332
6307,6332
6305,6335
6297,6331
6298,6328
6276,6341
6285,6355
6288,6371
6285,6334
6288,6333
6293,6338
6295,6347
6296,6336
6276,6350
6283,6350
6290,6337
6304,6342
6285,6350
6301,6332
6296,6348
6282,6371
6283,6334
6298,6362
6294,6355
6302,6334
6300,6335
6316,6335
6296,6317
6299,6326
6294,6342
6297,6343
6301,6331
6288,6315
6285,6324
6301,6345
6324,6356
6296,6322
6319,6328
6304,6341
6308,6337
6283,6348
6309,6349
6299,6329
6287,6328
6288,6326
6292,6334
6318,6311
6302,6338
6300,6329
6312,6330
6309,6335
6309,6328
6290,6334
6301,6317
6291,6351
6287,6353
6282,6344
6276,6316
6290,6325
6308,6328
6302,6340
6321,6353
6303,6344
6294,6362
6302,6365
6299,6341
6295,6323
6310,6318
6292,6325
6294,6338
6321,6296
6300,6321
6297,6336
6283,6318
6279,6328
6297,6330
6286,6322
6301,6333
6305,6334
6302,6346
6299,6341
6289,6337
6291,6360
6281,6359
6292,6335
6295,6333
6286,6313
6281,6322
6300,6334
6298,6353
6289,6345
6295,6342
6313,6335
6280,6355
6289,6333
6288,6325
6293,6336
6292,6334
6290,6347
6276,6332
6275,6337
6292,6336
6294,6345
6291,6360
6300,6348
6273,6333
6281,6351
6303,6356
6304,6368
6278,6350
6271,6368
6279,6369
6300,6374
6297,6362
6283,6348
6280,6346
6284,6344
6283,6344
6303,6334
6293,6349
6276,6345
6307,6338
6310,6344
6304,6356
6306,6362
6305,6355
6296,6352
6278,6333
6294,6333
6304,6331
6299,6330
6299,6327
6304,6368
6285,6344
6144,6244
6310,6359
6484,6630
6428,6589
6427,6485
6289,6378
6251,6306
6273,6336
6265,6334
6281,6364
6268,6371
6276,6332
6278,6359
6299,6364
6313,6353
6285,6345
6279,6351
6282,6334
6301,6342
6280,6323
6282,6346
6291,6355
6302,6334
6275,6360
6281,6365
6282,6384
6285,6363
6283,6352
6265,6370
6287,6382
6284,6375
6302,6351
6282,6358
6278,6375
6273,6384
6288,6393
6273,6382
6256,6391
6269,6359
6275,6368
6283,6387
6295,6377
6288,6368
6260,6368
6270,6377
6261,6379
6277,6403
6289,6377
6268,6369
6286,6408
6271,6345
6268,6373
6305,6369
6277,6385
6250,6385
6260,6377
6289,6383
6262,6356
6263,6375
6258,6384
6264,6371
6266,6383
6270,6397
6271,6387
6259,6385
6284,6378
6261,6385
6270,6389
6259,6360
6258,6365
6254,6366
6259,6386
6258,6366
6256,6392
6256,6386
6252,6414
6255,6409
6258,6395
6252,6415
6267,6407
6269,6393
6266,6403
6246,6388
6255,6406
6265,6360
6262,6361
6252,6372
6264,6374
6269,6370
6278,6381
6269,6417
6271,6408
6258,6422
6251,6396
6263,6384
6248,6391
6251,6371
6247,6391
6256,6366
6251,6361
6238,6353
6244,6374
6251,6346
6248,6359
6235,6376
6244,6379
6257,6383
6260,6376
6245,6384
6258,6375
6262,6390
6259,6403
6261,6413
6239,6379
6249,6397
6258,6399
6258,6372
6259,6392
6248,6384
6241,6413
6241,6403
6249,6392
6241,6391
6237,6392
6244,6385
6242,6402
6236,6381
6238,6373
6242,6369
6249,6378
6244,6374
6252,6391
6248,6391
6239,6386
6244,6376
6240,6395
6261,6391
6256,6381
6241,6390
6249,6391
6245,6385
6244,6376
6243,6391
6254,6400
6242,6368
6238,6354
6231,6348
6254,6350
6246,6379
6252,6382
6244,6389
6234,6420
6230,6439
6239,6409
6248,6427
6244,6422
6230,6411
6230,6407
6244,6406
6243,6406
6244,6411
6247,6395
6227,6422
6249,6438
6247,6398
6242,6409
6233,6422
6230,6405
6238,6388
6239,6391
6251,6405
6236,6379
6258,6398
6235,6402
6260,6388
6243,6407
6239,6432
6222,6414
6219,6422
6227,6418
6235,6404
6235,6400
6227,6363
6231,6358
6232,6370
6232,6389
6237,6375
6249,6390
6246,6387
6237,6405
6224,6410
6231,6410
6241,6400
6245,6401
6241,6410
6229,6424
6233,6400
6226,6398
6232,6361
6222,6391
6235,6397
6239,6401
6239,6428
6238,6412
6232,6403
6234,6417
6244,6400
6228,6410
6233,6425
6230,6403
6228,6407
6224,6395
6237,6402
6226,6435
6226,6430
6226,6439
6221,6439
6235,6425
6220,6440
6224,6432
6235,6413
6230,6430
6225,6402
6227,6416
6224,6423
6218,6410
6221,6398
6230,6419
6230,6423
6224,6412
6232,6391
6234,6394
6223,6409
6227,6416
6230,6416
6221,6416
6232,6413
6228,6431
6243,6433
6235,6443
6226,6434
6223,6437
6202,6418
6224,6412
6231,6448
6232,6434
6226,6401
6239,6410
6232,6413
6228,6415
6237,6391
6214,6391
6216,6366
6228,6391
6229,6369
6226,6371
6230,6391
6237,6361
6223,6363
6237,6399
6239,6411
6236,6411
6232,6410
6237,6413
6240,6387
6226,6383
6237,6414
6230,6429
6226,6413
6186,6356
6261,6486
6225,6421
6193,6421
6214,6424
6258,6458
6235,6419
6217,6421
6225,6412
6226,6433
6232,6414
6237,6389
6226,6421
6211,6412
6221,6433
6222,6426
6233,6421
6224,6427
6230,6431
6223,6423
6223,6422
6224,6418
6218,6422
6223,6413
6230,6421
6217,6405
6227,6378
6223,6412
6231,6383
6223,6406
6228,6387
6221,6390
6226,6382
6221,6390
6219,6380
6233,6385
6238,6397
6228,6359
6227,6388
6239,6400
6228,6409
6229,6398
6238,6377
6233,6385
6219,6406
6221,6386
6224,6386
6219,6394
6224,6383
6220,6393
6219,6390
6231,6378
6231,6358
6233,6360
6231,6362
6235,6376
6248,6376
6244,6366
6238,6368
6222,6400
6230,6393
6235,6403
6233,6401
6219,6377
6219,6391
6233,6384
6243,6374
6241,6387
6246,6381
6227,6387
6239,6385
6241,6388
6240,6398
6208,6406
6226,6399
6235,6397
6234,6401
6231,6403
6233,6388
6231,6406
6238,6407
6239,6406
6238,6379
6231,6377
6225,6378
6223,6380
6236,6358
6234,6393
6237,6391
6235,6380
6241,6380
6229,6409
6242,6406
6233,6404
6242,6399
6226,6391
6228,6399
6243,6373
6258,6414
6231,6391
6248,6376
6226,6378
6225,6373
6245,6376
6233,6391
6243,6351
6246,6376
6239,6382
6247,6381
6236,6352
6236,6345
6240,6360
6234,6358
6236,6341
6239,6342
6242,6351
6239,6374
6242,6369
6230,6366
6227,6396
6244,6367
6251,6371
6244,6374
6232,6354
6237,6335
6231,6354
6238,6382
6251,6359
6242,6356
6256,6375
6252,6358
6252,6364
6252,6380
6250,6380
6250,6371
6274,6363
6280,6341
6283,6366
6278,6334
6297,6339
6313,6354
6336,6335
6348,6356
6362,6336
6420,6349
6440,6363
6479,6349
6545,6351
6610,6363
6642,6355
6720,6346
6759,6355
6848,6351
6943,6354
7104,6343
7140,6363
7265,6358
7370,6343
7536,6366
7623,6366
7752,6352
7895,6368
8054,6366
8202,6371
8399,6374
8504,6378
8568,6359
8616,6352
8610,6348
8590,6330
8559,6359
8506,6354
8397,6360
8162,6374
8061,6379
7884,6367
7781,6386
7723,6379
7611,6395
7522,6395
7332,6389
7222,6401
7092,6398
6965,6408
6884,6418
6800,6448
6794,6496
6780,6482
6810,6490
6872,6510
6943,6528
7072,6584
7213,6585
7253,6621
7341,6640
7533,6638
7741,6640
8043,6656
8303,6610
8599,6620
8725,6631
9082,6637
9348,6613
9618,6604
9815,6629
9932,6665
9897,6712
10032,6807
10162,6904
10207,7015
10261,7155
10239,7328
10097,7427
10052,7573
9979,7717
9868,7850
9740,7978
9672,8091
9466,8244
9304,8334
9198,8474
9043,8508
8830,8585
8598,8721
8420,8854
8233,8844
8021,8903
7746,8955
7687,8963
7458,8864
7257,8807
7078,8873
6939,8842
6803,8708
6684,8511
6633,8337
6648,8146
6673,8022
6739,7930
6831,7733
6946,7495
7050,7408
7250,7155
7458,7032
7657,6978
7749,6867
7933,6761
8064,6721
8218,6724
8447,6730
8641,6735
8874,6811
9087,6916
9143,7050
9130,7141
9186,7245
9361,7345
9420,7449
9494,7640
9529,7784
9608,7914
9535,8043
9573,8169
9550,8408
9484,8490
9340,8601
9342,8707
9419,8868
9488,8992
8767,8684
8919,9109
9243,9415
9126,9305
9117,9532
9048,9595
8888,9447
8693,9319
8476,9382
8276,9272
8054,9188
7841,9038
7657,8807
7541,8583
7376,8534
7212,8220
7064,8132
6956,7878
6812,7765
6764,7606
6690,7569
6715,7424
6747,7307
6802,7199
6920,7053
7061,7032
7296,6930
7471,6835
7763,6763
8098,6722
8368,6697
8726,6649
9166,6633
9443,6616
9836,6608
10135,6638
10540,6666
10798,6725
11176,6770
11494,6851
11668,6898
11963,7075
12054,7217
12204,7315
12162,7461
12010,7652
11907,7762
11762,7911
11432,8109
11433,8320
11243,8581
11145,8786
10902,9001
10498,9269
10365,9455
10101,9598
9744,9683
9475,9786
9391,9922
9147,10017
8875,10154
8583,10159
8361,10157
8150,10149
8001,10173
7773,10143
7572,9881
7325,9666
7191,9516
7042,9374
6928,9164
6819,8899
6746,8658
6695,8386
6691,8011
6692,7791
6769,7550
6851,7361
6962,7177
7041,6994
7189,6848
7384,6755
7564,6695
7773,6675
8089,6655
8287,6696
8433,6759
8612,6841
8823,6954
9007,7034
9275,7171
9432,7340
9447,7494
9560,7631
9617,7819
9761,7975
9750,8094
9779,8292
9721,8419
9719,8587
9648,8735
9629,8854
9587,9090
9557,9275
9535,9445
9400,9620
9391,9676
9300,9702
9225,9886
9072,10022
8892,9997
8697,10011
8475,9993
8233,10013
8038,9861
7859,9790
7685,9837
7463,9764
7271,9645
7078,9374
6933,9287
6840,9055
6778,8798
6689,8550
6610,8452
6574,8245
6595,8003
6619,7779
6667,7619
6711,7454
6787,7265
6873,7218
7007,7045
7156,6885
7272,6781
7423,6698
7603,6611
7823,6582
8009,6563
8200,6491
8443,6516
8679,6518
8888,6582
9154,6616
9297,6690
9519,6781
9626,6831
9796,6989
9898,7108
10016,7278
10014,7404
10002,7549
10143,7684
10198,7868
10121,8061
10076,8157
10019,8363
9928,8467
9918,8557
9787,8595
9734,8711
9567,8741
9380,8869
9206,8947
9016,9000
8846,9042
8698,8992
8544,8954
8378,8866
8116,8802
7931,8757
7777,8643
7543,8512
7341,8483
7179,8356
7005,8218
6866,8185
6760,8027
6690,7834
6598,7622
6547,7466
6551,7283
6557,7126
6629,7006
6690,6857
6785,6770
6918,6668
7106,6555
7270,6502
7507,6472
7746,6453
7999,6437
8222,6467
8487,6493
8722,6536
8929,6585
9176,6665
9449,6768
9708,6849
9973,6951
10034,7065
10157,7182
10186,7310
10274,7465
10351,7605
10468,7784
10549,7897
10550,8030
10534,8200
10499,8334
10355,8466
10234,8624
10062,8741
9855,8824
9653,8946
9491,9029
9295,9098
9056,9167
8850,9266
8523,9335
8180,9329
7975,9180
7743,9153
7522,9056
7386,8992
7178,8901
6974,8842
6851,8715
6699,8454
6635,8311
6518,8148
6464,7956
6448,7792
6466,7606
6481,7464
6547,7282
6610,7109
6706,7001
6881,6859
7012,6726
7196,6627
7344,6567
7509,6502
7745,6495
7991,6493
8178,6504
8345,6524
8412,6585
8547,6613
8766,6718
8961,6820
9090,6959
9234,7097
9250,7206
9489,7356
9661,7539
9784,7746
9820,7953
9870,8170
10018,8350
10007,8511
10026,8672
10070,8871
10034,8976
10036,9139
9834,9175
9634,9208
9496,9209
9324,9247
9217,9344
9085,9455
8934,9457
8711,9450
8461,9367
8247,9281
8051,9153
7767,9047
7564,8978
7320,8822
7151,8611
6990,8419
6834,8261
6725,8097
6643,8007
6601,7834
6545,7661
6542,7473
6562,7327
6587,7122
6679,7039
6713,7008
6778,6874
6926,6744
7032,6682
7169,6582
7251,6536
7499,6500
7712,6459
7832,6470
8046,6464
8172,6515
8302,6578
8452,6627
8634,6703
8843,6816
9026,6934
9187,7059
9307,7223
9507,7312
9640,7459
9719,7607
9947,7756
10055,7949
10010,8116
10080,8260
10111,8379
10026,8499
9922,8679
9872,8824
9832,8835
9648,8895
9441,8961
9127,8953
9013,8944
8767,8865
8460,8831
8247,8766
8013,8739
7816,8713
7705,8609
7477,8530
7294,8379
7169,8220
7045,8141
6874,8058
6816,7846
6760,7726
6723,7596
6743,7490
6740,7370
6766,7321
6861,7199
6862,7063
6912,6952
6959,6873
6999,6802
7151,6729
7222,6629
7352,6599
7502,6546
7693,6380
7928,6498
8207,6503
8426,6522
8703,6608
8837,6669
8998,6738
9321,6879
9476,7000
9696,7120
9847,7243
10044,7442
10141,7614
10404,7717
10486,7884
10403,8012
10335,8192
10271,8279
10200,8398
10102,8513
9974,8689
9692,8733
9441,8742
9256,8839
9070,8925
8924,8929
8821,8928
8645,8952
8443,9012
8203,9026
7991,8997
7758,8897
7622,8842
7542,8737
7422,8690
7280,8647
7198,8572
7147,8489
7028,8372
6925,8231
6814,8116
6753,7984
6691,7894
6645,7645
6618,7487
6642,7338
6671,7197
6789,7068
6898,6925
7029,6861
7136,6717
7287,6632
7401,6580
7525,6541
7671,6510
7811,6521
8023,6522
8173,6578
8372,6631
8617,6693
8808,6834
8932,6888
9051,6978
9121,7096
9150,7237
9246,7395
9457,7504
9488,7587
9457,7663
9436,7756
9434,7859
9568,8035
9640,8164
9575,8177
9491,8283
9367,8319
9236,8471
9201,8539
9127,8620
8897,8704
8697,8660
8510,8681
8355,8784
8127,8708
7941,8722
7743,8676
7539,8590
7400,8487
7242,8354
7078,8215
6954,8128
6820,8020
6682,7878
6595,7757
6543,7579
6553,7413
6567,7258
6622,7191
6705,7062
6772,6944
6925,6883
7044,6730
7213,6676
7395,6596
7583,6541
7801,6492
8020,6462
8206,6449
8421,6448
8618,6477
8917,6532
9162,6576
9440,6654
9660,6768
9765,6840
9856,6970
10062,7085
10124,7227
10090,7388
10094,7534
10086,7719
9940,7906
9889,8004
9667,8158
9517,8231
9330,8465
9257,8643
9122,8729
9024,8913
8885,8951
8744,9046
8531,9159
8369,9220
8321,9377
8114,9189
7940,9172
7857,9152
7619,9182
7513,9131
7421,9018
7327,8950
7236,8748
7108,8612
6957,8518
6859,8460
6752,8271
6705,8014
6639,7886
6556,7674
6548,7512
6547,7368
6598,7214
6654,7046
6739,6901
6819,6738
6953,6660
7143,6616
7302,6561
7466,6522
7676,6517
7819,6443
7994,6488
8245,6504
8563,6542
8858,6593
9185,6649
9433,6717
9525,6802
9881,6890
10019,6936
10231,7031
10484,7144
10716,7195
10734,7345
10812,7377
10849,7517
10880,7655
10783,7772
10743,7905
10604,7972
10395,8131
10266,8219
10096,8296
9875,8436
9704,8547
9254,8654
9419,8962
8948,8710
8523,8751
8294,8759
8179,8770
7969,8733
7794,8699
7596,8706
7351,8657
7191,8661
7080,8544
6963,8346
6898,8202
6829,8097
6750,7853
6707,7687
6685,7570
6693,7358
6661,7217
6707,7084
6749,6951
6863,6861
6939,6739
7023,6645
7171,6556
7318,6511
7489,6463
7579,6467
7829,6474
8039,6507
8320,6575
8638,6676
8902,6745
9153,6899
9466,7016
9639,7159
9838,7300
10226,7464
10532,7546
10719,7714
10899,7825
11058,7943
11120,8055
11276,8238
11398,8363
11342,8456
11197,8592
11068,8575
10979,8689
11054,8775
10935,8745
10658,8805
10397,8862
10106,8880
9807,8954
9571,8978
9339,8872
9054,8781
8665,8814
8368,8795
8108,8722
7873,8644
7644,8598
7402,8585
7191,8515
7027,8483
6901,8356
6795,8219
6767,7994
6740,7875
6758,7765
6783,7690
6838,7525
6913,7412
7018,7211
7154,7032
7252,6933
7435,6854
7627,6752
7830,6651
8001,6606
8252,6583
8536,6600
8903,6617
9203,6653
9463,6732
9705,6821
10041,6935
10439,7080
10830,7229
11143,7349
11426,7591
11715,7754
11966,7959
12155,8098
12495,8368
12617,8632
12503,8935
12559,9205
12515,9342
12699,9396
12680,9457
12459,9568
12170,9667
12050,9849
11687,9875
11434,9947
11287,9949
10738,9944
10330,9935
9935,9943
9663,9764
9332,9674
8960,9564
8636,9415
8389,9316
8086,9093
7831,8995
7589,8825
7392,8763
7200,8574
7018,8493
6969,8415
6903,8195
6954,7981
7018,7774
7137,7599
7313,7501
7499,7297
7700,7107
8040,6979
8399,6852
8729,6783
9175,6715
9562,6653
9927,6661
10210,6668
10642,6698
11086,6779
11411,6873
11743,7005
12081,7245
12439,7421
12609,7714
12901,7947
13072,8186
13220,8318
13277,8653
13371,8951
13352,9376
13373,9662
13474,9982
13157,10187
13059,10419
12659,10705
12409,10957
12192,11127
11980,11281
11416,11421
11114,11697
10831,11852
10528,11996
10137,12117
9764,12140
9291,12028
8902,11976
8489,11984
8145,11807
7848,11457
7581,11209
7314,10980
7094,10658
6987,10415
6943,10015
6894,9736
6839,9338
6952,9036
7100,8806
6995,8490
6752,8203
6508,7863
6373,7607
6252,7435
6222,7210
6182,7016
6180,6875
6176,6765
6158,6754
6155,6724
6146,6773
6138,6836
6145,6961
6153,7028
6140,7182
6153,7358
6146,7515
6130,7687
6136,7871
6128,8183
6138,8453
6121,8796
6127,8978
6126,9200
6134,9415
6129,9664
6130,9933
6126,10069
6129,10263
6134,10289
6130,10343
6121,10307
6126,10385
6119,10378
6123,10306
6109,10268
6126,10259
6120,10093
6126,9873
6122,9736
6107,9513
6120,9273
6123,9021
6126,8948
6113,8812
6119,8705
6121,8614
6117,8335
6104,8143
6118,7901
6112,7862
6110,7553
6117,7285
6114,7180
6116,7068
6118,6805
6105,6545
6110,6345
6109,6246
6104,6191
6116,6156
6108,6142
6108,6128
6108,6127
6115,6117
6117,6118
6111,6104
6112,6097
6111,6103
6101,6095
6102,6106
6104,6095
6115,6096
6112,6097
6098,6075
6111,6097
6110,6084
6112,6072
6102,6073
6106,6078
6106,6080
6102,6071
6108,6075
6112,6072
6103,6075
6135,6063
6127,6096
6136,6095
6071,6020
6093,6050
6121,6073
6134,6082
6120,6059
6102,6066
6106,6061
6116,6069
6107,6056
6110,6058
6097,6071
6110,6062
6110,6042
6110,6066
6107,6030
6097,6130
6107,6063
6114,6072
6109,6063
6110,6069
6107,6064
6106,6063
6118,6043
6118,6061
6110,6055
6108,6058
6119,6053
6114,6061
6113,6068
6112,6058
6109,6049
6111,6055
6124,6062
6095,6053
6114,6053
6110,6054
6103,6059
6109,6059
6099,6033
6115,6041
6117,6055
6111,6050
6111,6055
6108,6047
6111,6052
6121,6049
6116,6055
6113,6056
6110,6052
6106,6059
6098,6035
6108,6058
6117,6052
6111,6047
6115,6052
6115,6046
6117,6053
6115,6041
6117,6052
6109,6056
6103,6058
6113,6059
6110,6067
6111,6051
6110,6053
6117,6058
6107,6048
6109,6043
6115,6053
6099,6048
6110,6055
6104,6060
6110,6042
6105,6050
6102,6036
6099,6049
6102,6061
6105,6041
6107,6049
6103,6050
6119,6062
6112,6056
6107,6055
6112,6035
6111,6057
6103,6045
6102,6053
6103,6055
6115,6054
6103,6046
6099,6057
6098,6054
6113,6046
6106,6057
6110,6055
6106,6050
6109,6055
6108,6036
6120,6053
6107,6046
6113,6046
6106,6039
6114,6051
6115,6046
6094,6052
6106,6057
6103,6059
6099,6073
6105,6041
6105,6058
6102,6067
6099,6054
6105,6048
6116,6052
6105,6044
6111,6055
6103,6047
6101,6059
6104,6047
6106,6060
6113,6055
6099,6057
6101,6053
6101,6055
6107,6049
6104,6033
6104,6050
6103,6057
6103,6052
6101,6060
6104,6057
6110,6066
6114,6044
6106,6055
6101,6051
6095,6056
6109,6068
6102,6043
6111,6051
6110,6046
6115,6048
6104,6057
6096,6041
6111,6045
6108,6055
6109,6049
6116,6053
6102,6048
6103,6055
6097,6056
6101,6044
6110,6064
6105,6045
6104,6046
6099,6053
6111,6047
6096,6058
6097,6037
6110,6053
6117,6043
6111,6057
6103,6039
6114,6051
6106,6039
6098,6054
6103,6055
6119,6053
6099,6046
6098,6048
6104,6041
6099,6063
6115,6046
6102,6054
6097,6050
6100,6060
6108,6049
6098,6051
6100,6052
6103,6047
6098,6054
6104,6045
6094,6052
6107,6041
6112,6044
6105,6055
6105,6058
6099,6052
6104,6051
6107,6045
6112,6052
6102,6036
6106,6057
6104,6053
6107,6057
6097,6054
6112,6061
6103,6059
6096,6034
6106,6058
6100,6045
6094,6035
6105,6052
6102,6048
6107,6060
6104,6044
6112,6038
6099,6053
6100,6058
6106,6049
6103,6053
6104,6057
6106,6057
6109,6044
6100,6068
6119,6056
6110,6064
6104,6045
6109,6047
6107,6053
6101,6051
6099,6043
6107,6053
6104,6060
6103,6045
6102,6063
6104,6048
6113,6041
6110,6047
6106,6045
6109,6060
6105,6053
6106,6043
6108,6056
6103,6049
6111,6051
6104,6057
6106,6060
6102,6067
6105,6051
6104,6052
6114,6037
6106,6053
6104,6064
6103,6058
6112,6062
6111,6032
6115,6060
6112,6066
6110,6054
6113,6064
6121,6053
6105,6063
6114,6049
6110,6072
6096,6054
6107,6054
6115,6059
6103,6057
6110,6050
6105,6053
6114,6052
6100,6056
6103,6025
6114,6054
6109,6057
6112,6048
6111,6047
6382,6222
6223,6165
6060,6044
6096,6078
6076,6018
6140,6110
6127,6071
6108,6062
6090,6047
6097,6049
6103,6050
6116,6033
6107,6045
6105,6061
6101,6050
6106,6043
6108,6039
6108,6044
6101,6042
6108,6051
6106,6049
6099,6064
6110,6050
6108,6057
6107,6058
6095,6061
6107,6052
6098,6035
6099,6037
6128,6224
6106,6046
6100,6040
6106,6052
6110,6046
6110,6050
6103,6053
6098,6047
6106,6053
6102,6061
6102,6063
6113,6051
6098,6053
6102,6035
6101,6042
6108,6058
6083,6045
6111,6058
6109,6054
6106,6025
6092,6032
6105,6038
6116,6052
6113,6050
6112,6063
6099,6038
6098,6042
6098,6050
6110,6050
6116,6058
6118,6050
6110,6042
6110,6053
6108,6047
6109,6058
6110,6056
6103,6042
6104,6048
6111,6049
6107,6050
6112,6045
6115,6037
6111,6056
6115,6055
6119,6053
6113,6057
6118,6046
6123,6046
6122,6064
6119,6062
6104,6053
6110,6056
6108,6047
6121,6047
6115,6054
6118,6046
6120,6063
6120,6059
6118,6043
6104,6056
6111,6062
6113,6044
6110,6057
6118,6049
6108,6051
6110,6061
6111,6049
6116,6053
6112,6048
6111,6040
6105,6043
6109,6049
6111,6057
6121,6060
6106,6051
6107,6058
6115,6050
6102,6044
6107,6052
6118,6059
6107,6022
6112,6049
6103,6059
6102,6066
6119,6056
6115,6053
6107,6034
6110,6040
6107,6054
6121,6055
6111,6058
6107,6042
6105,6058
6110,6048
6114,6046
6120,6047
6118,6057
6116,6044
6112,6041
6117,6032
6122,6062
6108,6056
6118,6051
6114,6048
6114,6043
6123,6051
6113,6040
6117,6046
6114,6041
6118,6065
6120,6056
6108,6065
6109,6062
6113,6046
6115,6062
6110,6057
6115,6046
6112,6056
6113,6052
6110,6054
6101,6053
6117,6045
6113,6053
6111,6042
6111,6055
6118,6057
6114,6052
6102,6061
6118,6056
6114,6053
6120,6048
6124,6054
6116,6048
6120,6068
6121,6063
6123,6063
6117,6060
6103,6040
6122,6071
6128,6047
6095,6046
6115,6066
6116,6049
6121,6056
6119,6059
6116,6050
6128,6056
6115,6055
6119,6062
6113,6056
6115,6049
6115,6056
6121,6057
6117,6058
6116,6057
6121,6068
6122,6059
6117,6057
6118,6038
6116,6055
6112,6057
6117,6063
6123,6053
6108,6059
6110,6057
6114,6052
6117,6065
6114,6061
6119,6032
6115,6053
6112,6062
6120,6067
6115,6050
6116,6059
6116,6059
6115,6066
6117,6047
6115,6051
6118,6056
6122,6051
6112,6065
6110,6062
6114,6067
6110,6051
6117,6051
6115,6052
6119,6048
6115,6036
6115,6052
6118,6060
6113,6058
6115,6055
6123,6049
6110,6075
6118,6062
6118,6063
6118,6063
6134,6073
6120,6058
6113,6067
6122,6056
6121,6065
6108,6062
6122,6062
6115,6061
6112,6048
6128,6051
6118,6057
6115,6061
6115,6052
6115,6045
6114,6041
6123,6065
6105,6063
6123,6062
6117,6057
6118,6057
6114,6065
6120,6050
6120,6050
6121,6071
6113,6055
6117,6069
6108,6060
6122,6059
6115,6054
6114,6056
6113,6060
6120,6061
6109,6050
6112,6063
6109,6052
6118,6061
6112,6060
6125,6055
6122,6054
6109,6067
6114,6048
6122,6060
6119,6054
6108,6060
6108,6060
6119,6054
6117,6065
6119,6058
0,36
0,61680
0,0
6111,6065
5599,5576
5599,5573
5615,5584
5604,5582
5599,5586
5599,5579
5606,5583
5603,5574
5821,5752
6329,6316
6291,6301
6299,6294
6297,6312
6296,6298
6302,6310
6307,6310
6302,6308
6296,6313
6295,6329
6300,6327
6314,6313
6293,6351
6293,6338
6310,6330
6320,6324
6321,6353
6300,6344
6295,6326
6306,6333
6295,6322
6303,6326
6302,6314
6302,6337
6291,6345
6317,6325
6302,6338
6291,6336
6287,6355
6305,6370
6302,6346
6295,6322
6285,6323
6303,6335
6299,6351
6287,6353
6273,6361
6291,6343
6293,6338
6290,6339
6301,6324
6296,6340
6282,6337
6296,6331
6308,6345
6306,6331
6304,6330
6316,6343
6311,6343
6307,6346
6305,6329
6294,6334
6299,6315
6304,6321
6298,6307
6296,6329
6299,6344
6297,6336
6308,6334
6305,6329
6310,6332
6310,6323
6283,6324
6304,6336
6296,6325
6300,6317
6287,6336
6299,6325
6297,6324
6300,6331
6311,6329
6308,6327
6301,6335
6307,6322
6293,6326
6301,6318
6303,6329
6294,6344
6288,6334
6268,6333
6293,6334
6290,6353
6289,6338
6301,6326
6294,6349
6295,6360
6292,6385
6310,6347
6295,6330
6302,6339
6296,6314
6287,6325
6306,6325
6303,6314
6295,6327
6283,6325
6255,6323
6285,6331
6301,6331
6293,6328
6301,6320
6315,6345
6297,6322
6294,6341
6286,6358
6299,6354
6301,6320
6293,6334
6288,6313
6287,6336
6308,6325
6321,6340
6314,6343
6299,6352
6308,6337
6300,6344
6297,6353
6279,6342
6290,6337
6297,6339
6303,6325
6285,6359
6295,6353
6299,6335
6295,6327
6290,6345
6288,6332
6295,6345
6292,6334
6297,6343
6312,6359
6280,6343
6268,6339
6325,6277
6292,6352
6324,6377
6273,6325
6297,6329
6285,6356
6282,6324
6302,6341
6295,6343
6264,6347
6296,6350
6301,6355
6310,6349
6304,6367
6300,6338
6299,6347
6288,6343
6283,6352
6290,6333
6302,6322
6301,6344
6291,6346
6284,6351
6287,6370
6290,6354
6295,6357
6297,6349
6285,6340
6272,6348
6280,6347
6263,6359
6281,6369
6295,6360
6283,6341
6274,6335
6286,6361
6300,6372
6306,6340
6283,6336
6276,6335
6282,6327
6284,6326
6287,6329
6277,6330
6290,6329
6315,6350
6275,6358
6273,6366
6299,6407
6273,6363
6274,6357
6267,6363
6279,6372
6281,6379
6297,6344
6298,6362
6282,6365
6280,6369
6290,6389
6266,6383
6277,6364
6269,6373
6277,6384
6279,6362
6282,6360
6284,6374
6259,6340
6272,6362
6270,6389
6278,6374
6290,6358
6288,6360
6278,6381
6295,6371
6277,6381
6286,6387
6282,6365
6257,6422
6256,6364
6288,6371
6267,6339
6258,6366
6264,6372
6255,6377
6278,6384
6271,6369
6272,6391
6271,6391
6265,6377
6260,6385
6276,6390
6250,6360
6256,6374
6260,6367
6257,6371
6267,6370
6277,6377
6246,6385
6252,6393
6254,6375
6257,6401
6240,6420
6265,6411
6268,6381
6257,6390
6246,6393
6242,6416
6267,6383
6257,6358
6254,6386
6268,6371
6259,6380
6278,6368
6272,6398
6268,6383
6253,6386
6261,6384
6262,6391
6247,6363
6250,6373
6254,6384
6240,6353
6251,6364
6233,6334
6252,6363
6246,6363
6247,6361
6248,6400
6254,6374
6243,6396
6244,6382
6240,6380
6248,6387
6258,6397
6260,6403
6254,6394
6247,6388
6238,6400
6246,6381
6259,6393
6261,6404
6264,6371
6265,6392
6245,6410
6244,6389
6262,6381
6242,6380
6232,6360
6246,6380
6235,6378
6246,6388
6236,6375
6253,6373
6247,6373
6251,6391
6251,6397
6243,6381
6233,6381
6240,6389
6261,6402
6257,6377
6248,6389
6257,6387
6246,6372
6240,6378
6240,6380
6263,6378
6233,6360
6248,6372
6227,6359
6258,6345
6250,6375
6244,6408
6242,6409
6234,6422
6231,6436
6237,6410
6245,6423
6240,6427
6238,6413
6236,6402
6235,6395
6244,6394
6238,6397
6238,6403
6234,6407
6243,6420
6246,6414
6249,6421
6244,6395
6223,6420
6235,6400
6241,6419
6238,6389
6239,6404
6248,6413
6246,6403
6250,6391
6239,6410
6239,6410
6232,6416
6215,6428
6234,6423
6244,6402
6235,6397
6239,6386
6231,6376
6247,6386
6237,6385
6222,6378
6243,6396
6246,6395
6248,6394
6236,6402
6229,6401
6250,6399
6243,6422
6244,6402
6241,6407
6227,6415
6244,6387
6222,6374
6234,6396
6227,6418
6235,6404
6235,6422
6233,6403
6242,6414
6231,6430
6229,6408
6230,6411
6228,6423
6233,6401
6221,6419
6235,6427
6236,6416
6233,6436
6222,6431
6213,6438
6234,6436
6233,6414
6227,6453
6227,6446
6222,6434
6233,6422
6210,6415
6232,6414
6225,6413
6229,6409
6230,6407
6234,6423
6236,6422
6227,6422
6222,6405
6234,6395
6244,6403
6231,6400
6226,6413
6221,6412
6228,6413
6223,6424
6237,6425
6224,6432
6228,6411
6215,6394
6209,6419
6205,6403
6237,6298
6432,6319
6312,6428
6127,6554
6291,6424
6167,6346
6290,6474
6251,6424
6238,6393
6235,6372
6224,6370
6234,6374
6220,6385
6230,6378
6225,6368
6237,6392
6247,6410
6232,6402
6215,6417
6227,6394
6226,6417
6223,6395
6226,6414
6232,6429
6229,6427
6235,6428
6232,6449
6217,6458
6217,6431
6219,6434
6214,6448
6240,6415
6225,6431
6212,6412
6233,6415
6224,6411
6225,6392
6230,6412
6224,6427
6222,6406
6222,6414
6226,6414
6233,6426
6223,6423
6233,6422
6219,6408
6226,6409
6220,6426
6223,6416
6224,6400
6215,6402
6231,6392
6211,6386
6225,6378
6229,6408
6230,6390
6221,6383
6240,6401
6224,6392
6230,6377
6238,6389
6241,6373
6220,6388
6232,6388
6236,6403
6215,6389
6224,6407
6226,6393
6223,6386
6222,6389
6226,6381
6226,6411
6214,6400
6214,6399
6219,6386
6206,6376
6224,6398
6220,6376
6236,6377
6229,6375
6241,6377
6233,6362
6237,6377
6225,6393
6227,6396
6230,6405
6236,6413
6231,6391
6233,6373
6219,6422
6218,6395
6236,6363
6239,6390
6246,6384
6234,6354
6225,6390
6230,6385
6231,6394
6226,6418
6228,6400
6234,6387
6227,6372
6216,6410
6223,6405
6228,6400
6242,6404
6228,6398
6245,6393
6245,6376
6233,6372
6221,6389
6240,6362
6243,6382
6230,6401
6248,6378
6226,6408
6227,6399
6249,6411
6236,6396
6236,6408
6225,6406
6220,6383
6230,6375
6239,6386
6227,6386
6243,6363
6236,6377
6227,6374
6235,6390
6232,6380
6232,6364
6237,6370
6234,6380
6242,6373
6234,6355
6235,6354
6228,6366
6233,6356
6237,6346
6227,6335
6226,6363
6235,6388
6240,6373
6232,6355
6236,6368
6237,6352
6229,6364
6237,6360
6235,6371
6249,6346
6244,6349
6242,6402
6257,6368
6251,6344
6263,6375
6236,6366
6229,6359
6254,6371
6251,6374
6249,6385
6266,6352
6255,6366
6290,6365
6292,6336
6278,6368
6315,6366
6328,6350
6353,6351
6365,6339
6409,6367
6454,6361
6496,6352
6545,6336
6582,6347
6637,6359
6717,6341
6792,6357
6867,6342
6966,6350
7071,6344
7153,6342
7287,6359
7418,6357
7517,6359
7645,6361
7778,6360
7897,6346
8085,6359
8231,6376
8402,6367
8546,6374
8516,6369
8624,6345
8627,6362
8570,6342
8493,6368
8464,6369
8341,6371
8177,6363
8047,6364
7875,6390
7750,6387
7682,6361
7593,6417
7473,6393
7327,6390
7205,6406
7065,6405
6978,6422
6863,6423
6815,6433
6787,6474
6772,6479
6784,6491
6878,6527
6937,6565
7054,6560
7176,6593
7254,6615
7340,6635
7528,6624
7697,6646
7992,6657
8309,6639
8506,6596
8744,6630
9021,6635
9311,6628
9566,6618
9791,6617
9886,6659
9872,6719
9982,6789
10137,6913
10181,7027
10238,7154
10209,7315
10080,7432
10072,7553
10036,7689
9833,7820
9767,7981
9732,8080
9505,8185
9352,8297
9235,8452
9086,8526
8855,8545
8638,8638
8522,8751
8307,8816
8065,8845
7788,8897
7624,8941
7465,8883
7265,8823
7121,8855
6926,8839
6815,8655
6721,8484
6681,8296
6653,8125
6661,8007
6733,7852
6815,7659
6952,7484
7099,7329
7257,7155
7469,7037
7593,6902
7776,6833
7936,6756
8042,6685
8249,6742
8452,6729
8628,6738
8823,6798
9037,6893
9158,7024
9220,7172
9241,7266
9363,7367
9408,7454
9542,7651
9571,7779
9603,7887
9711,8103
9699,8217
9652,8454
9555,8586
9465,8667
9453,8806
9446,8952
9361,9035
9332,9214
9175,9281
9133,9333
9133,9332
9075,9502
9052,9586
8906,9541
8711,9437
8458,9361
8310,9345
8071,9237
7895,9122
7703,8833
7549,8750
7338,8580
7218,8336
7031,8171
6915,8024
6817,7831
6736,7702
6722,7555
6724,7462
6736,7265
6796,7159
6910,7053
7086,6978
7314,6930
7509,6824
7726,6782
8051,6728
8340,6679
8744,6652
9131,6646
9422,6635
9756,6631
10087,6640
10394,6693
10761,6695
11150,6772
11430,6872
11634,6950
11870,7078
12075,7203
12181,7322
12139,7473
12041,7634
11899,7735
11671,7937
11478,8130
11393,8346
11217,8579
11160,8846
10846,9078
10553,9270
10329,9458
10101,9703
9706,9707
9487,9808
9392,9956
9120,10063
8797,10204
8579,10085
8381,10163
8174,10104
7973,10229
7743,10199
7581,9923
7360,9733
7174,9492
7058,9343
6947,9183
6827,8832
6760,8662
6706,8393
6691,8030
6700,7746
6743,7535
6840,7357
6942,7132
7073,6974
7176,6857
7353,6742
7558,6679
7795,6654
8060,6644
8245,6698
8487,6758
8684,6826
8904,6944
9063,7042
9297,7175
9436,7319
9553,7492
9661,7608
9732,7769
9813,7935
9866,8069
9920,8257
9923,8412
9888,8553
9838,8698
9773,8803
9721,9016
9608,9245
9556,9423
9476,9551
9410,9679
9288,9770
9233,9883
9144,10059
9010,10116
8690,10017
8490,10013
8282,10038
8070,9888
7903,9841
7713,9797
7502,9814
7286,9666
7124,9491
6969,9303
6863,9081
6763,8896
6681,8610
6616,8449
6586,8261
6597,8042
6610,7795
6662,7592
6695,7442
6786,7293
6868,7167
7009,7056
7137,6883
7277,6767
7412,6687
7638,6634
7797,6559
8018,6537
8204,6560
8406,6523
8670,6543
8915,6577
9137,6630
9274,6688
9520,6792
9676,6857
9810,6991
9900,7093
9969,7289
9966,7423
9927,7588
10142,7755
10141,7901
10111,8090
10047,8194
9966,8357
9936,8555
9814,8632
9794,8636
9596,8789
9510,8843
9326,8938
9187,8931
8993,9009
8828,9058
8746,9013
8568,8920
8299,8892
8118,8802
7914,8728
7721,8641
7549,8548
7345,8444
7149,8349
6972,8197
6837,8179
6769,7998
6684,7780
6601,7591
6555,7425
6549,7283
6549,7099
6644,6959
6712,6855
6811,6775
6917,6640
7082,6562
7316,6512
7524,6497
7750,6454
8003,6467
8232,6471
8516,6480
8764,6542
8955,6575
9201,6663
9464,6760
9780,6842
10001,6940
10065,7094
10138,7176
10210,7306
10349,7433
10423,7586
10505,7721
10620,7898
10526,8038
10542,8178
10462,8336
10369,8412
10245,8611
10083,8727
9872,8801
9678,8966
9473,8997
9302,9069
9056,9136
8826,9210
8544,9295
8179,9267
7996,9226
7786,9146
7526,9108
7366,8988
7187,8933
6955,8826
6832,8687
6699,8465
6618,8291
6524,8158
6471,7958
6450,7771
6463,7592
6494,7433
6552,7263
6604,7079
6709,6983
6867,6832
7019,6719
7137,6636
7337,6557
7507,6512
7820,6635
7840,6425
8169,6517
8384,6580
8374,6597
8566,6649
8775,6717
8906,6835
9087,6972
9238,7075
9295,7208
9457,7376
9636,7573
9772,7716
9807,7966
9931,8188
10046,8382
10021,8514
10022,8672
10074,8860
10053,8947
10038,9101
9834,9112
9647,9195
9575,9251
9457,9279
9233,9365
9141,9446
8945,9514
8711,9461
8436,9314
8251,9258
7982,9134
7781,9040
7562,8934
7308,8802
7152,8603
6984,8458
6862,8240
6745,8139
6678,7986
6604,7860
6564,7641
6569,7490
6535,7328
6598,7154
6675,7065
6708,6979
6785,6881
6899,6720
7029,6687
7194,6579
7303,6547
7484,6501
7686,6456
7894,6445
8053,6478
8200,6507
8343,6558
8488,6632
8742,6709
8884,6801
9051,6922
9234,7064
9370,7201
9505,7326
9634,7484
9741,7610
9978,7737
10102,7955
10037,8140
10044,8244
10100,8359
10094,8495
9882,8651
9889,8847
9826,8818
9687,8884
9505,8934
9195,8960
9078,8910
8811,8809
8453,8840
8332,8796
8122,8805
7909,8718
7738,8648
7519,8507
7310,8417
7180,8198
7037,8189
6874,8027
6789,7842
6729,7713
6734,7618
6749,7492
6751,7394
6760,7326
6851,7222
6846,7068
6894,6974
6985,6888
7008,6816
7154,6711
7297,6625
7387,6603
7571,6569
7722,6492
7976,6483
8153,6513
8439,6527
8632,6571
8802,6667
9016,6771
9332,6858
9526,7011
9694,7106
9914,7284
10042,7431
10186,7599
10486,7713
10501,7886
10498,8033
10334,8239
10355,8351
10277,8520
10190,8621
9996,8732
9758,8712
9467,8724
9268,8847
9089,8938
8956,8995
8850,8991
8707,9005
8424,9042
8206,9067
8004,9025
7812,8968
7699,8901
7542,8746
7389,8695
7291,8657
7218,8596
7182,8519
7058,8457
6930,8325
6820,8136
6763,7995
6677,7810
6638,7643
6629,7506
6632,7343
6667,7173
6795,7037
6897,6944
7047,6853
7136,6744
7294,6616
7411,6598
7538,6548
7676,6498
7849,6496
8014,6515
8160,6577
8388,6610
8655,6724
8865,6847
8962,6898
9143,6999
9179,7092
9099,7266
9269,7409
9454,7462
9522,7564
9474,7700
9482,7822
9448,7931
9649,8059
9633,8147
9542,8221
9480,8265
9384,8359
9288,8489
9206,8569
9087,8624
8912,8714
8712,8696
8464,8689
8306,8778
8162,8765
7964,8651
7737,8674
7526,8609
7409,8488
7243,8345
7084,8308
6953,8131
6803,8039
6675,7928
6584,7752
6578,7541
6544,7456
6561,7287
6635,7154
6689,7048
6791,6951
6915,6866
7063,6751
7200,6647
7404,6584
7579,6532
7760,6496
8008,6484
8240,6432
8428,6416
8604,6467
8958,6531
9241,6567
9350,6650
9627,6738
9782,6826
9867,6946
10057,7098
10074,7250
10030,7393
10092,7540
10092,7712
10021,7889
9857,7987
9603,8114
9531,8240
9340,8469
9224,8670
9146,8731
9026,8880
8912,8991
8781,9039
8547,9128
8418,9250
8337,9377
8105,9217
7935,9158
7867,9184
7678,9253
7515,9206
7408,9127
7316,9013
7210,8832
7140,8703
6949,8606
6862,8449
6727,8270
6707,8051
6626,7884
6570,7691
6559,7538
6551,7372
6575,7241
6647,7057
6710,6899
6810,6782
6959,6662
7139,6617
7304,6547
7448,6523
7644,6485
7869,6509
7992,6422
8273,6492
8570,6551
8827,6628
9194,6636
9488,6712
9572,6824
9853,6845
10031,6934
10229,7011
10426,7121
10676,7221
10765,7346
10856,7403
10801,7505
10882,7673
10764,7798
10775,7938
10646,8010
10421,8111
10268,8257
10134,8334
10012,8501
9804,8541
9510,8643
9240,8779
8899,8833
8500,8772
8259,8773
8160,8747
7962,8693
7792,8689
7593,8704
7384,8665
7200,8650
7070,8544
6994,8341
6881,8232
6790,8144
6736,7868
6707,7670
6687,7547
6701,7358
6701,7233
6721,7069
6762,6954
6883,6840
6952,6741
7057,6639
7196,6554
7317,6488
7487,6457
7661,6455
7836,6469
8065,6500
8349,6567
8602,6679
8938,6772
9228,6897
9448,7035
9683,7170
9938,7319
10286,7489
10589,7594
10759,7760
10953,7837
11012,7918
11031,8047
11254,8169
11380,8303
11327,8398
11228,8538
11150,8575
10964,8695
11109,8826
10899,8831
10649,8858
10398,8934
10059,8890
9750,8984
9537,8928
9360,8873
9045,8854
8696,8844
8386,8799
8090,8780
7861,8700
7623,8605
7373,8532
7218,8543
7042,8407
6898,8316
6801,8228
6732,8062
6759,7855
6748,7791
6783,7706
6838,7514
6906,7404
7013,7224
7134,7033
7284,6925
7463,6860
7656,6759
7850,6667
8001,6608
8306,6593
8583,6574
8929,6602
9175,6644
9466,6705
9693,6807
10003,6922
10419,7105
10835,7258
11116,7363
11411,7547
11716,7759
11932,7936
12235,8110
12596,8405
12680,8610
12597,8890
12556,9232
12564,9309
12697,9462
12694,9523
12449,9574
12193,9673
12061,9801
11760,9865
11401,9975
11276,9985
10826,9979
10362,9979
10005,9984
9698,9862
9362,9659
8990,9600
8654,9457
8415,9284
8054,9147
7853,8997
7639,8879
7429,8785
7190,8588
7025,8469
6946,8381
6918,8179
6939,7981
7030,7801
7153,7591
7291,7505
7513,7299
7737,7142
8005,6967
8333,6855
8759,6797
9223,6692
9571,6647
9996,6626
10264,6674
10666,6722
11191,6795
11563,6865
11849,7041
12205,7252
12426,7470
12629,7713
12877,7923
13063,8187
13185,8333
13299,8650
13394,8964
13351,9442
13460,9669
13404,9961
13171,10217
13047,10448
12699,10727
12352,11040
12170,11162
11898,11320
11441,11495
11120,11754
10812,11888
10512,11981
10099,12120
9719,12155
9357,11967
8909,11973
8469,12037
8123,11777
7814,11534
7619,11209
7337,10978
7095,10662
6958,10379
6940,10041
6874,9736
6824,9454
6961,9116
7110,8803
7000,8468
6756,8188
6506,7874
6363,7617
6252,7423
6216,7241
6189,7004
6170,6905
6166,6770
6158,6734
6142,6746
6145,6784
6152,6858
6134,6944
6146,7071
6150,7165
6150,7342
6133,7518
6134,7652
6146,7879
6133,8096
6135,8497
6120,8775
6124,8978
6126,9198
6125,9407
6142,9702
6135,9909
6118,10064
6125,10287
6130,10332
6123,10331
6120,10314
6120,10327
6135,10375
6119,10283
6120,10239
6127,10213
6128,10086
6126,9890
6117,9712
6109,9492
6114,9285
6122,9043
6128,8913
6113,8850
6118,8664
6113,8563
6127,8318
6112,8120
6124,8004
6117,7876
6110,7568
6113,7304
6109,7193
6110,7063
6114,6819
6107,6520
6107,6327
6107,6257
6107,6195
6115,6171
6108,6130
6296,6308
6182,6215
6222,6169
6093,6235
6142,6234
6191,6101
6108,6134
6124,6109
6098,6092
6094,6110
6101,6094
6110,6078
6099,6080
6115,6069
6106,6070
6113,6077
6108,6077
6107,6077
6109,6064
6101,6069
6112,6074
6114,6073
6106,6061
6100,6061
6105,6081
6105,6068
6111,6066
6098,6068
6096,6078
6099,6065
6111,6067
6108,6069
6105,6073
6104,6057
6104,6062
6104,6064
6099,6064
6108,6060
6107,6059
6107,6061
6112,6065
6110,6053
6104,6054
6120,6071
6110,6061
6103,6051
6104,6061
6105,6078
6113,6049
6107,6063
6112,6052
6101,6053
6120,6041
6112,6048
6107,6060
6106,6066
6112,6055
6112,6049
6113,6063
6112,6040
6110,6004
6108,6056
6113,6046
6102,6053
6106,6049
6101,6047
6103,6060
6101,6046
6113,6045
6109,6037
6114,6054
6112,6051
6111,6050
6114,6054
6117,6042
6109,6045
6091,6060
6110,6057
6111,6063
6104,6061
6115,6043
6118,6047
6120,6044
6112,6034
6119,6053
6106,6051
6099,6057
6097,6022
6104,6051
6106,6039
6109,6051
6106,6055
6105,6046
6114,6051
6104,6064
6102,6051
6104,6059
6108,6053
6105,6058
6106,6063
6102,6058
6113,6059
6112,6048
6106,6033
6111,6051
6108,6032
6101,6040
6114,6051
6108,6051
6105,6044
6114,6048
6098,6060
6110,6049
6109,6058
6109,6038
6101,6066
6098,6053
6099,6048
6109,6048
6107,6054
6109,6058
6095,6051
6104,6062
6110,6062
6113,6049
6103,6051
6109,6053
6098,6051
6109,6058
6097,6056
6097,6063
6103,6029
6105,6045
6106,6060
6104,6035
6112,6057
6096,6053
6103,6045
6114,6056
6118,6049
6113,6046
6110,6053
6097,6050
6101,6055
6108,6050
6101,6063
6111,6048
6099,6047
6097,6049
6118,6042
6108,6049
6099,6049
6109,6054
6110,6042
6098,6045
6101,6047
6101,6052
6098,6056
6103,6046
6101,6050
6102,6059
6098,6054
6106,6060
6103,6050
6107,6054
6110,6051
6113,6054
6107,6050
6102,6038
6106,6046
6104,6049
6103,6054
6105,6047
6104,6046
6101,6061
6099,6046
6101,6040
6110,6050
6099,6049
6095,6058
6098,6056
6101,6028
6102,6040
6102,6031
6109,6052
6115,6064
6107,6045
6103,6047
6110,6045
6102,6046
6108,6047
6102,6055
6108,6032
6097,6052
6098,6061
6091,6033
6095,6046
6097,6058
6095,6060
6084,6054
6099,6043
6102,6053
6099,6049
6094,6037
6098,6058
6103,6083
6107,6053
6095,6049
6102,6066
6107,6058
6108,6046
6106,6049
6096,6048
6096,6051
6103,6048
6109,6040
6108,6049
6099,6041
6105,6053
6099,6060
6097,6042
6106,6058
6097,6060
6096,6051
6109,6059
6087,6060
6101,6054
6104,6055
6101,6062
6106,6044
6101,6038
6114,6044
6097,6055
6099,6044
6097,6048
6103,6052
6103,6049
6100,6046
6101,6041
6103,6048
6111,6059
6107,6061
6111,6041
6112,6043
6106,6050
6100,6048
6100,6038
6110,6054
6105,6056
6110,6058
6112,6069
6097,6051
6106,6057
6109,6056
6101,6058
6104,6054
6102,6061
6108,6066
6103,6062
6109,6045
6111,6050
6114,6049
6098,6046
6105,6050
6090,6047
6094,6061
6104,6049
6104,6062
6029,6000
6094,6096
6107,6076
6115,6069
6100,6049
6099,6046
6103,6044
6114,6061
6116,6053
6104,6052
6113,6055
6108,6067
6106,6055
6103,6056
6112,6047
6125,6051
6106,6060
6107,6059
6108,6046
6103,6046
6107,6046
6116,6054
6100,6057
6104,6054
6109,6062
6108,6055
6113,6049
6097,6046
6107,6054
6108,6051
6107,6043
6094,6048
6099,6056
6110,6052
6105,6054
6101,6047
6104,6047
6112,6057
6100,6056
6103,6051
6100,6043
6105,6030
6111,6053
6102,6042
6103,6052
6108,6058
6105,6055
6108,6051
6095,6061
6100,6070
6104,6050
6106,6046
6094,6055
6095,6048
6110,6060
6117,6043
6102,6050
6107,6053
6106,6058
6099,6049
6102,6060
6101,6051
6110,6041
6108,6056
6107,6051
6105,6041
6101,6044
6101,6041
6099,6057
6112,6045
6106,6053
6108,6055
6104,6049
6108,6049
6103,6050
6107,6070
6111,6063
6115,6054
6107,6056
6100,6032
6109,6049
6102,6052
6109,6052
6114,6062
6122,6060
6105,6059
6108,6038
6111,6046
6116,6042
6108,6058
6106,6045
6109,6049
6120,6057
6107,6049
6112,6034
6106,6038
6116,6063
6116,6060
6124,6049
6120,6056
6108,6044
6118,6050
6123,6063
6115,6060
6116,6058
6108,6058
6109,6048
6118,6048
6113,6049
6104,6057
6121,6058
6112,6061
6115,6044
6109,6050
6112,6064
6113,6062
6115,6058
6112,6057
6106,6059
6116,6055
6109,6053
6111,6052
6105,6058
6104,6058
6106,6056
6113,6052
6110,6047
6114,6060
6115,6053
6107,6052
6113,6059
6106,6048
6117,6050
6123,6060
6119,6047
6115,6057
6111,6043
6106,6064
6113,6056
6107,6046
6118,6046
6115,6055
6113,6051
6121,6058
6099,6062
6109,6050
6107,6053
6105,6040
6114,6062
6109,6058
6108,6049
6105,6051
6113,6045
6117,6053
6119,6042
6110,6053
6112,6058
6109,6053
6113,6042
6118,6054
6103,6041
6117,6047
6112,6044
6104,6045
6109,6050
6107,6054
6108,6045
6111,6061
6108,6066
6108,6057
6114,6063
6111,6061
6114,6059
6110,6045
6102,6053
6112,6059
6114,6064
6114,6059
6112,6051
6113,6059
6110,6063
6102,6057
6119,6049
6109,6059
6118,6056
6112,6058
6111,6045
6121,6056
6122,6059
6120,6061
6114,6058
6100,6042
6121,6055
6127,6061
6114,6063
6114,6060
6112,6061
6113,6049
6120,6052
6114,6053
6120,6059
6112,6058
6121,6045
6110,6052
6115,6065
6114,6065
6125,6059
6119,6057
6116,6054
6126,6067
6123,6057
6115,6067
6108,6054
6120,6060
6116,6061
6121,6051
6122,6064
6123,6047
6123,6047
6118,6062
6115,6060
6119,6066
6121,6053
6106,6059
6115,6054
6120,6059
6118,6059
6118,6059
6108,6047
6112,6060
6113,6063
6123,6027
6119,6043
6120,6051
6119,6049
6122,6054
6122,6055
6125,6062
6124,6057
6117,6051
6117,6051
6111,6049
6122,6059
6117,6065
6122,6047
6121,6063
6119,6049
6111,6062
6116,6059
6113,6055
6112,6053
6114,6054
6111,6047
6117,6056
6121,6061
6110,6062
6115,6048
6113,6054
6109,6054
6107,6063
6117,6055
6114,6055
6114,6055
6113,6061
6118,6048
6112,6047
6116,6063
6123,6058
6118,6063
6118,6048
6109,6068
6113,6063
6114,6064
6125,6049
6112,6058
6123,6062
6114,6047
6109,6053
6113,6055
6123,6061
6117,6060
6117,6059
6122,6051
6123,6053
6123,6053
6118,6055
6113,6064
6121,6065
6117,6069
6117,6042
6125,6055
6116,6063
6119,6047
6118,6063
6117,6058
6115,6057
6116,6063
6124,6061
6119,6050
0,37
0,61680
0,0
6113,6059
5599,5577
5595,5581
5598,5582
5603,5572
5602,5572
5601,5586
5594,5582
5593,5580
5820,5767
6341,6281
6300,6313
6302,6314
6285,6318
6291,6312
6299,6313
6322,6314
6285,6318
6302,6309
6292,6336
6300,6329
6313,6345
6284,6346
6289,6359
6312,6333
6311,6326
6305,6358
6307,6357
6309,6334
6307,6324
6299,6321
6294,6333
6295,6330
6312,6351
6301,6335
6303,6327
6299,6331
6286,6327
6289,6334
6295,6362
6296,6355
6306,6327
6298,6333
6312,6339
6295,6340
6273,6346
6293,6352
6295,6331
6303,6355
6289,6334
6306,6337
6294,6336
6274,6348
6293,6334
6302,6343
6311,6350
6297,6330
6310,6338
6318,6338
6293,6332
6296,6322
6305,6338
6293,6331
6316,6314
6281,6323
6296,6331
6303,6346
6303,6342
6291,6373
6315,6343
6305,6333
6313,6339
6284,6326
6298,6334
6298,6320
6292,6327
6290,6349
6306,6314
6297,6325
6311,6329
6293,6328
6302,6328
6296,6335
6320,6326
6293,6327
6300,6319
6296,6352
6293,6341
6275,6340
6275,6326
6284,6330
6300,6337
6297,6332
6301,6338
6293,6359
6302,6357
6305,6357
6293,6326
6295,6332
6297,6333
6296,6324
6314,6316
6310,6321
6303,6320
6289,6310
6287,6341
6271,6331
6298,6328
6297,6317
6297,6344
6299,6336
6295,6354
6297,6345
6283,6323
6281,6349
6300,6331
6292,6341
6313,6345
5908,6022
6398,6254
6202,6199
6310,6379
6295,6335
6317,6399
6290,6376
6290,6350
6262,6309
6283,6323
6306,6334
6292,6320
6291,6336
6295,6337
6295,6358
6284,6320
6295,6338
6288,6353
6284,6362
6284,6334
6291,6327
6288,6354
6305,6345
6286,6336
6271,6359
6283,6353
6306,6358
6310,6361
6299,6331
6288,6349
6285,6339
6279,6350
6302,6338
6292,6333
6269,6352
6287,6357
6313,6344
6295,6337
6303,6360
6307,6334
6298,6342
6283,6345
6297,6326
6292,6322
6297,6343
6293,6333
6294,6360
6298,6340
6288,6371
6280,6340
6287,6351
6299,6333
6290,6346
6285,6364
6279,6351
6280,6352
6274,6366
6280,6359
6279,6344
6283,6341
6287,6369
6299,6361
6292,6339
6275,6359
6282,6334
6279,6325
6304,6331
6291,6337
6287,6331
6301,6341
6310,6348
6279,6359
6281,6379
6297,6364
6282,6357
6285,6345
6277,6371
6285,6363
6281,6376
6291,6350
6290,6361
6279,6371
6280,6381
6278,6390
6275,6375
6278,6375
6273,6358
6283,6389
6268,6385
6276,6371
6290,6371
6265,6368
6262,6365
6263,6362
6258,6382
6283,6370
6269,6384
6271,6394
6279,6371
6273,6376
6298,6368
6272,6385
6262,6385
6277,6393
6281,6368
6281,6366
6259,6370
6256,6382
6266,6383
6266,6394
6273,6391
6272,6369
6263,6369
6274,6370
6262,6374
6260,6368
6265,6368
6254,6363
6250,6373
6259,6383
6268,6362
6259,6362
6250,6394
6252,6373
6271,6400
6254,6401
6259,6397
6268,6402
6265,6386
6257,6396
6249,6394
6253,6398
6275,6403
6268,6374
6265,6387
6263,6390
6266,6363
6276,6385
6267,6433
6263,6404
6243,6415
6247,6380
6261,6409
6252,6374
6237,6371
6266,6385
6243,6375
6251,6368
6238,6345
6247,6358
6251,6358
6251,6366
6251,6387
6244,6380
6241,6395
6240,6380
6240,6376
6247,6376
6242,6405
6259,6382
6257,6422
6252,6393
6243,6386
6258,6414
6256,6405
6259,6385
6257,6383
6241,6385
6241,6419
6252,6389
6265,6371
6238,6386
6241,6371
6249,6379
6251,6377
6255,6376
6246,6379
6241,6392
6242,6388
6223,6374
6240,6399
6230,6375
6257,6391
6247,6397
6265,6393
6243,6399
6248,6399
6248,6388
6249,6388
6254,6364
6237,6369
6239,6375
6239,6385
6242,6348
6239,6342
6240,6362
6244,6375
6256,6399
6247,6412
6233,6410
6239,6423
6233,6418
6241,6425
6254,6426
6243,6402
6227,6408
6241,6402
6230,6404
6245,6419
6241,6407
6233,6415
6246,6419
6240,6422
6256,6415
6220,6421
6229,6405
6236,6378
6238,6403
6248,6389
6243,6371
6252,6399
6236,6408
6236,6386
6230,6427
6232,6422
6226,6416
6214,6410
6231,6399
6234,6414
6226,6403
6230,6372
6236,6356
6233,6390
6231,6381
6233,6379
6248,6385
6236,6405
6236,6407
6240,6397
6245,6394
6240,6402
6235,6415
6234,6422
6232,6402
6231,6406
6238,6400
6226,6382
6222,6408
6234,6385
6237,6432
6255,6415
6239,6395
6241,6394
6242,6411
6242,6406
6228,6401
6236,6398
6243,6395
6227,6396
6217,6396
6230,6410
6241,6423
6234,6430
6224,6433
6227,6434
6230,6421
6212,6418
6271,6463
6280,6451
6250,6421
6167,6433
6216,6427
6234,6450
6237,6421
6225,6393
6229,6418
6241,6419
6235,6414
6222,6409
6229,6410
6237,6408
6233,6407
6225,6401
6227,6410
6229,6418
6232,6434
6237,6410
6223,6414
6236,6432
6225,6428
6219,6401
6228,6400
6231,6436
6228,6415
6225,6402
6249,6392
6236,6394
6231,6412
6227,6401
6209,6399
6223,6358
6234,6376
6236,6360
6240,6361
6216,6381
6213,6358
6225,6382
6241,6406
6246,6395
6231,6387
6223,6409
6222,6407
6219,6405
6229,6387
6228,6423
6241,6467
6221,6440
6228,6446
6230,6470
6226,6423
6210,6427
6218,6436
6214,6448
6232,6423
6238,6444
6225,6431
6218,6411
6226,6414
6215,6410
6233,6413
6218,6421
6224,6427
6231,6441
6229,6417
6222,6407
6231,6425
6232,6439
6224,6407
6209,6426
6219,6424
6239,6415
6225,6407
6226,6408
6230,6386
6214,6393
6217,6379
6218,6403
6229,6385
6214,6398
6221,6395
6215,6368
6241,6389
6224,6374
6236,6391
6237,6365
6228,6385
6247,6388
6227,6396
6228,6384
6220,6384
6225,6403
6227,6395
6227,6394
6216,6398
6217,6383
6229,6384
6227,6385
6218,6387
6217,6362
6212,6367
6224,6381
6237,6385
6230,6390
6242,6380
6227,6387
6223,6380
6219,6399
6233,6391
6223,6399
6236,6384
6230,6386
6232,6385
6234,6384
6243,6379
6239,6379
6229,6361
6227,6378
6223,6371
6231,6387
6229,6375
6242,6417
6239,6384
6233,6397
6230,6388
6228,6403
6229,6392
6227,6400
6223,6391
6236,6394
6225,6393
6239,6379
6218,6364
6222,6391
6232,6357
6238,6381
6230,6385
6240,6389
6232,6401
6232,6404
6242,6403
6232,6387
6233,6397
6226,6394
6236,6387
6227,6395
6252,6390
6217,6395
6238,6384
6222,6380
6229,6359
6242,6385
6223,6385
6225,6361
6228,6384
6243,6385
6269,6378
6222,6354
6234,6343
6240,6363
6231,6371
6234,6356
6233,6333
6232,6356
6243,6393
6232,6385
6228,6381
6231,6381
6237,6342
6237,6365
6237,6364
6226,6354
6226,6362
6238,6347
6241,6376
6254,6359
6244,6364
6252,6387
6245,6372
6255,6378
6241,6383
6258,6375
6267,6369
6273,6370
6268,6359
6279,6361
6293,6352
6291,6371
6312,6346
6330,6342
6354,6342
6381,6348
6396,6355
6463,6340
6497,6338
6539,6352
6594,6359
6650,6348
6727,6352
6784,6328
6859,6346
6961,6344
7094,6351
7151,6355
7260,6355
7400,6360
7485,6353
7657,6369
7752,6368
7915,6344
8081,6358
8258,6366
8416,6378
8572,6372
8549,6356
8659,6361
8618,6350
8599,6341
8556,6354
8521,6381
8350,6351
8162,6365
8055,6362
7857,6376
7769,6379
7669,6369
7618,6402
7457,6395
7322,6377
7174,6418
7043,6394
6976,6406
6873,6421
6797,6455
6765,6477
6776,6477
6774,6490
6856,6522
6947,6539
7050,6575
7148,6578
7236,6605
7343,6636
7529,6648
7743,6654
8018,6652
8279,6600
8539,6605
8725,6631
9035,6626
9294,6607
9520,6606
9718,6621
9918,6661
9886,6727
9977,6818
10084,6926
10192,7023
10271,7145
10233,7291
10102,7429
10089,7583
10010,7728
9878,7828
9732,7991
9661,8112
9466,8205
9377,8341
9260,8430
9017,8469
8879,8367
8681,8561
8551,8731
8331,8813
8073,8828
7815,8786
7711,8883
7472,8838
7297,8774
7092,8828
6946,8843
6807,8667
6686,8490
6669,8320
6648,8178
6676,7991
6718,7866
6848,7634
6966,7480
7062,7310
7248,7169
7465,7044
7679,6953
7814,6848
7959,6763
8093,6694
8306,6712
8509,6706
8643,6744
8881,6819
9088,6905
9133,7023
9192,7142
9224,7244
9335,7353
9398,7466
9559,7629
9522,7843
9629,7935
9696,8072
9683,8254
9691,8474
9653,8597
9425,8688
9431,8872
9540,9025
9433,9112
9346,9242
9279,9423
9195,9465
9149,9460
9106,9556
9034,9655
8900,9551
8693,9452
8439,9396
8269,9279
8069,9243
7829,9108
7729,9009
7569,8782
7338,8602
7202,8338
7035,8203
6952,8034
6818,7834
6745,7725
6688,7565
6700,7448
6752,7321
6787,7220
6919,7086
7071,7009
7282,6936
7509,6860
7706,6792
8042,6748
8326,6696
8726,6645
9109,6619
9459,6613
9788,6613
10121,6662
10455,6663
10792,6747
11094,6781
11415,6872
11659,6931
11865,7076
11949,7215
12189,7320
12113,7476
12050,7614
11914,7749
11690,7940
11490,8119
11366,8358
11239,8563
11134,8792
10825,9032
10519,9230
10320,9407
10019,9641
9705,9708
9459,9848
9342,9955
9155,10023
8827,10107
8597,10126
8362,10137
8161,10068
7955,10191
7778,10183
7569,9874
7354,9724
7181,9480
7037,9378
6939,9171
6831,8843
6752,8617
6690,8396
6677,8009
6716,7734
6754,7542
6843,7366
6945,7176
7059,6972
7213,6855
7387,6773
7541,6691
7813,6664
8052,6651
8283,6696
8455,6757
8614,6834
8888,6934
9006,7051
9268,7196
9407,7344
9547,7482
9619,7621
9727,7750
9813,7969
9925,8109
9872,8218
9860,8409
9868,8531
9813,8703
9801,8818
9731,9034
9698,9268
9631,9378
9533,9563
9399,9654
9362,9813
9208,9891
9143,10032
8931,10074
8762,9970
8457,10024
8266,9999
8110,9863
7931,9786
7751,9812
7482,9785
7309,9658
7157,9448
6973,9359
6877,9115
6778,8845
6707,8638
6604,8425
6577,8287
6588,7988
6611,7796
6661,7612
6724,7433
6800,7292
6866,7215
6976,7073
7131,6905
7270,6763
7418,6691
7607,6634
7789,6577
8007,6552
8224,6524
8373,6513
8671,6542
8863,6592
9131,6651
9276,6714
9522,6762
9707,6862
9787,6983
9867,7088
9963,7289
10060,7394
9958,7595
10167,7704
10114,7892
10115,8070
10075,8226
9991,8327
9945,8489
9886,8566
9784,8672
9672,8827
9538,8863
9416,8914
9214,8977
8983,9020
8797,9077
8678,8996
8560,8962
8302,8870
8112,8801
7892,8771
7712,8620
7511,8535
7320,8430
7132,8353
6982,8241
6866,8136
6727,7958
6649,7788
6603,7583
6545,7485
6533,7255
6569,7123
6645,6999
6722,6835
6810,6748
6918,6633
7087,6561
7303,6502
7558,6478
7746,6447
8024,6475
8249,6451
8507,6481
8750,6546
8946,6576
9211,6653
9482,6761
9813,6855
10002,6934
10016,7058
10129,7172
10215,7298
10314,7430
10401,7594
10556,7723
10608,7850
10519,8012
10514,8177
10498,8356
10381,8436
10270,8629
10101,8703
9869,8803
9676,8990
9476,9018
9261,9083
9121,9152
8833,9245
8569,9314
8236,9282
7952,9182
7782,9157
7541,9061
7407,8982
7163,8928
6940,8855
6853,8688
6707,8439
6619,8323
6551,8111
6467,7972
6444,7782
6459,7598
6500,7447
6550,7280
6616,7079
6717,6975
6860,6842
6995,6734
7154,6633
7351,6552
7495,6500
7716,6527
7968,6508
8175,6515
8323,6521
8401,6575
8534,6645
8739,6742
8931,6832
9052,6958
9245,7069
9259,7222
9491,7357
9657,7564
9730,7724
9867,7930
9906,8184
10036,8356
10013,8488
9967,8655
10060,8856
9994,8949
10036,9087
9847,9175
9655,9171
9615,9261
9428,9297
9165,9345
9095,9406
8900,9488
8711,9433
8442,9363
8237,9252
8004,9161
7750,9085
7588,8964
7338,8827
7148,8594
6984,8431
6848,8256
6752,8085
6671,8007
6624,7849
6572,7648
6559,7481
6569,7325
6602,7156
6646,7074
6707,6975
6816,6858
6899,6748
7037,6676
7160,6600
7299,6555
7472,6514
7717,6464
7867,6443
8010,6469
8162,6506
8297,6571
8485,6621
8764,6711
8887,6780
9052,6920
9160,7093
9351,7190
9507,7312
9659,7486
9767,7608
10021,7778
10091,7949
10069,8117
10108,8235
10163,8383
10031,8469
9961,8664
9956,8826
9838,8809
9628,8910
9455,8958
9195,8933
9045,8892
8824,8813
8504,8863
8330,8752
8088,8788
7851,8750
7724,8662
7514,8548
7322,8447
7172,8236
7044,8130
6890,8032
6819,7883
6757,7768
6722,7593
6750,7525
6753,7421
6765,7313
6848,7202
6848,7039
6919,6970
6987,6906
7021,6798
7120,6725
7259,6611
7373,6572
7553,6551
7697,6503
7978,6481
8230,6491
8484,6532
8661,6587
8856,6656
9002,6745
9266,6869
9511,7008
9691,7134
9892,7260
10051,7455
10187,7608
10343,7705
10554,7919
10433,8085
10349,8224
10336,8361
10241,8471
10157,8633
10011,8686
9822,8776
9515,8813
9269,8884
9049,8997
8978,8997
8858,8951
8710,8945
8425,9000
8163,9000
7955,8980
7773,8971
7676,8881
7532,8764
7402,8723
7321,8673
7244,8637
7141,8503
7053,8462
6884,8283
6846,8151
6771,7983
6691,7837
6649,7657
6630,7467
6638,7333
6685,7195
6803,7062
6904,6934
7031,6853
7156,6744
7308,6634
7395,6574
7570,6546
7706,6479
7832,6512
7975,6529
8142,6570
8380,6622
8686,6724
8843,6818
8997,6899
9079,6989
9208,7122
9182,7282
9277,7436
9446,7498
9561,7580
9475,7685
9455,7831
9444,7892
9588,8018
9647,8118
9539,8198
9494,8269
9367,8387
9287,8476
9202,8559
9133,8596
8945,8688
8741,8692
8493,8715
8354,8781
8163,8740
7954,8696
7765,8711
7546,8627
7408,8442
7233,8343
7072,8267
6961,8105
6802,8013
6677,7897
6577,7779
6569,7549
6563,7465
6575,7274
6612,7157
6693,7064
6804,6950
6898,6871
7061,6730
7222,6662
7393,6618
7593,6563
7792,6498
7986,6484
8224,6437
8385,6431
8660,6460
8911,6499
9205,6564
9338,6644
9603,6761
9751,6847
9914,6953
10047,7073
10066,7268
10091,7397
10128,7537
10069,7732
10021,7923
9829,7989
9649,8146
9517,8263
9375,8482
9245,8653
9139,8761
9057,8879
8882,8959
8803,9034
8539,9116
8418,9289
8360,9397
8111,9286
7873,9067
7869,9163
7532,9134
7469,9150
7345,9084
7370,9038
7174,8828
7108,8617
6978,8608
6811,8430
6760,8265
6677,8091
6617,7926
6558,7683
6536,7512
6558,7371
6596,7222
6645,7043
6713,6912
6793,6777
6972,6656
7134,6613
7306,6545
7436,6509
7695,6506
7848,6477
8056,6482
8295,6506
8600,6533
8877,6608
9188,6640
9471,6729
9538,6800
9831,6885
10114,6947
10204,7011
10474,7109
10728,7226
10720,7333
10776,7407
10781,7543
10821,7665
10755,7769
10775,7899
10646,8001
10449,8141
10322,8218
10149,8321
9947,8464
9733,8538
9437,8649
9252,8798
8924,8838
8572,8829
8284,8780
8212,8788
8034,8703
7780,8698
7625,8714
7385,8628
7207,8641
7070,8606
6985,8370
6873,8227
6799,8086
6718,7877
6668,7694
6690,7543
6689,7338
6688,7227
6718,7106
6767,6963
6872,6832
6941,6740
7060,6636
7167,6533
7326,6510
7494,6441
7640,6467
7847,6480
8121,6510
8353,6551
8625,6672
8919,6739
9173,6858
9462,7014
9697,7159
9964,7308
10259,7464
10552,7579
10855,7746
11009,7875
11047,7969
11107,8090
11228,8228
11442,8378
11328,8476
11192,8606
11098,8564
11002,8724
11060,8795
10911,8832
10602,8801
10338,8895
10097,8931
9846,8881
9588,8910
9331,8895
9026,8869
8732,8911
8352,8798
8109,8737
7839,8749
7608,8593
7395,8567
7215,8547
7049,8434
6904,8337
6809,8237
6755,8044
6735,7899
6779,7748
6811,7691
6846,7551
6906,7399
7016,7227
7146,7030
7274,6951
7421,6831
7649,6762
7870,6650
8013,6609
8267,6580
8579,6594
8922,6603
9201,6660
9490,6689
9607,6811
10027,6950
10427,7096
10866,7261
11137,7375
11440,7563
11715,7742
11932,7935
12203,8096
12517,8391
12651,8624
12575,8973
12539,9203
12593,9330
12701,9353
12691,9455
12454,9566
12177,9686
12044,9836
11808,9859
11486,9967
11308,9898
10845,9917
10358,9960
9950,9955
9657,9798
9359,9699
9021,9587
8688,9450
8375,9264
8125,9126
7840,9073
7630,8872
7423,8792
7194,8606
7023,8497
6955,8367
6948,8192
6960,8005
7063,7794
7150,7629
7292,7470
7519,7335
7747,7126
8016,6991
8343,6855
8746,6766
9174,6703
9544,6657
9960,6661
10263,6659
10706,6716
11146,6803
11541,6867
11892,7050
12152,7288
12443,7452
12639,7706
12862,7969
13151,8145
13262,8329
13341,8658
13256,8952
13454,9442
13507,9679
13442,10029
13145,10197
13014,10440
12785,10718
12412,10960
12221,11165
11972,11303
11404,11489
11101,11721
10832,11851
10481,12068
10197,12068
9729,12116
9310,12036
8919,11999
8494,11988
8118,11811
7861,11512
7613,11226
7372,11017
7091,10668
6958,10378
6960,10044
6908,9697
6852,9393
6957,9056
7111,8810
6977,8491
6768,8179
6507,7845
6362,7645
6259,7417
6217,7184
6189,7004
6177,6891
6164,6787
6158,6762
6150,6760
6154,6789
6147,6882
6147,6941
6147,7040
6150,7202
6143,7330
6139,7490
6137,7715
6138,7876
6134,8129
6139,8500
6127,8815
6126,8954
6133,9147
6139,9401
6128,9713
6128,9934
6124,10037
6129,10261
6134,10344
6125,10417
6121,10274
6123,10371
6123,10423
6128,10326
6115,10289
6133,10281
6121,10082
6177,10005
6171,9813
6092,9501
6082,9229
6129,9058
6120,8958
6114,8824
6129,8707
6117,8561
6127,8317
6110,8156
6111,7927
6116,7884
6115,7557
6109,7257
6108,7185
6113,7052
6123,6812
6110,6520
6119,6351
6107,6253
6112,6195
6116,6155
6113,6141
6108,6128
6118,6131
6105,6119
6112,6115
6103,6114
6099,6118
6108,6116
6099,6112
6111,6103
6107,6111
6111,6089
6122,6093
6102,6067
6112,6081
6114,6063
6111,6076
6109,6072
6111,6078
6112,6070
6103,6078
6111,6073
6112,6072
6102,6067
6105,6072
6106,6072
6106,6076
6107,6058
6105,6061
6112,6076
6110,6070
6106,6069
6107,6076
6101,6069
6107,6057
6107,6066
6109,6062
6106,6068
6111,6050
6109,6062
6106,6069
6113,6069
6115,6059
6097,6063
6113,6074
6111,6064
6118,6050
6105,6062
6106,6052
6116,6068
6115,6067
6115,6057
6105,6049
6118,6065
6118,6064
6102,6062
6110,6068
6113,6065
6107,6055
6113,6061
6102,6053
6112,6052
6105,6055
6100,6064
6099,6055
6101,6063
6102,6041
6116,6059
6115,6046
6114,6056
6104,6042
6112,6038
6109,6057
6117,6044
6111,6055
6109,6046
6110,6051
6109,6053
6110,6043
6108,6060
6111,6061
6110,6056
6115,6058
6120,6047
6110,6049
6138,6054
6108,6036
6110,6058
6113,6052
6114,6063
6111,6047
6113,6051
6102,6046
6108,6049
6108,6052
6108,6056
6098,6054
6104,6050
6112,6054
6114,6052
6107,6044
6107,6049
6097,6053
6115,6056
6110,6047
6108,6046
6114,6048
6104,6049
6110,6062
6112,6042
6110,6052
6108,6051
6098,6045
6106,6052
6118,6052
6116,6053
6104,6060
6103,6047
6107,6050
6114,6055
6105,6042
6100,6043
6110,6051
6097,6061
6114,6058
6115,6052
6101,6054
6101,6062
6098,6051
6110,6039
6110,6049
6102,6051
6107,6059
6108,6058
6112,6054
6110,6038
6104,6061
6106,6055
6105,6042
6116,6051
6111,6066
6108,6049
6108,6051
6097,6048
6110,6053
6108,6053
6111,6058
6112,6055
6102,6056
6101,6057
6100,6048
6114,6062
6105,6047
6110,6040
6114,6049
6107,6055
6103,6062
6102,6052
6104,6048
6108,6051
6105,6061
6110,6052
6099,6034
6107,6060
6105,6041
6105,6041
6123,6061
6115,6050
6105,6063
6104,6051
6109,6039
6103,6047
6101,6060
6106,6059
6099,6040
6104,6055
6098,6058
6097,6048
6113,6055
6105,6049
6105,6057
6102,6041
6095,6033
6101,6055
6096,6059
6110,6042
6111,6041
6111,6048
6107,6052
6109,6055
6098,6047
6105,6044
6110,6049
6106,6040
6099,6047
6107,6041
6107,6050
6097,6052
6104,6050
6101,6055
6103,6054
6091,6057
6110,6050
6102,6053
6093,6055
6102,6047
6105,6054
6104,6048
6095,6050
6104,6046
6123,6064
6097,6046
6105,6055
6105,6051
6101,6045
6099,6037
6109,6045
6099,6050
6099,6044
6100,6055
6087,6045
6099,6054
6108,6056
6103,6069
6098,6062
6105,6051
6092,6050
6106,6055
6097,6057
6106,6049
6099,6051
6097,6050
6102,6055
6098,6059
6093,6049
6101,6054
6103,6055
6103,6052
6099,6040
6106,6057
6106,6045
6112,6060
6106,6057
6109,6057
6135,6036
6201,6086
6224,6176
6097,6026
6173,6100
6105,6067
6098,6016
6103,6094
6071,6027
6094,6033
6104,6053
6101,6051
6104,6062
6103,6051
6110,6044
6105,6044
6105,6045
6106,6063
6118,6058
6105,6053
6115,6075
6106,6047
6106,6044
6105,6063
6104,6059
6113,6061
6101,6061
6104,6054
6111,6056
6114,6052
6113,6058
6106,6053
6111,6053
6117,6055
6111,6050
6114,6049
6111,6060
6112,6050
6108,6054
6114,6056
6118,6052
6109,6059
6106,6054
6110,6057
6113,6058
6112,6056
6112,6052
6107,6060
6102,6047
6114,6056
6106,6050
6113,6052
6108,6052
6110,6030
6115,6047
6099,6053
6104,6042
6110,6056
6113,6054
6109,6056
6103,6054
6107,6058
6113,6054
6104,6050
6108,6049
6119,6042
6106,6039
6108,6052
6107,6052
6100,6045
6110,6046
6109,6058
6109,6018
6104,6047
6105,6067
6102,6056
6107,6056
6095,6048
6107,6056
6111,6041
6113,6063
6098,6042
6096,6056
6108,6054
6113,6041
6109,6039
6102,6053
6107,6053
6110,6057
6105,6066
6108,6055
6099,6057
6098,6041
6098,6047
6108,6058
6103,6055
6112,6044
6107,6052
6106,6054
6100,6050
6108,6052
6118,6055
6112,6051
6115,6063
6096,6029
6105,6059
6107,6053
6110,6051
6105,6057
6120,6057
6107,6044
6106,6043
6110,6051
6104,6050
6117,6049
6112,6047
6110,6059
6118,6044
6116,6043
6114,6044
6115,6038
6115,6060
6118,6058
6118,6058
6120,6053
6115,6044
6109,6060
6123,6065
6117,6057
6120,6062
6104,6055
6111,6049
6113,6057
6111,6058
6118,6053
6116,6055
6110,6055
6122,6053
6103,6047
6118,6064
6110,6054
6111,6057
6109,6062
6111,6053
6115,6058
6114,6058
6111,6052
6110,6046
6111,6049
6108,6047
6102,6059
6106,6045
6114,6052
6111,6046
6108,6054
6113,6063
6103,6048
6113,6041
6122,6052
6110,6048
6107,6052
6112,6053
6104,6056
6114,6059
6109,6047
6113,6050
6118,6056
6113,6057
6117,6061
6108,6059
6106,6027
6110,6051
6107,6051
6119,6058
6114,6047
6119,6058
6108,6057
6110,6047
6118,6049
6124,6055
6104,6050
6116,6057
6100,6049
6109,6051
6119,6067
6112,6046
6119,6042
6119,6056
6101,6052
6107,6034
6103,6058
6110,6062
6114,6056
6104,6044
6106,6050
6119,6049
6118,6048
6111,6050
6101,6065
6104,6046
6109,6028
6115,6055
6106,6051
6112,6052
6116,6060
6114,6058
6105,6055
6109,6056
6113,6059
6118,6053
6118,6055
6112,6052
6120,6058
6116,6062
6118,6059
6123,6039
6107,6038
6113,6058
6118,6056
6104,6064
6112,6052
6116,6060
6112,6059
6116,6071
6113,6060
6119,6049
6121,6050
6122,6064
6114,6065
6122,6060
6115,6064
6121,6064
6115,6060
6105,6066
6119,6055
6123,6070
6116,6053
6113,6068
6117,6063
6114,6061
6119,6049
6117,6059
6114,6063
6118,6043
6118,6055
6115,6051
6123,6063
6113,6059
6125,6047
6122,6058
6112,6052
6115,6052
6110,6059
6110,6059
6116,6050
6112,6066
6110,6053
6110,6067
6112,6039
6114,6055
6119,6060
6116,6060
6117,6060
6124,6063
6117,6062
6121,6057
6122,6048
6120,6059
6118,6050
6123,6052
6122,6065
6123,6053
6090,6065
6115,6063
6120,6057
6120,6057
6117,6044
6110,6069
6120,6048
6115,6062
6117,6058
6117,6051
6119,6054
6127,6060
6114,6055
6125,6060
6126,6050
6116,6049
6118,6050
6118,6056
6121,6052
6122,6065
6110,6048
6121,6057
6115,6054
6117,6061
6123,6047
6123,6047
6120,6054
6114,6061
6113,6060
6121,6059
6116,6061
6113,6052
6113,6061
6111,6055
6123,6051
6117,6055
6120,6058
6125,6048
6113,6055
6123,6051
6113,6063
6119,6056
6116,6063
6111,6053
6115,6054
6122,6059
6119,6056
6119,6056
6119,6046
6117,6050
6117,6060
6108,6064
0,36
0,61680
0,0
6117,6056
5606,5588
5599,5578
5602,5568
5603,5578
5596,5588
5601,5584
5603,5581
5601,5571
5822,5754
6336,6307
6291,6282
6299,6295
6278,6308
6289,6305
6295,6304
6311,6330
6293,6317
6298,6308
6289,6308
6306,6323
6297,6323
6295,6348
6294,6339
6296,6331
6305,6330
6319,6328
6291,6359
6286,6326
6301,6316
6284,6303
6285,6320
6303,6292
6309,6330
6288,6343
6296,6332
6301,6331
6304,6324
6284,6352
6304,6365
6288,6327
6300,6320
6299,6328
6301,6341
6303,6335
6281,6357
6298,6332
6305,6314
6295,6327
6287,6324
6284,6352
6292,6339
6300,6337
6280,6329
6297,6345
6300,6344
6299,6330
6316,6322
6312,6337
6293,6344
6293,6329
6294,6339
6271,6355
6314,6320
6297,6332
6292,6330
6295,6347
6309,6367
6293,6339
6316,6335
6302,6350
6327,6319
6290,6313
6295,6348
6294,6320
6302,6315
6296,6329
6299,6334
6295,6321
6305,6323
6292,6348
6316,6338
6304,6342
6294,6331
6297,6322
6308,6321
6305,6341
6290,6344
6279,6344
6293,6319
6296,6345
6293,6334
6290,6339
6329,6355
6346,6398
6264,6310
6290,6345
6314,6352
6295,6339
6304,6322
6301,6331
6303,6304
6313,6311
6316,6323
6287,6314
6301,6330
6274,6338
6291,6325
6290,6318
6291,6340
6302,6339
6287,6354
6305,6341
6280,6323
6278,6353
6294,6367
6289,6349
6296,6347
6286,6329
6297,6329
6301,6334
6313,6347
6311,6351
6299,6350
6302,6343
6290,6345
6290,6334
6291,6341
6299,6320
6295,6346
6306,6326
6295,6356
6289,6342
6278,6315
6288,6355
6292,6349
6277,6353
6282,6342
6307,6326
6295,6348
6300,6381
6305,6331
6261,6356
6277,6354
6290,6343
6295,6351
6295,6332
6302,6355
6282,6335
6289,6324
6291,6333
6283,6329
6275,6329
6296,6356
6314,6364
6303,6350
6301,6374
6297,6343
6304,6349
6294,6330
6299,6332
6298,6330
6300,6329
6296,6315
6312,6356
6290,6355
6284,6364
6292,6350
6292,6310
6298,6355
6291,6349
6291,6353
6272,6355
6289,6356
6279,6365
6277,6365
6283,6350
6275,6323
6289,6361
6309,6367
6297,6346
6292,6356
6278,6342
6289,6333
6295,6332
6274,6340
6289,6338
6301,6341
6313,6358
6270,6341
6283,6362
6288,6372
6266,6361
6281,6343
6270,6358
6285,6369
6281,6384
6289,6369
6291,6345
6281,6374
6275,6351
6284,6385
6270,6399
6263,6364
6278,6360
6271,6403
6255,6379
6272,6371
6282,6372
6269,6355
6265,6372
6275,6367
6281,6349
6291,6363
6292,6357
6273,6391
6293,6372
6273,6376
6282,6375
6264,6366
6256,6392
6260,6357
6286,6364
6255,6369
6253,6372
6249,6372
6279,6371
6256,6398
6267,6371
6268,6376
6266,6378
6264,6363
6274,6370
6271,6383
6263,6354
6251,6361
6252,6356
6272,6383
6264,6364
6256,6385
6280,6356
6264,6385
6255,6395
6254,6399
6259,6411
6259,6404
6259,6400
6263,6398
6232,6406
6255,6406
6273,6369
6257,6377
6263,6394
6268,6375
6260,6380
6276,6385
6272,6416
6273,6391
6263,6403
6259,6387
6269,6379
6260,6393
6248,6374
6249,6395
6241,6378
6252,6363
6242,6354
6250,6363
6242,6356
6240,6358
6242,6396
6253,6385
6254,6384
6252,6374
6247,6387
6257,6372
6254,6402
6259,6405
6259,6429
6242,6410
6259,6398
6259,6400
6260,6416
6255,6379
6254,6384
6251,6406
6243,6390
6253,6385
6261,6372
6240,6397
6249,6384
6248,6401
6238,6367
6248,6380
6237,6368
6239,6393
6245,6389
6247,6392
6248,6381
6243,6359
6235,6367
6254,6393
6260,6390
6253,6385
6231,6384
6242,6374
6249,6381
6246,6349
6242,6374
6255,6392
6242,6376
6233,6370
6242,6357
6252,6348
6252,6377
6242,6387
6248,6411
6237,6416
6232,6418
6241,6427
6241,6418
6248,6416
6225,6410
6230,6386
6242,6412
6230,6403
6237,6410
6246,6413
6243,6405
6243,6420
6259,6415
6241,6421
6234,6412
6220,6417
6235,6393
6243,6385
6243,6395
6237,6393
6259,6400
6231,6402
6248,6380
6241,6420
6232,6417
6234,6416
6218,6407
6238,6413
6246,6405
6228,6385
6231,6380
6236,6359
6246,6371
6236,6374
6232,6361
6232,6383
6230,6395
6242,6398
6246,6415
6228,6411
6243,6423
6244,6403
6243,6403
6240,6409
5827,6032
6069,6204
6151,6269
6179,6366
6219,6398
6251,6429
6251,6456
6239,6414
6245,6403
6216,6405
6236,6395
6234,6414
6232,6421
6236,6405
6231,6424
6224,6397
6226,6411
6234,6435
6230,6414
6218,6435
6243,6422
6234,6431
6228,6433
6226,6437
6239,6416
6242,6447
6228,6412
6235,6424
6234,6415
6233,6398
6224,6393
6220,6422
6233,6434
6218,6408
6232,6385
6230,6409
6239,6401
6226,6407
6226,6402
6214,6417
6232,6421
6229,6421
6235,6432
6233,6413
6235,6442
6222,6425
6213,6409
6225,6413
6220,6437
6237,6409
6224,6401
6234,6406
6234,6412
6235,6403
6235,6378
6219,6413
6231,6378
6230,6366
6233,6361
6240,6359
6228,6376
6219,6352
6241,6386
6240,6385
6233,6412
6226,6409
6225,6400
6229,6409
6227,6419
6237,6392
6227,6429
6230,6478
6235,6414
6235,6425
6232,6433
6239,6434
6218,6443
6219,6442
6231,6451
6235,6422
6236,6422
6227,6438
6226,6422
6238,6419
6212,6407
6244,6422
6223,6417
6232,6435
6219,6422
6223,6430
6231,6415
6224,6431
6225,6430
6227,6427
6223,6421
6214,6411
6223,6428
6227,6401
6221,6407
6232,6386
6222,6407
6215,6397
6225,6410
6235,6388
6227,6386
6222,6396
6218,6390
6223,6377
6240,6367
6232,6392
6234,6384
6231,6396
6230,6390
6228,6398
6219,6402
6228,6387
6224,6387
6224,6394
6226,6384
6222,6386
6215,6409
6212,6391
6216,6398
6221,6383
6220,6405
6224,6370
6241,6383
6228,6378
6226,6373
6237,6387
6227,6388
6232,6377
6232,6407
6237,6396
6239,6398
6239,6392
6236,6379
6234,6405
6229,6392
6225,6364
6246,6384
6236,6380
6239,6374
6242,6390
6232,6395
6235,6412
6216,6416
6226,6393
6228,6404
6236,6380
6224,6417
6239,6391
6226,6393
6237,6394
6237,6387
6229,6374
6252,6395
6237,6354
6238,6389
6238,6365
6233,6388
6246,6380
6240,6371
6233,6397
6222,6407
6234,6390
6239,6396
6231,6405
6229,6411
6240,6382
6240,6376
6241,6383
6227,6375
6240,6368
6231,6391
6231,6384
6236,6383
6231,6384
6230,6349
6245,6367
6238,6375
6248,6379
6228,6339
6241,6344
6234,6346
6234,6344
6229,6356
6229,6329
6234,6361
6243,6377
6245,6388
6242,6362
6240,6386
6254,6358
6238,6371
6231,6378
6239,6364
6234,6366
6246,6336
6239,6386
6250,6357
6241,6368
6246,6365
6246,6361
6248,6359
6253,6370
6251,6371
6263,6373
6273,6360
6270,6344
6281,6361
6287,6324
6287,6353
6312,6349
6336,6334
6342,6336
6371,6307
6394,6349
6445,6355
6479,6339
6534,6340
6594,6370
6643,6339
6706,6350
6768,6332
6839,6347
6952,6336
7057,6343
7157,6344
7236,6361
7387,6347
7515,6328
7599,6358
7730,6362
7880,6356
8085,6353
8226,6376
8364,6380
8535,6363
8565,6350
8541,6354
8645,6352
8617,6335
8558,6359
8462,6353
8330,6343
8202,6355
8059,6370
7889,6384
7759,6384
7692,6390
7595,6377
7451,6397
7367,6389
7239,6403
7072,6415
6975,6379
6908,6417
6833,6417
6782,6480
6778,6489
6811,6486
6853,6515
6953,6537
7043,6572
7172,6565
7236,6626
7341,6633
7504,6584
7731,6589
7982,6600
8298,6610
8560,6636
8718,6622
9093,6614
9387,6599
9658,6611
9834,6614
9921,6656
9937,6720
10036,6820
10091,6903
10260,7015
10249,7179
10218,7329
10066,7441
10088,7563
9978,7704
9860,7870
9797,7960
9654,8064
9487,8254
9308,8345
9191,8496
9032,8563
8757,8619
8594,8762
8424,8875
8220,8938
8006,8906
7784,8892
7626,8990
7372,9073
7198,8959
7026,9008
6892,8969
6762,8824
6695,8536
6613,8422
6612,8227
6666,8019
6737,7905
6829,7682
6952,7538
7091,7358
7234,7200
7398,7087
7610,6977
7705,6870
7901,6771
8021,6732
8238,6737
8447,6743
8542,6737
8767,6844
9017,6881
9110,7015
9133,7166
9199,7264
9312,7335
9390,7459
9499,7654
9520,7786
9611,7917
9675,8053
9652,8206
9564,8383
9455,8424
9312,8590
9280,8641
9435,8882
9307,8913
9338,9202
9193,9319
9092,9281
9180,9405
9065,9514
9003,9527
8845,9406
8734,9412
8430,9324
8254,9237
8061,9212
7866,9117
7704,8901
7567,8789
7382,8604
7205,8364
7035,8189
6917,8018
6839,7757
6755,7637
6710,7505
6721,7390
6746,7251
6782,7151
6915,7053
7061,7018
7289,6935
7508,6834
7752,6813
8044,6731
8344,6670
8756,6643
9172,6628
9469,6617
9776,6631
10100,6651
10442,6692
10830,6718
11140,6782
11484,6855
11694,6932
11968,7042
12127,7176
12282,7319
12216,7441
11978,7625
11894,7772
11727,7939
11522,8122
11352,8339
11268,8575
11102,8791
10836,9071
10496,9229
10323,9450
10065,9592
9673,9698
9509,9830
9369,9976
9163,10052
8841,10089
8586,10119
8397,10128
8155,10129
7999,10254
7723,10170
7595,9846
7358,9736
7192,9615
7054,9343
6938,9145
6822,8892
6732,8644
6706,8321
6683,7953
6697,7801
6752,7581
6843,7360
6936,7147
7031,7006
7186,6854
7369,6771
7539,6695
7791,6646
8021,6652
8179,6700
8449,6758
8632,6835
8823,6933
9079,7046
9296,7191
9416,7325
9482,7499
9632,7662
9815,7751
9811,7972
9822,8102
9816,8249
9784,8427
9731,8558
9721,8684
9752,8823
9642,9009
9496,9254
9453,9412
9358,9587
9290,9662
9330,9758
9176,9906
9091,10007
8915,10017
8708,10010
8485,10073
8268,10000
8093,9915
7915,9766
7715,9846
7503,9788
7273,9607
7088,9358
6934,9208
6852,9031
6780,8751
6669,8593
6613,8444
6575,8200
6593,7959
6622,7690
6673,7570
6704,7378
6777,7312
6865,7182
6985,7067
7140,6927
7306,6762
7435,6711
7637,6617
7813,6557
8014,6552
8219,6529
8444,6508
8685,6509
8955,6554
9120,6606
9332,6658
9530,6756
9697,6822
9811,6965
9928,7104
10029,7250
10024,7417
10017,7572
10114,7711
10157,7902
10142,8068
9998,8220
9999,8343
9873,8517
9860,8575
9758,8634
9736,8708
9586,8805
9392,8885
9188,8941
9023,9037
8802,9068
8704,8977
8574,8968
8309,8857
8166,8847
7914,8721
7735,8639
7551,8537
7343,8472
7158,8403
6991,8211
6853,8102
6753,7970
6694,7819
6600,7622
6535,7476
6531,7306
6557,7123
6634,7019
6696,6856
6802,6769
6897,6651
7037,6580
7292,6516
7516,6467
7750,6463
8007,6447
8224,6461
8524,6472
8890,6649
8978,6616
9278,6775
9454,6703
9833,6889
9930,6964
10045,7031
10117,7172
10206,7325
10281,7489
10368,7631
10524,7749
10599,7894
10513,8086
10506,8257
10502,8326
10351,8440
10228,8631
10054,8744
9875,8780
9679,8916
9444,8993
9299,9072
9115,9150
8848,9229
8526,9310
8178,9269
8004,9225
7754,9143
7567,9092
7359,9014
7181,8953
6942,8878
6840,8707
6692,8477
6624,8296
6536,8160
6474,7998
6451,7810
6457,7628
6484,7432
6537,7297
6599,7095
6720,6984
6848,6833
7020,6705
7160,6618
7347,6553
7544,6519
7765,6512
7997,6504
8198,6511
8304,6541
8469,6576
8606,6620
8726,6716
8911,6802
9048,6935
9228,7044
9220,7204
9406,7385
9646,7549
9725,7742
9829,7950
9894,8177
10002,8363
9994,8452
9989,8684
9987,8853
10025,8962
10085,9121
9906,9114
9659,9221
9640,9247
9427,9253
9202,9352
9152,9407
9019,9523
8696,9468
8434,9337
8251,9258
8021,9131
7811,9089
7550,8971
7307,8845
7148,8597
6983,8454
6864,8212
6729,8127
6663,7983
6619,7795
6546,7633
6542,7467
6550,7310
6592,7173
6661,7070
6711,6978
6809,6849
6912,6738
7053,6687
7172,6575
7295,6566
7458,6494
7687,6466
7839,6458
8059,6468
8211,6509
8339,6557
8472,6626
8715,6712
8861,6778
9043,6920
9195,7071
9321,7172
9512,7320
9629,7465
9719,7634
9939,7749
10068,7940
10070,8108
10049,8256
10118,8370
9998,8512
9939,8654
9973,8829
9816,8787
9690,8854
9463,8909
9241,8904
9007,8864
8823,8813
8415,8871
8309,8764
8052,8737
7790,8727
7701,8623
7543,8551
7277,8412
7160,8223
7018,8182
6836,8026
6821,7856
6748,7742
6718,7617
6763,7504
6739,7380
6789,7332
6872,7247
6837,7061
6908,6993
6962,6869
7006,6802
7112,6725
7262,6641
7360,6576
7508,6540
7681,6485
7969,6455
8174,6493
8384,6502
8670,6545
8802,6653
9048,6768
9273,6841
9445,6983
9699,7095
9851,7239
10054,7433
10223,7578
10409,7766
10498,7892
10429,8013
10225,8158
10122,8249
10111,8373
10070,8493
9946,8602
9708,8645
9413,8676
9159,8718
8941,8810
8948,8877
8814,9014
8631,8913
8395,8987
8178,8983
7983,8977
7777,8899
7655,8887
7516,8757
7387,8640
7286,8603
7240,8570
7168,8523
7029,8343
6914,8281
6835,8116
6775,7973
6704,7811
6645,7653
6620,7469
6636,7302
6681,7170
6773,7023
6876,6939
7016,6838
7165,6717
7321,6618
7409,6590
7516,6535
7721,6504
7885,6508
7987,6523
8170,6582
8361,6632
8633,6702
8798,6806
8917,6915
9086,6987
9163,7151
9148,7289
9267,7368
9419,7477
9526,7558
9520,7713
9439,7829
9506,7945
9602,8016
9603,8134
9567,8145
9514,8277
9347,8367
9253,8473
9242,8561
9096,8624
8946,8676
8761,8683
8520,8714
8295,8813
8166,8703
7930,8717
7726,8688
7501,8590
7440,8432
7231,8359
7065,8287
6947,8141
6821,7996
6677,7919
6602,7768
6566,7549
6549,7464
6576,7295
6620,7179
6693,7042
6757,6948
6931,6838
7047,6760
7207,6679
7381,6606
7555,6522
7769,6515
7997,6454
8150,6449
8384,6440
8578,6465
8898,6510
9217,6568
9312,6591
9547,6717
9762,6840
9842,7048
9964,7087
10082,7235
10076,7414
10074,7547
10100,7772
9997,7899
9843,7990
9635,8162
9522,8231
9377,8451
9227,8603
9120,8715
9043,8910
8892,8944
8778,9052
8532,9058
8373,9209
8306,9306
8132,9256
7953,9189
7883,9200
7648,9228
7512,9170
7413,9052
7337,8981
7231,8852
7098,8650
6916,8564
6857,8450
6736,8279
6697,8058
6624,7878
6546,7688
6526,7521
6560,7340
6600,7209
6659,7030
6728,6926
6807,6760
6961,6656
7138,6624
7303,6562
7440,6519
7650,6473
7854,6483
8024,6491
8236,6499
8563,6528
8842,6576
9144,6633
9412,6712
9539,6791
9811,6867
10050,6931
10202,7011
10474,7092
10723,7213
10722,7345
10853,7403
10841,7492
10784,7682
10745,7778
10747,7927
10628,7990
10430,8142
10226,8254
10058,8275
9902,8464
9730,8556
9368,8621
9223,8764
8923,8812
8541,8807
8261,8814
8187,8742
7995,8740
7786,8715
7607,8694
7396,8634
7176,8681
7097,8549
7010,8344
6898,8182
6798,8084
6735,7851
6673,7702
6720,7564
6685,7346
6677,7241
6698,7074
6777,6972
6870,6839
6953,6749
7034,6626
7153,6548
7282,6508
7438,6438
7602,6450
7835,6458
8029,6507
8294,6550
8661,6658
8950,6734
9168,6857
9430,7013
9696,7166
9945,7306
10242,7454
10520,7614
10718,7683
10941,7803
11048,7918
11120,8031
11201,8177
11383,8236
11394,8378
11211,8583
11128,8545
10998,8602
11134,8719
10897,8802
10726,8777
10358,8893
10078,8910
9863,8962
9596,8889
9365,8797
9007,8832
8669,8827
8366,8713
8121,8647
7867,8643
7637,8499
7375,8496
7223,8483
7038,8452
6884,8338
6802,8236
6745,8015
6770,7873
6768,7772
6796,7658
6848,7535
6922,7400
7017,7222
7147,7033
7260,6923
7440,6829
7642,6757
7829,6666
8014,6609
8211,6586
8537,6585
8919,6619
9175,6629
9446,6692
9631,6783
9996,6956
10392,7036
10731,7242
11133,7385
11360,7524
11655,7760
11964,7953
12161,8112
12493,8392
12659,8612
12579,8916
12456,9226
12484,9352
12630,9401
12614,9505
12388,9583
12272,9693
12059,9747
11695,9818
11412,9930
11152,9919
10744,9911
10260,9928
9828,9917
9652,9830
9326,9756
8976,9577
8706,9371
8404,9287
8091,9091
7824,8987
7605,8834
7360,8728
7152,8561
6979,8466
6937,8361
6916,8162
6928,7983
7033,7762
7137,7610
7321,7466
7491,7306
7689,7129
8026,7007
8381,6849
8691,6766
9143,6691
9609,6651
9968,6654
10192,6672
10603,6710
11001,6804
11282,6849
11650,7044
12088,7245
12339,7445
12579,7679
12789,7950
12946,8132
13057,8313
13214,8634
13288,8968
13371,9406
13390,9663
13449,9921
13221,10206
13065,10421
12718,10731
12357,10937
12148,11180
11918,11299
11368,11416
11116,11664
10804,11822
10498,12053
10167,12121
9749,12102
9346,11976
8915,12001
8455,12003
8140,11839
7893,11479
7570,11174
7339,10933
7080,10715
6967,10350
6947,10015
6884,9721
6840,9412
6955,9059
7099,8818
6992,8433
6760,8194
6509,7842
6350,7620
6259,7403
6203,7216
6192,7000
6185,6890
6167,6779
6162,6747
6150,6735
6160,6765
6148,6834
6150,6940
6072,6947
6142,7152
5920,7181
5723,7110
6105,7647
6138,7885
6137,8109
6135,8530
6149,8815
6127,9003
6133,9217
6126,9414
6134,9725
6134,9967
6130,10124
6133,10278
6126,10350
6121,10356
6123,10320
6116,10291
6112,10408
6126,10315
6124,10235
6124,10243
6118,10062
6125,9867
6119,9741
6118,9487
6120,9221
6120,8995
6126,8904
6114,8820
6123,8617
6118,8505
6122,8248
6104,8104
6111,7922
6113,7854
6114,7505
6107,7255
6104,7200
6112,7055
6114,6807
6110,6531
6110,6347
6110,6249
6101,6206
6113,6152
6109,6137
6109,6143
6114,6134
6107,6111
6110,6124
6111,6112
6103,6082
6114,6107
6101,6104
6100,6115
6109,6099
6112,6095
6116,6092
6104,6080
6115,6080
6105,6076
6101,6079
6111,6080
6112,6067
6105,6086
6105,6083
6107,6076
6111,6080
6107,6068
6103,6076
6109,6066
6105,6074
6111,6070
6108,6079
6108,6074
6109,6067
6111,6069
6104,6069
6107,6057
6102,6053
6106,6054
6103,6059
6109,6054
6112,6059
6114,6053
6111,6068
6115,6065
6114,6060
6104,6072
6109,6062
6118,6059
6105,6052
6111,6047
6102,6053
6118,6048
6110,6062
6113,6063
6084,6064
6115,6063
6107,6039
6111,6060
6115,6064
6114,6065
6109,6059
6112,6056
6096,6037
6108,6063
6109,6062
6105,6059
6112,6058
6106,6045
6105,6043
6113,6052
6105,6058
6109,6057
6102,6045
6112,6048
6117,6062
6118,6045
6105,6047
6118,6031
6108,6056
6096,6039
6102,6055
6110,6060
6104,6058
6107,6061
6118,6047
6115,6046
6114,6040
6110,6043
6101,6050
6101,6060
6113,6056
6114,6066
6111,6049
6112,6078
6115,6052
6107,6053
6106,6040
6109,6047
6107,6046
6109,6052
6116,6049
6112,6054
6108,6048
6107,6049
6097,6050
6106,6037
6103,6050
6107,6053
6100,6057
6096,6053
6113,6053
6111,6047
6100,6047
6103,6060
6100,6051
6097,6058
6109,6052
6114,6042
6115,6052
6105,6048
6101,6045
6106,6063
6104,6059
6111,6051
6102,6061
6099,6055
6111,6054
6105,6054
6107,6051
6112,6047
6095,6058
6110,6060
6108,6063
6100,6041
6102,6060
6104,6056
6107,6073
6111,6036
6108,6041
6103,6056
6107,6044
6106,6062
6113,6058
6102,6052
6125,6055
6093,6060
6110,6046
6101,6058
6108,6056
6108,6057
6096,6055
6100,6039
6106,6046
6111,6050
6102,6056
6103,6058
6109,6050
6101,6057
6104,6039
6106,6053
6101,6051
6105,6054
6115,6061
6102,6050
6094,6057
6107,6064
6100,6051
6107,6054
6113,6061
6113,6056
6108,6040
6106,6038
6105,6051
6107,6048
6107,6058
6110,6051
6103,6042
6097,6066
6091,6059
6102,6044
6110,6050
6104,6042
6095,6057
6101,6034
6101,6043
6101,6051
6092,6040
6110,6046
6103,6052
6109,6039
6099,6040
6107,6050
6101,6040
6110,6044
6114,6031
6100,6023
6093,6047
6102,6044
6098,6044
6100,6048
6105,6054
6099,6042
6098,6051
6099,6057
6107,6060
6098,6061
6095,6051
6100,6053
6103,6053
6103,6051
6095,6050
6102,6055
6114,6055
6097,6045
6108,6065
6095,6041
6101,6054
6101,6056
6111,6055
6098,6042
6101,6047
6101,6059
6031,5974
6129,6077
6140,6089
6114,6117
6105,6062
6097,6041
6095,6076
6124,6078
6104,6063
6091,6051
6093,6060
6100,6037
6114,6052
6101,6055
6100,6063
6099,6062
6100,6049
6104,6051
6105,6052
6099,6053
6106,6042
6109,6046
6104,6048
6110,6057
6102,6041
6109,6037
6098,6047
6098,6049
6098,6058
6105,6045
6108,6049
6109,6049
6103,6048
6103,6047
6108,6051
6114,6048
6113,6063
6102,6058
6100,6046
6110,6057
6107,6055
6113,6060
6111,6064
6107,6044
6109,6064
6101,6053
6105,6050
6109,6059
6106,6044
6103,6049
6103,6040
6110,6054
6112,6058
6118,6061
6106,6056
6111,6052
6106,6063
6119,6059
6106,6039
6112,6043
6110,6056
6100,6057
6107,6050
6111,6052
6114,6060
6102,6056
6106,6053
6106,6047
6110,6053
6104,6054
6110,6051
6097,6057
6107,6058
6111,6067
6111,6054
6111,6042
6101,6055
6106,6053
6111,6048
6103,6036
6102,6045
6110,6044
6108,6046
6103,6062
6095,6058
6108,6044
6110,6053
6104,6057
6100,6049
6104,6045
6104,6037
6111,6049
6096,6047
6106,6043
6109,6036
6108,6053
6103,6036
6099,6064
6102,6050
6098,6052
6109,6048
6089,6055
6106,6049
6108,6060
6112,6058
6097,6039
6104,6051
6111,6057
6096,6049
6103,6055
6100,6045
6107,6051
6098,6061
6101,6058
6101,6053
6103,6048
6102,6044
6110,6046
6114,6049
6102,6053
6101,6047
6110,6058
6107,6049
6099,6035
6107,6052
6117,6050
6110,6044
6113,6062
6099,6046
6107,6048
6102,6051
6113,6057
6106,6054
6127,6064
6111,6044
6112,6053
6107,6048
6115,6055
6110,6056
6110,6046
6113,6053
6112,6046
6113,6061
6114,6047
6117,6053
6125,6058
6108,6065
6124,6060
6111,6058
6121,6044
6110,6065
6125,6056
6114,6062
6120,6059
6115,6064
6113,6061
6120,6055
6111,6049
6112,6058
6123,6059
6113,6057
6118,6048
6108,6046
6114,6055
6110,6063
6111,6047
6111,6053
6106,6050
6115,6060
6111,6043
6115,6049
6115,6056
6103,6057
6107,6058
6114,6046
6104,6045
6112,6060
6108,6055
6107,6055
6116,6048
6100,6055
6110,6049
6107,6042
6119,6047
6110,6054
6109,6065
6103,6065
6115,6054
6107,6051
6118,6050
6119,6043
6109,6065
6113,6051
6111,6059
6108,6041
6112,6054
6104,6043
6119,6046
6110,6048
6115,6057
6106,6056
6106,6029
6108,6037
6100,6046
6111,6055
6106,6063
6107,6050
6109,6043
6116,6050
6108,6053
6117,6052
6121,6059
6100,6053
6116,6049
6106,6055
6118,6067
6107,6057
6103,6057
6105,6063
6114,6055
6113,6053
6107,6056
6102,6037
6103,6056
6114,6063
6112,6072
6110,6051
6106,6060
6122,6057
6112,6053
6107,6061
6128,6075
6118,6054
6112,6060
6115,6056
6102,6045
6118,6047
6117,6067
6117,6054
6112,6048
6112,6047
6114,6069
6119,6061
6111,6053
6114,6058
6114,6055
6124,6213
6120,6067
6116,6058
6122,6056
6115,6057
6126,6055
6108,6030
6121,6060
6115,6055
6129,6060
6114,6068
6106,6064
6127,6062
6125,6061
6115,6062
6120,6050
6119,6059
6119,6052
6118,6045
6115,6060
6126,6063
6114,6060
6115,6062
6120,6057
6117,6061
6119,6060
6103,6049
6103,6049
6112,6054
6116,6061
6128,6052
6119,6062
6119,6066
6116,6061
6112,6058
6119,6059
6118,6062
6119,6061
6119,6045
6118,6055
6122,6058
6118,6062
6114,6057
6113,6062
6119,6054
6116,6056
6128,6061
6114,6063
6114,6047
6114,6047
6112,6051
6114,6058
6119,6063
6125,6050
6112,6067
6114,6061
6114,6063
6109,6051
6118,6050
6115,6059
6119,6053
6114,6066
6114,6054
6118,6064
6101,6063
6112,6055
6116,6060
6120,6056
6111,6062
6119,6058
6113,6061
6113,6061
6119,6063
6118,6058
6111,6063
6105,6069
6018,5892
6314,6232
6015,5985
6309,6204
6008,5989
5993,5923
6073,6054
6240,6087
5846,5779
6200,6052
5918,5972
6304,6220
6027,6075
6072,6012
6255,5739
6306,6186
5968,6173
5968,6173
6190,5932
6395,6291
6078,6007
6107,6119
6161,6085
6211,6155
6177,6099
6044,6007
0,46
0,61680
0,0
6114,6073
5606,5598
5601,5595
5605,5584
5605,5579
5599,5583
5599,5582
5600,5580
5599,5583
5818,5771
6332,6294
6301,6312
6309,6297
6287,6312
6282,6303
6285,6313
6293,6323
6277,6336
6292,6306
6283,6344
6296,6338
6296,6336
6291,6348
6297,6354
6294,6346
6314,6327
6315,6351
6303,6350
6291,6337
6289,6340
6300,6329
6287,6339
6289,6336
6300,6348
6291,6342
6306,6325
6298,6334
6291,6338
6288,6365
6302,6403
6285,6366
6287,6336
6289,6332
6290,6353
6293,6366
6264,6369
6274,6344
6292,6351
6299,6341
6288,6322
6284,6338
6291,6336
6282,6356
6286,6339
6294,6352
6312,6354
6300,6336
6297,6330
6311,6348
6297,6327
6316,6338
6293,6339
6297,6326
6306,6316
6295,6309
6298,6316
6298,6326
6299,6370
6312,6344
6309,6334
6341,6335
6349,6370
6412,6447
6355,6421
6287,6303
6295,6337
6263,6325
6283,6344
6307,6308
6297,6334
6292,6326
6307,6336
6296,6354
6303,6321
6293,6335
6309,6309
6319,6328
6277,6366
6273,6349
6283,6316
6283,6342
6304,6348
6293,6338
6307,6353
6295,6353
6304,6365
6303,6365
6301,6341
6287,6340
6296,6343
6304,6343
6298,6323
6321,6318
6313,6330
6278,6329
6279,6320
6261,6328
6285,6335
6285,6326
6292,6352
6289,6313
6304,6340
6303,6339
6301,6334
6305,6356
6313,6361
6291,6343
6293,6333
6297,6314
6294,6329
6307,6329
6317,6338
6289,6358
6297,6354
6304,6324
6297,6362
6292,6349
6289,6328
6302,6360
6302,6331
6296,6309
6291,6342
6277,6344
6289,6338
6278,6334
6305,6334
6283,6339
6293,6336
6293,6344
6283,6342
6309,6351
6280,6339
6266,6365
6279,6362
6287,6328
6312,6362
6301,6334
6297,6356
6293,6337
6295,6328
6309,6338
6285,6354
6273,6353
6299,6345
6301,6340
6315,6347
6328,6371
6303,6343
6287,6363
6277,6334
6283,6327
6287,6337
6298,6321
6317,6322
6287,6354
6295,6346
6293,6352
6283,6343
6284,6348
6298,6346
6292,6345
6272,6360
6273,6344
6276,6352
6280,6357
6270,6355
6282,6341
6286,6348
6294,6372
6303,6355
6295,6346
6269,6329
6283,6349
6284,6340
6295,6330
6287,6336
6297,6346
6284,6327
6293,6345
6274,6351
6265,6375
6294,6370
6272,6366
6277,6359
6275,6356
6289,6350
6281,6377
6298,6348
6295,6345
6283,6364
6280,6383
6286,6404
6273,6381
6269,6370
6275,6358
6275,6380
6268,6414
6281,6378
6289,6368
6259,6358
6267,6380
6269,6376
6289,6371
6278,6379
6278,6373
6276,6372
6285,6367
6271,6384
6280,6388
6274,6378
6245,6432
6254,6396
6284,6382
6264,6367
6252,6365
6260,6374
6280,6368
6267,6391
6283,6378
6275,6375
6270,6376
6271,6358
6271,6388
6266,6399
6252,6373
6260,6374
6256,6366
6260,6373
6270,6362
6258,6391
6261,6405
6254,6390
6259,6405
6255,6408
6254,6426
6264,6407
6268,6376
6263,6392
6244,6386
6256,6401
6267,6380
6277,6368
6272,6380
6271,6387
6265,6385
6266,6387
6271,6418
6264,6394
6256,6407
6256,6377
6263,6404
6257,6376
6238,6401
6253,6394
6241,6377
6239,6365
6240,6351
6252,6358
6247,6362
6245,6351
6239,6364
6244,6393
6252,6397
6244,6394
6242,6389
6250,6391
6261,6406
6268,6385
6246,6399
6239,6395
6245,6399
6249,6395
6258,6402
6258,6386
6242,6377
6231,6415
6241,6414
6260,6391
6247,6375
6250,6388
6244,6379
6251,6373
6248,6355
6244,6372
6233,6368
6245,6382
6250,6384
6248,6395
6248,6394
6239,6376
6243,6359
6254,6386
6250,6449
6264,6380
6227,6375
6259,6392
6252,6387
6241,6365
6238,6372
6246,6382
6243,6356
6235,6356
6257,6336
6244,6340
6250,6372
6240,6380
6238,6417
6236,6433
6234,6432
6241,6423
6239,6418
6257,6425
6231,6419
6233,6401
6236,6422
6235,6377
6235,6400
6236,6405
6244,6406
6243,6430
6237,6409
6230,6419
6230,6401
6223,6423
6234,6392
6239,6386
6237,6395
6222,6371
6298,6417
6128,6294
6228,6351
6242,6408
6227,6446
6243,6420
6207,6415
6239,6412
6247,6435
6234,6401
6225,6378
6222,6352
6233,6388
6244,6378
6235,6362
6251,6373
6240,6402
6250,6400
6232,6409
6229,6407
6240,6418
6247,6405
6239,6401
6231,6410
6226,6406
6243,6409
6234,6383
6228,6392
6238,6417
6243,6417
6239,6366
6235,6428
6232,6408
6248,6424
6234,6425
6224,6421
6253,6413
6235,6414
6217,6418
6231,6402
6231,6429
6237,6428
6231,6431
6225,6443
6234,6421
6221,6428
6217,6428
6228,6437
6238,6428
6243,6409
6214,6420
6230,6424
6235,6434
6234,6400
6234,6413
6240,6425
6235,6423
6225,6418
6225,6416
6238,6401
6247,6392
6234,6407
6229,6413
6224,6416
6222,6417
6235,6427
6233,6431
6241,6500
6236,6438
6219,6428
6223,6421
6231,6407
6235,6464
6239,6432
6224,6414
6229,6428
6231,6388
6232,6423
6235,6394
6222,6411
6223,6376
6229,6395
6233,6374
6225,6362
6221,6379
6233,6351
6231,6379
6228,6379
6230,6414
6238,6405
6234,6418
6228,6403
6222,6420
6224,6385
6226,6437
6230,6417
6219,6421
6243,6419
6240,6464
6229,6444
6214,6457
6229,6442
6232,6453
6231,6436
6227,6438
6220,6435
6234,6429
6226,6415
6225,6398
6220,6423
6215,6415
6230,6430
6228,6417
6230,6420
6244,6425
6234,6428
6219,6446
6219,6406
6225,6437
6221,6436
6225,6432
6225,6413
6220,6391
6236,6386
6229,6389
6218,6405
6223,6436
6235,6391
6232,6407
6217,6385
6222,6383
6229,6363
6234,6356
6244,6358
6225,6371
6230,6367
6237,6400
6234,6410
6235,6398
6237,6384
6228,6392
6220,6375
6219,6381
6219,6411
6229,6412
6222,6386
6223,6397
6221,6391
6218,6379
6218,6369
6225,6372
6228,6359
6229,6371
6253,6361
6233,6380
6220,6377
6237,6393
6225,6382
6236,6407
6243,6395
6239,6385
6224,6404
6234,6399
6229,6386
6241,6383
6248,6393
6238,6368
6237,6387
6237,6398
6225,6386
6226,6403
6225,6377
6239,6397
6235,6370
6234,6408
6231,6412
6230,6390
6240,6398
6242,6414
6237,6385
6241,6367
6237,6371
6239,6374
6241,6370
6253,6383
6241,6363
6241,6376
6225,6390
6215,6422
6241,6409
6247,6399
6234,6404
6235,6396
6236,6394
6242,6365
6246,6399
6241,6384
6231,6378
6236,6372
6233,6363
6237,6382
6228,6399
6242,6338
6241,6380
6248,6362
6238,6383
6234,6356
6226,6360
6246,6355
6225,6338
6231,6350
6233,6348
6228,6370
6240,6382
6235,6391
6239,6376
6240,6380
6246,6343
6247,6376
6241,6370
6239,6360
6245,6364
6246,6339
6243,6383
6254,6336
6254,6349
6254,6367
6250,6370
6249,6356
6257,6385
6282,6375
6254,6383
6268,6366
6275,6377
6291,6369
6285,6363
6295,6358
6311,6345
6330,6349
6345,6339
6370,6310
6401,6330
6437,6343
6486,6354
6552,6365
6590,6338
6652,6354
6701,6334
6779,6333
6845,6333
6946,6336
7061,6328
7128,6347
7241,6361
7362,6344
7502,6364
7641,6356
7703,6382
7848,6374
8016,6364
8166,6370
8333,6375
8452,6359
8491,6331
8565,6334
8559,6356
8559,6328
8523,6351
8384,6232
8291,6274
8141,6321
8107,6399
7844,6350
7820,6416
7660,6364
7604,6416
7489,6397
7396,6374
7242,6409
7106,6407
7013,6413
6908,6417
6831,6416
6800,6469
6790,6468
6797,6485
6866,6506
6950,6551
7075,6551
7171,6586
7255,6603
7352,6627
7537,6596
7738,6637
8071,6624
8323,6631
8580,6616
8745,6633
9053,6598
9417,6596
9670,6594
9883,6616
9915,6637
9941,6723
10015,6819
10159,6925
10207,6994
10250,7145
10161,7301
10056,7418
10088,7569
9947,7731
9810,7848
9728,7975
9609,8125
9432,8305
9278,8412
9111,8569
8958,8619
8764,8638
8555,8761
8440,8903
8209,8994
7944,9034
7726,9021
7601,9109
7369,9110
7207,8998
7015,9013
6888,9007
6755,8837
6675,8598
6616,8469
6609,8248
6650,8119
6715,7953
6826,7751
6965,7551
7068,7417
7216,7235
7381,7103
7610,6996
7715,6880
7852,6781
7986,6737
8133,6735
8343,6748
8503,6730
8740,6821
8972,6898
8993,7011
9021,7122
9043,7212
9195,7292
9286,7420
9341,7605
9424,7737
9589,7916
9583,8078
9567,8166
9537,8370
9528,8494
9314,8554
9249,8636
9320,8767
9207,8836
9147,8937
9087,9075
9039,9171
9003,9142
8934,9203
8873,9286
8808,9211
8592,9064
8345,9048
8176,8938
8024,8928
7815,8863
7666,8715
7526,8544
7349,8373
7176,8112
7054,7986
6965,7905
6811,7635
6765,7542
6713,7463
6718,7328
6735,7183
6805,7127
6917,6994
7077,6920
7286,6845
7508,6778
7728,6734
8092,6693
8373,6672
8744,6643
9162,6629
9453,6635
9888,6602
10133,6619
10483,6688
10772,6708
11215,6768
11494,6860
11672,6904
12035,7049
12127,7168
12310,7304
12223,7409
12164,7572
12053,7714
11810,7915
11488,8072
11384,8365
11281,8538
11145,8778
10846,8997
10496,9224
10379,9396
10045,9593
9674,9681
9473,9782
9400,9880
9132,9991
8854,10097
8606,10069
8352,10119
8146,10183
7975,10184
7749,10188
7564,9929
7348,9734
7168,9650
7056,9404
6950,9201
6816,8883
6769,8738
6692,8381
6665,8061
6702,7786
6740,7536
6828,7417
6930,7185
7027,7030
7160,6867
7355,6774
7511,6712
7722,6677
7979,6634
8167,6704
8359,6751
8539,6856
8728,6934
8925,7067
9210,7190
9286,7336
9389,7522
9530,7643
9708,7783
9813,7995
9822,8095
9791,8266
9704,8462
9578,8563
9605,8728
9498,8859
9473,9026
9466,9307
9300,9456
9306,9601
9167,9719
9184,9772
9029,9853
8989,10018
8786,9981
8547,9949
8357,9947
8131,9930
7984,9791
7820,9774
7663,9687
7434,9700
7236,9581
7080,9333
6932,9175
6799,8975
6753,8689
6670,8513
6611,8372
6580,8162
6586,7919
6619,7685
6689,7542
6741,7388
6801,7268
6881,7174
7010,7025
7164,6876
7294,6753
7435,6672
7651,6585
7783,6551
8014,6522
8238,6548
8483,6481
8704,6510
9010,6557
9223,6594
9372,6631
9633,6687
9757,6796
9934,6903
10041,7016
10148,7197
10113,7360
10151,7500
10256,7662
10274,7803
10196,7968
10183,8068
10102,8216
10048,8366
9991,8468
9832,8525
9784,8619
9654,8746
9469,8811
9284,8866
9113,8967
8934,8997
8786,8952
8639,8931
8401,8841
8216,8791
7922,8675
7755,8603
7578,8510
7391,8521
7216,8441
6993,8280
6867,8215
6763,8065
6711,7873
6619,7641
6529,7503
6543,7327
6542,7158
6622,7022
6682,6890
6772,6786
6926,6658
7052,6583
7231,6525
7474,6472
7722,6439
7970,6478
8199,6468
8465,6494
8600,6546
8880,6616
9101,6661
9407,6768
9773,6848
9930,6942
9994,7089
10095,7170
10122,7338
10254,7482
10358,7633
10478,7786
10597,8001
10519,8138
10456,8304
10476,8439
10376,8514
10226,8701
10019,8771
9867,8894
9678,9014
9439,9048
9260,9111
9078,9155
8840,9278
8548,9344
8196,9301
7960,9243
7740,9207
7527,9092
7344,9032
7145,8980
6948,8888
6833,8690
6688,8467
6595,8354
6505,8206
6461,7983
6443,7845
6453,7625
6486,7493
6546,7279
6595,7102
6723,6989
6847,6855
7023,6732
7195,6641
7375,6548
7548,6514
7772,6509
7967,6494
8218,6498
8359,6521
8474,6567
8582,6608
8774,6706
8905,6813
8996,6948
9205,7004
9173,7172
9385,7358
9591,7546
9682,7699
9785,7961
9878,8151
9986,8374
9949,8533
9926,8679
10006,8834
10028,8970
10075,9114
9839,9178
9647,9254
9629,9279
9441,9366
9248,9394
9099,9479
8936,9510
8794,9509
8528,9376
8293,9313
8011,9184
7809,9088
7537,8985
7310,8820
7107,8627
6978,8406
6817,8234
6737,8099
6630,7958
6587,7770
6571,7647
6536,7464
6536,7277
6587,7138
6683,7040
6729,6970
6810,6861
6929,6726
7040,6687
7191,6593
7287,6544
7447,6482
7665,6458
7861,6455
8041,6447
8160,6503
8299,6566
8456,6636
8680,6709
8795,6809
8990,6928
9104,7061
9296,7186
9459,7340
9591,7443
9642,7615
9899,7758
10031,7981
10010,8118
9964,8239
10046,8389
9946,8549
9869,8688
9817,8872
9763,8838
9548,8915
9404,8941
9105,8937
8928,8905
8719,8832
8373,8849
8240,8799
8053,8752
7801,8706
7637,8579
7440,8506
7230,8379
7093,8193
7004,8103
6831,7974
6747,7792
6710,7699
6673,7547
6697,7427
6705,7381
6745,7325
6821,7189
6827,7076
6890,6966
6946,6881
6995,6808
7095,6708
7196,6616
7322,6558
7504,6513
7644,6479
7896,6474
8108,6483
8303,6514
8569,6559
8779,6659
8943,6767
9234,6860
9429,6991
9620,7131
9779,7233
9914,7400
10034,7500
10272,7609
10358,7860
10262,8017
10154,8138
10199,8241
10151,8386
10113,8504
9923,8541
9674,8549
9389,8635
9108,8674
8879,8762
8784,8777
8673,8821
8571,8854
8323,8900
8103,8921
7939,8825
7721,8754
7601,8749
7448,8654
7329,8560
7332,8532
7275,8482
7164,8459
7031,8371
6939,8204
6872,8098
6780,7917
6692,7765
6641,7596
6603,7455
6609,7284
6677,7118
6771,7029
6867,6894
7032,6813
7170,6693
7278,6609
7369,6580
7483,6523
7662,6474
7848,6498
7958,6495
8118,6573
8380,6611
8595,6703
8767,6790
8929,6909
9070,7017
9091,7081
9180,7202
9196,7335
9371,7412
9473,7495
9421,7638
9483,7783
9479,7883
9601,7944
9593,8046
9541,8135
9523,8219
9392,8283
9293,8428
9241,8460
9194,8535
8951,8653
8742,8669
8527,8713
8353,8728
8150,8646
7923,8733
7733,8667
7545,8530
7721,8654
6945,8344
7305,8506
6986,8134
6835,8001
6680,7898
6546,7671
6546,7500
6533,7406
6559,7270
6594,7130
6675,7037
6777,6926
6923,6843
7034,6735
7221,6667
7384,6590
7533,6539
7754,6497
7951,6477
8165,6424
8331,6447
8543,6463
8815,6526
9131,6571
9290,6626
9549,6756
9718,6807
9844,6940
9964,7093
10058,7231
10035,7414
10115,7534
10021,7725
10025,7879
9858,7976
9620,8126
9498,8276
9350,8438
9236,8635
9150,8715
8986,8829
8827,8953
8733,8997
8465,9045
8343,9163
8289,9325
8097,9170
7938,9063
7807,9038
7605,9118
7500,9149
7394,8981
7310,8956
7188,8749
7110,8636
6949,8510
6856,8421
6753,8244
6702,8005
6625,7812
6536,7696
6524,7474
6534,7334
6592,7219
6633,7071
6718,6881
6795,6761
6961,6654
7092,6604
7290,6531
7448,6512
7656,6494
7844,6470
8026,6490
8207,6498
8509,6541
8819,6592
9127,6627
9397,6690
9445,6812
9776,6857
9971,6947
10149,7039
10344,7100
10655,7210
10666,7315
10773,7418
10761,7548
10739,7646
10574,7761
10714,7852
10557,7963
10337,8117
10132,8208
9996,8251
9809,8436
9627,8575
9361,8587
9121,8746
8814,8791
8495,8779
8223,8751
8091,8749
7917,8724
7712,8699
7519,8677
7360,8627
7144,8618
7063,8549
6976,8339
6854,8184
6780,8074
6712,7855
6675,7710
6676,7533
6653,7353
6671,7204
6701,7094
6743,6954
6835,6805
6883,6735
6973,6632
7067,6534
7193,6509
7346,6453
7509,6463
7695,6465
7920,6518
8215,6549
8451,6664
8779,6736
9049,6879
9357,7016
9657,7164
9855,7292
10182,7433
10461,7577
10648,7651
10950,7797
11021,7838
11054,7958
11245,8089
11452,8199
11416,8319
11241,8408
11126,8408
11040,8508
11102,8650
11036,8625
10722,8572
10474,8689
10194,8687
9895,8788
9640,8758
9417,8743
9039,8679
8706,8789
8342,8645
8096,8576
7878,8556
7672,8449
7386,8435
7224,8435
7033,8356
6900,8234
6781,8158
6758,8020
6752,7834
6756,7730
6781,7623
6827,7515
6906,7374
7018,7193
7133,7036
7269,6948
7441,6856
7636,6741
7849,6665
8026,6614
8199,6591
8511,6544
8867,6603
9142,6630
9406,6708
9599,6790
9990,6916
10326,7041
10630,7223
11059,7330
11239,7545
11574,7715
11807,7939
12101,8105
12370,8403
12515,8619
12397,8954
12445,9234
12487,9344
12558,9396
12667,9495
12434,9549
12211,9672
12026,9796
11663,9829
11320,9884
11145,9918
10738,9958
10231,9943
9829,9921
9560,9743
9248,9699
8879,9545
8577,9432
8370,9251
8035,9054
7814,9016
7583,8808
7331,8728
7175,8518
7006,8431
6947,8318
6886,8156
6923,7984
7014,7740
7139,7598
7280,7485
7476,7303
7693,7126
7974,6997
8336,6847
8667,6792
9067,6710
9480,6673
9830,6635
10104,6683
10536,6694
10966,6763
11271,6843
11586,7023
11886,7213
12245,7416
12497,7694
12622,7894
12834,8153
12960,8298
13015,8615
13141,8904
13202,9375
13249,9636
13189,9877
13010,10125
12937,10332
12719,10640
12364,10898
12196,10982
11873,11208
11421,11396
11155,11654
10778,11818
10599,12010
10194,12037
9826,12063
9341,11899
8962,11869
8546,11840
8215,11677
7922,11413
7605,11096
7364,10860
7122,10537
6998,10280
6921,9906
6901,9678
6856,9396
6960,9036
7094,8803
6989,8471
6746,8173
6526,7845
6341,7591
6247,7429
6206,7190
6191,6983
6173,6896
6161,6780
6149,6729
6150,6735
6140,6767
6155,6829
6143,6930
6145,7034
6145,7150
6150,7354
6140,7475
6131,7700
6139,7915
6135,8138
6138,8499
6131,8833
6122,8997
6128,9220
6134,9418
6129,9730
6131,9917
6122,10118
6121,10312
6127,10303
6116,10403
6121,10388
6122,10381
6121,10423
6120,10407
6119,10286
6129,10213
6115,10084
6120,9847
6114,9730
6107,9508
6121,9259
6128,8974
6124,8846
6123,8751
6128,8632
6116,8511
6112,8264
6106,8109
6112,7900
6118,7849
6119,7509
6114,7242
6116,7171
6119,7066
6116,6776
6105,6529
6112,6355
6109,6246
6090,6180
6111,6169
6104,6140
6110,6127
6116,6129
6113,6127
6112,6116
6099,6118
6099,6099
6111,6103
6102,6111
6100,6106
6104,6095
6114,6097
6116,6089
6102,6073
6115,6086
6113,6083
6107,6082
6104,6070
6116,6071
6107,6074
6104,6072
6105,6077
6112,6075
6111,6072
6103,6080
6112,6064
6109,6073
6110,6067
6103,6071
6111,6061
6107,6068
6115,6062
6108,6064
6101,6056
6110,6055
6105,6063
6104,6054
6105,6059
6107,6062
6118,6052
6112,6070
6111,6055
6112,6063
6105,6063
6113,6066
6110,6067
6106,6062
6110,6059
6116,6059
6114,6066
6114,6064
6112,6063
6102,6045
6117,6064
6110,6046
6105,6058
6114,6054
6113,6055
6108,6058
6117,6063
6105,6050
6110,6064
6108,6039
6111,6065
6111,6062
6109,6038
6113,6042
6118,6046
6109,6032
6114,6057
6106,6050
6109,6039
6113,6053
6110,6050
6111,6054
6109,6047
6115,6048
6115,6048
6108,6053
6106,6059
6117,6052
6113,6032
6113,6055
6110,6059
6117,6044
6112,6043
6106,6043
6110,6049
6112,6046
6119,6053
6111,6055
6112,6050
6117,6048
6105,6053
6104,6056
6108,6052
6102,6042
6103,6055
6111,6053
6105,6049
6104,6038
6104,6044
6100,6062
6107,6053
6108,6036
6106,6055
6115,6047
6102,6054
6110,6058
6113,6053
6110,6044
6106,6063
6103,6055
6102,6046
6111,6045
6108,6053
6104,6058
6102,6056
6101,6039
6108,6041
6108,6045
6109,6058
6103,6055
6104,6056
6110,6063
6113,6060
6107,6062
6112,6105
6101,6047
6114,6050
6112,6043
6103,6042
6114,6057
6104,6058
6111,6058
6105,6035
6110,6049
6094,6056
6110,6050
6107,6050
6121,6066
6103,6054
6112,6044
6102,6039
6104,6043
6110,6063
6105,6057
6114,6078
6095,6046
6098,6048
6099,6055
6110,6052
6099,6052
6103,6047
6113,6050
6095,6057
6103,6048
6103,6048
6100,6049
6109,6059
6114,6070
6103,6058
6103,6048
6105,6057
6103,6046
6104,6064
6121,6056
6112,6046
6105,6055
6097,6029
6110,6039
6105,6061
6104,6049
6097,6052
6102,6050
6101,6051
6099,6039
6107,6039
6122,6061
6108,6046
6102,6055
6109,6046
6106,6037
6101,6053
6097,6053
6109,6064
6102,6050
6106,6044
6102,6037
6102,6043
6100,6052
6104,6054
6108,6052
6110,6048
6099,6053
6101,6047
6014,5935
6352,6290
6102,5943
6091,6010
6089,6057
6124,6085
6122,6087
6108,6061
6090,6058
6112,6049
6102,6040
6108,6060
6091,6045
6107,6046
6106,6053
6098,6041
6108,6058
6107,6045
6099,6045
6106,6056
6107,6053
6099,6051
6103,6051
6101,6059
6093,6049
6101,6057
6110,6056
6102,6051
6097,6046
6102,6060
6097,6015
6104,6048
6105,6052
6101,6037
6090,6055
6107,6043
6115,6055
6102,6052
6095,6036
6102,6048
6101,6053
6103,6022
6103,6042
6100,6046
6104,6048
6111,6060
6104,6040
6103,6048
6105,6052
6103,6053
6091,6063
6102,6059
6105,6058
6111,6060
6108,6062
6107,6055
6104,6048
6113,6056
6105,6041
6100,6045
6104,6062
6102,6055
6108,6044
6095,6069
6104,6053
6111,6056
6099,6041
6109,6053
6110,6055
6108,6051
6116,6052
6117,6060
6099,6053
6112,6068
6110,6065
6111,6059
6113,6052
6108,6069
6116,6050
6113,6051
6108,6062
6119,6062
6107,6062
6116,6057
6109,6066
6105,6063
6102,6060
6106,6066
6109,6048
6104,6060
6101,6061
6108,6053
6102,6060
6105,6053
6106,6063
6104,6061
6099,6056
6113,6049
6112,6052
6099,6042
6107,6057
6114,6056
6107,6050
6106,6039
6098,6037
6122,6066
6105,6055
6101,6056
6103,6047
6107,6048
6111,6062
6105,6056
6103,6045
6107,6053
6102,6048
6106,6054
6110,6055
6102,6039
6112,6046
6104,6055
6109,6050
6104,6076
6103,6058
6097,6056
6107,6049
6098,6044
6101,6061
6106,6059
6109,6059
6101,6049
6102,6050
6112,6050
6104,6046
6102,6045
6099,6055
6109,6053
6101,6067
6102,6059
6108,6050
6104,6046
6106,6049
6105,6044
6107,6050
6098,6052
6104,6056
6108,6056
6107,6054
6114,6037
6101,6059
6120,6059
6113,6050
6117,6058
6110,6053
6105,6053
6115,6050
6109,6046
6113,6041
6123,6053
6107,6057
6107,6047
6103,6052
6114,6049
6107,6056
6109,6053
6111,6054
6113,6050
6108,6061
6116,6047
6111,6049
6112,6052
6110,6039
6115,6050
6115,6047
6112,6053
6116,6051
6127,6063
6118,6063
6112,6052
6116,6045
6103,6047
6119,6050
6109,6055
6122,6066
6122,6052
6115,6056
6111,6038
6116,6046
6113,6060
6117,6055
6112,6056
6107,6044
6106,6051
6109,6061
6112,6057
6111,6050
6106,6053
6110,6041
6104,6060
6111,6034
6106,6050
6118,6051
6106,6058
6106,6052
6114,6052
6105,6052
6116,6044
6120,6060
6113,6045
6110,6051
6112,6052
6103,6054
6115,6043
6104,6040
6113,6046
6110,6055
6116,6053
6115,6049
6111,6054
6104,6030
6109,6047
6104,6033
6107,6060
6099,6025
6113,6050
6108,6050
6112,6054
6109,6048
6119,6053
6112,6047
6120,6051
6110,6050
6115,6042
6122,6056
6107,6039
6123,6052
6127,6048
6111,6044
6112,6043
6112,6063
6103,6060
6118,6055
6112,6052
6097,6054
6115,6048
6113,6048
6116,6060
6108,6053
6106,6050
6111,6056
6118,6046
6115,6034
6114,6044
6130,6054
6108,6055
6106,6047
6117,6050
6113,6061
6112,6053
6121,6056
6113,6045
6120,6040
6120,6059
6118,6065
6112,6044
6097,6045
6127,6012
6119,6064
6108,6058
6040,5993
6121,6070
6116,6049
6108,6084
6061,6012
6119,6055
6102,6057
6130,6063
6111,6061
6115,6057
6111,6057
6124,6051
6117,6049
6108,6050
6119,6070
6127,6053
6117,6046
6115,6049
6113,6056
6113,6053
6117,6050
6115,6056
6116,6056
6117,6046
6117,6046
6118,6046
6123,6065
6110,6058
6115,6057
6118,6057
6116,6059
6118,6050
6116,6041
6123,6055
6113,6058
6115,6060
6095,6039
6121,6065
6121,6058
6123,6051
6124,6058
6113,6051
6122,6054
6115,6053
6113,6058
6111,6055
6111,6055
6115,6061
6107,6053
6121,6052
6117,6060
6118,6055
6111,6062
6118,6046
6123,6068
6110,6065
6114,6059
6119,6047
6122,6060
6112,6046
6115,6043
6113,6054
6118,6049
6119,6055
6116,6061
6116,6057
6114,6055
6117,6049
6117,6049
6113,6063
6111,6062
6110,6058
6115,6046
6121,6056
6110,6055
6110,6061
6123,6051
6120,6063
6118,6061
6115,6044
6110,6058
6111,6059
6116,6055
6120,6058
6120,6055
6113,6059
6114,6063
6119,6058
6122,6059
6121,6051
6121,6051
6117,6049
6117,6051
6118,6046
6114,6061
6114,6058
6107,6060
6113,6055
6122,6059
6120,6056
6114,6053
6120,6054
6120,6054
6118,6056
0,34
0,61680
0,0
6116,6049
5600,5585
5602,5575
5608,5582
5600,5574
5602,5582
5599,5567
5607,5571
5593,5567
5819,5760
6337,6320
6308,6308
6314,6295
6288,6301
6289,6290
6298,6282
6287,6315
6288,6310
6295,6323
6281,6337
6301,6353
6303,6355
6296,6363
6304,6358
6309,6339
6298,6323
6320,6353
6297,6359
6301,6337
6302,6329
6300,6323
6279,6337
6278,6321
6303,6325
6296,6339
6312,6321
6302,6318
6280,6353
6289,6375
6292,6413
6294,6363
6312,6333
6292,6328
6298,6345
6221,6277
6340,6415
6306,6395
6305,6263
6299,6337
6289,6335
6310,6354
6291,6358
6287,6342
6281,6327
6313,6326
6290,6347
6297,6323
6305,6332
6322,6358
6297,6305
6292,6352
6301,6338
6285,6337
6302,6325
6294,6304
6283,6321
6305,6341
6321,6375
6306,6334
6303,6337
6299,6333
6315,6334
6291,6344
6301,6339
6315,6319
6288,6329
6287,6328
6303,6335
6293,6321
6314,6320
6294,6310
6318,6335
6310,6329
6295,6317
6308,6336
6301,6338
6301,6330
6284,6353
6266,6352
6274,6324
6306,6320
6298,6329
6291,6334
6305,6353
6298,6359
6310,6358
6309,6354
6286,6345
6295,6337
6306,6323
6297,6323
6301,6309
6325,6323
6300,6321
6288,6322
6295,6311
6276,6321
6289,6340
6305,6322
6302,6336
6301,6323
6301,6353
6293,6350
6290,6322
6293,6355
6289,6351
6294,6343
6295,6332
6296,6328
6292,6336
6308,6315
6311,6355
6300,6363
6303,6358
6314,6353
6298,6341
6293,6355
6292,6338
6317,6331
6300,6331
6302,6344
6292,6345
6291,6345
6293,6328
6283,6333
6303,6347
6300,6340
6285,6326
6297,6332
6289,6357
6308,6359
6294,6352
6267,6345
6291,6371
6295,6353
6300,6361
6282,6343
6299,6348
6284,6334
6291,6319
6311,6341
6286,6335
6287,6341
6293,6350
6319,6345
6305,6349
6318,6360
6314,6336
6313,6348
6279,6330
6284,6325
6291,6312
6298,6321
6317,6326
6296,6335
6294,6352
6301,6358
6302,6345
6304,6349
6302,6353
6296,6350
6293,6336
6279,6342
6286,6325
6284,6348
6285,6355
6281,6354
6269,6345
6286,6366
6307,6377
6314,6359
6284,6332
6287,6331
6288,6327
6302,6331
6287,6337
6275,6336
6286,6322
6303,6356
6272,6368
6276,6369
6288,6365
6263,6360
6274,6350
6269,6359
6277,6368
6300,6379
6300,6347
6271,6332
6271,6351
6264,6382
6301,6395
6276,6372
6267,6349
6273,6359
6280,6361
6269,6396
6276,6376
6291,6373
6256,6364
6256,6366
6287,6382
6268,6362
6282,6381
6278,6368
6266,6386
6293,6357
6285,6379
6277,6381
6274,6392
6251,6393
6253,6387
6279,6381
6269,6367
6262,6385
6253,6377
6275,6378
6270,6387
6273,6356
6267,6390
6260,6391
6281,6369
6269,6406
6256,6356
6243,6379
6257,6385
6240,6364
6247,6416
6261,6374
6260,6393
6256,6389
6248,6386
6258,6389
6254,6391
6257,6415
6272,6427
6264,6377
6257,6396
6243,6404
6251,6413
6265,6394
6265,6372
6273,6379
6264,6403
6258,6374
6285,6398
6268,6421
6271,6404
6261,6411
6258,6389
6270,6414
6253,6381
6242,6371
6242,6368
6247,6367
6241,6355
6245,6349
6271,6376
6259,6351
6248,6331
6243,6385
6248,6392
6247,6395
6242,6396
6250,6394
6243,6393
6243,6409
6270,6384
6250,6441
6251,6403
6257,6396
6255,6395
6265,6387
6272,6404
6242,6390
6241,6398
6230,6414
6252,6370
6251,6385
6241,6369
6237,6375
6238,6364
6248,6363
6245,6368
6241,6352
6249,6375
6247,6379
6249,6398
6242,6377
6244,6367
6252,6367
6252,6391
6263,6410
6261,6380
6239,6385
6263,6382
6256,6392
6242,6356
6235,6369
6248,6387
6251,6359
6242,6340
6215,6336
6345,6465
6384,6494
6207,6095
6338,6517
6278,6453
6275,6478
6197,6383
6226,6420
6244,6413
6227,6406
6243,6416
6231,6404
6240,6397
6243,6388
6248,6393
6237,6423
6233,6433
6245,6422
6240,6407
6222,6409
6225,6431
6245,6403
6243,6382
6235,6386
6240,6379
6259,6388
6234,6402
6243,6391
6238,6418
6241,6427
6239,6447
6223,6424
6234,6409
6252,6415
6230,6406
6232,6386
6225,6352
6235,6368
6234,6390
6234,6373
6243,6378
6239,6408
6239,6428
6233,6412
6236,6417
6254,6395
6245,6424
6241,6400
6237,6413
6242,6403
6247,6385
6236,6376
6233,6394
6220,6395
6246,6408
6238,6433
6230,6416
6245,6429
6246,6411
6236,6416
6237,6414
6227,6438
6229,6417
6224,6430
6229,6390
6247,6413
6239,6435
6231,6435
6233,6447
6243,6439
6230,6434
6223,6443
6237,6446
6236,6430
6229,6431
6222,6422
6237,6420
6248,6445
6238,6415
6220,6419
6232,6426
6247,6425
6239,6429
6237,6428
6231,6384
6235,6384
6237,6398
6239,6405
6228,6415
6224,6416
6230,6440
6246,6435
6231,6434
6231,6421
6223,6428
6228,6416
6215,6401
6234,6424
6242,6431
6227,6415
6233,6413
6232,6411
6231,6400
6235,6388
6215,6400
6231,6353
6218,6402
6236,6362
6236,6368
6231,6391
6226,6370
6225,6357
6240,6398
6241,6417
6233,6416
6229,6431
6232,6403
6235,6409
6221,6398
6215,6445
6241,6430
6233,6428
6240,6422
6228,6435
6223,6436
6213,6434
6235,6433
6211,6482
6227,6421
6240,6428
6215,6440
6230,6415
6235,6416
6243,6391
6229,6408
6220,6415
6225,6408
6210,6424
6231,6427
6243,6416
6233,6442
6238,6440
6235,6424
6232,6421
6225,6427
6234,6417
6220,6397
6216,6414
6210,6390
6219,6411
6233,6396
6223,6426
6234,6398
6228,6390
6232,6398
6223,6396
6229,6364
6233,6371
6227,6379
6246,6372
6237,6385
6248,6391
6221,6406
6229,6392
6223,6398
6226,6393
6222,6388
6223,6384
6224,6401
6229,6389
6216,6395
6230,6399
6227,6382
6220,6389
6228,6358
6239,6368
6245,6360
6223,6335
6242,6370
6241,6379
6240,6378
6236,6383
6235,6397
6229,6389
6248,6392
6232,6387
6230,6396
6223,6392
6238,6382
6246,6393
6228,6365
6239,6352
6244,6386
6226,6390
6235,6416
6226,6389
6228,6359
6239,6385
6242,6374
6227,6416
6232,6395
6226,6399
6240,6415
6235,6400
6239,6404
6238,6379
6237,6351
6252,6324
6238,6358
6235,6371
6223,6370
6249,6358
6240,6378
6230,6385
6243,6402
6244,6388
6245,6409
6235,6411
6229,6402
6239,6383
6243,6385
6226,6367
6243,6376
6230,6375
6241,6354
6253,6390
6233,6378
6243,6353
6236,6366
6247,6374
6252,6354
6232,6348
6243,6333
6240,6353
6238,6345
6255,6329
6241,6340
6231,6345
6236,6363
6237,6382
6233,6380
6238,6381
6236,6353
6236,6371
6253,6365
6237,6366
6223,6350
6242,6361
6236,6382
6253,6371
6241,6348
6262,6361
6256,6370
6257,6353
6259,6360
6256,6394
6253,6368
6274,6334
6275,6340
6284,6336
6283,6334
6295,6356
6333,6351
6343,6342
6355,6328
6365,6313
6401,6353
6449,6331
6517,6353
6489,6286
6611,6382
6657,6378
6737,6371
6789,6350
6848,6315
6940,6338
7037,6340
7114,6357
7237,6353
7356,6343
7443,6352
7572,6349
7692,6365
7855,6350
8049,6350
8143,6376
8326,6372
8440,6356
8543,6352
8536,6350
8562,6361
8563,6321
8545,6363
8482,6370
8412,6357
8232,6360
8098,6357
7929,6370
7771,6362
7722,6364
7663,6390
7545,6402
7391,6376
7266,6402
7116,6399
6994,6414
6904,6418
6835,6435
6802,6454
6793,6483
6812,6477
6856,6492
6975,6515
7077,6544
7184,6571
7259,6598
7349,6646
7518,6617
7724,6640
8042,6653
8324,6615
8572,6588
8775,6616
9120,6608
9399,6591
9628,6598
9815,6630
9898,6659
9930,6677
9986,6794
10046,6886
10146,6992
10275,7144
10233,7299
10119,7413
10068,7566
9985,7715
9838,7856
9727,7978
9586,8146
9426,8247
9283,8405
9069,8584
8966,8624
8764,8699
8560,8814
8413,8894
8180,8985
7936,8995
7778,9005
7618,9097
7378,9032
7215,9005
7012,9031
6874,8995
6760,8873
6671,8633
6597,8435
6587,8281
6629,8165
6721,7971
6803,7747
6950,7558
7083,7413
7220,7232
7375,7073
7592,6982
7719,6883
7822,6758
7975,6751
8154,6734
8346,6725
8530,6742
8710,6823
8910,6904
9022,7017
9000,7133
9077,7201
9189,7293
9273,7425
9382,7564
9343,7708
9454,7856
9430,7993
9455,8126
9454,8309
9403,8454
9278,8514
9250,8621
9322,8746
9278,8816
9118,8902
9090,9106
8958,9136
9075,9083
8972,9227
8865,9267
8778,9158
8551,9123
8367,9034
8202,8902
8041,8865
7801,8722
7659,8584
7505,8454
7331,8268
7218,8075
7039,7974
6944,7803
6828,7654
6762,7541
6713,7442
6723,7319
6749,7195
6801,7124
6899,6986
7053,6929
7321,6870
7513,6768
7769,6735
8061,6700
8359,6664
8783,6612
9171,6624
9504,6625
9897,6605
10147,6627
10544,6685
10798,6699
11175,6750
11538,6829
11767,6917
11958,7050
12106,7164
12251,7299
12225,7469
12068,7598
12033,7710
11773,7918
11581,8072
11419,8242
11293,8480
11202,8723
10855,8961
10522,9184
10369,9377
10083,9548
9705,9660
9484,9772
9431,9946
9176,9998
8813,10089
8581,10120
8376,10144
8139,10150
7979,10228
7762,10180
7602,9930
7348,9757
7191,9627
7075,9468
6957,9251
6825,8985
6758,8791
6703,8446
6657,8080
6700,7799
6767,7595
6833,7410
6924,7228
7031,6999
7159,6870
7319,6778
7549,6705
7741,6664
7967,6644
8157,6703
8382,6753
8528,6861
8676,6942
8905,7084
9079,7221
9265,7354
9357,7538
9431,7684
9609,7812
9666,7985
9628,8104
9663,8284
9642,8429
9602,8560
9569,8686
9500,8879
9512,9056
9414,9264
9321,9437
9244,9582
9205,9621
9169,9792
9042,9900
8992,10046
8788,10037
8567,9968
8385,9984
8123,9887
7977,9798
7806,9710
7631,9683
7450,9665
7232,9525
7037,9299
6922,9157
6824,8943
6763,8713
6677,8459
6617,8370
6592,8177
6596,7946
6633,7707
6687,7546
6719,7376
6806,7265
6883,7159
7019,7038
7187,6901
7287,6751
7467,6679
7619,6594
7814,6570
8017,6533
8252,6520
8420,6515
8724,6524
8988,6530
9214,6606
9313,6630
9348,6497
9614,6668
9908,6917
10001,7003
10111,7207
10148,7302
10186,7566
10298,7663
10238,7793
10200,7964
10181,8081
10091,8202
10047,8323
9935,8469
9866,8454
9796,8659
9633,8704
9388,8874
9231,8864
9083,8962
8905,9015
8780,8977
8625,8914
8389,8871
8197,8813
7980,8770
7749,8626
7610,8578
7346,8506
7178,8419
7015,8322
6867,8258
6775,8094
6688,7857
6613,7692
6546,7512
6535,7339
6554,7139
6608,7014
6693,6882
6770,6779
6906,6662
7051,6570
7247,6506
7491,6485
7714,6449
7931,6461
8136,6481
8403,6499
8685,6550
8855,6603
9104,6680
9406,6786
9693,6874
9941,6957
9996,7076
10111,7204
10132,7344
10211,7482
10359,7654
10456,7771
10594,7994
10515,8142
10503,8308
10427,8459
10359,8544
10203,8722
10104,8835
9816,8889
9649,9024
9411,9083
9308,9186
9085,9223
8812,9291
8522,9341
8145,9322
7972,9254
7710,9156
7521,9077
7349,9035
7130,8921
6959,8877
6845,8726
6694,8485
6622,8351
6493,8149
6446,8008
6439,7797
6459,7627
6480,7446
6530,7282
6594,7115
6703,6996
6850,6833
7022,6721
7184,6624
7336,6552
7556,6511
7781,6504
7982,6515
8182,6495
8351,6511
8479,6553
8568,6611
8769,6706
8912,6806
9029,6940
9219,7033
9216,7171
9415,7343
9564,7545
9677,7731
9710,7927
9882,8194
9946,8392
9953,8509
9920,8697
9998,8849
10026,8968
9957,9090
9872,9196
9675,9258
9572,9313
9480,9318
9242,9403
9138,9475
9026,9537
8769,9513
8528,9386
8280,9315
8046,9205
7805,9102
7555,8941
7308,8821
7104,8656
6963,8401
6827,8219
6724,8067
6626,7992
6583,7788
6540,7637
6554,7470
6560,7316
6596,7139
6675,7076
6720,6978
6822,6853
6924,6726
7061,6673
7181,6612
7266,6561
7447,6502
7677,6445
7844,6452
8027,6454
8201,6503
8301,6567
8405,6652
8662,6681
8790,6791
8938,6926
9078,7093
9305,7167
9468,7321
9578,7461
9668,7618
9878,7755
10042,7991
9942,8134
10021,8288
10000,8382
9935,8545
9812,8697
9858,8860
9734,8838
9550,8923
9322,8951
9102,8959
8898,8908
8692,8830
8389,8863
8232,8794
7987,8753
7754,8705
7632,8562
7408,8490
7260,8366
7092,8202
6990,8126
6821,7920
6745,7797
6720,7677
6677,7545
6712,7443
6704,7375
6727,7321
6828,7203
6823,6998
6851,6948
6951,6835
6999,6786
7098,6727
7207,6647
7319,6600
7512,6525
7669,6462
7885,6449
8108,6489
8334,6509
8579,6556
8738,6629
8930,6739
9236,6881
9407,6997
9592,7112
9770,7255
9955,7416
10022,7542
10271,7643
10431,7839
10238,7978
10147,8142
10150,8284
10148,8398
10084,8491
9942,8522
9689,8560
9416,8609
9143,8693
8893,8728
8824,8792
8707,8832
8577,8824
8334,8872
8123,8894
7952,8846
7734,8767
7569,8732
7458,8643
7377,8560
7313,8525
7274,8465
7163,8438
7027,8318
6926,8200
6853,8117
6777,7900
6688,7783
6645,7593
6609,7423
6616,7278
6666,7131
6768,7022
6882,6908
7023,6810
7174,6708
7296,6616
7359,6564
7541,6516
7666,6490
7848,6512
7964,6517
8111,6586
8422,6606
8586,6704
8719,6801
8917,6909
9112,7002
9129,7126
9183,7284
9238,7299
9360,7393
9482,7506
9391,7675
9464,7809
9491,7783
9530,7889
9687,8072
9572,8148
9526,8234
9442,8340
9313,8382
9255,8486
9127,8564
8905,8626
8795,8679
8574,8704
8333,8714
8191,8667
7933,8689
7714,8666
7555,8505
7396,8419
7186,8346
7054,8245
6930,8080
6758,8018
6642,7871
6563,7655
6528,7499
6532,7395
6565,7228
6607,7122
6682,7038
6784,6964
6926,6854
7020,6726
7216,6690
7364,6605
7555,6544
7770,6527
7953,6474
8139,6439
8316,6444
8524,6453
8826,6505
9143,6583
9278,6644
9542,6741
9705,6821
9830,6957
10041,7111
10081,7235
10090,7420
10141,7543
10035,7760
10010,7929
9835,8036
9619,8131
9529,8235
9336,8472
9225,8674
9136,8688
9001,8860
8886,8952
8767,9034
8447,9057
8389,9161
8299,9326
8092,9110
7895,9042
7814,9053
7625,9108
7464,9055
7367,9006
7330,8894
7186,8718
7092,8582
6939,8503
6863,8390
6741,8229
6669,7991
6639,7796
6567,7664
6537,7512
6553,7358
6592,7175
6613,7018
6698,6923
6787,6740
6947,6655
7129,6622
7327,6544
7424,6528
7624,6484
7768,6463
8007,6495
8237,6483
8510,6534
8809,6595
9152,6630
9378,6671
9470,6785
9808,6883
9973,6928
10131,7051
10352,7123
10557,7203
10621,7378
10724,7428
10663,7533
10699,7666
10640,7757
10650,7877
10493,7958
10300,8101
10115,8207
9985,8280
9795,8450
9629,8557
9362,8621
9153,8759
8767,8803
8475,8792
8177,8829
8073,8765
7915,8718
7739,8681
7567,8658
7342,8603
7153,8623
7040,8526
6966,8360
6877,8210
6790,8070
6711,7894
6679,7723
6659,7531
6664,7335
6663,7199
6693,7082
6740,6938
6837,6822
6879,6757
6979,6633
7071,6525
7211,6490
7320,6458
7530,6469
7721,6423
7909,6511
8180,6558
8469,6676
8778,6744
9049,6865
9317,7018
9556,7124
9857,7303
10158,7447
10479,7521
10698,7716
10937,7790
10995,7868
11032,7931
11207,8066
11385,8209
11338,8329
11278,8428
11107,8424
11028,8510
11147,8601
11001,8606
10690,8618
10433,8671
10169,8721
9911,8734
9680,8691
9409,8671
9055,8689
8719,8687
8396,8632
8077,8588
7849,8544
7657,8447
7396,8366
7236,8397
7047,8358
6887,8243
6801,8162
6765,8001
6746,7833
6756,7765
6799,7640
6862,7482
6891,7374
7003,7198
7142,7024
7280,6947
7433,6853
7632,6754
7819,6688
8004,6632
8237,6574
8491,6589
8873,6591
9143,6640
9440,6691
9610,6778
9912,6913
10315,7026
10691,7194
11000,7330
11282,7565
11630,7739
11881,7946
12074,8117
12319,8395
12523,8623
12394,8950
12466,9236
12500,9331
12612,9377
12655,9467
12420,9550
12194,9642
12008,9770
11641,9832
11328,9910
11128,9913
10703,9907
10176,9974
9816,9950
9536,9755
9247,9679
8852,9525
8535,9401
8319,9280
8017,9094
7823,8977
7600,8795
7381,8752
7202,8518
6991,8435
6942,8331
6904,8131
6915,7979
7019,7749
7128,7607
7308,7454
7496,7304
7691,7128
7979,6988
8324,6842
8658,6806
9085,6688
9491,6661
9853,6648
10086,6671
10511,6696
10947,6781
11279,6866
11607,7025
11927,7216
12193,7454
12407,7694
12567,7902
12837,8173
12935,8324
13000,8557
13103,8981
13195,9308
13254,9678
13277,9919
12986,10094
12959,10394
12627,10641
12337,10824
12190,11058
11886,11173
11398,11304
11149,11588
10839,11802
10582,11968
10203,12005
9806,12035
9371,11898
8947,11941
8488,11850
8156,11659
7889,11404
7615,11068
7339,10823
7062,10527
6992,10256
6957,9964
6882,9620
6858,9359
6946,8996
7088,8757
6989,8457
6747,8173
6507,7830
6355,7620
6253,7432
6201,7211
6185,6997
6175,6893
6168,6766
6160,6737
6147,6735
6150,6773
6140,6861
6140,6956
6146,7020
6145,7162
6142,7332
6142,7506
6133,7678
6136,7893
6126,8138
6135,8499
6122,8762
6127,8946
6130,9237
6137,9447
6128,9664
6132,9970
6128,10069
6127,10318
6136,10361
6123,10396
6127,10359
6122,10428
6131,10420
6128,10343
6122,10280
6124,10271
6122,10093
6131,9862
6119,9686
6115,9490
6121,9230
6128,9010
6115,8867
6110,8765
6122,8632
6122,8523
6123,8249
6095,8074
6115,7861
6113,7821
6107,7517
6112,7254
6107,7159
6117,7064
6108,6789
6097,6535
6103,6352
6107,6243
6103,6195
6118,6161
6107,6148
6112,6133
6119,6119
6111,6119
6105,6112
6109,6116
6102,6107
6109,6109
6109,6094
6119,6119
6109,6089
6116,6101
6120,6077
6094,6070
6115,6084
6106,6071
6107,6081
6108,6075
6116,6075
6115,6063
6110,6070
6110,6071
6111,6062
6109,6072
6106,6077
6108,6068
6116,6067
6109,6055
6103,6060
6104,6077
6113,6072
6110,6070
6104,6071
6103,6061
6107,6060
6106,6061
6108,6054
6107,6068
6114,6063
6114,6061
6106,6065
6114,6063
6115,6067
6107,6050
6112,6060
6114,6061
6109,6056
6112,6062
6110,6068
6117,6057
6115,6059
6114,6054
6107,6038
6119,6064
6113,6058
6109,6051
6115,6063
6117,6060
6116,6057
6121,6056
6103,6056
6113,6062
6110,6050
6112,6058
6116,6059
6102,6044
6109,6048
6111,6062
6114,6051
6114,6041
6109,6047
6112,6059
6116,6060
6120,6043
6107,6058
6110,6047
6112,6051
6108,6075
6107,6050
6108,6062
6106,6064
6112,6054
6114,6047
6116,6046
6117,6058
6114,6054
6110,6058
6108,6060
6116,6042
6113,6061
6112,6053
6114,6043
6113,6053
6105,6043
6112,6053
6113,6044
6103,6046
6104,6056
6121,6053
6106,6061
6105,6039
6106,6047
6104,6057
6114,6047
6105,6049
6109,6053
6109,6053
6105,6051
6115,6052
6113,6061
6099,6048
6110,6054
6106,6046
6099,6063
6108,6056
6111,6053
6104,6054
6102,6049
6110,6044
6109,6062
6105,6054
6119,6048
6111,6051
6106,6058
6109,6056
6120,6048
6111,6048
6108,6054
6099,6060
6113,6048
6113,6048
6097,6056
6108,6050
6105,6045
6112,6056
6107,6041
6110,6058
6104,6058
6104,6037
6110,6043
6115,6042
6106,6050
6109,6045
6101,6042
6107,6050
6102,6066
6105,6056
6118,6062
6100,6057
6105,6050
6114,6049
6103,6048
6110,6046
6110,6050
6113,6054
6107,6054
6099,6058
6100,6054
6105,6047
6113,6059
6118,6060
6099,6047
6094,6053
6111,6054
6104,6036
6109,6053
6116,6050
6114,6055
6106,6053
6105,6031
6109,6060
6100,6047
5968,5962
6110,6033
6169,6093
6097,6056
6088,6029
6108,6053
6111,6062
6102,6041
6092,6044
6105,6044
6104,6040
6103,6046
6093,6052
6109,6041
6116,6050
6112,6038
6107,6055
6112,6063
6095,6041
6108,6053
6115,6054
6118,6041
6103,6047
6098,6029
6104,6050
6111,6048
6105,6054
6101,6049
6099,6046
6094,6059
6099,6055
6103,6049
6095,6056
6102,6058
6097,6058
6101,6045
6095,6044
6111,6041
6105,6048
6102,6051
6107,6052
6104,6048
6094,6052
6101,6047
6102,6061
6102,6045
6099,6050
6110,6052
6091,6047
6103,6042
6108,6058
6099,6061
6103,6052
6105,6054
6094,6047
6110,6047
6108,6051
6096,6059
6106,6057
6105,6038
6115,6049
6107,6053
6096,6051
6105,6052
6104,6055
6102,6040
6104,6060
6103,6059
6105,6044
6105,6050
6106,6066
6106,6048
6106,6043
6109,6051
6100,6051
6102,6051
6109,6059
6106,6053
6115,6043
6100,6071
6095,6046
6111,6048
6106,6055
6102,6041
6099,6054
6103,6054
6108,6047
6106,6052
6106,6055
6112,6051
6105,6047
6107,6051
6104,6051
6107,6053
6102,6052
6106,6048
6104,6057
6113,6058
6105,6062
6106,6056
6110,6048
6107,6047
6124,6048
6111,6069
6112,6065
6111,6065
6107,6055
6113,6056
6112,6055
6107,6036
6112,6071
6112,6059
6111,6046
6104,6051
6098,6064
6104,6056
6099,6054
6100,6062
6118,6053
6107,6063
6108,6059
6113,6062
6110,6055
6120,6066
6107,6059
6112,6064
6115,6052
6103,6039
6096,6055
6112,6048
6112,6054
6104,6061
6110,6033
6109,6049
6120,6053
6107,6063
6098,6048
6109,6049
6105,6052
6113,6039
6108,6060
6103,6047
6108,6053
6099,6066
6130,6066
6104,6057
6109,6058
6100,6060
6103,6033
6098,6054
6099,6050
6107,6048
6106,6061
6100,6034
6110,6050
6105,6057
6112,6049
6105,6054
6101,6056
6111,6053
6106,6053
6101,6052
6104,6045
6107,6051
6097,6057
6098,6045
6103,6057
6104,6042
6111,6045
6112,6051
6101,6060
6108,6040
6110,6041
6110,6060
6112,6053
6114,6062
6100,6046
6102,6050
6108,6050
6110,6041
6112,6057
6124,6048
6106,6049
6115,6059
6112,6058
6113,6043
6107,6060
6110,6049
6103,6046
6115,6054
6117,6049
6115,6034
6117,6047
6120,6056
6112,6050
6125,6057
6110,6058
6116,6041
6117,6053
6128,6060
6122,6056
6118,6056
6107,6054
6114,6059
6114,6041
6118,6052
6117,6052
6123,6048
6114,6069
6115,6055
6107,6041
6113,6057
6115,6052
6113,6053
6115,6065
6109,6051
6123,6048
6114,6060
6110,6053
6111,6046
6110,6047
6111,6051
6107,6046
6117,6053
6118,6055
6110,6058
6119,6053
6115,6061
6100,6013
6117,6049
6109,6054
6113,6054
6118,6049
6115,6054
6114,6059
6118,6057
6105,6062
6113,6055
6118,6042
6115,6052
6123,6055
6124,6064
6111,6044
6118,6047
6108,6052
6118,6064
6114,6049
6124,6042
6111,6060
6108,6044
6119,6050
6122,6041
6110,6049
6108,6058
6108,6056
6116,6048
6113,6054
6108,6037
6124,6044
6125,6058
6108,6055
6117,6047
6115,6061
6114,6051
6119,6060
6111,6053
6112,6055
6115,6050
6111,6045
6177,6038
6227,6070
6210,6049
6177,6127
6170,6115
6096,6040
6128,6060
6099,6047
6109,6049
6099,6042
6116,6046
6112,6041
6114,6050
6118,6059
6118,6058
6114,6062
6123,6051
6121,6057
6123,6063
6104,6048
6115,6058
6124,6061
6107,6063
6114,6051
6109,6061
6123,6048
6119,6065
6112,6061
6124,6061
6112,6062
6119,6052
6114,6051
6122,6055
6111,6058
6127,6055
6118,6060
6119,6048
6121,6067
6122,6057
6103,6051
6117,6055
6121,6057
6120,6052
6119,6070
6122,6064
6108,6057
6117,6039
6121,6060
6123,6062
6119,6055
6119,6057
6110,6046
6110,6046
6113,6060
6118,6069
6129,6055
6126,6059
6123,6055
6113,6058
6117,6063
6111,6065
6113,6056
6118,6056
6120,6044
6110,6061
6126,6053
6118,6066
6118,6051
6108,6062
6116,6056
6119,6055
6117,6053
6117,6048
6121,6063
6121,6063
6115,6056
6118,6044
6108,6045
6117,6051
6116,6055
6110,6064
6119,6064
6111,6064
6123,6056
6118,6056
6118,6056
6111,6067
6115,6059
6122,6054
6118,6054
6111,6049
6113,6064
6114,6063
6118,6055
6121,6057
6118,6043
6118,6043
6118,6055
6115,6069
6118,6060
6118,6069
6120,6058
6115,6047
6126,6059
6119,6054
6118,6053
6113,6064
6118,6050
6117,6054
6116,6056
6116,6064
6122,6051
6118,6064
6121,6055
6120,6046
6111,6066
6115,6055
6117,6053
6117,6053
6115,6049
6113,6058
6118,6060
6120,6062
6096,6061
6117,6060
6118,6058
6119,6053
0,40
0,61680
0,0
6120,6060
5603,5587
5606,5573
5609,5581
5602,5580
5610,5587
5603,5581
5603,5578
5596,5585
5822,5768
6337,6338
6300,6311
6301,6286
6293,6305
6286,6279
6295,6314
6296,6329
6297,6316
6310,6318
6290,6361
6292,6359
6526,6581
6383,6430
6363,6374
6272,6311
6343,6375
6283,6318
6311,6379
6302,6345
6291,6329
6307,6339
6298,6334
6286,6345
6309,6347
6293,6329
6308,6328
6301,6332
6277,6338
6297,6378
6290,6388
6290,6376
6293,6327
6297,6331
6310,6340
6301,6354
6278,6360
6276,6356
6300,6358
6294,6353
6297,6334
6301,6350
6297,6351
6278,6343
6281,6326
6307,6363
6293,6333
6300,6336
6312,6336
6312,6351
6298,6334
6298,6329
6298,6339
6288,6342
6320,6309
6302,6315
6288,6297
6306,6337
6309,6369
6305,6322
6303,6348
6288,6338
6318,6335
6293,6338
6298,6329
6322,6327
6287,6323
6275,6345
6305,6342
6300,6326
6292,6328
6303,6330
6314,6349
6294,6340
6300,6333
6294,6339
6300,6323
6304,6348
6277,6348
6285,6338
6267,6324
6289,6325
6305,6328
6291,6340
6305,6347
6298,6359
6306,6356
6317,6353
6292,6336
6292,6335
6305,6358
6309,6329
6291,6321
6315,6315
6302,6311
6280,6336
6285,6319
6278,6343
6288,6340
6304,6330
6288,6321
6288,6335
6304,6355
6290,6356
6283,6325
6299,6362
6306,6360
6303,6355
6297,6350
6283,6309
6299,6334
6313,6333
6312,6337
6297,6352
6289,6358
6300,6343
6297,6359
6291,6345
6286,6343
6293,6343
6302,6352
6293,6338
6285,6353
6285,6338
6290,6324
6278,6339
6297,6357
6301,6354
6288,6330
6301,6331
6290,6363
6313,6363
6278,6360
6267,6362
6274,6359
6287,6370
6302,6357
6292,6341
6293,6363
6288,6357
6282,6338
6299,6352
6293,6332
6275,6348
6298,6348
6321,6349
6311,6356
6312,6381
