Channel 1,Channel 2
6240,6342
6251,6326
6245,6333
6246,6346
6240,6357
6224,6354
6226,6344
6232,6344
6219,6307
6227,6324
6220,6369
6231,6347
6241,6329
6225,6357
6230,6348
6221,6360
6230,6356
6224,6364
6256,6385
6241,6363
6240,6349
6227,6343
6233,6340
6223,6343
6226,6342
6241,6358
6244,6369
6221,6351
6230,6337
6221,6345
6241,6335
6231,6348
6244,6375
6252,6364
6239,6338
6253,6351
6240,6359
6232,6348
6243,6352
6238,6376
6261,6363
6243,6386
6257,6353
6262,6371
6266,6369
6268,6361
6275,6335
6272,6361
6271,6348
6279,6333
6288,6339
6299,6362
6338,6354
6352,6332
6363,6339
6382,6374
6421,6356
6443,6361
6475,6370
6507,6364
6554,6358
6583,6352
6606,6340
6609,6315
6659,6317
6663,6329
6700,6347
6717,6338
6738,6336
6774,6323
6839,6344
6926,6342
7013,6352
7139,6327
7261,6369
7495,6347
7704,6340
7867,6345
8096,6348
8238,6345
8465,6332
8658,6361
8704,6361
8800,6342
8816,6367
8790,6389
8782,6421
8759,6404
8685,6419
8575,6440
8413,6481
8262,6526
8106,6541
7928,6563
7759,6609
7495,6680
7354,6724
7200,6780
7105,6829
6961,6912
6911,6961
6803,7045
6792,7140
6839,7205
6837,7240
6882,7292
7023,7383
7156,7456
7247,7485
7419,7515
7618,7475
7756,7490
7925,7459
8166,7416
8317,7298
8396,7233
8585,7132
8755,6994
9025,6917
9139,6873
9294,6805
9448,6743
9581,6769
9555,6757
9547,6800
9643,6836
9591,6920
9405,6979
9331,7103
9044,7195
8867,7302
8651,7419
8450,7586
8136,7696
7911,7755
7660,7808
7449,7976
7249,8097
7157,8224
7093,8209
7016,8260
7017,8281
7048,8248
7065,8271
7136,8219
7232,8092
7368,7921
7512,7762
7737,7617
7871,7491
8021,7433
8225,7381
8377,7286
8613,7166
8709,7063
8856,6989
9066,6880
9155,6774
9350,6732
9474,6699
9544,6663
9517,6675
9447,6772
9512,6874
9501,7002
9506,7132
9384,7293
9248,7483
9112,7687
8863,7937
8587,8190
8319,8406
8074,8615
7898,8744
7623,8955
7351,9094
7193,9230
6979,9315
6873,9326
6816,9278
6816,9255
6847,9069
6887,8962
7006,8779
7234,8669
7477,8524
7656,8298
7927,8104
8273,7961
8641,7766
9017,7620
9421,7485
9699,7377
9818,7203
9977,7052
10203,6940
10530,6838
10632,6790
10861,6745
11033,6778
11291,6797
11292,6832
11243,6878
11065,6973
10764,7050
10397,7229
10134,7387
9835,7595
9486,7798
9161,8099
8851,8295
8576,8480
8272,8648
8058,8909
7874,9132
7664,9249
7486,9329
7392,9387
7254,9422
7173,9436
7137,9268
7107,9231
7089,9121
7082,8977
7125,8827
7238,8718
7330,8485
7500,8207
7624,8012
7813,7772
7988,7546
8170,7366
8449,7185
8653,7022
8865,6913
9176,6797
9360,6750
9491,6696
9586,6648
9661,6702
9750,6777
9756,6849
9718,6980
9614,7158
9537,7296
9529,7530
9307,7713
9103,7969
8933,8087
8679,8319
8503,8505
8233,8663
7941,8800
7728,8884
7462,8913
7291,8964
7113,9047
6978,9065
6901,9056
6782,8950
6736,8730
6720,8764
6761,8819
6842,8678
6911,8581
7033,8519
7172,8378
7332,8241
7475,8100
7609,7943
7799,7715
7885,7502
8021,7281
8208,7179
8401,7026
8558,6934
8694,6796
8875,6767
8987,6699
9094,6677
9053,6680
9139,6761
9095,6833
9066,6917
8949,6988
8917,7122
8726,7255
8517,7384
8313,7582
8109,7776
7866,7950
7623,8058
7474,8156
7305,8282
7120,8336
6989,8414
6892,8398
6830,8438
6810,8403
6797,8357
6835,8324
6856,8254
6879,8193
6909,8130
6982,7961
7042,7834
7096,7753
7181,7647
7323,7551
7402,7452
7575,7319
7692,7222
7850,7099
8036,6943
8225,6831
8443,6732
8650,6675
8762,6639
8921,6638
8981,6656
8983,6667
9003,6717
9046,6796
9001,6910
8915,6994
8836,7094
8695,7246
8610,7360
8510,7473
8442,7619
8191,7762
7986,7860
7727,7960
7523,8006
7259,8087
7035,8113
6902,8130
6795,8128
6698,8071
6640,7998
6616,7943
6641,7854
6664,7859
6694,7811
6824,7785
6905,7706
7010,7662
7171,7530
7343,7456
7476,7351
7624,7235
7832,7130
8026,7042
8236,6918
8382,6804
8610,6735
8751,6633
8854,6582
8987,6558
9177,6547
9225,6559
9310,6586
9361,6606
9377,6681
9204,6744
9039,6853
8931,6922
8851,7043
8708,7130
8495,7310
8341,7440
8124,7584
7913,7673
7694,7811
7520,7954
7355,8067
7166,8106
7048,8129
6905,8154
6817,8126
6723,8100
6704,8045
6673,8059
6719,7921
6745,7791
6846,7690
6947,7611
7054,7543
7214,7437
7328,7335
7564,7247
7766,7116
7886,6982
8065,6858
8208,6761
8352,6697
8456,6645
8641,6573
8852,6544
8964,6538
9064,6566
9031,6632
9076,6688
9040,6765
8890,6918
8831,7053
8696,7182
8531,7392
8355,7517
8208,7636
8038,7789
7864,7909
7720,8029
7525,8185
7359,8346
7260,8343
7143,8377
7042,8463
6952,8518
6901,8511
6850,8414
6783,8382
6777,8368
6788,8248
6841,8184
6922,8188
7062,8046
7243,7846
7367,7677
7537,7542
7716,7416
7987,7272
8156,7164
8368,7025
8679,6932
8862,6814
9018,6737
9227,6669
9377,6622
9448,6592
9516,6552
9697,6612
9673,6655
9727,6746
9696,6814
9501,6901
9454,7037
9299,7148
9054,7300
8848,7441
8581,7621
8407,7748
8149,7865
7944,7970
7729,8130
7544,8136
7404,8249
7178,8272
7028,8271
6934,8345
6836,8396
6766,8391
6738,8367
6702,8315
6744,8237
6791,8151
6920,8077
7048,7990
7227,7809
7329,7718
7520,7514
7723,7404
7947,7300
8154,7178
8386,7045
8616,6928
8815,6872
9014,6769
9123,6671
9235,6664
9258,6626
9349,6627
9351,6667
9373,6724
9293,6821
9327,6907
9352,7055
8940,7125
8665,7190
8376,7332
8334,7624
8096,7797
7761,7899
7553,8031
7363,8183
7131,8266
7001,8443
6885,8617
6803,8679
6725,8732
6673,8820
6661,8835
6663,8815
6696,8694
6785,8674
6865,8451
7009,8357
7128,8144
7291,8072
7455,7936
7617,7787
7725,7622
7883,7510
8061,7342
8228,7181
8392,7005
8598,6861
8721,6759
8840,6654
8994,6612
8995,6580
9025,6584
9070,6604
9023,6669
9050,6778
9079,6896
9117,7041
9175,7185
9025,7307
8870,7498
8755,7668
8654,7799
8466,7957
8262,8034
8032,8112
7825,8193
7602,8251
7425,8403
7374,8413
7219,8494
6961,8528
6818,8478
6767,8288
6758,8212
6786,8028
6882,7944
7003,7802
7114,7652
7273,7528
7464,7409
7671,7250
7861,7116
8056,7038
8201,6899
8433,6743
8537,6690
8751,6639
8824,6585
8853,6587
8906,6573
8878,6592
8853,6612
8846,6640
8773,6735
8664,6820
8625,6916
8593,7033
8470,7146
8280,7267
8049,7505
7947,7689
7843,7953
7633,8067
7429,8333
7235,8536
7093,8765
7014,8939
6867,9064
6806,9081
6741,9151
6685,9140
6694,9146
6730,9146
6753,9034
6789,8905
6866,8689
6995,8529
7071,8328
7203,8112
7312,7916
7406,7714
7545,7523
7695,7371
7795,7182
7923,7072
8018,6899
8130,6774
8255,6734
8350,6665
8438,6638
8553,6674
8623,6640
8619,6686
8624,6769
8633,6841
8575,6862
8486,6939
8447,6983
8285,7102
8231,7193
8142,7305
8028,7382
7951,7507
7813,7557
7644,7619
7535,7690
7357,7743
7194,7728
7104,7736
7057,7679
6996,7674
6987,7618
7044,7564
7106,7495
7278,7370
7431,7303
7608,7207
7881,7162
8125,7069
8392,7002
8700,6921
9019,6841
9274,6779
9608,6706
9939,6652
10198,6578
10492,6559
10618,6527
10590,6535
10703,6521
10657,6549
10668,6568
10751,6609
10720,6681
10550,6752
10398,6823
10249,6950
10029,7097
9798,7224
9533,7352
9186,7558
8860,7698
8574,7881
8253,8037
8049,8244
7780,8432
7462,8539
7307,8708
7106,8880
6940,8985
6894,8987
6888,8949
6872,8995
6920,8945
6985,8944
7087,8907
7214,8827
7369,8647
7612,8310
7814,8099
8006,7918
8320,7696
8640,7551
8968,7362
9280,7253
9532,7080
9666,6968
9791,6851
9931,6792
10151,6763
10326,6712
10428,6718
10488,6732
10433,6797
10448,6940
10289,7106
10227,7300
10098,7503
10060,7711
9736,7894
9509,8162
9221,8338
8978,8579
8759,8880
8608,9050
8366,9130
8152,9254
7930,9335
7689,9470
7471,9525
7376,9654
7232,9644
7108,9696
7101,9422
7118,9218
7232,9137
7400,8968
7586,8783
7853,8590
8141,8419
8410,8240
8882,7959
9153,7757
9427,7548
9668,7356
9932,7202
10303,7009
10628,6917
10796,6799
11038,6743
11222,6713
11335,6771
11380,6768
11391,6845
11336,6921
11197,7069
11188,7278
11045,7515
10699,7724
10287,7980
9976,8175
9616,8371
9273,8655
8833,8892
8454,9139
8128,9424
7781,9513
7577,9714
7523,9854
7543,10042
7498,10065
7530,10251
7542,10275
7562,10213
7627,10125
7657,9896
7773,9652
7890,9329
8098,8995
8292,8726
8646,8483
9015,8218
9375,8001
9685,7803
10094,7653
10521,7543
10872,7311
11144,7217
11224,7075
11505,6972
11624,7027
11559,7039
11634,7080
11500,7148
11272,7321
11095,7534
11018,7745
10792,7990
10434,8219
10090,8558
9877,8845
9499,9165
9116,9388
8893,9660
8700,9781
8465,9806
8246,9926
8084,9962
7919,9899
7673,9787
7498,9702
7391,9662
7273,9729
7244,9760
7280,9713
7394,9553
7528,9349
7871,9138
8145,8791
8533,8634
8861,8387
9255,8156
9738,7993
10139,7744
10462,7533
10731,7396
11100,7220
11414,7146
11755,7078
11982,6984
12181,6926
12453,6919
12450,6923
12464,6985
12291,7097
12153,7213
11732,7372
11273,7547
10888,7693
10312,7941
9997,8117
9635,8231
9213,8434
8729,8589
8368,8813
8071,9058
7779,9349
7478,9576
7276,9615
7110,9651
6944,9763
6918,9791
6959,9774
6949,9722
7029,9620
7087,9545
7265,9455
7498,9360
7809,9226
7689,8901
7994,8619
8657,8402
8715,8188
8212,7927
7481,7682
6923,7447
6578,7244
6369,7113
6284,7006
6227,6892
6207,6905
6175,6994
6169,7143
6163,7309
6161,7513
6156,7797
6151,8061
6144,8322
6146,8583
6140,8842
6142,9088
6147,9276
6138,9409
6140,9825
6124,10184
6123,10342
6119,10402
6126,10489
6136,10459
6122,10374
6107,10287
6117,10108
6125,9913
6125,9674
6133,9321
6121,9037
6123,8753
6127,8553
6125,8257
6119,7981
6119,7824
6120,7659
6121,7487
6123,7284
6121,7191
6122,7117
6119,7082
6122,7012
6117,6934
6126,6910
6121,6865
6122,6838
6112,6926
6124,6981
6120,6949
6118,6907
6101,6856
6109,6697
6109,6516
6108,6403
6112,6306
6109,6242
6115,6201
6115,6189
6107,6169
6106,6155
6110,6145
6099,6152
6107,6141
6110,6126
6116,6120
6114,6121
6109,6120
6097,6108
6104,6112
6106,6103
6104,6101
6102,6098
6106,6077
6106,6069
6111,6070
6111,6076
6095,6059
6106,6069
6102,6073
6101,6074
6102,6077
6107,6055
6102,6072
6101,6063
6109,6050
6102,6066
6103,6060
6100,6056
6097,6064
6108,6062
6104,6063
6107,6057
6108,6078
6108,6059
6108,6058
6105,6058
6108,6061
6107,6048
6109,6062
6107,6061
6105,6066
6119,6049
6113,6053
6106,6062
6105,6058
6105,6061
6096,6052
6115,6049
6111,6059
6113,6051
6103,6076
6106,6055
6114,6062
6106,6078
6108,6065
6104,6055
6115,6061
6112,6055
6109,6050
6109,6048
6109,6045
6110,6056
6116,6042
6106,6045
6110,6053
6103,6055
6106,6052
6111,6049
6102,6042
6103,6050
6112,6047
6112,6039
6112,6053
6104,6046
6104,6042
6105,6038
6107,6031
6111,6056
6112,6056
6110,6049
6107,6047
6105,6046
6112,6061
6115,6049
6102,6038
6122,6039
6114,6051
6104,6052
6104,6047
6106,6055
6107,6049
6105,6040
6112,6051
6105,6038
6116,6039
6112,6047
6105,6036
6109,6047
6087,6046
6099,6041
6108,6043
6113,6056
6109,6052
6102,6039
6104,6036
6097,6045
6109,6049
6101,6055
6111,6050
6102,6046
6111,6048
6106,6061
6108,6046
6103,6050
6110,6057
6096,6055
6103,6055
6112,6050
6110,6052
6110,6058
6102,6045
6103,6043
6099,6103
6227,6134
6084,6030
6106,6066
6065,6035
6052,5813
6109,6042
6109,6029
6085,6032
6109,6042
6125,6059
6107,6030
6097,6046
6098,6044
6106,6047
6102,6053
6108,6031
6103,6053
6101,6060
6099,6038
6108,6042
6123,6065
6107,6054
6108,6050
6100,6033
6104,6039
6108,6044
6110,6046
6111,6053
6092,6063
6097,6051
6104,6041
6112,6047
6104,6048
6106,6051
6109,6049
6104,6054
6101,6046
6105,6046
6105,6045
6102,6050
6100,6060
6099,6047
6093,6049
6105,6051
6102,6037
6108,6048
6115,6054
6115,6063
6104,6040
6097,6050
6101,6035
6106,6044
6114,6035
6110,6048
6106,6038
6104,6052
6101,6049
6101,6041
6115,6051
6096,6060
6093,6055
6100,6042
6096,6030
6120,6036
6093,6053
6110,6041
6109,6049
6107,6051
6098,6045
6103,6051
6103,6038
6100,6052
6109,6042
6105,6042
6099,6049
6097,6051
6096,6047
6097,6042
6110,6041
6099,6052
6095,6056
6094,6054
6101,6058
6107,6044
6090,6046
6093,6053
6095,6042
6098,6050
6091,6034
6097,6029
6111,6058
6099,6034
6101,6047
6098,6063
6095,6036
6106,6050
6103,6044
6098,6053
6097,6047
6102,6049
6094,6051
6090,6056
6102,6045
6097,6036
6096,6048
6101,6052
6093,6039
6101,6045
6091,6027
6093,6036
6098,6045
6101,6047
6109,6051
6102,6037
6092,6047
6096,6045
6098,6035
6099,6041
6101,6056
6102,6040
6104,6035
6106,6047
6105,6062
6111,6041
6106,6045
6105,6046
6097,6053
6098,6042
6105,6051
6107,6054
6099,6063
6097,6052
6100,6051
6102,6038
6110,6044
6103,6054
6101,6060
6102,6045
6110,6048
6110,6056
6104,6038
6103,6041
6115,6059
6101,6050
6102,6059
6095,6039
6103,6039
6110,6050
6095,6058
6111,6056
6106,6050
6104,6051
6115,6045
6111,6056
6110,6033
6107,6044
6108,6047
6121,6055
6105,6040
6116,6037
6111,6060
6099,6046
6110,6069
6105,6041
6113,6055
6104,6031
6101,6047
6106,6030
6101,6048
6105,6052
6113,6041
6098,6051
6104,6048
6115,6050
6110,6044
6107,6031
6098,6050
6102,6051
6112,6054
6105,6039
6094,6049
6103,6050
6105,6049
6118,6064
6098,6039
6100,6056
6110,6051
6103,6042
6101,6022
6105,6035
6101,6034
6104,6036
6096,6054
6095,6037
6108,6048
6104,6053
6103,6045
6106,6045
6096,6043
6099,6041
6096,6051
6101,6039
6105,6056
6104,6044
6110,6048
6098,6045
6101,6048
6108,6049
6114,6040
6093,6035
6102,6038
6106,6049
6102,6037
6103,6048
6100,6035
6108,6044
6100,6058
6106,6042
6105,6036
6099,6040
6101,6046
6113,6054
6103,6038
6092,6025
6104,6041
6111,6049
6110,6026
6105,6050
6091,6041
6103,6041
6104,6050
6106,6044
6111,6055
6115,6051
6102,6052
6105,6049
6104,6046
6110,6044
6112,6050
6100,6046
6103,6059
6118,6049
6100,6054
6115,6052
6109,6037
6109,6054
6109,6048
6116,6039
6117,6051
6115,6040
6110,6053
6130,6038
6119,6061
6114,6061
6108,6037
6109,6039
6113,6038
6109,6045
6120,6034
6116,6055
6113,6057
6112,6041
6101,6045
6110,6057
6113,6045
6112,6044
6109,6050
6101,6041
6113,6059
6108,6045
6107,6050
6038,5968
6090,6032
6091,6031
6124,6072
6126,6060
6113,6046
6108,6040
6112,6029
6122,6058
6104,6040
6109,6046
6121,6057
6104,6056
6100,6061
6106,6040
6101,6056
6099,6038
6104,6048
6109,6047
6111,6044
6110,6061
6114,6048
6103,6101
6108,6046
6103,6049
6107,6044
6113,6041
6112,6040
6109,6050
6107,6041
6106,6035
6114,6030
6122,6054
6109,6053
6110,6047
6109,6047
6108,6039
6116,6046
6107,6052
6110,6054
6119,6047
6099,6029
6113,6046
6110,6056
6111,6049
6111,6046
6106,6051
6104,6046
6114,6041
6112,6056
6106,6041
6105,6046
6104,6021
6113,6045
6113,6053
6110,6043
6117,6052
6110,6062
6111,6064
6102,6058
6120,6044
6113,6059
6118,6052
6112,6049
6106,6053
6117,6054
6115,6046
6118,6055
6117,6048
6100,6049
6114,6053
6124,6046
6108,6048
6119,6058
6112,6059
6111,6052
6118,6063
6115,6048
6122,6055
6120,6061
6120,6039
6115,6049
6123,6045
6118,6059
6120,6041
6114,6059
6114,6052
6121,6057
6122,6056
6110,6052
6115,6047
6112,6055
6118,6054
6110,6053
6114,6050
6117,6047
6115,6061
6115,6050
6118,6073
6124,6048
6110,6063
6114,6047
6118,6056
6118,6052
6116,6054
6111,6050
6118,6053
6114,6044
6114,6044
6112,6062
6112,6052
6110,6058
6114,6056
6108,6048
6114,6051
6117,6048
6121,6056
6117,6052
6117,6058
6119,6046
6113,6048
6119,6060
6111,6065
6125,6054
6111,6063
6115,6056
6108,6049
6118,6052
6121,6040
6111,6054
6111,6054
6111,6050
6112,6050
6116,6045
6111,6045
6113,6049
6116,6041
6111,6044
6119,6037
6116,6051
6112,6061
6120,6052
6115,6040
6118,6044
6117,6060
6114,6044
6115,6045
6113,6050
6114,6054
6109,6054
6108,6062
6120,6066
6120,6066
6116,6051
6113,6038
6113,6060
6114,6045
6108,6050
6117,6048
6115,6056
6115,6053
6124,6045
6117,6059
6119,6053
6114,6051
6115,6041
6128,6040
6107,6045
6108,6049
6116,6057
6117,6054
6124,6035
6118,6057
6118,6051
6118,6054
6118,6054
6112,6050
0,28
0,61680
0,0
6115,6055
5596,5574
5595,5569
5605,5578
5596,5563
5607,5568
5602,5565
5596,5573
5594,5576
5809,5756
6322,6311
6277,6303
6315,6293
6322,6292
6288,6321
6288,6298
6291,6308
6291,6294
6300,6294
6294,6322
6303,6325
6296,6329
6290,6355
6293,6342
6320,6322
6306,6318
6310,6342
6299,6347
6290,6346
6311,6341
6303,6327
6298,6314
6260,6335
6284,6345
6290,6334
6278,6331
6286,6335
6304,6340
6316,6372
6308,6382
6300,6345
6289,6336
6274,6336
6271,6334
6273,6343
6282,6338
6288,6348
6287,6327
6269,6321
6282,6330
6306,6355
6289,6358
6268,6350
6295,6335
6282,6339
6298,6348
6297,6343
6305,6323
6324,6349
6294,6351
6315,6320
6307,6329
6286,6332
6275,6304
6274,6311
6289,6324
6321,6337
6299,6348
6301,6330
6312,6340
6312,6348
6287,6340
6291,6304
6290,6322
6287,6315
6283,6316
6296,6323
6289,6318
6296,6319
6307,6322
6289,6336
6285,6334
6278,6337
6297,6330
6309,6328
6290,6323
6254,6333
6270,6346
6285,6349
6287,6323
6291,6299
6302,6344
6279,6344
6282,6377
6297,6346
6316,6350
6286,6342
6277,6346
6295,6327
6302,6328
6285,6347
6298,6319
6293,6334
6294,6312
6279,6303
6278,6335
6268,6324
6293,6336
6299,6301
6301,6342
6290,6327
6281,6303
6276,6355
6282,6344
6303,6363
6299,6365
6301,6296
6310,6305
6292,6333
6299,6320
6290,6319
6289,6326
6287,6347
6295,6331
6294,6340
6285,6333
6282,6346
6300,6336
6288,6323
6288,6322
6295,6329
6280,6355
6287,6355
6282,6354
6286,6326
6286,6343
6303,6328
6292,6305
6291,6332
6281,6339
6285,6375
6279,6338
6285,6360
6281,6353
6275,6330
6280,6336
6287,6345
6300,6335
6293,6324
6277,6329
6283,6311
6288,6331
6278,6331
6306,6338
6305,6338
6310,6345
6299,6348
6279,6334
6306,6334
6287,6332
6277,6325
6273,6336
6256,6355
6287,6328
6282,6353
6284,6337
6288,6361
6310,6355
6291,6325
6268,6332
6264,6335
6262,6334
6276,6362
6280,6339
6281,6346
6277,6366
6298,6385
6306,6349
6273,6368
6275,6364
6285,6353
6273,6360
6277,6327
6264,6303
6280,6308
6284,6325
6299,6335
6286,6320
6272,6352
6264,6355
6271,6344
6267,6355
6254,6370
6264,6387
6276,6374
6274,6376
6277,6367
6278,6358
6266,6372
6281,6348
6276,6366
6299,6360
6274,6385
6263,6399
6272,6335
6289,6379
6270,6379
6280,6352
6271,6367
6260,6377
6259,6364
6267,6363
6270,6345
6268,6387
6270,6350
6286,6376
6282,6383
6279,6379
6254,6393
6252,6369
6284,6383
6269,6378
6279,6358
6266,6363
6251,6366
6263,6356
6264,6349
6264,6352
6265,6372
6273,6377
6269,6375
6265,6373
6259,6366
6272,6384
6247,6370
6253,6359
6251,6374
6256,6379
6252,6356
6241,6364
6081,6427
6284,6417
6181,6364
6228,6345
6306,6454
6218,6328
6290,6478
6207,6406
6272,6407
6280,6401
6262,6392
6253,6360
6251,6361
6285,6379
6251,6365
6271,6388
6266,6434
6274,6430
6266,6386
6249,6393
6259,6385
6249,6369
6224,6362
6236,6386
6251,6363
6239,6345
6235,6343
6247,6344
6249,6352
6246,6368
6248,6378
6244,6386
6217,6359
6232,6388
6244,6388
6240,6382
6248,6393
6256,6373
6262,6372
6270,6409
6255,6406
6255,6390
6260,6379
6239,6388
6247,6391
6262,6379
6252,6410
6246,6387
6253,6374
6241,6395
6232,6395
6236,6390
6239,6354
6252,6367
6245,6369
6242,6355
6233,6408
6235,6359
6234,6378
6250,6395
6237,6374
6256,6413
6268,6398
6239,6382
6231,6355
6239,6387
6241,6380
6249,6356
6227,6368
6245,6364
6244,6351
6220,6351
6244,6352
6244,6347
6247,6370
6243,6364
6247,6401
6243,6414
6233,6396
6237,6409
6242,6384
6239,6423
6235,6384
6241,6387
6217,6376
6220,6395
6237,6405
6228,6388
6231,6414
6240,6408
6252,6397
6244,6401
6215,6384
6218,6382
6226,6400
6233,6377
6246,6381
6242,6377
6244,6356
6228,6399
6235,6365
6246,6382
6234,6390
6227,6419
6222,6393
6237,6384
6233,6406
6227,6356
6227,6363
6223,6347
6226,6361
6230,6371
6223,6339
6243,6362
6231,6369
6238,6391
6236,6373
6224,6413
6234,6384
6235,6408
6236,6398
6241,6402
6221,6408
6236,6411
6224,6378
6208,6391
6228,6385
6233,6404
6232,6388
6252,6399
6231,6405
6220,6390
6226,6390
6226,6385
6237,6378
6219,6403
6222,6411
6227,6413
6237,6406
6229,6436
6222,6409
6221,6411
6217,6437
6220,6405
6216,6434
6209,6432
6223,6433
6230,6394
6216,6407
6218,6413
6213,6406
6228,6385
6227,6409
6229,6405
6230,6412
6228,6400
6237,6423
6233,6431
6237,6411
6227,6400
6215,6405
6226,6406
6219,6423
6224,6412
6234,6403
6217,6422
6226,6430
6225,6404
6222,6406
6210,6435
6220,6436
6228,6442
6206,6414
6215,6439
6225,6460
6212,6419
6214,6383
6220,6375
6212,6368
6225,6380
6224,6395
6208,6340
6219,6358
6222,6387
6231,6389
6232,6390
6222,6415
6226,6374
6222,6410
6217,6404
6233,6399
6233,6411
6216,6389
6218,6406
6218,6439
6236,6433
6224,6443
6219,6422
6219,6425
6221,6454
6218,6417
6226,6430
6223,6424
6210,6416
6247,6424
6227,6396
6211,6397
6230,6420
6217,6416
6223,6435
6223,6421
6228,6413
6222,6417
6214,6425
6215,6421
6231,6412
6218,6423
6213,6429
6214,6412
6228,6430
6217,6415
6228,6385
6208,6403
6209,6408
6217,6387
6222,6421
6218,6396
6212,6430
6217,6406
6225,6405
6223,6363
6225,6375
6236,6372
6225,6374
6231,6396
6220,6405
6228,6419
6220,6405
6202,6406
6216,6388
6223,6398
6216,6417
6219,6409
6216,6399
6221,6369
6217,6402
6206,6387
6209,6368
6214,6385
6220,6382
6220,6371
6208,6369
6227,6388
6222,6396
6215,6402
6224,6401
6226,6388
6234,6390
6222,6391
6224,6382
6224,6378
6238,6400
6235,6405
6222,6398
6224,6385
6235,6386
6223,6396
6231,6395
6225,6406
6237,6446
6208,6322
6222,6381
6226,6421
6232,6396
6219,6398
6229,6408
6244,6407
6241,6398
6221,6397
6231,6389
6222,6378
6227,6351
6222,6369
6235,6381
6243,6394
6231,6393
6221,6397
6237,6413
6244,6394
6243,6405
6226,6395
6223,6380
6226,6371
6243,6399
6217,6386
6235,6387
6223,6370
6221,6359
6241,6374
6216,6371
6235,6377
6229,6372
6233,6371
6232,6373
6234,6366
6220,6358
6235,6356
6231,6350
6237,6359
6230,6332
6230,6354
6230,6398
6233,6372
6232,6378
6228,6401
6236,6367
6232,6382
6225,6379
6217,6374
6229,6380
6225,6345
6225,6368
6243,6370
6237,6357
6231,6364
6232,6371
6240,6379
6230,6379
6231,6374
6240,6389
6237,6358
6241,6352
6237,6343
6237,6344
6239,6339
6233,6359
6233,6351
6237,6334
6229,6330
6226,6346
6239,6358
6238,6343
6264,6327
6251,6335
6244,6332
6246,6348
6219,6345
6216,6334
6229,6340
6220,6331
6219,6338
6222,6354
6234,6331
6242,6327
6223,6366
6234,6370
6226,6360
6231,6355
6251,6350
6255,6385
6238,6345
6246,6358
6231,6352
6232,6354
6229,6348
6223,6349
6247,6365
6241,6346
6235,6331
6235,6342
6232,6336
6224,6337
6231,6336
6244,6345
6249,6350
6240,6358
6264,6370
6237,6365
6245,6330
6244,6335
6244,6351
6248,6372
6246,6365
6270,6363
6263,6349
6268,6365
6275,6353
6282,6348
6279,6355
6280,6348
6271,6330
6304,6368
6304,6368
6333,6354
6348,6335
6374,6334
6372,6352
6430,6353
6451,6353
6465,6359
6500,6347
6546,6354
6578,6354
6612,6340
6629,6320
6659,6305
6661,6336
6677,6349
6715,6323
6735,6340
6801,6313
6841,6333
6946,6336
7057,6330
7192,6321
7284,6362
7533,6359
7724,6339
7926,6335
8177,6340
8354,6336
8511,6332
8729,6347
8767,6358
8866,6366
8824,6371
8796,6358
8740,6406
8702,6388
8618,6409
8567,6454
8393,6468
8260,6497
8085,6551
7945,6544
7688,6614
7482,6694
7331,6717
7161,6766
7058,6836
6930,6899
6897,6989
6806,7045
6793,7125
6836,7214
6847,7233
6938,7313
7030,7372
7146,7482
7283,7495
7433,7505
7667,7472
7775,7441
7954,7471
8206,7387
8327,7307
8416,7189
8591,7105
8798,7017
8983,6921
9222,6844
9359,6820
9512,6758
9582,6760
9600,6761
9556,6824
9597,6881
9543,6925
9435,7022
9240,7135
8972,7230
8802,7330
8627,7485
8394,7625
8144,7765
7871,7830
7588,7860
7423,8001
7199,8118
7105,8223
7043,8244
7001,8298
7002,8317
7041,8246
7058,8186
7160,8208
7225,8060
7376,7877
7552,7747
7758,7601
7902,7488
8093,7407
8193,7334
8419,7245
8638,7131
8724,7039
8888,6956
9151,6804
9210,6767
9344,6712
9531,6688
9538,6656
9574,6678
9510,6769
9499,6906
9495,7047
9481,7159
9350,7334
9236,7514
9072,7780
8807,8048
8556,8246
8320,8454
8021,8699
7802,8802
7554,8979
7283,9095
7124,9263
6974,9324
6859,9307
6824,9298
6828,9187
6856,9121
6932,8919
7051,8755
7245,8613
7487,8488
7731,8264
7974,8071
8340,7902
8744,7741
9097,7551
9489,7462
9796,7341
9880,7146
10070,7021
10341,6912
10501,6745
10465,6589
11063,6994
11248,6773
11340,6807
11312,6790
11188,6849
11024,6964
10770,7116
10456,7236
10185,7441
9764,7611
9479,7878
9152,8125
8766,8400
8473,8538
8237,8699
8066,8954
7835,9111
7580,9221
7492,9310
7360,9376
7240,9455
7152,9398
7135,9254
7089,9206
7077,9143
7116,8912
7148,8763
7232,8711
7381,8465
7523,8210
7685,7979
7861,7768
8067,7513
8237,7323
8487,7132
8720,6990
8963,6867
9244,6800
9376,6725
9513,6680
9618,6674
9679,6706
9751,6769
9742,6847
9697,6990
9600,7198
9495,7340
9471,7535
9244,7783
9129,8047
8899,8187
8658,8363
8428,8527
8144,8699
7863,8768
7637,8814
7410,8876
7215,8920
7073,9010
6950,9064
6804,9006
6750,8921
6714,8740
6722,8765
6755,8780
6829,8686
6914,8546
7019,8481
7163,8378
7318,8221
7486,8036
7600,7933
7787,7665
7943,7440
8064,7255
8242,7141
8471,7005
8595,6907
8762,6811
8945,6775
9031,6715
9133,6691
9070,6699
9151,6768
9124,6832
9087,6923
8989,7023
8895,7100
8727,7297
8534,7403
8308,7595
8098,7785
7840,7950
7635,8088
7418,8150
7291,8338
7105,8364
6985,8354
6876,8389
6846,8452
6813,8394
6808,8352
6862,8286
6878,8234
6877,8168
6904,8090
6996,7938
7041,7840
7118,7743
7204,7608
7386,7532
7467,7419
7640,7326
7775,7204
7885,7048
8033,6908
8237,6818
8435,6724
8652,6671
8802,6630
8896,6654
8985,6658
8980,6682
9048,6725
9039,6800
8992,6942
8921,7022
8764,7130
8656,7287
8578,7377
8521,7522
8377,7666
8177,7803
7966,7918
7720,7985
7515,8084
7284,8134
7055,8120
6886,8114
6784,8127
6695,8091
6636,8036
6618,7963
6637,7867
6658,7861
6694,7792
6804,7785
6906,7679
7051,7627
7185,7499
7337,7422
7511,7371
7634,7235
7839,7137
8087,7066
8293,6898
8425,6808
8612,6722
8795,6646
8889,6579
9038,6543
9201,6540
9284,6543
9360,6593
9374,6636
9347,6689
9177,6750
9020,6864
8938,6944
8808,7042
8702,7134
8521,7286
8385,7444
8142,7553
7887,7652
7657,7807
7534,7971
7342,8090
7158,8110
7034,8119
6872,8127
6815,8123
6716,8089
6696,8040
6688,8022
6725,7937
6759,7813
6838,7697
6959,7642
7072,7525
7202,7498
7341,7320
7514,7268
7746,7114
7875,6975
8063,6863
8182,6793
8343,6716
8504,6645
8677,6580
8804,6548
8967,6522
9013,6538
9040,6605
9004,6693
8984,6792
8883,6928
8833,7055
8711,7190
8557,7404
8376,7531
8172,7670
8014,7746
7834,7916
7711,8039
7523,8217
7357,8317
7252,8352
7147,8354
7051,8495
6954,8535
6914,8495
6817,8474
6808,8398
6768,8367
6810,8276
6858,8194
6939,8105
7094,7999
7228,7857
7380,7667
7578,7549
7754,7421
7981,7271
8186,7145
8347,7006
8676,6905
8858,6788
9051,6720
9247,6668
9408,6596
9450,6571
9510,6570
9659,6572
9726,6628
9757,6729
9749,6784
9552,6909
9503,7053
9319,7150
9026,7311
8797,7451
8618,7642
8400,7754
8185,7856
7960,7985
7755,8133
7586,8169
7389,8243
7210,8323
7044,8331
6933,8354
6852,8368
6783,8381
6730,8385
6732,8326
6764,8291
6732,8080
6977,8100
6982,7923
7261,7871
7308,7636
7472,7528
7710,7446
7950,7316
8154,7171
8364,7011
8652,6959
8877,6853
8929,6764
9091,6695
9216,6624
9311,6632
9314,6622
9349,6676
9412,6726
9361,6786
9326,6910
9276,7033
9071,7156
8743,7298
8444,7435
8240,7587
7987,7759
7817,7879
7551,8077
7366,8172
7174,8223
7001,8413
6871,8612
6777,8727
6723,8720
6678,8773
6664,8813
6677,8754
6707,8682
6796,8643
6877,8488
6999,8353
7142,8158
7273,8087
7449,7998
7571,7831
7744,7603
7908,7498
8090,7336
8175,7171
8405,7006
8656,6909
8790,6738
8819,6645
8995,6576
9068,6555
8985,6593
9127,6634
9131,6689
9121,6765
9102,6896
9155,7034
9243,7180
9059,7318
8869,7524
8828,7669
8738,7748
8530,7923
8302,8073
8040,8169
7848,8223
7636,8293
7449,8312
7389,8374
7224,8509
6947,8544
6842,8543
6766,8331
6745,8240
6774,8123
6873,7954
6976,7826
7108,7650
7284,7549
7448,7395
7631,7333
7847,7162
8041,7033
8249,6920
8352,6806
8512,6731
8712,6650
8745,6622
8816,6568
8867,6587
8864,6589
8906,6604
8826,6624
8781,6713
8634,6804
8621,6929
8547,7053
8473,7107
8286,7289
8081,7477
7933,7656
7840,7966
7673,8099
7413,8295
7276,8537
7123,8753
7009,8945
6887,9073
6846,9110
6764,9133
6726,9174
6672,9122
6717,9157
6742,9033
6801,8852
6862,8631
6983,8494
7065,8318
7206,8099
7294,7908
7385,7695
7555,7540
7757,7317
7812,7181
7946,7055
8039,6887
8161,6803
8265,6705
8384,6676
8435,6658
8593,6670
8642,6642
8653,6698
8677,6764
8703,6831
8616,6862
8555,6924
8510,6982
8321,7096
8300,7219
8211,7323
8085,7413
7973,7539
7838,7537
7707,7562
7539,7695
7400,7752
7229,7768
7172,7691
7073,7647
7035,7668
7026,7607
7034,7558
7107,7489
7297,7419
7412,7342
7587,7219
7838,7195
8107,7092
8367,7032
8677,6935
8993,6839
9301,6809
9558,6733
9861,6626
10241,6594
10435,6544
10596,6536
10527,6538
10592,6523
10628,6550
10723,6580
10667,6615
10708,6695
10488,6749
10386,6808
10195,6944
9970,7106
9876,7202
9508,7403
9207,7545
8826,7702
8620,7858
8241,8036
8044,8265
7764,8468
7505,8617
7358,8783
7141,8994
6995,9058
6906,9043
6917,9098
6837,9057
6935,9037
6946,9065
7048,9010
7179,8910
7355,8733
7540,8440
7789,8213
8033,7968
8265,7743
8532,7610
8859,7392
9186,7242
9472,7110
9584,7000
9697,6869
9956,6803
10155,6768
10265,6722
10355,6712
10470,6739
10508,6787
10475,6953
10375,7076
10200,7259
10200,7487
10047,7707
9738,7891
9504,8160
9240,8303
9054,8565
8835,8885
8658,9044
8453,9147
8201,9269
7966,9333
7703,9472
7532,9566
7352,9718
7226,9639
7107,9664
7083,9398
7130,9273
7199,9180
7362,8997
7539,8797
7777,8638
8031,8449
8289,8271
8744,8031
9080,7786
9388,7549
9658,7379
9867,7175
10260,7026
10518,6932
10715,6810
11016,6719
11189,6748
11359,6781
11433,6756
11510,6846
11431,6923
11303,7061
11282,7292
11126,7528
10780,7734
10398,7939
10067,8111
9607,8360
9268,8603
8777,8784
8371,9040
7966,9152
7870,9657
7518,9628
7556,9752
7530,9960
7550,10095
7628,10242
7547,10239
7524,10216
7575,10027
7612,9933
7734,9651
7835,9433
8001,9044
8269,8746
8599,8536
8985,8290
9329,8087
9666,7871
9993,7697
10440,7480
10766,7327
10994,7170
11206,7090
11475,7029
11526,7000
11547,7033
11555,7031
11449,7123
11302,7275
11085,7504
11078,7705
10765,7925
10483,8175
10061,8510
9929,8756
9527,9029
9187,9316
8958,9545
8801,9680
8503,9823
8339,9924
8144,9915
7985,9835
7718,9775
7554,9664
7409,9691
7313,9686
7268,9818
7224,9716
7321,9610
7550,9346
7829,9194
8125,8943
8471,8670
8843,8462
9174,8224
9630,8038
10030,7814
10387,7590
10718,7454
11044,7285
11387,7200
11673,7086
11942,6984
12135,6901
12442,6877
12413,6902
12429,6940
12305,7058
12171,7154
11865,7343
11313,7509
10960,7633
10429,7894
10149,8046
9703,8210
9332,8397
8854,8558
8477,8714
8214,9003
7904,9306
7553,9520
7352,9611
7117,9711
6991,9787
6923,9872
6950,9775
6929,9741
6952,9668
7029,9649
7189,9528
7412,9456
7701,9321
7609,9029
7899,8775
8539,8503
8609,8270
8140,7972
7457,7701
6913,7486
6564,7307
6364,7110
6290,7029
6232,6906
6198,6913
6182,6974
6166,7079
6158,7221
6161,7426
6163,7627
6145,7907
6148,8175
6140,8435
6145,8689
6134,8920
6139,9111
6135,9275
6136,9597
6131,10043
6120,10274
6128,10295
6125,10391
6125,10406
6122,10377
6125,10306
6136,10125
6124,9917
6125,9707
6123,9368
6117,9072
6122,8812
6132,8594
6115,8316
6115,8066
6115,7823
6124,7707
6120,7539
6111,7356
6126,7217
6117,7142
6122,7093
6114,7006
6114,6904
6114,6860
6120,6837
6122,6852
6112,6926
6112,6964
6111,6943
6111,6875
6110,6816
6112,6686
6114,6545
6113,6379
6114,6307
6106,6237
6111,6214
6109,6188
6105,6177
6111,6170
6101,6165
6105,6136
6106,6126
6105,6122
6105,6126
6108,6125
6108,6122
6106,6122
6103,6120
6105,6113
6105,6105
6099,6082
6101,6084
6104,6074
6110,6067
6112,6057
6099,6056
6110,6084
6108,6071
6104,6071
6105,6071
6111,6063
6110,6072
6101,6063
6089,6047
6107,6064
6110,6064
6109,6053
6113,6059
6122,6065
6105,6054
6100,6050
6108,6060
6111,6058
6100,6060
6103,6051
6102,6052
6103,6054
6103,6061
6104,6041
6107,6060
6115,6052
6117,6054
6110,6068
6111,6058
6109,6064
6100,6064
6117,6060
6114,6059
6112,6047
6110,6048
6107,6009
6118,6054
6116,6071
6108,6043
6099,6044
6112,6048
6110,6051
6109,6056
6113,6048
6113,6055
6109,6054
6117,6042
6108,6055
6113,6056
6106,6038
6112,6048
6110,6037
6098,6042
6107,6050
6108,6048
6110,6041
6110,6043
6112,6038
6111,6038
6110,6056
6112,6037
6111,6052
6105,6050
6102,6049
6114,6051
6108,6054
6111,6043
6103,6048
6110,6036
6118,6044
6113,6052
6108,6047
6110,6048
6107,6042
6108,6047
6108,6039
6110,6052
6105,6036
6113,6040
6108,6025
6107,6034
6108,6049
6108,6031
6104,6029
6106,6044
6110,6046
6114,6043
6103,6040
6109,6046
6178,6109
6185,6127
6092,6029
6093,6029
6135,6071
6100,6065
6111,6068
6097,6042
6106,6065
6108,6046
6105,6056
6100,6049
6108,6046
6110,6034
6104,6054
6113,6037
6102,6045
6107,6040
6099,6046
6111,6047
6101,6045
6106,6042
6117,6055
6113,6049
6107,6045
6111,6044
6105,6053
6112,6058
6104,6045
6097,6031
6108,6042
6102,6032
6113,6053
6102,6039
6111,6043
6098,6061
6096,6043
6106,6034
6123,6047
6106,6061
6104,6048
6102,6042
6098,6032
6100,6040
6109,6055
6104,6052
6095,6047
6093,6040
6111,6038
6110,6051
6104,6045
6099,6031
6107,6038
6102,6039
6105,6037
6104,6049
6101,6050
6124,6056
6102,6056
6103,6043
6096,6046
6117,6065
6101,6046
6109,6051
6109,6050
6109,6041
6109,6039
6092,6046
6098,6045
6105,6034
6104,6050
6105,6052
6097,6036
6106,6046
6104,6053
6098,6043
6114,6046
6107,6051
6094,6042
6097,6046
6099,6044
6103,6040
6101,6036
6111,6049
6111,6051
6111,6044
6100,6044
6110,6048
6102,6047
6100,6050
6108,6049
6109,6042
6102,6044
6092,6043
6099,6039
6100,6040
6105,6049
6103,6043
6095,6049
6096,6048
6106,6037
6098,6051
6094,6040
6100,6039
6106,6044
6102,6047
6091,6021
6102,6034
6111,6032
6103,6042
6098,6053
6091,6041
6108,6039
6106,6051
6109,6042
6102,6039
6099,6044
6099,6048
6081,6045
6092,6054
6106,6045
6101,6050
6089,6066
6102,6051
6096,6047
6101,6038
6099,6048
6092,6044
6099,6032
6099,6039
6108,6055
6094,6056
6093,6046
6097,6054
6102,6051
6081,6044
6105,6044
6107,6036
6105,6044
6101,6042
6101,6053
6108,6052
6114,6040
6106,6043
6090,6047
6096,6019
6106,6043
6096,6051
6104,6049
6101,6051
6097,6057
6114,6041
6103,6054
6104,6047
6099,6044
6103,6050
6103,6041
6105,6052
6105,6038
6106,6060
6104,6053
6106,6043
6104,6053
6103,6042
6108,6042
6113,6042
6103,6039
6108,6047
6097,6067
6103,6054
6107,6045
6112,6050
6115,6048
6118,6041
6111,6052
6112,6059
6107,6050
6113,6052
6107,6058
6099,6030
6102,6038
6111,6044
6111,6049
6108,6055
6094,6058
6102,6057
6095,6055
6101,6039
6104,6065
6099,6052
6094,6055
6107,6051
6104,6052
6110,6046
6111,6052
6107,6041
6106,6037
6099,6028
6096,6044
6099,6039
6105,6049
6126,6061
6094,6047
6107,6048
6108,6057
6101,6050
6100,6051
6104,6038
6105,6040
6105,6043
6100,6046
6098,6045
6107,6044
6099,6053
6103,6058
6097,6064
6102,6049
6092,6060
6102,6047
6101,6038
6092,6049
6105,6049
6106,6047
6090,6044
6094,6048
6104,6052
6102,6047
6103,6045
6098,6047
6107,6046
6100,6045
6103,6055
6101,6045
6105,6040
6103,6031
6097,6034
6099,6047
6099,6038
6100,6045
6104,6039
6109,6042
6099,6044
6105,6045
6109,6057
6117,6044
6109,6051
6095,6043
6099,6052
6104,6043
6112,6053
6101,6051
6121,6049
6100,6054
6109,6033
6106,6049
6120,6046
6106,6053
6095,6052
6105,6048
6117,6047
6112,6054
6111,6060
6115,6038
6115,6046
6106,6046
6116,6054
6114,6050
6113,6042
6117,6037
6188,6229
6370,6247
6098,5995
6058,6148
6072,6058
6102,6045
6089,6043
6118,6048
6142,6061
6105,6055
6121,6049
6111,6050
6117,6046
6104,6036
6112,6043
6111,6045
6109,6044
6109,6039
6106,6038
6104,6047
6100,6055
6100,6044
6102,6050
6108,6039
6108,6043
6110,6052
6111,6047
6106,6047
6114,6051
6092,6034
6112,6043
6111,6061
6105,6061
6103,6050
6103,6049
6102,6042
6110,6046
6097,6048
6107,6034
6113,6042
6096,6032
6111,6059
6105,6054
6107,6054
6106,6039
6105,6042
6110,6050
6111,6047
6110,6038
6109,6038
6107,6027
6110,6040
6114,6050
6108,6043
6111,6042
6108,6048
6111,6044
6119,6040
6110,6041
6110,6046
6120,6054
6097,6046
6106,6059
6103,6056
6106,6040
6112,6049
6113,6049
6103,6060
6104,6051
6103,6056
6109,6040
6106,6043
6103,6051
6108,6061
6116,6066
6104,6037
6104,6043
6119,6054
6106,6063
6103,6050
6111,6056
6111,6055
6111,6050
6116,6058
6112,6042
6119,6048
6116,6055
6116,6047
6116,6054
6103,6039
6117,6064
6122,6055
6109,6051
6107,6052
6108,6054
6113,6049
6113,6057
6111,6047
6113,6051
6113,6058
6126,6042
6111,6048
6110,6047
6113,6057
6122,6061
6121,6055
6111,6055
6120,6055
6120,6041
6114,6052
6115,6043
6116,6058
6111,6056
6108,6068
6123,6052
6114,6056
6122,6055
6122,6055
6113,6046
6113,6038
6118,6057
6113,6051
6111,6050
6112,6051
6112,6044
6116,6048
6118,6056
6120,6062
6111,6058
6104,6053
6113,6046
6108,6052
6124,6047
6111,6055
6112,6055
6118,6055
6115,6059
6115,6048
6115,6049
6115,6049
6112,6053
6117,6049
6108,6057
6113,6053
6110,6042
6114,6026
6112,6041
6114,6039
6115,6050
6110,6050
6113,6059
6121,6057
6119,6053
6111,6060
6127,6056
6118,6047
6111,6063
6114,6053
6112,6044
6106,6054
6121,6050
6121,6050
6109,6055
6117,6052
6117,6042
6121,6050
6116,6047
6113,6054
6111,6056
6109,6050
6113,6054
6112,6056
6113,6037
6117,6033
6113,6053
6114,6048
6119,6055
6110,6053
6111,6046
6118,6045
6113,6052
6121,6051
6118,6050
6118,6050
6112,6046
6114,6051
6116,6044
6111,6052
6109,6049
6111,6053
6116,6056
6116,6051
6118,6053
6112,6057
6118,6058
6114,6050
6112,6048
0,34
0,61680
0,0
6111,6053
5590,5565
5591,5584
5604,5581
5596,5583
5602,5571
5603,5571
5587,5573
5595,5566
5820,5749
6315,6316
6291,6297
6314,6283
6307,6299
6278,6319
6286,6307
6292,6288
6297,6298
6281,6313
6304,6315
6310,6351
6295,6330
6293,6348
6292,6339
6309,6331
6320,6321
6295,6340
6286,6336
6311,6339
6307,6336
6304,6321
6297,6331
6274,6331
6274,6317
6291,6326
6278,6330
6276,6321
6289,6327
6303,6355
6297,6370
6303,6339
6276,6340
6283,6355
6273,6325
6271,6361
6287,6352
6290,6364
6275,6344
6285,6326
6293,6315
6303,6340
6292,6352
6285,6353
6289,6333
6281,6346
6304,6370
6300,6347
6318,6308
6317,6343
6295,6338
6313,6324
6322,6323
6286,6315
6280,6287
6273,6315
6280,6326
6303,6343
6273,6346
6311,6321
6321,6341
6310,6379
6294,6338
6283,6313
6277,6340
6289,6311
6292,6307
6283,6302
6275,6296
6298,6307
6289,6324
6293,6336
6287,6329
6288,6336
6316,6330
6311,6311
6294,6323
6288,6320
6256,6346
6267,6371
6268,6316
6285,6323
6294,6331
6279,6334
6300,6352
6306,6350
6309,6362
6292,6352
6276,6335
6290,6318
6313,6305
6287,6347
6295,6315
6296,6335
6289,6309
6279,6315
6277,6310
6264,6316
6290,6331
6308,6324
6297,6333
6300,6330
6290,6324
6278,6347
6291,6339
6296,6341
6284,6357
6300,6310
6313,6315
6295,6335
6292,6315
6296,6313
6276,6350
6278,6383
6291,6339
6291,6344
6285,6339
6277,6355
6294,6335
6283,6310
6294,6324
6312,6340
6287,6355
6288,6351
6278,6343
6283,6328
6272,6325
6297,6321
6289,6308
6289,6343
6266,6355
6303,6375
6290,6348
6294,6341
6283,6358
6280,6320
6281,6350
6289,6353
6305,6309
6288,6341
6289,6349
6284,6336
6282,6341
6285,6322
6300,6332
6325,6336
6299,6321
6288,6351
6278,6338
6297,6343
6300,6329
6288,6323
6283,6329
6257,6334
6290,6326
6286,6332
6294,6356
6295,6336
6301,6343
6292,6340
6269,6342
6268,6335
6254,6337
6283,6348
6276,6336
6289,6348
6289,6350
6282,6379
6293,6348
6279,6351
6280,6344
6278,6348
6284,6338
6274,6318
6260,6327
6262,6316
6280,6342
6293,6347
6281,6317
6274,6345
6271,6355
6280,6367
6292,6347
6279,6351
6269,6373
6276,6376
6274,6382
6277,6379
6278,6347
6268,6359
6286,6363
6274,6358
6286,6384
6268,6354
6281,6357
6271,6365
6280,6376
6272,6379
6282,6365
6280,6380
6265,6353
6243,6363
6275,6364
6272,6347
6263,6377
6274,6358
6305,6369
6297,6373
6273,6384
6270,6383
6231,6325
6270,6388
6297,6395
6270,6356
6243,6363
6248,6368
6267,6374
6257,6353
6250,6346
6259,6390
6283,6385
6264,6374
6267,6374
6254,6378
6278,6363
6249,6370
6248,6366
6247,6364
6260,6392
6249,6369
6239,6356
6242,6404
6263,6382
6259,6381
6259,6390
6247,6396
6254,6421
6236,6442
6246,6403
6257,6410
6271,6401
6263,6377
6251,6356
6254,6373
6269,6395
6265,6365
6269,6370
6269,6407
6280,6421
6268,6404
6253,6387
6252,6411
6241,6375
6245,6372
6256,6385
6247,6367
6250,6355
6234,6327
6249,6358
6252,6359
6248,6362
6233,6379
6247,6377
6227,6370
6237,6366
6234,6381
6250,6367
6258,6398
6259,6381
6246,6357
6243,6427
6250,6384
6240,6395
6244,6391
6246,6374
6244,6372
6255,6384
6239,6415
6251,6364
6252,6384
6252,6393
6222,6392
6238,6366
6229,6362
6243,6368
6244,6372
6227,6370
6226,6421
6229,6383
6249,6411
6239,6374
6235,6386
6234,6423
6241,6403
6253,6382
6237,6362
6242,6379
6250,6388
6232,6373
6223,6379
6234,6373
6237,6369
6224,6359
6230,6358
6232,6358
6247,6367
6237,6375
6256,6390
6235,6413
6239,6401
6234,6413
6231,6401
6231,6403
6232,6401
6224,6391
6216,6373
6227,6382
6232,6401
6232,6391
6231,6400
6237,6406
6246,6406
6237,6400
6224,6381
6219,6407
6230,6389
6235,6366
6238,6392
6242,6384
6241,6373
6250,6360
6238,6384
6242,6381
6250,6410
6224,6423
6215,6380
6227,6377
6229,6407
6222,6370
6234,6363
6222,6347
6222,6348
6228,6375
6228,6358
6243,6354
6237,6389
6247,6383
6232,6382
6224,6406
6226,6406
6228,6415
6221,6392
6241,6415
6217,6415
6217,6374
6223,6381
6223,6382
6226,6402
6227,6399
6230,6385
6246,6411
6233,6411
6236,6415
6225,6397
6229,6401
6222,6403
6228,6386
6210,6420
6217,6411
6234,6411
6234,6431
6224,6436
6215,6417
6218,6447
6219,6404
6225,6440
6214,6440
6220,6441
6229,6433
6218,6427
6226,6415
6223,6404
6226,6408
6222,6409
6223,6400
6227,6433
6217,6403
6228,6413
6225,6426
6234,6407
6224,6389
6220,6418
6220,6416
6223,6412
6223,6397
6233,6430
6223,6414
6231,6424
6218,6391
6219,6402
6218,6439
6214,6435
6216,6445
6217,6407
6220,6423
6224,6433
6217,6442
6223,6395
6214,6390
6218,6380
6228,6377
6219,6371
6218,6344
6219,6376
6218,6378
6221,6378
6224,6409
6217,6421
6229,6383
6223,6434
6227,6427
6232,6398
6223,6403
6210,6403
6223,6437
6210,6418
6226,6427
6222,6445
6209,6458
6214,6453
6214,6432
6209,6439
6223,6431
6231,6426
6218,6436
6221,6426
6220,6403
6218,6408
6213,6426
6205,6413
6223,6430
6223,6437
6216,6405
6223,6429
6222,6425
6220,6413
6222,6414
6215,6421
6215,6443
6214,6429
6222,6404
6219,6417
6219,6414
6217,6408
6216,6412
6211,6390
6223,6396
6229,6410
6213,6411
6225,6385
6219,6399
6233,6371
6216,6387
6216,6375
6238,6382
6232,6394
6221,6408
6228,6436
6217,6414
6206,6381
6221,6399
6222,6385
6209,6409
6213,6401
6220,6380
6215,6381
6214,6414
6214,6379
6216,6368
6179,6290
6513,6659
6265,6393
6225,6352
6242,6478
6315,6441
6247,6427
6247,6388
6223,6399
6237,6408
6222,6399
6235,6392
6233,6388
6239,6373
6225,6372
6228,6388
6219,6397
6243,6373
6232,6385
6227,6394
6219,6397
6219,6384
6219,6385
6222,6379
6224,6407
6213,6392
6224,6385
6240,6401
6232,6414
6224,6417
6222,6393
6211,6386
6218,6383
6221,6355
6231,6383
6235,6364
6226,6385
6231,6403
6226,6403
6236,6416
6235,6400
6241,6409
6229,6383
6225,6370
6234,6366
6239,6401
6234,6388
6230,6384
6228,6381
6233,6364
6232,6368
6234,6366
6231,6351
6231,6359
6236,6366
6216,6382
6241,6359
6219,6358
6225,6349
6230,6360
6224,6362
6227,6339
6232,6374
6229,6384
6224,6364
6240,6375
6233,6382
6232,6369
6225,6374
6223,6393
6228,6364
6236,6380
6239,6347
6237,6363
6237,6368
6240,6364
6234,6366
6236,6376
6234,6379
6228,6374
6225,6374
6227,6380
6230,6338
6237,6358
6243,6356
6221,6342
6233,6332
6236,6344
6246,6349
6248,6345
6231,6345
6229,6345
6232,6360
6244,6333
6249,6316
6242,6327
6248,6332
6243,6345
6219,6341
6231,6346
6227,6329
6224,6315
6213,6332
6239,6353
6239,6335
6248,6335
6234,6352
6230,6344
6226,6354
6230,6342
6249,6373
6233,6358
6239,6355
6235,6365
6232,6354
6226,6333
6216,6345
6223,6369
6232,6364
6247,6358
6232,6355
6227,6332
6223,6365
6235,6331
6225,6342
6239,6352
6240,6376
6237,6351
6246,6356
6249,6364
6241,6351
6241,6346
6247,6360
6252,6365
6253,6358
6263,6370
6251,6354
6273,6368
6271,6363
6269,6344
6271,6344
6276,6333
6271,6339
6312,6343
6288,6353
6336,6352
6357,6321
6368,6352
6379,6376
6421,6353
6447,6355
6494,6348
6497,6357
6542,6351
6589,6351
6588,6381
6626,6322
6643,6311
6675,6345
6674,6335
6703,6351
6718,6331
6781,6327
6861,6340
6939,6340
7039,6330
7157,6325
7331,6351
7554,6358
7730,6348
7922,6339
8132,6339
8343,6319
8539,6353
8673,6346
8765,6358
8851,6330
8847,6359
8799,6390
8730,6396
8742,6399
8676,6406
8512,6441
8388,6457
8272,6523
8096,6554
7904,6553
7700,6608
7478,6687
7325,6737
7175,6765
7030,6835
6933,6891
6882,6983
6809,7050
6775,7115
6799,7206
6854,7248
6935,7301
7047,7393
7135,7459
7294,7526
7437,7507
7640,7472
7851,7465
7985,7440
8168,7392
8309,7303
8399,7211
8572,7105
8790,6971
9026,6903
9190,6847
9349,6797
9539,6794
9611,6749
9570,6762
9585,6808
9540,6869
9596,6934
9440,7001
9249,7103
9011,7250
8802,7348
8611,7454
8404,7629
8088,7736
7869,7820
7564,7888
7389,8009
7217,8145
7132,8220
7045,8274
6984,8272
6990,8317
7034,8199
7096,8245
7175,8174
7238,8071
7376,7916
7537,7762
7736,7605
7931,7502
8079,7410
8191,7336
8453,7244
8632,7123
8739,7021
8871,6962
9136,6830
9226,6765
9359,6752
9520,6690
9625,6650
9614,6673
9530,6781
9526,6897
9505,7053
9465,7156
9334,7325
9257,7532
9058,7765
8834,8039
8569,8254
8284,8462
8036,8661
7792,8762
7582,8977
7263,9052
7243,9300
6943,9313
6923,9354
6826,9291
6788,9200
6877,9054
6909,8897
7055,8752
7240,8597
7520,8437
7711,8223
8001,8047
8326,7918
8732,7706
9052,7558
9476,7447
9796,7332
9917,7182
10064,7036
10241,6930
10571,6826
10732,6784
10966,6765
11135,6799
11309,6823
11291,6843
11191,6887
11059,6975
10740,7090
10401,7215
10192,7438
9818,7606
9407,7848
9123,8121
8803,8388
8520,8534
8268,8748
8045,8966
7864,9153
7602,9258
7446,9350
7377,9443
7203,9440
7138,9436
7117,9306
7096,9222
7078,9133
7107,8927
7132,8771
7264,8757
7397,8466
7536,8205
7679,7987
7866,7715
8039,7527
8274,7369
8497,7165
8715,6984
8928,6867
9194,6806
9416,6763
9497,6690
9582,6663
9710,6700
9755,6772
9754,6852
9676,6981
9601,7187
9507,7319
9458,7549
9282,7775
9060,8058
8894,8186
8647,8382
8425,8583
8134,8702
7855,8754
7657,8833
7400,8988
7219,8974
7051,9004
6938,9001
6832,9044
6755,8907
6724,8723
6721,8760
6752,8798
6840,8689
6898,8548
7014,8527
7186,8386
7340,8211
7459,8069
7580,7930
7776,7661
7909,7466
8065,7290
8240,7129
8459,7013
8635,6898
8793,6809
8974,6749
9038,6712
9122,6673
9112,6702
9173,6749
9153,6837
9121,6919
8991,7018
8924,7126
8744,7299
8507,7460
8288,7601
8097,7757
7858,7937
7636,8058
7436,8132
7264,8313
7097,8367
6954,8381
6895,8376
6851,8410
6796,8384
6831,8368
6848,8301
6862,8218
6899,8146
6927,8082
6980,7935
7054,7840
7129,7755
7209,7632
7352,7533
7465,7427
7622,7334
7739,7200
7885,7061
8056,6915
8265,6815
8453,6729
8687,6652
8795,6634
8917,6644
8997,6658
8959,6698
8985,6762
9036,6814
8957,6948
8861,7054
8757,7152
8669,7305
8623,7382
8534,7548
8380,7664
8174,7722
7929,7890
7682,7994
7515,8077
7294,8132
7044,8138
6880,8127
6781,8150
6694,8078
6629,8055
6609,7954
6629,7870
6654,7810
6719,7774
6811,7757
6930,7722
7039,7641
7174,7502
7356,7430
7528,7361
7632,7243
7838,7147
8071,7023
8280,6899
8451,6801
8617,6733
8776,6656
8873,6592
9040,6527
9208,6535
9280,6558
9364,6568
9338,6614
9295,6687
9195,6764
9046,6842
9012,6930
8820,7035
8764,7147
8534,7278
8306,7426
8139,7535
7894,7663
7702,7810
7484,7976
7319,8074
7151,8098
7043,8131
6903,8170
6803,8171
6712,8096
6715,8053
6697,8030
6725,7960
6754,7800
6858,7695
6938,7630
7061,7533
7199,7477
7325,7325
7507,7248
7739,7108
7867,6950
8063,6851
8190,6775
8336,6703
8516,6667
8633,6561
8810,6539
8922,6510
9054,6538
9051,6617
9013,6698
8952,6781
8881,6926
8829,7055
8740,7208
8508,7393
8391,7558
8184,7696
8034,7784
7849,7920
7728,8020
7495,8214
7384,8334
7252,8323
7148,8366
7057,8478
6974,8450
6910,8478
6842,8462
6793,8416
6776,8346
6824,8295
6858,8213
6931,8120
7091,8008
7244,7853
7382,7638
7573,7512
7745,7465
7973,7280
8171,7126
8369,7026
8651,6912
8852,6811
9019,6725
9198,6646
9388,6599
9448,6550
9525,6558
9674,6632
9699,6643
9822,6790
9938,6990
9446,6754
9587,7134
9316,7139
9096,7394
8760,7398
8699,7635
8492,7833
8155,7857
7953,7952
7763,8121
7556,8167
7418,8230
7236,8336
7045,8307
6930,8318
6841,8374
6760,8411
6721,8374
6721,8343
6737,8303
6795,8192
6945,8067
7065,7999
7246,7870
7352,7734
7494,7550
7705,7428
7940,7353
8165,7161
8402,7027
8646,6925
8851,6832
8926,6748
9050,6706
9217,6661
9287,6649
9296,6630
9367,6667
9421,6712
9409,6776
9312,6902
9241,7047
9037,7154
8752,7268
8470,7478
8296,7629
8040,7729
7834,7895
7588,8076
7373,8216
7158,8243
7012,8432
6856,8628
6788,8696
6710,8679
6657,8738
6659,8819
6663,8758
6725,8673
6787,8607
6897,8499
7015,8361
7121,8159
7283,8089
7435,7968
7581,7854
7748,7617
7911,7492
8074,7338
8188,7157
8398,7010
8630,6892
8786,6731
8813,6637
8980,6596
9056,6575
9008,6608
9103,6644
9090,6701
9122,6772
9139,6889
9134,7056
9234,7171
9135,7343
8894,7519
8751,7690
8722,7759
8560,7944
8273,8083
8080,8135
7873,8200
7643,8297
7428,8345
7416,8399
7241,8502
6981,8599
6836,8514
6775,8336
6743,8223
6754,8162
6880,7970
6992,7790
7118,7659
7266,7568
7451,7395
7641,7305
7801,7169
8047,7028
8206,6934
8376,6812
8522,6699
8710,6628
8778,6608
8799,6582
8825,6581
8890,6597
8923,6616
8821,6657
8746,6744
8641,6824
8619,6943
8579,7064
8449,7107
8281,7275
8106,7472
7958,7664
7838,7965
7664,8117
7452,8309
7277,8508
7106,8772
7017,8941
6878,9061
6842,9072
6765,9138
6714,9160
6681,9147
6726,9162
6737,8989
6819,8810
6856,8659
6967,8490
7056,8297
7197,8050
7304,7890
7394,7726
7568,7544
7727,7352
7816,7173
7911,7072
8037,6927
8182,6774
8302,6721
8391,6677
8470,6652
8583,6671
8669,6671
8615,6689
8680,6753
8670,6806
8597,6872
8556,6926
8445,6965
8327,7078
8282,7212
8192,7337
8099,7418
7954,7503
7863,7550
7659,7595
7548,7708
7404,7758
7224,7729
7140,7708
7061,7687
6998,7683
7002,7652
7058,7576
7115,7469
7264,7429
7433,7352
7604,7263
7835,7164
8042,7086
8411,7013
8702,6932
8950,6846
9246,6816
9587,6735
9893,6671
10157,6579
10516,6561
10635,6523
10557,6527
10593,6512
10683,6543
10704,6588
10697,6587
10709,6656
10510,6759
10421,6812
10244,6952
9977,7092
9816,7227
9539,7410
9189,7546
8872,7707
8574,7871
8253,8043
8075,8315
7801,8433
7508,8563
7323,8788
7139,8983
6993,9100
6898,9052
6895,9040
6847,9039
6895,9073
6950,9080
7063,9012
7163,8887
7320,8707
7577,8435
7788,8206
7998,8034
8278,7761
8602,7570
8901,7424
9226,7294
9471,7124
9595,7008
9725,6880
9904,6831
10135,6753
10256,6753
10385,6701
10462,6734
10431,6784
10432,6924
10333,7100
10211,7315
10177,7459
10045,7705
9804,7905
9530,8117
9263,8295
9014,8578
8808,8897
8688,9087
8452,9144
8158,9250
7973,9358
7735,9514
7496,9578
7360,9713
7228,9688
7105,9630
7102,9475
7084,9268
7175,9126
7356,9038
7514,8803
7785,8629
8030,8455
8302,8326
8750,8012
9045,7797
9355,7569
9671,7406
9894,7172
10275,7006
10527,6942
10767,6810
11040,6719
11216,6727
11402,6791
11425,6777
11494,6854
11426,6921
11273,7053
11294,7276
11138,7525
10796,7693
10426,7891
10010,8141
9639,8371
9286,8607
8898,8825
8507,9071
8191,9327
7810,9477
7626,9676
7535,9864
7580,10004
7570,10100
7551,10187
7580,10247
7548,10232
7568,10065
7620,9884
7688,9660
7808,9369
8023,9068
8249,8747
8624,8549
8927,8258
9328,8037
9596,7855
9965,7723
10412,7478
10787,7328
10987,7173
11256,7055
11439,7019
11571,7014
11515,6998
11516,7041
11552,7111
11300,7305
11094,7481
11043,7679
10734,7929
10414,8180
10123,8470
9881,8787
9532,9045
9217,9301
8966,9574
8752,9670
8488,9773
8315,9881
8126,9941
7966,9808
7734,9829
7519,9689
7427,9643
7332,9715
7264,9801
7271,9744
7334,9558
7519,9376
7793,9219
8135,8920
8457,8690
8802,8498
9231,8208
9627,8070
10047,7801
10407,7595
10686,7457
11001,7273
11416,7183
11639,7107
11901,6990
12165,6932
12497,6898
12413,6898
12428,6922
12248,7070
12139,7151
11872,7333
11369,7494
10952,7643
10451,7912
10161,8077
9787,8209
9353,8440
8894,8548
8493,8764
8202,9027
7859,9294
7583,9511
7320,9592
7119,9693
6945,9808
6920,9876
6937,9816
6952,9704
6949,9669
7015,9615
7204,9565
7423,9444
7694,9333
7595,9015
7893,8739
8537,8467
8629,8270
8111,7983
7447,7717
6894,7494
6579,7281
6372,7124
6291,7024
6230,6911
6196,6920
6185,6988
6164,7073
6154,7233
6148,7414
6161,7653
6141,7878
6146,8172
6142,8427
6153,8645
6138,8904
6140,9133
6135,9277
6138,9679
6130,10038
6122,10283
6122,10326
6135,10390
6131,10424
6122,10362
6114,10302
6122,10160
6131,9888
6123,9650
6121,9394
6124,9092
6122,8844
6113,8581
6122,8292
6121,8051
6120,7823
6126,7726
6115,7543
6113,7357
6127,7198
6108,7141
6124,7073
6117,7022
6107,6916
6118,6894
6117,6848
6115,6846
6104,6927
6122,6937
6118,6942
6113,6878
6107,6840
6115,6700
6108,6531
6111,6389
6104,6320
6103,6236
6114,6215
6113,6203
6107,6179
6112,6158
6104,6152
6101,6148
6106,6144
6105,6122
6112,6106
6108,6117
6097,6120
6111,6112
6107,6123
6103,6111
6106,6097
6099,6085
6102,6087
6103,6078
6108,6072
6108,6076
6104,6055
6106,6069
6114,6067
6104,6066
6104,6076
6108,6061
6107,6063
6100,6066
6097,6065
6103,6057
6101,6064
6105,6045
6105,6058
6102,6060
6104,6047
6098,6063
6102,6062
6103,6064
6109,6063
6104,6054
6100,6062
6104,6057
6106,6056
6100,6057
6102,6041
6106,6060
6106,6058
6110,6056
6103,6063
6106,6070
6107,6067
6110,6043
6110,6049
6106,6053
6106,6061
6105,6047
6118,6056
6115,6060
6109,6063
6102,6038
6118,6056
6103,6055
6108,6045
6116,6060
6111,6052
6116,6062
6115,6042
6101,6054
6107,6056
6103,6051
6115,6050
6100,6042
6106,6040
6104,6054
6106,6049
6111,6049
6108,6048
6102,6045
6110,6049
6111,6056
6111,6040
6112,6041
6113,6040
6107,6054
6108,6052
6108,6048
6109,6034
6110,6040
6275,6182
6203,6099
6027,5985
6108,6035
6149,6051
6145,6081
6144,6074
6082,6000
6136,6066
6110,6042
6124,6071
6110,6048
6108,6056
6110,6052
6106,6044
6100,6037
6105,6055
6110,6059
6098,6048
6108,6049
6101,6055
6100,6045
6110,6049
6107,6051
6105,6051
6107,6040
6104,6045
6103,6061
6112,6056
6099,6043
6109,6044
6090,6038
6095,6039
6106,6057
6108,6025
6102,6051
6102,6036
6099,6040
6106,6049
6108,6048
6106,6051
6097,6041
6096,6038
6105,6048
6111,6040
6102,6044
6109,6053
6097,6038
6106,6056
6098,6049
6099,6044
6098,6052
6101,6043
6110,6047
6100,6032
6112,6041
6099,6049
6099,6046
6107,6042
6104,6055
6108,6040
6104,6057
6099,6049
6098,6046
6100,6041
6101,6057
6108,6054
6101,6032
6104,6044
6107,6054
6109,6050
6100,6055
6102,6040
6111,6040
6099,6049
6098,6067
6108,6045
6102,6056
6102,6050
6101,6056
6096,6056
6094,6046
6109,6056
6093,6045
6096,6043
6120,6047
6110,6031
6096,6044
6102,6040
6102,6046
6109,6049
6107,6047
6106,6054
6097,6021
6085,6059
6101,6042
6104,6044
6106,6057
6098,6048
6096,6047
6098,6037
6096,6047
6104,6050
6095,6050
6110,6048
6108,6046
6109,6046
6104,6048
6111,6046
6094,6047
6101,6044
6107,6048
6099,6045
6098,6038
6108,6038
6099,6036
6098,6041
6103,6053
6096,6047
6096,6054
6097,6045
6104,6055
6096,6046
6094,6043
6094,6050
6103,6056
6100,6053
6095,6033
6106,6035
6101,6037
6098,6049
6102,6057
6095,6031
6088,6046
6105,6056
6111,6050
6099,6042
6093,6042
6089,6028
6088,6048
6090,6040
6109,6058
6095,6056
6094,6050
6112,6045
6090,6049
6095,6056
6096,6051
6096,6047
6094,6050
6100,6047
6114,6041
6100,6054
6093,6042
6103,6048
6101,6041
6098,6034
6104,6050
6102,6047
6103,6031
6102,6052
6099,6050
6102,6053
6108,6043
6105,6057
6099,6052
6100,6045
6107,6068
6101,6045
6102,6061
6100,6061
6098,6046
6113,6051
6098,6041
6109,6047
6099,6062
6106,6055
6104,6044
6111,6039
6103,6048
6113,6055
6104,6044
6102,6037
6103,6057
6098,6044
6100,6052
6109,6064
6098,6049
6105,6060
6101,6057
6112,6047
6109,6049
6106,6053
6120,6049
6104,6057
6112,6043
6119,6053
6104,6051
6108,6054
6113,6056
6099,6057
6113,6050
6114,6066
6122,6048
6106,6057
6108,6054
6103,6053
6102,6058
6104,6044
6105,6053
6103,6045
6102,6051
6114,6054
6105,6043
6115,6040
6110,6065
6101,6054
6104,6050
6099,6039
6094,6044
6104,6050
6098,6061
6102,6078
6098,6050
6107,6050
6114,6039
6103,6045
6103,6045
6102,6039
6106,6050
6108,6042
6096,6060
6104,6050
6106,6045
6097,6035
6102,6052
6105,6060
6102,6053
6098,6052
6104,6054
6097,6043
6107,6053
6108,6054
6101,6046
6094,6041
6099,6050
6111,6045
6103,6040
6103,6049
6101,6032
6110,6055
6099,6032
6102,6040
6101,6047
6100,6048
6101,6050
6107,6045
6099,6048
6101,6058
6104,6045
6110,6061
6104,6047
6098,6040
6107,6051
6113,6023
6112,6049
6117,6047
6073,6048
6140,6076
6202,6131
6137,6077
6093,6042
6145,6070
6101,6051
6116,6047
6099,6030
6107,6041
6116,6047
6104,6059
6107,6048
6118,6042
6103,6048
6116,6045
6110,6050
6106,6091
6110,6045
6119,6047
6120,6041
6108,6044
6112,6056
6124,6054
6116,6048
6113,6056
6109,6052
6107,6056
6118,6044
6111,6047
6106,6054
6114,6049
6111,6045
6113,6052
6111,6046
6111,6059
6113,6053
6114,6040
6115,6040
6103,6038
6107,6051
6111,6048
6108,6050
6105,6051
6111,6043
6105,6050
6110,6041
6106,6041
6112,6059
6111,6054
6109,6048
6109,6055
6104,6048
6111,6050
6116,6061
6115,6045
6103,6043
6106,6046
6112,6058
6110,6049
6101,6055
6109,6047
6111,6050
6109,6061
6113,6039
6105,6045
6112,6044
6113,6043
6102,6046
6114,6045
6115,6049
6112,6062
6107,6049
6104,6045
6109,6046
6113,6054
6106,6054
6103,6093
6110,6034
6103,6051
6113,6057
6105,6051
6113,6042
6115,6052
6101,6034
6110,6049
6104,6052
6100,6049
6114,6041
6110,6057
6107,6043
6113,6055
6110,6030
6105,6051
6107,6047
6098,6044
6111,6048
6110,6057
6110,6044
6109,6044
6106,6040
6095,6051
6108,6049
6113,6054
6113,6058
6111,6050
6106,6061
6105,6055
6110,6055
6113,6060
6113,6063
6117,6053
6095,6041
6110,6061
6125,6055
6109,6058
6113,6049
6111,6059
6112,6063
6114,6060
6105,6060
6122,6054
6113,6055
6117,6054
6108,6047
6113,6043
6111,6057
6115,6061
6113,6047
6110,6051
6119,6063
6116,6060
6113,6063
6117,6044
6108,6046
6111,6059
6114,6060
6113,6048
6113,6056
6109,6054
6119,6055
6119,6055
6110,6056
6115,6054
6114,6058
6108,6061
6110,6062
6111,6058
6116,6046
6126,6056
6117,6053
6118,6051
6117,6057
6109,6055
6111,6056
6114,6061
6113,6053
6105,6060
6112,6059
6106,6050
6113,6050
6118,6048
6117,6058
6117,6058
6113,6056
6113,6053
6114,6055
6108,6050
6104,6058
6107,6057
6116,6044
6112,6053
6116,6048
6111,6056
6111,6055
6118,6049
6108,6059
6112,6054
6114,6048
6118,6055
6115,6040
6110,6057
6111,6051
6112,6061
6109,6046
6115,6063
6115,6063
6120,6071
6111,6056
6115,6061
6120,6053
6117,6046
6114,6060
6117,6044
6116,6053
6119,6061
6107,6057
6112,6053
6118,6049
6112,6060
6118,6053
6112,6058
6110,6062
6107,6059
6120,6056
6113,6040
6108,6046
6113,6057
6113,6057
6115,6046
6112,6062
6113,6059
6110,6059
6117,6058
6116,6056
6115,6057
6115,6063
6114,6042
6112,6058
6112,6057
0,27
0,61680
0,0
6114,6053
5594,5577
5601,5567
5602,5574
5600,5575
5590,5589
5599,5579
5602,5574
5602,5571
5820,5756
6322,6316
6275,6308
6320,6297
6325,6311
6269,6322
6285,6290
6287,6307
6286,6295
6291,6314
6294,6300
6292,6337
6297,6329
6303,6342
6294,6355
6311,6342
6301,6316
6303,6334
6290,6351
6301,6333
6309,6324
6307,6314
6290,6333
6283,6324
6278,6330
6284,6324
6290,6333
6263,6318
6302,6326
6316,6362
6312,6360
6300,6359
6285,6329
6280,6342
6281,6347
6293,6358
6288,6342
6301,6353
6289,6348
6286,6327
6287,6331
6299,6352
6303,6355
6299,6353
6300,6350
6283,6340
6306,6375
6295,6345
6319,6328
6312,6341
6298,6356
6317,6328
6323,6332
6293,6331
6284,6308
6273,6313
6294,6344
6309,6342
6299,6344
6312,6330
6309,6354
6307,6362
6298,6339
6287,6292
6291,6313
6292,6322
6290,6311
6292,6314
6290,6308
6297,6304
6288,6314
6295,6320
6285,6329
6279,6340
6290,6323
6305,6320
6306,6327
6269,6329
6279,6336
6259,6374
6273,6320
6279,6313
6304,6335
6283,6354
6293,6354
6309,6347
6315,6358
6292,6335
6276,6339
6285,6334
6313,6318
6287,6338
6288,6297
6306,6336
6290,6295
6285,6302
6279,6326
6276,6319
6291,6334
6300,6316
6308,6321
6294,6338
6268,6322
6273,6338
6283,6339
6283,6351
6297,6352
6295,6324
6309,6316
6308,6321
6286,6315
6296,6337
6295,6340
6280,6370
6301,6331
6295,6333
6291,6342
6280,6363
6301,6333
6291,6311
6274,6337
6299,6333
6277,6359
6300,6352
6272,6352
6281,6321
6279,6343
6294,6332
6297,6324
6288,6332
6281,6336
6289,6358
6289,6342
6294,6356
6289,6352
6280,6329
6282,6354
6294,6360
6304,6342
6288,6346
6278,6349
6281,6321
6275,6339
6284,6330
6303,6339
6307,6345
6299,6337
6299,6341
6287,6344
6291,6342
6298,6332
6272,6323
6278,6314
6269,6321
6279,6336
6287,6371
6287,6337
6304,6341
6300,6350
6287,6347
6267,6341
6272,6333
6275,6354
6281,6363
6282,6344
6284,6343
6279,6342
6295,6384
6294,6356
6291,6347
6287,6373
6274,6346
6278,6351
6267,6332
6271,6328
6273,6326
6279,6346
6295,6344
6277,6331
6275,6359
6278,6359
6272,6376
6290,6356
6270,6378
6280,6384
6271,6395
6271,6370
6264,6366
6283,6356
6171,6294
6670,6764
6411,6554
6377,6560
6291,6385
6301,6377
6241,6335
6248,6345
6275,6362
6285,6351
6278,6354
6254,6346
6267,6372
6266,6374
6283,6351
6264,6372
6278,6371
6288,6377
6308,6374
6269,6386
6267,6384
6265,6363
6270,6386
6265,6384
6279,6360
6254,6375
6245,6361
6268,6376
6262,6352
6264,6368
6268,6383
6274,6362
6276,6371
6272,6370
6268,6373
6267,6366
6241,6379
6241,6359
6259,6372
6258,6387
6253,6365
6256,6356
6244,6390
6262,6383
6261,6380
6252,6384
6247,6391
6267,6416
6240,6428
6261,6393
6260,6400
6275,6410
6263,6386
6257,6358
6257,6391
6266,6385
6254,6360
6264,6374
6264,6423
6284,6413
6270,6398
6254,6401
6257,6391
6256,6386
6244,6381
6256,6370
6248,6352
6257,6356
6228,6344
6251,6331
6270,6397
6250,6371
6239,6393
6258,6377
6217,6382
6240,6382
6230,6399
6260,6378
6261,6375
6262,6396
6254,6369
6253,6409
6248,6381
6263,6403
6249,6406
6247,6371
6247,6373
6251,6375
6250,6413
6255,6400
6255,6378
6259,6395
6250,6384
6227,6375
6231,6346
6244,6386
6243,6368
6248,6386
6233,6425
6248,6382
6248,6383
6241,6371
6242,6384
6247,6391
6268,6386
6244,6383
6237,6366
6243,6379
6253,6384
6236,6369
6233,6369
6240,6384
6238,6358
6240,6382
6228,6352
6250,6366
6243,6370
6245,6377
6249,6393
6244,6401
6232,6407
6242,6418
6230,6409
6241,6420
6239,6391
6233,6386
6224,6399
6234,6397
6229,6399
6227,6384
6240,6386
6235,6393
6252,6390
6235,6399
6225,6388
6237,6411
6235,6378
6242,6383
6256,6392
6240,6401
6248,6374
6239,6377
6228,6351
6246,6382
6247,6397
6222,6396
6226,6399
6224,6367
6236,6410
6218,6375
6225,6368
6211,6347
6227,6363
6224,6358
6222,6356
6230,6378
6246,6381
6246,6385
6242,6367
6220,6445
6227,6386
6226,6404
6230,6400
6237,6412
6231,6410
6226,6409
6227,6361
6228,6389
6229,6404
6226,6412
6228,6378
6254,6412
6241,6398
6238,6388
6227,6397
6211,6386
6230,6399
6231,6400
6216,6401
6230,6408
6231,6420
6225,6425
6222,6422
6214,6414
6230,6420
6217,6393
6220,6425
6224,6453
6212,6424
6230,6411
6213,6423
6230,6407
6233,6414
6224,6396
6215,6410
6224,6406
6228,6394
6222,6404
6227,6405
6224,6403
6230,6385
6218,6389
6220,6399
6221,6424
6219,6415
6221,6413
6223,6426
6223,6417
6239,6433
6216,6387
6215,6420
6215,6423
6212,6446
6216,6431
6220,6416
6230,6411
6225,6445
6226,6438
6214,6388
6226,6379
6212,6381
6219,6369
6221,6385
6227,6346
6214,6375
6224,6378
6227,6372
6235,6401
6229,6412
6219,6390
6234,6407
6217,6411
6227,6407
6210,6410
6224,6409
6210,6430
6214,6441
6235,6394
6218,6467
6216,6451
6225,6439
6220,6454
6220,6445
6227,6451
6217,6442
6212,6437
6219,6427
6227,6413
6214,6422
6218,6418
6220,6411
6220,6429
6213,6429
6224,6428
6231,6421
6215,6434
6227,6423
6231,6412
6216,6432
6219,6422
6218,6414
6222,6394
6216,6390
6222,6399
6203,6406
6219,6397
6200,6395
6235,6391
6222,6409
6233,6583
6193,6366
6227,6430
6263,6378
6206,6374
6263,6401
6240,6388
6234,6400
6210,6404
6219,6433
6214,6425
6215,6418
6213,6405
6216,6403
6222,6401
6221,6399
6217,6382
6210,6381
6218,6407
6213,6393
6214,6370
6232,6300
6223,6380
6226,6374
6225,6376
6214,6405
6218,6413
6214,6402
6226,6395
6225,6394
6223,6408
6230,6379
6231,6377
6222,6374
6224,6388
6233,6391
6221,6386
6218,6382
6238,6381
6226,6388
6237,6393
6224,6420
6227,6405
6221,6396
6242,6405
6217,6403
6231,6385
6218,6377
6224,6418
6226,6412
6231,6403
6241,6398
6222,6380
6219,6381
6232,6367
6230,6359
6237,6374
6251,6378
6231,6393
6221,6409
6241,6408
6240,6399
6239,6396
6234,6397
6231,6376
6232,6378
6241,6387
6225,6392
6234,6390
6219,6375
6232,6360
6242,6364
6222,6351
6225,6362
6236,6370
6248,6370
6228,6378
6230,6363
6237,6350
6220,6356
6229,6353
6237,6333
6228,6339
6239,6366
6233,6395
6230,6379
6227,6369
6243,6376
6231,6378
6223,6363
6230,6392
6220,6384
6235,6366
6234,6379
6231,6357
6235,6374
6223,6356
6227,6352
6235,6386
6234,6355
6225,6366
6226,6371
6237,6379
6237,6342
6224,6374
6257,6345
6231,6340
6228,6331
6242,6332
6253,6355
6235,6340
6242,6330
6231,6347
6244,6367
6239,6342
6244,6323
6253,6322
6241,6329
6230,6366
6234,6330
6221,6351
6216,6329
6223,6333
6207,6331
6225,6351
6230,6351
6237,6352
6236,6351
6246,6359
6219,6347
6230,6360
6247,6381
6260,6359
6238,6364
6228,6341
6243,6354
6236,6347
6223,6350
6231,6351
6234,6334
6241,6358
6226,6355
6235,6354
6224,6351
6227,6356
6236,6356
6256,6355
6247,6373
6239,6354
6247,6361
6240,6365
6243,6339
6241,6364
6253,6365
6264,6362
6254,6376
6263,6363
6273,6365
6279,6356
6271,6363
6278,6348
6271,6337
6273,6356
6256,6326
6294,6350
6296,6381
6336,6351
6343,6346
6365,6332
6385,6350
6430,6364
6432,6360
6490,6372
6515,6353
6552,6358
6567,6352
6585,6348
6630,6329
6647,6329
6656,6334
6664,6341
6718,6344
6729,6327
6776,6335
6863,6335
6957,6339
7078,6334
7153,6343
7327,6360
7532,6351
7765,6359
7910,6345
8154,6337
8328,6322
8525,6336
8648,6346
8788,6353
8859,6347
8842,6355
8799,6391
8750,6396
8765,6406
8672,6410
8552,6444
8407,6469
8271,6487
8131,6522
7932,6539
7704,6603
7470,6668
7316,6753
7157,6769
7052,6853
6942,6901
6882,6979
6786,7030
6795,7123
6833,7233
6865,7255
6898,7334
7045,7402
7152,7458
7317,7506
7462,7511
7651,7489
7823,7454
7991,7413
8197,7378
8315,7313
8416,7196
8557,7077
8859,6982
9018,6896
9208,6833
9344,6773
9503,6760
9609,6752
9590,6770
9609,6811
9616,6850
9560,6929
9435,7033
9220,7129
8978,7250
8803,7339
8627,7473
8408,7649
8093,7756
7865,7819
7551,7903
7374,7981
7233,8151
7131,8248
7044,8277
7003,8298
6982,8258
7038,8234
7070,8225
7167,8171
7252,8075
7395,7871
7540,7738
7716,7631
7899,7504
8104,7426
8238,7338
8422,7240
8590,7103
8882,7345
8637,6745
9198,6579
9210,6769
9326,6678
9407,6574
9515,6729
9536,6685
9523,6757
9462,6853
9551,7027
9456,7175
9344,7321
9255,7538
9072,7754
8845,8058
8555,8243
8301,8444
8032,8658
7816,8783
7580,9010
7343,9103
7174,9244
7008,9322
6867,9314
6808,9250
6807,9209
6871,9105
6919,8956
7044,8783
7276,8623
7501,8448
7710,8271
8022,8043
8340,7902
8748,7762
9097,7569
9486,7456
9742,7352
9913,7192
10102,7020
10228,6914
10568,6804
10689,6771
10865,6785
11164,6773
11329,6824
11300,6850
11211,6885
11016,7007
10730,7113
10414,7236
10176,7445
9749,7608
9456,7855
9118,8117
8809,8380
8518,8523
8283,8721
8019,8933
7831,9203
7589,9259
7426,9327
7354,9387
7223,9397
7152,9447
7139,9251
7089,9206
7080,9126
7101,8918
7161,8793
7245,8714
7380,8471
7520,8248
7669,7954
7878,7727
8060,7535
8257,7343
8497,7166
8746,6984
8954,6897
9210,6813
9426,6733
9548,6689
9557,6678
9681,6707
9739,6793
9751,6877
9713,7015
9541,7155
9516,7337
9489,7547
9283,7768
9084,8028
8878,8199
8656,8355
8412,8555
8134,8704
7862,8803
7671,8843
7443,8939
7211,8980
7061,9040
6957,9019
6814,8983
6775,8874
6707,8740
6723,8770
6742,8786
6827,8644
6869,8542
7006,8486
7163,8373
7340,8202
7459,8086
7586,7890
7784,7659
7923,7435
8058,7242
8234,7128
8427,6986
8591,6929
8778,6833
8937,6749
9041,6676
9087,6708
9105,6712
9127,6755
9101,6852
9071,6962
8974,7030
8898,7122
8769,7255
8493,7431
8282,7593
8099,7761
7866,7916
7612,8102
7442,8182
7307,8315
7100,8317
6983,8390
6896,8367
6834,8402
6834,8447
6814,8367
6842,8300
6831,8247
6889,8160
6926,8083
6988,7945
7051,7835
7109,7759
7215,7626
7346,7565
7428,7448
7633,7320
7759,7176
7867,7059
8049,6913
8258,6815
8429,6724
8657,6683
8819,6636
8874,6633
8957,6666
8995,6702
9031,6700
9057,6812
8970,6935
8860,7032
8786,7153
8693,7303
8602,7378
8539,7552
8382,7688
8188,7771
7935,7904
7713,7989
7519,8063
7251,8130
7048,8149
6905,8117
6784,8164
6682,8091
6621,8033
6596,7954
6625,7850
6628,7836
6706,7790
6818,7792
6897,7710
7024,7618
7163,7522
7348,7425
7507,7375
7648,7257
7838,7137
8046,7034
8279,6876
8431,6809
8635,6722
8800,6634
8879,6584
9043,6541
9226,6556
9325,6546
9292,6582
9461,6612
9316,6660
9216,6755
9057,6838
8966,6928
8806,7041
8708,7138
8509,7297
8317,7428
8155,7557
7878,7715
7694,7795
7508,7969
7325,8103
7179,8144
7036,8129
6896,8162
6836,8167
6736,8084
6703,8039
6694,8066
6708,7933
6746,7825
6854,7696
6923,7599
7053,7524
7161,7455
7363,7326
7551,7218
7755,7117
7903,7002
8060,6870
8233,6784
8365,6725
8485,6641
8660,6551
8856,6550
8988,6536
9064,6540
9041,6631
9034,6696
9000,6781
8873,6896
8840,7078
8739,7218
8550,7420
8390,7530
8194,7665
8060,7778
7883,7905
7697,8014
7542,8186
7395,8339
7246,8315
7163,8375
7048,8491
6947,8519
6928,8533
6849,8448
6783,8350
6776,8375
6805,8281
6850,8158
6931,8178
7073,7967
7290,7874
7377,7679
7581,7556
7783,7405
7947,7336
8146,7133
8371,7033
8673,6911
8874,6809
9052,6734
9237,6662
9413,6589
9440,6577
9515,6574
9640,6614
9726,6657
9769,6726
9692,6801
9565,6901
9462,7029
9274,7154
8984,7312
8830,7459
8652,7631
8415,7767
8167,7867
7996,7992
7769,8131
7573,8169
7415,8235
7146,8315
7052,8287
6925,8326
6847,8406
6789,8390
6721,8382
6720,8351
6746,8281
6811,8153
6923,8078
7072,8004
7259,7862
7338,7735
7543,7557
7724,7412
7973,7321
8152,7162
8367,7023
8630,6933
8848,6852
8962,6748
9126,6695
9215,6638
9308,6639
9327,6642
9344,6698
9413,6720
9395,6810
9328,6915
9312,7040
9024,7147
8706,7265
8465,7442
8236,7621
8013,7686
7810,7899
7574,8088
7362,8206
7158,8258
6992,8419
6858,8611
6784,8708
6732,8695
6678,8764
6690,8846
6674,8773
6697,8690
6781,8631
6850,8487
6985,8320
7125,8133
7279,8078
7437,7983
7554,7834
7771,7638
7923,7463
8083,7324
8193,7188
8418,7018
8649,6878
8790,6754
8825,6626
8995,6581
9036,6564
8963,6606
9100,6630
9148,6669
9117,6764
9070,6888
9159,7051
9222,7147
9083,7339
8842,7503
8765,7649
8746,7753
8536,7949
8282,8093
8035,8145
7846,8204
7658,8291
7437,8374
7377,8422
7233,8526
6975,8528
6826,8458
6786,8348
6736,8211
6793,8118
6867,7983
6971,7821
7107,7669
7272,7569
7419,7385
7650,7306
7824,7142
8064,7048
8226,6904
8345,6800
8477,6718
8713,6647
8758,6617
8774,6595
8869,6587
8842,6580
8942,6613
8826,6647
8766,6711
8675,6822
8640,6949
8589,7007
8490,7137
8273,7259
8097,7474
7971,7681
7824,7951
7635,8101
7443,8318
7266,8566
7112,8763
6991,8928
6869,9048
6837,9071
6758,9136
6713,9170
6705,9126
6707,9159
6754,9009
6789,8845
6846,8660
6967,8509
7034,8270
7230,8073
7316,7909
7380,7707
7533,7528
7706,7344
7836,7208
7931,7072
8046,6897
8172,6777
8282,6728
8406,6661
8455,6657
8535,6657
8666,6667
8639,6699
8676,6743
8666,6808
8612,6843
8531,6906
8483,6986
8347,7076
8249,7203
8220,7302
8106,7388
7970,7558
7848,7527
7684,7613
7518,7715
7408,7743
7226,7719
7137,7689
7067,7680
7012,7667
6990,7638
7052,7575
7074,7511
7239,7412
7409,7363
7575,7249
7827,7191
8067,7084
8365,7037
8680,6941
8939,6853
9266,6798
9596,6750
9880,6642
10215,6589
10524,6556
10626,6530
10537,6516
10661,6533
10693,6562
10692,6572
10700,6606
10684,6704
10502,6760
10446,6831
10250,6936
10036,7090
9769,7218
9587,7393
9182,7581
8905,7728
8545,7875
8227,8017
8074,8298
7840,8456
7527,8618
7316,8800
7107,9002
6985,9024
6903,9026
6874,9092
6868,9036
6924,9086
6983,9057
7050,8976
7171,8853
7329,8729
7562,8421
7802,8231
8032,8014
8266,7762
8635,7596
8875,7429
9203,7300
9460,7117
9638,7013
9722,6895
9900,6832
10219,6771
10200,6740
10349,6725
10489,6727
10492,6809
10418,6937
10401,7099
10219,7279
10160,7495
10043,7702
9748,7903
9499,8155
9247,8315
9388,8946
8788,8852
8663,8975
8535,9284
8267,9340
7951,9346
7778,9522
7538,9594
7370,9675
7218,9633
7114,9640
7077,9451
7118,9235
7168,9109
7350,9014
7523,8744
7777,8674
8057,8479
8330,8295
8741,8012
9118,7780
9399,7575
9656,7375
9927,7195
10257,7049
10530,6940
10768,6811
11056,6735
11283,6732
11371,6772
11413,6774
11452,6832
11449,6932
11310,7062
11275,7255
11091,7510
10797,7697
10424,7925
10025,8146
9619,8348
9303,8601
8879,8853
8515,9088
8214,9320
7847,9561
7633,9722
7575,9878
7570,10006
7538,10126
7533,10171
7546,10195
7546,10229
7537,10126
7652,9907
7721,9687
7833,9455
7997,9101
8258,8765
8645,8553
8982,8315
9312,8099
9652,7880
9974,7695
10393,7493
10764,7338
11000,7179
11246,7114
11402,6993
11600,7010
11539,7015
11564,7050
11457,7133
11250,7281
11080,7485
11060,7664
10747,7921
10453,8200
10103,8451
9931,8797
9549,9046
9194,9315
8920,9552
8742,9723
8513,9805
8307,9899
8148,9942
7981,9861
7725,9805
7522,9666
7410,9676
7305,9711
7305,9778
7243,9766
7331,9575
7522,9395
7801,9212
8112,8962
8451,8712
8820,8412
9209,8203
9671,8043
10072,7781
10374,7622
10692,7443
11118,7265
11395,7189
11622,7063
11908,7009
12158,6919
12485,6924
12414,6867
12443,6962
12278,7077
12221,7175
11765,7337
11386,7471
11012,7687
10467,7873
10137,8078
9784,8197
9302,8388
8895,8536
8530,8821
8181,8976
7905,9271
7587,9527
7330,9597
7135,9729
6951,9811
6926,9873
6968,9822
6914,9706
6965,9719
7012,9605
7210,9533
7414,9451
7728,9327
7603,9039
7895,8743
8542,8476
8668,8255
8136,7990
7473,7729
6904,7514
6569,7311
6365,7108
6282,7029
6223,6901
6199,6897
6192,6975
6170,7080
6161,7238
6164,7402
6158,7615
6152,7881
6136,8187
6133,8433
6154,8667
6139,8872
6143,9101
6132,9325
6139,9720
6130,10030
6121,10280
6136,10330
6127,10451
6130,10387
6120,10367
6119,10315
6132,10127
6130,9879
6126,9698
6139,9391
6120,9081
6120,8864
6134,8551
6123,8316
6117,8069
6112,7843
6120,7707
6115,7540
6110,7357
6121,7204
6110,7143
6125,7107
6115,7034
6114,6910
6116,6896
6123,6859
6122,6859
6122,6923
6118,6960
6118,6932
6120,6906
6106,6849
6121,6700
6109,6528
6115,6380
6116,6306
6110,6250
6111,6210
6108,6196
6105,6184
6105,6158
6110,6158
6105,6151
6110,6144
6109,6119
6108,6107
6114,6117
6112,6110
6102,6132
6107,6113
6104,6117
6108,6100
6105,6089
6103,6079
6090,6126
6108,6063
6117,6075
6101,6057
6108,6061
6114,6068
6106,6064
6104,6068
6112,6058
6103,6060
6110,6062
6105,6055
6118,6057
6101,6060
6105,6067
6104,6064
6105,6054
6108,6059
6102,6063
6103,6078
6099,6070
6112,6071
6110,6053
6099,6051
6105,6046
6117,6055
6107,6047
6103,6057
6112,6061
6113,6050
6106,6063
6113,6056
6107,6064
6108,6059
6108,6058
6125,6053
6107,6046
6113,6052
6113,6037
6113,6050
6115,6059
6116,6039
6104,6054
6159,6147
6111,6048
6105,6057
6113,6046
6108,6046
6112,6058
6051,5986
6042,6045
6078,6021
6101,6045
6136,6038
6093,6030
6104,6055
6116,6053
6102,6048
6102,6038
6116,6054
6111,6046
6108,6039
6108,6044
6116,6033
6108,6045
6112,6051
6109,6048
6108,6043
6106,6055
6101,6037
6112,6048
6113,6051
6111,6064
6114,6040
6104,6045
6117,6052
6106,6047
6108,6035
6113,6050
6116,6050
6112,6034
6111,6053
6112,6049
6108,6049
6111,6046
6111,6042
6106,6047
6107,6049
6121,6047
6110,6033
6099,6050
6104,6051
6105,6052
6107,6048
6101,6037
6111,6045
6107,6050
6108,6050
6106,6061
6108,6037
6106,6047
6095,6043
6098,6050
6100,6049
6106,6034
6113,6055
6103,6050
6106,6041
6102,6046
6106,6046
6106,6045
6110,6054
6100,6056
6110,6042
6103,6052
6113,6045
6101,6053
6107,6040
6106,6048
6110,6047
6119,6037
6098,6046
6111,6040
6105,6058
6108,6046
6108,6045
6109,6048
6103,6061
6094,6042
6110,6051
6118,6058
6104,6043
6110,6051
6104,6048
6095,6043
6107,6057
6111,6022
6107,6065
6093,6031
6102,6050
6107,6052
6118,6049
6109,6047
6108,6042
6112,6042
6098,6054
6099,6044
6101,6054
6099,6042
6103,6055
6106,6043
6097,6037
6093,6047
6106,6055
6094,6027
6102,6040
6114,6051
6110,6049
6104,6037
6099,6036
6101,6047
6103,6053
6099,6060
6110,6047
6093,6046
6106,6026
6104,6044
6098,6053
6107,6058
6102,6051
6097,6051
6105,6040
6094,6042
6103,6054
6098,6042
6113,6054
6104,6048
6110,6044
6098,6034
6106,6053
6101,6046
6100,6048
6111,6050
6104,6043
6103,6038
6105,6040
6101,6041
6102,6049
6114,6041
6102,6045
6098,6032
6098,6047
6102,6039
6094,6033
6095,6051
6101,6048
6102,6051
6101,6057
6097,6044
6106,6050
6111,6046
6099,6040
6103,6050
6094,6050
6096,6051
6095,6041
6106,6052
6098,6052
6094,6028
6099,6045
6096,6048
6095,6042
6101,6058
6099,6048
6105,6045
6104,6055
6091,6047
6104,6045
6092,6059
6097,6035
6089,6048
6102,6043
6106,6040
6101,6054
6091,6043
6104,6045
6103,6053
6098,6045
6101,6058
6104,6050
6101,6046
6103,6034
6107,6053
6105,6047
6104,6050
6107,6040
6092,6058
6098,6042
6109,6063
6103,6052
6111,6053
6101,6054
6097,6054
6103,6055
6097,6053
6101,6049
6102,6063
6102,6053
6084,5991
6103,6043
6101,6042
6102,6051
6098,6063
6103,6059
6106,6049
6095,6051
6103,6051
6110,6048
6102,6055
6098,6062
6110,6056
6085,6032
6104,6046
6113,6041
6118,6057
6107,6048
6112,6042
6114,6050
6107,6040
6118,6049
6107,6053
6101,6062
6106,6051
6112,6059
6114,6045
6103,6060
6097,6058
6107,6056
6101,6025
6092,6058
6106,6056
6108,6048
6107,6043
6111,6044
6109,6053
6108,6049
6111,6042
6101,6053
6108,6051
6104,6036
6100,6042
6122,6048
6107,6042
6108,6048
6099,6053
6112,6046
6113,6044
6110,6053
6105,6046
6108,6041
6105,6037
6105,6054
6092,6060
6103,6056
6107,6037
6106,6054
6107,6048
6099,6059
6087,6053
6101,6039
6107,6051
6101,6043
6098,6038
6103,6053
6104,6047
6099,6046
6106,6049
6109,6017
6044,6018
6131,6034
5759,6491
6183,6123
6081,6011
6107,6042
6215,6170
6128,6090
6134,6066
6111,6041
6099,6033
6113,6057
6100,6050
6115,6053
6111,6054
6103,6047
6111,6055
6107,6055
6111,6046
6109,6051
6106,6032
6106,6041
6101,6057
6106,6046
6111,6061
6121,6058
6109,6039
6107,6050
6113,6041
6113,6042
6114,6053
6105,6040
6106,6051
6115,6039
6113,6058
6115,6043
6106,6042
6109,6061
6118,6042
6122,6045
6117,6051
6114,6039
6113,6035
6122,6045
6120,6064
6114,6054
6111,6037
6103,6061
6118,6048
6110,6039
6114,6047
6118,6054
6111,6042
6116,6040
6111,6044
6105,6049
6112,6046
6108,6042
6114,6047
6107,6044
6109,6057
6118,6052
6111,6051
6110,6035
6103,6053
6098,6048
6100,6037
6115,6046
6107,6055
6110,6046
6106,6048
6116,6047
6099,6039
6112,6049
6121,6050
6115,6036
6110,6050
6105,6063
6106,6062
6114,6036
6108,6042
6114,6035
6116,6047
6108,6061
6115,6057
6099,6048
6106,6044
6112,6034
6098,6032
6114,6042
6111,6045
6115,6049
6112,6053
6113,6046
6112,6024
6123,6051
6113,6038
6112,6039
6111,6045
6113,6040
6111,6041
6107,6044
6119,6048
6111,6046
6105,6036
6111,6047
6106,6057
6111,6060
6110,6061
6112,6046
6101,6047
6118,6053
6116,6047
6106,6047
6112,6032
6104,6051
6111,6057
6113,6045
6103,6029
6117,6042
6117,6047
6111,6049
6104,6037
6115,6047
6121,6051
6113,6042
6120,6041
6115,6044
6108,6049
6119,6057
6121,6055
6114,6048
6101,6050
6116,6043
6119,6060
6108,6050
6107,6053
6114,6054
6114,6050
6113,6053
6111,6055
6119,6057
6122,6051
6120,6045
6111,6056
6119,6040
6122,6054
6116,6038
6118,6053
6103,6058
6124,6060
6127,6058
6122,6055
6103,6059
6103,6059
6115,6060
6114,6049
6113,6046
6117,6047
6118,6050
6113,6052
6117,6045
6117,6046
6112,6049
6119,6041
6113,6053
6118,6044
6120,6050
6114,6057
6116,6049
6117,6060
6124,6047
6119,6048
6118,6039
6114,6053
6123,6055
6123,6055
6124,6053
6103,6083
6113,6060
6114,6044
6117,6062
6117,6054
6116,6062
6118,6047
6117,6050
6123,6047
6111,6048
6127,6038
6116,6047
6116,6051
6117,6046
6118,6053
6115,6053
6119,6046
6119,6047
6123,6043
6116,6045
6116,6045
6120,6058
6117,6057
6116,6047
6115,6047
6115,6058
6111,6054
6113,6046
6119,6055
6114,6056
6113,6052
6124,6047
6115,6049
6117,6048
6123,6052
6116,6047
6112,6063
6114,6057
6114,6048
6118,6055
6110,6056
6113,6053
6113,6053
6108,6062
6119,6053
6119,6053
6117,6058
6110,6053
6116,6061
6120,6055
6116,6045
6109,6049
6120,6054
6112,6055
6113,6042
6116,6060
6116,6059
6122,6044
6111,6039
6112,6059
6119,6058
6116,6049
0,34
0,61680
0,0
6115,6061
5603,5572
5593,5574
5600,5569
5603,5563
5604,5567
5600,5569
5610,5574
5600,5571
5815,5754
6314,6323
6292,6295
6311,6296
6326,6306
6282,6313
6276,6296
6292,6305
6284,6298
6292,6335
6297,6314
6297,6341
6304,6321
6309,6349
6301,6338
6303,6328
6317,6324
6296,6321
6277,6329
6312,6341
6307,6328
6307,6334
6280,6338
6291,6318
6290,6322
6280,6309
6298,6342
6292,6317
6290,6326
6319,6369
6307,6373
6282,6333
6283,6335
6280,6337
6279,6348
6283,6357
6294,6348
6307,6358
6285,6351
6286,6324
6283,6336
6308,6336
6285,6353
6284,6350
6283,6330
6277,6339
6297,6362
6294,6350
6311,6311
6316,6342
6298,6355
6311,6331
6324,6340
6285,6316
6281,6289
6274,6306
6297,6343
6310,6353
6300,6344
6301,6326
6316,6347
6297,6362
6283,6344
6285,6323
6285,6319
6294,6332
6288,6327
6287,6298
6288,6303
6304,6311
6299,6328
6298,6330
6283,6333
6286,6345
6316,6329
6322,6298
6294,6332
6277,6329
6278,6351
6275,6364
6295,6326
6276,6326
6279,6344
6292,6344
6305,6353
6311,6354
6312,6357
6293,6340
6282,6335
6299,6328
6305,6322
6292,6320
6289,6320
6312,6336
6301,6308
6284,6318
6283,6325
6279,6324
6301,6336
6315,6317
6312,6345
6307,6343
6283,6314
6267,6329
6286,6345
6297,6341
6288,6352
6295,6312
6301,6332
6291,6352
6288,6310
6306,6327
6324,6347
6290,6369
6301,6328
6291,6329
6283,6334
6284,6353
6298,6315
6295,6331
6283,6310
6298,6330
6290,6346
6283,6345
6282,6354
6292,6327
6281,6344
6298,6310
6311,6304
6282,6341
6283,6342
6289,6364
6279,6353
6295,6346
6292,6350
6282,6342
6286,6350
6282,6355
6292,6338
6292,6318
6279,6337
6281,6329
6286,6334
6278,6326
6308,6338
6319,6333
6297,6335
6292,6371
6290,6339
6305,6346
6299,6346
6274,6313
6269,6323
6262,6331
6298,6331
6291,6346
6284,6347
6289,6349
6305,6358
6299,6339
6259,6343
6264,6335
6273,6348
6278,6358
6292,6356
6273,6353
6292,6348
6287,6363
6226,6305
6314,6404
6355,6417
6320,6416
6266,6350
6297,6333
6253,6299
6278,6324
6282,6339
6293,6335
6275,6329
6288,6369
6270,6357
6275,6369
6282,6351
6271,6369
6275,6366
6276,6361
6264,6371
6280,6364
6287,6334
6272,6353
6289,6339
6281,6368
6297,6376
6275,6390
6274,6341
6267,6364
6283,6380
6268,6382
6276,6368
6270,6353
6275,6347
6262,6362
6264,6356
6280,6343
6271,6386
6285,6362
6287,6390
6291,6383
6267,6378
6261,6391
6253,6372
6258,6384
6267,6361
6275,6364
6251,6368
6240,6376
6260,6364
6248,6343
6271,6358
6275,6398
6280,6379
6261,6367
6263,6378
6254,6375
6275,6366
6250,6370
6244,6375
6248,6338
6258,6379
6260,6353
6244,6348
6255,6387
6266,6384
6259,6380
6261,6400
6260,6412
6265,6408
6247,6408
6249,6398
6263,6399
6290,6412
6260,6376
6249,6339
6249,6376
6274,6380
6261,6377
6261,6387
6273,6422
6278,6414
6270,6395
6256,6398
6247,6381
6247,6393
6247,6379
6255,6382
6248,6354
6250,6348
6246,6362
6255,6361
6253,6330
6246,6349
6240,6385
6243,6392
6231,6374
6235,6370
6248,6395
6244,6366
6251,6397
6253,6392
6255,6384
6252,6392
6256,6398
6252,6388
6259,6405
6242,6407
6250,6377
6251,6388
6243,6420
6245,6378
6253,6375
6256,6401
6237,6394
6246,6356
6241,6364
6258,6378
6252,6366
6237,6374
6250,6411
6237,6395
6236,6387
6236,6380
6241,6367
6238,6386
6267,6384
6245,6373
6233,6357
6242,6380
6236,6374
6240,6347
6226,6338
6239,6364
6247,6353
6236,6360
6235,6354
6237,6370
6244,6380
6247,6382
6244,6410
6240,6430
6226,6388
6247,6413
6237,6404
6222,6397
6235,6389
6238,6387
6226,6379
6226,6390
6223,6389
6233,6396
6231,6402
6231,6414
6233,6392
6240,6402
6234,6398
6231,6409
6223,6365
6226,6366
6248,6387
6235,6360
6241,6359
6233,6380
6233,6376
6252,6382
6241,6405
6233,6410
6225,6398
6233,6376
6232,6407
6225,6376
6230,6362
6228,6342
6225,6354
6224,6381
6233,6353
6236,6369
6240,6396
6244,6385
6240,6398
6228,6406
6230,6394
6234,6396
6238,6386
6250,6414
6226,6392
6223,6408
6225,6382
6228,6384
6236,6387
6244,6400
6230,6396
6245,6406
6231,6406
6220,6411
6240,6390
6231,6400
6229,6414
6245,6419
6221,6405
6235,6405
6234,6420
6235,6407
6235,6426
6214,6414
6223,6431
6225,6401
6223,6449
6224,6409
6227,6411
6229,6426
6216,6414
6222,6430
6230,6409
6227,6403
6217,6416
6220,6411
6248,6403
6223,6409
6226,6410
6214,6408
6243,6401
6224,6387
6216,6405
6227,6416
6235,6407
6215,6402
6231,6427
6231,6420
6225,6448
6230,6399
6208,6408
6210,6441
6219,6434
6217,6432
6215,6409
6222,6434
6235,6438
6231,6428
6226,6377
6224,6385
6215,6379
6224,6374
6220,6382
6229,6352
6223,6379
6236,6366
6223,6369
6240,6386
6220,6403
6221,6387
6234,6404
6231,6377
6232,6385
6223,6373
6222,6394
6208,6441
6215,6410
6225,6416
6229,6457
6225,6454
6225,6431
6227,6456
6223,6495
6230,6422
6236,6431
6221,6431
6220,6434
6226,6406
5919,6093
6296,6521
6145,6349
6201,6438
6160,6360
6235,6413
6219,6423
6199,6415
6227,6417
6253,6445
6226,6416
6217,6419
6221,6406
6224,6419
6225,6398
6225,6414
6219,6400
6224,6417
6214,6398
6221,6416
6218,6395
6220,6393
6228,6380
6220,6413
6232,6364
6234,6374
6226,6381
6223,6365
6235,6400
6216,6409
6227,6432
6227,6422
6203,6393
6224,6392
6223,6402
6223,6395
6218,6401
6225,6375
6217,6377
6221,6393
6215,6373
6216,6359
6227,6380
6232,6382
6209,6384
6235,6385
6224,6405
6232,6391
6222,6373
6217,6398
6225,6410
6233,6417
6232,6382
6223,6367
6238,6385
6231,6386
6240,6399
6220,6416
6229,6388
6233,6367
6232,6409
6230,6384
6226,6411
6220,6410
6240,6374
6226,6376
6221,6415
6227,6400
6233,6398
6245,6422
6231,6422
6218,6401
6244,6415
6221,6375
6222,6396
6240,6365
6234,6387
6236,6379
6244,6371
6233,6369
6223,6417
6240,6419
6239,6406
6232,6410
6230,6394
6220,6387
6232,6365
6242,6392
6225,6389
6228,6377
6229,6379
6235,6362
6243,6383
6223,6378
6233,6341
6251,6360
6245,6360
6234,6359
6227,6374
6220,6350
6239,6380
6236,6350
6243,6356
6239,6326
6242,6364
6246,6398
6243,6397
6235,6363
6250,6373
6239,6364
6240,6358
6231,6390
6216,6365
6235,6352
6230,6356
6237,6370
6230,6367
6240,6349
6241,6355
6236,6380
6236,6375
6230,6379
6230,6370
6243,6384
6238,6340
6226,6365
6247,6326
6243,6351
6224,6313
6240,6350
6235,6338
6241,6337
6238,6309
6230,6348
6251,6356
6243,6327
6252,6311
6258,6335
6249,6346
6245,6344
6235,6321
6221,6347
6224,6338
6236,6334
6227,6323
6231,6351
6248,6347
6236,6344
6235,6355
6229,6348
6232,6360
6238,6351
6236,6354
6248,6378
6237,6358
6235,6342
6242,6346
6231,6343
6221,6355
6226,6350
6244,6368
6243,6346
6231,6332
6241,6342
6238,6337
6229,6342
6233,6359
6239,6364
6240,6360
6244,6347
6260,6360
6244,6368
6242,6364
6235,6350
6258,6362
6254,6362
6251,6387
6275,6371
6258,6358
6274,6371
6274,6341
6286,6340
6275,6339
6272,6364
6284,6323
6300,6352
6299,6362
6341,6351
6371,6340
6367,6349
6384,6357
6433,6346
6453,6352
6475,6349
6512,6368
6556,6357
6584,6346
6574,6336
6621,6328
6671,6324
6680,6339
6686,6346
6723,6337
6719,6333
6775,6344
6858,6335
6964,6340
7062,6309
7163,6336
7317,6354
7559,6350
7718,6350
7916,6338
8138,6326
8354,6317
8522,6342
8697,6336
8781,6347
8843,6327
8879,6353
8809,6381
8733,6402
8711,6395
8654,6410
8561,6450
8409,6461
8224,6491
8082,6533
7930,6563
7729,6621
7483,6673
7344,6731
7131,6781
7035,6843
6946,6910
6862,6983
6805,7057
6787,7137
6811,7207
6858,7238
6899,7327
7074,7394
7159,7467
7333,7505
7447,7496
7672,7467
7806,7482
7983,7423
8175,7388
8340,7336
8422,7196
8599,7079
8797,6965
9003,6952
9154,6851
9371,6795
9537,6760
9566,6767
9589,6768
9531,6814
9594,6877
9570,6928
9377,6977
9272,7135
9037,7226
8791,7347
8609,7476
8391,7630
8113,7769
7873,7910
7676,8014
7446,8038
7217,8144
7114,8231
7043,8255
6991,8266
6993,8305
7034,8224
7072,8241
7163,8191
7245,8082
7377,7908
7543,7756
7728,7590
7939,7500
8085,7451
8226,7327
8451,7256
8648,7096
8732,7028
8936,6954
9127,6837
9222,6774
9390,6730
9514,6680
9593,6636
9603,6681
9533,6786
9539,6909
9525,7049
9505,7166
9394,7317
9219,7546
9039,7747
8871,8001
8579,8240
8289,8413
8029,8676
7797,8817
7568,8960
7337,9080
7149,9293
6994,9362
6901,9283
6830,9295
6827,9192
6861,9136
6913,8905
7029,8767
7249,8650
7512,8466
7721,8235
7977,8064
8349,7909
8746,7744
9073,7550
9472,7435
9798,7295
9898,7147
10098,7032
10237,6947
10613,6830
10728,6771
10966,6767
11160,6791
11340,6799
11347,6847
11224,6879
11032,7002
10715,7102
10439,7239
10156,7433
9794,7655
9446,7862
9131,8154
8781,8366
8556,8497
8268,8749
8051,8959
7841,9189
7622,9259
7469,9337
7395,9370
7212,9391
7163,9449
7115,9300
7090,9209
7091,9119
7091,8938
7149,8762
7271,8684
7381,8507
7507,8192
7662,7972
7853,7746
8057,7514
8273,7351
8491,7142
8744,6985
8970,6881
9220,6795
9430,6731
9490,6701
9594,6689
9672,6697
9790,6786
9769,6844
9678,7022
9576,7209
9538,7362
9456,7556
9300,7806
9070,7996
8883,8154
8659,8362
8414,8537
8146,8711
7887,8747
7620,8850
7439,8903
7203,8953
7070,9050
6941,9037
6843,9033
6763,8882
6712,8733
6708,8790
6762,8782
6842,8689
6907,8563
7002,8471
7150,8341
7335,8216
7476,8014
7603,7930
7795,7666
7937,7450
8046,7270
8193,7136
8461,7005
8639,6892
8771,6816
8957,6753
9068,6731
9129,6686
9092,6712
9168,6792
9140,6838
9037,6933
8972,7017
8913,7118
8765,7282
8522,7415
8318,7617
8085,7756
7843,7925
7625,8095
7441,8177
7290,8322
7087,8329
6977,8377
6884,8417
6850,8441
6808,8417
6800,8355
6854,8291
6861,8245
6912,8121
6931,8082
6973,7948
7049,7846
7111,7778
7215,7675
7351,7535
7425,7409
7604,7327
7765,7179
7903,7052
8052,6929
8281,6821
8467,6726
8678,6661
8802,6627
8955,6646
8944,6663
9012,6679
9024,6733
9014,6813
8948,6952
8858,7031
8771,7161
8663,7281
8598,7407
8548,7537
8367,7650
8184,7805
7911,7880
7704,7964
7499,8092
7262,8132
7049,8163
6896,8129
6813,8136
6682,8057
6641,8047
6605,7934
6638,7871
6674,7811
6696,7792
6813,7758
6927,7673
7045,7619
7183,7503
7370,7437
7509,7316
7634,7235
7842,7135
8081,7051
8283,6902
8424,6827
8606,6709
8770,6645
8885,6585
8998,6544
9226,6534
9287,6544
9329,6571
9392,6620
9392,6673
9239,6758
9051,6849
8967,6938
8842,7031
8703,7130
8506,7294
8320,7457
8167,7573
7900,7673
7679,7798
7518,7955
7366,8067
7170,8101
7022,8144
6908,8135
6805,8166
6728,8132
6721,8079
6700,8030
6714,7961
6760,7831
6844,7728
6943,7633
7048,7497
7193,7454
7341,7354
7535,7244
7744,7131
7905,7000
8061,6876
8208,6793
8365,6708
8498,6622
8633,6558
8838,6539
8944,6528
9039,6553
9061,6618
9022,6693
8773,6502
9019,6914
8832,7061
8561,7088
8423,7290
8360,7569
8177,7654
8055,7789
7869,7891
7717,8044
7551,8181
7405,8313
7257,8359
7170,8383
7056,8483
6972,8520
6918,8530
6830,8434
6819,8385
6769,8350
6806,8244
6880,8171
6932,8132
7091,8000
7221,7827
7393,7653
7577,7565
7776,7417
7981,7274
8130,7147
8358,7036
8660,6910
8868,6802
9027,6732
9239,6668
9387,6584
9469,6576
9530,6567
9643,6630
9669,6660
9759,6721
9725,6800
9597,6899
9497,7028
9323,7154
9013,7312
8839,7443
8599,7607
8376,7805
8167,7859
7945,7984
7768,8146
7564,8209
7396,8243
7173,8309
7053,8290
6913,8328
6849,8375
6757,8428
6748,8427
6723,8311
6742,8322
6816,8146
6949,8061
7058,7987
7231,7825
7332,7720
7506,7573
7724,7431
7948,7315
8126,7189
8420,7031
8593,6941
8845,6851
8980,6768
9128,6709
9284,6652
9243,6647
9305,6631
9287,6700
9441,6712
9411,6772
9379,6890
9241,7040
9018,7164
8679,7289
8467,7436
8240,7606
8033,7758
7870,7926
7593,8087
7371,8193
7180,8279
6977,8438
6876,8590
6773,8770
6727,8694
6683,8762
6678,8852
6698,8793
6716,8658
6788,8645
6873,8520
7001,8325
7150,8186
7280,8092
7404,7955
7569,7810
7765,7636
7883,7491
8059,7343
8208,7166
8435,7012
8677,6904
8739,6745
8873,6654
8967,6578
9033,6567
9003,6611
9061,6640
9144,6684
9137,6768
9077,6866
9178,7050
9234,7175
9102,7335
8857,7504
8808,7670
8738,7760
8569,7928
8261,8078
8054,8151
7883,8170
7637,8274
7413,8395
7399,8450
7228,8541
6969,8533
6815,8509
6779,8333
6744,8202
6762,8127
6846,7986
6980,7805
7101,7659
7276,7555
7447,7415
7634,7294
7848,7162
8056,7045
8184,6935
8372,6800
8514,6704
8736,6669
8755,6595
8789,6591
8856,6580
8887,6592
8945,6600
8865,6652
8733,6713
8659,6814
8639,6955
8545,7035
8502,7126
8286,7299
8068,7507
7953,7666
7802,7943
7640,8065
7449,8321
7260,8551
7127,8804
6972,8946
6880,9063
6840,9055
6776,9159
6708,9170
6679,9116
6741,9187
6744,9011
6803,8874
6873,8684
6992,8471
7062,8303
7205,8069
7341,7908
7377,7674
7564,7525
7713,7360
7830,7198
7913,7055
8059,6887
8173,6795
8306,6716
8431,6664
8485,6651
8591,6657
8666,6658
8653,6673
8683,6776
8668,6807
8626,6879
8506,6909
8529,6991
8352,7083
8254,7214
8195,7310
8076,7394
7981,7522
7815,7560
7703,7611
7525,7695
7438,7746
7252,7741
7154,7735
7072,7649
7032,7657
7004,7647
7044,7545
7097,7489
7257,7623
7405,7351
7597,7233
7839,7175
8090,7072
8382,7019
8672,6913
8929,6842
9279,6794
9593,6756
9883,6648
10172,6593
10497,6567
10631,6547
10557,6526
10670,6533
10665,6550
10713,6579
10690,6613
10722,6701
10507,6769
10404,6848
10224,6951
10029,7078
9832,7213
9548,7397
9219,7578
8841,7714
8579,7865
8260,8054
8069,8280
7827,8462
7538,8634
7344,8777
7128,8991
6997,9061
6888,9066
6894,9070
6855,9071
6919,9060
6959,9105
7056,8984
7144,8921
7342,8683
7552,8450
7801,8221
7969,8002
8295,7826
8645,7573
8863,7391
9222,7311
9517,7176
9605,6984
9755,6901
9881,6824
10128,6759
10276,6744
10390,6716
10487,6750
10485,6804
10514,6926
10365,7116
10270,7324
10123,7507
10048,7719
9717,7906
9544,8177
9290,8332
9012,8585
8823,8922
8685,9091
8443,9208
8152,9270
7972,9341
7788,9482
7523,9642
7344,9675
7255,9656
7140,9646
7100,9450
7109,9281
7188,9157
7393,9014
7522,8802
7773,8630
8018,8458
8314,8287
8736,8049
9093,7771
9340,7539
9623,7377
9899,7187
10254,7038
10537,6945
10731,6804
11115,6713
11274,6727
11387,6797
11425,6765
11509,6830
11494,6920
11294,7054
11273,7267
11100,7536
10742,7703
10389,7936
10032,8128
9651,8328
9308,8601
8898,8839
8449,9105
8212,9318
7807,9483
7610,9668
7600,9829
7573,9984
7553,10070
7572,10167
7558,10250
7532,10216
7574,10031
7595,9923
7710,9698
7816,9408
8042,9055
8272,8765
8620,8528
8966,8299
9300,8103
9611,7864
9993,7698
10407,7487
10769,7374
10985,7196
11175,7121
11420,7016
11584,6983
11561,7006
11573,7052
11497,7124
11331,7291
11073,7500
11059,7674
10795,7941
10489,8184
10081,8517
9894,8780
9543,9039
9203,9346
8960,9525
8783,9713
8518,9803
8262,9926
8154,9939
7970,9880
7720,9804
7511,9691
7423,9702
7311,9722
7273,9789
7250,9721
7343,9609
7545,9418
7796,9230
8079,8943
8436,8706
8824,8447
9198,8225
9699,8039
10046,7811
10401,7594
10682,7433
11055,7292
11409,7195
11659,7102
11930,7024
12227,6933
12422,6914
12409,6913
12494,6939
12318,7064
12168,7164
11844,7342
11394,7516
10941,7685
10439,7928
10116,8050
9792,8211
9296,8381
8876,8586
8530,8766
8179,9025
7894,9278
7562,9535
7341,9601
7118,9744
6981,9806
6921,9855
6949,9825
6937,9766
6957,9691
7022,9656
7221,9511
7412,9461
7740,9286
7628,9031
7902,8747
8536,8509
8623,8305
8135,7999
7457,7742
6912,7495
6573,7287
6374,7163
6283,7005
6226,6923
6200,6896
6180,6966
6176,7094
6165,7263
6162,7420
6165,7631
6158,7918
6143,8177
6142,8425
6151,8646
6142,8901
6150,9096
6132,9234
6139,9623
6127,10043
6133,10291
6133,10296
6130,10383
6138,10432
6119,10360
6124,10265
6123,10163
6135,9919
6127,9692
6135,9401
6119,9121
6118,8857
6133,8549
6126,8329
6119,8072
6112,7836
6119,7653
6132,7513
6113,7374
6123,7195
6121,7126
6118,7088
6130,7041
6119,6917
6122,6896
6121,6868
6122,6817
6117,6902
6119,6965
6115,6926
6110,6914
6101,6828
6115,6694
6115,6515
6115,6401
6116,6310
6115,6230
6111,6216
6115,6195
6104,6178
6112,6165
6107,6147
6103,6148
6116,6150
6106,6112
6105,6093
6115,6121
6107,6126
6106,6126
6106,6124
6104,6109
6110,6104
6100,6100
6103,6078
6106,6074
6112,6075
6108,6073
6101,6062
6107,6082
6125,6077
6105,6069
6107,6054
6106,6057
6105,6071
6099,6051
6111,6059
6109,6072
6111,6065
6102,6063
6104,6068
6111,6064
6099,6065
6101,6071
6117,6071
6098,6060
6099,6062
6105,6092
6102,6060
6106,6062
6110,6066
6107,6049
6110,6062
6189,5881
6037,5968
6108,6063
5999,5960
6138,6097
6162,6120
6194,6139
6068,6055
6089,6034
6146,6080
6102,6064
6118,6057
6112,6058
6112,6055
6114,6057
6123,6052
6115,6047
6109,6049
6115,6040
6114,6046
6111,6052
6111,6052
6102,6045
6113,6053
6107,6045
6111,6055
6107,6035
6108,6057
6114,6048
6114,6053
6113,6052
6111,6059
6085,6055
6114,6046
6115,6046
6116,6042
6117,6048
6119,6036
6107,6057
6115,6047
6112,6043
6117,6050
6108,6058
6111,6044
6115,6053
6112,6047
6116,6045
6113,6047
6101,6041
6108,6041
6122,6044
6113,6042
6109,6038
6118,6062
6116,6052
6107,6049
6110,6051
6111,6057
6110,6050
6106,6045
6111,6052
6111,6043
6102,6047
6110,6059
6103,6045
6109,6049
6103,6044
6108,6047
6113,6054
6104,6048
6111,6058
6108,6056
6108,6048
6104,6050
6094,6052
6108,6056
6108,6050
6118,6049
6103,6060
6100,6053
6103,6035
6112,6049
6113,6055
6103,6055
6106,6056
6105,6045
6110,6055
6120,6069
6109,6044
6107,6047
6104,6054
6111,6061
6103,6054
6096,6038
6110,6049
6096,6064
6113,6056
6111,6041
6113,6043
6101,6053
6102,6037
6112,6042
6119,6053
6107,6047
6106,6047
6103,6046
6104,6045
6096,6058
6104,6054
6115,6039
6100,6056
6101,6051
6106,6051
6109,6045
6115,6045
6103,6046
6119,6055
6106,6049
6098,6047
6100,6052
6096,6045
6101,6064
6091,6057
6097,6033
6101,6045
6108,6051
6107,6039
6105,6063
6111,6045
6114,6050
6105,6040
6102,6037
6106,6054
6103,6058
6099,6045
6116,6047
6103,6041
6094,6062
6107,6053
6097,6052
6117,6055
6111,6048
6096,6076
6103,6048
6096,6049
6097,6045
6099,6044
6105,6038
6104,6039
6108,6044
6095,6034
6117,6051
6100,6031
6107,6049
6104,6036
6101,6038
6096,6041
6103,6046
6100,6041
6095,6041
6103,6050
6105,6056
6098,6056
6096,6058
6103,6050
6102,6052
6100,6053
6105,6054
6105,6043
6104,6042
6091,6038
6108,6047
6108,6043
6103,6034
6104,6055
6098,6053
6103,6043
6099,6042
6110,6050
6105,6048
6102,6049
6101,6048
6099,6049
6097,6043
6107,6050
6101,6063
6092,6041
6098,6051
6092,6048
6107,6049
6104,6038
6094,6050
6099,6052
6109,6040
6112,6045
6099,6048
6093,6041
6111,6056
6105,6046
6099,6052
6108,6054
6100,6047
6109,6054
6102,6055
6101,6050
6110,6049
6106,6054
6111,6048
6094,6054
6100,6048
6106,6047
6097,6061
6107,6050
6103,6056
6107,6046
6110,6037
6106,6053
6110,6036
6111,6048
6108,6054
6100,6050
6106,6060
6107,6058
6110,6054
6105,6050
6109,6045
6103,6056
6107,6038
6108,6043
6112,6049
6106,6044
6112,6062
6111,6061
6105,6070
6114,6051
6115,6048
6115,6054
6107,6050
6102,6048
6122,6059
6101,6056
6114,6050
6111,6045
6110,6051
6105,6049
6114,6061
6110,6045
6103,6060
6106,6058
6110,6056
6102,6043
6098,6057
6110,6045
6106,6051
6109,6037
6114,6055
6113,6047
6111,6053
6113,6050
6107,6059
6113,6050
6100,6048
6101,6040
6106,6044
6109,6056
6108,6069
6095,6050
6104,6043
6109,6060
6102,6041
6095,5878
6106,6028
6080,6009
6101,6031
6131,6095
6115,6063
6121,6046
6113,6043
6110,6055
6105,6053
6100,6060
6100,6041
6100,6048
6097,6051
6100,6048
6103,6047
6110,6045
6100,6044
6098,6044
6105,6053
6097,6045
6102,6048
6103,6048
6103,6050
6109,6045
6105,6048
6100,6049
6100,6050
6099,6049
6105,6050
6110,6038
6098,6053
6102,6040
6100,6054
6103,6044
6094,6030
6110,6047
6112,6051
6114,6056
6109,6065
6099,6054
6101,6061
6115,6057
6109,6056
6112,6059
6122,6056
6107,6058
6111,6051
6112,6041
6113,6054
6118,6049
6110,6058
6102,6016
6111,6051
6107,6056
6107,6054
6111,6045
6116,6044
6116,6049
6126,6052
6118,6036
6114,6050
6117,6039
6127,6050
6121,6039
6110,6059
6110,6043
6114,6039
6112,6047
6115,6045
6109,6044
6123,6059
6117,6059
6109,6040
6106,6046
6118,6042
6104,6066
6115,6054
6113,6061
6105,6053
6118,6058
6108,6062
6108,6037
6106,6052
6103,6036
6106,6051
6108,6044
6122,6040
6112,6042
6106,6058
6110,6053
6116,6038
6103,6048
6122,6054
6123,6055
6120,6043
6111,6045
6111,6041
6110,6049
6120,6047
6108,6047
6118,6045
6117,6016
6111,6053
6121,6056
6109,6039
6111,6045
6112,6053
6122,6038
6113,6054
6113,6047
6114,6053
6111,6054
6117,6049
6104,6045
6114,6051
6108,6026
6119,6048
6110,6046
6116,6044
6112,6054
6104,6033
6112,6050
6118,6037
6104,6039
6110,6050
6115,6059
6120,6050
6118,6055
6109,6056
6102,6054
6118,6054
6112,6052
6110,6063
6106,6052
6103,6047
6116,6043
6112,6060
6107,6055
6110,6043
6116,6049
6113,6047
6107,6049
6112,6051
6120,6046
6110,6054
6111,6049
6108,6044
6121,6048
6112,6047
6120,6053
6128,5994
6110,6040
6119,6050
6125,6043
6111,6059
6115,6051
6114,6058
6119,6055
6118,6057
6104,6050
6119,6041
6107,6027
6125,6048
6109,6058
6118,6059
6115,6055
6122,6058
6113,6050
6107,6053
6124,6059
6120,6058
6113,6053
6116,6049
6117,6059
6115,6054
6118,6064
6107,6066
6114,6063
6124,6056
6113,6055
6112,6060
6109,6052
6120,6056
6113,6063
6119,6050
6113,6056
6113,6056
6115,6052
6120,6058
6116,6048
6116,6050
6114,6050
6111,6052
6113,6046
6115,6064
6116,6050
6122,6052
6108,6061
6127,6055
6113,6056
6124,6063
6122,6050
6118,6062
6117,6048
6118,6051
6125,6056
6119,6050
6116,6069
6116,6069
6118,6052
6117,6054
6117,6056
6115,6053
6124,6054
6119,6044
6115,6036
6120,6056
6121,6051
6111,6066
6121,6056
6121,6054
6116,6056
6117,6062
6119,6054
6119,6050
6116,6057
6125,6044
6120,6054
6113,6062
6108,6049
6108,6049
6118,6049
6117,6043
6123,6064
6122,6055
6120,6054
6125,6057
6114,6056
6117,6056
6120,6058
6116,6057
6118,6055
6111,6049
6119,6057
6114,6050
6117,6050
6119,6051
6115,6059
6118,6055
6120,6057
6111,6058
6113,6060
6113,6060
6113,6050
6116,6057
6115,6056
6114,6039
6114,6060
6113,6048
0,31
0,61680
0,0
6118,6040
5601,5570
5596,5578
5613,5582
5606,5574
5605,5570
5602,5574
5602,5570
5601,5581
5822,5758
6323,6325
6285,6318
6307,6285
6320,6297
6283,6320
6290,6307
6294,6306
6291,6293
6290,6316
6304,6323
6300,6342
6291,6315
6293,6351
6297,6353
6310,6336
6309,6338
6310,6328
6293,6330
6302,6358
6328,6340
6312,6325
6284,6328
6288,6309
6290,6344
6284,6345
6283,6335
6287,6319
6287,6327
6305,6369
6311,6368
6306,6333
6268,6326
6283,6335
6277,6345
6276,6349
6278,6344
6289,6343
6287,6360
6287,6326
6284,6329
6306,6354
6286,6355
6288,6338
6288,6332
6292,6352
6301,6353
6294,6344
6310,6317
6330,6344
6297,6342
6315,6328
6305,6339
6306,6346
6286,6327
6272,6319
6286,6347
6299,6356
6309,6339
6302,6315
6324,6332
6305,6345
6299,6341
6289,6311
6285,6313
6291,6320
6282,6314
6293,6309
6303,6313
6303,6310
6304,6306
6303,6335
6288,6334
6285,6350
6301,6334
6304,6306
6294,6341
6279,6333
6278,6339
6288,6376
6289,6320
6288,6318
6291,6347
6273,6352
6291,6352
6304,6348
6321,6364
6294,6344
6282,6335
6288,6316
6287,6333
6282,6340
6284,6317
6309,6337
6295,6312
6287,6325
6285,6329
6264,6329
6282,6313
6303,6304
6315,6329
6317,6328
6279,6333
6262,6337
6287,6348
6289,6341
6295,6354
6287,6324
6304,6317
6309,6332
6284,6324
6305,6321
6294,6353
6284,6376
6285,6337
6301,6337
6278,6334
6281,6358
6299,6345
6292,6322
6284,6321
6297,6345
6285,6345
6298,6354
6274,6347
6290,6325
6288,6345
6293,6325
6305,6315
6295,6342
6284,6355
6281,6365
6290,6342
6285,6341
6303,6333
6285,6321
6290,6350
6293,6357
6288,6331
6294,6338
6275,6335
6286,6317
6287,6340
6276,6326
6309,6325
6310,6337
6291,6338
6304,6350
6518,6311
6263,6295
6256,6347
6295,6334
6307,6338
6169,6286
6292,6362
6280,6352
6317,6364
6301,6358
6310,6358
6292,6334
6269,6365
6270,6333
6282,6337
6281,6359
6271,6351
6284,6351
6279,6352
6294,6374
6290,6350
6272,6368
6283,6361
6285,6339
6289,6345
6281,6346
6269,6317
6273,6325
6289,6336
6293,6331
6284,6343
6285,6373
6276,6370
6287,6370
6286,6360
6260,6361
6268,6359
6282,6362
6281,6377
6280,6375
6289,6353
6281,6352
6276,6361
6264,6358
6287,6362
6274,6363
6283,6353
6266,6358
6276,6376
6279,6376
6272,6364
6284,6352
6265,6353
6259,6364
6277,6350
6271,6333
6270,6364
6271,6351
6293,6369
6293,6380
6260,6380
6271,6385
6244,6367
6264,6376
6273,6367
6284,6363
6266,6382
6250,6364
6266,6375
6268,6350
6263,6351
6264,6374
6278,6389
6269,6391
6273,6360
6251,6372
6280,6374
6231,6206
6257,6385
6257,6371
6253,6376
6252,6365
6237,6361
6250,6375
6273,6384
6260,6405
6256,6401
6257,6401
6266,6416
6241,6411
6250,6403
6257,6394
6285,6405
6264,6377
6249,6365
6256,6380
6275,6376
6251,6380
6267,6374
6258,6417
6297,6414
6270,6404
6247,6396
6254,6405
6237,6377
6254,6359
6248,6386
6240,6342
6244,6345
6240,6330
6255,6356
6262,6351
6250,6375
6250,6379
6237,6395
6232,6372
6244,6387
6237,6394
6260,6372
6255,6396
6249,6373
6251,6371
6258,6405
6258,6395
6252,6411
6254,6401
6255,6407
6249,6373
6255,6374
6251,6413
6253,6390
6256,6379
6242,6398
6238,6338
6246,6362
6242,6364
6249,6385
6242,6379
6241,6385
6234,6418
6232,6382
6240,6383
6239,6381
6236,6382
6239,6410
6235,6398
6261,6390
6246,6348
6240,6385
6239,6392
6237,6379
6234,6360
6243,6385
6248,6373
6228,6362
6241,6350
6243,6366
6251,6375
6251,6376
6257,6422
6245,6400
6233,6388
6238,6407
6230,6394
6233,6419
6242,6395
6228,6381
6220,6394
6214,6386
6233,6426
6231,6411
6242,6399
6236,6422
6239,6396
6251,6413
6232,6395
6228,6409
6244,6379
6228,6363
6256,6391
6241,6395
6236,6351
6242,6385
6249,6381
6242,6385
6239,6398
6220,6424
6215,6401
6235,6376
6245,6409
6233,6362
6222,6376
6229,6349
6217,6369
6226,6354
6227,6341
6239,6387
6247,6388
6239,6356
6233,6383
6232,6377
6234,6384
6224,6399
6237,6382
6244,6416
6234,6395
6225,6397
6224,6371
6223,6368
6231,6405
6242,6406
6229,6384
6244,6430
6235,6406
6242,6393
6225,6396
6227,6393
6230,6386
6230,6373
6213,6422
6233,6400
6249,6403
6217,6392
6230,6431
6220,6413
6222,6445
6228,6387
6218,6447
6223,6441
6218,6430
6241,6420
6212,6406
6228,6395
6231,6423
6222,6392
6232,6394
6221,6407
6233,6418
6231,6399
6233,6405
6233,6396
6238,6389
6234,6398
6221,6416
6222,6434
6223,6421
6221,6412
6228,6421
6236,6408
6225,6434
6228,6404
6220,6406
6230,6413
6217,6440
6224,6439
6226,6390
6228,6440
6230,6438
6226,6425
6221,6399
6218,6385
6213,6391
6233,6379
6226,6370
6228,6347
6224,6376
6215,6372
6169,6324
6182,6360
6233,6404
6103,6264
6211,6372
6203,6360
6214,6395
6222,6410
6221,6404
6223,6420
6219,6436
6213,6426
6232,6449
6221,6464
6208,6446
6219,6436
6212,6432
6226,6431
6234,6434
6225,6379
6230,6440
6233,6418
6222,6403
6215,6405
6214,6423
6223,6435
6218,6428
6212,6407
6219,6426
6223,6424
6233,6419
6234,6413
6206,6438
6229,6425
6220,6417
6224,6398
6211,6390
6232,6414
6218,6372
6214,6398
6215,6396
6234,6413
6213,6428
6233,6403
6224,6379
6230,6398
6231,6380
6231,6385
6221,6367
6230,6375
6234,6411
6224,6403
6229,6434
6219,6409
6199,6388
6223,6399
6219,6400
6226,6401
6222,6402
6226,6379
6224,6373
6223,6396
6225,6401
6229,6369
6214,6385
6230,6386
6219,6359
6254,6368
6240,6391
6222,6416
6227,6405
6224,6390
6234,6403
6225,6417
6225,6387
6224,6382
6233,6390
6220,6381
6229,6394
6219,6390
6219,6392
6234,6378
6235,6381
6227,6412
6218,6393
6230,6400
6235,6395
6216,6379
6224,6389
6209,6398
6220,6404
6236,6403
6230,6403
6223,6410
6224,6375
6218,6375
6220,6381
6228,6350
6233,6374
6240,6370
6242,6385
6230,6395
6235,6405
6240,6425
6240,6387
6235,6416
6230,6409
6235,6366
6232,6364
6243,6393
6220,6368
6232,6386
6219,6395
6223,6352
6236,6371
6222,6359
6236,6354
6231,6351
6237,6366
6239,6378
6225,6373
6245,6353
6232,6367
6235,6360
6237,6345
6227,6343
6239,6365
6234,6381
6242,6393
6240,6372
6238,6390
6247,6369
6226,6367
6244,6385
6232,6374
6229,6388
6231,6351
6237,6351
6242,6367
6231,6328
6239,6351
6233,6359
6244,6385
6236,6376
6224,6382
6238,6393
6247,6357
6237,6350
6243,6344
6234,6347
6222,6344
6241,6344
6246,6361
6238,6323
6240,6324
6240,6355
6250,6359
6233,6328
6247,6327
6237,6332
6267,6337
6251,6362
6224,6362
6226,6334
6237,6324
6231,6315
6232,6317
6233,6358
6243,6348
6245,6332
6245,6363
6232,6362
6235,6337
6229,6330
6237,6367
6239,6368
6256,6353
6232,6354
6238,6341
6230,6360
6229,6352
6232,6350
6248,6361
6257,6344
6247,6354
6239,6355
6228,6343
6232,6340
6226,6338
6235,6373
6249,6369
6244,6374
6249,6385
6241,6360
6246,6348
6242,6351
6248,6357
6252,6366
6264,6361
6268,6356
6259,6371
6273,6372
6267,6358
6283,6354
6283,6354
6283,6350
6282,6336
6308,6349
6292,6380
6332,6359
6346,6337
6367,6340
6388,6361
6418,6359
6445,6330
6467,6368
6514,6371
6533,6351
6592,6335
6597,6324
6644,6327
6658,6314
6681,6349
6682,6354
6715,6345
6738,6324
6793,6318
6860,6336
6955,6341
7066,6346
7158,6345
7312,6367
7567,6369
7746,6348
7917,6346
8155,6345
8369,6332
8508,6336
8635,6337
8773,6338
8848,6351
8862,6362
8795,6403
8752,6405
8734,6405
8628,6405
8590,6455
8425,6472
8275,6514
8108,6525
7914,6575
7751,6631
7459,6655
7331,6733
7159,6779
7049,6824
6945,6927
6864,6958
6805,7066
6797,7130
6821,7190
6856,7254
6931,7283
7023,7396
7169,7437
7282,7510
7432,7490
7666,7471
7816,7448
7996,7444
8368,7560
8258,7201
8290,7203
8584,7058
8830,6922
9071,6952
9182,6902
9397,6812
9516,6761
9561,6744
9562,6758
9606,6821
9561,6853
9565,6929
9448,7042
9267,7127
9011,7277
8816,7366
8614,7487
8367,7654
8102,7769
7858,7852
7576,7903
7405,8022
7257,8148
7145,8248
7066,8290
6988,8282
6992,8350
7037,8238
7074,8253
7159,8196
7249,8095
7404,7906
7560,7742
7714,7607
7919,7533
8109,7422
8243,7345
8427,7230
8627,7142
8746,7045
8927,6967
9104,6827
9209,6768
9344,6727
9548,6701
9579,6654
9567,6681
9534,6762
9552,6893
9577,7037
9455,7178
9373,7318
9251,7560
9076,7769
8816,8010
8561,8196
8309,8430
8032,8669
7806,8782
7603,8976
7325,9077
7150,9239
6989,9315
6893,9303
6808,9265
6787,9237
6864,9123
6926,8900
7045,8761
7266,8640
7486,8463
7706,8255
8003,8082
8333,7887
8719,7722
9101,7575
9452,7459
9755,7335
9905,7165
10067,7031
10319,6943
10611,6829
10714,6799
10949,6789
11093,6786
11259,6815
11373,6827
11268,6878
11020,7002
10719,7109
10428,7230
10068,7426
9818,7613
9449,7860
9142,8120
8754,8359
8500,8518
8293,8700
8031,8976
7843,9137
7649,9235
7431,9355
7349,9385
7241,9442
7161,9454
7134,9302
7091,9188
7097,9128
7104,8943
7141,8751
7274,8763
7394,8479
7536,8215
7669,7992
7807,7763
8081,7563
8244,7338
8497,7169
8696,7000
8920,6896
9187,6797
9426,6733
9553,6710
9611,6672
9741,6693
9790,6778
9740,6844
9686,6995
9565,7178
9541,7341
9496,7554
9262,7777
9090,8023
8918,8178
8692,8361
8407,8590
8132,8706
7860,8744
7688,8846
7426,8924
7225,8977
7064,9007
6966,9042
6840,9014
6764,8820
6716,8760
6698,8776
6759,8771
6816,8680
6902,8563
7022,8494
7163,8370
7325,8220
7473,8045
7615,7907
7789,7700
7938,7447
8054,7230
8243,7100
8444,7034
8616,6890
8775,6840
8947,6764
9052,6715
9115,6690
9121,6723
9174,6776
9155,6854
9063,6912
8984,7023
8899,7126
8757,7261
8480,7422
8285,7619
8110,7783
7853,7916
7631,8085
7436,8155
7292,8367
7110,8349
6975,8378
6871,8387
6818,8428
6816,8379
6814,8415
6835,8283
6851,8241
6887,8156
6888,8089
6966,7965
7039,7843
7135,7766
7193,7648
7384,7545
7481,7419
7620,7321
7757,7177
7868,7039
8047,6924
8252,6833
8431,6734
8659,6663
8805,6630
8882,6638
8980,6641
8995,6690
9026,6714
9080,6825
9016,6933
8875,7059
8768,7150
8700,7302
8609,7409
8524,7537
8366,7666
8190,7761
7943,7911
7719,7991
7520,8085
7240,8148
7047,8119
6879,8126
6793,8147
6697,8120
6646,8015
6606,7963
6629,7867
6651,7840
6717,7802
6793,7764
6917,7729
7022,7635
7182,7518
7331,7425
7496,7312
7650,7245
7850,7153
8065,7044
8281,6900
8433,6784
8594,6720
8756,6638
8856,6574
9034,6532
9149,6547
9289,6550
9326,6570
9353,6611
9387,6678
9162,6768
9102,6846
8923,6905
8833,7055
8716,7159
8511,7279
8338,7447
8140,7565
7878,7684
7675,7833
7496,7976
7335,8046
7162,8110
7026,8150
6887,8113
6831,8186
6722,8096
6744,8091
6737,8055
6720,7946
6754,7787
6848,7719
6955,7642
7062,7586
7180,7460
7338,7363
7563,7260
7754,7111
7912,6986
8004,6861
8245,6779
8348,6730
8481,6635
8659,6571
8874,6560
8920,6534
9018,6505
9062,6622
8991,6713
8967,6789
8894,6903
8868,7043
8744,7194
8579,7423
8368,7542
8158,7676
8041,7787
7861,7913
7742,8036
7555,8179
7373,8323
7245,8335
7153,8349
7040,8481
6957,8498
6913,8506
6848,8454
6807,8382
6785,8342
6809,8278
6862,8197
6935,8198
7062,8054
7213,7846
7388,7644
7556,7555
7775,7441
7958,7285
8136,7152
8337,7013
8680,6893
8885,6798
9019,6721
9244,6637
9359,6601
9489,6560
9510,6558
9667,6621
9660,6661
9794,6735
9665,6812
9572,6901
9485,7041
9319,7138
9004,7338
8825,7451
8610,7622
8389,7779
8171,7836
7975,7994
7770,8125
7597,8184
7420,8244
7176,8350
7056,8298
6926,8341
6814,8407
6756,8382
6726,8384
6714,8375
6750,8296
6822,8184
6921,8081
7070,7984
7253,7825
7365,7701
7491,7539
7744,7426
7956,7284
8155,7148
8402,7032
8635,6941
8801,6879
8953,6766
9039,6682
9256,6640
9277,6630
9299,6626
9325,6687
9405,6700
9429,6791
9349,6923
9266,7049
9000,7158
8708,7294
8437,7417
8229,7633
8043,7742
7845,7893
7604,8086
7377,8213
7176,8265
6993,8423
6869,8576
6776,8743
6722,8702
6688,8740
6691,8794
6678,8773
6719,8703
6787,8633
6866,8481
6974,8319
7123,8137
7247,8089
7419,7965
7578,7842
7730,7610
7896,7487
8058,7315
8197,7150
8381,6990
8618,6896
8757,6757
8825,6668
8997,6591
9031,6560
8985,6603
9089,6648
9142,6683
9105,6785
9107,6881
9130,7050
9261,7137
9068,7336
8866,7498
8778,7673
8731,7780
8573,7939
8322,8074
8058,8194
7840,8216
7667,8266
7429,8384
7393,8410
7225,8539
6985,8545
6834,8532
6781,8337
6717,8189
6788,8132
6863,7967
6981,7804
7108,7698
7255,7564
7438,7390
7648,7287
7834,7149
8057,7055
8199,6900
8393,6797
8513,6712
8723,6648
8761,6626
8824,6582
8835,6573
8886,6573
8899,6600
8842,6653
8729,6745
8695,6805
8640,6927
8577,7042
8454,7121
8272,7284
8090,7470
7947,7676
7786,7991
7685,8078
7430,8314
7256,8510
7133,8795
7007,8955
6888,9092
6842,9036
6758,9109
6721,9194
6704,9151
6716,9164
6765,9021
6810,8852
6854,8661
6947,8471
7069,8311
7188,8053
7306,7878
7392,7731
7540,7529
7749,7345
7827,7204
7925,7076
8059,6911
8197,6773
8330,6722
8434,6676
8483,6641
8595,6667
8680,6658
8610,6698
8652,6767
8691,6791
8601,6850
8561,6909
8500,6984
8343,7062
8299,7210
8203,7293
8125,7394
7986,7513
7846,7564
7699,7587
7529,7705
7421,7800
7259,7773
7125,7708
7071,7700
7031,7666
6983,7626
7048,7566
7108,7490
7246,7404
7406,7361
7573,7247
7835,7187
8056,7101
8378,7013
8705,6954
8998,6863
9243,6799
9570,6741
9927,6667
10189,6584
10448,6550
10596,6539
10537,6533
10667,6549
10672,6544
10692,6574
10712,6614
10677,6691
10493,6757
10372,6832
10256,6895
9984,7069
9839,7225
9520,7384
8754,7099
9208,7899
8481,7772
8240,8014
8099,8361
7788,8446
7501,8589
7337,8798
7133,8966
6970,9078
6887,9028
6882,9062
6850,9071
6939,9101
6971,9007
7025,8979
7178,8891
7330,8685
7570,8441
7802,8204
8017,8033
8249,7787
8601,7600
8871,7410
9198,7282
9475,7123
9594,7013
9752,6903
9926,6833
10178,6777
10301,6741
10363,6694
10514,6730
10512,6810
10486,6938
10395,7111
10213,7304
10179,7478
9994,7651
9803,7907
9494,8151
9232,8353
9022,8617
8841,8932
8652,9007
8459,9168
8203,9270
7931,9348
7731,9531
7515,9591
7385,9729
7212,9661
7111,9665
7090,9442
7099,9258
7214,9142
7336,9056
7528,8794
7784,8637
8013,8475
8316,8271
8749,8024
9049,7744
9378,7525
9636,7387
9968,7165
10230,7022
10508,6936
10727,6818
11025,6726
11283,6744
11362,6776
11435,6762
11506,6841
11513,6906
11362,7057
11346,7264
11112,7526
10721,7675
10420,7902
10004,8141
9643,8362
9262,8624
8877,8817
8514,9118
8174,9352
7826,9489
7661,9688
7585,9863
7551,10004
7565,10126
7551,10208
7535,10225
7552,10246
7591,10117
7622,9913
7727,9686
7842,9418
8007,9082
8237,8755
8625,8554
8976,8306
9308,8106
9650,7875
10012,7706
10395,7490
10767,7322
10998,7181
11180,7108
11512,7014
11599,7031
11590,7053
11563,7052
11505,7122
11322,7279
11063,7485
11069,7679
10763,7920
10424,8190
10107,8479
9941,8826
9519,9059
9151,9314
8926,9588
8755,9701
8531,9788
8314,9925
8151,9912
7969,9806
7768,9777
7549,9721
7394,9680
7286,9710
7242,9782
7268,9752
7324,9617
7531,9357
7777,9211
8131,8925
8479,8707
8851,8469
9160,8205
9652,8060
10032,7812
10390,7573
10665,7476
11062,7297
11362,7198
11599,7102
11929,7017
12186,6949
12436,6921
12449,6886
12426,6951
12286,7079
12146,7183
11824,7340
11330,7484
10951,7682
10412,7910
10159,8045
9753,8201
9340,8358
8891,8544
8548,8784
8201,9005
7885,9300
7586,9503
7330,9618
7151,9714
6974,9819
6949,9851
6957,9831
6944,9766
6936,9688
7047,9650
7200,9512
7427,9445
7745,9346
7606,9073
7906,8735
8543,8527
8635,8232
8177,7996
7456,7732
6915,7488
6569,7285
6383,7118
6280,7026
6227,6918
6191,6911
6180,6963
6169,7085
6156,7247
6169,7407
6156,7658
6142,7907
6135,8177
6147,8422
6148,8623
6141,8931
6154,9123
6136,9265
6145,9684
6132,10056
6125,10218
6132,10286
6127,10393
6146,10411
6125,10390
6125,10310
6128,10149
6131,9925
6123,9715
6130,9378
6118,9085
6130,8851
6127,8550
6114,8295
6125,8085
6119,7852
6113,7683
6116,7545
6118,7371
6123,7203
6118,7156
6125,7083
6117,7026
6111,6920
6108,6872
6120,6857
6121,6847
6112,6913
6120,6937
6109,6958
6120,6899
6120,6822
6112,6698
6105,6532
6109,6409
6116,6301
6107,6245
6118,6204
6118,6178
6105,6179
6113,6164
6105,6160
6103,6127
6112,6140
6106,6119
6108,6114
6103,6109
6111,6117
6109,6117
6111,6120
6098,6111
6111,6114
6101,6089
6106,6079
6098,6068
6113,6074
6109,6090
6099,6052
6114,6082
6114,6084
6109,6073
6107,6070
6128,6080
6179,6142
6026,6006
6114,6072
6086,6062
6100,6072
6107,6054
6103,6047
6099,6056
6106,6056
6098,6066
6108,6068
6102,6063
6108,6050
6110,6064
6102,6057
6102,6063
6099,6048
6101,6056
6110,6054
6106,6054
6118,6060
6110,6062
6108,6053
6110,6049
6110,6054
6098,6051
6117,6050
6111,6056
6110,6051
6102,6046
6107,6113
6113,6066
6112,6054
6104,6047
6118,6049
6108,6044
6107,6057
6114,6057
6110,6063
6106,6056
6122,6056
6108,6053
6107,6040
6104,6049
6106,6051
6110,6054
6108,6045
6104,6043
6121,6048
6105,6057
6113,6063
6106,6031
6111,6049
6118,6061
6112,6049
6100,6051
6112,6038
6110,6039
6111,6052
6104,6045
6109,6059
6107,6056
6110,6045
6114,6049
6112,6056
6109,6043
6119,6051
6106,6037
6111,6056
6117,6040
6109,6100
6117,6031
6111,6047
6113,6055
6108,6053
6110,6045
6106,6043
6112,6041
6105,6044
6116,6061
6114,6041
6111,6051
6106,6040
6108,6054
6104,6049
6108,6041
6106,6046
6112,6047
6103,6045
6102,6058
6120,6051
6110,6036
6109,6057
6097,6055
6110,6048
6110,6055
6115,6040
6108,6041
6108,6047
6104,6043
6110,6050
6111,6042
6115,6058
6105,6048
6113,6044
6111,6047
6113,6038
6102,6050
6110,6051
6106,6046
6113,6053
6104,6051
6102,6043
6111,6047
6101,6076
6112,6052
6103,6046
6108,6037
6095,6053
6101,6044
6103,6045
6117,6057
6114,6044
6106,6054
6103,6045
6104,6034
6107,6054
6106,6045
6106,6058
6097,6056
6096,6048
6105,6039
6111,6052
6106,6049
6104,6044
6107,6048
6109,6050
6105,6050
6096,6061
6103,6047
6101,6064
6115,6058
6102,6056
6099,6050
6110,6044
6099,6043
6107,6058
6113,6049
6119,6054
6104,6049
6103,6042
6109,6045
6112,6052
6097,6055
6108,6046
6102,6042
6100,6047
6099,6042
6106,6046
6110,6059
6102,6045
6098,6049
6104,6036
6102,6041
6105,6055
6087,6065
6103,6052
6108,6040
6117,6040
6087,6043
6104,6043
6099,6049
6113,6042
6114,6043
6106,6059
6095,6046
6101,6047
6098,6054
6099,6053
6108,6052
6101,6060
6097,6051
6100,6051
6104,6032
6098,6053
6094,6059
6106,6046
6105,6042
6100,6039
6093,6033
6109,6033
6107,6045
6098,6042
6105,6041
6100,6043
6096,6030
6104,6057
6101,6042
6101,6051
6092,6029
6107,6045
6091,6036
6093,6039
6106,6049
6101,6049
6090,6075
6099,6051
6095,6047
6101,6048
6094,6045
6098,6034
6101,6047
6105,6046
6118,6035
6091,6058
6095,6051
6107,6034
6104,6059
6098,6054
6112,6047
6102,6047
6104,6049
6110,6049
6102,6032
6110,6044
6110,6046
6102,6054
6093,6049
6094,6039
6101,6052
6107,6034
6105,6052
6102,6061
6107,6052
6108,6048
6108,6028
6109,6053
6106,6055
6105,6050
6108,6040
6106,6046
6102,6051
6104,6053
6095,6063
6111,6041
6104,6044
6099,6041
6100,6047
6111,6048
6105,6047
6108,6028
6102,6056
6108,6055
6110,6058
6105,6049
6114,6037
6106,6049
6114,6056
6118,6062
6096,6048
6104,6045
6105,6061
6104,6053
6103,6057
6117,6057
6120,6047
6099,6061
6054,6021
5763,5695
6022,5990
6016,6012
6132,6012
6037,5992
6138,6072
6111,6057
6100,6030
6071,6031
6118,6072
6123,6066
6104,6048
6088,6038
6097,6041
6108,6046
6107,6057
6105,6061
6098,6042
6110,6049
6108,6054
6107,6041
6102,6032
6107,6039
6102,6045
6105,6057
6095,6050
6102,6044
6113,6039
6099,6051
6095,6047
6098,6048
6098,6056
6092,6047
6100,6058
6097,6039
6104,6034
6105,6050
6111,6051
6095,6046
6099,6043
6106,6058
6105,6036
6097,6044
6095,6050
6109,6049
6097,6045
6107,6046
6100,6041
6098,6039
6102,6039
6105,6050
6106,6045
6100,6034
6102,6047
6108,6056
6107,6054
6099,6048
6108,6056
6117,6058
6112,6054
6114,6054
6094,6047
6103,6049
6104,6051
6105,6047
6111,6042
6114,6058
6102,6040
6113,6051
6114,5996
6103,6051
6110,6047
6102,6049
6104,6056
6109,6045
6106,6056
6113,6055
6110,6037
6116,6054
6112,6040
6126,6052
6110,6038
6112,6036
6117,6045
6121,6054
6117,6048
6109,6039
6104,6052
6111,6045
6120,6034
6113,6034
6114,6041
6121,6058
6110,6052
6111,6052
6102,6048
6108,6049
6110,6041
6113,6049
6114,6049
6104,6049
6117,6055
6110,6049
6111,6048
6106,6048
6101,6040
6110,6054
6106,6041
6109,6034
6114,6049
6105,6053
6103,6042
6110,6053
6103,6039
6118,6039
6115,6059
6110,6055
6113,6049
6110,6051
6107,6058
6111,6054
6104,6041
6111,6028
6120,6048
6110,6053
6116,6059
6107,6045
6110,6037
6112,6030
6094,6042
6115,6047
6112,6042
6112,6038
6111,6042
6106,6038
6114,6041
6113,6050
6107,6056
6113,6056
6107,6030
6106,6041
6112,6037
6101,6038
6119,6039
6124,6050
6102,6037
6111,6046
6107,6049
6111,6055
6115,6051
6111,6051
6103,6062
6112,6051
6116,6048
6113,6045
6106,6039
6097,6031
6115,6043
6111,6049
6110,6045
6106,6032
6121,6046
6107,6043
6106,6047
6119,6045
6111,6046
6114,6047
6114,6050
6113,6054
6113,6058
6121,6047
6119,6049
6119,6042
6106,6039
6120,6052
6127,6050
6111,6045
6112,6053
6109,6075
6117,6061
6118,6053
6107,6065
6121,6054
6121,6059
6113,6054
6107,6052
6119,6052
6116,6049
6123,6059
6115,6049
6114,6043
6128,6052
6123,6052
6115,6057
6111,6038
6119,6062
6119,6060
6114,6046
6113,6045
6113,6045
6114,6042
6109,6063
6111,6064
6116,6048
6126,6061
6118,6047
6114,6046
6132,6052
6113,6057
6114,6048
6111,6047
6122,6054
6116,6062
6109,6051
6112,6053
6115,6066
6109,6055
6111,6046
6111,6058
6108,6050
6120,6049
6120,6049
6116,6054
6121,6051
6118,6049
6106,6062
6125,6055
6111,6051
6109,6062
6115,6053
6117,6051
6114,6052
6122,6049
6119,6057
6116,6035
6116,6048
6114,6062
6108,6056
6118,6038
6120,6053
6122,6044
6115,6057
6126,6053
6126,6053
6113,6062
6118,6044
6107,6066
6114,6044
6116,6053
6116,6057
6111,6054
6114,6038
6116,6046
6113,6050
6121,6057
6117,6054
6115,6038
6119,6050
6115,6056
6119,6053
6113,6054
6112,6047
6115,6058
6115,6055
6118,6054
6118,6054
6114,6060
6108,6029
6113,6052
6115,6032
6115,6063
6120,6049
6112,6049
6113,6053
6110,6038
6119,6054
6114,6050
6108,6057
6114,6044
6108,6057
6109,6050
0,25
0,61680
0,0
6111,6052
5601,5565
5597,5563
5612,5574
5605,5566
5600,5577
5594,5568
5601,5578
5601,5578
5818,5750
6320,6321
6278,6289
6306,6306
6313,6289
6270,6326
6286,6298
6286,6298
6295,6307
6292,6285
6305,6318
6295,6315
6304,6329
6297,6352
6302,6356
6311,6346
6305,6342
6302,6331
6287,6329
6309,6306
6323,6330
6295,6321
6299,6317
6289,6316
6290,6342
6284,6321
6285,6332
6283,6326
6285,6338
6316,6358
6303,6386
6292,6355
6290,6336
6283,6339
6278,6350
6282,6349
6271,6351
6297,6364
6285,6350
6281,6348
6277,6337
6304,6334
6298,6354
6291,6354
6299,6323
6296,6355
6299,6370
6301,6330
6313,6315
6323,6354
6296,6350
6316,6311
6313,6330
6289,6332
6284,6324
6280,6321
6290,6342
6308,6342
6298,6356
6307,6335
6305,6334
6303,6333
6289,6340
6287,6298
6293,6333
6285,6321
6283,6313
6291,6311
6283,6330
6298,6303
6291,6323
6297,6326
6301,6340
6271,6342
6303,6332
6316,6311
6293,6346
6255,6325
6279,6362
6268,6378
6278,6326
6271,6333
6292,6332
6270,6351
6295,6350
6299,6353
6324,6364
6288,6342
6273,6344
6294,6309
6293,6319
6296,6347
6291,6315
6297,6330
6291,6318
6272,6299
6287,6319
6282,6326
6293,6321
6305,6320
6304,6345
6295,6313
6280,6331
6281,6341
6291,6341
6308,6341
6290,6365
6290,6326
6313,6322
6288,6326
6290,6322
6299,6321
6300,6347
6290,6370
6286,6333
6296,6350
6286,6332
6286,6339
6304,6329
6291,6324
6296,6334
6282,6330
6282,6347
6283,6346
6283,6355
6294,6332
6285,6332
6188,6222
6312,6385
6299,6338
6304,6372
6270,6330
6307,6362
6299,6351
6305,6348
6282,6321
6289,6341
6297,6347
6296,6340
6286,6347
6285,6337
6287,6310
6280,6341
6291,6333
6297,6325
6312,6346
6294,6344
6296,6360
6291,6343
6296,6339
6303,6340
6285,6308
6284,6333
6271,6330
6276,6341
6285,6327
6287,6342
6294,6340
6323,6373
6284,6333
6274,6333
6280,6345
6282,6336
6274,6337
6282,6340
6284,6339
6288,6358
6302,6375
6292,6344
6278,6363
6273,6356
6271,6331
6282,6342
6283,6335
6259,6314
6277,6301
6278,6342
6293,6322
6280,6333
6293,6362
6274,6364
6281,6377
6285,6375
6254,6378
6263,6400
6282,6372
6287,6350
6280,6357
6282,6354
6259,6353
6285,6347
6286,6369
6292,6372
6269,6369
6270,6348
6258,6350
6285,6376
6274,6393
6280,6353
6279,6363
6265,6364
6269,6361
6272,6362
6272,6350
6273,6384
6267,6377
6291,6366
6283,6383
6270,6379
6270,6369
6255,6374
6266,6392
6270,6377
6283,6351
6257,6390
6252,6377
6256,6363
6267,6358
6260,6370
6288,6376
6336,6363
6250,6381
6268,6358
6259,6374
6274,6381
6243,6374
6244,6370
6252,6366
6254,6389
6258,6368
6253,6352
6255,6380
6272,6396
6252,6378
6242,6397
6249,6405
6268,6415
6242,6414
6247,6399
6252,6380
6283,6400
6270,6386
6260,6339
6267,6384
6267,6377
6263,6369
6265,6371
6262,6405
6287,6414
6263,6409
6247,6399
6259,6385
6252,6379
6252,6377
6254,6382
6262,6360
6262,6345
6235,6348
6253,6360
6258,6345
6260,6345
6248,6386
6249,6377
6239,6369
6233,6365
6244,6370
6247,6374
6258,6387
6266,6374
6249,6372
6263,6410
6260,6396
6257,6376
6243,6381
6239,6399
6254,6371
6253,6369
6249,6409
6249,6366
6248,6384
6248,6402
6237,6375
6229,6377
6248,6344
6253,6363
6244,6367
6237,6371
6236,6406
6247,6357
6233,6402
6244,6370
6243,6372
6239,6380
6241,6382
6250,6368
6253,6360
6247,6362
6241,6395
6233,6353
6228,6347
6241,6366
6235,6363
6243,6354
6242,6362
6248,6359
6240,6377
6240,6387
6242,6403
6238,6414
6233,6413
6239,6411
6245,6402
6242,6413
6246,6398
6240,6362
6215,6395
6227,6382
6233,6400
6232,6388
6231,6411
6246,6385
6243,6402
6254,6385
6218,6380
6230,6402
6245,6382
6235,6375
6243,6383
6235,6383
6252,6354
6225,6395
6231,6388
6246,6385
6240,6396
6230,6401
6237,6394
6243,6374
6243,6407
6226,6382
6235,6383
6222,6360
6231,6347
6223,6371
6227,6351
6239,6350
6238,6371
6234,6366
6228,6370
6229,6400
6224,6403
6235,6404
6232,6394
6243,6398
6228,6408
6231,6414
6222,6370
6225,6386
6225,6401
6228,6406
6222,6399
6244,6417
6230,6389
6233,6396
6237,6395
6229,6396
6222,6403
6224,6393
6211,6413
6222,6423
6223,6405
6222,6424
6230,6425
6221,6415
6227,6430
6231,6396
6222,6441
6220,6432
6219,6416
6238,6419
6210,6410
6239,6408
6226,6402
6230,6405
6219,6398
6219,6413
6234,6408
6230,6401
6224,6424
6225,6399
6236,6395
6213,6363
6211,6413
6209,6420
6203,6422
6224,6404
6220,6447
6370,6518
6216,6696
6458,6365
6231,6418
6205,6458
6268,6487
6264,6489
6198,6373
6221,6415
6228,6439
6223,6404
6217,6392
6203,6375
6213,6366
6230,6375
6220,6363
6227,6351
6218,6368
6218,6354
6218,6371
6232,6406
6216,6419
6228,6385
6218,6424
6235,6383
6228,6405
6218,6413
6212,6408
6218,6418
6225,6415
6220,6422
6229,6454
6215,6447
6227,6447
6232,6432
6217,6423
6222,6438
6219,6408
6227,6435
6237,6431
6229,6406
6222,6410
6227,6399
6214,6427
6214,6430
6215,6407
6225,6398
6217,6434
6229,6423
6232,6426
6230,6416
6222,6416
6227,6434
6220,6414
6220,6403
6208,6402
6223,6391
6216,6411
6216,6423
6212,6409
6225,6412
6218,6410
6217,6416
6223,6387
6219,6404
6224,6377
6218,6373
6226,6386
6216,6379
6226,6413
6217,6395
6231,6423
6219,6414
6213,6413
6210,6412
6215,6392
6219,6401
6213,6406
6209,6386
6223,6393
6214,6385
6214,6403
6201,6374
6223,6369
6217,6374
6212,6374
6233,6383
6225,6400
6232,6397
6226,6403
6223,6396
6217,6402
6231,6402
6230,6402
6232,6383
6223,6390
6238,6397
6226,6409
6221,6395
6218,6391
6232,6385
6245,6388
6231,6427
6228,6402
6222,6396
6225,6399
6216,6371
6228,6397
6215,6401
6226,6401
6225,6405
6222,6408
6224,6406
6222,6395
6214,6378
6232,6374
6232,6367
6239,6366
6235,6387
6238,6384
6230,6401
6222,6403
6239,6414
6230,6416
6244,6366
6240,6389
6228,6376
6225,6393
6233,6398
6234,6380
6240,6390
6223,6380
6227,6361
6225,6378
6224,6372
6234,6381
6241,6375
6229,6384
6230,6364
6240,6383
6223,6348
6233,6358
6231,6365
6243,6349
6225,6333
6234,6361
6240,6380
6244,6393
6231,6377
6240,6380
6240,6353
6236,6360
6234,6386
6216,6349
6233,6378
6236,6352
6232,6362
6242,6365
6234,6352
6239,6352
6236,6377
6236,6379
6242,6376
6233,6394
6222,6394
6239,6359
6234,6355
6246,6344
6250,6342
6240,6327
6236,6336
6237,6345
6231,6328
6227,6322
6235,6354
6247,6349
6237,6338
6250,6336
6259,6338
6240,6324
6238,6364
6220,6350
6221,6350
6234,6341
6226,6350
6227,6321
6216,6340
6228,6347
6241,6338
6247,6363
6226,6352
6227,6351
6222,6354
6242,6362
6241,6380
6240,6357
6242,6351
6245,6355
6221,6344
6221,6336
6227,6347
6239,6372
6242,6361
6238,6347
6239,6329
6228,6336
6224,6343
6229,6344
6253,6356
6243,6375
6249,6335
6246,6365
6248,6354
6239,6351
6251,6356
6251,6355
6258,6372
6261,6377
6266,6374
6270,6359
6276,6373
6272,6359
6273,6345
6287,6340
6277,6346
6286,6337
6300,6344
6312,6363
6339,6353
6342,6340
6363,6334
6387,6350
6422,6349
6460,6354
6485,6350
6508,6362
6553,6346
6575,6359
6581,6361
6610,6343
6649,6318
6670,6324
6686,6331
6718,6353
6726,6334
6801,6337
6868,6346
6934,6330
7051,6340
7153,6346
7299,6352
7526,6360
7736,6350
7898,6339
8132,6328
8326,6322
8555,6339
8666,6344
8780,6339
8858,6354
8874,6345
8837,6396
8797,6395
8758,6391
8673,6416
8607,6433
8390,6478
8263,6497
8058,6459
7931,6562
7693,6569
7473,6622
7346,6736
7147,6733
7066,6838
6907,6903
6874,6952
6788,7043
6775,7107
6805,7178
6852,7220
6932,7311
7038,7390
7157,7472
7301,7525
7469,7498
7678,7492
7793,7428
7986,7447
8189,7400
8337,7303
8410,7187
8584,7099
8797,6993
9028,6918
9178,6839
9337,6781
9501,6772
9631,6740
9615,6770
9572,6821
9610,6865
9620,6944
9388,7019
9256,7118
9005,7250
8785,7339
8646,7495
8414,7620
8109,7715
7824,7853
7571,7907
7379,8016
7224,8144
7115,8238
7035,8265
6990,8290
6999,8300
7040,8272
7067,8238
7184,8179
7260,8070
7367,7891
7561,7742
7716,7613
7944,7495
8071,7433
8206,7348
8431,7226
8609,7146
8752,7034
8914,6949
9079,6850
9181,6769
9376,6714
9564,6712
9565,6647
9588,6701
9534,6758
9508,6887
9552,7031
9451,7172
9358,7304
9235,7541
9072,7724
8864,8041
8546,8264
8337,8450
8048,8684
7791,8816
7622,8971
7336,9074
7138,9245
6983,9305
6895,9309
6834,9290
6808,9161
6867,9093
6909,8922
7038,8746
7256,8619
7493,8463
7739,8216
7977,8082
8328,7904
8726,7719
9085,7586
9419,7443
9766,7381
9891,7186
10046,7001
10292,6952
10580,6826
10684,6795
10960,6786
11151,6799
11325,6799
11349,6864
11262,6907
11034,7007
10757,7113
10445,7255
10126,7409
9801,7636
9407,7822
9181,8159
8811,8399
8499,8513
8266,8697
8032,8953
7825,9186
7644,9229
7468,9356
7361,9416
7246,9386
7136,9447
7103,9283
7084,9215
7064,9153
7109,8887
7148,8790
7280,8696
7373,8483
7519,8253
7673,7976
7861,7721
8044,7543
8243,7347
8504,7175
8729,6982
9006,6890
9252,6794
9383,6727
9493,6690
9640,6676
9727,6694
9822,6792
9807,6859
9730,6992
9542,7184
9511,7345
9480,7568
9280,7794
9040,8024
8898,8188
8659,8396
8434,8557
8171,8696
7864,8793
7644,8848
7450,8925
7225,8918
7062,8981
6975,9023
6841,9013
6763,8910
6718,8767
6704,8751
6765,8765
6827,8635
6916,8525
7014,8518
7180,8367
7327,8235
7473,8075
7634,7907
7783,7639
7916,7445
8070,7293
8245,7153
8448,7017
8581,6901
8794,6831
8954,6778
9040,6725
9118,6703
9117,6715
9174,6766
9140,6828
9102,6948
9010,7019
8901,7137
8740,7281
8490,7451
8327,7622
8102,7789
7866,7959
7638,8084
7425,8163
7259,8283
7093,8358
6991,8377
6886,8381
6815,8427
6808,8396
6808,8360
6845,8281
6856,8190
6892,8159
6890,8117
6993,7954
7024,7844
7124,7744
7223,7622
7343,7496
7450,7444
7655,7347
7755,7162
7890,7046
8063,6931
8266,6818
8475,6727
8712,6653
8774,6642
8936,6620
8974,6654
8967,6691
9009,6721
9046,6824
8995,6933
8841,7033
8749,7154
8668,7266
8587,7429
8521,7555
8367,7667
8132,7791
7939,7906
7688,7996
7531,8088
7271,8138
7062,8159
6902,8132
6792,8169
6696,8076
6628,8040
6611,7960
6623,7845
6682,7835
6714,7785
6817,7749
6915,7723
7033,7624
7195,7528
7370,7416
7504,7333
7609,7243
7854,7162
8069,7029
8288,6900
8451,6825
8591,6721
8773,6667
8901,6579
9042,6548
9211,6543
9089,6405
9382,6580
9590,6746
9234,6661
9197,6816
9049,6880
8979,6946
8815,7045
8678,7121
8508,7291
8354,7451
8169,7581
7901,7681
7701,7828
7490,7990
7317,8065
7159,8079
7041,8137
6886,8144
6814,8190
6736,8102
6695,8036
6687,8025
6718,7938
6750,7816
6835,7700
6935,7624
7033,7500
7217,7462
7341,7328
7519,7252
7760,7135
7902,6986
8033,6889
8203,6783
8362,6706
8484,6651
8640,6574
8811,6542
8939,6552
9059,6559
9088,6624
9017,6708
8984,6781
8880,6927
8844,7061
8744,7207
8554,7389
8389,7526
8192,7696
8002,7762
7844,7929
7690,8017
7556,8205
7392,8351
7250,8344
7152,8369
7076,8499
6972,8533
6888,8536
6821,8425
6769,8402
6801,8383
6814,8261
6870,8192
6941,8160
7102,8022
7218,7857
7362,7670
7563,7547
7771,7429
7942,7290
8202,7130
8313,7016
8656,6907
8825,6805
9020,6736
9245,6629
9373,6608
9466,6556
9494,6587
9643,6630
9663,6657
9732,6713
9722,6793
9548,6926
9522,7037
9317,7126
9029,7291
8806,7450
8584,7625
8411,7769
8145,7871
7944,7983
7751,8119
7591,8187
7404,8232
7214,8326
7068,8305
6940,8326
6810,8392
6758,8400
6721,8384
6723,8310
6752,8278
6835,8172
6939,8065
7077,7997
7245,7827
7350,7713
7506,7547
7716,7436
7949,7322
8157,7164
8388,7045
8609,6930
8836,6874
8925,6761
9130,6699
9262,6657
9287,6637
9302,6628
9332,6674
9412,6715
9375,6781
9330,6926
9237,7062
9018,7155
8669,7245
8497,7419
8243,7636
8064,7761
7892,7908
7604,8060
7367,8176
7186,8243
6994,8478
6864,8587
6789,8729
6730,8677
6675,8754
6684,8820
6685,8770
6734,8699
6790,8609
6862,8508
6986,8320
7113,8121
7274,8072
7440,8011
7550,7832
7770,7636
7915,7496
8022,7338
8172,7170
8414,7008
8678,6890
8735,6743
8815,6627
9012,6564
9033,6587
8983,6611
9081,6647
9142,6703
9096,6766
9144,6881
9115,7057
9250,7160
9113,7339
8836,7528
8813,7608
8733,7740
8547,7927
8268,8087
8058,8115
7851,8194
7661,8268
7455,8361
7369,8398
7241,8548
6978,8556
6816,8526
6776,8295
6733,8194
6769,8100
6860,7976
6972,7823
7113,7657
7297,7556
7462,7408
7632,7297
7833,7147
8071,7024
8210,6918
8363,6805
8513,6696
8721,6637
8720,6602
8784,6589
8890,6601
8906,6576
8900,6590
8842,6654
8767,6705
8665,6805
8617,6962
8559,7027
8477,7127
8276,7300
8089,7461
7947,7683
7802,7978
7693,8083
7424,8328
7247,8539
7110,8770
6999,8965
6896,9057
6822,9076
6748,9136
6711,9153
6694,9134
6722,9158
6744,9017
6786,8840
6866,8654
6991,8494
7053,8268
7214,8031
7282,7892
7407,7725
7548,7522
7728,7336
7852,7214
7905,7065
8014,6898
8184,6795
8294,6717
8423,6679
8463,6658
8629,6647
8686,6655
8645,6693
8668,6760
8721,6820
8607,6857
8534,6911
8481,6991
8403,7077
8263,7217
8218,7296
8090,7413
7946,7525
7862,7535
7687,7611
7557,7682
7418,7742
7217,7756
7125,7730
7061,7673
7025,7644
7006,7600
7031,7575
7098,7470
7262,7440
7415,7349
7589,7282
7860,7183
8081,7086
8342,6971
8661,6931
8996,6852
9218,6826
9629,6738
9837,6649
10164,6597
10483,6534
10580,6556
10556,6527
10606,6531
10629,6527
10704,6583
10722,6615
10777,6695
10544,6739
10396,6835
10236,6936
10009,7050
9819,7212
9532,7397
9182,7583
8856,7717
8582,7847
8235,8018
8037,8275
7813,8463
7516,8583
7319,8765
7120,8959
6977,9080
6918,9038
6874,9057
6847,9037
6885,9038
6950,9065
7045,8980
7156,8880
7342,8737
7555,8416
7777,8228
8035,8042
8273,7780
8612,7564
8896,7429
9220,7278
9491,7149
9644,7027
9675,6877
9897,6814
10146,6782
10299,6748
10367,6718
10501,6750
10515,6804
10454,6946
10390,7105
10234,7309
10166,7490
10030,7703
9747,7898
9519,8154
9271,8320
8992,8618
8805,8870
8702,9024
8449,9172
8195,9262
7983,9357
7751,9507
7524,9556
7365,9726
7225,9679
7118,9646
7095,9444
7098,9243
7191,9169
7346,8997
7516,8808
7770,8652
8037,8465
8312,8282
8739,8028
9076,7780
9377,7545
9627,7358
9919,7224
10225,7041
10502,6926
10735,6814
11002,6726
11221,6738
11401,6761
11400,6775
11476,6830
11409,6920
11301,7053
11307,7314
11146,7486
10794,7699
10418,7952
10051,8121
9656,8361
9329,8603
8906,8869
8465,9088
8179,9309
7845,9497
7624,9716
7560,9814
7578,10013
7540,10081
7541,10200
7519,10223
7527,10222
7566,10075
7628,9906
7730,9674
7841,9446
8017,9058
8243,8733
8632,8534
8960,8278
9331,8093
9648,7876
9988,7668
10436,7502
10782,7316
11017,7194
11186,7100
11420,7001
11588,6990
11519,7026
11553,7041
11514,7075
11295,7290
11125,7502
10999,7686
10759,7940
10452,8167
10123,8497
9927,8830
9519,9073
9206,9291
8942,9534
8790,9740
8501,9815
8307,9900
8119,9945
7993,9871
7742,9807
7503,9717
7433,9718
7289,9744
7264,9739
7274,9713
7334,9610
7537,9385
7790,9208
8121,8959
8443,8749
8820,8450
9182,8221
9636,8056
10097,7779
10354,7572
10667,7464
11046,7275
11393,7201
11676,7100
11931,7013
12145,6933
12366,6909
12414,6890
12460,6947
12330,7073
12171,7185
11818,7334
11353,7511
10964,7653
10438,7886
10120,8052
9796,8212
9337,8361
8891,8554
8526,8727
8191,9030
7871,9322
7564,9516
7326,9614
7128,9713
6955,9842
6923,9859
6950,9810
6940,9771
6950,9689
7027,9683
7214,9465
7412,9439
7718,9356
7600,9020
7912,8752
8557,8495
8661,8250
8134,7978
7463,7738
6909,7505
6565,7307
6385,7139
6292,6999
6234,6930
6200,6910
6183,6980
6171,7089
6162,7258
6150,7405
6165,7662
6146,7907
6140,8176
6146,8435
6136,8667
6142,8906
6131,9106
6129,9254
6142,9692
6127,10077
6129,10259
6131,10330
6131,10432
6135,10422
6130,10367
6117,10276
6125,10132
6122,9928
6120,9659
6123,9357
6121,9026
6119,8880
6117,8548
6115,8297
6121,8071
6116,7846
6120,7713
6125,7547
6114,7372
6126,7215
6122,7143
6122,7090
6119,7020
6112,6918
6115,6895
6110,6839
6116,6865
6111,6932
6117,6961
6112,6936
6116,6900
6101,6830
6109,6709
6108,6518
6108,6379
6119,6312
6113,6253
6115,6204
6111,6203
6106,6164
6105,6164
6104,6159
6437,6427
6231,6162
5965,5971
6132,6486
6044,6065
6120,6125
6108,6117
6112,6127
6102,6164
6111,6097
6103,6087
6118,6089
6110,6060
6117,6081
6107,6073
6100,6068
6109,6070
6112,6066
6110,6058
6103,6085
6111,6068
6102,6069
6108,6064
6106,6072
6110,6063
6107,6065
6103,6063
6106,6061
6106,6051
6103,6054
6100,6071
6107,6071
6111,6062
6109,6064
6104,6061
6101,6063
6102,6046
6098,6043
6105,6039
6110,6068
6104,6061
6112,6057
6105,6070
6111,6061
6113,6052
6104,6055
6111,6051
6107,6050
6112,6040
6108,6069
6106,6057
6113,6058
6112,6054
6112,6046
6104,6042
6115,6048
6115,6056
6107,6058
6113,6058
6113,6055
6112,6056
6114,6057
6106,6040
6114,6053
6101,6059
6103,6046
6106,6046
6110,6046
6108,6040
6112,6047
6109,6043
6111,6050
6105,6049
6102,6037
6111,6051
6120,6052
6107,6055
6108,6043
6109,6049
6100,6062
6109,6048
6108,6053
6111,6050
6110,6046
6115,6049
6114,6032
6107,6036
6111,6045
6112,5999
6110,6040
6104,6053
6112,6041
6110,6041
6109,6041
6113,6053
6103,6040
6114,6054
6110,6050
6099,6049
6101,6049
6116,6053
6112,6042
6101,6049
6099,6044
6098,6044
6099,6059
6110,6045
6112,6046
6110,6042
6105,6046
6107,6061
6114,6051
6104,6051
6105,6046
6100,6042
6097,6047
6111,6047
6107,6035
6103,6053
6097,6045
6103,6037
6110,6025
6112,6053
6102,6056
6097,6040
6101,6059
6112,6047
6109,6050
6104,6048
6105,6046
6100,6037
6104,6048
6107,6043
6109,6043
6102,6052
6106,6048
6106,6053
6107,6032
6111,6044
6099,6061
6096,6046
6109,6047
6110,6057
6099,6061
6100,6050
6103,6035
6100,6048
6104,6056
6110,6050
6108,6050
6098,6060
6091,6050
6112,6044
6106,6063
6104,6052
6098,6053
6106,6060
6089,6056
6103,6050
6097,6058
6098,6043
6092,6054
6108,6063
6101,6048
6095,6047
6106,6056
6102,6041
6101,6062
6115,6040
6109,6059
6105,6051
6101,6040
6108,6045
6099,6043
6101,6056
6106,6043
6098,6039
6107,6036
6097,6040
6098,6036
6108,6059
6098,6047
6093,6050
6103,6045
6105,6036
6102,6049
6100,6052
6106,6056
6099,6035
6102,6046
6120,6042
6115,6051
6100,6036
6105,6044
6108,6051
6114,6040
6097,6055
6098,6028
6095,6053
6102,6045
6108,6050
6099,6058
6102,6042
6098,6046
6101,6034
6099,6033
6094,6052
6094,6053
6101,6047
6092,6055
6091,6036
6102,6045
6104,6052
6098,6046
6096,6053
6093,6040
6095,6048
6096,6054
6114,6048
6105,6054
6104,6043
6099,6056
6101,6040
6095,6032
6102,6049
6098,6058
6094,6053
6103,6035
6088,6056
6107,6049
6095,6046
6106,6047
6096,6059
6102,6046
6110,6049
6102,6049
6094,6048
6102,6053
6102,6050
6102,6050
6102,6047
6099,6046
6102,6041
6100,6061
6099,6058
6108,6049
6102,6035
6098,6052
6097,6036
6102,6047
6111,6042
6106,6044
6104,6045
6102,6062
6100,6053
6109,6047
6111,6046
6108,6045
6107,6061
6104,6054
6103,6053
6107,6051
6109,6051
6105,6048
6104,6040
6102,6056
6101,6058
6112,6066
6105,6039
6120,6072
6069,5881
6115,6023
6077,5960
6092,6033
6117,6051
6107,6060
6105,6046
6113,6043
6110,6062
6115,6054
6103,6046
6115,6047
6109,6051
6097,6037
6107,6044
6104,6059
6112,6058
6103,6054
6101,6054
6103,6030
6103,6055
6106,6051
6108,6055
6099,6059
6103,6040
6110,6052
6115,6048
6106,6055
6106,6066
6099,6058
6103,6049
6102,6041
6099,6042
6098,6055
6103,6046
6106,6057
6089,6058
6108,6050
6110,6060
6097,6061
6100,6054
6107,6040
6099,6048
6101,6093
6096,6046
6100,6045
6103,6056
6100,6052
6105,6040
6096,6061
6100,6060
6095,6049
6103,6046
6097,6032
6102,6050
6107,6058
6111,6055
6096,6039
6104,6049
6108,6055
6109,6050
6095,6047
6092,6047
6106,6043
6102,6047
6095,6055
6098,6052
6098,6047
6104,6034
6103,6043
6112,6048
6098,6049
6105,6062
6102,6053
6110,6053
6099,6049
6103,6050
6114,6043
6111,6050
6111,6057
6088,6041
6106,6063
6103,6048
6104,6056
6115,6054
6109,6049
6105,6054
6110,6053
6109,6047
6114,6036
6108,6054
6102,6047
6103,6055
6108,6047
6109,6051
6112,6042
6109,6045
6122,6048
6112,6063
6112,6049
6106,6037
6119,6032
6120,6047
6122,6055
6111,6056
6107,6055
6103,6055
6111,6041
6108,6047
6111,6047
6114,6046
6114,6041
6111,6055
6112,6049
6105,6055
6112,6050
6110,6056
6110,6039
6098,6025
6103,6045
6113,6055
6110,6054
6105,6038
6111,6042
6103,6051
6099,6050
6102,6049
6109,6043
6120,6064
6099,6050
6107,6033
6112,6049
6097,6047
6107,6043
6116,6061
6110,6044
6104,6056
6107,6048
6106,6047
6122,6053
6104,6049
6115,6039
6114,6051
6109,6058
6111,6058
6102,6034
6111,6040
6107,6036
6100,6034
6112,6050
6113,6049
6122,6060
6107,6049
6107,6051
6105,6040
6115,6054
6108,6057
6107,6053
6108,6048
6102,6054
6109,6053
6107,6043
6112,6049
6110,6047
6104,6046
6106,6052
6105,6044
6107,6062
6103,6051
6103,6059
6097,6058
6117,6038
6107,6053
6107,6046
6098,6057
6102,6047
6109,6060
6112,6053
6110,6041
6110,6036
6117,6063
6106,6053
6107,6045
6113,6050
6111,6053
6113,6036
6110,6053
6104,6058
6109,6070
6119,6060
6117,6057
6113,6052
6098,6039
6118,6057
6123,6044
6103,6052
6118,6063
6111,6057
6113,6058
6109,6065
6111,6041
6127,6044
6107,6053
6118,6054
6106,6051
6117,6047
6118,6050
6114,6048
6113,6056
6108,6058
6120,6069
6124,6051
6116,6050
6116,6040
6119,6062
6115,6055
6114,6052
6118,6049
6116,6052
6117,6046
6114,6059
6112,6050
6111,6056
6117,6045
6116,6062
6119,6053
6114,6049
6114,6055
6119,6047
6118,6051
6113,6057
6114,6052
6115,6062
6115,6062
6113,6052
6110,6055
6114,6054
6106,6057
6116,6049
6113,6047
6121,6050
6117,6048
6139,6107
6112,6061
6109,6063
6113,6063
6124,6039
6118,6054
6119,6050
6120,6052
6109,6053
6113,6050
6117,6050
6115,6058
6114,6050
6114,6050
6115,6049
6112,6053
6109,6057
6111,6063
6117,6054
6110,6040
6112,6038
6105,6058
6123,6053
6113,6060
6115,6045
6115,6043
6114,6052
6113,6054
6115,6053
6114,6057
6122,6047
6107,6053
6118,6051
6114,6052
6117,6057
6117,6057
6114,6054
6115,6051
6114,6050
6110,6051
6112,6051
6117,6060
6114,6056
6110,6044
6116,6058
6112,6027
6106,6038
6117,6045
6113,6062
6111,6052
6112,6044
6115,6052
6116,6032
6111,6053
6116,6054
6117,6044
6117,6046
6117,6046
0,30
0,61680
0,0
6108,6061
5596,5574
5591,5584
5600,5575
5603,5558
5598,5576
5601,5571
5602,5575
5590,5559
5816,5751
6322,6336
6281,6307
6317,6288
6321,6301
6263,6289
6284,6299
6304,6315
6294,6297
6292,6307
6293,6316
6302,6317
6293,6319
6289,6345
6300,6350
6316,6335
6312,6298
6305,6344
6284,6326
6304,6335
6302,6329
6307,6313
6294,6336
6285,6328
6288,6323
6297,6326
6284,6331
6287,6312
6314,6323
6319,6370
6312,6366
6291,6335
6278,6324
6279,6318
6270,6359
6272,6349
6283,6367
6289,6345
6288,6344
6284,6312
6293,6328
6302,6351
6291,6344
6285,6342
6279,6328
6287,6337
6294,6380
6299,6350
6310,6316
6311,6368
6305,6354
6324,6314
6314,6338
6282,6336
6293,6316
6271,6323
6296,6342
6292,6350
6306,6354
6301,6335
6321,6350
6308,6351
6280,6333
6279,6319
6295,6326
6288,6321
6282,6309
6281,6323
6294,6339
6288,6318
6301,6335
6308,6328
6292,6323
6280,6330
6303,6320
6315,6316
6287,6330
6276,6316
6283,6354
6273,6374
6276,6316
6286,6331
6297,6372
6274,6356
6306,6356
6302,6350
6307,6350
6283,6318
6287,6334
6280,6332
6300,6315
6293,6309
6293,6301
6293,6328
6299,6296
6284,6313
6278,6327
6273,6316
6283,6331
6315,6337
6314,6331
6295,6321
6276,6324
6267,6340
6283,6334
6290,6348
6278,6351
6296,6310
6290,5965
6222,6222
6226,6310
6295,6323
6287,6343
6300,6366
6256,6304
6307,6342
6290,6343
6277,6323
6280,6344
6291,6331
6274,6319
6295,6338
6272,6349
6289,6342
6282,6345
6279,6338
6277,6354
6289,6341
6284,6312
6297,6321
6257,6332
6286,6378
6275,6346
6290,6356
6299,6339
6291,6337
6301,6340
6282,6351
6295,6351
6291,6340
6278,6321
6283,6324
6287,6322
6281,6341
6298,6339
6319,6343
6287,6321
6285,6347
6283,6356
6295,6345
6296,6346
6281,6305
6276,6333
6262,6342
6286,6335
6294,6345
6283,6355
6303,6329
6301,6333
6296,6356
6268,6341
6274,6318
6274,6321
6278,6335
6272,6340
6274,6351
6287,6352
6287,6368
6294,6346
6287,6353
6282,6377
6280,6351
6274,6354
6269,6333
6272,6325
6268,6322
6286,6340
6303,6343
6283,6338
6284,6369
6269,6341
6271,6371
6287,6359
6255,6368
6265,6352
6273,6383
6275,6379
6268,6358
6275,6362
6273,6333
6290,6371
6284,6375
6285,6371
6274,6358
6269,6369
6274,6369
6285,6371
6269,6390
6270,6354
6282,6348
6256,6361
6260,6365
6257,6368
6278,6356
6259,6380
6273,6362
6260,6354
6276,6359
6264,6388
6254,6408
6253,6382
6255,6378
6264,6370
6266,6375
6260,6378
6232,6383
6254,6356
6263,6366
6262,6359
6266,6380
6283,6383
6261,6371
6265,6370
6259,6377
6265,6392
6256,6379
6265,6395
6245,6383
6258,6394
6260,6360
6242,6360
6242,6412
6268,6380
6257,6372
6254,6396
6258,6401
6259,6426
6240,6414
6249,6395
6246,6392
6269,6411
6280,6409
6256,6347
6244,6379
6273,6379
6257,6368
6251,6383
6263,6411
6275,6407
6260,6395
6250,6401
6245,6382
6251,6380
6243,6390
6255,6378
6249,6370
6252,6358
6234,6359
6246,6360
6253,6363
6252,6376
6249,6379
6236,6394
6219,6387
6237,6383
6236,6382
6243,6383
6254,6406
6248,6388
6244,6381
6256,6417
6251,6383
6251,6411
6244,6392
6240,6396
6250,6395
6254,6382
6260,6400
6265,6394
6254,6378
6252,6388
6227,6377
6234,6372
6238,6365
6249,6392
6242,6368
6237,6381
6240,6418
6225,6390
6249,6382
6240,6390
6243,6363
6246,6384
6250,6402
6246,6390
6231,6367
6233,6382
6237,6402
6238,6366
6230,6358
6225,6376
6234,6383
6241,6358
6245,6352
6251,6368
6256,6378
6240,6389
6244,6417
6242,6414
6219,6403
6237,6420
6247,6403
6233,6430
6247,6400
6223,6392
6231,6382
6227,6376
6222,6395
6226,6392
6245,6399
6246,6415
6242,6417
6241,6393
6232,6384
6221,6408
6225,6390
6237,6364
6247,6406
6236,6377
6247,6362
6235,6380
6235,6373
6248,6399
6245,6400
6228,6421
6222,6398
6244,6375
6242,6404
6229,6364
6224,6363
6225,6356
6224,6370
6221,6375
6216,6370
6233,6378
6242,6388
6246,6385
6234,6382
6231,6388
6228,6385
6229,6407
6235,6391
6244,6412
6215,6395
6227,6405
6217,6407
6226,6391
6231,6405
6233,6410
6232,6388
6236,6393
6221,6411
6225,6411
6228,6409
6228,6395
6212,6412
6232,6396
6230,6402
6226,6403
6243,6412
6231,6416
6223,6431
6218,6415
6225,6440
6211,6405
6168,6427
6168,6393
6200,6396
6196,6384
6239,6447
6237,6421
6235,6407
6232,6402
6222,6424
6215,6407
6235,6433
6218,6404
6215,6415
6235,6414
6228,6395
6219,6395
6221,6400
6229,6420
6209,6431
6216,6410
6233,6400
6224,6414
6223,6438
6212,6393
6222,6435
6217,6455
6211,6432
6213,6418
6211,6389
6223,6420
6227,6429
6218,6414
6208,6391
6219,6389
6203,6379
6224,6374
6221,6383
6209,6331
6213,6369
6210,6380
6214,6364
6220,6388
6222,6410
6219,6378
6221,6391
6217,6403
6231,6385
6218,6403
6219,6402
6213,6423
6217,6416
6224,6441
6225,6429
6216,6436
6207,6435
6209,6440
6217,6429
6213,6415
6219,6434
6204,6432
6232,6406
6225,6411
6215,6410
6233,6406
6207,6401
6222,6416
6213,6418
6220,6417
6217,6424
6211,6433
6223,6410
6214,6401
6212,6434
6212,6432
6215,6408
6215,6405
6216,6402
6222,6391
6209,6401
6214,6431
6211,6417
6220,6394
6218,6404
6223,6407
6219,6396
6219,6409
6230,6357
6208,6391
6224,6378
6229,6376
6223,6402
6207,6417
6212,6401
6221,6424
6212,6415
6220,6394
6220,6391
6224,6397
6207,6408
6212,6374
6211,6381
6221,6399
6214,6382
6206,6360
6224,6377
6222,6384
6207,6367
6242,6361
6232,6395
6230,6395
6230,6383
6226,6400
6221,6410
6231,6385
6217,6393
6219,6376
6239,6402
6222,6394
6232,6388
6223,6384
6225,6401
6235,6378
6233,6394
6222,6404
6214,6392
6219,6408
6232,6395
6214,6389
6230,6404
6209,6401
6223,6377
6234,6410
6230,6402
6223,6396
6230,6385
6223,6384
6219,6399
6230,6350
6234,6372
6230,6369
6240,6377
6223,6401
6226,6418
6237,6397
6229,6398
6236,6389
6219,6395
6224,6361
6229,6380
6237,6390
6224,6384
6224,6381
6225,6378
6224,6354
6232,6382
6232,6366
6237,6349
6234,6364
6241,6360
6235,6368
6226,6367
6236,6358
6233,6350
6228,6352
6226,6364
6227,6342
6235,6345
6235,6390
6225,6382
6236,6370
6234,6374
6239,6375
6233,6358
6234,6383
6221,6364
6225,6361
6233,6363
6230,6374
6233,6382
6231,6353
6241,6373
6229,6376
6243,6367
6229,6385
6222,6376
6229,6366
6231,6353
6228,6361
6247,6334
6235,6337
6238,6329
6232,6355
6242,6350
6233,6339
6227,6318
6239,6340
6240,6345
6247,6328
6249,6332
6238,6334
6250,6349
6243,6353
6224,6350
6214,6349
6235,6333
6228,6318
6225,6337
6231,6350
6229,6364
6226,6344
6227,6358
6234,6360
6216,6348
6220,6345
6232,6374
6235,6363
6231,6353
6233,6342
6232,6355
6228,6347
6216,6348
6213,6364
6238,6381
6242,6346
6235,6343
6226,6336
6230,6340
6234,6334
6227,6350
6235,6370
6238,6375
6230,6345
6257,6382
6238,6365
6241,6347
6227,6327
6239,6356
6252,6368
6262,6382
6255,6366
6266,6357
6261,6369
6274,6361
6282,6338
6271,6344
6269,6331
6280,6349
6294,6369
6301,6367
6334,6364
6345,6354
6362,6340
6391,6368
6418,6357
6445,6343
6488,6361
6522,6372
6558,6348
6574,6356
6603,6364
6622,6334
6644,6332
6665,6348
6688,6347
6694,6330
6727,6349
6794,6322
6836,6342
6952,6339
6989,6271
7382,6577
7439,6461
7593,6309
7792,6393
7951,6377
8148,6336
8343,6351
8578,6351
8695,6342
8786,6361
8864,6339
8865,6345
8784,6401
8746,6400
8775,6390
8622,6418
8577,6463
8411,6466
8274,6482
8101,6535
7919,6560
7682,6601
7467,6686
7337,6730
7176,6771
7031,6834
6925,6911
6869,6970
6820,7069
6812,7128
6822,7184
6839,7214
6902,7280
7068,7373
7164,7458
7292,7522
7446,7520
7665,7457
7770,7450
7940,7434
8154,7390
8331,7337
8407,7179
8594,7087
8775,6996
9016,6918
9168,6850
9346,6813
9508,6782
9589,6759
9594,6770
9566,6815
9574,6856
9570,6922
9413,7015
9190,7134
9019,7242
8749,7356
8600,7499
8367,7634
8087,7754
7826,7847
7557,7921
7412,7987
7235,8154
7144,8214
7037,8268
6977,8313
7007,8285
7010,8231
7085,8219
7166,8133
7244,8052
7386,7911
7543,7760
7737,7616
7946,7516
8083,7400
8250,7312
8406,7239
8624,7139
8760,7050
8879,6961
9114,6837
9170,6755
9380,6713
9498,6707
9595,6658
9581,6691
9534,6759
9511,6896
9480,7046
9493,7167
9334,7317
9218,7537
9075,7763
8818,8026
8542,8255
8294,8426
8026,8658
7824,8780
7589,9001
7313,9139
7131,9281
7002,9344
6880,9329
6815,9263
6820,9217
6879,9103
6924,8900
7077,8743
7275,8591
7508,8452
7738,8260
7992,8057
8381,7915
8750,7720
9129,7562
9477,7470
9831,7344
9889,7163
10062,7033
10243,6950
10596,6837
10736,6791
10969,6754
11119,6769
11343,6794
11334,6881
11186,6923
11061,6990
10756,7128
10404,7263
10069,7408
9789,7615
9451,7846
9132,8111
8840,8406
8540,8510
8243,8745
8054,8945
7834,9165
7646,9280
7452,9339
7357,9415
7246,9398
7143,9427
7131,9275
7094,9250
7072,9088
7075,8932
7150,8799
7275,8658
7379,8484
7499,8216
7656,7948
7872,7728
8074,7541
8235,7319
8521,7157
8725,6966
8964,6876
9198,6785
9417,6721
9558,6698
9557,6687
9719,6704
9787,6775
9720,6848
9685,7022
9574,7168
9563,7349
9484,7543
9254,7809
9101,8043
8924,8143
8698,8404
8458,8573
8126,8707
7899,8774
7670,8875
7401,8899
7240,8967
7054,9031
6958,9024
6833,8987
6760,8886
6703,8766
6717,8767
6754,8764
6816,8703
6896,8548
6995,8530
7166,8392
7344,8203
7505,8032
7619,7920
7813,7681
7956,7438
8064,7250
8277,7145
8463,7008
8623,6897
8768,6830
8940,6727
9054,6712
9105,6710
9112,6722
9144,6765
9138,6857
9082,6932
9017,7020
8936,7114
8760,7272
8530,7403
8291,7577
8107,7777
7849,7949
7637,8070
7431,8172
7276,8281
7124,8365
6969,8372
6885,8375
6844,8439
6806,8410
6797,8402
6833,8292
6864,8253
6893,8186
6901,8084
6991,7952
7041,7810
7137,7752
7204,7639
7363,7546
7458,7440
7607,7353
7773,7169
7874,7066
8056,6927
8249,6809
8424,6719
8719,6658
8795,6636
8882,6651
8938,6662
9005,6697
9003,6720
9007,6819
8987,6943
8874,7006
8807,7147
8652,7290
8607,7409
8510,7547
8370,7665
8199,7795
7958,7924
7734,8006
7524,8048
7249,8134
7059,8151
6884,8120
6769,8167
6703,8094
6624,8036
6652,7886
6803,7722
6675,7851
6652,7726
6795,7744
6922,7701
7004,7586
7191,7514
7345,7441
7527,7329
7646,7264
7837,7127
8070,7047
8278,6910
8428,6812
8596,6703
8831,6640
8892,6584
9007,6548
9215,6536
9281,6555
9344,6577
9404,6625
9380,6687
9191,6747
9050,6832
8958,6910
8822,7020
8743,7160
8531,7282
8328,7441
8136,7578
7878,7627
7726,7780
7501,7976
7324,8097
7188,8105
7010,8134
6898,8154
6822,8171
6739,8101
6709,8053
6707,8031
6718,7974
6752,7773
6841,7696
6931,7621
7066,7512
7169,7470
7307,7328
7508,7229
7750,7137
7892,6974
8045,6856
8219,6768
8374,6711
8496,6618
8670,6572
8791,6542
8939,6520
9045,6573
9064,6606
9064,6712
8993,6793
8872,6902
8821,7056
8749,7212
8548,7397
8364,7547
8171,7672
8046,7786
7833,7942
7697,8037
7555,8183
7384,8353
7249,8342
7161,8358
7074,8489
6985,8541
6912,8475
6839,8441
6820,8390
6792,8378
6812,8259
6853,8202
6928,8155
7089,8000
7235,7886
7367,7629
7569,7542
7738,7392
7992,7288
8114,7120
8346,6992
8662,6885
8861,6819
9035,6737
9201,6635
9380,6589
9457,6560
9498,6580
9684,6603
9716,6656
9711,6720
9717,6804
9589,6916
9548,7026
9308,7156
9042,7310
8856,7445
8613,7617
8419,7746
8172,7835
7973,7978
7750,8162
7561,8180
7409,8218
7174,8302
7062,8316
6924,8335
6823,8406
6770,8407
6728,8362
6705,8328
6751,8274
6804,8145
6929,8053
7080,7999
7221,7851
7370,7732
7520,7558
7725,7442
7939,7303
8131,7180
8411,7042
8608,6921
8793,6844
8948,6767
9077,6695
9233,6660
9265,6632
9387,6633
9338,6693
9374,6710
9437,6815
9309,6904
9257,7038
8997,7141
8695,7275
8442,7428
8230,7664
7996,7736
7841,7898
7619,8078
7370,8178
7172,8254
6992,8478
6877,8579
6779,8745
6722,8673
6674,8722
6685,8820
6677,8783
6727,8654
6784,8653
6862,8500
6988,8325
7134,8154
7254,8105
7400,7990
7564,7820
7773,7618
7947,7507
8073,7358
8180,7136
8416,7018
8651,6907
8761,6755
8821,6651
8951,6594
9010,6578
8966,6592
9095,6634
9139,6662
9072,6784
9085,6891
9182,7051
9232,7166
9066,7337
8838,7526
8800,7665
8762,7756
8570,7939
8281,8075
8049,8141
7858,8190
7636,8255
7466,8386
7388,8431
7239,8537
6982,8520
6800,8499
6763,8331
6731,8176
6783,8097
6854,7968
6958,7838
7100,7645
7272,7560
7439,7378
7668,7304
7853,7159
7981,7077
8230,6917
8353,6829
8520,6689
8744,6638
8767,6600
8797,6594
8894,6572
8875,6583
8982,6605
8825,6645
8762,6718
8642,6828
8620,6921
8528,7018
8474,7134
8290,7292
8066,7472
7945,7690
7824,7952
7632,8080
7453,8336
7237,8543
7116,8772
6992,8922
6886,9095
6815,9079
6769,9182
6728,9182
6697,9119
6741,9145
6745,8993
6820,8848
6872,8709
6980,8460
7060,8270
7218,8083
7276,7884
7368,7715
7570,7509
7729,7352
7853,7188
7940,7063
7997,6909
8166,6777
8296,6733
8394,6672
8471,6655
8600,6666
8689,6679
8591,6671
8710,6760
8689,6810
8638,6859
8538,6909
8445,6984
8333,7082
8355,7541
8544,7475
8168,7778
8036,7560
7827,7511
7627,7536
7591,7841
7402,7792
7189,7739
7131,7709
7072,7673
7035,7656
6997,7663
7069,7553
7126,7508
7246,7414
7421,7338
7585,7266
7858,7170
8075,7103
8389,7054
8670,6965
8950,6864
9240,6819
9597,6739
9911,6645
10175,6584
10445,6554
10616,6545
10571,6532
10603,6547
10672,6562
10681,6594
10645,6614
10711,6663
10550,6769
10419,6792
10255,6956
9999,7101
9823,7227
9530,7357
9172,7547
8856,7730
8585,7874
8246,8027
8071,8280
7744,8451
7485,8571
7326,8752
7131,8934
6974,9077
6893,9042
6884,9054
6861,9092
6921,9059
6961,9062
7035,8990
7164,8913
7329,8701
7539,8420
7767,8258
8003,8049
8267,7779
8569,7591
8857,7425
9206,7255
9486,7117
9557,7030
9724,6879
9910,6807
10149,6768
10271,6717
10424,6698
10530,6721
10532,6799
10466,6922
10363,7094
10295,7293
10183,7446
10055,7695
9746,7912
9538,8145
9256,8283
9016,8570
8811,8912
8629,9050
8417,9197
8202,9224
7960,9370
7771,9509
7495,9559
7392,9651
7228,9686
7107,9655
7084,9443
7114,9253
7197,9188
7357,8983
7518,8773
7746,8639
8066,8448
8303,8324
8773,7998
9058,7730
9317,7535
9692,7357
9899,7168
10221,7007
10563,6928
10777,6822
11080,6746
11202,6744
11304,6758
11405,6764
11501,6831
11455,6932
11303,7088
11346,7297
11121,7498
10804,7718
10404,7939
10061,8138
9628,8343
9303,8599
8864,8822
8446,9124
8220,9298
7826,9473
7667,9687
7584,9939
7574,9999
7566,10039
7530,10185
7537,10234
7550,10262
7587,10087
7642,9889
7714,9688
7817,9430
8017,9082
8223,8764
8612,8533
8988,8261
9321,8108
9642,7861
10009,7688
10423,7496
10741,7327
11041,7153
11197,7080
11454,7027
11571,7004
11560,7016
11554,7079
11481,7135
11337,7297
11088,7484
11050,7673
10830,7949
10464,8169
10091,8491
9871,8813
9592,9071
9147,9322
8959,9530
8762,9689
8489,9775
8286,9909
8081,9930
7933,9854
7719,9771
7491,9657
7416,9686
7300,9721
7272,9765
7263,9778
7346,9575
7532,9467
7829,9196
8140,8957
8449,8709
8849,8440
9159,8220
9674,8050
10012,7811
10358,7574
10681,7437
11049,7283
11385,7201
11651,7102
11965,7018
12179,6940
12431,6937
12503,6905
12446,6986
12284,7077
12147,7183
11836,7343
11329,7530
10983,7665
10457,7894
10155,8098
9763,8214
9338,8377
8890,8592
8518,8762
8184,8988
7932,9279
7609,9510
7343,9656
7149,9685
6974,9845
6957,9909
6945,9802
6949,9743
6935,9698
7030,9645
7218,9513
7413,9428
7717,9307
7607,9038
7955,8747
8538,8498
8629,8256
8110,7997
7462,7728
6931,7472
6565,7314
6371,7137
6280,7013
6225,6899
6194,6923
6183,6971
6166,7074
6164,7256
6158,7445
6155,7655
6144,7913
6137,8191
6149,8442
6141,8627
6140,8913
6129,9123
6138,9266
6137,9668
6132,10033
6125,10242
6129,10284
6127,10382
6129,10407
6121,10407
6119,10335
6124,10182
6125,9936
6129,9663
6123,9454
6114,9059
6123,8850
6120,8576
6123,8280
6115,8041
6117,7875
6116,7690
6121,7561
6114,7367
6125,7225
6050,7048
6121,7069
6091,7025
6093,6902
6093,6874
6123,6899
6127,6858
6130,6935
6123,6977
6112,6943
6123,6897
6103,6850
6114,6706
6109,6529
6124,6389
6110,6308
6112,6233
6104,6226
6118,6196
6103,6174
6106,6171
6101,6152
6103,6137
6113,6140
6108,6111
6106,6106
6114,6119
6112,6125
6106,6123
6104,6126
6102,6118
6109,6109
6102,6085
6099,6078
6103,6076
6112,6061
6112,6092
6100,6064
6103,6067
6106,6079
6106,6064
6105,6076
6101,6062
6103,6061
6100,6066
6107,6064
6105,6060
6110,6060
6101,6059
6102,6060
6104,6064
6103,6056
6103,6070
6096,6070
6106,6057
6106,6068
6099,6044
6104,6064
6111,6041
6108,6052
6099,6052
6101,6061
6107,6044
6108,6060
6110,6063
6114,6061
6106,6055
6101,6058
6112,6060
6108,6060
6108,6050
6111,6055
6110,6048
6114,6056
6117,6056
6107,6057
6107,6047
6115,6066
6112,6048
6105,6044
6109,6063
6107,6056
6110,6055
6109,6048
6101,6037
6107,6051
6102,6056
6110,6056
6109,6037
6103,6029
6101,6040
6109,6047
6107,6053
6114,6063
6107,6034
6112,6036
6112,6055
6118,6036
6114,6054
6112,6041
6109,6036
6107,6055
6118,6049
6113,6057
6117,6051
6111,6051
6119,6039
6117,6054
6108,6048
6113,6047
6107,6031
6100,6039
6107,6032
6113,6040
6111,6042
6118,6048
6114,6041
6109,6050
6106,6040
6103,6049
6102,6045
6106,6054
6106,6035
6107,6036
6098,6036
6096,6053
6099,6050
6102,6051
6106,6027
6110,6042
6104,6041
6108,6037
6110,6057
6111,6044
6105,6047
6101,6032
6095,6056
6099,6047
6108,6052
6109,6040
6102,6037
6093,6046
6102,6052
6101,6058
6106,6056
6105,6045
6097,6038
6106,6057
6111,6044
6110,6040
6099,6055
6105,6047
6102,6038
6108,6061
6110,6039
6099,6043
6101,6049
6096,6048
6102,6057
6102,6051
6106,6043
6096,6063
6095,6034
6118,6048
6115,6050
6109,6037
6105,6049
6097,6049
6099,6054
6102,6059
6101,6042
6108,6056
6102,6057
6096,6048
6102,6055
6110,6039
6099,6051
6107,6048
6100,6049
6103,6045
6108,6046
6099,6049
6093,6032
6101,6039
6104,6047
6111,6047
6100,6046
6106,6054
6101,6044
6102,6060
6111,6055
6109,6056
6096,6036
6095,6041
6100,6040
6101,6053
6105,6050
6102,6049
6093,6048
6095,6054
6093,6044
6100,6045
6110,6040
6106,6045
6097,6061
6104,6047
6100,6040
6106,6050
6095,6041
6109,6045
6119,6046
6107,6049
6094,6052
6115,6050
6095,6031
6096,6052
6112,6048
6106,6028
6097,6039
6096,6036
6096,6052
6097,6054
6106,6033
6099,6045
6097,6052
6099,6056
6104,6050
6099,6050
6087,6053
6097,6042
6101,6038
6099,6057
6089,6041
6097,6043
6103,6052
6091,6041
6103,6043
6088,6061
6094,6050
6090,6055
6106,6047
6104,6053
6091,6054
6099,6046
6089,6038
6092,6050
6101,6043
6091,6052
6093,6044
6099,6042
6092,6053
6104,6029
6104,6037
6089,6041
6102,6041
6099,6043
6109,6045
6094,6053
6089,6038
6099,6043
6099,6053
6102,6050
6102,6040
6103,6033
6101,6036
6104,6048
6102,6056
6103,6043
6105,6041
5946,6121
6065,5996
6004,6061
6128,6113
6057,6001
6097,6056
6118,6166
6104,6029
6105,6032
6104,6039
6098,6031
6106,6051
6086,6048
6096,6044
6102,6039
6099,6059
6106,6066
6101,6052
6105,6039
6094,6043
6097,6040
6099,6043
6109,6051
6102,6046
6109,6069
6102,6055
6104,6068
6112,6044
6107,6053
6104,6041
6105,6042
6104,6059
6110,6040
6098,6052
6110,6053
6104,6046
6098,6049
6102,6051
6107,6054
6103,6047
6097,6050
6102,6056
6105,6042
6095,6061
6103,6039
6107,6052
6095,6047
6109,6040
6115,6049
6101,6064
6107,6055
6107,6058
6107,6053
6101,6054
6099,6033
6098,6042
6102,6055
6101,6048
6102,6055
6095,6042
6102,6038
6105,6055
6109,6048
6101,6040
6106,6034
6098,6057
6106,6043
6096,6036
6103,6040
6101,6048
6105,6048
6106,6054
6103,6048
6103,6049
6095,6048
6104,6040
6105,6040
6091,6041
6100,6059
6104,6053
6096,6035
6094,6044
6104,6051
6096,6047
6100,6033
6100,6040
6101,6056
6099,6042
6100,6052
6101,6050
6098,6046
6096,6035
6101,6040
6099,6056
6102,6047
6104,6040
6107,6048
6099,6041
6097,6048
6103,6049
6110,6040
6106,6046
6116,6054
6097,6045
6101,6074
6098,6048
6107,6046
6105,6029
6117,6047
6104,6048
6100,6056
6099,6050
6111,6052
6108,6056
6094,6047
6099,6059
6112,6047
6110,6050
6115,6052
6104,6034
6105,6054
6107,6045
6120,6061
6114,6034
6113,6041
6113,6041
6117,6057
6111,6059
6111,6049
6108,6053
6107,6053
6109,6046
6110,6053
6109,6048
6112,6053
6108,6052
6108,6050
6104,6043
6110,6062
6108,6050
6114,6047
6101,6035
6105,6053
6114,6055
6113,6056
6104,6048
6104,6042
6101,6041
6101,6057
6102,6033
6106,6048
6114,6049
6108,6038
6101,6060
6119,6044
6098,6049
6111,6054
6119,6056
6111,6051
6112,6046
6105,6053
6100,6051
6114,6046
6101,6049
6105,6038
6109,6051
6107,6050
6118,6058
6107,6062
6108,6042
6105,6048
6106,6042
6117,6051
6108,6049
6110,6057
6110,6051
6107,6048
6120,6045
6122,6047
6105,6054
6109,6054
6105,6042
6110,6040
6111,6048
6105,6049
6125,6029
6116,6048
6103,6052
6108,6059
6108,6051
6109,6049
6107,6047
6107,6052
6105,6053
6114,6046
6115,6055
6114,6057
6102,6046
6104,6049
6110,6050
6113,6053
6106,6050
6109,6048
6118,6053
6111,6058
6104,6042
6109,6056
6107,6056
6109,6052
6117,6053
6114,6041
6114,6062
6114,6055
6117,6058
6115,6048
6100,6035
6116,6039
6124,6051
6107,6056
6112,6055
6106,6041
6118,6050
6118,6059
6102,6040
6120,6032
6116,6043
6121,6050
6107,6048
6115,6061
6114,6045
6117,6060
6117,6043
6108,6058
6124,6056
6124,6058
6112,6057
6110,6066
6117,6051
6113,6053
6111,6054
6115,6058
6114,6046
6122,6054
6117,6041
6117,6063
6111,6047
6117,6043
6117,6043
6124,6050
6112,6061
6117,6055
6120,6049
6118,6048
6115,6037
6113,6033
6110,6054
6113,6054
6111,6058
6114,6054
6116,6049
6119,6053
6116,6047
6118,6052
6112,6044
6122,6039
6116,6053
6114,6057
6112,6036
6119,6055
6119,6055
6120,6056
6117,6042
6114,6047
6121,6051
6111,6060
6122,6062
6118,6049
6119,6056
6113,6054
6117,6054
6118,6056
6114,6047
6119,6049
6117,6050
6115,6032
6116,6047
6122,6056
6120,6053
6122,6051
6114,6055
6113,6045
6113,6045
6117,6057
6115,6055
6110,6033
6117,6055
6115,6039
6115,6051
6122,6048
6113,6052
6115,6051
6114,6042
6114,6054
6112,6046
6111,6060
6113,6049
6122,6059
6111,6054
6116,6055
6112,6065
6108,6056
6110,6047
6119,6044
6119,6044
6111,6056
6114,6054
6115,6053
6109,6058
6118,6044
6114,6065
6115,6044
6114,6055
6116,6051
0,34
0,61680
0,0
6119,6042
5598,5578
5593,5567
5602,5569
5595,5553
5607,5576
5592,5579
5595,5575
5600,5573
5818,5758
6312,6318
6275,6304
6319,6283
6311,6297
6279,6313
6284,6299
6298,6314
6275,6304
6294,6309
6305,6324
6304,6331
6295,6323
6298,6360
6303,6350
6297,6327
6304,6332
6300,6331
6300,6343
6297,6327
6313,6312
6292,6293
6286,6321
6275,6301
6290,6312
6292,6323
6264,6317
6286,6318
6297,6323
6305,6385
6310,6383
6287,6352
6278,6345
6280,6326
6284,6342
6294,6346
6287,6342
6292,6345
6282,6348
6291,6335
6286,6323
6298,6339
6299,6368
6289,6347
6291,6317
6293,6347
6296,6360
6301,6351
6313,6318
6317,6361
6287,6351
6310,6318
6308,6337
6294,6329
6282,6314
6270,6321
6295,6344
6307,6349
6301,6351
6304,6336
6316,6325
6297,6343
6296,6333
6286,6322
6286,6325
6285,6320
6285,6313
6275,6317
6297,6317
6304,6305
6297,6316
6292,6318
6286,6335
6282,6335
6300,6324
6307,6314
6298,6322
6265,6301
6279,6361
6279,6368
6284,6311
6279,6324
6295,6328
6282,6353
6293,6367
6306,6360
6256,6312
6319,6377
6297,6358
6258,6279
6291,6346
6288,6333
6258,6269
6285,6314
6295,6308
6293,6328
6283,6326
6282,6319
6299,6344
6295,6335
6305,6329
6291,6330
6275,6328
6258,6344
6287,6334
6298,6345
6289,6365
6301,6327
6315,6326
6294,6338
6282,6343
6308,6336
6288,6356
6298,6361
6290,6331
6296,6334
6297,6341
6283,6349
6293,6320
6277,6320
6289,6321
6296,6338
6293,6360
6292,6335
6284,6332
6285,6340
6275,6330
6291,6316
6305,6323
6290,6331
6276,6336
6279,6371
6277,6343
6292,6355
6288,6361
6285,6349
6287,6352
6282,6352
6297,6331
6281,6339
6283,6334
6285,6322
6277,6345
6285,6339
6310,6306
6315,6347
6310,6329
6285,6358
6276,6350
6288,6321
6294,6346
6288,6316
6278,6338
6262,6334
6278,6329
6299,6343
6276,6351
6299,6342
6310,6336
6286,6340
6262,6343
6259,6338
6267,6344
6290,6349
6287,6349
6288,6343
6285,6344
6293,6371
6306,6360
6288,6360
6275,6362
6284,6352
6266,6339
6279,6333
6272,6322
6275,6313
6285,6328
6287,6380
6280,6340
6284,6357
6268,6364
6279,6354
6278,6351
6275,6365
6280,6362
6267,6371
6278,6364
6270,6356
6292,6365
6257,6365
6283,6352
6282,6373
6288,6374
6281,6366
6277,6348
6268,6360
6284,6375
6271,6389
6290,6370
6275,6362
6266,6366
6256,6358
6266,6368
6282,6348
6279,6366
6288,6359
6274,6365
6300,6385
6282,6383
6268,6413
6271,6377
6254,6389
6263,6393
6281,6375
6254,6355
6251,6367
6252,6352
6267,6359
6265,6362
6264,6377
6273,6392
6250,6381
6264,6369
6261,6365
6276,6401
6247,6385
6253,6387
6241,6369
6255,6385
6264,6365
6238,6370
6247,6403
6268,6380
6258,6398
6244,6396
6259,6393
6273,6408
6251,6439
6252,6401
6257,6403
6268,6405
6256,6398
6240,6363
6251,6381
6281,6388
6247,6365
6270,6364
6252,6413
6284,6390
6260,6400
6265,6399
6260,6385
6240,6377
6252,6382
6257,6375
6270,6376
6242,6337
6236,6347
6246,6358
6249,6351
6254,6343
6241,6374
6253,6394
6233,6383
6235,6375
6231,6375
6249,6364
6259,6414
6245,6379
6253,6382
6250,6409
6247,6392
6250,6385
6244,6390
6247,6372
6246,6383
6246,6384
6243,6412
6241,6378
6254,6376
6244,6406
6255,6367
6255,6380
6245,6362
6248,6377
6248,6373
6237,6365
6229,6430
6243,6383
6243,6390
6252,6383
6224,6374
6261,6398
6259,6379
6245,6384
6245,6364
6231,6378
6240,6378
6236,6367
6240,6368
6246,6361
6233,6356
6234,6363
6243,6365
6238,6371
6251,6381
6250,6374
6254,6413
6234,6408
6232,6394
6230,6409
6241,6390
6236,6403
6240,6384
6236,6378
6225,6384
6236,6375
6239,6396
6222,6393
6236,6411
6237,6416
6245,6402
6222,6388
6230,6401
6216,6417
6233,6403
6240,6361
6242,6387
6253,6359
6244,6350
6232,6391
6234,6369
6243,6377
6231,6410
6235,6413
6220,6385
6228,6384
6228,6406
6229,6353
6223,6377
6229,6345
6217,6366
6228,6357
6228,6364
6235,6360
6240,6389
6235,6402
6225,6377
6231,6386
6235,6386
6235,6396
6225,6392
6224,6408
6233,6391
6054,6424
6546,6758
6165,6400
5944,6009
6147,6339
6216,6443
6241,6397
6232,6394
6259,6413
6236,6379
6236,6416
6227,6400
6224,6403
6223,6401
6219,6409
6238,6419
6232,6409
6224,6434
6214,6418
6218,6451
6224,6414
6213,6449
6227,6451
6230,6421
6232,6411
6214,6404
6221,6418
6233,6406
6232,6395
6229,6412
6215,6413
6229,6413
6226,6407
6224,6410
6229,6391
6236,6416
6211,6395
6225,6412
6225,6411
6226,6421
6218,6417
6221,6414
6219,6421
6217,6438
6224,6396
6215,6392
6218,6431
6218,6450
6220,6437
6208,6416
6225,6405
6229,6445
6227,6410
6218,6400
6216,6394
6211,6391
6214,6362
6221,6372
6222,6338
6215,6378
6227,6375
6217,6366
6230,6412
6234,6405
6223,6373
6218,6393
6237,6402
6228,6396
6220,6424
6216,6410
6223,6430
6223,6436
6219,6427
6224,6444
6222,6443
6215,6449
6217,6455
6221,6429
6210,6438
6225,6441
6225,6428
6228,6417
6232,6421
6214,6409
6223,6412
6217,6417
6213,6423
6215,6431
6229,6402
6220,6405
6212,6444
6221,6422
6219,6416
6220,6414
6223,6432
6216,6412
6226,6419
6213,6393
6225,6390
6208,6395
6218,6414
6217,6401
6233,6410
6211,6390
6220,6417
6224,6393
6224,6403
6220,6384
6233,6370
6224,6386
6225,6367
6219,6376
6211,6385
6220,6423
6237,6413
6225,6391
6211,6397
6218,6407
6219,6417
6225,6393
6210,6393
6216,6373
6222,6376
6223,6392
6207,6377
6203,6390
6232,6374
6225,6355
6234,6369
6227,6392
6229,6380
6226,6382
6226,6401
6219,6379
6243,6398
6225,6388
6232,6377
6223,6382
6255,6400
6219,6401
6220,6385
6225,6398
6235,6364
6235,6389
6224,6399
6217,6404
6227,6406
6242,6402
6216,6390
6221,6375
6216,6391
6217,6388
6225,6410
6233,6393
6228,6403
6230,6383
6214,6383
6221,6401
6229,6371
6231,6380
6235,6388
6244,6368
6224,6392
6224,6398
6243,6411
6230,6377
6218,6384
6209,6382
6224,6385
6226,6373
6244,6410
6223,6391
6233,6385
6221,6392
6226,6355
6237,6378
6217,6366
6228,6380
6230,6371
6242,6367
6235,6380
6240,6353
6219,6349
6229,6353
6225,6359
6236,6355
6237,6346
6233,6356
6244,6397
6234,6379
6239,6366
6230,6374
6236,6354
6239,6355
6237,6379
6225,6370
6228,6378
6231,6361
6239,6347
6234,6367
6227,6342
6247,6367
6236,6370
6235,6353
6240,6376
6231,6375
6228,6377
6232,6356
6238,6371
6234,6339
6238,6334
6232,6333
6244,6335
6232,6339
6243,6338
6236,6322
6223,6354
6231,6355
6247,6322
6236,6320
6245,6333
6246,6342
6234,6348
6222,6346
6220,6336
6228,6326
6209,6338
6236,6332
6224,6351
6234,6350
6236,6334
6227,6350
6239,6348
6231,6350
6225,6345
6236,6376
6241,6371
6240,6356
6240,6346
6236,6358
6224,6351
6231,6327
6225,6343
6236,6361
6231,6339
6217,6352
6239,6351
6227,6332
6226,6343
6219,6362
6245,6374
6252,6369
6233,6347
6240,6376
6244,6369
6241,6354
6231,6348
6239,6361
6257,6370
6261,6377
6268,6375
6262,6362
6266,6356
6275,6332
6273,6334
6263,6360
6275,6350
6217,6303
6301,6353
6343,6398
6377,6389
6352,6349
6391,6359
6402,6376
6447,6362
6452,6355
6476,6339
6503,6366
6542,6342
6587,6366
6598,6354
6616,6333
6660,6327
6665,6339
6688,6346
6698,6332
6721,6325
6806,6326
6856,6344
6945,6328
7066,6341
7164,6338
7313,6348
7548,6366
7749,6342
7928,6337
8135,6332
8339,6324
8523,6320
8677,6360
8785,6344
8834,6360
8857,6351
8819,6386
8752,6381
8720,6385
8596,6415
8543,6445
8392,6474
8280,6514
8107,6563
7934,6540
7733,6612
7491,6668
7298,6726
7185,6771
7049,6851
6959,6928
6886,6977
6795,7067
6798,7125
6825,7200
6839,7240
6915,7300
7064,7388
7188,7452
7277,7488
7415,7483
7628,7479
7828,7447
7959,7427
8171,7392
8305,7314
8385,7211
8551,7071
8858,7002
9017,6920
9181,6813
9379,6802
9523,6783
9580,6758
9548,6758
9575,6817
9611,6853
9532,6921
9392,7050
9220,7130
8992,7221
8784,7364
8629,7477
8393,7627
8087,7742
7826,7815
7571,7906
7417,7989
7232,8170
7150,8233
7022,8274
7005,8287
6975,8299
7026,8214
7079,8226
7183,8186
7267,8081
7408,7880
7557,7735
7722,7616
7934,7494
8078,7394
8238,7319
8430,7240
8668,7147
8735,7030
8912,6969
9103,6821
9210,6773
9371,6715
9510,6689
9589,6661
9591,6677
9502,6759
9473,6900
9513,7027
9469,7151
9376,7354
9296,7542
9045,7708
8840,8026
8568,8265
8278,8450
8051,8669
7777,8798
7576,8968
7348,9113
7163,9238
6975,9340
6881,9315
6811,9264
6788,9193
6855,9097
6922,8896
7055,8756
7252,8618
7518,8464
7717,8234
7984,8113
8352,7903
8710,7756
9072,7585
9489,7456
9799,7346
9923,7174
10025,7023
10291,6921
10547,6809
10742,6791
10943,6751
11133,6819
11373,6816
11308,6854
11219,6893
11069,6999
10731,7096
10434,7243
10101,7421
9770,7634
9468,7844
9115,8153
8784,8356
8503,8466
8244,8746
8035,8977
7853,9132
7636,9244
7437,9366
7354,9411
7241,9392
7171,9456
7135,9297
7102,9220
7079,9128
7112,8898
7155,8784
7240,8710
7384,8504
7497,8216
7667,7942
7890,7710
8038,7534
8265,7349
8488,7149
8716,6980
8968,6876
9219,6794
9418,6742
9555,6675
9568,6684
9704,6697
9754,6773
9743,6850
9730,6998
9571,7187
9548,7316
9483,7539
9280,7798
9066,8001
8880,8199
8678,8376
8428,8531
8117,8705
7855,8793
7656,8822
7447,8915
7235,8930
7085,9012
6956,9033
6811,8998
6762,8885
6728,8745
6710,8749
6740,8795
6817,8652
6903,8541
7038,8452
7172,8356
7324,8240
7490,8065
7620,7936
7802,7681
7912,7451
8062,7284
8267,7166
8450,7012
8612,6928
8818,6835
8952,6762
9064,6706
9096,6714
9100,6716
9151,6752
9142,6842
9113,6928
9001,7029
8943,7115
8792,7257
8504,7402
8328,7589
8095,7751
7838,7975
7627,8115
7461,8207
7265,8330
7131,8349
6983,8399
6883,8406
6831,8436
6812,8374
6798,8412
6848,8321
6874,8276
6885,8144
6913,8079
6981,7943
7042,7815
7122,7742
7195,7642
7353,7522
7475,7442
7638,7313
7778,7174
7891,7068
8041,6924
8260,6812
8437,6733
8686,6664
8797,6630
8880,6642
9053,6578
8874,6657
9034,6742
9137,6921
8878,6863
8785,6962
8785,7096
8698,7323
8564,7398
8527,7548
8384,7679
8197,7756
7939,7915
7697,7999
7540,8076
7267,8165
7043,8111
6878,8133
6783,8119
6695,8053
6646,8018
6629,7921
6638,7831
6649,7823
6708,7786
6795,7770
6905,7719
7027,7632
7182,7508
7361,7428
7516,7326
7612,7275
7812,7160
8081,7018
8253,6893
8436,6786
8641,6713
8784,6639
8895,6584
9035,6560
9226,6541
9287,6534
9323,6589
9366,6621
9404,6675
9187,6737
9041,6865
8928,6925
8820,7029
8785,7138
8553,7300
8362,7444
8171,7585
7913,7672
7684,7795
7506,7973
7341,8030
7153,8083
7034,8131
6890,8153
6816,8152
6761,8111
6702,8040
6688,8047
6724,7920
6758,7825
6833,7730
6964,7631
7025,7533
7206,7455
7341,7327
7531,7250
7738,7125
7885,6994
8061,6876
8227,6777
8383,6728
8476,6636
8645,6551
8833,6540
8938,6542
9030,6533
9030,6620
9008,6717
8968,6780
8904,6910
8847,7062
8716,7201
8529,7416
8371,7527
8199,7672
8017,7816
7853,7906
7720,8024
7499,8202
7380,8320
7255,8346
7129,8349
7063,8499
6958,8518
6923,8502
6843,8447
6802,8427
6774,8377
6804,8250
6887,8150
6941,8150
7084,8040
7231,7853
7369,7682
7575,7568
7771,7419
8013,7262
8173,7142
8369,7015
8675,6911
8898,6794
9006,6743
9172,6668
9384,6587
9468,6579
9480,6576
9641,6613
9662,6624
9719,6733
9700,6796
9591,6921
9497,7038
9286,7119
9014,7321
8817,7451
8585,7628
8370,7759
8178,7885
7933,7990
7762,8126
7563,8182
7402,8259
7165,8334
7027,8274
6916,8332
6845,8399
6776,8417
6755,8361
6735,8330
6750,8310
6804,8159
6943,8122
7081,7995
7264,7815
7352,7729
7535,7547
7737,7429
7913,7324
8184,7172
8401,7055
8612,6946
8881,6841
8934,6771
9114,6685
9239,6673
9246,6643
9324,6638
9329,6686
9398,6732
9416,6800
9312,6921
9255,7030
9017,7158
8699,7288
8477,7442
8285,7626
8048,7748
7867,7906
7564,8126
7363,8163
7181,8271
6996,8467
6871,8579
6794,8743
6726,8724
6681,8748
6674,8878
6668,8815
6728,8656
6785,8590
6857,8491
6994,8313
7122,8141
7247,8132
7402,7988
7566,7829
7771,7657
7942,7452
8051,7300
8215,7154
8415,7022
8637,6904
8761,6765
8853,6641
8941,6583
8992,6575
9006,6590
9098,6644
9121,6687
9131,6795
9092,6900
9174,7051
9242,7147
9080,7306
8870,7500
8774,7640
8711,7748
8580,7916
8276,8068
8070,8181
7873,8202
7645,8271
7444,8330
7389,8442
7251,8490
6945,8556
6829,8507
6760,8350
6758,8178
6774,8100
6838,7956
6978,7806
7121,7640
7256,7569
7468,7389
7635,7307
7818,7161
8037,7036
8237,6902
8340,6783
8568,6718
8749,6664
8817,6604
8774,6565
8866,6577
8931,6576
8938,6613
8835,6657
8750,6718
8665,6791
8616,6968
8588,7042
8450,7130
8322,7283
8082,7474
7953,7661
7832,7949
7621,8112
7460,8318
7242,8527
7089,8759
7005,8947
6885,9059
6833,9084
6768,9149
6715,9152
6688,9157
6725,9126
6759,9023
6797,8881
6852,8653
6915,8371
7084,8288
7204,8071
7287,7873
7399,7721
7581,7516
7746,7390
7844,7203
7944,7077
8057,6920
8183,6800
8314,6728
8416,6678
8509,6665
8610,6658
8668,6681
8645,6674
8675,6786
8673,6831
8594,6862
8537,6915
8460,6983
8366,7103
8245,7215
8189,7321
8081,7424
7960,7481
7888,7558
7701,7582
7535,7727
7364,7774
7235,7771
7135,7695
7100,7646
7022,7656
6997,7637
7047,7567
7076,7484
7275,7403
7419,7353
7595,7262
7829,7181
8085,7113
8395,7019
8681,6936
8995,6829
9236,6829
9566,6732
9896,6651
10165,6597
10508,6539
10583,6537
10559,6527
10629,6520
10663,6550
10705,6580
10695,6604
10687,6691
10488,6753
10402,6816
10206,6945
10041,7058
9830,7223
9577,7379
9202,7570
8874,7738
8578,7859
8260,8082
8046,8286
7815,8438
7543,8619
7322,8757
7128,8936
6982,9068
6887,9027
6880,9061
6853,9027
6930,9076
6970,9048
7044,9000
7166,8911
7332,8666
7557,8448
7803,8224
8017,8001
8309,7739
8601,7607
8875,7403
9200,7265
9443,7142
9611,7017
9742,6882
9877,6804
10166,6750
10279,6731
10371,6745
10494,6737
10483,6801
10488,6939
10337,7111
10243,7298
10157,7495
10043,7718
9719,7933
9507,8128
9287,8326
9015,8586
8817,8878
8663,9103
8430,9197
8186,9293
7973,9399
7714,9423
7506,9588
7388,9672
7236,9659
7115,9679
7100,9458
7097,9250
7182,9166
7346,8984
7543,8790
7745,8626
8052,8473
8308,8299
8782,8020
9143,7739
9329,7545
9620,7383
9941,7178
10259,6995
10594,6919
10754,6820
11029,6753
11263,6736
11387,6779
11444,6760
11470,6847
11466,6918
11332,7070
11339,7273
11068,7523
10803,7703
10401,7908
10051,8112
9649,8362
9356,8566
8906,8814
8487,9087
8202,9355
7834,9530
7644,9672
7579,9851
7598,9987
7547,10097
7562,10186
7553,10246
7548,10197
7555,10083
7588,9906
7690,9662
7841,9421
8008,9057
8237,8752
8628,8498
8989,8280
9341,8085
9630,7877
10001,7718
10401,7510
10790,7325
11015,7163
11190,7101
11442,7004
11596,7001
11513,7011
11580,7028
11517,7093
11288,7281
11114,7488
11079,7699
10779,7968
10434,8170
10119,8488
9929,8760
9561,9018
9198,9295
8974,9585
8760,9700
8509,9761
8308,9944
8144,9994
7970,9873
7746,9829
7530,9676
7420,9681
7313,9712
7285,9768
7248,9758
7329,9641
7529,9446
7796,9198
8098,8914
8434,8680
8832,8476
9209,8216
9649,8068
10016,7806
10347,7574
10666,7428
11040,7276
11289,7207
11679,7127
11901,7013
12117,6925
12446,6931
12395,6882
12487,6938
12299,7033
12179,7163
11838,7325
11393,7507
10964,7642
10460,7885
10160,8061
9806,8208
9313,8408
8889,8558
8493,8754
8173,8980
7861,9268
7604,9522
7357,9605
7132,9716
6990,9785
6928,9888
6952,9836
6944,9718
6960,9680
7029,9630
7210,9511
7408,9420
7744,9347
7592,9047
7916,8743
8568,8480
8645,8246
8124,7960
7463,7721
6916,7495
6586,7307
6372,7144
6275,7028
6216,6905
6198,6920
6181,6971
6179,7083
6168,7226
6159,7440
6150,7641
6150,7913
6139,8186
6133,8439
6136,8642
6146,8935
6138,9171
6143,9260
6132,9689
6138,10073
6128,10230
6219,9953
6077,10402
6150,10422
6169,10448
6126,10284
6092,10032
6136,9894
6097,9662
6134,9350
6119,9077
6135,8861
6128,8534
6130,8303
6122,8038
6123,7845
6121,7699
6115,7554
6120,7356
6129,7194
6123,7157
6126,7084
6120,7025
6108,6909
6110,6894
6133,6843
6118,6835
6114,6923
6114,6947
6114,6946
6127,6923
6106,6795
6112,6692
6121,6552
6106,6367
6117,6311
6106,6248
6112,6201
6116,6192
6107,6175
6108,6156
6109,6164
6107,6145
6114,6150
6104,6108
6117,6119
6114,6106
6106,6114
6105,6114
6101,6121
6102,6111
6105,6105
6098,6088
6107,6084
6105,6067
6108,6087
6107,6087
6096,6063
6106,6074
6115,6069
6108,6061
6107,6063
6106,6065
6107,6050
6104,6063
6103,6051
6105,6065
6098,6046
6104,6057
6111,6069
6104,6054
6111,6035
6104,6065
6110,6062
6109,6056
6111,6064
6106,6057
6106,6058
6101,6037
6102,6041
6100,6046
6103,6053
6112,6060
6112,6053
6107,6052
6110,6057
6105,6067
6107,6055
6114,6060
6115,6053
6112,6050
6099,6052
6105,6055
6113,6046
6113,6058
6108,6064
6095,6052
6114,6059
6114,6049
6102,6062
6112,6063
6113,6056
6107,6063
6118,6058
6091,6045
6110,6060
6103,6057
6106,6049
6104,6059
6099,6046
6108,6039
6106,6041
6115,6043
6108,6058
6098,6049
6114,6038
6098,6061
6106,6050
6114,6051
6110,6047
6083,6059
6112,6047
6112,6050
6117,6053
6113,6048
6113,6031
6117,6049
6112,6050
6106,6042
6108,6055
6106,6048
6107,6052
6109,6036
6109,6053
6114,6039
6106,6042
6110,6030
6109,6052
6108,6038
6112,6047
6098,6049
6106,6042
6117,6049
6108,6053
6108,6052
6103,6057
6095,6067
6096,6055
6103,6046
6104,6035
6099,6051
6101,6051
6111,6062
6111,6051
6105,6046
6104,6044
6093,6026
6107,6046
6110,6057
6107,6030
6106,6039
6100,6051
6108,6050
6107,6053
6101,6043
6096,6055
6097,6054
6096,6050
6112,6057
6115,6045
6096,6040
6107,6039
6101,6037
6102,6059
6110,6052
6096,6056
6105,6042
6106,6059
6107,6053
6106,6034
6103,6036
6099,6051
6101,6042
6115,6043
6112,6039
6106,6056
6103,6049
6098,6039
6102,6050
6108,6054
6107,6041
6106,6048
6092,6042
6096,6058
6096,6047
6108,6042
6105,6044
6108,6046
6110,6053
6094,6037
6096,6054
6100,6039
6102,6040
6103,6051
6096,6052
6100,6040
6092,6044
6112,6045
6086,6055
6101,6057
6110,6051
6110,6053
6106,6050
6100,6033
6110,6044
6097,6042
6103,6017
6106,6043
6101,6049
6100,6041
6098,6040
6096,6052
6108,6055
6102,6049
6097,6048
6106,6041
6097,6042
6095,6051
6092,6033
6110,6060
6111,6039
6106,6041
6100,6046
6107,6047
6094,6032
6106,6041
6108,6052
6102,6057
6093,6059
6095,6059
6100,6032
6100,6049
6103,6039
6099,6054
6088,6057
6096,6048
6099,6054
6096,6040
6096,6054
6090,6045
6104,6050
6096,6049
6087,6038
6100,6041
6101,6055
6101,6034
6097,6046
6100,6039
6101,6044
6100,6043
6107,6047
6096,6055
6097,6037
6103,6043
6088,6041
6093,6046
6107,6044
6098,6059
6171,5990
6169,6100
6121,6052
6132,6079
6088,6044
6122,6069
6098,6054
6091,6033
6100,6042
6103,6059
6094,6049
6100,6045
6101,6042
6102,6037
6107,6047
6098,6047
6099,6049
6113,6054
6101,6056
6102,6042
6105,6057
6097,6053
6093,6047
6102,6034
6107,6047
6105,6051
6106,6057
6098,6037
6098,6031
6107,6049
6100,6050
6098,6048
6106,6042
6102,6058
6106,6039
6105,6034
6104,6045
6104,6041
6105,6046
6104,6038
6107,6044
6105,6044
6104,6056
6112,6041
6095,6053
6104,6057
6098,6052
6097,6053
6102,6044
6114,6050
6109,6055
6102,6042
6107,6058
6108,6064
6111,6048
6117,6049
6109,6051
6101,6046
6101,6042
6101,6053
6105,6049
6106,6045
6101,6049
6113,6053
6100,6039
6106,6034
6104,6056
6109,6052
6106,6047
6107,6055
6104,6051
6104,6053
6100,6054
6108,6048
6109,6044
6104,6041
6100,6041
6105,6047
6095,6043
6104,6046
6093,6044
6106,6050
6112,6042
6108,6054
6101,6048
6099,6046
6106,6046
6103,6041
6101,6048
6097,6042
6106,6049
6099,6057
6102,6045
6104,6055
6102,6055
6094,6052
6096,6054
6100,6047
6099,6042
6107,6047
6112,6054
6100,6041
6106,6041
6107,6053
6099,6049
6099,6048
6103,6046
6107,6054
6100,6051
6098,6057
6110,6039
6103,6053
6096,6035
6096,6048
6106,6041
6098,6041
6099,6057
6111,6049
6098,6057
6096,6039
6105,6047
6112,6051
6119,6045
6116,6052
6100,6042
6100,6039
6105,6049
6109,6049
6107,6047
6117,6060
6102,6041
6103,6055
6109,6046
6111,6043
6108,6043
6101,6047
6103,6054
6109,6055
6107,6037
6114,6038
6108,6030
6109,6052
6108,6054
6110,6049
6106,6050
6111,6046
6110,6034
6121,6053
6119,6053
6107,6044
6110,6047
6112,6042
6117,6051
6113,6039
6112,6049
6119,6042
6109,6053
6113,6055
6102,6025
6118,6046
6111,6054
6112,6050
6105,6038
6103,6042
6110,6048
6110,6048
6110,6046
6107,6039
6110,6029
6104,6056
6107,6044
6108,6052
6117,6042
6104,6053
6102,6043
6114,6050
6097,6044
6112,6046
6117,6056
6117,6038
6103,6046
6101,6058
6101,6056
6112,6041
6101,6044
6111,6036
6113,6051
6113,6049
6109,6056
6109,6062
6110,6047
6104,6060
6102,6041
6118,6050
6111,6049
6109,6051
6110,6058
6106,6050
6111,6044
6117,6054
6106,6049
6112,6045
6105,6054
6106,6052
6120,6051
6104,6038
6117,6030
6113,6059
6107,6039
6105,6055
6108,6049
6108,6047
6112,6048
6107,6055
6102,6055
6110,6051
6113,6051
6112,6045
6103,6045
6101,6034
6111,6049
6104,6064
6108,6031
6117,6053
6123,6063
6109,6048
6101,6032
6115,6047
6107,6064
6111,6042
6111,6056
6112,6051
6113,6058
6114,6060
6115,6048
6111,6047
6098,6039
6114,6060
6126,6048
6112,6061
6112,6057
6115,6047
6112,6055
6119,6045
6113,6059
6121,6053
6127,6055
6113,6048
6111,6052
6113,6058
6096,6058
6119,6057
6115,6048
6107,6043
6116,6063
6115,6063
6110,6060
6115,6053
6115,6053
6117,6047
6119,6045
6113,6057
6117,6049
6118,6050
6111,6047
6109,6061
6113,6051
6115,6061
6112,6049
6115,6057
6114,6061
6108,6053
6118,6046
6111,6063
6113,6049
6116,6053
6117,6056
6111,6051
6113,6044
6113,6053
6113,6053
6122,6050
6110,6048
6112,6045
6113,6047
6115,6062
6108,6050
6112,6053
6117,6051
6109,6060
6114,6063
6113,6055
6117,6057
6111,6061
6114,6055
6117,6049
6112,6055
6110,6038
6113,6053
6109,6034
6112,6059
6107,6041
6120,6044
6120,6044
6115,6050
6120,6053
6115,6056
6115,6058
6120,6048
6120,6054
6118,6057
6115,6054
6115,6045
6111,6042
6116,6058
6113,6063
6107,6056
6104,6035
6111,6056
6110,6062
6111,6048
6110,6053
6116,6054
6111,6055
6111,6052
6111,6052
6110,6053
6114,6047
6119,6050
6123,6038
6123,6050
6117,6049
6118,6053
6114,6055
6117,6049
6117,6049
6119,6041
6115,6053
6107,6058
6114,6053
6105,6045
6120,6055
6111,6060
6252,6221
0,30
0,61680
0,0
6216,6058
5601,5568
5591,5572
5604,5568
5595,5578
5602,5574
5596,5576
5606,5565
5597,5561
5815,5757
6327,6305
6281,6302
6310,6282
6319,6314
6268,6310
6280,6301
6292,6310
6287,6290
6301,6308
6298,6319
6296,6306
6303,6322
6296,6343
6302,6339
6322,6323
6316,6306
6305,6334
6282,6358
6307,6334
6315,6326
6297,6321
6288,6324
6266,6321
6281,6327
6290,6315
6278,6324
6280,6316
6283,6331
6303,6347
6316,6372
6304,6349
6283,6327
6267,6325
6279,6344
6271,6353
6273,6332
6303,6352
6284,6342
6295,6332
6277,6326
6305,6349
6301,6352
6274,6335
6303,6338
6289,6352
6305,6350
6296,6345
6319,6319
6316,6356
6306,6355
6317,6334
6310,6329
6271,6323
6284,6305
6259,6304
6299,6328
6297,6334
6301,6331
6309,6329
6306,6328
6300,6356
6287,6327
6287,6304
6288,6327
6184,6276
6521,6487
6283,6290
6158,6225
6292,6316
6214,6251
6272,6304
6285,6346
6281,6350
6301,6333
6309,6314
6289,6326
6274,6330
6285,6368
6288,6355
6273,6324
6275,6314
6291,6328
6270,6372
6282,6373
6296,6342
6319,6360
6298,6342
6281,6345
6298,6319
6299,6328
6294,6346
6284,6320
6305,6327
6277,6309
6287,6324
6288,6336
6268,6316
6288,6343
6296,6325
6301,6337
6280,6348
6279,6327
6276,6339
6274,6339
6285,6330
6287,6361
6306,6314
6308,6320
6291,6355
6295,6319
6297,6323
6296,6356
6294,6365
6293,6330
6294,6339
6279,6361
6286,6340
6297,6331
6293,6320
6291,6299
6298,6338
6290,6337
6296,6335
6288,6351
6284,6336
6280,6338
6286,6325
6302,6312
6295,6322
6277,6348
6286,6365
6287,6344
6304,6352
6300,6352
6297,6334
6282,6353
6283,6355
6293,6336
6292,6339
6268,6332
6284,6330
6277,6343
6294,6332
6303,6340
6316,6342
6284,6349
6285,6360
6290,6337
6298,6332
6301,6354
6276,6309
6287,6326
6267,6323
6291,6344
6291,6359
6281,6355
6297,6346
6304,6349
6286,6323
6261,6357
6268,6335
6275,6340
6280,6347
6280,6331
6268,6350
6283,6352
6290,6376
6292,6359
6292,6355
6289,6371
6285,6349
6271,6348
6281,6319
6272,6328
6282,6316
6293,6330
6288,6343
6283,6335
6281,6358
6277,6353
6285,6386
6287,6340
6267,6360
6270,6365
6256,6376
6281,6369
6272,6352
6273,6362
6274,6352
6273,6346
6276,6373
6282,6374
6280,6383
6271,6368
6267,6345
6281,6377
6265,6369
6288,6369
6281,6351
6268,6345
6267,6354
6272,6368
6287,6351
6275,6371
6276,6356
6279,6370
6293,6363
6279,6378
6255,6379
6255,6382
6274,6377
6272,6367
6271,6341
6257,6370
6257,6359
6251,6361
6262,6354
6268,6349
6275,6390
6286,6375
6261,6388
6259,6383
6267,6357
6268,6386
6241,6371
6238,6396
6253,6367
6252,6391
6248,6361
6249,6360
6249,6385
6268,6387
6251,6407
6252,6393
6240,6408
6258,6402
6248,6396
6247,6399
6254,6400
6283,6383
6264,6383
6255,6363
6255,6364
6271,6385
6266,6362
6275,6376
6267,6412
6269,6414
6271,6388
6256,6385
6252,6404
6247,6399
6236,6378
6240,6366
6243,6357
6240,6353
6247,6355
6251,6358
6243,6342
6256,6346
6239,6375
6244,6378
6233,6375
6237,6374
6240,6393
6270,6386
6264,6400
6253,6364
6252,6368
6256,6415
6257,6400
6248,6400
6247,6397
6241,6381
6248,6395
6238,6378
6260,6408
6249,6387
6262,6391
6247,6401
6249,6374
6242,6374
6237,6359
6245,6382
6239,6360
6252,6376
6224,6391
6235,6362
6242,6378
6241,6382
6223,6362
6254,6381
6254,6387
6246,6380
6247,6356
6233,6384
6245,6384
6241,6365
6235,6375
6243,6382
6253,6361
6230,6350
6240,6348
6245,6365
6251,6364
6244,6391
6248,6398
6235,6422
6233,6402
6235,6418
6244,6385
6230,6406
6244,6405
6224,6388
6213,6395
6223,6391
6229,6385
6223,6386
6236,6403
6237,6414
6234,6400
6238,6392
6231,6383
6211,6409
6231,6383
6241,6380
6245,6384
6246,6377
6244,6376
6236,6389
6233,6379
6247,6365
6241,6394
6209,6417
6251,6388
6189,6341
6217,6384
6236,6366
6242,6366
6222,6347
6239,6351
6230,6373
6222,6346
6223,6370
6237,6377
6240,6363
6239,6371
6224,6382
6231,6399
6227,6392
6222,6404
6227,6397
6216,6403
6228,6405
6219,6384
6221,6387
6224,6403
6231,6407
6228,6385
6236,6409
6223,6397
6228,6409
6231,6408
6231,6383
6237,6402
6226,6397
6224,6405
6221,6403
6228,6398
6225,6409
6226,6427
6217,6415
6223,6417
6219,6403
6214,6423
6219,6435
6223,6425
6234,6430
6211,6414
6214,6408
6229,6411
6233,6392
6223,6395
6228,6402
6229,6416
6225,6403
6224,6411
6223,6408
6228,6413
6214,6391
6217,6408
6227,6414
6215,6423
6222,6414
6227,6436
6231,6424
6209,6440
6224,6395
6230,6417
6217,6408
6218,6430
6232,6423
6224,6410
6229,6433
6227,6436
6219,6418
6215,6361
6214,6386
6211,6372
6217,6372
6226,6375
6225,6350
6219,6374
6217,6370
6223,6386
6226,6391
6221,6413
6239,6398
6218,6431
6229,6402
6226,6405
6219,6397
6216,6410
6227,6422
6222,6413
6224,6434
6219,6432
6219,6462
6225,6431
6211,6441
6221,6441
6225,6455
6231,6432
6223,6427
6224,6440
6221,6403
6222,6414
6224,6418
6219,6395
6226,6406
6216,6413
6233,6398
6221,6423
6219,6423
6208,6420
6223,6417
6219,6422
6221,6417
6227,6409
6231,6397
6208,6404
6235,6397
6213,6401
6210,6414
6209,6407
6218,6400
6219,6411
6213,6411
6219,6369
6206,6403
6225,6376
6224,6374
6214,6364
6248,6367
6237,6395
6229,6411
6215,6425
6220,6411
6226,6409
6216,6394
6196,6378
6224,6403
6220,6391
6203,6396
6217,6373
6218,6394
6212,6387
6217,6360
6208,6367
6225,6381
6238,6372
6233,6345
6224,6393
6226,6382
6213,6383
6222,6389
6223,6383
6224,6379
6224,6393
6227,6346
6232,6391
6235,6409
6230,6390
6217,6403
6209,6385
6233,6380
6227,6390
6232,6404
6219,6411
6231,6381
6233,6385
6226,6388
6238,6401
6223,6372
6226,6388
6241,6408
6216,6403
6223,6395
6235,6391
6217,6376
6223,6382
6227,6361
6234,6374
6235,6394
6243,6392
6229,6403
6226,6404
6231,6409
6236,6391
6243,6388
6231,6391
6225,6370
6234,6390
6243,6390
6233,6397
6233,6367
6225,6368
6226,6360
6221,6358
6219,6377
6231,6362
6233,6354
6232,6379
6232,6385
6232,6362
6228,6340
6231,6349
6237,6358
6234,6352
6237,6348
6226,6362
6227,6384
6241,6375
6233,6371
6249,6370
6236,6385
6230,6388
6241,6386
6225,6367
6237,6376
6236,6359
6222,6363
6235,6362
6236,6350
6235,6357
6241,6443
6227,6371
6239,6388
6238,6380
6231,6384
6237,6357
6244,6357
6243,6348
6240,6350
6230,6343
6242,6359
6237,6332
6234,6339
6239,6333
6241,6354
6239,6356
6246,6343
6247,6323
6254,6344
6250,6341
6240,6348
6242,6343
6224,6339
6226,6331
6232,6324
6224,6336
6234,6370
6245,6323
6231,6336
6227,6335
6228,6352
6226,6342
6226,6345
6243,6365
6247,6371
6241,6359
6227,6342
6206,6330
6217,6368
6222,6343
6218,6348
6229,6367
6238,6362
6233,6348
6228,6348
6548,6654
6583,6598
6220,6330
6409,5962
6298,6417
6227,6364
6247,6335
6319,6378
6248,6309
6239,6362
6263,6387
6270,6386
6265,6358
6269,6346
6268,6365
6278,6384
6268,6345
6279,6339
6266,6360
6282,6347
6282,6334
6297,6350
6294,6362
6329,6340
6356,6351
6368,6336
6397,6367
6437,6356
6440,6332
6466,6352
6495,6371
6556,6373
6589,6356
6594,6334
6631,6319
6650,6331
6666,6342
6675,6345
6689,6346
6730,6330
6803,6329
6875,6350
6942,6332
7061,6353
7187,6331
7307,6341
7557,6366
7748,6342
7931,6342
8121,6326
8330,6339
8530,6348
8684,6355
8782,6350
8842,6343
8874,6364
8826,6393
8753,6384
8737,6390
8657,6423
8566,6434
8394,6472
8285,6496
8101,6545
7920,6573
7698,6595
7500,6661
7333,6732
7194,6793
7064,6816
6938,6916
6857,6984
6813,7032
6761,7129
6801,7215
6852,7241
6922,7294
7046,7379
7153,7453
7318,7503
7479,7497
7638,7477
7791,7458
7944,7446
8206,7383
8306,7278
8424,7206
8587,7107
8848,7010
9029,6908
9196,6847
9354,6797
9483,6769
9596,6781
9596,6761
9606,6809
9610,6860
9553,6935
9437,7023
9209,7154
8954,7252
8797,7356
8623,7505
8362,7652
8057,7745
7817,7828
7578,7886
7437,7993
7224,8147
7142,8250
7044,8267
7001,8319
6985,8293
7019,8259
7080,8239
7188,8228
7250,8088
7374,7911
7551,7719
7725,7599
7941,7524
8111,7424
8246,7369
8448,7233
8661,7169
8735,7038
8928,6932
9137,6832
9208,6758
9363,6716
9503,6706
9599,6664
9542,6690
9519,6768
9498,6884
9537,7036
9480,7152
9334,7313
9239,7577
9098,7770
8845,8016
8571,8249
8318,8431
8066,8681
7794,8803
7569,8963
7319,9121
7150,9239
6968,9340
6889,9299
6835,9261
6800,9191
6883,9115
6935,8868
7047,8736
7236,8568
7504,8434
7714,8228
7985,8067
8342,7887
8774,7708
9123,7565
9476,7428
9776,7342
9923,7168
10033,7030
10280,6933
10569,6831
10669,6782
10942,6768
11143,6782
11329,6807
11331,6855
11228,6900
11048,6999
10749,7113
10455,7217
10080,7409
9789,7651
9424,7877
9142,8172
8813,8380
8524,8514
8291,8752
8059,9000
7848,9140
7622,9254
7457,9318
7361,9403
7228,9479
7165,9399
7127,9261
7087,9202
7078,9129
7097,8899
7175,8760
7251,8689
7392,8466
7503,8201
7639,7963
7881,7793
8048,7557
8233,7349
8518,7160
8718,7004
8969,6907
9253,6826
9395,6764
9466,6711
9575,6673
9648,6707
9795,6798
9734,6860
9689,6978
9552,7201
9526,7323
9471,7540
9279,7760
9102,8039
8896,8207
8719,8386
8449,8535
8151,8653
7881,8760
7676,8823
7446,8912
7244,8945
7065,9019
6937,9016
6836,8981
6746,8886
6718,8764
6696,8774
6763,8795
6812,8644
6912,8520
7008,8482
7185,8366
7332,8191
7491,8043
7622,7902
7766,7676
7935,7448
8054,7287
8234,7141
8464,7020
8591,6917
8825,6815
8959,6774
8998,6712
9152,6704
9096,6722
9211,6789
9135,6851
9115,6914
9011,7014
8927,7132
8765,7271
8490,7414
8305,7577
8110,7775
7859,7940
7664,8072
7461,8155
7273,8302
7128,8344
6987,8358
6865,8413
6832,8434
6755,8334
6792,8336
6924,8394
6814,8273
6883,8150
6906,8127
6991,7928
7032,7820
7125,7764
7228,7632
7356,7531
7458,7431
7610,7326
7734,7196
7878,7050
8044,6924
8262,6785
8428,6730
8642,6670
8736,6639
8918,6643
8966,6667
9002,6698
9011,6729
9046,6835
8976,6930
8868,7035
8797,7140
8636,7281
8574,7395
8532,7546
8337,7665
8134,7801
7939,7903
7711,7993
7511,8094
7264,8135
7041,8106
6898,8138
6792,8168
6683,8074
6629,7998
6609,7913
6624,7901
6672,7828
6721,7771
6820,7804
6925,7730
7034,7600
7178,7515
7348,7461
7505,7324
7646,7258
7862,7159
8089,7041
8276,6906
8446,6813
8606,6700
8807,6626
8850,6592
9070,6562
9195,6531
9319,6555
9394,6560
9397,6624
9362,6693
9149,6747
9075,6848
8947,6936
8836,7029
8735,7150
8529,7299
8352,7422
8178,7567
7893,7669
7680,7800
7499,7957
7338,8056
7144,8142
7023,8143
6886,8159
6813,8144
6736,8137
6692,8063
6682,8018
6729,7935
6757,7834
6845,7695
6940,7611
7051,7497
7187,7437
7323,7349
7537,7237
7739,7108
7891,6959
8044,6874
8221,6785
8363,6737
8537,6651
8674,6548
8825,6527
8957,6523
9035,6549
9052,6611
8998,6683
8962,6804
8909,6915
8840,7077
8732,7210
8557,7384
8394,7514
8227,7689
8029,7792
7852,7951
7727,8010
7562,8200
7395,8332
7226,8370
7168,8365
7042,8472
6978,8552
6919,8542
6852,8450
6806,8403
6781,8347
6811,8312
6862,8193
6957,8149
7079,8009
7250,7849
7386,7684
7578,7565
7750,7440
7980,7292
8162,7123
8360,7032
8655,6903
8878,6809
9030,6737
9208,6663
9394,6590
9434,6572
9549,6575
9636,6626
9708,6641
9754,6725
9698,6805
9569,6915
9487,7022
9344,7159
9026,7332
8837,7468
8622,7642
8396,7789
8173,7859
7973,7959
7771,8142
7577,8210
7414,8227
7183,8302
7025,8313
6926,8367
6818,8395
6757,8411
6712,8388
6699,8369
6738,8247
6801,8121
6931,8103
7091,8006
7243,7847
7376,7724
7511,7570
7710,7415
7953,7331
8194,7185
8428,7058
8638,6921
8811,6843
8969,6769
9062,6692
9273,6664
9243,6639
9310,6645
9333,6668
9442,6733
9389,6799
9324,6874
9247,7068
8982,7148
8701,7281
8470,7449
8266,7622
8057,7740
7839,7899
7589,8081
7385,8224
7168,8263
7020,8416
6865,8616
6787,8731
6726,8722
6711,8743
6671,8857
6685,8774
6728,8654
6789,8637
6854,8524
6994,8322
7148,8145
7281,8084
7399,7954
7580,7835
7759,7638
7922,7468
8037,7312
8227,7165
8422,7001
8646,6897
8779,6745
8854,6636
9011,6579
9095,6586
8987,6596
9098,6646
9129,6692
9102,6745
9078,6874
9128,7061
9232,7143
9101,7363
8835,7536
8804,7657
8738,7719
8535,7922
8297,8087
8023,8172
7868,8188
7648,8270
7473,8360
7396,8446
7236,8551
6980,8533
6810,8479
6744,8336
6745,8199
6790,8072
6853,7982
6985,7835
7093,7679
7234,7543
7441,7414
7640,7281
7860,7159
8030,7056
8245,6906
8345,6793
8534,6709
8722,6661
8779,6607
8792,6570
8848,6574
8903,6570
8909,6614
8834,6650
8746,6702
8673,6804
8622,6963
8579,7025
8237,6922
8303,7308
8345,7701
7991,7706
7787,7866
7619,8033
7442,8324
7293,8576
7113,8773
6956,8928
6892,9061
6850,9085
6759,9157
6712,9197
6713,9171
6741,9166
6753,9001
6807,8840
6865,8735
6977,8499
7046,8313
7211,8054
7291,7873
7392,7710
7548,7526
7727,7326
7851,7181
7931,7059
8030,6904
8189,6798
8337,6720
8446,6666
8466,6673
8549,6650
8664,6652
8624,6700
8692,6757
8739,6822
8623,6854
8541,6908
8488,7008
8370,7082
8286,7219
8174,7326
8079,7389
7973,7520
7864,7545
7673,7618
7547,7711
7413,7753
7238,7772
7141,7723
7066,7688
7015,7652
7008,7629
7042,7584
7108,7491
7209,7426
7391,7350
7588,7268
7820,7189
8059,7087
8380,7039
8673,6936
8979,6858
9244,6823
9587,6727
9916,6659
10162,6581
10425,6553
10515,6538
10551,6531
10681,6517
10626,6560
10718,6568
10700,6609
10693,6686
10555,6767
10434,6848
10223,6937
10024,7085
9850,7237
9588,7407
9189,7563
8867,7722
8600,7842
8278,8040
8079,8292
7804,8432
7503,8580
7329,8782
7125,8979
6992,9102
6900,9005
6887,9058
6842,9113
6931,9027
6968,9039
7025,8999
7151,8920
7333,8680
7551,8403
7755,8214
8023,7994
8288,7773
8567,7612
8878,7418
9215,7267
9461,7101
9575,7008
9685,6902
9884,6818
10141,6786
10294,6739
10325,6702
10540,6764
10496,6814
10511,6961
10330,7113
10241,7294
10196,7514
10000,7704
9732,7931
9489,8114
9260,8308
9037,8582
8836,8932
8670,9081
8434,9172
8165,9274
7940,9310
7745,9502
7501,9569
7376,9696
7245,9665
7102,9624
7100,9455
7113,9244
7201,9171
7340,9081
7519,8787
7763,8644
8067,8443
8319,8286
8783,8016
9081,7801
9373,7525
9670,7386
9931,7182
10290,7025
10566,6923
10740,6800
11037,6735
11271,6726
11326,6756
11473,6784
11472,6860
11434,6926
11278,7054
11300,7285
11133,7504
10734,7715
10373,7881
10095,8123
9675,8346
9300,8560
8874,8857
8511,9079
8218,9312
7814,9509
7653,9689
7574,9873
7578,9983
7562,10101
7549,10231
7550,10259
7542,10189
7595,10092
7604,9929
7727,9652
7854,9422
8034,9040
8276,8752
8588,8498
8976,8242
9326,8109
9636,7877
10032,7724
10400,7494
10757,7313
10973,7181
11222,7106
11460,7000
11600,6998
11539,7019
11609,7070
11439,7144
11350,7292
11153,7485
11066,7680
10798,7905
10434,8160
10064,8533
9917,8767
9540,9129
9188,9346
8938,9617
8758,9705
8500,9783
8291,9924
8184,9903
8007,9818
7726,9765
7504,9672
7417,9724
7300,9742
7271,9795
7235,9758
7342,9574
7520,9360
7773,9218
8095,8925
8412,8711
8829,8472
9162,8224
9636,8031
10069,7800
10405,7592
10653,7426
11032,7288
11427,7183
11665,7091
11935,7016
12159,6911
12427,6926
12466,6889
12458,6943
12295,7062
12197,7168
11849,7331
11388,7500
10939,7674
10414,7887
10156,8056
9782,8182
9320,8405
8915,8605
8490,8775
8177,8978
7886,9294
7565,9527
7341,9598
7143,9726
6979,9762
6943,9881
6933,9826
6923,9743
6954,9702
6998,9600
7201,9534
7423,9450
7766,9353
7616,9059
7951,8754
8557,8454
8646,8286
8185,8008
7467,7736
6908,7497
6610,7282
6335,7124
6240,6986
6218,6895
6221,6923
6183,6979
6160,7082
6164,7245
6152,7419
6154,7635
6147,7897
6144,8209
6142,8375
6140,8662
6143,8918
6144,9150
6144,9319
6138,9661
6133,10038
6118,10227
6129,10315
6156,10417
6136,10385
6120,10391
6112,10298
6130,10157
6124,9926
6127,9676
6125,9411
6124,9099
6116,8851
6130,8563
6122,8299
6127,8056
6117,7840
6115,7697
6118,7530
6112,7352
6117,7240
6118,7142
6119,7072
6118,7009
6114,6908
6118,6901
6123,6846
6121,6844
6118,6932
6133,6953
6122,6927
6118,6923
6102,6819
6115,6691
6111,6534
6113,6394
6113,6309
6102,6257
6112,6219
6112,6196
6103,6177
6112,6166
6108,6147
6098,6147
6107,6127
6111,6110
6108,6121
6117,6123
6110,6122
6113,6119
6106,6116
6104,6119
6108,6106
6102,6102
6107,6076
6095,6088
6111,6078
6110,6081
6097,6062
6112,6082
6111,6071
6106,6075
6105,6062
6110,6061
6109,6065
6108,6073
6104,6063
6114,6056
6102,6056
6110,6062
6105,6062
6108,6057
6101,6052
6100,6062
6109,6074
6111,6058
6107,6065
6108,6069
6110,6052
6103,6049
6103,6047
6105,6060
6111,6055
6114,6061
6120,6056
6106,6058
6105,6009
6119,6041
6107,6084
6116,6041
6116,6060
6118,6056
6104,6049
6106,6059
6114,6046
6117,6051
6119,6052
6103,6054
6110,6056
6113,6049
6107,6048
6112,6041
6113,6053
6112,6058
6113,6050
6101,6044
6112,6061
6110,6057
6118,6041
6111,6046
6101,6046
6106,6042
6113,6048
6112,6048
6108,6056
6127,6053
6115,6048
6112,6053
6107,6047
6125,6074
6112,6044
6106,6057
6109,6049
6110,6049
6118,6054
6110,6052
6107,6057
6115,6049
6112,6047
6106,6051
6109,6051
6106,6048
6114,6048
6107,6039
6112,6043
6114,6047
6108,6056
6111,6047
6111,6046
6111,6024
6114,6040
6099,6023
6103,6037
6114,6053
6107,6053
6101,6049
6103,6051
6100,6055
6107,6056
6104,6031
6105,6042
6102,6042
6105,6043
6104,6055
6113,6041
6106,6035
6107,6048
6103,6058
6110,6021
6113,6052
6110,6037
6103,6033
6102,6053
6101,6048
6105,6046
6103,6057
6107,6052
6107,6038
6104,6052
6109,6055
6113,6040
6105,6049
6106,6048
6101,6053
6105,6047
6115,6043
6104,6049
6104,6056
6099,6052
6111,6052
6103,6045
6105,6052
6097,6045
6099,6008
6111,6049
6115,6040
6112,6041
6117,6046
6108,6036
6107,6044
6104,6036
6105,6064
6115,6044
6098,6045
6104,6044
6104,6052
6111,6053
6109,6055
6104,6046
6107,6057
6090,6056
6111,6063
6103,6053
6105,6050
6101,6047
6101,6059
6098,6045
6096,6033
6111,6048
6100,6042
6097,6054
6110,6050
6114,6050
6102,6044
6097,6037
6099,6052
6111,6053
6105,6050
6104,6040
6096,6039
6096,6029
6101,6047
6102,6038
6109,6056
6103,6054
6092,6052
6102,6042
6091,6050
6102,6046
6101,6033
6104,6042
6111,6039
6109,6051
6100,6054
6114,6055
6098,6028
6109,6042
6108,6053
6108,6048
6095,6054
6099,6039
6099,6037
6097,6035
6110,6047
6100,6048
6099,6054
6095,6053
6100,6045
6098,6045
6092,6050
5890,5839
6146,6011
6185,6119
6003,6024
5984,5906
6088,6010
6018,5960
6115,6054
6095,6061
6103,6040
6096,6040
6111,6041
6099,6053
6103,6045
6099,6052
6096,6043
6096,6058
6108,6047
6089,6052
6092,6041
6097,6057
6090,6044
6105,6046
6098,6053
6094,6050
6088,6048
6097,6035
6112,6026
6095,6041
6096,6053
6099,6042
6096,6057
6096,6051
6114,6046
6096,6048
6104,6053
6107,6049
6098,6060
6113,6037
6104,6046
6107,6029
6097,6045
6096,6049
6103,6052
6102,6049
6098,6060
6091,6045
6092,6036
6105,6051
6106,6041
6112,6045
6109,6047
6109,6037
6100,6050
6107,6043
6102,6061
6111,6046
6107,6055
6098,6034
6104,6059
6098,6052
6102,6051
6107,6030
6101,6050
6109,6061
6101,6057
6108,6055
6108,6058
6105,6042
6116,6052
6114,6043
6108,6037
6105,6045
6104,6044
6116,6050
6110,6054
6102,6049
6103,6048
6103,6043
6112,6041
6107,6046
6100,6055
6101,6059
6098,6048
6106,6045
6105,6041
6104,6051
6107,6047
6103,6053
6105,6045
6104,6057
6103,6056
6103,6059
6110,6050
6102,6037
6089,6046
6098,6047
6111,6047
6106,6053
6087,6043
6102,6056
6104,6050
6097,6043
6102,6045
6107,6036
6103,6046
6107,6041
6099,6050
6103,6041
6104,6037
6099,6062
6101,6045
6091,6050
6094,6046
6088,6054
6098,6056
6106,6046
6096,6048
6107,6056
6105,6054
6097,6043
6104,6051
6107,6044
6107,6041
6103,6048
6094,6053
6110,6048
6097,6059
6098,6054
6104,6049
6099,6056
6096,6047
6101,6032
6106,6041
6096,6046
6104,6045
6100,6030
6101,6056
6101,6039
6109,6051
6111,6051
6112,6045
6112,6053
6090,6036
6101,6051
6099,6049
6104,6042
6108,6051
6121,6050
6102,6040
6113,6045
6104,6041
6114,6054
6110,6053
6111,6048
6110,6049
6108,6037
6103,6058
6111,6049
6113,6046
6114,6056
6113,6039
6124,6048
6116,6055
6109,6047
6116,6053
6125,6056
6111,6028
6113,6034
6106,6048
6108,6053
6119,6046
6114,6040
6120,6045
6115,6046
6113,6049
6112,6050
6109,6045
6118,6062
6108,6051
6113,6052
6112,6052
6107,6037
6106,6054
6113,6049
6107,6034
6103,6055
6102,6054
6104,6048
6104,6037
6111,6047
6112,6048
6113,6049
6106,6041
6116,6047
6098,6050
6116,6042
6119,6056
6107,6031
6108,6033
6111,6042
6105,6058
6121,6047
6102,6033
6108,6030
6112,6011
6113,6040
6115,6052
6111,6050
6109,6044
6109,6050
6107,6033
6109,6041
6113,6040
6118,6042
6109,6037
6113,6031
6112,6043
6117,6041
6101,6057
6111,6061
6104,6045
6110,6035
6111,6039
6108,6041
6115,6050
6114,6043
6104,6037
6109,6040
6113,6050
6103,6055
6106,6047
6111,6047
6107,6060
6112,6049
6110,6053
6120,6054
6110,6043
6101,6032
6112,6048
6107,6052
6111,6035
6118,6047
6118,6048
6112,6054
6109,6048
6109,6060
6108,6049
6109,6031
6113,6050
6105,6051
6116,6049
6112,6054
6115,6054
6123,6041
6103,6032
6116,6038
6111,6047
6109,6055
6111,6036
6110,6044
6120,6049
6115,6051
6114,6053
6123,6045
6123,6048
6118,6051
6122,6040
6068,6015
6127,6070
6100,6035
6157,6094
6109,6051
6129,6069
6127,6048
6112,6055
6113,6051
6113,6039
6114,6046
6117,6052
6110,6045
6116,6043
6112,6044
6108,6063
6106,6043
6111,6036
6120,6049
6104,6054
6101,6058
6111,6047
6114,6048
6115,6058
6115,6058
6123,6048
6119,6046
6112,6050
6123,6060
6110,6031
6116,6044
6116,6042
6115,6053
6118,6039
6122,6056
6115,6049
6114,6049
6118,6055
6117,6053
6116,6052
6118,6050
6116,6049
6126,6047
6110,6062
6122,6058
6116,6054
6116,6054
6117,6040
6119,6047
6112,6055
6105,6045
6105,6058
6122,6056
6111,6057
6111,6058
6127,6061
6114,6049
6109,6058
6117,6051
6121,6050
6118,6061
6120,6057
6106,6058
6121,6051
6121,6053
6118,6046
6120,6051
6116,6046
6116,6046
6117,6056
6108,6059
6117,6060
6113,6056
6117,6048
6116,6051
6108,6054
6114,6058
6108,6052
6115,6057
6114,6057
6116,6058
6116,6054
6111,6048
6121,6054
6122,6050
6113,6051
6107,6057
6118,6042
6119,6040
6114,6051
6119,6043
6119,6043
6120,6055
6113,6059
6116,6056
0,30
0,61680
0,0
6114,6063
5603,5576
5593,5567
5605,5564
5600,5566
5595,5572
5597,5574
5595,5570
5601,5572
5821,5748
6320,6321
6293,6309
6309,6296
6322,6308
6282,6318
6291,6286
6293,6295
6288,6291
6297,6309
6301,6319
6309,6310
6303,6319
6287,6358
6314,6348
6306,6342
6305,6328
6298,6336
6291,6343
6301,6342
6308,6337
6300,6320
6287,6315
6294,6306
6287,6316
6285,6324
6296,6333
6281,6310
6290,6323
6299,6361
6319,6374
6300,6350
6277,6316
6266,6336
6267,6332
6286,6346
6270,6361
6295,6352
6290,6352
6284,6330
6286,6326
6290,6350
6292,6359
6295,6344
6300,6330
6253,6327
6326,6374
6282,6391
6289,6314
6355,6371
6303,6356
6314,6323
6295,6335
6298,6331
6293,6301
6266,6308
6289,6327
6307,6340
6301,6363
6303,6343
6302,6344
6298,6340
