Channel 1,Channel 2
6215,6415
6228,6404
6234,6438
6231,6381
6226,6366
6222,6334
6217,6370
6228,6372
6225,6356
6230,6364
6234,6392
6239,6384
6231,6397
6229,6421
6225,6398
6233,6415
6235,6405
6247,6400
6226,6387
6225,6426
6228,6382
6225,6393
6232,6412
6239,6419
6223,6409
6234,6423
6239,6408
6233,6392
6230,6383
6229,6398
6223,6432
6219,6403
6207,6413
6225,6433
6228,6394
6229,6417
6225,6429
6215,6417
6225,6426
6209,6429
6226,6422
6222,6437
6213,6416
6226,6411
6214,6423
6208,6431
6223,6418
6211,6391
6220,6403
6224,6414
6229,6413
6219,6394
6233,6405
6224,6388
6229,6384
6225,6372
6216,6382
6232,6405
6219,6405
6224,6408
6224,6398
6221,6437
6217,6431
6225,6390
6213,6405
6223,6435
6226,6424
6214,6452
6223,6402
6237,6405
6236,6415
6151,6330
6224,6374
6180,6340
6154,6281
6240,6350
6233,6365
6222,6356
6204,6345
6213,6355
6211,6339
6238,6401
6232,6392
6227,6387
6218,6397
6226,6396
6218,6396
6214,6393
6216,6391
6211,6435
6221,6404
6226,6434
6225,6424
6217,6436
6204,6427
6222,6431
6215,6431
6210,6432
6223,6435
6215,6417
6228,6408
6228,6406
6223,6405
6221,6407
6217,6389
6217,6412
6214,6415
6223,6400
6217,6413
6226,6414
6226,6410
6208,6419
6215,6394
6223,6396
6226,6402
6213,6409
6200,6410
6215,6400
6215,6419
6217,6373
6214,6420
6233,6383
6226,6365
6223,6379
6222,6358
6217,6315
6227,6334
6229,6369
6216,6356
6229,6384
6238,6394
6216,6390
6216,6412
6220,6413
6214,6384
6210,6396
6222,6378
6221,6393
6214,6365
6204,6367
6208,6373
6216,6385
6220,6366
6210,6366
6217,6353
6220,6376
6214,6363
6245,6350
6232,6365
6228,6369
6227,6402
6211,6400
6230,6402
6226,6389
6219,6389
6227,6371
6228,6350
6223,6377
6225,6378
6224,6376
6209,6371
6228,6375
6232,6376
6221,6408
6232,6382
6217,6394
6229,6371
6220,6363
6219,6382
6215,6394
6228,6378
6220,6404
6230,6373
6219,6369
6220,6366
6217,6353
6218,6370
6234,6345
6242,6358
6229,6350
6233,6342
6231,6364
6219,6382
6223,6384
6235,6369
6220,6371
6222,6367
6221,6394
6237,6344
6242,6351
6236,6352
6231,6342
6224,6356
6228,6370
6225,6383
6224,6370
6233,6361
6236,6330
6231,6363
6229,6359
6233,6333
6219,6335
6248,6355
6234,6343
6227,6353
6226,6341
6219,6332
6227,6363
6235,6351
6222,6341
6217,6341
6225,6337
6229,6334
6230,6364
6209,6344
6234,6356
6227,6328
6228,6364
6233,6371
6227,6350
6227,6357
6233,6360
6226,6369
6226,6387
6216,6371
6230,6345
6240,6356
6234,6324
6227,6329
6220,6324
6223,6312
6236,6325
6236,6320
6224,6323
6222,6320
6227,6327
6232,6356
6242,6327
6252,6320
6238,6328
6239,6323
6235,6349
6209,6327
6222,6339
6218,6335
6215,6324
6219,6321
6231,6346
6225,6338
6218,6323
6215,6362
6232,6356
6223,6324
6218,6334
6225,6342
6224,6340
6229,6355
6224,6347
6230,6335
6240,6337
6221,6321
6219,6348
6233,6363
6233,6343
6228,6334
6237,6336
6220,6362
6225,6326
6223,6326
6233,6349
6240,6362
6231,6330
6236,6341
6230,6336
6223,6336
6232,6340
6223,6345
6236,6363
6236,6362
6248,6363
6239,6360
6250,6348
6239,6348
6222,6298
6239,6326
6238,6340
6233,6353
6257,6356
6247,6344
6256,6341
6268,6330
6264,6355
6277,6347
6297,6328
6312,6337
6319,6358
6348,6373
6399,6345
6431,6349
6458,6357
6508,6326
6593,6328
6669,6359
6697,6352
6750,6332
6803,6319
6846,6336
6822,6359
6852,6339
6818,6349
6764,6352
6717,6379
6704,6360
6678,6326
6641,6350
6646,6334
6632,6328
6634,6326
6655,6312
6701,6317
6743,6319
6856,6312
6947,6342
7060,6327
7199,6338
7359,6352
7595,6358
7666,6363
7838,6370
7930,6361
8013,6363
8089,6370
8209,6413
8382,6432
8448,6421
8495,6436
8525,6467
8504,6478
8393,6496
8259,6552
8452,6936
8279,6848
7765,6638
7724,6658
7622,6701
7501,6790
7426,6896
7249,6853
7132,6909
7024,6961
6934,7116
6798,7190
6741,7291
6759,7354
6851,7470
6975,7522
7142,7511
7330,7435
7526,7387
7777,7284
7954,7260
8136,7210
8402,7238
8655,7207
8767,7170
8870,7103
8885,7015
8958,6914
9024,6797
9194,6767
9246,6739
9301,6674
9219,6664
9199,6673
9200,6695
9151,6765
8992,6871
8825,6974
8686,7163
8544,7280
8354,7437
8184,7577
8014,7734
7851,7787
7761,7827
7661,7935
7514,8008
7382,8095
7243,8155
7201,8179
7166,8239
7095,8258
7185,8248
7346,8174
7428,8077
7678,7942
7907,7861
8215,7733
8488,7602
8780,7488
8962,7313
9103,7125
9168,7056
9348,6955
9540,6844
9679,6793
9715,6752
9632,6747
9608,6752
9493,6756
9449,6813
9267,6879
9123,6969
8892,7130
8735,7274
8532,7367
8364,7539
8137,7685
7994,7835
7742,7938
7530,8092
7387,8212
7279,8382
7115,8587
6944,8727
6878,8856
6825,8928
6831,8962
6876,8989
6967,8914
7075,8768
7191,8669
7372,8511
7595,8444
7754,8312
7952,8160
8192,7998
8468,7849
8626,7600
8856,7432
9034,7230
9111,7050
9112,6957
9198,6855
9251,6809
9303,6793
9472,6804
9568,6833
9625,6875
9643,6939
9557,7006
9500,7143
9334,7236
9086,7349
8918,7521
8683,7689
8406,7825
8162,7938
7951,8023
7688,8223
7495,8230
7348,8272
7242,8363
7157,8376
7081,8394
7047,8354
7110,8393
7143,8304
7147,8291
7287,8214
7391,8091
7574,7974
7772,7877
7971,7701
8132,7594
8354,7445
8613,7303
8984,7212
9372,7087
9664,6984
9803,6912
10112,6863
10311,6831
10497,6833
10591,6837
10667,6839
10633,6893
10388,6974
10286,7061
10110,7170
9934,7335
9811,7539
9519,7693
9368,7901
9141,8109
8874,8317
8562,8384
8222,8533
7891,8692
7608,8842
7362,8914
7169,8958
7045,9008
6971,9074
6931,9062
6975,9054
7030,9037
7089,8864
7264,8742
7430,8663
7585,8567
7784,8480
7917,8312
8051,8172
8282,7952
8427,7703
8518,7480
8626,7286
8726,7096
8803,6940
8879,6863
8965,6790
9038,6744
9073,6738
8995,6782
8977,6805
8988,6904
8947,7025
8774,7152
8733,7261
8622,7450
8524,7637
8377,7881
8208,8036
8073,8248
7914,8490
7702,8761
7517,8910
7314,9161
7154,9312
7022,9418
6918,9322
6800,9281
6736,9216
6730,9069
6746,8998
6765,8744
6864,8653
6967,8457
7067,8256
7252,8040
7423,7876
7602,7622
7817,7425
7961,7249
8096,7107
8239,6975
8332,6883
8488,6787
8652,6714
8741,6692
8825,6658
8891,6654
8909,6663
8920,6714
8920,6755
8850,6815
8812,6871
8666,6914
8488,7036
8255,7141
8099,7265
7893,7391
7646,7545
7543,7787
7337,7867
7191,8019
7072,8147
6988,8264
6887,8335
6824,8415
6771,8542
6773,8526
6789,8407
6830,8335
6882,8259
6970,8136
7045,8055
7116,7957
7263,7819
7367,7602
7530,7496
7659,7399
7824,7246
7917,7123
8047,7044
8209,6928
8280,6775
8373,6707
8471,6650
8526,6588
8570,6553
8541,6558
8516,6608
8470,6669
8402,6784
8301,6904
8167,7023
8085,7226
7959,7479
7840,7588
7624,7649
7492,7866
7341,7998
7194,8057
7089,8155
7012,8210
6942,8186
6887,8298
6837,8273
6802,8330
6802,8255
6869,8183
6897,8135
6973,8096
7072,8013
7135,7959
7239,7851
7407,7742
7581,7593
7781,7437
7921,7353
8064,7222
8313,7106
8460,6988
8643,6892
8762,6763
8883,6677
8994,6641
9107,6623
9148,6606
9242,6647
9154,6691
9085,6762
9004,6832
8830,6920
8675,6985
8493,7060
8365,7164
8178,7221
7998,7348
7731,7524
7531,7577
7368,7644
7162,7794
6975,7846
6850,7909
6778,7921
6695,8016
6671,7995
6661,8001
6698,7990
6805,7989
6893,7894
7019,7800
7142,7685
7350,7637
7539,7491
7798,7371
8018,7278
8201,7170
8419,7087
8554,6941
8698,6878
8835,6800
8968,6682
8992,6626
8993,6584
8976,6555
8981,6525
8947,6588
8909,6640
8762,6733
8616,6822
8513,6914
8341,7062
8198,7205
8059,7360
7921,7534
7755,7681
7612,7846
7487,7963
7329,8061
7229,8198
7081,8326
6984,8316
6898,8350
6891,8444
6826,8513
6852,8478
6835,8463
6905,8392
6963,8231
7115,8131
7210,8035
7419,7846
7535,7685
7719,7454
7933,7357
8180,7236
8431,7063
8681,6934
8902,6825
9134,6727
9268,6662
9340,6631
9408,6673
9443,6656
9431,6694
9356,6744
9177,6841
9068,6888
8958,6972
8810,7089
8605,7183
8321,7275
8145,7428
7980,7501
7780,7606
7597,7807
7396,7948
7180,8058
7051,8145
6967,8205
6883,8333
6842,8343
6781,8399
6767,8495
6758,8482
6797,8511
6848,8531
6894,8506
6980,8352
7125,8280
7330,8195
7471,8064
7638,7908
7807,7793
7967,7613
8100,7401
8167,7251
8247,7018
8340,6903
8556,6795
8409,6721
8407,6688
8383,6696
8280,6717
8232,6807
8250,6878
8197,6935
8209,7013
8204,7144
8134,7259
8046,7311
7841,7418
7775,7564
7699,7680
7496,7762
7369,7908
7266,8020
7187,8111
7090,8122
6926,8107
6826,8161
6768,8187
6769,8223
6829,8158
6843,8028
6984,7985
7057,7880
7206,7779
7359,7691
7529,7458
7688,7357
7926,7272
8107,7155
8285,7047
8522,6937
8702,6830
8902,6774
9012,6702
9239,6671
9315,6630
9397,6623
9547,6641
9620,6658
9571,6657
9508,6686
9314,6748
9146,6831
8981,6909
8827,6996
8620,7112
8380,7211
8096,7361
7831,7476
7575,7638
7407,7796
7252,7895
7117,7957
6986,8041
6897,8104
6847,8173
6834,8176
6906,8145
6937,8071
6984,8051
7105,7943
7297,7914
7466,7856
7651,7700
7827,7528
8080,7399
8208,7244
8455,7129
8619,7032
8723,6861
8916,6806
9018,6715
9014,6672
8965,6665
8877,6654
8802,6701
8755,6750
8717,6782
8587,6928
8482,7040
8409,7164
8176,7299
8112,7489
8039,7745
7816,7842
7640,8027
7472,8189
7358,8438
7214,8643
7131,8756
7037,8847
7009,8918
6911,8904
6813,8966
6777,9012
6717,8959
6720,8879
6771,8743
6826,8561
6907,8422
7024,8315
7190,8127
7305,7978
7571,7748
7771,7562
7999,7400
8239,7207
8403,7017
8568,6941
8720,6817
8942,6724
9081,6664
9194,6590
9277,6551
9386,6578
9423,6598
9177,6622
9017,6715
8925,6758
8797,6845
8641,6911
8473,7001
8116,6641
8335,7400
8086,7180
7851,7288
7784,7523
7575,7533
7387,7599
7257,7705
7147,7760
7083,7832
7056,7898
7096,7950
7122,7923
7122,7966
7254,7980
7360,7921
7532,7863
7704,7772
7894,7659
8113,7608
8306,7512
8468,7418
8629,7316
8895,7185
9144,7019
9284,6901
9507,6845
9677,6753
9786,6667
9868,6642
9852,6605
9874,6645
9842,6676
9763,6779
9590,6863
9489,6990
9336,7128
9200,7254
9035,7374
8840,7499
8664,7667
8476,7841
8380,7963
8279,8091
8077,8140
7995,8339
7810,8416
7575,8515
7415,8605
7300,8761
7301,8874
7285,8884
7389,8799
7477,8775
7630,8748
7797,8618
8207,8599
8492,8549
8832,8423
9187,8230
9592,8005
10064,7764
10445,7607
10867,7434
11137,7223
11381,7136
11579,6985
11890,6921
12155,6848
12123,6857
11995,6939
11987,7030
11893,7146
11873,7243
11627,7393
11342,7515
10976,7678
10560,7867
10209,7988
9766,8093
9351,8273
8918,8380
8647,8691
8404,9032
8183,9217
7947,9446
7867,9522
7698,9635
7648,9700
7667,9823
7694,9913
7718,9853
7781,9788
7947,9619
8212,9557
8473,9375
8795,9134
9159,8799
9607,8536
9902,8327
10258,8022
10636,7779
10799,7471
11144,7292
11362,7122
11660,7018
11928,6988
11974,6973
12114,7035
12111,7136
11856,7244
11854,7391
11780,7545
11398,7761
11106,8011
10762,8297
10443,8530
9998,8895
9657,9171
9290,9433
8835,9697
8501,10005
8208,10267
7968,10384
7710,10475
7588,10618
7544,10544
7521,10584
7514,10556
7578,10413
7713,10214
7899,10108
8012,9901
8295,9729
8446,9406
8711,9207
9099,8888
9600,8600
10003,8323
10452,8175
10852,7905
11209,7762
11569,7530
11868,7442
12066,7257
12213,7189
12067,7170
11942,7238
11698,7346
11520,7448
11174,7578
10806,7775
10355,7989
9982,8244
9597,8606
9181,8753
8863,9021
8576,9140
8340,9367
8102,9661
7927,9913
7729,10068
7561,10106
7453,10237
7332,10207
7337,10174
7362,10231
7426,10119
7437,9869
7570,9726
7770,9486
8033,9319
8153,9224
8308,9014
8575,8877
8921,8605
9218,8328
9436,8047
9758,7722
9951,7409
9869,7190
9880,7035
10016,6927
9630,6912
9465,6918
8980,6999
8483,7119
8469,7256
8305,7413
7805,7668
7210,7869
6779,8143
6457,8465
6320,8701
6224,8861
6206,9059
6170,9219
6164,9423
6170,9653
6156,9806
6140,9738
6161,9675
6137,9642
6144,9691
6136,9804
6146,9628
6154,9473
6142,9354
6142,9133
6136,8873
6132,8813
6131,8582
6125,8254
6128,7941
6124,7675
6142,7412
6119,7236
6123,7054
6124,6953
6124,6840
6122,6778
6123,6793
6120,6848
6120,6921
6122,7027
6119,7159
6118,7375
6124,7506
6119,7640
6120,7616
6109,7692
6126,7812
6120,7991
6128,8101
6110,8396
6113,8506
6117,8654
6117,8583
6115,8325
6111,8091
6120,7950
6117,7783
6119,7501
6106,7145
6110,6805
6116,6528
6112,6344
6110,6282
6109,6207
6107,6173
6109,6165
6101,6154
6108,6147
6102,6138
6101,6161
6104,6174
6103,6169
6103,6184
6113,6170
6109,6173
6106,6183
6103,6155
6103,6128
6111,6105
6097,6098
6099,6086
6004,5987
6120,6083
6142,6119
6044,6022
6086,6057
6119,6064
6123,6080
6103,6060
6095,6061
6109,6069
6104,6069
6103,6062
6106,6067
6099,6074
6099,6066
6108,6076
6100,6055
6105,6063
6098,6062
6110,6063
6108,6060
6111,6062
6106,6058
6106,6055
6105,6060
6098,6058
6104,6050
6109,6079
6109,6063
6115,6050
6104,6051
6112,6052
6111,6057
6101,6060
6109,6061
6109,6062
6104,6061
6106,6054
6107,6057
6110,6056
6106,6061
6111,6055
6101,6061
6117,6056
6110,6046
6113,6060
6105,6056
6117,6061
6113,6046
6116,6047
6101,6043
6106,6030
6107,6058
6098,6020
6114,6046
6108,6036
6110,6048
6113,6056
6111,6040
6107,6061
6109,6046
6108,6041
6107,6057
6109,6045
6111,6061
6113,6048
6106,6045
6107,6050
6105,6059
6104,6053
6119,6050
6112,6045
6110,6054
6112,6032
6109,6028
6113,6060
6100,6043
6099,6046
6114,6052
6113,6040
6106,6046
6106,6057
6112,6060
6099,6060
6100,6050
6101,6054
6098,6042
6106,6053
6111,6062
6111,6047
6098,6026
6109,6044
6098,6044
6108,6056
6096,6056
6103,6049
6105,6045
6104,6059
6106,6064
6109,6052
6112,6048
6102,6048
6098,6049
6101,6033
6114,6056
6111,6048
6101,6045
6106,6043
6102,6049
6107,6052
6102,6047
6102,6058
6102,6054
6109,6049
6116,6054
6110,6053
6106,6043
6109,6044
6104,6054
6119,6060
6105,6048
6100,6049
6107,6055
6097,6061
6111,6055
6101,6038
6106,6053
6094,6049
6100,6046
6112,6045
6111,6059
6110,6036
6101,6055
6103,6031
6111,6037
6102,6051
6107,6049
6104,6059
6090,6040
6098,6039
6101,6052
6110,6052
6110,6050
6108,6045
6109,6044
6106,6066
6102,6041
6098,6059
6110,6058
6106,6051
6103,6058
6099,6038
6096,6041
6108,6045
6099,6047
6101,6039
6114,6054
6110,6057
6105,6044
6101,6040
6110,6051
6105,6046
6105,6059
6111,6049
6103,6030
6097,6055
6094,6045
6106,6044
6119,6046
6098,6061
6099,6054
6096,6033
6093,6042
6105,6038
6097,6040
6107,6046
6114,6038
6099,6039
6098,6051
6111,6049
6105,6037
6104,6043
6113,6042
6102,6052
6096,6045
6111,6045
6098,6045
6095,6038
6105,6039
6092,6058
6105,6059
6098,6053
6103,6049
6093,6063
6093,6052
6103,6042
6104,6049
6097,6054
6094,6031
6102,6038
6104,6049
6103,6048
6102,6049
6097,6056
6090,6045
6096,6055
6102,6039
6095,6040
6096,6041
6103,6054
6097,6046
6101,6046
6110,6046
6100,6054
6096,6055
6102,6044
6097,6046
6108,6047
6101,6052
6093,6014
6106,6052
6098,6030
6110,6054
6096,6065
6088,6052
6103,6054
6101,6052
6096,6041
6101,6057
6107,6021
6106,6033
6109,6045
6103,6060
6098,6041
6100,6047
6096,6045
6097,6050
6093,6057
6111,6051
6106,6052
6105,6046
6101,6045
6101,6051
6107,6045
6110,6039
6096,6057
6105,6052
6104,6047
6098,6040
6103,6052
6109,6039
6102,6056
6105,6057
6098,6047
6101,6053
6099,6047
6100,6057
6104,6047
6094,6060
6112,6053
6106,6052
6106,6045
6104,6045
6108,6056
6109,6033
6103,6049
6113,6054
6113,6061
6099,6040
6058,6152
6238,6182
6086,6053
6112,6061
6126,6177
6164,6029
6117,6065
6111,6057
6096,6009
6090,6046
6088,6024
6114,6048
6097,6059
6103,6044
6098,6059
6107,6057
6110,6045
6104,6052
6100,6059
6099,6050
6102,6043
6105,6047
6103,6056
6101,6045
6095,6058
6095,6044
6115,6047
6110,6048
6106,6050
6099,6057
6100,6041
6104,6051
6104,6053
6091,6055
6106,6044
6108,6029
6103,6031
6106,6053
6102,6046
6103,6045
6100,6049
6102,6044
6096,6042
6099,6054
6106,6050
6104,6052
6099,6051
6102,6046
6109,6047
6098,6036
6108,6049
6105,6048
6107,6045
6096,6053
6091,6079
6105,6032
6096,6050
6101,6032
6104,6047
6106,6039
6094,6044
6100,6041
6105,6050
6105,6049
6096,6047
6098,6058
6111,6055
6111,6056
6114,6048
6104,6040
6103,6053
6101,6055
6109,6051
6110,6055
6119,6053
6107,6042
6107,6032
6096,6048
6109,6037
6109,6054
6098,6048
6107,6052
6120,6056
6108,6039
6108,6042
6111,6047
6116,6039
6112,6056
6121,6051
6115,6037
6116,6036
6112,6053
6126,6051
6113,6049
6111,6047
6106,6056
6110,6046
6108,6023
6110,6054
6104,6046
6114,6055
6105,6039
6117,6056
6105,6053
6110,6056
6104,6050
6108,6045
6108,6057
6108,6054
6114,6050
6108,6049
6111,6040
6105,6045
6107,6040
6105,6047
6101,6033
6099,6039
6113,6027
6108,6057
6108,6050
6112,6057
6100,6028
6119,6033
6116,6056
6114,6039
6110,6047
6113,6055
6095,6033
6112,6049
6104,6028
6117,6051
6112,6049
6116,6037
6119,6048
6107,6054
6102,6041
6108,6051
6104,6036
6110,6051
6111,6051
6117,6053
6105,6054
6109,6044
6111,6027
6119,6049
6107,6046
6110,6052
6107,6046
6108,6044
6114,6048
6105,6047
6120,6042
6121,6049
6105,6041
6118,6042
6102,6055
6108,6041
6114,6048
6110,6051
6104,6047
6110,6039
6109,6050
6111,6052
6103,6051
6106,6060
6112,6052
6110,6052
6104,6051
6102,6062
6118,6056
6105,6051
6103,6049
6111,6047
6120,6048
6113,6050
6117,6045
6114,6049
6120,6061
6117,6057
6122,6052
6118,6047
6103,6030
6112,6062
6115,6058
6107,6060
6106,6062
6110,6057
6118,6052
6117,6057
6108,6063
6116,6049
6117,6069
6117,6054
6108,6048
6109,6058
6114,6058
6122,6062
6120,6053
6122,6051
6118,6062
6120,6057
6117,6048
6111,6040
6113,6061
6112,6063
6114,6049
6114,6049
6111,6055
6114,6050
6118,6053
6120,6063
6117,6056
6117,6056
6116,6046
6115,6047
6114,6059
6118,6054
6113,6058
6113,6054
6114,6048
6120,6063
6109,6051
6111,6060
6109,6053
6114,6055
6124,6055
6111,6055
6117,6060
6117,6060
6113,6056
6121,6051
6109,6056
6111,6056
6114,6051
6117,6056
6116,6050
6114,6049
6117,6042
6111,6048
6115,6034
6115,6049
6114,6052
6107,6046
6116,6048
6112,6054
6116,6060
6109,6046
6117,6052
6114,6064
6118,6056
6118,6056
6111,6054
6118,6054
6120,6050
6119,6057
6115,6057
6114,6047
6115,6052
6112,6047
6117,6051
6122,6042
6123,6058
6114,6051
6118,6047
6117,6059
6113,6058
6117,6055
6117,6046
6113,6060
6113,6054
6110,6047
6115,6057
6115,6057
6112,6047
6113,6060
6115,6060
6121,6054
6111,6044
6118,6053
6119,6052
6118,6048
6108,6054
6111,6058
6112,6048
6111,6058
6115,6057
6111,6057
6116,6047
6114,6054
0,25
0,61680
0,0
6120,6053
5599,5569
5599,5575
5605,5589
5604,5574
5602,5585
5601,5579
5602,5573
5593,5562
5813,5748
6311,6313
6288,6313
6308,6289
6288,6295
6277,6314
6295,6288
6284,6318
6284,6295
6282,6306
6303,6328
6286,6327
6290,6315
6274,6350
6285,6251
6313,6334
6308,6339
6292,6337
6287,6345
6304,6341
6319,6322
6306,6304
6297,6322
6280,6309
6280,6323
6276,6304
6287,6326
6286,6319
6288,6353
6306,6360
6297,6361
6284,6338
6283,6328
6274,6321
6282,6348
6289,6358
6289,6313
6316,6347
6295,6325
6292,6294
6282,6335
6284,6334
6275,6340
6276,6346
6303,6331
6289,6339
6297,6348
6284,6333
6304,6306
6324,6346
6303,6351
6320,6327
6299,6311
6281,6298
6270,6294
6275,6292
6305,6314
6308,6337
6307,6361
6317,6351
6307,6337
6295,6334
6283,6321
6300,6322
6294,6291
6290,6299
6292,6318
6277,6329
6291,6313
6291,6315
6297,6336
6304,6337
6297,6322
6284,6342
6306,6320
6309,6317
6285,6331
6274,6329
6274,6354
6288,6358
6294,6333
6275,6309
6299,6331
6278,6334
6300,6335
6309,6352
6324,6345
6291,6351
6279,6329
6283,6310
6295,6315
6300,6352
6296,6305
6285,6311
6293,6306
6284,6305
6275,6323
6260,6330
6289,6328
6299,6307
6308,6317
6298,6347
6283,6343
6269,6350
6300,6331
6299,6355
6290,6357
6310,6313
6307,6333
6289,6323
6273,6319
6282,6322
6289,6361
6295,6369
6288,6329
6286,6334
6284,6333
6274,6340
6249,6300
6302,6322
6300,6345
6298,6361
6247,6323
6274,6343
6299,6356
6288,6324
6283,6345
6286,6312
6296,6323
6292,6314
6281,6358
6291,6360
6292,6348
6290,6354
6283,6352
6271,6325
6282,6342
6297,6341
6291,6350
6291,6338
6270,6345
6290,6323
6283,6328
6286,6328
6309,6329
6301,6350
6297,6351
6284,6358
6280,6344
6278,6331
6313,6332
6281,6311
6285,6320
6253,6333
6290,6328
6288,6352
6290,6342
6292,6343
6294,6344
6265,6342
6264,6350
6263,6325
6256,6357
6274,6346
6279,6372
6287,6364
6288,6329
6281,6357
6275,6353
6281,6374
6267,6373
6272,6360
6272,6360
6271,6307
6275,6320
6270,6333
6281,6343
6291,6328
6291,6329
6284,6361
6264,6377
6269,6359
6272,6390
6257,6354
6264,6358
6274,6361
6286,6371
6269,6353
6276,6347
6267,6349
6274,6356
6269,6361
6288,6391
6264,6385
6262,6363
6268,6358
6278,6394
6269,6381
6274,6358
6276,6369
6254,6363
6246,6362
6262,6367
6287,6351
6277,6415
6284,6373
6278,6383
6281,6375
6255,6395
6250,6390
6243,6355
6264,6374
6265,6370
6285,6345
6253,6375
6252,6386
6260,6354
6254,6350
6261,6393
6270,6400
6274,6377
6259,6382
6259,6376
6263,6363
6265,6375
6248,6365
6248,6358
6247,6356
6251,6392
6256,6363
6256,6372
6241,6391
6265,6390
6254,6398
6252,6419
6257,6418
6268,6398
6253,6385
6246,6409
6263,6404
6280,6408
6281,6390
6247,6368
6249,6370
6268,6371
6254,6366
6270,6376
6265,6412
6258,6412
6245,6407
6242,6398
6245,6371
6243,6390
6240,6369
6246,6368
6265,6406
6249,6346
6237,6328
6251,6363
6255,6355
6238,6356
6241,6397
6243,6389
6229,6408
6239,6376
6234,6381
6246,6387
6252,6400
6259,6413
6257,6385
6243,6406
6256,6403
6250,6393
6248,6416
6253,6407
6250,6407
6244,6353
6244,6378
6244,6404
6241,6369
6237,6405
6249,6376
6248,6381
6237,6356
6239,6398
6243,6376
6248,6374
6243,6388
6246,6400
6241,6382
6240,6384
6232,6387
6223,6395
6247,6400
6249,6373
6240,6375
6254,6391
6251,6396
6235,6379
6229,6374
6237,6365
6222,6357
6225,6338
6236,6337
6247,6342
6243,6374
6249,6371
6234,6424
6236,6405
6237,6408
6236,6435
6227,6411
6239,6427
6235,6403
6236,6418
6225,6401
6223,6380
6240,6402
6217,6390
6249,6406
6241,6416
6242,6399
6233,6414
6236,6414
6224,6420
6228,6382
6234,6380
6235,6398
6234,6376
6237,6381
6232,6369
6226,6366
6234,6382
6241,6405
6237,6416
6208,6394
6225,6401
6218,6439
6225,6389
6244,6353
6234,6356
6226,6370
6232,6371
6234,6352
6236,6360
6235,6395
6242,6398
6232,6383
6222,6393
6225,6401
6228,6418
6237,6410
6235,6410
6220,6385
6230,6405
6226,6383
6215,6395
6233,6415
6234,6421
6228,6425
6234,6424
6237,6400
6230,6385
6223,6386
6235,6397
6222,6410
6224,6402
6212,6408
6224,6408
6223,6431
6235,6428
6228,6428
6208,6421
6204,6422
6226,6414
6227,6432
6225,6429
6210,6432
6235,6432
6206,6413
6217,6425
6225,6415
6223,6393
6216,6406
6226,6408
6222,6420
6219,6399
5794,5862
6083,6315
6131,6328
6219,6319
6227,6405
6179,6359
6194,6350
6248,6431
6247,6421
6226,6405
6208,6427
6233,6396
6216,6421
6217,6425
6220,6433
6215,6441
6218,6407
6218,6422
6231,6410
6235,6393
6211,6401
6215,6370
6210,6331
6234,6347
6221,6364
6228,6347
6214,6362
6226,6351
6225,6358
6235,6386
6235,6399
6225,6373
6208,6372
6222,6390
6216,6400
6208,6396
6220,6404
6220,6418
6224,6412
6222,6407
6224,6442
6222,6466
6224,6455
6207,6426
6221,6416
6222,6408
6222,6428
6208,6432
6218,6413
6230,6405
6218,6391
6220,6403
6207,6392
6211,6424
6220,6405
6224,6413
6226,6405
6213,6418
6217,6410
6216,6406
6215,6419
6214,6398
6221,6398
6214,6389
6219,6407
6213,6404
6210,6412
6213,6402
6210,6411
6226,6384
6212,6381
6220,6382
6215,6370
6225,6372
6224,6334
6232,6352
6226,6364
6225,6384
6232,6373
6217,6386
6219,6415
6226,6408
6213,6393
6228,6397
6218,6379
6213,6373
6222,6391
6209,6397
6203,6350
6225,6375
6215,6372
6216,6364
6223,6359
6233,6356
6223,6338
6242,6319
6231,6365
6230,6368
6216,6392
6224,6369
6224,6407
6237,6395
6232,6371
6225,6365
6221,6367
6220,6386
6234,6383
6228,6380
6225,6364
6233,6376
6233,6369
6231,6395
6227,6388
6221,6377
6227,6381
6214,6361
6211,6370
6219,6387
6229,6363
6225,6374
6218,6370
6226,6371
6227,6370
6220,6356
6226,6360
6220,6369
6226,6360
6225,6347
6230,6346
6223,6382
6227,6391
6232,6385
6226,6376
6224,6358
6226,6386
6227,6382
6234,6362
6231,6363
6218,6365
6228,6354
6227,6342
6223,6353
6228,6378
6221,6370
6231,6355
6234,6349
6235,6347
6230,6347
6222,6339
6227,6334
6231,6361
6237,6345
6230,6364
6218,6337
6222,6358
6229,6375
6236,6357
6226,6346
6225,6358
6237,6353
6223,6358
6228,6367
6215,6334
6237,6351
6220,6351
6239,6358
6225,6376
6231,6359
6232,6367
6239,6366
6237,6371
6232,6381
6221,6368
6230,6354
6233,6362
6233,6344
6243,6331
6233,6334
6229,6330
6232,6330
6239,6319
6217,6318
6220,6315
6226,6326
6235,6361
6246,6328
6246,6318
6240,6319
6241,6333
6233,6349
6208,6316
6208,6336
6221,6332
6212,6323
6206,6324
6216,6352
6239,6340
6228,6329
6221,6334
6227,6347
6219,6320
6211,6343
6218,6341
6231,6367
6233,6359
6226,6344
6233,6319
6224,6321
6227,6322
6220,6315
6230,6350
6229,6349
6231,6340
6219,6334
6221,6342
6222,6325
6231,6332
6234,6355
6233,6354
6231,6333
6245,6335
6216,6334
6232,6331
6222,6331
6229,6347
6230,6342
6234,6366
6243,6329
6244,6362
6243,6362
6243,6330
6234,6318
6235,6344
6230,6337
6225,6333
6256,6358
6239,6327
6261,6331
6268,6332
6252,6347
6270,6333
6287,6325
6298,6345
6332,6349
6343,6369
6384,6360
6417,6365
6461,6326
6520,6311
6584,6333
6663,6359
6717,6350
6737,6342
6784,6326
6842,6333
6836,6346
6843,6337
6809,6328
6787,6353
6740,6370
6686,6360
6691,6320
6641,6343
6658,6338
6629,6332
6650,6320
6666,6327
6726,6350
6754,6332
6875,6383
6935,6341
7094,6353
7266,6355
7347,6351
7524,6347
7716,6360
7851,6372
7936,6373
8022,6372
8087,6385
8209,6403
8383,6419
8493,6424
8521,6460
8472,6472
8514,6475
8391,6506
8266,6552
8104,6590
7949,6596
7777,6623
7721,6684
7620,6745
7514,6771
7366,6825
7261,6853
7130,6909
7017,6984
6921,7087
6799,7206
6742,7258
6769,7376
6835,7439
6958,7485
7135,7512
7302,7440
7503,7397
7796,7321
7949,7249
8138,7197
8385,7227
8644,7216
8793,7162
8834,7089
8849,6995
8933,6902
9041,6857
9166,6783
9235,6730
9310,6668
9223,6653
9239,6668
9197,6685
9124,6776
8965,6865
8827,6983
8732,7122
8580,7287
8379,7431
8189,7566
8014,7682
7887,7767
7812,7842
7650,7875
7494,7961
7386,8103
7254,8156
7198,8211
7140,8271
7123,8290
7161,8287
7312,8190
7440,8119
7664,7965
7913,7857
8223,7754
8518,7615
8762,7500
8963,7281
9093,7151
9232,7043
9326,6958
9563,6837
9648,6803
9638,6745
9639,6752
9627,6741
9475,6774
9474,6815
9314,6872
9075,6976
8927,7095
8695,7257
8503,7390
8321,7536
8118,7669
7989,7809
7763,7913
7542,8107
7372,8217
7248,8372
7101,8540
6973,8710
6892,8863
6826,8937
6829,8942
6876,8989
6964,8957
7059,8800
7153,8683
7358,8537
7548,8473
7742,8315
7941,8195
8129,8049
8430,7862
8660,7651
8898,7422
9039,7234
9097,7089
9112,6976
9224,6872
9268,6813
9341,6774
9442,6809
9516,6819
9622,6888
9626,6933
9564,7023
9488,7115
9347,7232
9069,7357
8937,7510
8635,7729
8478,7825
8203,7937
7910,8034
7668,8213
7514,8246
7369,8252
7249,8358
7166,8372
7103,8378
7058,8345
7107,8361
7140,8324
7127,8281
7261,8241
7395,8080
7586,7975
7760,7871
7970,7701
8150,7569
8368,7445
8569,7303
8988,7192
9340,7055
9636,6960
9827,6906
10155,6863
10334,6828
10470,6849
10560,6853
10713,6843
10559,6886
10431,6970
10208,7086
10169,7181
9989,7306
9776,7502
9507,7653
9348,7893
9091,8121
8845,8350
8535,8382
8180,8503
7877,8680
7609,8841
7371,8897
7161,8947
7057,9024
6994,9011
6935,9106
6957,9096
7024,9090
7121,8892
7259,8747
7413,8672
7583,8541
7790,8416
7922,8295
8072,8143
8242,7924
8370,7682
8510,7459
8580,7293
8677,7105
8808,6975
8885,6894
8972,6781
9042,6736
9078,6748
9016,6758
9008,6837
8927,6907
8882,7017
8799,7148
8710,7239
8653,7443
8528,7628
8388,7871
8212,8025
8074,8234
7917,8513
7741,8690
7543,8903
7342,9095
7160,9318
7040,9395
6921,9326
6810,9282
6743,9264
6710,9072
6731,8972
6775,8808
6844,8683
6953,8460
7085,8263
7261,8040
7424,7853
7613,7643
7772,7409
7966,7240
8116,7121
8183,6992
8345,6877
8480,6788
8645,6693
8725,6701
8824,6682
8869,6667
8924,6678
8894,6722
8934,6776
8886,6806
8740,6871
8675,6953
8455,7023
8276,7166
8072,7262
7852,7410
7659,7555
7528,7753
7361,7845
7202,7946
7050,8091
7003,8225
6898,8323
6824,8417
6770,8516
6760,8520
6777,8423
6854,8322
6901,8272
6979,8142
7041,8053
7168,8020
7168,7801
7398,7615
7508,7486
7614,7359
7831,7221
7949,7168
8010,7033
8174,6919
8231,6736
8368,6677
8465,6642
8572,6575
8588,6581
8573,6552
8554,6602
8429,6667
8379,6817
8322,6900
8187,7066
8039,7205
7886,7331
7805,7541
7609,7662
7494,7855
7331,7995
7230,8058
7102,8117
6984,8197
6928,8227
6892,8262
6824,8307
6781,8295
6814,8234
6878,8143
6908,8131
6972,8057
7078,8021
7147,7919
7230,7858
7427,7748
7556,7612
7741,7473
7938,7365
8073,7204
8322,7117
8450,6971
8650,6867
8769,6783
8858,6697
9030,6662
9095,6622
9144,6618
9204,6655
9150,6687
9060,6752
8963,6841
8867,6885
8685,6988
8508,7064
8345,7163
8208,7197
7949,7363
7737,7459
7523,7593
7343,7621
7168,7771
6963,7846
6849,7897
6766,7932
6698,7957
6650,8022
6684,7959
6705,7964
6786,7991
6889,7869
6997,7799
7144,7697
7362,7613
7546,7528
7784,7394
7993,7261
8185,7172
8417,7090
8558,6972
8679,6887
8830,6794
8931,6722
8976,6634
8960,6572
9038,6545
8981,6564
8933,6594
8923,6619
8726,6730
8648,6822
8545,6916
8353,7092
8222,7220
8053,7378
7939,7546
7761,7696
7633,7850
7495,7978
7329,8048
7243,8222
7096,8358
6972,8311
6900,8400
6890,8450
6826,8474
6843,8487
6805,8472
6879,8378
6969,8244
7121,8143
7209,8021
7364,7850
7544,7665
7733,7489
7922,7352
8193,7262
8398,7110
8640,6945
8888,6810
9107,6756
9221,6669
9334,6652
9457,6695
9439,6679
9427,6675
9339,6750
9202,6837
9055,6876
8960,6982
8838,7090
8576,7199
8306,7283
8105,7414
8002,7549
7769,7614
7614,7796
7366,7975
7186,8045
7032,8165
6957,8224
6884,8305
6831,8346
6770,8435
6764,8520
6775,8539
6780,8525
6868,8518
6877,8511
6976,8369
7135,8272
7293,8179
7466,8060
7610,7917
7799,7785
7973,7603
8078,7371
8202,7254
8238,7015
8387,6892
8491,6798
8473,6723
8392,6685
8369,6720
8279,6728
8244,6831
8271,6882
8227,6931
8245,7031
8222,7154
8111,7257
8083,7300
7857,7450
7732,7550
7665,7701
7496,7719
7384,7891
7266,8051
7185,8162
7071,8137
6909,8155
6839,8166
6789,8215
6755,8233
6783,8165
6839,8039
6977,7978
7072,7871
7171,7776
7349,7650
7502,7472
7697,7323
7917,7257
8081,7163
8288,7040
8530,6907
8710,6827
8887,6773
9028,6721
9153,6659
9340,6644
9414,6630
9570,6640
9579,6658
9563,6654
9509,6683
9293,6747
9104,6832
9000,6913
8817,7010
8614,7091
8411,7242
8087,7337
7839,7497
7618,7639
7408,7791
7261,7840
7115,7938
7008,8063
6897,8120
6847,8140
6854,8179
6877,8071
6931,8127
6957,8040
7121,7942
7286,7895
7476,7837
7645,7697
7834,7535
8025,7398
8199,7250
8461,7121
8619,6992
8742,6879
8922,6811
8991,6706
8995,6679
8938,6664
8886,6652
8790,6703
8766,6761
8688,6811
8657,6926
8501,7075
8387,7156
8228,7310
8083,7486
8019,7736
7814,7828
7596,7981
7476,8207
7339,8412
7225,8630
7130,8713
7054,8833
6998,8901
6886,8879
6819,8966
6767,9042
6721,8996
6709,8891
6768,8694
6826,8589
6923,8594
6956,8263
7195,8156
7281,7945
7597,7793
7796,7587
8012,7357
8240,7265
8390,7069
8591,6935
8727,6813
8899,6713
8998,6650
9182,6604
9317,6547
9436,6568
9380,6590
9216,6639
9024,6693
8961,6767
8788,6848
8638,6894
8533,6989
8387,7047
8222,7122
8112,7193
7916,7289
7701,7425
7559,7541
7425,7608
7274,7682
7178,7791
7068,7794
7052,7888
7110,7950
7111,7947
7142,7929
7259,7944
7367,7922
7500,7880
7685,7797
7897,7655
8069,7591
8316,7502
8485,7413
8621,7295
8927,7187
9113,7038
9275,6945
9442,6839
9660,6748
9800,6671
9864,6651
9834,6631
9843,6639
9882,6693
9822,6771
9595,6869
9458,6998
9384,7160
9185,7255
9076,7356
8886,7497
8633,7672
8464,7880
8369,7969
8268,8071
8114,8180
7935,8309
7816,8411
7599,8536
7435,8554
7329,8724
7306,8903
7294,8884
7374,8799
7469,8762
7629,8736
7883,8632
8192,8551
8474,8482
8830,8390
9185,8248
9582,7993
10027,7791
10438,7617
10820,7449
11089,7241
11416,7152
11581,6971
11935,6915
12157,6883
12072,6862
11999,6888
11965,7027
11913,7149
11898,7252
11588,7407
11328,7507
10989,7674
10574,7819
10215,8018
9806,8077
9334,8224
8956,8368
8635,8657
8372,9002
8204,9268
7976,9462
7831,9591
7695,9631
7645,9720
7665,9838
7688,9863
7698,9856
7762,9773
7957,9631
8183,9530
8459,9367
8767,9099
9138,8800
9551,8520
9914,8311
10272,8020
10571,7806
10864,7473
11155,7265
11402,7150
11634,7026
11896,6976
12111,6994
12135,7014
12064,7118
11882,7264
11863,7365
11763,7564
11423,7802
11108,7984
10741,8256
10416,8507
10045,8831
9652,9186
9253,9457
8857,9637
8498,10002
8203,10249
7970,10351
7753,10504
7599,10544
7549,10543
7513,10582
7519,10524
7539,10432
7712,10296
7901,10127
8033,9858
8241,9743
8430,9420
8710,9169
9102,8924
9559,8575
9931,8325
10403,8208
10853,7936
11266,7742
11540,7513
11828,7407
12051,7260
12110,7165
12104,7195
11922,7258
11743,7321
11583,7469
11289,7562
10812,7751
10364,7981
9936,8237
9586,8539
9240,8779
8847,8929
8606,9141
8306,9321
8093,9614
7914,9898
7719,10101
7559,10158
7434,10168
7363,10170
7326,10173
7370,10216
7431,10058
7439,9862
7538,9672
7781,9514
8042,9363
8160,9239
8283,9085
8570,8910
8919,8625
9189,8266
9459,8004
9771,7712
9949,7388
9915,7165
9900,7013
10001,6925
9693,6905
9452,6908
8960,6986
8458,7125
8440,7257
8290,7424
7832,7660
7205,7914
6746,8157
6480,8412
6317,8682
6231,8823
6205,9069
6172,9244
6168,9440
6162,9623
6157,9729
6152,9764
6160,9678
6144,9666
6143,9666
6145,9769
6145,9644
6137,9509
6147,9353
6138,9094
6135,8874
6139,8791
6134,8604
6130,8212
6136,7913
6122,7655
6138,7438
6113,7257
6111,7080
6122,6955
6128,6837
6120,6774
6124,6792
6110,6844
6124,6934
6125,7023
6119,7203
6116,7360
6108,7514
6113,7648
6119,7645
6119,7656
6125,7797
6113,7971
6116,8127
6111,8351
6107,8480
6121,8675
6123,8572
6115,8288
6103,8113
6118,7972
6113,7826
6113,7503
6099,7121
6103,6804
6086,6510
5941,6349
6048,6205
6120,6194
6123,6183
6070,6120
6071,6142
6110,6146
6104,6131
6061,6084
6126,6171
6107,6163
6096,6185
6119,6162
6112,6162
6102,6169
6112,6138
6101,6122
6102,6106
6101,6084
6100,6080
6095,6071
6112,6071
6113,6079
6099,6057
6106,6073
6098,6069
6100,6075
6101,6072
6112,6061
6112,6066
6099,6054
6102,6066
6101,6064
6105,6051
6101,6050
6107,6061
6102,6053
6107,6058
6102,6064
6112,6074
6110,6061
6108,6068
6101,6053
6100,6051
6099,6055
6105,6052
6098,6055
6100,6058
6116,6048
6111,6038
6105,6072
6103,6053
6100,6073
6104,6066
6113,6056
6110,6060
6106,6051
6106,6046
6107,6061
6107,6059
6117,6053
6113,6053
6105,6045
6113,6055
6111,6057
6113,6054
6117,6049
6112,6050
6107,6058
6116,6059
6105,6037
6108,6051
6101,6052
6103,6052
6111,6052
6102,6042
6099,6054
6109,6056
6106,6049
6107,6058
6107,6039
6106,6050
6115,6055
6111,6046
6118,6059
6114,6037
6113,6054
6105,6052
6103,6054
6108,6058
6116,6043
6109,6048
6113,6056
6111,6040
6110,6048
6118,6045
6110,6048
6115,6045
6120,6051
6112,6056
6109,6037
6110,6038
6112,6059
6103,6053
6104,6049
6119,6046
6096,6031
6104,6052
6108,6052
6110,6056
6103,6059
6105,6056
6104,6039
6108,6050
6105,6045
6103,6043
6108,6041
6104,6046
6110,6036
6110,6049
6104,6050
6101,6060
6101,6049
6100,6054
6101,6054
6115,6054
6099,6061
6096,6053
6100,6049
6101,6052
6110,6057
6107,6049
6097,6047
6101,6045
6108,6064
6105,6050
6102,6060
6103,6049
6102,6024
6111,6053
6102,6049
6097,6050
6102,6049
6108,6053
6103,6054
6104,6054
6102,6053
6096,6060
6095,6040
6108,6050
6117,6051
6099,6047
6109,6052
6098,6043
6102,6041
6103,6046
6107,6057
6105,6052
6097,6049
6109,6042
6106,6061
6110,6055
6105,6051
6107,6041
6113,6056
6109,6039
6098,6054
6100,6053
6090,6053
6101,6049
6108,6052
6095,6049
6097,6037
6115,6057
6099,6050
6112,6042
6114,6060
6109,6053
6098,6056
6099,6040
6108,6046
6102,6039
6103,6048
6116,6047
6104,6043
6108,6051
6106,6048
6106,6038
6115,6054
6101,6055
6098,6052
6095,6046
6101,6040
6102,6041
6100,6042
6107,6056
6108,6048
6115,6034
6103,6046
6112,6049
6104,6040
6099,6039
6113,6046
6107,6042
6101,6042
6100,6034
6099,6041
6096,6045
6105,6038
6100,6032
6095,6043
6101,6043
6098,6058
6100,6049
6096,6050
6101,6047
6100,6049
6097,6047
6089,6039
6104,6044
6103,6043
6102,6047
6101,6057
6087,6038
6092,6040
6096,6054
6108,6053
6105,6056
6110,6050
6098,6039
6093,6048
6099,6048
6107,6050
6098,6060
6090,6061
6101,6045
6097,6049
6104,6050
6097,6050
6095,6035
6091,6043
6103,6048
6108,6053
6098,6048
6097,6041
6105,6051
6098,6049
6105,6046
6107,6053
6098,6054
6103,6048
6106,6051
6100,6047
6101,6049
6106,6043
6105,6049
6101,6040
6098,6047
6105,6044
6103,6047
6104,6037
6100,6060
6106,6043
6104,6048
6109,6052
6112,6041
6102,6043
6067,5957
6107,6052
6176,6092
6060,5997
6113,6049
6090,6030
6112,6052
6114,6066
6098,6053
6096,6042
6115,6045
6102,6043
6108,6061
6097,6058
6104,6063
6116,6042
6106,6061
6111,6033
6109,6045
6106,6062
6112,6062
6103,6032
6118,6046
6115,6052
6099,6053
6109,6047
6111,6048
6112,6055
6103,6054
6098,6049
6105,6045
6099,6044
6098,6058
6114,6050
6101,6054
6099,6052
6104,6056
6104,6053
6112,6045
6103,6061
6097,6062
6103,6100
6102,6070
6094,6037
6100,6056
6102,6051
6103,6064
6089,6052
6106,6053
6104,6054
6091,6059
6104,6050
6099,6052
6120,6063
6102,6053
6099,6062
6101,6051
6103,6054
6103,6054
6109,6054
6099,6057
6104,6050
6099,6051
6106,6044
6093,6045
6098,6050
6103,6048
6110,6058
6101,6053
6103,6044
6109,6054
6107,6038
6096,6046
6106,6046
6112,6054
6096,6057
6106,6037
6096,6055
6101,6054
6097,6037
6100,6041
6104,6049
6098,6053
6106,6049
6096,6063
6106,6053
6089,6048
6105,6040
6113,6048
6110,6042
6107,6047
6096,6041
6100,6063
6101,6039
6105,6039
6105,6062
6118,6055
6104,6049
6109,6046
6105,6052
6110,6051
6108,6056
6105,6047
6107,6058
6110,6050
6099,6061
6110,6051
6110,6046
6109,6041
6113,6059
6108,6049
6110,6046
6116,6033
6111,6041
6123,6063
6117,6054
6111,6046
6108,6056
6108,6064
6108,6047
6109,6043
6110,6048
6119,6057
6114,6056
6118,6050
6104,6051
6118,6053
6110,6057
6113,6054
6108,6054
6106,6047
6112,6052
6106,6056
6107,6055
6105,6058
6102,6034
6101,6049
6107,6051
6107,6056
6119,6057
6106,6059
6107,6049
6115,6049
6106,6046
6103,6054
6118,6039
6117,6045
6109,6045
6109,6053
6108,6059
6108,6045
6103,6060
6115,6033
6111,6050
6117,6056
6117,6058
6108,6058
6106,6041
6104,6037
6108,6046
6114,6047
6114,6046
6113,6049
6106,6032
6113,6048
6112,6038
6117,6057
6108,6057
6109,6057
6107,6050
6114,6055
6117,6043
6105,6047
6120,6043
6115,6047
6105,6048
6112,6043
6107,6053
6115,6057
6114,6052
6109,6056
6104,6055
6117,6055
6114,6050
6108,6046
6105,6039
6102,6046
6110,6048
6112,6050
6109,6049
6109,6050
6114,6058
6114,6061
6107,6040
6111,6061
6115,6053
6114,6044
6114,6057
6099,6041
6122,6057
6119,6054
6116,6046
6121,6053
6105,6046
6115,6056
6121,6053
6111,6050
6113,6061
6108,6038
6114,6051
6114,6056
6108,6046
6126,6043
6116,6056
6126,6045
6105,6054
6123,6053
6115,6043
6121,6057
6120,6042
6106,6061
6125,6063
6125,6055
6112,6044
6121,6060
6120,6053
6115,6059
6115,6059
6116,6049
6114,6053
6116,6056
6116,6054
6114,6056
6114,6039
6116,6059
6115,6055
6115,6055
6113,6050
6112,6050
6115,6068
6106,6057
6118,6048
6115,6049
6108,6053
6111,6052
6117,6051
6110,6063
6112,6053
6118,6045
6118,6045
6119,6051
6115,6051
6112,6051
6114,6056
6106,6060
6117,6056
6109,6059
6114,6054
6107,6058
6120,6060
6110,6056
6115,6046
6113,6044
6116,6060
6112,6059
6110,6052
6115,6049
6112,6063
6116,6047
6111,6047
6114,6056
6114,6056
6127,6051
6112,6060
6110,6054
6113,6051
6114,6061
6109,6048
6105,6062
6115,6043
6112,6061
6112,6053
6111,6045
6108,6038
6118,6046
6106,6058
6123,6066
6116,6060
6113,6040
6118,6055
6117,6046
6115,6051
6113,6052
6113,6052
6117,6040
6102,6060
6107,6052
6104,6055
6113,6051
6112,6054
6114,6047
6118,6060
6119,6058
6120,6081
6115,6053
6117,6056
6119,6054
6118,6057
6113,6064
6122,6047
6117,6056
0,32
0,61680
0,0
6118,6063
5606,5576
5591,5578
5602,5584
5602,5576
5604,5581
5602,5572
5598,5555
5597,5564
5820,5751
6321,6310
6276,6317
6311,6293
6294,6291
6280,6306
6279,6285
6286,6305
6295,6293
6285,6282
6299,6308
6297,6335
6318,6327
6299,6343
6292,6342
6298,6308
6304,6330
6300,6342
6287,6345
6307,6338
6312,6321
6304,6308
6288,6326
6272,6325
6284,6327
6278,6312
6279,6297
6292,6302
6289,6338
6300,6354
6307,6357
6288,6315
6282,6317
6271,6330
6275,6332
6296,6340
6280,6341
6305,6327
6296,6337
6297,6325
6280,6329
6283,6345
6274,6340
6279,6383
6302,6334
6286,6350
6288,6361
6287,6329
6304,6304
6309,6329
6303,6340
6322,6332
6308,6312
6293,6315
6266,6296
6275,6284
6302,6325
6306,6350
6297,6335
6321,6332
6305,6340
6303,6351
6285,6335
6298,6315
6292,6320
6289,6316
6286,6326
6283,6334
6289,6323
6313,6319
6300,6312
6299,6336
6294,6331
6281,6343
6313,6317
6315,6310
6298,6342
6265,6340
6275,6347
6292,6349
6282,6314
6280,6323
6297,6322
6281,6339
6309,6337
6313,6363
6321,6351
6284,6338
6272,6324
6289,6320
6286,6330
6282,6340
6287,6304
6298,6315
6290,6281
6280,6317
6175,6280
6274,6314
6456,6272
6461,6617
6342,6365
6333,6426
6283,6376
6263,6344
6317,6371
6283,6339
6262,6325
6308,6298
6306,6327
6295,6323
6262,6276
6291,6314
6289,6368
6288,6370
6294,6352
6302,6323
6290,6345
6286,6358
6297,6355
6268,6338
6281,6316
6291,6333
6275,6330
6281,6335
6276,6351
6289,6323
6283,6351
6296,6311
6294,6315
6283,6320
6283,6333
6297,6333
6278,6342
6295,6345
6284,6349
6276,6340
6296,6339
6303,6364
6303,6339
6275,6331
6264,6335
6285,6314
6278,6344
6282,6321
6303,6334
6304,6327
6275,6329
6278,6372
6276,6335
6285,6344
6296,6345
6287,6321
6271,6333
6262,6329
6288,6346
6290,6351
6278,6346
6287,6338
6290,6348
6274,6334
6259,6344
6261,6326
6278,6334
6277,6336
6264,6350
6288,6349
6293,6324
6289,6342
6288,6343
6283,6363
6283,6349
6268,6346
6279,6323
6274,6329
6281,6316
6280,6324
6284,6339
6300,6317
6277,6345
6277,6361
6269,6368
6277,6387
6281,6375
6267,6355
6262,6356
6265,6383
6280,6384
6266,6346
6273,6359
6263,6347
6274,6337
6280,6359
6277,6368
6265,6385
6261,6363
6265,6340
6288,6379
6264,6394
6267,6349
6259,6371
6253,6338
6267,6379
6271,6361
6276,6345
6275,6362
6278,6370
6274,6363
6286,6359
6265,6371
6252,6394
6238,6377
6269,6387
6264,6368
6279,6361
6247,6368
6244,6368
6257,6364
6259,6351
6257,6390
6269,6381
6269,6378
6254,6398
6266,6375
6263,6342
6274,6363
6244,6353
6240,6362
6256,6375
6243,6371
6264,6368
6257,6363
6246,6397
6265,6393
6268,6378
6249,6414
6253,6408
6259,6409
6237,6397
6247,6406
6252,6382
6263,6399
6258,6385
6246,6365
6254,6386
6261,6375
6265,6366
6260,6400
6252,6435
6277,6420
6260,6393
6242,6378
6244,6387
6246,6370
6240,6372
6255,6375
6247,6359
6250,6354
6242,6321
6236,6363
6235,6361
6241,6374
6230,6409
6245,6387
6236,6394
6230,6390
6239,6392
6240,6375
6253,6402
6248,6396
6247,6378
6247,6422
6255,6418
6249,6404
6241,6408
6241,6390
6250,6386
6243,6387
6244,6385
6235,6377
6235,6370
6235,6392
6239,6369
6249,6406
6241,6368
6241,6372
6237,6350
6240,6364
6245,6409
6234,6393
6234,6365
6235,6382
6239,6388
6231,6384
6232,6390
6243,6382
6244,6386
6247,6400
6246,6405
6232,6378
6224,6373
6233,6379
6242,6359
6230,6349
6238,6336
6241,6339
6255,6359
6250,6368
6239,6427
6240,6402
6230,6401
6238,6416
6239,6417
6233,6426
6240,6409
6237,6393
6219,6392
6228,6389
6222,6411
6232,6393
6234,6402
6240,6396
6240,6393
6241,6421
6239,6411
6232,6397
6232,6385
6237,6385
6238,6385
6232,6392
6244,6387
6224,6377
6242,6368
6237,6386
6242,6394
6218,6408
6210,6409
6224,6379
6223,6419
6233,6368
6215,6374
6211,6348
6227,6350
6223,6355
6235,6347
6231,6358
6241,6395
6236,6404
6228,6396
6240,6401
6230,6382
6225,6405
6231,6414
6243,6394
6224,6371
6231,6407
6212,6388
6221,6391
6227,6411
6224,6403
6231,6406
6242,6446
6218,6394
6228,6397
6215,6394
6227,6417
6150,6330
6223,6399
6132,6298
6223,6443
6269,6493
6219,6411
6237,6449
6215,6411
6214,6430
6210,6284
6218,6443
6215,6413
6221,6426
6216,6413
6209,6415
6215,6416
6221,6426
6218,6391
6213,6413
6212,6379
6217,6418
6209,6387
6230,6390
6218,6389
6222,6374
6224,6362
6214,6387
6218,6403
6217,6386
6224,6402
6222,6421
6224,6432
6224,6428
6225,6403
6213,6411
6215,6439
6224,6433
6212,6453
6211,6393
6231,6413
6211,6393
6227,6402
6207,6374
6209,6359
6213,6368
6229,6362
6214,6366
6234,6341
6210,6353
6219,6347
6221,6352
6240,6381
6221,6397
6230,6374
6224,6395
6223,6379
6216,6388
6213,6384
6214,6392
6227,6415
6217,6401
6220,6410
6222,6430
6218,6444
6219,6425
6213,6419
6223,6432
6219,6433
6224,6426
6208,6414
6217,6426
6232,6408
6212,6393
6215,6388
6200,6398
6206,6400
6211,6400
6219,6396
6213,6422
6222,6400
6215,6419
6211,6392
6208,6408
6224,6413
6215,6403
6214,6374
6196,6406
6214,6385
6211,6394
6213,6394
6213,6407
6226,6378
6212,6385
6222,6387
6219,6368
6212,6376
6221,6350
6240,6354
6227,6371
6225,6382
6225,6382
6221,6391
6230,6409
6240,6402
6226,6385
6208,6386
6215,6383
6209,6383
6212,6385
6218,6384
6210,6365
6211,6393
6209,6362
6220,6361
6220,6364
6227,6358
6225,6347
6256,6349
6214,6366
6226,6382
6208,6383
6222,6373
6224,6384
6225,6396
6219,6394
6215,6372
6224,6356
6226,6378
6229,6378
6210,6391
6209,6371
6217,6364
6216,6381
6218,6394
6213,6391
6224,6393
6220,6373
6219,6359
6212,6391
6221,6387
6221,6381
6230,6393
6213,6378
6215,6374
6214,6375
6218,6350
6218,6382
6224,6348
6230,6342
6229,6364
6240,6359
6231,6382
6218,6393
6238,6340
6226,6369
6226,6371
6229,6386
6226,6393
6224,6375
6228,6382
6226,6347
6227,6372
6220,6367
6228,6358
6224,6364
6216,6374
6228,6358
6229,6349
6240,6390
6231,6351
6218,6347
6218,6331
6221,6328
6223,6350
6225,6340
6219,6341
6219,6342
6222,6355
6216,6354
6218,6352
6218,6346
6233,6342
6238,6328
6229,6388
6214,6347
6224,6355
6226,6329
6223,6352
6231,6345
6235,6348
6235,6348
6225,6358
6230,6382
6230,6378
6220,6371
6221,6375
6228,6334
6243,6351
6231,6322
6222,6340
6214,6318
6231,6325
6243,6324
6228,6319
6215,6335
6230,6345
6228,6372
6244,6325
6244,6313
6231,6332
6230,6340
6225,6354
6206,6323
6211,6338
6231,6342
6218,6329
6209,6337
6226,6351
6222,6341
6226,6330
6220,6339
6228,6346
6222,6317
6223,6324
6231,6343
6239,6354
6233,6353
6236,6336
6214,6336
6228,6330
6211,6313
6215,6324
6240,6330
6238,6334
6225,6346
6217,6337
6227,6343
6230,6325
6228,6346
6231,6360
6237,6341
6233,6330
6239,6347
6234,6342
6224,6339
6218,6340
6227,6327
6234,6353
6237,6381
6239,6369
6243,6358
6240,6332
6237,6345
6243,6313
6231,6333
6236,6334
6237,6333
6255,6356
6229,6340
6260,6344
6248,6329
6264,6350
6266,6354
6282,6336
6305,6325
6327,6350
6348,6352
6398,6361
6418,6353
6470,6350
6507,6319
7083,6569
6647,6348
6720,6435
6712,6308
6857,6285
6853,6339
6831,6358
6856,6328
6829,6371
6777,6362
6714,6335
6715,6364
6679,6324
6649,6348
6623,6314
6607,6329
6648,6330
6663,6312
6687,6323
6752,6310
6828,6345
6956,6317
7090,6356
7213,6359
7370,6351
7532,6351
7684,6360
7849,6388
7928,6377
8049,6373
8086,6390
8222,6406
8403,6424
8473,6423
8519,6437
8477,6467
8523,6469
8394,6470
8269,6525
8092,6585
7931,6613
7806,6630
7706,6674
7641,6738
7506,6768
7335,6814
7220,6846
7132,6906
7027,6948
6916,7082
6811,7203
6757,7303
6762,7395
6837,7441
6983,7500
7118,7526
7289,7461
7513,7360
7752,7305
7985,7273
8147,7218
8399,7223
8659,7206
8755,7157
8828,7078
8881,6975
8919,6923
9046,6834
9201,6764
9272,6703
9307,6691
9215,6642
9207,6661
9170,6700
9118,6774
8963,6865
8849,6994
8725,7132
8551,7297
8393,7419
8199,7588
7993,7710
7885,7771
7769,7822
7590,7882
7511,7968
7386,8077
7233,8155
7221,8209
7166,8217
7124,8200
7175,8234
7318,8162
7409,8078
7663,7929
7963,7871
8173,7755
8489,7611
8779,7479
8987,7278
9109,7120
9201,7022
9354,6959
9547,6861
9620,6758
9638,6760
9667,6759
9625,6750
9464,6761
9411,6828
9290,6923
9091,6971
8921,7105
8717,7275
8532,7395
8370,7533
8145,7680
8010,7843
7774,7927
7537,8085
7435,8224
7263,8378
7117,8574
6968,8752
6873,8875
6797,8933
6807,8971
6880,8993
6976,8951
7064,8766
7163,8672
7365,8556
7577,8466
7755,8359
7920,8185
8141,8006
8414,7839
8657,7654
8906,7400
9044,7226
9069,7080
9146,6958
9249,6858
9317,6816
9339,6811
9428,6806
9567,6829
9634,6892
9640,6948
9579,6990
9417,7126
9264,7251
9059,7378
8924,7536
8646,7697
8431,7838
8166,7968
7940,8036
7692,8234
7526,8223
7349,8266
7277,8371
7134,8402
7093,8440
7043,8357
7095,8375
7118,8310
7142,8287
7236,8229
7411,8109
7596,7971
7764,7878
7948,7700
8124,7603
8324,7438
8620,7272
8985,7190
9396,7084
9660,6965
9840,6936
10093,6840
10325,6846
10467,6818
10552,6814
10672,6843
10610,6877
10415,6971
10247,7065
10101,7168
9946,7349
9728,7510
9475,7632
9342,7896
9129,8137
8846,8314
8535,8405
8176,8497
7845,8696
7612,8894
7336,8916
7138,8993
7030,9023
6973,9056
6932,9114
6976,9096
7032,9117
7101,8888
7251,8770
7425,8646
7617,8535
7785,8464
7938,8331
8103,8185
8252,7931
8372,7698
8508,7458
8589,7297
8654,7108
8809,6992
8885,6886
9003,6805
9024,6744
9105,6723
9022,6732
9024,6831
8985,6921
8908,7017
8800,7137
8762,7243
8651,7443
8515,7634
8317,7827
8235,8003
8074,8274
7894,8544
7725,8696
7528,8875
7316,9095
7130,9271
7018,9393
6921,9257
6809,9270
6765,9243
6724,9067
6721,8959
6751,8764
6851,8616
6958,8447
7077,8259
7274,8048
7436,7854
7569,7619
7800,7419
7977,7249
8096,7120
8223,6960
8305,6879
8486,6796
8678,6708
8691,6693
8802,6663
8898,6659
8895,6677
8871,6728
8910,6766
8856,6805
8817,6875
8697,6946
8474,6993
8110,6981
8108,7338
7843,7398
7681,7554
7533,7740
7346,7874
7197,7974
7044,8082
7004,8239
6886,8297
6805,8402
6752,8520
6769,8512
6812,8410
6843,8385
6928,8282
6981,8172
7066,8046
7113,7931
7262,7812
7376,7617
7506,7475
7649,7396
7894,7290
7940,7137
8039,7042
8217,6938
8282,6773
8377,6690
8410,6649
8588,6574
8595,6545
8547,6556
8538,6609
8467,6695
8380,6773
8291,6912
8172,7049
8083,7217
7883,7323
7751,7510
7637,7675
7470,7855
7331,7979
7223,8074
7072,8160
6997,8209
6934,8219
6850,8256
6842,8295
6821,8324
6822,8253
6858,8188
6903,8113
6964,8046
7080,8076
7161,7920
7233,7885
7433,7728
7557,7601
7786,7447
7963,7380
8104,7234
8321,7119
8513,6965
8610,6886
8701,6733
8862,6689
8993,6643
9069,6638
9197,6623
9181,6636
9137,6671
9081,6766
8952,6843
8814,6917
8697,6995
8496,7066
8372,7165
8136,7246
7954,7385
7775,7494
7523,7593
7351,7662
7161,7778
6976,7854
6825,7898
6758,7939
6699,7984
6663,8024
6668,7979
6724,7968
6786,7980
6882,7902
7029,7805
7157,7689
7374,7619
7565,7480
7774,7364
7982,7287
8176,7189
8435,7098
8588,6968
8687,6900
8828,6808
8946,6703
8995,6628
8976,6580
8986,6549
8986,6540
9003,6569
8886,6603
8733,6717
8613,6820
8516,6941
8316,7075
8187,7223
8069,7371
7883,7529
7753,7701
7618,7825
7499,7987
7359,8086
7257,8199
7071,8306
6981,8314
6898,8401
6891,8437
6795,8459
6846,8462
6824,8451
6885,8389
6973,8234
7094,8131
7235,8016
7401,7824
7521,7708
7700,7502
7956,7384
8153,7263
8414,7093
8671,6953
8905,6825
9103,6733
9250,6678
9285,6639
9386,6660
9418,6651
9390,6672
9315,6706
9239,6842
9012,6907
8925,7004
8810,7092
8601,7171
8287,7284
8090,7395
7963,7510
7735,7640
7565,7770
7385,7954
7156,8047
7053,8131
6963,8227
6902,8334
6837,8375
6753,8395
6751,8446
6752,8527
6802,8521
6859,8507
6879,8487
6986,8344
7128,8284
7311,8159
7429,8052
7633,7907
7766,7779
7960,7607
8085,7361
8193,7247
8254,7067
8379,6911
8497,6826
8426,6745
8418,6695
8360,6705
8329,6729
8273,6815
8262,6870
8237,6906
8257,7016
8155,7136
8163,7264
8032,7341
7868,7444
7782,7539
7705,7683
7517,7748
7348,7912
7285,8012
7166,8112
7069,8080
6912,8120
6817,8211
6766,8224
6769,8223
6801,8129
6845,8073
6972,8043
7066,7878
7179,7801
7369,7654
7512,7505
7741,7369
7914,7256
8124,7161
8317,7009
8513,6907
8696,6829
8868,6755
9022,6713
9201,6680
9288,6626
9379,6635
9547,6646
9601,6665
9557,6654
9530,6716
9307,6765
9118,6823
8995,6931
8831,6998
8595,7092
8390,7236
8105,7376
7828,7491
7585,7637
7392,7797
7264,7869
7107,7955
7010,8060
6918,8140
6833,8165
6838,8168
6875,8130
6942,8126
6990,8042
7124,7939
7316,7953
7476,7830
7643,7654
7786,7555
8054,7386
8188,7235
8420,7112
8570,7008
8730,6892
8923,6820
9012,6712
8980,6693
8926,6653
8846,6655
8819,6704
8760,6760
8683,6825
8651,6923
8531,7057
8412,7199
8547,7641
8044,7438
8023,7697
7860,7892
7651,8046
7500,8201
7408,8442
7247,8670
7130,8719
7048,8813
7027,8931
6907,8890
6801,8945
6777,8981
6733,8982
6704,8882
6761,8700
6815,8560
6928,8473
7005,8317
7186,8181
7341,7958
7554,7779
7815,7575
8065,7385
8235,7218
8433,7044
8616,6953
8774,6823
8905,6738
9016,6670
9188,6592
9370,6547
9375,6564
9357,6606
9202,6642
9070,6711
8918,6752
8787,6839
8626,6909
8529,6989
8393,7035
8270,7141
8058,7232
7914,7290
7700,7423
7570,7520
7424,7618
7266,7687
7159,7777
7071,7796
7016,7886
7103,7942
7094,7943
7149,7939
7262,7959
7362,7912
7519,7829
7675,7749
7906,7651
8069,7621
8355,7497
8471,7393
8632,7274
8942,7187
9133,7017
9302,6931
9509,6847
9697,6748
9768,6681
9841,6643
9836,6626
9837,6640
9848,6667
9736,6773
9570,6847
9498,6999
9306,7144
9157,7236
8991,7393
8790,7541
8611,7687
8508,7852
8377,7966
8261,8075
8120,8186
7990,8321
7781,8415
7575,8521
7446,8606
7351,8751
7309,8896
7252,8919
7379,8802
7478,8797
7631,8695
7867,8614
8187,8528
8454,8475
8822,8404
9171,8211
9519,7963
10103,7782
10452,7629
10879,7475
11093,7245
11397,7153
11537,6983
11905,6917
12135,6876
12115,6849
12022,6915
11943,7028
11924,7148
11792,7237
11620,7363
11314,7548
10995,7691
10602,7827
10165,8023
9809,8102
9324,8245
8944,8384
8620,8665
8381,9016
8187,9244
7953,9407
7851,9575
7713,9633
7667,9693
7655,9789
7691,9895
7701,9906
7779,9790
7982,9676
8195,9509
8464,9368
8807,9132
9149,8797
9548,8527
9880,8332
10295,8035
10621,7771
10868,7481
11166,7288
11413,7172
11674,7009
11940,6980
12077,6976
12102,7025
12070,7129
11857,7248
11818,7378
11759,7577
11358,7751
11085,7992
10791,8273
10425,8511
10024,8838
9683,9159
9283,9441
8831,9705
8511,9979
8165,10277
7977,10382
7724,10433
7617,10568
7512,10539
7490,10570
7494,10541
7573,10459
7691,10242
7878,10102
8025,9868
8242,9713
8412,9415
8685,9206
9064,8896
9576,8596
9953,8300
10433,8179
10856,7956
11198,7746
11547,7550
11827,7425
12063,7257
12155,7195
12094,7198
11945,7256
11756,7319
11531,7442
11188,7566
10798,7784
10370,7996
9974,8230
9633,8559
9238,8803
8892,9000
8596,9150
8350,9382
8100,9680
7935,9948
7737,10146
7562,10145
7469,10170
7364,10173
7340,10229
7368,10246
7416,10148
7436,9865
7551,9636
7773,9496
8034,9287
8165,9244
8305,9055
8582,8887
8926,8642
9150,8311
9456,8030
9729,7749
9963,7416
9921,7179
9875,7012
10000,6935
9697,6909
9447,6918
8955,6990
8464,7135
8481,7260
8297,7443
7817,7682
7220,7903
6749,8157
6472,8462
6319,8679
6235,8829
6200,9070
6179,9231
6168,9378
6155,9642
6152,9733
6154,9691
6161,9732
6140,9722
6144,9697
6146,9792
6136,9665
6148,9486
6140,9343
6142,9065
6140,8870
6135,8775
6124,8560
6129,8217
6132,7901
6128,7681
6129,7430
6117,7236
6116,7050
6116,6959
6135,6849
6113,6797
6127,6786
6121,6840
6134,6917
6137,7019
6138,7199
6111,7315
6189,7581
6114,7609
6124,7667
6106,7649
6118,7790
6117,8003
6134,8112
6116,8350
6108,8464
6111,8650
6122,8583
6114,8309
6116,8083
6124,7976
6111,7816
6119,7490
6105,7152
6114,6799
6109,6531
6107,6383
6120,6276
6110,6197
6112,6188
6110,6164
6103,6151
6107,6136
6106,6156
6109,6158
6105,6181
6101,6170
6097,6180
6103,6189
6105,6171
6108,6177
6097,6152
6096,6136
6098,6118
6091,6084
6099,6069
6097,6068
6104,6074
6113,6078
6091,6054
6098,6075
6104,6071
6102,6072
6103,6080
6100,6066
6100,6065
6094,6055
6097,6051
6107,6065
6104,6066
6106,6064
6106,6062
6104,6051
6107,6072
6096,6071
6104,6073
6102,6065
6106,6056
6100,6064
6101,6058
6101,6052
6108,6057
6104,6051
6108,6059
6103,6062
6112,6055
6111,6065
6106,6063
6116,6059
6098,6065
6110,6050
6107,6063
6108,6062
6105,6055
6102,6056
6104,6056
6118,6052
6101,6059
6100,6048
6110,6053
6104,6053
6106,6053
6114,6050
6107,6046
6111,6050
6111,6056
6101,6054
6111,6050
6104,6052
6109,6054
6101,6058
6100,6048
6106,6041
6104,6044
6105,6036
6103,6057
6108,6060
6110,6054
6108,6051
6112,6050
6106,6049
6115,6044
6107,6048
6102,6055
6104,6058
6107,6057
6106,6033
6114,6041
6110,6045
6114,6046
6104,6039
6114,6047
6107,6040
6101,6048
6108,6042
6111,6054
6112,6047
6107,6045
6114,6049
6108,6049
6107,6051
6107,6050
6098,6047
6100,6053
6105,6059
6106,6052
6101,6051
6111,6066
6099,6052
6101,6057
6105,6046
6113,6054
6101,6049
6107,6044
6103,6054
6108,6048
6105,6054
6102,6056
6092,6055
6114,6065
6111,6038
6110,6042
6104,6048
6103,6039
6099,6039
6101,6054
6099,6054
6105,6053
6100,6050
6102,6057
6111,6051
6108,6057
6103,6046
6102,6038
6097,6049
6114,6038
6100,6053
6094,6057
6102,6049
6104,6053
6108,6050
6094,6033
6104,6054
6095,6047
6106,6033
6109,6042
6110,6051
6102,6053
6111,6040
6100,6038
6100,6045
6104,6054
6101,6052
6113,6045
6092,6049
6099,6042
6112,6045
6105,6050
6101,6046
6098,6053
6098,6052
6098,6047
6094,6055
6095,6057
6096,6053
6102,6046
6093,6060
6107,6043
6096,6043
6104,6057
6098,6032
6094,6043
6118,6053
6106,6060
6101,6051
6100,6041
6105,6051
6104,6045
6102,6055
6112,6062
6094,6043
6102,6045
6092,6036
6101,6052
6111,6058
6103,6042
6098,6049
6102,6041
6092,6042
6099,6058
6097,6036
6105,6042
6106,6053
6096,6044
6097,6054
6111,6040
6095,6052
6104,6041
6101,6047
6097,6047
6093,6045
6095,6057
6096,6044
6097,6043
6105,6049
6096,6058
6099,6033
6091,6037
6102,6060
6096,6052
6093,6054
6100,6034
6094,6043
6096,6039
6098,6040
6104,6037
6101,6052
6099,6040
6106,6048
6091,6060
6101,6051
6103,6049
6102,6045
6099,6050
6098,6044
6098,6040
6094,6056
6090,6044
6106,6045
6097,6056
6097,6056
6100,6049
6097,6046
6092,6046
6096,6052
6092,6041
6098,6038
6100,6044
6106,6045
6101,6053
6088,6045
6097,6053
6100,6053
6098,6054
6325,6217
6063,6059
6008,5938
6089,6018
6190,6123
6054,5996
6121,6041
6125,6063
6089,6041
6096,6046
6088,6054
6099,6057
6102,6058
6098,6046
6095,6036
6104,6047
6106,6047
6101,6048
6103,6054
6102,6053
6098,6043
6110,6043
6103,6051
6109,6057
6106,6036
6099,6042
6102,6061
6096,6042
6103,6055
6106,6045
6107,6074
6109,6061
6105,6059
6104,6054
6110,6049
6110,6055
6118,6060
6105,6050
6097,6061
6119,6059
6114,6050
6113,6053
6107,6046
6102,6046
6102,6031
6115,6055
6110,6051
6097,6049
6092,6059
6109,6046
6101,6048
6100,6051
6114,6063
6099,6054
6104,6054
6108,6053
6106,6050
6111,6052
6103,6065
6105,6063
6104,6055
6094,6035
6093,6036
6098,6063
6107,6049
6099,6048
6095,6035
6109,6042
6104,6060
6100,6055
6102,6050
6104,6053
6099,6041
6098,6052
6093,6050
6104,6043
6104,6048
6104,6061
6101,6052
6098,6056
6103,6060
6096,6041
6104,6042
6101,6042
6097,6060
6106,6054
6107,6043
6093,6047
6101,6042
6103,6049
6099,6043
6096,6055
6100,6044
6107,6036
6099,6046
6102,6052
6107,6040
6096,6051
6097,6049
6094,6046
6103,6054
6096,6052
6104,6055
6105,6044
6097,6045
6097,6029
6101,6058
6117,6045
6111,6038
6109,6045
6095,6036
6097,6059
6097,6047
6108,6050
6108,6052
6112,6053
6101,6053
6111,6042
6097,6054
6107,6039
6109,6056
6096,6050
6108,6049
6113,6048
6098,6057
6108,6040
6107,6041
6109,6047
6114,6045
6120,6054
6108,6050
6111,6041
6114,6036
6122,6061
6118,6051
6116,6061
6112,6050
6106,6048
6114,6042
6109,6037
6108,6056
6113,6062
6108,6056
6114,6060
6116,6058
6108,6057
6113,6056
6108,6046
6112,6063
6099,6056
6110,6056
6108,6049
6115,6034
6110,6043
6108,6041
6097,6059
6100,6040
6103,6035
6114,6062
6110,6045
6107,6057
6118,6055
6095,6042
6113,6045
6116,6059
6111,6048
6102,6053
6116,6061
6102,6053
6109,6054
6102,6049
6109,6053
6110,6055
6113,6051
6120,6058
6107,6061
6107,6042
6112,6036
6101,6040
6124,6043
6115,6038
6115,6048
6103,6049
6110,6043
6108,6043
6118,6051
6104,6063
6106,6057
6108,6046
6110,6037
6113,6043
6107,6042
6113,6046
6110,6049
6101,6050
6119,6034
6111,6054
6107,6052
6115,6047
6097,6056
6098,6036
6117,6052
6112,6054
6106,6049
6103,6052
6102,6041
6112,6056
6111,6051
6107,6048
6116,6046
6112,6049
6096,6064
6106,6049
6112,6056
6105,6046
6112,6040
6113,6054
6110,6050
6126,6070
6118,6051
6114,6042
6120,6034
6103,6030
6114,6058
6124,6039
6099,6059
6113,6050
6124,6057
6116,6053
6114,6061
6112,6057
6115,6040
6112,6061
6115,6058
6108,6059
6117,6054
6113,6057
6112,6055
6114,6049
6109,6060
6121,6077
6117,6043
6120,6058
6116,6057
6112,6057
6110,6052
6114,6047
6115,6052
6113,6058
6106,6046
6117,6050
6112,6062
6113,6054
6116,6055
6112,6053
6113,6055
6110,6047
6113,6058
6115,6051
6116,6064
6108,6060
6110,6048
6111,6042
6120,6058
6120,6058
6118,6055
6110,6057
6112,6049
6108,6049
6121,6042
6115,6058
6116,6060
6116,6059
6116,6037
6112,6051
6112,6063
6109,6056
6110,6060
6113,6056
6113,6036
6115,6055
6112,6054
6109,6047
6114,6047
6112,6059
6108,6057
6108,6057
6119,6050
6115,6046
6113,6057
6111,6045
6117,6052
6118,6055
6106,6050
6112,6051
6104,6037
6117,6049
6114,6047
6113,6057
6116,6052
6110,6061
6117,6047
6110,6055
6118,6049
6115,6060
6107,6062
6115,6055
6117,6053
6123,6051
6123,6051
6117,6055
6116,6052
6111,6048
6108,6051
6113,6061
6111,6060
6108,6060
6116,6057
6114,6034
6119,6062
6116,6064
6106,6053
6110,6053
6114,6058
6112,6038
6110,6046
6111,6052
6116,6048
6116,6056
6118,6053
0,28
0,61680
0,0
6114,6051
5602,5563
5596,5560
5602,5568
5604,5571
5595,5579
5596,5552
5595,5564
5600,5571
5814,5761
6317,6307
6281,6303
6296,6299
6293,6293
6273,6303
6289,6299
6286,6309
6285,6305
6285,6311
6289,6334
6294,6334
6299,6324
6300,6341
6291,6337
6290,6324
6300,6319
6297,6302
6290,6330
6303,6340
6308,6325
6301,6314
6291,6323
6280,6329
6278,6339
6273,6313
6276,6317
6294,6316
6280,6337
6298,6360
6294,6362
6284,6318
6289,6328
6286,6338
6281,6312
6293,6363
6282,6334
6301,6331
6285,6333
6295,6322
6279,6324
6284,6339
6277,6351
6289,6351
6302,6321
6291,6329
6294,6342
6290,6321
6297,6315
6326,6364
6297,6345
6316,6333
6311,6327
6279,6304
6280,6288
6277,6317
6298,6315
6322,6336
6298,6343
6297,6336
6316,6332
6300,6339
6294,6321
6290,6316
6284,6318
6288,6323
6296,6328
6285,6319
6279,6326
6299,6302
6299,6317
6301,6334
6289,6313
6271,6342
6300,6332
6306,6302
6287,6338
6268,6342
6292,6379
6332,6394
6286,6305
6286,6311
6313,6367
6261,6340
6295,6355
6312,6354
6325,6357
6295,6338
6258,6330
6300,6316
6298,6320
6291,6342
6281,6315
6285,6338
6289,6294
6282,6313
6282,6331
6279,6319
6285,6326
6299,6320
6315,6329
6290,6331
6265,6325
6264,6348
6299,6323
6288,6336
6283,6335
6289,6309
6304,6319
6303,6336
6277,6298
6290,6321
6285,6366
6295,6351
6302,6322
6300,6343
6282,6336
6268,6347
6287,6341
6287,6332
6280,6337
6286,6336
6282,6356
6274,6362
6276,6361
6288,6314
6295,6345
6296,6310
6296,6310
6295,6318
6289,6342
6279,6356
6281,6352
6290,6347
6283,6348
6281,6341
6284,6349
6296,6352
6298,6344
6291,6342
6278,6292
6281,6319
6276,6343
6290,6335
6295,6326
6288,6329
6311,6346
6271,6375
6277,6342
6283,6338
6300,6337
6283,6307
6277,6315
6274,6342
6299,6338
6294,6354
6278,6331
6284,6335
6292,6356
6275,6331
6263,6330
6259,6331
6272,6334
6261,6341
6270,6359
6286,6362
6298,6331
6285,6344
6283,6356
6271,6350
6271,6353
6265,6343
6268,6349
6299,6308
6272,6327
6280,6318
6276,6337
6298,6345
6271,6320
6278,6370
6261,6363
6278,6374
6282,6355
6263,6366
6261,6358
6269,6396
6275,6370
6272,6339
6274,6351
6270,6348
6278,6336
6275,6353
6287,6381
6272,6385
6268,6382
6272,6340
6284,6384
6265,6388
6267,6352
6268,6366
6244,6332
6239,6366
6263,6363
6282,6343
6282,6384
6285,6365
6272,6364
6283,6356
6273,6377
6259,6386
6261,6367
6259,6381
6265,6372
6284,6366
6256,6373
6244,6355
6263,6344
6248,6345
6249,6382
6268,6395
6265,6388
6272,6382
6264,6375
6251,6370
6257,6399
6249,6350
6240,6366
6256,6378
6246,6385
6256,6375
6247,6370
6248,6411
6266,6379
6262,6386
6245,6432
6263,6431
6263,6415
6243,6400
6257,6393
6255,6390
6272,6387
6265,6366
6255,6384
6246,6367
6265,6383
6241,6370
6271,6372
6261,6415
6276,6417
6256,6385
6245,6393
6239,6382
6251,6372
6248,6380
6254,6370
6231,6361
6243,6356
6241,6330
6247,6360
6245,6347
6242,6369
6229,6416
6248,6400
6220,6402
6241,6383
6226,6370
6244,6382
6264,6395
6250,6396
6237,6390
6248,6411
6253,6400
6254,6393
6256,6400
6251,6385
6247,6394
6247,6380
6244,6392
6250,6395
6235,6363
6236,6366
6241,6390
6260,6390
6248,6371
6245,6380
6241,6364
6250,6375
6242,6400
6243,6390
6240,6374
6236,6383
6240,6374
6249,6388
6246,6379
6234,6387
6240,6397
6242,6392
6248,6397
6226,6392
6219,6375
6242,6366
6235,6359
6239,6343
6238,6354
6245,6337
6256,6374
6251,6374
6233,6410
6221,6395
6235,6392
6232,6427
6232,6422
6235,6413
6247,6398
6228,6397
6214,6399
6227,6371
6225,6402
6233,6372
6231,6385
6226,6379
6235,6394
6244,6406
6235,6403
6239,6403
6234,6399
6236,6375
6245,6403
6235,6384
6242,6388
6223,6391
6228,6375
6246,6390
6242,6399
6230,6398
6209,6405
6223,6374
6222,6425
6218,6369
6242,6361
6226,6340
6227,6360
6230,6358
6224,6363
6234,6374
6236,6378
6241,6379
6636,6757
6067,6443
6192,6339
6195,6394
6207,6374
6232,6406
6250,6401
6253,6408
6209,6378
6253,6392
6219,6377
6229,6414
6223,6418
6246,6419
6224,6408
6224,6396
6223,6389
6219,6417
6230,6406
6217,6394
6210,6409
6227,6414
6230,6401
6220,6436
6231,6413
6212,6433
6209,6431
6221,6412
6219,6449
6223,6439
6213,6425
6232,6418
6218,6437
6226,6442
6219,6398
6212,6399
6222,6401
6236,6405
6218,6413
6229,6380
6222,6384
6229,6388
6220,6368
6213,6361
6218,6398
6217,6408
6226,6415
6215,6401
6224,6415
6220,6408
6230,6425
6222,6381
6215,6424
6234,6413
6226,6442
6218,6443
6212,6372
6217,6422
6235,6415
6230,6394
6216,6382
6201,6388
6210,6354
6231,6344
6229,6364
6226,6347
6209,6367
6204,6342
6224,6334
6230,6385
6230,6393
6224,6391
6208,6403
6222,6389
6221,6396
6221,6411
6218,6410
6225,6409
6223,6404
6209,6419
6219,6452
6215,6445
6224,6413
6219,6414
6216,6417
6216,6425
6218,6430
6210,6429
6223,6421
6225,6418
6223,6393
6219,6400
6200,6398
6226,6419
6218,6414
6223,6393
6215,6401
6227,6422
6223,6420
6226,6410
6215,6407
6214,6418
6214,6406
6219,6386
6215,6408
6226,6387
6206,6392
6215,6403
6208,6402
6230,6382
6229,6385
6210,6379
6212,6352
6218,6385
6237,6368
6219,6369
6228,6352
6229,6355
6225,6387
6219,6373
6223,6413
6228,6407
6214,6385
6216,6408
6213,6366
6198,6374
6216,6387
6216,6369
6212,6361
6209,6375
6208,6369
6209,6381
6216,6348
6218,6361
6221,6351
6246,6360
6229,6377
6224,6379
6222,6370
6224,6355
6226,6369
6236,6373
6238,6367
6225,6357
6221,6348
6227,6364
6222,6392
6225,6369
6219,6382
6224,6356
6232,6377
6228,6391
6212,6381
6231,6382
6223,6385
6223,6375
6233,6390
6223,6385
6212,6371
6230,6405
6223,6391
6225,6375
6232,6355
6225,6366
6233,6340
6226,6336
6227,6344
6228,6348
6227,6348
6219,6366
6230,6362
6231,6371
6226,6350
6222,6352
6223,6376
6219,6375
6227,6358
6230,6368
6228,6376
6240,6351
6223,6337
6222,6335
6225,6369
6225,6375
6230,6334
6231,6340
6230,6350
6230,6338
6216,6350
6228,6339
6223,6335
6226,6348
6227,6341
6222,6339
6220,6342
6237,6367
6227,6363
6232,6337
6225,6331
6227,6347
6221,6344
6226,6365
6214,6346
6235,6340
6216,6350
6218,6376
6222,6346
6223,6360
6230,6329
6229,6361
6236,6363
6224,6363
6219,6355
6231,6366
6232,6366
6229,6351
6229,6351
6229,6312
6234,6343
6226,6324
6231,6329
6220,6337
6219,6309
6243,6349
6226,6335
6236,6323
6247,6312
6235,6328
6241,6339
6237,6352
6208,6331
6203,6332
6225,6314
6210,6318
6208,6338
6226,6345
6220,6330
6222,6329
6210,6340
6221,6352
6218,6313
6236,6352
6225,6348
6231,6336
6231,6334
6224,6333
6211,6330
6223,6318
6216,6315
6220,6333
6229,6314
6241,6329
6235,6340
6223,6332
6222,6319
6223,6344
6227,6328
6223,6350
6235,6341
6235,6345
6232,6340
6230,6343
6227,6321
6224,6346
6225,6324
6237,6336
6227,6335
6308,6426
6307,6393
6256,6401
6277,6409
6214,6344
6229,6347
6237,6342
6239,6331
6243,6334
6234,6357
6263,6341
6259,6342
6254,6344
6268,6352
6297,6322
6306,6330
6329,6332
6350,6370
6388,6357
6434,6352
6473,6331
6514,6328
6577,6330
6643,6340
6703,6339
6734,6334
6786,6330
6845,6325
6818,6337
6840,6344
6802,6340
6753,6351
6706,6370
6677,6344
6669,6324
6633,6337
6605,6333
6619,6317
6621,6311
6654,6310
6677,6321
6762,6303
6845,6334
6957,6337
7065,6346
7183,6344
7361,6352
7523,6364
7691,6347
7867,6366
7931,6371
7998,6372
8091,6421
8255,6403
8398,6417
8463,6436
8469,6455
8511,6473
8526,6470
8379,6481
8229,6547
8091,6590
7907,6593
7792,6632
7704,6677
7644,6753
7501,6783
7318,6811
7215,6856
7164,6913
7020,7001
6909,7099
6794,7184
6756,7291
6766,7361
6842,7453
6954,7537
7118,7506
7321,7440
7529,7356
7770,7339
7936,7247
8144,7231
8392,7245
8618,7230
8817,7152
8852,7084
8850,7008
8942,6911
9007,6827
9183,6764
9246,6710
9287,6679
9270,6641
9150,6639
9149,6688
9115,6757
9005,6863
8855,7018
8735,7139
8567,7282
8357,7439
8157,7569
8039,7685
7904,7778
7781,7824
7644,7897
7497,8007
7395,8108
7226,8136
7185,8193
7162,8287
7100,8296
7164,8258
7318,8244
7413,8112
7678,7960
7901,7846
8197,7745
8511,7611
8752,7452
8987,7293
9091,7114
9182,7066
9339,6956
9567,6864
9653,6792
9662,6753
9620,6736
9631,6741
9503,6793
9426,6826
9243,6866
9080,6974
8909,7111
8691,7228
8515,7374
8356,7537
8149,7695
7996,7822
7758,7895
7548,8073
7405,8206
7236,8385
7118,8553
6947,8710
6866,8822
6833,8905
6794,8930
6878,8965
6966,8914
7044,8773
7185,8654
7342,8548
7586,8471
7782,8334
7940,8152
8148,8011
8418,7858
8663,7637
8867,7410
8984,7237
9076,7096
9119,6969
9228,6873
9223,6821
9362,6788
9458,6805
9483,6825
9570,6870
9664,6914
9570,6974
9550,7108
9245,7230
9080,7358
8877,7520
8671,7680
8434,7807
8155,7957
7962,8044
7664,8188
7497,8259
7315,8243
7241,8388
7112,8358
7081,8384
7057,8380
7096,8371
7160,8250
7164,8274
7257,8251
7363,8057
7571,7981
7762,7866
7938,7731
8115,7598
8370,7448
8608,7336
9014,7187
9425,7064
9669,6980
9817,6895
10182,6858
10334,6841
10513,6847
10494,6855
10664,6840
10592,6893
10404,6971
10233,7103
10099,7179
9978,7352
9737,7471
9558,7676
9349,7909
9160,8136
8902,8331
8527,8419
8204,8507
7858,8721
7609,8916
7342,8983
7161,8965
7031,9030
6968,9045
6945,9105
6940,9097
7019,9108
7096,8867
7264,8794
7413,8682
7619,8544
7779,8468
7907,8296
8055,8159
8287,7913
8383,7711
8473,7513
8613,7306
8692,7110
8800,6990
8843,6910
8963,6805
9021,6736
9064,6721
9029,6772
9040,6809
8984,6895
8882,7029
8794,7132
8744,7261
8679,7442
8515,7622
8363,7829
8207,8015
8070,8259
7893,8515
7705,8681
7549,8883
7320,9098
7151,9288
7019,9402
6934,9299
6786,9253
6753,9264
6708,9100
6707,8939
6777,8763
6834,8634
6862,8370
7132,8547
7247,8013
7420,7841
7560,7515
7827,7426
7961,7234
8118,7094
8190,6960
8340,6869
8496,6805
8728,6709
8774,6717
8793,6661
8898,6653
8923,6705
8911,6701
8932,6754
8843,6791
8827,6862
8720,6954
8465,7032
8288,7143
8083,7261
7864,7414
7651,7543
7522,7716
7347,7848
7219,7998
7072,8125
6999,8239
6902,8363
6814,8426
6761,8546
6795,8546
6784,8439
6852,8360
6910,8267
6983,8141
7030,8070
7110,7977
7263,7803
7390,7617
7508,7480
7659,7373
7825,7285
7924,7149
8021,7047
8199,6941
8297,6782
8402,6692
8477,6638
8564,6581
8594,6580
8570,6556
8525,6601
8503,6702
8427,6800
8282,6887
8151,7069
8046,7195
7904,7327
7781,7508
7642,7665
7511,7843
7341,7989
7237,8102
7111,8142
6990,8196
6947,8176
6884,8238
6841,8261
6788,8300
6812,8253
6875,8156
6914,8123
6963,8039
7077,8018
7145,7942
7258,7864
7426,7745
7574,7587
7740,7477
7937,7370
8120,7295
8350,7113
8470,6948
8687,6897
8741,6770
8897,6687
8991,6645
9082,6611
9155,6611
9189,6642
9196,6693
9079,6745
8894,6816
8844,6902
8689,6974
8491,7059
8343,7139
8156,7224
7951,7339
7769,7523
7522,7581
7353,7629
7186,7788
6973,7830
6844,7909
6748,7946
6676,7966
6662,8006
6693,7996
6690,7965
6789,7993
6898,7918
7013,7794
7159,7671
7327,7589
7525,7470
7782,7388
8036,7257
8173,7207
8423,7096
8600,6952
8701,6885
8880,6796
8947,6708
8963,6625
8937,6571
9001,6557
8985,6540
8984,6596
8917,6633
8731,6733
8644,6800
8483,6946
8316,7077
8217,7224
8057,7354
7885,7513
7761,7701
7605,7850
7508,7992
7357,8101
7239,8195
7093,8271
7001,8312
6898,8412
6859,8416
6831,8479
6841,8481
6838,8455
6910,8392
6960,8242
7088,8122
7205,8008
7384,7841
7540,7673
7707,7479
7906,7353
8133,7252
8439,7102
8671,6951
8931,6818
9107,6739
9226,6697
9316,6662
9423,6669
9427,6667
9399,6695
9341,6719
9148,6859
9031,6863
8931,6975
8822,7065
8609,7182
8346,7274
8143,7410
7948,7482
7729,7632
7549,7791
7347,7946
7187,8058
7058,8149
6990,8236
6898,8351
6847,8356
6781,8423
6740,8435
6759,8537
6782,8481
6834,8487
6895,8485
6970,8362
7130,8254
7313,8203
7421,8027
7628,7919
7794,7800
7995,7593
8097,7383
8155,7243
8255,7063
8391,6927
8530,6820
8468,6733
8367,6692
8376,6706
8333,6725
8244,6797
8273,6879
8237,6941
8247,7023
8236,7122
8149,7267
8043,7297
7883,7442
7780,7558
7665,7680
7534,7725
7351,7912
7278,8017
7172,8117
7082,8090
6930,8161
6817,8187
6777,8246
6774,8236
6803,8098
6817,8027
6979,8005
7056,7867
7169,7806
7344,7679
7516,7489
7705,7325
7889,7259
8088,7184
8325,7045
8526,6912
8727,6824
8884,6769
9020,6717
9170,6671
9317,6625
9407,6649
9543,6651
9570,6651
9577,6659
9498,6717
9348,6749
9144,6815
8968,6912
8814,7023
8617,7080
8430,7230
8094,7378
7850,7485
7570,7619
7416,7809
7276,7846
7132,7961
7009,8068
6939,8121
6854,8167
6835,8160
6879,8146
6918,8096
7009,8071
7094,7914
7309,7948
7458,7823
7615,7663
7803,7556
8049,7416
8222,7244
8426,7107
8619,7014
8750,6869
8934,6795
8986,6713
9016,6686
8944,6664
8857,6659
8800,6732
8799,6764
8663,6822
8595,6929
8513,7054
8408,7157
8192,7292
8120,7492
8033,7734
7814,7846
7597,8010
7472,8198
7373,8449
7224,8599
7149,8769
7056,8829
7000,8916
6904,8873
6815,8955
6753,9007
6719,8983
6731,8881
6745,8716
6841,8573
6919,8438
7006,8328
7187,8168
7355,7973
7588,7762
7769,7565
7980,7382
8249,7258
8440,7056
8548,6946
8751,6847
8895,6718
9007,6663
9204,6604
9334,6568
9399,6589
9443,6588
9222,6639
9057,6714
8913,6754
8796,6847
8629,6913
8567,6987
8354,7068
8244,7128
8076,7201
7903,7338
7678,7412
7570,7527
7419,7632
7250,7707
7176,7747
7065,7830
7045,7927
7103,7980
7117,7939
7131,7976
7230,7960
7365,7946
7529,7856
7687,7739
7894,7696
8110,7633
8306,7526
8458,7418
8613,7310
8921,7186
9109,7054
9330,6924
9486,6819
9701,6739
9755,6660
9897,6660
9876,6635
9863,6647
9866,6689
9794,6763
9670,6865
9498,7004
9339,7112
9180,7271
9051,7388
8832,7527
8630,7664
8503,7849
8362,7990
8251,8063
8103,8163
7969,8305
7801,8433
7609,8518
7440,8582
7301,8787
7308,8940
7267,8855
7376,8828
7449,8752
7602,8749
7832,8596
8231,8587
8502,8528
8862,8422
9132,8222
9573,8008
10081,7761
10462,7615
10834,7465
11146,7219
11468,7113
11587,6993
11875,6903
12137,6894
12133,6845
11954,6923
11954,7031
11843,7177
11809,7237
11611,7408
11334,7518
11015,7631
10620,7855
10201,7985
9846,8106
9374,8276
8970,8374
8625,8658
8377,9047
8173,9257
7952,9474
7849,9583
7713,9624
7664,9722
7682,9795
7672,9879
7711,9898
7782,9775
7908,9673
8198,9573
8461,9369
8759,9141
9132,8809
9561,8575
9890,8331
10334,8062
10648,7763
10845,7489
11095,7308
11388,7117
11632,7026
11914,6961
12082,7002
12123,7027
12158,7126
11892,7262
11801,7394
11777,7543
11376,7732
11067,7970
10825,8258
10452,8543
10054,8857
9674,9162
9261,9438
8875,9641
8504,10031
8175,10271
7952,10358
7766,10416
7597,10563
7538,10586
7503,10615
7487,10511
7589,10483
7718,10262
7881,10143
8028,9886
8259,9679
8397,9399
8700,9215
9123,8889
9567,8605
10022,8313
10441,8205
10828,7923
11214,7732
11518,7545
11846,7444
12037,7294
12137,7200
12009,7226
11905,7259
11723,7327
11572,7444
11229,7577
10824,7748
10417,7975
9946,8281
9562,8562
9170,8814
8850,8972
8590,9128
8312,9356
8130,9652
7939,9937
7743,10101
7545,10161
7441,10189
7354,10182
7345,10192
7387,10248
7448,10082
7457,9901
7588,9671
7781,9513
8001,9334
8145,9279
8315,9103
8596,8882
8878,8643
9182,8351
9428,8052
9778,7711
9978,7443
9896,7168
9879,7026
9995,6923
9677,6908
9416,6910
8932,6990
8470,7124
8463,7256
8302,7422
7807,7629
7203,7875
6760,8133
6463,8466
6318,8677
6242,8842
6208,9070
6179,9225
6161,9426
6153,9663
6159,9741
6152,9739
6155,9678
6154,9699
6152,9681
6257,9781
6145,9639
6154,9507
6290,9449
6212,9156
6047,8778
6094,8717
6119,8582
6126,8205
6109,7895
6116,7685
6142,7427
6123,7223
6113,7065
6121,6947
6127,6831
6123,6784
6127,6810
6116,6850
6113,6941
6121,6989
6120,7214
6126,7376
6111,7528
6112,7632
6116,7610
6107,7662
6135,7776
6113,7957
6117,8104
6121,8387
6106,8439
6115,8653
6124,8575
6113,8314
6123,8099
6114,7977
6110,7816
6116,7471
6103,7174
6107,6821
6104,6533
6112,6376
6111,6280
6102,6208
6109,6169
6106,6153
6095,6144
6104,6160
6099,6155
6101,6161
6110,6172
6108,6161
6098,6177
6112,6173
6108,6179
6110,6173
6104,6159
6092,6114
6103,6097
6099,6084
6098,6086
6100,6084
6113,6068
6109,6079
6095,6064
6111,6071
6110,6065
6108,6072
6105,6074
6101,6063
6107,6066
6105,6071
6103,6071
6104,6052
6106,6064
6106,6062
6105,6066
6102,6057
6103,6059
6096,6055
6109,6070
6104,6062
6101,6052
6107,6068
6095,6054
6100,6059
6102,6053
6097,6056
6102,6058
6104,6067
6112,6048
6108,6053
6104,6067
6105,6058
6106,6058
6110,6056
6110,6057
6110,6056
6109,6053
6118,6069
6111,6049
6108,6062
6116,6047
6102,6040
6117,6057
6106,6044
6118,6052
6111,6055
6115,6044
6111,6053
6121,6049
6110,6036
6104,6055
6102,6054
6104,6045
6107,6056
6101,6056
6109,6053
6113,6054
6106,6039
6111,6050
6095,6040
6112,6046
6111,6057
6115,6049
6108,6050
6117,6030
6111,6055
6104,6059
6112,6035
6111,6049
6111,6053
6109,6046
6117,6059
6102,6047
6107,6039
6115,6046
6104,6045
6112,6048
6109,6026
6115,6059
6106,6039
6110,6055
6114,6049
6104,6052
6108,6040
6115,6047
6104,6034
6114,6046
6111,6061
6103,6054
6104,6048
6102,6058
6109,6043
6105,6047
6099,6049
6111,6046
6102,6051
6112,6050
6108,6051
6105,6057
6100,6047
6101,6062
6096,6053
6104,6047
6105,6039
6108,6053
6097,6055
6087,6042
6093,6044
6108,6043
6112,6051
6103,6056
6098,6040
6110,6057
6108,6050
6107,6055
6103,6048
6109,6040
6094,6021
6111,6038
6099,6053
6100,6048
6109,6057
6099,6044
6112,6036
6106,6042
6110,6035
6101,6061
6103,6034
6111,6042
6121,6056
6110,6057
6103,6047
6102,6041
6103,6039
6094,6058
6109,6057
6107,6056
6101,6052
6099,6041
6104,6047
6108,6040
6104,6037
6103,6049
6105,6053
6105,6052
6092,6059
6105,6049
6097,6046
6104,6032
6105,6049
6103,6049
6100,6059
6102,6058
6099,6038
6094,6055
6105,6058
6113,6059
6102,6054
6103,6035
6103,6053
6106,6057
6101,6054
6099,6063
6103,6049
6101,6054
6099,6031
6097,6048
6112,6049
6100,6058
6095,6039
6097,6040
6093,6040
6098,6049
6098,6043
6110,6048
6115,6045
6109,6047
6093,6044
6104,6051
6087,6032
6104,6040
6097,6048
6097,6032
6101,6045
6100,6028
6096,6037
6094,6056
6114,6046
6088,6051
6100,6047
6094,6050
6104,6060
6094,6053
6090,6051
6094,6051
6096,6053
6100,6051
6098,6052
6106,6042
6105,6046
6093,6045
6104,6053
6102,6037
6099,6033
6102,6044
6103,6055
6097,6041
6064,5967
6090,6042
6100,6081
6053,6002
6095,6051
6083,6041
6092,6061
6108,6069
6085,6053
6090,6044
6105,6047
6094,6046
6103,6045
6101,6046
6108,6056
6105,6053
6094,6044
6107,6042
6095,6053
6106,6036
6095,6044
6097,6042
6103,6044
6104,6054
6101,6059
6102,6045
6104,6042
6110,6055
6099,6049
6089,6050
6108,6049
6103,6049
6104,6058
6101,6052
6102,6033
6115,6067
6098,6053
6102,6046
6101,6049
6102,6056
6095,6039
6110,6049
6108,6056
6103,6040
6104,6059
6101,6050
6104,6047
6101,6046
6097,6069
6107,6048
6097,6058
6102,6069
6097,6058
6106,6063
6104,6058
6104,6029
6112,6050
6111,6047
6099,6053
6117,6047
6102,6050
6110,6055
6106,6058
6105,6045
6106,6052
6110,6039
6113,6049
6098,6042
6104,6043
6107,6051
6099,6056
6102,6045
6102,6061
6099,6060
6107,6038
6109,6045
6110,6048
6105,6056
6104,6047
6107,6055
6098,6041
6099,6041
6097,6033
6099,6040
6104,6046
6103,6045
6089,6030
6103,6047
6111,6044
6104,6054
6096,6040
6105,6052
6104,6049
6112,6050
6097,6049
6104,6049
6100,6050
6108,6049
6106,6049
6099,6063
6097,6053
6099,6059
6097,6050
6089,6040
6096,6051
6097,6050
6106,6045
6095,6045
6102,6044
6103,6057
6100,6040
6098,6046
6093,6042
6111,6043
6101,6054
6103,6050
6102,6048
6101,6055
6101,6037
6098,6051
6102,6052
6095,6057
6104,6045
6105,6037
6113,6048
6104,6045
6106,6052
6110,6053
6109,6051
6106,6042
6099,6030
6103,6062
6100,6058
6105,6045
6112,6042
6113,6049
6098,6056
6109,6060
6100,6044
6112,6038
6111,6056
6101,6051
6105,6050
6112,6055
6116,6053
6107,6042
6114,6049
6111,6040
6112,6046
6121,6048
6113,6045
6109,6051
6111,6054
6113,6063
6115,6052
6110,6029
6107,6057
6108,6057
6117,6050
6110,6046
6106,6056
6110,6054
6111,6048
6119,6048
6104,6043
6114,6060
6106,6045
6101,6051
6110,6059
6097,6047
6109,6049
6105,6040
6104,6053
6103,6051
6101,6051
6105,6047
6112,6045
6114,6051
6119,6054
6106,6034
6109,6056
6110,6053
6099,6035
6107,6040
6117,6041
6119,6052
6099,6041
6110,6058
6095,6058
6109,6034
6100,6045
6110,6038
6107,6043
6114,6054
6119,6055
6110,6057
6106,6051
6110,6052
6101,6041
6111,6049
6116,6053
6113,6053
6107,6037
6090,6033
6117,6053
6117,6058
6108,6063
6104,6051
6094,6043
6109,6050
6117,6061
6107,6052
6117,6038
6113,6050
6092,6063
6112,6050
6103,6062
6108,6062
6115,6047
6112,6054
6096,6047
6113,6047
6110,6056
6107,6051
6103,6030
6097,6048
6111,6057
6116,6043
6110,6050
6108,6042
6114,6059
6116,6054
6106,6054
6112,6038
6115,6048
6123,6038
6115,6043
6109,6056
6110,6042
6112,6060
6117,6056
6117,6045
6104,6055
6106,6057
6125,6050
6102,6052
6109,6058
6115,6047
6112,6061
6119,6062
6111,6042
6118,6052
6110,6061
6124,6054
6105,6040
6111,6049
6106,6053
6105,6047
6108,6057
6115,6058
6118,6056
6124,6056
6116,6057
6122,6063
6121,6056
6115,6056
6114,6044
6119,6054
6118,6060
6118,6044
6113,6049
6112,6051
6118,6041
6115,6057
6117,6050
6120,6059
6116,6051
6112,6046
6104,6042
6115,6054
6105,6061
6112,6064
6111,6041
6111,6041
6120,6041
6109,6049
6109,6060
6107,6042
6126,6049
6112,6047
6120,6052
6114,6052
6109,6060
6116,6061
6100,6134
6112,6054
6114,6059
6116,6057
6116,6060
6116,6063
6313,6259
6380,6244
6115,6049
6112,6046
6686,6566
6686,6566
6215,6283
5873,5854
6185,6183
6032,5906
6038,5996
5725,5506
6635,6578
6060,5561
5891,5850
6000,5908
6124,5930
6158,6282
6113,6208
6125,6073
6021,5937
6079,6197
6083,6115
6044,5864
6027,5968
6194,6151
6112,5892
6112,5892
6084,6029
6089,6015
6109,6019
6076,5991
6085,5954
6063,5964
6054,5957
6046,6024
6238,6162
6146,6051
6118,6077
6108,6020
6181,6133
6205,6076
6224,6022
6097,6055
6094,6054
6040,5951
6214,6156
6089,6029
6083,6018
6083,6018
0,28
0,61680
0,0
6067,6027
5599,5578
5593,5577
5602,5589
5595,5589
5599,5571
5606,5569
5597,5574
5599,5574
5816,5746
6310,6318
6294,6320
6318,6288
6304,6319
6280,6303
6284,6295
6297,6292
6277,6300
6284,6281
6292,6316
6291,6328
6290,6313
6304,6342
6298,6338
6302,6323
6301,6329
6298,6328
6293,6339
6288,6337
6315,6340
6303,6310
6285,6323
6266,6302
6282,6325
6278,6330
6282,6328
6300,6306
6278,6339
6296,6368
6297,6360
6290,6336
6287,6314
6269,6328
6280,6334
6293,6350
6284,6347
6298,6356
6291,6338
6294,6306
6284,6333
6274,6335
6280,6336
6290,6378
6302,6327
6296,6331
6289,6336
6287,6333
6315,6301
6342,6347
6305,6344
6308,6322
6297,6319
6277,6299
6273,6303
6279,6302
6134,6202
6310,6347
6143,6289
6665,6674
6240,6273
6265,6335
6275,6328
6323,6354
6311,6333
6264,6293
6285,6330
6273,6304
6282,6301
6300,6306
6311,6330
6315,6324
6282,6322
6285,6348
6303,6339
6305,6315
6284,6318
6277,6335
6273,6345
6279,6361
6289,6315
6269,6329
6290,6342
6293,6333
6305,6350
6300,6347
6307,6378
6289,6322
6290,6335
6267,6322
6288,6332
6305,6344
6270,6323
6289,6319
6289,6301
6278,6307
6273,6333
6273,6315
6297,6324
6306,6322
6311,6314
6288,6324
6271,6331
6274,6352
6287,6332
6294,6345
6289,6358
6296,6350
6307,6312
6286,6320
6269,6297
6290,6322
6294,6350
6299,6369
6295,6328
6298,6321
6278,6355
6291,6363
6297,6351
6283,6333
6283,6332
6292,6314
6278,6348
6277,6359
6300,6340
6293,6336
6282,6331
6293,6319
6294,6292
6289,6324
6284,6345
6292,6356
6290,6357
6291,6353
6284,6341
6283,6338
6303,6356
6294,6357
6290,6331
6281,6345
6282,6323
6281,6325
6276,6344
6271,6323
6301,6333
6292,6335
6289,6342
6256,6385
6290,6322
6288,6336
6296,6332
6279,6319
6280,6331
6256,6334
6290,6348
6291,6355
6273,6344
6277,6346
6292,6349
6271,6329
6263,6351
6262,6339
6276,6322
6283,6327
6272,6356
6282,6325
6285,6338
6287,6355
6282,6304
6273,6362
6272,6364
6261,6352
6260,6347
6281,6321
6270,6317
6270,6332
6292,6340
6292,6324
6276,6336
6276,6354
6263,6356
6282,6389
6279,6386
6254,6366
6266,6350
6284,6367
6274,6386
6275,6362
6273,6345
6279,6355
6288,6356
6273,6362
6284,6387
6291,6383
6263,6391
6259,6361
6266,6398
6274,6376
6266,6368
6271,6372
6235,6363
6254,6369
6260,6364
6270,6353
6288,6373
6270,6383
6281,6378
6282,6369
6258,6384
6252,6395
6246,6374
6256,6366
6267,6358
6277,6375
6258,6362
6249,6374
6275,6360
6263,6353
6266,6385
6260,6381
6275,6371
6265,6366
6268,6369
6263,6357
6263,6383
6233,6363
6240,6365
6251,6390
6259,6368
6249,6368
6239,6359
6240,6397
6256,6390
6245,6384
6251,6426
6246,6430
6272,6413
6243,6406
6253,6390
6268,6387
6269,6402
6259,6382
6237,6363
6255,6382
6265,6383
6251,6386
6271,6384
6257,6424
6286,6425
6241,6417
6246,6396
6252,6395
6247,6396
6241,6377
6245,6390
6252,6353
6252,6361
6237,6326
6256,6355
6227,6344
6248,6375
6235,6397
6244,6380
6221,6412
6227,6370
6229,6390
6255,6371
6254,6405
6256,6390
6247,6403
6254,6397
6259,6404
6260,6390
6244,6412
6232,6405
6248,6400
6248,6379
6240,6392
6236,6383
6238,6370
6225,6403
6242,6380
6248,6379
6239,6383
6248,6385
6249,6360
6249,6369
6241,6409
6237,6387
6240,631
7634,7886
7493,7951
7403,8107
7236,8135
7198,8218
7134,8247
7110,8233
7174,8249
7306,8190
7438,8109
7691,7945
7959,7887
8181,7775
8497,7612
8764,7484
8961,7313
9095,7145
9213,7030
9310,6978
9584,6848
9697,6801
9673,6750
9669,6750
9649,6770
9460,6736
9409,6824
9226,6883
9105,6960
8877,7104
8685,7240
8541,7413
8345,7563
8165,7700
7990,7810
7819,7940
7552,8073
7407,8239
7259,8428
7117,8545
6961,8727
6882,8853
6809,8939
6823,8972
6866,9001
6992,8962
7067,8815
7175,8682
7351,8554
7568,8434
7759,8320
7950,8140
8117,8048
8427,7854
8643,7630
8855,7437
9042,7207
9062,7087
9132,6968
9223,6869
9279,6793
9341,6816
9460,6818
9547,6822
9632,6887
9698,6932
9531,7008
9509,7087
9296,7247
9051,7368
8881,7518
8682,7682
8446,7839
8151,7951
7953,8110
7691,8202
7487,8256
7332,8247
7237,8372
7152,8379
7065,8372
7038,8356
7104,8373
7141,8320
7137,8297
7235,8198
7378,8109
7553,7916
7747,7880
7963,7721
8097,7598
8359,7444
8615,7296
8961,7199
9370,7058
9646,6986
9829,6896
10109,6851
10359,6846
10532,6824
10599,6821
10683,6840
10589,6882
10398,6967
10323,7165
10115,7174
9921,7283
9806,7494
9597,7683
9387,7909
9157,8116
8830,8334
8552,8418
8204,8454
7818,8754
7632,8896
7349,8957
7181,8970
7055,9051
6962,9016
6949,9095
6958,9064
7046,9061
7087,8880
7260,8705
7423,8639
7600,8530
7786,8429
7920,8327
8089,8169
8220,7929
8383,7709
8526,7454
8593,7301
8682,7135
8755,6973
8831,6879
8985,6788
8992,6734
9082,6706
9031,6781
9025,6824
9000,6911
8882,7030
8794,7175
8719,7265
8644,7446
8543,7642
8376,7858
8234,8025
8081,8249
7884,8478
7721,8743
7557,8890
7330,9067
7162,9280
7024,9375
6947,9285
6811,9263
6747,9237
6715,9093
6734,8976
6770,8821
6859,8646
6958,8439
7115,8239
7259,8060
7467,7853
7617,7635
7776,7399
7968,7243
8108,7104
8227,7009
8304,6860
8467,6794
8646,6713
8778,6682
8774,6673
8917,6655
8967,6669
8934,6719
8911,6749
8894,6805
8801,6839
8699,6934
8481,7044
8274,7134
8087,7251
7834,7385
7643,7542
7542,7734
7371,7873
7169,7996
7052,8144
6986,8233
6894,8284
6813,8415
6757,8496
6789,8499
6780,8426
6836,8332
6930,8272
6950,8169
7054,8053
7130,7960
7269,7843
7408,7649
7509,7498
7707,7395
7868,7255
7919,7120
8030,7028
8215,6885
8287,6794
8405,6676
8458,6649
8531,6575
8602,6562
8586,6566
8540,6612
8461,6679
8403,6779
8332,6901
8180,7081
8084,7181
7927,7333
7804,7496
7645,7667
7479,7853
7361,8006
7235,8066
7093,8115
7016,8160
6958,8198
6892,8219
6846,8291
6809,8339
6814,8262
6844,8138
6895,8106
6978,8088
7085,8011
7156,7938
7250,7848
7443,7728
7566,7582
7772,7459
7964,7359
8161,7208
8321,7108
8493,6977
8642,6879
8762,6786
8894,6700
9022,6629
9158,6609
9134,6604
9190,6636
9183,6699
9124,6740
8958,6836
8787,6912
8668,6986
8509,7073
8380,7143
8179,7207
7965,7360
7756,7528
7548,7617
7356,7672
7167,7788
6975,7853
6861,7928
6780,7941
6694,7966
6660,7991
6673,8005
6703,7976
6789,7983
6903,7941
7009,7794
7160,7661
7341,7639
7536,7514
7768,7376
8006,7286
8170,7165
8412,7074
8604,6961
8691,6890
8857,6786
8966,6707
9018,6640
8949,6572
9020,6553
8994,6544
8951,6598
8861,6640
8749,6732
8630,6837
8504,6919
8315,7083
8201,7219
8059,7376
7883,7535
7787,7680
7603,7847
7492,7996
7339,8044
7246,8205
7071,8330
6980,8322
6890,8375
6871,8452
6841,8522
6838,8498
6828,8451
6908,8399
6931,8264
7104,8101
7223,8013
7356,7826
7531,7674
7728,7448
7930,7382
8184,7246
8438,7079
8689,6950
8941,6800
9127,6733
9282,6666
9315,6653
9421,6660
9400,6661
9400,6673
9308,6728
9222,6825
9058,6891
8982,6983
8851,7106
8630,7180
8299,7314
8152,7393
7969,7498
7730,7614
7561,7783
7368,7952
7224,8051
7090,8123
7022,8204
6906,8323
6815,8354
6775,8413
6753,8495
6762,8539
6784,8538
6866,8547
6890,8497
6963,8386
7114,8311
7325,8198
7474,8085
7617,7913
7779,7820
8004,7625
8100,7438
8186,7268
8254,7068
8446,6928
8540,6833
8450,6764
8456,6709
8350,6727
8372,6739
8243,6812
8312,6883
8217,6915
8331,7099
8176,7145
8134,7234
8032,7340
7868,7475
7770,7547
7668,7651
7501,7760
7361,7904
7299,8004
7202,8094
7080,8098
6924,8170
6835,8252
6776,8198
6754,8144
6806,8047
6826,8040
6969,8012
7075,7918
7210,7823
7349,7662
7513,7465
7705,7390
7910,7294
8112,7175
8316,7013
8497,6916
8681,6846
8911,6787
9035,6691
9171,6670
9339,6625
9380,6645
9532,6643
9599,6642
9617,6672
9542,6681
9377,6755
9168,6851
9017,6934
8815,7004
8612,7080
8401,7248
8088,7366
7834,7495
7585,7639
7389,7811
7288,7863
7139,7941
7003,8036
6889,8118
6850,8183
6854,8186
6903,8141
6940,8099
6982,8038
7124,7930
7315,7935
7464,7821
7640,7698
7818,7560
8000,7387
8210,7222
8452,7098
8627,7026
8727,6892
8927,6815
8950,6733
8959,6670
8927,6654
8879,6655
8804,6720
8766,6767
8701,6812
8623,6920
8506,7032
8391,7165
8214,7298
8135,7493
8045,7754
7821,7847
7635,7992
7515,8198
7359,8412
7267,8613
7141,8725
7055,8844
6995,8944
6904,8872
6822,8974
6762,9010
6742,8991
6729,8872
6764,8686
6836,8596
6920,8460
7033,8359
7170,8108
7351,7932
7556,7792
7789,7609
7997,7407
8228,7247
8433,7047
8617,6961
8760,6818
8922,6747
9040,6638
9199,6577
9344,6547
9396,6566
9410,6593
9220,6639
9032,6687
8957,6775
8806,6855
8661,6890
8547,7005
8422,7052
8248,7119
8117,7220
7896,7290
7719,7397
7558,7530
7423,7615
7263,7694
7131,7789
7085,7797
7027,7867
7108,7967
7129,7898
7149,7946
7244,7960
7363,7944
7543,7886
7688,7759
7911,7695
8083,7596
8315,7526
8451,7422
8641,7315
8921,7171
9147,7040
9338,6910
9455,6830
9692,6744
9759,6668
9847,6645
9811,6621
9919,6672
9902,6678
9774,6756
9637,6842
9553,6998
9334,7115
9157,7244
9057,7379
8839,7509
8682,7705
8488,7851
8409,7955
8257,8078
8122,8163
7951,8332
7827,8440
7613,8581
7438,8617
7347,8769
7275,8905
7309,8897
7357,8825
7423,8785
7591,8729
7879,8595
8222,8531
8486,8510
8840,8402
9128,8234
9578,8008
10080,7774
10440,7575
10855,7424
11061,7223
11417,7156
11591,6994
11912,6905
12104,6875
12093,6858
12038,6908
11971,7008
11879,7144
11914,7220
11627,7386
11376,7487
11011,7705
10602,7800
10182,7983
9825,8127
9385,8293
8963,8373
8616,8676
8371,9038
8133,9289
7964,9503
7850,9560
7671,9632
7666,9661
7649,9811
7683,9901
7736,9882
7745,9781
7935,9686
8219,9542
8410,9345
8803,9137
9193,8823
9570,8575
9879,8346
10308,8016
10684,7771
10909,7479
11090,7289
11408,7151
11652,7014
11928,6989
12119,7001
12140,7039
12071,7140
11965,7206
11855,7377
11781,7541
11393,7789
11064,7992
10819,8232
10450,8519
10051,8841
9691,9139
9334,9408
8829,9686
8522,10027
8184,10259
7964,10374
7745,10456
7631,10618
7541,10583
7481,10549
7508,10586
7565,10424
7673,10224
7867,10113
7975,9837
8240,9741
8434,9386
8693,9175
9053,8900
9564,8573
9973,8327
10439,8169
10795,7951
11227,7726
11528,7563
11755,7402
11978,7277
12066,7149
12011,7164
11888,7265
11754,7333
11585,7407
11226,7536
10798,7766
10380,7988
9924,8255
9595,8530
9229,8783
8864,8981
8603,9183
8337,9391
8168,9625
7951,9940
7747,10125
7551,10208
7423,10264
7327,10253
7310,10233
7369,10206
7408,10120
7464,9914
7575,9658
7794,9567
8046,9441
8198,9284
8320,9075
8582,8908
8857,8654
9159,8359
9413,8052
9756,7761
9969,7495
9900,7233
9914,7063
9983,6949
9710,6926
9418,6941
8930,6982
8433,7118
8440,7215
8311,7411
7800,7648
7226,7845
6758,8169
6466,8434
6312,8668
6240,8830
6201,8981
6174,9161
6164,9428
6163,9655
6152,9781
6159,9764
6148,9714
6153,9726
6144,9757
6160,9791
6146,9650
6147,9588
6133,9349
6141,9128
6137,8862
6140,8790
6128,8591
6119,8205
6123,7931
6123,7658
6135,7418
6129,7237
6119,7070
6120,6954
6125,6843
6122,6797
6127,6789
6114,6855
6120,6906
6120,7031
6104,7184
6117,7374
6107,7551
6113,7644
6114,7632
6109,7630
6125,7783
6118,8008
6127,8121
6115,8355
6104,8495
6106,8667
6122,8544
6113,8308
6117,8000
6116,7977
6119,7829
6116,7456
6093,7155
6111,6814
6106,6540
6115,6372
6113,6256
6102,6199
6115,6186
6112,6157
6106,6154
6106,6162
6103,6162
6107,6152
6118,6160
6102,6163
6104,6183
6119,6162
6114,6176
6108,6194
6111,6170
6093,6128
6107,6094
6106,6071
6108,6084
6098,6069
6119,6067
6115,6075
6104,6053
6109,6081
6108,6066
6112,6069
6107,6070
6103,6060
6110,6067
6111,6052
6102,6070
6109,6073
6107,6065
6110,6056
6108,6052
6109,6065
6111,6063
6103,6068
6104,6070
6108,6065
6105,6062
6103,6069
6108,6069
6100,6049
6109,6057
6105,6049
6102,6065
6099,6060
6113,6051
6106,6056
6110,6029
6109,6071
6104,6058
6104,6070
6112,6062
6111,6045
6106,6042
6106,6064
6110,6059
6112,6045
6115,6042
6104,6056
6116,6053
6110,6048
6111,6041
6113,6058
6110,6054
6112,6051
6120,6049
6102,6045
6118,6044
6113,6052
6104,6047
6116,6041
6106,6047
6106,6047
6112,6047
6115,6057
6108,6062
6101,6044
6107,6055
6110,6054
6110,6037
6110,6054
6106,6050
6114,6055
6109,6048
6108,6040
6110,6050
6109,6051
6113,6044
6118,6050
6112,6049
6106,6052
6112,6051
6102,6048
6113,6045
6120,6036
6118,6039
6113,6045
6110,6046
6108,6063
6111,6043
6108,6051
6114,6048
6103,6047
6101,6052
6106,6052
6111,6048
6107,6043
6102,6068
6108,6046
6113,6040
6106,6073
6108,6052
6109,6042
6094,6049
6098,6051
6116,6049
6105,6036
6107,6045
6097,6054
6108,6039
6108,6056
6108,6038
6099,6057
6103,6053
6100,6043
6107,6042
6101,6062
6100,6039
6105,6048
6106,6058
6111,6050
6107,6050
6109,6054
6107,6037
6099,6033
6111,6050
6104,6046
6104,6054
6104,6060
6103,6053
6106,6041
6107,6047
6117,6049
6101,6061
6096,6031
6108,6042
6115,6044
6104,6050
6103,6048
6093,6051
6104,6046
6106,6045
6102,6043
6111,6047
6094,6046
6098,6040
6108,6038
6111,6052
6104,6045
6099,6050
6112,6056
6102,6051
6069,6030
6047,5594
6030,5989
6083,5982
6106,6045
6177,6122
6102,6069
6109,6047
6085,6029
6114,6057
6113,6058
6103,6056
6114,6060
6103,6035
6105,6042
6105,6048
6096,6029
6114,6046
6098,6044
6108,6045
6105,6050
6103,6037
6121,6053
6095,6057
6102,6038
6103,6042
6100,6037
6101,6047
6103,6043
6106,6049
6105,6036
6108,6034
6100,6038
6107,6046
6105,6042
6101,6047
6111,6049
6108,6042
6089,6037
6098,6046
6100,6050
6103,6042
6102,6040
6095,6036
6094,6064
6096,6048
6103,6041
6102,6055
6095,6052
6102,6047
6103,6053
6102,6047
6096,6034
6096,6035
6103,6049
6098,6043
6108,6049
6095,6048
6096,6050
6098,6049
6109,6041
6090,6056
6089,6034
6102,6053
6096,6042
6096,6052
6106,6058
6096,6054
6094,6060
6103,6063
6099,6049
6100,6038
6099,6050
6094,6057
6090,6057
6102,6053
6121,6047
6098,6042
6091,6043
6103,6056
6100,6050
6102,6047
6106,6046
6095,6051
6102,6042
6107,6055
6104,6050
6100,6048
6113,6054
6102,6046
6095,6041
6097,6036
6106,6054
6110,6050
6105,6042
6104,6055
6098,6039
6101,6046
6109,6047
6104,6048
6103,6058
6098,6043
6097,6047
6109,6049
6106,6049
6102,6046
6104,6050
6099,6027
6109,6052
6096,6046
6094,6042
6106,6051
6102,6050
6110,6058
6103,6055
6111,6052
6106,6040
6113,6050
6115,6041
6108,6048
6112,6048
6111,6064
6101,6042
6115,6052
6110,6056
6106,6055
6096,6069
6108,6039
6117,6058
6107,6050
6103,6058
6108,6044
6101,6043
6103,6038
6106,6054
6101,6044
6110,6051
6105,6050
6107,6039
6104,6059
6100,6053
6101,6061
6105,6046
6097,6041
6097,6049
6106,6054
6111,6064
6109,6053
6099,6037
6105,6041
6114,6050
6098,6045
6101,6042
6104,6034
6103,6046
6105,6050
6099,6039
6106,6046
6109,6050
6102,6059
6109,6058
6102,6054
6104,6052
6097,6063
6109,6037
6105,6043
6101,6045
6109,6048
6112,6052
6096,6055
6102,6042
6109,6053
6106,6050
6099,6050
6093,6056
6107,6053
6096,6056
6091,6066
6102,6045
6097,6038
6098,6043
6098,6043
6107,6047
6102,6052
6108,6047
6109,6053
6105,6060
6108,6036
6105,6049
6110,6054
6109,6060
6114,6053
6101,6039
6102,6052
6101,6058
6096,6061
6106,6054
6120,6049
6100,6042
6115,6046
6102,6053
6108,6055
6113,6104
6108,6052
6101,6049
6116,6047
6107,6048
6108,6048
6114,6042
6119,6053
6113,6055
6119,6045
6109,6026
6111,6050
6115,6031
6122,6059
6115,6058
6108,6056
6101,6047
6102,6057
6113,6041
6109,6041
6103,6039
6114,6057
6095,6051
6111,6041
6104,6046
6104,6059
6111,6049
6106,6054
6110,6050
6104,6042
6103,6078
6110,6042
6105,6045
6109,6035
6112,6046
6107,6057
6110,6045
6109,6041
6116,6052
6110,6038
6098,6038
6114,6049
6097,6041
6108,6053
6110,6065
6105,6055
6116,6048
6111,6062
6106,6047
6120,6053
6101,6042
6109,6043
6115,6064
6107,6049
6111,6055
6112,6055
6112,6050
6110,6036
6098,6031
6115,6050
6110,6037
6112,6060
6109,6055
6112,6047
6115,6042
6120,6051
6108,6061
6110,6053
6107,6050
6081,6003
6105,6044
6091,6028
6137,6055
6100,6032
6096,6041
6107,6040
6114,6054
6108,6043
6110,6049
6106,6058
6109,6054
6108,6050
6117,6054
6114,6053
6100,6044
6105,6043
6113,6053
6101,6039
6110,6045
6109,6055
6126,6045
6118,6047
6102,6039
6115,6046
6097,6031
6113,6029
6113,6054
6109,6051
6114,6062
6113,6064
6113,6060
6119,6042
6102,6038
6111,6040
6122,6055
6112,6063
6105,6051
6109,6061
6114,6042
6116,6055
6111,6049
6119,6040
6126,6053
6117,6050
6110,6056
6116,6042
6113,6062
6110,6064
6111,6060
6109,6031
6114,6062
6126,6060
6111,6052
6116,6059
6125,6042
6116,6030
6105,6053
6118,6058
6110,6059
6113,6056
6114,6055
6117,6055
6120,6039
6120,6039
6117,6048
6111,6056
6118,6055
6111,6062
6115,6058
6105,6069
6112,6059
6112,6054
6110,6047
6117,6051
6112,6063
6116,6046
6113,6052
6114,6053
6111,6061
6112,6061
6119,6044
6114,6048
6120,6053
6115,6061
6115,6052
6115,6052
6118,6055
6120,6056
6120,6050
6113,6063
6122,6056
6111,6049
6116,6059
6111,6064
6123,6059
6113,6058
6114,6055
6113,6046
6109,6058
6118,6053
6119,6062
6122,6040
6108,6062
6112,6054
6119,6059
6122,6051
6112,6066
6112,6066
6118,6049
6111,6048
6120,6060
6118,6048
6111,6062
6111,6063
6116,6054
6116,6065
6119,6061
6112,6059
6115,6049
6113,6052
6119,6049
6120,6052
6115,6041
6117,6049
6118,6050
6111,6057
6118,6050
6111,6061
6107,6065
6107,6065
6115,6044
6114,6057
6117,6049
6118,6052
6109,6050
6120,6061
6116,6064
6111,6051
6097,6057
6110,6055
0,28
0,61680
0,0
6115,6060
5594,5583
5598,5571
5601,5578
5603,5576
5631,5588
5577,5541
5585,5573
5598,5574
5834,5723
6340,6325
6278,6315
6289,6281
6305,6303
6284,6320
6285,6295
6274,6288
6284,6293
6298,6287
6295,6311
6300,6327
6302,6314
6284,6335
6284,6315
6312,6336
6305,6342
6304,6324
6295,6339
6297,6344
6315,6336
6291,6309
6290,6315
6289,6323
6285,6327
6286,6332
6284,6313
6295,6311
6291,6337
6312,6352
6305,6363
6298,6314
6291,6333
6264,6341
6279,6362
6286,6365
6283,6339
6301,6340
6302,6337
6300,6302
6294,6364
6291,6327
6282,6340
6302,6360
6309,6340
6286,6336
6304,6362
6301,6321
6328,6325
6311,6340
6307,6346
6317,6324
6308,6319
6279,6366
6273,6285
6272,6323
6298,6338
6321,6339
6294,6345
6303,6329
6317,6339
6308,6352
6291,6331
6289,6315
6295,6321
6287,6306
6305,6312
6298,6343
6308,6318
6288,6306
6307,6329
6311,6338
6293,6319
6285,6341
6303,6327
6297,6308
6294,6337
6268,6347
6275,6358
6285,6340
6275,6315
6276,6315
6290,6301
6277,6320
6302,6347
6307,6358
6316,6364
6299,6338
6272,6337
6282,6312
6305,6328
6301,6352
6274,6325
6291,6324
6297,6332
6278,6315
6275,6336
6269,6340
6290,6330
6302,6318
6306,6324
6301,6319
6278,6349
6270,6341
6294,6330
6305,6354
6284,6353
6300,6325
6296,6327
6290,6334
6279,6291
6276,6322
6278,6352
6299,6362
6298,6343
6287,6326
6282,6351
6286,6365
6296,6348
6292,6339
6280,6322
6288,6329
6280,6339
6278,6351
6286,6356
6285,6318
6292,6358
6302,6334
6307,6316
6288,6331
6282,6344
6296,6357
6285,6346
6291,6377
6295,6326
6276,6345
6286,6336
6300,6353
6293,6328
6278,6343
6274,6329
6276,6307
6286,6331
6288,6331
6299,6317
6306,6347
6290,6344
6283,6371
6272,6343
6291,6348
6295,6346
6302,6334
6284,6327
6272,6332
6286,6347
6286,6365
6280,6347
6285,6337
6299,6349
6275,6344
6267,6321
6272,6329
6267,6331
6279,6339
6279,6343
6271,6348
6282,6354
6285,6351
6275,6347
6275,6367
6271,6369
6276,6358
6272,6349
6292,6322
6283,6319
6264,6323
6292,6339
6277,6324
6272,6316
6288,6351
6266,6369
6275,6379
6276,6380
6264,6361
6275,6351
6288,6368
6266,6382
6269,6338
6277,6349
6268,6347
6280,6350
6279,6359
6279,6407
6273,6371
6265,6362
6260,6362
6281,6401
6278,6390
6275,6374
6270,6393
6253,6369
6252,6378
6259,6371
6273,6354
6285,6384
6276,6369
6276,6365
6275,6347
6255,6396
6254,6409
6244,6356
6265,6370
6255,6375
6265,6373
6262,6384
6243,6390
6258,6345
6255,6372
6256,6381
6270,6393
6281,6388
6266,6393
6269,6360
6253,6373
6279,6370
6247,6367
6246,6365
6251,6360
6254,6374
6258,6368
6244,6350
6236,6392
6250,6377
6255,6404
6248,6390
6253,6399
6266,6416
6240,6400
6263,6395
6253,6400
6261,6390
6261,6385
6242,6354
6249,6381
6258,6380
6254,6374
6272,6389
6257,6440
6272,6416
6247,6407
6233,6394
6247,6375
6250,6384
6248,6372
6250,6368
6241,6342
6258,6356
6239,6329
6260,6342
6241,6341
6241,6364
6247,6388
6245,6390
6228,6397
6232,6386
6241,6389
6253,6398
6133,6308
6252,6394
6286,6401
6349,6487
6258,6342
6200,6375
6294,6430
6251,6413
6247,6364
6240,6376
6252,6411
6244,6373
6239,6383
6233,6394
6239,6373
6247,6390
6244,6388
6241,6384
6247,6362
6239,6360
6245,6414
6237,6383
6241,6382
6240,6366
6245,6381
6248,6388
6272,6381
6239,6387
6241,6388
6234,6381
6243,6403
6248,6385
6237,6358
6231,6385
6234,6351
6239,6336
6226,6351
6241,6349
6250,6369
6246,6361
6237,6415
6238,6413
6223,6411
6242,6410
6234,6423
6231,6419
6249,6383
6238,6405
6216,6374
6227,6379
6223,6394
6233,6381
6251,6380
6225,6401
6228,6400
6244,6402
6220,6402
6223,6410
6231,6403
6227,6383
6243,6402
6238,6385
6247,6383
6241,6395
6245,6361
6240,6391
6247,6411
6226,6405
6214,6393
6225,6390
6225,6420
6217,6386
6224,6373
6222,6340
6225,6364
6224,6385
6226,6351
6229,6371
6238,6410
6234,6402
6225,6384
6229,6415
6231,6376
6239,6407
6230,6391
6234,6412
6225,6382
6233,6400
6227,6376
6218,6403
6225,6420
6231,6405
6227,6416
6233,6425
6233,6427
6224,6391
6224,6391
6237,6401
6228,6414
6220,6386
6206,6410
6222,6417
6237,6398
6227,6420
6226,6412
6214,6414
6214,6444
6218,6410
6226,6438
6217,6424
6225,6418
6221,6418
6213,6415
6220,6430
6220,6409
6225,6394
6222,6416
6226,6416
6222,6410
6219,6395
6233,6391
6214,6385
6238,6380
6224,6380
6216,6393
6220,6407
6218,6399
6214,6413
6224,6417
6232,6412
6219,6416
6228,6421
6215,6408
6216,6447
6228,6444
6224,6417
6217,6380
6221,6420
6221,6422
6237,6389
6226,6364
6212,6369
6213,6366
6224,6359
6217,6367
6232,6345
6211,6347
6219,6352
6227,6348
6229,6360
6228,6384
6218,6373
6206,6405
6224,6381
6213,6387
6230,6400
6229,6390
6217,6413
6213,6416
6210,6396
6223,6433
6213,6438
6208,6430
6229,6413
6209,6427
6232,6415
6227,6437
6216,6415
6229,6409
6228,6398
6222,6396
6230,6383
6211,6394
6218,6395
6214,6418
6236,6395
6218,6409
6223,6403
6226,6400
6218,6405
6215,6411
6220,6430
6212,6407
6219,6398
6211,6406
6217,6388
6211,6405
6211,6389
6211,6408
6212,6380
6210,6385
6225,6387
6213,6378
6215,6378
6223,6337
6233,6368
6226,6371
6222,6372
6231,6378
6225,6394
6210,6399
6227,6410
6214,6370
6223,6392
6215,6383
6213,6378
6201,6380
6206,6376
6224,6366
6214,6379
6211,6349
6208,6371
6217,6352
6222,6372
6213,6342
6235,6362
6222,6380
6226,6389
6225,6391
6219,6376
6220,6403
6234,6379
6227,6389
6226,6363
6225,6369
6225,6366
6230,6376
6220,6372
6217,6360
6231,6373
6246,6398
6224,6386
6218,6385
6231,6390
6233,6373
6212,6379
6216,6394
6203,6399
6209,6383
6217,6394
6219,6405
6233,6383
6221,6362
6211,6361
6218,6378
6233,6348
6239,6363
6238,6351
6214,6343
6233,6354
6208,6381
6236,6378
6237,6352
6231,6371
6216,6385
6222,6377
6231,6369
6244,6371
6209,6357
6229,6351
6216,6356
6222,6356
6223,6378
6219,6364
6232,6349
6229,6336
6235,6356
6242,6351
6216,6351
6232,6319
6212,6343
6238,6363
6213,6321
6223,6323
6216,6347
6228,6373
6238,6362
6223,6343
6232,6336
6213,6317
6226,6347
6230,6367
6216,6341
6225,6343
6219,6327
6212,6348
6227,6363
6221,6351
6230,6354
6234,6362
6231,6356
6223,6375
6215,6353
6222,6365
6231,6345
6226,6359
6225,6348
6233,6335
6222,6327
6229,6332
6236,6315
6219,6329
6227,6335
6224,6344
6237,6350
6222,6340
6239,6318
6240,6314
6228,6337
6234,6347
6215,6311
6213,6334
6220,6322
6221,6320
6226,6340
6226,6349
6233,6337
6218,6333
6223,6347
6229,6325
6212,6339
6223,6343
6230,6336
6241,6342
6229,6353
6224,6332
6231,6320
6233,6322
6222,6326
6216,6337
6244,6325
6229,6328
6226,6320
6217,6330
6216,6333
6224,6343
6224,6335
6230,6338
6240,6343
6232,6348
6238,6352
6229,6329
6218,6344
6228,6342
6226,6324
6241,6346
6244,6355
6230,6347
6237,6356
6251,6348
6247,6341
6249,6332
6222,6346
6227,6349
6230,6343
6253,6332
6241,6350
6255,6340
6260,6342
6250,6338
6275,6354
6291,6341
6297,6329
6337,6351
6344,6349
6386,6352
6437,6350
6451,6334
6532,6316
6602,6334
6621,6337
6710,6337
6759,6334
6789,6324
6835,6344
6831,6344
6838,6344
6835,6332
6759,6326
6737,6378
6680,6353
6650,6335
6640,6331
6652,6333
6626,6326
6630,6326
6644,6331
6719,6310
6735,6341
6832,6313
6963,6339
7076,6353
7211,6345
7358,6360
7513,6356
7688,6356
7837,6371
7931,6382
7993,6359
8104,6388
8254,6417
8437,6417
8458,6426
8522,6440
8575,6465
8501,6477
8390,6499
8267,6539
8109,6576
7965,6600
7784,6639
7720,6653
7634,6717
7524,6766
7333,6823
7244,6847
7156,6902
7047,6985
6909,7072
6847,7182
6754,7281
6774,7342
6863,7442
6964,7482
7122,7493
7328,7449
7497,7382
7768,7307
7966,7209
8163,7194
8355,7238
8611,7230
8746,7157
8864,7114
8875,6975
8955,6867
9053,6828
9214,6766
9306,6733
9313,6685
9259,6670
9230,6648
9193,6684
9147,6755
9039,6883
8829,6981
8734,7177
8510,7293
8385,7404
8190,7575
8039,7714
7887,7816
7767,7832
7644,7861
7518,7994
7356,8113
7263,8165
7174,8220
7142,8294
7118,8295
7149,8334
7319,8213
7419,8146
7663,8026
7924,7908
8208,7711
8534,7634
8799,7499
9016,7312
9104,7181
9211,7027
9322,6962
9588,6834
9713,6795
9635,6772
9645,6752
9649,6739
9486,6777
9381,6794
9319,6868
9108,6961
8864,7069
8651,7227
8534,7415
8322,7554
8116,7696
7988,7791
7786,7933
7555,8059
7422,8196
7270,8404
7155,8543
7002,8737
6866,8857
6815,8898
6810,8918
6893,8994
6962,9001
7031,8849
7161,8652
7337,8554
7528,8481
7736,8364
7876,8184
8107,8016
8353,7872
8621,7670
8817,7450
8973,7263
9069,7114
9103,7003
9160,6884
9287,6808
9316,6813
9404,6798
9528,6843
9539,6864
9568,6892
9583,6968
9487,7114
9309,7225
9117,7370
8944,7513
8685,7702
8457,7846
8209,7967
7999,8061
7717,8165
7528,8217
7353,8303
7264,8375
7158,8382
7080,8405
7173,8406
7388,8718
7211,8408
7123,8260
7329,8330
7477,8001
7628,7957
7806,7952
7933,7769
8119,7647
8340,7479
8579,7323
9001,7234
9348,7118
9629,6966
9845,6923
10136,6878
10404,6845
10517,6842
10550,6840
10661,6835
10612,6870
10493,6956
10341,7057
10201,7171
9987,7338
9830,7504
9600,7665
9372,7871
9101,8116
8889,8334
8562,8422
8220,8488
7890,8754
7661,8883
7396,8896
7178,8964
7088,9064
6983,9073
6966,9099
6978,9085
7016,9076
7090,8889
7269,8786
7432,8641
7570,8592
7760,8445
7912,8332
8054,8154
8211,7989
8340,7729
8484,7516
8583,7355
8694,7118
8768,6987
8842,6911
8993,6823
9024,6758
9096,6755
9052,6749
9001,6820
9000,6910
8936,7026
8820,7181
8750,7293
8666,7478
8548,7603
8368,7833
8214,7979
8065,8210
7960,8480
7725,8677
7570,8841
7345,9073
7157,9247
7051,9372
6936,9332
6839,9263
6747,9235
6734,9081
6743,8997
6755,8762
6840,8676
6929,8506
7058,8292
7242,8092
7416,7919
7590,7645
7786,7456
7957,7300
8091,7157
8210,7030
8386,6902
8535,6813
8724,6718
8787,6708
8858,6692
8922,6681
8959,6693
8968,6694
8960,6756
8879,6794
8818,6840
8747,6904
8489,7043
8280,7128
8098,7241
7930,7382
7695,7567
7522,7749
7367,7856
7184,8002
7067,8151
7003,8197
6906,8300
6800,8447
6787,8534
6781,8563
6798,8427
6839,8361
6916,8293
6963,8183
7029,8079
7138,8002
7225,7858
7362,7686
7476,7502
7649,7400
7833,7277
7951,7163
8060,7052
8215,6922
8260,6809
8409,6685
8490,6643
8556,6622
8646,6554
8596,6565
8551,6607
8480,6660
8434,6776
8304,6867
8206,7033
8057,7182
7886,7302
7781,7488
7629,7641
7502,7800
7357,7968
7213,8047
7070,8128
6994,8174
6942,8205
6890,8186
6826,8258
6813,8295
6816,8249
6873,8167
6904,8150
6970,8101
7067,8009
7161,7904
7243,7826
7434,7781
7600,7634
7753,7488
7936,7409
8095,7268
8298,7137
8497,6993
8636,6894
8781,6765
8909,6700
8997,6652
9102,6646
9213,6606
9236,6612
9173,6693
9135,6768
9022,6835
8870,6906
8704,7005
8599,7062
8377,7153
8216,7242
7997,7400
7798,7519
7580,7578
7392,7670
7184,7791
6989,7885
6856,7928
6775,7916
6688,7988
6671,8037
6688,8014
6719,8010
6809,8022
6924,7956
7063,7853
7191,7722
7375,7662
7604,7537
7781,7387
8051,7278
8215,7200
8477,7093
8638,6967
8766,6855
8863,6815
8994,6723
9052,6648
9005,6586
9015,6564
9022,6543
8996,6593
8927,6629
8756,6719
8626,6822
8499,6940
8305,7046
8211,7220
8082,7361
7915,7518
7746,7711
7611,7846
7486,7983
7335,8078
7248,8222
7087,8349
6965,8361
6903,8390
6873,8473
6823,8526
6859,8498
6878,8508
6922,8435
6996,8289
7163,8159
7273,8080
7413,7845
7595,7681
7769,7500
7976,7401
8224,7258
8489,7100
8696,6947
8961,6817
9205,6757
9265,6712
9346,6669
9467,6670
9500,6627
9453,6693
9407,6742
9361,6804
9184,6886
9066,6970
8915,7042
8637,7216
8269,7276
8081,7406
7894,7536
7737,7667
7612,7805
7454,7940
7239,8028
7071,8128
6969,8208
6915,8336
6860,8395
6813,8416
6769,8430
6811,8527
6835,8568
6843,8448
6873,8418
7042,8356
7189,8285
7333,8159
7460,8042
7721,7927
7791,7788
7981,7600
8050,7409
8251,7255
8306,7070
8391,6924
8538,6810
8454,6726
8504,6702
8445,6717
8309,6744
8321,6810
8360,6871
8295,6951
8277,7049
8255,7173
8161,7270
8054,7325
7882,7465
7748,7580
7666,7683
7460,7761
7341,7878
7243,8007
7194,8099
7063,8148
6912,8143
6826,8205
6786,8201
6763,8177
6787,8194
6838,8137
6968,7976
7042,7871
7171,7739
7325,7692
7502,7559
7703,7411
7846,7275
8074,7161
8268,7026
8484,6938
8680,6808
8838,6767
8943,6710
9168,6694
9313,6651
9353,6629
9460,6660
9512,6674
9539,6692
9418,6714
9257,6752
9062,6887
8896,6928
8801,7034
8607,7152
8365,7246
8069,7384
7807,7551
7571,7694
7398,7821
7224,7897
7097,7980
6961,8089
6888,8134
6845,8163
6840,8204
6873,8144
6948,8176
6997,8061
7116,7974
7302,7902
7501,7856
7660,7710
7829,7570
8085,7429
8248,7251
8461,7123
8643,7033
8807,6908
8977,6827
9105,6730
9077,6702
9019,6654
8933,6673
8872,6703
8819,6754
8743,6814
8671,6946
8549,7065
8435,7184
8251,7343
8120,7537
8046,7746
7860,7878
7683,8085
7523,8211
7367,8438
7233,8658
7135,8767
7044,8855
6969,8916
6903,8888
6824,9009
6776,9026
6723,9037
6717,8870
6762,8738
6840,8568
6919,8456
7024,8305
7174,8164
7346,7946
7557,7783
7813,7564
8033,7369
8253,7236
8471,7052
8586,6929
8736,6825
8928,6727
9046,6688
9199,6597
9325,6575
9369,6588
9384,6626
9162,6642
9038,6721
8905,6779
8790,6852
8642,6938
8513,7008
8421,7077
8189,7185
8099,7260
7872,7385
7670,7433
7553,7585
7411,7648
7267,7784
7171,7853
7072,7866
7044,7960
7076,8051
7100,7961
7140,7988
7244,7981
7377,7955
7550,7859
7749,7744
7897,7658
8142,7568
8362,7534
8553,7435
8649,7281
8997,7195
9203,7039
9418,6935
9596,6863
9798,6760
9884,6686
9959,6656
9895,6648
9961,6654
9929,6718
9813,6786
9647,6869
9483,6986
9333,7135
9163,7283
9011,7385
8771,7526
8619,7702
8434,7857
8327,7993
8178,8068
8051,8201
7923,8382
7743,8465
7545,8530
7416,8642
7312,8797
7272,8913
7273,8912
7357,8848
7487,8751
7589,8762
7856,8633
8191,8576
8502,8482
8819,8377
9145,8246
9630,7999
10034,7751
10486,7616
10901,7434
11094,7225
11467,7100
11616,6956
11903,6892
12138,6869
12084,6837
12012,6915
11894,7017
11827,7148
11773,7266
11517,7442
11180,7558
10940,7726
10521,7896
10135,8049
9745,8159
9273,8281
8881,8395
8607,8684
8325,9019
8142,9218
7879,9490
7785,9607
7643,9632
7641,9692
7706,9842
7712,9915
7734,9894
7858,9794
7998,9655
8226,9528
8547,9386
8903,9113
9219,8784
9670,8583
9953,8312
10297,8026
10636,7760
10876,7461
11108,7241
11388,7117
11609,7002
11880,6984
12032,7002
12039,7026
12023,7173
11848,7258
11814,7470
11617,7584
11353,7821
11020,8062
10687,8382
10310,8618
9944,8943
9578,9271
9214,9494
8800,9749
8409,10055
8165,10311
7908,10395
7633,10500
7516,10831
7442,10379
7490,10553
7529,10490
7589,10414
7723,10192
7938,10010
8109,9827
8250,9637
8448,9288
8701,9110
9096,8801
9552,8526
10003,8272
10429,8128
10851,7870
11198,7727
11515,7517
11740,7374
11978,7287
11995,7205
11974,7212
11786,7307
11600,7397
11370,7476
11080,7623
10671,7835
10259,8091
9872,8400
9487,8624
9113,8872
8763,9049
8500,9269
8258,9473
8068,9743
7915,10000
7715,10209
7535,10213
7389,10343
7361,10204
7364,10222
7362,10230
7444,10170
7460,9943
7622,9695
7827,9520
8090,9367
8224,9199
8395,9095
8674,8867
8988,8607
9200,8288
9459,7988
9808,7697
9970,7428
9898,7175
9821,7037
9942,6970
9602,6943
9337,6931
8877,7050
8412,7171
8321,7307
8125,7496
7654,7757
7119,7969
6743,8239
6440,8500
6307,8746
6228,8889
6197,9126
6169,9295
6159,9446
6164,9713
6157,9743
6159,9761
6159,9722
6150,9711
6149,9706
6140,9814
6136,9687
6142,9506
6141,9293
6134,9070
6135,8846
6137,8730
6133,8545
6131,8203
6124,7896
6123,7614
6134,7353
6132,7222
6119,7072
6115,6911
6128,6838
6126,6773
6126,6829
6121,6885
6122,6944
6127,7089
6154,7384
6117,7433
6110,7571
6114,7661
6120,7660
6118,7666
6118,7854
6114,7990
6124,8108
6115,8321
6112,8454
6106,8586
6123,8487
6130,8219
6120,8009
6121,7939
6108,7789
6110,7445
6101,7124
6107,6782
6115,6512
6114,6352
6118,6258
6113,6204
6107,6176
6115,6149
6104,6144
6111,6146
6096,6137
6098,6158
6108,6174
6107,6164
6100,6178
6117,6189
6118,6175
6106,6182
6106,6158
6102,6117
6099,6112
6099,6086
6104,6063
6095,6084
6110,6071
6113,6072
6094,6062
6104,6077
6103,6062
6101,6052
6103,6058
6107,6061
6110,6068
6102,6071
6101,6060
6105,6069
6118,6080
6101,6044
6105,6064
6101,6059
6102,6065
6099,6073
6103,6064
6109,6059
6108,6057
6101,6056
6104,6051
6100,6061
6110,6045
6099,6053
6097,6048
6107,6049
6115,6061
6109,6055
6110,6063
6104,6065
6095,6053
6110,6066
6108,6052
6107,6060
6110,6053
6107,6058
6110,6060
6110,6061
6112,6062
6097,6054
6118,6050
6111,6043
6106,6051
6114,6056
6115,6060
6109,6042
6113,6063
6096,6053
6107,6056
6104,6050
6102,6049
6109,6051
6099,6048
6107,6047
6103,6062
6114,6055
6120,6053
6110,6046
6108,6047
6116,6064
6119,6049
6109,6056
6112,6050
6101,6059
6108,6054
6102,6051
6108,6059
6107,6053
6108,6051
6111,6056
6112,6049
6108,6045
6118,6048
6101,6042
6099,6049
6110,6048
6117,6048
6113,6041
6111,6053
6112,6043
6105,6055
6104,6043
6109,6047
6099,6055
6105,6043
6113,6062
6113,6055
6095,6037
6112,6055
6100,6050
6110,6059
6106,6053
6107,6046
6106,6046
6114,6041
6113,6073
6104,6045
6111,6035
6106,6056
6098,6051
6107,6043
6105,6053
6110,6039
6106,6034
6100,6045
6100,6043
6108,6056
6107,6047
6108,6046
6102,6049
6102,6040
6108,6060
6114,6056
6096,6054
6099,6047
6094,6050
6110,6055
6114,6040
6106,6045
6103,6053
6104,6049
6110,6050
6158,6076
6222,6189
6021,6047
6092,6030
6158,6098
6125,6055
6102,6045
6099,6040
6103,6035
6115,6037
6107,6060
6097,6047
6101,6047
6095,6053
6096,6024
6110,6040
6111,6043
6105,6048
6104,6031
6104,6048
6102,6050
6101,6036
6099,6050
6098,6049
6104,6048
6108,6046
6096,6049
6094,6045
6100,6057
6090,6023
6106,6053
6110,6057
6112,6060
6098,6029
6101,6047
6102,6042
6103,6050
6099,6060
6101,6043
6097,6047
6096,6047
6105,6044
6097,6044
6125,6056
6103,6035
6095,6040
6099,6039
6097,6039
6099,6046
6106,6048
6104,6057
6101,6042
6102,6054
6105,6039
6111,6052
6094,6049
6106,6046
6109,6053
6103,6039
6097,6048
6097,6036
6097,6052
6096,6041
6102,6045
6100,6045
6097,6045
6094,6053
6099,6044
6097,6054
6089,6046
6101,6045
6099,6050
6092,6041
6093,6043
6105,6041
6099,6052
6102,6039
6101,6053
6087,6054
6095,6039
6105,6041
6101,6048
6105,6057
6092,6056
6098,6053
6095,6040
6093,6046
6109,6050
6094,6059
6098,6051
6106,6048
6094,6049
6100,6046
6098,6044
6096,6053
6103,6040
6098,6046
6108,6036
6093,6038
6096,6045
6101,6049
6106,6082
6102,6035
6098,6043
6093,6055
6099,6058
6105,6044
6097,6053
6098,6023
6108,6039
6106,6054
6096,6062
6094,6047
6108,6048
6104,6046
6111,6055
6100,6066
6094,6063
6115,6044
6103,6056
6107,6040
6105,6056
6098,6060
6106,6044
6110,6050
6102,6044
6105,6060
6104,6057
6098,6033
6107,6051
6101,6044
6103,6046
6105,6058
6094,6058
6105,6058
6100,6052
6110,6063
6103,6048
6110,6051
6110,6050
6109,6054
6109,6049
6110,6044
6099,6040
6108,6057
6107,6050
6097,6045
6102,6050
6110,6061
6104,6051
6100,6048
6104,6055
6107,6053
6099,6057
6099,6053
6109,6055
6101,6054
6106,6049
6109,6052
6104,6051
6104,6054
6106,6055
6102,6061
6101,6058
6100,6047
6096,6050
6104,6057
6098,6055
6108,6056
6097,6048
6101,6047
6105,6048
6104,6048
6099,6043
6097,6038
6107,6047
6107,6037
6095,6048
6098,6046
6101,6047
6114,6050
6103,6053
6102,6049
6097,6048
6099,6053
6102,6049
6094,6047
6096,6042
6109,6051
6106,6053
6098,6051
6102,6045
6100,6047
6098,6038
6098,6051
6094,6053
6101,6044
6098,6056
6103,6036
6100,6041
6100,6042
6095,6035
6110,6046
6107,6058
6097,6048
6104,6043
6098,6050
6099,6059
6102,6041
6101,6056
6109,6057
6123,6060
6097,6069
6097,6043
6103,6054
6099,6047
6107,6051
6108,6052
6112,6050
6108,6045
6103,6051
6104,6037
6108,6045
6109,6034
6109,6043
6104,6045
6118,6039
6108,6039
6104,6045
6109,6053
6111,6043
6109,6046
6113,6041
6128,6042
6114,6046
6112,6055
6119,6048
6119,6049
6115,6056
6111,6055
6109,6054
6109,6054
6105,6055
6107,6055
6118,6067
6115,6065
6118,6051
6104,6048
6102,6050
6101,6055
6107,6040
6100,6048
6110,6049
6106,6060
6106,6038
6107,6042
6103,6042
6099,6044
6099,6054
6101,6050
6108,6044
6115,6057
6115,6052
6103,6060
6117,6042
6097,6048
6109,6040
6117,6053
6039,6017
6099,6047
6102,6061
6030,5555
6109,6018
6069,6008
6106,6026
6144,6057
6137,6061
6129,6077
6110,6051
6117,6062
6121,6066
6096,6056
6114,6039
6127,6056
6113,6056
6113,6046
6113,6037
6104,6039
6112,6049
6103,6050
6101,6055
6107,6038
6108,6044
6113,6046
6101,6051
6110,6043
6116,6045
6100,6055
6111,6050
6100,6060
6106,6062
6108,6057
6105,6054
6099,6061
6117,6048
6113,6050
6110,6060
6107,6036
6101,6044
6113,6050
6112,6054
6107,6057
6102,6061
6106,6069
6105,6062
6108,6056
6115,6058
6109,6063
6114,6051
6110,6046
6113,6031
6117,6057
6111,6050
6115,6065
6115,6033
6108,6047
6117,6060
6120,6049
6108,6058
6110,6055
6114,6042
6115,6052
6110,6061
6107,6048
6126,6049
6109,6050
6120,6051
6103,6045
6115,6036
6115,6051
6127,6053
6110,6054
6104,6053
6120,6059
6116,6039
6115,6057
6117,6049
6108,6056
6116,6055
6111,6058
6111,6051
6112,6061
6117,6051
6114,6054
6114,6054
6116,6051
6110,6047
6114,6061
6111,6062
6113,6065
6111,6060
6114,6032
6119,6054
6108,6049
6117,6057
6106,6057
6109,6058
6118,6054
6113,6061
6117,6056
6106,6064
6112,6048
6118,6054
6106,6059
6110,6057
6115,6056
6105,6054
6105,6054
6117,6058
6114,6042
6109,6061
6113,6058
6111,6043
6116,6060
6112,6061
6106,6056
6114,6050
6111,6056
6113,6061
6112,6064
6111,6058
6109,6055
6108,6048
6108,6061
6115,6053
6109,6058
6114,6054
6117,6053
6123,6049
6123,6049
6120,6056
6113,6045
6118,6045
6110,6048
6114,6056
6112,6068
6115,6047
6116,6057
6116,6052
6112,6057
6121,6061
6100,6040
6117,6050
6115,6063
6114,6063
6107,6048
6114,6058
6112,6058
6118,6055
6109,6050
6105,6056
6105,6056
6125,6049
6115,6053
6118,6051
6112,6058
6117,6057
6108,6055
6114,6058
6110,6050
6110,6049
6111,6053
6122,6058
0,34
0,61680
0,0
6111,6061
5596,5582
5592,5573
5603,5573
5599,5578
5604,5588
5600,5566
5594,5589
5597,5576
5811,5760
6313,6305
6281,6305
6306,6285
6301,6305
6267,6304
6291,6308
6294,6288
6281,6310
6292,6299
6290,6316
6307,6328
6299,6316
6300,6347
6297,6325
6296,6318
6305,6323
6302,6321
6284,6332
6301,6336
6294,6327
6298,6319
6285,6324
6270,6326
6280,6335
6279,6309
6281,6315
6288,6322
6283,6316
6304,6375
6301,6369
6281,6350
6286,6329
6283,6336
6268,6344
6291,6366
6283,6344
6308,6342
6307,6322
6291,6324
6292,6328
6285,6337
6283,6349
6294,6361
6313,6325
6295,6349
6300,6363
6287,6344
6303,6296
6321,6319
6298,6339
6302,6314
6297,6316
6269,6315
6284,6285
6279,6314
6292,6321
6318,6333
6303,6354
6309,6343
6306,6339
6304,6346
6291,6318
6300,6314
6284,6323
6267,6333
6287,6321
6293,6335
6289,6316
6303,6305
6301,6328
6318,6319
6293,6322
6287,6334
6305,6318
6303,6314
6288,6330
6275,6336
6283,6342
6296,6354
6276,6311
6280,6340
6290,6300
6279,6323
6304,6335
6309,6353
6317,6372
6297,6328
6285,6336
6289,6333
6296,6331
6285,6321
6278,6310
6291,6326
6285,6311
6275,6314
6274,6327
6272,6324
6283,6335
6297,6326
6301,6333
6291,6322
6290,6345
6269,6340
6281,6340
6299,6346
6278,6351
6291,6318
6311,6312
6287,6331
6266,6313
6299,6329
6287,6352
6313,6370
6297,6329
6287,6329
6282,6343
6281,6352
6305,6357
6272,6340
6291,6328
6281,6334
6271,6339
6281,6348
6292,6354
6285,6327
6283,6340
6297,6334
6295,6314
6281,6325
6281,6334
6287,6371
6287,6335
6276,6345
6291,6353
6270,6320
6287,6328
6305,6346
6287,6350
6286,6332
6272,6342
6283,6306
6278,6326
6278,6322
6291,6322
6300,6325
6297,6345
6291,6362
6286,6345
6285,6348
6300,6337
6275,6315
6281,6320
6276,6323
6295,6349
6282,6362
6273,6346
6287,6334
6295,6350
6283,6341
6258,6343
6278,6329
6275,6336
6267,6340
6271,6357
6273,6337
6284,6351
6273,6339
6276,6352
6277,6353
6270,6356
6270,6357
6269,6358
6280,6306
6267,6295
6277,6326
6287,6335
6272,6330
6282,6324
6272,6361
6263,6350
6282,6376
6275,6363
6271,6353
6270,6348
6280,6361
6275,6384
6268,6379
6269,6345
6251,6356
6262,6363
6277,6362
6280,6360
6255,6363
6273,6370
6248,6369
6259,6406
6264,6370
6270,6371
6278,6362
6243,6372
6272,6380
6254,6350
6267,6356
6283,6393
6286,6358
6272,6383
6257,6359
6270,6378
6250,6394
6240,6365
6267,6370
6259,6382
6266,6374
6260,6377
6243,6374
6259,6348
6249,6364
6252,6389
6268,6395
6269,6384
6261,6373
6256,6385
6267,6355
6260,6387
6249,6368
6247,6377
6255,6361
6253,6374
6244,6376
6230,6359
6249,6404
6283,6373
6257,6383
6254,6405
6252,6415
6261,6410
6238,6384
6251,6413
6257,6380
6272,6383
6267,6377
6252,6368
6255,6383
6248,6388
6173,6349
6214,6332
6189,6347
6265,6413
6262,6412
6229,6374
6243,6372
6247,6380
6259,6390
6246,6376
6252,6364
6235,6347
6249,6348
6262,6347
6231,6355
6230,6368
6232,6392
6243,6401
6230,6395
6240,6374
6225,6386
6253,6389
6251,6410
6259,6381
6257,6391
6240,6409
6248,6403
6243,6384
6234,6396
6248,6415
6238,6376
6243,6370
6238,6378
6250,6387
6247,6365
6246,6382
6234,6401
6257,6382
6243,6377
6245,6385
6242,6383
6236,6367
6243,6424
6224,6381
6239,6383
6228,6376
6232,6347
6235,6381
6253,6395
6243,6391
6229,6390
6242,6391
6250,6395
6229,6367
6225,6369
6238,6347
6243,6367
6238,6357
6230,6333
6235,6348
6250,6373
6248,6374
6239,6424
6232,6391
6231,6406
6237,6415
6224,6406
6234,6409
6238,6402
6227,6407
6223,6389
6239,6387
6227,6397
6249,6386
6225,6381
6236,6411
6237,6392
6240,6406
6225,6376
6230,6383
6221,6384
6238,6383
6246,6405
6243,6376
6244,6369
6228,6385
6237,6359
6231,6376
6234,6400
6219,6412
6220,6393
6223,6407
6233,6412
6236,6391
6238,6389
6214,6335
6230,6368
6218,6384
6230,6348
6222,6369
6240,6393
6221,6394
6224,6392
6218,6408
6219,6403
6227,6424
6225,6408
6235,6402
6231,6383
6231,6405
6227,6392
6216,6394
6229,6413
6239,6391
6226,6411
6233,6437
6234,6408
6245,6396
6220,6390
6227,6397
6216,6422
6219,6394
6213,6404
6213,6427
6224,6421
6235,6439
6219,6420
6201,6423
6219,6413
6219,6418
6217,6437
6220,6420
6211,6425
6227,6430
6207,6414
6217,6423
6222,6396
6211,6391
6214,6403
6215,6403
6220,6421
6235,6418
6233,6402
6227,6385
6232,6385
6211,6385
6195,6385
6216,6390
6213,6395
6220,6415
6212,6414
6225,6405
6211,6413
6215,6393
6212,6418
6221,6432
6216,6433
6220,6439
6222,6387
6213,6420
6223,6424
6232,6386
6226,6368
6208,6378
6213,6375
6221,6359
6224,6367
6230,6350
6218,6353
6220,6351
6219,6360
6229,6383
6226,6383
6211,6396
6214,6415
6236,6438
6228,6403
6217,6393
6216,6405
6226,6413
6216,6408
6209,6411
6224,6438
6214,6440
6217,6432
6218,6425
6226,6427
6211,6421
6217,6415
6214,6412
6225,6407
6219,6413
6222,6401
6224,6400
6221,6403
6222,6400
6216,6421
6227,6412
6216,6389
6219,6402
6217,6416
6222,6431
6217,6395
6206,6411
6214,6392
6215,6393
6208,6402
6207,6387
6213,6401
6208,6401
6207,6401
6226,6379
6214,6387
6208,6386
6219,6362
6216,6369
6230,6343
6231,6363
6224,6382
6225,6382
6227,6389
6215,6392
6226,6423
6224,6405
6207,6396
6208,6390
6221,6380
6209,6362
6210,6370
6214,6370
6221,6367
6215,6386
6206,6379
6212,6371
6218,6355
6234,6360
6219,6346
6239,6354
6223,6366
6227,6375
6215,6382
6216,6372
6225,6407
6232,6397
6216,6380
6221,6349
6216,6366
6222,6393
6225,6380
6217,6367
6219,6373
6228,6363
6227,6374
6229,6386
6219,6387
6220,6387
6226,6362
6227,6377
6218,6367
6220,6395
6224,6374
6222,6369
6226,6390
6225,6391
6217,6372
6223,6346
6226,6367
6231,6347
6418,6548
6355,6447
6344,6451
6180,6402
6381,6550
6278,6378
6265,6390
6192,6337
6233,6403
6234,6387
6214,6353
6236,6369
6211,6360
6235,6339
6222,6360
6237,6371
6227,6368
6218,6351
6225,6372
6239,6342
6235,6347
6218,6362
6215,6346
6225,6330
6217,6352
6218,6354
6224,6328
6224,6330
6228,6360
6224,6369
6225,6370
6229,6346
6225,6348
6230,6335
6222,6342
6216,6351
6218,6346
6218,6358
6220,6341
6221,6365
6235,6380
6226,6351
6226,6348
6224,6366
6231,6357
6232,6368
6225,6359
6216,6372
6234,6362
6223,6350
6231,6349
6224,6336
6215,6344
6230,6343
6222,6338
6222,6334
6221,6326
6224,6335
6234,6366
6239,6345
6238,6324
6238,6330
6239,6334
6220,6343
6212,6334
6218,6344
6206,6329
6211,6321
6216,6331
6213,6354
6233,6331
6219,6324
6223,6334
6218,6353
6223,6321
6213,6332
6220,6348
6231,6348
6229,6338
6227,6327
6227,6328
6221,6342
6217,6327
6221,6325
6237,6345
6237,6325
6224,6329
6231,6339
6224,6309
6222,6341
6226,6346
6226,6350
6236,6350
6233,6340
6224,6327
6227,6332
6224,6336
6222,6346
6232,6336
6228,6365
6242,6356
6230,6343
6241,6361
6236,6374
6246,6336
6228,6373
6233,6335
6224,6336
6235,6336
6246,6343
6239,6350
6267,6331
6262,6340
6251,6385
6281,6338
6290,6342
6290,6332
6328,6350
6361,6379
6374,6361
6421,6348
6444,6366
6508,6327
6576,6334
6644,6339
6697,6355
6743,6335
6780,6311
6827,6337
6836,6348
6843,6352
6827,6351
6757,6359
6727,6359
6693,6368
6660,6316
6645,6334
6634,6341
6612,6319
6620,6317
6630,6331
6715,6334
6731,6325
6827,6330
6902,6354
7056,6350
7164,6335
7305,6330
7459,6365
7640,6344
7805,6354
7914,6390
7969,6369
8049,6374
8178,6404
8359,6438
8450,6423
8490,6433
8503,6463
8495,6493
8450,6490
8280,6541
8140,6559
7965,6597
7852,6611
7731,6653
7676,6719
7518,6773
7374,6791
7286,6806
7166,6846
7058,6938
6947,7017
6819,7194
6777,7240
6781,7317
6827,7408
6946,7462
7072,7472
7267,7407
7445,7375
7725,7292
7913,7209
8119,7220
8374,7219
8622,7192
8749,7135
8821,7074
8859,6992
8887,6939
9002,6842
9156,6819
9261,6747
9330,6703
9249,6646
9227,6654
9180,6687
9129,6758
8984,6824
8895,6961
8738,7102
8583,7239
8417,7387
8175,7550
8056,7660
7891,7776
7811,7805
7649,7856
7543,7937
7408,8078
7241,8135
7198,8198
7141,8220
7134,8228
7153,8238
7278,8224
7380,8114
7627,8010
7872,7898
8149,7788
8414,7687
8665,7516
8877,7345
9035,7227
9201,7124
9325,6988
9487,6869
9664,6829
9641,6811
9703,6777
9679,6748
9538,6774
9446,6821
9390,6884
9152,6968
8985,7112
8771,7241
8616,7377
8407,7497
8216,7663
8032,7769
7790,7906
7570,8045
7450,8179
7277,8388
7130,8558
6988,8704
6888,8834
6804,8919
6814,8953
6868,8987
6978,8981
7052,8825
7138,8702
7301,8548
7527,8476
7683,8376
7929,8219
8099,8039
8392,7903
8613,7671
8857,7451
8985,7261
9040,7119
9132,6979
9178,6894
9306,6845
9345,6793
9461,6839
9463,6781
9628,6906
9631,6910
9546,6976
9496,7111
9308,7228
9077,7360
8943,7462
8707,7686
8491,7797
8203,7981
7944,8056
7731,8244
7537,8258
7357,8300
7256,8377
7112,8406
7073,8441
7070,8420
7104,8420
7126,8364
7158,8315
7278,8253
7399,8122
7588,8021
7799,7910
7929,7764
8113,7607
8331,7489
8579,7366
8993,7230
9354,7108
9599,7009
9846,6935
10099,6880
10289,6840
10535,6836
10563,6839
10651,6828
10598,6855
10404,6967
10226,7068
10211,7164
10011,7334
9799,7457
9613,7682
9397,7900
9194,8131
8892,8329
8586,8345
8273,8496
7931,8685
7688,8843
7420,8882
7205,8976
7114,9056
7017,9130
6962,9088
6995,9093
7028,9110
7088,8909
7215,8797
7414,8664
7601,8567
7717,8456
7863,8305
8052,8171
8212,7950
8336,7713
8471,7492
8596,7332
8688,7142
8747,6997
8845,6904
8957,6828
8981,6743
9061,6739
9020,6756
9001,6828
8968,6916
8915,7040
8821,7147
8721,7299
8662,7430
8550,7636
8426,7851
8274,8008
8094,8261
7903,8451
7725,8657
7561,8852
7362,9098
7153,9280
7066,9377
6942,9289
6815,9311
6750,9259
6733,9082
6736,8923
6765,8851
6846,8683
6948,8510
7090,8287
7263,8108
7424,7896
7611,7645
7795,7481
7993,7265
8111,7157
8225,7014
8361,6910
8481,6800
8711,6716
8798,6713
8831,6676
8922,6657
8912,6681
8930,6702
8933,6752
8837,6813
8801,6847
8730,6949
8508,7031
8314,7128
8070,7259
7867,7366
7656,7541
7510,7762
7358,7871
7203,7987
7080,8145
7013,8258
6902,8302
6833,8434
6794,8567
6787,8518
6779,8458
6850,8342
6890,8316
6972,8198
7029,8114
7130,7993
7267,7820
7360,7652
7545,7522
7677,7406
7839,7281
7934,7162
8072,7063
8201,6953
8315,6814
8416,6705
8511,6649
8567,6572
8606,6609
8572,6550
8516,6593
8460,6651
8448,6800
8326,6866
8230,7033
8126,7167
7929,7315
7815,7506
7676,7631
7542,7817
7371,7952
7238,8023
7085,8106
7020,8149
6967,8192
6893,8282
6837,8283
6811,8300
6794,8300
6852,8172
6872,8129
6976,8087
7057,8009
7173,7950
7237,7816
7436,7746
7606,7601
7769,7445
7961,7354
8127,7236
8317,7121
8463,6989
8636,6881
8742,6807
8884,6737
9001,6635
9132,6620
9185,6606
9198,6646
9182,6691
9083,6777
8961,6839
8816,6921
8700,7013
8578,7073
8384,7146
8217,7225
8021,7388
7805,7526
7568,7597
7402,7645
7207,7777
6968,7867
6878,7937
6772,7935
6699,8066
6669,8058
6679,8012
6728,7998
6790,7994
6903,7929
7039,7818
7185,7720
7373,7652
7568,7542
7838,7409
7992,7260
8237,7198
8480,7090
8632,6999
8768,6875
8851,6832
8986,6729
8992,6644
8980,6603
9037,6554
8999,6574
8967,6591
8910,6614
8734,6729
8604,6822
8537,6915
8329,7066
8185,7202
8055,7393
7910,7499
7758,7711
7612,7834
7477,8022
7366,8123
7243,8236
7093,8381
6995,8400
6899,8373
6886,8506
6831,8533
6852,8522
6839,8436
6906,8378
7017,8280
7149,8166
7265,8063
7398,7871
7605,7712
7765,7480
7977,7371
8219,7232
8489,7089
8726,6949
8976,6834
9165,6761
9338,6721
9300,6657
9826,6985
9440,6618
9571,6623
9418,6696
9225,6791
9145,6903
9069,6964
8862,7032
8591,7178
8307,7332
8067,7399
7916,7550
7738,7638
7602,7755
7450,7952
7268,8061
7064,8110
6955,8192
6887,8304
6858,8384
6779,8374
6783,8440
6783,8502
6802,8502
6892,8530
6927,8448
7030,8391
7174,8271
7308,8146
7479,8086
7686,7912
7840,7798
7978,7612
8068,7438
8241,7238
8303,7085
8425,6900
8539,6804
8522,6728
8559,6709
8428,6705
8333,6729
8321,6825
8286,6848
8258,6955
8224,7028
8241,7137
8131,7252
8052,7298
7873,7439
7773,7598
7673,7703
7452,7760
7328,7886
7261,8015
7167,8125
7058,8148
6905,8213
6825,8213
6787,8168
6774,8161
6811,8171
6853,8160
6954,7984
7033,7854
7164,7792
7329,7664
7521,7511
7676,7347
7879,7256
8094,7144
8249,7058
8471,6933
8646,6817
8860,6734
8961,6732
9127,6683
9275,6679
9374,6638
9477,6660
9515,6665
9500,6696
9458,6712
9321,6805
9079,6876
8944,6965
8823,7068
8609,7137
8385,7255
8105,7382
7810,7536
7556,7687
7404,7842
7246,7866
7094,7969
6974,8073
6885,8106
6833,8130
6842,8232
6892,8153
6931,8114
7013,8013
7155,7954
7329,7929
7467,7834
7658,7701
7887,7577
8073,7401
8281,7244
8464,7121
8685,7038
8793,6871
9013,6819
9074,6741
9059,6696
9034,6651
8976,6638
8836,6692
8808,6781
8752,6810
8640,6962
8528,7070
8425,7202
8218,7319
8144,7489
8044,7770
7863,7887
7649,8069
7528,8266
7404,8433
7220,8655
7156,8772
7040,8847
6985,8957
6882,8923
6818,9002
6778,9028
6713,8998
6719,8915
6773,8743
6837,8599
6917,8492
7045,8299
7200,8120
7337,7989
7565,7765
7784,7591
8057,7380
8287,7236
8443,7035
8557,6928
8722,6805
8911,6732
9032,6663
9168,6594
9332,6554
9407,6562
9390,6604
9226,6637
9013,6713
8884,6788
8750,6873
8617,6928
8492,7016
8393,7069
8233,7187
8054,7278
7904,7384
7731,7466
7540,7598
7385,7677
7261,7751
7138,7801
7058,7853
7064,7942
7080,7986
7117,7950
7140,7984
7266,7993
7369,7986
7546,7890
7772,7741
7949,7627
8128,7594
8348,7493
8535,7446
8739,7302
8986,7161
9237,7042
9409,6927
9581,6834
9817,6745
9851,6675
9966,6657
9883,6619
9965,6667
9902,6728
9858,6764
9620,6902
9511,7007
9359,7163
9184,7289
8981,7395
8787,7533
8613,7699
8512,7890
8346,8032
8219,8089
8078,8267
7904,8374
7721,8427
7561,8576
7417,8614
7340,8758
7317,8869
7285,8820
7352,8835
7487,8783
7614,8747
7853,8613
8177,8549
8533,8477
8853,8385
9176,8265
9605,7960
10137,7770
10502,7609
10901,7460
11174,7223
11479,7100
11610,6969
11935,6896
12152,6845
12110,6852
11985,6920
11920,7003
11804,7147
11794,7240
11502,7408
11277,7535
10896,7717
10479,7914
10079,8058
9670,8144
9269,8273
8900,8398
8569,8680
8311,9045
8101,9312
7863,9474
7824,9568
7671,9658
7627,9714
7699,9845
7718,9888
7753,9880
7831,9771
8011,9650
8281,9545
8552,9329
8890,9102
9159,8807
9611,8534
9939,8315
10291,8000
10654,7745
10857,7479
11126,7250
11463,7184
11519,6891
11874,6976
12035,6999
11966,7023
11978,7133
11804,7265
11770,7434
11672,7607
11358,7831
11037,8072
10732,8353
10325,8638
9941,8950
9583,9268
9257,9507
8733,9796
8419,10049
8142,10225
7945,10397
7699,10500
7569,10593
7517,10560
7478,10570
7504,10548
7545,10394
7734,10222
7910,10045
8029,9830
8293,9656
8458,9329
8715,9099
9095,8819
9604,8470
9985,8271
10444,8103
10873,7892
11159,7722
11432,7500
11648,7407
11918,7281
11961,7238
11901,7210
11769,7286
11559,7393
11460,7464
11097,7613
10695,7858
10241,8109
9838,8355
9492,8685
9079,8940
8792,9125
8524,9273
8220,9516
8042,9774
7877,10022
7703,10201
7480,10264
7422,10358
7335,10285
7349,10291
7373,10297
7461,10147
7485,9901
7609,9690
7881,9558
8087,9329
8219,9218
8365,9087
8675,8838
8954,8600
9248,8269
9451,7997
9739,7727
9981,7442
9901,7177
9797,7037
9935,6971
9577,6922
9341,6957
8858,7064
8369,7181
8284,7341
8153,7519
7684,7777
7097,7975
6714,8239
6432,8528
6298,8772
6236,8870
6201,9151
6174,9231
6165,9457
6156,9704
6154,9831
6152,9759
6154,9713
6150,9675
6138,9757
6139,9840
6136,9697
6136,9482
6139,9320
6137,9066
6134,8858
6147,8700
6120,8528
6119,8161
6116,7876
6117,7640
6129,7397
6122,7220
6112,7040
6121,6939
6126,6835
6124,6806
6126,6828
6118,6898
6117,6928
6120,7070
6109,7275
6115,7432
6116,7581
6112,7654
6126,7651
6111,7674
6116,7803
6106,7997
6118,8111
6115,8375
6104,8448
6117,8546
6117,8518
6116,8212
6121,8014
6120,7929
6114,7777
6112,7463
6110,7104
6109,6773
6110,6513
6117,6377
6105,6256
6101,6194
6106,6168
6113,6139
6105,6144
6112,6152
6106,6139
6100,6160
6108,6174
6099,6153
6097,6180
6110,6169
6107,6173
6107,6192
6098,6148
6103,6122
6097,6100
6098,6070
6100,6068
6096,6076
6105,6070
6115,6080
6093,6055
6105,6059
6109,6063
6104,6071
6098,6061
6105,6062
6107,6063
6098,6062
6103,6057
6103,6065
6100,6068
6098,6059
6110,6058
6099,6064
6102,6061
6097,6065
6101,6069
6108,6062
6108,6069
6102,6058
6091,6070
6104,6055
6100,6051
6102,6059
6094,6052
6104,6059
6104,6058
6104,6062
6103,6067
6105,6062
6100,6061
6114,6063
6109,6058
6108,6049
6107,6060
6106,6053
6104,6057
6102,6050
6107,6054
6102,6056
6108,6058
6106,6053
6108,6054
6113,6058
6098,6055
6106,6063
6110,6045
6102,6043
6102,6055
6104,6073
6107,6052
6099,6045
6100,6043
6103,6037
6106,6060
6104,6053
6104,6041
6101,6041
6104,6047
6114,6063
6112,6046
6114,6023
6113,6042
6108,6055
6102,6051
6105,6038
6107,6053
6109,6043
6095,6053
6111,6045
6110,6048
6104,6045
6113,6032
6104,6052
6110,6058
6101,6048
6108,6043
6104,6043
6109,6050
6111,6036
6106,6041
6107,6048
6111,6049
6098,6051
6104,6049
6112,6049
6107,6046
6098,6055
6099,6056
6090,6062
6100,6059
6100,6039
6109,6052
6109,6050
6106,6043
6108,6043
6108,6047
6103,6043
6106,6051
6096,6055
6094,6039
6098,6048
6108,6053
6098,6044
6099,6358
6244,6111
6196,6136
5930,5909
6144,6089
6088,6036
6138,6075
6108,6054
6099,6041
6098,6042
6125,6069
6096,6037
6104,6057
6112,6045
6099,6049
6107,6049
6102,6059
6106,6058
6096,6040
6103,6045
6092,6049
6098,6041
6102,6056
6112,6053
6105,6046
6108,6054
6091,6046
6103,6048
6115,6054
6103,6038
6105,6057
6093,6065
6098,6056
6103,6044
6111,6049
6101,6041
6100,6040
6102,6045
6099,6053
6097,6054
6095,6052
6098,6046
6102,6050
6103,6045
6100,6050
6088,6037
6101,6052
6103,6051
6099,6052
6108,6056
6110,6058
6100,6053
6097,6036
6102,6055
6101,6060
6099,6060
6104,6038
6098,6045
6096,6035
6099,6037
6097,6051
6113,6042
6100,6047
6090,6042
6104,6043
6096,6038
6101,6037
6104,6040
6107,6052
6112,6038
6108,6041
6093,6053
6115,6045
6089,6054
6102,6042
6109,6053
6106,6038
6098,6046
6101,6039
6100,6052
6098,6052
6106,6038
6098,6043
6090,6052
6088,6056
6098,6058
6102,6051
6095,6048
6099,6046
6102,6049
6102,6054
6091,6042
6102,6035
6106,6032
6097,6049
6109,6041
6100,6035
6099,6041
6100,6026
6108,6050
6097,6051
6091,6045
6104,6046
6091,6029
6106,6037
6109,6061
6098,6062
6095,6057
6103,6046
6097,6056
6099,6034
6107,6030
6097,6048
6105,6047
6102,6039
6114,6051
6101,6041
6094,6050
6107,6048
6101,6046
6095,6046
6105,6051
6102,6049
6102,6042
6103,6050
6106,6049
6099,6049
6107,6042
6104,6036
6103,6046
6098,6047
6101,6050
6106,6040
6111,6044
6108,6056
6100,6046
6102,6060
6099,6032
6100,6054
6109,6054
6102,6036
6107,6048
6104,6051
6102,6049
6107,6051
6107,6058
6101,6047
6113,6080
6106,6024
6105,6055
6108,6054
6100,6054
6114,6055
6099,6056
6110,6063
6104,6043
6106,6054
6117,6054
6106,6057
6110,6065
6122,6055
6101,6037
6115,6050
6117,6063
6102,6051
6101,6055
6113,6059
6112,6048
6099,6055
6099,6058
6111,6050
6102,6049
6102,6054
6094,6080
6107,6056
6107,6046
6112,6043
6108,6050
6107,6055
6107,6057
6103,6058
6107,6057
6101,6040
6098,6057
6108,6056
6103,6044
6102,6054
6104,6044
6096,6042
6102,6060
6096,6032
6105,6039
6102,6041
6101,6049
6107,6056
6095,6053
6101,6047
6100,6056
6101,6040
6103,6059
6093,6054
6107,6052
6096,6056
6098,6060
6104,6055
6101,6053
6104,6058
6115,6055
6101,6097
6099,6046
6102,6044
6106,6057
6104,6049
6096,6043
6096,6044
6097,6051
6097,6053
6104,6039
6102,6045
6100,6039
6094,6043
6103,6043
6096,6047
6104,6041
6111,6055
6106,6060
6094,6041
6098,6056
6108,6050
6109,6048
6113,6049
6100,6046
6099,6054
6102,6047
6108,6061
6109,6061
6121,6041
6112,6048
6108,6047
6107,6043
6115,6043
6107,6060
6102,6063
6106,6052
6116,6048
6111,6053
6112,6064
6111,6051
6120,6030
6111,6053
6117,6059
6112,6040
6108,6044
6116,6051
6119,6056
6122,6042
6114,6049
6111,6047
6104,6036
6113,6049
6111,6050
6115,6050
6116,6056
6107,6062
6118,6043
6111,6050
6103,6063
6084,6012
6144,6085
6142,6079
6156,6052
6086,6042
6119,6049
6080,6024
6104,6037
6101,6042
6096,6035
6103,6045
6103,6052
6115,6054
6111,6057
6104,6050
6110,6036
6101,6031
6110,6052
6120,6052
6098,6041
6107,6047
6110,6049
6107,6052
6114,6053
6099,6041
6111,6048
6109,6048
6105,6057
6120,6061
6108,6055
6110,6037
6106,6054
6097,6039
6111,6052
6113,6038
6109,6036
6104,6046
6101,6050
6114,6038
6113,6054
6104,6059
6113,6057
6099,6045
6108,6032
6119,6055
6105,6038
6117,6047
6114,6054
6100,6043
6119,6055
6112,6050
6105,6060
6109,6058
6107,6062
6099,6052
6113,6058
6107,6040
6110,6056
6104,6038
6097,6033
6107,6053
6105,6040
6114,6036
6109,6048
6121,6061
6106,6053
6104,6056
6112,6047
6113,6054
6105,6057
6111,6027
6110,6052
6113,6053
6112,6057
6119,6046
6121,6050
6107,6039
6121,6060
6126,6057
6114,6055
6113,6058
6111,6054
6118,6043
6113,6063
6113,6051
6119,6057
6112,6052
6111,6037
6110,6054
6114,6036
6114,6053
6124,6054
6109,6042
6112,6052
6116,6058
6127,6049
6113,6049
6132,6059
6111,6057
6118,6051
6117,6049
6114,6047
6114,6058
6116,6054
6116,6054
6114,6057
6105,6038
6113,6048
6122,6059
6111,6063
6115,6047
6113,6058
6109,6051
6105,6059
6110,6046
6115,6051
6114,6057
6114,6064
6113,6054
6112,6048
6111,6063
6105,6059
6113,6048
6114,6056
6119,6046
6112,6055
6112,6055
6113,6053
6113,6057
6119,6051
6106,6051
6113,6059
6117,6046
6112,6055
6114,6050
6114,6048
6115,6053
6119,6057
6105,6054
6110,6050
6112,6051
6112,6057
6113,6059
6114,6053
6116,6057
6117,6053
6113,6057
6102,6046
6102,6046
6107,6063
6117,6058
6114,6054
6110,6052
6113,6057
6111,6058
6109,6063
6109,6066
6112,6038
6110,6054
6104,6061
6112,6059
6115,6058
6111,6059
6109,6061
6108,6064
6113,6055
6112,6064
6111,6041
6103,6040
6115,6049
6115,6049
6115,6062
6112,6063
6110,6055
6110,6067
6113,6063
6114,6050
6114,6055
6119,6054
6111,6048
6102,6055
6110,6063
6110,6060
6106,6057
0,30
0,61680
0,0
6118,6060
5596,5570
5595,5571
5594,5567
5594,5582
5600,5577
5597,5582
5600,5565
5600,5576
5818,5756
6333,6305
6288,6298
6312,6289
6308,6311
6274,6316
6295,6305
6283,6308
6277,6299
6297,6311
6307,6329
6302,6310
6298,6315
6309,6331
6294,6336
6306,6322
6306,6327
6298,6336
6298,6335
6300,6336
6316,6328
6306,6322
6297,6328
6273,6329
6275,6338
6281,6324
6278,6326
6298,6324
6291,6317
6301,6356
6303,6352
6294,6325
6284,6335
6272,6315
6280,6336
6293,6347
6289,6351
6302,6344
6295,6340
6297,6312
6280,6335
6277,6346
6285,6344
6291,6412
6304,6316
6298,6343
6298,6356
6300,6322
6308,6300
6325,6345
6302,6353
6324,6319
6312,6328
6284,6301
6273,6312
6272,6308
6292,6312
6295,6342
6300,6352
6303,6324
6321,6330
6302,6331
6285,6330
6298,6308
6287,6330
6284,6316
6288,6308
6291,6324
6284,6318
6303,6303
6301,6331
6305,6327
6300,6317
6292,6336
6313,6321
6319,6307
6290,6343
6274,6324
6291,6352
6283,6356
6289,6321
6278,6332
6284,6338
6288,6334
6300,6337
6292,6333
6317,6368
6292,6344
6280,6339
6283,6316
6289,6323
6275,6324
6281,6308
6287,6327
6291,6306
6281,6308
6282,6316
6267,6320
6287,6310
6302,6299
6310,6340
6288,6333
6275,6336
6268,6338
6296,6328
6295,6344
6289,6362
6308,6318
6294,6321
6297,6326
6283,6299
6299,6325
6297,6371
6293,6366
6298,6338
6308,6332
6289,6346
6281,6346
6299,6348
6285,6331
6265,6334
6292,6334
6285,6340
6289,6356
6271,6343
6287,6332
6282,6345
6292,6323
6289,6324
6285,6316
6281,6342
6289,6359
6279,6354
6281,6342
6281,6355
6264,6338
6288,6339
6289,6336
6297,6342
6282,6334
6288,6344
6273,6333
6279,6343
6288,6318
6295,6337
6305,6329
6300,6352
6276,6377
6286,6342
6291,6344
6291,6331
6280,6313
6283,6314
6259,6327
6297,6356
6294,6353
6280,6343
6290,6342
6281,6356
6269,6324
6272,6354
6272,6345
6271,6345
6275,6332
6278,6344
6282,6353
6281,6328
6277,6351
6291,6348
6276,6350
6261,6355
6265,6369
6274,6363
6283,6330
6273,6303
6281,6303
6288,6338
6285,6320
6278,6328
6270,6343
6266,6364
6277,6370
6281,6361
6265,6358
6270,6347
6270,6373
6283,6375
6273,6361
6267,6368
6261,6344
6276,6353
6268,6341
6281,6378
6273,6375
6280,6361
6269,6353
6283,6389
6263,6371
6263,6364
6272,6363
6250,6354
6264,6357
6263,6364
6279,6350
6282,6374
6290,6371
6269,6357
6276,6365
6276,6380
6258,6387
6248,6375
6272,6377
6261,6380
6272,6363
6256,6369
6244,6371
6264,6350
6260,6352
6268,6380
6268,6389
6267,6378
6257,6391
6264,6367
6255,6365
6252,6378
6309,6365
6243,6382
6252,6365
6383,6196
6418,6657
6264,6386
6238,6398
6239,6348
6266,6374
6257,6414
6246,6398
6253,6391
6242,6383
6250,6391
6246,6373
6276,6392
6272,6378
6250,6365
6257,6388
6263,6388
6248,6372
6266,6383
6254,6431
6281,6396
6263,6403
6239,6378
6254,6389
6260,6397
6245,6381
6244,6362
6258,6349
6251,6361
6250,6322
6251,6353
6239,6344
6239,6351
6231,6390
6245,6391
6229,6390
6230,6388
6239,6371
6239,6386
6248,6395
6258,6394
6243,6398
6243,6409
6248,6401
6254,6387
6246,6407
6243,6404
6235,6398
6247,6381
6252,6390
6235,6390
6225,6380
6247,6386
6230,6391
6235,6390
6236,6370
6237,6375
6244,6367
6242,6367
6238,6411
6234,6380
6233,6376
6226,6383
6239,6372
6235,6400
6251,6372
6236,6382
6240,6383
6231,6398
6242,6401
6236,6363
6217,6351
6227,6369
6239,6360
6232,6346
6243,6354
6255,6348
6247,6368
6248,6382
6233,6415
6225,6403
6236,6403
6233,6429
6224,6413
6239,6424
6244,6386
6238,6410
6216,6404
6231,6387
6233,6389
6241,6386
6247,6398
6236,6403
6230,6414
6225,6411
6240,6392
6214,6395
6230,6401
6227,6370
6237,6387
6231,6372
6243,6376
6228,6403
6238,6365
6248,6386
6224,6409
6223,6397
6221,6399
6233,6390
6225,6446
6233,6382
6217,6369
6220,6347
6235,6369
6219,6378
6230,6361
6223,6375
6241,6377
6245,6387
6235,6391
6231,6411
6223,6386
6232,6405
6217,6407
6244,6405
6235,6380
6231,6411
6223,6390
6231,6399
6237,6407
6232,6405
6227,6408
6231,6424
6227,6411
6231,6385
6235,6412
6227,6402
6232,6412
6219,6390
6215,6413
6216,6412
6227,6400
6227,6408
6225,6407
6209,6409
6229,6416
6210,6414
6210,6439
6223,6431
6210,6425
6225,6429
6210,6405
6224,6423
6224,6411
6218,6403
6214,6414
6228,6408
6227,6420
6217,6403
6223,6404
6218,6391
6230,6370
6216,6401
6224,6377
6221,6413
6218,6409
6220,6390
6228,6432
6225,6410
6217,6436
6217,6402
6213,6414
6220,6431
6213,6445
6218,6443
6223,6403
6217,6418
6235,6413
6233,6388
6216,6380
6213,6364
6213,6372
6226,6354
6227,6370
6224,6335
6216,6346
6215,6352
6225,6355
6235,6363
6227,6394
6223,6369
6222,6387
6220,6390
6219,6396
6218,6393
6224,6405
6222,6411
6212,6422
6218,6418
6222,6440
6207,6425
6208,6425
6220,6406
6224,6429
6219,6425
6222,6430
6213,6412
6231,6403
6210,6411
6217,6404
6222,6404
6204,6385
6214,6421
6220,6417
6214,6400
6216,6406
6220,6396
6209,6408
6222,6417
6209,6416
6224,6425
6222,6399
6211,6382
6215,6413
6223,6394
6217,6396
6215,6404
6211,6408
6233,6379
6222,6394
6215,6375
6216,6373
6215,6377
6234,6353
6226,6376
6225,6376
6226,6368
6228,6379
6226,6391
6219,6417
6230,6400
6226,6390
6220,6391
6219,6370
6214,6366
6217,6388
6211,6394
6215,6381
6216,6391
6214,6377
6212,6352
6226,6356
6232,6359
6223,6355
6238,6356
6213,6373
6226,6381
6225,6381
6212,6370
6219,6395
6231,6396
6222,6383
6219,6359
6221,6353
6220,6384
6234,6384
6336,6511
6261,6423
6244,6377
6241,6385
6221,6401
6254,6411
6225,6382
6231,6378
6226,6363
6212,6368
6217,6401
6214,6383
6222,6384
6227,6385
6228,6374
6234,6373
6226,6351
6226,6372
6241,6361
6224,6353
6215,6371
6231,6337
6223,6368
6215,6382
6233,6374
6227,6371
6231,6382
6217,6378
6215,6397
6226,6345
6229,6365
6223,6382
6235,6370
6215,6364
6215,6354
6226,6374
6226,6370
6225,6350
6239,6355
6242,6365
6232,6355
6227,6349
6228,6301
6226,6357
6225,6344
6217,6341
6227,6334
6226,6356
6236,6369
6232,6354
6223,6344
6231,6360
6234,6343
6218,6335
6219,6358
6216,6345
6222,6353
6224,6349
6225,6358
6228,6356
6217,6339
6229,6351
6231,6345
6232,6367
6229,6376
6225,6371
6233,6364
6234,6337
6223,6335
6231,6345
6230,6327
6211,6352
6229,6324
6236,6327
6226,6329
6225,6337
6230,6349
6231,6341
6236,6321
6242,6321
6232,6323
6233,6348
6231,6339
6210,6313
6217,6335
6219,6338
6222,6330
6215,6328
6228,6348
6226,6338
6218,6322
6222,6352
6217,6327
6217,6330
6218,6330
6227,6338
6234,6345
6238,6344
6223,6341
6233,6339
6217,6343
6219,6338
6218,6331
6230,6356
6228,6330
6235,6332
6227,6330
6221,6341
6225,6334
6224,6342
6230,6344
6225,6350
6225,6344
6242,6342
6230,6323
6242,6327
6233,6345
6237,6341
6231,6344
6241,6366
6243,6354
6229,6362
6237,6368
6237,6328
6240,6347
6228,6336
6231,6335
6230,6348
6253,6361
6249,6337
6263,6344
6252,6327
6256,6358
6275,6334
6292,6344
6308,6333
6339,6337
6358,6356
6375,6348
6414,6364
6455,6339
6523,6323
6590,6326
6635,6347
6673,6340
6746,6344
6794,6334
6818,6343
6819,6354
6834,6340
6816,6345
6766,6348
6731,6370
6701,6370
6671,6343
6649,6331
6635,6334
6622,6337
6654,6339
6652,6319
6696,6322
6719,6320
6813,6321
6917,6361
6995,6346
7183,6337
7316,6351
7476,6358
7633,6373
7814,6363
7876,6390
7974,6370
8088,6368
8181,6408
8395,6408
8495,6403
8537,6447
8568,6481
8523,6471
8425,6488
8296,6530
8167,6575
7998,6606
7872,6588
7760,6659
7665,6689
7578,6747
7405,6798
7332,6796
7214,6863
7097,6958
6941,7046
6822,7149
6765,7236
6776,7340
6860,7387
6968,7448
7091,7485
7243,7418
7473,7378
7695,7320
7926,7258
8130,7235
8356,7227
8617,7212
8727,7135
8809,7083
8861,6998
8908,6885
9035,6833
9207,6794
9256,6730
9265,6678
9256,6655
9249,6639
9241,6681
9163,6735
9037,6842
8825,6975
8737,7118
8612,7242
8411,7398
8228,7533
8072,7690
7918,7759
7774,7867
7659,7860
7527,7968
7365,8068
7239,8167
7212,8203
7121,8278
7087,8297
7108,8298
7246,8236
7376,8149
7623,8016
7855,7893
8134,7810
8406,7687
8736,7534
8928,7331
9076,7185
9210,7087
9355,6958
9524,6859
9645,6812
9672,6786
9671,6785
9681,6771
9504,6780
9430,6816
9385,6869
9147,6970
9007,7102
8733,7242
8630,7395
8434,7516
8225,7694
8039,7813
7795,7906
7592,8045
7455,8190
7259,8369
7112,8530
6972,8692
6874,8861
6800,8868
7109,9315
6875,8962
6934,8957
7019,8790
7091,8638
7309,8566
7484,8420
7694,8370
7905,8208
8092,8092
8382,7868
8619,7675
8789,7455
8973,7281
9081,7099
9104,7024
9199,6890
9238,6853
9314,6822
9433,6850
9532,6852
9584,6875
9627,6927
9519,7009
9513,7069
9347,7250
9093,7360
8943,7531
8720,7672
8468,7835
8211,7975
7988,8068
7687,8208
7522,8262
7356,8322
7253,8428
7143,8426
7081,8424
7054,8431
7071,8420
7161,8342
7173,8304
7277,8267
7388,8122
7580,8035
7751,7905
7961,7791
8141,7633
8291,7523
8596,7362
8975,7221
9342,7101
9617,6990
9879,6933
10095,6878
10380,6850
10557,6862
10582,6834
10662,6846
10569,6865
10478,6972
10252,7073
10184,7186
10024,7335
9804,7478
9587,7671
9390,7881
9163,8080
8885,8345
8604,8399
8280,8527
7935,8703
7660,8883
7439,8957
7220,8968
7083,9038
7021,9094
6958,9073
6977,9078
7040,9095
7083,8928
7255,8755
7410,8648
7583,8543
7746,8449
7882,8340
8051,8186
8191,7936
8353,7745
8468,7521
8578,7335
8708,7114
8786,7008
8847,6900
8976,6809
9023,6759
9036,6751
9045,6759
9012,6860
9003,6927
8952,7044
8823,7149
8766,7263
8671,7441
8554,7611
8415,7809
8240,8014
8126,8199
7960,8466
7720,8728
7554,8856
7391,9102
7172,9262
7059,9364
6946,9271
6828,9265
6759,9234
6729,9128
6730,8976
6777,8810
6840,8701
6921,8484
7050,8298
7242,8078
7402,7861
7642,7641
7786,7465
7952,7284
8129,7168
8236,7000
8312,6894
8424,6814
8743,6728
8790,6702
8875,6685
8903,6673
8927,6679
8983,6702
8949,6750
8925,6788
8816,6866
8737,6949
8510,7032
8280,7120
8062,7267
7914,7369
7683,7554
7559,7727
7372,7846
7222,7995
7078,8120
7007,8246
6878,8304
6818,8431
6767,8512
6786,8530
6798,8469
6843,8390
6906,8294
6992,8184
7058,8069
7134,7984
7248,7853
7354,7673
7488,7522
7671,7429
7821,7289
7968,7140
8014,7064
8206,6950
8309,6812
8392,6703
8522,6650
8584,6582
8646,6561
8620,6558
8547,6634
8504,6665
8439,6778
8332,6898
8228,7024
8132,7173
7940,7307
7776,7491
7622,7645
7491,7811
7365,7970
7225,8036
7096,8143
7000,8186
6948,8185
6877,8283
6846,8244
6820,8275
6816,8214
6863,8145
6879,8098
6968,8058
7077,7998
7132,7951
7242,7855
7437,7762
7571,7624
7765,7473
7943,7377
8110,7261
8320,7153
8467,6993
8624,6910
8782,6781
8891,6695
9016,6662
9077,6614
9174,6619
9183,6632
9189,6655
9103,6762
9015,6857
8851,6907
8707,7020
8559,7041
8406,7157
8196,7225
8007,7354
7758,7474
7550,7561
7397,7688
7206,7754
7014,7866
6857,7926
6762,7943
6719,8017
6678,8025
6674,8018
6707,7985
6825,7973
6921,7959
7019,7815
7163,7688
7360,7652
7584,7538
7813,7381
8033,7298
8223,7206
8444,7106
8622,6965
8759,6918
8869,6822
8929,6727
8989,6643
8991,6587
9028,6565
9029,6568
8986,6567
8914,6629
8735,6725
8625,6813
8472,6928
8330,7046
8204,7210
8085,7388
7872,7534
7728,7662
7637,7851
7507,7994
7353,8105
7232,8194
7087,8368
6973,8369
6919,8394
6917,8546
6806,8479
6869,8425
6893,8503
6934,8416
6997,8287
7142,8186
7285,8049
7447,7887
7607,7734
7774,7503
7994,7348
8225,7254
8475,7092
8725,6948
8933,6823
9178,6759
9328,6698
9362,6681
9481,6639
9495,6656
9549,6682
9477,6737
9304,6833
9135,6906
8999,6970
8895,7075
8654,7158
8296,7281
8064,7412
7925,7506
7741,7644
7624,7775
7451,7961
7280,8023
7082,8119
6983,8175
6894,8247
6854,8404
6768,8395
6785,8484
6783,8521
6820,8498
6875,8477
6937,8398
7044,8396
7171,8294
7290,8150
7508,8086
7672,7910
7841,7791
7995,7580
8090,7435
8236,7265
8395,7077
8430,6943
8554,6840
8498,6714
8510,6716
8424,6693
8329,6739
8336,6808
8286,6854
8188,6913
8276,7009
8224,7146
8168,7281
8035,7330
7871,7440
7770,7582
7661,7715
7484,7797
7332,7902
7270,8008
7173,8081
7073,8127
6918,8219
6833,8190
6796,8189
6746,8157
6802,8183
6824,8135
6969,7975
7027,7840
7160,7809
7315,7696
7515,7512
7707,7364
7884,7275
8074,7157
8270,7052
8474,6967
8679,6840
8873,6764
8979,6709
9181,6663
9294,6643
9401,6612
9493,6643
9519,6666
9553,6698
9436,6725
9284,6770
9100,6855
8950,6936
8740,7021
8611,7122
8352,7261
8088,7386
7823,7530
7562,7674
7387,7828
7247,7923
7102,7967
6983,8106
6908,8156
6850,8173
6838,8214
6878,8146
6944,8081
6997,8020
7134,7966
7309,7933
7477,7853
7653,7694
7860,7549
8080,7417
8259,7259
8406,7123
8659,7053
8802,6901
8992,6840
9028,6737
9106,6683
8999,6660
8899,6663
8864,6724
8822,6773
8757,6823
8656,6926
8565,7067
8407,7161
8241,7293
8157,7526
8053,7739
7874,7864
7659,8030
7513,8224
7396,8471
7238,8662
7139,8772
7050,8871
6975,8933
6894,8901
6815,8989
6753,9038
6725,9030
6725,8963
6798,8749
6842,8552
6943,8497
7047,8331
7221,8145
7344,7973
7584,7803
7810,7582
8015,7351
8241,7235
8438,7042
8589,6940
8728,6831
8893,6713
9058,6634
9215,6584
9344,6552
9414,6583
9426,6593
9218,6652
9036,6696
8904,6806
8800,6864
8637,6949
8560,7026
8397,7063
8230,7184
8074,7236
7875,7346
7689,7454
7560,7606
7401,7657
7261,7734
7171,7839
7090,7842
7030,7913
7079,7985
7116,7981
7157,7991
7223,8057
7346,7968
7551,7896
7740,7771
7912,7703
8150,7629
8374,7529
8561,7421
8674,7293
9017,7179
9228,7015
9423,6896
9556,6843
9764,6736
9822,6693
9914,6639
9927,6636
9969,6662
9988,6714
9815,6786
9687,6882
9581,7007
9381,7148
9227,7306
9046,7425
8762,7562
8595,7752
8449,7870
8344,8038
8182,8116
8092,8235
7890,8345
7737,8413
7575,8542
7406,8636
7309,8773
7279,8944
7301,8936
7363,8833
7437,8781
7629,8741
7859,8611
8222,8581
8533,8525
8854,8393
9244,8234
9621,7976
10132,7776
10514,7604
10878,7425
11163,7241
11486,7094
11642,6976
11894,6877
12192,6861
12054,6809
12047,6902
11939,7006
11790,7173
11748,7274
11470,7387
11243,7563
10914,7713
10524,7923
10108,8038
9705,8184
9301,8314
8937,8416
8587,8698
8292,9093
8092,9318
7830,9389
7656,9391
7706,9675
7593,9673
7690,9760
7776,9925
7760,9950
7862,9815
8018,9648
8273,9573
8536,9372
8886,9085
9258,8796
9625,8561
9951,8315
10348,8004
10643,7765
10891,7457
11101,7241
11393,7139
11634,7013
11888,6985
12047,7004
12080,7038
11987,7162
11794,7307
11832,7437
11673,7626
11415,7812
11014,8077
10696,8363
10354,8611
9966,8974
9587,9266
9194,9525
8785,9771
8435,10031
8136,10298
7953,10405
7704,10525
7553,10645
7509,10513
7478,10577
7492,10554
7549,10331
7750,10208
7866,10060
8042,9835
8300,9615
8435,9284
8742,9073
9107,8769
9599,8499
9970,8262
10420,8107
10789,7871
11136,7697
11451,7530
11717,7411
11922,7293
12009,7230
11998,7221
11841,7328
11561,7411
11427,7475
11143,7623
10626,7827
10247,8127
9862,8412
9519,8678
9119,8945
8782,9103
8508,9312
8250,9518
8072,9769
7864,9993
7679,10217
7521,10276
7396,10332
7335,10276
7347,10304
7392,10281
7441,10120
7491,9875
7607,9679
7838,9519
8088,9354
8204,9260
8386,9064
8701,8839
8958,8584
9231,8281
9522,8036
9799,7740
9935,7427
9957,7204
9867,7042
9900,6960
9603,6929
9345,6937
8866,7046
8388,7153
8306,7344
8105,7466
7624,7770
7109,7955
6697,8208
6444,8508
6304,8751
6228,8871
6203,9147
6186,9329
6160,9465
6164,9708
6153,9775
6150,9793
6154,9717
6168,9713
6155,9797
6133,9812
6149,9694
6144,9497
6140,9280
6143,9052
6141,8847
6143,8767
6129,8542
6126,8166
6127,7867
6133,7628
6132,7364
6119,7211
6112,7043
6117,6936
6127,6829
6124,6818
6121,6831
6118,6884
6118,6964
6128,7057
6117,7273
6115,7402
6119,7561
6120,7629
6119,7654
6108,7683
6114,7830
6116,7990
6125,8107
6114,8370
6110,8437
6118,8581
6113,8515
6117,8207
6110,8039
6112,7935
6115,7826
6124,7637
6105,7114
6106,6776
6109,6523
6110,6366
6107,6287
6107,6195
6111,6169
6121,6147
6100,6153
6112,6139
6107,6139
6097,6160
6116,6165
6102,6152
6110,6169
6114,6171
6106,6181
6104,6175
6103,6165
6103,6130
6107,6124
6094,6092
6098,6076
6107,6070
6107,6072
6111,6074
6094,6047
6106,6087
6110,6057
6107,6059
6111,6069
6106,6067
6106,6065
6098,6073
6106,6061
6104,6075
6108,6062
6109,6069
6102,6051
6109,6085
6098,6035
6098,6056
6105,6077
6116,6067
6110,6058
6107,6051
6097,6051
6101,6033
6105,6055
6098,6053
6104,6048
6115,6052
6111,6054
6106,6060
6104,6059
6112,6060
6103,6058
6112,6050
6109,6063
6117,6060
6117,6067
6111,6055
6109,6054
6113,6066
6106,6053
6106,6051
6113,6051
6106,6043
6109,6047
6109,6050
6114,6041
6111,6060
6106,6056
6104,6046
6103,6060
6102,6050
6109,6057
6114,6046
6099,6046
6102,6047
6109,6053
6106,6047
6110,6061
6100,6049
6114,6047
6107,6060
6109,6048
6107,6036
6114,6041
6104,6053
6106,6053
6103,6051
6114,6053
6109,6059
6111,6046
6111,6060
6113,6052
6112,6045
6110,6031
6106,6039
6104,6037
6110,6035
6112,6052
6114,6044
6102,6041
6112,6055
6108,6047
6105,6050
6098,6054
6179,6128
6137,6062
6158,6087
6086,6030
6113,6057
6103,6052
6106,6044
6106,6049
6113,6053
6103,6041
6105,6046
6099,6047
6114,6049
6107,6040
6102,6042
6100,6041
6093,6044
6101,6046
6108,6049
6106,6051
6097,6047
6099,6044
6096,6040
6098,6054
6102,6051
6102,6046
6106,6042
6099,6058
6106,6050
6121,6064
6099,6068
6110,6053
6099,6049
6111,6048
6102,6046
6099,6039
6112,6044
6099,6018
6108,6053
6102,6039
6098,6040
6095,6057
6099,6038
6104,6055
6117,6045
6103,6048
6109,6052
6090,6051
6101,6048
6100,6053
6112,6042
6110,6052
6098,6056
6098,6047
6106,6055
6106,6045
6105,6054
6107,6048
6109,6050
6102,6048
6100,6051
6096,6045
6097,6047
6103,6067
6110,6063
6100,6041
6092,6047
6107,6055
6107,6036
6107,6053
6108,6050
6112,6053
6100,6042
6102,6038
6104,6052
6105,6049
6102,6044
6098,6058
6090,6023
6099,6042
6097,6049
6099,6045
6113,6056
6098,6038
6094,6044
6103,6024
6099,6032
6092,6034
6103,6041
6093,6054
6099,6048
6107,6042
6095,6048
6107,6058
6092,6050
6098,6055
6110,6050
6109,6052
6097,6048
6097,6045
6102,6040
6102,6046
6104,6047
6098,6041
6097,6051
6094,6045
6089,6096
6096,6051
6092,6038
6100,6057
6096,6051
6095,6043
6094,6026
6103,6045
6099,6044
6102,6049
6106,6048
6096,6040
6099,6047
6101,6044
6106,6039
6098,6048
6090,6031
6098,6042
6087,6053
6090,6045
6111,6050
6099,6050
6088,6044
6102,6046
6087,6047
6104,6045
6100,6047
6094,6037
6099,6058
6101,6040
6105,6035
6104,6041
6092,6043
6108,6052
6096,6041
6104,6047
6107,6054
6097,6042
6105,6039
6102,6046
6105,6050
6101,6053
6111,6052
6105,6032
6101,6036
6097,6044
6100,6053
6099,6049
6106,6053
6099,6049
6099,6049
6107,6051
6103,6038
6112,6046
6108,6049
6104,6053
6101,6044
6101,6026
6102,6037
6122,6059
6099,6054
6102,6052
6105,6050
6100,6039
6095,6041
6106,6043
6105,6055
6102,6064
6098,6050
6110,6054
6116,6045
6114,6055
6112,6043
6102,6045
6111,6055
6121,6054
6104,6043
6112,6051
6108,6060
6107,6057
6101,6055
6116,6050
6107,6039
6105,6043
6099,6053
6108,6051
6103,6042
6105,6042
6111,6051
6103,6051
6107,6037
6110,6046
6106,6038
6105,6036
6107,6047
6093,6056
6100,6045
6100,6021
6098,6032
6101,6050
6102,6043
6100,6038
6097,6046
6106,6045
6110,6058
6106,6047
6104,6043
6099,6045
6101,6048
6108,6040
6093,6048
6102,6044
6107,6035
6099,6049
6110,6049
6101,6052
6097,6048
6094,6055
6095,6048
6101,6044
6093,6047
6104,6038
6109,6045
6096,6042
6102,6047
6104,6055
6107,6030
6099,6045
6103,6035
6104,6050
6106,6043
6103,6050
6098,6043
6090,6054
6097,6039
6101,6044
6102,6033
6095,6045
6118,6047
6110,6039
6098,6052
6100,6042
6101,6046
6107,6053
6114,6056
6107,6055
6101,6044
6098,6058
6097,6051
6109,6060
6106,6052
6115,6055
6100,6046
6111,6047
6103,6055
6106,6050
6111,6054
6111,6049
6109,6054
6112,6048
6110,6058
6115,6033
6109,6040
5706,5747
6083,6024
6115,6011
6179,6066
6105,6009
6106,6032
6106,6041
6095,6069
6123,6067
6101,6060
6101,6039
6134,6057
6120,6044
6104,6031
6121,6054
6114,6053
6112,6046
6107,6040
6111,6052
6107,6058
6112,6054
6108,6063
6102,6060
6110,6057
6107,6043
6108,6034
6102,6045
6105,6043
6097,6048
6105,6038
6109,6048
6113,6046
6105,6060
6106,6057
6116,6050
6106,6045
6119,6046
6117,6047
6111,6043
6106,6046
6106,6048
6103,6046
6118,6040
6107,6094
6107,6038
6115,6037
6114,6050
6113,6052
6105,6053
6110,6036
6105,6054
6110,6041
6118,6061
6118,6054
6109,6047
6104,6041
6107,6043
6112,6039
6122,6062
6106,6054
6112,6052
6108,6049
6108,6047
6118,6057
6109,6055
6122,6042
6117,6049
6098,6050
6114,6047
6108,6051
6107,6045
6112,6038
6104,6034
6106,6062
6115,6042
6112,6051
6108,6058
6104,6046
6106,6048
6112,6053
6117,6061
6107,6041
6115,6041
6114,6058
6109,6051
6103,6034
6117,6051
6114,6046
6113,6058
6108,6057
6114,6047
6112,6081
6117,6056
6127,6061
6117,6042
6107,6054
6114,6053
6119,6057
6107,6063
6113,6048
6112,6047
6113,6049
6117,6055
6113,6040
6120,6054
6115,6064
6115,6053
6100,6061
6115,6054
6109,6054
6110,6051
6119,6053
6114,6046
6118,6063
6128,6060
6108,6036
6114,6050
6107,6050
6111,6054
6111,6059
6111,6059
6117,6045
6118,6060
6114,6054
6108,6057
6113,6051
6113,6056
6115,6058
6114,6054
6114,6051
6117,6051
6113,6056
6108,6046
6117,6057
6119,6057
6116,6056
6115,6053
6110,6049
6110,6052
6108,6053
6109,6064
6114,6053
6114,6053
6118,6059
6122,6053
6117,6054
6112,6053
6114,6055
6108,6062
6119,6058
6114,6050
6113,6057
6101,6042
6112,6051
6114,6041
6120,6046
6115,6048
6114,6064
6120,6060
6110,6048
6111,6056
6114,6059
6112,6055
6131,6056
6131,6056
6120,6046
6117,6057
6112,6049
6115,6049
6123,6063
6117,6054
6118,6050
6119,6057
6109,6055
6110,6062
6111,6053
6111,6046
6111,6059
6107,6064
6115,6054
6111,6038
6109,6032
6114,6056
6107,6047
6116,6055
6114,6054
6114,6054
6119,6050
6119,6049
6119,6052
6116,6061
6113,6040
6114,6050
6115,6055
6119,6052
6114,6060
6111,6056
6112,6061
6118,6052
6114,6054
6117,6041
6107,6052
6114,6050
0,30
0,61680
0,0
6112,6051
5599,5564
5592,5566
5599,5559
5593,5570
5597,5558
5594,5574
5595,5568
5592,5573
5817,5752
6318,6312
6269,6307
6294,6300
6303,6290
6278,6297
6296,6292
6282,6307
6280,6310
6290,6322
6300,6314
6289,6327
6300,6322
6301,6347
6294,6331
6295,6322
6292,6317
6302,6335
6290,6327
6294,6324
6301,6335
6311,6302
6285,6324
6267,6314
6285,6325
6281,6326
6280,6329
6293,6324
6285,6332
6307,6351
6298,6347
6271,6338
6278,6329
6269,6336
6278,6335
6289,6343
6293,6332
6301,6350
6300,6350
6295,6310
6292,6340
6278,6337
6271,6337
6291,6347
6309,6328
6290,6338
6303,6360
6299,6334
6312,6320
6315,6326
6293,6343
6321,6311
6313,6325
6268,6296
6284,6295
6284,6292
6297,6327
6321,6339
6291,6344
6318,6323
6310,6323
6294,6339
6295,6325
6294,6317
6279,6324
6283,6328
6289,6324
6280,6322
6296,6321
6300,6305
6298,6306
6308,6311
6283,6327
6285,6338
6306,6314
6293,6313
6286,6321
6283,6327
6273,6349
6286,6358
6285,6323
6266,6323
6284,6331
6286,6344
6294,6352
6316,6369
6313,6351
6288,6348
6276,6339
6301,6320
6298,6334
6283,6317
6291,6310
6288,6342
6295,6289
6281,6314
6286,6313
6276,6317
6279,6325
6305,6307
6306,6331
6307,6324
6267,6338
6273,6344
6280,6335
6284,6352
6285,6358
6292,6323
6293,6324
6286,6331
6286,6297
6285,6321
6283,6367
6298,6373
6311,6329
6289,6346
6276,6338
6280,6363
6296,6350
6278,6327
6282,6330
6296,6345
6283,6342
6277,6340
6280,6361
6288,6331
6292,6324
6297,6337
6296,6327
6292,6324
6291,6343
6290,6337
6294,6354
6277,6325
6289,6343
6269,6325
6283,6346
6296,6328
6312,6337
6279,6337
6275,6329
6287,6349
6278,6334
6281,6329
6293,6310
6311,6341
6292,6352
6288,6365
6286,6345
6291,6342
6299,6354
6286,6328
6280,6314
6277,6330
6292,6349
6288,6341
6286,6348
6290,6330
6295,6339
6283,6334
6270,6352
6267,6338
6276,6329
6262,6324
6280,6338
6272,6347
6281,6345
6283,6352
6266,6345
6276,6374
6250,6375
6274,6328
6261,6340
6280,6329
6275,6320
6274,6321
6268,6342
6287,6336
6270,6327
6279,6357
6258,6356
6272,6373
6274,6381
6253,6356
6271,6352
6280,6376
6269,6379
6265,6371
6275,6345
6270,6358
6270,6352
6275,6342
6285,6385
6268,6368
6268,6372
6256,6342
6263,6384
6268,6375
6270,6361
6267,6347
6243,6348
6250,6368
6269,6362
6281,6363
6351,6438
6245,6344
6312,6402
6248,6327
6290,6402
6251,6375
6260,6361
6277,6385
6272,6378
6277,6350
6255,6371
6251,6384
6264,6379
6259,6368
6281,6394
6261,6398
6266,6375
6262,6366
6266,6364
6268,6366
6256,6387
6247,6365
6246,6355
6247,6351
6242,6384
6255,6359
6233,6349
6255,6396
6269,6375
6264,6402
6249,6404
6245,6405
6260,6411
6242,6402
6255,6419
6252,6395
6263,6402
6263,6368
6244,6365
6251,6382
6264,6397
6251,6387
6269,6385
6263,6445
6267,6391
6252,6402
6247,6394
6244,6386
6252,6387
6237,6390
6253,6375
6254,6358
6237,6343
6244,6337
6259,6352
6247,6362
6245,6370
6232,6400
6256,6387
6237,6380
6230,6385
6237,6378
6248,6398
6244,6385
6252,6385
6249,6386
6247,6397
6248,6393
6261,6388
6250,6410
6246,6403
6245,6385
6251,6377
6251,6402
6244,6383
6237,6364
6231,6371
6239,6391
6241,6392
6246,6364
6246,6365
6241,6362
6245,6370
6243,6412
6234,6392
6232,6386
6232,6385
6217,6371
6252,6355
6253,6388
6241,6386
6235,6375
6241,6386
6241,6377
6236,6379
6230,6376
6240,6371
6234,6380
6238,6348
6244,6340
6237,6357
6239,6382
6241,6377
6237,6414
6237,6409
6229,6404
6239,6419
6238,6423
6227,6437
6248,6400
6240,6402
6226,6390
6230,6368
6236,6385
6222,6396
6246,6395
6235,6412
6238,6386
6241,6399
6225,6399
6224,6423
6231,6398
6229,6374
6239,6403
6237,6375
6249,6384
6227,6396
6228,6350
6248,6377
6236,6390
6228,6403
6214,6397
6221,6392
6222,6407
6215,6395
6226,6368
6216,6351
6224,6361
6226,6358
6228,6359
6232,6366
6234,6398
6238,6389
6227,6404
6211,6392
6219,6397
6235,6427
6228,6400
6238,6411
6225,6368
6236,6401
6220,6386
6216,6393
6230,6426
6226,6417
6226,6414
6228,6447
6221,6414
6228,6380
6228,6383
6215,6398
6226,6415
6223,6391
6210,6429
6225,6420
6237,6418
6233,6426
6223,6433
6208,6422
6222,6440
6218,6400
6220,6430
6234,6444
6225,6421
6235,6405
6220,6426
6217,6425
6212,6394
6225,6414
6228,6407
6201,6392
6227,6406
6223,6393
6226,6404
6224,6377
6227,6377
6218,6386
6210,6369
6221,6424
6221,6450
6214,6408
6226,6404
6216,6410
6216,6456
6222,6395
6217,6420
6236,6420
6203,6428
6218,6449
6219,6378
6223,6406
6225,6417
6219,6403
6221,6382
6208,6356
6214,6364
6233,6355
6220,6361
6217,6355
6230,6345
6214,6342
6224,6343
6238,6396
6220,6385
6213,6378
6225,6400
6217,6402
6220,6402
6221,6403
6224,6398
6224,6408
6223,6417
6214,6416
6221,6435
6226,6427
6213,6410
6214,6410
6225,6418
6227,6438
6224,6418
6216,6411
6222,6407
6231,6404
6215,6401
6217,6409
6221,6401
6216,6412
6219,6419
6217,6395
6221,6411
6220,6401
6223,6411
6226,6402
6213,6403
6231,6417
6217,6413
6213,6393
6201,6399
6218,6503
6218,6385
6217,6391
6216,6400
6221,6386
6222,6389
6230,6394
6210,6368
6232,6369
6235,6350
6227,6359
6228,6358
6219,6371
6227,6387
6212,6389
6209,6414
6208,6414
6217,6399
6213,6395
6210,6380
6147,6301
6219,6380
6440,6679
6081,6252
6290,6455
6194,6356
6178,6318
6185,6351
6251,6393
6214,6347
6238,6345
6217,6374
6241,6387
6218,6398
6221,6376
6223,6396
6234,6365
6228,6365
6233,6365
6226,6383
6224,6373
6232,6372
6219,6381
6226,6374
6233,6374
6230,6382
6230,6417
6230,6383
6222,6366
6217,6363
6214,6373
6230,6379
6214,6379
6212,6371
6222,6381
6224,6405
6215,6393
6224,6368
6222,6356
6217,6371
6233,6354
6230,6367
6226,6376
6223,6361
6220,6350
6212,6400
6230,6365
6229,6362
6225,6358
6223,6376
6223,6390
6217,6358
6234,6365
6214,6357
6238,6354
6224,6346
6224,6362
6232,6378
6221,6355
6232,6353
6249,6354
6242,6367
6228,6356
6228,6327
6225,6343
6233,6347
6225,6333
6226,6343
6224,6337
6231,6352
6230,6361
6230,6344
6234,6345
6218,6349
6226,6332
6226,6352
6236,6375
6210,6332
6231,6358
6222,6343
6225,6362
6236,6348
6223,6352
6233,6345
6226,6352
6224,6367
6235,6366
6230,6361
6226,6369
6229,6351
6231,6360
6241,6336
6239,6326
6226,6326
6233,6321
6231,6332
6217,6324
6221,6317
6222,6341
6234,6353
6232,6325
6252,6323
6230,6291
6231,6317
6229,6349
6219,6325
6224,6339
6224,6331
6220,6324
6210,6325
6226,6342
6225,6331
6222,6327
6222,6344
6221,6331
6217,6340
6220,6345
6216,6351
6235,6353
6232,6340
6227,6322
6229,6333
6224,6335
6216,6318
6228,6356
6234,6358
6235,6337
6229,6335
6226,6335
6230,6344
6223,6333
6223,6326
6231,6354
6237,6351
6228,6341
6231,6347
6231,6336
6231,6318
6221,6352
6230,6347
6229,6337
6242,6357
6248,6348
6241,6354
6248,6346
6256,6346
6242,6323
6242,6328
6229,6332
6226,6330
6252,6340
6232,6346
6247,6332
6268,6340
6249,6343
6274,6331
6292,6327
6316,6323
6331,6352
6352,6359
6388,6354
6396,6341
6487,6341
6527,6312
6553,6335
6634,6340
6696,6346
6741,6329
6804,6322
6819,6334
6816,6351
6838,6327
6821,6332
6786,6336
6713,6360
6699,6334
6692,6324
6632,6339
6635,6328
6600,6328
6622,6333
6645,6325
6684,6318
6730,6326
6804,6328
6892,6350
7024,6322
7138,6343
7296,6332
7476,6354
7633,6362
7781,6420
7918,6370
7958,6355
8043,6369
8185,6402
8358,6412
8471,6419
8502,6423
8493,6472
8496,6458
8420,6506
8290,6530
8190,6582
7970,6574
7832,6601
7779,6656
7693,6717
7619,6746
7453,6802
7306,6824
7211,6833
7099,6913
6934,7051
6811,7152
6756,7218
6759,7358
6852,7436
6935,7490
7076,7516
7251,7406
7461,7371
7690,7307
7883,7237
8121,7215
8349,7243
8658,7201
8741,7099
8801,7067
8858,6996
8919,6871
9027,6825
9151,6769
9303,6735
9306,6710
9246,6660
9212,6652
9185,6670
9170,6732
9030,6819
8877,6955
8754,7115
8618,7247
8399,7367
8207,7540
8061,7674
7910,7761
7789,7796
7633,7883
7492,8008
7383,8128
7225,8152
7170,8219
7136,8279
7083,8246
7154,8239
7264,8198
7354,8134
7615,7985
7881,7909
8118,7791
8375,7674
8716,7530
8926,7351
9069,7192
9210,7082
9356,6984
9475,6859
9660,6815
9706,6797
9696,6829
9735,6765
9561,6803
9484,6864
9339,6883
9187,6989
8996,7099
8750,7225
8583,7386
8346,7512
8204,7664
8022,7763
7770,7928
7547,8040
7424,8194
7284,8393
7146,8545
6974,8715
6870,8831
6813,8925
6808,8964
6871,8985
6957,8989
7038,8815
7135,8719
7344,8554
7522,8442
7688,8395
7906,8187
8084,8059
8364,7901
8607,7678
8777,7454
8957,7280
9043,7124
9085,7002
9163,6881
9249,6817
9301,6802
9415,6834
9489,6848
9575,6891
9610,6894
9550,6980
9520,7107
9277,7208
9071,7375
8973,7503
8694,7688
8459,7826
8206,7949
7947,8069
7734,8215
7539,8250
7345,8325
7243,8393
7125,8391
7096,8427
7012,8398
7078,8421
7141,8326
7142,8325
7225,8281
7402,8175
7575,8046
7759,7926
7937,7754
8128,7676
8347,7511
8601,7345
9014,7217
9331,7116
9641,7018
9779,6924
10125,6877
10326,6857
10506,6831
10546,6850
10670,6826
10573,6880
10393,6976
10206,7056
10168,7162
9990,7348
9863,7490
9668,7679
9366,7865
9171,8139
8884,8301
8591,8392
8220,8511
7937,8667
7665,8862
7415,8902
7202,9013
7093,9051
7030,9106
6939,9102
6989,9099
7045,9050
7107,8876
7277,8796
7402,8668
7549,8532
7745,8424
7864,8329
8066,8169
8195,7963
8350,7743
8472,7499
8614,7350
8742,7144
8786,6968
8828,6920
8943,6818
9047,6743
9064,6733
8997,6760
9022,6826
8983,6910
8944,7025
8805,7145
8758,7267
8663,7443
8575,7638
8429,7828
8248,8033
8091,8216
7935,8458
7737,8715
7546,8837
7356,9057
7166,9271
7045,9343
6945,9302
6804,9257
6759,9234
6714,9153
6713,8970
6786,8814
6857,8672
6950,8481
7076,8294
7247,8060
7399,7883
7587,7656
7783,7457
7956,7286
8130,7162
8261,7026
8323,6911
8516,6782
8698,6738
8768,6684
8832,6694
8922,6658
8937,6672
8924,6717
8902,6753
8843,6797
8790,6840
8712,6933
8485,7019
8290,7142
8126,7251
7837,7377
7673,7540
7545,7738
7379,7877
7206,7993
7075,8133
6971,8208
6885,8336
6817,8409
6783,8538
6775,8554
6767,8482
6839,8347
6912,8281
6967,8197
7058,8088
7129,7968
7246,7899
7382,7662
7502,7515
7649,7432
7825,7255
7940,7154
8039,7067
8217,6938
8330,6811
8444,6703
8451,6652
8583,6585
8628,6571
8581,6557
8522,6600
8505,6676
8416,6780
8345,6904
8193,7028
8088,7164
7943,7309
7817,7487
7642,7664
7533,7777
7351,7943
7231,8071
7118,8097
7018,8176
6950,8214
6897,8207
6820,8279
6799,8291
6817,8248
6880,8149
6877,8114
6966,8069
7076,8004
7127,7943
7245,7884
7421,7782
7594,7600
7722,7484
7942,7353
8139,7277
8306,7151
8462,6994
8626,6918
8781,6788
8893,6702
9011,6616
9119,6625
9168,6602
9300,6662
9181,6682
9091,6755
8942,6840
8840,6915
8687,7004
8542,7070
8385,7160
8189,7239
7967,7378
7759,7486
7568,7590
7395,7669
7199,7760
7007,7857
6873,7892
6785,7938
6715,7984
6664,8075
6696,8030
6724,8004
6810,8017
6926,7945
7025,7825
7193,7695
7375,7613
7596,7517
7805,7377
8003,7280
8188,7196
8481,7112
8576,6976
8720,6876
8772,6734
8971,6710
9007,6484
9067,6652
9077,6625
9020,6658
8940,6541
8879,6587
8751,6775
8592,6799
8498,6908
8290,7043
8204,7229
8079,7371
7890,7522
7763,7694
7612,7839
7502,7969
7348,8077
7258,8217
7082,8319
6992,8386
6886,8396
6882,8454
6829,8482
6848,8505
6842,8464
6907,8417
7017,8266
7150,8145
7280,8057
7438,7814
7558,7732
7733,7485
7970,7365
8192,7230
8467,7065
8699,6951
8946,6829
9130,6759
9280,6681
9358,6637
9440,6663
9511,6648
9521,6668
9451,6741
9325,6827
9153,6903
9020,6968
8899,7068
8617,7188
8277,7299
8048,7391
7943,7525
7746,7643
7602,7797
7441,7959
7215,7983
7076,8143
6968,8197
6901,8324
6859,8326
6802,8431
6780,8482
6778,8563
6815,8564
6886,8488
6936,8432
7047,8379
7161,8296
7317,8177
7442,8047
7686,7925
7814,7791
7975,7582
8109,7429
8226,7221
8324,7044
8418,6926
8558,6805
8470,6712
8423,6690
8396,6698
8343,6724
8276,6804
8274,6884
8218,6929
8279,7032
8233,7168
8184,7266
8028,7335
7888,7466
7761,7600
7649,7689
7475,7733
7315,7881
7268,7987
7187,8083
7072,8127
6912,8186
6834,8166
6781,8180
6778,8182
6772,8165
6826,8126
6955,7991
7041,7837
7179,7789
7337,7732
7532,7512
7693,7412
7843,7284
8091,7138
8269,7028
8498,6943
8662,6824
8822,6741
9021,6705
9155,6697
9324,6655
9345,6615
9496,6651
9484,6693
9491,6658
9450,6702
9285,6765
9157,6846
8960,6932
8763,7047
8610,7094
8363,7237
8108,7370
7839,7549
7581,7636
7394,7846
7270,7882
7094,7973
6983,8049
6892,8121
6846,8186
6862,8177
6908,8101
6935,8117
6994,8018
7111,7962
7330,7882
7491,7804
7700,7669
7849,7548
8069,7384
8255,7255
8470,7106
8649,7024
8748,6918
8970,6840
9082,6726
9051,6690
9005,6655
8910,6639
8859,6715
8843,6746
8738,6812
8661,6921
8526,7071
8437,7204
8237,7326
8143,7513
8063,7735
7852,7853
7652,8045
7526,8192
7390,8466
7260,8650
7137,8753
7048,8827
6954,8901
6907,8923
6811,8991
6774,9061
6723,9002
6707,8908
6769,8705
6840,8576
6897,8457
7009,8279
7196,8153
7328,7966
7579,7749
7823,7570
8048,7398
8272,7237
8441,6999
8634,7010
8747,6818
8912,6718
9002,6659
9172,6579
9261,6557
9335,6595
9372,6608
9184,6627
9020,6709
8976,6808
8736,6879
8594,6913
8552,6996
8408,7075
8226,7151
8087,7245
7883,7356
7706,7477
7548,7558
7346,7630
7279,7751
7151,7819
7081,7858
7050,7911
7099,7998
7130,7961
7135,7957
7231,7924
7376,7936
7523,7857
7736,7791
7915,7676
8152,7630
8371,7499
8545,7412
8705,7260
8998,7165
9231,7066
9448,6943
9584,6844
9792,6771
9855,6664
9980,6660
9947,6626
9994,6678
9987,6684
9893,6773
9628,6878
9518,7030
9273,7144
9169,7287
9032,7382
8744,7533
8588,7705
8450,7863
8328,7980
8224,8088
8065,8215
7899,8367
7748,8446
7555,8559
7432,8607
7280,8768
7267,8913
7282,8921
7378,8819
7461,8784
7600,8735
7861,8628
8210,8500
8484,8476
8858,8422
9168,8202
9616,7982
10104,7754
10458,7610
10869,7354
11004,7104
11538,7087
11537,6952
11906,6881
12122,6825
12083,6827
11996,6903
11943,6996
11835,7154
11751,7278
11580,7440
11181,7512
10885,7696
10559,7849
10071,8041
9679,8127
9274,8274
8859,8355
8555,8687
8353,9008
8102,9248
7941,9453
7826,9559
7679,9680
7628,9639
7712,9810
7735,9882
7762,9897
7879,9818
7991,9668
8263,9531
8574,9331
8901,9081
9233,8791
9591,8515
9963,8263
10291,7997
10682,7754
10940,7448
11095,7232
11378,7122
11595,7002
11889,6976
12059,6988
12030,7046
11971,7127
11772,7256
11811,7451
11610,7635
11389,7839
11027,8060
10706,8384
10330,8603
9917,8952
9556,9264
9223,9530
8806,9772
8448,10009
8119,10316
7886,10446
7714,10462
7562,10595
7518,10549
7503,10551
7512,10536
7580,10390
7738,10214
7858,9981
8046,9769
8295,9597
8461,9299
8703,9090
9081,8813
9577,8468
9992,8228
10386,8122
10839,7896
11194,7688
11523,7517
11737,7414
11970,7273
11990,7207
11910,7216
11777,7311
11591,7371
11387,7470
11136,7637
10637,7861
10230,8103
9888,8370
9509,8659
9085,8892
8784,9084
8507,9232
8241,9465
8083,9707
7900,10016
7699,10178
7521,10217
7428,10260
7373,10200
7336,10255
7378,10239
7465,10143
7475,9913
7619,9679
7837,9549
8073,9402
8252,9205
8386,9037
8670,8862
8970,8608
9191,8290
9479,8000
9748,7721
9969,7424
9881,7165
9818,7025
9973,6921
9615,6929
9402,6955
8821,7078
8412,7191
8329,7324
8141,7499
7676,7761
7093,7963
6718,8238
6438,8562
6298,8719
6224,8910
6188,9158
6168,9294
6162,9434
6160,9707
6164,9761
6158,9744
6148,9703
6145,9677
6147,9722
6134,9760
6165,9670
6150,9515
6134,9280
6145,9037
6133,8853
6133,8781
6128,8532
6124,8154
6127,7893
6123,7660
6132,7393
6130,7234
6119,7042
6123,6939
6132,6844
6122,6815
6125,6827
6111,6863
6121,6973
6130,7063
6125,7233
6119,7377
6114,7551
6112,7671
6125,7639
6114,7683
6124,7792
6113,8006
6114,8138
6115,8390
6112,8460
6124,8575
6127,8514
6112,8190
6107,8058
6116,7945
6106,7805
6114,7451
6115,7126
6107,6832
6110,6543
6109,6355
6116,6275
6110,6194
6110,6187
6118,6149
6111,6145
6113,6132
6109,6155
6100,6162
6110,6168
6108,6159
6110,6169
6112,6159
6113,6180
6101,6182
6102,6160
6101,6122
6108,6102
6099,6079
6108,6071
6097,6076
6107,6080
6113,6072
6098,6056
6110,6077
6109,6070
6105,6079
6112,6076
6103,6065
6104,6058
6093,6071
6104,6052
6110,6072
6102,6065
6103,6064
6104,6055
6112,6063
6106,6060
6106,6057
6101,6075
6105,6048
6112,6054
6103,6065
6102,6048
6099,6046
6102,6041
6103,6063
6102,6056
6108,6067
6119,6050
6112,6058
6116,6056
6113,6063
6109,6064
6120,6053
6115,6054
6106,6038
6101,6061
6103,6051
6115,6047
6115,6057
6114,6050
6104,6021
6113,6058
6111,6054
6108,6058
6111,6050
6105,6058
6115,6055
6115,6057
6098,6052
6113,6047
6120,6057
6115,6053
6108,6046
6106,6039
6108,6044
6108,6052
6102,6050
6102,6047
6098,6029
6109,6047
6109,6051
6112,6032
6111,6047
6020,6098
6028,5956
6154,6396
5854,5819
6050,6009
6112,6051
6126,6055
6095,6017
6083,6025
6084,6039
6134,6074
6118,6048
6100,6033
6113,6040
6107,6054
6113,6044
6111,6038
6117,6047
6111,6049
6111,6038
6107,6047
6101,6055
6110,6058
6117,6055
6111,6055
6108,6050
6104,6054
6103,6055
6101,6051
6101,6053
6112,6043
6106,6047
6110,6053
6109,6060
6108,6042
6111,6051
6103,6046
6101,6052
6103,6038
6112,6031
6111,6036
6103,6046
6099,6042
6097,6040
6110,6054
6102,6054
6103,6056
6102,6049
6111,6052
6119,6056
6108,6056
6104,6056
6116,6038
6105,6057
6107,6049
6105,6046
6103,6042
6106,6055
6097,6056
6115,6044
6103,6031
6107,6046
6097,6068
6105,6029
6110,6052
6116,6057
6107,6024
6105,6038
6097,6041
6108,6049
6100,6047
6111,6047
6104,6060
6087,6054
6098,6057
6107,6055
6114,6044
6109,6049
6105,6036
6100,6056
6107,6054
6098,6046
6103,6057
6098,6045
6101,6044
6101,6058
6104,6043
6097,6047
6109,6053
6090,6047
6104,6054
6107,6053
6117,6045
6107,6055
6101,6042
6110,6044
6100,6049
6106,6048
6104,6051
6096,6045
6104,6049
6102,6049
6106,6043
6117,6055
6103,6064
6096,6055
6104,6044
6107,6038
6102,6047
6104,6042
6105,6052
6104,6050
6110,6040
6103,6053
6110,6041
6095,6050
6102,6047
6104,6042
6109,6053
6098,6042
6105,6050
6090,6054
6097,6054
6107,6049
6093,6044
6096,6057
6096,6042
6103,6043
6099,6048
6094,6040
6101,6035
6114,6056
6103,6053
6091,6049
6103,6041
6097,6045
6105,6041
6104,6042
6094,6052
6098,6045
6103,6049
6108,6039
6102,6049
6094,6045
6106,6045
6096,6050
6098,6034
6102,6045
6098,6058
6092,6051
6099,6057
6096,6049
6097,6039
6092,6042
6096,6045
6093,6050
6104,6047
6114,6053
6099,6050
6097,6046
6103,6054
6100,6056
6108,6058
6107,6055
6101,6046
6104,6044
6113,6040
6101,6058
6105,6041
6116,6065
6104,6040
6104,6053
6100,6049
6102,6049
6102,6046
6104,6048
6108,6055
6096,6030
6107,6042
6104,6062
6111,6045
6103,6058
6104,6048
6093,6049
6104,6056
6103,6050
6106,6055
6103,6041
6098,6046
6103,6053
6095,6050
6093,6050
6106,6058
6103,6045
6105,6041
6105,6061
6113,6046
6127,6052
6112,6051
6122,6050
6114,6048
6110,6053
6119,6059
6109,6049
6122,6048
6106,6061
6101,6051
6103,6054
6106,6057
6122,6057
6108,6054
6107,6057
6105,6052
6102,6050
6099,6055
6106,6032
6101,6042
6109,6055
6110,6048
6094,6058
6109,6040
6103,6056
6104,6056
6110,6055
6103,6043
6104,6047
6100,6044
6105,6044
6110,6055
6102,6028
6109,6043
6107,6059
6106,6054
6106,6039
6096,6051
6105,6053
6098,6047
6103,6053
6105,6056
6105,6036
6104,6045
6105,6041
6102,6056
6103,6058
6100,6056
6102,6053
6101,6035
6090,6049
6104,6053
6102,6051
6097,6040
6103,6042
6097,6054
6105,6041
6104,6045
6098,6038
6108,6043
6105,6036
6106,6057
6103,6050
6094,6036
6102,6037
6095,6045
6108,6048
6104,6038
6095,6049
6111,6054
6114,6060
6091,6048
6104,6076
6237,6169
6080,6017
6110,6030
6099,6030
6127,6080
6109,6066
6112,6056
6117,6057
6117,6058
6109,6046
6106,6057
6110,6049
6115,6041
6107,6058
6105,6045
6104,6061
6114,6046
6108,6058
6111,6064
6115,6047
6116,6045
6107,6053
6121,6052
6110,6048
6125,6043
6113,6049
6126,6051
6117,6061
6115,6060
6115,6053
6111,6054
6118,6033
6109,6053
6112,6032
6117,6050
6111,6057
6117,6054
6105,6051
6112,6057
6106,6051
6118,6047
6113,6047
6113,6045
6115,6050
6107,6041
6111,6037
6102,6054
6101,6029
6103,6046
6104,6048
6103,6050
6114,6061
6102,6058
6106,6056
6115,6051
6104,6049
6117,6041
6120,6045
6107,6048
6103,6058
6107,6050
6101,6060
6106,6051
6107,6052
6109,6047
6110,6046
6110,6058
6115,6045
6106,6053
6109,6051
6104,6054
6103,6033
6112,6031
6112,6046
6105,6061
6102,6052
6108,6039
6114,6049
6120,6058
6112,6055
6116,6055
6107,6051
6108,6046
6113,6056
6106,6037
6112,6040
6120,6054
6105,6057
6107,6061
6100,6054
6104,6060
6109,6064
6106,6050
6104,6048
6115,6045
6119,6045
6113,6055
6106,6050
6099,6050
6120,6051
6110,6053
6114,6050
6113,6042
6117,6051
6110,6046
6105,6046
6103,6054
6113,6060
6109,6053
6118,6042
6103,6060
6111,6056
6120,6054
6121,6060
6124,6048
6106,6039
6113,6058
6120,6038
6104,6057
6111,6049
6116,6054
6113,6045
6112,6062
6105,6057
6122,6058
6117,6056
6121,6042
6113,6053
6117,6052
6114,6054
6117,6058
6114,6049
6108,6057
6119,6064
6126,6061
6116,6056
6116,6057
6112,6058
6110,6059
6117,6054
6117,6049
6116,6043
6112,6061
6115,6053
6121,6057
6121,6057
6114,6056
6114,6064
6117,6048
6111,6044
6117,6043
6113,6055
6116,6048
6118,6050
6109,6059
6115,6042
6111,6063
6114,6066
6115,6048
6110,6060
6113,6060
6115,6049
6113,6046
6115,6060
6113,6060
6112,6047
6117,6050
6117,6050
6114,6048
6112,6053
6122,6042
6115,6050
6119,6055
6111,6043
6118,6052
6105,6059
6119,6059
6108,6047
6115,6046
6118,6044
6118,6054
6115,6046
6116,6057
6118,6054
6113,6052
6104,6063
6115,6056
6120,6046
6116,6052
6116,6052
6112,6062
6117,6059
6110,6054
6116,6057
6118,6041
6119,6046
6111,6063
6114,6056
6110,6058
6117,6046
6112,6057
6118,6056
6114,6056
6118,6054
6125,6048
6122,6032
6110,6056
6104,6056
6114,6056
6125,6044
6117,6051
6117,6051
6123,6060
6118,6052
6117,6052
6121,6050
6114,6053
6113,6056
6120,6053
6114,6051
6119,6052
6115,6047
6120,6063
0,28
0,61680
0,0
6122,6050
5606,5568
5600,5555
5598,5575
5599,5573
5601,5569
5610,5584
5604,5571
5599,5577
5816,5752
6325,6318
6288,6300
6297,6291
6312,6300
6283,6320
6283,6302
6283,6288
6279,6294
6289,6304
6296,6324
6303,6343
6308,6307
6282,6337
6301,6340
6309,6324
6304,6331
6292,6339
6288,6335
6301,6331
6319,6313
6305,6309
6291,6318
6268,6299
6290,6311
6275,6310
6290,6317
6293,6326
6308,6328
6305,6361
6302,6352
6297,6350
6277,6324
6271,6319
6290,6319
6292,6350
6288,6340
6313,6331
6307,6338
6301,6290
6285,6342
6276,6336
6279,6346
6298,6343
6306,6336
6291,6321
6302,6350
6298,6340
6312,6321
6328,6319
6300,6349
6312,6323
6310,6321
6270,6302
6281,6303
6266,6304
6307,6322
6325,6345
6301,6337
6314,6324
6321,6323
6307,6344
6301,6320
6288,6310
6289,6310
6304,6301
6288,6304
6287,6338
6299,6333
6307,6298
6309,6314
6314,6323
6293,6336
6281,6351
6312,6313
6310,6308
6286,6339
6272,6341
6289,6350
6291,6360
6273,6322
6275,6310
6298,6334
6280,6340
6305,6345
6313,6348
6314,6343
6286,6331
6288,6337
6288,6308
6308,6312
6290,6329
6285,6305
6288,6305
6296,6304
6272,6320
6284,6311
6264,6318
6303,6318
6299,6315
6303,6321
6299,6332
6272,6336
6267,6359
6284,6344
6295,6334
6288,6365
6296,6314
6314,6316
6288,6339
6284,6315
6296,6317
6289,6359
6307,6385
6291,6324
6297,6332
6276,6353
6281,6349
6300,6354
6281,6336
6274,6315
6297,6334
6289,6344
6282,6372
6283,6351
6294,6326
6300,6337
6301,6321
6291,6321
6285,6315
6290,6330
6292,6355
6283,6343
6280,6342
6287,6345
6271,6327
6283,6340
6297,6346
6298,6342
6278,6328
6290,6321
6264,6334
6279,6336
6280,6331
6293,6322
6309,6353
6288,6353
6287,6351
6290,6327
6293,6335
6301,6331
6285,6306
6281,6328
6261,6334
6283,6338
6289,6353
6279,6344
6291,6340
6297,6358
6270,6321
6255,6323
6284,6318
6281,6323
6279,6338
6286,6346
6295,6336
6287,6349
6295,6360
6280,6342
6283,6366
6275,6358
6260,6356
6275,6330
6284,6336
6274,6319
6267,6310
6291,6348
6288,6325
6274,6322
6276,6371
6274,6373
6277,6369
6285,6368
6263,6356
6241,6346
6445,6437
6189,6342
6254,6359
6259,6328
6272,6351
6258,6337
6234,6338
6269,6375
6285,6386
6282,6360
6257,6357
6282,6393
6272,6385
6261,6363
6278,6362
6255,6363
6255,6350
6259,6355
6273,6342
6283,6378
6272,6357
6278,6372
6291,6354
6259,6397
6261,6389
6241,6366
6273,6377
6268,6373
6270,6357
6265,6371
6251,6372
6270,6340
6272,6367
6259,6388
6264,6383
6281,6372
6268,6387
6265,6351
6262,6357
6261,6386
6247,6364
6245,6362
6247,6372
6265,6385
6267,6374
6251,6349
6244,6382
6262,6371
6263,6380
6257,6400
6258,6395
6264,6418
6243,6401
6262,6419
6250,6402
6271,6407
6265,6372
6252,6372
6250,6396
6259,6396
6255,6388
6263,6403
6260,6421
6272,6403
6249,6400
6242,6392
6252,6387
6251,6395
6240,6385
6258,6389
6237,6366
6248,6356
6243,6339
6250,6372
6247,6361
6256,6372
6242,6377
6236,6390
6232,6393
6229,6393
6239,6382
6259,6380
6252,6394
6257,6409
6252,6365
6258,6415
6249,6406
6243,6387
6259,6406
6245,6390
6252,6393
6256,6374
6249,6397
6243,6369
6230,6382
6232,6384
6238,6374
6255,6374
6243,6379
6248,6384
6244,6365
6245,6375
6243,6417
6239,6385
6240,6367
6240,6386
6239,6369
6239,6369
6232,6390
6244,6375
6236,6372
6246,6393
6234,6395
6238,6378
6236,6355
6230,6383
6232,6364
6229,6347
6235,6350
6241,6354
6252,6362
6245,6373
6250,6405
6240,6407
6237,6415
6222,6409
6234,6428
6235,6416
6238,6391
6225,6405
6222,6410
6224,6387
6235,6404
6238,6389
6235,6395
6251,6394
6235,6418
6238,6414
6239,6399
6229,6401
6231,6400
6227,6378
6237,6382
6235,6393
6237,6393
6225,6380
6227,6366
6236,6405
6242,6403
6227,6417
6210,6380
6218,6415
6234,6438
6230,6383
6231,6343
6228,6348
6218,6351
6218,6378
6216,6344
6235,6364
6237,6396
6229,6399
6232,6397
6219,6404
6227,6389
6234,6388
6223,6396
6252,6403
6220,6392
6234,6422
6226,6389
6226,6396
6222,6413
6245,6411
6223,6402
6223,6428
6230,6407
6221,6395
6212,6382
6226,6400
6222,6420
6230,6400
6212,6403
6222,6409
6226,6424
6238,6414
6222,6430
6204,6413
6217,6427
6212,6400
6222,6440
6215,6423
6218,6414
6213,6406
6209,6414
6224,6416
6218,6419
6218,6400
6221,6398
6229,6411
6219,6420
6209,6404
6226,6396
6230,6396
6236,6380
6211,6381
6218,6390
6229,6399
6221,6407
6225,6389
6223,6416
6225,6431
6223,6421
6222,6392
6209,6418
6220,6423
6224,6422
6220,6436
6214,6374
6225,6403
6220,6446
6228,6413
6224,6374
6215,6371
6216,6362
6222,6356
6230,6355
6206,6340
6215,6362
6212,6367
6226,6355
6237,6388
6236,6397
6221,6351
6219,6400
6224,6393
6215,6397
6212,6395
6214,6428
6221,6402
6223,6414
6217,6423
6230,6452
6210,6426
6211,6427
6217,6428
6223,6434
6217,6443
6225,6426
6218,6406
6223,6416
6231,6400
6216,6417
6218,6403
6208,6396
6217,6382
6211,6401
6222,6393
6215,6403
6216,6404
6219,6413
6221,6405
6234,6417
6221,6404
6219,6405
6219,6382
6212,6386
6202,6338
6264,6436
6183,6351
6192,6399
6241,6406
6231,6342
6202,6382
6213,6335
6215,6368
6225,6344
6235,6373
6224,6384
6229,6374
6226,6387
6219,6391
6218,6407
6227,6402
6221,6396
6213,6391
6213,6371
6222,6385
6211,6378
6215,6382
6208,6366
6211,6385
6211,6363
6220,6354
6214,6363
6221,6363
6221,6480
6240,6369
6229,6357
6227,6376
6223,6387
6226,6388
6228,6404
6223,6389
6223,6360
6224,6358
6211,6356
6225,6381
6241,6364
6215,6357
6220,6365
6220,6358
6235,6401
6235,6392
6209,6379
6223,6379
6218,6362
6212,6369
6220,6381
6223,6385
6224,6393
6230,6385
6220,6390
6231,6376
6232,6354
6222,6350
6232,6373
6233,6362
6226,6373
6232,6346
6230,6342
6231,6370
6222,6398
6237,6362
6234,6360
6227,6354
6226,6379
6220,6382
6227,6356
6230,6379
6232,6367
6234,6345
6222,6353
6229,6361
6243,6388
6222,6366
6227,6347
6226,6344
6232,6352
6236,6377
6230,6339
6218,6330
6228,6364
6233,6341
6229,6346
6228,6332
6237,6357
6217,6367
6232,6361
6227,6334
6210,6338
6235,6352
6224,6333
6224,6358
6220,6335
6239,6351
6217,6340
6219,6369
6235,6366
6228,6334
6246,6347
6237,6357
6229,6367
6225,6386
6223,6371
6226,6368
6227,6358
6224,6344
6225,6333
6230,6328
6215,6327
6231,6336
6236,6315
6220,6339
6222,6314
6229,6345
6227,6361
6228,6310
6245,6313
6239,6319
6234,6336
6240,6346
6220,6326
6220,6333
6222,6308
6228,6319
6210,6328
6219,6341
6234,6329
6216,6311
6214,6319
6229,6348
6207,6317
6215,6342
6231,6343
6233,6362
6233,6366
6226,6323
6232,6308
6216,6331
6222,6307
6228,6343
6225,6354
6236,6318
6227,6333
6230,6346
6229,6349
6225,6324
6224,6336
6241,6348
6233,6338
6235,6343
6227,6345
6230,6334
6235,6345
6226,6352
6223,6343
6230,6351
6248,6370
6231,6367
6242,6357
6254,6335
6240,6346
6245,6327
6233,6333
6236,6340
6226,6337
6255,6348
6235,6347
6264,6346
6262,6347
6258,6332
6274,6358
6293,6337
6303,6335
6331,6359
6343,6360
6400,6347
6425,6337
6443,6344
6511,6340
6590,6329
6648,6362
6698,6351
6749,6342
6774,6319
6849,6328
6827,6354
6838,6336
6820,6330
6773,6332
6725,6358
6713,6361
6698,6340
6640,6321
6653,6324
6640,6340
6625,6323
6634,6318
6696,6327
6730,6337
6820,6339
6927,6332
7022,6346
7159,6363
7302,6367
7485,6353
7627,6369
7775,6363
7871,6395
7989,6374
8042,6383
8174,6417
8346,6413
8453,6407
8482,6454
8531,6448
8523,6493
8458,6485
8322,6544
8174,6575
7997,6604
7861,6624
7781,6656
7740,6745
7597,6756
7383,6794
7264,6820
7183,6865
7067,6965
6955,7037
6846,7153
6780,7225
6763,7348
6830,7433
6949,7477
7089,7449
7237,7402
7441,7385
7704,7321
7920,7214
8144,7183
8382,7214
8634,7184
8752,7144
8826,7061
8906,6965
8947,6897
8992,6832
9136,6790
9219,6741
9307,6674
9274,6658
9256,6657
9209,6669
9138,6726
9043,6827
8827,6974
8732,7101
8656,7254
8433,7392
8183,7584
8052,7671
7891,7781
7743,7841
7646,7860
7734,8180
7682,8279
7219,8076
7126,8120
7180,8281
7128,8263
7148,8255
7308,8242
7418,8180
7596,7984
7838,7886
8095,7829
8402,7666
8705,7519
8936,7336
9085,7163
9134,7108
9354,6992
9524,6879
9620,6831
9652,6789
9642,6776
9694,6757
9535,6801
9474,6801
9421,6869
9140,6944
8975,7113
8775,7227
8571,7378
8399,7529
8179,7683
8048,7780
7814,7886
7596,8032
7421,8210
7278,8401
7144,8527
7005,8707
6892,8832
6810,8936
6802,8980
6880,9035
6979,8960
7029,8804
7156,8718
7298,8561
7526,8459
7704,8364
7877,8200
8068,8060
8358,7920
8620,7670
8798,7454
9001,7310
9073,7080
9132,7009
9154,6891
9293,6807
9332,6802
9441,6805
9528,6832
9626,6876
9594,6924
9535,6987
9474,7132
9315,7224
9075,7372
8884,7526
8710,7670
8468,7846
8194,7932
7999,8074
7693,8222
7514,8246
7348,8305
7231,8397
7137,8425
7082,8412
7060,8400
7112,8431
7151,8372
7167,8352
7242,8292
7385,8148
7593,8011
7770,7885
7966,7759
8086,7611
8351,7490
8583,7349
8975,7222
9340,7108
9629,6996
9790,6931
10094,6861
10340,6857
10499,6831
10519,6842
10682,6835
10642,6880
10483,6953
10268,7047
10215,7181
10063,7321
9831,7489
9578,7655
9362,7865
9155,8098
8910,8312
8603,8363
8232,8493
7917,8698
7709,8816
7410,8960
7216,8969
7059,9050
7011,9071
6976,9117
6972,9109
7049,9054
7078,8933
7251,8781
7403,8648
7554,8571
7729,8461
7871,8345
8002,8160
8241,7934
8356,7742
8516,7475
8589,7338
8746,7144
8795,6987
8870,6890
8982,6794
9017,6729
9080,6760
9016,6768
9006,6806
8970,6909
8909,7025
8822,7140
8770,7278
8697,7436
8530,7651
8431,7829
8249,8005
8084,8194
7890,8450
7739,8665
7558,8853
7353,9088
7168,9245
7045,9399
6954,9326
6827,9241
6777,9235
6746,9116
6723,8969
6776,8774
6835,8664
6948,8495
7069,8321
7259,8082
7429,7935
7601,7685
7816,7475
7943,7296
8102,7170
8213,7005
8325,6880
8463,6770
8689,6720
8756,6694
8799,6670
8898,6663
8900,6699
8945,6723
8881,6737
8862,6789
8836,6850
8747,6928
8506,7007
8286,7132
8080,7265
7910,7372
7695,7577
7559,7717
7392,7875
7229,7958
7076,8142
7002,8252
6899,8306
6820,8388
6771,8571
6774,8529
6785,8452
6829,8351
6879,8315
6970,8200
7050,8050
7110,7966
7242,7843
7372,7673
7478,7510
7671,7413
7835,7275
7930,7164
8076,7064
8173,6951
8316,6811
8412,6716
8467,6653
8567,6586
8603,6559
8618,6574
8556,6599
8519,6681
8451,6775
8353,6874
8175,7044
8072,7179
7919,7327
7817,7509
7654,7668
7522,7771
7378,7972
7279,8075
7107,8116
7024,8168
6949,8170
6872,8232
6845,8256
6825,8257
6812,8273
6869,8148
6892,8123
6948,8079
7077,8015
7158,7920
7243,7875
7416,7777
7582,7612
7789,7447
7949,7387
8130,7264
8304,7121
8506,6971
8660,6888
8783,6806
8922,6681
8997,6666
9138,6626
9161,6594
9192,6643
9171,6676
9058,6766
8994,6845
8832,6919
8639,7003
8529,7086
8415,7152
8184,7222
8021,7353
7803,7507
7573,7559
7404,7697
7214,7792
7011,7860
6908,8004
6737,7945
6739,8002
6667,8026
6658,8019
6694,8012
6792,7983
6923,7951
7029,7834
7165,7709
7361,7647
7553,7504
7764,7412
7984,7302
8237,7203
8419,7083
8628,6992
8750,6898
8884,6830
8985,6723
9015,6634
9005,6584
9057,6570
9037,6571
8991,6607
8874,6631
8707,6730
8607,6800
8529,6919
8335,7061
8228,7223
8065,7413
7918,7525
7747,7733
7637,7837
7472,7990
7326,8112
7207,8242
7104,8332
6965,8368
6913,8402
6893,8490
6838,8531
6843,8553
6845,8505
6898,8389
7003,8289
7153,8158
7281,8040
7392,7840
7581,7704
7760,7504
7959,7340
8198,7238
8491,7085
8737,6929
8934,6830
9137,6781
9322,6697
9375,6641
9460,6651
9461,6655
9456,6700
9418,6747
9316,6831
9167,6883
9023,6981
8866,7056
8599,7180
8243,7308
8103,7422
7932,7510
7783,7666
7605,7794
7445,7953
7254,8017
7089,8127
6957,8181
6886,8300
6850,8383
6797,8404
6793,8456
6782,8475
6795,8505
6880,8486
6935,8444
7040,8359
7187,8276
7312,8143
7459,8039
7700,7936
7782,7779
7966,7598
8092,7424
8241,7230
8248,7023
8463,6932
8598,6825
8495,6741
8483,6710
8486,6727
8373,6725
8315,6793
8357,6884
8274,6919
8233,7028
8216,7146
8149,7259
8016,7307
7898,7446
7740,7604
7644,7710
7463,7772
7327,7911
7238,8016
7153,8112
7048,8130
6900,8195
6840,8216
6787,8157
6786,8192
6791,8179
6843,8150
6964,7995
7031,7837
7179,7784
7337,7657
7509,7566
7709,7360
7874,7250
8058,7162
8315,7054
8460,6946
8709,6840
8864,6738
9039,6710
9158,6683
9266,6661
9356,6606
9507,6651
9522,6688
9525,6667
9471,6716
9334,6760
9128,6871
8943,6953
8780,7047
8634,7135
8340,7246
8090,7366
7780,7528
7538,7635
7413,7827
7286,7917
7087,7952
6953,8062
6898,8124
6829,8164
6841,8225
6906,8131
6946,8131
6995,8013
7153,7953
7314,7931
7486,7824
7669,7683
7865,7562
8094,7399
8253,7261
8459,7121
8664,7039
8781,6849
8989,6820
9062,6701
9042,6682
9029,6641
8975,6658
8842,6707
8829,6775
8702,6813
8633,6928
8538,7078
8411,7201
8238,7328
8134,7522
8056,7739
7837,7869
7648,8055
7498,8185
7367,8477
7261,8671
7150,8736
7068,8857
6989,8938
6898,8929
6811,9019
6763,9045
6739,9017
6724,8930
6764,8735
6825,8557
6909,8452
7033,8362
7218,8110
7344,7951
7565,7788
7824,7581
8030,7377
8273,7218
8474,7044
8611,6945
8710,6805
8885,6708
8982,6646
9169,6588
9319,6542
9367,6566
9386,6604
9168,6665
9000,6732
8899,6782
8748,6871
8616,6934
8514,6993
8407,7087
8224,7158
8090,7264
7922,7372
7703,7481
7551,7585
7419,7661
7285,7746
7162,7831
7085,7829
7025,7952
7100,7998
7093,7954
7167,7944
7226,7991
7367,7954
7532,7898
7759,7771
7929,7604
8144,7585
8363,7488
8559,7456
8713,7297
8977,7199
9227,7037
9402,6933
9623,6845
9826,6746
9848,6681
9975,6672
9950,6633
9990,6625
9933,6702
9815,6763
9673,6862
9574,7058
9330,7159
9143,7282
9044,7393
8789,7540
8629,7676
8458,7882
8323,7979
8260,8121
8115,8249
7795,8226
7728,8426
7500,8598
7347,8572
7288,8755
7299,8957
7258,8837
7350,8834
7461,8782
7589,8725
7886,8596
8199,8548
8497,8451
8845,8359
9197,8225
9642,7972
10093,7741
10527,7615
10874,7416
11103,7219
11443,7113
11596,6970
11928,6894
12167,6841
12127,6847
12008,6909
11975,7038
11888,7165
11798,7242
11495,7415
11234,7536
10912,7712
10507,7895
10137,8023
9728,8145
9289,8314
8892,8447
8530,8681
8351,9024
8101,9260
7930,9518
7812,9606
7701,9654
7674,9747
7680,9826
7736,9924
7791,9861
7831,9807
8029,9656
8264,9533
8528,9351
8869,9065
9224,8741
9623,8539
9932,8277
10297,8002
10636,7754
10893,7468
11148,7285
11433,7127
11625,7006
11857,6968
12025,7025
12040,7032
12002,7145
11761,7278
11803,7465
11726,7608
11398,7834
10991,8076
10650,8359
10358,8596
9964,8936
9581,9275
9210,9499
8837,9780
8424,10051
8116,10328
7913,10366
7707,10529
7562,10562
7509,10534
7488,10542
7517,10511
7586,10433
7741,10170
7896,10026
8072,9800
8297,9614
8497,9337
8698,9107
9056,8841
9571,8489
9999,8249
10408,8127
10746,7898
11193,7709
11477,7498
11765,7396
11905,7269
11940,7223
11956,7203
11724,7295
11572,7377
11395,7491
11114,7673
10723,7824
10268,8098
9826,8385
9468,8678
9107,8895
8786,9080
8548,9258
8225,9467
8072,9757
7894,9983
7684,10220
7530,10300
7422,10290
7367,10281
7364,10226
7388,10272
7445,10145
7544,9913
7612,9742
7827,9530
8124,9357
8194,9246
8401,9043
8656,8818
8988,8586
9214,8296
9457,8037
9760,7717
9942,7429
9908,7165
9864,7047
9868,6956
9631,6928
9370,6969
8863,7082
8367,7188
8286,7316
8143,7501
7627,7771
7117,7981
6716,8231
6444,8529
6314,8737
6216,8865
6208,9142
6173,9287
6166,9470
6154,9757
6141,9807
6160,9808
6161,9702
6150,9732
6145,9715
6140,9792
6147,9682
6139,9538
6136,9316
6140,9056
6133,8880
6142,8807
6120,8544
6124,8192
6129,7875
6127,7627
6128,7375
6115,7221
6122,7030
6123,6934
6125,6857
6125,6812
6126,6827
6116,6864
6123,6965
6135,7087
6118,7241
6114,7440
6118,7559
6119,7690
6121,7644
6114,7674
6124,7817
6109,8037
6124,8126
6113,8356
6109,8442
6119,8625
6119,8554
6114,8211
6115,8028
6119,7951
6116,7808
6110,7454
6100,7132
6114,6775
6111,6514
6111,6352
6114,6269
6112,6198
6116,6160
6119,6145
6100,6154
6110,6160
6104,6148
6105,6160
6114,6163
6104,6186
6103,6163
6113,6177
6108,6185
6109,6175
6102,6155
6097,6135
6106,6111
6097,6095
6101,6079
6099,6079
6113,6064
6106,6069
6101,6057
6107,6060
6106,6079
6107,6081
6098,6035
6107,6066
6112,6071
6102,6056
6106,6064
6110,6063
6100,6071
6106,6059
6101,6048
6107,6065
6112,6062
6099,6070
6110,6064
6106,6063
6104,6060
6096,6055
6107,6060
6113,6043
6096,6058
6100,6059
6104,6072
6114,6065
6113,6064
6111,6060
6115,6056
6113,6046
6102,6055
6112,6053
6111,6055
6109,6055
6112,6061
6103,6056
6115,6057
6115,6063
6113,6059
6103,6051
6113,6059
6110,6060
6147,6114
5968,5913
5963,5915
6062,6053
6083,6021
6074,6006
6098,6052
6114,6069
6108,6049
6111,6051
6100,6047
6104,6053
6112,6058
6117,6044
6105,6057
6105,6033
6108,6051
6108,6055
6107,6053
6111,6049
6115,6036
6105,6049
6113,6060
6104,6040
6094,6064
6111,6051
6112,6047
6112,6053
6108,6053
6106,6054
6107,6045
6102,6031
6108,6047
6107,6052
6112,6059
6112,6050
6112,6040
6108,6042
6107,6046
6110,6044
6098,6058
6104,6040
6106,6042
6109,6059
6108,6050
6102,6058
6099,6053
6102,6046
6105,6045
6111,6048
6105,6049
6107,6045
6108,6056
6111,6050
6109,6049
6103,6049
6108,6040
6102,6054
6105,6052
6106,6054
6111,6038
6095,6062
6100,6047
6103,6034
6103,6043
6102,6037
6114,6046
6099,6034
6098,6049
6108,6056
6106,6056
6103,6041
6110,6055
6104,6052
6108,6057
6105,6042
6106,6048
6102,6058
6103,6054
6106,6050
6096,6045
6106,6052
6099,6058
6100,6034
6099,6046
6116,6045
6110,6060
6102,6035
6100,6046
6103,6053
6107,6031
6102,6036
6098,6053
6091,6050
6098,6048
6107,6051
6111,6039
6100,6047
6102,6040
6106,6049
6102,6048
6102,6048
6105,6037
6098,6041
6101,6059
6092,6049
6099,6040
6086,6041
6111,6053
6099,6044
6108,6049
6111,6047
6107,6048
6108,6047
6091,6049
6102,6049
6108,6044
6105,6050
6109,6044
6107,6054
6102,6045
6102,6037
6098,6029
6105,6058
6100,6040
6100,6053
6098,6036
6100,6035
6103,6053
6096,6051
6108,6040
6108,6050
6114,6049
6095,6049
6112,6059
6094,6039
6108,6052
6111,6041
6106,6004
6104,6036
6102,6046
6098,6044
6090,6050
6107,6044
6098,6054
6090,6058
6101,6056
6099,6051
6098,6052
6096,6052
6099,6045
6104,6051
6101,6045
6091,6046
6103,6047
6102,6054
6101,6042
6105,6048
6103,6050
6098,6036
6106,6046
6107,6049
6095,6043
6094,6051
6104,6049
6091,6045
6096,6050
6104,6050
6098,6046
6091,6061
6095,6045
6091,6047
6104,6043
6096,6050
6094,6035
6100,6044
6106,6049
6112,6045
6096,6043
6092,6057
6095,6050
6096,6053
6096,6041
6109,6051
6109,6043
6103,6054
6109,6053
6105,6062
6100,6054
6106,6045
6103,6048
6089,6033
6101,6044
6102,6056
6106,6039
6106,6048
6100,6058
6099,6049
6111,6044
6101,6045
6104,6043
6108,6055
6108,6053
6098,6026
6104,6040
6102,6056
6103,6049
6101,6053
6101,6039
6106,6047
6096,6033
6103,6050
6113,6057
6096,6051
6107,6057
6110,6056
6109,6060
6112,6049
6113,6054
6114,6049
6109,6056
6108,6042
6117,6043
6109,6046
6112,6042
6104,6056
6104,6050
6106,6051
6110,6057
6109,6050
6099,6061
6104,6054
6112,6052
6102,6047
6106,6042
6110,6059
6107,6053
6108,6050
6113,6054
6104,6048
6099,6067
6098,6063
6108,6044
6105,6041
6102,6042
6100,6049
6106,6058
6102,6055
6102,6057
6096,6058
6105,6047
6104,6058
6100,6060
6102,6044
6099,6047
6106,6048
6106,6030
6099,6035
6106,6044
6111,6055
6098,6114
6100,6054
6092,6041
6097,6055
6092,6047
6102,6054
6098,6040
6104,6046
6194,6076
6112,6044
6095,6003
6176,6110
6144,6102
6028,6007
6128,6151
6103,6053
6149,6082
6087,6038
6104,6041
6099,6040
6093,6035
6104,6050
6105,6050
6101,6058
6101,6048
6105,6042
6116,6058
6098,6056
6099,6045
6104,6057
6112,6051
6113,6044
6111,6053
6103,6049
6105,6056
6101,6057
6105,6046
6113,6060
6117,6057
6111,6043
6113,6044
6104,6049
6106,6042
6104,6051
6102,6040
6107,6050
6110,6048
6106,6057
6115,6049
6111,6042
6118,6054
6116,6052
6118,6052
6111,6049
6124,6048
6119,6049
6117,6055
6117,6057
6112,6061
6110,6043
6105,6054
6113,6055
6115,6049
6110,6049
6112,6053
6107,6051
6119,6055
6113,6050
6117,6044
6111,6063
6107,6052
6111,6060
6104,6036
6115,6057
6118,6049
6102,6042
6104,6052
6111,6029
6105,6051
6102,6040
6105,6040
6118,6050
6109,6057
6109,6051
6102,6072
6106,6041
6117,6048
6114,6058
6108,6060
6106,6033
6108,6052
6105,6055
6115,6050
6101,6057
6109,6052
6112,6051
6112,6062
6117,6048
6105,6049
6109,6042
6107,6042
6104,6042
6116,6041
6119,6037
6118,6060
6107,6037
6108,6041
6119,6040
6116,6056
6110,6057
6109,6055
6105,6041
6110,6039
6112,6038
6111,6045
6108,6031
6112,6056
6096,6047
6105,6053
6102,6050
6106,6055
6111,6056
6098,6055
6101,6054
6114,6048
6108,6055
6110,6059
6104,6056
6105,6051
6106,6063
6097,6063
6109,6047
6111,6044
6122,6049
6107,6051
6109,6048
6111,6056
6112,6055
6113,6045
6116,6056
6104,6056
6116,6068
6113,6052
6123,6053
6115,6052
6106,6038
6117,6057
6123,6056
6100,6049
6103,6064
6111,6054
6114,6060
6117,6049
6108,6058
6119,6056
6114,6051
6119,6038
6106,6048
6120,6047
6111,6062
6118,6051
6110,6047
6106,6061
6122,6059
6120,6057
6120,6044
6118,6054
6119,6047
6106,6047
6117,6052
6123,6040
6120,6042
6120,6042
6115,6041
6113,6047
6121,6055
6114,6033
6114,6042
6114,6055
6118,6040
6115,6044
6112,6057
6110,6044
6116,6058
6117,6063
6112,6056
6115,6049
6117,6050
6123,6056
6109,6054
6128,6070
6112,6051
6119,6057
6119,6050
6119,6050
6112,6070
6118,6047
6120,6051
6115,6041
6118,6048
6118,6050
6117,6061
6114,6050
6114,6058
6115,6048
6114,6058
6117,6063
6115,6057
6120,6057
6113,6050
6121,6044
6119,6054
6116,6053
6115,6048
6117,6060
6119,6047
6119,6047
6118,6061
6114,6042
6112,6047
6113,6053
6116,6046
6115,6057
6121,6048
6110,6040
6109,6044
6115,6041
6118,6049
6118,6047
6114,6057
6113,6062
6116,6049
6106,6058
6109,6053
6114,6050
6111,6057
6115,6055
6120,6050
6120,6050
6106,6033
6118,6053
6115,6053
6112,6049
6112,6055
6117,6052
6113,6064
6112,6058
6115,6063
6117,6052
6116,6053
6123,6056
6119,6048
6115,6056
0,26
0,61680
0,0
6115,6057
5592,5586
5601,5574
5603,5589
5597,5581
5595,5569
5600,5570
5597,5584
5602,5566
5820,5758
6319,6310
6274,6311
6297,6285
6304,6304
6276,6297
6290,6304
6282,6309
6280,6291
6301,6299
6296,6325
6287,6328
6298,6295
6300,6330
6296,6339
6302,6324
6301,6347
6302,6325
6297,6327
6313,6342
6298,6321
6300,6324
6279,6327
6279,6318
6273,6330
6273,6329
6273,6321
6291,6315
6299,6330
6300,6355
6300,6358
6296,6338
6287,6339
6280,6321
6271,6346
6283,6346
6287,6331
6300,6342
6294,6322
6297,6323
6289,6301
6277,6336
6294,6336
6284,6361
6300,6327
6284,6333
6302,6349
6285,6333
6309,6326
6323,6334
6286,6341
6315,6326
6313,6319
6280,6323
6284,6283
6285,6297
6295,6303
6309,6342
6296,6355
6315,6330
6298,6324
6314,6346
6290,6331
6296,6316
6286,6320
6293,6324
6287,6322
6296,6326
6304,6330
6304,6317
6303,6317
6309,6319
6302,6330
6284,6319
6341,6314
6306,6318
6291,6322
6270,6339
6280,6339
6288,6363
6270,6319
6272,6331
6282,6336
6284,6342
6305,6351
6300,6361
6314,6363
6290,6328
6272,6336
6303,6346
6291,6319
6287,6324
6285,6321
6300,6318
6290,6307
6277,6327
6269,6315
6271,6327
6278,6323
6303,6318
6288,6328
6278,6339
6283,6353
6268,6354
6283,6359
6291,6337
6285,6347
6298,6320
6293,6326
6292,6328
6275,6299
6289,6332
6280,6356
6307,6356
6290,6354
6304,6350
6273,6335
6280,6355
6298,6333
6287,6332
6278,6321
6297,6332
6276,6345
6282,6352
6286,6345
6291,6331
6308,6340
6300,6315
6299,6327
6289,6318
6278,6342
6298,6362
6288,6356
6290,6354
6296,6346
6281,6330
6299,6316
6300,6351
6295,6342
6284,6342
6290,6347
6284,6317
6286,6356
6283,6327
6293,6320
6315,6349
6308,6339
6281,6366
6287,6337
6285,6356
6301,6337
6284,6314
6278,6317
6267,6334
6279,6352
6286,6366
6278,6348
6296,6344
6304,6360
6275,6327
6262,6332
6261,6312
6272,6346
6208,6271
6189,6298
6212,6306
6331,6378
6290,6340
6282,6337
6290,6345
6266,6339
6263,6350
6275,6334
6279,6321
6266,6338
6267,6325
6285,6321
6297,6320
6271,6322
6271,6358
6264,6362
6284,6372
6289,6348
6254,6347
6277,6348
6272,6352
6288,6383
6270,6360
6268,6362
6267,6342
6263,6350
6271,6358
6273,6360
6278,6382
6262,6356
6251,6370
6280,6388
6263,6391
6268,6364
6276,6381
6255,6365
6257,6374
6267,6360
6274,6348
6281,6379
6278,6371
6282,6377
6272,6360
6279,6360
6271,6396
6251,6361
6273,6376
6255,6365
6277,6368
6264,6367
6250,6355
6265,6349
6268,6353
6261,6378
6258,6385
6281,6367
6255,6387
6270,6376
6262,6357
6257,6369
6251,6351
6246,6351
6248,6382
6256,6378
6252,6363
6251,6346
6258,6406
6265,6379
6259,6387
6260,6400
6259,6402
6262,6410
6255,6392
6248,6401
6245,6397
6270,6389
6266,6359
6250,6369
6255,6375
6258,6386
6254,6369
6256,6379
6274,6428
6270,6412
6263,6390
6249,6389
6244,6389
6247,6372
6247,6387
6244,6372
