Channel 1,Channel 2
6112,6048
6112,6065
6119,6053
6116,6062
6114,6058
6108,6054
6118,6060
6118,6060
6112,6052
6124,6046
6116,6056
6108,6062
6116,6052
6116,6051
6120,6045
6121,6061
6109,6063
6115,6060
6112,6064
6117,6056
6118,6057
6125,6051
0,26
0,61680
0,0
6123,6062
5600,5553
5582,5578
5604,5585
5609,5581
5610,5585
5593,5588
5598,5589
5601,5572
5814,5743
6317,6287
6286,6279
6293,6283
6294,6270
6281,6289
6278,6292
6285,6297
6298,6281
6303,6296
6288,6300
6283,6290
6303,6268
6287,6298
6277,6310
6270,6296
6294,6289
6299,6303
6285,6296
6284,6312
6297,6292
6287,6294
6299,6285
6276,6280
6280,6315
6290,6296
6293,6299
6300,6287
6278,6307
6270,6318
6279,6320
6274,6297
6296,6306
6286,6298
6282,6314
6296,6316
6268,6296
6273,6319
6276,6310
6289,6283
6283,6309
6291,6298
6305,6299
6282,6305
6291,6303
6125,6148
6303,6299
6331,6400
6268,6254
6300,6291
6280,6308
6306,6321
6258,6313
6294,6339
6296,6320
6280,6306
6283,6298
6304,6311
6304,6291
6292,6303
6295,6306
6289,6309
6288,6312
6290,6306
6281,6311
6274,6335
6283,6309
6274,6301
6288,6316
6281,6300
6280,6288
6285,6295
6279,6303
6280,6309
6307,6318
6280,6316
6263,6309
6285,6308
6281,6331
6284,6327
6255,6322
6268,6311
6281,6303
6281,6304
6290,6322
6298,6340
6300,6349
6275,6323
6255,6323
6263,6308
6290,6311
6282,6291
6279,6306
6293,6303
6286,6299
6267,6310
6269,6295
6262,6314
6265,6303
6277,6317
6268,6331
6273,6306
6268,6324
6274,6315
6272,6327
6272,6333
6288,6316
6286,6339
6302,6330
6284,6341
6279,6317
6282,6317
6297,6321
6296,6349
6283,6334
6293,6340
6288,6316
6292,6332
6290,6328
6277,6302
6280,6306
6280,6326
6287,6327
6277,6315
6275,6318
6270,6319
6269,6333
6274,6314
6256,6305
6260,6324
6280,6341
6287,6334
6274,6334
6278,6314
6277,6320
6279,6326
6260,6301
6282,6324
6277,6341
6268,6330
6266,6349
6278,6359
6270,6324
6260,6342
6275,6357
6298,6354
6280,6328
6274,6339
6291,6323
6291,6345
6277,6360
6278,6326
6267,6327
6258,6334
6270,6339
6292,6366
6289,6349
6266,6358
6276,6366
6272,6356
6271,6347
6258,6338
6263,6343
6257,6339
6256,6347
6263,6345
6272,6329
6285,6342
6276,6344
6264,6360
6266,6337
6255,6350
6267,6327
6278,6322
6283,6323
6259,6317
6265,6326
6279,6329
6291,6340
6271,6346
6268,6371
6269,6364
6277,6343
6280,6345
6266,6344
6259,6349
6263,6362
6257,6348
6269,6359
6278,6333
6255,6353
6264,6352
6270,6332
6253,6339
6268,6332
6264,6347
6270,6368
6266,6327
6273,6348
6260,6347
6244,6353
6253,6332
6276,6341
6270,6346
6281,6338
6272,6336
6280,6350
6277,6342
6249,6351
6264,6373
6255,6341
6234,6358
6262,6337
6265,6342
6247,6369
6247,6353
6253,6356
6262,6346
6257,6333
6253,6361
6263,6354
6249,6375
6248,6356
6242,6351
6262,6344
6254,6369
6230,6345
6227,6343
6234,6350
6251,6354
6244,6325
6226,6336
6247,6331
6261,6361
6241,6362
6240,6384
6238,6368
6230,6355
6239,6364
6227,6355
6241,6367
6243,6374
6249,6340
6228,6335
6264,6359
6244,6362
6242,6368
6241,6380
6248,6375
6247,6347
6239,6349
6241,6358
6239,6353
6231,6359
6244,6351
6236,6344
6236,6318
6236,6300
6241,6341
6247,6347
6237,6316
6230,6352
6240,6337
6227,6346
6250,6343
6249,6334
6258,6346
6265,6351
6258,6366
6251,6357
6247,6343
6248,6347
6258,6372
6252,6380
6241,6374
6232,6370
6241,6383
6237,6362
6232,6359
6228,6354
6227,6391
6210,6382
6208,6371
6218,6383
6225,6356
6218,6358
6228,6351
6241,6360
6247,6359
6243,6358
6239,6373
6238,6358
6238,6375
6244,6362
6251,6368
6231,6362
6234,6366
6229,6362
6225,6351
6216,6366
6240,6363
6228,6378
6215,6347
6216,6344
6233,6354
6222,6381
6227,6385
6216,6403
6232,6424
6227,6438
6225,6385
6217,6393
6220,6415
6221,6429
6345,6298
6130,6351
6199,6370
6192,6308
6101,6307
6037,6200
6234,6370
6211,6387
6213,6341
6230,6399
6229,6400
6231,6360
6234,6370
6221,6361
6219,6366
6223,6391
6214,6388
6220,6365
6223,6379
6220,6370
6213,6378
6200,6383
6214,6400
6219,6395
6219,6378
6219,6377
6219,6358
6213,6361
6231,6387
6225,6388
6221,6402
6210,6385
6228,6398
6231,6371
6209,6371
6223,6380
6219,6399
6229,6382
6231,6390
6205,6397
6223,6384
6207,6377
6211,6355
6220,6368
6218,6369
6225,6399
6214,6387
6202,6373
6211,6407
6218,6396
6212,6386
6218,6388
6226,6370
6209,6377
6211,6377
6221,6385
6219,6373
6203,6371
6216,6378
6206,6366
6216,6380
6207,6393
6214,6380
6201,6376
6210,6400
6199,6392
6223,6381
6204,6388
6202,6390
6204,6377
6207,6392
6211,6388
6211,6383
6207,6396
6212,6376
6209,6354
6205,6351
6195,6391
6203,6367
6197,6389
6204,6364
6213,6396
6196,6392
6210,6406
6213,6368
6203,6376
6222,6372
6202,6374
6206,6403
6211,6373
6203,6366
6209,6387
6217,6380
6214,6395
6203,6356
6211,6351
6204,6358
6208,6354
6224,6336
6201,6367
6201,6373
6198,6362
6207,6363
6213,6359
6199,6361
6214,6379
6202,6392
6208,6383
6209,6393
6206,6380
6213,6374
6207,6397
6204,6390
6200,6412
6198,6400
6200,6399
6213,6379
6209,6382
6200,6378
6208,6377
6200,6385
6215,6402
6217,6379
6207,6372
6217,6366
6203,6388
6213,6383
6205,6375
6202,6382
6214,6385
6205,6373
6212,6390
6214,6369
6201,6360
6202,6363
6209,6369
6209,6356
6206,6359
6218,6356
6203,6357
6207,6381
6189,6373
6216,6359
6204,6374
6209,6351
6208,6342
6201,6356
6205,6351
6220,6361
6196,6371
6208,6362
6205,6387
6206,6386
6224,6392
6211,6395
6202,6399
6199,6401
6191,6396
6203,6386
6188,6365
6195,6383
6189,6382
6198,6360
6203,6366
6200,6378
6211,6375
6205,6419
6214,6409
6217,6380
6207,6376
6207,6389
6203,6385
6198,6385
6212,6395
6219,6374
6206,6355
6209,6378
6203,6355
6220,6369
6213,6401
6218,6369
6205,6379
6209,6371
6210,6351
6207,6356
6219,6360
6212,6370
6211,6376
6210,6364
6209,6365
6221,6371
6202,6381
6207,6393
6207,6400
6201,6376
6218,6352
6209,6352
6211,6335
6214,6357
6216,6375
6209,6373
6215,6398
6211,6388
6202,6384
6212,6403
6211,6365
6215,6421
6204,6369
6202,6386
6205,6362
6214,6382
6215,6372
6217,6344
6205,6359
6203,6359
6210,6384
6209,6374
6220,6352
6217,6342
6226,6350
6203,6363
6208,6339
6210,6348
6204,6365
6211,6364
6209,6374
6194,6345
6208,6341
6203,6352
6209,6367
6202,6343
6212,6371
6229,6350
6219,6340
6210,6355
6201,6351
6216,6358
6222,6367
6197,6337
6209,6337
6212,6358
6229,6356
6215,6348
6216,6343
6211,6368
6210,6352
6208,6353
6209,6340
6208,6366
6213,6353
6210,6346
6217,6360
6212,6360
6204,6351
6219,6340
6219,6337
6225,6328
6224,6337
6218,6350
6222,6317
6225,6326
6222,6336
6234,6346
6194,6326
6217,6386
6215,6376
6190,6391
6200,6365
6211,6390
6203,6380
6206,6391
6214,6374
6202,6374
6210,6374
6195,6373
6202,6384
6201,6365
6208,6375
6207,6382
6205,6392
6210,6400
6202,6359
6209,6363
6205,6339
6206,6358
6209,6362
6211,6370
6208,6350
6206,6342
6214,6362
6216,6369
6208,6361
6198,6358
6202,6377
6205,6391
6226,6400
6214,6377
6213,6360
6210,6379
6218,6427
6211,6419
6193,6400
6203,6380
6214,6383
6205,6371
6198,6379
6203,6390
6187,6387
6230,6399
6218,6369
6214,6384
6191,6377
6183,6361
6211,6386
6206,6384
6213,6370
6209,6371
6206,6387
6207,6406
6202,6365
6212,6345
6204,6357
6209,6352
6207,6364
6194,6376
6208,6344
6202,6351
6204,6391
6192,6377
6206,6363
6193,6357
6213,6360
6197,6351
6207,6338
6209,6341
6201,6340
6205,6342
6205,6375
6213,6378
6203,6386
6218,6381
6214,6385
6201,6362
6208,6380
6202,6400
6199,6370
6191,6376
6210,6386
6186,6355
6197,6370
6192,6360
6193,6362
6211,6362
6219,6402
6211,6369
6211,6383
6212,6372
6205,6380
6193,6395
6207,6368
6196,6400
6214,6377
6203,6376
6206,6362
6199,6327
6205,6372
6214,6392
6206,6369
6207,6361
6218,6372
6218,6346
6207,6356
6200,6373
6200,6377
6201,6384
6208,6370
6213,6374
6209,6372
6200,6381
6211,6392
6200,6401
6195,6391
6214,6352
6204,6348
6206,6350
6224,6351
6216,6364
6212,6375
6222,6368
6210,6372
6201,6381
6208,6406
6207,6379
6208,6390
6207,6385
6202,6379
6207,6364
6223,6365
6203,6369
6219,6346
6193,6375
6208,6384
6226,6389
6141,6294
6205,6373
6241,6374
6215,6330
6187,6309
6193,6331
6202,6353
6200,6357
6214,6372
6203,6369
6206,6370
6195,6330
6202,6375
6203,6366
6213,6363
6207,6356
6213,6360
6217,6345
6220,6362
6205,6337
6212,6366
6203,6349
6197,6351
6215,6340
6208,6343
6222,6363
6211,6351
6212,6333
6207,6365
6212,6366
6214,6362
6204,6359
6206,6354
6224,6350
6216,6350
6215,6354
6209,6350
6207,6340
6206,6338
6203,6336
6219,6349
6224,6345
6218,6337
6222,6323
6220,6322
6218,6340
6223,6330
6209,6327
6204,6335
6208,6336
6218,6335
6201,6330
6204,6348
6213,6356
6212,6339
6221,6369
6211,6383
6207,6346
6225,6321
6233,6336
6229,6370
6219,6360
6208,6367
6217,6365
6209,6365
6213,6347
6224,6346
6235,6339
6248,6353
6254,6374
6256,6377
6242,6372
6248,6365
6259,6340
6287,6359
6313,6365
6327,6358
6361,6374
6384,6374
6412,6384
6435,6376
6473,6384
6574,6398
6633,6380
6670,6371
6745,6402
6837,6418
6861,6390
6914,6382
6991,6370
7049,6325
7082,6358
7126,6419
7209,6370
7236,6352
7315,6368
7400,6348
7441,6329
7424,6332
7398,6338
7357,6350
7351,6350
7226,6382
7158,6366
7068,6330
7002,6304
6896,6345
6822,6342
6781,6345
6726,6356
6677,6367
6600,6381
6541,6407
6539,6366
6542,6363
6593,6383
6633,6396
6684,6390
6761,6390
6815,6410
6884,6427
6996,6446
7085,6435
7242,6446
7399,6462
7563,6499
7769,6507
7978,6527
8169,6522
8353,6511
8522,6509
8810,6491
8939,6483
9014,6506
9164,6513
9152,6546
9296,6568
9288,6608
9276,6671
9222,6733
9106,6777
8781,6848
8628,6904
8495,6975
8250,7054
8023,7111
7887,7191
7689,7300
7517,7372
7392,7455
7202,7564
7114,7600
7042,7614
6933,7643
6843,7704
6804,7691
6769,7652
6759,7611
6811,7664
6880,7622
6972,7571
7096,7531
7243,7408
7411,7398
7570,7336
7828,7272
8077,7183
8275,7094
8443,6996
8685,6913
9000,6800
9322,6721
9633,6656
9853,6627
10077,6659
10155,6640
10211,6689
10327,6780
10419,6893
10318,6985
10193,7114
9976,7265
9828,7406
9641,7525
9362,7673
9096,7821
8832,7984
8504,8072
8290,8206
8172,8338
7936,8447
7801,8468
7593,8617
7438,8754
7291,8876
7144,8881
7035,8875
6945,8906
6874,8865
6835,8719
6809,8779
6787,8766
6832,8561
6905,8391
7015,8262
7165,8171
7262,8033
7428,7840
7633,7622
7804,7438
8008,7295
8183,7175
8316,7012
8523,6868
8688,6764
8867,6714
8953,6704
9133,6722
9356,6738
9538,6803
9575,6924
9656,7062
9688,7167
9677,7305
9703,7437
9688,7579
9621,7706
9308,7850
9177,7971
8981,8084
8730,8199
8576,8260
8291,8347
7967,8437
7715,8424
7415,8401
7236,8408
7073,8466
6938,8467
6794,8455
6739,8409
6694,8451
6686,8255
6691,8131
6760,8041
6834,7960
6958,7809
7089,7758
7281,7601
7482,7492
7736,7393
7927,7281
8168,7120
8409,7000
8601,6902
8764,6804
8897,6748
9118,6668
9223,6633
9258,6652
9249,6622
9359,6688
9358,6758
9372,6835
9364,6963
9319,7087
9165,7200
9010,7367
8874,7616
8727,7759
8541,8111
8308,8382
8110,8570
7984,8756
7853,8938
7684,9031
7568,9222
7362,9439
7248,9461
7107,9390
6990,9431
6913,9262
6823,9249
6713,9196
6660,9094
6630,8958
6670,8748
6659,8601
6745,8468
6822,8241
6921,7995
7036,7854
7155,7697
7330,7442
7495,7264
7719,7137
7888,6962
8193,6899
8425,6743
8618,6663
8821,6628
8947,6575
9095,6551
9331,6584
9426,6591
9550,6659
9619,6719
9674,6822
9624,6910
9634,7028
9591,7124
9512,7215
9477,7290
9377,7395
9264,7487
9119,7580
8864,7763
8647,7853
8400,7921
8199,8054
7982,8177
7773,8256
7558,8338
7347,8439
7173,8509
7034,8519
6898,8394
6798,8369
6722,8287
6694,8257
6710,8200
6721,8102
6822,7971
6870,7810
6998,7717
7177,7513
7375,7313
7539,7161
7742,7028
7932,6922
8086,6800
8254,6746
8417,6646
8611,6591
8711,6556
8837,6515
8940,6529
9045,6535
9143,6543
9282,6586
9244,6680
9235,6782
9216,6942
9193,7079
9073,7223
8993,7397
8901,7572
8847,7777
8779,8008
8618,8197
8419,8257
8263,8404
8055,8643
7937,8755
7762,8842
7555,8997
7320,9084
7134,9012
6993,8962
6851,8854
6773,8784
6697,8651
6643,8566
6597,8484
6636,8305
6657,8153
6744,8028
6856,7882
6974,7705
7112,7544
7297,7366
7474,7211
7736,7025
7959,6909
8139,6802
8227,6709
8423,6643
8601,6583
8691,6552
8891,6541
8957,6536
9017,6567
9085,6651
9167,6692
9182,6780
9161,6870
9061,6950
9024,7046
8993,7195
8916,7307
8911,7475
8847,7608
8764,7773
8677,7957
8524,8140
8360,8276
8175,8435
7970,8491
7850,8535
7600,8658
7463,8728
7272,8758
7097,8807
6937,8717
6789,8673
6685,8675
6607,8578
6570,8445
6561,8255
6589,8064
6677,7845
6793,7662
6880,7445
7034,7267
7202,7135
7362,6983
7517,6856
7775,6754
7983,6645
8136,6583
8331,6542
8492,6483
8689,6469
8820,6457
8984,6464
9034,6464
9196,6495
9257,6556
9299,6603
9361,6698
9432,6781
9352,6882
9272,6965
9171,7111
9039,7245
8913,7341
8717,7515
8536,7581
8337,7761
8112,7882
7898,7978
7711,8068
7537,8156
7340,8237
7138,8345
7004,8427
6870,8421
6779,8332
6682,8248
6648,8235
6615,8085
6634,8001
6672,7850
6726,7744
6855,7638
6957,7498
7046,7374
7200,7240
7363,7086
7547,6925
7759,6801
7914,6726
8124,6633
8371,6566
8572,6495
8734,6482
8983,6461
9178,6443
9318,6479
9519,6502
9650,6570
9778,6660
9763,6771
9866,6915
9904,7004
9855,7164
9843,7348
9623,7536
9518,7672
9294,7813
9089,7986
9000,8206
8730,8383
8463,8536
8257,8638
8053,8673
7853,8701
7693,8740
7509,8732
7301,8745
7121,8677
7008,8638
6903,8628
6816,8530
6753,8378
6696,8254
6707,8214
6728,7969
6783,7953
6838,7763
6944,7571
7073,7445
7173,7273
7325,7143
7564,7048
7729,6904
7924,6768
8167,6721
8348,6635
8524,6585
8656,6574
8790,6570
8916,6537
9019,6587
9107,6628
9179,6713
9207,6788
9337,6911
9364,7042
9441,7254
9316,7392
9173,7566
8980,7714
8822,7841
8728,8042
8447,8173
8137,8290
7913,8343
7851,8443
7603,8531
7502,8594
7329,8537
7187,8674
7062,8770
6944,8697
6882,8648
6799,8643
6775,8614
6748,8437
6788,8206
6884,8119
6931,7993
6985,7861
7105,7703
7249,7533
7410,7350
7515,7181
7805,7028
8007,6928
8202,6786
8406,6718
8594,6678
8704,6669
8814,6621
8898,6591
9058,6582
9279,6592
9373,6642
9607,6703
9622,6757
9650,6880
9543,7007
9486,7147
9411,7292
9384,7473
9263,7631
9102,7730
8959,7778
8790,7885
8625,8019
8538,8131
8516,8220
8276,8243
7952,8276
7756,8331
7540,8322
7428,8383
7253,8341
7102,8238
7015,8186
6937,8152
6820,8118
6689,7997
6635,7913
6663,7813
6673,7668
6779,7500
6906,7413
7039,7283
7181,7145
7399,7082
7577,6957
7798,6810
7981,6719
8160,6647
8368,6565
8561,6543
8812,6527
8932,6492
9092,6463
9108,6526
9001,6542
9210,6609
9223,6677
9270,6752
9232,6841
9220,6921
9084,7089
8987,7231
8832,7374
8769,7489
8589,7663
8351,7776
8162,7904
8028,8079
7924,8269
7766,8342
7637,8431
7462,8481
7250,8575
7063,8624
6971,8610
6875,8625
6822,8584
6754,8519
6701,8396
6670,8297
6695,8113
6724,7935
6802,7773
6950,7655
7099,7432
7229,7330
7445,7159
7629,6971
7843,6827
8031,6701
8250,6629
8407,6546
8544,6463
8747,6386
8880,6369
9055,6357
9187,6352
9394,6384
9517,6420
9525,6476
9476,6589
9464,6698
9396,6822
9341,6950
9410,7044
9323,7198
9135,7385
8971,7518
8792,7692
8568,7791
8367,7935
8111,8032
7877,8120
7798,8238
7565,8303
7390,8319
7198,8382
7035,8386
6939,8393
6822,8384
6785,8346
6750,8255
6748,8153
6764,8019
6817,7890
6879,7804
7015,7605
7159,7457
7370,7307
7507,7209
7808,7084
8056,6992
8318,6846
8589,6772
8940,6724
9264,6653
9457,6652
9681,6612
9886,6622
10150,6643
10422,6667
10561,6694
10496,6761
10491,6857
10486,6965
10463,7098
10688,7206
10672,7337
10405,7532
10276,7729
9966,7874
9745,8071
9517,8306
9400,8487
9159,8589
8839,8705
8465,8814
8188,8865
7915,8936
7705,9030
7418,9098
7191,9033
7023,9093
6868,9008
6808,8982
6766,8911
6780,8719
6879,8628
6929,8426
7033,8222
7207,8017
7380,7881
7523,7730
7745,7571
7957,7377
8080,7183
8219,7038
8343,6932
8575,6834
8837,6793
9066,6686
9241,6666
9521,6630
9659,6697
9807,6766
10088,6867
10234,6997
10269,7190
10284,7372
10300,7498
10339,7735
10530,8024
10426,8193
10364,8451
10287,8754
10111,8938
9949,9334
9745,9439
9462,9623
9204,9746
8892,9996
8471,10050
8189,10111
7962,10110
7727,9947
7512,9901
7331,9895
7186,9810
7115,9610
7098,9294
7103,9053
7098,8917
7233,8914
7318,8764
7434,8526
7665,8386
7956,8146
8258,7904
8650,7684
9064,7532
9369,7405
9717,7225
10035,7087
10482,6925
11028,6823
11449,6699
11659,6641
12032,6609
12211,6638
12313,6638
12343,6692
12441,6789
12249,6901
12005,7089
11727,7262
11431,7459
11248,7699
10871,7975
10503,8247
10232,8605
9856,8850
9542,9068
9291,9259
8981,9344
8616,9485
8494,9794
8092,9805
7992,9838
7745,9764
7751,9917
7551,9860
7490,9916
7343,9816
7346,9683
7340,9522
7403,9462
7471,9256
7601,9039
7791,8724
8050,8538
8250,8270
8589,7957
8922,7642
9326,7506
9605,7294
9982,7079
10374,6874
10799,6759
11100,6714
11367,6719
11585,6758
11726,6848
11944,6941
12103,7069
12314,7286
12343,7450
12209,7632
11981,7918
11647,8141
11492,8305
11299,8473
10985,8667
10758,8845
10401,9062
10031,9280
9630,9374
9351,9387
8965,9516
8692,9659
8396,9875
8099,10145
7859,10241
7594,10316
7329,10402
7092,10321
6940,10349
6797,10349
6736,10359
6726,10178
6802,10041
6952,9771
7152,9586
7394,9331
7580,9126
7796,8817
8012,8494
8239,8211
8454,7965
8605,7676
8971,7412
9100,7264
9180,7133
9368,7018
9455,6973
9749,6989
9909,6994
9460,7055
9791,7126
10293,7178
9810,7317
8719,7419
7728,7596
6988,7762
6601,7907
6381,8055
6276,8293
6219,8469
6178,8644
6162,8865
6156,9105
6148,9167
6139,9269
6146,9448
6139,9595
6143,9742
6147,9803
6142,9746
6140,9713
6129,9650
6123,9514
6120,9367
6120,9185
6124,8961
6132,8609
6117,8397
6109,8122
6114,8000
6120,7791
6115,7618
6126,7380
6111,7252
6115,7031
6121,6933
6117,6810
6105,6767
6113,6715
6115,6711
6118,6717
6104,6753
6125,6770
6095,6792
6112,6847
6112,6946
6102,7047
6110,7158
6119,7242
6110,7315
6098,7437
6119,7603
6110,7679
6110,7713
6103,7721
6114,7674
6112,7532
6109,7203
6110,6863
6110,6568
6108,6369
6109,6248
6102,6200
6106,6167
6104,6143
6111,6129
6113,6140
6109,6104
6105,6136
6102,6118
6104,6143
6100,6138
6101,6143
6103,6130
6111,6136
6099,6108
6101,6097
6107,6080
6110,6072
6121,6069
6108,6051
6103,6074
6113,6064
6111,6067
6098,6066
6110,6056
6109,6071
6106,6076
6103,6071
6104,6066
6101,6064
6098,6064
6102,6055
6108,6057
6106,6060
6097,6076
6105,6074
6107,6062
6104,6066
6093,6063
6097,6064
6099,6051
6103,6054
6090,6060
6108,6062
6098,6067
6111,6060
6108,6058
6104,6059
6113,6054
6094,6071
6113,6063
6112,6067
6115,6054
6111,6055
6101,6063
6114,6056
6121,6064
6114,6052
6104,6056
6115,6058
6113,6056
6107,6046
6115,6054
6112,6061
6108,6058
6114,6063
6096,6055
6113,6062
6102,6049
6099,6054
6099,6057
6101,6046
6109,6044
6110,6057
6101,6044
6109,6053
6104,6042
6113,6045
6109,6057
6111,6053
6102,6064
6110,6048
6104,6054
6108,6062
6104,6046
6110,6058
6110,6051
6117,6055
6114,6036
6106,6046
6109,6060
6107,6058
6103,6054
6106,6046
6109,6051
6111,6055
6106,6058
6112,6050
6111,6040
6107,6057
6112,6050
6106,6051
6106,6049
6098,6059
6113,6062
6108,6056
6108,6053
6103,6062
6103,6055
6112,6048
6107,6053
6110,6053
6113,6052
6095,6046
6107,6058
6108,6043
6104,6048
6118,6056
6092,6062
6101,6040
6113,6047
6109,6048
6102,6049
6098,6045
6100,6060
6103,6048
6102,6057
6108,6043
6106,6051
6106,6054
6107,6060
6109,6066
6102,6043
6107,6042
6106,6052
6116,6087
6118,6128
6100,6047
6071,6018
6103,6061
6113,6067
6120,6074
6105,6063
6098,6060
6107,6047
6108,6052
6121,6066
6110,6043
6106,6059
6096,6051
6104,6042
6106,6048
6103,6045
6114,6045
6092,6057
6104,6042
6101,6046
6109,6038
6108,6055
6104,6042
6107,6055
6104,6048
6103,6049
6110,6063
6097,6050
6110,6058
6090,6072
6099,6047
6092,6040
6114,6055
6106,6042
6107,6054
6109,6055
6119,6056
6104,6052
6099,6046
6106,6038
6100,6054
6106,6049
6101,6052
6102,6051
6102,6053
6101,6043
6104,6052
6114,6061
6101,6048
6100,6053
6104,6033
6097,6048
6104,6054
6098,6060
6109,6055
6107,6050
6109,6060
6103,6044
6115,6060
6097,6053
6108,6044
6106,6058
6115,6041
6096,6049
6103,6046
6097,6045
6096,6052
6114,6046
6100,6054
6100,6047
6101,6044
6107,6051
6098,6063
6096,6042
6098,6042
6094,6047
6101,6062
6097,6048
6105,6035
6111,6039
6096,6036
6098,6051
6105,6047
6099,6052
6098,6050
6105,6049
6097,6046
6099,6047
6101,6047
6087,6057
6101,6050
6100,6058
6096,6063
6103,6059
6099,6050
6102,6058
6103,6048
6097,6052
6099,6064
6099,6047
6104,6050
6109,6046
6098,6048
6090,6050
6099,6050
6097,6047
6095,6056
6098,6027
6105,6047
6106,6053
6106,6063
6101,6056
6100,6050
6108,6044
6106,6050
6101,6055
6095,6057
6098,6063
6107,6048
6104,6051
6096,6036
6098,6051
6111,6045
6099,6054
6109,6047
6108,6058
6107,6051
6106,6050
6097,6057
6102,6058
6106,6063
6108,6045
6102,6050
6103,6058
6101,6043
6107,6050
6111,6053
6098,6055
6110,6065
6106,6057
6108,6058
6111,6048
6110,6056
6116,6057
6109,6052
6107,6063
6112,6063
6102,6056
6112,6047
6112,6056
6101,6041
6104,6053
6110,6060
6113,6050
6105,6061
6104,6063
6106,6036
6099,6052
6107,6057
6106,6055
6105,6053
6107,6050
6113,6057
6109,6041
6106,6057
6105,6054
6103,6052
6102,6051
6098,6048
6090,6052
6108,6061
6103,6062
6104,6059
6094,6061
6108,6049
6107,6050
6098,6053
6099,6055
6103,6053
6104,6047
6112,6051
6098,6058
6101,6049
6104,6048
6100,6041
6104,6049
6105,6057
6102,6060
6093,6056
6105,6045
6104,6045
6109,6059
6113,6061
6112,6059
6096,6040
6099,6058
6101,6064
6098,6034
6107,6054
6100,6047
6112,6045
6101,6050
6107,6056
6110,6056
6100,6056
6102,6047
6095,6055
6107,6075
6096,6039
6106,6040
6101,6052
6099,6050
6096,6049
6100,6047
6113,6059
6105,6055
6112,6054
6105,6023
6098,6063
6106,6064
6108,6047
6107,6056
6120,6051
6102,6062
6103,6056
6107,6051
6112,6050
6117,6047
6108,6049
6109,6041
6118,6046
6112,6056
6106,6068
6112,6049
6121,6053
6110,6046
6123,6057
6115,6054
6114,6049
6113,6057
6121,6054
6117,6052
6113,6047
6117,6053
6107,6050
6115,6047
6106,6048
6108,6045
6117,6058
6109,6048
6120,6030
6109,6050
6110,6054
6107,6057
6107,6064
6113,6055
6107,6054
6112,6057
6113,6048
6114,6051
6111,6054
6107,6047
6103,6054
6112,6042
6109,6056
6112,6062
5774,5342
6169,6092
6213,6135
6124,6037
6033,6027
6100,6036
6135,6084
6113,6060
6113,6072
6104,6059
6114,6045
6109,6065
6115,6050
6109,6059
6111,6063
6110,6063
6112,6067
6108,6052
6112,6047
6103,6045
6116,6054
6114,6047
6105,6063
6102,6059
6108,6050
6112,6048
6124,6050
6117,6061
6112,6056
6111,6048
6117,6047
6111,6045
6107,6050
6121,6050
6118,6061
6098,6050
6107,6058
6108,6052
6105,6057
6118,6045
6104,6062
6103,6049
6117,6051
6114,6050
6105,6063
6109,6059
6098,6049
6118,6064
6098,6045
6111,6059
6104,6049
6122,6059
6117,6052
6104,6051
6104,6053
6114,6054
6110,6061
6108,6048
6108,6054
6115,6051
6116,6063
6119,6038
6115,6050
6106,6045
6113,6062
6118,6045
6107,6048
6112,6034
6115,6057
6116,6046
6114,6063
6113,6048
6118,6066
6114,6056
6118,6053
6108,6053
6115,6055
6110,6051
6114,6043
6112,6059
6108,6061
6120,6061
6122,6054
6119,6056
6116,6049
6109,6049
6113,6055
6110,6056
6113,6061
6115,6062
6117,6056
6122,6042
6122,6054
6104,6063
6115,6049
6109,6060
6123,6057
6115,6062
6106,6053
6113,6066
6117,6054
6113,6069
6113,6069
6114,6059
6112,6057
6115,6053
6118,6065
6122,6063
6113,6067
6111,6053
6119,6065
6113,6043
6114,6050
6111,6053
6109,6087
6123,6062
6115,6047
6109,6065
6119,6054
6120,6064
6114,6057
6119,6049
6108,6061
6118,6057
6118,6057
6117,6052
6114,6055
6114,6061
6116,6063
6113,6063
6112,6061
6114,6061
6115,6054
6119,6074
6115,6063
6109,6058
6109,6060
6117,6066
6114,6058
6110,6055
6120,6052
6112,6063
6118,6063
6113,6063
6116,6061
6120,6051
6118,6060
6118,6060
6113,6065
6108,6062
6116,6061
6119,6054
6122,6061
6118,6054
6122,6061
6111,6055
6120,6057
6120,6052
6114,6061
6107,6072
6119,6067
6115,6060
6114,6046
6122,6059
6114,6060
6116,6061
6117,6057
6112,6062
6120,6064
6120,6064
6115,6049
0,31
0,61680
0,0
6119,6061
5599,5591
5586,5579
5600,5575
5595,5583
5605,5581
5597,5580
5606,5581
5596,5580
5822,5745
6307,6266
6277,6290
6279,6269
6290,6279
6278,6281
6297,6293
6297,6287
6288,6284
6291,6291
6294,6287
6287,6291
6278,6290
6297,6288
6285,6303
6275,6305
6299,6302
6284,6303
6278,6303
6276,6308
6295,6302
6288,6302
6292,6268
6286,6278
6280,6301
6285,6312
6287,6277
6293,6274
6298,6286
6268,6303
6276,6322
6289,6306
6285,6302
6297,6306
6286,6298
6284,6312
6272,6319
6278,6299
6279,6326
6279,6314
6285,6289
6316,6296
6305,6299
6278,6296
6263,6294
6292,6297
6288,6319
6294,6298
6310,6282
6305,6309
6293,6310
6297,6328
6278,6333
6282,6309
6288,6284
6291,6288
6299,6292
6295,6304
6288,6296
6293,6293
6279,6304
6286,6302
6289,6310
6279,6318
6280,6319
6269,6316
6282,6301
6274,6305
6281,6314
6284,6285
6280,6291
6272,6296
6291,6312
6297,6309
6306,6321
6296,6328
6272,6304
6280,6308
6284,6316
6281,6326
6260,6316
6264,6309
6280,6304
6279,6321
6298,6337
6283,6344
6288,6360
6275,6327
6251,6307
6255,6320
6283,6318
6279,6295
6272,6294
6300,6281
6284,6321
6264,6316
6271,6320
6239,6307
6287,6310
6279,6313
6270,6342
6271,6321
6266,6327
6267,6313
6271,6331
6272,6348
6273,6326
6279,6334
6293,6333
6274,6329
6272,6329
6284,6334
6294,6343
6292,6350
6278,6366
6283,6349
6272,6304
6287,6313
6280,6294
6266,6305
6271,6309
6280,6315
6267,6330
6260,6304
6264,6329
6260,6335
6268,6328
6264,6302
6258,6321
6278,6320
6277,6346
6274,6339
6273,6313
6275,6317
6274,6319
6280,6329
6274,6303
6268,6331
6272,6339
6255,6341
6268,6349
6264,6350
6266,6344
6265,6319
6279,6342
6280,6391
6272,6338
6299,6344
6283,6355
6290,6347
6275,6342
6266,6325
6251,6335
6254,6336
6268,6371
6300,6360
6288,6360
6271,6350
6273,6359
6268,6349
6270,6347
6258,6342
6252,6342
6260,6335
6256,6336
6261,6346
6264,6336
6278,6338
6282,6356
6267,6341
6250,6348
6255,6342
6259,6327
6279,6303
6271,6324
6255,6305
6295,6329
6296,6321
6279,6339
6265,6347
6250,6360
6272,6348
6270,6346
6281,6339
6278,6333
6263,6347
6250,6354
6261,6353
6263,6361
6287,6342
6275,6343
6278,6335
6271,6335
6252,6344
6253,6323
6274,6351
6270,6375
6263,6348
6260,6340
6251,6345
6258,6352
6254,6349
6264,6318
6287,6342
6267,6342
6252,6360
6257,6359
6258,6374
6238,6355
6253,6387
6252,6356
6242,6360
6265,6315
6254,6355
6248,6351
6241,6366
6256,6403
6257,6357
6238,6353
6252,6352
6260,6346
6249,6363
6250,6353
6247,6352
6242,6370
6251,6357
6233,6357
6225,6350
6239,6335
6247,6354
6233,6307
6227,6331
6240,6347
6266,6346
6233,6365
6238,6380
6267,6379
6234,6350
6216,6304
6227,6349
6241,6370
6268,6382
6242,6357
6246,6346
6275,6371
6249,6360
6259,6385
6250,6363
6242,6381
6249,6360
6237,6349
6239,6372
6233,6345
6242,6349
6239,6346
6242,6333
6224,6339
6240,6319
6250,6318
6241,6340
6237,6313
6241,6354
6245,6336
6226,6329
6233,6336
6252,6320
6248,6345
6254,6343
6255,6362
6256,6358
6253,6346
6244,6362
6260,6344
6253,6352
6242,6387
6234,6389
6231,6384
6244,6342
6221,6364
6233,6370
6245,6364
6231,6377
6242,6388
6212,6382
6225,6364
6234,6356
6231,6375
6230,6351
6238,6378
6230,6361
6230,6369
6232,6368
6244,6354
6252,6368
6249,6379
6230,6362
6225,6367
6226,6348
6230,6344
6222,6348
6224,6352
6218,6366
6218,6336
6216,6345
6211,6363
6225,6384
6236,6394
6230,6401
6224,6418
6223,6402
6228,6379
6217,6400
6216,6396
6217,6407
6234,6402
6210,6427
6211,6398
6216,6365
6215,6385
6232,6375
6213,6391
6207,6409
6230,6370
6208,6390
6200,6382
6217,6363
6213,6373
6225,6387
6204,6366
6237,6366
6212,6382
6223,6352
6212,6381
6219,6362
6207,6369
6200,6401
6207,6380
6208,6395
6213,6386
6211,6373
6203,6365
6218,6372
6218,6369
6204,6361
6212,6405
6215,6384
6217,6405
6230,6384
6212,6385
6213,6379
6219,6411
6219,6383
6212,6395
6226,6383
6226,6363
6210,6389
6206,6373
6216,6381
6224,6359
6211,6391
6223,6379
6202,6407
6208,6405
6217,6394
6207,6396
6216,6410
6225,6385
6203,6379
6218,6375
6211,6370
6220,6387
6204,6384
6207,6368
6210,6385
6205,6378
6203,6377
6208,6392
6203,6378
6213,6381
6205,6384
6207,6384
6212,6381
6209,6380
6204,6396
6206,6390
6212,6372
6214,6381
6207,6408
6192,6381
6204,6372
6200,6358
6207,6373
6216,6394
6196,6387
6207,6388
6213,6401
6208,6394
6207,6376
6212,6379
6203,6400
6202,6377
6204,6388
6198,6388
6196,6362
6221,6392
6219,6390
6214,6376
6207,6396
6202,6348
6203,6365
6209,6365
6215,6350
6204,6363
6207,6357
6200,6360
6200,6346
6207,6367
6216,6362
6208,6359
6203,6377
6200,6378
6193,6374
6200,6387
6199,6380
6208,6353
6211,6387
6208,6398
6215,6403
6209,6385
6195,6385
6208,6380
6203,6378
6190,6367
6203,6386
6187,6390
6229,6417
6218,6375
6211,6375
6213,6370
6191,6368
6200,6370
6206,6376
6203,6362
6219,6372
6216,6384
6200,6387
6200,6378
6212,6341
6206,6364
6207,6371
6204,6355
6202,6378
6210,6344
6189,6362
6199,6361
6195,6387
6205,6367
6210,6374
6209,6361
6211,6344
6205,6340
6202,6358
6215,6336
6204,6347
6210,6346
6211,6390
6205,6384
6208,6391
6204,6411
6207,6407
6204,6379
6202,6388
6192,6378
6184,6366
6197,6378
6197,6356
6203,6348
6203,6353
6193,6356
6204,6362
6222,6402
6200,6384
6231,6384
6197,6393
6210,6399
6203,6394
6208,6371
6206,6385
6206,6388
6214,6380
6217,6372
6203,6358
6199,6355
6211,6387
6207,6373
6213,6375
6197,6361
6207,6367
6212,6382
6200,6374
6200,6394
6217,6391
6028,6248
6111,6296
6284,6752
6178,6339
6231,6385
6196,6381
6204,6385
6204,6416
6214,6353
6172,6334
6210,6386
6200,6358
6207,6371
6220,6379
6205,6370
6209,6397
6224,6385
6215,6382
6221,6404
6208,6383
6208,6358
6211,6372
6225,6356
6202,6366
6224,6374
6209,6353
6210,6359
6223,6406
6213,6377
6219,6360
6227,6339
6218,6336
6211,6353
6200,6351
6211,6368
6200,6363
6200,6366
6199,6371
6207,6360
6182,6341
6193,6371
6205,6356
6206,6360
6217,6359
6220,6353
6216,6345
6212,6343
6207,6343
6211,6350
6210,6331
6217,6348
6208,6354
6216,6361
6210,6362
6223,6358
6217,6330
6208,6357
6211,6355
6215,6349
6216,6370
6216,6350
6219,6362
6210,6344
6205,6360
6210,6338
6208,6351
6203,6339
6208,6322
6214,6336
6228,6344
6216,6336
6226,6309
6230,6329
6228,6323
6210,6343
6206,6317
6204,6340
6212,6327
6201,6321
6199,6318
6213,6339
6209,6360
6226,6364
6207,6371
6218,6375
6211,6358
6213,6361
6232,6357
6224,6372
6223,6360
6220,6356
6223,6360
6216,6351
6226,6368
6220,6340
6237,6352
6242,6365
6238,6395
6256,6369
6243,6378
6253,6376
6261,6347
6287,6364
6316,6343
6317,6354
6351,6391
6374,6381
6394,6384
6454,6373
6490,6378
6547,6445
6611,6385
6668,6398
6738,6396
6818,6415
6857,6406
6918,6364
6973,6348
7041,6360
7100,6359
7122,6362
7168,6351
7237,6335
7325,6352
7357,6356
7392,6336
7381,6345
7403,6342
7366,6351
7318,6347
7273,6370
7147,6365
7081,6336
6999,6322
6910,6337
6842,6350
6785,6340
6734,6351
6676,6357
6618,6409
6556,6387
6542,6362
6551,6381
6559,6400
6621,6389
6669,6401
6737,6394
6783,6416
6867,6418
6939,6427
7045,6439
7191,6439
7346,6473
7517,6501
7698,6549
7945,6544
8152,6521
8358,6492
8525,6498
8837,6494
8959,6492
9088,6499
9159,6524
9219,6530
9315,6561
9268,6613
9283,6694
9320,6685
9212,6772
8985,6858
8831,6886
8668,6923
8399,7012
8178,7108
7931,7196
7780,7266
7533,7361
7400,7481
7282,7544
7171,7598
7070,7646
6960,7657
6898,7695
6830,7703
6777,7666
6770,7662
6819,7655
6865,7674
6956,7622
7057,7569
7223,7484
7371,7453
7554,7381
7760,7348
8048,7243
8213,7144
8457,7024
8676,6942
8993,6871
9320,6758
9549,6693
9874,6652
10184,6649
10160,6653
10289,6673
10400,6771
10443,6884
10365,6970
10253,7100
10071,7187
9840,7391
9701,7526
9432,7693
9178,7794
8875,7939
8591,8056
8352,8220
8222,8343
8027,8474
7881,8511
7644,8611
7494,8845
7331,8914
7182,8918
7074,8905
6984,8930
6909,8900
6837,8820
6825,8839
6807,8773
6842,8650
6880,8411
6968,8322
7122,8235
7258,8063
7425,7854
7581,7634
7761,7506
7961,7323
8153,7179
8318,7033
8506,6906
8686,6778
8845,6711
8985,6704
9106,6701
9322,6732
9538,6791
9584,6920
9688,7015
9717,7160
9755,7267
9771,7439
9864,7538
9753,7676
9466,7834
9224,7947
9070,8084
8839,8154
8630,8266
8323,8339
8034,8378
7740,8424
7464,8429
7258,8464
7123,8463
6962,8450
6818,8505
6745,8494
6717,8463
6734,8314
6798,8278
6795,8109
6868,8025
6969,7875
7112,7811
7294,7719
7488,7611
7684,7445
7966,7324
8207,7209
8394,7041
8610,6942
8786,6886
8881,6763
9106,6719
9229,6640
9266,6647
9282,6632
9390,6669
9452,6729
9413,6792
9405,6938
9283,7050
9296,7205
9122,7409
8972,7620
8864,7851
8644,8139
8447,8349
8208,8604
8038,8781
7909,8835
7748,9015
7608,9230
7410,9457
7290,9443
7141,9445
7060,9422
6944,9328
6837,9259
6731,9224
6687,9103
6629,8962
6704,8817
6681,8658
6740,8551
6833,8306
6904,8077
7032,7895
7120,7704
7291,7463
7470,7310
7663,7124
7863,7004
8119,6844
8378,6778
8574,6713
8714,6652
8940,6562
9087,6569
9263,6573
9444,6598
9482,6663
9607,6710
9663,6815
9664,6907
9664,7027
9623,7089
9604,7153
9485,7253
9407,7361
9291,7486
9070,7580
8960,7726
8699,7810
8398,7918
8211,8084
7993,8145
7775,8205
7533,8311
7354,8411
7174,8484
7032,8460
6898,8375
6805,8341
6717,8345
6671,8306
6711,8217
6741,8102
6807,8012
6866,7837
6972,7676
7148,7543
7350,7328
7527,7192
7710,7034
7865,6935
8035,6825
8196,6722
8360,6643
8592,6610
8657,6560
8821,6519
8915,6534
9044,6527
9153,6573
9209,6601
9271,6691
9270,6783
9242,6910
9194,7053
9070,7201
9029,7329
8953,7561
8842,7739
8794,7939
8637,8127
8502,8286
8284,8383
8074,8619
7949,8680
7800,8847
7570,8951
7331,9026
7130,8959
7003,8943
6865,8844
6749,8818
6688,8698
6651,8641
6616,8500
6607,8319
6626,8146
6725,8025
6847,7863
6955,7721
7110,7568
7264,7354
7444,7184
7668,7037
7884,6892
8094,6796
8271,6712
8388,6662
8539,6572
8719,6551
8870,6529
8960,6552
8978,6573
9099,6651
9198,6703
9182,6734
9118,6837
9033,6957
8996,7050
9001,7183
8874,7347
8867,7456
8865,7602
8781,7714
8687,7886
8550,8109
8395,8250
8192,8397
7999,8477
7839,8582
7640,8677
7455,8707
7281,8773
7109,8784
6958,8728
6811,8652
6704,8648
6622,8592
6564,8435
6572,8216
6583,8065
6669,7883
6770,7649
6884,7435
7032,7278
7160,7168
7331,7025
7532,6876
7782,6754
7937,6665
8154,6604
8343,6546
8464,6501
8678,6475
8835,6472
8943,6473
9071,6452
9172,6522
9248,6561
9313,6612
9301,6686
9321,6793
9347,6865
9224,6969
9128,7135
9070,7289
8965,7367
8724,7491
8497,7658
8334,7786
8099,7901
7873,8018
7765,8135
7543,8227
7347,8320
7180,8360
6999,8453
6888,8459
6793,8377
6687,8309
6640,8236
6632,8133
6634,8042
6661,7865
6747,7772
6843,7670
6953,7498
7058,7366
7211,7248
7371,7065
7547,6927
7767,6823
7952,6728
8122,6656
8384,6564
8607,6484
8775,6497
9014,6455
9291,6454
9381,6480
9511,6508
9721,6579
9764,6663
9806,6767
9878,6928
9876,7009
9866,7163
9866,7331
9614,7522
9562,7694
9354,7815
9114,8024
9042,8192
8767,8440
8512,8567
8282,8673
8097,8697
7962,8797
7758,8822
7613,8799
7336,8832
7149,8698
6999,8646
6902,8605
6810,8501
6765,8459
6722,8299
6714,8190
6735,8004
6759,7938
6832,7739
6922,7613
6992,7418
7243,7194
7353,7152
7509,6969
7722,6899
7977,6779
8196,6712
8374,6612
8593,6602
8705,6567
8815,6534
8975,6541
9041,6585
9061,6638
9107,6743
9232,6791
9249,6905
9345,7077
9406,7226
9244,7368
9071,7535
8950,7723
8823,7895
8739,8048
8511,8227
8217,8404
8002,8489
7793,8514
7632,8630
7506,8650
7373,8715
7216,8787
7072,8830
6947,8804
6870,8739
6810,8747
6759,8681
6773,8465
6799,8296
6882,8154
6930,8044
7015,7941
7109,7752
7251,7531
7433,7344
7544,7199
7792,7033
8015,6896
8209,6800
8465,6757
8585,6707
8698,6687
8814,6647
8869,6607
9042,6597
9252,6611
9426,6656
9629,6724
9587,6769
9604,6887
9531,6998
9512,7125
9419,7317
9397,7478
9150,7674
9142,7756
8982,7820
8814,7884
8648,8071
8530,8187
8500,8264
8234,8291
7978,8363
7770,8390
7559,8351
7457,8395
7275,8336
7162,8243
7026,8186
6937,8133
6769,8113
6676,8033
6664,7927
6682,7783
6709,7647
6805,7531
6925,7409
7038,7257
7201,7151
7434,7051
7621,6946
7828,6811
8034,6719
8293,6622
8384,6578
8618,6536
8859,6502
9014,6470
9062,6516
9128,6537
9110,6569
9201,6615
9291,6690
9315,6764
9279,6849
9254,6946
9157,7074
9046,7241
8892,7411
8798,7494
8628,7669
8393,7831
8207,7935
8108,8126
7944,8292
7771,8360
7613,8451
7462,8534
7248,8562
7091,8635
6991,8635
6894,8658
6794,8596
6764,8544
6705,8463
6674,8316
6712,8129
6738,7937
6835,7804
6962,7628
7084,7446
7243,7323
7447,7128
7623,6978
7846,6836
8065,6711
8289,6610
8417,6537
8588,6443
8772,6383
8925,6356
9127,6350
9269,6345
9411,6378
9540,6433
9551,6509
9502,6592
9516,6724
9404,6846
9330,6980
9408,7090
9348,7265
9193,7402
9035,7526
8782,7699
8560,7874
8391,7991
8127,8064
7943,8137
7791,8264
7564,8313
7377,8326
7171,8362
7037,8369
6919,8424
6809,8386
6757,8311
6741,8232
6769,8129
6766,8013
6817,7911
6930,7772
7074,7610
7226,7445
7434,7308
7625,7177
7860,7062
8122,6959
8371,6825
8677,6751
9048,6726
9321,6647
9488,6639
9705,6607
9977,6619
10159,6644
10370,6675
10495,6691
10585,6796
10496,6863
10438,6959
10451,7081
10606,7200
10629,7387
10419,7514
10144,7693
9887,7926
9650,8156
9437,8321
9232,8499
9000,8634
8755,8748
8447,8826
8071,8891
7842,8966
7621,9034
7369,9037
7143,9061
6954,9032
6861,8997
6790,8975
6769,8887
6776,8730
6886,8567
6951,8385
7080,8163
7214,8009
7405,7880
7613,7713
7799,7488
8001,7316
8156,7177
8341,6994
8448,6895
8681,6827
8920,6728
9120,6691
9317,6628
9545,6628
9812,6677
9901,6759
10139,6874
10287,7023
10370,7216
10318,7408
10368,7577
10476,7838
10578,8050
10523,8250
10439,8486
10286,8805
10144,9012
9873,9298
9666,9454
9403,9596
9098,9738
8816,9957
8403,10016
8127,10094
7865,10099
7639,9945
7421,9848
7259,9854
7161,9801
7086,9568
7079,9326
7112,9051
7133,8943
7283,8864
7376,8754
7525,8539
7722,8322
7996,8122
8299,7891
8706,7659
9005,7585
9395,7337
9753,7150
10072,7037
10558,6906
10975,6766
11486,6696
11794,6663
12055,6594
12351,6632
12463,6645
12568,6695
12553,6812
12311,6946
11992,7099
11737,7311
11451,7511
11143,7756
10796,8025
10492,8344
10209,8625
9801,8881
9513,9058
9174,9233
8911,9354
8580,9506
8342,9680
8156,9777
8025,9902
7882,9953
7765,9949
7584,9943
7483,9920
7409,9870
7351,9682
7307,9448
7365,9330
7425,9154
7578,8986
7805,8694
8034,8462
8301,8189
8634,7899
9013,7636
9461,7439
9793,7225
10133,7023
10489,6852
10956,6769
11291,6706
11532,6731
11801,6754
11925,6846
12202,6977
12305,7144
12509,7314
12646,7500
12445,7692
12080,7969
11888,8210
11579,8319
11441,8516
11114,8722
10756,8902
10359,9138
10069,9360
9674,9448
9334,9447
8990,9564
8672,9628
8378,9882
8140,10063
7842,10271
7572,10343
7268,10313
7063,10346
6907,10331
6759,10347
6714,10326
6711,10177
6825,9982
6982,9791
7206,9471
7416,9315
7660,9093
7844,8739
8066,8387
8320,8111
8492,7937
8736,7632
9152,7401
9276,7194
9361,7129
9548,7013
9647,6943
9963,6968
10016,6997
9568,7080
9827,7123
10473,7209
9912,7337
8739,7494
7742,7668
7025,7850
6606,7986
6392,8174
6265,8408
6212,8628
6178,8720
6165,9027
6148,9257
6148,9327
6142,9492
6150,9606
6146,9747
6143,9835
6147,9841
6151,9728
6129,9691
6138,9587
6128,9393
6118,9266
6116,9134
6136,8857
6122,8588
6114,8292
6112,8068
6114,7896
6122,7694
6115,7526
6127,7315
6106,7161
6117,6996
6126,6890
6123,6799
6119,6763
6114,6724
6116,6677
6104,6720
6115,6773
6130,6807
6107,6792
6107,6912
6118,6989
6111,7120
6120,7229
6120,7270
6114,7411
6115,7569
6118,7724
6115,7759
6115,7829
6099,7817
6110,7799
6107,7613
6109,7272
6107,6884
6100,6594
6112,6356
6113,6236
6103,6188
6110,6156
6103,6143
6102,6131
6112,6117
6102,6116
6103,6120
6122,6125
6113,6137
6111,6129
6108,6137
6113,6146
6106,6144
6097,6109
6104,6077
6107,6074
6108,6072
6110,6080
6100,6055
6101,6067
6103,6067
6104,6068
6106,6074
6104,6062
6102,6059
6104,6067
6100,6066
6110,6063
6111,6066
6102,6066
6104,6065
6111,6064
6111,6061
6102,6059
6107,6061
6103,6066
6109,6064
6107,6069
6103,6066
6111,6056
6102,6057
6106,6055
6105,6062
6104,6065
6112,6056
6115,6048
6107,6063
6105,6063
6101,6059
6113,6052
6115,6056
6110,6049
6111,6061
6102,6048
6115,6061
6120,6035
6107,6063
6102,6017
6114,6061
6110,6046
6109,6051
6110,6059
6119,6056
6117,6052
6111,6057
6098,6040
6112,6059
6105,6055
6112,6047
6112,6056
6101,6056
6110,6051
6113,6055
6112,6050
6106,6060
6109,6043
6106,6055
6115,6059
6112,6051
6110,6048
6114,6049
6111,6063
6101,6050
6105,6049
6111,6054
6112,6063
6106,6063
6114,6047
6117,6049
6110,6052
6109,6048
6103,6046
6102,6048
6111,6042
6114,6050
6106,6032
6110,6054
6111,6043
6110,6035
6112,6053
6110,6048
6102,6054
6102,6037
6118,6051
6098,6051
6103,6039
6107,6038
6096,6049
6097,6050
6432,5658
6115,5985
6058,5987
6079,6023
6132,6071
6151,6080
6090,6099
6106,6078
6108,6071
6110,6051
6108,6051
6107,6056
6101,6059
6095,6061
6099,6042
6106,6057
6099,6065
6103,6047
6102,6046
6107,6042
6110,6047
6115,6048
6108,6057
6111,6056
6101,6051
6113,6061
6111,6054
6104,6056
6106,6051
6107,6045
6110,6060
6106,6042
6099,6059
6098,6058
6108,6045
6105,6048
6114,6061
6111,6049
6106,6054
6105,6056
6106,6058
6103,6061
6108,6057
6112,6055
6099,6057
6103,6048
6110,6054
6122,6058
6104,6056
6107,6054
6110,6046
6102,6046
6102,6056
6101,6057
6100,6057
6105,6060
6119,6053
6103,6052
6093,6049
6105,6048
6090,6049
6102,6061
6108,6054
6114,6046
6098,6051
6098,6046
6104,6052
6103,6034
6106,6058
6106,6049
6109,6039
6106,6050
6098,6047
6103,6051
6148,6166
6105,6044
6098,6057
6102,6043
6095,6038
6105,6040
6099,6054
6105,6052
6104,6053
6105,6045
6098,6053
6099,6095
6097,6052
6104,6057
6116,6058
6105,6056
6098,6046
6094,6042
6095,6054
6098,6051
6105,6050
6092,6049
6099,6042
6090,6053
6109,6057
6097,6060
6090,6046
6098,6037
6100,6045
6098,6049
6089,6045
6103,6054
6116,6040
6106,6046
6098,6054
6099,6054
6098,6050
6095,6051
6110,6050
6098,6053
6094,6053
6103,6058
6099,6054
6090,6049
6100,6053
6098,6070
6093,6052
6106,6059
6094,6054
6109,6039
6089,6064
6099,6053
6097,6052
6105,6050
6107,6056
6102,6051
6091,6060
6109,6052
6104,6038
6105,6042
6099,6061
6105,6034
6098,6029
6107,6050
6101,6058
6104,6055
6110,6058
6103,6039
6093,6041
6101,6045
6108,6053
6112,6049
6104,6053
6101,6053
6103,6045
6110,6048
6106,6047
6103,6050
6100,6063
6112,6041
6115,6047
6104,6054
6110,6042
6103,6062
6107,6056
6101,6055
6102,6052
6096,6053
6112,6049
6118,6055
6099,6050
6105,6066
6104,6067
6106,6063
6110,6031
6112,6055
6114,6056
6108,6053
6111,6062
6112,6062
6106,6045
6114,6057
6104,6057
6103,6062
6097,6060
6110,6058
6111,6060
6098,6060
6098,6055
6108,6059
6086,6166
6106,6050
6103,6062
6103,6061
6103,6052
6107,6047
6109,6056
6101,6067
6103,6057
6110,6046
6137,6050
6102,6042
6088,6055
6096,6060
6100,6052
6092,6040
6104,6049
6100,6054
6108,6054
6101,6042
6103,6046
6107,6044
6104,6046
6102,6053
6096,6061
6103,6048
6101,6048
6104,6044
6109,6059
6100,6035
6104,6057
6098,6053
6095,6137
6096,6064
6098,6048
6104,6059
6096,6062
6101,6052
6099,6055
6107,6056
6099,6042
6100,6046
6096,6056
6101,6059
6107,6042
6102,6058
6104,6046
6101,6047
6099,6042
6100,6046
6106,6052
6100,6054
6104,6056
6107,6058
6106,6068
6101,6026
6103,6066
6108,6045
6097,6064
6104,6047
6099,6041
6099,6061
6102,6058
6104,6059
6112,6054
6118,6058
6103,6049
6107,6058
6099,6056
6106,6051
6109,6055
6102,6063
6101,6049
6109,6054
6108,6063
6119,6056
6111,6044
6116,6063
6113,6049
6109,6058
6112,6049
6116,6037
6119,6042
6024,5988
6135,6033
6116,6013
6114,6034
6092,6038
6121,6049
6112,6043
6118,6060
6119,6058
6112,6066
6112,6050
6106,6049
6114,6066
6112,6048
6107,6062
6107,6053
6099,6058
6109,6063
6114,6052
6110,6037
6104,6052
6108,6047
6106,6049
6106,6048
6112,6045
6113,6058
6103,6052
6105,6058
6124,6070
6101,6053
6114,6051
6118,6054
6106,6068
6108,6065
6103,6055
6107,6055
6124,6055
6111,6054
6104,6046
6114,6035
6115,6055
6112,6055
6105,6063
6108,6044
6106,6050
6102,6042
6115,6046
6112,6049
6108,6056
6103,6047
6109,6053
6116,6045
6116,6060
6113,6064
6114,6054
6108,6045
6109,6055
6117,6053
6104,6051
6112,6043
6119,6057
6094,6046
6110,6051
6101,6060
6102,6062
6118,6039
6113,6059
6105,6053
6114,6049
6110,6057
6110,6055
6102,6050
6099,6052
6111,6048
6119,6058
6109,6046
6111,6056
6118,6059
6113,6058
6108,6061
6113,6057
6117,6050
6108,6055
6111,6060
6102,6062
6106,6054
6115,6056
6117,6061
6119,6058
6103,6053
6110,6061
6122,6047
6105,6047
6110,6051
6110,6060
6115,6059
6111,6050
6112,6050
6114,6066
6113,6054
6121,6051
6107,6062
6115,6048
6112,6054
6119,6056
6119,6063
6106,6061
6118,6062
6120,6065
6112,6056
6117,6057
6112,6060
6114,6055
6114,6055
6117,6039
6112,6059
6113,6060
6113,6053
6111,6055
6116,6056
6118,6052
6115,6060
6116,6049
6119,6059
6113,6059
6110,6060
6117,6047
6119,6060
6114,6054
6107,6059
6119,6064
6119,6050
6118,6052
6110,6054
6121,6064
6121,6064
6118,6061
6111,6053
6115,6058
6108,6068
6113,6056
6111,6063
6113,6059
6108,6060
6122,6054
6123,6046
6110,6061
6116,6057
6123,6065
6119,6063
6120,6054
6118,6057
6114,6058
6125,6056
6119,6056
6129,6064
6113,6062
6113,6062
6115,6057
6116,6060
6112,6062
6121,6054
6113,6056
6112,6066
6107,6062
6115,6064
6109,6056
6114,6060
6120,6053
6113,6061
6117,6058
6107,6047
6115,6053
6112,6058
6116,6057
6112,6060
6118,6060
6113,6056
6124,6062
6124,6062
6114,6045
6117,6051
6117,6057
6122,6063
6113,6059
6117,6060
6118,6059
6115,6065
6111,6067
6114,6055
6112,6061
6110,6052
6118,6058
6116,6061
6121,6052
6121,6055
6119,6056
0,28
0,61680
0,0
6119,6060
5600,5590
5594,5586
5600,5577
5592,5573
5601,5573
5595,5583
5603,5575
5597,5581
5822,5748
6324,6290
6277,6286
6282,6267
6292,6285
6281,6281
6305,6286
6281,6280
6294,6284
6301,6300
6295,6284
6299,6277
6308,6265
6288,6289
6276,6317
6270,6290
6288,6300
6293,6307
6291,6278
6275,6288
6296,6306
6282,6305
6285,6320
6290,6276
6273,6296
6275,6293
6281,6306
6289,6278
6284,6294
6289,6313
6280,6335
6276,6305
6284,6294
6281,6293
6304,6298
6282,6301
6259,6310
6271,6311
6268,6314
6288,6294
6281,6299
6293,6298
6298,6286
6285,6321
6291,6296
6298,6310
6289,6298
6294,6307
6289,6301
6299,6301
6283,6308
6297,6313
6289,6335
6272,6315
6275,6324
6271,6297
6283,6301
6303,6294
6282,6319
6280,6295
6290,6300
6290,6282
6296,6313
6283,6306
6300,6316
6283,6321
6277,6319
6274,6303
6285,6323
6290,6295
6273,6282
6289,6303
6285,6299
6293,6317
6292,6322
6276,6324
6274,6300
6265,6294
6265,6320
6278,6303
6268,6316
6258,6308
6271,6306
6278,6324
6284,6331
6289,6351
6297,6345
6272,6316
6257,6317
6266,6319
6273,6297
6277,6288
6274,6297
6299,6313
6287,6314
6268,6308
6265,6310
6256,6325
6260,6312
6294,6316
6271,6321
6284,6315
6266,6329
6254,6313
6265,6316
6277,6331
6271,6304
6276,6325
6290,6340
6289,6328
6278,6327
6297,6326
6306,6324
6294,6352
6280,6375
6285,6346
6287,6318
6278,6325
6278,6320
6258,6312
6301,6321
6288,6342
6269,6320
6268,6317
6264,6332
6264,6325
6277,6328
6278,6308
6263,6313
6274,6321
6268,6342
6288,6332
6266,6331
6272,6306
6281,6330
6274,6321
6296,6313
6274,6331
6257,6333
6267,6344
6263,6358
6269,6351
6275,6329
6253,6340
6281,6351
6282,6351
6280,6338
6300,6356
6287,6331
6287,6346
6276,6343
6270,6322
6265,6337
6255,6324
6259,6351
6282,6367
6280,6361
6268,6363
6281,6361
6290,6354
6266,6331
6261,6336
6273,6302
6265,6341
6256,6348
6267,6345
6268,6337
6279,6356
6289,6346
6279,6338
6250,6340
6253,6347
6264,6323
6270,6322
6267,6325
6258,6319
6279,6321
6289,6338
6287,6358
6278,6363
6268,6365
6259,6370
6281,6346
6274,6361
6265,6334
6268,6353
6267,6349
6258,6351
6274,6363
6271,6332
6263,6327
6263,6340
6266,6340
6248,6347
6268,6344
6271,6356
6269,6355
6268,6354
6251,6345
6243,6339
6244,6356
6250,6348
6265,6336
6268,6349
6267,6350
6282,6350
6278,6352
6258,6353
6255,6360
6335,6442
6087,6020
6230,6342
6326,6378
6236,6321
6269,6361
6219,6339
6284,6398
6294,6386
6244,6326
6251,6357
6257,6358
6247,6355
6249,6371
6230,6334
6249,6353
6244,6363
6237,6350
6226,6345
6233,6346
6244,6349
6245,6316
6229,6352
6243,6330
6259,6362
6242,6370
6242,6396
6238,6368
6240,6351
6230,6368
6238,6359
6238,6368
6246,6384
6237,6347
6245,6347
6252,6359
6246,6383
6239,6369
6240,6357
6246,6390
6244,6335
6233,6354
6238,6348
6226,6359
6228,6356
6236,6351
6235,6347
6241,6333
6225,6332
6235,6349
6242,6352
6226,6327
6237,6342
6225,6351
6227,6343
6244,6345
6243,6336
6256,6347
6244,6348
6254,6362
6261,6356
6234,6352
6254,6357
6263,6356
6243,6375
6235,6379
6240,6379
6239,6385
6240,6348
6228,6374
6230,6355
6218,6381
6229,6368
6215,6380
6220,6371
6225,6361
6225,6366
6218,6365
6232,6375
6230,6364
6227,6372
6231,6357
6224,6359
6232,6347
6230,6370
6237,6384
6237,6370
6227,6394
6234,6350
6224,6351
6223,6351
6231,6368
6227,6368
6208,6352
6214,6353
6228,6351
6218,6381
6220,6400
6229,6422
6228,6396
6227,6398
6221,6409
6218,6400
6225,6432
6225,6407
6231,6416
6217,6428
6207,6388
6218,6376
6224,6398
6219,6357
6223,6389
6224,6392
6237,6380
6221,6388
6195,6365
6214,6360
6210,6368
6222,6382
6217,6378
6237,6358
6224,6368
6228,6364
6219,6382
6210,6359
6212,6392
6195,6394
6211,6407
6219,6400
6211,6375
6216,6371
6203,6357
6219,6372
6204,6386
6211,6394
6220,6386
6220,6387
6247,6368
6219,6362
6206,6379
6211,6377
6206,6400
6226,6385
6226,6387
6218,6393
6217,6400
6208,6372
6208,6368
6219,6386
6211,6374
6222,6385
6230,6386
6212,6400
6219,6402
6213,6406
6212,6387
6231,6394
6224,6384
6216,6379
6200,6366
6221,6378
6219,6353
6209,6365
6217,6386
6223,6382
6216,6374
6191,6403
6210,6384
6207,6377
6214,6385
6210,6386
6212,6375
6206,6391
6210,6371
6203,6397
6209,6382
6215,6399
6214,6372
6210,6388
6204,6377
6208,6368
6210,6336
6213,6380
6203,6385
6208,6387
6207,6380
6207,6398
6204,6379
6216,6385
6212,6384
6209,6402
6203,6392
6205,6393
6197,6383
6190,6368
6212,6373
6211,6362
6218,6381
6205,6394
6209,6353
6203,6356
6202,6343
6200,6351
6210,6370
6194,6362
6211,6327
6214,6347
6214,6366
6214,6369
6211,6342
6207,6367
6190,6377
6197,6384
6204,6388
6204,6393
6203,6367
6203,6396
6195,6397
6211,6409
6201,6403
6200,6383
6207,6378
6208,6383
6193,6365
6191,6390
6195,6364
6214,6396
6208,6382
6203,6378
6222,6367
6203,6372
6209,6371
6211,6357
6210,6364
6205,6380
6206,6371
6204,6371
6200,6374
6203,6347
6199,6368
6204,6377
6198,6336
6206,6362
6207,6355
6196,6368
6203,6380
6194,6384
6208,6368
6200,6372
6203,6369
6205,6351
6203,6344
6203,6354
6215,6354
6196,6352
6208,6365
6210,6384
6210,6369
6217,6374
6222,6404
6201,6392
6193,6399
6193,6391
6194,6366
6190,6368
6207,6391
6201,6354
6264,6386
6301,6460
6144,6308
6198,6341
6215,6408
6216,6401
6196,6377
6219,6370
6213,6386
6210,6397
6192,6360
6194,6395
6213,6379
6215,6368
6211,6370
6212,6339
6203,6355
6206,6399
6215,6389
6204,6372
6211,6360
6208,6366
6209,6360
6208,6353
6212,6372
6217,6361
6211,6355
6207,6394
6213,6370
6195,6389
6211,6389
6193,6407
6215,6386
6224,6366
6208,6351
6215,6342
6211,6349
6212,6370
6211,6385
6226,6380
6204,6350
6201,6391
6215,6408
6215,6387
6210,6414
6198,6391
6207,6377
6210,6368
6228,6377
6204,6364
6212,6336
6209,6365
6208,6360
6219,6388
6202,6375
6217,6370
6219,6337
6216,6339
6206,6361
6199,6360
6206,6368
6203,6365
6202,6379
6199,6387
6199,6374
6190,6386
6197,6373
6214,6361
6212,6357
6205,6375
6223,6362
6215,6351
6216,6353
6202,6329
6220,6381
6211,6357
6209,6344
6208,6335
6215,6343
6213,6366
6203,6340
6222,6336
6216,6356
6210,6354
6216,6364
6216,6376
6217,6383
6219,6352
6215,6350
6220,6346
6222,6344
6212,6340
6205,6339
6215,6329
6212,6343
6222,6378
6218,6356
6226,6329
6230,6338
6219,6327
6218,6340
6202,6322
6209,6341
6204,6328
6208,6333
6199,6338
6215,6351
6217,6365
6219,6349
6213,6363
6213,6373
6206,6355
6205,6323
6223,6353
6218,6350
6219,6385
6217,6369
6230,6360
6216,6369
6215,6359
6215,6333
6233,6338
6253,6310
6247,6370
6244,6377
6248,6396
6260,6365
6271,6328
6295,6359
6307,6348
6336,6376
6356,6384
6383,6379
6403,6383
6442,6368
6489,6375
6552,6397
6616,6378
6664,6391
6730,6398
6810,6406
6868,6395
6904,6371
6975,6360
7037,6355
7048,6365
7113,6344
7198,6376
7241,6359
7294,6363
7357,6356
7388,6365
7440,6333
7368,6343
7365,6346
7334,6366
7235,6363
7178,6367
7085,6339
6991,6324
6933,6325
6828,6340
6787,6332
6728,6338
6678,6358
6619,6387
6546,6393
6542,6363
6554,6360
6583,6400
6600,6404
6673,6396
6722,6401
6778,6392
6844,6408
6948,6440
7047,6456
7191,6438
7348,6478
7522,6504
7689,6534
7929,6530
8154,6503
8360,6481
8485,6541
8802,6507
8925,6480
9036,6482
9142,6525
9262,6530
9448,6576
9411,6609
9344,6670
9300,6696
9303,6773
8997,6833
8855,6896
8707,6980
8404,7037
8167,7111
7925,7186
7794,7280
7616,7380
7439,7436
7292,7531
7147,7607
7059,7639
6947,7672
6854,7674
6802,7711
6795,7657
6764,7640
6797,7709
6867,7670
6958,7608
7063,7566
7242,7498
7392,7477
7539,7405
7747,7312
8048,7213
8280,7144
8449,7028
8661,6912
9011,6853
9254,6755
9613,6694
9947,6663
10167,6619
10202,6637
10203,6697
10363,6776
10405,6878
10300,6981
10256,7091
10102,7228
9883,7392
9743,7539
9458,7693
9234,7781
8851,7897
8592,8063
8376,8175
8243,8369
8016,8502
7857,8525
7633,8623
7524,8768
7350,8861
7174,8936
7078,8963
6979,8928
6891,8911
6862,8813
6812,8845
6798,8765
6829,8615
6874,8442
6977,8306
7113,8220
7234,8065
7394,7903
7600,7653
7791,7502
7943,7366
8155,7190
8314,7006
8498,6914
8701,6775
9034,6875
8720,6385
8857,6430
9428,6778
9599,6836
9680,6898
9693,6993
9782,7152
9790,7282
9782,7419
9887,7551
9683,7687
9434,7807
9255,7931
9042,8052
8794,8159
8646,8210
8313,8383
8051,8411
7775,8388
7479,8385
7269,8482
7110,8471
6946,8484
6829,8539
6748,8527
6705,8476
6714,8302
6712,8223
6780,8151
6885,8060
6975,7895
7122,7828
7299,7683
7473,7551
7685,7408
7943,7288
8199,7192
8426,7048
8605,6944
8763,6827
8886,6759
9129,6682
9216,6648
9258,6631
9274,6638
9378,6654
9389,6738
9412,6813
9400,6905
9318,7053
9239,7205
9156,7400
8992,7609
8770,7872
8640,8048
8408,8340
8156,8555
8024,8772
7943,8874
7725,9037
7616,9253
7406,9400
7291,9406
7149,9462
7023,9451
6934,9368
6839,9337
6745,9233
6702,9147
6666,8986
6654,8817
6662,8711
6727,8538
6806,8293
6905,8047
6981,7906
7134,7665
7253,7437
7445,7299
7664,7155
7871,6995
8135,6884
8376,6775
8554,6685
8763,6638
8961,6584
9143,6550
9311,6580
9453,6598
9526,6642
9663,6692
9714,6809
9781,6906
9693,7044
9621,7118
9579,7175
9449,7266
9398,7377
9296,7445
9129,7579
8888,7693
8728,7791
8421,7942
8197,8067
7994,8151
7741,8226
7576,8320
7379,8439
7193,8518
7055,8487
6931,8430
6821,8387
6702,8372
6686,8330
6695,8229
6719,8123
6815,7987
6851,7830
6959,7700
7154,7537
7324,7355
7542,7197
7701,7030
7873,6944
8056,6833
8202,6725
8397,6656
8602,6608
8698,6565
8778,6511
8926,6520
9030,6527
9150,6549
9214,6599
9275,6710
9282,6769
9224,6908
9147,7036
9100,7208
9037,7332
8909,7567
8850,7751
8799,7959
8620,8098
8506,8256
8335,8381
8098,8547
7938,8700
7782,8834
7551,8967
7353,9060
7153,9000
6986,8988
6865,8925
6769,8813
6713,8755
6643,8606
6618,8450
6604,8319
6628,8169
6730,8037
6826,7849
6944,7737
7123,7524
7300,7354
7431,7177
7699,7053
7925,6906
8078,6784
8227,6705
8399,6648
8565,6574
8748,6557
8873,6553
8931,6539
9006,6574
9111,6639
9166,6708
9207,6743
9176,6825
9034,6944
8983,7059
8978,7195
8869,7287
8902,7461
8855,7599
8824,7705
8722,7897
8553,8086
8406,8254
8210,8362
8015,8503
7836,8552
7660,8668
7497,8690
7331,8778
7115,8776
6947,8719
6819,8689
6718,8676
6617,8539
6586,8441
6562,8258
6605,8080
6691,7862
6772,7668
6875,7439
7039,7272
7175,7150
7363,6999
7533,6847
7770,6745
7970,6650
8172,6581
8341,6539
8499,6489
8727,6482
8852,6443
8993,6448
9019,6461
9175,6515
9202,6557
9282,6631
9299,6687
9360,6779
9299,6867
9213,6983
9145,7114
9030,7267
8910,7379
8653,7492
8470,7619
8330,7805
8090,7919
7913,8016
7725,8174
7556,8217
7400,8280
7183,8350
7005,8435
6880,8495
6771,8425
6671,8289
6653,8217
6623,8150
6618,7989
6667,7862
6724,7802
6854,7645
6964,7486
7067,7355
7219,7245
7370,7085
7611,6915
7806,6820
7946,6711
8170,6635
8417,6571
8631,6504
8807,6483
9080,6440
9275,6442
9386,6463
9537,6511
9750,6556
9789,6667
9871,6868
9963,6973
9963,7097
9942,7197
9863,7373
9655,7525
9579,7692
9391,7864
9143,8032
9022,8209
8821,8473
8519,8624
8360,8699
8122,8748
7947,8791
7722,8798
7550,8820
7344,8800
7126,8728
6995,8699
6909,8663
6842,8552
6768,8481
6723,8288
6685,8179
6738,7994
6779,7932
6838,7745
6926,7572
7069,7486
7223,7273
7365,7198
7594,7078
7809,6911
8010,6804
8199,6733
8434,6628
8589,6622
8709,6566
8891,6556
8961,6536
9070,6551
9081,6638
9191,6721
9216,6814
9305,6913
9346,7076
9310,7190
9166,7363
9094,7558
8997,7750
8896,7897
8720,8071
8440,8264
8243,8397
8014,8453
7826,8550
7623,8615
7507,8690
7367,8656
7213,8738
7082,8830
6931,8807
6870,8781
6818,8759
6765,8673
6758,8446
6804,8286
6844,8173
6936,8018
6980,7933
7130,7760
7243,7550
7443,7379
7540,7195
7777,7055
8038,6937
8241,6820
8483,6768
8596,6720
8656,6644
8816,6612
8880,6600
9049,6593
9252,6599
9460,6647
9632,6718
9606,6793
9544,6888
9496,7009
9524,7147
9412,7320
9380,7515
9214,7634
9210,7752
8974,7816
8825,7925
8680,8070
8547,8189
8555,8277
8290,8273
7984,8375
7800,8379
7577,8394
7422,8381
7231,8380
7137,8237
7027,8238
6919,8120
6748,8098
6686,8018
6664,7926
6662,7798
6723,7636
6813,7519
6950,7398
7045,7282
7240,7195
7432,7072
7628,6948
7853,6796
8038,6708
8245,6636
8376,6550
8596,6535
8808,6510
9027,6459
9132,6489
9166,6517
9054,6559
9218,6606
9313,6689
9271,6760
9325,6846
9261,6940
9175,7110
9075,7243
8951,7381
8781,7543
8646,7691
8398,7863
8184,7952
8077,8165
7941,8315
7786,8359
7638,8489
7439,8514
7236,8552
7060,8624
6992,8624
6884,8693
6810,8551
6755,8527
6696,8450
6708,8318
6708,8113
6730,7934
6840,7786
6946,7623
7088,7468
7237,7308
7453,7146
7622,6972
7859,6843
8087,6693
8270,6621
8414,6543
8594,6442
8756,6400
8907,6361
9139,6376
9213,6350
9365,6385
9526,6421
9544,6502
9473,6593
9513,6722
9451,6859
9335,6985
9473,7095
9347,7221
9182,7384
8985,7569
8786,7675
8615,7856
8355,7929
8150,8029
7938,8149
7763,8235
7567,8305
7392,8316
7176,8375
7032,8383
6923,8421
6822,8331
6741,8298
6747,8225
6760,8168
6784,8073
6823,7909
6921,7764
7070,7636
7237,7451
7444,7294
7597,7179
7849,7054
8136,6945
8399,6825
8735,6769
9040,6728
9286,6662
9509,6638
9724,6595
9990,6614
10170,6638
10373,6656
10566,6740
10572,6762
10526,6867
10459,6977
10481,7091
10665,7226
10622,7354
10491,7551
10284,7753
9955,7918
9644,8124
9410,8353
9287,8500
9052,8624
8735,8725
8434,8830
8112,8925
7876,8943
7611,9054
7341,9015
7131,9037
6968,9082
6866,9017
6754,8957
6760,8840
6794,8690
6867,8539
6969,8487
7097,8189
7234,8029
7387,7883
7630,7716
7846,7486
7995,7329
8155,7166
8340,6980
8429,6885
8658,6800
8899,6749
9162,6683
9318,6642
9541,6668
9765,6706
9909,6792
10136,6890
10323,7035
10406,7252
10365,7455
10326,7575
10468,7828
10545,8104
10514,8308
10498,8878
10343,9724
10037,9055
9839,9282
9685,9554
9550,9566
9094,9718
8741,9906
8381,9965
8169,10126
7903,10093
7662,10000
7429,9877
7286,9882
7164,9785
7119,9643
7109,9343
7099,9069
7139,8929
7256,8846
7374,8774
7505,8526
7725,8339
7990,8128
8300,7833
8687,7649
9089,7545
9457,7388
9746,7166
10161,7049
10525,6889
11173,6815
11604,6705
11828,6643
12151,6614
12440,6613
12484,6642
12594,6690
12561,6822
12289,6952
11975,7101
11632,7323
11497,7499
11204,7753
10845,8006
10506,8361
10214,8648
9811,8890
9488,9055
9184,9251
8873,9340
8602,9480
8353,9726
8182,9803
7978,9902
7893,9963
7777,9951
7609,9978
7502,9937
7411,9896
7368,9702
7325,9466
7369,9367
7441,9174
7615,8964
7792,8736
8097,8500
8363,8180
8652,7890
9026,7615
9477,7456
9829,7250
10150,7022
10562,6861
10959,6764
11312,6706
11593,6721
11802,6735
11886,6850
12222,6969
12331,7124
12539,7325
12544,7491
12447,7698
12082,7957
11833,8180
11652,8321
11399,8531
11068,8730
10797,8933
10416,9154
10068,9353
9668,9412
9435,9427
9042,9505
8703,9663
8398,9946
8137,10091
7839,10207
7584,10291
7268,10341
7064,10351
6905,10337
6763,10377
6703,10258
6727,10171
6808,9997
6969,9756
7187,9484
7427,9297
7664,9091
7856,8794
8093,8409
8337,8127
8516,7917
8765,7655
9126,7391
9336,7230
9354,7131
9534,7018
9618,6963
9927,6962
10007,7003
9590,7036
9952,7114
10431,7223
9888,7351
8720,7503
7738,7673
7011,7842
6617,8006
6384,8213
6273,8415
6215,8653
6170,8782
6169,9085
6153,9232
6154,9343
6150,9464
6137,9613
6144,9735
6149,9838
6149,9850
6145,9766
6144,9655
6139,9612
6118,9406
6126,9289
6126,9144
6111,8852
6117,8578
6112,8293
6120,8067
6118,7885
6120,7722
6124,7536
6127,7352
6115,7162
6113,6988
6119,6908
6116,6838
6115,6743
6112,6706
6113,6686
6095,6724
6100,6802
6132,6800
6112,6790
6119,6911
6117,6991
6104,7104
6112,7224
6113,7308
6121,7390
6113,7602
6119,7754
6107,7793
6111,7834
6104,7840
6107,7791
6109,7588
6106,7267
6107,6910
6111,6589
6115,6372
6105,6242
6102,6196
6113,6174
6098,6155
6099,6140
6110,6138
6105,6108
6104,6136
6109,6123
6102,6131
6102,6141
6104,6145
6097,6157
6107,6126
6102,6098
6100,6094
6098,6081
6101,6071
6112,6077
6097,6056
6102,6074
6112,6072
6109,6073
6101,6071
6112,6064
6105,6063
6102,6060
6098,6061
6111,6059
6100,6057
6108,6053
6103,6065
6104,6062
6105,6054
6102,6057
6106,6067
6113,6050
6106,6072
6106,6054
6098,6062
6098,6063
6101,6056
6102,6063
6101,6055
6110,6057
6110,6060
6106,6070
6108,6050
6109,6066
6098,6062
6111,6056
6112,6052
6105,6049
6103,6062
6103,6057
6114,6066
6118,6056
6110,6054
6106,6035
6112,6066
6108,6053
6108,6058
6114,6054
6108,6067
6108,6064
6116,6050
6106,6055
6112,6064
6102,6061
6103,6050
6112,6048
6102,6052
6110,6037
6110,6054
6102,6045
6110,6053
6103,6054
6106,6042
6107,6054
6115,6039
6111,6047
6107,6048
6119,6062
6179,6145
6090,6029
6108,6054
6110,6055
6125,6043
6119,6053
6088,6038
6094,6050
6119,6060
6116,6054
6099,6053
6103,6047
6108,6054
6108,6048
6107,6044
6109,6047
6102,6049
6112,6052
6118,6045
6107,6051
6100,6051
6115,6047
6103,6054
6093,6057
6097,6056
6099,6061
6098,6051
6094,6046
6099,6062
6107,6013
6100,6057
6107,6065
6106,6056
6108,6044
6101,6054
6098,6059
6095,6055
6105,6052
6103,6042
6100,6062
6097,6058
6111,6058
6108,6053
6106,6077
6111,6059
6100,6050
6100,6058
6113,6053
6114,6057
6105,6060
6106,6048
6101,6043
6113,6051
6097,6050
6091,6049
6106,6062
6111,6042
6112,6054
6098,6050
6105,6038
6097,6053
6098,6047
6112,6052
6117,6060
6109,6048
6114,6062
6101,6056
6101,6051
6105,6057
6110,6060
6106,6050
6094,6034
6100,6045
6104,6040
6104,6052
6100,6058
6102,6044
6104,6057
6101,6049
6103,6053
6105,6041
6102,6049
6102,6053
6098,6058
6102,6048
6093,6054
6109,6048
6105,6054
6096,6064
6112,6055
6116,6050
6104,6054
6098,6042
6106,6055
6098,6053
6107,6052
6107,6037
6096,6054
6109,6057
6101,6046
6097,6050
6111,6061
6102,6051
6093,6053
6095,6049
6098,6040
6105,6056
6104,6069
6110,6043
6104,6055
6100,6054
6102,6048
6115,6044
6102,6053
6102,6043
6113,6053
6103,6046
6101,6044
6092,6059
6094,6049
6097,6038
6112,6054
6092,6058
6096,6052
6091,6055
6096,6060
6095,6050
6095,6051
6100,6042
6104,6056
6098,6031
6097,6050
6099,6051
6102,6046
6094,6037
6108,6056
6094,6050
6099,6032
6095,6045
6104,6053
6100,6044
6101,6049
6107,6048
6097,6047
6094,6052
6104,6061
6098,6062
6089,6057
6105,6050
6093,6046
6100,6041
6098,6059
6097,6053
6094,6047
6099,6044
6106,6052
6089,6057
6090,6057
6103,6056
6100,6045
6102,6044
6110,6048
6100,6040
6101,6046
6112,6046
6106,6054
6103,6042
6105,6059
6102,6055
6097,6049
6091,6048
6108,6050
6103,6053
6109,6056
6103,6059
6097,6057
6100,6050
6102,6059
6107,6046
6101,6058
6088,6037
6096,6061
6107,6051
6105,6051
6105,6052
6108,6047
6105,6036
6104,6049
6102,6039
6099,6057
6110,6056
6096,6067
6114,6062
6100,6057
6111,6065
6106,6057
6111,6061
6115,6066
6111,6057
6112,6052
6111,6055
6102,6038
6112,6055
6109,6063
6103,6062
6095,6065
6104,6065
6107,6056
6105,6057
6099,6063
6102,6058
6108,6056
6104,6050
6110,6053
6099,6061
6115,6040
6114,6058
6113,6059
6116,6049
6104,6068
6107,6064
6104,6054
6106,6045
6103,6036
6106,6048
6106,6049
6106,6062
6092,6055
6107,6055
6114,6048
6107,6045
6103,6056
6096,6053
6112,6047
6105,6056
6098,6066
6103,6055
6102,6052
6100,6057
6105,6055
6102,6055
6080,6034
6095,6059
6104,6039
6098,6024
6098,6048
6110,6052
6107,6058
6094,6047
6104,6042
6101,6062
6109,6039
6099,6050
6098,6056
6103,6054
6100,6046
6098,6054
6104,6047
6102,6050
6105,6032
6100,6041
6108,6053
6100,6052
6104,6055
6106,6053
6103,6042
6272,6163
6452,6317
6036,5551
6051,5929
6070,5996
6221,6148
6105,6042
6097,6049
6126,6069
6151,6083
6116,6049
6100,6046
6100,6032
6108,6052
6122,6040
6127,6057
6108,6051
6109,6057
6106,6050
6112,6055
6111,6053
6109,6047
6111,6050
6100,6029
6121,6039
6113,6051
6106,6041
6113,6053
6121,6051
6121,6055
6119,6047
6110,6047
6108,6055
6114,6052
6117,6046
6118,6045
6119,6052
6108,6056
6112,6052
6106,6038
6127,6056
6112,6057
6111,6047
6108,6057
6117,6046
6117,6059
6113,6046
6109,6061
6106,6046
6103,6050
6112,6055
6106,6036
6108,6048
6119,6055
6112,6040
6109,6045
6112,6042
6106,6050
6118,6050
6122,6059
6111,6053
6116,6055
6102,6053
6106,6055
6111,6042
6106,6051
6117,6046
6114,6051
6116,6059
6120,6059
6108,6057
6110,6050
6106,6049
6117,6047
6118,6060
6113,6044
6113,6060
6122,6054
6111,6053
6115,6045
6120,6058
6115,6051
6113,6042
6105,6049
6116,6034
6117,6042
6106,6048
6117,6037
6113,6044
6104,6043
6114,6050
6108,6052
6105,6064
6117,6057
6114,6058
6107,6054
6110,6059
6116,6044
6110,6063
6111,6050
6111,6055
6113,6062
6119,6057
6108,6051
6110,6032
6120,6057
6107,6103
6108,6047
6116,6054
6115,6057
6117,6050
6109,6043
6113,6051
6112,6063
6110,6063
6120,6059
6113,6057
6107,6049
6114,6028
6123,6047
6106,6057
6121,6064
6115,6051
6113,6047
6103,6069
6106,6065
6121,6057
6112,6041
6116,6056
6109,6046
6114,6060
6113,6069
6119,6064
6117,6054
6105,6053
6115,6066
6122,6069
6117,6048
6110,6045
6114,6055
6119,6057
6108,6058
6113,6058
6112,6058
6118,6058
6117,6055
6114,6042
6114,6042
6117,6053
6117,6059
6111,6065
6118,6051
6118,6028
6121,6056
6114,6057
6114,6058
6124,6060
6114,6043
6118,6058
6115,6054
6112,6054
6107,6052
6115,6053
6118,6053
6118,6052
6116,6056
6121,6054
6115,6054
6120,6055
6120,6055
6116,6052
6121,6061
6117,6040
6114,6058
6117,6055
6115,6058
6115,6052
6120,6055
6119,6053
6117,6055
6119,6056
6110,6055
6120,6061
6116,6043
6117,6057
6112,6057
6114,6039
6119,6051
6120,6061
6115,6058
6120,6058
6120,6058
6115,6067
6114,6062
6118,6064
6113,6063
6107,6057
6121,6058
6119,6053
6111,6048
6123,6053
6110,6059
6122,6056
6118,6051
6123,6056
6119,6047
6118,6056
6118,6054
6118,6071
6118,6051
6114,6057
6115,6054
6114,6061
6114,6061
6123,6051
6115,6052
6108,6054
6119,6004
6115,6066
6117,6057
6120,6058
6112,6046
6117,6051
6120,6060
6115,6055
0,23
0,61680
0,0
6118,6054
5599,5578
5596,5579
5602,5585
5598,5586
5599,5579
5600,5575
5593,5578
5595,5587
5806,5751
6312,6288
6280,6279
6287,6273
6306,6290
6275,6279
6294,6284
6284,6291
6284,6281
6310,6287
6302,6282
6293,6291
6300,6272
6290,6286
6283,6299
6286,6279
6292,6290
6289,6301
6289,6282
6276,6277
6294,6302
6282,6296
6292,6286
6283,6266
6281,6306
6284,6294
6288,6287
6278,6272
6287,6300
6281,6316
6274,6332
6271,6282
6279,6298
6293,6285
6288,6299
6304,6321
6270,6310
6274,6270
6278,6319
6292,6307
6283,6294
6308,6283
6314,6280
6272,6311
6280,6281
6288,6324
6282,6315
6290,6296
6294,6300
6294,6318
6282,6298
6303,6330
6285,6327
6275,6307
6293,6314
6280,6288
6299,6300
6310,6283
6297,6288
6285,6295
6290,6288
6304,6302
6290,6295
6289,6323
6280,6319
6267,6317
6287,6335
6277,6299
6302,6317
6287,6287
6267,6286
6277,6303
6295,6310
6293,6327
6294,6313
6274,6330
6272,6307
6277,6292
6280,6326
6285,6309
6257,6313
6260,6326
6270,6299
6267,6308
6303,6336
6300,6328
6290,6340
6275,6318
6272,6308
6242,6299
6275,6304
6270,6293
6280,6295
6283,6302
6286,6311
6271,6307
6263,6316
6251,6335
6264,6298
6274,6315
6271,6343
6272,6330
6260,6319
6262,6316
6273,6317
6285,6351
6272,6333
6282,6335
6277,6336
6268,6341
6289,6331
6276,6337
6293,6329
6308,6334
6276,6353
6287,6352
6286,6330
6282,6325
6292,6324
6271,6299
6276,6308
6283,6332
6276,6315
6267,6315
6271,6323
6264,6320
6275,6316
6266,6318
6250,6325
6281,6343
6282,6340
6276,6343
6282,6320
6279,6305
6278,6322
6278,6319
6281,6294
6270,6334
6253,6346
6251,6348
6282,6344
6278,6361
6271,6344
6267,6344
6277,6357
6278,6360
6264,6329
6283,6335
6281,6328
6289,6322
6281,6362
6279,6323
6265,6336
6255,6346
6275,6342
6299,6356
6275,6357
6263,6354
6292,6362
6288,6343
6268,6355
6255,6348
6259,6335
6269,6326
6261,6356
6257,6351
6263,6337
6278,6338
6280,6348
6278,6348
6262,6320
6266,6337
6273,6324
6283,6307
6281,6316
6261,6318
6284,6312
6290,6315
6281,6351
6286,6359
6265,6369
6258,6350
6276,6366
6357,6435
6229,6316
6340,6400
6291,6337
6328,6386
6271,6371
6272,6345
6267,6334
6262,6331
6268,6338
6246,6342
6266,6336
6261,6341
6266,6363
6262,6351
6257,6338
6259,6345
6252,6342
6262,6345
6266,6342
6273,6335
6280,6346
6266,6353
6269,6350
6264,6362
6242,6359
6253,6375
6256,6334
6250,6351
6247,6336
6267,6353
6256,6363
6249,6369
6257,6352
6262,6361
6270,6345
6258,6372
6271,6365
6262,6374
6247,6360
6251,6345
6246,6372
6238,6369
6229,6344
6229,6338
6256,6321
6250,6336
6234,6331
6229,6337
6247,6345
6251,6345
6235,6368
6230,6400
6232,6382
6248,6360
6222,6341
6234,6357
6239,6375
6247,6363
6248,6340
6241,6332
6259,6365
6262,6368
6244,6361
6233,6356
6255,6383
6242,6345
6230,6368
6233,6353
6227,6342
6225,6344
6226,6350
6226,6346
6237,6323
6245,6306
6241,6351
6240,6351
6235,6343
6239,6344
6225,6329
6234,6344
6238,6339
6253,6353
6257,6321
6257,6353
6262,6355
6253,6354
6244,6342
6260,6358
6257,6363
6247,6365
6252,6386
6243,6380
6249,6370
6240,6341
6226,6370
6225,6359
6222,6363
6220,6368
6218,6388
6215,6365
6220,6369
6228,6362
6228,6360
6236,6353
6237,6359
6232,6372
6244,6377
6241,6337
6247,6359
6235,6354
6245,6374
6231,6355
6223,6384
6233,6361
6222,6342
6218,6335
6228,6364
6222,6367
6211,6352
6228,6350
6223,6343
6233,6389
6222,6403
6225,6427
6228,6424
6227,6384
6223,6398
6211,6394
6219,6414
6230,6408
6233,6414
6211,6435
6221,6377
6216,6374
6226,6381
6222,6358
6229,6380
6220,6385
6225,6373
6216,6394
6210,6375
6216,6349
6218,6370
6223,6389
6220,6374
6229,6382
6225,6386
6229,6369
6225,6417
6211,6379
6216,6383
6199,6380
6225,6400
6206,6402
6212,6357
6209,6371
6202,6353
6214,6323
6219,6363
6218,6375
6230,6397
6215,6371
6227,6392
6227,6386
6220,6369
6215,6378
6220,6409
6216,6377
6222,6380
6225,6403
6217,6385
6211,6367
6207,6368
6214,6356
6220,6379
6236,6393
6223,6404
6206,6389
6214,6392
6217,6391
6212,6397
6224,6386
6211,6386
6202,6365
6208,6367
6218,6370
6222,6378
6211,6373
6199,6375
6206,6382
6203,6382
6208,6396
6231,6372
6207,6379
6214,6394
6206,6381
6212,6365
6205,6389
6205,6370
6203,6374
6207,6391
6204,6380
6214,6380
6206,6402
6209,6382
6213,6361
6204,6349
6215,6354
6207,6367
6201,6376
6196,6397
6215,6392
6204,6413
6211,6394
6201,6379
6202,6389
6206,6368
6205,6388
6211,6371
6193,6351
6208,6372
6213,6376
6207,6364
6207,6379
6198,6372
6206,6357
6208,6361
6204,6363
6202,6377
6209,6362
6207,6354
6205,6336
6225,6348
6216,6350
6203,6349
6200,6374
6198,6379
6199,6360
6209,6377
6206,6345
6210,6367
6214,6388
6206,6396
6206,6406
6201,6402
6202,6377
6202,6387
6200,6399
6202,6371
6203,6391
6192,6364
6214,6391
6216,6390
6206,6374
6204,6372
6195,6380
6205,6380
6210,6355
6208,6369
6198,6355
6202,6385
6203,6372
6208,6374
6213,6340
6194,6361
6199,6350
6198,6356
6018,6200
6324,6450
6301,6395
6136,6294
6207,6401
6336,6455
6260,6423
6214,6358
6195,6359
6217,6336
6189,6335
6211,6341
6215,6349
6194,6340
6206,6386
6204,6369
6212,6375
6210,6398
6206,6399
6194,6369
6198,6386
6194,6365
6190,6366
6197,6388
6192,6348
6212,6350
6208,6345
6201,6365
6217,6359
6210,6396
6211,6400
6214,6367
6203,6385
6203,6380
6209,6403
6209,6388
6207,6381
6213,6391
6199,6367
6215,6358
6203,6346
6195,6372
6222,6377
6203,6391
6209,6371
6212,6359
6220,6351
6206,6374
6196,6361
6202,6377
6214,6378
6207,6378
6207,6349
6211,6378
6203,6378
6207,6393
6216,6402
6202,6390
6204,6384
6205,6367
6205,6356
6209,6347
6219,6371
6208,6379
6223,6385
6210,6365
6202,6405
6200,6395
6209,6381
6208,6410
6200,6376
6207,6361
6212,6386
6215,6363
6208,6379
6211,6342
6208,6358
6216,6372
6224,6385
6213,6352
6211,6371
6220,6324
6217,6329
6206,6347
6204,6360
6196,6350
6201,6351
6203,6371
6190,6381
6205,6366
6211,6345
6206,6364
6206,6382
6204,6351
6215,6378
6234,6364
6220,6329
6225,6354
6203,6352
6215,6360
6200,6371
6206,6359
6215,6335
6209,6360
6210,6376
6218,6340
6217,6329
6217,6353
6209,6347
6203,6370
6208,6361
6211,6370
6219,6352
6215,6349
6199,6345
6218,6345
6218,6344
6214,6336
6201,6339
6219,6342
6223,6335
6223,6326
6241,6311
6220,6339
6222,6339
6222,6347
6200,6325
6211,6321
6203,6209
6218,6321
6199,6335
6210,6354
6212,6346
6212,6349
6208,6368
6219,6363
6206,6344
6212,6345
6233,6376
6228,6380
6214,6371
6220,6369
6233,6353
6221,6344
6223,6369
6228,6351
6242,6344
6249,6360
6236,6380
6243,6394
6241,6372
6258,6373
6265,6352
6285,6369
6301,6348
6333,6366
6351,6380
6375,6363
6400,6379
6444,6375
6479,6373
6554,6374
6609,6396
6679,6383
6731,6423
6817,6420
6878,6401
6911,6370
6968,6364
7057,6372
7063,6351
7113,6359
7188,6359
7209,6344
7328,6360
7350,6378
7401,6340
7409,6335
7410,6337
7356,6346
7344,6359
7247,6381
7165,6368
7084,6348
7004,6308
6892,6332
6843,6335
6783,6344
6736,6342
6663,6357
6613,6394
6559,6406
6537,6359
6561,6369
6587,6386
6626,6412
6678,6386
6731,6398
6798,6403
6850,6412
6940,6450
7048,6428
7206,6427
7357,6458
7535,6506
7715,6520
7954,6526
8138,6515
8362,6492
8551,6499
8818,6476
9057,6494
9110,6479
9243,6511
9371,6528
9427,6564
9403,6606
9365,6669
9401,6694
9288,6748
9079,6853
8840,6879
8726,6974
8431,7045
8191,7103
7977,7180
7776,7259
7590,7357
7430,7483
7314,7526
7178,7606
7064,7579
6983,7676
6891,7714
6814,7723
6784,7658
6767,7639
6793,7662
6877,7683
6948,7650
7049,7567
7191,7491
7365,7485
7568,7386
7738,7356
8016,7274
8236,7125
8437,7021
8678,6931
8977,6864
9303,6769
9545,6700
9873,6647
10123,6633
10165,6630
10211,6682
10311,6763
10379,6891
10325,6984
10249,7103
10030,7236
9879,7368
9712,7555
9493,7704
9152,7825
8840,7939
8590,8091
8384,8249
8326,8171
8002,8475
7862,8498
7576,8599
7493,8834
7298,8949
7194,8960
7076,8894
6997,8974
6923,8876
6865,8845
6812,8833
6815,8786
6852,8612
6880,8433
7002,8305
7112,8209
7248,8079
7435,7863
7577,7663
7751,7487
7981,7385
8171,7187
8319,7018
8548,6894
8746,6788
8838,6723
9020,6712
9189,6695
9370,6704
9569,6769
9622,6917
9743,7006
9812,7151
9787,7258
9771,7415
9773,7512
9690,7651
9410,7808
9268,7950
9047,8078
8817,8153
8626,8253
8349,8391
8074,8416
7768,8425
7490,8447
7260,8458
7100,8481
6947,8542
6826,8547
6770,8505
6693,8467
6698,8316
6739,8234
6792,8136
6858,8065
6989,7909
7126,7819
7293,7687
7488,7556
7688,7484
7970,7300
8162,7171
8368,7031
8612,6939
8773,6840
8901,6782
9134,6692
9226,6649
9312,6638
9276,6637
9385,6672
9434,6731
9418,6812
9428,6943
9370,7049
9252,7215
9120,7390
8985,7627
8836,7863
8605,8134
8406,8399
8235,8581
8021,8728
7902,8890
7732,9040
7568,9292
7418,9425
7309,9462
7148,9506
7027,9516
6926,9373
6854,9303
6769,9255
6694,9111
6660,8997
6665,8848
6678,8698
6730,8486
6817,8322
6909,8058
7025,7886
7137,7703
7270,7466
7496,7307
7663,7132
7837,6990
8148,6875
8402,6783
8596,6701
8745,6638
8957,6582
9158,6544
9347,6566
9459,6590
9550,6669
9616,6695
9702,6797
9771,6897
9744,7040
9670,7092
9605,7172
9527,7267
9428,7369
9274,7452
9074,7625
8881,7688
8696,7818
8433,7892
8205,8054
8015,8143
7839,8206
7614,8351
7390,8470
7187,8494
7051,8513
6916,8419
6814,8371
6726,8370
6706,8286
6688,8210
6742,8139
6796,8009
6877,7856
6990,7698
7167,7499
7351,7326
7544,7182
7731,7029
7876,6940
8088,6817
8226,6721
8410,6668
8570,6602
8709,6569
8802,6537
8929,6504
9029,6519
9187,6562
9235,6601
9265,6701
9253,6765
9191,6899
9131,7061
9053,7210
9034,7338
8900,7561
8859,7735
8800,7885
8631,8157
8456,8320
8285,8457
8089,8617
7976,8722
7798,8870
7556,9052
7330,9050
7165,9068
7016,9044
6874,8935
6771,8830
6692,8782
6656,8667
6593,8560
6626,8374
6663,8175
6727,8027
6850,7864
6948,7727
7109,7560
7294,7347
7437,7206
7701,7062
7891,6920
8076,6791
8254,6708
8392,6668
8620,6598
8712,6536
8857,6538
8962,6546
8998,6575
9028,6628
9178,6705
9219,6752
9140,6836
9033,6949
9033,7072
9027,7193
8902,7324
8871,7460
8823,7588
8808,7739
8736,7896
8565,8110
8400,8242
8237,8386
8034,8503
7873,8571
7652,8696
7449,8732
7293,8779
7124,8791
6931,8720
6820,8662
6698,8647
6625,8576
6573,8435
6578,8247
6594,8068
6689,7901
6782,7658
6849,7455
7023,7268
7209,7137
7379,7002
7570,6842
7755,6735
7976,6626
8169,6574
8379,6544
8510,6489
8719,6466
8893,6457
8976,6461
9057,6478
9229,6489
9226,6558
9297,6615
9321,6697
9377,6770
9306,6840
9239,6977
9192,7135
9078,7275
8969,7359
8704,7509
8487,7657
8386,7799
8142,7912
7897,8022
7751,8215
7560,8213
7378,8294
7140,8354
6945,8487
6561,8163
6670,8339
6387,8013
6602,8232
6605,8073
6602,8014
6690,7836
6765,7764
6835,7622
6952,7486
7073,7408
7257,7251
7388,7079
7595,6911
7798,6805
7973,6735
8168,6644
8444,6564
8627,6489
8821,6471
9088,6438
9290,6446
9387,6471
9560,6508
9735,6585
9794,6651
9838,6764
9913,6928
9934,7031
9918,7164
9887,7382
9723,7521
9572,7684
9402,7838
9150,8040
9055,8245
8807,8466
8500,8638
8331,8770
8115,8749
7981,8825
7757,8831
7565,8826
7321,8838
7179,8722
6999,8629
6872,8582
6818,8564
6776,8454
6730,8297
6713,8186
6727,8048
6776,7923
6825,7798
6951,7588
7096,7459
7221,7298
7394,7165
7588,7028
7807,6945
8051,6814
8243,6706
8404,6622
8595,6590
8676,6556
8853,6569
8959,6545
9021,6577
9136,6633
9181,6735
9233,6798
9247,6903
9427,7089
9453,7222
9275,7385
9176,7571
8992,7729
8862,7880
8748,8041
8484,8297
8229,8397
7977,8431
7815,8496
7625,8587
7509,8703
7360,8688
7190,8778
7055,8847
6958,8796
6872,8732
6797,8776
6775,8657
6761,8459
6811,8352
6877,8204
6937,8075
7020,7955
7142,7774
7222,7550
7396,7404
7506,7213
7783,7034
8035,6924
8223,6818
8457,6763
8627,6671
8667,6675
8795,6633
8887,6619
9039,6594
9253,6620
9474,6651
9690,6721
9596,6777
9628,6906
9537,7039
9534,7177
9456,7346
9412,7485
9267,7651
9172,7712
8950,7825
8833,7958
8682,8130
8511,8196
8546,8273
8280,8275
7966,8362
7803,8409
7515,8369
7416,8390
7280,8366
7187,8240
7018,8217
6915,8187
6777,8116
6687,7985
6681,7877
6670,7803
6708,7671
6818,7534
6926,7383
7043,7273
7232,7143
7449,7070
7625,6930
7859,6800
8034,6726
8243,6621
8428,6574
8605,6539
8830,6497
9031,6488
9151,6507
9103,6520
9118,6560
9299,6628
9267,6681
9358,6752
9387,6853
9311,6934
9217,7084
9049,7237
8957,7398
8792,7529
8611,7683
8377,7874
8213,7950
8074,8153
7961,8316
7779,8361
7622,8447
7452,8555
7256,8589
7102,8611
7016,8612
6901,8680
6832,8614
6794,8504
6707,8441
6681,8285
6725,8109
6737,7967
6820,7803
6959,7637
7099,7428
7253,7322
7455,7115
7680,6962
7877,6829
8080,6696
8248,6612
8405,6538
8611,6436
8725,6380
8871,6370
9134,6362
9272,6366
9382,6412
9535,6429
9561,6489
9465,6606
9497,6738
9430,6851
9374,6959
9372,7089
9381,7261
9177,7386
8977,7537
8741,7711
8590,7849
8392,7921
8152,8035
7909,8142
7773,8248
7585,8307
7396,8342
7183,8353
7055,8381
6922,8411
6807,8363
6764,8314
6770,8251
6760,8149
6800,8036
6845,7949
6929,7805
7058,7621
7199,7460
7463,7285
7609,7190
7851,7042
8104,6941
8392,6838
8715,6743
8999,6690
9319,6650
9479,6634
9790,6605
10053,6629
10208,6612
10432,6669
10552,6704
10592,6749
10601,6867
10472,6980
10518,7104
10714,7236
10611,7376
10366,7534
10198,7700
9945,7898
9709,8120
9415,8346
9314,8496
9048,8587
8752,8725
8421,8843
8128,8872
7862,8994
7624,9085
7376,9062
7153,9050
6986,9055
6831,9006
6777,8970
6760,8895
6730,8662
7023,8703
6998,8462
7113,8211
7204,8004
7435,7907
7589,7704
7818,7537
7997,7298
8194,7137
8348,6999
8457,6916
8663,6819
8888,6750
9159,6690
9315,6633
9577,6635
9763,6719
9906,6795
10100,6873
10348,7023
10320,7254
10338,7412
10351,7600
10403,7838
10536,8116
10498,8268
10429,8504
10271,8806
10100,9013
9884,9318
9650,9482
9420,9672
9164,9755
8828,9909
8416,10024
8155,10108
7897,10121
7720,10014
7443,9928
7275,9924
7172,9715
7098,9623
7047,9328
7110,9111
7155,8931
7257,8851
7363,8768
7495,8513
7733,8365
7957,8114
8263,7834
8731,7653
9124,7500
9435,7398
9849,7212
10160,7052
10623,6905
11129,6785
11543,6719
11861,6647
12097,6603
12411,6619
12483,6660
12627,6687
12621,6840
12275,6951
11973,7135
11726,7281
11483,7527
11117,7746
10864,8031
10533,8318
10184,8653
9786,8927
9524,9111
9152,9259
8913,9402
8565,9547
8377,9695
8162,9765
8004,9900
7927,9890
7801,9925
7625,9940
7505,9927
7449,9884
7368,9713
7323,9487
7334,9354
7455,9170
7620,8967
7800,8705
8074,8449
8341,8170
8660,7890
9026,7621
9500,7453
9856,7214
10176,7017
10564,6868
10981,6751
11355,6694
11576,6735
11774,6745
11965,6848
12306,6990
12297,7121
12470,7329
12563,7510
12428,7699
12074,7999
11885,8238
11660,8382
11485,8517
11113,8714
10852,8898
10483,9133
10122,9363
9697,9381
9402,9410
9007,9512
8697,9616
8398,9896
8083,10127
7862,10213
7587,10318
7255,10350
7037,10314
6897,10300
6752,10363
6722,10279
6733,10171
6806,10046
6971,9763
7224,9502
7437,9343
7641,9038
7885,8753
8138,8453
8329,8127
8527,7913
8789,7641
9143,7429
9266,7245
9359,7114
9598,7019
9699,6972
9933,6983
9998,6976
9551,7032
9935,7142
10461,7227
9920,7359
8785,7529
7751,7696
7027,7877
6624,8072
6390,8241
6260,8429
6217,8685
6177,8820
6157,9082
6157,9305
6147,9334
6146,9486
6145,9645
6145,9739
6145,9851
6141,9810
6144,9711
6136,9693
6132,9613
6122,9416
6120,9301
6120,9126
6121,8860
6122,8592
6120,8322
6116,8045
6120,7905
6120,7735
6115,7540
6127,7372
6114,7176
6115,7036
6121,6913
6115,6812
6114,6758
6117,6740
6113,6698
6110,6733
6115,6787
6121,6804
6109,6806
6115,6895
6108,7021
6114,7113
6105,7234
6124,7319
6121,7454
6110,7608
6119,7757
6116,7768
6120,7850
6121,7833
6115,7790
6113,7622
6114,7278
6109,6916
6110,6577
6111,6367
6112,6250
6101,6165
6112,6158
6103,6153
6099,6134
6106,6128
6107,6076
6102,6121
6111,6123
6110,6126
6106,6138
6107,6139
6108,6126
6113,6122
6100,6099
6107,6099
6107,6062
6115,6076
6119,6063
6097,6062
6102,6069
6107,6053
6104,6060
6106,6070
6110,6068
6110,6065
6103,6053
6104,6056
6119,6062
6105,6060
6105,6057
6109,6056
6107,6056
6108,6047
6102,6052
6105,6068
6110,6049
6103,6064
6100,6061
6103,6050
6105,6042
6104,6046
6106,6043
6105,6059
6114,6041
6117,6054
6107,6069
6114,6056
6114,6049
6104,6061
6112,6056
6101,6057
6109,6054
6105,6048
6110,6047
6113,6063
6199,6342
6008,5958
5867,5918
6316,6114
6142,6099
6095,6029
6094,6040
6111,6079
6110,6058
6128,6068
6121,6069
6108,6056
6104,6058
6108,6049
6115,6053
6107,6042
6112,6050
6112,6056
6108,6048
6111,6055
6103,6047
6112,6038
6124,6063
6111,6049
6113,6056
6111,6051
6108,6051
6109,6057
6108,6041
6106,6054
6115,6054
6121,6048
6114,6045
6112,6048
6111,6057
6112,6045
6108,6033
6114,6043
6112,6042
6111,6057
6105,6048
6113,6053
6114,6044
6111,6056
6109,6045
6112,6036
6100,6050
6101,6047
6114,6053
6104,6057
6101,6060
6106,6051
6099,6059
6105,6048
6102,6046
6108,6039
6102,6048
6106,6057
6119,6043
6107,6038
6104,6051
6107,6051
6102,6045
6101,6043
6105,6050
6108,6045
6107,6050
6105,6037
6104,6055
6107,6060
6106,6044
6099,6053
6103,6051
6104,6044
6111,6050
6114,6058
6104,6055
6112,6048
6104,6050
6109,6053
6111,6057
6100,6048
6106,6039
6095,6054
6110,6048
6110,6047
6104,6057
6098,6045
6102,6035
6106,6048
6113,6055
6109,6055
6106,6056
6098,6044
6108,6045
6103,6054
6106,6048
6100,6050
6097,6050
6102,6051
6106,6047
6109,6053
6104,6042
6107,6042
6105,6058
6099,6054
6098,6050
6107,6055
6100,6045
6105,6052
6106,6063
6098,6047
6096,6076
6111,6046
6095,6048
6109,6051
6114,6050
6114,6046
6105,6043
6106,6038
6098,6046
6105,6042
6097,6111
6103,6039
6100,6040
6107,6053
6100,6049
6101,6043
6114,6057
6101,6048
6103,6046
6105,6042
6096,6044
6105,6048
6097,6050
6107,6058
6105,6045
6115,6044
6102,6050
6111,6056
6103,6046
6103,6048
6110,6046
6101,6044
6096,6036
6101,6051
6107,6057
6096,6049
6115,6058
6105,6040
6099,6048
6097,6054
6105,6058
6096,6048
6097,6046
6106,6046
6103,6055
6104,6054
6098,6030
6100,6056
6101,6048
6096,6040
6101,6053
6096,6048
6103,6042
6111,6047
6108,6028
6108,6047
6103,6049
6099,6057
6091,6051
6102,6045
6104,6054
6102,6046
6101,6044
6107,6041
6097,6044
6105,6045
6106,6050
6095,6051
6100,6045
6108,6046
6110,6053
6097,6048
6092,6049
6100,6060
6102,6048
6098,6051
6101,6050
6097,6047
6105,6050
6111,6041
6098,6061
6107,6041
6111,6051
6098,6047
6101,6037
6098,6041
6108,6051
6112,6036
6111,6050
6107,6046
6104,6045
6111,6050
6106,6048
6106,6050
6106,6056
6106,6050
6101,6032
6111,6052
6107,6048
6107,6051
6109,6055
6105,6043
6102,6056
6097,6032
6101,6046
6105,6047
6105,6037
6103,6068
6103,6060
6111,6053
6110,6060
6110,6048
6122,6021
6105,6053
6110,6065
6117,6059
6100,6056
6111,6054
6108,6062
6106,6044
6102,6056
6114,6043
6118,6046
6113,6047
6104,6061
6107,6057
6094,6057
6101,6054
6112,6048
6100,6058
6110,6048
6112,6063
6108,6049
6106,6063
6102,6064
6103,6057
6111,6052
6103,6039
6094,6045
6105,6053
6107,6033
6103,6039
6100,6047
6104,6054
6115,6050
6109,6049
6100,6041
6106,6043
6111,6046
6109,6046
6102,6042
6097,6046
6103,6051
6091,6049
6086,6040
6178,6130
6220,6153
6074,6020
6106,6052
6173,6106
6123,6061
6122,6063
6121,6069
6091,6047
6105,6048
6114,6062
6099,6048
6104,6040
6100,6050
6111,6048
6102,6055
6101,6047
6110,6055
6106,6047
6103,6033
6076,6044
6103,6052
6099,6046
6101,6052
6103,6049
6106,6051
6104,6034
6098,6034
6107,6061
6110,6051
6110,6047
6099,6047
6103,6050
6110,6050
6118,6055
6102,6052
6118,6049
6107,6048
6119,6044
6108,6058
6113,6033
6112,6059
6099,6055
6111,6053
6113,6046
6110,6050
6113,6057
6116,6056
6117,6048
6117,6049
6119,6052
6109,6055
6126,6039
6116,6032
6122,6047
6122,6059
6115,6050
6108,6068
6103,6049
6119,6054
6122,6033
6114,6047
6117,6053
6114,6055
6122,6060
6109,6057
6118,6059
6111,6053
6112,6056
6113,6061
6105,6048
6112,6060
6111,6050
6113,6044
6107,6030
6110,6045
6104,6048
6104,6046
6110,6042
6119,6047
6104,6057
6102,6063
6114,6048
6101,6041
6123,6036
6117,6062
6115,6048
6118,6049
6109,6056
6097,6048
6120,6055
6103,6049
6114,6043
6120,6045
6111,6046
6113,6051
6110,6062
6110,6039
6108,6043
6114,6038
6111,6053
6111,6050
6114,6046
6108,6032
6110,6044
6124,6040
6122,6038
6112,6054
6118,6056
6107,6040
6114,6028
6116,6050
6105,6046
6113,6062
6128,6047
6102,6056
6111,6057
6101,6060
6110,6063
6114,6047
6112,6047
6101,6049
6119,6040
6113,6046
6112,6043
6112,6043
6102,6041
6112,6057
6116,6068
6113,6048
6117,6054
6119,6044
6113,6039
6105,6042
6121,6041
6119,6053
6108,6045
6121,6046
6107,6050
6122,6058
6118,6050
6122,6056
6116,6055
6104,6041
6128,6058
6121,6059
6113,6047
6118,6060
6109,6052
6116,6059
6115,6052
6104,6066
6125,6050
6117,6057
6122,6053
6109,6054
6120,6072
6116,6064
6122,6060
6117,6061
6111,6049
6123,6055
6128,6064
6116,6046
6118,6066
6111,6056
6110,6054
6113,6048
6115,6049
6110,6056
6111,6048
6119,6058
6117,6031
6119,6053
6118,6056
6119,6044
6116,6057
6123,6062
6114,6062
6111,6054
6111,6068
6119,6056
6118,6057
6118,6057
6119,6061
6122,6044
6117,6059
6115,6053
6112,6061
6123,6047
6125,6051
6121,6057
6123,6045
6120,6047
6118,6047
6121,6047
6113,6060
6116,6053
6126,6062
6117,6054
6108,6057
6120,6049
6123,6047
6115,6058
6115,6056
6115,6056
6114,6061
6117,6057
6120,6040
6109,6042
6119,6056
6120,6058
6113,6057
6116,6056
6122,6058
6121,6044
6120,6050
6122,6051
6117,6039
6117,6059
6124,6053
6124,6053
6111,6058
6118,6052
6118,6051
6120,6054
6115,6051
6115,6051
6117,6055
6116,6060
6111,6048
6120,6030
6114,6058
6112,6049
6110,6064
6114,6058
6114,6052
6114,6047
6120,6046
6113,6062
6120,6041
6118,6057
6117,6044
6125,6052
6116,6057
6118,6059
6113,6047
6119,6049
6111,6053
6111,6053
6118,6054
0,22
0,61680
0,0
6125,6059
5597,5558
5592,5565
5598,5571
5605,5576
5605,5583
5603,5575
5600,5573
5607,5568
5817,5745
6326,6272
6284,6289
6286,6253
6288,6288
6277,6273
6301,6276
6280,6283
6295,6263
6306,6280
6292,6306
6288,6280
6294,6273
6289,6292
6278,6293
6270,6278
6300,6296
6303,6291
6288,6279
6284,6273
6295,6317
6282,6286
6293,6306
6278,6273
6278,6314
6285,6297
6295,6291
6292,6248
6277,6286
6267,6297
6276,6319
6276,6303
6284,6296
6287,6283
6304,6299
6268,6320
6255,6306
6271,6309
6278,6303
6289,6298
6293,6292
6293,6284
6297,6288
6288,6309
6281,6284
6294,6304
6298,6307
6290,6286
6292,6297
6302,6312
6285,6307
6317,6321
6292,6327
6284,6302
6289,6287
6284,6292
6295,6301
6310,6296
6303,6280
6280,6284
6298,6287
6295,6305
6276,6297
6288,6302
6279,6304
6294,6314
6283,6331
6287,6302
6297,6308
6289,6282
6270,6288
6276,6254
6281,6304
6292,6318
6301,6332
6279,6340
6265,6296
6268,6310
6287,6325
6279,6318
6262,6307
6264,6300
6278,6303
6292,6321
6284,6331
6295,6336
6293,6353
6278,6319
6265,6312
6263,6295
6274,6300
6273,6280
6270,6293
6291,6300
6283,6311
6272,6310
6272,6311
6257,6309
6267,6293
6282,6293
6279,6342
6266,6320
6267,6331
6258,6325
6275,6329
6283,6344
6275,6318
6278,6327
6296,6317
6280,6347
6278,6326
6283,6324
6283,6316
6292,6350
6273,6357
6277,6354
6285,6336
6300,6310
6293,6303
6270,6297
6263,6317
6289,6314
6282,6328
6274,6315
6266,6300
6269,6334
6274,6323
6262,6297
6263,6306
6279,6337
6279,6327
6284,6335
6283,6317
6279,6288
6291,6329
6286,6299
6267,6295
6279,6330
6280,6334
6267,6349
6271,6351
6283,6329
6272,6313
6271,6341
6282,6347
6273,6332
6261,6332
6289,6325
6277,6337
6295,6346
6274,6355
6279,6325
6259,6328
6256,6318
6276,6349
6290,6362
6192,6207
6007,6065
6266,6287
6315,6427
6333,6382
6301,6371
6304,6354
6269,6339
6246,6311
6265,6336
6259,6337
6278,6336
6287,6331
6271,6344
6259,6334
6265,6319
6262,6319
6284,6327
6275,6324
6276,6319
6278,6305
6286,6331
6283,6344
6269,6349
6262,6362
6266,6352
6281,6364
6275,6359
6276,6345
6267,6352
6259,6339
6267,6359
6274,6329
6283,6329
6274,6346
6259,6339
6273,6328
6248,6334
6265,6319
6267,6385
6272,6358
6258,6348
6268,6343
6253,6343
6251,6285
6254,6348
6275,6330
6285,6342
6274,6336
6275,6344
6267,6356
6263,6356
6243,6364
6259,6348
6250,6356
6243,6343
6258,6328
6264,6336
6257,6358
6240,6359
6257,6352
6252,6338
6245,6341
6257,6353
6269,6352
6244,6370
6257,6365
6251,6338
6245,6346
6249,6364
6235,6337
6230,6350
6238,6333
6247,6326
6233,6342
6246,6334
6255,6346
6244,6354
6243,6370
6238,6377
6251,6361
6246,6352
6241,6346
6236,6358
6237,6364
6247,6364
6240,6347
6238,6339
6270,6360
6254,6358
6247,6382
6249,6374
6250,6394
6246,6333
6247,6342
6244,6345
6228,6352
6234,6342
6236,6347
6238,6345
6243,6317
6234,6319
6237,6347
6240,6339
6241,6313
6243,6341
6234,6334
6228,6347
6236,6334
6246,6336
6257,6358
6254,6358
6257,6365
6270,6383
6242,6339
6261,6362
6273,6358
6249,6351
6243,6372
6238,6376
6245,6363
6257,6347
6225,6351
6230,6372
6228,6369
6223,6385
6229,6399
6219,6362
6227,6378
6218,6365
6232,6354
6242,6361
6238,6366
6237,6359
6241,6389
6238,6353
6237,6355
6246,6365
6239,6380
6232,6352
6222,6369
6230,6348
6225,6346
6235,6347
6238,6351
6222,6362
6218,6322
6235,6352
6224,6359
6226,6389
6231,6385
6237,6403
6228,6417
6230,6392
6229,6381
6219,6388
6229,6398
6237,6407
6227,6412
6220,6417
6228,6387
6229,6380
6219,6381
6216,6372
6222,6379
6216,6391
6230,6379
6207,6376
6206,6378
6211,6367
6219,6380
6221,6380
6219,6356
6245,6375
6212,6370
6217,6360
6221,6388
6216,6356
6211,6377
6199,6392
6220,6401
6210,6387
6204,6371
6207,6347
6214,6346
6219,6354
6209,6388
6208,6358
6231,6395
6217,6360
6232,6379
6239,6372
6222,6373
6222,6364
6233,6406
6225,6387
6230,6395
6224,6385
6222,6389
6209,6348
6218,6371
6219,6365
6233,6357
6217,6398
6227,6392
6216,6382
6214,6405
6222,6373
6208,6396
6215,6405
6220,6398
6206,6372
6203,6353
6217,6364
6216,6367
6214,6365
6211,6357
6220,6377
6214,6361
6200,6378
6225,6371
6196,6357
6223,6382
6202,6385
6211,6365
6203,6394
6202,6372
6212,6391
6209,6396
6215,6381
6206,6379
6202,6410
6202,6373
6201,6355
6209,6350
6211,6383
6211,6379
6207,6376
6209,6390
6195,6385
6202,6380
6203,6390
6213,6370
6204,6392
6201,6368
6207,6366
6210,6394
6203,6376
6209,6378
6216,6380
6216,6375
6217,6377
6211,6344
6205,6345
6212,6345
6212,6352
6208,6360
6203,6372
6205,6358
6212,6345
6205,6353
6212,6364
6210,6348
6198,6365
6201,6370
6211,6370
6204,6393
6202,6347
6209,6369
6204,6379
6258,6432
6236,6418
6221,6416
6204,6393
6198,6380
6206,6387
6200,6366
6199,6371
6221,6380
6218,6406
6210,6373
6215,6367
6207,6365
6200,6391
6206,6394
6206,6371
6211,6355
6203,6383
6200,6374
6208,6370
6206,6361
6207,6337
6202,6355
6209,6361
6197,6360
6205,6369
6220,6334
6203,6343
6205,6365
6182,6387
6212,6349
6211,6357
6212,6359
6205,6347
6208,6338
6212,6342
6212,6323
6207,6336
6213,6364
6211,6367
6217,6369
6210,6391
6207,6403
6209,6391
6196,6383
6202,6384
6186,6362
6199,6346
6193,6382
6193,6352
6206,6362
6201,6340
6210,6361
6211,6365
6213,6380
6210,6384
6211,6371
6204,6387
6208,6387
6205,6394
6202,6387
6214,6400
6213,6375
6208,6372
6215,6368
6202,6331
6207,6349
6219,6384
6215,6373
6197,6377
6215,6354
6204,6323
6214,6366
6217,6362
6210,6368
6212,6366
6212,6358
6209,6370
6216,6358
6203,6385
6207,6403
6215,6387
6206,6382
6210,6334
6203,6346
6205,6340
6224,6361
6219,6343
6206,6373
6219,6365
6204,6369
6203,6385
6209,6400
6219,6379
6216,6415
6213,6366
6203,6386
6216,6350
6222,6384
6204,6357
6217,6338
6214,6357
6214,6375
6221,6410
6213,6356
6224,6361
6215,6329
6217,6342
6216,6353
6202,6333
6205,6352
6219,6360
6207,6351
6209,6347
6198,6351
6195,6337
6201,6362
6205,6357
6214,6369
6206,6365
6223,6354
6222,6337
6220,6353
6203,6362
6225,6347
6209,6355
6200,6338
6210,6343
6217,6358
6220,6338
6217,6341
6219,6323
6205,6356
6208,6374
6211,6358
6212,6353
6219,6372
6221,6349
6212,6354
6223,6360
6207,6354
6211,6333
6203,6352
6214,6326
6212,6343
6223,6346
6222,6324
6222,6320
6230,6317
6220,6334
6224,6338
6210,6330
6198,6340
6211,6326
6215,6332
6210,6338
6208,6357
6219,6341
6216,6343
6216,6366
6219,6376
6204,6351
6217,6358
6221,6359
6227,6351
6221,6379
6223,6357
6222,6373
6222,6370
6215,6345
6229,6337
6236,6351
6248,6352
6231,6382
6241,6397
6247,6387
6240,6363
6260,6351
6292,6385
6306,6366
6343,6356
6357,6384
6366,6384
6404,6368
6448,6368
6490,6371
6560,6389
6616,6393
6660,6378
6745,6381
6803,6401
6864,6397
6906,6366
6951,6361
7033,6361
7075,6354
7120,6361
7155,6354
7230,6337
7318,6346
7354,6364
7401,6324
7381,6322
7391,6333
7368,6349
7315,6369
7235,6382
7177,6355
7100,6341
6993,6333
6924,6332
6834,6336
6776,6351
6755,6356
6672,6368
6601,6400
6565,6379
6537,6366
6562,6367
6600,6368
6615,6397
6686,6400
6743,6405
6759,6389
6856,6406
6942,6437
7024,6442
7184,6437
7371,6478
7516,6509
7690,6529
7964,6551
8150,6525
8366,6494
8559,6478
8832,6493
9020,6496
9139,6482
9245,6516
9324,6522
9437,6571
9416,6616
9396,6658
9401,6701
9283,6761
9036,6835
8861,6882
8703,6971
8475,7034
8178,7087
7964,7182
7767,7287
7578,7396
7424,7441
7285,7510
7161,7585
7084,7631
6974,7648
6901,7691
6834,7666
6825,7632
6803,7679
6829,7688
6853,7682
6942,7629
7058,7548
7241,7491
7553,7487
7509,7433
7883,7463
8053,7277
8221,7140
8460,7058
8687,6973
9015,6891
9225,6756
9568,6671
9852,6650
10089,6623
10127,6596
10197,6693
10312,6767
10377,6878
10248,6986
10234,7116
10084,7230
9853,7405
9671,7547
9395,7673
9199,7829
8874,7961
8585,8076
8384,8255
8208,8398
8027,8493
7880,8531
7669,8633
7533,8811
7331,8935
7182,8936
7075,8940
6985,8920
6914,8888
6866,8828
6823,8864
6826,8783
6861,8607
6869,8435
6974,8282
7119,8197
7231,8054
7420,7885
7589,7645
7761,7472
7985,7338
8179,7181
8328,7044
8479,6884
8726,6801
8860,6736
8961,6709
9128,6712
9396,6698
9588,6772
9685,6891
9736,7003
9838,7131
9771,7280
9786,7388
9797,7551
9707,7660
9462,7769
9337,7929
9136,8065
8849,8150
8663,8224
8362,8335
8068,8434
7772,8410
7500,8442
7269,8469
7108,8502
6938,8512
6815,8528
6736,8549
6693,8479
6705,8348
6717,8217
6774,8116
6859,8075
6973,7917
7099,7818
7281,7713
7517,7560
7684,7438
7962,7306
8188,7224
8415,7072
8598,6952
8769,6847
8926,6784
9159,6696
9227,6617
9288,6641
9264,6647
9445,6672
9416,6729
9395,6833
9417,6921
9351,7078
9250,7224
9143,7393
8950,7640
8813,7851
8605,8132
8423,8401
8213,8626
8038,8772
7896,8900
7733,9058
7557,9278
7429,9456
7268,9493
7164,9534
7012,9519
6915,9381
6825,9290
6748,9219
6669,9219
6657,9042
6678,8815
6687,8684
6728,8518
6827,8287
6921,8044
6998,7923
7140,7738
7316,7462
7487,7312
7683,7155
7896,6984
8123,6863
8411,6751
8603,6692
8791,6613
8937,6572
9143,6542
9331,6576
9455,6608
9546,6647
9630,6716
9704,6781
9725,6910
9689,7019
9681,7063
9524,7166
9512,7245
9432,7364
9352,7457
9125,7569
8922,7701
8725,7817
8474,7903
8264,8038
8023,8150
7799,8237
7567,8346
7409,8470
7213,8519
7048,8531
6906,8401
6829,8373
6724,8355
6700,8297
6700,8219
6733,8082
6805,7985
6884,7915
6984,7713
7167,7557
7348,7345
7568,7157
7761,7039
7910,6943
8056,6853
8212,6732
8418,6651
8618,6590
8688,6556
8838,6526
8933,6518
9047,6521
9119,6544
9218,6596
9275,6687
9284,6765
9188,6920
9148,7038
9026,7209
8985,7353
8918,7566
8864,7772
8803,7956
8629,8177
8494,8314
8263,8461
8087,8675
7975,8782
7809,8911
7578,9024
7362,9082
7156,9075
6991,9010
6855,8902
6743,8814
6677,8754
6641,8658
6614,8488
6611,8367
6649,8170
6710,8040
6811,7879
6941,7731
7112,7537
7282,7351
7478,7219
7700,7036
7936,6926
8131,6816
8259,6714
8393,6649
8571,6591
8683,6548
8890,6555
8972,6556
8983,6576
9059,6643
9192,6696
9190,6752
9147,6828
9033,6947
9025,7050
8998,7200
8904,7335
8885,7469
8869,7595
8802,7742
8716,7921
8589,8106
8396,8284
8230,8386
8002,8479
7862,8564
7652,8655
7483,8711
7301,8776
7105,8805
6968,8734
6798,8675
6714,8622
6625,8554
6568,8433
6572,8253
6607,8045
6664,7886
6769,7680
6905,7449
7042,7299
7195,7142
7384,6990
7533,6865
7803,6748
7940,6645
8136,6594
8350,6562
8486,6454
8694,6517
8811,6431
8883,6419
9098,6486
9184,6493
9239,6526
9365,6618
9363,6680
9462,6771
9360,6871
9259,6991
9179,7131
9076,7281
8955,7362
8733,7519
8563,7651
8355,7801
8119,7862
7906,8023
7769,8136
7565,8222
7356,8289
7176,8349
7007,8472
6854,8457
6771,8402
6700,8320
6636,8263
6620,8162
6637,8037
6689,7892
6732,7790
6867,7652
6967,7503
7090,7378
7215,7243
7398,7090
7587,6921
7815,6809
7974,6742
8167,6657
8444,6569
8635,6497
8810,6483
9125,6446
9260,6437
9405,6467
9555,6503
9780,6561
9807,6639
9901,6758
9988,6932
9982,7027
9986,7177
9903,7374
9753,7551
9596,7721
9432,7841
9140,8055
9043,8230
8793,8454
8575,8608
8315,8738
8134,8784
7940,8805
7739,8813
7570,8827
7333,8830
7145,8780
7006,8670
6920,8660
6843,8533
6776,8453
6719,8311
6704,8226
6728,8066
6781,7985
6842,7759
6927,7613
7050,7454
7237,7312
7410,7155
7589,7037
7789,6929
8056,6788
8239,6733
8437,6632
8604,6611
8720,6576
8856,6554
8980,6534
9056,6583
9051,6655
9153,6730
9284,6797
9313,6913
9498,7100
9487,7257
9318,7388
9168,7585
9019,7763
8841,7878
8710,8074
8455,8299
8216,8443
8014,8480
7821,8564
7648,8654
7482,8710
7369,8765
7212,8811
7060,8893
6964,8847
6879,8813
6818,8827
6780,8752
6766,8530
6822,8358
6901,8233
6916,8107
7012,7967
7144,7814
7236,7568
7380,7423
7494,7256
7813,7070
8034,6943
8244,6810
8471,6777
8618,6720
8678,6684
8837,6645
8918,6627
9053,6610
9275,6622
9505,6645
9653,6706
9627,6809
9612,6909
9538,7048
9549,7178
9408,7336
9411,7495
9248,7654
9154,7749
8976,7856
8819,7952
8656,8112
8553,8213
8505,8276
8252,8302
8003,8325
7757,8369
7535,8401
7414,8369
7272,8362
7168,8297
7040,8221
6921,8186
6779,8107
6681,7993
6661,7923
6672,7777
6706,7666
6796,7548
6934,7399
7050,7262
7244,7161
7424,7052
7624,6935
7855,6805
8063,6700
8267,6638
8384,6558
8604,6510
8850,6498
9040,6470
9153,6504
9140,6522
9132,6545
9261,6618
9288,6663
9341,6775
9337,6846
9289,6969
9159,7094
9066,7241
8934,7394
8821,7535
8636,7706
8380,7868
8214,7992
8070,8176
7959,8283
7766,8363
7644,8486
7447,8535
7251,8604
7101,8612
7002,8618
6891,8658
6820,8598
6785,8555
6723,8437
6681,8321
6717,8113
6729,7968
6839,7784
6926,7657
7120,7437
7252,7330
7444,7122
7643,6976
7847,6822
8092,6682
8244,6624
8370,6516
8592,6438
8713,6381
8906,6359
9108,6354
9233,6357
9394,6395
9541,6434
9537,6512
9530,6612
9506,6724
9403,6853
9372,6964
9447,7105
9388,7251
9178,7367
9015,7529
8769,7687
8579,7836
8391,7948
8170,8007
7939,8159
7763,8241
7597,8310
7388,8368
7208,8353
7037,8360
6911,8431
6811,8388
6757,8339
6738,8255
6756,8168
6789,8089
6837,7903
6946,7774
7067,7611
7227,7424
7431,7298
7616,7186
7858,7044
8146,6952
8438,6813
8685,6762
9070,6697
9315,6657
9507,6634
9719,6622
10012,6621
10187,6649
10460,6670
10386,6461
10173,6218
10604,6816
10355,7049
10565,7078
10665,7225
10645,7368
10494,7552
10240,7727
9953,7889
9656,8106
9434,8328
9332,8503
9070,8616
8793,8718
8407,8807
8098,8898
7841,8989
7608,9072
7394,9042
7145,9074
6970,9051
6852,9029
6776,8933
6759,8896
6768,8697
6853,8592
6962,8402
7064,8149
7218,8031
7405,7875
7601,7695
7826,7558
8050,7336
8148,7167
8323,6975
8460,6893
8664,6821
8907,6744
9150,6679
9311,6655
9578,6640
9748,6689
9896,6757
10120,6886
10346,7031
10387,7251
10368,7426
10310,7555
10416,7811
10554,8067
10506,8261
10470,8507
10377,8815
10143,9014
9867,9315
9709,9523
9510,9667
9179,9741
8838,10002
8446,10015
8154,10108
7921,10117
7666,10007
7427,9902
7285,9892
7183,9788
7100,9587
7083,9384
7080,9088
7146,8917
7244,8862
7373,8771
7513,8514
7718,8392
8017,8135
8278,7898
8735,7679
9107,7507
9496,7420
9812,7191
10150,7048
10593,6904
11115,6835
11643,6708
11851,6633
12076,6586
12374,6599
12517,6646
12629,6688
12567,6787
12286,6939
12025,7071
11786,7301
11426,7517
11232,7769
10810,8025
10513,8332
10203,8653
9801,8917
9488,9106
9161,9261
8838,9401
8626,9560
8352,9673
8137,9785
7968,9873
7924,9873
7763,9965
7599,9929
7479,9904
7448,9864
7388,9705
7357,9483
7396,9324
7458,9165
7637,8986
7837,8707
8099,8459
8362,8208
8644,7897
9028,7622
9492,7435
9780,7253
10141,7043
10603,6856
11065,6775
11331,6702
11636,6698
11808,6747
11912,6860
12247,6993
12308,7119
12530,7310
12579,7504
12533,7713
12183,8023
11904,8178
11672,8334
11457,8499
11165,8749
10843,8899
10520,9110
10152,9364
9754,9361
9367,9428
9067,9503
8664,9637
8392,9869
8090,10088
7845,10226
7563,10251
7264,10322
7058,10270
6919,10371
6786,10397
6683,10298
6712,10172
6802,9999
6970,9745
7214,9511
7416,9313
7658,9080
7889,8777
8124,8447
8341,8139
8540,7912
8735,7631
9160,7425
9294,7199
9350,7123
9557,7054
9647,6978
9979,6969
10081,7009
9571,7060
9904,7133
10497,7241
9912,7385
8788,7518
7762,7672
7015,7879
6619,8041
6383,8240
6276,8436
6219,8688
6185,8781
6175,9073
6163,9289
6142,9321
6159,9444
6137,9644
6145,9733
6154,9871
6145,9893
6152,9765
6138,9708
6144,9612
6124,9453
6116,9313
6118,9126
6127,8893
6128,8535
6119,8375
6113,8108
6114,7908
6127,7751
6120,7566
6126,7391
6115,7179
6115,6991
6124,6925
6115,6811
6114,6779
6112,6741
6116,6703
6120,6736
6100,6793
6120,6807
6117,6809
6125,6905
6111,7024
6108,7117
6120,7236
6126,7296
6121,7408
6103,7584
6123,7746
6111,7805
6112,7861
6104,7848
6114,7763
6115,7584
6112,7307
6113,6914
6098,6582
6115,6380
6112,6262
6099,6183
6109,6168
6101,6148
6102,6129
6114,6134
6108,6114
6109,6134
6114,6137
6109,6136
6106,6148
6108,6125
6106,6127
6114,6127
6099,6092
6103,6085
6111,6075
6113,6076
6113,6066
6106,6054
6110,6062
6111,6061
6105,6079
6108,6059
6102,6064
6110,6061
6107,6054
6115,6063
6109,6051
6106,6066
6132,6041
6120,6078
6089,6049
6088,6045
6080,6043
6100,6052
6085,6030
6103,6062
6106,6049
6102,6050
6106,6044
6112,6047
6105,6053
6108,6061
6112,6062
6119,6051
6108,6070
6105,6056
6106,6057
6103,6048
6110,6054
6121,6047
6110,6068
6106,6047
6103,6050
6118,6048
6121,6057
6113,6045
6105,6055
6118,6054
6110,6051
6110,6054
6111,6063
6110,6057
6104,6063
6115,6063
6110,6051
6111,6050
6112,6047
6116,6055
6118,6055
6104,6031
6106,6048
6116,6056
6113,6056
6112,6054
6107,6044
6111,6036
6113,6048
6116,6051
6107,6048
6111,6043
6107,6046
6110,6054
6113,6052
6106,6054
6106,6065
6116,6042
6110,6052
6110,6048
6108,6048
6123,6050
6101,6046
6098,6054
6108,6044
6108,6059
6111,6031
6113,6061
6111,6053
6109,6048
6104,6051
6109,6052
6102,6039
6114,6053
6113,6042
6117,6048
6107,6049
6106,6053
6105,6051
6112,6045
6108,6042
6108,6049
6108,6046
6102,6051
6109,6042
6113,6052
6107,6052
6103,6058
6099,6043
6122,6057
6119,6051
6102,6053
6099,6051
6104,6040
6105,6044
6102,6050
6100,6054
6113,6046
6107,6048
6106,6058
6107,6063
6119,6054
6104,6052
6106,6047
6101,6042
6112,6056
6112,6050
6094,6054
6102,6053
6103,6049
6102,6050
6117,6047
6112,6054
6092,6051
6101,6051
6105,6051
6117,6059
6100,6045
6108,6045
6103,6048
6104,6047
6105,6055
6104,6049
6115,6043
6096,6058
6100,6049
6103,6046
6108,6060
6100,6044
6107,6041
6109,6046
6111,6051
6078,6060
6100,6063
6098,6053
6106,6053
6106,6060
6104,6048
6102,6055
6108,6057
6096,6054
6107,6057
6116,6056
6117,6050
6097,6034
6101,6034
6105,6051
6104,6054
6103,6043
6115,6049
6098,6042
6098,6050
6101,6049
6100,6048
6105,6044
6104,6054
6101,6048
6107,6042
6101,6042
6101,6065
6098,6034
6114,6048
6112,6044
6114,6047
6101,6050
6111,6045
6102,6046
6104,6050
6112,6046
6102,6048
6101,6046
6097,6053
6093,6051
6104,6048
6104,6052
6105,6082
6097,6049
6092,6059
6098,6057
6101,6046
6092,6053
6105,6041
6099,6056
6107,6034
6091,6034
6102,6043
6104,6049
6096,6050
6104,6049
6097,6054
6102,6050
6101,6047
6105,6048
6104,6055
6099,6053
6106,6034
6097,6052
6100,6049
6110,6057
6098,6056
6100,6053
6103,6051
6097,6056
6098,6050
6097,6045
6105,6048
6099,6053
6099,6045
6115,6047
6102,6042
6096,6046
6109,6050
6101,6038
6098,6046
6110,6054
6107,6046
6107,6044
6113,6043
6107,6062
6107,6047
6105,6041
6103,6050
6096,6029
6098,6020
6105,6053
6107,6048
6109,6059
6102,6063
6104,6046
6107,6043
6108,6057
6111,6045
6109,6055
6106,6057
6086,6053
6111,6058
6104,6048
6110,6052
6115,6047
6100,6047
6102,6053
6104,6033
6101,6051
6111,6050
6098,6060
6107,6062
6105,6051
6103,6065
6113,6056
6114,6057
6116,6049
6100,6039
6114,6053
6120,6062
6124,6057
6116,6056
6117,6057
6091,6043
6111,6052
6108,6063
6119,6039
6106,6062
6096,6054
6117,6041
6099,6045
6103,6050
6110,6046
6094,6047
6488,6309
6020,6093
6113,6034
6101,6028
6098,6035
6161,6117
6082,6029
6116,6048
6091,6039
6113,6045
6112,6051
6106,6056
6094,6042
6110,6059
6102,6057
6103,6044
6106,6050
6106,6049
6109,6051
6107,6037
6105,6056
6107,6042
6108,6034
6105,6049
6108,6055
6101,6061
6104,6055
6102,6053
6099,6047
6092,6056
6107,6049
6103,6053
6111,6048
6100,6053
6107,6050
6113,6049
6109,6042
6104,6052
6099,6056
6114,6053
6109,6061
6102,6051
6108,6036
6104,6040
6099,6054
6100,6053
6107,6045
6108,6043
6110,6029
6102,6057
6105,6052
6097,6050
6098,6053
6116,6050
6113,6048
6111,6055
6099,6041
6103,6053
6103,6053
6118,6061
6108,6062
6113,6065
6110,6059
6112,6049
6107,6047
6114,6046
6115,6054
6110,6055
6112,6055
6116,6050
6113,6050
6112,6051
6116,6044
6115,6052
6114,6054
6126,6045
6112,6051
6109,6045
6115,6050
6151,6048
6114,6059
6117,6054
6111,6052
6107,6051
6114,6050
6111,6042
6109,6050
6117,6054
6114,6066
6116,6041
6108,6057
6114,6066
6106,6053
6111,6059
6117,6051
6101,6033
6118,6058
6117,6049
6111,6055
6112,6051
6104,6050
6107,6047
6105,6044
6117,6045
6117,6051
6120,6054
6108,6049
6124,6039
6101,6042
6119,6043
6124,6047
6112,6054
6110,6052
6111,6045
6106,6040
6111,6050
6104,6053
6113,6035
6110,6050
6112,6037
6117,6058
6103,6059
6112,6029
6104,6055
6109,6047
6117,6047
6110,6054
6119,6057
6111,6039
6113,6056
6120,6048
6120,6047
6113,6054
6114,6056
6106,6047
6110,6038
6118,6042
6106,6048
6117,6045
6118,6056
6112,6045
6111,6051
6104,6041
6108,6056
6112,6045
6111,6056
6108,6050
6113,6042
6116,6054
6115,6059
6105,6037
6102,6046
6106,6055
6123,6058
6117,6056
6110,6042
6123,6053
6102,6044
6105,6056
6106,6056
6114,6066
6115,6057
6113,6043
6115,6052
6117,6050
6118,6046
6117,6053
6121,6034
6113,6043
6122,6059
6127,6061
6107,6050
6115,6056
6119,6058
6115,6064
6112,6057
6106,6059
6118,6052
6118,6061
6124,6060
6111,6054
6117,6062
6115,6050
6119,6050
6117,6044
6115,6054
6122,6060
6122,6059
6108,6061
6118,6054
6113,6059
6114,6042
6115,6042
6122,6059
6116,6058
6121,6057
6119,6057
6120,6054
6120,6054
6115,6046
6116,6057
6119,6045
6122,6059
6121,6051
6114,6056
6107,6048
6120,6060
6113,6048
6122,6050
6119,6060
6114,6060
6118,6052
6120,6050
6121,6055
6123,6052
6116,6060
6118,6062
6115,6053
6120,6052
6120,6062
6120,6062
6117,6056
6116,6057
6118,6048
6110,6045
6110,6058
6112,6063
6119,6055
6119,6053
6108,6039
6115,6046
6115,6055
6113,6059
6126,6051
6113,6064
6111,6061
6114,6069
6123,6052
6111,6055
6119,6054
6109,6056
6118,6053
6118,6053
6108,6053
6122,6053
6119,6049
6113,6056
6118,6049
6115,6060
6115,6058
6117,6062
6118,6042
6111,6053
6119,6052
6123,6042
6115,6058
6116,6060
6120,6059
6114,6049
6119,6047
6115,6053
6118,6057
6105,6057
6111,6060
6111,6060
6115,6057
6117,6063
6117,6064
6116,6056
6119,6057
6115,6057
6116,6055
6115,6051
6122,6059
6109,6058
6118,6057
0,26
0,61680
0,0
6129,6054
5593,5581
5589,5581
5601,5582
5594,5579
5604,5581
5603,5575
5603,5575
5598,5568
5811,5751
6328,6284
6283,6279
6278,6276
6280,6285
6285,6262
6298,6285
6278,6288
6304,6267
6308,6294
6295,6290
6290,6287
6290,6267
6293,6298
6267,6307
6285,6293
6292,6290
6277,6288
6282,6295
6279,6290
6305,6283
6286,6288
6296,6281
6284,6271
6287,6312
6284,6299
6274,6285
6305,6286
6274,6293
6279,6306
6281,6332
6281,6294
6278,6293
6281,6291
6290,6307
6290,6316
6261,6315
6276,6306
6270,6291
6284,6294
6294,6278
6296,6291
6305,6287
6288,6303
6293,6296
6299,6281
6291,6296
6293,6293
6305,6281
6306,6318
6291,6306
6301,6330
6285,6335
6283,6320
6279,6291
6263,6300
6284,6301
6311,6283
6295,6288
6275,6288
6299,6283
6300,6299
6289,6289
6283,6301
6276,6299
6271,6323
6275,6322
6275,6291
6279,6317
6285,6292
6280,6295
6277,6285
6291,6291
6283,6311
6291,6332
6292,6345
6274,6297
6277,6315
6280,6324
6270,6312
6272,6324
6268,6306
6288,6307
6269,6322
6301,6327
6290,6327
6291,6347
6275,6327
6252,6318
6253,6307
6275,6308
6270,6294
6267,6306
6284,6311
6275,6298
6261,6313
6277,6298
6251,6321
6285,6304
6281,6310
6272,6340
6273,6324
6272,6323
6256,6311
6267,6316
6281,6333
6271,6328
6274,6329
6289,6335
6283,6326
6278,6331
6285,6322
6290,6315
6284,6341
6274,6363
6286,6364
6294,6336
6282,6318
6288,6305
6272,6302
6276,6314
6286,6319
6288,6313
6262,6321
6275,6319
6266,6318
6268,6330
6268,6306
6268,6308
6273,6332
6173,6244
6202,6227
6207,6270
6273,6316
6292,6331
6288,6318
6271,6299
6279,6334
6271,6328
6277,6353
6265,6331
6284,6351
6287,6341
6267,6338
6281,6337
6280,6354
6272,6322
6291,6347
6286,6334
6289,6346
6277,6350
6265,6338
6262,6338
6257,6332
6279,6354
6287,6352
6299,6359
6296,6319
6286,6342
6290,6349
6270,6339
6269,6342
6270,6344
6270,6335
6253,6347
6259,6344
6252,6334
6276,6336
6282,6347
6270,6339
6265,6324
6259,6327
6263,6322
6281,6311
6271,6328
6268,6306
6265,6345
6275,6316
6285,6334
6284,6345
6271,6370
6260,6361
6285,6350
6281,6350
6275,6329
6285,6360
6267,6337
6267,6353
6270,6359
6282,6336
6268,6344
6275,6339
6260,6322
6256,6344
6268,6325
6260,6349
6272,6361
6260,6343
6262,6348
6252,6334
6250,6344
6260,6339
6268,6351
6273,6335
6283,6364
6266,6349
6284,6355
6277,6354
6238,6353
6258,6369
6264,6339
6241,6345
6249,6335
6254,6352
6246,6364
6258,6356
6246,6365
6253,6360
6261,6352
6258,6348
6263,6364
6250,6361
6264,6351
6251,6339
6257,6362
6247,6369
6237,6356
6240,6341
6246,6324
6249,6333
6240,6333
6223,6340
6248,6329
6255,6363
6229,6363
6225,6389
6238,6374
6246,6344
6240,6326
6240,6347
6249,6370
6244,6361
6240,6341
6248,6342
6260,6371
6245,6367
6244,6378
6241,6376
6253,6371
6252,6347
6232,6351
6235,6355
6229,6352
6236,6352
6225,6338
6240,6339
6231,6347
6233,6316
6241,6339
6253,6343
6247,6332
6233,6340
6240,6335
6236,6352
6239,6315
6262,6329
6251,6335
6247,6356
6251,6354
6252,6361
6237,6341
6252,6351
6260,6365
6245,6361
6240,6361
6245,6389
6231,6375
6244,6347
6221,6362
6231,6363
6235,6366
6229,6371
6221,6378
6211,6383
6233,6362
6236,6362
6228,6373
6239,6363
6250,6355
6253,6362
6240,6353
6236,6350
6235,6360
6256,6375
6258,6377
6227,6362
6228,6362
6226,6349
6217,6348
6220,6344
6230,6364
6218,6364
6217,6340
6214,6330
6235,6352
6215,6378
6218,6381
6239,6389
6236,6409
6218,6394
6229,6379
6215,6389
6224,6398
6232,6424
6226,6405
6214,6424
6213,6393
6213,6377
6229,6391
6233,6359
6216,6393
6215,6390
6241,6380
6207,6370
6212,6384
6218,6356
6216,6357
6225,6384
6210,6378
6227,6382
6213,6377
6221,6358
6222,6385
6216,6364
6207,6389
6202,6375
6221,6384
6212,6398
6203,6380
6204,6381
6217,6346
6217,6349
6215,6393
6222,6372
6223,6379
6225,6377
6239,6389
6231,6376
6213,6372
6211,6384
6229,6463
6214,6387
6214,6382
6228,6387
6226,6388
6209,6353
6215,6377
6225,6358
6227,6363
6226,6388
6217,6395
6210,6403
6206,6395
6214,6384
6208,6390
6203,6408
6221,6391
6216,6376
6224,6360
6222,6369
6224,6369
6208,6363
6207,6376
6208,6363
6216,6372
6201,6378
6218,6367
6204,6356
6230,6396
6208,6385
6205,6375
6209,6362
6217,6365
6202,6386
6208,6403
6200,6386
6204,6382
6201,6393
6202,6358
6211,6354
6192,6355
6206,6374
6205,6365
6213,6381
6208,6382
6211,6394
6128,6361
6217,6427
6110,6308
6334,6495
6184,6340
6133,6372
6175,6342
6228,6382
6235,6392
6203,6366
6217,6385
6228,6393
6202,6355
6202,6361
6209,6358
6210,6364
6205,6353
6212,6369
6209,6337
6203,6347
6213,6364
6214,6356
6202,6335
6196,6357
6205,6393
6214,6359
6208,6379
6205,6349
6202,6377
6204,6386
6197,6400
6205,6399
6198,6386
6210,6383
6201,6371
6211,6375
6190,6377
6193,6386
6205,6355
6212,6406
6202,6377
6213,6372
6210,6380
6195,6380
6206,6383
6203,6388
6203,6351
6202,6379
6197,6352
6203,6378
6214,6355
6215,6352
6212,6350
6215,6355
6201,6341
6189,6359
6208,6355
6205,6361
6208,6373
6191,6380
6200,6363
6210,6364
6210,6362
6207,6329
6218,6322
6209,6342
6209,6354
6207,6355
6204,6350
6205,6379
6209,6382
6221,6388
6209,6394
6195,6370
6198,6359
6196,6391
6197,6376
6193,6356
6202,6362
6188,6347
6210,6352
6197,6356
6204,6378
6216,6363
6210,6389
6209,6396
6228,6361
6207,6371
6195,6360
6206,6372
6203,6360
6205,6400
6209,6388
6203,6366
6216,6354
6195,6346
6206,6355
6217,6381
6210,6377
6202,6372
6230,6357
6209,6348
6211,6352
6216,6364
6204,6386
6206,6378
6217,6360
6202,6372
6207,6393
6209,6387
6209,6400
6214,6399
6213,6385
6220,6367
6206,6345
6211,6341
6208,6358
6206,6359
6217,6363
6222,6381
6209,6375
6211,6385
6220,6401
6217,6388
6211,6409
6207,6387
6205,6364
6218,6375
6225,6398
6204,6348
6223,6349
6203,6374
6214,6352
6221,6410
6208,6354
6223,6360
6215,6337
6212,6347
6209,6346
6208,6346
6211,6338
6213,6385
6208,6357
6210,6365
6203,6367
6211,6334
6202,6360
6197,6380
6204,6371
6211,6378
6225,6360
6220,6336
6217,6360
6202,6336
6207,6360
6217,6334
6210,6357
6217,6338
6213,6346
6223,6364
6212,6355
6209,6335
6211,6352
6204,6351
6208,6363
6220,6389
6201,6366
6208,6369
6215,6358
6200,6353
6216,6355
6211,6331
6209,6330
6212,6316
6226,6342
6222,6349
6226,6335
6232,6317
6229,6337
6233,6339
6216,6349
6207,6337
6209,6341
6210,6344
6202,6321
6208,6342
6207,6353
6208,6353
6217,6339
6219,6364
6222,6368
6210,6347
6215,6330
6234,6355
6225,6369
6218,6370
6225,6366
6228,6363
6224,6358
6202,6366
6215,6355
6243,6338
6248,6327
6237,6372
6251,6392
6240,6367
6260,6369
6260,6332
6278,6355
6291,6366
6325,6354
6365,6385
6365,6373
6404,6397
6445,6375
6481,6354
6546,6392
6607,6388
6668,6383
6736,6395
6817,6392
6874,6403
6906,6372
6966,6378
7031,6369
7084,6360
7121,6362
7197,6392
7252,6350
7327,6363
7341,6374
7373,6345
7394,6331
7373,6353
7393,6347
7358,6385
7267,6364
7157,6356
7064,6333
6982,6328
6914,6319
6836,6349
6789,6350
6726,6351
6672,6373
6618,6391
6549,6395
6524,6369
6559,6382
6593,6372
6600,6406
6688,6401
6744,6399
6799,6424
6869,6409
6957,6431
7037,6435
7163,6467
7328,6479
7515,6511
7714,6521
7922,6534
8168,6504
8339,6490
8533,6506
8862,6501
8996,6486
9129,6498
9240,6521
9265,6448
9512,6509
9388,6593
9398,6687
9412,6701
9342,6789
9054,6840
8909,6902
8743,6983
8457,7029
8204,7063
7983,7195
7833,7263
7612,7351
7434,7454
7294,7502
7163,7607
7072,7600
6964,7676
6885,7690
6800,7692
6811,7655
6784,7676
6811,7685
6875,7672
6958,7614
7059,7574
7203,7486
7363,7486
7533,7411
7738,7354
8043,7263
8236,7155
8454,7051
8655,6934
8922,6869
9290,6762
9585,6715
9835,6656
10112,6611
10120,6620
10207,6689
10416,6763
10430,6878
10249,6982
10224,7100
10053,7222
9832,7400
9730,7560
9438,7708
9178,7813
8835,7958
8682,8066
8384,8251
8238,8353
8015,8503
7866,8564
7669,8656
7517,8785
7333,8895
7200,8957
7068,8970
6999,8935
6909,8899
6873,8827
6820,8845
6837,8744
6850,8636
6909,8425
7009,8365
7114,8208
7265,8079
7450,7855
7619,7669
7778,7491
7947,7342
8195,7174
8325,7025
8506,6899
8719,6775
8826,6719
9012,6707
9128,6700
9365,6706
9583,6792
9678,6912
9735,7016
9837,7164
9786,7297
9836,7421
9851,7536
9747,7676
9463,7797
9305,7949
9134,8063
8841,8149
8679,8247
8342,8401
8088,8382
7770,8392
7459,8395
7294,8483
7120,8483
6962,8538
6852,8513
6730,8504
6716,8475
6719,8327
6737,8205
6760,8152
6874,8079
6965,7910
7140,7862
7312,7704
7481,7542
7684,7440
7955,7320
8173,7193
8427,7049
8658,6947
8757,6842
8947,6751
9141,6708
9231,6659
9313,6641
9289,6638
9423,6698
9414,6736
9402,6806
9456,6921
9343,7080
9233,7208
9099,7416
8953,7644
8833,7858
8632,8118
8382,8384
8208,8606
8005,8785
7915,8894
7752,9056
7601,9285
7396,9458
7294,9454
7134,9505
7035,9503
6927,9391
6825,9326
6765,9232
6692,9162
6656,9068
6666,8850
6676,8710
6734,8509
6846,8320
6926,8062
7027,7886
7121,7724
7287,7498
7453,7284
7684,7163
7872,6971
8128,6901
8411,6765
8586,6686
8748,6618
8964,6599
9147,6536
9308,6583
9464,6587
9538,6635
9643,6687
9753,6772
9721,6903
9688,7012
9690,7108
9585,7160
9533,7284
9455,7390
9328,7461
9129,7585
8939,7705
8726,7827
8477,7914
8239,8027
8026,8123
7801,8223
7578,8338
7372,8466
7173,8502
7039,8518
6914,8419
6827,8385
6738,8377
6689,8363
6719,8230
6735,8103
6799,7982
6891,7838
6995,7715
7155,7514
7355,7334
7552,7192
7718,7044
7876,6954
8053,6840
8235,6735
8412,6663
8600,6608
8709,6563
8794,6526
8941,6521
9056,6527
9155,6548
9239,6593
9236,6693
9271,6792
9226,6927
9111,7045
9099,7220
8977,7368
8928,7596
8869,7783
8774,7984
8638,8177
8482,8356
8287,8468
8091,8615
7951,8748
7819,8889
7564,9055
7325,9055
7168,9064
7009,9010
6842,8926
6763,8849
6705,8747
6649,8665
6616,8527
6637,8395
6646,8194
6717,8023
6844,7904
6944,7738
7134,7561
7289,7362
7462,7221
7647,7020
7892,6902
8073,6789
8266,6727
8414,6670
8572,6590
8705,6553
8899,6517
8931,6562
8957,6612
9082,6635
9187,6706
9151,6785
9122,6847
9005,6963
9009,7054
8983,7198
8846,7332
8882,7458
8866,7612
8771,7732
8684,7866
8541,8888
8419,8135
8234,8433
8021,8500
7875,8575
7669,8662
7473,8726
7288,8805
7111,8760
6953,8701
6790,8664
6704,8619
6601,8609
6552,8457
6559,8269
6594,8105
6677,7874
6778,7685
6899,7466
7006,7273
7199,7139
7362,7006
7536,6851
7758,6761
7945,6646
8192,6590
8344,6544
8511,6507
8709,6478
8874,6451
9003,6473
9109,6461
9181,6496
9322,6559
9300,6648
9359,6680
9451,6769
9344,6882
9236,6983
9183,7108
9084,7272
8986,7361
8713,7507
8528,7648
8343,7760
8139,7877
7931,8028
7757,8183
7543,8233
7361,8314
7182,8359
7000,8472
6886,8477
6771,8404
6689,8307
6638,8243
6623,8126
6648,8016
6696,7886
6781,7763
6866,7668
6962,7516
7061,7385
7232,7249
7408,7078
7600,6933
7779,6811
7982,6753
8210,6646
8446,6574
8668,6496
8785,6493
9054,6461
9324,6442
9434,6466
9583,6511
9771,6580
9835,6648
9851,6771
9954,6924
9940,7031
9970,7177
9922,7340
9721,7517
9596,7700
9402,7856
9163,8034
9014,8270
8820,8437
8567,8656
8321,8691
8139,8761
7974,8813
7798,8800
7605,8821
7329,8808
7177,8767
7041,8662
6894,8600
6848,8561
6755,8473
6728,8331
6722,8172
6747,8039
6770,7952
6839,7804
6946,7613
7056,7463
7203,7282
7380,7145
7575,7063
7799,6937
8056,6795
8270,6714
8434,6632
8628,6591
8736,6577
8869,6576
8961,6549
9033,6579
9064,6669
9188,6720
9250,6804
9356,6929
9441,7062
9471,7243
9303,7358
9137,7555
8985,7770
8881,7851
8701,8093
8490,8333
8201,8438
8020,8497
7831,8602
7644,8691
7540,8689
7365,8797
7230,8798
7067,8868
6964,8815
6873,8799
6811,8767
6778,8690
6771,8528
6813,8371
6885,8218
6914,8090
6990,7932
7131,7766
7242,7549
7439,7386
7492,7233
7795,7103
8030,6969
8236,6808
8485,6738
8620,6736
8679,6667
8856,6651
8896,6625
9098,6599
9265,6604
9476,6668
9679,6748
9659,6791
9636,6910
9546,7027
9544,7181
9439,7350
9449,7526
9295,7635
9124,7733
8982,7823
8824,7953
8642,8124
8556,8255
8531,8271
8265,8303
7972,8347
7779,8362
7538,8450
7416,8365
7259,8359
7150,8303
7022,8248
6939,8241
6769,8087
6677,7983
6660,7919
6666,7797
6713,7699
6824,7544
6936,7398
7052,7273
7261,7161
7443,7084
7626,6937
7865,6827
8081,6693
8282,6621
8457,6585
8677,6536
8893,6511
9043,6477
9158,6493
9217,6522
9121,6556
9224,6599
9301,6685
9319,6757
9367,6837
9313,6948
9203,7098
9047,7250
8936,7396
8804,7516
8626,7688
8371,7872
8207,7954
8088,8210
7925,8265
7807,8366
7656,8450
7465,8459
7279,8593
7093,8602
6992,8678
6908,8694
6824,8578
6751,8511
6721,8458
6696,8319
6722,8161
6722,7938
6823,7779
6951,7629
7113,7481
7267,7332
7488,7150
7635,6997
7859,6839
8086,6703
8309,6611
8396,6518
8618,6421
8746,6393
8884,6352
9105,6370
9232,6356
9379,6393
9538,6440
9530,6506
9488,6606
9498,6749
9405,6864
9388,7002
9451,7100
9406,7271
9210,7399
9019,7536
8771,7704
8591,7820
8384,7942
8183,8031
7966,8148
7770,8238
7605,8255
7448,8383
7244,8404
7008,8393
6937,8416
6843,8374
6778,8395
6731,8233
6770,8179
6779,8056
6853,7938
6942,7772
7058,7623
7228,7425
7458,7304
7636,7180
7884,7024
8158,6956
8452,6842
8688,6748
9055,6710
9374,6664
9540,6645
9731,6605
10023,6622
10205,6620
10422,6665
10577,6712
10587,6787
10560,6869
10487,6990
10582,7091
10681,7231
10689,7385
10438,7507
10205,7735
9956,7904
9650,8108
9426,8307
9306,8467
9054,8613
8768,8694
8429,8841
8120,8877
7843,8982
7657,9014
7370,9056
7163,9049
6969,9015
6857,8981
6778,8933
6767,8843
6770,8705
6888,8599
6974,8445
7083,8167
7234,8047
7376,7905
7600,7705
7785,7528
7978,7329
8127,7139
8351,6994
8459,6905
8626,6842
8935,6744
9176,6680
9333,6630
9623,6635
9792,6719
9899,6794
10130,6892
10350,7076
10372,7263
10392,7437
10355,7628
10477,7836
10640,8102
10585,8289
10524,8557
10389,8824
10127,9019
9962,9300
9740,9515
9472,9655
9160,9792
8811,9951
8435,10058
8144,10125
7901,10089
7663,10021
7450,9900
7319,9918
7174,9816
7102,9572
7096,9383
7118,9134
7147,8913
7251,8918
7399,8781
7507,8574
7725,8353
8017,8132
8284,7864
8760,7686
9140,7526
9481,7351
9753,7211
10168,7033
10554,6922
11158,6830
11637,6720
11894,6662
12186,6617
12496,6622
12554,6637
12679,6682
12615,6796
12408,6922
12017,7124
11781,7321
11456,7491
11245,7779
10856,8038
10545,8337
10232,8665
9827,8910
9511,9069
9173,9262
8855,9388
8562,9510
8371,9698
8150,9753
8013,9896
7959,9970
7776,9960
7609,9948
7507,9937
7461,9909
7380,9678
7326,9504
7386,9346
7479,9215
7616,8975
7796,8738
8131,8520
8372,8232
8666,7908
9040,7647
9523,7436
9845,7231
10203,7004
10559,6863
10965,6737
11353,6703
11645,6729
11800,6744
11982,6845
12285,6967
12347,7143
12514,7358
12615,7530
12455,7699
12154,8023
11941,8240
11705,8386
11502,8529
11126,8708
10871,8909
10467,9113
10133,9320
9725,9397
9387,9443
9021,9539
8694,9585
8421,9912
8176,10076
7874,10306
7583,10241
7250,10370
7050,10337
6879,10372
6758,10346
6725,10327
6721,10137
6794,9971
6961,9739
7202,9498
7432,9300
7680,9146
7856,8769
8115,8466
8342,8159
8506,7947
8784,7634
9140,7417
9321,7223
9339,7141
9557,7014
9707,6969
9959,6978
10089,7032
9545,7035
9921,7125
10418,7238
9909,7376
8758,7533
7765,7693
6995,7878
6602,8071
6380,8210
6293,8425
6212,8629
6177,8778
6175,9057
6164,9323
6147,9395
6149,9519
6137,9683
6135,9770
6146,9858
6150,9881
6139,9764
6138,9715
6130,9581
6122,9450
6112,9292
6115,9162
6122,8911
6122,8617
6123,8290
6112,8077
6118,7901
6111,7761
6120,7571
6116,7357
6111,7192
6121,7026
6124,6911
6112,6833
6114,6764
6119,6695
6110,6703
6115,6733
6114,6771
6118,6814
6104,6802
6122,6896
6109,7003
6101,7121
6115,7226
6114,7300
6118,7432
6117,7610
6125,7748
6113,7812
6099,7852
6099,7844
6108,7812
6109,7640
6115,7274
6111,6901
6116,6590
6111,6374
6109,6261
6101,6200
6104,6171
5989,5958
6282,6127
6102,6157
6162,6150
6085,6115
6062,6063
6121,6164
6104,6125
6120,6115
6094,6131
6108,6123
6108,6108
6100,6088
6101,6079
6108,6083
6113,6072
6100,6065
6107,6064
6118,6060
6102,6058
6098,6076
6107,6069
6107,6061
6103,6064
6104,6063
6109,6072
6101,6064
6103,6058
6114,6057
6101,6059
6113,6058
6104,6071
6102,6070
6110,6061
6113,6062
6103,6064
6099,6062
6100,6062
6100,6045
6097,6052
6102,6054
6110,6057
6112,6061
6114,6057
6121,6062
6109,6064
6111,6059
6115,6054
6121,6057
6110,6062
6109,6056
6104,6045
6105,6051
6119,6054
6114,6061
6107,6053
6117,6054
6107,6051
6107,6058
6111,6054
6114,6048
6107,6056
6114,6054
6101,6045
6113,6050
6108,6053
6119,6044
6120,6058
6102,6040
6104,6054
6121,6051
6113,6045
6112,6065
6108,6036
6110,6038
6111,6044
6111,6041
6109,6061
6116,6045
6102,6053
6115,6056
6106,6053
6101,6058
6119,6048
6106,6060
6111,6061
6114,6060
6106,6054
6120,6056
6103,6041
6100,6050
6122,6052
6114,6054
6110,6043
6112,6052
6099,6055
6108,6055
6112,6056
6111,6041
6097,6050
6108,6046
6114,6054
6115,6046
6106,6059
6105,6047
6103,6050
6108,6045
6102,6051
6106,6048
6108,6055
6114,6046
6113,6064
6106,6055
6100,6055
6110,6054
6100,6045
6106,6048
6126,6062
6112,6057
6106,6047
6103,6058
6105,6058
6097,6060
6112,6048
6109,6042
6107,6052
6104,6051
6115,6057
6113,6070
6100,6048
6104,6043
6101,6048
6110,6059
6110,6046
6095,6056
6105,6048
6100,6058
6110,6045
6106,6036
6105,6048
6101,6061
6100,6033
6107,6053
6116,6057
6112,6040
6114,6050
6100,6042
6101,6057
6099,6059
6102,6051
6114,6050
6095,6063
6099,6049
6107,6049
6105,6055
6110,6047
6101,6038
6107,6051
6104,6053
6101,6054
6101,6058
6101,6058
6105,6061
6107,6062
6101,6051
6094,6047
6111,6055
6097,6039
6102,6056
6110,6058
6110,6053
6104,6052
6098,6041
6111,6035
6101,6048
6103,6065
6103,6049
6094,6040
6105,6052
6104,6045
6102,6046
6102,6054
6106,6055
6100,6064
6094,6057
6095,6053
6103,6052
6099,6040
6101,6053
6106,6048
6100,6048
6089,6055
6112,6049
6099,6040
6103,6055
6105,6051
6106,6042
6095,6043
6104,6050
6099,6059
6102,6049
6107,6048
6097,6055
6093,6061
6091,6059
6103,6058
6100,6052
6097,6049
6104,6029
6107,6054
6100,6056
6099,6034
6108,6043
6105,6050
6102,6034
6108,6052
6103,6047
6091,6056
6101,6050
6101,6024
6102,6051
6097,6051
6104,6053
6088,6053
6096,6051
6107,6051
6098,6063
6102,6053
6103,6048
6097,6057
6101,6044
6104,6060
6096,6041
6106,6051
6103,6048
6111,6054
6093,6058
6094,6061
6104,6055
6097,6059
6098,6059
6104,6043
6096,6052
6107,6050
6107,6056
6103,6056
6102,6052
6105,6056
6099,6042
6104,6044
6096,6043
6097,6055
6106,6058
6101,6062
6099,6070
6095,6048
6110,6057
6110,6050
6106,6049
6111,6047
6103,6044
6110,6038
6110,6054
6109,6054
6110,6061
6107,6054
6096,6058
5981,5889
6140,6109
6067,6003
6134,6072
6119,6083
6080,6042
6103,6050
6098,6063
6118,6058
6112,6050
6114,6049
6105,6045
6111,6054
6114,6056
6107,6056
6117,6058
6112,6057
6110,6048
6106,6060
6108,6051
6101,6041
6108,6043
6107,6057
6112,6043
6104,6054
6103,6048
6109,6054
6103,6051
6107,6025
6113,6053
6111,6050
6115,6051
6104,6064
6111,6064
6110,6055
6104,6040
6101,6039
6102,6061
6105,6067
6106,6058
6100,6047
6104,6044
6111,6051
6107,6042
6105,6044
6103,6043
6106,6027
6109,6047
6103,6042
6099,6053
6107,6051
6106,6056
6103,6055
6097,6059
6103,6053
6099,6049
6109,6051
6097,6037
6095,6059
6105,6048
6112,6050
6098,6046
6105,6057
6110,6047
6103,6049
6105,6038
6101,6048
6110,6059
6102,6047
6108,6057
6104,6049
6099,6049
6104,6048
6106,6052
6105,6048
6107,6047
6104,6047
6103,6047
6112,6049
6093,6043
6107,6059
6109,6053
6113,6063
6106,6047
6095,6049
6105,6057
6105,6044
6113,6053
6113,6056
6117,6057
6105,6065
6110,6061
6108,6056
6110,6054
6115,6054
6106,6047
6107,6056
6121,6051
6111,6063
6117,6054
6114,6047
6117,6046
6116,6047
6132,6059
6113,6048
6110,6047
6119,6047
6118,6069
6113,6061
6116,6058
6112,6058
6105,6058
6112,6056
6118,6057
6113,6063
6124,6054
6112,6055
6115,6057
6111,6048
6112,6054
6110,6049
6107,6058
6110,6060
6108,6051
6112,6053
6109,6048
6110,6053
6102,6062
6109,6048
6096,6055
6107,6049
6113,6048
6112,6059
6104,6062
6111,6048
6111,6049
6102,6024
6113,6052
6111,6057
6119,6050
6120,6051
6106,6060
6102,6062
6119,6052
6103,6060
6110,6057
6111,6050
6114,6056
6111,6062
6108,6062
6106,6054
6107,6049
6109,6043
6112,6055
6108,6054
6118,6058
6114,6047
6106,6049
6113,6037
6118,6034
6099,6056
6110,6066
6103,6055
6112,6046
6119,6055
6108,6041
6118,6047
6117,6054
6105,6052
6115,6053
6108,6060
6100,6061
6111,6059
6110,6063
6103,6059
6113,6053
6113,6055
6112,6055
6110,6045
6106,6059
6113,6060
6117,6054
6084,6048
6113,6054
6123,6057
6119,6053
6105,6063
6106,6058
6112,6053
6114,6055
6114,6064
6111,6057
6117,6057
6118,6055
6116,6048
6121,6055
6103,6047
6118,6062
6109,6041
6129,6033
6115,6053
6114,6066
6123,6055
6114,6065
6114,6058
6123,6064
6119,6053
6120,6051
6111,6046
6114,6058
6119,6067
6120,6063
6114,6055
6108,6058
6119,6062
6119,6068
6114,6060
6108,6066
6119,6060
6115,6061
6119,6056
6118,6064
6112,6043
6120,6061
6120,6061
6112,6053
6111,6046
6117,6048
6113,6051
6109,6057
6117,6058
6114,6056
6121,6036
6108,6062
6113,6063
6116,6053
6114,6062
6117,6066
6114,6057
6115,6063
6115,6048
6108,6051
6122,6067
6119,6063
6122,6059
6119,6060
6119,6060
6114,6063
6111,6045
6114,6056
6118,6056
6119,6055
6123,6080
6114,6065
6115,6058
6112,6048
6116,6054
6114,6064
6114,6062
6118,6055
6115,6063
6121,6054
6113,6059
6116,6061
6110,6054
6112,6052
6116,6053
6108,6056
6108,6056
6115,6053
6120,6061
6115,6051
6112,6049
6115,6051
6118,6060
6116,6061
6114,6060
6114,6055
6113,6063
6112,6061
6105,6061
6115,6053
6118,6057
6117,6056
6107,6066
6112,6060
6117,6050
6119,6057
6111,6061
6123,6040
6114,6051
6114,6051
6110,6058
6117,6065
6109,6058
6122,6055
6114,6061
6115,6053
6114,6063
6110,6053
6120,6053
6115,6058
6121,6041
6118,6053
0,26
0,61680
0,0
6117,6055
5602,5573
5597,5583
5609,5581
5603,5584
5602,5582
5596,5580
5596,5575
5597,5571
5820,5754
6327,6275
6274,6281
6290,6272
6297,6258
6289,6273
6291,6303
6274,6278
6301,6268
6315,6277
6297,6286
6290,6284
6293,6277
6278,6290
6276,6308
6291,6291
6294,6287
6288,6296
6283,6293
6274,6299
6292,6286
6282,6282
6295,6281
6289,6271
6291,6313
6281,6289
6279,6288
6296,6278
6285,6292
6280,6305
6286,6308
6285,6296
6273,6297
6276,6280
6297,6298
6289,6311
6271,6303
6273,6303
6266,6318
6296,6313
6296,6294
6293,6308
6300,6288
6282,6316
6276,6311
6293,6311
6292,6298
6293,6299
6295,6298
6305,6314
6298,6307
6303,6337
6287,6331
6288,6312
6292,6307
6279,6286
6293,6297
6289,6288
6291,6289
6280,6293
6307,6284
6286,6296
6278,6320
6284,6315
6276,6317
6277,6321
6274,6316
6280,6296
6294,6307
6287,6289
6268,6292
6273,6290
6291,6305
6301,6317
6294,6320
6284,6332
6277,6297
6272,6313
6287,6323
6276,6307
6255,6319
6275,6319
6283,6294
6283,6310
6302,6324
6290,6340
6298,6358
6262,6329
6262,6321
6259,6317
6264,6303
6284,6291
6267,6302
6281,6313
6290,6310
6265,6310
6269,6298
6255,6313
6272,6304
6279,6317
6269,6339
6258,6339
6261,6326
6263,6308
6802,6796
6242,6291
6400,6424
6346,6381
6291,6337
6277,6337
6272,6304
6281,6331
6288,6324
6276,6324
6287,6352
6275,6354
6295,6335
6289,6327
6287,6294
6272,6299
6272,6317
6290,6327
6290,6327
6258,6324
6264,6324
6256,6329
6266,6321
6266,6295
6257,6301
6281,6330
6269,6351
6289,6327
6266,6308
6276,6312
6285,6326
6282,6319
6269,6286
6278,6329
6266,6347
6265,6344
6266,6353
6273,6345
6275,6336
6266,6312
6283,6353
6287,6347
6274,6322
6280,6348
6279,6354
6285,6344
6276,6352
6273,6316
6261,6313
6252,6321
6266,6357
6292,6376
6278,6349
6281,6344
6277,6365
6274,6339
6272,6323
6261,6334
6268,6329
6267,6330
6243,6329
6267,6362
6267,6324
6282,6339
6285,6345
6282,6353
6255,6340
6265,6342
6264,6325
6273,6311
6283,6332
6267,6322
6278,6326
6290,6336
6283,6347
6272,6362
6261,6371
6256,6353
6279,6349
6266,6351
6260,6354
6269,6349
6264,6368
6263,6360
6273,6357
6280,6333
6270,6344
6256,6339
6258,6343
6249,6350
6266,6329
6270,6337
6268,6377
6249,6347
6255,6351
6240,6342
6253,6336
6260,6342
6261,6343
6279,6344
6276,6347
6269,6350
6265,6343
6263,6359
6244,6364
6251,6362
6252,6348
6254,6343
6246,6345
6251,6359
6258,6354
6248,6356
6257,6358
6272,6353
6261,6354
6257,6374
6265,6358
6251,6363
6251,6359
6239,6342
6249,6374
6258,6363
6242,6332
6228,6346
6245,6331
6247,6354
6238,6327
6244,6328
6260,6330
6247,6356
6240,6370
6237,6400
6239,6352
6246,6348
6240,6355
6237,6349
6249,6356
6239,6370
6247,6335
6249,6336
6260,6356
6248,6356
6250,6367
6237,6379
6252,6377
6249,6356
6235,6355
6244,6331
6232,6342
6245,6367
6235,6349
6228,6337
6232,6332
6229,6321
6242,6322
6234,6342
6246,6335
6231,6322
6234,6344
6220,6349
6239,6332
6247,6332
6247,6347
6257,6354
6264,6358
6249,6351
6260,6365
6245,6376
6261,6341
6244,6375
6241,6380
6249,6372
6242,6366
6245,6370
6234,6376
6224,6374
6231,6368
6220,6383
6228,6393
6219,6378
6232,6362
6221,6364
6219,6369
6229,6382
6234,6360
6236,6366
6237,6350
6241,6367
6242,6353
6238,6375
6245,6369
6238,6360
6235,6367
6230,6351
6229,6358
6227,6344
6226,6378
6222,6358
6218,6349
6217,6351
6226,6350
6221,6376
6227,6373
6240,6413
6232,6426
6230,6386
6225,6391
6217,6387
6226,6413
6226,6424
6220,6406
6215,6408
6225,6400
6222,6360
6220,6377
6224,6366
6236,6377
6230,6396
6233,6372
6219,6381
6212,6375
6222,6358
6217,6373
6215,6382
6214,6354
6227,6390
6216,6362
6217,6362
6221,6387
6211,6364
6211,6399
6197,6390
6210,6392
6224,6399
6215,6394
6206,6376
6208,6356
6227,6352
6215,6380
6210,6375
6220,6377
6229,6371
6240,6387
6224,6372
6223,6379
6231,6378
6225,6400
6230,6369
6235,6374
6228,6376
6222,6384
6214,6361
6199,6368
6215,6368
6229,6365
6218,6380
6220,6368
6224,6402
6206,6402
6214,6394
6216,6410
6206,6401
6228,6391
6213,6373
6210,6372
6208,6369
6209,6369
6216,6367
6114,6284
6202,6347
6173,6360
6204,6338
6221,6393
6201,6359
6208,6371
6209,6388
6203,6381
6217,6409
6191,6362
6197,6379
6210,6392
6206,6376
6212,6378
6204,6394
6207,6385
6212,6360
6203,6356
6206,6387
6208,6380
6200,6371
6207,6385
6201,6386
6202,6368
6203,6395
6208,6368
6207,6400
6204,6375
6197,6403
6206,6374
6199,6363
6204,6374
6208,6372
6207,6379
6210,6382
6204,6366
6207,6352
6218,6342
6204,6357
6211,6368
6207,6364
6207,6349
6206,6327
6213,6349
6218,6372
6196,6351
6201,6355
6199,6387
6202,6394
6204,6387
6203,6372
6205,6359
6198,6365
6204,6398
6205,6417
6195,6404
6199,6376
6214,6368
6203,6373
6194,6383
6216,6386
6195,6384
6213,6377
6216,6383
6203,6382
6196,6370
6195,6378
6207,6385
6199,6364
6215,6357
6209,6372
6200,6360
6202,6383
6201,6382
6214,6344
6207,6351
6209,6378
6191,6354
6201,6361
6212,6344
6202,6351
6199,6385
6187,6365
6196,6321
6204,6357
6207,6375
6210,6344
6203,6342
6208,6347
6205,6315
6189,6367
6209,6348
6207,6377
6207,6371
6210,6383
6204,6404
6204,6398
6197,6391
6203,6385
6191,6375
6192,6377
6191,6389
6185,6344
6203,6357
6205,6352
6191,6369
6201,6352
6216,6385
6206,6388
6216,6355
6201,6366
6209,6392
6202,6386
6207,6366
6209,6375
6212,6377
6210,6374
6206,6375
6198,6348
6201,6370
6212,6380
6206,6379
6200,6369
6213,6377
6207,6346
6208,6367
6207,6358
6202,6372
6203,6371
6210,6380
6210,6394
6200,6401
6214,6387
6195,6403
6205,6398
6202,6385
6213,6374
6213,6340
6207,6353
6206,6374
6209,6370
6217,6383
6225,6369
6210,6369
6193,6398
6203,6393
6222,6378
6218,6403
6208,6372
6200,6387
6214,6376
6227,6379
6205,6358
6212,6356
6207,6361
6219,6368
6217,6392
6207,6369
6201,6363
6219,6347
6218,6331
6217,6347
6206,6363
6210,6357
6202,6378
6207,6367
6202,6362
6194,6371
6203,6359
6204,6358
6201,6365
6206,6341
6223,6385
6227,6358
6211,6346
6217,6353
6205,6335
6216,6365
6205,6357
6216,6349
6211,6342
6215,6341
6220,6360
6204,6354
6212,6330
6217,6348
6198,6376
6215,6347
6211,6350
6213,6352
6212,6358
6212,6363
6213,6348
6215,6343
6204,6344
6205,6337
6214,6339
6221,6335
6223,6341
6227,6336
6224,6326
6235,6333
6219,6324
6215,6341
6203,6319
6197,6337
6211,6334
6203,6343
6192,6322
6210,6345
6209,6339
6213,6359
6207,6379
6214,6375
6208,6362
6211,6355
6225,6359
6234,6355
6237,6388
6218,6370
6224,6362
6214,6342
6216,6359
6215,6346
6233,6347
6231,6363
6248,6375
6248,6358
6251,6380
6253,6358
6260,6346
6293,6372
6307,6357
6334,6361
6361,6384
6375,6382
6409,6384
6439,6374
6502,6376
6557,6399
6596,6416
6658,6379
6738,6400
6823,6402
6878,6405
6920,6385
6968,6361
7045,6370
7076,6346
7115,6359
7168,6358
7216,6342
7333,6367
7370,6346
7379,6332
7394,6333
7378,6337
7372,6360
7318,6379
7268,6376
7142,6362
7098,6334
6990,6318
6910,6332
6848,6330
6687,6261
6969,6654
6571,6264
6602,6434
6521,6353
6518,6323
6552,6379
6586,6392
6655,6434
6696,6430
6725,6379
6758,6409
6861,6417
6952,6428
7039,6433
7188,6423
7358,6462
7535,6512
7702,6525
7952,6534
8170,6512
8346,6502
8552,6482
8866,6493
9040,6495
9126,6486
9223,6510
9364,6558
9401,6564
9411,6609
9374,6685
9425,6695
9316,6745
9076,6838
8857,6878
8668,6962
8474,7008
8203,7103
7963,7213
7790,7269
7621,7353
7431,7450
7295,7546
7168,7585
7060,7623
6965,7697
6889,7680
6839,7704
6777,7647
6757,7672
6813,7696
6870,7660
6943,7590
7095,7559
7215,7526
7363,7479
7540,7440
7737,7360
8016,7266
8244,7159
8430,7059
8703,6944
8974,6860
9305,6755
9518,6729
9822,6651
10129,6630
10171,6643
10243,6684
10338,6774
10398,6877
10327,6994
10208,7097
10041,7238
9829,7380
9720,7594
9451,7662
9155,7849
8835,7967
8594,8077
8354,8201
8220,8371
7981,8500
7857,8588
7657,8626
7519,8785
7328,8991
7206,8975
7086,8966
6988,8973
6899,8883
6861,8804
6827,8838
6811,8817
6848,8618
6897,8350
6982,8287
7128,8198
7266,8106
7432,7871
7620,7653
7755,7455
7993,7342
8202,7173
8328,7024
8571,6924
8743,6770
8846,6719
8973,6675
9122,6701
9410,6738
9613,6781
9683,6882
9729,6991
9825,7147
9787,7278
9814,7417
9857,7538
9704,7685
9462,7830
9281,7962
9080,8074
8835,8183
8654,8198
8367,8372
8053,8408
7778,8370
7456,8388
7258,8469
7090,8472
6948,8518
6821,8534
6719,8501
6675,8462
6694,8324
6712,8240
6792,8158
6878,8031
6986,7923
7103,7797
7319,7711
7509,7576
7709,7435
7967,7309
8223,7206
8406,7065
8618,6965
8798,6853
8923,6759
9131,6700
9220,6646
9315,6615
9307,6636
9431,6660
9393,6744
9449,6823
9444,6936
9343,7059
9277,7195
9139,7404
8983,7617
8863,7870
8628,8129
8375,8420
8185,8638
8022,8769
7899,8962
7730,9066
7582,9280
7409,9478
7279,9472
7174,9500
7033,9500
6926,9444
6844,9329
6765,9267
6687,9178
6679,9029
6664,8831
6665,8724
6717,8515
6830,8322
6942,8120
7007,7924
7142,7721
7289,7471
7472,7298
7684,7145
7913,7002
8147,6897
8402,6778
8566,6684
8774,6645
8952,6582
9201,6537
9360,6567
9448,6586
9562,6646
9656,6713
9723,6769
9747,6914
9748,7023
9622,7085
9588,7175
9526,7263
9424,7370
9316,7484
9141,7543
8901,7712
8690,7835
8438,7939
8235,8044
8024,8148
7791,8242
7589,8342
7383,8490
7165,8509
7042,8529
6921,8430
6808,8413
6737,8374
6696,8317
6714,8242
6728,8124
6807,7985
6863,7854
6990,7699
7156,7534
7368,7350
7560,7178
7706,7057
7877,6941
8050,6813
8243,6739
8443,6682
8601,6607
8713,6543
8801,6512
8926,6533
9053,6521
9110,6561
9246,6607
9284,6699
9235,6774
9219,6891
9168,7055
9041,7223
8983,7347
8949,7581
8863,7755
8808,7977
8615,8177
8519,8329
8295,8448
8094,8647
7944,8772
7820,8908
7556,9037
7323,9079
7138,9029
6976,9018
6867,8944
6782,8862
6696,8752
6655,8639
6590,8500
6620,8341
6658,8176
6551,7920
6745,7868
7010,7751
7128,7565
7278,7345
7445,7185
7697,7048
7919,6923
8102,6808
8242,6713
8389,6660
8558,6582
8690,6546
8862,6547
8950,6532
9022,6559
9104,6649
9211,6682
9174,6767
9130,6822
9058,6966
9025,7058
9017,7176
8902,7320
8876,7440
8836,7581
8783,7745
8724,7904
8564,8101
8449,8261
8212,8384
8030,8511
7851,8563
7660,8680
7474,8725
7311,8810
7082,8782
6966,8730
6804,8699
6705,8655
6607,8613
6557,8451
6571,8266
6594,8077
6659,7867
6784,7642
6907,7436
7033,7280
7217,7134
7381,7006
7542,6847
7783,6742
7945,6661
8163,6585
8343,6536
8510,6490
8724,6451
8932,6448
8986,6470
9075,6486
9166,6496
9241,6555
9309,6605
9372,6685
9388,6772
9349,6855
9292,6975
9193,7109
9075,7299
8970,7405
8747,7493
8547,7662
8344,7784
8098,7894
7941,8036
7801,8164
7598,8230
7377,8302
7190,8384
6984,8511
6874,8527
6765,8425
6666,8298
6640,8249
6631,8167
6629,8050
6680,7855
6742,7770
6877,7677
6972,7479
7042,7356
7201,7240
7388,7094
7618,6927
7801,6823
7978,6737
8201,6659
8431,6566
8659,6478
8796,6471
9079,6442
9294,6431
9444,6475
9598,6508
9758,6572
9853,6670
9820,6773
9981,6926
9963,7017
9985,7170
9941,7377
9754,7586
9591,7694
9443,7848
9163,8082
9039,8218
8786,8480
8570,8640
8326,8736
8122,8772
7973,8851
7735,8846
7572,8595
7363,8855
7177,8753
7033,8719
6920,8650
6830,8592
6786,8521
6726,8339
6714,8203
6713,8069
6759,7985
6869,7813
6966,7622
7071,7488
7260,7276
7398,7151
7616,7062
7816,6902
8086,6789
8223,6717
8417,6639
8609,6624
8708,6557
8882,6529
8953,6506
9017,6569
9139,6637
9131,6739
9309,6808
9367,6928
9545,7098
9543,7276
9285,7383
9110,7576
8961,7734
8825,7872
8698,8073
8467,8321
8261,8416
8045,8501
7895,8559
7666,8703
7528,8716
7362,8751
7201,8823
7070,8875
6957,8829
6898,8787
6809,8812
6760,8723
6769,8513
6839,8354
6849,8240
6924,8111
6991,7960
7126,7810
7260,7566
7371,7447
7515,7254
7815,7115
8028,6967
8231,6843
8461,6784
8640,6740
8730,6674
8850,6643
8907,6605
9104,6598
9274,6592
9489,6669
9716,6736
9625,6808
9601,6916
9539,7016
9547,7163
9449,7310
9389,7486
9229,7631
9168,7720
8968,7864
8844,7966
8657,8143
8549,8215
8553,8258
8280,8250
7949,8388
7784,8433
7574,8411
7417,8385
7252,8338
7167,8276
7042,8241
6927,8214
6938,8200
6519,7810
6658,7923
6740,7843
6760,7711
6782,7538
6930,7376
7070,7254
7264,7191
7397,7038
7637,6928
7861,6845
8096,6728
8254,6616
8431,6578
8589,6533
8903,6505
9046,6482
9161,6483
9126,6509
9131,6556
9273,6604
9332,6688
9346,6755
9307,6861
9315,6928
9190,7096
9080,7252
8950,7371
8789,7507
8626,7717
8411,7868
8246,7941
8081,8185
7928,8316
7774,8365
7668,8478
7452,8523
7251,8630
7088,8592
6967,8665
6884,8697
6840,8634
6750,8520
6709,8478
6707,8296
6725,8101
6729,7944
6847,7786
6952,7652
7109,7422
7278,7312
7471,7159
7697,6960
7853,6832
8086,6722
8286,6616
8420,6535
8638,6422
8744,6405
8924,6355
9120,6352
9246,6345
9347,6410
9516,6429
9554,6514
9519,6563
9486,6751
9437,6847
9348,6988
9422,7142
9375,7259
9156,7387
9017,7550
8797,7709
8549,7855
8410,7944
8163,8053
7887,8158
7793,8270
7617,8349
7381,8352
7185,8411
7061,8404
6930,8432
6835,8399
6783,8331
6764,8226
6769,8154
6779,8026
6859,7910
6941,7806
7067,7619
7223,7433
7463,7276
7625,7192
7873,7059
8163,6959
8456,6850
8696,6756
9058,6711
9375,6670
9539,6639
9765,6611
10044,6605
10193,6651
10470,6653
10615,6755
10618,6776
10561,6872
10502,6966
10528,7089
10717,7230
10674,7374
10458,7531
10248,7722
10002,7904
9701,8112
9461,8334
9323,8538
9047,8599
8759,8736
8456,8845
8103,8927
7845,9023
7615,9099
7367,9024
7137,9067
6956,9067
6860,9069
6778,9005
6766,8867
6775,8708
6862,8634
6954,8419
7100,8206
7242,8047
7395,7872
7626,7724
7849,7544
7994,7327
8178,7160
8321,7000
8476,6911
8671,6798
8946,6750
9197,6682
9385,6638
9599,6639
9767,6728
9881,6779
10127,6923
10384,7045
10422,7245
10368,7456
10385,7614
10545,7856
10536,8117
10578,8303
10491,8536
10373,8860
10140,9011
9886,9324
9741,9533
9496,9657
9206,9822
8822,9967
8426,10052
8152,10090
7883,10077
7700,10019
7449,9893
7290,9890
7161,9813
7112,9645
7077,9363
7068,9121
7148,8928
7236,8887
7418,8815
7495,8572
7712,8370
7956,8126
8298,7870
8720,7683
9139,7544
9441,7394
9813,7185
10136,7059
10647,6897
11134,6821
11600,6729
11901,6654
12216,6613
12426,6622
12602,6660
12630,6701
12659,6809
12388,6950
12071,7142
11752,7347
11459,7521
11229,7746
10903,8041
10539,8362
10275,8649
9834,8948
9563,9110
9252,9297
8919,9414
8631,9541
8377,9711
8187,9841
8024,9920
7893,9892
7788,9968
7610,9965
7497,9893
7461,9912
7379,9696
7336,9497
7413,9322
7455,9200
7629,8962
7810,8747
8099,8518
8334,8195
8689,7900
9034,7599
9530,7469
9853,7231
10196,7022
10622,6857
11002,6782
11355,6707
11673,6705
11791,6751
12029,6851
12272,6965
12434,7160
12569,7333
12566,7515
12494,7723
12185,8034
11978,8240
11690,8376
11543,8539
11167,8792
10866,8921
10458,9159
10124,9343
9683,9450
9413,9534
9024,9535
8670,9670
8384,9947
8137,10210
7857,10288
7541,10388
7262,10372
7050,10325
6896,10419
6773,10399
6701,10335
6732,10185
6826,10001
6968,9819
7208,9565
7403,9321
7570,8977
7919,8801
8125,8490
8322,8165
8477,7928
8846,7639
9178,7414
9318,7224
9356,7114
9543,7026
9656,6958
10001,6978
10054,7024
9552,7100
9931,7124
10478,7246
9934,7393
8799,7539
7782,7672
7043,7878
6618,8072
6393,8222
6273,8463
6226,8666
6182,8804
6166,9060
6158,9325
6154,9372
6144,9503
6141,9666
6135,9699
6144,9811
6145,9914
6156,9785
6151,9707
6135,9632
6129,9393
6118,9294
6125,9110
6118,8863
6137,8618
6118,8307
6114,8085
6120,7959
6119,7729
6113,7562
6123,7369
6116,7219
6118,7040
6118,6929
6120,6817
6120,6754
6114,6737
6114,6681
6113,6732
6107,6784
6126,6817
6106,6820
6120,6910
6120,7040
6110,7122
6111,7226
6122,7304
6111,7407
6114,7637
6118,7780
6110,7802
6109,7870
6106,7864
6106,7843
6114,7601
6113,7297
6107,6924
6109,6587
6108,6371
6106,6264
6102,6177
6113,6160
6107,6147
6102,6130
6110,6134
6100,6118
6105,6123
6109,6131
6106,6126
6108,6133
6098,6133
6105,6142
6110,6127
6103,6106
6106,6086
6099,6087
6111,6069
6112,6076
6098,6053
6104,6069
6110,6065
6103,6065
6106,6072
6108,6057
6109,6065
6098,6074
6106,6062
6110,6062
6105,6059
6095,6063
6107,6059
6103,6066
6109,6066
6096,6061
6112,6069
6102,6056
6105,6057
6108,6060
6104,6056
6108,6048
6109,6054
6103,6051
6105,6055
6109,6063
6112,6058
6108,6055
6101,6056
6109,6053
6106,6061
6109,6049
6107,6061
6110,6050
6114,6047
6108,6051
6115,6063
6119,6065
6110,6050
6105,6051
6112,6061
6107,6053
6112,6054
6117,6045
6114,6057
6110,6059
6118,6062
6106,6057
6106,6062
6113,6049
6107,6048
6107,6042
6105,6056
6105,6029
6118,6060
6111,6046
6108,6057
6100,6055
6105,6047
6116,6054
6115,6051
6111,6054
6108,6033
6109,6043
6107,6058
6102,6054
6112,6060
6110,6046
6114,6052
6115,6053
6108,6051
6114,6047
6115,6076
6104,6053
6112,6040
6116,6050
6111,6058
6110,6053
6105,6052
6108,6051
6110,6054
6115,6051
6107,6048
6106,6047
6107,6045
6109,6061
6110,6054
6102,6056
6103,6065
6098,6057
6112,6050
6101,6046
6105,6045
6104,6031
6108,6048
6108,6063
6111,6048
6104,6052
6102,6050
6096,6055
6102,6055
6113,6063
6110,6046
6100,6056
6107,6043
6102,6056
6108,6051
6111,6055
6112,6041
6102,6049
6103,6049
6092,6059
6110,6053
6102,6052
6117,6045
6102,6051
6122,6051
6117,6056
6103,6043
6110,6044
6106,6046
6118,6042
6106,6044
6106,6053
6096,6061
6106,6037
6118,6051
6122,6061
6108,6052
6101,6050
6101,6051
6103,6049
6101,6058
6110,6058
6103,6060
6104,6043
6107,6045
6104,6048
6109,6040
6104,6044
6107,6051
6112,6053
6105,6053
6100,6049
6102,6046
6100,6061
6110,6052
6097,6066
6101,6036
6096,6061
6099,6055
6103,6047
6111,6058
6120,6054
6114,6040
6100,6056
6102,6046
6105,6059
6103,6057
6110,6051
6102,6052
6106,6046
6105,6053
6105,6057
6098,6049
6108,6049
6097,6056
6093,6055
6099,6050
6105,6043
6100,6053
5840,5747
6099,6041
6135,6047
5919,5962
6148,6091
6081,6034
6118,6057
6081,6020
6108,6083
6109,6093
6099,6044
6095,6034
6104,6041
6097,6053
6107,6041
6103,6043
6102,6056
6091,6047
6103,6051
6100,6048
6095,6061
6096,6044
6107,6053
6100,6044
6092,6046
6106,6039
6112,6037
6096,6042
6104,6056
6094,6051
6103,6040
6106,6049
6107,6056
6097,6050
6096,6055
6102,6051
6095,6052
6103,6041
6110,6056
6101,6062
6091,6059
6103,6037
6095,6056
6105,6039
6099,6057
6096,6049
6107,6051
6099,6058
6112,6061
6102,6062
6097,6052
6103,6058
6107,6048
6105,6055
6111,6049
6113,6034
6096,6054
6103,6049
6100,6052
6111,6051
6109,6046
6105,6050
6096,6049
6098,6035
6105,6063
6103,6054
6108,6050
6109,6053
6101,6046
6106,6054
6104,6060
6105,6045
6106,6059
6102,6059
6103,6054
6101,6055
6104,6038
6105,6052
6110,6057
6109,6046
6103,6056
6104,6037
6101,6054
6125,6063
6103,6047
6104,6064
6105,6028
6112,6059
6110,6060
6113,6049
6123,6042
6108,6062
6107,6052
6115,6049
6109,6055
6112,6047
6115,6067
6104,6049
6107,6053
6113,6058
6117,6053
6110,6060
6106,6049
6110,6054
6100,6058
6107,6045
6112,6060
6104,6056
6097,6044
6110,6057
6111,6056
6104,6058
6101,6056
6102,6060
6097,6063
6107,6039
6094,6058
6111,6041
6111,6036
6107,6057
6099,6048
6106,6054
6105,6056
6104,6053
6097,6050
6104,6053
6104,6047
6111,6053
6103,6054
6106,6046
6101,6046
6103,6053
6108,6040
6102,6055
6111,6058
6090,6063
6102,6058
6101,6047
6105,6051
6108,6047
6108,6056
6097,6050
6101,6048
6113,6042
6097,6045
6098,6047
6097,6059
6111,6048
6097,6045
6103,6054
6107,6037
6103,6055
6097,6045
6092,6043
6111,6047
6100,6055
6102,6050
6098,6062
6105,6055
6100,6052
6113,6047
6112,6055
6110,6046
6108,6066
6099,6045
6097,6060
6104,6055
6108,6063
6116,6053
6111,6062
6103,6051
6118,6047
6103,6050
6115,6048
6112,6060
6108,6054
6108,6051
6111,6048
6112,6063
6116,6039
6107,6043
6116,6049
6112,6055
6110,6052
6118,6049
6116,6039
6113,6052
6120,6064
6118,6064
6110,6055
6110,6046
6100,6057
6115,6049
6113,6050
6117,6049
6119,6055
6115,6048
6118,6056
6107,6046
6105,6051
6107,6046
6112,6049
6111,6052
6098,6052
6110,6047
6115,6053
6112,6041
6112,6051
6105,6052
6108,6058
6105,6046
6111,6051
6117,6052
6105,6060
6111,6061
6115,6048
6102,6041
6115,6067
6115,6059
6117,6066
6111,6059
6108,6061
6102,6063
6112,6055
6106,6059
6113,6048
6111,6042
6118,6044
6113,6062
6108,6048
6109,6052
6117,6050
6095,6040
6113,6050
6111,6057
6111,6061
6105,6056
6110,6042
6115,6045
6131,6048
6108,6053
6112,6058
6095,6061
6113,6047
6111,6056
6108,6041
6113,6032
6111,6065
6106,6046
6110,6047
6110,6049
6115,6052
6119,6065
6113,6056
6098,6063
6115,6052
6120,6048
6104,6052
6109,6058
6094,6056
6112,6053
6119,6061
6113,6060
6116,6046
6105,6065
6108,6059
6111,6034
6140,6087
6117,6057
6163,6089
6230,6185
6038,6085
6114,6077
6130,6076
6103,6086
6107,6047
6101,6047
6112,6053
6124,6053
6112,6103
6114,6061
6119,6066
6112,6042
6113,6055
6113,6063
6121,6058
6123,6057
6123,6057
6111,6055
6124,6046
6117,6050
6118,6064
6114,6054
6116,6053
6124,6061
6127,6059
6123,6063
6118,6053
6109,6054
6109,6055
6109,6055
6112,6061
6115,6066
6114,6058
6119,6056
6116,6066
6118,6057
6119,6056
6118,6057
6113,6058
6117,6052
6118,6063
6109,6058
6114,6054
6119,6052
6110,6057
6113,6054
6114,6047
6118,6058
6117,6043
6114,6057
6114,6055
6114,6055
6120,6055
6116,6053
6116,6064
6121,6050
6115,6064
6113,6058
6119,6043
6122,6058
6117,6062
6108,6058
6114,6051
6113,6061
6116,6057
6114,6070
6115,6048
6115,6061
6112,6046
6123,6070
6111,6069
6114,6053
6111,6057
6111,6057
6117,6055
6117,6045
6113,6066
6113,6074
6117,6060
6113,6062
6116,6064
6112,6057
6119,6055
6117,6058
6123,6063
6119,6066
6117,6055
6119,6052
6117,6062
6118,6053
6112,6066
6115,6061
6114,6049
6110,6058
6119,6055
6119,6055
6117,6056
6117,6060
6114,6058
6111,6060
6121,6051
6118,6044
6114,6047
6113,6057
6114,6062
6114,6058
6117,6065
6115,6060
6118,6056
6118,6053
6115,6053
6109,6055
6115,6058
0,29
0,61680
0,0
6119,6062
5600,5570
5592,5581
5604,5574
5601,5559
5601,5588
5600,5570
5601,5570
5601,5582
5822,5745
6313,6288
6277,6271
6290,6273
6294,6260
6288,6278
6294,6290
6284,6282
6297,6254
6306,6291
6301,6281
6294,6280
6312,6265
6293,6287
6278,6291
6278,6288
6293,6284
6302,6307
6278,6279
6299,6288
6291,6292
6304,6292
6299,6282
6298,6264
6391,6352
6387,6397
6343,6363
6292,6297
6284,6283
6292,6319
6288,6337
6290,6298
6271,6294
6288,6277
6291,6303
6294,6303
6281,6320
6268,6310
6272,6312
6294,6298
6290,6301
6303,6305
6301,6295
6279,6297
6276,6306
6289,6301
6299,6298
6292,6291
6299,6295
6312,6298
6294,6306
6307,6313
6296,6332
6270,6307
6286,6297
6277,6290
6297,6307
6284,6297
6296,6295
6289,6270
6281,6296
6295,6295
6292,6312
6277,6306
6285,6324
6270,6336
6273,6315
6282,6290
6292,6309
6288,6305
6272,6289
6284,6294
6292,6294
6288,6320
6297,6319
6294,6322
6278,6312
6268,6305
6284,6319
6277,6317
6249,6326
6266,6323
6292,6304
6286,6318
6289,6326
6295,6338
6295,6343
6267,6326
6263,6308
6264,6317
6292,6309
6287,6282
6268,6296
6287,6305
6292,6312
6269,6300
6270,6294
6265,6310
6283,6309
6286,6312
6270,6340
6266,6320
6264,6326
6267,6309
6290,6338
6266,6352
6273,6316
6278,6322
6291,6331
6291,6341
6290,6319
6278,6326
6308,6328
6297,6339
6288,6334
6275,6345
6281,6336
6297,6315
6281,6332
6272,6286
6268,6321
6284,6326
6285,6310
6279,6303
6268,6299
6270,6325
6266,6325
6273,6317
6268,6316
6273,6329
6280,6323
6289,6337
6263,6321
6274,6308
6285,6317
6289,6317
6271,6302
6275,6326
6272,6344
6257,6340
6269,6347
6271,6343
6267,6325
6265,6338
6282,6336
6276,6349
6270,6321
6283,6344
6281,6339
6289,6356
6278,6338
6282,6343
6251,6359
6255,6337
6285,6358
6289,6366
6286,6348
6268,6346
6290,6356
6276,6347
6266,6346
6254,6338
6278,6328
6274,6334
6257,6344
6267,6352
6265,6326
6271,6337
6285,6328
6259,6354
6266,6332
6263,6325
6263,6327
6278,6321
6268,6332
6258,6307
6278,6316
6277,6339
6295,6349
6279,6359
6270,6370
6274,6346
6273,6363
6273,6353
6268,6346
6285,6354
6265,6345
6261,6361
6279,6362
6276,6325
6265,6348
6268,6355
6264,6330
6255,6351
6263,6350
6265,6349
6283,6357
6255,6337
6263,6345
6249,6332
6253,6344
6254,6341
6262,6338
6280,6339
6277,6348
6266,6358
6268,6334
6275,6348
6257,6355
6264,6373
6258,6349
6248,6344
6247,6332
6262,6343
6251,6358
6247,6364
6259,6371
6269,6345
6252,6334
6269,6357
6257,6352
6262,6379
6257,6364
6244,6339
6251,6375
6252,6361
6236,6341
6225,6323
6257,6332
6258,6351
6231,6323
6231,6341
6247,6335
6252,6370
6240,6372
6228,6391
6236,6375
6247,6341
6231,6355
6239,6357
6238,6372
6245,6358
6246,6347
6246,6330
6254,6369
6253,6365
6256,6379
6244,6381
6247,6379
6246,6343
6235,6346
6235,6365
6235,6335
6230,6351
6237,6349
6234,6349
6235,6339
6235,6299
6248,6335
6256,6332
6256,6331
6232,6346
6228,6336
6227,6351
6248,6340
6247,6341
6245,6364
6254,6354
6263,6346
6253,6349
6244,6349
6260,6353
6266,6350
6252,6354
6245,6373
6239,6372
6241,6381
6242,6351
6222,6362
6226,6370
6235,6370
6232,6377
6231,6396
6218,6377
6218,6354
6225,6367
6224,6370
6223,6364
6249,6354
6233,6366
6237,6356
6342,6383
6299,6460
6302,6377
6215,6100
6302,6426
6296,6475
6226,6339
6236,6349
6212,6317
6248,6386
6233,6375
6206,6338
6229,6331
6226,6330
6228,6374
6227,6384
6224,6403
6221,6417
6232,6394
6220,6396
6217,6397
6229,6403
6234,6416
6211,6401
6223,6391
6209,6407
6213,6393
6235,6376
6231,6383
6226,6376
6224,6396
6243,6375
6216,6384
6210,6372
6213,6359
6215,6367
6230,6384
6212,6377
6225,6376
6221,6373
6226,6374
6215,6390
6211,6363
6216,6394
6200,6382
6211,6393
6212,6403
6219,6379
6214,6370
6222,6352
6218,6366
6216,6371
6216,6370
6224,6391
6220,6377
6226,6389
6231,6377
6215,6375
6221,6387
6223,6394
6227,6378
6221,6391
6222,6387
6222,6384
6218,6363
6213,6361
6216,6367
6225,6382
6226,6379
6234,6385
6218,6379
6206,6387
6215,6399
6213,6395
6219,6390
6228,6388
6204,6388
6211,6362
6215,6387
6218,6376
6213,6359
6203,6371
6210,6375
6212,6391
6207,6373
6215,6374
6206,6368
6219,6400
6212,6382
6227,6362
6217,6398
6210,6366
6198,6395
6203,6378
6209,6395
6223,6369
6206,6379
6207,6361
6210,6353
6199,6353
6203,6378
6214,6372
6198,6375
6209,6371
6220,6391
6211,6378
6204,6400
6215,6384
6202,6390
6215,6379
6207,6390
6207,6376
6201,6372
6210,6385
6212,6376
6208,6375
6213,6391
6191,6349
6206,6350
6215,6346
6210,6369
6208,6352
6201,6375
6205,6369
6209,6357
6215,6343
6223,6362
6208,6336
6205,6375
6201,6354
6209,6369
6207,6385
6215,6338
6211,6356
6207,6364
6202,6382
6207,6386
6202,6392
6193,6391
6202,6361
6202,6382
6200,6366
6209,6384
6196,6367
6210,6382
6221,6348
6202,6374
6211,6380
6192,6388
6209,6385
6202,6376
6203,6360
6200,6361
6199,6376
6199,6383
6211,6386
6207,6347
6203,6350
6207,6340
6206,6341
6214,6355
6208,6359
6199,6343
6205,6366
6196,6364
6221,6376
6209,6375
6204,6339
6205,6344
6210,6329
6208,6354
6211,6346
6213,6337
6209,6358
6210,6388
6205,6380
6207,6385
6213,6406
6202,6379
6203,6376
6195,6407
6193,6377
6202,6365
6198,6377
6195,6352
6208,6360
6202,6417
6199,6373
6210,6369
6210,6385
6206,6392
6221,6375
6213,6386
6206,6380
6206,6388
6203,6374
6217,6386
6219,6382
6208,6367
6220,6362
6224,6342
6207,6371
6216,6372
6213,6370
6208,6375
6197,6348
6210,6359
6209,6363
6200,6329
6201,6353
6220,6378
6207,6372
6218,6390
6200,6385
6201,6379
6211,6393
6203,6392
6204,6383
6214,6351
6211,6347
6212,6323
6227,6348
6210,6364
6210,6375
6221,6374
6202,6379
6206,6389
6204,6387
6205,6367
6217,6395
6209,6398
6198,6379
6211,6378
6207,6376
6207,6357
6222,6338
6206,6346
6214,6366
6216,6391
6210,6387
6223,6365
6217,6356
6208,6358
6216,6346
6203,6342
6209,6362
6208,6354
6201,6365
6212,6369
6196,6375
6204,6348
6201,6357
6204,6350
6204,6363
6222,6380
6222,6373
6217,6360
6207,6341
6202,6348
6217,6359
6202,6351
6222,6346
6211,6345
6203,6365
6213,6348
6215,6344
6215,6320
6219,6337
6212,6364
6112,6306
6264,6438
6197,6347
6216,6358
6210,6343
6222,6356
6211,6345
6219,6341
6206,6319
6207,6316
6217,6324
6223,6338
6227,6330
6235,6314
6235,6335
6215,6346
6220,6341
6207,6327
6211,6347
6212,6324
6213,6328
6216,6325
6203,6340
6210,6356
6219,6353
6212,6360
6227,6349
6204,6363
6216,6356
6231,6369
6229,6363
6226,6365
6215,6347
6229,6369
6221,6372
6212,6343
6220,6329
6237,6346
6245,6360
6231,6378
6245,6387
6253,6384
6252,6369
6258,6345
6293,6360
6307,6358
6325,6351
6355,6377
6382,6376
6416,6376
6447,6363
6483,6369
6557,6391
6616,6384
6668,6388
6742,6401
6822,6410
6861,6401
6907,6378
6975,6370
7037,6353
7082,6355
7122,6356
7211,6357
7244,6355
7301,6353
7393,6362
7414,6323
7418,6334
7392,6327
7367,6352
7316,6373
7285,6350
7177,6354
7074,6340
7025,6322
6944,6328
6885,6325
6785,6336
6738,6357
6655,6362
6607,6390
6549,6396
6547,6359
6557,6349
6607,6383
6611,6413
6663,6364
6753,6390
6794,6415
6856,6388
6960,6450
7044,6438
7194,6446
7352,6465
7534,6490
7661,6536
7930,6555
8161,6511
8353,6478
8548,6479
8811,6481
9040,6503
9126,6496
9215,6513
9347,6550
9422,6589
9384,6617
9337,6662
9341,6702
9268,6762
8988,6848
8796,6907
8623,6973
8396,7023
8178,7088
7950,7204
7769,7278
7574,7370
7412,7457
7289,7535
7159,7584
7100,7608
6980,7661
6876,7716
6862,7690
6803,7688
6792,7686
6798,7723
6880,7679
6962,7608
7068,7580
7234,7534
7379,7460
7538,7389
7798,7344
8048,7270
8278,7149
8453,7016
8719,6912
9016,6872
9317,6760
9589,6690
9900,6645
10175,6636
10192,6623
10260,6689
10365,6761
10518,6874
10409,6980
10305,7112
10107,7247
9994,7398
9747,7528
9451,7696
9173,7824
8861,7930
8607,8049
8392,8218
8293,8373
8059,8523
7874,8568
7666,8623
7523,8821
7374,8958
7223,8951
7095,8968
6976,8985
6903,8951
6871,8863
6799,8863
6808,8797
6836,8666
6869,8470
6977,8325
7104,8282
7231,8095
7429,7888
7572,7683
7736,7515
7940,7400
8163,7234
8290,7051
8499,6932
8722,6804
8841,6714
8979,6705
9135,6703
9403,6707
9570,6788
9678,6901
9719,6984
9860,7139
9829,7291
9838,7413
9832,7519
9794,7654
9506,7813
9355,7920
9167,8050
8928,8134
8726,8251
8450,8342
8150,8386
7848,8422
7491,8462
7307,8480
7158,8478
7012,8506
6858,8570
6766,8553
6712,8508
6724,8370
6743,8281
6784,8168
6871,8092
6966,7945
7134,7862
7285,7738
7477,7603
7684,7496
7951,7351
8198,7233
8384,7090
8628,6969
8757,6876
8937,6790
9140,6715
9225,6665
9310,6668
9348,6625
9470,6680
9424,6743
9494,6784
9477,6901
9475,6997
9368,7184
9220,7361
9068,7612
8900,7814
8706,8037
8500,8340
8250,8582
8094,8752
8003,8881
7764,9029
7664,9265
7498,9426
7341,9482
7207,9495
7065,9515
6967,9371
6870,9382
6781,9325
6714,9204
6660,9093
6676,8909
6655,8755
6723,8574
6793,8306
6913,8057
6982,7950
7112,7754
7297,7523
7449,7353
7664,7207
7745,6797
8220,6663
8341,6782
8451,6553
8733,6696
8785,6448
9119,6540
9288,6560
9418,6598
9507,6653
9619,6704
9750,6773
9670,6899
9658,7000
9601,7079
9579,7160
9504,7281
9397,7374
9262,7436
9071,7536
8865,7658
8721,7812
8418,7926
8242,8017
8009,8120
7782,8238
7598,8322
7395,8413
7219,8490
7049,8529
6928,8438
6818,8449
6738,8365
6686,8316
6706,8250
6742,8135
6792,8040
6862,7878
6965,7736
7147,7570
7326,7361
7524,7200
7676,7043
7851,6934
8051,6834
8208,6723
8371,6675
8594,6571
8691,6574
8827,6545
8931,6527
9059,6523
9130,6561
9250,6611
9296,6697
9270,6784
9232,6924
9143,7053
9049,7197
8998,7358
8946,7567
8839,7731
8799,7907
8628,8138
8495,8267
8288,8403
8116,8554
7954,8684
7808,8814
7562,8950
7354,9028
7168,8974
7008,8980
6899,8888
6774,8824
6708,8725
6630,8599
6594,8474
6592,8338
6613,8157
6718,8038
6816,7882
6914,7736
7062,7573
7280,7375
7452,7220
7653,7066
7868,6934
8069,6803
8222,6727
8388,6649
8563,6594
8753,6547
8872,6532
8976,6532
9006,6553
9082,6640
9192,6694
9177,6758
9168,6847
9025,6950
9035,7055
9042,7189
8926,7314
8874,7429
8921,7586
8864,7710
8719,7904
8593,8050
8424,8248
8238,8359
8038,8502
7868,8569
7664,8700
7494,8698
7324,8754
7143,8789
6960,8749
6819,8694
6706,8677
6614,8624
6563,8451
6570,8288
6589,8068
6685,7860
6784,7664
6893,7452
7018,7303
7210,7174
7372,7008
7566,6847
7794,6750
7953,6670
8172,6605
8354,6539
8528,6481
8669,6490
8886,6465
8946,6477
9061,6462
9186,6510
9230,6576
9277,6626
9343,6659
9379,6808
9331,6880
9306,6988
9130,7127
9044,7292
8936,7387
8716,7519
8573,7649
8366,7838
8121,7958
7951,8073
7743,8175
7574,8260
7359,8336
7181,8391
7016,8523
6884,8506
6780,8404
6701,8349
6646,8305
6613,8185
6633,8050
6691,7921
6769,7766
6872,7702
6972,7506
7061,7364
7242,7239
7413,7107
7600,6926
7830,6830
8009,6758
8213,6650
8496,6563
8646,6512
8894,6481
9156,6461
9398,6445
9425,6465
9612,6509
9807,6568
9834,6658
9936,6769
10036,6912
9985,7018
9965,7151
9943,7359
9720,7542
9645,7656
9477,7839
9207,8059
9011,8229
8807,8460
8565,8607
8319,8704
8133,8777
7970,8860
7755,8821
7607,8867
7333,8860
7191,8781
7016,8736
6900,8675
6855,8575
6779,8498
6733,8385
6715,8260
6731,8097
6788,7992
6845,7786
6968,7626
7073,7500
7220,7272
7401,7183
7594,7043
7854,6926
8074,6780
8268,6708
8470,6615
8610,6606
8677,6569
8806,6531
8891,6539
8963,6557
9078,6645
9161,6723
9293,6784
9408,6919
9536,7079
9473,7259
9279,7391
9001,7575
8887,7730
8742,7884
8623,8032
8486,8257
8280,8453
8089,8497
7824,8558
7624,8736
7499,8798
7333,8819
7193,8906
7050,8975
6939,8886
6872,8864
6818,8833
6773,8762
6770,8590
6823,8452
6863,8245
6898,8146
6993,8012
7169,7809
7212,7577
7372,7456
7555,7296
7819,7125
8037,6961
8211,6865
8488,6767
8583,6726
8709,6675
8807,6630
8863,6607
9063,6639
9318,6681
9537,6686
9599,6692
9639,6796
9640,6961
9560,7058
9478,7172
9429,7347
9401,7485
9256,7651
9155,7784
9020,7880
8855,7997
8649,8111
8567,8201
8508,8255
8220,8324
7995,8431
7752,8440
7543,8426
7441,8366
7237,8363
7181,8324
7026,8284
6887,8169
6723,8102
6681,8011
6683,7877
6673,7830
6726,7649
6819,7507
6942,7381
7063,7281
7265,7133
7455,7053
7651,6960
7863,6829
8086,6706
8311,6613
8456,6567
8632,6531
8902,6518
9071,6489
9189,6526
9208,6542
9221,6562
9307,6614
9299,6725
9415,6763
9365,6868
9314,6965
9223,7117
9107,7302
8983,7465
8859,7598
8641,7757
8474,7911
8213,7985
8109,8197
7929,8348
7798,8396
7662,8508
7457,8560
7261,8611
7112,8627
7007,8647
6903,8674
6822,8590
6759,8548
6719,8490
6689,8288
6723,8127
6744,7952
6843,7793
6951,7656
7111,7387
7259,7299
7488,7111
7657,6977
7857,6801
8096,6695
8250,6613
8447,6526
8631,6426
8754,6405
8998,6378
9152,6361
9248,6359
9429,6391
9506,6441
9564,6520
9511,6608
9510,6737
9449,6839
9394,6999
9466,7112
9383,7286
9223,7450
9028,7577
8790,7717
8598,7877
8386,7971
8170,8078
7920,8190
7755,8259
7556,8303
7384,8346
7188,8383
7007,8418
6902,8416
6807,8361
6774,8294
6787,8208
6787,8177
6807,8021
6874,7885
6999,7769
7114,7583
7297,7433
7486,7302
7696,7149
7920,7054
8206,6922
8481,6803
8798,6769
9156,6692
9424,6628
9619,6629
9797,6602
10130,6609
10282,6640
10502,6680
10577,6711
10646,6775
10541,6871
10465,6976
10482,7087
10639,7236
10553,7369
10377,7543
10100,7753
9901,7931
9574,8116
9332,8371
9214,8537
8968,8655
8652,8741
8286,8878
8019,8947
7757,8974
7561,9071
7297,9029
7110,9064
6962,9055
6822,9027
6777,8972
6770,8831
6799,8659
6894,8599
6993,8380
7140,8192
7293,8020
7478,7846
7663,7685
7899,7501
8078,7283
8228,7139
8429,6956
8582,6885
8786,6783
9020,6735
9220,6656
9427,6653
9679,6662
9863,6717
9973,6803
10239,6933
10424,7048
10461,7270
10430,7483
10438,7656
10560,7877
10627,8112
10594,8319
10447,8578
10316,8900
10136,9069
9884,9375
9654,9509
9442,9675
9134,9797
8782,9973
8396,10063
8092,10089
7839,10060
7635,9989
7415,9922
7274,9874
7116,9772
7103,9577
7088,9345
7098,9063
7148,8893
7260,8841
7377,8747
7536,8513
7750,8307
8043,8087
8387,7859
8788,7643
9202,7514
9544,7352
9879,7178
10213,7038
10705,6866
11188,6807
11653,6707
11898,6630
12261,6582
12509,6623
12604,6659
12737,6726
12591,6832
12334,6979
12080,7148
11775,7392
11382,7587
11126,7781
10868,8086
10467,8388
10161,8719
9745,8971
9474,9164
9138,9334
8795,9424
8514,9566
8318,9718
8087,9876
7936,9921
7912,9966
7767,9943
7616,9990
7488,9947
7404,9860
7357,9677
7320,9447
7373,9304
7494,9159
7622,8917
7799,8665
8081,8423
8381,8160
8734,7860
9122,7587
9632,7423
9945,7164
10343,6985
10715,6861
11093,6750
11563,6694
11785,6714
11970,6740
12169,6864
12461,7024
12551,7196
12736,7370
12817,7570
12361,7479
12412,8048
12030,8216
11789,8490
11499,8535
11224,8849
10962,9060
10521,9201
10136,9383
9671,9481
9350,9603
8955,9554
8648,9716
8342,9940
8056,10163
7801,10303
7513,10315
7217,10303
7021,10314
6867,10333
6746,10360
6672,10345
6741,10165
6842,9978
7011,9752
7254,9466
7507,9254
7757,9014
7933,8716
8216,8378
8428,8075
8604,7830
8881,7598
9257,7360
9432,7178
9485,7113
9692,6988
9829,6923
10196,6963
10138,6999
9700,7054
10058,7154
10600,7284
10034,7464
8909,7596
7802,7795
7040,8024
6607,8195
6385,8334
6278,8607
6222,8816
6175,8951
6171,9200
6159,9361
6151,9460
6145,9570
6134,9716
6148,9767
6151,9915
6143,9911
6147,9748
6143,9655
6143,9562
6124,9368
6119,9209
6124,9085
6123,8750
6129,8525
6117,8219
6111,8019
6120,7816
6120,7639
6118,7460
6116,7245
6109,7118
6114,6966
6130,6848
6128,6784
6117,6743
6108,6699
6110,6683
6114,6741
6105,6771
6116,6827
6116,6855
6123,6973
6117,7094
6116,7173
6108,7300
6115,7413
6119,7524
6113,7677
6120,7849
6105,7912
6114,7958
6105,7929
6110,7875
6108,7679
6109,7317
6111,6925
6104,6603
6116,6356
6108,6241
6100,6188
6110,6178
6105,6134
6102,6136
6108,6126
6100,6106
6102,6141
6107,6121
6107,6139
6099,6133
6101,6129
6102,6130
6103,6135
6101,6118
6106,6092
6099,6084
6107,6076
6111,6079
6097,6066
6111,6068
6106,6073
6101,6070
6110,6059
6108,6060
6101,6069
6103,6055
6104,6061
6110,6057
6101,6072
6102,6081
6109,6053
6104,6045
6108,6049
6104,6064
6105,6065
6108,6058
6113,6059
6106,6062
6103,6059
6106,6055
6107,6053
6100,6060
6109,6066
6108,6059
6112,6056
6115,6053
6104,6064
6117,6068
6107,6058
6111,6062
6117,6049
6110,6057
6110,6052
6107,6057
6113,6057
6119,6053
6108,6067
6104,6051
6109,6053
6112,6058
6110,6052
6111,6038
6110,6053
6119,6069
6111,6051
6099,6045
6113,6055
6108,6056
6104,6052
6113,6057
6108,6044
6111,6054
6115,6057
6112,6051
6109,6058
6096,5887
6112,6046
6113,6067
6111,6040
6116,6048
6114,6040
6108,6045
6107,6054
6107,6050
6107,6053
6111,6055
6114,6050
6123,6047
6110,6057
6110,6049
6113,6063
6102,6052
6102,6055
6117,6044
6111,6057
6111,6055
6122,6051
6113,6050
6106,6062
6114,6048
6108,6040
6103,6046
6105,6049
6108,6050
6108,6056
6101,6056
6102,6041
6099,6046
6108,6060
6104,6056
6109,6056
6106,6036
6114,6053
6113,6047
6116,6057
6099,6058
6104,6058
6099,6056
6105,6055
6110,6055
6113,6054
6111,6046
6103,6054
6102,6047
6110,6055
6104,6058
6116,6063
6105,6058
6100,6046
6112,6055
6112,6048
6111,6042
6105,6052
6104,6050
6114,6061
6113,6048
6104,6048
6106,6048
6108,6054
6113,6058
6101,6048
6105,6049
6097,6054
6102,6047
6112,6058
6111,6064
6112,6055
6109,6046
6109,6045
6102,6053
6106,6058
6111,6049
6111,6058
6096,6059
6099,6049
6113,6053
6104,6059
6108,6055
6111,6053
6108,6053
6104,6053
6102,6048
6101,6061
6189,6168
6151,6109
6120,5965
6152,6085
6081,6044
6094,6044
6099,6045
6131,6094
6101,6062
6118,6044
6106,6043
6101,6056
6089,6050
6101,6061
6102,6051
6116,6046
6098,6036
6103,6063
6100,6052
6104,6038
6111,6044
6111,6053
6102,6048
6103,6053
6095,6047
6101,6051
6099,6037
6107,6049
6097,6059
6109,6057
6098,6047
6115,6046
6101,6051
6108,6063
6101,6061
6109,6041
6098,6028
6099,6050
6106,6037
6103,6043
6103,6058
6106,6056
6098,6049
6097,6055
6101,6055
6099,6050
6094,6048
6107,6046
6098,6050
6104,6058
6092,6036
6097,6032
6105,6046
6100,6041
6105,6061
6098,6049
6100,6047
6100,6054
6107,6054
6106,6055
6097,6057
6104,6050
6107,6053
6095,6058
6106,6063
6103,6057
6097,6060
6100,6054
6092,6059
6104,6040
6094,6059
6098,6045
6101,6060
6101,6046
6113,6036
6095,6061
6095,6047
6106,6048
6105,6043
6102,6043
6109,6049
6098,6046
6106,6042
6108,6053
6103,6061
6106,6046
6103,6049
6103,6046
6105,6051
6099,6047
6111,6055
6116,6062
6102,6058
6105,6048
6105,6049
6110,6052
6110,6048
6099,6043
6111,6047
6109,6053
6094,6053
6098,6062
6107,6054
6113,6058
6105,6047
6111,6051
6107,6058
6098,6054
6102,6060
6107,6049
6103,6050
6112,6060
6109,6065
6112,6053
6111,6057
6107,6062
6111,6058
6112,6054
6108,6060
6111,6050
6107,6045
6114,6049
6109,6054
6103,6050
6101,6063
6107,6063
6115,6054
6103,6040
6099,6057
6114,6043
6105,6046
6105,6048
6108,6050
6101,6077
6108,6060
6111,6061
6111,6054
6110,6061
6104,6064
6102,6063
6100,6053
6108,6051
6094,6050
6103,6058
6107,6058
6102,6062
6102,6037
6107,6053
6111,6065
6104,6060
6097,6037
6102,6047
6104,6052
6105,6055
6097,6049
6102,6046
6102,6052
6110,6047
6101,6052
6089,6044
6104,6062
6096,6053
6104,6038
6105,6044
6098,6049
6107,6050
6116,6044
6100,6035
6101,6043
6106,6057
6106,6049
6103,6047
6099,6039
6106,6052
6101,6038
6103,6056
6098,6047
6103,6050
6103,6037
6098,6051
6108,6056
6100,6048
6105,6048
6107,6052
6097,6041
6093,6055
6104,6058
6111,6047
6108,6042
6112,6050
6102,6047
6102,6056
6104,6059
6104,6044
6111,6054
6121,6054
6107,6060
6110,6052
6114,6055
6117,6055
6107,6057
6112,6045
6103,6062
6120,6036
6112,6018
6108,6050
6117,6042
6119,6040
6110,6061
6122,6048
6113,6045
6112,6049
6113,6040
6128,6063
6108,6037
6119,6056
6114,6056
6107,6055
6115,6052
6122,6042
6106,6049
6115,6058
6112,6054
6115,6047
6113,6053
6110,6058
6111,6054
6109,6058
6111,6057
6114,6042
6107,6067
6111,6043
6111,6050
6109,6056
6108,6048
6106,6056
6109,6045
6109,6050
6114,6035
6109,6060
6105,6052
6124,6061
6100,6047
6111,6053
6113,6057
6114,6032
6106,6049
6108,6051
6106,6048
6116,6061
6107,6053
6113,6038
6113,6057
6118,6050
6113,6054
6110,6053
6115,6050
6108,6053
6106,6045
6123,6054
6114,6042
6121,6053
6115,6011
6114,6051
6111,6039
6115,6058
6111,6054
6116,6056
6115,6051
6244,6034
6048,5977
6070,6031
6168,6110
6247,6164
6110,6063
6121,6069
6127,6062
6116,6039
6102,6048
6114,6060
6111,6055
6114,6060
6118,6057
6114,6053
6108,6064
6102,6053
6114,6054
6118,6058
6111,6051
6114,6060
6103,6061
6111,6059
6103,6039
6113,6059
6109,6058
6112,6050
6113,6057
6117,6050
6121,6064
6114,6058
6117,6063
6125,6045
6103,6047
6125,6053
6131,6058
6097,6062
6114,6058
6114,6056
6114,6030
6114,6061
6114,6054
6117,6053
6126,6056
6124,6042
6112,6055
6118,6058
6111,6064
6124,6059
6121,6037
6110,6057
6118,6060
6126,6054
6116,6072
6111,6051
6109,6061
6124,6061
6112,6059
6117,6064
6117,6048
6112,6064
6117,6041
6120,6048
6120,6065
6118,6057
6117,6050
6112,6047
6115,6056
6127,6058
6119,6050
6117,6062
6112,6040
6120,6053
6120,6053
6115,6054
6115,6054
6122,6056
6118,6045
6123,6059
6121,6057
6111,6052
6136,6034
6117,6058
6116,6047
6124,6060
6117,6052
6117,6057
6121,6060
6117,6051
6117,6053
6117,6058
6108,6055
6127,6050
6111,6058
6118,6060
6118,6060
6120,6053
6105,6055
6114,6048
6115,6063
6116,6063
6125,6056
6119,6054
6128,6047
6117,6057
6113,6046
6117,6058
6109,6056
6115,6056
6118,6056
6118,6062
6116,6052
6114,6047
6116,6058
6117,6062
6114,6062
6121,6058
6121,6058
6126,6050
6117,6056
6119,6058
6111,6061
6116,6058
6115,6057
6112,6060
6130,6052
6114,6062
6113,6068
6114,6066
6120,6048
6115,6049
6126,6053
6123,6055
6122,6056
6117,6054
6130,6070
6115,6063
6122,6059
6121,6062
6121,6062
6120,6053
0,26
0,61680
0,0
6123,6055
5595,5586
5596,5585
5594,5591
5596,5585
5611,5586
5603,5575
5769,5711
5617,5509
5803,5725
6319,6298
6246,6270
6342,6301
6289,6279
6268,6269
6302,6326
6293,6286
6296,6267
6314,6289
6292,6276
6295,6274
6301,6287
6290,6292
6279,6321
6280,6286
6285,6301
6285,6298
6282,6294
6291,6306
6302,6298
6298,6288
6284,6295
6285,6285
6277,6305
6287,6283
6292,6291
6289,6275
6282,6304
6279,6309
6291,6322
6286,6302
6277,6303
6290,6286
6304,6281
6289,6311
6269,6309
6282,6297
6287,6311
6290,6309
6288,6303
6295,6302
6308,6288
6285,6303
6278,6301
6305,6301
6300,6310
6296,6290
6304,6291
6315,6304
6288,6303
6310,6321
6289,6332
6278,6306
6277,6311
6279,6289
6299,6312
6305,6293
6297,6305
6295,6298
6306,6288
6291,6310
6299,6304
6290,6308
6274,6308
6287,6324
6288,6321
6281,6301
6297,6313
6285,6302
6269,6294
6295,6293
6289,6298
6293,6308
6312,6325
6277,6329
6280,6289
6271,6331
6286,6325
6284,6303
6250,6326
6271,6310
6279,6303
6273,6306
6294,6323
6294,6349
6271,6353
6276,6323
6267,6320
6264,6305
6268,6309
6266,6296
6286,6287
6287,6309
6291,6297
6271,6318
6268,6310
6268,6328
6264,6310
6262,6310
6267,6331
6265,6302
6259,6320
6263,6317
6269,6331
6287,6339
6280,6316
6281,6311
6286,6320
6277,6326
6281,6299
6274,6317
6284,6331
6290,6346
6277,6349
6286,6357
6279,6338
6289,6308
6287,6317
6260,6314
6281,6291
6282,6321
6284,6332
6268,6315
6261,6335
6268,6321
6274,6310
6269,6296
6269,6316
6281,6327
6276,6345
6292,6334
6267,6321
6279,6309
6283,6327
6290,6324
6267,6303
6273,6354
6269,6339
6265,6324
6272,6345
6276,6341
6270,6337
6264,6336
6270,6371
6281,6332
6279,6333
6295,6337
6279,6339
6285,6342
6281,6343
6279,6324
6258,6330
6250,6353
6279,6343
6275,6367
6290,6348
6276,6339
6275,6355
6291,6334
6273,6340
6272,6332
6267,6335
6265,6334
6249,6344
6261,6342
6265,6314
6267,6338
6284,6347
6271,6351
6258,6345
6264,6331
6273,6304
6275,6322
6268,6320
6261,6321
6288,6337
6296,6335
6284,6334
6283,6342
6264,6369
6259,6356
6272,6357
6277,6371
6263,6363
6276,6370
6263,6348
6268,6352
6276,6348
6276,6349
6265,6352
6259,6332
6269,6334
6252,6337
6272,6338
6264,6330
6264,6364
6258,6348
6244,6350
6246,6317
6253,6344
6246,6345
6269,6339
6271,6339
6273,6334
6270,6360
6277,6353
6262,6355
6247,6375
6259,6358
6257,6351
6243,6353
6255,6345
6259,6349
6257,6363
6247,6364
6260,6369
6253,6352
6256,6330
6258,6352
6254,6362
6249,6369
6248,6346
6243,6335
6241,6363
6244,6370
6232,6355
6228,6336
6241,6332
6255,6331
6232,6340
6234,6327
6251,6335
6262,6363
6253,6372
6235,6399
6238,6361
6244,6359
6235,6353
6233,6363
6252,6358
6238,6354
6248,6324
6248,6343
6258,6381
6254,6376
6242,6362
6247,6379
6254,6377
6244,6359
6231,6359
6240,6349
6228,6336
6234,6361
6241,6362
6240,6340
6235,6344
6223,6319
6248,6342
6231,6346
6230,6330
6231,6340
6238,6349
6222,6356
6244,6348
6181,6284
6224,6334
6206,6299
6259,6344
6275,6385
6240,6347
6238,6358
6263,6348
6249,6372
6242,6361
6234,6382
6228,6371
6243,6339
6231,6369
6239,6376
6239,6368
6218,6362
6233,6390
6217,6376
6214,6350
6223,6367
6230,6368
6239,6363
6241,6359
6244,6373
6241,6360
6238,6357
6237,6374
6242,6380
6248,6385
6239,6362
6228,6369
6231,6368
6225,6351
6216,6351
6227,6359
6222,6368
6208,6355
6225,6340
6213,6352
6227,6379
6228,6393
6236,6416
6231,6437
6228,6386
6213,6389
6212,6385
6219,6406
6215,6430
6225,6409
6207,6411
6209,6373
6220,6364
6215,6385
6226,6374
6223,6369
6222,6390
6234,6372
6219,6367
6213,6370
6218,6364
6220,6382
6209,6379
6217,6379
6236,6358
6228,6374
6228,6377
6225,6380
6219,6379
6189,6178
6199,6393
6213,6392
6218,6399
6212,6373
6224,6374
6219,6362
6210,6382
6213,6379
6221,6380
6230,6387
6226,6388
6225,6389
6237,6365
6209,6368
6218,6375
6226,6389
6210,6373
6226,6394
6223,6388
6223,6386
6215,6374
6202,6350
6233,6368
6222,6363
6228,6393
6221,6382
6210,6398
6220,6376
6222,6384
6209,6387
6206,6396
6207,6385
6218,6377
6205,6374
6216,6396
6210,6389
6214,6348
6207,6370
6211,6374
6210,6362
6208,6377
6207,6387
6222,6366
6218,6395
6202,6386
6221,6365
6210,6375
6207,6390
6200,6381
6216,6381
6192,6373
6212,6392
6223,6383
6213,6387
6202,6370
6199,6349
6205,6369
6207,6363
6197,6356
6208,6375
6230,6408
6206,6393
6200,6393
6212,6385
6204,6393
6211,6389
6206,6382
6201,6391
6201,6353
6209,6368
6213,6371
6208,6362
6216,6373
6208,6345
6204,6364
6214,6338
6213,6369
6214,6370
6201,6355
6215,6344
6206,6347
6210,6370
6224,6370
6207,6351
6200,6364
6211,6377
6204,6376
6192,6398
6215,6366
6209,6368
6208,6371
6209,6378
6207,6380
6200,6387
6195,6389
6203,6362
6187,6371
6202,6364
6211,6389
6204,6378
6214,6374
6208,6380
6210,6362
6204,6367
6199,6361
6200,6386
6196,6388
6214,6378
6205,6374
6199,6375
6206,6360
6212,6368
6211,6354
6199,6358
6201,6360
6203,6348
6199,6353
6204,6334
6196,6353
6210,6399
6202,6364
6204,6374
6203,6358
6207,6357
6211,6337
6202,6348
6210,6327
6212,6337
6208,6352
6199,6354
6211,6374
6211,6366
6217,6363
6207,6387
6200,6406
6200,6377
6195,6382
6195,6398
6197,6362
6199,6385
6183,6363
6208,6360
6202,6349
6216,6360
6196,6332
6222,6393
6215,6390
6231,6369
6212,6390
6211,6391
6203,6391
6201,6382
6216,6387
6212,6382
6193,6356
6212,6365
6196,6331
6207,6370
6209,6393
6204,6389
6210,6360
6210,6384
6210,6369
6209,6379
6196,6367
6205,6361
6210,6389
6206,6366
6207,6388
6203,6371
6196,6363
6208,6400
6201,6382
6203,6364
6216,6365
6201,6350
6226,6336
6199,6363
6208,6364
6218,6366
6212,6385
6209,6383
6207,6385
6209,6377
6218,6374
6217,6408
6209,6386
6206,6386
6212,6368
6224,6369
6206,6366
6227,6335
6213,6366
6219,6352
6216,6380
6202,6372
6218,6369
6217,6335
6210,6350
5931,6055
6187,6316
6210,6362
6216,6380
6207,6355
6217,6362
6178,6347
6195,6347
6221,6381
6187,6345
6208,6353
6219,6362
6227,6343
6213,6337
6211,6346
6209,6343
6216,6360
6199,6328
6211,6352
6212,6329
6213,6344
6212,6353
6211,6344
6218,6337
6222,6338
6207,6355
6204,6343
6212,6358
6213,6372
6223,6336
6219,6363
6209,6339
6207,6330
6205,6336
6199,6333
6211,6315
6220,6331
6218,6333
6216,6337
6227,6316
6235,6329
6227,6337
6219,6336
6204,6326
6209,6347
6201,6328
6210,6330
6196,6322
6206,6336
6212,6343
6214,6344
6212,6371
6222,6372
6209,6352
6214,6337
6226,6341
6233,6358
6235,6346
6225,6368
6226,6351
6219,6346
6223,6342
6219,6351
6231,6346
6257,6366
6243,6376
6242,6383
6249,6375
6258,6346
6263,6356
6275,6386
6309,6349
6319,6361
6340,6378
6383,6342
6410,6370
6425,6347
6485,6363
6542,6372
6598,6374
6660,6381
6739,6403
6787,6388
6853,6384
6895,6388
6946,6352
7007,6356
7037,6356
7087,6343
7163,6345
7242,6344
7296,6334
7333,6335
7394,6314
7376,6337
7389,6336
7353,6355
7341,6366
7265,6345
7197,6341
7090,6331
7031,6326
6975,6326
6874,6328
6800,6344
6773,6361
6678,6356
6633,6395
6557,6387
6539,6359
6542,6346
6574,6378
6604,6398
6662,6404
6713,6382
6772,6414
6848,6409
6943,6435
7019,6417
7161,6442
7300,6466
7489,6521
7665,6524
7887,6549
8097,6524
8306,6508
8500,6512
8804,6491
8921,6500
9106,6479
9167,6531
9314,6541
9431,6558
9411,6623
9381,6664
9417,6695
9360,6732
9096,6828
8912,6918
8712,6950
8468,7018
8265,7057
8017,7173
7793,7291
7655,7345
7488,7472
7321,7530
7200,7625
7088,7650
7015,7650
6910,7722
6864,7708
6796,7715
6776,7661
6808,7735
6869,7701
6943,7634
7055,7592
7184,7525
7335,7488
7500,7438
7725,7383
8027,7294
8229,7181
8437,7074
8679,6969
8984,6885
9328,6792
9575,6693
9892,6643
10158,6625
10252,6630
10257,6671
10423,6757
10505,6859
10400,6939
10319,7041
10196,7173
9990,7377
9833,7476
9583,7657
9257,7789
8994,7892
8705,8041
8485,8177
8333,8350
8094,8443
7937,8559
7693,8643
7555,8805
7381,8891
7225,8955
7114,9007
7025,8980
6936,8941
6886,8893
6845,8847
6828,8856
6823,8694
6856,8499
6969,8394
7081,8305
7229,8151
7361,7921
7571,7716
7714,7545
7961,7403
8146,7219
8287,7080
8527,6944
8730,6812
8816,6743
8959,6722
9161,6703
9353,6701
9557,6784
9632,6885
9726,6996
9852,7105
9817,7222
9853,7389
9858,7535
9760,7650
9502,7775
9358,7905
9110,8027
8907,8169
8731,8239
8445,8384
8100,8429
7848,8421
7504,8422
7324,8469
7176,8496
7019,8502
6844,8551
6771,8544
6730,8480
6720,8353
6718,8277
6790,8150
6863,8077
6977,7981
7115,7839
7293,7733
7469,7645
7677,7505
7955,7360
8196,7223
8394,7061
8614,6980
8803,6890
8904,6773
9107,6704
9208,6638
9286,6653
9331,6616
9428,6667
9437,6727
9507,6778
9471,6869
9409,7020
9380,7200
9219,7359
9011,7567
8909,7819
8708,8071
8492,8381
8291,8602
8126,8887
7959,8833
7742,9027
7683,9259
7486,9468
7344,9495
7172,9500
7075,9452
6960,9403
6857,9310
6754,9292
6699,9195
6663,9103
6668,8893
6663,8707
6712,8602
6827,8346
6887,8061
6986,7906
7106,7770
7249,7515
7441,7345
7634,7183
7825,7013
8098,6906
8337,6787
8536,6714
8720,6630
8925,6565
9120,6537
9285,6564
9473,6595
9496,6644
9663,6695
9674,6785
9644,6927
9665,7029
9601,7081
9580,7157
9423,7272
9374,7361
9296,7485
9061,7556
8878,7662
8686,7792
8429,7918
8215,8049
8014,8138
7818,8205
7621,8308
7401,8446
7201,8447
7046,8503
6940,8404
6825,8451
6729,8334
6697,8333
6715,8239
6728,8124
6791,7929
6862,7870
6960,7704
7117,7533
7314,7362
7510,7186
7651,7054
7872,6953
8054,6863
8168,6707
8415,6656
8579,6612
8690,6564
8800,6526
8960,6500
9037,6523
9139,6575
9249,6611
9248,6687
9259,6782
9237,6903
9142,7030
9069,7202
8992,7337
8935,7548
8847,7730
8801,7940
8668,8129
8454,8268
8298,8382
8093,8551
7992,8663
7819,8848
7602,8998
7338,8970
7167,8987
6999,8967
6878,8887
6781,8809
6693,8739
6652,8601
6599,8511
6596,8327
6633,8192
6712,8044
6809,7908
6923,7720
7106,7580
7279,7375
7428,7210
7659,7094
7900,6915
8069,6812
8215,6730
8392,6635
8586,6581
8713,6555
8843,6572
8947,6541
9041,6576
9081,6644
9217,6705
9203,6769
9171,6848
9040,6948
9007,7048
9046,7183
8917,7314
8869,7472
8906,7579
8856,7728
8719,7914
8580,8091
8454,8230
8271,8345
8052,8478
7872,8538
7652,8669
7476,8725
7296,8804
7111,8758
6979,8726
6801,8679
6724,8672
6604,8627
6577,8413
6580,8276
6598,8082
6656,7894
6762,7686
6874,7441
7014,7286
7189,7182
7354,7032
7567,6876
7769,6747
7928,6651
8175,6616
8331,6550
8491,6496
8652,6493
8829,6482
8965,6473
9061,6476
9124,6531
9245,6554
9295,6638
9280,6655
9342,6786
9282,6880
9226,6974
9131,7118
8994,7278
8906,7393
8713,7551
8514,7672
8348,7862
8165,7955
7944,8063
7754,8189
7540,8260
7369,8334
7186,8386
6998,8517
6871,8538
6772,8376
6696,8333
6642,8310
6611,8148
6625,8091
6680,7891
6749,7774
6862,7659
6971,7503
7070,7383
7215,7217
7416,7086
7591,6942
7809,6828
7978,6736
8228,6645
8454,6562
8623,6488
8837,6486
9154,6430
9378,6446
9444,6475
9588,6514
9847,6581
9877,6666
9945,6776
10070,6917
10031,7032
9959,7173
9917,7344
9750,7539
9620,7665
9452,7842
9226,8053
9012,8251
8856,8426
8543,8649
8340,8692
8114,8770
7945,8835
7745,8803
7608,8855
7368,8807
7159,8765
7060,8762
6899,8638
6840,8584
6794,8505
6740,8343
6728,8206
6735,8074
6774,7934
6870,7799
6958,7603
7078,7466
7244,7284
7402,7165
7607,7056
7821,6906
8086,6790
8233,6680
8444,6615
8568,6596
8711,6556
8826,6537
8932,6522
8987,6586
9094,6631
9176,6708
9354,6796
9439,6923
9494,7084
9343,7248
9148,7409
8953,7558
8840,7731
8743,7889
8692,8051
8517,8268
8283,8388
8088,8466
7829,8589
7549,9055
7442,8740
7286,8759
7187,8988
7023,8828
6851,8798
6847,8824
6848,8846
6787,8754
6765,8551
6801,8344
6839,8220
6913,8129
6995,8045
7137,7832
7205,7618
7366,7470
7554,7279
7827,7087
7994,6959
8196,6837
8480,6770
8622,6711
8651,6667
8806,6616
8860,6606
9075,6612
9250,6626
9496,6654
9661,6726
9601,6794
9626,6899
9536,7029
9495,7158
9421,7252
9363,7460
9269,7687
9137,7822
9008,7904
8824,7976
8669,8070
8585,8139
8519,8257
8213,8302
8000,8458
7740,8438
7508,8398
7412,8324
7273,8390
7174,8359
7018,8259
6910,8157
6730,8062
6687,7970
6672,7853
6694,7792
6724,7699
6830,7487
6958,7382
7048,7258
7244,7173
7447,7024
7657,6912
7858,6793
8064,6696
8320,6611
8465,6575
8643,6516
8905,6497
9046,6493
9161,6495
9165,6532
9175,6574
9246,6615
9333,6716
9394,6761
9362,6879
9297,6955
9236,7107
9089,7293
8993,7436
8834,7561
8668,7733
8417,7876
8224,8031
8107,8244
7980,8354
7800,8394
7655,8475
7458,8577
7281,8585
7064,8622
6984,8630
6870,8667
6801,8618
6783,8568
6706,8475
6682,8314
6718,8124
6743,7961
6848,7773
6955,7614
7100,7380
7249,7279
7488,7142
7706,6975
7867,6814
8071,6679
8273,6595
8421,6523
8647,6418
8781,6382
8965,6367
9142,6356
9253,6349
9437,6389
9523,6454
9565,6538
9492,6612
9468,6741
9437,6873
9355,6998
9473,7120
9389,7275
9178,7418
8972,7578
8776,7758
8595,7891
8389,7961
8124,8040
7925,8194
7734,8255
7550,8312
7382,8363
7181,8396
6994,8430
6905,8393
6820,8379
6772,8296
6774,8196
6786,8163
6791,8002
6874,7879
7000,7762
7111,7594
7271,7384
7511,7281
7696,7163
7937,7004
8199,6942
8502,6817
8794,6737
9136,6692
9394,6634
9598,6625
9843,6589
10057,6592
10257,6638
10420,6673
10595,6728
10577,6775
10548,6873
10529,6975
10398,7088
10635,7234
10627,7381
10378,7560
10163,7731
9834,7914
9590,8135
9323,8368
9210,8521
8962,8661
8681,8758
8309,8888
8029,8948
7776,8974
7564,9059
7336,8985
7121,9079
6940,9044
6832,9056
6765,8972
6789,8886
6793,8700
6891,8569
7023,8396
7104,8136
7294,8004
7427,7851
7638,7696
7872,7506
8087,7305
8252,7125
8423,6968
8578,6870
8736,6799
9024,6732
9194,6656
9427,6636
9674,6656
9832,6722
9982,6791
10236,6933
10441,7075
10456,7306
10438,7513
10415,7627
10495,7883
10563,8134
10546,8324
10441,8547
10340,8867
10077,9062
9826,9346
9662,9498
9385,9669
9112,9748
8711,9928
8341,10042
8096,10068
7805,10109
7605,10031
7420,9884
7242,9878
7145,9815
7097,9574
7079,9332
7090,9086
7142,8897
7256,8864
7382,8755
7552,8546
7802,8339
8021,8066
8362,7850
8764,7633
9222,7509
9549,7332
9861,7151
10214,7028
10673,6874
11192,6817
11640,6689
11914,6638
12226,6600
12413,6649
12535,6656
12649,6705
12634,6837
12387,6980
12113,7156
11748,7369
11416,7564
11155,7794
10858,8111
10514,8373
10166,8715
9752,8918
9489,9186
9120,9359
8834,9434
8560,9557
8326,9745
8082,9841
7962,9914
7909,9938
7842,9977
7587,9872
7500,9877
7367,9794
7388,9698
7311,9458
7314,9295
7452,9100
7616,8914
7818,8628
8105,8421
8352,8125
8693,7849
9096,7551
9539,7375
9938,7175
10303,7008
10739,6843
11202,6749
11496,6679
11780,6696
11992,6795
12181,6884
12453,7003
12590,7182
12707,7420
12752,7586
12677,7793
12353,8074
12111,8264
11885,8460
11589,8575
11176,8815
10961,9021
10488,9229
10106,9442
9633,9510
9267,9560
8973,9556
8684,9704
8300,9920
8051,10151
7771,10241
7483,10317
7198,10314
7007,10297
6862,10408
6747,10318
6699,10280
6740,10164
6835,9913
7015,9730
7249,9473
7498,9267
7715,9013
7944,8719
8183,8394
8408,8061
8625,7822
8858,7584
9256,7343
9411,7160
9458,7098
9711,6975
9861,6942
10143,6981
10166,7021
9683,7061
10041,7157
10540,7257
10033,7448
8853,7583
7785,7775
7028,7952
6630,8191
6388,8368
6298,8591
6212,8774
6180,8933
6167,9188
6163,9369
6147,9452
6148,9551
6158,9666
6149,9803
6152,9877
6143,9922
6149,9765
6146,9634
6139,9553
6131,9365
6117,9243
6125,9056
6117,8786
6135,8476
6120,8252
6115,7995
6122,7824
6121,7627
6122,7415
6122,7249
6119,7126
6117,6959
6122,6851
6116,6805
6116,6726
6107,6713
6117,6682
6115,6728
6118,6767
6112,6828
6110,6818
6118,6943
6112,7081
6109,7195
6109,7281
6123,7369
6113,7506
6112,7675
6119,7829
6112,7879
6120,7936
6113,7932
6112,7917
6112,7656
6112,7300
6111,6911
6113,6593
6113,6387
6111,6246
6098,6201
6107,6153
6112,6134
6101,6133
6116,6129
6109,6119
6107,6127
6105,6123
6107,6135
6108,6117
6106,6133
6103,6133
6102,6133
6102,6108
6101,6097
6106,6076
6114,6075
6111,6078
6094,6069
6105,6072
6106,6063
6102,6067
6102,6074
6110,6069
6101,6065
6101,6069
6106,6063
6111,6053
6105,6051
6094,6049
6112,6058
6107,6051
6109,6048
6104,6056
6103,6073
6112,6053
6113,6057
6103,6068
6105,6060
6105,6060
6102,6058
6113,6056
6102,6066
6097,6060
6117,6045
6114,6063
6117,6067
6115,6050
6103,6059
6116,6055
6117,6055
6112,6042
6109,6055
6101,6048
6117,6058
6114,6057
6108,6053
6104,6050
6112,6060
6111,6048
6113,6046
6114,6065
6104,6050
6107,6049
6130,6055
6108,6049
6109,6053
6106,6052
6107,6044
6107,6053
6098,6058
6107,6056
6116,6051
6112,6042
6112,6058
6108,6043
6111,6049
6111,6053
6118,6040
6113,6048
6117,6046
6109,6049
6115,6047
6108,6042
6108,6061
6108,6054
6113,6049
6122,6054
6115,6050
6111,6043
6113,6046
6106,6055
6105,6034
6108,6054
6119,6047
6113,6047
6112,6049
6118,6053
6107,6048
6114,6055
6110,6056
6106,6059
6103,6039
6118,6036
6113,6055
6102,6061
6106,6052
6102,6056
6108,6050
6112,6048
6108,6055
6109,6046
6099,6044
6110,6061
6113,6047
6099,6056
6105,6061
6102,6056
6113,6045
6112,6052
6112,6046
6108,6043
6101,6053
6101,6054
6105,6052
6106,6045
6104,6062
6102,6042
6107,6055
6121,6053
6112,6049
6103,6049
6110,6049
6106,6058
6110,6051
6110,6042
6102,6049
6123,6176
6430,6286
6063,6128
6108,6057
6056,6005
6047,6015
6096,6033
6137,6054
6132,6063
6097,6037
6082,6026
6098,6035
6099,6042
6106,6049
6104,6060
6111,6056
6095,6053
6100,6052
6105,6052
6105,6058
6106,6051
6099,6053
6104,6049
6106,6050
6099,6048
6105,6041
6104,6055
6104,6052
6111,6065
6104,6054
6102,6050
6115,6044
6107,6046
6108,6052
6110,6047
6109,6032
6108,6041
6095,6045
6107,6059
6104,6052
6107,6039
6106,6046
6100,6052
6107,6034
6108,6050
6101,6053
6115,6056
6107,6041
6103,6029
6104,6053
6098,6033
6105,6049
6105,6041
6104,6059
6107,6044
6104,6042
6097,6040
6111,6045
6090,6046
6103,6056
6108,6043
6105,6033
6095,6051
6097,6041
6103,6054
6094,6049
6111,6046
6101,6045
6094,6046
6096,6035
6103,6056
6097,6039
6091,6048
6102,6061
6106,6043
6100,6059
6090,6050
6103,6043
6104,6050
6095,6047
6102,6053
6097,6064
6099,6044
6099,6059
6110,6041
6100,6054
6097,6048
6099,6055
6093,6050
6094,6048
6113,6056
6098,6064
6096,6050
6095,6055
6096,6059
6103,6053
6107,6049
6095,6046
6111,6038
6104,6033
6113,6011
6103,6055
6088,6056
6105,6058
6103,6057
6098,6046
6108,6056
6102,6047
6104,6039
6118,6037
6106,6073
6101,6056
6108,6049
6109,6040
6097,6057
6108,6053
6108,6053
6098,6048
6107,6052
6096,6067
6099,6059
6098,6055
6110,6055
6115,6044
6113,6057
6109,6043
6097,6046
6103,6053
6104,6054
6109,6060
6112,6053
6107,6038
6104,6063
6105,6045
6100,6061
6112,6044
6104,6051
6104,6057
6109,6051
6109,6053
6113,6053
6110,6050
6117,6060
6107,6061
6115,6063
6112,6060
6105,6048
6116,6051
6111,6055
6109,6054
6105,6055
6113,6064
6110,6052
6110,6046
6105,6059
6108,6046
6101,6047
6104,6037
6112,6056
6101,6058
6110,6037
6111,6053
6109,6052
6109,6045
6106,6050
6107,6055
6107,6049
6112,6039
6102,6044
6106,6050
6110,6054
6106,6054
6100,6047
6104,6049
6113,6054
6109,6052
6094,6051
6108,6046
6098,6047
6107,6058
6098,6059
6101,6049
6109,6043
6101,6040
6102,6029
6098,6057
6108,6046
6096,6041
6103,6048
6098,6041
6098,6049
6101,6055
6104,6070
6093,6053
6103,6047
6103,6058
6099,6031
6099,6051
6097,6037
6102,6058
6099,6053
6102,6054
6101,6065
6112,6047
6100,6047
6103,6041
6106,6053
6101,6047
6106,6051
6098,6057
6112,6050
6108,6046
6106,6055
6114,6050
6110,6053
6107,6057
6098,6053
6108,6050
6107,6053
6108,6042
6120,6049
6118,6030
6104,6048
6113,6105
6105,6040
6113,6056
6112,6055
6103,6061
6103,6064
6113,6056
6110,6059
6112,6054
6115,6035
6120,6045
6113,6058
6120,6054
6115,6053
6116,6048
6113,6056
6121,6063
6118,6043
6110,6047
6110,6056
6097,6060
6104,6055
6112,6048
6111,6048
6123,6041
6118,6057
6110,6061
6110,6045
6110,6057
6105,6057
6111,6061
6116,6059
6108,6054
6114,6084
6109,6055
6110,6062
6107,6053
6107,6051
6098,6059
6108,6050
6108,6053
6116,6036
6112,6052
6110,6052
6121,6056
6103,6051
6064,5864
5924,6037
6095,6034
6185,6107
6111,6054
6111,6066
6121,6058
6100,6045
6123,6052
6118,6048
6104,6049
6108,6057
6102,6066
6113,6041
6104,6043
6104,6047
6110,6060
6117,6044
6111,6060
6106,6046
6113,6041
6116,6036
6116,6046
6108,6057
6115,6056
6111,6048
6114,6043
6120,6058
6108,6054
6117,6049
6112,6056
6102,6084
6105,6050
6107,6056
6115,6044
6117,6062
6111,6062
6101,6055
6111,6055
6112,6047
6114,6057
6100,6057
6102,6050
6120,6059
6118,6063
6107,6048
6116,6047
6117,6044
6106,6047
6106,6049
6114,6053
6119,6052
6115,6039
6113,6060
6109,6055
6113,6056
6107,6053
6122,6069
6112,6043
6105,6050
6115,6057
6119,6046
6104,6044
6110,6042
6113,6057
6115,6047
6116,6059
6111,6059
6123,6067
6124,6055
6115,6060
6114,6053
6113,6063
6109,6047
6122,6058
6115,6047
6105,6054
6123,6066
6130,6053
6120,6058
6120,6062
6112,6049
6113,6060
6115,6043
6119,6057
6116,6056
6115,6055
6115,6052
6114,6051
6122,6050
6118,6046
6116,6058
6113,6059
6118,6059
6117,6060
6119,6051
6119,6051
6112,6058
6119,6054
6118,6062
6122,6053
6115,6047
6114,6054
6111,6064
6114,6049
6111,6056
6125,6059
6117,6050
6106,6049
6114,6042
6128,6060
6115,6060
6112,6054
6113,6055
6114,6058
6113,6054
6118,6058
6113,6065
6106,6060
6106,6060
6115,6050
6120,6036
6120,6062
6113,6057
6115,6058
6115,6058
6122,6051
6117,6050
6116,6052
6113,6060
6109,6047
6122,6056
6117,6054
6111,6063
6122,6052
6125,6059
6118,6054
6112,6056
6119,6062
6118,6054
6113,6049
6113,6049
6106,6060
6113,6051
6113,6060
6120,6051
6119,6064
6115,6064
6118,6057
6110,6066
6119,6069
6106,6062
6133,6053
6119,6055
6113,6057
6118,6054
6127,6056
6116,6053
6115,6057
6122,6060
6117,6056
6127,6053
6113,6061
6113,6061
6117,6048
6118,6060
6114,6059
0,26
0,61680
0,0
6114,6055
5604,5565
5596,5579
5601,5579
5599,5572
5601,5568
5603,5567
5597,5571
5589,5576
5820,5750
6326,6277
6265,6282
6285,6282
6293,6270
6283,6271
6289,6296
6279,6265
6294,6280
6322,6278
6295,6282
6287,6291
6295,6281
6286,6289
6292,6314
6274,6290
6291,6307
6291,6283
6288,6283
6292,6314
6305,6297
6292,6291
6287,6280
6273,6297
6297,6310
6278,6290
6295,6287
6304,6285
6292,6286
6289,6313
6298,6324
6285,6299
6276,6293
6290,6282
6297,6268
6294,6315
6266,6306
6275,6293
6274,6298
6284,6289
6289,6295
6307,6312
6294,6300
6277,6305
6288,6289
6298,6302
6321,6314
6294,6288
6306,6309
6313,6307
6293,6306
6298,6314
6283,6323
6268,6320
6287,6289
6284,6287
6298,6307
6301,6294
6292,6296
6282,6287
6290,6291
6297,6305
6291,6288
6275,6302
6289,6303
6279,6314
6284,6320
6275,6290
6288,6302
6290,6290
6278,6281
6289,6285
6281,6301
6290,6318
6294,6303
6298,6321
6274,6294
6271,6298
6282,6307
6285,6310
6254,6324
6260,6295
6270,6290
6280,6322
6296,6328
6293,6333
6283,6359
6281,6335
6268,6305
6248,6321
6277,6303
6270,6290
6262,6296
6276,6301
6292,6306
6268,6296
6265,6304
6263,6310
6274,6296
6290,6322
6274,6335
6264,6329
6265,6314
6246,6321
6272,6326
6282,6337
6285,6329
6280,6324
6291,6339
6290,6328
6267,6327
6280,6325
6292,6305
6283,6336
6283,6364
6291,6352
6285,6321
6275,6320
6292,6316
6264,6310
6269,6321
6283,6324
6295,6337
6281,6301
6266,6332
6262,6347
6265,6331
6274,6309
6255,6316
6279,6340
6279,6326
6287,6343
6280,6304
6267,6320
6273,6317
6273,6317
6273,6306
6276,6327
6271,6338
6259,6355
6261,6344
6279,6353
6270,6338
6272,6328
6278,6349
6289,6340
6286,6330
6293,6324
6285,6329
6284,6342
6291,6339
6271,6324
6273,6325
6257,6336
6271,6351
6286,6368
6278,6350
6266,6349
6279,6351
6288,6350
6268,6341
6250,6326
6265,6327
6272,6340
6256,6329
6263,6351
6269,6334
6284,6343
6284,6342
6272,6353
6264,6326
6253,6328
6260,6322
6278,6331
6273,6336
6260,6306
6275,6334
6281,6328
6279,6350
6279,6364
6275,6369
6262,6369
6273,6371
6285,6361
6267,6342
6266,6352
6276,6350
6255,6366
6276,6355
6279,6337
6269,6342
6265,6313
6267,6339
6239,6335
6262,6340
6266,6342
6271,6356
6251,6335
6259,6346
6260,6345
6265,6349
6259,6340
6266,6339
6282,6353
6276,6340
6266,6353
6263,6357
6268,6350
6249,6349
6261,6361
6262,6339
6252,6348
6248,6306
6253,6353
6257,6359
6251,6351
6252,6370
6268,6365
6267,6342
6251,6368
6277,6366
6259,6370
6252,6340
6242,6337
6253,6353
6243,6350
6228,6341
6225,6346
6242,6340
6256,6346
6241,6329
6220,6344
6247,6344
6265,6346
6240,6371
6228,6378
6237,6370
6240,6357
6240,6356
6434,6510
6225,6354
6327,6418
6335,6445
6161,6192
6223,6345
6240,6342
6236,6360
6217,6350
6263,6383
6249,6346
6240,6332
6248,6351
6228,6345
6239,6352
6239,6351
6231,6334
6239,6340
6232,6313
6242,6353
6240,6353
6236,6329
6226,6350
6225,6342
6222,6332
6240,6340
6243,6338
6252,6347
6268,6360
6264,6372
6259,6344
6243,6356
6235,6365
6255,6368
6251,6367
6251,6361
6242,6374
6243,6375
6237,6351
6221,6370
6229,6359
6237,6374
6225,6378
6229,6391
6208,6386
6225,6353
6229,6354
6231,6370
6232,6377
6249,6355
6236,6357
6233,6362
6235,6373
6247,6360
6242,6377
6248,6382
6242,6364
6232,6382
6235,6354
6214,6361
6216,6355
6239,6353
6219,6370
6203,6359
6224,6340
6209,6331
6231,6386
6222,6375
6211,6403
6223,6433
6233,6385
6221,6379
6219,6391
6221,6416
6232,6414
6222,6417
6223,6409
6216,6382
6222,6378
6223,6374
6221,6375
6220,6378
6227,6387
6251,6371
6213,6373
6204,6366
6205,6372
6219,6373
6209,6368
6221,6358
6242,6375
6214,6381
6220,6343
6215,6386
6211,6359
6206,6382
6208,6388
6219,6415
6214,6392
6215,6377
6210,6364
6212,6366
6219,6368
6220,6384
6210,6354
6216,6379
6213,6371
6231,6391
6234,6379
6200,6378
6216,6376
6226,6406
6214,6393
6217,6404
6226,6386
6219,6389
6219,6371
6217,6355
6219,6383
6219,6374
6221,6379
6222,6378
6204,6386
6212,6408
6213,6378
6209,6373
6216,6396
6218,6387
6210,6383
6204,6368
6226,6370
6218,6375
6213,6358
6206,6377
6210,6376
6214,6374
6199,6387
6211,6383
6206,6349
6211,6394
6204,6393
6215,6356
6211,6363
6212,6380
6195,6393
6206,6404
6205,6378
6218,6384
6209,6382
6204,6372
6202,6368
6202,6360
6202,6373
6206,6359
6200,6390
6197,6392
6212,6386
6200,6400
6209,6392
6219,6383
6198,6379
6214,6379
6211,6383
6202,6370
6215,6358
6208,6358
6219,6384
6207,6383
6215,6373
6203,6342
6206,6361
6214,6347
6210,6358
6207,6361
6209,6346
6207,6352
6205,6339
6213,6348
6199,6353
6215,6342
6210,6368
6207,6360
6203,6387
6210,6379
6207,6368
6209,6366
6202,6376
6206,6388
6216,6372
6205,6406
6194,6376
6204,6389
6198,6385
6199,6368
6207,6392
6203,6353
6212,6386
6223,6369
6202,6361
6211,6389
6190,6391
6197,6374
6207,6376
6209,6356
6218,6379
6205,6391
6199,6372
6199,6380
6204,6350
6200,6330
6211,6340
6201,6335
6198,6356
6209,6345
6208,6341
6204,6375
6198,6370
6210,6368
6203,6364
6207,6377
6211,6336
6213,6338
6212,6343
6215,6351
6201,6339
6227,6291
6214,6378
6206,6384
6224,6397
6214,6400
6202,6381
6212,6387
6205,6377
6186,6361
6208,6357
6203,6383
6190,6350
6207,6357
6207,6351
6200,6354
6204,6370
6220,6386
6203,6394
6216,6386
6218,6385
6199,6391
6201,6375
6212,6380
6208,6410
6212,6342
6212,6373
6207,6372
6208,6329
6200,6366
6209,6392
6209,6389
6199,6364
6215,6353
6218,6349
6206,6366
6212,6375
6202,6338
6214,6366
6204,6380
6216,6392
6213,6389
6201,6378
6207,6393
6119,6322
6217,6378
6254,6413
6182,6337
6208,6335
6227,6369
6207,6375
6209,6356
6233,6393
6214,6385
6203,6385
6205,6391
6223,6399
6212,6404
6208,6380
6209,6382
6215,6372
6220,6357
6206,6371
6220,6346
6210,6355
6219,6367
6219,6390
6205,6366
6219,6352
6224,6338
6217,6375
6216,6335
6200,6337
6209,6363
6213,6384
6201,6375
6201,6369
6205,6363
6195,6353
6212,6365
6195,6361
6203,6358
6218,6370
6217,6378
6205,6357
6209,6355
6207,6334
6198,6352
6203,6336
6209,6346
6200,6324
6217,6338
6215,6360
6208,6350
6218,6331
6218,6359
6204,6353
6223,6356
6207,6358
6217,6369
6221,6371
6215,6342
6214,6336
6212,6343
6217,6333
6206,6326
6208,6321
6222,6336
6224,6339
6214,6334
6232,6317
6233,6313
6223,6329
6206,6333
6201,6324
6200,6338
6208,6326
6207,6329
6202,6316
6215,6331
6210,6346
6207,6340
6211,6366
6230,6354
6213,6373
6221,6361
6229,6346
6237,6360
6228,6367
6225,6365
6222,6372
6221,6339
6216,6358
6219,6343
6226,6343
6243,6366
6253,6377
6251,6396
6241,6385
6244,6364
6250,6332
6285,6373
6293,6372
6333,6362
6343,6380
6358,6369
6405,6375
6421,6381
6483,6387
6534,6380
6610,6376
6650,6381
6735,6390
6790,6394
6856,6380
6906,6381
6952,6383
7009,6363
7033,6352
7102,6349
7146,6353
7204,6338
7285,6358
7349,6362
7373,6340
7417,6336
7384,6335
7366,6346
7327,6359
7273,6354
7183,6354
7111,6337
7046,6336
6923,6333
6856,6318
6786,6350
6747,6353
6684,6365
6618,6387
6562,6385
6529,6354
6546,6367
6583,6375
6610,6398
6667,6394
6706,6402
6756,6413
6848,6415
6944,6450
7063,6396
7150,6424
7317,6469
7504,6506
7674,6518
7919,6522
8142,6514
8306,6493
8503,6502
8799,6489
8992,6495
9065,6481
9192,6508
9323,6537
9434,6570
9406,6604
9393,6659
9433,6701
9271,6740
9102,6818
8923,6881
8740,6928
8479,7038
8212,7084
8023,7187
7856,7279
7616,7405
7474,7478
7344,7530
7224,7587
7096,7661
7021,7678
6895,7684
6840,7724
6814,7685
6803,7672
6790,7692
6883,7688
6942,7661
7054,7603
7185,7553
7329,7518
7497,7445
7752,7380
8018,7299
8267,7208
8476,7084
8690,6960
8995,6892
9278,6825
9627,6704
9918,6676
10187,6642
10236,6621
10314,6666
10460,6739
10492,6832
10395,6934
10383,7062
10141,7174
9947,7375
9765,7485
9566,7635
9272,7801
8978,7912
8761,8045
8514,8186
8305,8288
8106,8461
7914,8502
7720,8601
7528,8784
7367,8941
7225,8942
7112,8948
7016,8969
6942,8950
6865,8913
6830,8891
6816,8844
6827,8691
6875,8494
6961,8388
7096,8291
7215,8162
7415,7927
7563,7716
7734,7558
7937,7414
8160,7209
8285,7088
8492,6928
8708,6798
8824,6767
8979,6713
9127,6695
9385,6719
9580,6798
9691,6881
9725,6971
9843,7112
9836,7263
9854,7391
9874,7513
9807,7643
9475,7788
9375,7894
9161,8049
8921,8170
8731,8212
8411,8330
8120,8420
7852,8385
7537,8446
7345,8455
7154,8499
6994,8540
6853,8548
6767,8577
6723,8457
6734,8304
6714,8279
6881,8388
6812,8004
6911,7856
7144,7930
7341,7790
7462,7594
7683,7498
7900,7346
8159,7247
8451,7094
8605,6949
8775,6869
8920,6761
9136,6703
9260,6642
9327,6645
9305,6621
9435,6657
9432,6742
9420,6804
9459,6901
9430,7021
9352,7183
9203,7331
9052,7573
8922,7831
8722,8042
8490,8338
8298,8562
8099,8774
7945,8891
7808,9010
7676,9254
7480,9456
7328,9501
7187,9498
7053,9522
6977,9413
6888,9315
6777,9255
6688,9197
6656,9076
6662,8842
6662,8719
6708,8580
6820,8343
6855,8111
6984,7902
7109,7766
7286,7496
7491,7340
7642,7165
7843,7015
8090,6924
8343,6779
8584,6719
8774,6636
8883,6597
9105,6551
9264,6541
9476,6573
9513,6624
9657,6703
9641,6789
9628,6907
9627,7017
9561,7098
9564,7160
9447,7281
9380,7337
9284,7442
9084,7566
8888,7675
8762,7821
8395,7934
8222,8012
8046,8133
7793,8210
7609,8342
7376,8452
7168,8489
7049,8531
6901,8404
6829,8402
6732,8323
6714,8328
6696,8208
6714,8125
6795,7989
6858,7844
6986,7722
7132,7539
7332,7366
7525,7214
7696,7062
7832,6939
8039,6824
8203,6751
8351,6671
8591,6595
8681,6558
8820,6504
8955,6534
9027,6520
9095,6568
9252,6594
9270,6704
9259,6790
9236,6918
9131,7027
9071,7186
9008,7336
8983,7566
8838,7751
8779,7962
8647,8110
8507,8293
8295,8382
8113,8558
7951,8680
7823,8806
7567,8917
7355,8985
7149,9013
7028,8948
6883,8822
6772,8795
6702,8717
6645,8585
6621,8497
6625,8357
6623,8176
6724,8025
6811,7885
6924,7708
7076,7546
7261,7367
7443,7199
7666,7062
7852,6926
8056,6798
8235,6732
8403,6635
8559,6577
8713,6560
8873,6534
8950,6550
9006,6584
9117,6642
9236,6683
9191,6772
9166,6816
9055,6938
9060,7036
9029,7191
8882,7336
8899,7426
8878,7590
8850,7731
8727,7900
8611,8081
8426,8240
8238,8360
8059,8482
7852,8548
7664,8654
7476,8674
7308,8800
7096,8803
6956,8728
6810,8665
6708,8631
6626,8615
6586,8478
6578,8294
6602,8076
6679,7880
6771,7660
6875,7488
7035,7318
7199,7171
7355,7019
7546,6885
7787,6761
7998,6663
8151,6610
8359,6559
8473,6494
8698,6483
8839,6475
8927,6466
9025,6470
9181,6511
9170,6554
9270,6630
9316,6667
9378,6786
9327,6885
9266,6961
9149,7135
9011,7278
8913,7411
8728,7534
8515,7651
8332,7848
8119,7958
7920,8047
7741,8215
7553,8255
7369,8323
7182,8399
6989,8510
6855,8520
6782,8388
6687,8311
6647,8299
6603,8169
6625,8052
6691,7883
6761,7779
6858,7686
6962,7510
7094,7369
7231,7241
7384,7087
7633,6943
7797,6824
7973,6744
8179,6662
8469,6557
8643,6500
8825,6463
9142,6458
9359,6442
9413,6459
9621,6510
9790,6571
9808,6648
9920,6770
10007,6913
10007,7001
9942,7141
9896,7342
9687,7533
9624,7648
9455,7819
9184,8005
9066,8213
8794,8454
8561,8609
8344,8707
8131,8779
7909,8873
7763,8768
7595,8816
7337,8816
7182,8740
7079,8696
6899,8611
6834,8543
6801,8507
6727,8321
6712,8214
6727,8111
6791,7948
6833,7784
6979,7606
7088,7490
7234,7289
7446,7208
7558,7010
7824,6931
8170,6856
8228,6716
8375,6601
8577,6580
8697,6555
8810,6554
8955,6520
9020,6554
9156,6641
9227,6745
9329,6801
9416,6926
9446,7075
9367,7245
9151,7393
8969,7594
8777,7783
8800,7906
8741,8067
8527,8288
8323,8371
8074,8462
7796,8576
7602,8700
7483,8762
7351,8753
7180,8846
7058,8899
6951,8890
6864,8824
6785,8831
6787,8722
6788,8557
6799,8329
6864,8246
6902,8138
7034,7994
7124,7865
7192,7592
7371,7408
7561,7264
7813,7102
8007,6962
8196,6821
8467,6759
8574,6709
8687,6661
8801,6610
8921,6622
9012,6610
9244,6640
9525,6667
9650,6733
9624,6812
9587,6906
9591,7036
9510,7161
9412,7305
9428,7487
9184,7679
9152,7792
9004,7875
8815,8024
8638,8084
8569,8166
8458,8249
8221,8316
7997,8425
7729,8386
7544,8391
7376,8396
7242,8415
7163,8308
7024,8236
6908,8142
6742,8062
6698,8023
6685,7889
6676,7781
6726,7661
6837,7515
6951,7410
7096,7300
7248,7160
7454,7051
7652,6936
7857,6804
8108,6697
8306,6643
8446,6564
8590,6517
8866,6506
9067,6480
9193,6495
9204,6540
9146,6581
9258,6636
9363,6698
9411,6761
9363,6872
9294,6941
9238,7098
9112,7277
8942,7412
8828,7565
8659,7735
8415,7926
8250,8001
8128,8208
7972,8340
7821,8397
7665,8490
7492,8525
7256,8615
7115,8630
6990,8632
6881,8659
6820,8593
6779,8558
6747,8457
6711,8320
6718,8125
6760,7942
6843,7785
6949,7655
7123,7422
7239,7306
7458,7119
7643,6973
7866,6790
8097,6690
8257,6594
8436,6511
8582,6456
8740,6385
8946,6366
9123,6356
9244,6352
9428,6395
9511,6434
9531,6507
9464,6608
9496,6742
9467,6855
9377,7013
9469,7133
9372,7267
9221,7389
9005,7583
8762,7741
8584,7871
8410,7957
8188,8064
7906,8179
7757,8259
7569,8326
7368,8322
7185,8431
7034,8401
6894,8395
6805,8373
6755,8312
6757,8259
6793,8155
6799,8048
6893,7911
6986,7757
7108,7617
7263,7454
7466,7281
7669,7150
7902,7023
8168,6926
8501,6805
8773,6728
9114,6696
9443,6666
9587,6627
9821,6607
10073,6599
10224,6622
10524,6673
10561,6704
10622,6777
10550,6881
10423,6964
10450,7117
10592,7227
10564,7365
10362,7549
10175,7740
9834,7958
9581,8138
9378,8373
9226,8511
8964,8606
8645,8772
8310,8861
8044,8910
7771,9007
7556,9049
7317,9035
7119,9055
6956,9085
6824,9020
6770,8936
6760,8845
6785,8697
6895,8625
6982,8370
7072,8185
7292,8003
7460,7862
7654,7718
7883,7527
8104,7298
8241,7124
8429,6965
8543,6868
8770,6800
9010,6762
9235,6667
9429,6638
9685,6664
9832,6728
9942,6806
10117,6931
10450,7065
10414,7276
10399,7449
10392,7623
10470,7838
10569,8146
10540,8315
10466,8565
10361,8856
10128,9023
9865,9317
9657,9542
9398,9664
9077,9844
8761,9954
8374,10008
8070,10117
7864,10027
7647,9968
7391,9854
7267,9910
7128,9792
7084,9587
7056,9356
7083,9056
7150,8898
7267,8870
7411,8722
7548,8535
7775,8334
8026,8064
8348,7851
8759,7618
9141,7470
9531,7352
9867,7177
10212,7018
10416,6771
11263,7424
11274,6336
11925,6575
12172,6585
12482,6611
12622,6679
12669,6676
12592,6834
12362,6990
