Channel 1,Channel 2
6206,6380
6205,6388
6209,6372
6206,6392
6213,6377
6201,6386
6214,6380
6204,6388
6214,6377
6192,6380
6199,6353
6209,6374
6208,6381
6214,6379
6221,6379
6204,6362
6204,6366
6206,6380
6208,6379
6202,6374
6195,6385
6199,6360
6210,6359
6206,6366
6206,6372
6213,6369
6223,6372
6201,6376
6220,6364
6206,6367
6209,6372
6206,6376
6211,6369
6201,6370
6225,6368
6199,6376
6211,6382
6201,6340
6215,6332
6209,6360
6205,6366
6194,6364
6217,6371
6213,6354
6211,6360
6215,6352
6216,6350
6212,6361
6219,6352
6218,6364
6221,6353
6204,6373
6216,6384
6209,6403
6211,6395
6216,6382
6189,6372
6209,6391
6217,6350
6220,6345
6219,6359
6224,6360
6216,6376
6209,6374
6218,6390
6217,6388
6219,6367
6219,6383
6214,6375
6231,6361
6295,6421
6265,6359
6283,6405
6208,6387
6230,6369
6221,6366
6215,6370
6215,6367
6208,6356
6222,6357
6219,6355
6215,6351
6207,6363
6206,6347
6209,6355
6204,6345
6208,6338
6216,6330
6211,6348
6209,6352
6210,6363
6222,6357
6222,6342
6211,6349
6217,6350
6206,6344
6213,6355
6208,6355
6213,6362
6218,6324
6211,6352
6220,6363
6212,6352
6221,6339
6222,6361
6218,6339
6212,6352
6221,6343
6223,6344
6219,6368
6219,6344
6217,6350
6223,6350
6220,6338
6217,6311
6219,6296
6233,6321
6226,6338
6224,6325
6218,6331
6225,6334
6218,6335
6229,6339
6228,6326
6224,6343
6223,6329
6209,6329
6218,6343
6217,6316
6215,6349
6232,6352
6231,6353
6236,6354
6214,6345
6222,6361
6221,6335
6241,6338
6222,6346
6226,6349
6232,6338
6236,6336
6230,6343
6235,6351
6253,6335
6255,6344
6263,6349
6274,6351
6296,6362
6285,6345
6314,6339
6343,6353
6384,6354
6395,6346
6450,6366
6478,6366
6557,6383
6590,6375
6672,6365
6779,6383
6846,6371
6919,6375
7005,6363
7075,6360
7166,6368
7226,6371
7286,6366
7346,6367
7407,6352
7455,6357
7516,6353
7559,6334
7644,6345
7651,6348
7569,6329
7490,6331
7333,6355
7199,6358
7045,6350
6950,6324
6874,6340
6815,6345
6766,6358
6695,6338
6659,6337
6600,6352
6546,6344
6555,6347
6595,6352
6634,6383
6706,6368
6797,6361
6859,6372
6983,6404
7072,6411
7184,6414
7275,6440
7433,6434
7585,6487
7741,6454
7948,6467
8035,6466
8209,6453
8274,6471
8370,6479
8538,6471
8596,6440
8571,6470
8669,6488
8641,6511
8562,6520
8591,6601
8538,6814
8487,6746
8314,6836
8203,6913
8090,7011
7970,7071
7716,7146
7589,7212
7455,7275
7331,7329
7166,7377
7063,7470
6941,7583
6859,7620
6789,7631
6767,7565
6738,7548
6713,7550
6704,7519
6741,7530
6844,7431
6911,7368
7013,7327
7197,7258
7382,7213
7538,7092
7804,7010
8011,6904
8167,6833
8382,6789
8680,6715
8956,6648
9180,6607
9337,6572
9439,6578
9585,6580
9790,6633
10026,6714
10159,6782
10192,6847
10058,6918
10003,6982
9835,7067
9668,7201
9441,7317
9210,7448
8964,7528
8603,7635
8383,7773
8109,7855
7786,7982
7601,8034
7409,8088
7259,8136
7117,8157
6997,8226
6932,8228
6858,8294
6829,8310
6798,8337
6768,8331
6812,8283
6803,8214
6863,8042
6955,7984
7093,7900
7155,7798
7298,7615
7507,7525
7633,7342
7772,7227
7895,7118
8040,7022
8177,6894
8380,6826
8532,6778
8612,6721
8688,6711
8857,6726
8945,6788
9003,6868
9079,6983
9128,7130
9227,7250
9233,7422
9201,7534
9114,7692
9006,7798
8865,7926
8714,7977
8584,8095
8375,8165
8129,8203
7934,8254
7751,8222
7561,8241
7404,8255
7251,8249
7107,8200
6987,8103
6825,8072
6762,8071
6706,7986
6658,7953
6645,7836
6673,7776
6712,7626
6793,7450
6893,7374
7002,7270
7139,7178
7359,7020
7503,6959
7738,6898
7927,6835
8144,6770
8427,6746
8674,6654
8939,6639
9136,6641
9179,6635
9254,6628
9474,6698
9550,6760
9499,6872
9533,6940
9507,7059
9440,7203
8993,7078
9312,7684
8867,7451
8895,7935
8546,7880
8332,8071
8183,8241
7950,8378
7719,8483
7521,8603
7355,8638
7215,8781
7108,8765
6982,8882
6897,8942
6783,8864
6736,8832
6669,8777
6616,8654
6631,8539
6627,8416
6646,8387
6692,8243
6766,8047
6850,7872
6948,7726
7117,7525
7257,7325
7394,7210
7500,7062
7666,6904
7814,6766
7942,6688
8046,6599
8161,6561
8399,6569
8505,6554
8567,6620
8621,6670
8725,6720
8726,6815
8754,6908
8789,6980
8764,7125
8670,7262
8694,7426
8783,7580
8629,7671
8619,7773
8525,7806
8316,7820
8163,7944
8017,7966
7860,8098
7723,8145
7555,8210
7438,8255
7300,8302
7137,8321
6986,8271
6860,8243
6803,8307
6682,8255
6644,8084
6591,8042
6574,7931
6583,7762
6627,7700
6668,7602
6753,7424
6899,7274
6994,7144
7199,7054
7385,6881
7559,6825
7697,6765
7861,6682
7985,6639
8201,6653
8324,6601
8471,6587
8520,6551
8684,6568
8749,6586
8877,6609
8897,6638
8904,6698
8865,6806
8893,6921
8866,7032
8799,7188
8709,7286
8631,7417
8518,7602
8454,7706
8327,7892
8154,8022
7920,8039
7737,8217
7590,8291
7492,8346
7394,8549
7198,8655
7014,8608
6846,8495
6784,8527
6684,8406
6655,8261
6605,8155
6609,8022
6610,7903
6648,7754
6714,7627
6846,7488
6990,7360
7079,7205
7204,7082
7410,6928
7571,6817
7800,6714
7923,6683
8041,6575
8194,6511
8295,6508
8449,6483
8535,6503
8547,6485
8641,6518
8597,6566
8652,6603
8663,6698
8643,6755
8572,6845
8457,6986
8356,7070
8270,7195
8092,7337
8038,7462
8002,7640
7918,7677
7815,7862
7666,7995
7566,8084
7403,8173
7282,8269
7169,8406
7021,8382
6916,8356
6834,8428
6745,8320
6665,8227
6579,8261
6566,8166
6501,8056
6524,7943
6543,7795
6575,7683
6633,7500
6737,7359
6852,7210
6936,7104
7073,6997
7275,6877
7430,6745
7650,6687
7836,6626
8025,6581
8181,6552
8337,6520
8551,6536
8697,6519
8786,6555
8927,6574
9041,6628
9121,6695
9157,6783
9129,6794
9162,6870
9022,6915
8908,6994
8787,7152
8632,7254
8440,7278
8300,7393
8198,7511
7985,7627
7816,7749
7640,7794
7459,7890
7275,7890
7137,7891
6971,7902
6846,7967
6719,8001
6651,7936
6601,7840
6582,7870
6540,7858
6587,7753
6659,7688
6734,7606
6818,7502
6941,7376
6990,7247
7173,7182
7319,7015
7462,6916
7595,6776
7738,6700
7866,6610
8056,6543
8189,6490
8326,6439
8562,6413
8637,6426
8753,6461
8915,6544
9009,6587
9005,6685
8941,6793
9036,6914
9082,7062
9011,7136
8994,7337
8832,7458
8799,7600
8617,7694
8402,7902
8254,8034
7989,8127
7769,8216
7637,8344
7520,8353
7322,8328
7177,8292
7072,8313
6943,8258
6819,8162
6765,8122
6689,8088
6647,8035
6606,7882
6596,7777
6593,7738
6612,7575
6679,7485
6782,7350
6874,7312
6953,7212
7075,7092
7223,7026
7422,6928
7571,6801
7774,6724
7948,6645
8077,6598
8208,6574
8377,6548
8527,6569
8714,6609
8782,6633
8849,6698
8943,6706
9033,6796
9074,6899
9121,7031
8996,7139
8964,7304
8825,7451
8595,7482
8469,7597
8415,7704
8207,7768
7932,7767
7771,7857
7606,7829
7411,7906
7289,7923
7152,7945
6969,7985
6852,8020
6762,8036
6717,7995
6637,7933
6627,7912
6618,7771
6618,7720
6675,7747
6757,7644
6835,7588
6958,7488
7075,7369
7214,7247
7400,7136
7526,7048
7737,6972
7950,6884
8153,6700
8317,6641
8428,6554
8563,6542
8684,6493
8737,6486
8923,6486
9009,6499
9139,6584
9208,6652
9180,6744
9059,6842
9024,6972
8900,7064
8854,7219
8732,7339
8605,7457
8469,7584
8354,7709
8218,7865
8160,7944
8123,8038
7806,8171
7655,8263
7534,8341
7346,8337
7287,8369
7078,8448
6933,8432
6843,8426
6781,8394
6677,8368
6635,8310
6565,8201
6577,8097
6562,7965
6626,7775
6653,7639
6713,7524
6850,7372
6930,7263
7001,7121
7132,6992
7223,6882
7341,6771
7431,6673
7510,6605
7610,6557
7744,6493
7783,6495
7914,6545
7920,6574
7975,6600
8062,6698
8165,6757
8192,6810
8168,6915
8169,7002
8113,7094
8118,7178
8111,7259
8079,7347
7961,7446
7914,7542
7872,7674
7798,7787
7721,7858
7573,7972
7451,8054
7276,8109
7149,8111
7017,8158
6869,8246
6775,8161
6684,8166
6626,8168
6552,8106
6546,7927
6585,7821
6653,7690
6748,7616
6908,7457
7052,7354
7227,7261
7416,7113
7606,6981
7841,6869
8053,6798
8256,6708
8449,6621
8637,6521
8795,6505
9049,6481
9265,6452
9471,6460
9599,6427
9698,6450
9706,6483
9766,6574
9737,6643
9668,6713
9700,6775
9713,6934
9570,7050
9309,7183
9179,7338
8991,7512
8747,7650
8581,7819
8321,7941
8234,8080
7970,8190
7789,8263
7571,8370
7399,8422
7256,8480
7058,8460
6978,8400
6873,8406
6767,8391
6680,8283
6629,8151
6634,8002
6646,7890
6696,7703
6786,7558
6938,7439
7052,7296
7252,7187
7437,6979
7608,6918
7893,6797
8100,6709
8316,6592
8557,6554
8825,6509
9008,6488
9355,6458
9630,6508
9790,6524
9971,6620
10129,6710
10237,6797
10572,6876
10801,6987
10716,7112
10696,7279
10641,7416
10590,7584
10429,7738
10382,7908
10217,7976
9904,8074
9631,8248
9298,8326
8962,8389
8649,8483
8330,8517
8027,8532
7785,8665
7513,8710
7266,8682
7106,8692
6983,8647
6880,8547
6812,8428
6791,8267
6816,8204
6866,8111
6923,7950
7038,7794
7152,7633
7311,7456
7420,7293
7562,7197
7730,7135
7987,7024
8160,6936
8350,6804
8590,6713
8753,6631
8907,6594
9180,6551
9523,6549
9685,6580
9763,6635
9855,6699
9992,6846
10152,7003
10238,7108
10217,7342
10129,7579
10060,7775
9845,8008
9840,8307
9816,8522
9519,8707
9351,8938
9054,9071
8894,9187
8709,9219
8447,9240
8212,9304
7945,9411
7751,9374
7483,9346
7298,9251
7128,9096
6962,8899
6868,8882
6856,8870
6826,8688
6853,8526
6973,8349
7104,8141
7346,7972
7600,7851
7829,7688
8156,7555
8377,7341
8738,7145
9121,7021
9592,6861
9900,6744
10218,6655
10496,6596
10783,6553
11123,6552
11278,6593
11352,6612
11370,6671
11398,6793
11335,6914
11328,7065
11255,7231
11113,7427
10883,7611
10835,7922
10498,7921
10646,8320
10401,8521
9988,8658
9731,8998
9431,9225
9061,9363
8886,9569
8640,9723
8339,9737
8085,9848
7911,9911
7707,9788
7561,9715
7386,9715
7252,9625
7118,9479
7058,9226
7039,9048
7040,8804
7163,8539
7261,8328
7461,8175
7629,7911
7849,7653
8097,7379
8417,7211
8626,7041
8839,6943
8977,6842
9107,6785
9245,6711
9437,6762
9590,6824
9630,6896
9592,6985
9576,7124
9511,7296
9376,7408
9412,7512
9299,7763
9402,8004
9365,8297
9373,8554
9274,8770
9176,8946
9162,9104
9089,9274
8950,9656
8800,10017
8621,10255
8408,10331
8076,10394
7859,10479
7645,10420
7338,10562
7125,10492
6983,10384
6840,10182
6748,10026
6682,9870
6666,9689
6693,9473
6748,9322
6834,9032
6966,8687
7079,8358
7249,8103
7430,7786
7554,7636
7605,7479
7644,7206
7612,7087
7704,7020
7787,6961
7680,6974
7816,6895
8196,6847
8043,6861
7574,6913
6987,6964
6632,6997
6399,7034
6274,7140
6230,7274
6187,7369
6163,7495
6158,7747
6148,7976
6147,8174
6143,8307
6137,8550
6135,8775
6143,8995
6138,9228
6142,9399
6144,9509
6141,9579
6121,9527
6125,9529
6127,9593
6124,9428
6123,9238
6111,9024
6117,8736
6116,8544
6121,8420
6119,8143
6119,7880
6116,7692
6123,7513
6128,7368
6117,7277
6114,7104
6116,6976
6108,6925
6121,6815
6118,6740
6120,6665
6108,6612
6115,6584
6115,6544
6105,6601
6113,6636
6124,6704
6119,6754
6113,6807
6119,6834
6111,6921
6126,6988
6109,6998
6103,7070
6104,7108
6115,6962
6104,6716
6108,6479
6118,6310
6116,6216
6106,6187
6113,6147
6112,6112
6107,6107
6114,6115
6112,6106
6107,6104
6120,6103
6114,6100
6111,6095
6112,6106
6101,6118
6127,6128
6105,6093
6111,6085
6107,6072
6107,6068
6115,6060
6104,6056
6111,6063
6115,6058
6111,6056
6106,6064
6103,6066
6107,6055
6106,6063
6100,6058
6107,6064
6113,6058
6108,6060
6114,6062
6105,6050
6108,6052
6104,6063
6106,6064
6112,6059
6113,6065
6107,6055
6111,6065
6099,6055
6114,6051
6110,6048
6108,6055
6118,6063
6122,6057
6114,6058
6114,6060
6109,6054
6105,6042
6116,6049
6120,6045
6114,6045
6111,6056
6112,6048
6115,6058
6120,6061
6116,6044
6102,6050
6118,6055
6114,6050
6112,6049
6114,6041
6116,6056
6114,6042
6115,6053
6099,6056
6112,6055
6115,6056
6114,6049
6115,6055
6112,6045
6107,6044
6116,6056
6108,6045
6118,6060
6109,6049
6117,6047
6118,6062
6124,6038
6111,6048
6117,6046
6111,6053
6109,6052
6122,6060
6117,6051
6112,6057
6115,6051
6116,6058
6118,6045
6108,6039
6120,6049
6103,6052
6106,6048
6115,6041
6112,6061
6111,6034
6111,6056
6113,6056
6107,6043
6114,6050
6111,6048
6108,6052
6110,6054
6122,6048
6122,6050
6110,6050
6109,6051
6106,6052
6112,6046
6102,6047
6112,6051
6116,6057
6102,6047
6113,6062
6117,6053
6106,6050
6116,6052
6103,6045
6103,6060
6114,6056
6118,6049
6106,6058
6105,6052
6099,6050
6112,6047
6109,6049
6112,6047
6157,6108
5952,5880
6114,6049
6161,6028
6093,6041
6135,6082
6113,6061
6125,6065
6107,6047
6093,6041
6113,6047
6102,6047
6112,6044
6111,6037
6109,6042
6100,6054
6099,6043
6115,6047
6119,6051
6113,6047
6103,6050
6103,6045
6099,6031
6107,6054
6107,6054
6114,6059
6095,6051
6108,6054
6109,6040
6109,6049
6100,6054
6113,6032
6110,6042
6103,6049
6102,6055
6104,6045
6104,6056
6115,6063
6111,6055
6102,6047
6098,6047
6110,6055
6105,6034
6112,6051
6117,6051
6113,6063
6105,6053
6098,6045
6107,6047
6106,6058
6106,6052
6115,6045
6107,6036
6109,6054
6110,6043
6103,6040
6114,6057
6107,6056
6102,6043
6110,6052
6105,6041
6117,5968
6099,6048
6106,6048
6116,6057
6108,6046
6107,6049
6114,6044
6106,6032
6101,6048
6110,6022
6105,6048
6103,6038
6106,6030
6103,6040
6102,6039
6107,6031
6102,6047
6096,6055
6103,6042
6108,6054
6103,6045
6102,6053
6102,6048
6108,6038
6103,6045
6095,6044
6100,6034
6114,6057
6104,6040
6108,6048
6106,6045
6104,6048
6103,6050
6110,6050
6096,6052
6095,6034
6105,6046
6098,6041
6096,6043
6112,6048
6101,6050
6095,6050
6104,6053
6102,6029
6102,6038
6099,6056
6097,6050
6111,6051
6103,6044
6109,6051
6101,6049
6098,6057
6097,6053
6107,6052
6107,6045
6109,6061
6102,6050
6103,6057
6110,6051
6112,6062
6107,6042
6108,6039
6098,6033
6089,6057
6097,6048
6112,6033
6105,6045
6111,6049
6106,6063
6109,6056
6114,6036
6110,6046
6110,6057
6111,6049
6110,6049
6111,6050
6107,6046
6102,6056
6108,6053
6119,6052
6102,6043
6109,6056
6109,6039
6101,6054
6119,6042
6107,6045
6111,6062
6106,6056
6117,6055
6111,6047
6112,6043
6119,6043
6114,6053
6106,6066
6115,6057
6108,6048
6111,6048
6117,6059
6101,6051
6107,6050
6114,6057
6111,6054
6106,6052
6109,6059
6108,6053
6103,6050
6108,6054
6111,6048
6104,6055
6106,6050
6111,6055
6107,6044
6117,6046
6101,6060
6106,6068
6113,6048
6109,6045
6099,6049
6110,6056
6105,6056
6108,6050
6106,6050
6113,6055
6112,6053
6109,6059
6108,6046
6113,6033
6107,6053
6109,6043
6101,6048
6105,6043
6107,6039
6105,6057
6109,6048
6105,6059
6102,6060
6099,6052
6104,6044
6106,6042
6099,6050
6115,6046
6112,6055
6097,6050
6108,6052
6108,6055
6106,6047
6108,6055
6107,6054
6111,6062
6103,6054
6104,6048
6112,6051
6105,6056
6108,6049
6115,6050
6117,6042
6104,6039
6103,6049
6109,6063
6100,6056
6111,6046
6107,6045
6113,6054
6114,6047
6113,6060
6103,6036
6106,6037
6110,6050
6112,6053
6121,6054
6123,6064
6110,6045
6112,6049
6112,6052
6121,6047
6116,6050
6104,6040
6118,6046
6120,6045
6112,6052
6111,6065
6117,6041
6121,6044
6128,6061
6123,6051
6118,6047
6117,6034
6123,6048
6126,6041
6121,6056
6115,6054
6113,6055
6112,6052
6118,6047
6115,6037
6114,6054
6124,6055
6114,6109
6118,6049
6110,6045
6117,6060
6110,6049
6118,6030
6115,6043
6107,6057
6108,6067
6113,6057
6108,6051
6140,6107
6208,6077
6120,6034
6217,6170
6018,5961
6007,5991
6096,6034
6128,6066
6102,6042
6060,6014
6114,6048
6117,6056
6122,6049
6118,6059
6105,6051
6105,6063
6114,6060
6110,6047
6112,6050
6116,6054
6118,6053
6119,6050
6100,6055
6113,6037
6121,6050
6107,6045
6116,6059
6112,6045
6115,6061
6116,6049
6113,6037
6119,6031
6119,6048
6112,6059
6120,6048
6108,6029
6112,6045
6117,6056
6114,6046
6123,6045
6128,6051
6105,6053
6107,6047
6104,6053
6099,6054
6110,6055
6114,6056
6103,6057
6117,6044
6118,6051
6114,6060
6107,6041
6108,6055
6118,6048
6120,6047
6109,6033
6109,6052
6118,6060
6115,6001
6106,6054
6116,6055
6121,6047
6117,6045
6114,6053
6113,6041
6125,6057
6121,6063
6120,6063
6109,6045
6098,6052
6112,6064
6124,6060
6112,6050
6120,6059
6117,6046
6117,6052
6114,6061
6113,6047
6123,6055
6117,6047
6121,6048
6111,6061
6122,6058
6116,6064
6127,6061
6119,6051
6107,6060
6119,6052
6113,6046
6124,6051
6119,6049
6117,6057
6122,6048
6120,6057
6109,6052
6115,6040
6120,6046
6125,6040
6120,6058
6120,6058
6115,6062
6119,6053
6123,6052
6124,6045
6120,6050
6115,6057
6116,6049
6117,6055
6119,6058
6122,6049
6114,6049
6117,6068
6124,6056
6113,6044
6115,6050
6118,6060
6116,6057
6116,6052
6114,6054
6123,6061
6116,6057
6116,6057
6120,6042
6112,6047
6112,6069
6111,6056
6119,6061
6108,6057
6110,6087
6124,6055
6118,6061
6124,6057
6119,6060
6129,6063
6113,6050
6119,6053
6123,6049
6119,6053
6125,6050
6122,6052
6120,6045
6125,6060
6112,6054
6112,6054
6116,6055
6115,6062
6113,6061
6116,6059
6113,6058
6115,6048
6120,6047
6120,6062
6119,6075
6110,6069
6117,6059
6112,6065
6115,6051
6120,6060
6119,6052
6115,6056
6122,6050
6117,6054
6120,6059
6118,6051
6121,6057
6121,6057
6118,6061
6117,6056
6108,6062
6126,6054
6118,6062
6111,6056
6113,6061
6121,6055
6121,6052
6116,6051
6122,6051
0,37
0,61680
0,0
6119,6063
5615,5568
5604,5575
5611,5574
5600,5577
5609,5575
5592,5574
5604,5579
5600,5577
5814,5755
6319,6298
6266,6279
6261,6283
6298,6296
6293,6293
6307,6291
6290,6289
6287,6290
6290,6291
6295,6287
6302,6310
6298,6308
6282,6283
6279,6313
6282,6301
6297,6320
6294,6321
6293,6309
6288,6304
6292,6314
6286,6295
6296,6322
6276,6306
6292,6298
6293,6311
6292,6308
6309,6306
6286,6325
6279,6327
6289,6309
6280,6319
6281,6310
6280,6311
6280,6323
6297,6314
6281,6298
6290,6305
6286,6312
6288,6321
6287,6295
6289,6296
6300,6308
6299,6313
6292,6307
6292,6321
6280,6319
6297,6298
6293,6317
6322,6321
6287,6319
6300,6322
6301,6331
6281,6329
6283,6297
6279,6324
6279,6296
6288,6317
6296,6313
6293,6316
6308,6305
6299,6306
6306,6308
6283,6295
6282,6294
6279,6314
6269,6307
6263,6291
6281,6297
6296,6313
6303,6313
6289,6294
6294,6289
6292,6300
6276,6304
6272,6325
6290,6319
6289,6320
6300,6323
6278,6330
6261,6308
6280,6314
6276,6323
6275,6318
6293,6322
6286,6312
6284,6331
6291,6322
6277,6316
6276,6318
6293,6324
6264,6305
6267,6323
6274,6315
6267,6292
6276,6304
6280,6324
6263,6327
6277,6302
6278,6316
6273,6323
6265,6309
6275,6321
6257,6308
6276,6308
6281,6310
6282,6317
6297,6303
6290,6321
6275,6296
6282,6298
6306,6319
6292,6257
6287,6325
6278,6342
6297,6353
6292,6320
6279,6315
6279,6314
6288,6311
6278,6324
6281,6326
6267,6329
6289,6307
6283,6301
6275,6310
6306,6310
6271,6312
6272,6309
6268,6310
6279,6307
6290,6313
6277,6310
6281,6307
6279,6330
6282,6331
6298,6323
6288,6346
6293,6352
6269,6328
6279,6306
6278,6333
6276,6315
6272,6314
6276,6311
6296,6332
6288,6351
6286,6361
6268,6329
6290,6336
6288,6333
6264,6319
6267,6324
6283,6328
6264,6338
6277,6322
6278,6331
6272,6332
6276,6339
6274,6349
6256,6326
6266,6312
6272,6319
6286,6328
6271,6331
6256,6314
6270,6336
6269,6329
6290,6329
6262,6341
6276,6323
6270,6330
6277,6341
6281,6324
6272,6326
6274,6323
6270,6326
6273,6327
6277,6328
6287,6317
6266,6345
6278,6353
6268,6350
6279,6344
6278,6330
6261,6338
6288,6336
6265,6340
6281,6340
6275,6348
6275,6349
6269,6330
6291,6372
6261,6350
6273,6338
6289,6357
6276,6345
6278,6343
6263,6341
6267,6337
6273,6331
6282,6358
6270,6322
6268,6332
6279,6332
6272,6340
6259,6330
6274,6361
6267,6363
6281,6364
6266,6326
6259,6311
6258,6340
6256,6353
6255,6347
6246,6359
6252,6354
6248,6368
6259,6347
6275,6357
6254,6334
6254,6340
6254,6333
6247,6343
6255,6360
6243,6352
6243,6341
6253,6361
6264,6337
6169,6299
6082,6205
6220,6349
6248,6371
6246,6374
6269,6384
6247,6365
6253,6380
6237,6378
6276,6393
6238,6372
6246,6356
6249,6396
6252,6405
6242,6361
6259,6351
6250,6351
6257,6341
6242,6360
6252,6345
6239,6360
6244,6367
6267,6364
6244,6374
6237,6370
6228,6385
6232,6351
6232,6350
6230,6357
6238,6357
6228,6356
6230,6345
6242,6334
6240,6352
6232,6361
6252,6374
6249,6371
6247,6376
6248,6384
6241,6362
6251,6378
6245,6376
6247,6374
6244,6356
6253,6384
6256,6377
6236,6383
6235,6389
6237,6373
6233,6369
6238,6369
6237,6385
6227,6394
6240,6400
6232,6404
6237,6361
6231,6375
6228,6380
6228,6375
6232,6367
6244,6394
6243,6358
6228,6385
6249,6376
6237,6383
6233,6378
6234,6373
6223,6368
6225,6382
6222,6390
6229,6378
6237,6351
6236,6366
6229,6351
6227,6355
6222,6339
6241,6372
6229,6399
6227,6402
6223,6406
6223,6390
6228,6390
6224,6388
6239,6385
6234,6400
6220,6382
6227,6388
6230,6381
6235,6376
6214,6404
6218,6359
6231,6361
6225,6393
6229,6380
6225,6360
6214,6372
6226,6384
6225,6354
6226,6376
6218,6333
6234,6360
6214,6373
6228,6371
6222,6374
6219,6379
6223,6376
6212,6361
6219,6351
6234,6370
6223,6360
6221,6378
6218,6382
6210,6370
6212,6383
6222,6369
6229,6396
6229,6372
6237,6354
6226,6351
6207,6366
6219,6359
6230,6365
6227,6376
6227,6399
6219,6397
6216,6390
6207,6398
6211,6392
6214,6383
6224,6365
6216,6381
6214,6368
6228,6371
6232,6358
6212,6377
6202,6365
6236,6369
6222,6357
6215,6379
6225,6379
6221,6385
6220,6398
6209,6400
6203,6409
6209,6377
6212,6400
6205,6390
6214,6406
6212,6400
6212,6409
6205,6431
6212,6421
6217,6403
6210,6400
6214,6379
6209,6380
6228,6380
6211,6370
6205,6400
6203,6371
6227,6376
6220,6370
6207,6382
6207,6406
6204,6405
6198,6392
6202,6409
6216,6400
6201,6395
6225,6374
6197,6369
6209,6382
6215,6376
6217,6396
6204,6394
6227,6376
6213,6388
6212,6391
6207,6372
6204,6377
6208,6348
6212,6348
6209,6363
6207,6350
6197,6353
6209,6347
6216,6348
6204,6375
6214,6392
6217,6382
6215,6386
6207,6373
6194,6375
6219,6363
6213,6380
6221,6357
6211,6392
6212,6399
6220,6407
6203,6402
6211,6412
6206,6425
6209,6420
6205,6401
6209,6401
6202,6369
6210,6360
6223,6371
6213,6393
6212,6396
6211,6399
6202,6413
6207,6375
6216,6371
6211,6382
6201,6378
6211,6387
6195,6366
6220,6362
6210,6394
6204,6398
6219,6369
6206,6396
6213,6384
6198,6385
6216,6390
6204,6375
6210,6364
6196,6377
6207,6363
6204,6383
6211,6374
6216,6392
6209,6385
6208,6368
6204,6367
6212,6393
6212,6379
6209,6386
6203,6397
6211,6393
6214,6382
6204,6356
6205,6374
6200,6367
6210,6392
6209,6349
6215,6365
6205,6362
6205,6354
6211,6377
6217,6392
6211,6367
6211,6385
6208,6388
6216,6383
6204,6386
6208,6366
6204,6351
6221,6376
6193,6375
6214,6363
6210,6347
6204,6347
6219,6363
6214,6352
6210,6362
6210,6367
6214,6360
6220,5967
6249,6393
6199,6344
6210,6329
6104,6254
6243,6382
6240,6373
6198,6370
6214,6396
6215,6417
6207,6395
6208,6391
6208,6368
6214,6387
6208,6345
6210,6374
6207,6369
6220,6383
6205,6364
6211,6363
6214,6393
6220,6394
6214,6376
6214,6370
6208,6385
6212,6360
6219,6382
6214,6376
6222,6351
6211,6343
6217,6367
6218,6365
6212,6352
6222,6347
6224,6338
6228,6351
6214,6350
6211,6321
6211,6354
6203,6363
6201,6360
6229,6354
6207,6352
6206,6353
6209,6340
6214,6350
6216,6364
6217,6362
6226,6338
6216,6350
6214,6360
6204,6349
6214,6349
6211,6338
6214,6344
6215,6332
6217,6350
6228,6345
6212,6365
6202,6358
6211,6364
6209,6353
6214,6339
6216,6361
6218,6353
6217,6346
6212,6342
6217,6363
6218,6347
6227,6339
6219,6352
6222,6336
6217,6336
6219,6334
6217,6334
6221,6337
6231,6342
6229,6340
6225,6336
6213,6332
6206,6336
6220,6346
6217,6330
6209,6342
6213,6339
6214,6346
6228,6344
6223,6332
6227,6339
6222,6362
6228,6336
6234,6359
6231,6361
6222,6351
6215,6340
6237,6356
6232,6354
6240,6332
6232,6353
6248,6358
6260,6345
6274,6336
6279,6351
6279,6355
6300,6360
6308,6346
6351,6351
6366,6358
6394,6352
6421,6367
6486,6368
6546,6376
6605,6378
6711,6362
6756,6386
6830,6364
6934,6369
6994,6387
7097,6394
7198,6371
7218,6384
7269,6382
7350,6376
7367,6378
7468,6355
7541,6363
7584,6352
7644,6344
7637,6340
7608,6342
7482,6358
7337,6351
7188,6366
7073,6366
6959,6340
6878,6349
6827,6341
6770,6343
6729,6351
6647,6341
6600,6343
6581,6329
6562,6351
6605,6371
6640,6349
6693,6360
6801,6354
6902,6375
6951,6410
7068,6417
7165,6407
7287,6439
7415,6443
7648,6473
7747,6460
7886,6473
8112,6452
8215,6471
8331,6463
8510,6472
8607,6471
8680,6463
8688,6465
8678,6489
8662,6513
8572,6533
8529,6596
8552,6663
8518,6758
8416,6837
8259,6911
8150,6995
7962,7053
7730,7109
7575,7205
7428,7243
7332,7350
7158,7370
7017,7462
6921,7545
6854,7603
6791,7583
6749,7612
6736,7557
6698,7501
6706,7489
6741,7513
6801,7438
6908,7354
7020,7319
7195,7262
7358,7213
7569,7114
7822,6990
7980,6926
8165,6854
8384,6797
8651,6742
8932,6662
9103,6595
9372,6585
9456,6593
9695,6605
9835,6658
10055,6728
10170,6788
10175,6863
10089,6915
9929,6958
9923,7047
9705,7211
9416,7257
9187,7397
8906,7529
8625,7648
8300,7764
8055,7780
7852,7950
7588,8003
7376,8056
7231,8154
7126,8197
7005,8308
6932,8244
6850,8283
6819,8331
6787,8351
6769,8335
6795,8258
6829,8209
6854,8084
6992,7918
7055,7915
7178,7818
7281,7591
7419,7494
7569,7385
7725,7212
7900,7141
8021,6993
8227,6904
8339,6809
8524,6753
8659,6715
8721,6686
8843,6729
8964,6787
8971,6873
9014,6962
9104,7114
9227,7247
9194,7376
9161,7544
9047,7625
8920,7768
8824,7854
8659,7950
8538,8092
8365,8156
8111,8217
7934,8208
7752,8256
7541,8213
7395,8181
7217,8245
7091,8154
6973,8073
6864,8088
6765,8060
6620,7992
6681,7927
6646,7839
6683,7746
6680,7553
6805,7467
6876,7376
6986,7273
7155,7142
7331,7013
7476,6940
7670,6879
7897,6818
8120,6763
8396,6716
8702,6665
8912,6638
9118,6623
9221,6608
9272,6653
9461,6702
9551,6770
9540,6844
9528,6954
9509,7051
9405,7238
9287,7355
9149,7503
8965,7621
8746,7781
8583,7944
8378,8133
8146,8248
7955,8310
7733,8484
7523,8578
7362,8654
7221,8724
7070,8782
6976,8856
6856,8911
6776,8866
6720,8864
6658,8788
6634,8647
6616,8518
6635,8419
6625,8355
6680,8269
6759,8046
6810,7845
6947,7679
7079,7521
7254,7360
7391,7189
7463,7069
7654,6900
7826,6768
7932,6693
8013,6601
8170,6568
8372,6571
8444,6589
8519,6630
8619,6652
8660,6704
8687,6799
8717,6909
8787,7034
8785,7128
8777,7261
8742,7435
8858,7594
8657,7678
8635,7733
8532,7804
8381,7856
8250,7961
8069,8037
7938,8138
7719,8159
7544,8212
7522,8314
7329,8423
7151,8338
7004,8320
6882,8353
6800,8315
6675,8239
6630,8084
6598,8078
6581,7938
6577,7804
6613,7709
6661,7620
6772,7458
6862,7274
7007,7173
7186,7041
7354,6905
7556,6782
7709,6764
7863,6687
8012,6638
8146,6653
8288,6629
8417,6584
8512,6573
8618,6570
8728,6579
8816,6611
8847,6640
8848,6690
8856,6780
8902,6883
8837,7022
8810,7182
8717,7328
8578,7411
8525,7584
8423,7715
8332,7880
8176,8001
7909,8106
7767,8166
7611,8320
7488,8431
7390,8584
7180,8623
7000,8576
6854,8552
6789,8485
6689,8376
6617,8277
6616,8155
6605,8065
6620,7936
6661,7787
6749,7613
6862,7494
6942,7345
7061,7220
7222,7072
7392,6933
7519,6792
7745,6703
7958,6644
8071,6579
8181,6529
8330,6507
8446,6497
8477,6496
8553,6500
8612,6503
8607,6569
8658,6622
8663,6684
8659,6784
8575,6843
8454,6989
8391,7052
8300,7216
8130,7383
8078,7484
8008,7645
7921,7724
7834,7915
7717,8056
7536,8148
7416,8198
7268,8276
7152,8336
7042,8476
6935,8401
6867,8438
6751,8387
6651,8332
6573,8275
6555,8198
6529,8062
6527,7941
6551,7847
6607,7654
6663,7486
6743,7337
6848,7216
6984,7135
7100,7022
7267,6866
7444,6782
7677,6698
7831,6628
8002,6592
8169,6576
8332,6541
8526,6519
8731,6543
8803,6562
8952,6599
9025,6629
9119,6697
9167,6766
9082,6779
9171,6882
8998,6924
8887,6991
8760,7141
8586,7218
8505,7332
8350,7406
8191,7486
7994,7629
7796,7711
7654,7798
7484,7862
7298,7912
7137,7904
6968,7901
6859,7974
6763,7988
6661,7914
6611,7854
6568,7896
6564,7809
6590,7793
6663,7682
6744,7603
6823,7485
6929,7371
7026,7281
7141,7143
7329,7030
7495,6901
7596,6791
7730,6695
7866,6596
8059,6521
8199,6465
8372,6462
8613,6421
8717,6417
8799,6465
8902,6555
9090,6602
9016,6689
9001,6790
9086,6906
9110,7038
8995,7182
8987,7325
8896,7469
8736,7610
8548,7698
8341,7858
8188,7998
7980,8129
7801,8205
7628,8301
7483,8352
7306,8318
7167,8296
7087,8270
6928,8299
6830,8136
6755,8118
6682,8063
6713,8591
6454,7798
6399,7644
6879,7994
6674,7639
6670,7542
6768,7428
6879,7342
6985,7223
7080,7074
7257,7016
7439,6921
7552,6801
7761,6729
7899,6644
8054,6607
8211,6571
8356,6568
8516,6576
8604,6597
8811,6631
8896,6679
8986,6730
9027,6815
9096,6908
9118,7040
9094,7171
8953,7304
8790,7431
8618,7552
8550,7616
8426,7683
8202,7747
7979,7806
7785,7829
7626,7817
7440,7896
7296,7960
7149,7981
7011,8031
6865,8065
6752,8031
6696,7990
6663,7929
6632,7909
6596,7783
6653,7785
6718,7747
6755,7655
6843,7610
6978,7507
7062,7363
7225,7295
7398,7174
7514,7080
7763,6996
7962,6858
8187,6740
8295,6638
8435,6577
8550,6534
8697,6516
8741,6493
8923,6494
8977,6512
9112,6586
9211,6664
9251,6767
9146,6842
9011,6962
8917,7041
8853,7208
8743,7344
8592,7507
8497,7597
8348,7742
8159,7815
8160,7938
8098,8043
7801,8137
7659,8271
7512,8340
7328,8358
7272,8307
7066,8392
6902,8391
6800,8330
6742,8294
6654,8262
6606,8215
6536,8141
6544,8010
6569,7913
6606,7723
6656,7607
6732,7491
6842,7385
6934,7284
7014,7132
7144,6986
7234,6882
7376,6797
7398,6707
7511,6594
7608,6546
7684,6506
7776,6512
7883,6540
7915,6577
8031,6609
8111,6721
8149,6743
8191,6793
8181,6878
8170,7029
8131,7112
8098,7196
8141,7269
8087,7356
7978,7457
7890,7529
7840,7670
7799,7811
7735,7848
7575,7949
7433,7998
7240,8042
7124,8087
7024,8173
6834,8166
6775,8146
6688,8206
6605,8140
6551,8077
6551,7884
6608,7801
6645,7652
6741,7629
6889,7467
7047,7343
7217,7225
7367,7081
7618,6985
7850,6867
8042,6815
8214,6724
8461,6621
8603,6541
8824,6505
9056,6487
9288,6457
9444,6425
9673,6430
9700,6448
9715,6492
9717,6549
9656,6644
9601,6728
9700,6782
9648,6937
9508,7021
9330,7187
9208,7358
8973,7491
8770,7649
8557,7759
8390,7929
8201,8092
7967,8137
7781,8234
7566,8322
7431,8423
7215,8453
7086,8501
6980,8415
6889,8371
6773,8350
6689,8236
6625,8189
6623,8009
6629,7841
6704,7624
6790,7545
6913,7439
7048,7308
7258,7163
7455,6983
7639,6924
7882,6830
8134,6696
8369,6594
8545,6549
8787,6486
9025,6475
9338,6469
9629,6509
9870,6537
10009,6629
10168,6725
10285,6795
10574,6901
10900,7014
10740,7121
10745,7291
10706,7409
10495,7591
10359,7770
10336,7871
10129,7955
9969,8097
9680,8225
9342,8320
9011,8391
8708,8522
8352,8509
8084,8609
7790,8738
7480,8719
7276,8771
7147,8761
6989,8663
6891,8560
6809,8424
6814,8324
6806,8211
6842,8096
6936,7926
7021,7770
7148,7631
7284,7452
7372,7384
7569,7219
7758,7143
7961,7034
8179,6941
8345,6831
8598,6696
8746,6633
8929,6570
9224,6547
9478,6529
9635,6565
9715,6628
9827,6711
9993,6797
10106,6976
10172,7117
10206,7333
10050,7583
9977,7768
9810,8014
9838,8259
9736,8464
9567,8739
9315,8938
9160,9137
8894,9242
8782,9373
8460,9314
8221,9329
7974,9404
7757,9434
7494,9366
7303,9244
7128,9021
6961,8905
6888,8869
6873,8917
6784,8597
6843,8530
6953,8311
7133,8136
7329,7943
7614,7852
7864,7699
8138,7533
8422,7331
8754,7146
9163,7070
9521,6864
9898,6736
10364,6667
10668,6613
10927,6564
11104,6556
11238,6594
11395,6618
11378,6703
11449,6808
11250,6891
11339,7049
11364,7256
11201,7461
11049,7693
10855,7930
10730,8127
10654,8308
10327,8469
10017,8762
9733,8990
9449,9142
9108,9388
8889,9584
8653,9702
8300,9710
8041,9801
7900,9812
7749,9834
7545,9710
7378,9673
7219,9577
7078,9410
7033,9233
6995,9025
7038,8791
7119,8521
7268,8282
7448,8103
7565,7889
7794,7611
8094,7390
8331,7193
8618,7058
8844,6948
8952,6860
9126,6783
9282,6728
9436,6767
9544,6814
9642,6873
9570,6956
9486,7087
9462,7242
9404,7399
9514,7604
9423,7801
9401,8045
9441,8310
9425,8566
9373,8857
9278,8966
9156,9084
9127,9282
9014,9666
8838,10065
8572,10243
8364,10266
8094,10386
7769,10358
7611,10382
7307,10430
7080,10352
6986,10303
6849,10127
6752,9939
6678,9864
6686,9686
6720,9513
6750,9321
6838,9031
6962,8655
7077,8379
7249,8116
7431,7822
7507,7559
7562,7422
7614,7200
7612,7080
7669,7048
7853,7014
7662,6959
7859,6900
8247,6864
8132,6862
7546,6902
7040,6976
6649,7012
6415,7026
6274,7138
6219,7256
6183,7397
6166,7489
6157,7786
6153,8007
6150,8172
6145,8340
6125,8612
6147,8794
6136,9017
6131,9236
6142,9344
6133,9526
6134,9576
6131,9550
6113,9620
6119,9600
6122,9409
6127,9218
6121,9037
6118,8793
6116,8576
6121,8433
6116,8161
6122,7817
6110,7695
6119,7555
6118,7409
6113,7249
6119,7123
6124,7046
6111,6911
6114,6845
6102,6741
6118,6671
6109,6600
6118,6590
6110,6562
6106,6593
6113,6645
6118,6709
6116,6808
6112,6814
6118,6829
6113,6918
6115,6957
6108,6997
6109,7065
6103,7122
6117,6972
6112,6713
6110,6482
6113,6310
6111,6222
6094,6176
6109,6153
6107,6131
6104,6114
6113,6119
6108,6096
6105,6112
6114,6106
6113,6121
6114,6114
6107,6108
6099,6113
6109,6121
6106,6106
6117,6074
6110,6075
6113,6065
6115,6063
6096,6061
6105,6068
6112,6056
6107,6066
6105,6074
6114,6063
6106,6055
6104,6066
6101,6063
6110,6067
6102,6062
6101,6055
6107,6070
6106,6070
6110,6056
6104,6064
6115,6058
6114,6041
6114,6062
6104,6064
6109,6055
6107,6054
6111,6062
6109,6049
6104,6069
6112,6057
6112,6055
6111,6053
6113,6059
6107,6056
6103,6067
6104,6061
6118,6057
6118,6048
6109,6048
6097,6047
6116,6044
6116,6057
6114,6058
6106,6053
6118,6048
6108,6040
6116,6030
6112,6058
6109,6062
6111,6060
6116,6058
6098,6051
6117,6053
6113,6049
6115,6055
6112,6055
6105,6052
6111,6050
6110,6061
6106,6050
6112,6056
6111,6041
6109,6050
6107,6064
6117,6047
6114,6047
6119,6045
6116,6070
6112,6056
6107,6042
6114,6061
6114,6054
6121,6043
6126,6051
6119,6044
6109,6045
6112,6055
6108,6046
6103,6054
6112,6047
6116,6039
6115,6039
6115,6041
6118,6050
6105,6047
6108,6050
5928,5909
6109,6041
5751,5850
5803,5764
6096,6063
6043,5965
6167,6085
6101,6082
6111,6047
6064,6010
6096,6070
6120,6056
6107,6050
6104,6055
6116,6043
6106,6045
6104,6064
6101,6051
6109,6052
6117,6048
6112,6043
6103,6056
6100,6051
6109,6049
6108,6044
6108,6049
6110,6022
6107,6051
6106,6056
6111,6059
6109,6044
6115,6050
6112,6047
6104,6045
6118,6058
6106,6044
6103,6045
6113,6049
6107,6054
6104,6056
6105,6037
6111,6050
6104,6067
6102,6035
6118,6046
6117,6062
6108,6062
6103,6060
6103,6049
6106,6056
6111,6060
6114,6055
6113,6048
6095,6057
6106,6052
6111,6058
6110,6052
6103,6060
6105,6040
6116,6047
6110,6053
6104,6040
6106,6056
6110,6057
6113,6056
6109,6057
6109,6032
6098,6046
6114,6049
6104,6033
6111,6046
6118,6045
6107,6061
6108,6055
6105,6041
6108,6036
6122,6072
6106,6064
6118,6042
6112,6031
6110,6046
6093,6048
6106,6046
6112,6055
6110,6049
6103,6052
6104,6054
6101,6044
6108,6050
6106,6049
6109,6056
6111,6053
6110,6048
6103,6051
6112,6059
6099,6045
6104,6048
6112,6057
6104,6027
6100,6043
6100,6048
6096,6053
6109,6047
6114,6056
6104,6065
6101,6053
6095,6058
6105,6055
6104,6056
6093,6049
6096,6055
6099,6052
6111,6046
6092,6038
6100,6052
6101,6036
6108,6046
6095,6059
6099,6045
6103,6034
6108,6042
6110,6049
6102,6034
6098,6055
6116,6051
6102,6057
6104,6050
6110,6049
6110,6046
6101,6053
6102,6051
6096,6054
6100,6042
6106,6048
6088,6046
6112,6045
6103,6042
6117,6041
6110,6048
6098,6034
6108,6041
6100,6043
6106,6040
6103,6057
6112,6046
6107,6048
6111,6061
6105,6048
6097,6054
6103,6044
6105,6040
6101,6051
6102,6033
6113,6046
6109,6048
6104,6053
6106,6058
6108,6047
6104,6057
6107,6060
6101,6042
6110,6051
6112,6056
6104,6030
6113,6046
6109,6045
6119,6047
6109,6050
6109,6041
6106,6049
6103,6061
6107,6051
6115,6049
6101,6054
6112,6058
6107,6062
6117,6061
6114,6061
6112,6060
6115,6053
6103,6055
6115,6061
6120,6060
6105,6046
6112,6049
6118,6059
6108,6052
6110,6044
6116,6057
6116,6060
6101,6046
6107,6050
6107,6051
6102,6053
6104,6051
6117,6043
6105,6059
6102,6034
6115,6054
6111,6040
6108,6044
6108,6054
6110,6065
6110,6049
6106,6041
6104,6047
6106,6047
6110,6056
6111,6062
6097,6049
6105,6055
6113,6051
6109,6053
6106,6042
6104,6043
6111,6049
6111,6041
6101,6044
6112,6047
6111,6049
6112,6060
6105,6056
6099,6055
6108,6054
6098,6056
6109,6035
6110,6043
6107,6041
6109,6057
6105,6055
6100,6052
6105,6052
6113,6058
6104,6058
6105,6050
6105,6046
6110,6053
6101,6050
6110,6041
6112,6037
6107,6044
6105,6045
6101,6045
6107,6048
6102,6053
6112,6045
6100,6033
6114,6051
6107,6047
6107,6052
6116,6047
6118,6040
6113,6054
6099,6048
6108,6052
6115,6048
6113,6054
6117,6032
6123,6061
6110,6050
6112,6058
6111,6044
6118,6041
6120,6036
6111,6051
6111,6056
6116,6042
6116,6052
6120,6058
6233,6144
6135,6042
6124,6029
6081,6048
6052,5976
6135,6054
6130,6066
6145,6066
6126,6057
6123,6050
6120,6044
6113,6059
6115,6053
6118,6046
6110,6060
6117,6055
6110,6043
6121,6055
6109,6057
6114,6049
6113,6044
6123,6038
6110,6047
6109,6053
6113,6055
6114,6046
6113,6047
6106,6047
6103,6051
6101,6038
6103,6045
6117,6036
6112,6034
6115,6058
6111,6043
6119,6046
6109,6045
6117,6052
6121,6056
6121,6043
6110,6051
6110,6051
6107,6047
6117,6041
6104,6037
6116,6039
6115,6044
6112,6057
6117,6053
6111,6054
6111,6054
6105,6046
6108,6041
6112,6056
6114,6046
6117,6065
6107,6048
6114,6038
6122,6036
6132,6035
6116,6055
6111,6042
6108,6040
6119,6044
6116,6055
6109,6049
6114,6053
6117,6051
6106,6045
6113,6054
6114,6044
6114,6059
6121,6049
6114,6053
6106,6059
6121,6050
6117,6050
6110,6057
6110,6027
6109,6034
6119,6050
6115,6061
6110,6041
6107,6054
6125,6057
6122,6050
6105,6042
6121,6053
6120,6041
6117,6038
6120,6040
6110,6049
6123,6049
6127,6054
6126,6057
6122,6051
6111,6043
6123,6048
6128,6050
6113,6057
6110,6064
6114,6043
6116,6051
6124,6051
6112,6057
6124,6054
6124,6060
6122,6046
6110,6043
6121,6055
6114,6050
6126,6054
6122,6042
6112,6044
6126,6061
6129,6050
6119,6063
6118,6056
6121,6050
6124,6055
6116,6050
6115,6051
6121,6042
6116,6055
6128,6028
6124,6052
6116,6056
6119,6053
6124,6049
6114,6055
6121,6052
6123,6068
6113,6059
6113,6059
6112,6054
6115,6047
6120,6040
6122,6050
6110,6046
6116,6060
6115,6051
6119,6048
6126,6052
6120,6048
6120,6053
6117,6057
6125,6054
6124,6050
6112,6058
6119,6053
6117,6050
6122,6056
6125,6060
6112,6045
6126,6051
6125,6055
6125,6055
6125,6054
6125,6055
6122,6060
6115,6050
6113,6038
6118,6060
6110,6048
6118,6046
6123,6051
6112,6061
6119,6057
6126,6061
6118,6053
6114,6058
6127,6059
6114,6058
6120,6054
6121,6054
6121,6047
6108,6054
6114,6053
6114,6053
6124,6054
6122,6055
6126,6054
6118,6053
6120,6043
6117,6059
6121,6050
6111,6060
6120,6057
6119,6052
6120,6051
6119,6059
6122,6048
6117,6046
6122,6046
6122,6056
6122,6054
6115,6056
6121,6052
6120,6061
6120,6056
6120,6056
6114,6058
6120,6051
6115,6060
0,25
0,61680
0,0
6115,6061
5606,5566
5600,5572
5606,5575
5599,5579
5604,5619
5596,5578
5606,5578
5601,5571
5812,5755
6328,6298
6267,6302
6273,6285
6293,6307
6300,6288
6301,6299
6281,6289
6272,6290
6286,6286
6297,6283
6293,6293
6299,6307
6293,6286
6295,6294
6281,6290
6303,6328
6299,6328
6301,6320
6296,6323
6308,6305
6301,6324
6294,6303
6298,6293
6283,6319
6293,6302
6295,6325
6299,6311
6295,6308
6300,6322
6308,6321
6281,6318
6291,6297
6275,6308
6294,6302
6290,6320
6289,6299
6280,6311
6269,6326
6298,6322
6281,6302
6298,6296
6289,6310
6296,6318
6303,6313
6287,6320
6294,6312
6301,6310
6304,6308
6314,6324
6288,6303
6295,6315
6290,6329
6284,6329
6283,6304
6300,6303
6286,6316
6292,6314
6305,6320
6296,6318
6294,6314
6282,6308
6280,6297
6283,6304
6298,6304
6274,6314
6300,6312
6285,6297
6284,6318
6291,6311
6290,6318
6297,6302
6297,6298
6289,6298
6290,6298
6274,6321
6298,6338
6302,6330
6287,6313
6284,6323
6267,6325
6288,6308
6285,6322
6284,6306
6296,6320
6287,6320
6283,6317
6279,6316
6280,6315
6275,6321
6287,6315
6264,6288
6274,6329
6281,6305
6285,6292
6267,6306
6275,6321
6268,6311
6273,6323
6275,6329
6277,6326
6268,6304
6282,6281
6277,6315
6272,6310
6265,6306
6293,6302
6285,6306
6284,6330
6271,6309
6286,6308
6287,6316
6294,6327
6284,6322
6288,6329
6299,6344
6282,6320
6281,6328
6289,6310
6281,6307
6285,6298
6272,6325
6274,6308
6279,6316
6281,6312
6272,6316
6269,6300
6281,6319
6286,6286
6284,6306
6284,6306
6288,6327
6279,6311
6276,6309
6288,6332
6284,6329
6293,6320
6308,6343
6294,6331
6272,6324
6279,6301
6289,6315
6269,6315
6276,6321
6283,6327
6296,6335
6296,6346
6288,6337
6263,6306
6274,6334
6301,6337
6270,6326
6282,6333
6276,6332
6276,6340
6293,6334
6264,6335
6284,6326
6271,6327
6277,6323
6264,6353
6268,6331
6263,6314
6281,6326
6263,6308
6244,6328
6278,6332
6265,6322
6272,6332
6270,6344
6285,6311
6275,6323
6293,6323
6280,6320
6267,6324
6266,6311
6274,6321
6272,6327
6282,6343
6290,6317
6268,6330
6276,6351
6292,6349
6277,6339
6270,6342
6267,6344
6277,6336
6264,6370
6275,6364
6270,6352
6265,6337
6261,6337
6286,6351
6271,6364
6278,6358
6283,6344
6273,6357
6269,6332
6276,6332
6283,6339
6265,6323
6288,6334
6277,6334
6298,6322
6244,6290
6256,6287
6387,6395
6208,6328
6307,6398
6287,6384
6267,6350
6281,6349
6261,6356
6274,6368
6251,6348
6253,6374
6263,6342
6266,6356
6260,6345
6272,6340
6257,6351
6274,6346
6261,6344
6255,6351
6260,6367
6238,6359
6249,6345
6246,6328
6261,6323
6257,6331
6236,6357
6245,6354
6258,6351
6259,6359
6232,6356
6235,6372
6252,6402
6260,6368
6272,6367
6245,6353
6244,6381
6263,6391
6245,6396
6248,6372
6278,6362
6251,6352
6266,6340
6261,6360
6261,6355
6244,6369
6263,6373
6261,6372
6243,6347
6248,6370
6236,6376
6223,6332
6240,6341
6228,6329
6223,6367
6244,6340
6230,6343
6240,6358
6249,6345
6238,6340
6245,6348
6239,6354
6241,6364
6237,6352
6261,6367
6239,6386
6230,6364
6237,6372
6252,6367
6252,6396
6259,6360
6232,6379
6239,6385
6233,6368
6245,6361
6234,6369
6236,6374
6219,6406
6249,6386
6229,6397
6243,6362
6245,6361
6220,6357
6236,6379
6241,6357
6233,6370
6233,6372
6232,6369
6242,6374
6235,6379
6233,6359
6223,6368
6230,6358
6234,6361
6232,6379
6224,6371
6230,6387
6242,6355
6217,6347
6215,6343
6226,6336
6230,6390
6239,6396
6235,6400
6225,6413
6215,6395
6216,6385
6231,6398
6234,6377
6248,6359
6227,6362
6228,6401
6232,6395
6226,6383
6219,6388
6221,6380
6229,6386
6225,6387
6234,6365
6223,6372
6225,6367
6224,6356
6227,6387
6240,6382
6227,6363
6229,6362
6224,6364
6238,6378
6227,6387
6224,6378
6231,6367
6208,6382
6218,6358
6231,6379
6236,6369
6232,6378
6217,6357
6211,6364
6217,6374
6217,6364
6214,6360
6226,6364
6230,6377
6218,6359
6212,6363
6224,6345
6239,6350
6221,6366
6221,6389
6204,6414
6211,6385
6218,6381
6207,6382
6221,6380
6224,6388
6210,6403
6211,6368
6223,6367
6223,6372
6219,6375
6218,6372
6216,6379
6222,6368
6223,6380
6217,6401
6220,6387
6223,6373
6223,6397
6219,6412
6213,6396
6209,6386
6208,6388
6215,6409
6256,6399
6213,6408
6211,6381
6205,6396
6212,6416
6213,6384
6210,6388
6221,6387
6221,6383
6219,6382
6219,6383
6208,6381
6211,6368
6211,6379
6218,6380
6213,6385
6195,6392
6203,6399
6213,6408
6201,6401
6214,6389
6218,6367
6208,6376
6210,6376
6206,6374
6212,6370
6203,6395
6216,6375
6218,6388
6210,6390
6212,6381
6196,6378
6216,6361
6208,6360
6215,6348
6209,6363
6219,6351
6204,6346
6208,6340
6214,6359
6221,6387
6214,6368
6212,6380
6205,6385
6207,6371
6212,6366
6212,6384
6209,6362
6201,6385
6214,6410
6212,6402
6204,6396
6209,6415
6206,6388
6206,6424
6213,6411
6200,6394
6199,6382
6213,6385
6216,6380
6200,6390
6226,6395
6207,6401
6214,6394
6213,6385
6220,6378
6205,6385
6208,6379
6208,6376
6203,6379
6211,6364
6203,6381
6204,6394
6211,6365
6202,6408
6212,6394
6201,6391
6205,6373
6203,6388
6215,6372
6197,6371
6205,6368
6204,6381
6207,6384
6215,6381
6222,6369
6213,6364
6196,6354
6226,6372
6210,6380
6211,6387
6225,6388
6271,6454
6221,6383
6306,6495
6233,6401
6200,6371
6182,6360
6199,6365
6228,6381
6197,6343
6207,6370
6214,6356
6217,6379
6225,6366
6215,6384
6204,6384
6208,6360
6203,6365
6202,6353
6205,6358
6217,6380
6205,6363
6203,6366
6205,6358
6215,6334
6219,6345
6208,6349
6211,6344
6209,6364
6217,6353
6213,6360
6216,6348
6216,6354
6216,6354
6213,6353
6215,6351
6206,6347
6213,6377
6221,6391
6209,6403
6198,6409
6210,6374
6215,6371
6214,6383
6218,6350
6201,6365
6219,6356
6219,6374
6216,6375
6208,6382
6211,6387
6213,6395
6212,6382
6214,6370
6211,6371
6220,6378
6230,6371
6203,6354
6227,6351
6220,6366
6217,6366
6220,6359
6208,6371
6221,6357
6226,6372
6223,6366
6216,6365
6211,6347
6214,6358
6208,6352
6209,6359
6213,6342
6217,6342
6205,6355
6216,6355
6215,6337
6225,6362
6219,6355
6219,6354
6221,6367
6215,6353
6208,6334
6219,6345
6212,6341
6219,6356
6226,6348
6219,6332
6228,6362
6234,6338
6208,6346
6215,6352
6208,6363
6224,6336
6220,6340
6216,6361
6240,6368
6222,6363
6218,6339
6223,6338
6208,6325
6220,6325
6226,6299
6223,6315
6224,6340
6220,6345
6223,6328
6231,6346
6233,6338
6236,6333
6200,6324
6210,6337
6210,6343
6216,6353
6208,6317
6213,6333
6221,6324
6223,6334
6226,6339
6235,6347
6216,6358
6229,6346
6216,6353
6223,6341
6221,6348
6231,6344
6227,6358
6237,6348
6236,6346
6224,6363
6252,6362
6268,6346
6262,6362
6264,6345
6283,6338
6306,6320
6324,6328
6354,6334
6369,6332
6395,6357
6441,6375
6488,6360
6541,6373
6616,6380
6700,6356
6768,6380
6859,6370
6943,6361
7009,6371
7074,6392
7171,6365
7209,6365
7304,6351
7352,6370
7352,6367
7465,6360
7538,6366
7571,6342
7617,6356
7649,6353
7579,6346
7466,6354
7327,6357
7205,6370
7080,6364
6957,6351
6872,6330
6829,6338
6787,6342
6726,6338
6646,6350
6601,6327
6602,6345
6563,6332
6608,6356
6664,6368
6729,6356
6805,6354
6889,6378
6970,6402
7064,6419
7182,6438
7272,6434
7417,6465
7637,6467
7758,6478
7883,6471
8128,6457
8175,6469
8379,6455
8554,6477
8631,6481
8596,6465
8678,6463
8723,6489
8708,6486
8615,6516
8626,6653
8503,6665
8564,6765
8392,6840
8292,6930
8139,6992
7977,7060
7754,7139
7605,7200
7481,7268
7316,7318
7181,7399
7072,7501
6966,7537
6866,7602
6823,7648
6797,7593
6755,7592
6734,7559
6733,7540
6765,7525
6839,7504
6908,7399
7010,7323
7173,7266
7378,7228
7570,7103
7802,7044
8020,6911
8156,6868
8368,6795
8648,6733
8959,6672
9141,6606
9337,6590
9469,6582
9756,6616
9875,6655
10043,6737
10223,6822
10195,6878
10081,6944
10065,7041
9947,7087
9727,7266
9467,7349
9220,7458
8996,7544
8658,7657
8356,7769
8120,7908
7855,7975
7627,8043
7417,8097
7266,8181
7164,8215
7049,8310
6958,8272
6866,8318
6806,8348
6808,8337
6787,8344
6837,8310
6831,8231
6893,8045
6987,7955
7084,7896
7177,7805
7290,7647
7497,7504
7639,7401
7781,7265
7949,7144
8075,7029
8206,6894
8595,6848
8597,6766
8681,6692
8653,6615
8927,6747
8985,6822
8946,6867
9064,6951
9102,7100
9210,7249
9291,7423
9211,7636
9201,7740
9014,7817
8870,7881
8753,7983
8610,8117
8424,8175
8108,8218
7925,8255
7720,8178
7556,8223
7389,8209
7237,8255
7119,8176
6977,8127
6828,8088
6734,8059
6695,8018
6642,7897
6653,7828
6685,7771
6714,7623
6779,7432
6888,7360
6997,7234
7163,7178
7344,7042
7486,6932
7677,6910
7930,6815
8134,6767
8427,6728
8663,6682
8935,6646
9138,6627
9224,6635
9295,6633
9502,6695
9591,6760
9545,6860
9493,6934
9500,7067
9375,7232
9292,7356
9131,7479
8953,7657
8762,7810
8586,7924
8365,8127
8158,8226
7902,8339
7720,8424
7545,8611
7375,8732
7246,8798
7109,8856
7015,8952
6889,8909
6774,8927
6744,8890
6685,8826
6615,8653
6633,8573
6637,8457
6622,8406
6696,8249
6773,8067
6863,7851
6972,7715
7118,7541
7246,7333
7382,7139
7535,7024
7668,6907
7810,6801
7942,6687
8099,6622
8199,6563
8416,6578
8480,6572
8600,6609
8694,6650
8706,6713
8774,6798
8826,6894
8829,6986
8817,7086
8774,7268
8835,7420
8714,7586
8632,7679
8612,7761
8539,7778
8371,7833
8240,7946
8138,8078
7998,8153
7792,8214
7665,8287
7518,8343
7351,8411
7183,8369
7017,8335
6870,8354
6795,8344
6701,8336
6620,8090
6593,8053
6546,7905
6577,7798
6604,7690
6650,7611
6775,7454
6873,7312
6986,7142
7173,7018
7350,6914
7561,6831
7713,6746
7889,6710
7991,6663
8194,6655
8328,6627
8472,6599
8540,6549
8626,6542
8726,6590
8794,6631
8875,6646
8851,6691
8880,6800
8909,6911
8888,7023
8767,7188
8665,7302
8625,7447
8583,7587
8472,7779
8373,7885
8196,8042
7986,8216
7778,8299
7635,8385
7520,8467
7399,8565
7202,8704
7026,8680
6859,8641
6788,8550
6695,8444
6654,8320
6627,8159
6601,8079
6633,7989
6674,7785
6730,7646
6826,7518
6967,7353
7104,7212
7241,7089
7418,6930
7573,6850
7766,6743
8010,6666
8059,6591
8198,6544
8332,6512
8417,6501
8483,6488
8539,6493
8619,6530
8607,6552
8654,6638
8670,6715
8672,6792
8573,6851
8502,6989
8429,7098
8347,7218
8159,7366
8033,7506
8032,7623
7960,7755
7824,7938
7683,8055
7578,8191
7412,8239
7283,8327
7171,8380
7045,8398
6927,8376
6837,8453
6732,8424
6654,8342
6603,8234
6548,8218
6518,8113
6540,7987
6558,7811
6583,7695
6660,7561
6733,7386
6862,7210
7002,7126
7138,7021
7267,6876
7413,6745
7637,6706
7850,6641
8024,6586
8198,6563
8374,6514
8569,6523
8767,6531
8830,6553
8964,6576
9091,6629
9143,6666
9169,6749
9123,6800
9153,6877
9029,6913
8941,7020
8805,7157
8639,7265
8528,7333
8348,7422
8211,7516
8021,7623
7794,7768
7626,7787
7461,7864
7261,7843
7126,7907
6956,7927
6854,7967
6762,7988
6681,7941
6600,7873
6577,7889
6542,7812
6584,7735
6646,7667
6728,7589
6814,7514
6931,7390
7024,7255
7155,7174
7327,7053
7507,6915
7600,6777
7739,6710
7888,6604
8074,6506
8151,6457
8335,6321
8513,6349
8705,6436
8712,6408
8814,6487
9032,6599
8945,6632
9068,6763
9140,6946
9090,7055
9102,7188
9107,7340
8971,7492
8846,7639
8624,7712
8388,7880
8246,7990
8077,8150
7829,8278
7644,8330
7470,8334
7375,8411
7192,8339
7099,8319
6927,8334
6845,8157
6755,8138
6688,8072
6634,8020
6603,7936
6598,7810
6590,7673
6612,7642
6692,7530
6774,7448
6895,7361
6982,7242
7100,7090
7251,7021
7446,6945
7560,6808
7802,6705
7957,6641
8040,6648
8261,6592
8335,6558
8551,6582
8637,6583
8798,6634
8894,6690
8992,6720
8946,6795
9118,6884
9226,7056
9119,7167
8923,7287
8813,7443
8663,7563
8543,7613
8458,7716
8205,7773
7940,7794
7771,7829
7629,7878
7450,7966
7318,7961
7132,8000
7006,7997
6878,8021
6757,8051
6708,7967
6669,8008
6655,7931
6633,7835
6675,7777
6697,7728
6777,7678
6869,7613
6965,7471
7059,7371
7218,7296
7412,7162
7487,7066
7774,7012
7943,6852
8205,6729
8297,6667
8413,6570
8564,6539
8704,6493
8759,6478
8923,6500
9034,6518
9062,6584
9140,6658
9183,6744
9111,6840
9009,6950
8930,7086
8831,7200
8698,7329
8601,7493
8500,7547
8378,7694
8181,7844
8179,7944
8133,8017
7815,8100
7662,8262
7560,8288
7361,8335
7248,8407
7082,8440
6921,8415
6858,8410
6766,8403
6720,8387
6621,8290
6571,8154
6565,8091
6563,7995
6619,7772
6678,7632
6713,7515
6834,7400
6938,7293
6999,7145
7151,7021
7250,6886
7388,6789
7456,6676
7516,6610
7662,6556
7779,6526
7846,6532
7924,6550
7958,6575
8013,6651
8105,6697
8174,6743
8199,6796
8199,6885
8141,7024
8141,7086
8159,7207
8115,7273
8093,7361
8019,7456
7909,7521
7886,7670
7807,7764
7721,7851
7556,7886
7422,8006
7312,8088
7162,8088
7030,8110
6881,8196
6769,8149
6684,8159
6606,8108
6578,8081
6564,7945
6584,7847
6685,7734
6766,7665
6905,7425
7045,7352
7215,7233
7404,7096
7622,6972
7850,6887
8057,6800
8207,6714
8430,6607
8593,6537
8832,6540
9062,6502
9293,6432
9537,6459
9735,6450
9793,6461
9796,6491
9762,6592
9709,6679
9719,6735
9758,6805
9703,6948
9562,7051
9355,7204
9233,7361
9016,7524
8778,7686
8594,7809
8369,8025
8224,8110
8018,8248
7795,8302
7574,8415
7430,8526
7287,8525
7093,8520
7003,8457
6880,8394
6770,8395
6698,8245
6623,8165
6620,8016
6647,7847
6706,7680
6802,7551
6910,7426
7047,7295
7249,7173
7435,6988
7619,6887
7934,6823
8098,6704
8386,6609
8599,6563
8834,6519
9077,6488
9428,6479
9680,6505
9913,6578
10057,6637
10160,6723
10309,6797
10559,6885
10826,7036
10857,7134
10877,7306
10787,7431
10567,7552
10307,7739
10381,7887
10167,7948
10005,8128
9680,8278
9372,8325
9046,8449
8749,8589
8388,8579
8054,8627
7795,8760
7513,8675
7279,8779
7143,8733
7005,8655
6874,8530
6825,8437
6807,8301
6811,8234
6854,8163
6928,7996
7026,7790
7143,7632
7306,7500
7413,7348
7573,7247
7772,7159
7982,7063
8158,6984
8366,6822
8553,6726
8788,6658
8945,6579
9186,6555
9613,6534
9560,6423
9772,6621
9962,6432
9943,6695
10303,6996
10370,7164
10236,7312
10194,7650
10078,7799
9927,8015
9911,8280
9762,8464
9591,8742
9342,8962
9099,9103
8925,9186
8724,9263
8519,9371
8177,9327
8007,9493
7742,9420
7528,9379
7311,9236
7147,9093
6979,8969
6881,8944
6848,8896
6831,8682
6860,8540
6969,8362
7099,8123
7353,7995
7608,7884
7888,7741
8154,7587
8430,7362
8785,7148
9264,7047
9552,6897
9916,6736
10327,6683
10677,6613
10851,6576
11157,6548
11382,6598
11367,6607
11393,6687
11377,6780
11236,6905
11347,7062
11338,7260
11158,7441
10985,7687
10849,7926
10792,8138
10674,8351
10426,8530
10103,8773
9752,9039
9489,9246
9130,9420
8893,9627
8645,9701
8334,9734
8087,9887
7908,9899
7760,9881
7601,9773
7393,9742
7243,9590
7156,9557
7048,9294
7044,9126
7068,8906
7151,8620
7231,8262
7473,8149
7635,7915
7824,7631
8104,7414
8392,7197
8583,7056
8894,6960
8999,6853
9133,6798
9294,6770
9449,6766
9576,6841
9655,6907
9585,6977
9529,7087
9535,7279
9472,7433
9465,7534
9387,7794
9523,8043
9540,8309
9575,8612
9375,8836
9266,9016
9197,9126
9141,9330
9001,9676
8796,10057
8567,10244
8397,10358
8134,10503
7868,10440
7643,10512
7350,10548
7119,10518
6990,10350
6842,10229
6752,10013
6704,9945
6707,9797
6746,9615
6747,9337
6846,9005
7002,8675
7104,8361
7270,8068
7444,7807
7491,7583
7559,7446
7610,7221
7660,7150
7710,7036
7837,7007
7676,6954
7846,6889
8214,6875
8113,6864
7550,6910
7031,6980
6670,6999
6403,7048
6268,7159
6208,7255
6181,7385
6167,7538
6162,7736
6161,7984
6148,8151
6146,8355
6136,8535
6137,8754
6141,9009
6134,9235
6146,9423
6138,9512
6127,9580
6126,9544
6119,9623
6118,9661
6124,9434
6134,9256
6115,9063
6110,8829
6121,8617
6116,8371
6123,8142
6124,7829
6119,7724
6119,7568
6128,7377
6119,7237
6118,7121
6109,7020
6116,6937
6119,6849
6117,6755
6121,6684
6106,6632
6113,6611
6111,6574
6110,6579
6116,6652
6116,6717
6115,6787
6106,6830
6122,6838
6111,6905
6122,6981
6107,6989
6114,7081
6115,7100
6111,6979
6111,6714
6112,6472
6111,6328
6113,6215
6104,6168
6106,6147
6111,6128
6101,6107
6119,6110
6103,6110
6099,6100
6111,6107
6109,6111
6111,6107
6104,6094
6104,6117
6113,6113
6100,6100
6110,6085
6103,6070
6112,6077
6118,6072
6101,6055
6113,6063
6104,6081
6109,6055
6108,6078
6111,6053
6108,6055
6106,6053
6103,6040
6113,6059
6104,6061
6100,6059
6110,6054
6107,6047
6102,6056
6108,6055
6115,6060
6111,6063
6111,6067
6106,6047
6113,6053
6101,6052
6101,6068
6106,6052
6108,6049
6113,6055
6113,6053
6109,6067
6112,6043
6110,6050
6105,6062
6111,6059
6116,6057
6109,6047
6098,6073
6098,6064
6114,6061
6118,6059
6119,6057
6112,6049
6119,6043
6115,6052
6115,6050
6118,6052
6118,6051
6120,6056
6118,6050
6106,6047
6108,6055
6103,6048
6109,6053
6111,6052
6110,6048
6108,6049
6116,6052
6115,6046
6224,6134
6145,6080
6164,6040
6106,5992
6116,6055
6116,6061
6130,6063
6104,6055
6110,6052
6104,6018
6111,6056
6109,6041
6104,6041
6117,6042
6117,6057
6105,6049
6115,6050
6103,6042
6111,6038
6122,6041
6100,6062
6106,6046
6111,6054
6117,6049
6109,6034
6110,6041
6113,6044
6106,6045
6106,6049
6113,6049
6114,6046
6107,6033
6108,6055
6098,6049
6107,6046
6099,6053
6103,6048
6115,6039
6107,6064
6107,6067
6111,6061
6103,6059
6109,6051
6097,6059
6106,6046
6107,6046
6107,6055
6108,6051
6102,6053
6105,6045
6107,6048
6109,6054
6112,6051
6101,6058
6105,6050
6108,6061
6117,6051
6103,6067
6112,6053
6109,6045
6113,6055
6110,6043
6091,6046
6105,6063
6103,6042
6110,6054
6109,6044
6114,6052
6102,6063
6104,6076
6117,6049
6119,6057
6112,6042
6108,6040
6097,6043
6107,6043
6104,6059
6115,6049
6111,6058
6098,6039
6098,6044
6098,6057
6113,6039
6097,6051
6107,6050
6113,6047
6102,6053
6107,6048
6097,6057
6107,6050
6114,6055
6111,6049
6099,6045
6098,6043
6108,6054
6098,6046
6109,6055
6116,6044
6111,6056
6110,6050
6097,6051
6122,6059
6099,6057
6104,6052
6103,6052
6101,6036
6104,6051
6103,6048
6102,6044
6117,6059
6111,6051
6098,6052
6100,6050
6101,6049
6104,6039
6095,6048
6104,6051
6100,6047
6103,6053
6097,6047
6117,6044
6097,6044
6104,6053
6096,6056
6109,6052
6096,6039
6095,6027
6099,6044
6103,6053
6106,6039
6096,6061
6092,6044
6095,6055
6107,6043
6104,6045
6100,6048
6098,6042
6108,6047
6105,6048
6094,6028
6112,6041
6106,6044
6100,6044
6110,6054
6105,6051
6104,6052
6098,6050
6102,6050
6097,6056
6097,6050
6105,6054
6096,6056
6098,6038
6108,6047
6104,6041
6103,6060
6110,6047
6091,6056
6102,6041
6103,6053
6100,6051
6116,6051
6102,6049
6115,6054
6106,6056
6100,6048
6102,6043
6100,6044
6096,6047
6101,6031
6105,6047
6099,6049
6106,6044
6094,6070
6109,6039
6107,6044
6098,6053
6104,6049
6094,6042
6111,6058
6102,6047
6107,6053
6106,6060
6101,6049
6111,6049
6103,6055
6104,6050
6105,6061
6105,6055
6103,6047
6118,6055
6108,6048
6112,6043
6113,6051
6105,6039
6110,6072
6099,6045
6103,6054
6115,6047
6103,6041
6116,6053
6101,6060
6113,6053
6110,6049
6113,6050
6118,6053
6114,6039
6107,6056
6119,6058
6107,6044
6114,6054
6118,6057
6108,6060
6108,6067
6117,6056
6107,6049
6109,6050
6102,6053
6112,6049
6099,6053
6110,6042
6118,6054
6103,6058
6110,6052
6110,6054
6117,6054
6112,6042
6110,6044
6110,6052
6100,6081
6110,6039
6096,6049
6112,6046
6108,6049
6103,6068
6103,6053
6111,6046
6111,6054
6107,6057
6107,6039
6117,5994
6115,6045
6115,6049
6107,6050
6112,6044
6110,6052
6101,6053
6113,6045
6110,6056
6103,6060
6096,6056
6103,6047
6100,6044
6096,6047
6102,6049
6109,6040
6099,6053
6107,6039
6110,6051
6097,6044
6109,6055
6105,6054
6109,6053
6104,6056
6105,6046
6117,6050
6102,6052
6106,6043
6305,6148
6089,6063
6012,5984
6246,6190
6172,6089
6065,5895
6092,6006
6064,6003
6115,6050
6111,6052
6114,6064
6114,6054
6103,6055
6101,6055
6113,6041
6114,6050
6121,6049
6109,6028
6115,6048
6101,6045
6114,6044
6113,6053
6109,6050
6103,6055
6113,6052
6113,6049
6113,6051
6118,6039
6117,6045
6120,6045
6122,6042
6115,6036
6114,6049
6116,6049
6127,6054
6119,6053
6120,6052
6113,6047
6110,6053
6124,6045
6117,6047
6112,6054
6118,6051
6117,6047
6114,6050
6111,6040
6110,6054
6113,6047
6114,6051
6111,6054
6104,6045
6111,6063
6114,6049
6110,6047
6105,6055
6109,6048
6106,6054
6098,6078
6108,6042
6116,6042
6118,6049
6109,6047
6111,6049
6097,6047
6112,6049
6118,6060
6117,6045
6106,6054
6112,6042
6101,6057
6116,6058
6106,6044
6117,6043
6107,6048
6115,6046
6110,6060
6109,6049
6107,6040
6108,6051
6102,6037
6120,6050
6115,6049
6115,6055
6104,6057
6112,6049
6120,6043
6106,6067
6107,6063
6115,6058
6105,6047
6112,6045
6120,6053
6106,6045
6118,6053
6126,6041
6108,6049
6119,6035
6111,6049
6112,6057
6115,6046
6114,6062
6111,6051
6117,6053
6119,6049
6114,6050
6111,6045
6108,6051
6108,6053
6115,6049
6112,6043
6118,6049
6120,6051
6119,6080
6109,6054
6117,6052
6122,6040
6111,6051
6120,6050
6115,6050
6115,6054
6121,6055
6124,6049
6121,6053
6105,6049
6119,6057
6121,6062
6109,6056
6113,6057
6117,6055
6118,6062
6113,6057
6115,6053
6127,6049
6123,6054
6123,6038
6120,6048
6118,6046
6112,6060
6121,6055
6118,6056
6106,6040
6125,6065
6128,6061
6116,6052
6112,6059
6118,6055
6124,6048
6118,6051
6118,6054
6121,6059
6115,6054
6117,6055
6114,6040
6114,6040
6113,6061
6118,6061
6116,6063
6114,6046
6122,6047
6124,6056
6121,6058
6115,6055
6120,6051
6114,6050
6125,6051
6121,6056
6111,6063
6119,6057
6141,6050
6120,6058
6125,6054
6115,6041
6116,6052
6113,6053
6118,6054
6118,6054
6116,6055
6115,6070
6122,6061
6118,6055
6114,6063
6123,6057
6123,6058
6112,6059
6115,6063
6115,6055
6121,6054
6119,6056
6120,6052
6114,6066
6112,6058
6123,6054
6124,6042
6116,6042
6110,6053
6124,6054
6119,6057
6128,6058
6128,6058
6121,6052
6119,6060
6115,6054
6117,6060
6124,6052
6108,6060
6118,6051
6116,6060
6118,6062
6115,6055
6110,6051
6115,6061
6118,6046
6118,6054
6117,6044
6126,6047
6114,6050
6120,6055
6118,6058
6128,6053
6114,6063
6114,6063
6109,6055
6110,6056
6118,6049
6118,6058
6119,6052
6114,6062
6125,6058
6119,6054
6123,6047
6116,6057
0,25
0,61680
0,0
6123,6058
5605,5566
5603,5566
5614,5575
5597,5575
5604,5575
5598,5581
5608,5575
5602,5570
5820,5745
6332,6295
6276,6272
6282,6275
6281,6293
6300,6292
6301,6293
6278,6307
6291,6302
6294,6300
6297,6290
6289,6302
6287,6294
6289,6303
6292,6308
6284,6304
6287,6309
6295,6315
6293,6301
6298,6303
6301,6320
6292,6316
6296,6315
6299,6292
6285,6291
6283,6304
6294,6315
6304,6312
6284,6315
6281,6321
6287,6321
6277,6304
6270,6309
6281,6312
6289,6311
6276,6301
6281,6290
6275,6307
6290,6316
6295,6335
6275,6313
6292,6302
6302,6303
6289,6316
6298,6317
6285,6323
6284,6320
6294,6306
6287,6298
6307,6316
6289,6321
6289,6308
6298,6332
6287,6321
6282,6291
6267,6320
6285,6324
6281,6338
6288,6316
6311,6318
6317,6306
6294,6303
6284,6299
6271,6303
6281,6328
6271,6304
6283,6316
6269,6304
6284,6312
6292,6300
6290,6310
6289,6297
6301,6289
6288,6304
6286,6309
6289,6321
6293,6324
6297,6332
6292,6306
6276,6303
6265,6316
6277,6312
6274,6321
6273,6303
6274,6298
6266,6332
6280,6329
6289,6311
6293,6333
6272,6313
6271,6339
6281,6302
6266,6318
6287,6315
6264,6299
6281,6319
6275,6310
6259,6319
6259,6319
6276,6321
6281,6329
6261,6297
6281,6313
6277,6312
6270,6317
6273,6301
6286,6313
6286,6319
6280,6327
6273,6303
6274,6306
6278,6324
6292,6311
6300,6331
6300,6318
6297,6345
6294,6322
6287,6345
6288,6334
6276,6312
6275,6321
6266,6315
6273,6330
6275,6327
6287,6321
6263,6323
6282,6320
6278,6304
6281,6303
6274,6322
6278,6305
6289,6315
6283,6291
6291,6313
6278,6328
6276,6337
6295,6326
6290,6322
6283,6320
6269,6317
6270,6313
6277,6317
6267,6319
6262,6329
6282,6311
6290,6330
6288,6343
6304,6340
6280,6340
6279,6331
6286,6340
6273,6348
6280,6336
6274,6337
6267,6340
6272,6342
6263,6338
6282,6333
6283,6328
6274,6327
6260,6345
6267,6336
6265,6322
6282,6332
6266,6343
6270,6338
6265,6327
6278,6247
6276,6335
6276,6330
6280,6329
6290,6313
6286,6327
6270,6317
6272,6315
6127,6219
6366,6374
6301,6355
6321,6372
6286,6307
6282,6354
6280,6334
6268,6334
6283,6347
6271,6348
6261,6344
6264,6358
6273,6349
6278,6349
6267,6349
6272,6346
6261,6351
6290,6359
6275,6366
6264,6363
6279,6368
6280,6369
6271,6337
6268,6330
6275,6332
6276,6324
6277,6340
6275,6330
6286,6337
6284,6349
6277,6349
6284,6342
6260,6373
6270,6360
6282,6351
6262,6356
6270,6343
6260,6362
6266,6341
6258,6350
6246,6358
6261,6353
6255,6360
6256,6338
6268,6346
6271,6356
6257,6336
6267,6346
6251,6365
6251,6362
6242,6340
6253,6342
6256,6340
6255,6353
6254,6341
6243,6336
6240,6349
6257,6346
6240,6372
6246,6355
6244,6378
6248,6424
6258,6406
6254,6379
6223,6363
6241,6374
6260,6383
6243,6368
6248,6371
6260,6369
6268,6355
6254,6356
6245,6369
6253,6345
6251,6353
6248,6340
6243,6372
6242,6363
6234,6362
6239,6378
6209,6350
6232,6343
6223,6349
6239,6347
6239,6341
6250,6340
6239,6356
6263,6332
6241,6323
6246,6356
6247,6359
6245,6373
6243,6372
6252,6370
6238,6376
6249,6352
6231,6359
6249,6366
6253,6386
6248,6368
6231,6385
6227,6388
6236,6363
6231,6368
6241,6375
6234,6379
6232,6386
6243,6403
6228,6394
6236,6372
6238,6365
6234,6381
6233,6380
6236,6366
6234,6379
6225,6352
6223,6381
6252,6364
6237,6375
6249,6377
6228,6370
6220,6366
6224,6365
6223,6371
6233,6393
6238,6360
6237,6380
6216,6353
6224,6350
6222,6347
6224,6382
6240,6384
6234,6398
6217,6403
6220,6403
6236,6396
6229,6401
6229,6413
6225,6381
6235,6385
6227,6406
6231,6385
6221,6397
6224,6394
6223,6368
6229,6376
6218,6392
6230,6368
6217,6385
6212,6362
6223,6364
6213,6352
6235,6385
6232,6367
6247,6366
6231,6391
6237,6378
6228,6386
6223,6371
6219,6384
6209,6371
6217,6360
6221,6366
6226,6371
6230,6369
6217,6369
6219,6379
6225,6377
6214,6357
6225,6369
6226,6377
6232,6374
6218,6366
6219,6366
6224,6369
6226,6366
6214,6363
6214,6383
6219,6390
6219,6398
6215,6377
6207,6370
6218,6376
6225,6392
6214,6398
6212,6373
6217,6377
6221,6364
6217,6360
6215,6361
6225,6356
6223,6366
6209,6385
6198,6384
6227,6394
6222,6397
6211,6403
6208,6413
6208,6380
6218,6376
6204,6404
6213,6413
6212,6393
6220,6396
6203,6396
6211,6398
6207,6387
6216,6384
6216,6389
6210,6377
6227,6394
6213,6379
6211,6377
6204,6376
6224,6359
6216,6371
6207,6378
6201,6371
6204,6405
6207,6377
6201,6411
6206,6402
6217,6390
6214,6359
6215,6359
6210,6375
6201,6359
6211,6385
6199,6392
6214,6367
6224,6378
6199,6385
6202,6392
6205,6364
6205,6350
6211,6347
6221,6368
6206,6347
6204,6357
6214,6352
6217,6346
6215,6368
6217,6384
6204,6376
6209,6374
6201,6383
6213,6375
6216,6364
6216,6375
6220,6383
6213,6377
6211,6389
6214,6400
6191,6408
6200,6432
6209,6426
6201,6403
6212,6407
6209,6399
6201,6371
6210,6373
6216,6388
6214,6385
6202,6394
6207,6393
6209,6388
6218,6390
6211,6377
6200,6387
6033,6130
6319,6459
6113,6387
6118,6264
6299,6485
6231,6359
6207,6368
6197,6403
6231,6416
6210,6399
6184,6379
6194,6382
6208,6368
6213,6354
6197,6366
6212,6383
6219,6377
6217,6388
6217,6367
6201,6368
6202,6378
6215,6370
6217,6376
6218,6398
6214,6406
6210,6387
6194,6371
6193,6378
6213,6366
6202,6369
6202,6395
6197,6358
6211,6372
6209,6375
6208,6366
6208,6369
6213,6378
6217,6379
6215,6381
6206,6373
6223,6384
6206,6381
6211,6354
6213,6348
6212,6375
6206,6364
6208,6368
6206,6355
6215,6336
6223,6367
6205,6358
6205,6370
6227,6370
6206,6348
6206,6361
6213,6352
6210,6352
6224,6362
6213,6353
6217,6364
6220,6364
6207,6366
6214,6381
6219,6404
6215,6400
6226,6388
6209,6360
6210,6368
6216,6351
6211,6354
6204,6372
6224,6377
6210,6357
6207,6370
6215,6404
6215,6395
6222,6387
6214,6370
6217,6364
6210,6363
6228,6369
6206,6367
6212,6338
6207,6372
6214,6357
6229,6345
6208,6373
6222,6354
6218,6353
6230,6353
6228,6346
6214,6347
6206,6360
6216,6342
6219,6341
6221,6359
6211,6346
6219,6336
6209,6348
6221,6348
6210,6347
6230,6347
6230,6361
6215,6335
6231,6357
6208,6339
6214,6356
6213,6370
6214,6361
6216,6354
6225,6345
6225,6356
6216,6355
6212,6324
6219,6359
6223,6359
6218,6329
6222,6346
6223,6358
6226,6373
6220,6356
6215,6347
6223,6335
6215,6334
6217,6313
6229,6334
6217,6335
6224,6345
6228,6340
6221,6318
6231,6341
6220,6342
6237,6343
6210,6329
6226,6345
6231,6321
6219,6351
6215,6334
6214,6331
6217,6331
6223,6332
6223,6347
6239,6346
6227,6347
6215,6348
6230,6355
6238,6361
6229,6337
6223,6349
6236,6322
6236,6342
6234,6351
6231,6365
6251,6360
6267,6353
6266,6340
6277,6348
6291,6353
6292,6349
6318,6327
6352,6334
6374,6355
6386,6363
6423,6369
6482,6364
6543,6364
6617,6383
6675,6370
6777,6373
6865,6369
6915,6359
7000,6368
7088,6390
7171,6382
7217,6371
7289,6375
7363,6358
7394,6351
7487,6353
7556,6342
7594,6328
7636,6351
7662,6355
7592,6354
7458,6341
7330,6369
7192,6385
7070,6354
6968,6334
6862,6341
6811,6332
6777,6352
6722,6336
6659,6347
6597,6350
6587,6345
6580,6355
6608,6356
6650,6345
6707,6356
6813,6359
6895,6398
7002,6415
7085,6425
7205,6434
7333,6438
7475,6446
7646,6480
7782,6461
7986,6461
8114,6457
8255,6472
8452,6470
8658,6477
8709,6464
8762,6465
8912,6471
8894,6481
8887,6528
8685,6528
8735,6580
8741,6668
8624,6771
8493,6845
8314,6948
8128,6993
7975,7065
7765,7146
7622,7208
7505,7288
7328,7345
7166,7396
7041,7498
6939,7519
6887,7632
6848,7653
6794,7639
6753,7612
6740,7587
6731,7623
6755,7526
6838,7517
6916,7413
7042,7345
7173,7319
7372,7260
7574,7141
7802,7055
8046,6944
8146,6908
8393,6824
8671,6775
8964,6675
9163,6612
9370,6609
9530,6597
9750,6624
9932,6709
10071,6733
10223,6854
10252,6880
10131,6951
10063,7036
9974,7124
9720,7294
9498,7374
9284,7452
9046,7615
8650,7692
8385,7809
8107,7933
7808,8000
7616,8125
7426,8128
7249,8230
7170,8262
7034,8299
6957,8270
6885,8336
6842,8335
6797,8366
6764,8336
6844,8264
6843,8237
6895,8080
7008,7959
7072,7913
7190,7786
7316,7639
7463,7524
7647,7367
7788,7239
7927,7163
8102,7023
8217,6897
8365,6797
8575,6748
8719,6745
8761,6704
8875,6725
9014,6788
8930,6857
9074,6976
9117,7118
9268,7270
9335,7457
9175,7576
9117,7671
9039,7832
8882,7903
8760,7998
8647,8131
8411,8211
8150,8240
7948,8297
7777,8295
7584,8281
7430,8281
7243,8248
7110,8211
6994,8205
6852,8111
6749,8076
6667,8048
6665,7980
6642,7860
6686,7840
6724,7638
6808,7479
6912,7389
7023,7292
7158,7157
7356,7038
7487,6970
7673,6883
7922,6802
8104,6776
8386,6713
8659,6689
8868,6647
9143,6642
9187,6623
9281,6659
9484,6728
9560,6766
9560,6868
9442,6920
9474,7057
9395,7245
9293,7369
9110,7517
8964,7674
8785,7802
8576,8009
8396,8175
8177,8238
7937,8413
7746,8504
7565,8673
7383,8753
7242,8799
7102,8912
6995,8973
6867,9045
6799,8996
6746,8860
6677,8820
6616,8660
6637,8584
6637,8469
6635,8379
6662,8242
6760,8056
6885,7867
7020,7716
7152,7547
7257,7320
7394,7202
7574,7071
7701,6912
7887,6797
7979,6706
8067,6628
8303,6592
8371,6571
8517,6575
8582,6646
8655,6683
8797,6713
8799,6814
8878,6916
8823,7014
8801,7134
8882,7280
8907,7420
8938,7576
8684,7695
8706,7735
8613,7812
8488,7896
8346,8023
8214,8063
8055,8177
7841,8216
7690,8329
7605,8404
7402,8408
7224,8466
7084,8415
6908,8406
6822,8433
6705,8360
6660,8171
6609,8097
6578,7973
6593,7875
6614,7795
6693,7592
6767,7488
6898,7283
7031,7170
7216,7074
7361,6929
7617,6857
7745,6795
7922,6728
8011,6678
8236,6687
8365,6615
8465,6606
8563,6592
8685,6593
8794,6595
8828,6625
8860,6655
8965,6723
8892,6808
8942,6915
8923,7069
8822,7182
8695,7321
8646,7477
8585,7642
8498,7818
8388,7973
8211,8146
8014,8271
7854,8374
7674,8441
7522,8533
7410,8590
7210,8722
7013,8694
6885,8655
6795,8546
6683,8400
6652,8339
6615,8260
6598,8179
6626,7937
6664,7796
6724,7635
6851,7539
6996,7385
7089,7235
7262,7092
7401,6949
7597,6844
7826,6741
7956,6665
8098,6610
8226,6534
8333,6523
8428,6496
8509,6495
8564,6506
8634,6513
8660,6570
8657,6649
8654,6703
8663,6778
8632,6871
8506,6987
8421,7081
8312,7223
8184,7432
8100,7536
8050,7666
7957,7795
7833,7939
7667,8077
7572,8153
7409,8216
7243,8310
7172,8402
7010,8468
6922,8416
6846,8461
6746,8435
6640,8350
6588,8314
6566,8192
6542,8085
6530,7995
6541,7845
6604,7691
6677,7545
6741,7390
6885,7233
6995,7134
7125,7006
7253,6877
7465,6758
7678,6691
7840,6629
8066,6590
8253,6579
8386,6515
8572,6513
8764,6537
8862,6534
9037,6587
9128,6625
9187,6702
9154,6763
9212,6790
9168,6873
9082,6949
8978,7048
8900,7199
8692,7276
8576,7348
8396,7438
8262,7489
8165,7279
7814,7763
7300,7133
7472,7869
7542,8156
7097,7993
6881,7867
6856,7999
6736,7985
6655,7961
6577,7872
6576,7868
6551,7835
6621,7792
6638,7694
6739,7604
6848,7533
6943,7371
7036,7282
7139,7141
7334,7026
7487,6897
7610,6791
7713,6689
7882,6609
8083,6542
8259,6454
8435,6454
8673,6437
8747,6443
8774,6453
8957,6541
8990,6587
9041,6709
9133,6817
9068,6916
9158,7074
9159,7208
9040,7377
8996,7486
8798,7616
8704,7737
8402,7894
8204,8043
8037,8192
7818,8257
7672,8369
7507,8332
7330,8316
7244,8387
7093,8337
6942,8265
6857,8175
6740,8141
6705,8128
6655,8081
6615,7954
6589,7838
6608,7812
6632,7674
6693,7572
6770,7450
6887,7398
6995,7215
7104,7141
7282,7030
7433,6937
7591,6829
7824,6743
7945,6690
8133,6632
8268,6583
8405,6554
8595,6545
8696,6597
8821,6643
9011,6685
9100,6735
9156,6845
9211,6922
9261,7075
9206,7184
8961,7328
8865,7447
8673,7530
8559,7677
8506,7747
8215,7809
7960,7782
7854,7848
7605,7891
7472,7988
7278,7965
7160,7952
7009,8049
6863,8031
6787,8096
6698,8048
6672,7967
6661,7961
6629,7871
6628,7765
6682,7754
6790,7642
6859,7589
6984,7480
7063,7416
7232,7310
7391,7173
7554,7057
7794,6997
8011,6875
8220,6748
8337,6645
8427,6592
8588,6521
8684,6489
8807,6507
8937,6498
9099,6519
9162,6588
9243,6678
9172,6775
9166,6852
8972,6950
8925,7064
8868,7211
8750,7387
8642,7491
8497,7574
8349,7716
8206,7878
8130,7965
8111,8065
7849,8135
7694,8266
7553,8311
7347,8343
7262,8426
7126,8476
6935,8454
6876,8436
6789,8513
6717,8432
6629,8318
6567,8211
6566,8156
6566,8003
6619,7819
6686,7694
6766,7587
6832,7394
6926,7330
7040,7166
7175,7017
7258,6889
7410,6786
7527,6705
7567,6612
7674,6521
7808,6525
7869,6521
7926,6543
8011,6586
8068,6631
8129,6741
8230,6772
8226,6841
8223,6906
8190,7014
8144,7113
8122,7214
8086,7258
8143,7387
8019,7497
7886,7556
7864,7685
7844,7835
7718,7829
7592,7969
7475,8030
7315,8111
7191,8148
7036,8235
6899,8319
6771,8269
6691,8298
6636,8284
6591,8146
6579,7958
6619,7937
6689,7760
6778,7675
6886,7479
7082,7395
7247,7273
7419,7125
7637,7001
7896,6874
8047,6812
8233,6713
8487,6606
8706,6563
8869,6532
9131,6481
9284,6457
9530,6449
9712,6441
9821,6477
9779,6517
9790,6600
9807,6667
9800,6743
9762,6829
9641,6918
9484,7024
9339,7188
9222,7359
8964,7517
8800,7698
8606,7802
8352,8016
8227,8141
8027,8243
7812,8289
7569,8391
7393,8501
7252,8497
7076,8477
6965,8390
6885,8400
6785,8359
6703,8305
6614,8196
6636,8012
6658,7853
6710,7683
6783,7570
6921,7448
7052,7297
7229,7149
7423,6985
7622,6909
7879,6822
8145,6706
8412,6604
8640,6542
8860,6517
9147,6523
9420,6492
9682,6504
9939,6565
10030,6646
10177,6706
10374,6795
10595,6897
10854,7029
10906,7161
10848,7298
10801,7442
10659,7594
10417,7783
10449,7857
10357,8008
10065,8151
9785,8310
9436,8442
9160,8525
8795,8588
8348,8559
8019,8592
7869,8779
7395,8831
7279,8842
7165,8764
6990,8680
6870,8608
6831,8458
6815,8343
6817,8254
6870,8142
6938,7986
7031,7856
7164,7687
7291,7494
7415,7382
7559,7289
7777,7189
7989,7075
8131,6952
8365,6814
8616,6740
8810,6645
8913,6575
9192,6540
9531,6558
9691,6575
9759,6641
9900,6726
10097,6817
10221,6986
10272,7118
10243,7319
10203,7571
10083,7809
10079,8053
10022,8349
9919,8593
9738,8777
9509,9036
9189,9109
9033,9266
8772,9366
8469,9378
8257,9361
7987,9431
7731,9468
7522,9375
7315,9264
7159,9149
6977,8975
6897,8958
6838,8915
6836,8700
6865,8580
6948,8354
7126,8151
7374,7978
7621,7879
7886,7749
8177,7567
8432,7369
8819,7156
9223,7058
9575,6894
9943,6751
10312,6653
10591,6608
10847,6568
11259,6556
11363,6611
11443,6613
11444,6698
11405,6779
11296,6904
11379,7033
11358,7273
11215,7459
11073,7720
10832,7986
10778,8130
10711,8351
10388,8502
10061,8763
9787,9031
9521,9273
9155,9384
8911,9615
8689,9775
8353,9801
8131,9900
7944,9894
7795,9957
7562,9759
7388,9778
7266,9613
7134,9474
7061,9286
7043,9174
7100,8960
7193,8641
7310,8342
7509,8172
7647,7945
7835,7620
8141,7431
8412,7227
8581,7044
8772,6946
8958,6832
9153,6771
9345,6737
9463,6786
9641,6848
9636,6900
9653,7010
9546,7121
9524,7297
9492,7433
9631,7593
9589,7853
9599,8061
9570,8343
9530,8613
9400,8866
9310,9021
9260,9183
9266,9380
9022,9717
8818,10004
8595,10266
8441,10368
8128,10480
7852,10532
7682,10615
7333,10517
7168,10581
7010,10492
6877,10326
6756,10134
6726,10012
6722,9887
6731,9616
6760,9400
6886,9097
7021,8763
7122,8490
7293,8159
7428,7875
7557,7594
7597,7445
7648,7248
7665,7143
7683,6966
7844,7039
7671,6959
7896,6917
8270,6868
8116,6871
7587,6914
7034,6969
6660,7000
6417,7062
6284,7172
6236,7272
6189,7393
6168,7516
6157,7817
6159,8045
6153,8153
6137,8375
6139,8618
6140,8888
6136,9099
6136,9324
6139,9479
6136,9565
6135,9650
6125,9624
6126,9687
6117,9708
6117,9583
6134,9344
6119,9147
6106,8899
6116,8575
6128,8391
6119,8185
6119,7926
6117,7714
6119,7566
6120,7415
6117,7253
6121,7126
6112,7025
6115,6940
6115,6847
6109,6767
6121,6668
6107,6608
6118,6613
6118,6591
6107,6619
6113,6682
6116,6728
6116,6822
6119,6837
6116,6842
6107,6929
6112,6974
6106,6988
6115,7082
6106,7124
6114,6985
6113,6729
6114,6476
6108,6332
6114,6232
6104,6172
6103,6145
6111,6133
6104,6125
6111,6123
6111,6111
6102,6103
6111,6115
6108,6106
6110,6114
6105,6127
6101,6119
6106,6133
6110,6097
6105,6093
6098,6080
6109,6074
6118,6062
6101,6056
6107,6063
6111,6063
6110,6065
6102,6068
6109,6070
6115,6059
6103,6061
6109,6049
6114,6063
6105,6058
6106,6056
6105,6071
6112,6056
6114,6058
6100,6054
6110,6074
6115,6058
6113,6057
6099,6061
6104,6066
6108,6055
6101,6056
6108,6050
6104,6061
6115,6065
6109,6052
6110,6067
6111,6059
5798,5755
6034,5965
6157,6102
6182,6081
6093,6053
6201,6149
6145,6096
6093,6019
6124,6053
6102,6049
6099,6045
6135,6054
6115,6063
6111,6049
6115,6053
6119,6053
6117,6042
6126,6041
6119,6043
6117,6062
6111,6058
6112,6040
6112,6053
6102,6052
6119,6047
6116,6039
6108,6053
6113,6060
6106,6051
6105,6055
6113,6058
6124,6054
6119,6049
6121,6043
6105,6058
6115,6055
6118,6046
6111,6053
6111,6052
6116,6052
6116,6046
6107,6056
6109,6047
6116,6058
6105,6036
6105,6054
6114,6054
6120,6052
6112,6042
6113,6061
6108,6063
6113,6051
6113,6040
6108,6048
6104,6046
6111,6041
6116,6058
6106,6057
6104,6055
6108,6046
6104,6054
6109,6054
6103,6044
6111,6050
6115,6042
6107,6045
6118,6055
6114,6045
6107,6054
6112,6050
6101,6049
6102,6046
6114,6026
6119,6045
6104,6054
6101,6058
6103,6050
6109,6053
6103,6051
6116,6064
6107,6055
6099,6057
6107,6061
6114,6054
6100,6055
6112,6053
6106,6061
6120,6047
6109,6046
6103,6042
6103,6050
6110,6039
6114,6048
6107,6035
6102,6054
6094,6063
6104,6039
6116,6045
6118,6049
6106,6051
6114,6038
6102,6054
6103,6046
6098,6055
6105,6047
6114,6054
6095,6040
6101,6056
6108,6048
6107,6041
6106,6050
6102,6047
6107,6048
6106,6051
6103,6054
6102,6050
6098,6050
6109,6053
6103,6057
6101,6050
6103,6040
6119,6058
6102,6046
6110,6058
6111,6061
6113,6056
6102,6048
6101,6041
6107,6056
6102,6057
6102,6034
6108,6054
6102,6043
6106,6050
6107,6050
6102,6052
6105,6063
6110,6046
6100,6041
6101,6048
6096,6036
6106,6053
6101,6049
6099,6058
6110,6055
6103,6056
6101,6049
6110,6055
6102,6051
6106,6054
6113,6047
6112,6046
6101,6048
6104,6044
6099,6048
6096,6049
6110,6045
6102,6056
6097,6050
6100,6058
6105,6051
6101,6046
6093,6048
6102,6045
6103,6042
6099,6055
6092,6045
6108,6034
6106,6048
6106,6042
6108,6043
6102,6045
6098,6055
6094,6037
6100,6055
6107,6045
6113,6044
6109,6044
6104,6045
6102,6045
6107,6058
6102,6061
6098,6063
6110,6048
6095,6065
6109,6049
6104,6051
6104,6048
6109,6047
6106,6046
6115,6043
6105,6048
6103,6051
6105,6050
6106,6056
6104,6053
6106,6054
6108,6054
6113,6049
6114,6056
6102,6054
6113,6051
6104,6040
6108,6048
6098,6047
6103,6038
6110,6045
6110,6038
6107,6060
6104,6052
6110,6048
6106,6053
6109,6049
6111,6050
6114,6062
6107,6057
6112,6052
6112,6055
6110,6060
6113,6063
6111,6062
6105,6053
6104,6053
6107,6038
6108,6038
6114,6059
6103,6060
6113,6055
6112,6049
6105,6067
6110,6041
6109,6046
6112,6072
6113,6067
6115,6055
6123,6049
6112,6055
6114,6061
6122,6057
6114,6050
6105,6060
6109,6066
6112,6053
6107,6058
6104,6052
6113,6054
6101,6048
6110,6052
6112,6042
6109,6046
6112,6044
6110,6040
6112,6048
6110,6056
6111,6058
6109,6060
6113,6052
6106,6042
6098,6051
6106,6061
6113,6048
6109,6056
6101,6048
6110,6053
6112,6041
6105,6053
6100,6042
6103,6050
6105,6052
6067,6033
6060,6034
6119,6052
6144,6084
6110,6058
6107,6051
6108,6058
6112,6070
6096,6058
6101,6048
6099,6049
6100,6043
6103,6025
6106,6061
6102,6055
6109,6054
6116,6050
6106,6038
6104,6052
6105,6056
6115,6059
6097,6057
6111,6055
6112,6050
6107,6045
6101,6050
6103,6039
6109,6050
6108,6066
6101,6055
6105,6053
6111,6051
6097,6052
6104,6055
6115,6058
6117,6052
6114,6057
6105,6043
6110,6051
6110,6055
6111,6045
6112,6061
6121,6049
6106,6053
6116,6053
6111,6058
6112,6040
6108,6061
6107,6045
6115,6058
6117,6038
6110,6047
6112,6050
6114,6047
6122,6055
6112,6047
6120,6053
6125,6054
6120,6044
6106,6059
6125,6057
6123,6054
6123,6057
6120,6052
6114,6055
6131,6039
6115,6043
6115,6036
6115,6058
6108,6062
6115,6060
6112,6017
6120,6055
6114,6043
6116,6058
6116,6053
6104,6048
6112,6062
6116,6047
6111,6043
6114,6047
6114,6044
6102,6051
6109,6048
6114,6051
6117,6050
6110,6061
6113,6057
6115,6059
6109,6040
6114,6048
6121,6060
6113,6050
6113,6056
6112,6054
6108,6052
6102,6062
6102,6050
6113,6035
6112,6052
6110,6060
6113,6054
6109,6056
6111,6039
6116,6049
6113,6043
6120,6055
6120,6042
6118,6059
6111,6050
6114,6045
6122,6043
6121,6052
6115,6055
6119,6049
6115,6053
6115,6038
6122,6051
6105,6051
6114,6043
6123,6039
6106,6047
6111,6053
6113,6057
6114,6058
6115,6056
6118,6049
6108,6056
6111,6059
6113,6062
6123,6055
6111,6043
6104,6060
6109,6058
6111,6057
6111,6052
6106,6061
6121,6052
6118,6057
6106,6054
6120,6064
6110,6060
6120,6049
6117,6059
6120,6060
6119,6061
6119,6069
6119,6057
6127,6046
6110,6057
6117,6064
6130,6058
6114,6058
6108,6065
6112,6058
6120,6052
6123,6062
6117,6045
6123,6043
6118,6053
6121,6053
6110,6057
6128,6053
6110,6070
6124,6058
6122,6047
6121,6061
6128,6062
6125,6054
6122,6059
6112,6056
6126,6049
6122,6055
6120,6057
6123,6039
6116,6060
6115,6053
6121,6051
6116,6056
6116,6045
6116,6045
6117,6056
6112,6056
6117,6057
6120,6062
6113,6063
6111,6049
6114,6058
6120,6056
6116,6054
6117,6057
6115,6065
6118,6055
6125,6037
6120,6056
6112,6054
6117,6048
6122,6053
6115,6055
6123,6063
6122,6042
6126,6048
6126,6048
6125,6034
6129,6054
6120,6052
6123,6041
6124,6047
6111,6058
6114,6070
6119,6060
6122,6046
6119,6054
6121,6055
6126,6061
6117,6063
6108,6056
6130,6020
6122,6054
6122,6063
6118,6061
6124,6057
6120,6061
6124,6042
6124,6042
6119,6063
6116,6062
6118,6063
6115,6062
6116,6046
6121,6051
6117,6061
6119,6051
6124,6051
6115,6054
6119,6065
6119,6051
6124,6056
6115,6053
6123,6052
6117,6061
6119,6049
6124,6055
6119,6042
6114,6064
6114,6055
6114,6055
6121,6057
6120,6055
6116,6060
6123,6054
6121,6048
6117,6059
6122,6044
6122,6055
6118,6050
6121,6057
0,24
0,61680
0,0
6117,6060
5606,5576
5601,5575
5610,5572
5601,5572
5600,5576
5604,5580
5605,5574
5607,5569
5825,5759
6326,6282
6271,6288
6265,6297
6298,6306
6287,6288
6297,6279
6296,6303
6281,6289
6298,6286
6289,6268
6296,6311
6300,6311
6295,6303
6285,6309
6289,6296
6294,6318
6305,6333
6296,6308
6292,6306
6297,6317
6292,6314
6281,6316
6291,6309
6284,6293
6298,6291
6284,6317
6299,6315
6283,6307
6292,6319
6286,6315
6261,6318
6278,6288
6282,6296
6285,6312
6294,6320
6277,6308
6271,6319
6287,6318
6302,6313
6293,6287
6291,6303
6303,6293
6291,6307
6293,6320
6289,6311
6292,6318
6283,6296
6301,6299
6311,6323
6277,6316
6293,6305
6298,6316
6281,6324
6277,6315
6278,6317
6291,6310
6288,6298
6298,6319
6301,6322
6303,6311
6297,6294
6285,6307
6274,6300
6282,6305
6287,6290
6290,6308
6278,6302
6277,6308
6283,6295
6288,6312
6285,6304
6290,6297
6282,6309
6286,6317
6281,6332
6282,6321
6289,6314
6291,6313
6270,6304
6264,6326
6270,6323
6266,6326
6279,6301
6285,6311
6268,6320
6290,6344
6288,6339
6279,6325
6269,6315
6283,6337
6276,6296
6268,6320
6267,6304
6257,6332
6266,6302
6277,6295
6261,6305
6286,6285
6286,6319
6264,6327
6263,6310
6277,6311
6273,6317
6277,6299
6265,6310
6283,6306
6286,6319
6283,6340
6281,6320
6281,6316
6297,6320
6299,6327
6300,6315
6290,6323
6296,6341
6288,6338
6283,6327
6279,6319
6292,6321
6292,6324
6288,6320
6263,6327
6280,6313
6288,6319
6273,6308
6279,6304
6270,6302
6278,6311
6273,6329
6289,6298
6289,6320
6282,6316
6286,6302
6280,6322
6298,6331
6292,6331
6309,6330
6289,6323
6281,6329
6282,6302
6275,6343
6267,6331
6253,6311
6273,6317
6289,6337
6275,6328
6299,6353
6645,6740
6045,6154
6281,6342
6545,7038
6347,6423
6306,6370
6155,6244
6312,6377
6270,6327
6281,6334
6275,6346
6270,6335
6277,6355
6264,6348
6278,6319
6275,6322
6257,6343
6258,6342
6260,6324
6262,6320
6295,6344
6283,6331
6274,6319
6291,6323
6286,6327
6273,6338
6262,6331
6264,6328
6280,6318
6285,6335
6274,6335
6276,6322
6265,6331
6273,6351
6283,6339
6284,6333
6276,6350
6272,6348
6286,6332
6283,6344
6280,6351
6266,6337
6279,6322
6269,6355
6287,6358
6281,6344
6270,6349
6273,6342
6273,6353
6273,6347
6272,6334
6273,6330
6267,6318
6274,6339
6278,6322
6274,6327
6293,6338
6282,6345
6280,6336
6269,6362
6261,6344
6275,6379
6258,6354
6252,6347
6265,6345
6262,6344
6252,6364
6250,6372
6254,6361
6258,6364
6256,6336
6272,6353
6264,6335
6259,6347
6267,6336
6244,6353
6248,6365
6247,6345
6251,6350
6257,6360
6260,6353
6251,6357
6250,6328
6242,6339
6245,6365
6266,6355
6238,6355
6241,6363
6254,6392
6250,6384
6256,6375
6241,6354
6248,6368
6255,6382
6233,6394
6236,6361
6266,6371
6272,6358
6251,6346
6242,6371
6247,6370
6244,6351
6238,6363
6246,6346
6262,6344
6237,6353
6223,6381
6228,6350
6247,6344
6225,6346
6240,6345
6248,6340
6240,6346
6238,6340
6241,6347
6238,6344
6235,6350
6249,6358
6244,6376
6240,6350
6242,6342
6240,6378
6236,6369
6248,6363
6259,6349
6256,6394
6258,6386
6231,6388
6255,6373
6243,6361
6223,6360
6232,6389
6242,6385
6228,6385
6246,6394
6231,6407
6235,6377
6219,6376
6226,6383
6239,6373
6236,6370
6235,6393
6227,6365
6231,6367
6255,6375
6239,6385
6244,6385
6232,6370
6225,6368
6228,6364
6228,6374
6241,6385
6238,6360
6233,6362
6222,6350
6220,6355
6218,6354
6232,6386
6231,6404
6228,6401
6225,6427
6221,6405
6230,6407
6218,6386
6239,6399
6238,6386
6233,6407
6222,6410
6220,6380
6223,6391
6216,6396
6224,6379
6233,6384
6231,6390
6227,6369
6227,6369
6211,6386
6227,6387
6221,6357
6232,6384
6219,6372
6227,6385
6217,6398
6243,6370
6230,6385
6233,6384
6219,6364
6206,6377
6235,6386
6226,6375
6229,6368
6227,6374
6206,6351
6223,6364
6217,6387
6210,6368
6224,6376
6230,6367
6223,6373
6226,6365
6210,6358
6217,6368
6223,6355
6216,6390
6215,6393
6215,6390
6226,6405
6212,6368
6209,6392
6216,6391
6227,6358
6218,6384
6208,6361
6220,6388
6220,6375
6216,6361
6209,6377
6227,6366
6227,6354
6213,6405
6209,6387
6224,6402
6217,6394
6211,6369
6204,6392
6210,6407
6206,6409
6206,6385
6212,6412
6218,6367
6207,6407
6202,6395
6219,6406
6217,6405
6209,6377
6213,6393
6219,6392
6216,6400
6214,6394
6216,6382
6214,6381
6233,6363
6220,6383
6216,6392
6210,6413
6204,6400
6203,6413
6202,6419
6213,6412
6210,6392
6199,6375
6200,6373
6208,6382
6206,6380
6209,6394
6211,6382
6218,6374
6210,6386
6207,6386
6212,6370
6204,6369
6204,6364
6210,6350
6206,6355
6205,6353
6206,6364
6207,6344
6214,6343
6217,6363
6244,6425
6210,6380
6209,6365
6197,6392
6196,6349
6192,6364
6189,6366
6212,6380
6213,6383
6207,6379
6219,6401
6208,6394
6203,6422
6215,6409
6207,6391
6206,6385
6210,6385
6204,6362
6218,6377
6220,6383
6205,6396
6216,6392
6200,6410
6211,6390
6203,6397
6213,6379
6204,6396
6206,6394
6211,6376
6212,6390
6205,6364
6209,6374
6210,6401
6203,6373
6204,6394
6200,6381
6207,6376
6215,6381
6198,6390
6208,6376
6202,6368
6206,6367
6210,6382
6211,6371
6212,6372
6216,6381
6196,6361
6200,6385
6218,6379
6203,6383
6206,6383
6220,6410
6210,6387
6207,6378
6202,6397
6199,6388
6198,6374
6213,6398
6198,6365
6198,6374
6218,6381
6211,6369
6228,6378
6222,6382
6207,6360
6218,6375
6206,6380
6218,6393
6201,6375
6210,6363
6203,6358
6209,6381
6199,6354
6199,6366
6203,6349
6208,6339
6220,6380
6208,6370
6225,6362
6206,6373
6208,6356
6219,6361
6217,6349
6213,6371
6222,6361
6211,6349
6207,6375
6207,6379
6214,6370
6218,6392
6210,6395
6204,6394
6209,6363
6203,6364
6212,6379
6208,6340
6215,6367
6221,6358
6223,6367
6205,6370
6202,6388
6220,6374
6219,6397
6217,6375
6196,6389
6211,6373
6217,6365
6233,6366
6200,6346
6226,6365
6219,6359
6211,6363
6210,6385
6208,6356
6216,6350
6215,6334
6222,6371
6221,6343
6205,6346
6205,6353
6207,6358
6205,6359
6211,6363
6210,6350
6209,6346
6211,6362
6218,6349
6219,6349
6211,6347
6222,6343
6217,6357
6223,6347
6210,6350
6221,6351
6208,6364
6233,6335
6226,6341
6222,6356
6224,6347
6219,6361
6216,6353
6223,6366
6228,6338
6214,6316
6214,6339
6217,6343
6233,6365
6212,6360
6232,6336
6222,6339
6213,6333
6220,6334
6219,6321
6222,6324
6225,6345
6218,6351
6225,6347
6232,6335
6228,6336
6225,6346
6225,6319
6212,6329
6222,6333
6217,6333
6215,6348
6230,6309
6221,6321
6218,6331
6231,6334
6236,6338
6223,6365
6231,6359
6225,6369
6227,6356
6233,6348
6227,6346
6235,6351
6236,6334
6235,6340
6226,6368
6248,6341
6255,6347
6267,6347
6264,6355
6281,6377
6297,6363
6324,6342
6336,6343
6385,6362
6412,6358
6444,6363
6479,6359
6552,6365
6593,6368
6685,6369
6773,6395
6840,6390
6944,6380
6987,6378
7095,6394
7163,6384
7205,6376
7303,6377
7386,6381
7365,6369
7458,6360
7527,6358
7590,6352
7672,6345
7632,6365
7563,6345
7465,6374
7312,6358
7208,6377
7063,6356
6950,6323
6878,6345
6869,6353
6780,6339
6725,6344
6671,6353
6609,6360
6613,6357
6588,6373
6597,6364
6653,6364
6728,6369
6810,6372
6905,6402
6937,6405
7062,6416
7226,6436
7312,6448
7469,6458
7652,6457
7771,6460
7933,6453
8226,6471
8239,6489
8511,6474
8666,6480
8776,6499
8865,6466
8783,6489
8866,6489
8819,6517
8679,6544
8693,6612
8639,6646
8624,6756
8406,6860
8325,6941
8167,6996
8070,7070
7795,7126
7631,7171
7467,7287
7317,7336
7183,7400
7072,7502
6976,7558
6849,7647
6851,7680
6821,7622
6792,7621
6747,7603
6755,7633
6768,7595
6791,7403
6786,7338
7027,7360
7193,7380
7393,7221
7564,7171
7837,7074
8010,6988
8188,6925
8396,6849
8668,6766
8982,6690
9205,6652
9377,6621
9473,6627
9776,6651
9908,6685
10073,6763
10202,6792
10248,6883
10161,6990
10035,7031
9990,7166
9704,7229
9455,7355
9242,7486
9039,7591
8702,7737
8395,7806
8129,7941
7849,8002
7572,8089
7437,8166
7308,8239
7167,8292
7082,8361
6963,8338
6898,8326
6828,8362
6811,8348
6810,8351
6818,8271
6840,8191
6886,8058
6980,7983
7117,7913
7236,7780
7357,7648
7512,7513
7696,7355
7801,7268
7909,7164
8112,7009
8223,6886
8375,6824
8540,6758
8689,6726
8712,6707
8902,6733
9014,6790
9008,6873
9075,6994
9191,7124
9298,7286
9358,7451
9255,7588
9173,7727
9036,7811
8891,7937
8843,8082
8671,8143
8467,8175
8159,8234
7970,8305
7773,8287
7583,8247
7462,8289
7294,8403
7144,8306
7009,8276
6837,8178
6743,8148
6688,8055
6638,8022
6634,7953
6681,7847
6732,7619
6792,7466
6895,7406
7011,7311
7159,7144
7353,7045
7475,6949
7690,6887
7926,6831
8137,6804
8375,6725
8659,6698
8881,6657
9174,6631
9211,6631
9240,6688
9424,6713
9531,6757
9527,6855
9487,6968
9487,7085
9359,7232
9248,7377
9074,7535
8931,7699
8754,7848
8554,8002
8360,8152
8146,8314
7921,8458
7777,8612
7590,8699
7405,8832
7237,8885
7108,8947
7037,8976
6883,9088
6808,8922
6727,8895
6719,8852
6623,8688
6661,8617
6617,8444
6668,8351
6700,8241
6791,8051
6907,7881
6995,7719
7126,7557
7278,7348
7395,7186
7587,7063
7726,6911
7990,6795
8049,6695
8150,6617
8312,6608
8529,6579
8584,6566
8679,6621
8779,6686
8819,6721
8869,6828
8845,6898
8919,6984
8949,7147
8881,7289
8915,7452
8918,7550
8797,7693
8753,7770
8729,7848
8519,7903
8428,8021
8352,8121
8195,8241
7926,8297
7721,8361
7605,8442
7444,8441
7195,8411
7061,8392
6948,8491
6817,8405
6688,8336
6644,8195
6603,8162
6585,7983
6589,7866
6635,7780
6699,7638
6785,7505
6927,7330
7071,7204
7259,7105
7453,6984
7637,6912
7788,6827
7882,6773
8055,6698
8220,6682
8351,6665
8469,6612
8563,6603
8677,6587
8782,6590
8889,6627
8868,6653
8913,6737
8916,6810
8930,6933
8915,7033
8814,7195
8755,7330
8688,7503
8601,7667
8458,7883
8436,8038
8210,8191
7989,8240
7784,8442
7657,8485
7535,8552
7434,8690
7224,8832
7011,8771
6886,8693
6790,8640
6711,8474
6658,8394
6621,8255
6589,8144
6621,7965
6660,7867
6747,7703
6854,7576
6998,7404
7111,7265
7251,7122
7443,6982
7621,6841
7813,6763
7979,6653
8080,6595
8207,6554
8325,6535
8445,6513
8512,6471
8520,6525
8608,6532
8639,6557
8592,6641
8714,6701
8654,6771
8594,6893
8495,7002
8430,7121
8338,7242
8179,7404
8055,7557
8068,7700
7960,7808
7868,7984
7700,8071
7593,8209
7412,8311
7287,8387
7182,8424
7041,8477
6947,8471
6852,8518
6760,8489
6661,8352
6602,8327
6559,8228
6533,8096
6531,8008
6545,7885
6600,7689
6693,7560
6790,7399
6850,7180
6962,7060
7151,7028
7263,6853
7481,6777
7698,6657
7887,6582
8089,6602
8261,6571
8420,6538
8603,6555
8801,6527
8900,6560
9019,6574
9162,6618
9227,6719
9211,6753
9245,6809
9322,6887
9155,6948
9036,7057
8923,7177
8774,7264
8584,7338
8421,7462
8279,7522
8092,7633
7930,7734
7631,7827
7518,7894
7319,7893
7149,7922
6994,7899
6848,8006
6761,8016
6664,7920
6607,7877
6590,7883
6575,7830
6616,7786
6702,7695
6761,7649
6863,7530
6969,7395
7062,7273
7179,7169
7336,7042
7523,6902
7667,6793
7752,6710
7940,6628
8136,6527
8279,6474
8488,6451
8665,6428
8822,6442
8813,6475
8994,6575
9198,6631
9149,6707
9256,6827
9306,6971
9346,7125
9314,7289
9212,7403
9048,7528
9009,7692
8704,7800
8504,7962
8282,8037
8016,8170
7900,8325
7793,8450
7603,8465
7413,8457
7235,8419
7126,8363
6980,8353
6866,8253
6765,8175
6715,8190
6662,8110
6618,8011
6597,7935
6604,7845
6627,7720
6705,7623
6762,7474
6907,7414
7034,7352
7142,7154
7257,7045
7456,6942
7618,6862
7856,6753
8010,6694
8188,6645
8309,6595
8432,6603
8613,6578
8766,6615
8980,6656
9022,6675
9146,6745
9156,6810
9221,6941
9340,7078
9222,7210
9052,7309
8934,7455
8760,7601
8621,7672
8502,7735
8227,7820
8056,7872
7833,7890
7649,7918
7486,7977
7344,8043
7196,8012
7014,8042
6875,8110
6792,8101
6708,8057
6670,8080
6666,8053
6629,7899
6677,7875
6719,7803
6777,7750
6857,7658
6977,7519
7088,7402
7259,7291
7406,7176
7523,7094
7748,6987
8016,6885
8224,6782
8360,6668
8458,6587
8625,6546
8694,6503
8823,6507
9025,6498
9073,6545
9183,6612
9246,6674
9230,6765
9146,6871
9036,7013
8947,7106
8857,7241
8740,7396
8607,7474
8509,7635
8393,7766
8217,7903
8157,7980
8152,8099
7868,8152
7684,8291
7565,8373
7393,8415
7312,8450
7108,8525
6996,8501
6896,8513
6806,8521
6752,8495
6637,8328
6580,8192
6578,8122
6573,8012
6607,7796
6677,7658
6742,7534
6831,7392
6931,7289
7012,7138
7162,7011
7269,6897
7407,6804
7520,6700
7595,6622
7747,6564
7842,6545
7958,6527
8021,6554
8018,6599
8076,6627
8136,6707
8236,6775
8224,6831
8220,6936
8187,7002
8139,7142
8119,7207
8119,7289
8063,7456
8020,7482
7887,7543
7892,7680
7854,7821
7722,7886
7568,7984
7477,8062
7332,8160
7180,8172
7037,8243
6898,8378
6811,8290
6699,8288
6621,8240
6577,8209
6587,8055
6626,7937
6676,7723
6742,7696
6913,7547
7101,7434
7277,7270
7427,7130
7590,6985
7870,6870
8080,6817
8295,6731
8488,6616
8702,6560
8960,6530
9211,6502
9408,6468
9635,6467
9765,6447
9839,6449
9800,6502
9942,6590
9830,6673
9706,6732
9843,6807
9713,6926
9628,7068
9406,7218
9292,7396
8982,7551
8816,7716
8563,7832
8379,8037
8254,8181
8029,8308
7806,8342
7578,8458
7432,8514
7251,8562
7087,8543
6979,8520
6915,8482
6784,8441
6690,8322
6617,8209
6625,8055
6672,7915
6718,7717
6831,7577
6919,7477
7097,7312
7224,7169
7063,6691
8033,7204
8179,7123
8302,6759
8473,6546
8631,6491
9033,6576
9147,6481
9521,6519
9774,6517
10029,6564
10114,6621
10229,6740
10415,6799
10656,6892
11024,7032
10870,7172
10884,7308
10807,7427
10560,7575
10442,7794
10441,7936
10314,7995
10155,8228
9817,8376
9495,8422
9183,8573
8799,8572
8428,8613
8171,8682
7857,8831
7504,8775
7297,8841
7208,8855
6990,8710
6888,8619
6833,8534
6805,8368
6813,8290
6884,8145
6937,7981
7038,7836
7198,7697
7290,7509
7404,7370
7566,7275
7762,7169
8008,7068
8153,6985
8394,6842
8580,6719
8770,6649
8931,6586
9200,6562
9550,6562
9715,6574
9851,6654
9941,6726
10123,6843
10281,6991
10303,7162
10276,7311
10275,7607
10143,7846
10153,8111
10140,8340
9992,8612
9821,8847
9564,9109
9297,9218
9013,9294
8782,9374
8499,9401
8284,9406
8011,9504
7725,9477
7548,9402
7327,9278
7183,9190
7004,8984
6917,8931
6850,8919
6817,8688
6863,8598
6965,8372
7128,8148
7394,8036
7640,7937
7871,7768
8193,7602
8457,7389
8812,7200
9259,7077
9629,6885
10004,6759
10377,6658
10661,6603
10952,6570
11271,6578
11438,6600
11465,6621
11541,6689
11448,6800
11401,6909
11432,7075
11398,7268
11295,7493
11093,7711
10887,8011
10844,8202
10681,8387
10449,8517
10098,8829
9815,9089
9479,9235
9194,9407
8949,9661
8732,9793
8365,9850
8141,9976
7929,9966
7753,9941
7649,9825
7422,9796
7286,9716
7219,9640
7114,9463
7110,9281
7138,9030
7234,8721
7288,8324
7474,8232
7705,8006
7892,7705
8117,7436
8460,7213
8662,7061
8913,6981
9101,6887
9182,6828
9368,6767
9487,6778
9580,6853
9663,6910
9702,7022
9580,7135
9588,7305
9528,7452
9627,7616
9589,7836
9590,8078
9613,8368
9559,8631
9504,8902
9452,9048
9407,9206
9180,9395
9070,9760
8983,10135
8684,10386
8497,10468
8138,10561
7924,10545
7641,10553
7408,10733
7207,10751
7034,10548
6922,10459
6820,10261
6730,10173
6704,9932
6728,9645
6752,9468
6882,9173
7015,8771
7138,8477
7280,8137
7467,7885
7533,7623
7639,7502
7693,7316
7701,7178
7719,7054
7847,7042
7713,7019
7909,6938
8278,6889
8190,6907
7603,6945
7060,6993
6675,7003
6449,7063
6276,7193
6212,7306
6190,7406
6167,7583
6159,7818
6151,8046
6144,8271
6143,8411
6136,8641
6131,8866
6137,9085
6142,9297
6137,9432
6138,9605
6129,9627
6126,9664
6115,9772
6123,9891
6126,9649
6126,9448
6116,9210
6112,8877
6119,8620
6119,8465
6119,8205
6120,7950
6107,7693
6117,7547
6125,7407
6123,7267
6112,7127
6117,7059
6117,6945
6120,6841
6112,6750
6120,6692
6110,6618
6117,6604
6114,6609
6104,6633
6111,6695
6121,6760
6119,6819
6112,6816
6118,6850
6118,6930
6112,6980
6108,6991
6111,7109
6110,7158
6108,7003
6110,6761
6107,6502
6115,6311
6110,6242
6102,6191
6108,6162
6106,6149
6096,6126
6110,6122
6115,6103
6112,6110
6115,6110
6110,6105
6118,6110
6097,6123
6100,6111
6108,6113
6104,6096
6104,6090
6101,6063
6115,6067
6115,6060
6094,6049
6099,6067
6029,6030
6093,6107
6032,5998
5938,5897
6090,6053
6101,6061
6096,6052
6120,6070
6094,6192
6102,6054
6111,6061
6110,6061
6106,6053
6105,6062
6111,6059
6110,6061
6113,6061
6113,6049
6108,6057
6113,6046
6110,6061
6102,6055
6106,6068
6110,6058
6113,6056
6105,6070
6110,6063
6117,6060
6107,6061
6113,6059
6114,6056
6106,6042
6109,6056
6106,6065
6117,6056
6123,6058
6117,6063
6104,6043
6120,6056
6111,6063
6116,6030
6107,6050
6121,6047
6118,6052
6111,6054
6107,6056
6110,6056
6119,6046
6106,6093
6104,6050
6102,6053
6103,6049
6112,6063
6118,6039
6117,6053
6101,6058
6111,6050
6112,6041
6117,6048
6117,6053
6118,6047
6106,6045
6111,6058
6113,6049
6107,6058
6109,6054
6117,6053
6115,6049
6116,6043
6115,6042
6117,6054
6110,6045
6101,6051
6122,6059
6109,6065
6108,6053
6118,6051
6116,6054
6106,6045
6114,6046
6113,6046
6107,6044
6115,6046
6121,6050
6113,6055
6106,6045
6110,6048
6108,6056
6107,6053
6107,6047
6110,6047
6109,6042
6109,6049
6103,6061
6108,6056
6107,6054
6104,6061
6102,6056
6110,6051
6119,6054
6117,6053
6102,6061
6106,6045
6099,6058
6107,6052
6107,6052
6104,6057
6108,6052
6112,6051
6111,6062
6120,6051
6104,6047
6108,6049
6103,6044
6116,6051
6106,6053
6103,6050
6111,6051
6116,6060
6112,6062
6113,6038
6113,6043
6097,6071
6105,6036
6107,6033
6119,6054
6113,6054
6110,6054
6102,6035
6106,6039
6103,6054
6115,6052
6121,6060
6096,6062
6098,6053
6125,6032
6116,6058
6106,6046
6109,6046
6112,6042
6102,6050
6103,6041
6104,6055
6106,6057
6118,6072
6113,6061
6110,6039
6095,6063
6114,6046
6111,6043
6111,6057
6124,6052
6109,6059
6106,6049
6108,6039
6106,6059
6109,6048
6108,6052
6112,6049
6104,6040
6105,6066
6099,6049
6103,6046
6114,6046
6114,6043
6093,6055
6103,6047
6103,6045
6099,6050
6096,6061
6115,6041
6116,6042
6106,6038
6109,6049
6114,6052
6104,6052
6103,6053
6114,6049
6109,6041
6104,6051
6107,6045
6105,6047
6108,6052
6100,6034
6105,6051
6096,6051
6097,6041
6101,6052
6099,6044
6099,6050
6094,6054
6109,6062
6096,6057
6095,6039
6107,6043
6106,6037
6099,6050
6106,6053
6097,6049
6098,6045
6099,6061
6112,6044
6104,6059
6097,6051
6099,6054
6101,6037
6091,6047
6113,6049
6104,6061
6100,6053
6104,6047
6092,6049
6099,6039
6101,6053
6095,6049
6101,6041
6104,6041
6117,6046
6096,6060
6096,6045
6108,6053
6108,6049
6098,6050
6103,6052
6102,6050
6104,6054
6101,6032
6104,6056
6109,6040
6108,6046
6104,6045
6093,6055
6096,6063
6111,6060
6113,6044
6121,6056
6109,6050
6103,6052
6110,6041
6112,6051
6101,6039
6107,6063
6108,6046
6101,6049
6111,6053
6106,6049
6109,6047
6111,6049
6104,6049
6112,6055
6108,6053
6106,6042
6109,6018
6101,6051
6111,6068
6100,6063
6113,6049
6112,6049
6119,6050
6123,6055
6114,6048
6115,6051
6120,6057
6106,6040
6121,6049
6111,6065
6104,6053
6110,6050
5847,5781
5976,5746
6033,6071
6066,6164
6152,5941
6076,6109
6101,6033
6135,6081
6098,6045
6081,6009
6127,6071
6107,6048
6111,6051
6106,6054
6106,6063
6110,6055
6104,6044
6101,6043
6106,6048
6108,6049
6107,6053
6111,6040
6112,6037
6114,6060
6103,6055
6114,6044
6111,6038
6108,6042
6112,6050
6107,6051
6095,6034
6107,6051
6106,6043
6114,6050
6109,6047
6110,6052
6102,6058
6110,6045
6112,6042
6102,6040
6112,6058
6115,6058
6100,6047
6107,6050
6112,6055
6113,6038
6100,6040
6101,6056
6119,6045
6100,6055
6105,6056
6103,6048
6097,6052
6104,6036
6109,6047
6108,6047
6108,6052
6108,6054
6115,6050
6109,6050
6096,6051
6103,6055
6112,6049
6117,6048
6116,6055
6107,6042
6100,6066
6110,6054
6109,6050
6114,6057
6121,6045
6109,6053
6116,6059
6120,6054
6115,6044
6115,6056
6112,6045
6108,6048
6121,6040
6117,6046
6111,6049
6117,6045
6120,6056
6118,6061
6120,6060
6120,6047
6115,6049
6124,6051
6131,6049
6122,6055
6122,6049
6118,6053
6116,6049
6116,6052
6115,6049
6111,6054
6124,6033
6122,6053
6113,6050
6109,6055
6115,6058
6119,6051
6118,6052
6112,6058
6106,6055
6112,6041
6110,6058
6112,6043
6112,6051
6112,6047
6103,6062
6104,6044
6111,6050
6112,6038
6114,6044
6108,6048
6118,6061
6106,6050
6109,6042
6121,6046
6113,6057
6114,6036
6108,6064
6102,6060
6112,6050
6091,6045
6113,6033
6121,6047
6113,6046
6115,6058
6110,6052
6115,6038
6110,6050
6107,6042
6122,6059
6118,6043
6120,6047
6108,6052
6115,6049
6121,6047
6124,6054
6113,6051
6114,6055
6110,6060
6115,6053
6121,6049
6111,6046
6122,6051
6127,6048
6115,6049
6110,6052
6108,6046
6117,6057
6108,6062
6109,6058
6109,6062
6119,6053
6124,6052
6117,6060
6091,6049
6113,6043
6125,6060
6113,6055
6112,6051
6110,6053
6110,6063
6107,6059
6109,6047
6117,6042
6113,6048
6115,6056
6118,6055
6109,6053
6116,6051
6113,6067
6120,6057
6121,6050
6098,6051
6116,6061
6122,6054
6112,6067
6117,6049
6117,6057
6118,6056
6120,6043
6112,6053
6121,6050
6119,6062
6125,6050
6115,6049
6125,6038
6116,6042
6119,6061
6120,6056
6115,6054
6127,6066
6129,6059
6118,6046
6123,6057
6125,6046
6111,6047
6117,6058
6113,6057
6122,6062
6126,6053
6115,6058
6117,6055
6120,6055
6120,6050
6119,6056
6116,6047
6116,6053
6116,6053
6116,6065
6121,6043
6116,6055
6120,6050
6122,6034
6113,6050
6104,6032
6118,6061
6117,6061
6117,6060
6123,6047
6123,6052
6120,6062
6124,6050
6123,6046
6112,6058
6115,6064
6131,6066
6119,6049
6118,6095
6124,6053
6124,6053
6119,6059
6116,6063
6120,6056
6116,6042
6114,6054
6117,6060
6123,6057
6115,6052
6123,6051
6117,6057
6119,6049
6117,6046
6118,6051
6116,6062
6118,6060
6112,6057
6114,6024
6115,6055
6114,6056
6113,6064
6123,6065
6115,6059
6115,6059
6118,6058
6130,6057
6120,6056
6116,6057
6117,6063
6120,6061
6118,6049
6113,6052
6110,6060
6118,6054
6115,6051
6111,6057
6119,6056
6117,6059
6116,6050
6121,6057
6114,6053
6121,6050
6127,6046
6119,6060
6122,6050
6122,6050
6108,6053
6119,6043
6115,6049
6115,6051
6117,6045
0,24
0,61680
0,0
6124,6049
5604,5578
5597,5584
5608,5587
5606,5568
5608,5574
5603,5577
5594,5586
5600,5571
5815,5752
6316,6290
6262,6296
6275,6276
6285,6291
6271,6277
6302,6297
6287,6302
6284,6271
6286,6278
6281,6287
6297,6301
6291,6316
6282,6301
6289,6307
6277,6300
6297,6325
6298,6325
6290,6311
6295,6305
6293,6305
6299,6321
6284,6321
6297,6294
6283,6287
6281,6299
6278,6303
6295,6298
6288,6299
6293,6318
6295,6311
6269,6303
6291,6286
6271,6302
6284,6298
6293,6316
6269,6305
6280,6303
6287,6295
6302,6318
6271,6312
6296,6304
6290,6302
6287,6301
6294,6303
6281,6311
6282,6310
6267,6312
6310,6287
6308,6314
6292,6318
6297,6317
6295,6320
6279,6322
6263,6305
6276,6312
6294,6305
6281,6308
6299,6296
6301,6305
6297,6307
6288,6304
6272,6296
6268,6283
6283,6315
6274,6317
6290,6318
6284,6290
6267,6305
6293,6303
6299,6318
6293,6300
6294,6309
6277,6292
6285,6315
6283,6320
6298,6330
6281,6323
6287,6293
6264,6309
6259,6307
6277,6317
6271,6316
6277,6308
6279,6322
6280,6324
6283,6301
6286,6333
6271,6318
6266,6311
6277,6279
6272,6295
6276,6307
6282,6297
6289,6296
6259,6316
6273,6311
6262,6313
6272,6303
6286,6308
6260,6340
6263,6309
6266,6327
6269,6294
6263,6306
6288,6321
6300,6307
6291,6296
6289,6320
6272,6306
6290,6300
6294,6317
6292,6325
6302,6330
6282,6339
6300,6339
6271,6321
6284,6311
6285,6322
6293,6306
6282,6323
6215,6256
6276,6337
6171,6205
6237,6271
6236,6289
6289,6286
6303,6363
6282,6301
6275,6317
6291,6322
6299,6299
6277,6303
6291,6315
6293,6320
6278,6316
6305,6310
6293,6335
6294,6337
6275,6327
6280,6320
6268,6332
6263,6353
6264,6312
6282,6336
6285,6340
6278,6335
6303,6344
6298,6342
6287,6318
6297,6343
6267,6332
6281,6326
6278,6313
6280,6341
6284,6319
6271,6327
6287,6345
6289,6324
6278,6331
6271,6350
6269,6327
6280,6316
6261,6319
6262,6330
6257,6338
6259,6316
6275,6322
6274,6333
6274,6343
6268,6342
6273,6331
6281,6317
6267,6322
6268,6331
6269,6328
6283,6333
6273,6324
6279,6332
6294,6325
6272,6321
6275,6336
6279,6335
6278,6342
6278,6368
6266,6350
6286,6335
6272,6353
6281,6361
6275,6345
6270,6355
6276,6347
6286,6363
6278,6364
6265,6358
6264,6331
6282,6350
6276,6328
6281,6333
6276,6331
6275,6334
6281,6336
6275,6344
6287,6347
6281,6342
6278,6331
6268,6348
6279,6371
6265,6347
6253,6356
6272,6334
6263,6348
6248,6325
6264,6358
6259,6363
6247,6369
6266,6354
6259,6369
6259,6347
6268,6348
6270,6355
6258,6337
6259,6327
6253,6359
6251,6365
6248,6356
6241,6340
6254,6339
6259,6364
6255,6336
6248,6330
6239,6336
6242,6335
6250,6378
6234,6345
6241,6377
6263,6371
6256,6386
6246,6370
6235,6352
6249,6368
6239,6373
6236,6387
6233,6348
6248,6359
6256,6356
6259,6360
6243,6353
6259,6364
6240,6353
6244,6349
6252,6347
6227,6353
6234,6364
6231,6357
6242,6356
6239,6334
6231,6348
6242,6340
6242,6341
6235,6332
6242,6329
6256,6332
6232,6345
6241,6354
6251,6371
6236,6336
6253,6344
6259,6351
6249,6390
6240,6369
6249,6346
6244,6366
6252,6390
6247,6378
6231,6371
6244,6361
6248,6351
6237,6365
6236,6380
6222,6374
6210,6392
6242,6396
6226,6415
6243,6366
6235,6350
6234,6378
6230,6375
6246,6377
6233,6382
6236,6354
6231,6352
6239,6387
6240,6384
6233,6382
6235,6356
6210,6368
6242,6364
6223,6383
6235,6362
6239,6356
6226,6351
6221,6356
6218,6348
6211,6366
6233,6368
6227,6392
6229,6418
6224,6435
6224,6417
6227,6393
6231,6403
6246,6382
6230,6391
6230,6392
6221,6396
6228,6395
6221,6391
6234,6404
6224,6389
6228,6392
6232,6385
6232,6377
6218,6372
6219,6385
6224,6376
6223,6381
6232,6394
6220,6377
6242,6365
6228,6398
6241,6383
6232,6400
6226,6381
6234,6376
6203,6391
6217,6377
6222,6369
6226,6373
6224,6379
6206,6353
6216,6373
6223,6379
6215,6360
6236,6372
6233,6373
6230,6371
6217,6353
6204,6363
6203,6360
6227,6365
6219,6385
6214,6416
6219,6397
6210,6401
6211,6362
6213,6379
6218,6383
6230,6378
6213,6400
6222,6385
6239,6380
6226,6370
6222,6368
6205,6352
6211,6371
6218,6368
6222,6360
6222,6374
6226,6404
6226,6392
6210,6396
6208,6397
6216,6391
6210,6391
6204,6402
6215,6410
6208,6385
6216,6401
6206,6398
6206,6383
6209,6387
6213,6385
6211,6375
6215,6386
6216,6387
6217,6392
6267,6359
6208,6363
6095,6215
6219,6364
6130,6378
6273,6456
6270,6424
6203,6410
6158,6343
6227,6471
6257,6394
6217,6388
6196,6359
6202,6373
6216,6376
6213,6395
6194,6374
6215,6374
6215,6370
6215,6387
6211,6372
6202,6363
6210,6343
6209,6339
6215,6354
6211,6340
6206,6359
6202,6350
6213,6343
6209,6366
6217,6382
6210,6380
6215,6372
6204,6392
6212,6374
6223,6360
6217,6367
6220,6376
6210,6386
6211,6387
6230,6406
6204,6398
6208,6409
6203,6414
6217,6409
6206,6398
6210,6403
6211,6368
6204,6395
6223,6416
6215,6387
6214,6404
6215,6407
6207,6405
6208,6394
6202,6382
6212,6389
6202,6389
6219,6375
6211,6380
6215,6355
6215,6374
6209,6387
6210,6373
6205,6391
6209,6382
6212,6377
6194,6398
6201,6394
6210,6363
6210,6363
6209,6356
6204,6364
6208,6363
6217,6376
6225,6374
6205,6380
6204,6364
6222,6363
6214,6386
6215,6409
6220,6431
6204,6390
6206,6394
6192,6387
6206,6377
6202,6379
6203,6384
6204,6356
6215,6369
6200,6367
6203,6367
6209,6353
6220,6386
6209,6352
6222,6377
6207,6392
6215,6392
6208,6443
6216,6345
6209,6385
6209,6382
6219,6356
6209,6368
6207,6346
6214,6327
6216,6339
6215,6369
6210,6350
6214,6388
6209,6372
6217,6360
6209,6358
6222,6356
6215,6359
6218,6358
6207,6367
6198,6368
6214,6393
6213,6403
6201,6419
6208,6388
6216,6368
6198,6338
6212,6350
6219,6326
6208,6353
6218,6377
6224,6377
6216,6372
6202,6366
6218,6396
6215,6378
6212,6376
6221,6375
6219,6382
6207,6371
6221,6368
6204,6360
6215,6354
6210,6364
6221,6364
6223,6362
6211,6377
6220,6353
6229,6342
6223,6369
6218,6328
6202,6356
6210,6347
6210,6360
6206,6356
6219,6354
6208,6361
6218,6337
6202,6359
6209,6349
6211,6350
6222,6364
6231,6361
6219,6354
6225,6362
6226,6350
6228,6347
6218,6357
6217,6356
6218,6335
6217,6346
6219,6349
6208,6361
6211,6335
6222,6372
6216,6330
6222,6321
6229,6335
6214,6347
6222,6360
6223,6340
6217,6348
6235,6343
6221,6346
6224,6326
6220,6327
6231,6340
6229,6328
6234,6351
6233,6347
6246,6328
6234,6352
6221,6336
6209,6323
6220,6339
6230,6349
6219,6301
6209,6353
6223,6332
6229,6330
6234,6331
6221,6362
6229,6355
6221,6374
6223,6359
6231,6376
6238,6351
6228,6349
6222,6348
6236,6350
6230,6355
6243,6358
6236,6376
6255,6364
6259,6365
6264,6356
6269,6361
6279,6356
6299,6365
6325,6352
6347,6340
6368,6352
6402,6359
6460,6348
6496,6368
6556,6374
6604,6366
6684,6362
6785,6396
6833,6400
6921,6371
6993,6399
7075,6395
7160,6384
7219,6386
7330,6578
7364,6388
7398,6354
7496,6379
7522,6371
7580,6349
7636,6361
7665,6354
7581,6344
7481,6354
7313,6364
7175,6381
7072,6352
6960,6351
6917,6351
6844,6346
6780,6335
6746,6344
6676,6338
6625,6365
6603,6381
6579,6362
6629,6363
6657,6372
6736,6366
6820,6389
6927,6402
6984,6403
7119,6433
7245,6422
7335,6426
7519,6454
7733,6477
7957,6466
8147,6476
8347,6487
8483,6480
8692,6514
8819,6549
9014,6580
9021,6503
8992,6455
9132,6543
8910,6534
8898,6563
8653,6611
8760,6673
8676,6764
8442,6850
8362,6944
8258,6989
8033,7068
7842,7156
7648,7214
7568,7300
7413,7393
7234,7434
7102,7545
7003,7606
6895,7658
6860,7709
6829,7657
6794,7657
6766,7627
6751,7681
6787,7660
6859,7581
6913,7489
7021,7437
7207,7344
7384,7293
7590,7193
7800,7072
7973,6992
8180,6943
8379,6882
8631,6831
8920,6736
9152,6667
9367,6653
9506,6654
9734,6664
9866,6712
10045,6766
10182,6867
10194,6930
10085,6976
10071,7050
9994,7170
9716,7328
9441,7396
9195,7455
9009,7661
8700,7732
8418,7864
8136,7984
7861,8062
7629,8130
7473,8233
7319,8300
7218,8341
7084,8334
7024,8348
6933,8365
6853,8366
6814,8397
6787,8388
6841,8290
6867,8227
6909,8058
6987,7975
7083,7883
7206,7758
7346,7598
7537,7489
7692,7360
7849,7234
8014,7162
8158,7023
8299,6888
8467,6804
8588,6742
8719,6724
8819,6700
8923,6718
8999,6768
8969,6879
9068,6993
9142,7121
9287,7289
9299,7443
9219,7593
9184,7710
9066,7844
8939,7943
8872,8066
8739,8197
8558,8272
8253,8331
8090,8361
7882,8417
7643,8414
7484,8402
7315,8419
7138,8374
7014,8325
6831,8264
6780,8194
6690,8137
6647,8072
6643,7993
6703,7914
6729,7661
6781,7497
6865,7379
6988,7296
7172,7228
7333,7110
7510,6993
7715,6934
7914,6885
8117,6809
8389,6753
8659,6735
8863,6696
9075,6676
9155,6678
9266,6641
9408,6723
9515,6774
9472,6884
9432,6946
9448,7097
9386,7249
9244,7365
9099,7522
8862,7713
8728,7866
8575,7991
8353,8224
8125,8362
7931,8547
7777,8684
7575,8775
7423,8906
7259,8857
7074,9014
7014,9004
6885,9069
6812,8971
6738,8935
6699,8841
6666,8698
6652,8590
6650,8469
6652,8357
6703,8231
6787,8080
6870,7863
6981,7758
7142,7557
7345,7316
7500,7184
7636,7024
7830,6884
7974,6762
8071,6700
8213,6634
8376,6571
8515,6566
8623,6569
8686,6620
8779,6679
8835,6720
8877,6815
8867,6909
8898,6995
8948,7099
8982,7273
8998,7420
8921,7621
8924,7717
8924,7795
8902,7854
8761,7980
8501,8068
8362,8140
8171,8234
7951,8338
7784,8397
7628,8413
7445,8445
7276,8485
7095,8538
6967,8499
6829,8479
6734,8373
6651,8227
6633,8190
6599,8048
6609,7929
6640,7788
6737,7727
6819,7574
6948,7423
7108,7227
7307,7181
7492,7025
7662,6911
7835,6869
7937,6750
8080,6707
8264,6728
8337,6646
8516,6648
8594,6614
8706,6595
8817,6622
8875,6637
8890,6641
8937,6723
8998,6827
8977,6939
8987,7098
8863,7252
8783,7385
8771,7558
8652,7753
8511,7875
8452,8063
8254,8235
8018,8390
7842,8493
7679,8513
7529,8666
7408,8802
7204,8901
7017,8808
6897,8764
6776,8573
6718,8576
6640,8505
6614,8315
6618,8187
6615,8132
6672,7917
6728,7741
6880,7586
6996,7480
7152,7291
7265,7150
7424,7004
7596,6854
7821,6776
7994,6665
8089,6606
8228,6513
8311,6523
8438,6505
8492,6489
8563,6493
8615,6535
8639,6566
8657,6642
8701,6731
8645,6810
8667,6945
8297,6782
8483,7144
8312,7223
8169,7427
8076,7543
8026,7710
7920,7784
7874,8010
7725,8099
7594,8170
7444,8316
7289,8399
7184,8444
7047,8510
6954,8473
6845,8527
6750,8446
6660,8419
6598,8348
6570,8285
6541,8143
6550,8043
6567,7876
6618,7746
6683,7581
6758,7398
6898,7256
6990,7122
7149,7016
7290,6863
7501,6782
7682,6689
7912,6616
8082,6568
8212,6553
8408,6546
8617,6543
8787,6544
8857,6540
9056,6587
9211,6632
9274,6670
9219,6737
9287,6801
9331,6887
9170,6941
9092,7057
8960,7163
8752,7281
8614,7341
8476,7441
8249,7523
8050,7627
7875,7730
7682,7819
7503,7871
7322,7899
7152,7916
7006,7922
6881,8012
6774,8014
6707,7958
6634,7928
6597,7916
6594,7834
6622,7778
6669,7706
6766,7628
6855,7523
6969,7388
7086,7276
7139,7147
7338,7045
7521,6937
7696,6785
7762,6704
7933,6600
8155,6537
8296,6463
8462,6448
8700,6449
8851,6441
8911,6483
9145,6557
9298,6649
9430,6742
9342,6849
9409,7014
9369,7147
9310,7255
9212,7420
9040,7536
8964,7678
8792,7825
8529,7965
8372,8103
8134,8274
7941,8382
7714,8421
7563,8478
7386,8447
7246,8420
7139,8429
7008,8406
6877,8302
6778,8296
6730,8244
6676,8189
6617,8027
6610,7955
6619,7862
6633,7713
6705,7641
6791,7514
6930,7431
6989,7310
7117,7121
7276,7052
7535,6964
7655,6831
7806,6758
8004,6715
8165,6661
8337,6630
8561,6598
8752,6595
8944,6637
9072,6655
9171,6679
9256,6758
9334,6812
9336,6944
9323,7080
9286,7211
9003,7342
8921,7449
8762,7578
8695,7730
8491,7743
8279,7816
8007,7828
7816,7916
7648,7956
7513,8039
7376,8045
7247,8160
7063,8211
6960,8266
6830,8274
6772,8192
6692,8160
6679,8106
6661,7939
6686,7848
6712,7775
6777,7754
6860,7631
6964,7496
7078,7437
7245,7323
7412,7204
7524,7080
7786,7017
8039,6878
8283,6753
8354,6656
8523,6594
8718,6566
8739,6484
8873,6486
9046,6504
9142,6518
9214,6625
9297,6709
9259,6780
9127,6870
9065,6975
8931,7098
8915,7220
8801,7393
8620,7502
8518,7631
8356,7733
8172,7891
8161,7969
8141,8099
7846,8157
7685,8394
7564,8416
7410,8472
7325,8552
7233,8639
6989,8542
6880,8538
6819,8539
6719,8468
6641,8349
6586,8252
6580,8158
6565,8016
6619,7850
6674,7697
6759,7552
6862,7422
6939,7313
7025,7180
7164,7021
7329,6892
7457,6810
7582,6733
7648,6638
7789,6576
7931,6566
7991,6542
7970,6573
8029,6606
8054,6630
8136,6726
8207,6777
8211,6822
8213,6914
8186,7039
8164,7126
8122,7193
8102,7265
8124,7362
8020,7483
7932,7519
7902,7729
7873,7855
7746,7938
7612,8087
7485,8124
7357,8208
7180,8201
7053,8296
6899,8334
6800,8312
6693,8282
6619,8306
6592,8250
6593,8072
6619,7924
6681,7828
6782,7746
6937,7520
7108,7431
7328,7315
7480,7175
7697,7026
7941,6925
8168,6858
8382,6729
8539,6624
8843,6605
8974,6535
9286,6513
9498,6490
9592,6456
9687,6442
9893,6465
9871,6526
9803,6591
9802,6663
9831,6727
9705,6691
9757,6915
9630,7063
9408,7294
9261,7365
9098,7561
8880,7767
8672,7912
8449,8104
8250,8200
8098,8299
7817,8337
7670,8520
7432,8566
7268,8550
7088,8511
6999,8489
6903,8446
6776,8478
6708,8325
6636,8222
6629,8040
6647,7873
6732,7691
6825,7599
6940,7445
7083,7321
7286,7179
7491,7008
7693,6916
7967,6838
8222,6701
8515,6622
8748,6537
9006,6515
9223,6486
9472,6496
9781,6536
9999,6568
10132,6642
10247,6731
10508,6817
10674,6901
11054,7033
11030,7182
11020,7335
11020,7493
10960,7674
10761,7928
10709,8021
10455,8104
10201,8279
9866,8390
9636,8523
9221,8572
8895,8685
8436,8660
8139,8690
7892,8791
7545,8797
7341,8797
7163,8799
7011,8723
6890,8634
6825,8512
6789,8360
6829,8259
6878,8182
6980,8076
7063,7897
7180,7710
7296,7563
7439,7415
7518,7308
7769,7222
7970,7111
8131,6977
8345,6850
8572,6742
8764,6651
8924,6584
9181,6564
9561,6559
9742,6571
9847,6652
9910,6705
10118,6833
10314,6981
10434,7121
10406,7329
10375,7596
10234,7825
10161,8096
10205,8364
10111,8612
9816,8843
9635,9082
9279,9245
9053,9306
8830,9387
8571,9445
8268,9401
8019,9531
7739,9465
7538,9443
7307,9321
7167,9180
7016,8983
6920,8972
6880,8995
6845,8794
6883,8592
7019,8412
7143,8126
7376,8023
7641,7894
7910,7775
8213,7626
8460,7371
8818,7162
9207,7032
9669,6916
10025,6781
10396,6687
10652,6621
10855,6579
11176,6549
11384,6599
11590,6608
11537,6684
11575,6772
11342,6901
11490,7053
11409,7267
11323,7452
11078,7741
10863,7980
10800,8193
10684,8445
10462,8568
10114,8846
9743,9052
9517,9334
9176,9458
8945,9685
8753,9770
8354,9840
8190,9985
7975,9994
7788,9980
7641,9908
7494,9967
7355,9900
7238,9673
7119,9489
7160,9370
7173,9077
7255,8745
7356,8419
7512,8267
7716,7924
7890,7670
8168,7452
8422,7230
8690,7041
8889,6992
9020,6874
9214,6808
9402,6767
9560,6807
9701,6878
9753,6949
9691,7045
9640,7171
9556,7341
9561,7464
9724,7656
9633,7854
9663,8124
9607,8332
9690,8647
9496,8898
9443,9043
9340,9240
9340,9418
9139,9782
8951,10105
8686,10442
8520,10462
8206,10707
7959,10684
7750,10813
7458,10837
7272,10847
7071,10695
6941,10510
6850,10336
6737,10138
6716,9954
6736,9720
6777,9486
6880,9210
7048,8792
7162,8536
7313,8178
7520,7905
7595,7678
7692,7540
7709,7337
7754,7263
7770,7127
7921,7105
7753,7031
7930,6942
8307,6922
8167,6908
7585,6954
7066,6989
6669,7032
6404,7106
6278,7169
6217,7291
6192,7451
6176,7595
6160,7802
6151,8079
6155,8248
6134,8417
6128,8676
6135,8937
6140,9163
6141,9419
6144,9611
6123,9785
6135,9843
6128,9795
6118,9859
6124,9842
6124,9700
6128,9466
6122,9278
6113,8986
6123,8673
6127,8505
6126,8234
6123,7908
6106,7753
6122,7586
6135,7406
6114,7254
6112,7128
6119,7034
6111,6936
6119,6864
6108,6772
6128,6711
6109,6629
6121,6634
6114,6618
6110,6649
6114,6702
6120,6731
6119,6777
6106,6813
6117,6865
6103,6907
6117,7010
6107,7031
6108,7111
6272,7857
6202,7064
6170,6834
6158,6542
6149,6369
6167,6276
6128,6182
6109,6132
6102,6135
6124,6120
6116,6125
6101,6104
6104,6103
6107,6098
6108,6101
6108,6118
6108,6109
6090,6120
6105,6128
6102,6115
6103,6073
6108,6060
6116,6065
6115,6070
6100,6051
6102,6080
6115,6057
6106,6060
6108,6063
6108,6069
6112,6058
6110,6058
6108,6054
6115,6064
6108,6068
6106,6061
6107,6061
6117,6053
6113,6064
6101,6065
6107,6065
6115,6044
6099,6067
6110,6057
6104,6061
6102,6050
6105,6058
6112,6058
6109,6060
6108,6060
6120,6057
6110,6054
6111,6064
6109,6058
6098,6056
6113,6061
6119,6049
6119,6042
6107,6036
6112,6042
6114,6048
6123,6056
6115,6055
6109,6048
6116,6051
6116,6048
6117,6054
6112,6053
6123,6058
6111,6059
6116,6051
6107,6043
6117,6058
6119,6047
6117,6053
6108,6047
6107,6054
6112,6047
6119,6048
6114,6053
6112,6053
6108,6031
6116,6040
6109,6056
6117,6045
6117,6052
6112,6042
6107,6050
6109,6059
6122,6045
6116,6043
6122,6047
6112,6050
6119,6048
6112,6058
6116,6032
6115,6058
6109,6041
6107,6054
6114,6038
6122,6052
6109,6038
6116,6056
6116,6047
6113,6044
6115,6036
6108,6042
6106,6049
6110,6048
6121,6054
6113,6051
6106,6047
6110,6047
6103,6042
6117,6049
6109,6032
6112,6046
6104,6027
6112,6060
6111,6042
6108,6039
6107,6037
6101,6055
6101,6052
6107,6055
6113,6055
6108,6052
6105,6053
6089,6050
6101,6047
6110,6053
6112,6043
6111,6060
6112,6051
6104,6054
6104,6035
6112,6053
6111,6050
6115,6051
6105,6055
6110,6061
6101,6036
6097,6058
6108,6046
6109,6048
6117,6053
6114,6047
6109,6037
6104,6062
6105,6046
6116,6052
6111,6044
6110,6044
6115,6048
6091,6058
6106,6054
6102,6056
6107,6053
6112,6054
6099,6057
6098,6059
6109,6049
6108,6050
6102,6055
6106,6050
6111,6046
6104,6050
6097,6054
6099,6053
6102,6053
6104,6059
6108,6049
6106,6047
6106,6039
6110,6055
6099,6055
6110,6050
6114,6051
6115,6047
6108,6048
6111,6036
6104,6049
6108,6041
6104,6043
6119,6048
6102,6039
6105,6057
6109,6043
6102,6050
6111,6052
6096,6045
6101,6060
6098,6050
6101,6024
6095,6059
6105,6049
6105,6060
6112,6034
6109,6051
6108,6049
6112,6054
6104,6035
6107,6039
6112,6047
6109,6044
6104,6053
6102,6034
6097,6051
6113,6046
6109,6049
6099,6046
6095,6051
6096,6050
6103,6048
6107,6052
6096,6052
6106,6052
6099,6055
6105,6051
6095,6041
6099,6052
6112,6049
6104,6047
6107,6049
6102,6046
6100,6051
6106,6054
6106,6049
6106,6054
6097,6054
6119,6048
6097,6053
6098,6040
6106,6051
6099,6060
6102,6049
6103,6045
6094,6041
6105,6038
6105,6054
6098,6053
6103,6043
6105,6051
6117,6053
6095,6055
6102,6042
6106,6052
6103,6050
6102,6049
6115,6053
6107,6042
6110,6039
6114,6055
6106,6060
6112,6039
6108,6049
6104,6042
6093,6053
6098,6047
6110,6053
6109,6050
6116,6045
6108,6059
6105,6046
6117,6055
6105,6048
6108,6049
6074,6038
6141,6032
6117,6056
6140,6084
6037,5985
6112,6050
6115,6043
6122,6063
6096,6046
6105,6050
6110,6054
6120,6060
6108,6037
6111,6061
6108,6049
6112,6063
6114,6055
6114,6050
6118,6048
6108,6047
6111,6049
6121,6051
6102,6051
6116,6055
6108,6061
6109,6048
6111,6046
6111,6046
6107,6046
6114,6048
6105,6058
6117,6046
6104,6061
6107,6059
6120,6054
6102,6058
6112,6048
6119,6050
6114,6051
6109,6058
6110,6062
6110,6056
6105,6054
6105,6047
6099,6047
6108,6054
6116,6057
6104,6057
6101,6054
6112,6040
6114,6044
6108,6054
6105,6058
6104,6053
6110,6038
6112,6047
6105,6055
6105,6052
6113,6047
6109,6050
6107,6053
6102,6061
6104,6051
6101,6053
6105,6043
6108,6046
6107,6048
6112,6051
6116,6049
6099,6045
6111,6057
6116,6054
6102,6047
6103,6048
6102,6053
6112,6050
6101,6061
6104,6036
6125,6047
6104,6050
6103,6043
6102,6045
6107,6052
6100,6048
6111,6047
6109,6049
6123,6047
6110,6031
6113,6045
6114,6053
6116,6048
6117,6051
6096,6053
6111,6049
6105,6047
6114,6037
6112,6058
6123,6056
6110,6052
6111,6057
6117,6050
6108,6055
6122,6063
6106,6060
6111,6022
6120,6044
6117,6046
6118,6055
6119,6043
6118,6059
6120,6046
6116,6057
6116,6048
6120,6045
6119,6048
6120,6050
6121,6061
6118,6050
6114,6049
6110,6085
6112,6040
6116,6049
6115,6031
6122,6066
6118,6062
6118,6047
6107,6045
6117,6053
6117,6044
6116,6055
6108,6056
6101,6047
6116,6056
6116,6044
6118,6057
6114,6045
6116,6044
6105,6050
6101,6056
6113,6054
6119,6038
6110,6055
6114,6054
6117,6061
6107,6032
6118,6050
6120,6055
6105,6042
6112,6058
6112,6043
6105,6055
6118,6058
6102,6049
6106,6057
6115,6051
6112,6063
6122,6049
6113,6054
6114,6032
6115,6051
6102,6038
6112,6051
6112,6058
6112,6058
6111,6048
6112,6045
6121,6042
6114,6056
6109,6060
6121,6060
6106,6050
6117,6045
6121,6052
6108,6042
6113,6047
6129,6052
6110,6047
6112,6057
6118,6054
6111,6057
6112,6056
6111,6057
6110,6057
6119,6046
6121,6050
6116,6055
6103,6051
6107,6043
6114,6064
6114,6059
6109,6055
6110,6045
6114,6060
6112,6058
6106,6041
6117,6034
6121,6044
6120,6048
6122,6053
6114,6041
6118,6058
6122,6052
6122,6063
6121,6047
6101,6031
6117,6060
6123,6064
6112,6059
6112,6051
6110,6057
6120,6060
6122,6049
6114,6042
6124,6049
6121,6056
6127,6053
6121,6047
6114,6058
6120,6049
6119,6069
6120,6047
6122,6058
6118,6068
6123,6058
6123,6063
6125,6054
6115,6056
6113,6050
6122,6050
6126,6050
6123,6058
6120,6063
6120,6063
6120,6060
6114,6049
6122,6058
6126,6051
6123,6051
6126,6058
6112,6058
6118,6056
6117,6056
6124,6056
6116,6052
6121,6058
6124,6051
6118,6060
6123,6058
6120,6056
6123,6055
6113,6060
6118,6058
6116,6061
6127,6049
6127,6049
6121,6052
6121,6059
6126,6060
6120,6050
6121,6049
6121,6049
6111,6056
6126,6050
6124,6050
6122,6038
6118,6053
6126,6057
6127,6051
6120,6064
6120,6047
6126,6063
6123,6052
6118,6055
6121,6046
6127,6057
6115,6058
6115,6058
6117,6059
6130,6057
6123,6050
6117,6063
6117,6067
6115,6057
6121,6042
6123,6058
6119,6054
6126,6044
6115,6057
6128,6055
6120,6058
6120,6051
6119,6057
6116,6063
6112,6061
6117,6062
6114,6060
6114,6062
6117,6065
6117,6065
6120,6052
6122,6047
6117,6047
6121,6054
6113,6059
6117,6046
6129,6044
6120,6050
6115,6055
6117,6054
6118,6046
6118,6061
6112,6048
0,27
0,61680
0,0
6124,6053
5604,5582
5602,5582
5613,5578
5603,5580
5603,5584
5602,5565
5609,5574
5597,5569
5824,5758
6317,6300
6266,6283
6274,6267
6278,6287
6288,6286
6290,6297
6297,6304
6277,6290
6295,6277
6287,6291
6296,6304
6295,6304
6290,6305
6290,6304
6291,6297
6283,6318
6296,6329
6295,6305
6285,6299
6278,6315
6292,6311
6294,6321
6300,6289
6278,6288
6267,6287
6283,6294
6298,6299
6291,6296
6292,6323
6280,6316
6271,6277
6271,6299
6274,6302
6281,6307
6289,6325
6280,6299
6279,6307
6281,6310
6293,6319
6281,6307
6287,6292
6286,6292
6309,6304
6295,6312
6281,6320
6260,6309
6294,6289
6291,6301
6311,6305
6276,6312
6295,6323
6290,6333
6282,6331
6269,6304
6274,6294
6290,6295
6297,6287
6293,6305
6309,6316
6308,6313
6291,6289
6276,6286
6268,6311
6279,6299
6273,6315
6278,6307
6279,6295
6276,6304
6280,6295
6301,6298
6288,6296
6285,6303
6268,6302
6286,6316
6280,6337
6278,6316
6297,6317
6300,6288
6268,6319
6256,6299
6269,6301
6276,6292
6289,6288
6285,6289
6273,6321
6296,6331
6292,6316
6272,6316
6258,6306
6272,6320
6264,6291
6279,6287
6674,6688
6273,6290
6367,6123
6456,6322
6185,6271
6193,6304
6307,6324
6273,6356
6248,6261
6284,6282
6274,6297
6285,6327
6276,6296
6302,6295
6303,6277
6284,6303
6285,6309
6286,6310
6292,6313
6294,6306
6299,6311
6288,6327
6301,6322
6299,6321
6278,6315
6295,6321
6304,6305
6284,6302
6280,6332
6263,6329
6285,6322
6279,6304
6268,6292
6266,6296
6284,6298
6288,6300
6271,6330
6276,6300
6284,6307
6284,6310
6288,6301
6289,6320
6288,6323
6289,6331
6282,6334
6289,6325
6275,6322
6285,6311
6289,6329
6271,6323
6263,6317
6285,6309
6304,6319
6272,6341
6301,6342
6283,6344
6305,6340
6307,6330
6278,6336
6285,6330
6272,6338
6276,6348
6275,6355
6270,6336
6294,6312
6287,6329
6287,6322
6272,6336
6273,6332
6272,6339
6275,6325
6265,6326
6276,6329
6275,6329
6276,6315
6285,6325
6276,6329
6273,6321
6282,6314
6284,6314
6275,6312
6272,6308
6273,6297
6290,6321
6279,6328
6288,6342
6287,6322
6277,6342
6273,6359
6274,6343
6270,6346
6268,6342
6259,6360
6275,6335
6283,6342
6274,6353
6272,6343
6284,6352
6272,6340
6288,6337
6265,6349
6264,6346
6268,6329
6277,6327
6279,6315
6278,6307
6274,6321
6278,6318
6276,6326
6268,6322
6263,6331
6282,6349
6285,6356
6279,6355
6267,6352
6269,6347
6274,6352
6277,6334
6260,6342
6256,6342
6257,6357
6250,6352
6257,6377
6264,6384
6267,6369
6264,6320
6273,6327
6254,6350
6260,6343
6249,6352
6248,6349
6249,6364
6247,6351
6252,6369
6255,6342
6249,6321
6251,6329
6251,6323
6237,6342
6246,6371
6241,6370
6240,6375
6245,6349
6249,6371
6255,6371
6262,6344
6248,6325
6259,6358
6255,6391
6240,6382
6231,6358
6249,6362
6258,6373
6258,6356
6252,6362
6251,6355
6244,6353
6245,6340
6271,6370
6239,6343
6243,6363
6225,6376
6235,6339
6227,6336
6225,6339
6238,6364
6231,6344
6248,6337
6245,6344
6242,6346
6231,6351
6231,6345
6245,6356
6252,6349
6245,6356
6244,6372
6244,6390
6241,6369
6236,6375
6258,6370
6252,6380
6240,6355
6235,6358
6249,6378
6234,6360
6225,6346
6232,6383
6226,6362
6222,6384
6233,6404
6222,6409
6228,6370
6225,6360
6224,6379
6230,6379
6243,6372
6241,6399
6226,6367
6223,6370
6224,6358
6251,6383
6236,6381
6232,6368
6230,6370
6229,6361
6236,6362
6233,6370
6256,6351
6225,6351
6218,6337
6217,6349
6218,6351
6227,6378
6235,6384
6236,6398
6217,6405
6226,6398
6226,6411
6223,6397
6233,6404
6237,6387
6221,6386
6220,6421
6224,6386
6226,6378
6229,6404
6224,6395
6228,6393
6226,6379
6246,6379
6219,6360
6225,6384
6221,6370
6217,6367
6238,6362
6227,6342
6233,6367
6230,6385
6234,6370
6234,6392
6222,6378
6218,6377
6215,6360
6228,6376
6218,6370
6220,6375
6209,6369
6208,6364
6218,6361
6221,6374
6215,6380
6225,6386
6235,6350
6219,6387
6220,6365
6223,6353
6220,6374
6220,6374
6219,6375
6219,6408
6215,6409
6223,6407
6207,6388
6208,6378
6220,6395
6222,6402
6221,6394
6219,6372
6219,6348
6148,6308
6173,6325
6259,6457
6290,6452
6180,6324
6231,6386
6214,6364
6222,6384
6218,6400
6213,6392
6197,6384
6202,6392
6210,6396
6219,6401
6211,6377
6203,6369
6209,6395
6207,6383
6208,6365
6211,6392
6202,6391
6220,6364
6215,6362
6222,6386
6209,6385
6215,6383
6219,6382
6214,6374
6210,6358
6209,6381
6206,6399
6192,6383
6201,6394
6206,6418
6216,6391
6217,6394
6216,6383
6214,6382
6204,6364
6218,6378
6204,6381
6204,6377
6219,6359
6217,6370
6221,6372
6211,6360
6202,6358
6209,6349
6210,6350
6211,6350
6211,6348
6205,6359
6217,6345
6211,6357
6219,6374
6221,6395
6220,6362
6213,6377
6205,6394
6203,6356
6213,6359
6214,6372
6214,6378
6209,6379
6199,6379
6225,6376
6217,6400
6208,6400
6203,6414
6203,6407
6212,6385
6219,6394
6200,6364
6211,6372
6210,6393
6202,6404
6213,6396
6199,6414
6205,6417
6203,6387
6206,6393
6220,6392
6201,6400
6213,6366
6214,6377
6210,6355
6212,6369
6217,6381
6207,6355
6201,6405
6213,6370
6211,6381
6211,6393
6198,6370
6206,6355
6211,6355
6211,6348
6210,6356
6217,6353
6215,6377
6208,6355
6190,6346
6206,6374
6216,6375
6211,6394
6215,6412
6201,6427
6210,6407
6203,6392
6193,6400
6206,6374
6199,6391
6198,6402
6208,6351
6205,6355
6211,6348
6207,6356
6212,6361
6222,6378
6215,6375
6222,6392
6206,6360
6225,6382
6199,6381
6209,6378
6197,6375
6222,6377
6216,6356
6206,6361
6207,6330
6213,6339
6214,6374
6211,6349
6221,6350
6212,6380
6213,6353
6215,6371
6210,6355
6213,6369
6212,6361
6215,6358
6206,6361
6201,6356
6199,6381
6219,6408
6211,6408
6212,6400
6206,6396
6208,6346
6219,6336
6224,6350
6221,6346
6220,6371
6218,6347
6214,6378
6203,6373
6214,6391
6214,6386
6215,6403
6213,6380
6204,6374
6208,6371
6216,6370
6211,6361
6224,6353
6203,6364
6216,6347
6210,6372
6217,6371
6215,6347
6223,6330
6228,6335
6216,6346
6210,6336
6221,6346
6211,6350
6215,6338
6208,6354
6212,6348
6209,6344
6206,6347
6209,6354
6213,6356
6228,6337
6236,6368
6216,6354
6221,6345
6225,6338
6231,6355
6223,6344
6216,6339
6219,6342
6217,6349
6220,6348
6217,6358
6217,6344
6225,6358
6221,6360
6203,6345
6230,6359
6219,6362
6227,6371
6226,6332
6211,6345
6230,6344
6229,6328
6225,6336
6223,6323
6226,6328
6239,6347
6239,6341
6241,6322
6234,6328
6226,6340
6226,6329
6216,6315
6220,6342
6220,6332
6237,6325
6218,6350
6229,6332
6227,6339
6231,6342
6230,6358
6235,6351
6230,6357
6227,6376
6228,6392
6251,6371
6239,6354
6235,6349
6234,6360
6243,6330
6242,6362
6229,6370
6250,6354
6258,6365
6272,6355
6289,6346
6290,6356
6300,6351
6328,6340
6362,6337
6383,6346
6402,6374
6441,6351
6493,6363
6530,6396
6616,6387
6695,6379
6778,6411
6843,6412
6932,6393
6999,6394
7078,6413
7144,6347
7201,6376
7288,6387
7358,6392
7380,6365
7482,6369
7532,6373
7611,6355
7633,6356
7672,6362
7591,6359
7502,6358
7362,6362
7235,6377
7090,6323
6978,6374
6946,6363
6817,6332
6833,6363
6705,6349
6686,6338
6621,6365
6615,6383
6603,6378
6623,6371
6691,6400
6753,6367
6852,6368
6918,6394
7001,6432
7115,6433
7260,6449
7365,6440
7548,6452
7759,6460
7984,6454
8225,6461
8381,6477
8488,6510
8702,6478
8890,6488
9049,6511
9095,6481
8996,6482
9066,6497
9012,6521
8933,6536
8897,6612
8866,6667
8800,6752
8600,6844
8478,6919
8333,7005
8199,7080
7902,7119
7747,7227
7588,7324
7452,7381
7301,7472
7113,7595
7023,7659
6903,7725
6847,7746
6835,7690
6783,7640
6779,7693
6763,7693
6757,7674
6842,7585
6911,7545
7026,7457
7182,7396
7387,7367
7577,7257
7813,7203
7983,7078
8154,6959
8303,6907
8584,6866
8826,6773
9110,6680
9324,6643
9517,6647
9692,6682
9833,6702
10020,6775
10216,6846
10215,6907
10073,7010
10046,7076
9968,7166
9772,7345
9431,7417
9223,7516
9042,7704
8733,7816
8441,7912
8146,7994
7871,8119
7697,8183
7507,8218
7341,8304
7249,8380
7101,8349
7021,8345
6928,8309
6871,8364
6847,8379
6781,8369
6839,8264
6871,8191
6918,8074
7000,7919
7069,7883
7249,7753
7351,7597
7581,7459
7745,7335
7886,7234
8056,7126
8200,6990
8290,6889
8453,6813
8640,6729
8737,6704
8801,6696
8932,6717
8972,6778
9040,6862
9133,6974
9213,7128
9417,7278
9393,7478
9337,7641
9248,7723
9138,7887
9013,8003
8885,8117
8795,8230
8618,8314
8299,8359
8109,8429
7912,8420
7682,8431
7530,8435
7333,8514
7152,8398
7020,8308
6841,8260
6761,8301
6706,8166
6648,8110
6639,8030
6683,7923
6723,7697
6801,7537
6892,7471
6993,7351
7150,7275
7365,7122
7537,7054
7734,6968
7951,6896
8158,6855
8357,6811
8641,6764
8826,6718
9069,6694
9168,6668
9216,6666
9351,6737
9430,6775
9377,6881
9322,6960
9368,7094
9337,7266
9193,7374
9021,7567
8842,7740
8673,7965
8503,8111
8296,8280
8095,8450
7898,8564
7754,8706
7550,8829
7395,8903
7289,8986
7076,9048
7018,9035
6887,9061
6831,9000
6772,8951
6719,8901
6651,8752
6664,8602
6670,8499
6694,8408
6731,8303
6814,8056
6933,7885
7055,7713
7213,7542
7380,7303
7500,7178
7603,7038
7795,6919
7981,6788
8111,6694
8193,6619
8330,6602
8536,6599
8605,6579
8741,6603
8833,6672
8862,6699
8946,6815
8924,6893
8958,7022
8995,7102
9020,7276
9094,7445
9028,7598
8946,7712
8986,7783
8942,7894
8778,7957
8601,8112
8467,8191
8274,8271
8058,8329
7847,8407
7641,8451
7492,8516
7318,8564
7123,8544
6965,8556
6843,8590
6729,8424
6660,8240
6598,8176
6612,8062
6603,7937
6700,7887
6738,7743
6853,7588
6950,7410
7134,7303
7333,7185
7529,7082
7727,6984
7885,6878
7961,6784
8090,6736
8246,6718
8373,6661
8525,6640
8607,6640
8737,6607
8856,6642
8931,6686
8957,6671
9016,6776
8979,6845
9059,7004
9080,7141
8978,7329
8870,7460
8778,7597
8705,7817
8602,8048
8505,8204
8256,8389
8033,8419
7851,8559
7672,8700
7568,8769
7439,8980
7231,9073
7041,8966
6939,8883
6649,8522
6806,8632
6684,8552
6624,8396
6620,8258
6630,8117
6686,7925
6750,7750
6910,7639
7005,7475
7133,7287
7289,7186
7433,7006
7597,6866
7798,6747
7974,6692
8099,6602
8184,6543
8344,6514
8424,6482
8428,6494
8484,6523
8597,6520
8588,6569
8593,6647
8640,6704
8593,6767
8591,6868
8472,7034
8418,7124
8351,7257
8190,7460
8090,7593
8040,7738
7959,7780
7838,7996
7693,8151
7570,8234
7408,8334
7309,8379
7201,8489
7025,8506
6953,8524
6885,8551
6771,8521
6673,8490
6603,8375
6562,8313
6531,8211
6542,8040
6554,7869
6599,7714
6697,7583
6785,7418
6895,7254
7003,7102
7182,6970
7318,6850
7497,6748
7713,6662
7902,6612
8077,6583
8255,6553
8353,6512
8661,6509
8823,6530
8913,6558
9126,6599
9271,6616
9309,6675
9363,6738
9347,6794
9349,6885
9230,6936
9146,7031
8982,7164
8845,7250
8655,7316
8531,7438
8339,7484
8147,7620
7910,7725
7715,7792
7520,7890
7353,7877
7189,7937
7057,7951
6914,8017
6799,8040
6697,7998
6650,7918
6612,7893
6605,7903
6643,7809
6708,7695
6761,7647
6865,7538
6946,7379
7072,7288
7198,7215
7395,7074
7518,6902
7707,6789
7829,6679
7950,6607
8185,6541
8351,6458
8573,6456
8819,6434
8987,6451
9057,6492
9209,6573
9461,6653
9440,6753
9501,6866
9586,7045
9529,7178
9426,7257
9197,7409
9249,7606
9074,7735
8855,7832
8569,8022
8417,8147
8227,8327
7961,8390
7800,8527
7671,8532
7524,8532
7332,8533
7196,8516
7042,8511
6908,8361
6804,8302
6740,8318
6702,8241
6635,8128
6623,7998
6608,7872
6636,7736
6680,7656
6775,7590
6920,7448
7033,7352
7168,7204
7263,7119
7527,7021
7714,6892
7951,6788
8118,6740
8287,6696
8452,6635
8636,6603
8811,6619
9000,6643
9138,6645
9169,6722
9262,6738
9327,6826
9369,6942
9360,7075
9332,7254
9158,7347
9027,7538
8843,7631
8725,7690
8572,7780
8320,7897
8097,7897
7866,7952
7692,7978
7556,8051
7440,8161
7272,8143
7079,8223
6929,8251
6844,8308
6777,8260
6706,8233
6691,8141
6666,8029
6692,7894
6742,7912
6812,7818
6864,7732
7011,7582
7103,7477
7258,7336
7434,7238
7598,7121
7826,7048
8096,6932
8315,6775
8464,6665
8575,6604
8757,6564
8836,6546
8923,6500
9065,6509
9203,6552
9255,6627
9288,6715
9274,6798
9153,6915
9073,7042
8960,7121
8909,7285
8802,7436
8619,7536
8530,7647
8380,7805
8233,7931
8183,8059
8147,8151
7823,8280
7763,8420
7613,8495
7465,8546
7355,8590
7182,8698
7039,8642
6907,8644
6847,8571
6756,8599
6667,8431
6609,8259
6593,8233
6604,8088
6610,7902
6693,7708
6773,7583
6882,7462
6949,7343
7080,7182
7209,7033
7332,6908
7471,6812
7593,6716
7671,6628
7839,6585
7917,6545
7994,6537
8087,6570
8050,6588
8117,6648
8152,6738
8188,6806
8220,6836
8203,6920
8156,7043
8152,7117
8146,7227
8124,7285
8091,7393
8010,7483
7955,7522
7914,7761
7883,7874
7758,7932
7638,8091
7516,8178
7380,8288
7208,8321
7079,8389
6926,8443
6812,8369
6711,8373
6635,8302
6835,8231
6712,8246
6680,8063
6665,7863
6952,7973
7080,7679
7206,7531
7358,7343
7511,7218
7772,7046
7967,6953
8214,6860
8407,6749
8679,6645
8874,6570
9117,6549
9380,6525
9581,6447
9722,6477
9967,6459
9996,6512
10038,6520
9987,6609
10012,6666
9908,6734
9928,6824
9828,6949
9606,7072
9536,7201
9390,7400
9160,7536
8976,7744
8724,7911
8509,8122
8349,8245
8071,8372
7861,8417
7621,8526
7441,8546
7280,8591
7101,8641
7007,8529
6890,8489
6779,8462
6729,8385
6620,8216
6635,8113
6647,7902
6728,7734
6845,7611
6966,7487
7132,7332
7359,7222
7512,7014
7696,6906
7979,6833
8240,6726
8489,6638
8714,6552
9013,6514
9241,6497
9538,6486
9868,6521
10035,6587
10111,6646
10342,6755
10523,6822
10753,6931
11108,7042
11146,7197
11186,7385
11166,7560
10958,7710
10715,7909
10760,8024
10634,8153
10385,8323
9925,8413
9589,8515
9221,8558
8861,8665
8470,8636
8150,8733
7897,8773
7574,8848
7281,8838
7162,8834
6984,8769
6893,8641
6830,8539
6817,8410
6830,8356
6875,8255
6969,8071
7063,7882
7181,7750
7269,7586
7446,7437
7569,7282
7777,7235
7979,7124
8121,6991
8341,6879
8566,6753
8772,6655
8890,6587
9201,6571
9506,6545
9702,6557
9823,6632
9950,6720
10118,6832
10344,6998
10434,7143
10443,7342
10420,7611
10368,7877
10151,8091
10151,8372
10135,8659
9860,8862
9536,9007
9265,9212
9117,9378
8863,9398
8594,9442
8311,9393
8026,9473
7762,9455
7552,9486
7316,9285
7177,9211
7008,8994
6945,8964
6880,8964
6852,8791
6895,8613
7011,8391
7113,8203
7367,8055
7639,7926
7896,7790
8160,7643
8483,7441
8885,7212
9276,7086
9685,6932
10034,6807
10487,6687
10818,6644
11012,6585
11329,6557
11541,6584
11600,6613
11663,6665
11451,6759
11407,6880
11432,7069
11437,7255
11298,7480
11105,7745
10910,7985
10891,8238
10741,8472
10469,8607
10182,8830
9804,9147
9535,9326
9169,9445
8982,9696
8786,9921
8447,9956
8214,10152
7974,10116
7845,10095
7708,9978
7537,10017
7372,9901
7281,9781
7165,9576
7137,9392
7178,9076
7270,8758
7362,8459
7559,8270
7745,8024
7896,7750
8198,7501
8497,7233
8754,7103
8922,6993
9099,6870
9341,6835
9432,6779
9606,6839
9714,6906
9761,6978
9696,7039
9697,7189
9641,7350
9595,7498
9769,7648
9709,7852
9808,8110
9829,8431
9797,8656
9665,8937
9581,9084
9485,9210
9399,9430
9238,9910
9014,10213
8724,10498
8606,10596
8260,10821
7996,10766
7809,10941
7516,10967
7250,10910
7120,10840
6962,10598
6807,10356
6784,10265
6722,10067
6762,9787
6785,9612
6899,9299
7051,8867
7151,8544
7310,8251
7463,7943
7598,7728
7669,7571
7778,7405
7767,7287
7831,7184
7953,7123
7770,7055
7961,6988
8299,6904
8195,6910
7646,6950
7058,6991
6682,7026
6412,7105
6265,7189
6227,7329
6179,7464
6168,7595
6159,7809
6155,8071
6138,8250
6134,8456
6139,8702
6130,9058
6147,9289
6131,9543
6134,9689
6144,9823
6126,9858
6126,9841
6117,9881
6131,9999
6123,9785
6121,9493
6113,9288
6024,8941
6152,8835
6039,8477
6157,8277
6083,7911
6118,7721
6098,7580
6140,7441
6114,7238
6120,7112
6111,7059
6112,6934
6107,6864
6109,6777
6122,6703
6107,6654
6119,6638
6111,6638
6103,6619
6108,6713
6117,6750
6114,6853
6110,6826
6120,6843
6115,6939
6111,6990
6104,7016
6111,7113
6108,7187
6111,7024
6112,6778
6114,6515
6108,6339
6108,6241
6098,6171
6106,6145
6113,6139
6103,6127
6113,6131
6107,6103
6103,6117
6111,6113
6106,6105
6105,6109
6104,6106
6102,6123
6114,6112
6105,6103
6105,6080
6110,6071
6105,6075
6123,6064
6099,6055
6104,6073
6110,6064
6100,6074
6095,6070
6110,6057
6112,6052
6104,6061
6107,6059
6110,6056
6106,6054
6094,6045
6108,6057
6108,6059
6107,6065
6106,6049
6101,6062
6113,6056
6108,6062
6106,6056
6099,6053
6105,6056
6103,6053
6103,6055
6107,6049
6103,6057
6114,6044
6112,6061
6109,6062
6106,6052
6110,6056
6114,6051
6110,6064
6108,6054
6112,6056
6110,6052
6118,6057
6113,6061
6115,6073
6106,6029
6121,6051
6112,6053
6113,6054
6111,6049
6120,6061
6120,6046
6126,6057
6100,6041
6113,6050
6106,6050
6110,6049
6118,6060
6108,6047
6105,6050
6114,6054
6112,6048
6115,6046
6106,6050
6119,6056
6109,6058
6112,6055
6111,6055
6113,6049
6107,6060
6107,6046
6099,6049
6111,6043
6118,6073
6111,6049
6117,6053
6115,6058
6109,6049
6115,6047
6101,6053
6116,6049
6118,6040
6115,6058
6110,6046
6113,6050
6108,6056
6110,6054
6111,6049
6106,6051
6103,6055
6111,6035
6104,6058
6110,6051
6106,6051
6107,6061
6106,6054
6110,6053
6100,6037
6109,6053
6110,6048
6117,6054
6105,6051
6112,6036
6107,6059
6103,6055
6095,6064
6105,6052
6108,6055
6111,6042
6104,6057
6099,6048
6106,6051
6112,6041
6103,6058
6106,6047
6099,6054
6101,6060
6115,6070
6114,6052
6101,6049
6108,6046
6103,6041
6112,6056
6107,6046
6099,6051
6109,6063
6105,6052
6107,6056
6107,6045
6128,6045
6103,6062
6089,6034
6105,6060
6121,6060
6109,6050
6105,6056
6104,6042
6104,6050
6106,6050
6095,6061
6115,6045
6094,6047
6102,6049
6111,6032
6107,6044
6107,6035
6102,6061
6106,6051
6100,6043
6107,6047
6107,6054
6101,6057
6111,6051
6096,6053
6104,6050
6097,6048
6113,6052
6097,6051
6109,6056
6111,6045
6114,6042
6103,6045
6108,6042
6108,6054
6106,6059
6104,6053
6110,6028
6103,6042
6095,6063
6098,6042
6103,6045
6110,6047
6106,6057
6099,6044
6103,6052
6104,6039
6102,6053
6093,6051
6104,6043
6107,6052
6108,6041
6096,6057
6111,6046
6101,6044
6101,6051
6115,6042
6099,6048
6102,6047
6101,6042
6109,6048
6101,6046
6102,6044
6104,6043
6097,6059
6102,6050
6110,6053
6100,6051
6092,6048
6103,6055
6098,6045
6101,6060
6089,6050
6110,6043
6101,6053
6105,6046
6102,6047
6099,6061
6099,6048
6101,6060
6113,6035
6101,6040
6099,6051
6103,6041
6097,6043
6098,6033
6100,6057
6097,6059
6099,6053
6093,6052
6093,6050
6098,6044
6103,6049
6336,6160
5950,5794
6287,6196
6087,5882
6057,6007
6091,6048
6085,6034
6132,6062
6093,6033
6102,6053
6133,6037
6110,6046
6105,6053
6092,6050
6105,6042
6110,6038
6112,6041
6099,6051
6104,6038
6107,6062
6107,6054
6107,6044
6101,6064
6106,6043
6108,6046
6104,6052
6097,6061
6108,6065
6106,6053
6102,6051
6113,6055
6112,6059
6107,6057
6106,6056
6104,6033
6105,6067
6099,6049
6110,6042
6107,6058
6098,6041
6108,6060
6098,6053
6111,6063
6110,6045
6113,6046
6117,6057
6103,6050
6116,6053
6110,6038
6102,6055
6109,6060
6114,6060
6107,6060
6105,6057
6108,6057
6111,6057
6105,6052
6110,6055
6111,6051
6098,6052
6105,6044
6110,6047
6108,6042
6116,6043
6107,6060
6111,6046
6115,6049
6105,6053
6106,6047
6107,6047
6107,6037
6097,6051
6096,6030
6101,6053
6121,6056
6096,6044
6104,6057
6119,6044
6110,6055
6112,6062
6111,6058
6110,6038
6105,6053
6102,6044
6103,6046
6103,6050
6103,6059
6107,6056
6100,6046
6105,6061
6099,6054
6093,6039
6108,6039
6104,6050
6107,6057
6110,6048
6090,6052
6107,6050
6106,6040
6097,6044
6109,6053
6099,6045
6109,6044
6104,6056
6104,6048
6106,6046
6105,6034
6107,6040
6104,6039
6108,6057
6098,6045
6103,6054
6101,6046
6104,6060
6098,6050
6111,6062
6115,6061
6111,6051
6113,6051
6095,6028
6102,6051
6100,6042
6113,6047
6112,6059
6117,6054
6107,6048
6110,6037
6111,6052
6115,6052
6115,6051
6100,6041
6103,6056
6118,6049
6112,6048
6116,6046
6110,6052
6112,6058
6112,6062
6122,6052
6122,6042
6118,6060
6120,6048
6129,6052
6125,6043
6120,6077
6112,6041
6107,6045
6114,6039
6115,6052
6120,6046
6125,6049
6113,6063
6122,6053
6115,6049
6119,6051
6115,6052
6122,6064
6111,6063
6105,6050
6112,6058
6110,6052
6115,6049
6111,6057
6106,6027
6104,6046
6109,6046
6117,6053
6113,6053
6107,6066
6111,6051
6118,6048
6101,6046
6110,6045
6120,6043
6109,6046
6111,6052
6111,6060
6111,6055
6116,6059
6113,6056
6117,6045
6113,6038
6114,6060
6115,6058
6113,6055
6113,6046
6108,6043
6110,6042
6120,6056
6115,6045
6113,6057
6110,6050
6108,6041
6110,6041
6114,6053
6109,6046
6109,6058
6107,6047
6114,6044
6116,6058
6106,6051
6115,6042
6121,6047
6112,6052
6109,6052
6106,6058
6108,6056
6120,6056
6113,6063
6113,6058
6120,6051
6111,6054
6113,6067
6114,6051
6106,6053
6115,6059
6117,6052
6111,6044
6116,6051
6120,6064
6114,6053
6102,6057
6119,6063
6119,6046
6116,6051
6120,6051
6107,6051
6124,6061
6120,6061
6123,6049
6116,6045
6108,6041
6113,6059
6124,6056
6113,6049
6115,6057
6112,6058
6118,6054
6117,6060
6117,6064
6116,6055
6114,6049
6116,6060
6105,6051
6116,6053
6107,6067
6124,6060
6120,6054
6119,6055
6123,6051
6130,6059
6121,6051
6119,6047
6120,6058
6114,6048
6112,6066
6118,6064
6118,6064
6115,6053
6116,6044
6118,6054
6112,6052
6110,6048
6118,6056
6117,6046
6121,6056
6116,6059
6113,6049
6113,6062
6115,6056
6120,6054
6113,6058
6121,6044
6118,6047
6115,6050
6120,6054
6121,6054
6119,6060
6120,6052
6120,6052
6115,6054
6117,6060
6117,6050
6111,6048
6117,6048
6117,6048
6118,6058
6127,6057
6121,6058
6125,6052
6110,6056
6115,6052
6112,6058
6117,6057
6118,6055
6124,6055
6117,6053
6112,6033
6121,6061
6113,6051
6115,6056
6115,6056
6114,6053
6117,6052
6118,6049
6112,6057
6123,6050
6125,6038
6111,6050
6122,6070
6122,6045
6121,6055
6121,6052
6118,6050
6118,6054
6116,6059
6118,6055
6122,6047
6123,6051
6115,6059
6114,6059
6117,6062
6113,6058
6113,6058
6117,6045
6120,6044
6118,6050
6122,6055
6119,6059
6115,6055
6113,6042
6113,6055
6110,6038
6115,6061
6114,6055
6117,6051
6119,6053
6122,6050
6120,6049
0,23
0,61680
0,0
6124,6064
5608,5569
5607,5569
5599,5579
5599,5562
5603,5572
5595,5583
5602,5573
5598,5577
5826,5758
6325,6290
6260,6284
6273,6257
6303,6295
6270,6275
6294,6305
6293,6307
6284,6303
6292,6283
6294,6290
6295,6288
6300,6305
6290,6297
6286,6296
6286,6297
6287,6327
6287,6327
6293,6300
6289,6314
6290,6310
6288,6317
6300,6312
6295,6286
6273,6290
6263,6295
6257,6298
6293,6273
6286,6298
6285,6317
6287,6306
6265,6296
6283,6295
6285,6304
6282,6286
6292,6309
6267,6291
6281,6294
6289,6309
6296,6326
6269,6305
6296,6300
6297,6308
6299,6300
6310,6303
6291,6303
6270,6281
6281,6295
6312,6294
6313,6322
6286,6331
6287,6290
6290,6308
6289,6334
6281,6298
6285,6301
6280,6299
6283,6303
6295,6294
6295,6314
6292,6297
6289,6285
6276,6275
6276,6277
6277,6315
6275,6302
6298,6303
6196,6219
6280,6297
6293,6280
6244,6286
6302,6299
6290,6290
6263,6281
6269,6300
6285,6315
6284,6329
6293,6298
6277,6310
6270,6322
6263,6304
6270,6288
6276,6288
6276,6299
6266,6295
6263,6300
6274,6319
6278,6322
6270,6296
6267,6300
6266,6294
6271,6306
6274,6270
6276,6292
6265,6278
6276,6274
6278,6300
6252,6300
6276,6288
6282,6295
6278,6319
6262,6303
6290,6320
6267,6298
6272,6301
6283,6294
6292,6295
6296,6283
6289,6312
6286,6313
6285,6311
6283,6311
6304,6310
6287,6332
6286,6328
6292,6336
6283,6315
6280,6310
6285,6319
6292,6303
6285,6312
6268,6322
6272,6321
6286,6315
6278,6304
6273,6305
6282,6289
6286,6276
6278,6288
6280,6311
6273,6302
6293,6300
6281,6312
6286,6313
6284,6314
6289,6331
6299,6316
6302,6320
6280,6335
6296,6315
6275,6299
6272,6332
6284,6329
6278,6321
6276,6322
6286,6324
6290,6345
6311,6364
6302,6336
6305,6332
6298,6343
6279,6332
6284,6331
6293,6315
6261,6334
6278,6344
6275,6330
6302,6339
6290,6326
6284,6341
6279,6335
6270,6331
6287,6300
6272,6324
6268,6331
6264,6342
6271,6320
6280,6319
6288,6321
6263,6329
6271,6307
6267,6314
6276,6323
6268,6295
6262,6292
6265,6317
6285,6319
6290,6322
6272,6322
6292,6312
6271,6342
6267,6345
6278,6362
6275,6317
6269,6343
6261,6365
6277,6336
6279,6365
6276,6361
6268,6355
6281,6351
6279,6331
6291,6360
6270,6344
6273,6340
6268,6334
6270,6331
6272,6332
6288,6321
6273,6307
6273,6321
6275,6317
6273,6309
6280,6321
6275,6341
6278,6337
6277,6350
6271,6367
6253,6348
6271,6370
6274,6334
6256,6347
6253,6325
6258,6352
6263,6359
6250,6372
6275,6390
6254,6375
6266,6340
6275,6336
6265,6334
6269,6364
6251,6362
6238,6335
6242,6362
6244,6336
6244,6356
6250,6344
6277,6355
6254,6344
6244,6310
6239,6320
6241,6346
6238,6394
6239,6351
6243,6372
6251,6384
6264,6374
6255,6353
6246,6313
6254,6358
6254,6395
6245,6390
6236,6346
6253,6351
6266,6352
6256,6364
6243,6349
6261,6344
6244,6340
6259,6340
6256,6330
6257,6328
6233,6361
6234,6352
6234,6354
6235,6357
6228,6329
6234,6357
6239,6339
6246,6345
6240,6339
6247,6326
6228,6335
6246,6344
6249,6366
6249,6362
6265,6332
6253,6345
6246,6389
6249,6358
6260,6363
6252,6355
6260,6390
6241,6363
6229,6376
6240,6370
6247,6354
6239,6345
6231,6372
6225,6375
6210,6367
6250,6404
6237,6383
6234,6364
6223,6357
6236,6381
6237,6375
6226,6372
6230,6385
6226,6369
6225,6355
6231,6362
6252,6377
6242,6377
6237,6363
6229,6361
6237,6362
6224,6377
6235,6343
6239,6376
6243,6357
6232,6358
6226,6365
6216,6340
6222,6387
6231,6383
6232,6392
6219,6403
6217,6394
6229,6403
6240,6398
6245,6387
6223,6402
6228,6410
6215,6377
6223,6373
6233,6383
6224,6406
6225,6379
6224,6398
6225,6400
6243,6368
6222,6373
6232,6374
6231,6389
6209,6360
6226,6356
6224,6353
6236,6369
6225,6386
6234,6365
6220,6398
6221,6355
6213,6393
6207,6388
6312,6441
6248,6394
6161,6334
6194,6366
6221,6374
6186,6344
6194,6368
6244,6402
6239,6377
6242,6375
6226,6353
6218,6357
6201,6359
6202,6362
6221,6369
6219,6379
6205,6408
6203,6414
6221,6399
6207,6377
6217,6389
6218,6388
6233,6384
6224,6396
6218,6368
6210,6375
6205,6364
6222,6362
6213,6380
6210,6375
6219,6373
6216,6391
6219,6365
6216,6403
6211,6394
6206,6402
6207,6367
6208,6385
6203,6395
6209,6396
6214,6391
6203,6392
6215,6384
6193,6377
6198,6363
6204,6386
6195,6384
6211,6369
6215,6351
6224,6401
6206,6383
6225,6384
6208,6369
6221,6371
6207,6355
6216,6371
6210,6376
6203,6401
6203,6402
6209,6396
6212,6396
6201,6401
6207,6363
6211,6365
6212,6380
6217,6372
6215,6363
6202,6366
6214,6359
6214,6368
6211,6376
6210,6377
6206,6356
6197,6345
6205,6327
6207,6344
6210,6346
6207,6369
6212,6354
6204,6355
6219,6349
6224,6390
6206,6383
6213,6353
6202,6396
6208,6382
6205,6361
6217,6358
6211,6372
6211,6373
6214,6359
6220,6398
6203,6400
6210,6406
6214,6403
6209,6409
6209,6391
6205,6399
6203,6355
6207,6372
6210,6384
6210,6396
6218,6421
6207,6404
6215,6405
6207,6402
6212,6397
6219,6403
6214,6387
6218,6378
6217,6378
6220,6352
6219,6376
6214,6383
6209,6364
6199,6394
6204,6371
6206,6358
6205,6404
6194,6377
6213,6366
6212,6360
6212,6344
6201,6354
6219,6354
6206,6376
6216,6354
6203,6358
6212,6362
6212,6379
6211,6396
6212,6403
6215,6411
6202,6404
6202,6386
6196,6385
6197,6379
6192,6387
6204,6401
6204,6360
6213,6370
6202,6358
6199,6375
6223,6344
6229,6364
6222,6369
6230,6338
6218,6374
6204,6382
6207,6370
6208,6362
6210,6382
6219,6389
6209,6373
6215,6371
6214,6327
6210,6342
6220,6347
6211,6368
6212,6351
6214,6372
6214,6349
6215,6356
6209,6370
6209,6373
6218,6352
6208,6347
6205,6363
6215,6379
6203,6372
6204,6417
6216,6394
6203,6390
6212,6405
6206,6362
6215,6339
6214,6337
6225,6358
6216,6372
6224,6358
6221,6374
6210,6377
6215,6388
6210,6393
6217,6403
6211,6377
6203,6376
6209,6347
6228,6355
6202,6383
6218,6358
6209,6371
6215,6358
6219,6382
6203,6377
6211,6353
6223,6337
6224,6336
6210,6335
6208,6335
6204,6348
6211,6351
6202,6358
6211,6347
6222,6345
6218,6336
6211,6368
6200,6350
6211,6350
6225,6330
6225,6369
6223,6348
6222,6337
6219,6350
6220,6342
6222,6354
6210,6351
6224,6331
6226,6338
6227,6373
6221,6348
6215,6340
6212,6363
6217,6345
6232,6347
6221,6345
6213,6366
6224,6346
6212,6337
6231,6322
6222,6351
6224,6326
6218,6311
6225,6332
6221,6321
6227,6350
6225,6337
6226,6339
6242,6333
6228,6330
6225,6323
6210,6313
6230,6342
6222,6338
6226,6320
6214,6332
6209,6335
6228,6334
6239,6341
6232,6346
6232,6378
6233,6359
6230,6352
6243,6365
6240,6362
6235,6351
6223,6346
6240,6354
6241,6339
6232,6351
6226,6377
6259,6354
6260,6335
6256,6371
6275,6366
6285,6345
6343,6418
6383,6371
6389,6384
6450,6411
6395,6361
6468,6390
6495,6376
6559,6385
6604,6369
6684,6381
6778,6424
6866,6414
6944,6391
7008,6399
7117,6390
7147,6366
7189,6367
7268,6371
7332,6370
7371,6356
7502,6379
7516,6353
7594,6352
7629,6360
7650,6368
7610,6359
7502,6364
7357,6378
7234,6381
7129,6377
6991,6351
6929,6360
6890,6354
6813,6336
6734,6351
6679,6336
6634,6360
6600,6368
6603,6373
6624,6369
6680,6369
6752,6376
6834,6384
6946,6403
7011,6415
7129,6449
7277,6443
7401,6442
7585,6458
7774,6465
7993,6467
8231,6458
8415,6475
8629,6475
8747,6491
8968,6476
9008,6506
9101,6483
9026,6481
9210,6515
9144,6518
9043,6541
8993,6593
8923,6670
8900,6749
8693,6845
8574,6953
8496,7041
8284,7074
7959,7122
7793,7235
7622,7330
7448,7392
7276,7472
7113,7588
7009,7662
6920,7734
6845,7751
6867,7689
6770,7656
6792,7671
6763,7748
6767,7667
6831,7644
6895,7512
7033,7472
7167,7443
7356,7360
7568,7285
7778,7129
7968,7091
8124,6981
8304,6907
8602,6854
8872,6777
9061,6708
9263,6662
9446,6662
9678,6675
9817,6716
10011,6774
10166,6861
10228,6934
10122,6989
10039,7087
9975,7190
9752,7335
9464,7447
9286,7552
9018,7678
8715,7808
8452,7963
8149,8002
7927,8089
7650,8196
7484,8261
7359,8289
7264,8327
7140,8355
7014,8323
6938,8328
6892,8326
6877,8323
6811,8353
6851,8278
6856,8189
6910,8077
7007,7890
7136,7831
7266,7728
7391,7545
7619,7407
7786,7320
7948,7205
8062,7138
8202,6983
8316,6866
8513,6756
8647,6721
8718,6716
8805,6709
8981,6706
9032,6778
9027,6867
9135,6988
9263,7157
9385,7332
9375,7496
9365,7695
9281,7766
9185,7896
9037,8013
8985,8120
8837,8190
8653,8281
8370,8369
8114,8448
7890,8467
7734,8425
7529,8470
7356,8480
7203,8445
7025,8374
6836,8357
6771,8320
6690,8264
6649,8133
6638,8039
6652,7969
6742,7785
6777,7630
6882,7519
7011,7369
7151,7290
7346,7162
7490,7022
7727,6968
7914,6916
8115,6841
8337,6797
8594,6775
8819,6732
9087,6694
9152,6686
9193,6671
9307,6729
9463,6801
9396,6881
9327,6960
9330,7076
9290,7299
9136,7406
9001,7575
8793,7774
8592,7957
8436,8122
8250,8292
8093,8450
7903,8627
7735,8759
7571,8862
7418,8961
7245,8950
7117,9058
6997,9096
6875,9147
6805,9057
6772,8982
6688,8926
6668,8771
6671,8623
6684,8511
6687,8403
6741,8241
6809,8029
6941,7855
7061,7699
7229,7526
7398,7305
7527,7181
7679,7042
7853,6905
8007,6743
8112,6670
8223,6608
8394,6571
8532,6544
8603,6592
8754,6632
8849,6671
8857,6736
8952,6811
9013,6873
9060,7019
9108,7112
9109,7251
9214,7409
9178,7590
9052,7722
9084,7794
8968,7872
8862,7942
8671,8097
8511,8182
8265,8250
8034,8363
7865,8421
7687,8534
7530,8574
7305,8597
7109,8557
6962,8554
6862,8554
6762,8465
6697,8343
6651,8267
6602,8139
6643,8023
6673,7913
6759,7799
6841,7599
6989,7438
7160,7310
7350,7221
7517,7101
7714,6955
7863,6874
7968,6822
8124,6746
8290,6827
8436,6774
8502,6663
8572,6594
8725,6584
8839,6606
8882,6614
9016,6671
9013,6768
8995,6841
9134,6946
9015,7148
8962,7319
8842,7486
8807,7664
8693,7882
8592,8106
8502,8242
8279,8405
8092,8569
7862,8675
7702,8734
7543,8802
7443,8847
7200,8998
7051,8951
6887,8908
6803,8829
6711,8664
6659,8634
6629,8418
6600,8299
6628,8126
6663,7966
6749,7732
6903,7653
7021,7495
7103,7303
7258,7163
7435,7002
7623,6875
7819,6769
8009,6680
8074,6591
8195,6532
8348,6524
8387,6490
8439,6471
8540,6507
8547,6543
8588,6562
8579,6644
8604,6718
8599,6779
8570,6874
8457,7013
8403,7133
8317,7275
8182,7439
8108,7617
8048,7718
7941,7826
7852,8028
7717,8136
7610,8232
7445,8327
7290,8440
7193,8500
7055,8493
6958,8549
6876,8591
6777,8548
6688,8445
6603,8379
6554,8298
6525,8125
6526,8035
6544,7896
6607,7723
6689,7567
6761,7394
6877,7205
7011,7112
7161,6988
7298,6850
7493,6760
7717,6684
7873,6613
8068,6575
8243,6552
8435,6520
8672,6501
8858,6506
8977,6560
9132,6563
9259,6599
9348,6701
9401,6746
9305,6789
9357,6885
9246,6922
9177,7007
9015,7128
8825,7264
8685,7312
8510,7422
8322,7495
8141,7605
7918,7703
7725,7798
7540,7875
7371,7873
7223,7942
7025,7915
6901,8009
6783,8047
6701,7962
6659,7919
6627,7911
6614,7877
6655,7787
6717,7721
6789,7632
6899,7554
7003,7427
7117,7276
7199,7182
7383,7056
7566,6923
7685,6823
7856,6712
7962,6626
8202,6530
8418,6481
8606,6467
8864,6434
9051,6455
9108,6502
9284,6575
9472,6671
9518,6754
9521,6897
9549,7062
9539,7205
9482,7310
9424,7459
9341,7627
9155,7787
8900,7848
8631,8050
8434,8186
8271,8322
7995,8437
7872,8556
7727,8598
7530,8577
7341,8512
7192,8498
7036,8508
6904,8419
6801,8366
6735,8329
6695,8279
6652,8120
6617,8017
6623,7946
6672,7805
6702,7732
6794,7590
6920,7477
7056,7326
7168,7223
7313,7150
7566,7017
7718,6906
7955,6789
8178,6735
8308,6695
8504,6645
8613,6614
8903,6617
9047,6648
9180,6674
9324,6692
9360,6752
9393,6845
9481,6964
9571,7134
9523,7295
9296,7373
9099,7540
8964,7638
8756,7780
8623,7833
8408,7971
8113,8004
7961,8032
7741,8064
7618,8174
7470,8188
7253,8164
7078,8235
6955,8330
6874,8336
6772,8275
6742,8258
6688,8175
6682,8047
6691,7915
6745,7885
6797,7807
6862,7766
7016,7611
7141,7529
7305,7400
7449,7282
7600,7128
7850,7056
8137,6964
8391,6756
8495,6659
8594,6583
8744,6577
8816,6513
8924,6510
9128,6518
9182,6569
9265,6637
9299,6701
9291,6812
9135,6902
9063,7028
8978,7126
8912,7291
8829,7466
8615,7622
8492,7704
8383,7855
8185,8000
8191,8106
8157,8259
7857,8361
7746,8447
7650,8503
7428,8537
7352,8653
7209,8672
7043,8598
6912,8643
6854,8658
6750,8589
6676,8513
6611,8333
6585,8207
6587,8112
6612,7876
6687,7724
6768,7594
6883,7467
6980,7333
7092,7224
7231,7075
7361,6904
7508,6819
7609,6751
7659,6630
7818,6585
7775,6441
8034,6578
8020,6567
8043,6600
8099,6629
8155,6760
8229,6809
8192,6846
8212,6921
8204,7061
8148,7118
8123,7234
8121,7296
8071,7400
7961,7503
7946,7576
7910,7756
7856,7868
7761,7911
7608,8098
7494,8144
7356,8303
7221,8326
7086,8359
6925,8447
6830,8412
6723,8435
6643,8403
6586,8310
6594,8173
6651,8054
6710,7889
6832,7841
6958,7614
7187,7522
7361,7387
7583,7226
7775,7086
7999,6949
8234,6861
8434,6756
8716,6661
8896,6570
9114,6546
9369,6514
9582,6483
9860,6477
9907,6478
10048,6496
10034,6533
10069,6587
9966,6680
10037,6755
10044,6829
9984,6935
9823,7055
9621,7166
9418,7412
9196,7570
8985,7709
8736,7910
8479,8064
8314,8264
8082,8307
7845,8416
7654,8543
7435,8594
7275,8613
7118,8611
7021,8526
6910,8506
6793,8498
6734,8382
6640,8256
6642,8096
6671,7942
6762,7724
6838,7595
6974,7463
7145,7338
7306,7191
7543,7004
7731,6883
8027,6818
8258,6730
8515,6630
8775,6555
8971,6513
9233,6495
9592,6470
9849,6509
10070,6572
10263,6660
10464,6748
10512,6849
10864,6936
11245,7066
11277,7227
11230,7386
11129,7545
11003,7718
10799,7921
10841,8111
10605,8202
10310,8296
9946,8415
9539,8492
9231,8593
8900,8709
8521,8695
8167,8713
7880,8830
7591,8889
7329,8890
7142,8890
6990,8787
6866,8669
6814,8556
6804,8412
6832,8369
6881,8247
6929,8064
7071,7881
7177,7761
7325,7604
7438,7426
7564,7282
7749,7263
7960,7104
8120,6983
8342,6861
8587,6736
8776,6664
8906,6604
9194,6580
9516,6564
9725,6593
9816,6648
10001,6703
10138,6855
10394,6991
10467,7126
10503,7319
10515,7592
10398,7833
10255,8074
10265,8388
10149,8613
9920,8877
9664,9095
9348,9260
9091,9354
8884,9406
8623,9489
8279,9419
8098,9536
7770,9477
7539,9466
7329,9337
7161,9200
7006,9049
6945,9001
6887,8969
6858,8786
6901,8623
6988,8422
7132,8195
7351,8034
7606,7956
7887,7832
8184,7638
8472,7432
8841,7200
9280,7057
9663,6916
10053,6816
10465,6697
10850,6649
11150,6599
11426,6567
11494,6583
11571,6605
11601,6669
11506,6740
11416,6871
11467,7025
11453,7271
11306,7473
11074,7744
11011,7979
10854,8237
10720,8395
10483,8623
10149,8819
9866,9123
9581,9382
9229,9531
9023,9750
8791,9901
8458,9940
8212,10131
8024,10079
7865,10087
7727,9993
7535,10011
7424,9940
7215,9806
7160,9557
7143,9417
7168,9060
7248,8780
7345,8478
7519,8282
7729,8004
7910,7735
8217,7480
8455,7250
8732,7106
9003,7020
9084,6875
9291,6853
9487,6786
9577,6832
9675,6899
9773,6965
9698,7028
9701,7174
9643,7363
9706,7489
9711,7663
9715,7865
9840,8192
9806,8383
9697,8672
9564,8895
9532,9008
9444,9194
9408,9452
9266,9897
9026,10288
8857,10578
8652,10654
8323,10874
8041,10788
7832,10911
7498,10952
7288,10945
7119,10857
6975,10584
6855,10456
6774,10231
6724,10086
6755,9810
6791,9574
6863,9246
7050,8875
7155,8551
7326,8309
7520,7944
7623,7737
7701,7591
7767,7421
7765,7267
7798,7201
7959,7157
7748,7071
7913,6871
8673,7197
7984,6822
7512,7244
7070,7071
6749,7103
6426,7129
6274,7197
6177,7314
6167,7511
6166,7618
6151,7875
6145,8087
6133,8336
6143,8556
6128,8777
6134,9031
6142,9343
6136,9531
6148,9671
6131,9848
6134,9923
6123,9880
6115,9950
6128,9927
6118,9849
6123,9552
6115,9380
6122,9092
6110,8813
6113,8508
6117,8271
6121,7984
6113,7761
6117,7596
6121,7437
6108,7279
6110,7119
6110,7033
6108,6945
6111,6869
6110,6775
6121,6694
6106,6662
6121,6643
6118,6645
6105,6641
6112,6717
6126,6742
6119,6818
6110,6838
6120,6826
6107,6893
6119,6977
6104,7022
6110,7096
6104,7183
6109,7057
6114,6787
6105,6533
6112,6344
6120,6235
6108,6177
6106,6150
6099,6146
6111,6123
6111,6116
6110,6101
6104,6108
6109,6118
6111,6118
6104,6112
6100,6119
6110,6107
6108,6119
6103,6094
6108,6083
6102,6082
6108,6074
6116,6066
6101,6063
6106,6071
6112,6069
6117,6047
6111,6065
6105,6051
6105,6049
6102,6064
6108,6061
6108,6069
6106,6065
6107,6048
6102,6064
6111,6066
6106,6063
6094,6068
6115,6072
6112,6065
6103,6064
6106,6052
6095,6061
6107,6034
6107,6051
6104,6056
6104,6061
6106,6051
6114,6049
6112,6050
6112,6052
6111,6062
6104,6051
6117,6064
6116,6041
6107,6050
6111,6041
6110,6051
6116,6057
6117,6062
6112,6055
6104,6048
6117,6042
6113,6058
6113,6052
6110,6063
6109,6061
6111,6060
6118,6046
6103,6055
6110,6059
6104,6060
6113,6041
6110,6053
6101,6047
6104,6036
6110,6062
6116,6049
6111,6054
6113,6038
6110,6050
6106,6056
6114,6042
6115,6047
6114,6047
6109,6050
6103,6051
6115,6054
6119,6054
6112,6038
6113,6037
6111,6041
6110,6054
6113,6039
6107,6051
6107,6040
6111,6051
6112,6041
6114,6046
6109,6039
6108,6044
6115,6038
6098,6043
6113,6040
6113,6041
6102,6047
6120,6068
6117,6050
6109,6048
6103,6050
6108,6039
6094,6045
6103,6057
6104,6048
6103,6055
6111,6046
6106,6049
6105,6058
6110,6042
6104,6046
6102,6046
6100,6054
6107,6045
6114,6053
6112,6045
6105,6045
6101,6050
6100,6042
6100,6044
6109,6056
6105,6057
6102,6050
6106,6050
6115,6046
6111,6062
6098,6050
6108,6044
6102,6041
6114,6055
6106,6051
6106,6051
6105,6048
6106,6047
6112,6049
6103,6046
6105,6043
6101,6057
6103,6039
6107,6029
6114,6059
6107,6047
6101,6038
6110,6042
6100,6045
6099,6042
6107,6047
6109,6051
6091,6047
6104,6042
6108,6063
6111,6053
6109,6051
6105,6051
6103,6059
6101,6045
6102,6044
6098,6061
6095,6054
6106,6037
6113,6046
6099,6050
6091,6048
6107,6061
6104,6029
6105,6053
6117,6056
6114,6050
6110,6045
6111,6041
6104,6035
6108,6049
6101,6042
6101,6054
6099,6044
6106,6055
6102,6051
6104,6053
6113,6060
6098,6046
6102,6050
6099,6042
6094,6038
6103,6046
6097,6046
6107,6031
6108,6049
6103,6047
6117,6050
6110,6046
6100,6046
6104,6036
6112,6055
6100,6046
6101,6047
6099,6038
6098,6054
6097,6035
6104,6049
6099,6059
6093,6039
6010,5978
6180,6137
6119,6048
6097,6015
6120,6038
6120,6064
6121,6070
6088,6039
6106,6040
6106,6045
6103,6049
6104,6058
6100,6053
6098,6047
6094,6049
6112,6048
6101,6042
6099,6055
6100,6057
6095,6051
6102,6051
6102,6036
6099,6046
6092,6057
6097,6056
6091,6050
6102,6047
6103,6052
6100,6035
6107,6047
6107,6051
6112,6051
6101,6057
6090,6052
6103,6043
6104,6094
6103,6042
6105,6051
6102,6055
6108,6052
6110,6050
6104,6055
6103,6049
6113,6049
6099,6044
6098,6056
6100,6037
6106,6050
6112,6049
6111,6056
6104,6041
6106,6038
6113,6048
6110,6056
6117,6050
6104,6056
6105,6043
6109,6043
6109,6058
6104,6050
6112,6050
6109,6047
6090,6045
6098,6060
6106,6046
6109,6045
6111,6053
6106,6053
6115,6061
6103,6060
6109,6062
6116,6048
6116,6057
6120,6049
6114,6065
6112,6061
6115,6064
6106,6051
6116,6051
6115,6053
6113,6053
6106,6055
6110,6061
6112,6048
6111,6045
6097,6064
6109,6050
6110,6047
6107,6052
6113,6048
6105,6060
6108,6049
6107,6044
6113,6043
6107,6062
6101,6044
6100,6060
6107,6053
6103,6045
6095,6042
6108,6057
6104,6047
6110,6062
6096,6049
6104,6040
6107,6053
6097,6054
6106,6049
6106,6053
6105,6052
6110,6043
6104,6049
6098,6049
6100,6054
6101,6058
6111,6050
6100,6054
6106,6051
6098,6061
6100,6052
6097,6037
6104,6042
6107,6054
6108,6052
6102,6047
6102,6049
6114,6059
6116,6042
6110,6051
6098,6048
6108,6053
6106,6048
6107,6044
6108,6058
6104,6046
6100,6041
6102,6056
6111,6041
6101,6039
6112,6048
6109,6050
6109,6057
6105,6033
6108,6056
6115,6050
6115,6052
6117,6038
6112,6048
6103,6050
6105,6043
6111,6056
6110,6053
6121,6060
6105,6047
6116,6049
6105,6042
6111,6040
6107,6051
6108,6063
6107,6056
6116,6042
6104,6039
6109,6044
6117,6047
6125,6065
6119,6056
6124,6053
6114,6049
6110,6040
6115,6054
6124,6065
6119,6059
6123,6063
6114,6050
6114,6044
6119,6044
6116,6049
6117,6052
6124,6050
6108,6057
6117,6054
6114,6046
6115,6061
6114,6046
6117,6056
6111,6055
6104,6041
6112,6061
6115,6027
6114,6040
6107,6055
6108,6042
6107,6051
6106,6042
6115,6047
6116,6043
6112,6053
6115,6047
6114,6042
6107,6041
6122,6044
6124,6047
6115,6051
6113,6042
6109,6048
6104,6057
6120,6052
6112,6036
6114,6034
6111,6051
6112,6037
6116,6050
6109,6061
6112,6043
6113,6041
6099,6035
6122,6036
6116,6042
6116,6053
6105,6034
6113,6032
6118,6031
6122,6055
6108,6043
6115,6051
6112,6044
6111,6043
6119,6056
6099,6052
6115,6054
6124,6044
6104,6042
6116,6057
6108,6054
6104,6057
6117,6046
6110,6059
6105,6054
6119,6054
6114,6041
6106,6034
6100,6043
6106,6046
6123,6039
6112,6057
6116,6051
6111,6038
6107,6050
6110,6057
6111,6052
6109,6046
6114,6057
6112,6053
6112,6057
6111,6053
6120,6054
6112,6056
6112,6068
6125,6048
6100,6048
6126,6058
6122,6058
6114,6055
6110,6056
6113,6065
6117,6062
6112,6059
6115,6047
6122,6055
5667,5627
6245,6178
6251,6177
6107,6039
6080,5997
6119,6047
6112,5998
6100,6060
6119,6054
6126,6055
6117,6056
6114,6026
6112,6041
6115,6051
6117,6058
6114,6040
6108,6052
6111,6032
6120,6055
6120,6046
6121,6048
6121,6048
6109,6053
6119,6053
6125,6068
6116,6056
6113,6061
6119,6054
6114,6060
6117,6065
6127,6063
6122,6056
6117,6052
6115,6050
6118,6059
6119,6058
6121,6057
6121,6053
6121,6049
6127,6041
6118,6057
6114,6050
6120,6055
6120,6055
6123,6071
6124,6050
6122,6062
6118,6054
6114,6057
6119,6071
6118,6055
6118,6034
6117,6050
6112,6049
6108,6055
6119,6058
6119,6051
6117,6053
6115,6059
6112,6050
6114,6050
6120,6059
6110,6056
6110,6061
6115,6056
6115,6056
6121,6058
6110,6057
6122,6055
6111,6041
6120,6048
6123,6050
6110,6054
6121,6049
6117,6053
6121,6064
6123,6051
6117,6056
6122,6053
6114,6054
6111,6044
6116,6053
6116,6053
6119,6048
6124,6042
6117,6058
6117,6053
6117,6053
6114,6063
6117,6053
6121,6049
6119,6062
6113,6052
6116,6061
6120,6058
6121,6047
6122,6055
6122,6048
0,24
0,61680
0,0
6109,6055
5603,5584
5594,5569
5603,5580
5607,5580
5604,5574
5596,5567
5603,5574
5597,5571
5822,5755
6335,6280
6268,6269
6267,6269
6285,6273
6277,6279
6286,6304
6294,6298
6292,6287
6298,6273
6305,6297
6300,6302
6310,6312
6283,6286
6285,6298
6278,6287
6272,6318
6297,6327
6295,6291
6281,6295
6273,6310
6290,6328
6299,6319
6304,6292
6283,6288
6265,6273
6267,6288
6296,6296
6297,6295
6280,6321
6285,6297
6257,6296
6288,6299
6283,6287
6272,6307
6300,6304
6286,6292
6289,6318
6299,6295
6286,6308
6280,6309
6148,6177
6516,6507
6383,6363
6231,6297
6357,6371
6275,6266
6328,6331
6334,6316
6320,6325
6284,6330
6272,6283
6293,6327
6279,6330
6278,6286
6282,6299
6297,6308
6275,6301
6310,6292
6303,6299
6294,6314
6289,6276
6271,6275
6268,6286
6284,6311
6285,6299
6296,6285
6293,6269
6281,6287
6288,6291
6295,6304
6284,6296
6279,6305
6273,6278
6284,6300
6296,6340
6290,6318
6313,6308
6274,6325
6265,6301
6262,6308
6255,6294
6257,6308
6272,6284
6278,6278
6267,6323
6297,6329
6303,6307
6269,6314
6268,6302
6270,6325
6260,6302
6282,6284
6289,6282
6259,6279
6274,6282
6289,6297
6252,6337
6270,6296
6275,6315
6274,6310
6263,6282
6280,6299
6268,6299
6267,6284
6278,6296
6302,6292
6301,6282
6287,6301
6283,6294
6280,6313
6296,6299
6302,6342
6298,6323
6286,6309
6293,6332
6293,6331
6277,6317
6292,6318
6283,6318
6284,6312
6260,6319
6263,6338
6277,6308
6284,6301
6269,6294
6289,6290
6284,6287
6264,6288
6256,6320
6271,6290
6294,6295
6269,6308
6279,6299
6295,6293
6280,6329
6288,6321
6293,6333
6278,6343
6296,6314
6281,6299
6280,6333
6272,6317
6266,6277
6273,6322
6298,6323
6285,6331
6303,6363
6297,6341
6308,6328
6302,6329
6273,6318
6286,6321
6276,6327
6274,6351
6276,6345
6279,6336
6296,6334
6300,6334
6292,6339
6270,6329
6277,6329
6274,6314
6271,6323
6258,6336
6264,6338
6276,6315
6275,6324
6298,6308
6270,6330
6271,6318
6279,6323
6267,6337
6267,6309
6267,6320
6274,6314
6291,6319
6282,6337
6283,6339
6284,6332
6287,6343
6279,6356
6286,6345
6278,6350
6274,6338
6257,6367
6272,6340
6264,6366
6284,6368
6272,6344
6276,6346
6292,6346
6293,6341
6265,6346
6270,6333
6251,6228
6270,6342
6276,6317
6274,6319
6279,6321
6281,6331
6282,6323
6273,6320
6290,6333
6289,6347
6278,6339
6278,6345
6267,6369
6262,6363
6256,6381
6270,6310
6266,6337
6248,6322
6264,6362
6255,6380
6260,6363
6266,6366
6269,6355
6260,6316
6279,6348
6264,6349
6258,6355
6259,6356
6242,6356
6244,6359
6242,6357
6254,6362
6248,6336
6271,6353
6251,6337
6238,6302
6244,6328
6241,6363
6247,6352
6237,6372
6256,6367
6258,6381
6250,6368
6268,6346
6243,6338
6251,6378
6262,6371
6238,6363
6227,6360
6266,6357
6262,6351
6253,6343
6237,6346
6247,6357
6239,6339
6246,6344
6250,6343
6251,6339
6225,6348
6242,6353
6239,6332
6231,6337
6233,6335
6228,6345
6231,6348
6240,6320
6230,6326
6243,6346
6241,6347
6230,6353
6257,6342
6250,6365
6262,6341
6264,6360
6248,6393
6252,6376
6260,6363
6257,6353
6253,6385
6250,6372
6233,6363
6246,6364
6239,6350
6228,6354
6226,6347
6226,6344
6226,6369
6245,6401
6220,6400
6230,6354
6229,6354
6228,6388
6237,6375
6239,6377
6230,6376
6231,6347
6230,6361
6233,6380
6233,6389
6245,6386
6237,6358
6226,6340
6225,6377
6232,6375
6225,6353
6247,6346
6229,6361
6219,6342
6224,6354
6226,6338
6233,6376
6235,6385
6233,6393
6219,6401
6161,6363
6155,6354
6216,6368
6224,6378
6223,6394
6220,6392
6220,6424
6229,6379
6237,6402
6220,6410
6231,6395
6215,6398
6225,6408
6230,6354
6229,6370
6226,6367
6215,6369
6214,6361
6228,6373
6223,6371
6245,6368
6236,6361
6235,6374
6226,6394
6224,6375
6222,6386
6195,6393
6227,6379
6236,6363
6218,6377
6225,6354
6215,6367
6208,6379
6215,6376
6219,6371
6232,6376
6230,6370
6237,6375
6217,6372
6220,6342
6215,6363
6220,6355
6211,6386
6216,6391
6212,6402
6226,6406
6201,6380
6209,6375
6214,6388
6222,6395
6222,6418
6210,6380
6217,6373
6209,6367
6209,6368
6218,6368
6232,6364
6217,6351
6212,6408
6206,6388
6211,6385
6217,6394
6212,6367
6201,6373
6211,6371
6217,6390
6216,6403
6213,6385
6205,6371
6210,6394
6203,6372
6212,6372
6196,6391
6205,6378
6208,6374
6205,6372
6210,6384
6213,6378
6216,6372
6211,6376
6212,6365
6198,6341
6200,6387
6209,6371
6190,6398
6201,6391
6214,6406
6202,6387
6218,6410
6214,6377
6221,6361
6199,6376
6214,6367
6220,6393
6204,6392
6209,6352
6218,6371
6213,6367
6216,6374
6200,6365
6207,6358
6206,6337
6208,6339
6206,6362
6201,6354
6198,6327
6209,6331
6219,6372
6213,6371
6205,6360
6202,6360
6203,6380
6200,6384
6206,6360
6216,6378
6205,6370
6199,6360
6210,6374
6223,6390
6202,6391
6204,6393
6207,6415
6210,6403
6204,6377
6207,6379
6197,6370
6202,6381
6224,6406
6213,6398
6207,6412
6206,6427
6205,6414
6213,6402
6216,6412
6207,6412
6211,6377
6214,6372
6210,6376
6219,6360
6202,6374
6211,6375
6204,6356
6191,6392
6195,6390
6195,6372
6207,6384
6200,6359
6214,6358
6203,6339
6214,6335
6207,6338
6206,6343
6209,6380
6216,6360
6191,6371
6202,6371
6218,6390
6207,6414
6216,6417
6220,6416
6208,6407
6209,6393
6204,6385
6199,6378
6204,6382
6215,6398
6202,6345
6209,6358
6202,6358
6201,6363
6208,6351
6218,6374
6206,6385
6224,6342
6210,6368
6206,6388
6209,6371
6206,6375
6210,6391
6215,6396
6211,6359
6213,6337
6214,6314
6212,6336
6223,6354
6201,6352
6209,6366
6218,6369
6226,6354
6215,6369
6213,6359
6214,6369
6200,6360
6213,6350
6209,6366
6211,6392
6210,6377
6214,6413
6212,6387
6210,6408
6223,6378
6207,6360
6213,6334
6216,6342
6206,6365
6219,6376
6221,6364
6220,6363
6206,6379
6217,6385
6216,6367
6212,6401
6217,6384
6206,6354
6210,6376
6221,6360
6201,6364
6230,6353
6213,6350
6212,6344
6223,6371
6216,6368
6219,6354
6226,6342
6227,6338
6215,6338
6218,6341
6208,6342
6221,6354
6226,6359
6213,6351
6219,6363
6211,6364
6209,6369
6211,6344
6226,6337
6220,6326
6231,6346
6225,6349
6225,6329
6222,6340
6229,6357
6221,6350
6221,6358
6235,6351
6226,6344
6229,6360
6224,6353
6218,6353
6222,6366
6212,6335
6227,6352
6224,6345
6208,6363
6237,6349
6220,6327
6221,6331
6227,6356
6226,6320
6220,6327
6217,6307
6236,6346
6236,6366
6251,6343
6241,6327
6231,6320
5982,6169
6173,6308
6161,6290
6181,6530
6108,6221
6094,6221
6198,6316
6193,6318
6196,6309
6233,6345
6236,6344
6244,6386
6231,6377
6225,6376
6242,6399
6241,6358
6240,6356
6239,6321
6233,6339
6243,6366
6236,6372
6228,6393
6257,6377
6266,6353
6273,6351
6265,6368
6286,6357
6292,6355
6307,6320
6356,6339
6379,6355
6413,6348
6430,6385
6511,6359
6539,6379
6608,6387
6690,6382
6793,6406
6866,6398
6916,6383
7010,6378
7096,6411
7173,6388
7232,6399
7274,6398
7366,6382
7391,6368
7469,6384
7524,6362
7592,6336
7688,6364
7711,6378
7657,6367
7499,6354
7385,6372
7222,6403
7088,6370
6999,6355
6924,6347
6883,6332
6827,6338
6769,6342
6685,6343
6645,6364
6598,6369
6597,6366
6627,6378
6693,6388
6742,6374
6825,6387
6907,6417
7023,6451
7154,6431
7276,6446
7384,6441
7589,6447
7800,6464
7998,6462
8232,6467
8470,6481
8634,6498
8799,6500
8977,6507
9072,6505
9155,6489
9190,6486
9134,6510
9097,6512
9039,6548
9054,6588
9032,6676
8933,6754
8791,6857
8648,6953
8493,7024
8266,7072
7967,7156
7773,7250
7624,7309
7448,7404
7264,7446
7120,7608
6997,7697
6914,7733
6869,7727
6845,7746
6775,7671
6785,7663
6747,7697
6771,7676
6840,7631
6905,7582
7016,7504
7147,7482
7351,7392
7544,7312
7810,7182
7980,7098
8125,7034
8304,6922
8543,6881
8843,6776
9056,6709
9248,6647
9397,6644
9655,6698
9792,6723
9960,6804
10116,6885
10129,6958
10133,7022
10046,7098
9969,7197
9702,7380
9432,7479
9220,7592
8956,7699
8702,7798
8436,7918
8199,8033
7935,8077
7680,8155
7503,8278
7359,8294
7261,8351
7160,8358
7064,8336
6939,8346
6887,8297
6852,8310
6785,8335
6850,8264
6860,8192
6931,7990
7057,7893
7114,7807
7262,7679
7423,7526
7587,7410
7747,7282
7906,7191
8049,7126
8204,6976
8349,6853
8442,6766
8660,6738
8755,6713
8788,6685
8987,6701
9025,6770
9006,6871
9122,6990
9212,7129
9391,7319
9429,7511
9373,7656
9327,7802
9182,7924
9014,8016
8940,8145
8802,8225
8612,8343
8324,8354
8124,8438
7937,8489
7699,8435
7578,8489
7368,8556
7164,8463
7025,8401
6836,8312
6760,8242
6700,8224
6631,8137
6636,8097
6686,7976
6715,7799
6779,7629
6903,7502
6992,7395
7144,7286
7362,7121
7538,7038
7720,6959
7922,6926
8120,6858
8364,6796
8623,6783
8817,6732
9076,6674
9095,6662
9140,6662
9326,6730
9426,6791
9440,6913
9356,6966
9302,7111
9208,7272
9090,7429
8973,7587
8795,7777
8658,7954
8428,8130
8272,8279
8064,8436
7907,8566
7713,8743
7568,8817
7401,8919
7232,8971
7088,9020
6985,9119
6894,9151
6825,8993
6760,9016
6699,8903
6670,8721
6677,8634
6704,8490
6703,8385
6763,8264
6848,8033
6956,7875
7045,7667
7237,7501
7404,7305
7555,7151
7685,7034
7845,6899
8060,6771
8120,6693
8279,6607
8405,6573
8577,6582
8610,6581
8749,6625
8855,6663
8917,6722
8986,6823
9060,6871
9053,6989
9134,7120
9144,7234
9217,7452
9208,7581
9101,7686
9079,7793
9005,7884
8720,7807
8687,8064
8486,8149
8309,8269
8045,8330
7861,8439
7743,8554
7491,8594
7331,8561
7149,8564
6997,8604
6896,8617
6767,8476
6677,8353
6633,8268
6629,8144
6670,7983
6678,7938
6766,7810
6870,7617
6988,7414
7141,7293
7316,7182
7525,7087
7712,6969
7864,6888
7977,6800
8099,6749
8263,6750
8398,6680
8531,6653
8597,6638
8770,6626
8861,6661
8953,6671
9019,6713
9045,6783
9073,6891
9077,6991
9048,7175
8947,7329
8873,7492
8808,7682
8665,7846
8621,8047
8458,8213
8306,8394
8060,8531
7854,8630
7728,8688
7561,8816
7420,8953
7233,9093
7030,9039
6896,8961
6792,8872
6730,8805
6662,8596
6607,8470
6604,8328
6639,8168
6673,7999
6765,7756
6881,7645
7015,7471
7114,7320
7279,7158
7439,7025
7604,6860
7795,6767
7946,6680
8120,6595
8199,6537
8309,6535
8413,6481
8425,6485
8500,6504
8579,6535
8577,6560
8567,6657
8575,6704
8605,6815
8559,6897
8470,7006
8431,7122
8339,7259
8203,7424
8114,7584
8048,7744
7944,7867
7872,8020
7717,8089
7602,8198
7438,8323
7301,8426
7170,8487
7050,8532
6972,8551
6887,8592
6779,8529
6659,8480
6596,8402
6566,8279
6523,8142
6518,8034
6547,7899
6613,7732
6703,7542
6764,7364
6890,7225
7003,7104
7176,6998
7313,6862
7521,6757
7733,6687
7936,6659
8134,6579
8321,6541
8433,6515
8649,6524
8855,6535
8942,6561
9132,6578
9241,6632
9294,6697
9347,6757
9393,6782
9378,6886
9228,6928
9183,7032
9025,7140
8841,7241
8706,7336
8538,7395
8307,7520
8117,7609
7935,7702
7782,7763
7586,7827
7376,7898
7241,7919
7047,7914
6901,8029
6797,7993
6707,7958
6675,7957
6644,7921
6605,7890
6647,7817
6715,7740
6763,7652
6896,7524
6987,7420
7122,7275
7202,7189
7434,7058
7587,6952
7708,6806
7842,6718
8043,6617
8266,6537
8384,6500
8618,6448
8871,6446
9084,6463
9114,6512
9281,6572
9474,6657
9522,6755
9562,6895
9649,7042
9617,7202
9523,7310
9464,7460
9278,7602
9219,7798
8954,7875
8688,8053
8523,8218
8323,8390
8088,8477
7859,8552
7693,8616
7536,8570
7321,8559
7190,8557
7021,8498
6912,8368
6826,8332
6741,8326
6714,8254
6623,8104
6617,8013
6650,7916
6642,7791
6700,7751
6776,7600
6943,7493
7080,7366
7161,7232
7351,7133
7599,7041
7772,6894
8009,6831
8150,6720
8324,6688
8503,6635
8674,6603
8872,6603
9078,6638
9242,6664
9315,6719
9454,6718
9479,6814
9503,6977
9541,7098
9414,7276
9244,7374
9028,7522
8917,7659
8769,7756
8660,7868
8420,7984
8150,7955
7944,8040
7782,8054
7598,8135
7443,8198
7272,8196
7110,8273
6954,8308
6860,8338
6793,8272
6720,8247
6704,8171
6688,8070
6691,7945
6739,7936
6809,7842
6871,7746
7002,7620
7163,7537
7283,7364
7443,7281
7606,7165
7875,7050
8124,6964
8381,6790
8482,6649
8630,6576
8748,6569
8879,6531
8952,6514
9072,6513
9220,6536
9276,6650
9372,6700
9281,6826
9158,6916
9065,7025
8988,7121
8896,7268
8823,7503
8622,7617
8543,7716
8382,7854
8194,7984
8185,8134
8156,8236
7867,8298
7778,8432
7494,8344
7496,8544
7446,8721
7202,8701
7020,8648
6934,8709
6827,8660
6722,8590
6673,8425
6614,8334
6576,8205
6583,8111
6645,7895
6705,7769
6780,7641
6862,7462
6974,7377
7071,7217
7244,7074
7378,6920
7510,6828
7662,6711
7702,6624
7858,6599
7951,6548
8019,6560
8082,6565
8066,6592
8142,6652
8159,6757
8216,6811
8218,6858
8196,6939
8177,7063
8146,7132
8160,7197
8125,7304
8110,7428
7983,7480
7913,7522
7929,7723
7879,7857
7779,7935
7648,8071
7504,8147
7351,8301
7248,8328
7095,8405
6934,8461
6813,8438
6735,8477
6636,8366
6604,8303
6593,8162
6647,8089
6717,7900
6843,7838
6978,7626
7185,7500
7367,7367
7565,7235
7757,7026
8027,6926
8263,6856
8444,6793
8682,6667
8881,6598
9076,6561
9421,6556
9673,6493
9881,6479
10029,6464
10061,6491
10120,6520
10083,6602
10076,6673
10014,6762
10094,6822
10001,6963
9817,7056
9608,7198
9493,7433
9189,7551
9020,7752
8766,7923
8512,8098
8304,8250
8065,8365
7888,8453
7631,8551
7473,8582
7270,8624
7120,8611
6999,8538
6921,8489
6793,8437
6725,8400
6645,8277
6658,8103
6685,7934
6739,7737
6867,7594
6981,7484
7130,7340
7328,7176
7529,7042
7746,6915
8002,6815
8285,6713
8499,6625
8722,6551
8998,6514
9300,6477
9605,6509
9925,6534
10104,6568
10290,6671
10422,6739
10578,6828
10892,6914
11165,7070
11205,7245
11225,7383
11231,7541
10979,7720
10792,7891
10834,8097
10598,8153
10372,8309
9945,8471
9647,8519
9329,8622
8911,8669
8505,8693
8214,8759
7915,8810
7566,8850
7327,8889
7140,8897
6999,8804
6884,8689
6804,8590
6812,8434
6822,8324
6876,8249
6947,8106
7047,7903
7176,7783
7304,7613
7414,7466
7565,7347
7773,7260
8000,7109
8106,7001
8313,6862
8532,6747
8781,6641
8876,6587
9192,6582
9526,6561
9698,6583
9835,6640
9992,6704
10204,6815
10382,6947
10481,7126
10564,7315
10488,7594
10428,7846
10240,8080
10278,8375
10148,8661
9950,8912
9679,9114
9345,9263
9109,9397
8904,9445
8673,9469
8308,9419
8047,9543
7748,9475
7517,9464
7330,9324
7173,9227
6984,9069
6953,8984
6869,8981
6861,8808
6897,8628
7012,8397
7150,8165
7357,8047
7625,7938
7873,7817
8159,7596
8498,7449
8883,7227
9326,7101
9721,6940
10029,6802
10509,6689
10816,6651
11094,6591
11394,6562
11495,6574
11601,6587
11629,6669
11498,6765
11423,6860
11488,7043
11444,7241
11292,7457
11058,7751
10915,7987
10913,8114
10712,8434
10494,8657
10183,8885
9895,9147
9592,9354
9248,9560
8997,9794
8800,9915
8434,9919
8184,10121
8016,10134
7865,10052
7711,10011
7524,9998
7391,9897
7245,9808
7184,9641
7160,9392
7187,9159
7283,8765
7379,8461
7539,8302
7736,8038
7952,7761
8230,7530
8543,7291
8800,7142
8989,7019
9138,6891
9338,6849
9511,6785
9592,6834
9724,6887
9730,6960
9670,7049
9647,7195
9667,7372
9617,7506
9779,7648
9753,7909
9808,8137
9849,8418
9797,8661
9754,8912
9601,9120
9534,9255
9456,9495
9300,9884
9057,10294
8831,10519
8583,10576
8323,10669
7965,10850
7802,10907
7520,11020
7274,10954
7107,10820
6969,10620
6854,10438
6788,10278
6735,10032
6769,9807
6784,9585
6894,9272
7031,8910
7154,8560
7329,8247
7541,7968
7605,7718
7730,7586
7772,7432
7738,7266
7823,7180
7972,7165
7809,7097
7980,6985
8379,6938
8193,6917
7620,6980
7093,7006
6658,7049
6428,7086
6270,7222
6221,7336
6184,7469
6164,7616
6166,7873
6146,8143
6144,8335
6139,8539
6140,8795
6131,9008
6136,9273
6143,9553
6143,9726
6133,9913
6125,9987
6125,9860
6110,9973
6131,9995
6134,9805
6134,9537
6112,9324
6114,9056
6119,8852
6125,8577
6118,8324
6118,8022
6111,7790
6118,7607
6131,7442
6116,7278
6114,7126
6118,7042
6110,6924
6122,6862
6105,6789
6120,6681
6111,6655
6121,6639
6116,6637
6106,6661
6117,6705
6124,6770
6117,6834
6107,6821
6120,6820
6114,6941
6115,6990
6107,7007
6114,7125
6113,7182
6114,7053
6112,6788
6111,6493
6114,6343
6118,6230
6102,6182
6108,6135
6108,6144
6104,6127
6110,6122
6111,6106
6115,6099
6113,6117
6110,6108
6105,6101
6104,6102
6107,6102
6108,6114
6109,6090
6099,6092
6100,6068
6113,6068
6123,6069
6104,6053
6111,6065
6110,6064
6106,6036
6105,6069
6112,6061
6099,6055
6107,6054
6113,6055
6107,6066
6102,6055
6103,6070
6109,6066
6103,6054
6114,6057
6103,6060
6108,6060
6108,6052
6109,6060
6106,6051
6101,6055
6101,6054
6107,6039
6109,6048
6106,6052
6113,6051
6112,6056
6109,6064
6112,6055
6116,6058
6098,6063
6116,6057
6106,6058
6109,6062
6110,6055
6114,6054
6114,6046
6118,6061
6113,6057
6104,6051
6108,6057
6115,6045
6112,6047
6119,6035
6109,6061
6113,6040
6126,6057
6104,6049
6100,6047
6107,6036
6115,6053
6118,6051
6100,6037
6113,6043
6117,6056
6111,6040
6110,6056
6109,6039
6112,6053
6117,6055
6118,6051
6108,6041
6119,6031
6105,6049
6110,6056
6108,6050
6115,6058
6118,6041
6114,6045
6114,6049
6114,6056
6112,6038
6119,6050
6108,6037
6105,6052
6116,6026
6112,6045
6112,6042
6114,6049
6114,6042
6109,6042
6111,6044
6107,6046
6103,6041
6104,6057
6112,6037
6109,6050
6113,6050
6104,6045
6100,6047
6110,6054
6105,6045
6106,6049
6111,6051
6108,6046
6113,6059
6116,6032
6106,6050
6105,6059
6099,6054
6108,6052
6110,6055
6115,6047
6110,6048
6101,6046
6106,6048
6106,6049
6107,6045
6107,6050
6102,6043
6109,6044
6114,6050
6115,6053
6104,6050
6110,6048
6105,6041
6117,6040
6108,6044
6103,6050
6107,6050
6105,6037
6106,6047
6104,6046
6114,6045
6106,6063
6103,6047
6107,6040
6116,6060
6113,6046
6108,6056
6104,6040
6104,6048
6109,6046
6110,6055
6112,6057
6088,6055
6100,6046
6104,6055
6106,6054
6103,6044
6108,6047
6109,6054
6109,6048
6103,6049
6095,6056
6100,6052
6109,6047
6108,6053
6104,6041
6102,6054
6111,6056
6103,6037
6110,6054
6112,6053
6112,6052
6099,6048
6104,6039
6105,6025
6109,6051
6107,6056
6107,6050
6102,6030
6057,5960
5978,5894
6156,6085
6104,6027
6034,5980
6118,6091
6077,6015
6101,6047
6087,6042
6110,6053
6113,6034
6100,6045
6108,6040
6108,6046
6110,6047
6098,6048
6101,6029
6109,6041
6103,6036
6087,6040
6101,6037
6102,6036
6098,6051
6113,6035
6100,6038
6099,6031
6107,6049
6111,6048
6105,6046
6093,6032
6100,6041
6108,6040
6105,6043
6100,6044
6105,6044
6109,6054
6104,6039
6111,6055
6096,6056
6098,6048
6102,6038
6107,6050
6104,6050
6097,6038
6103,6051
6096,6044
6108,6042
6116,6049
6102,6046
6096,6040
6106,6053
6092,6053
6099,6051
6100,6052
6101,6043
6094,6057
6099,6022
6111,6050
6104,6051
6097,6049
6104,6060
6104,6037
6104,6045
6105,6049
6104,6043
6110,6034
6112,6051
6102,6053
6102,6050
6105,6050
6107,6045
6101,6029
6101,6043
6107,6051
6108,6041
6112,6041
6104,6060
6100,6048
6107,6053
6112,6061
6117,6032
6110,6063
6108,6055
6103,6054
6115,6049
6104,6057
6103,6050
6111,6059
6100,6052
6111,6055
6104,6040
6094,6043
6111,6057
6104,6050
6110,6058
6106,6062
6115,6062
6106,6047
6118,6054
6116,6050
6112,6049
6113,6058
6118,6051
6097,6053
6111,6043
6107,6057
6104,6054
6097,6061
6112,6055
6117,6055
6112,6053
6102,6065
6109,6045
6097,6056
6091,6053
6106,6042
6103,6059
6114,6043
6112,6048
6115,6057
6110,6053
6098,6062
6106,6062
6113,6048
6110,6027
6105,6052
6107,6053
6106,6061
6103,6060
6098,6044
6106,6048
6109,6053
6108,6050
6108,6038
6106,6043
6104,6049
6109,6047
6100,6056
6105,6050
6108,6046
6099,6056
6104,6055
6101,6055
6107,6060
6107,6057
6103,6046
6101,6044
6097,6055
6109,6053
6104,6060
6096,6047
6108,6047
6112,6044
6106,6056
6110,6042
6102,6036
6114,6039
6102,6049
6102,6050
6107,6048
6103,6051
6105,6040
6104,6044
6110,6042
6106,6040
6112,6039
6111,6055
6111,6054
6097,6033
6107,6038
6114,6048
6114,6051
6113,6061
6109,6049
6106,6053
6104,6048
6108,6043
6112,6061
6114,6052
6110,6033
6111,6066
6108,6058
6109,6054
6109,6054
6108,6050
6109,6050
6116,6053
6116,6047
6113,6045
6119,6029
6116,6046
6112,6058
6115,6050
6114,6053
6108,6050
6116,6060
6129,6058
6123,6049
6119,6050
6110,6055
6118,6060
6118,6053
6112,6029
6112,6057
6118,6059
6117,6054
6114,6052
6107,6050
6116,6055
6109,6057
6120,6047
6112,6055
6106,6038
6116,6058
6116,6055
6105,6048
6109,6061
6104,6056
6101,6061
6111,6043
6114,6053
6113,6050
6115,6056
6111,6048
6117,6054
6108,6045
6113,6052
6117,6060
6114,6049
6117,6054
6108,6056
6100,6055
6119,6054
6104,6056
6113,6048
6106,6052
6112,6053
6119,6064
6110,6054
6106,6047
6116,6050
6094,6043
6118,6047
6115,6043
6108,6038
6115,6040
6115,6048
6112,6043
6119,6056
6110,6054
6111,6060
6103,6060
6109,6051
6119,6046
6106,6045
6125,6040
6114,6049
6099,6048
6116,6054
6109,6055
6103,6065
6106,6058
6107,6053
6105,6048
6119,6053
6113,6055
6117,6050
6075,6279
6013,5973
6160,6133
6081,6034
6136,6060
6102,6035
6137,6057
6111,6047
6112,6054
6120,6049
6116,6050
6115,6024
6111,6042
6116,6058
6118,6063
6118,6051
6115,6056
6128,6049
6103,6034
6117,6054
6125,6045
6110,6054
6115,6052
6111,6055
6120,6053
6114,6060
6110,6046
6129,6046
6118,6056
6120,6049
6116,6053
6122,6048
6119,6050
6115,6065
6112,6053
6111,6056
6127,6055
6130,6058
6121,6058
6118,6057
6117,6057
6123,6051
6121,6056
6124,6057
6116,6038
6122,6043
6118,6052
6112,6061
6121,6063
6132,6066
6115,6060
6114,6049
6119,6061
6123,6040
6128,6040
6119,6058
6119,6058
6120,6048
6117,6055
6117,6061
6112,6063
6113,6047
6117,6055
6117,6054
6121,6054
6111,6042
6127,6042
6118,6049
6119,6039
6117,6044
6119,6049
6118,6049
6117,6052
6117,6061
6114,6060
6124,6054
6125,6058
6120,6059
6111,6049
6111,6049
6120,6056
6118,6062
6117,6048
6114,6033
6112,6048
6114,6060
6127,6046
6115,6050
6113,6057
6122,6044
6118,6027
6121,6058
6113,6056
6126,6046
6118,6047
6114,6060
6114,6047
6117,6060
6119,6040
6121,6051
6115,6060
6115,6060
6117,6044
6114,6031
6117,6060
6111,6057
6127,6056
6118,6057
6118,6049
6116,6054
6118,6046
6109,6060
6119,6057
6116,6042
6115,6054
6113,6048
6114,6056
6117,6050
6114,6057
6114,6053
6119,6053
6114,6058
6113,6052
6113,6052
6112,6048
6114,6058
0,20
0,61680
0,0
6112,6060
5609,5567
5599,5567
5602,5576
5602,5577
5605,5578
5597,5585
5604,5579
5599,5576
5815,5758
6320,6285
6264,6262
6256,6269
6279,6285
6283,6284
6302,6294
6295,6307
6287,6290
6298,6275
6308,6294
6278,6306
6305,6296
6211,6258
6195,6194
6260,6290
6338,6376
6284,6336
6290,6296
6289,6314
6291,6316
6297,6313
6284,6329
6295,6287
6281,6278
6271,6266
6267,6287
6301,6280
6292,6273
6282,6305
6294,6305
6263,6288
6288,6299
6288,6277
6278,6305
6287,6302
6273,6288
6281,6317
6281,6299
6294,6315
6289,6295
6283,6307
6303,6287
6313,6275
6296,6294
6286,6284
6268,6292
6276,6263
6300,6291
6303,6325
6263,6310
6273,6290
6290,6308
6276,6294
6272,6293
6268,6300
6292,6309
6284,6286
6304,6295
6298,6315
6293,6301
6284,6274
6279,6288
6268,6282
6287,6295
6276,6305
6298,6294
6283,6274
6279,6288
6283,6296
6285,6313
6289,6291
6279,6288
6266,6291
6288,6324
6284,6317
6281,6319
6292,6317
6287,6314
6246,6308
6260,6303
6277,6289
6263,6288
6266,6281
6271,6295
6279,6308
6293,6329
6293,6326
6279,6307
6258,6302
6263,6314
6264,6300
6282,6270
6287,6293
6264,6289
6272,6286
6276,6282
6259,6308
6271,6299
6283,6289
6290,6314
6280,6282
6281,6313
6270,6308
6265,6295
6281,6289
6298,6290
6305,6280
6295,6299
6281,6342
6274,6312
6303,6305
6303,6315
6293,6324
6305,6333
6311,6334
6292,6323
6273,6314
6279,6331
6291,6312
6286,6306
6262,6314
6259,6345
6277,6319
6287,6288
6262,6286
6282,6293
6269,6281
6280,6288
6266,6316
6268,6299
6296,6297
6278,6320
6271,6295
6276,6315
6283,6328
6296,6316
6296,6333
6293,6320
6284,6322
6287,6301
6280,6323
6274,6322
6257,6298
6276,6317
6290,6321
6294,6346
6303,6368
6292,6351
6310,6336
6304,6332
6285,6343
6280,6341
6269,6323
6277,6341
6287,6351
6275,6348
6286,6319
6292,6328
6276,6325
6275,6347
6271,6318
6281,6307
6268,6338
6252,6324
6257,6341
6276,6337
6279,6303
6291,6304
6286,6341
6290,6314
6282,6309
6289,6311
6265,6316
6273,6304
6278,6296
6293,6317
6279,6339
6289,6336
6295,6331
6280,6344
6286,6351
6279,6350
6278,6342
6270,6325
6265,6366
6272,6354
6274,6362
6285,6356
6272,6353
6285,6353
6280,6346
6289,6354
6262,6360
6260,6338
6273,6320
6263,6336
6261,6331
6284,6338
6279,6322
6273,6308
6278,6326
6277,6316
6283,6328
6284,6325
6277,6339
6275,6360
6272,6370
6266,6347
6265,6354
6270,6322
6260,6328
6256,6344
6252,6354
6260,6351
6260,6386
6264,6378
6257,6387
6255,6343
6273,6341
6271,6347
6256,6344
6256,6350
6239,6350
6244,6356
6248,6339
6257,6348
6266,6340
6260,6345
6251,6314
6236,6314
6232,6339
6246,6360
6243,6379
6232,6360
6249,6375
6253,6389
6256,6372
6261,6344
6247,6326
6251,6343
6258,6372
6242,6370
6238,6360
6267,6357
6251,6346
6253,6355
6247,6354
6246,6334
6237,6339
6251,6328
6254,6345
6241,6336
6235,6355
6232,6363
6216,6340
6226,6359
6223,6338
6240,6364
6250,6332
6245,6328
6241,6336
6231,6324
6240,6358
6239,6356
6245,6353
6258,6344
6251,6345
6251,6359
6246,6388
6239,6363
6245,6361
6256,6358
6253,6382
6238,6364
6229,6360
6248,6361
6237,6336
6232,6335
6224,6310
6217,6361
6459,6234
6609,6230
6131,6279
6090,6202
6264,6348
6160,6289
6244,6390
6232,6363
6237,6381
6223,6338
6232,6346
6221,6365
6246,6354
6237,6362
6237,6367
6237,6349
6239,6361
6223,6372
6228,6345
6241,6359
6239,6370
6224,6345
6224,6345
6217,6340
6232,6372
6224,6403
6230,6387
6215,6418
6215,6402
6235,6417
6238,6401
6243,6407
6227,6411
6223,6402
6222,6423
6231,6388
6217,6383
6231,6418
6228,6371
6220,6405
6230,6407
6230,6353
6229,6359
6216,6378
6222,6369
6211,6375
6232,6363
6208,6358
6246,6368
6225,6390
6233,6379
6218,6394
6223,6367
6220,6375
6202,6395
6222,6370
6217,6349
6207,6371
6222,6373
6196,6379
6209,6351
6216,6369
6216,6374
6226,6383
6238,6361
6228,6370
6216,6374
6212,6350
6208,6371
6220,6371
6219,6370
6221,6398
6217,6415
6208,6406
6209,6372
6213,6409
6204,6380
6228,6379
6214,6405
6225,6391
6214,6362
6212,6358
6209,6358
6200,6370
6209,6377
6220,6363
6212,6388
6220,6367
6218,6395
6221,6417
6210,6357
6199,6386
6204,6385
6214,6403
6207,6388
6208,6376
6205,6364
6215,6398
6191,6377
6219,6371
6207,6371
6203,6354
6204,6363
6222,6371
6217,6388
6207,6391
6213,6368
6216,6365
6218,6375
6207,6349
6207,6387
6212,6380
6198,6417
6202,6402
6202,6413
6217,6385
6206,6383
6206,6375
6213,6380
6210,6370
6199,6377
6215,6388
6207,6372
6214,6351
6219,6360
6209,6364
6206,6359
6196,6343
6203,6355
6214,6331
6206,6352
6208,6364
6196,6348
6204,6332
6218,6339
6218,6352
6214,6388
6211,6348
6207,6357
6197,6392
6200,6389
6215,6374
6215,6362
6212,6371
6213,6371
6209,6369
6228,6392
6200,6385
6207,6417
6204,6395
6212,6395
6205,6381
6210,6382
6196,6366
6207,6388
6226,6395
6211,6431
6216,6402
6212,6401
6208,6424
6208,6380
6217,6381
6198,6392
6210,6397
6202,6380
6214,6375
6217,6349
6207,6375
6205,6397
6204,6342
6198,6371
6212,6375
6210,6375
6203,6402
6204,6383
6212,6360
6202,6347
6209,6342
6209,6358
6210,6360
6218,6359
6212,6355
6199,6371
6210,6345
6218,6380
6201,6392
6215,6403
6210,6423
6208,6393
6200,6384
6191,6393
6196,6378
6191,6382
6212,6377
6205,6334
6208,6349
6215,6338
6203,6331
6215,6361
6222,6387
6206,6372
6227,6372
6203,6366
6203,6388
6208,6388
6215,6367
6193,6392
6208,6382
6210,6356
6217,6375
6213,6310
6214,6346
6213,6365
6212,6367
6217,6366
6216,6363
6219,6374
6211,6353
6210,6366
6219,6373
6205,6368
6208,6338
6216,6369
6223,6374
6212,6373
6220,6418
6217,6403
6204,6397
6215,6368
6209,6337
6200,6338
6214,6334
6205,6352
6211,6375
6226,6347
6221,6373
6212,6358
6211,6381
6217,6388
6222,6396
6209,6385
6226,6379
6221,6353
6214,6366
6206,6369
6227,6360
6207,6346
6211,6349
6223,6358
6205,6381
6223,6323
6224,6328
6223,6327
6225,6333
6200,6318
6202,6338
6214,6346
6219,6342
6217,6339
6201,6360
6209,6337
6220,6341
6209,6358
6208,6357
6220,6342
6232,6369
6225,6339
6266,6353
6183,6326
6220,6337
6274,6414
6206,6343
6221,6337
6222,6360
6236,6366
6213,6361
6228,6360
6222,6357
6215,6343
6217,6337
6230,6340
6218,6345
6230,6352
6222,6335
6224,6342
6221,6334
6234,6315
6217,6314
6232,6315
6241,6334
6241,6342
6239,6348
6240,6331
6243,6330
6243,6320
6219,6321
6214,6315
6221,6345
6220,6334
6220,6349
6221,6338
6214,6322
6215,6338
6223,6353
6228,6356
6231,6371
6231,6372
6223,6377
6237,6384
6248,6373
6246,6352
6236,6360
6236,6347
6230,6335
6225,6344
6227,6376
6249,6378
6259,6355
6257,6363
6275,6363
6275,6355
6293,6369
6321,6342
6357,6357
6373,6335
6388,6346
6461,6371
6485,6360
6545,6402
6591,6363
6704,6382
6780,6413
6823,6422
6930,6395
7016,6386
7082,6386
7175,6392
7210,6382
7309,6395
7337,6403
7367,6376
7483,6355
7555,6380
7603,6351
7708,6369
7658,6370
7643,6369
7519,6354
7405,6377
7223,6386
7110,6387
6979,6361
6918,6371
6891,6363
6810,6332
6752,6352
6710,6344
6639,6371
6616,6351
6613,6365
6639,6397
6701,6411
6774,6389
6846,6388
6945,6399
7033,6429
7133,6438
7292,6453
7367,6441
7595,6442
7827,6474
8008,6462
8280,6459
8441,6474
8637,6490
8802,6512
8972,6511
9132,6512
9135,6494
9204,6480
9195,6497
9182,6518
9108,6544
9062,6604
9007,6643
9006,6771
8872,6859
8626,6956
8465,7031
8250,7085
8020,7143
7762,7248
7646,7334
7442,7369
7282,7464
7137,7603
7019,7672
6927,7749
6861,7743
6826,7714
6808,7684
6770,7750
6755,7736
6767,7758
6831,7690
6902,7619
7013,7546
7177,7484
7369,7403
7545,7284
7782,7178
7988,7073
8112,7023
8289,6973
8558,6877
8840,6777
9021,6720
9268,6645
9425,6654
9653,6676
9749,6719
9960,6799
10119,6887
10167,6951
10066,7008
10051,7098
9951,7224
9673,7407
9446,7462
9262,7564
9043,7676
8661,7787
8436,7930
8203,8025
7909,8140
7675,8221
7499,8228
7358,8269
7254,8333
7142,8343
7055,8314
6946,8339
6899,8334
6854,8319
6840,8319
6861,8250
6870,8158
6920,7993
7030,7885
7137,7813
7252,7719
7403,7537
7635,7409
7806,7292
7929,7186
8094,7103
8182,6967
8316,6851
8465,6786
8694,6730
8750,6721
8803,6701
8950,6716
9034,6767
9047,6848
9121,6962
9232,7152
9362,7308
9455,7508
9389,7678
9337,7795
9186,7931
9086,7996
8956,8084
8837,8206
8652,8274
8336,8312
8092,8428
7911,8432
7707,8417
7530,8482
7348,8553
7165,8440
7013,8443
6849,8360
6742,8297
6679,8236
6646,8164
6651,8100
6681,7970
6725,7780
6810,7601
6888,7507
6989,7387
7190,7300
7367,7119
7500,7036
7740,6994
7919,6888
8131,6845
8368,6824
8586,6762
8777,6697
9018,6682
9091,6645
9184,6679
9353,6738
9417,6761
9367,6898
9321,6970
9282,7125
9186,7281
9119,7428
8982,7588
8806,7763
8644,7950
8417,8113
8256,8275
8084,8461
7940,8589
7743,8729
7598,8863
7391,8980
7263,8977
7095,9101
7014,9165
6868,9195
6801,9074
6761,8993
6698,8937
6674,8770
6696,8621
6692,8496
6695,8387
6758,8275
6815,7643
6782,7753
6589,7348
7281,7534
7301,7181
7485,7156
7663,7050
7852,6882
8048,6748
8155,6690
8271,6625
8396,6567
8591,6573
8672,6598
8751,6625
8868,6695
8937,6719
9031,6819
9093,6904
9085,6998
9097,7090
9153,7256
9206,7432
9208,7598
9075,7720
9078,7781
9017,7856
8868,7977
8674,8075
8485,8223
8335,8269
8077,8380
7887,8427
7757,8506
7552,8595
7323,8590
7149,8615
6991,8595
6859,8622
6770,8516
6673,8383
6645,8257
6598,8137
6635,8016
6693,7922
6758,7789
6844,7608
6997,7417
7147,7310
7331,7219
7517,7063
7711,6977
7837,6870
7990,6813
8100,6750
8284,6771
8400,6691
8536,6655
8674,6635
8739,6638
8873,6648
8936,6685
8981,6700
9048,6758
9049,6866
9090,6978
9001,7178
8972,7342
8867,7492
8860,7693
8690,7892
8619,8048
8500,8220
8267,8386
8067,8549
7870,8654
7706,8788
7557,8872
7458,9035
7254,9100
7041,9033
6896,8988
6798,8870
6693,8722
6654,8631
6609,8442
6590,8326
6629,8135
6666,7965
6754,7774
6883,7670
7010,7472
7151,7321
7257,7157
7439,6995
7603,6873
7797,6757
7962,6673
8087,6622
8209,6558
8293,6531
8443,6512
8521,6492
8495,6505
8547,6522
8551,6576
8591,6648
8619,6705
8604,6804
8573,6880
8467,7011
8433,7149
8333,7280
8217,7448
8129,7604
8048,7720
7962,7840
7820,8014
7717,8159
7604,8251
7452,8336
7322,8432
7195,8532
7062,8547
6963,8571
6853,8589
6728,8612
6670,8465
6602,8387
6564,8283
6556,8155
6536,8034
6566,7918
6594,7736
6685,7565
6769,7418
6892,7229
7000,7104
7154,6974
7323,6835
7514,6741
7733,6679
7911,6600
8129,6534
8310,6557
8467,6528
8682,6527
8885,6542
8986,6567
9100,6569
9270,6617
9347,6695
9389,6723
9310,6766
9394,6882
9278,6913
9145,7009
8999,7147
8851,7246
8697,7345
8528,7418
8349,7472
8154,7580
7950,7714
7748,7797
7539,7857
7365,7909
7242,7919
7078,7976
6911,8006
6799,8034
6694,7930
6654,7916
6631,7926
6636,7875
6671,7815
6750,7742
6805,7645
6906,7542
7006,7404
7120,7276
7227,7186
7388,7081
7583,6942
7760,6806
7856,6713
8027,6575
8268,6546
8410,6478
8619,6461
8861,6447
9004,6462
9103,6484
9273,6566
9469,6653
9564,6757
9579,6906
9640,7012
9589,7190
9507,7315
9445,7480
9335,7649
9209,7787
8968,7880
8679,8066
8505,8220
8302,8354
8079,8501
7898,8551
7671,8590
7510,8569
7309,8555
7211,8515
7029,8528
6909,8383
6785,8337
6735,8340
6708,8244
6634,8143
6616,7999
6621,7927
6638,7799
6708,7712
6818,7612
6890,7503
7049,7400
7152,7220
7358,7119
7563,7027
7749,6908
7931,6815
8127,6743
8307,6712
8480,6648
8607,6628
8894,6641
9083,6650
9258,6671
9357,6694
9461,6760
9461,6842
9524,6961
9537,7129
9492,7257
9276,7384
9073,7555
8923,7679
8816,7746
8721,7878
8427,7954
8174,8012
7952,8054
7793,8094
7592,8159
7438,8217
7274,8208
7090,8255
6944,8324
6853,8416
6811,8289
6725,8261
6672,8210
6655,8065
6707,7959
6735,7900
6815,7807
6897,7751
7025,7623
7175,7536
7230,7381
7391,7250
7583,7156
7881,7070
8127,6943
8401,6767
8502,6653
8563,6643
8750,6567
8873,6503
8947,6498
9146,6492
9189,6560
9322,6620
9279,6710
9289,6818
9147,6928
9096,7046
8906,7168
8875,7297
8802,7502
8605,7635
8536,7707
8400,7835
8193,8034
8205,8121
8135,8230
7858,8358
7736,8443
7632,8494
7419,8568
7368,8624
7206,8708
7031,8638
6922,8647
6854,8647
6747,8599
6669,8461
6620,8363
6611,8269
6598,8100
6612,7897
6702,7788
6774,7635
6884,7502
6969,7352
7100,7230
7233,7059
7377,6924
7520,6817
7635,6734
7700,6646
7851,6612
7968,6560
7998,6560
8090,6551
8084,6582
8121,6655
8157,6755
8212,6797
8207,6868
8192,6932
8185,7044
8147,7121
8167,7229
8138,7290
8105,7396
7997,7503
7944,7558
7914,7751
7877,7877
7781,7949
7620,8100
7492,8153
7377,8292
7220,8328
7084,8393
6934,8428
6815,8431
6728,8505
6654,8452
6621,8349
6594,8187
6644,8059
6733,7935
6829,7845
6983,7626
7191,7519
7383,7406
7570,7233
7773,7069
8003,6959
8252,6814
8440,6771
8686,6643
8916,6597
9124,6565
9388,6528
9640,6485
9845,6470
9971,6467
10088,6478
10101,6550
10189,6600
10007,6677
10004,6735
10102,6815
10030,6925
9756,7070
9581,7200
9489,7421
9201,7550
8957,7772
8783,7896
8522,8128
8331,8284
8082,8367
7865,8438
7656,8518
7430,8586
7274,8600
7122,8621
7008,8541
6916,8525
6803,8522
6717,8407
6659,8265
6652,8108
6665,7952
6720,7728
6858,7608
6979,7471
7143,7315
7305,7179
7564,7017
7754,6913
8023,6803
8298,6695
8541,6611
8771,6534
9046,6511
9269,6486
9581,6493
9914,6531
10106,6579
10305,6688
10429,6772
10499,6810
10832,6962
11213,7078
11246,7228
11274,7374
11192,7570
11058,7747
10790,7900
10854,8093
10643,8174
10411,8328
9993,8466
9670,8545
9317,8622
8931,8744
8514,8711
8177,8736
7904,8839
7602,8868
7352,8868
7188,8873
7006,8796
6883,8719
6842,8589
6802,8417
6851,8333
6875,8245
6965,8093
7095,7888
7200,7750
7297,7608
7439,7480
7551,7319
7730,7265
7964,7126
8116,6998
8349,6885
8522,6732
8724,6633
8934,6580
9159,6572
9586,6554
9813,6581
9889,6645
10034,6705
10182,6843
10378,6988
10517,7159
10510,7305
10512,7622
10391,7854
10332,8096
10266,8402
10208,8653
9958,8888
9659,9134
9365,9271
9144,9397
8922,9423
8664,9507
8326,9480
8040,9522
7780,9491
7533,9457
7311,9401
7187,9253
6998,9059
6923,9016
6874,8975
6856,8783
6893,8642
6970,8434
7134,8182
7382,8030
7640,7913
7905,7779
8171,7663
8469,7438
8891,7208
9291,7034
9705,6967
10106,6798
10563,6700
10869,6618
11088,6585
11394,6570
11652,6586
11571,6606
11603,6665
11553,6751
11440,6871
11490,7025
11458,7260
11328,7439
11112,7749
10911,8008
10861,8241
10748,8411
10513,8652
10176,8878
9871,9179
9563,9370
9230,9546
9021,9813
8788,9941
8464,9988
8255,10109
8035,10135
7857,10051
7711,10053
7507,9996
7379,9909
7266,9825
7180,9609
7194,9402
7205,9142
7289,8783
7379,8480
7505,8230
7785,8013
7883,7659
8150,7399
8576,7276
8764,7086
9016,7047
9100,6947
9369,6896
9480,6801
9539,6826
9735,6880
9758,6997
9681,7079
9688,7233
9700,7346
9676,7514
9816,7658
9793,7907
9840,8154
9818,8396
9851,8685
9698,8982
9596,9137
9525,9244
9504,9524
9308,9919
9105,10287
8815,10556
8637,10685
8351,10841
8004,10848
7773,10899
7491,11008
7272,10930
7097,10833
6995,10625
6842,10492
6793,10291
6734,10012
6765,9845
6769,9613
6890,9282
7036,8887
7149,8586
7312,8294
7551,7981
7631,7753
7727,7578
7768,7388
7790,7280
7826,7220
7951,7153
7783,7080
8001,6973
8378,6947
8203,6943
7592,6925
7048,6988
6650,7030
6411,7134
6275,7207
6221,7362
6197,7466
6174,7601
6161,7871
6158,8141
6155,8346
6140,8567
6137,8789
6131,9085
6142,9319
6146,9531
6143,9737
6133,9899
6131,9950
6125,9907
6120,10013
6122,9968
6127,9850
6129,9539
6115,9346
6121,9056
6118,8803
6120,8601
6113,8358
6123,8013
6111,7800
6123,7558
6128,7473
6110,7303
6117,7122
6113,7053
6117,6934
6124,6871
6110,6810
6118,6702
6118,6642
6128,6638
6113,6633
6108,6634
6119,6703
6124,6768
6113,6820
6115,6826
6118,6850
6118,6926
6111,7002
6108,7000
6112,7135
6109,7214
6114,7060
6114,6804
6110,6511
6111,6358
6111,6244
6104,6208
6110,6159
6105,6135
6106,6120
6117,6120
6106,6101
6111,6099
6112,6110
6106,6104
6102,6094
6105,6106
6106,6090
6105,6111
6104,6093
6104,6081
6105,6067
6105,6077
6117,6056
6096,6056
6105,6069
6117,6061
6110,6061
6104,6067
6107,6052
6107,6056
6105,6061
6109,6067
6108,6065
6105,6060
6097,6045
6108,6058
6104,6058
6108,6055
6103,6061
6108,6070
6111,6051
6107,6061
6112,6054
6103,6050
6110,6049
6107,6046
6100,6047
6109,6048
6106,6056
6117,6053
6107,6059
6117,6056
6113,6053
6111,6053
6110,6047
6120,6059
6105,6063
6110,6052
6104,6053
6116,6049
6112,6065
6115,6039
6100,6049
6111,6048
6110,6055
6117,6051
6119,6060
6127,6060
6114,6040
6114,6053
6110,6047
6114,6047
6113,6059
6110,6045
6106,6050
6104,6051
6110,6048
6121,6053
6102,6039
6098,6038
6107,6041
6112,6040
6115,6052
6116,6041
6113,6056
6115,6042
6106,6043
6107,6045
6113,6039
6106,6063
6113,6050
6113,6037
6116,6039
6111,6052
6108,6048
6113,6050
6111,6047
6116,6039
6112,6053
6113,6055
6103,6051
6111,6045
6115,6053
6105,6048
6108,6049
6110,6051
6109,6041
6107,6045
6110,6050
6110,6050
6106,6049
6107,6054
6102,6038
6108,6049
6105,6056
6107,6043
6111,6048
6106,6055
6109,6061
6113,6043
6103,6050
6105,6044
6102,6042
6091,6036
6117,6052
6116,6036
6107,6041
6103,6037
6104,6041
6119,6054
6109,6051
6109,6046
6101,6055
6109,6050
6112,6051
6114,6046
6104,6047
6110,6047
6099,6049
6115,6050
6110,6048
6104,6038
6104,6046
6108,6052
6110,6056
6105,6040
6101,6044
6107,6062
6099,6042
6117,6058
6115,6052
6109,6048
6109,6037
6102,6057
6105,6043
6104,6058
6104,6043
6170,6081
6086,6041
6241,6183
6144,6050
6131,6068
6084,6027
6100,6047
6103,6043
6115,6057
6112,6066
6105,6044
6102,6047
6106,6051
6101,6060
6101,6046
6099,6051
6105,6054
6101,6044
6106,6051
6122,6048
6110,6057
6098,6039
6102,6041
6102,6042
6102,6058
6106,6042
6110,6049
6101,6051
6104,6043
6106,6040
6103,6049
6117,6050
6111,6047
6094,6055
6104,6050
6099,6040
6099,6060
6103,6047
6107,6056
6109,6043
6108,6037
6107,6041
6111,6049
6105,6035
6111,6033
6112,6041
6106,6044
6102,6029
6107,6049
6103,6038
6102,6040
6115,6041
6098,6053
6101,6050
6098,6050
6105,6062
6101,6049
6097,6051
6098,6048
6106,6043
6102,6047
6095,6041
6111,6040
6111,6036
6102,6037
6103,6048
6098,6052
6102,6043
6104,6039
6106,6051
6105,6037
6103,6044
6101,6046
6096,6051
6096,6048
6108,6040
6096,6063
6093,6047
6102,6050
6095,6052
6106,6045
6101,6041
6095,6050
6114,6046
6103,6050
6111,6044
6104,6055
6096,6053
6103,6044
6104,6042
6098,6045
6103,6044
6104,6037
6102,6045
6104,6037
6108,6038
6095,6036
6105,6051
6105,6059
6099,6048
6104,6041
6100,6041
6109,6049
6108,6062
6109,6048
6098,6049
6106,6045
6108,6033
6115,6049
6112,6055
6106,6045
6116,6034
6110,6045
6107,6052
6103,6056
6109,6038
6104,6051
6110,6050
6099,6045
6108,6048
6112,6042
6105,6047
6115,6062
6108,6049
6116,6058
6112,6042
6113,6048
6118,6050
6112,6047
6113,6063
6114,6064
6110,6048
6119,6052
6114,6053
6115,6045
6108,6064
6114,6057
6100,6047
6109,6051
6101,6060
6111,6051
6105,6045
6103,6057
6113,6055
6108,6042
6112,6045
6119,6051
6107,6060
6118,6053
6114,6064
6107,6047
6104,6036
6107,6046
6094,6047
6113,6050
6109,6053
6105,6056
6105,6052
6112,6048
6115,6054
6111,6049
6103,6035
6105,6042
6096,6027
6103,6048
6106,6028
6109,6036
6109,6047
6109,6042
6104,6053
6106,6063
6109,6044
6103,6049
6104,6044
6106,6037
6106,6041
6113,6056
6105,6055
6099,6038
6107,6042
6108,6054
6101,6048
6109,6048
6098,6050
6078,6109
6099,6050
6108,6040
6104,6041
6114,6049
6102,6036
6105,6029
6117,6042
6104,6043
6106,6045
6102,6050
6104,6045
6102,6045
6098,6064
6117,6045
6112,6049
6110,6053
6104,6047
6102,6056
6108,6048
6110,6050
6113,6056
6113,6054
6105,6057
6116,6054
6102,6042
6115,6047
6118,6046
6104,6052
6112,6055
6117,6041
6106,6046
6116,6058
6114,6054
6119,6050
6117,6047
6121,6053
6117,6049
6114,6049
6119,6052
6126,6046
6123,6053
6118,6058
6105,6051
6107,6047
6116,6034
6113,6049
6115,6037
6116,6048
6116,6057
6123,6060
6112,6043
6105,6033
6112,6051
6113,6051
6115,6044
6116,6041
6108,6064
6110,6056
6108,6049
6109,6050
6109,6030
6108,6047
6102,6046
6107,6054
6115,6048
6108,6055
6105,6060
6114,6053
6113,6037
6112,6050
6114,6052
6117,6043
6113,6034
6111,6044
6111,6053
6114,6051
6105,6054
6116,6050
6116,6040
6113,6045
6115,6047
6108,6046
6115,6048
6109,6037
6143,6023
5706,5635
6078,6022
6096,5992
6059,5994
6107,6045
6168,6086
6113,6063
6108,6036
6125,6048
6113,6053
6114,6048
6111,6052
6107,6034
6119,6056
6123,6051
6100,6050
6110,6041
6115,6048
6116,6056
6114,6059
6110,6057
6107,6061
6114,6051
6116,6055
6119,6057
6099,6056
6107,6051
6114,6051
6115,6053
6108,6058
6115,6039
6130,6045
6114,6057
6104,6054
6111,6053
6118,6052
6110,6055
6116,6054
6106,6061
6123,6047
6112,6068
6118,6055
6114,6058
6106,6051
6122,6047
6121,6048
6109,6051
6101,6060
6110,6046
6120,6019
6118,6053
6108,6051
6117,6056
6111,6061
6118,6054
6111,6048
6127,6051
6119,6058
6125,6056
6114,6057
6111,6051
6116,6048
6127,6049
6112,6052
6119,6054
6111,6053
6107,6053
6112,6059
6112,6059
6122,6050
6117,6032
6110,6055
6122,6054
6112,6047
6114,6051
6117,6059
6117,6049
6119,6053
6127,6058
6117,6046
6115,6040
6116,6049
6116,6038
6119,6055
6123,6041
6128,6060
6128,6053
6125,6057
6117,6043
6119,6052
6116,6054
6116,6054
6115,6060
6120,6053
6118,6049
6124,6057
6119,6042
6117,6058
6118,6047
6115,6047
6121,6057
6116,6060
6119,6063
6126,6057
6117,6051
6125,6061
6117,6046
