Channel 1,Channel 2
6202,6368
6215,6388
6159,6336
6215,6388
6234,6378
6212,6392
6203,6374
6207,6357
6186,6347
6181,6355
6215,6350
6202,6365
6213,6358
6207,6347
6197,6343
6217,6353
6217,6379
6208,6340
6221,6353
6206,6351
6207,6377
6209,6373
6198,6366
6213,6352
6215,6358
6228,6329
6215,6353
6197,6339
6204,6326
6207,6338
6207,6379
6205,6356
6221,6362
6223,6361
6217,6362
6202,6365
6206,6346
6203,6369
6202,6364
6204,6365
6214,6358
6202,6351
6204,6368
6208,6365
6207,6392
6221,6344
6208,6332
6195,6342
6209,6361
6210,6360
6213,6362
6210,6359
6203,6371
6196,6358
6220,6370
6202,6358
6209,6332
6212,6357
6207,6334
6207,6333
6222,6356
6208,6347
6213,6346
6209,6329
6204,6333
6217,6330
6205,6330
6204,6329
6211,6329
6223,6326
6209,6319
6197,6311
6200,6326
6210,6331
6203,6327
6210,6329
6211,6313
6212,6324
6199,6328
6196,6337
6218,6335
6219,6335
6215,6327
6216,6338
6219,6323
6211,6312
6217,6316
6209,6319
6199,6341
6210,6334
6218,6339
6220,6325
6215,6309
6209,6326
6221,6332
6212,6328
6219,6329
6220,6321
6218,6323
6213,6332
6201,6323
6203,6325
6214,6334
6222,6319
6213,6302
6212,6292
6224,6307
6233,6318
6224,6328
6231,6325
6210,6335
6216,6287
6207,6322
6219,6307
6208,6325
6211,6304
6198,6329
6213,6316
6213,6319
6214,6331
6218,6310
6220,6333
6219,6322
6219,6314
6226,6311
6227,6319
6229,6325
6222,6337
6233,6320
6234,6320
6235,6319
6229,6304
6228,6302
6266,6329
6264,6323
6253,6310
6286,6336
6316,6314
6326,6335
6346,6326
6376,6321
6434,6321
6459,6326
6527,6337
6571,6318
6656,6348
6725,6327
6791,6331
6917,6371
6989,6343
7078,6336
7169,6343
7253,6337
7320,6314
7323,6344
7400,6337
7473,6345
7439,6345
7495,6326
7486,6324
7499,6322
7449,6335
7436,6331
7274,6334
7115,6342
6939,6354
6810,6364
6766,6340
6718,6332
6686,6334
6652,6336
6659,6343
6619,6366
6614,6356
6600,6335
6630,6340
6647,6351
6720,6362
6800,6372
6929,6361
7007,6406
7143,6399
7294,6422
7405,6415
7577,6449
7744,6463
7984,6485
8081,6487
8249,6481
8410,6502
8547,6508
8638,6498
8754,6516
8689,6508
8849,6551
8795,6555
8680,6563
8781,6610
8623,6652
8589,6725
8464,6792
8369,6910
8299,7011
8167,7071
7980,7148
7868,7228
7678,7201
7400,7295
7247,7291
7136,7376
7012,7400
6904,7448
6832,7536
6803,7561
6742,7528
6735,7540
6794,7475
6800,7424
6834,7417
6902,7423
7082,7398
7205,7354
7394,7255
7583,7202
7846,7139
8113,7049
8339,6985
8604,6840
8817,6757
8969,6708
9169,6682
9528,6650
9822,6632
9947,6636
10108,6633
10174,6670
10301,6720
10378,6800
10519,6876
10624,6999
10577,7127
10304,7186
10107,7293
9912,7414
9590,7513
9218,7646
8946,7743
8661,7847
8253,7969
7950,8001
7739,8087
7454,8126
7246,8133
7094,8203
7001,8220
6907,8155
6774,8130
6754,8104
6751,8020
6754,7994
6784,7975
6875,7963
6964,7870
7091,7772
7190,7586
7398,7482
7492,7426
7679,7347
7824,7221
8470,7571
8169,7049
7823,6414
8508,6943
8566,6705
8688,6690
8878,6631
9003,6610
9065,6731
9133,6757
9215,6894
9276,7011
9184,7179
9254,7387
9355,7610
9410,7793
9373,8001
9186,8136
8992,8167
8859,8325
8752,8438
8469,8444
8247,8547
8051,8644
7834,8626
7658,8637
7499,8531
7342,8505
7191,8510
7007,8365
6922,8279
6854,8239
6715,8132
6665,8022
6650,8007
6644,7909
6713,7802
6823,7644
6919,7500
7061,7278
7219,7220
7351,7104
7596,6960
7788,6839
7986,6774
8218,6759
8390,6694
8629,6716
8894,6685
9213,6661
9419,6691
9561,6713
9637,6759
9713,6803
9858,6885
9850,6998
9777,7160
9722,7292
9616,7454
9487,7679
9295,7823
9084,7987
8864,8148
8602,8295
8394,8346
8136,8431
7980,8604
7755,8623
7631,8812
7376,8791
7217,8898
7087,8835
6950,8843
6831,8837
6757,8885
6687,8752
6669,8659
6660,8592
6665,8388
6709,8295
6752,8105
6789,8042
6870,7873
7006,7710
7114,7519
7277,7335
7408,7204
7567,7010
7652,6915
7816,6779
7935,6700
8036,6622
8126,6564
8236,6571
8287,6608
8436,6639
8526,6710
8580,6789
8663,6896
8673,6975
8684,7095
8696,7221
8642,7375
8681,7507
8655,7688
8634,7852
8558,8008
8517,8102
8507,8153
8309,8174
8179,8237
8018,8288
7815,8298
7733,8418
7621,8519
7409,8522
7302,8523
7153,8576
7011,8513
6892,8433
6799,8394
6734,8423
6663,8225
6615,8013
6609,7959
6581,7803
6584,7689
6640,7553
6723,7418
6817,7281
6986,7104
7126,7009
7278,6932
7465,6805
7603,6758
7698,6716
7834,6658
7942,6621
8053,6657
8179,6644
8266,6634
8287,6639
8432,6632
8447,6694
8529,6741
8536,6829
8623,6902
8590,7008
8580,7098
8557,7255
8487,7436
8421,7569
8297,7634
8220,7738
8082,7833
8012,7964
7860,8140
7690,8212
7466,8238
7362,8331
7259,8428
7137,8555
6981,8628
6822,8550
6727,8467
6609,8303
6593,8173
6549,8039
6579,7914
6596,7762
6647,7671
6751,7525
6874,7393
6997,7261
7139,7114
7210,6989
7372,6882
7531,6728
7719,6683
7878,6594
8070,6534
8170,6507
8274,6474
8345,6467
8464,6480
8436,6472
8516,6493
8575,6548
8546,6599
8545,6660
8528,6753
8477,6855
8404,6923
8305,7096
8191,7199
8089,7347
7943,7503
7828,7642
7779,7754
7673,7838
7565,8000
7437,8088
7338,8208
7160,8301
7026,8366
6902,8361
6799,8481
6724,8440
6664,8427
6607,8355
6569,8244
6523,8188
6508,8130
6531,7980
6552,7877
6585,7718
6612,7582
6713,7375
6829,7271
6923,7098
7072,6972
7237,6895
7396,6746
7550,6661
7747,6621
7957,6571
8189,6564
8292,6580
8484,6578
8723,6590
8885,6607
8917,6640
9027,6662
9142,6745
9205,6837
9220,6918
9186,7000
9154,7072
8982,7154
8950,7284
8889,7434
8669,7498
8589,7601
8393,7675
8240,7732
8054,7820
7855,7858
7635,7957
7398,7911
7291,7967
7142,7962
6936,7948
6826,7972
6694,7939
6658,7861
6616,7807
6619,7861
6596,7718
6642,7708
6701,7570
6783,7495
6915,7380
7020,7286
7104,7160
7264,7116
7457,6990
7597,6846
7757,6703
7884,6633
8051,6646
8235,6496
8333,6398
8470,6354
8796,6445
8865,6464
8940,6493
9081,6583
9206,6659
9230,6766
9159,6845
9086,6969
9153,7092
9070,7241
8987,7355
8835,7566
8753,7695
8556,7780
8372,8031
8236,8132
8037,8273
7800,8318
7662,8438
7516,8449
7352,8381
7200,8321
7088,8356
6962,8414
6836,8282
6731,8202
6701,8113
6677,8023
6632,7865
6657,7760
6666,7661
6706,7533
6748,7492
6818,7462
6951,7327
7021,7174
7105,7033
7280,6971
7453,6849
7586,6758
7810,6655
7939,6638
8148,6576
8300,6527
8465,6535
8651,6542
8772,6580
8916,6625
9026,6719
9047,6818
9032,6835
9146,6946
9150,7083
9161,7195
8984,7330
8868,7421
8828,7534
8682,7590
8577,7672
8394,7883
8174,7858
7925,7822
7806,7895
7633,7915
7522,7947
7331,7966
7168,8017
7005,8066
6853,8077
6773,8076
6713,8074
6664,7986
6645,7870
6620,7869
6628,7854
6713,7745
6814,7657
6901,7645
6995,7539
7182,7424
7354,7310
7466,7174
7620,7076
7873,6925
8128,6838
8325,6748
8418,6672
8448,6635
8698,6558
8853,6528
8913,6523
9005,6552
9179,6604
9183,6653
9181,6742
9140,6885
9078,7002
9006,7127
8912,7266
8731,7420
8655,7536
8539,7689
8441,7880
8312,8051
8174,8153
8164,8236
7944,8388
7807,8518
7619,8564
7445,8666
7338,8679
7165,8774
7027,8698
6899,8574
6784,8572
6664,8607
6614,8510
6575,8412
6545,8385
6565,8236
6586,8036
6590,7906
6651,7692
6717,7477
6805,7404
6938,7234
7078,7045
7210,6923
7299,6771
7394,6695
7484,6607
7585,6574
7654,6530
7773,6526
7825,6536
7852,6566
7939,6577
8012,6665
8075,6729
8134,6776
8182,6852
8162,6958
8168,7048
8179,7125
8230,7235
8240,7330
8160,7455
8115,7499
8092,7675
8033,7809
7958,7910
7826,7987
7712,8074
7521,8082
7389,8169
7200,8258
7048,8199
6929,8201
6809,8142
6718,8232
6627,8140
6596,7959
6601,7796
6627,7649
6727,7567
6876,7449
6987,7315
7202,7158
7337,7021
7567,6924
7800,6826
8002,6737
8222,6657
8414,6545
8671,6489
8874,6452
9116,6431
9439,6430
9611,6414
9739,6413
10025,6431
10012,6492
10096,6560
10039,6611
10017,6681
10071,6746
10064,6862
9826,7000
9621,7167
9415,7355
9233,7493
9022,7695
8847,7908
8706,8096
8552,8228
8231,8307
8027,8449
7822,8579
7634,8716
7460,8746
7263,8767
7185,8777
7053,8780
6928,8781
6775,8665
6690,8562
6633,8421
6636,8334
6648,8103
6699,7992
6793,7873
6891,7661
7031,7536
7171,7390
7360,7277
7551,7075
7746,6937
7914,6790
8080,6699
8319,6629
8531,6560
8812,6518
9119,6529
9250,6532
9481,6569
9637,6659
9851,6692
10136,6766
10480,6863
10507,6963
10630,7110
10664,7202
10506,7330
10481,7484
10519,7630
10359,7714
10123,7825
9894,7971
9675,8048
9426,8187
9252,8320
8867,8372
8579,8492
8284,8624
7981,8682
7696,8721
7475,8758
7272,8766
7094,8654
6981,8582
6898,8440
6869,8490
6834,8426
6877,8322
6933,8168
7009,8008
7071,7864
7132,7692
7271,7592
7421,7503
7637,7443
7770,7288
7958,7161
8301,7137
8400,6916
8546,6820
8925,6771
9093,6642
9387,6622
9579,6564
9812,6595
9985,6633
10189,6711
10237,6806
10288,6953
10267,7125
10219,7273
10163,7500
10146,7729
10242,7983
10033,8140
9881,8398
9683,8579
9449,8720
9335,8860
9131,8934
8860,8945
8641,9105
8315,9204
8065,9273
7781,9157
7575,8977
7412,8934
7213,8962
7082,8954
6955,8822
6866,8653
6837,8537
6878,8343
6995,8207
7195,8035
7352,7923
7620,7781
7846,7671
8178,7370
8566,7229
8997,7080
9373,6910
9859,6760
10293,6709
10627,6647
10900,6543
11129,6506
11420,6480
11626,6517
11703,6552
11807,6613
11987,6671
12110,6830
12059,6961
12066,7168
11940,7362
11846,7520
11848,7737
11680,7929
11381,8128
11045,8386
10719,8606
10465,8859
10090,9117
9780,9294
9384,9420
9124,9663
8830,9891
8560,9922
8205,9875
7883,9926
7528,9852
7303,9742
7052,9693
6899,9579
6843,9454
6827,9151
6888,8945
6989,8762
7159,8535
7273,8244
7481,7980
7699,7704
7935,7523
8080,7354
8226,7206
8450,7032
8617,6825
8730,6772
8937,6748
9086,6711
9162,6722
9172,6780
9121,6856
9216,6955
9363,7042
9457,7231
9512,7463
9547,7692
9612,7967
9738,8238
9752,8388
9775,8589
9802,8763
9618,9072
9529,9489
9307,9782
9025,9885
8729,10020
8507,10280
8211,10253
7907,10342
7677,10522
7353,10375
7142,10310
6875,9901
6802,9934
6726,9853
6669,9700
6660,9457
6698,9134
6746,8876
6809,8556
6920,8300
7080,8077
7161,7762
7252,7611
7319,7409
7440,7304
7488,7237
7620,7127
7444,7061
7639,6917
8085,6921
7976,6868
7552,6850
7018,6831
6668,6864
6414,6955
6297,6990
6227,7096
6191,7167
6156,7270
6160,7450
6151,7644
6146,7788
6135,7990
6138,8155
6130,8403
6136,8686
6133,8944
6137,9106
6136,9156
6135,9334
6120,9394
6121,9321
6121,9450
6122,9338
6132,9224
6118,9086
6106,8896
6119,8722
6128,8574
6115,8372
6131,8041
6107,7902
6126,7618
6129,7491
6123,7311
6121,7165
6111,7054
6117,6961
6124,6865
6108,6737
6128,6685
6113,6612
6119,6581
6112,6567
6107,6553
6118,6593
6122,6629
6121,6708
6114,6703
6121,6694
6112,6741
6121,6734
6108,6775
6109,6881
6119,6957
6110,6896
6110,6680
6107,6493
6113,6330
6112,6228
6105,6183
6116,6134
6110,6122
6107,6123
6112,6127
6115,6095
6109,6111
6112,6111
6114,6103
6108,6098
6105,6095
6104,6104
6113,6104
6107,6097
6104,6084
6109,6064
6115,6065
6101,6062
6104,6057
6108,6074
6118,6057
6109,6063
6108,6070
6112,6069
6115,6057
6102,6067
6107,6065
6117,6067
6108,6060
6109,6063
6113,6051
6105,6050
6112,6052
6102,6061
6101,6028
6117,6048
6116,6058
6107,6066
6103,6059
6111,6046
6110,6046
6108,6062
6104,6053
6105,6064
6109,6057
6115,6050
6118,6062
6116,6058
6103,6064
6118,6056
6116,6069
6111,6045
6106,6056
6116,6041
6114,6053
6124,6065
6117,6048
6112,6055
6124,6050
6106,6050
6111,6041
6121,6059
6111,6062
6115,6050
6127,5992
6101,6038
6109,6060
6103,6053
6105,6047
6115,6056
6089,6049
6086,6017
6108,6049
6112,6042
6104,6053
6107,6029
6095,6047
6119,6064
6117,6048
6101,6044
6115,6044
6111,6058
6111,6057
6102,6047
6114,6040
6114,6058
6115,6051
6115,6063
6112,6056
6110,6047
6113,6052
6111,6044
6110,6044
6113,6046
6111,6050
6107,6028
6113,6050
6116,6057
6111,6049
6114,6054
6118,6049
6105,6044
6111,6049
6108,6061
6114,6046
6111,6049
6107,6070
6102,6061
6108,6056
6103,6041
6110,6059
6116,6033
6107,6045
6116,6060
6113,6047
6111,6049
6112,6054
6102,6055
6103,6050
6109,6049
6118,6040
6103,6058
6108,6053
6110,6048
6105,6045
6108,6063
6110,6058
6109,6059
6110,6041
6108,6059
6114,6059
6107,6050
6112,6048
6104,6053
6114,6059
6115,6049
6104,6043
6107,6052
6112,6050
6116,6056
6108,6050
6114,6047
6103,6056
6108,6048
6116,6052
6125,6052
6112,6060
6112,6042
6101,6047
6112,6049
6112,6049
6110,6060
6116,6060
6106,6054
6102,6052
6105,6056
6111,6056
6108,6041
6107,6053
6103,6059
6106,6051
6104,6051
6101,6049
6103,6056
6114,6060
6103,6063
6105,6048
6098,6048
6105,6061
6100,6050
6112,6056
6120,6058
6121,6057
6110,6052
6106,6036
6110,6043
6111,6052
6115,6060
6112,6053
6099,6042
6104,6053
6110,6049
6103,6053
6119,6063
6103,6063
6094,6049
6105,6049
6104,6050
6104,6057
6100,6046
6109,6051
6110,6041
6103,6054
6103,6042
6108,6034
6101,6054
6115,6047
6117,6053
6115,6041
6099,6048
6106,6044
6106,6047
6105,6048
6115,6050
6103,6057
6098,6047
6096,6057
6105,6054
6109,6061
6099,6047
6107,6040
6108,6056
6105,6052
6094,6040
6104,6040
6111,6043
6097,6042
6106,6041
6106,6049
6102,6053
6111,6046
6112,6045
6103,6041
6107,6053
6111,6050
6102,6051
6104,6051
6114,6035
6104,6062
6102,6049
6108,6048
6098,6048
6110,6052
6110,6054
6099,6044
6112,6045
6101,6046
6115,6039
6113,6053
6104,6042
6114,6045
6111,6045
6106,6053
6112,6048
6105,6048
6109,6054
6116,6045
6107,6061
6110,6045
6107,6044
6104,6043
6102,6047
6105,6043
6104,6063
6103,6054
6107,6047
6101,6066
6096,6051
6111,6050
6114,6031
6110,6039
6107,6052
6110,6051
6102,6047
6109,6055
6106,6044
6116,6055
6116,6059
6110,6049
6104,6063
6100,6053
6105,6050
6115,6057
6105,6047
6115,6050
6106,6058
6112,6060
6118,6050
6113,6061
6116,6048
6110,6054
6113,6054
6114,6067
6105,6049
6120,6043
6114,6064
6108,6055
6107,6061
6111,6051
6104,6058
6108,6061
6107,6053
6106,6057
6102,6056
6112,6048
6112,6057
6108,6056
6104,6048
6113,6048
6112,6046
6112,6061
6104,6059
6109,6063
6106,6040
6113,6052
6093,6048
6111,6051
6106,6055
6104,6065
6101,6058
6111,6047
6112,6057
6107,6059
6101,6045
6106,6041
6106,6051
6112,6038
6104,6053
6101,6050
6112,6050
6115,6061
6114,6041
6111,6047
6108,6046
6101,6049
6109,6053
6104,6036
6107,6070
6113,6042
6123,6062
6090,6057
6105,6053
6106,6056
6115,6048
6106,6051
6098,6058
6116,6046
5798,5763
6247,5814
6051,5937
5996,5972
5982,5899
6163,6099
6115,6058
6118,6064
6102,6030
6131,6064
6124,6055
6105,6034
6108,6063
6117,6044
6111,6057
6111,6054
6108,6044
6105,6057
6107,6054
6114,6053
6106,6055
6121,6064
6112,6060
6119,6049
6115,6034
6115,6056
6116,6054
6096,6055
6110,6053
6117,6053
6112,6050
6117,6055
6113,6050
6119,6045
6112,6056
6120,6053
6112,6054
6112,6050
6121,6046
6120,6054
6121,6046
6116,6047
6120,6048
6115,6051
6122,6046
6122,6057
6115,6048
6120,6050
6114,6059
6118,6048
6115,6044
6110,6055
6112,6056
6112,6044
6114,6047
6112,6046
6116,6051
6111,6050
6113,6049
6120,6047
6114,6050
6110,6050
6116,6046
6122,6048
6124,6054
6100,6058
6110,6041
6119,6053
6108,6043
6115,6050
6115,6068
6117,6044
6119,6049
6109,6050
6102,6093
6117,6052
6104,6046
6117,6037
6108,6055
6116,6048
6117,6057
6113,6052
6119,6046
6126,6052
6112,6030
6114,6046
6115,6017
6118,6056
6113,6047
6117,6051
6121,6047
6122,6061
6114,6051
6116,6059
6111,6049
6117,6051
6117,6059
6106,6035
6117,6054
6115,6059
6104,6048
6119,6047
6111,6057
6108,6058
6119,6053
6113,6056
6111,6051
6120,6049
6117,6058
6117,6046
6111,6046
6105,6040
6117,6054
6110,6057
6106,6057
6114,6057
6122,6060
6117,6055
6111,6047
6114,6066
6117,6057
6118,6053
6123,6053
6118,6062
6123,6065
6126,6055
6120,6063
6119,6050
6107,6042
6121,6054
6116,6040
6105,6068
6112,6065
6112,6062
6113,6036
6119,6056
6117,6054
6122,6044
6118,6058
6126,6053
6112,6050
6126,6043
6121,6053
6129,6055
6125,6048
6108,6062
6121,6060
6136,6047
6120,6052
6115,6051
6117,6049
6123,6049
6123,6061
6122,6063
6118,6049
6131,6063
6120,6058
6127,6060
6118,6055
6123,6052
6121,6061
6114,6056
6114,6077
6127,6060
6122,6036
6124,6047
6124,6050
6117,6067
6116,6055
6129,6054
6115,6052
6115,6052
6122,6051
6113,6061
6119,6058
6120,6049
6117,6052
6117,6057
6122,6046
6117,6048
6122,6054
6125,6048
6124,6052
6127,6036
6120,6055
6114,6062
6130,6057
6118,6037
6115,6056
6119,6054
6118,6057
6127,6056
6120,6064
6120,6064
6115,6059
6123,6054
6108,6056
6115,6060
6115,6059
6124,6062
6114,6059
6119,6051
6123,6056
6118,6061
6120,6051
6113,6056
6121,6053
6122,6055
6109,6066
6115,6058
6120,6059
6122,6058
6114,6056
6127,6051
6122,6058
6122,6058
6118,6058
6118,6065
6116,6059
6119,6058
6122,6059
6115,6054
6120,6052
6118,6058
6121,6056
6116,6061
6124,6044
6108,6042
6115,6062
6117,6061
6121,6050
6117,6068
6117,6051
6124,6057
6121,6059
6118,6045
0,29
0,61680
0,0
6124,6061
5601,5560
5598,5563
5610,5582
5602,5575
5607,5570
5605,5566
5605,5571
5605,5579
5827,5751
6339,6305
6299,6276
6285,6291
6279,6296
6290,6296
6305,6297
6293,6297
6289,6295
6296,6286
6296,6296
6300,6313
6292,6327
6282,6309
6290,6315
6300,6307
6295,6324
6309,6327
6297,6319
6302,6317
6300,6319
6295,6312
6287,6307
6298,6294
6294,6307
6276,6302
6299,6308
6277,6309
6292,6314
6289,6312
6285,6318
6283,6301
6288,6299
6285,6290
6279,6325
6269,6289
6273,6300
6295,6303
6297,6312
6294,6330
6281,6368
6288,6301
6306,6301
6297,6317
6292,6310
6301,6323
6300,6324
6297,6305
6284,6318
6291,6323
6278,6320
6301,6313
6315,6322
6306,6308
6281,6308
6280,6301
6282,6329
6286,6324
6292,6316
6320,6305
6296,6309
6299,6303
6285,6308
6271,6305
6296,6309
6293,6322
6296,6330
6280,6308
6266,6303
6292,6327
6303,6325
6303,6295
6305,6293
6293,6317
6297,6313
6266,6310
6286,6312
6297,6344
6296,6312
6272,6306
6268,6326
6280,6310
6280,6319
6269,6293
6282,6313
6296,6312
6294,6323
6290,6324
6282,6310
6259,6313
6276,6309
6265,6306
6277,6307
6287,6314
6291,6278
6281,6303
6284,6307
6264,6340
6276,6301
6284,6316
6285,6314
6271,6291
6284,6314
6272,6313
6270,6303
6279,6315
6281,6313
6278,6321
6286,6331
6267,6310
6278,6314
6286,6323
6288,6337
6309,6332
6280,6298
6283,6335
6292,6348
6293,6330
6295,6304
6291,6324
6283,6338
6299,6347
6281,6348
6281,6322
6283,6301
6268,6296
6280,6306
6279,6317
6272,6302
6273,6317
6273,6304
6285,6310
6280,6308
6272,6322
6271,6306
6290,6328
6293,6322
6281,6323
6291,6318
6286,6334
6290,6323
6281,6319
6289,6310
6264,6312
6276,6321
6289,6348
6291,6337
6304,6357
6273,6337
6286,6337
6287,6344
6274,6409
6295,6317
6289,6305
6271,6333
6274,6346
6273,6328
6276,6334
6271,6339
6274,6350
6266,6353
6270,6331
6274,6331
6277,6330
6257,6325
6263,6334
6263,6342
6268,6336
6278,6335
6275,6327
6279,6335
6230,6348
6201,6236
6297,6337
6278,6330
6255,6296
6286,6356
6283,6344
6286,6355
6278,6336
6271,6321
6276,6354
6275,6336
6268,6334
6273,6325
6278,6339
6271,6349
6262,6333
6273,6343
6262,6348
6250,6326
6249,6327
6249,6356
6264,6338
6285,6346
6279,6350
6290,6372
6251,6342
6259,6340
6266,6362
6267,6347
6256,6338
6257,6313
6257,6343
6301,6328
6286,6320
6265,6323
6273,6346
6262,6351
6288,6365
6268,6370
6270,6368
6250,6359
6261,6368
6246,6349
6247,6352
6251,6368
6253,6382
6249,6346
6265,6355
6261,6353
6253,6354
6260,6350
6242,6370
6253,6349
6229,6341
6243,6360
6236,6349
6257,6343
6259,6339
6246,6332
6237,6369
6236,6372
6235,6383
6225,6379
6231,6378
6241,6392
6241,6389
6246,6372
6242,6362
6246,6368
6258,6403
6246,6403
6227,6382
6254,6376
6241,6383
6273,6369
6250,6366
6251,6360
6230,6374
6235,6402
6248,6368
6227,6365
6245,6373
6241,6345
6233,6368
6227,6344
6216,6335
6235,6341
6238,6365
6233,6327
6236,6348
6233,6356
6248,6368
6231,6341
6239,6391
6245,6372
6250,6363
6256,6371
6254,6377
6232,6387
6241,6390
6232,6372
6245,6393
6240,6387
6226,6364
6248,6354
6245,6361
6226,6337
6245,6379
6219,6393
6217,6381
6246,6390
6225,6400
6229,6369
6228,6367
6242,6377
6237,6385
6233,6376
6233,6385
6220,6360
6228,6353
6237,6318
6233,6362
6228,6370
6228,6370
6234,6386
6237,6381
6230,6370
6218,6363
6234,6374
6237,6357
6229,6340
6226,6333
6226,6323
6239,6352
6233,6356
6223,6396
6215,6392
6229,6380
6240,6399
6241,6388
6228,6391
6222,6384
6222,6385
6226,6393
6232,6375
6237,6393
6231,6403
6218,6378
6225,6382
6230,6395
6234,6377
6224,6372
6222,6367
6220,6383
6224,6361
6225,6386
6231,6359
6238,6359
6216,6379
6220,6369
6241,6367
6223,6389
6221,6368
6209,6386
6225,6379
6228,6393
6227,6378
6223,6372
6213,6367
6213,6359
6231,6375
6217,6361
6226,6374
6243,6378
6225,6365
6224,6370
6229,6344
6224,6380
6228,6367
6217,6393
6225,6413
6212,6377
6214,6379
6205,6381
6215,6385
6225,6369
6220,6392
6232,6389
6223,6385
6219,6374
6215,6374
6230,6370
6215,6375
6216,6379
6219,6387
6217,6380
6212,6396
6224,6398
6224,6404
6220,6384
6216,6405
6218,6406
6220,6410
6225,6424
6221,6425
6233,6409
6210,6415
6207,6403
6210,6399
6222,6365
6219,6394
6202,6396
6217,6382
6219,6399
6212,6395
6213,6385
6220,6369
6221,6376
6221,6366
6214,6380
6212,6387
6206,6408
6210,6385
6217,6402
6211,6397
6215,6403
6201,6391
6208,6355
6211,6366
6226,6363
6217,6395
6199,6371
6210,6374
6221,6381
6214,6397
6210,6377
6204,6356
6213,6361
6225,6337
6206,6351
6213,6351
6199,6349
6210,6337
6208,6345
6223,6360
6216,6377
6211,6365
6206,6385
6214,6375
6197,6384
6216,6389
6214,6384
6217,6398
6204,6375
6205,6367
6222,6381
6208,6385
6214,6418
6217,6417
6220,6418
6202,6386
6211,6365
6204,6338
6218,6333
6227,6335
6209,6353
5868,6041
6092,6374
6186,6399
6143,6506
6404,6230
6215,6395
6196,6366
6217,6388
6211,6361
6202,6359
6199,6388
6218,6404
6216,6370
6206,6388
6202,6348
6196,6345
6207,6341
6198,6375
6199,6342
6198,6342
6196,6349
6201,6362
6200,6349
6212,6340
6212,6362
6194,6351
6207,6328
6212,6346
6202,6338
6222,6366
6202,6355
6206,6340
6218,6345
6204,6332
6196,6351
6201,6326
6216,6331
6211,6340
6202,6348
6199,6337
6199,6341
6215,6322
6214,6338
6216,6346
6227,6338
6199,6327
6218,6361
6219,6367
6214,6364
6208,6356
6220,6360
6208,6345
6220,6345
6204,6350
6205,6337
6207,6353
6214,6345
6207,6355
6220,6374
6220,6360
6212,6346
6210,6369
6205,6361
6216,6366
6210,6345
6213,6355
6214,6352
6200,6360
6218,6364
6204,6361
6211,6376
6215,6343
6203,6348
6221,6346
6206,6348
6217,6374
6211,6362
6216,6368
6210,6380
6210,6364
6214,6369
6208,6350
6215,6361
6200,6355
6204,6363
6210,6341
6219,6353
6199,6354
6213,6354
6199,6356
6217,6334
6216,6340
6203,6339
6221,6319
6222,6322
6233,6324
6214,6322
6192,6323
6211,6327
6215,6338
6206,6323
6220,6335
6211,6322
6214,6323
6203,6321
6209,6329
6203,6335
6207,6343
6213,6322
6209,6328
6212,6306
6205,6318
6211,6318
6209,6329
6203,6339
6216,6344
6211,6317
6218,6338
6215,6326
6210,6329
6232,6330
6209,6346
6213,6336
6214,6324
6213,6333
6225,6338
6218,6310
6211,6337
6211,6324
6214,6327
6207,6312
6210,6301
6211,6311
6223,6329
6224,6317
6227,6326
6213,6323
6208,6324
6220,6309
6219,6315
6214,6325
6197,6319
6216,6316
6215,6327
6216,6306
6222,6311
6220,6315
6222,6319
6222,6329
6205,6311
6212,6299
6224,6313
6218,6311
6229,6327
6225,6314
6235,6307
6230,6328
6227,6322
6237,6306
6254,6312
6263,6323
6248,6328
6285,6326
6300,6333
6324,6329
6337,6336
6386,6333
6433,6323
6468,6320
6512,6333
6571,6331
6637,6359
6707,6333
6822,6348
6918,6334
7004,6322
7082,6314
7191,6320
7318,6323
7372,6324
7381,6321
7491,6319
7561,6323
7545,6318
7600,6323
7588,6325
7523,6315
7506,6328
7433,6341
7302,6311
7158,6318
6962,6339
6846,6346
6744,6339
6662,6315
6615,6328
6606,6332
6605,6356
6576,6354
6593,6349
6569,6330
6590,6313
6590,6326
6652,6334
6716,6339
6782,6344
6893,6364
7001,6373
7115,6391
7200,6402
7325,6423
7425,6455
7574,6486
7697,6498
7783,6517
7874,6511
8013,6525
8094,6522
8130,6505
8160,6519
8228,6539
8241,6545
8185,6564
8232,6576
8123,6654
8031,6675
7956,6750
7917,6853
7905,6988
7819,7067
7721,7156
7615,7177
7452,7175
7254,7189
7121,7174
7042,7226
6923,7251
6847,7274
6765,7335
6707,7350
6667,7390
6641,7330
6681,7287
6702,7238
6774,7205
6836,7203
6978,7169
7150,7127
7316,7078
7504,6993
7709,6930
7942,6867
8211,6771
8546,6703
8677,6622
8834,6586
9078,6598
9430,6569
9663,6547
9765,6538
9898,6568
9998,6589
10122,6609
10187,6688
10286,6746
10266,6825
10137,6891
9831,6970
9720,7044
9461,7157
9223,7225
8928,7366
8625,7479
8280,7570
7890,7682
7707,7809
7425,7874
7224,7922
7064,7933
6943,7972
6831,8023
6799,8057
6714,8060
6691,8033
6667,8010
6712,8030
6754,7954
6807,7956
6910,7862
6958,7758
7063,7632
7220,7523
7386,7465
7539,7355
7680,7218
7799,7088
7957,6958
8138,6818
8302,6790
8472,6715
8620,6664
8737,6653
8907,6669
8966,6696
9048,6784
9110,6839
9141,6969
9032,7157
9081,7300
9058,7475
9075,7571
8973,7707
8766,7816
8610,7922
8407,7977
8284,8058
8119,8130
7968,8203
8129,8719
7875,8679
7674,8720
7524,8650
7347,8612
7216,8577
7023,8394
6868,7940
6800,7840
6678,7752
6661,7724
6625,7665
6641,7581
6714,7506
6796,7392
6899,7197
7003,7127
7185,7001
7348,6923
7527,6804
7726,6714
7958,6659
8166,6644
8445,6640
8697,6590
9033,6587
9250,6600
9456,6623
9653,6673
9757,6713
9913,6762
10100,6871
10134,6944
10026,7086
9883,7218
9729,7380
9584,7547
9393,7661
9155,7830
8892,7911
8668,8026
8444,8105
8133,8218
7911,8321
7791,8698
7617,8848
7371,8929
7201,8883
7037,8638
6896,8677
6788,8684
6698,8698
6609,8601
6585,8565
6551,8527
6537,8363
6564,8228
6609,8182
6668,8065
6760,7936
6857,7745
6955,7580
7111,7414
7250,7265
7388,7086
7444,6945
7580,6853
7677,6687
7817,6614
7849,6573
7943,6535
8009,6588
8118,6629
8183,6697
8241,6791
8312,6902
8321,6947
8307,7086
8256,7176
8203,7320
8224,7434
8168,7574
8302,7753
8525,8025
8465,8123
8462,8089
8342,8181
8206,8289
8038,8339
7915,8420
7799,8483
7229,8174
7114,8171
7060,8235
6940,8190
6859,8158
6754,8122
6661,8061
6603,8002
6552,7875
6518,7689
6518,7633
6501,7508
6522,7409
6572,7339
6657,7231
6739,7096
6894,6953
7041,6883
7174,6771
7357,6703
7523,6625
7644,6591
7722,6559
7889,6529
7979,6523
8085,6529
8227,6530
8212,6531
8319,6540
8387,6579
8429,6631
8444,6701
8425,6771
8393,6865
8431,6960
8418,7085
8369,7185
8268,7312
8186,7396
8078,7462
7982,7553
7850,7641
7675,7733
7540,7807
7384,7832
7240,7906
7151,7909
7041,8048
6918,8084
6760,8053
6658,8041
6623,7998
6565,7880
6584,7820
6589,7710
6626,7614
6659,7507
6746,7370
6832,7261
6970,7143
7079,7026
7170,6936
7381,6813
7549,6718
7693,6652
7890,6553
8018,6515
8180,6490
8315,6475
8428,6425
8505,6436
8547,6449
8553,6461
8544,6486
8519,6575
8493,6617
8449,6701
8378,6802
8271,6871
8133,6971
8032,7121
7890,7254
7778,7360
7697,7484
7619,7607
7489,7679
7402,7806
7311,7893
7185,7972
7068,8034
6982,8119
6871,8138
6756,8173
6697,8215
6643,8238
6588,8206
6546,8111
6503,8082
6517,7998
6498,7920
6529,7822
6554,7719
6594,7580
6698,7414
6761,7250
6861,7105
6960,6998
7080,6905
7239,6762
7391,6691
7606,6638
7799,6595
7995,6602
8109,6591
8206,6567
8492,6592
8602,6588
8663,6647
8765,6685
8833,6718
8860,6819
8898,6885
8833,6929
8825,6999
8659,7049
8586,7135
8448,7282
8676,7776
8184,7296
8135,7502
8054,7666
7740,7647
7605,7813
7364,7756
7231,7787
7053,7807
6939,7787
6843,7821
6715,7836
6610,7852
6565,7754
6544,7711
6506,7718
6508,7656
6575,7583
6621,7496
6696,7426
6804,7324
6902,7195
7006,7105
7147,7000
7327,6891
7424,6785
7561,6685
7681,6628
7839,6555
8002,6452
8171,6423
8256,6395
8507,6392
8562,6412
8600,6434
8683,6500
8717,6553
8698,6649
8789,6758
8722,6853
8772,6962
8660,7076
8553,7187
8386,7299
8271,7450
8110,7530
7904,7650
7806,7762
7620,7894
7485,7999
7374,8117
7243,8152
7127,8100
6974,8063
6916,8058
6814,8072
6728,8002
6685,7976
6660,7920
6639,7840
6637,7717
6621,7626
6619,7496
6646,7355
6703,7287
6755,7210
6850,7104
6841,7063
6933,6863
7049,6810
7149,6773
7317,6638
7496,6535
7572,6518
7737,6464
7882,6468
7993,6461
8139,6504
8263,6535
8424,6610
8524,6712
8542,6785
8620,6815
8560,6930
8643,7040
8541,7122
8453,7218
8425,7302
8322,7368
8262,7420
8237,7525
8030,7606
7853,7620
7701,7601
7577,7642
7446,7735
7288,7739
7164,7771
7005,7841
6884,7866
6769,7825
6694,7843
6639,7855
6587,7773
6576,7774
6580,7682
6638,7644
6658,7615
6736,7573
6886,7472
6966,7326
7066,7269
7167,7156
7401,7064
7586,6929
7705,6809
7860,6742
8092,6677
8226,6616
8315,6571
8512,6534
8582,6479
8728,6471
8814,6503
8930,6528
9031,6575
9055,6663
8984,6736
8931,6871
8818,6961
8745,7111
8602,7184
8492,7282
8451,7410
8288,7577
8186,7699
8102,7855
7965,7974
7773,8067
7665,8200
7454,8278
7287,8315
7192,8338
7017,8393
6872,8337
6765,8318
6681,8295
6562,8280
6544,8149
6492,8119
6499,8037
6534,7918
6550,7736
6542,7607
6615,7483
6666,7348
6755,7215
6858,7088
7001,6973
7090,6797
7152,6731
7253,6637
7316,6559
7453,6550
7544,6473
7642,6448
7686,6482
7712,6493
7872,6536
7900,6592
8045,6629
8054,6719
8118,6790
8107,6862
8142,6970
8188,7084
8200,7196
8189,7301
8097,7428
8037,7482
7973,7628
7968,7743
7826,7808
7705,7872
7595,7884
7421,7909
7259,7904
7129,7960
6983,7966
6870,7912
6757,7899
6680,7837
6597,7764
6555,7619
6549,7514
6564,7430
6633,7324
6769,7241
6879,7142
7062,7042
7191,6926
7434,6822
7659,6740
7810,6698
8030,6627
8256,6519
8511,6469
8589,6446
8824,6439
9015,6390
9177,6368
9369,6381
9475,6417
9472,6446
9457,6502
9534,6552
9513,6622
9504,6690
9447,6811
9325,6912
9196,7073
9040,7227
8851,7374
8664,7559
8476,7712
8372,7879
8247,7999
8047,8128
7821,8231
7621,8300
7486,8384
7351,8428
7168,8483
7048,8435
6919,8382
6820,8455
6701,8392
6629,8267
6607,8189
6571,8085
6610,7900
6654,7830
6745,7677
6840,7539
6962,7409
7132,7235
7303,7130
7499,7022
7747,6861
7878,6732
8050,6655
8246,6576
8493,6526
8745,6498
8990,6498
9123,6512
9407,6564
9521,6609
9670,6675
9974,6757
10194,6791
10212,6913
10267,7014
10271,7117
10196,7221
10112,7355
10082,7449
10042,7613
9890,7720
9613,7837
9349,7903
9024,8024
8856,8158
8529,8213
8214,8301
8003,8363
7766,8458
7559,8510
7363,8605
7180,8539
7064,8511
6967,8449
6887,8346
6820,8284
6793,8326
6784,8231
6846,8056
6917,7900
6972,7746
7102,7590
7209,7494
7379,7379
7567,7317
7751,7212
7943,7042
8166,6930
8319,6837
8547,6818
8872,6733
9198,6658
9399,6626
9580,6604
9825,6609
9903,6597
10149,6713
10255,6816
10231,6985
10224,7125
10283,7294
10266,7535
10270,7761
9891,7808
9713,7973
9542,8168
9352,8296
9128,8431
9022,8521
8792,8595
8603,8643
8401,8852
8103,8845
7864,8949
7632,8879
7382,8826
7230,8768
7072,8829
6964,8890
6854,8740
6803,8630
6819,8452
6855,8281
7004,8118
7185,8000
7355,7846
7558,7703
7791,7478
8046,7294
8393,7112
8756,6966
9089,6818
9425,6669
9817,6615
10141,6554
10424,6498
10826,6493
11086,6487
11144,6524
11322,6550
11456,6629
11598,6701
11785,6810
11753,6956
11636,7115
11516,7318
11395,7484
11278,7652
11045,7801
10816,7992
10510,8200
10235,8401
9948,8599
9638,8859
9378,9071
8983,9236
8727,9418
8427,9559
8133,9447
7863,9461
7594,9461
7319,9481
7126,9414
6962,9323
6809,9168
6744,8944
6727,8777
6778,8569
6879,8438
6992,8226
7115,8033
7261,7784
7500,7542
7699,7374
7888,7225
8049,7077
8279,6939
8472,6773
8625,6709
8814,6662
8959,6633
9075,6651
9088,6694
9067,6792
9102,6910
9160,7000
9138,7187
9231,7367
9167,7590
9209,7833
9198,8064
9212,8243
9276,8384
9318,8571
9173,8897
9013,9185
8921,9436
8729,9654
8461,9812
8151,9792
7975,9895
7658,9953
7364,9935
7160,9880
6976,9766
6798,9677
6681,9558
6629,9388
6597,9321
6600,9096
6628,8824
6700,8628
6737,8378
6838,8127
6990,7863
7056,7656
7117,7440
7220,7223
7298,7127
7381,7039
7482,6978
7294,6860
7517,6779
7901,6734
7892,6740
7499,6720
7001,6742
6652,6750
6413,6804
6281,6835
6207,6923
6181,6991
6151,7079
6161,7240
6155,7397
6146,7555
6134,7694
6145,7882
6135,8103
6130,8368
6126,8531
6144,8668
6142,8813
6131,8934
6127,8970
6119,9064
6125,9076
6121,8971
6129,8808
6118,8723
6118,8524
6114,8370
6124,8214
6119,8024
6126,7842
6120,7695
6117,7480
6130,7335
6116,7222
6113,7105
6122,6998
6115,6906
6117,6817
6112,6709
6115,6606
6114,6528
6117,6536
6115,6527
6106,6534
6119,6563
6118,6623
6118,6647
6118,6705
6120,6698
6113,6765
6124,6810
6108,6831
6110,6944
6115,7068
6114,6945
6111,6762
6114,6504
6117,6352
6109,6244
6103,6182
6110,6147
6110,6132
6112,6127
6115,6119
6103,6124
6111,6108
6115,6097
6104,6109
6111,6109
6114,6104
6114,6138
6115,6112
6108,6106
6110,6088
6105,6079
6117,6072
6115,6066
6095,6056
6108,6073
6115,6069
6106,6064
6112,6058
6115,6050
6112,6057
6111,6055
6106,6056
6114,6055
6110,6065
6105,6065
6107,6063
6108,6049
6111,6055
6111,6068
6114,6064
6116,6054
6111,6061
6110,6050
6106,6050
6110,6053
6111,6050
6108,6058
6104,6066
5945,5937
6072,6115
6167,6110
6043,5993
6104,6057
6082,6023
6089,6035
6141,6071
6118,6054
6112,6016
6089,6028
6122,6044
6122,6057
6109,6050
6105,6047
6129,6058
6111,6080
6114,6047
6115,6050
6113,6049
6117,6059
6120,6042
6111,6039
6110,6061
6110,6050
6121,6045
6104,6050
6107,6042
6118,6051
6113,6057
6113,6046
6119,6057
6111,6044
6111,6041
6106,6055
6121,6038
6116,6049
6121,6046
6115,6044
6112,6057
6111,6044
6118,6053
6115,6045
6116,6053
6116,6050
6113,6061
6120,6057
6121,6052
6118,6042
6119,6054
6114,6049
6124,6053
6120,6052
6119,6054
6115,6060
6114,6053
6120,6048
6117,6048
6107,6051
6106,6040
6113,6056
6123,6046
6108,6040
6107,6057
6103,6048
6104,6053
6113,6035
6116,6047
6111,6041
6123,6055
6111,6060
6112,6055
6108,6052
6107,6055
6101,6048
6103,6047
6114,6048
6119,6042
6104,6055
6110,6052
6107,6048
6110,6047
6106,6057
6107,6044
6108,6046
6105,6062
6118,6045
6110,6044
6100,6045
6115,6049
6099,6045
6110,6060
6106,6046
6101,6053
6107,6049
6106,6056
6108,6056
6110,6031
6106,6040
6101,6062
6114,6037
6117,6056
6116,6058
6110,6040
6112,6057
6103,6046
6109,6034
6108,6052
6109,6050
6117,6046
6100,6054
6101,6054
6117,6047
6116,6056
6106,6061
6105,6059
6110,6048
6113,6055
6103,6046
6100,6053
6098,6041
6121,6058
6104,6060
6110,6048
6097,6054
6108,6046
6110,6038
6110,6054
6111,6050
6120,6057
6108,6051
6101,6047
6113,6047
6111,6049
6106,6059
6101,6053
6103,6045
6104,6058
6103,6043
6103,6037
6110,6051
6095,6058
6108,6061
6107,6047
6100,6029
6108,6052
6098,6071
6118,6041
6114,6055
6103,6056
6103,6038
6112,6051
6102,6038
6110,6045
6113,6044
6109,6039
6102,6055
6108,6047
6094,6039
6099,6051
6112,6044
6107,6047
6103,6031
6101,6058
6103,6059
6103,6061
6105,6051
6109,6042
6102,6045
6103,6062
6099,6055
6105,6046
6115,6040
6110,6044
6106,6055
6102,6063
6104,6039
6110,6044
6111,6040
6107,6047
6098,6044
6104,6040
6093,6051
6101,6050
6114,6060
6100,6056
6095,6036
6102,6050
6097,6053
6107,6044
6108,6053
6101,6045
6097,6053
6106,6047
6121,6054
6108,6051
6097,6046
6110,6056
6113,6039
6101,6047
6114,6045
6107,6049
6105,6052
6109,6054
6110,6051
6106,6041
6105,6050
6107,6053
6104,6050
6105,6048
6111,6050
6109,6048
6108,6049
6109,6046
6102,6055
6109,6052
6104,6050
6110,6045
6109,6049
6108,6054
6113,6051
6112,6046
6108,6038
6113,6044
6115,6036
6108,6051
6111,6057
6106,6050
6104,6051
6111,6056
6106,6055
6114,6059
6107,6054
6113,6063
6118,6041
6115,6046
6122,6047
6112,6053
6111,6066
6122,6053
6116,6050
6122,6047
6118,6056
6109,6046
6111,6057
6117,6061
6128,6047
6111,6053
6111,6057
6110,6040
6105,6051
6109,6060
6118,6057
6106,6055
6110,6044
6114,6050
6116,6049
6113,6042
6110,6063
6106,6060
6111,6052
6112,6041
6098,6038
6099,6059
6111,6051
6109,6055
6089,6058
6037,6008
6033,5973
6074,6025
6141,6085
6043,6001
6118,6054
6121,6053
6092,6015
6103,6029
6109,6036
6108,6052
6106,6060
6106,6049
6108,6063
6111,6060
6104,6060
6093,6052
6106,6057
6110,6056
6123,6042
6103,6055
6106,6046
6113,6047
6109,6048
6100,6054
6096,6049
6111,6051
6107,6052
6105,6056
6108,6046
6106,6048
6105,6045
6110,6049
6111,6050
6105,6053
6111,6044
6114,6072
6103,6057
6101,6043
6112,6054
6114,6053
6107,6060
6118,6055
6100,6051
6107,6040
6105,6058
6115,6053
6115,6057
6125,6052
6114,6045
6117,6061
6110,6054
6116,6055
6109,6059
6110,6052
6105,6062
6106,6034
6112,6057
6115,6054
6114,6031
6120,6051
6119,6051
6123,6057
6124,6047
6110,6046
6123,6047
6132,6048
6127,6056
6123,6046
6112,6041
6110,6054
6122,6046
6119,6054
6120,6048
6116,6051
6120,6050
6121,6042
6113,6054
6108,6054
6119,6049
6113,6053
6121,6054
6112,6042
6114,6064
6122,6056
6113,6046
6115,6039
6115,6041
6110,6053
6115,6040
6120,6039
6126,6053
6121,6056
6110,6042
6124,6048
6108,6043
6118,6037
6128,6054
6117,6046
6109,6043
6113,6044
6110,6056
6123,6053
6114,6042
6123,6040
6116,6049
6112,6057
6117,6057
6111,6055
6114,6047
6112,6060
6108,6039
6117,6050
6119,6042
6117,6052
6108,6057
6113,6049
6122,6051
6128,6054
6112,6051
6113,6058
6117,6052
6108,6048
6115,6062
6103,6041
6121,6047
6121,6051
6107,6047
6114,6050
6108,6053
6121,6051
6115,6048
6114,6057
6117,6062
6118,6051
6117,6041
6114,6056
6106,6046
6104,6060
6119,6055
6119,6055
6112,6057
6118,6033
6122,6068
6120,6058
6109,6051
6121,6062
6117,6050
6116,6052
6119,6061
6114,6056
6121,6064
6118,6062
6131,6067
6128,6056
6111,6044
6124,6057
6125,6064
6112,6051
6122,6051
6109,6034
6122,6056
6115,6062
6117,6066
6125,6042
6120,6055
6129,6056
6117,6057
6116,6042
6116,6057
6118,6050
6118,6043
6114,6058
6124,6059
6131,6059
6128,6054
6120,6046
6122,6050
6119,6051
6122,6043
6122,6043
6114,6056
6125,6058
6125,6058
6128,6056
6127,6062
6121,6054
6117,6068
6119,6053
6119,6053
6119,6048
6119,6060
6114,6060
6123,6060
6126,6058
6121,6050
6117,6052
6115,6060
6120,6057
6118,6068
6117,6055
6118,6059
6118,6059
6122,6057
6119,6052
6117,6049
6115,6058
6120,6057
6122,6049
6120,6065
6117,6060
6123,6061
6118,6063
6119,6061
6121,6041
6116,6062
6119,6052
6119,6057
6118,6062
6120,6051
6125,6053
6111,6057
6113,6061
6119,6050
6119,6050
6122,6062
6118,6064
6119,6076
6122,6055
6126,6056
6116,6063
6114,6060
6121,6058
6129,6061
6125,6058
6125,6053
6121,6052
6123,6059
6121,6054
6123,6057
6132,6056
6120,6064
6117,6055
6123,6044
6117,6057
6122,6046
6122,6046
6107,6063
6117,6049
6118,6055
6120,6042
6123,6061
6118,6053
6123,6054
6126,6050
6118,6065
6120,6059
6117,6060
6118,6054
6116,6064
6124,6056
6124,6058
6125,6049
0,25
0,61680
0,0
6120,6058
5601,5582
5600,5574
5601,5577
5604,5566
5600,5576
5604,5571
5605,5577
5607,5575
5828,5760
6352,6312
6286,6308
6299,6294
6287,6321
6287,6296
6292,6298
6287,6300
6281,6299
6287,6297
6293,6299
6314,6319
6308,6312
6283,6302
6287,6295
6303,6318
6312,6351
6319,6339
6295,6340
6297,6317
6298,6340
6294,6334
6282,6313
6296,6319
6318,6331
6318,6335
6304,6339
6314,6322
6285,6301
6278,6355
6288,6316
6292,6304
6320,6302
6298,6330
6291,6310
6286,6320
6285,6298
6285,6322
6305,6332
6308,6320
6276,6339
6285,6315
6297,6288
6292,6314
6295,6325
6306,6326
6296,6330
6294,6291
6302,6288
6325,6294
6304,6302
6303,6298
6308,6308
6298,6297
6282,6303
6265,6341
6286,6326
6296,6334
6295,6315
6306,6310
6296,6310
6280,6320
6285,6314
6272,6310
6276,6326
6272,6334
6295,6329
6277,6315
6279,6318
6312,6325
6286,6318
6313,6308
6309,6298
6298,6315
6284,6321
6277,6287
6273,6320
6294,6332
6293,6317
6277,6330
6291,6346
6285,6321
6291,6340
6278,6318
6289,6343
6310,6332
6265,6306
6303,6338
6300,6315
6268,6326
6274,6316
6305,6306
6303,6336
6283,6330
6276,6339
6281,6320
6290,6328
6291,6318
6280,6319
6285,6319
6273,6334
6269,6307
6269,6294
6290,6295
6286,6294
6257,6293
6259,6304
6271,6320
6281,6311
6262,6316
6272,6315
6300,6334
6285,6324
6280,6320
6265,6310
6280,6321
6284,6315
6286,6301
6286,6307
6284,6319
6276,6321
6297,6322
6276,6318
6270,6320
6270,6318
6262,6346
6275,6315
6278,6300
6272,6304
6268,6316
6278,6299
6297,6310
6272,6307
6269,6316
6272,6315
6292,6332
6303,6325
6300,6335
6294,6328
6270,6348
6281,6332
6293,6313
6275,6302
6278,6299
6383,6326
6790,6280
6308,6760
6326,6385
6375,6305
6321,6422
6270,6315
6265,6330
6258,6323
6265,6333
6271,6321
6285,6325
6267,6323
6282,6330
6265,6328
6271,6335
6271,6334
6278,6332
6259,6336
6265,6313
6276,6307
6265,6299
6271,6311
6256,6325
6258,6326
6278,6352
6289,6341
6286,6332
6279,6349
6268,6355
6274,6310
6273,6323
6274,6327
6275,6336
6286,6329
6276,6328
6256,6326
6266,6321
6272,6318
6277,6316
6277,6318
6264,6322
6287,6331
6270,6336
6271,6346
6261,6344
6264,6311
6241,6336
6257,6355
6256,6357
6275,6353
6261,6342
6270,6353
6245,6351
6261,6347
6270,6368
6266,6330
6280,6360
6260,6323
6288,6333
6278,6334
6285,6338
6282,6328
6268,6342
6267,6350
6270,6356
6268,6353
6274,6341
6249,6327
6248,6324
6236,6348
6252,6334
6262,6350
6243,6357
6231,6357
6252,6336
6253,6334
6255,6343
6255,6346
6253,6334
6246,6333
6240,6340
6233,6361
6241,6346
6244,6336
6246,6331
6251,6331
6239,6365
6240,6353
6253,6334
6243,6336
6241,6372
6257,6372
6256,6385
6263,6364
6225,6354
6239,6379
6248,6390
6234,6388
6244,6386
6267,6356
6252,6336
6258,6352
6250,6344
6268,6365
6244,6365
6223,6376
6236,6386
6237,6346
6237,6359
6246,6364
6223,6348
6232,6334
6233,6339
6239,6340
6242,6318
6247,6324
6243,6352
6255,6354
6240,6355
6234,6374
6242,6373
6242,6383
6245,6361
6246,6366
6242,6398
6226,6377
6239,6367
6238,6352
6233,6394
6255,6390
6237,6368
6238,6370
6246,6380
6232,6364
6228,6375
6225,6396
6229,6387
6235,6398
6240,6416
6241,6356
6245,6362
6240,6359
6230,6371
6232,6366
6239,6375
6246,6384
6218,6379
6241,6345
6223,6355
6222,6349
6235,6377
6232,6377
6214,6371
6217,6349
6222,6350
6226,6375
6224,6369
6217,6350
6215,6351
6224,6351
6233,6360
6227,6392
6224,6402
6224,6399
6231,6400
6234,6386
6230,6395
6230,6369
6234,6370
6250,6343
6234,6366
6226,6356
6213,6386
6228,6365
6228,6351
6225,6373
6221,6365
6225,6350
6227,6355
6221,6365
6219,6360
6226,6352
6235,6379
6230,6374
6241,6361
6218,6392
6235,6361
6236,6338
6225,6353
6216,6343
6219,6363
6229,6353
6223,6380
6229,6351
6230,6364
6216,6356
6219,6354
6209,6345
6223,6350
6222,6364
6225,6366
6215,6352
6227,6343
6209,6351
6212,6355
6228,6344
6214,6354
6217,6374
6209,6366
6208,6371
6206,6370
6206,6354
6211,6361
6216,6372
6228,6373
6225,6351
6225,6358
6225,6361
6234,6335
6230,6345
6217,6362
6225,6346
6216,6366
6216,6404
6230,6392
6215,6406
6228,6393
6211,6395
6214,6419
6210,6378
6214,6392
6223,6400
6213,6375
6196,6399
6214,6406
6227,6411
6217,6393
6224,6385
6200,6360
6206,6365
6224,6393
6217,6341
6211,6379
6211,6370
6225,6351
6214,6370
6213,6375
6216,6341
6202,6373
6205,6385
6206,6383
6201,6370
6206,6394
6205,6354
6198,6347
6210,6366
6209,6356
6215,6359
6205,6352
6202,6370
6212,6373
6202,6342
6212,6370
6202,6350
6201,6342
6203,6332
6300,6466
6270,6426
6191,6323
6224,6351
6230,6349
6222,6328
6214,6361
6226,6421
6223,6397
6220,6371
6191,6355
6211,6356
6211,6394
6214,6385
6213,6371
6204,6375
6214,6404
6214,6374
6203,6398
6212,6411
6210,6420
6201,6388
6214,6339
6201,6336
6212,6352
6207,6354
6208,6357
6212,6345
6204,6346
6199,6357
6208,6339
6213,6352
6212,6363
6207,6350
6202,6369
6201,6363
6204,6345
6208,6363
6205,6376
6199,6345
6203,6369
6212,6337
6197,6351
6208,6352
6201,6367
6202,6355
6202,6350
6206,6342
6213,6382
6208,6346
6216,6355
6209,6352
6208,6342
6208,6342
6221,6335
6203,6343
6221,6341
6224,6337
6212,6334
6205,6326
6209,6358
6200,6352
6196,6298
6203,6330
6194,6345
6203,6352
6201,6347
6198,6336
6211,6324
6212,6329
6220,6339
6225,6333
6207,6338
6204,6319
6209,6352
6202,6328
6209,6315
6209,6330
6205,6330
6220,6332
6202,6339
6220,6335
6223,6314
6214,6325
6195,6336
6218,6328
6206,6322
6200,6315
6202,6333
6202,6319
6207,6333
6214,6325
6212,6345
6215,6328
6211,6342
6214,6359
6209,6374
6210,6358
6220,6346
6217,6337
6214,6357
6221,6340
6219,6334
6226,6332
6233,6349
6206,6325
6204,6338
6222,6340
6215,6347
6215,6343
6205,6359
6213,6363
6222,6356
6225,6353
6207,6317
6203,6319
6209,6328
6205,6305
6215,6322
6208,6295
6213,6315
6215,6323
6231,6322
6201,6323
6221,6328
6207,6313
6201,6345
6224,6317
6223,6309
6203,6305
6209,6301
6203,6323
6208,6317
6201,6340
6205,6349
6224,6326
6208,6334
6212,6308
6204,6306
6209,6326
6199,6315
6213,6319
6214,6310
6214,6333
6210,6325
6223,6301
6215,6306
6212,6317
6216,6317
6214,6280
6225,6318
6206,6294
6220,6336
6203,6318
6205,6322
6229,6331
6228,6339
6208,6293
6218,6286
6209,6289
6216,6302
6212,6327
6213,6327
6216,6337
6215,6325
6222,6318
6199,6327
6208,6336
6215,6294
6206,6319
6217,6321
6214,6305
6218,6307
6221,6309
6209,6314
6220,6318
6212,6306
6223,6298
6222,6301
6227,6314
6226,6320
6217,6308
6225,6322
6246,6322
6231,6303
6233,6304
6252,6324
6261,6318
6259,6324
6282,6313
6305,6343
6322,6342
6347,6347
6385,6340
6418,6314
6468,6324
6521,6332
6578,6321
6645,6338
6721,6352
6813,6348
6907,6349
6988,6338
7083,6321
7171,6332
7268,6325
7345,6331
7398,6316
7488,6331
7489,6319
7561,6315
7546,6328
7565,6296
7519,6321
7512,6322
7382,6338
7284,6312
7128,6318
7009,6332
6819,6338
6744,6311
6662,6311
6629,6323
6607,6340
6597,6357
6571,6347
6594,6341
6569,6327
6591,6304
6597,6318
6640,6327
6692,6358
6817,6322
6910,6338
6997,6385
7087,6386
7229,6392
7344,6430
7432,6470
7598,6494
7729,6525
7802,6498
7943,6497
8040,6520
8115,6521
8148,6500
8250,6505
8257,6546
8270,6555
8250,6533
8262,6579
8187,6624
8022,6655
8017,6763
7985,6861
7916,6960
7860,7078
7714,7130
7636,7156
7475,7178
7260,7208
7128,7201
7027,7236
6933,7249
6834,7258
6759,7368
6712,7415
6670,7396
6779,7457
6726,7426
6787,7309
6764,7176
6878,7270
7074,7260
7129,7114
7300,7097
7486,7019
7746,6944
7955,6880
8231,6761
8474,6685
8686,6629
8851,6594
9130,6601
9419,6558
9672,6581
9765,6566
9962,6562
9975,6587
10142,6639
10175,6672
10326,6770
10260,6826
10126,6900
9899,6978
9682,7041
9463,7131
9224,7237
8882,7370
8649,7471
8259,7607
7931,7686
7684,7786
7457,7865
7235,7924
7062,7939
6946,7986
6846,8002
6784,8057
6709,8043
6676,8042
6673,8018
6711,8005
6748,7990
6807,7932
6898,7881
6973,7790
7072,7609
7236,7526
7380,7464
7554,7383
7667,7223
7845,7095
8010,6976
8134,6838
8355,6785
8488,6715
8611,6676
8749,6661
8898,6660
9024,6689
9046,6763
9150,6872
9145,6993
9077,7173
9020,7312
9091,7488
9087,7581
8992,7723
8779,7815
8663,7897
8443,8034
8283,8089
8139,8200
7953,8227
7799,8270
7548,8290
7474,8288
7301,8206
7188,8136
7051,8088
6970,8081
6871,7939
6784,7885
6678,7772
6650,7731
6620,7685
6645,7534
6703,7526
6776,7400
6886,7265
7022,7137
7167,7031
7318,6947
7531,6831
7713,6742
7943,6673
8158,6635
8467,6644
8712,6611
9035,6608
9300,6587
9500,6612
9661,6656
9713,6699
9884,6763
10041,6846
10113,6941
10061,7087
9864,7200
9748,7369
9553,7569
9394,7664
9170,7790
8899,7931
8711,8020
8456,8177
8148,8253
7933,8361
7724,8420
7522,8486
7290,8591
7174,8626
7023,8653
6901,8653
6805,8718
6703,8718
6630,8626
6579,8561
6547,8563
6545,8392
6586,8271
6597,8163
6676,8056
6763,7930
6873,7747
6988,7585
7120,7433
7239,7235
7341,7067
7487,6967
7560,6824
7691,6716
7804,6619
7844,6552
7945,6537
8039,6584
8122,6631
8168,6703
8264,6789
8314,6883
8286,6966
8284,7087
8265,7197
8263,7315
8217,7449
8183,7570
8137,7714
8120,7877
7993,7935
7973,7954
7915,7984
7765,8014
7627,8061
7501,8141
7381,8149
7258,8188
7161,8274
7070,8268
6944,8230
6857,8128
6770,8089
6686,8064
6628,8014
6573,7890
6527,7737
6513,7650
6512,7559
6514,7423
6549,7340
6646,7236
6775,7107
6889,6976
7020,6879
7160,6831
7373,6736
7570,6651
7628,6603
7728,6552
7884,6559
8010,6526
8104,6532
8206,6528
8250,6569
8306,6549
8376,6595
8410,6650
8435,6694
8459,6770
8423,6857
8472,6965
8427,7089
8353,7210
8270,7286
8151,7395
8065,7472
7987,7551
7872,7654
7675,7787
7505,7776
7398,7824
7247,7882
7135,7938
7032,8060
6891,8102
6762,8107
6679,8056
6597,8014
6563,7921
6587,7800
6590,7725
6619,7623
6651,7530
6760,7375
6842,7248
6973,7179
7072,7044
7201,6949
7362,6822
7501,6723
7667,6662
7855,6560
8035,6521
8149,6461
8258,6467
8418,6442
8450,6444
8492,6443
8581,6458
8598,6505
8509,6545
8475,6631
8443,6715
8396,6802
8302,6863
8105,6999
8048,7096
7906,7224
7754,7378
7657,7536
7619,7607
7493,7674
7401,7817
7280,7938
7176,7969
7094,8012
6949,8076
6873,8155
6764,8153
6691,8201
6652,8220
6587,8178
6549,8137
6514,8044
6507,8039
6516,7904
6496,7793
6531,7690
6595,7572
6664,7386
6731,7299
6842,7104
6979,7009
7077,6910
7248,6763
7402,6685
7602,6614
7796,6602
8018,6584
8105,6576
8241,6563
8401,6584
8554,6609
8624,6634
8706,6684
8829,6732
8848,6843
8896,6902
8895,6934
8798,6990
8685,7068
8606,7142
8482,7261
8349,7369
8207,7398
8098,7477
7876,7537
7732,7659
7521,7742
7322,7815
7223,7791
7080,7813
6959,7822
6805,7803
6695,7840
6616,7828
6576,7760
6540,7733
6530,7734
6526,7708
6555,7620
6633,7485
6688,7395
6808,7321
6904,7247
6970,7106
7118,7011
7302,6911
7437,6803
7578,6686
7670,6606
7828,6546
7990,6468
8118,6441
8260,6400
8461,6398
8527,6417
8593,6460
8715,6513
8787,6545
8755,6673
8752,6758
8766,6856
8741,6948
8690,7060
8587,7156
8399,7296
8235,7401
8129,7500
7906,7662
7801,7759
7615,7868
7460,8039
7362,8111
7245,8185
7105,8125
7007,8075
6937,8114
6813,8070
6727,7999
6691,7931
6678,7883
6630,7821
6624,7734
6626,7621
6649,7505
6650,7379
6697,7254
6760,7219
6833,7108
6877,7054
6944,6880
7036,6825
7155,6732
7288,6630
7447,6551
7599,6520
7736,6479
7878,6475
8007,6458
8148,6506
8322,6523
8441,6610
8523,6724
8582,6784
8606,6816
8613,6926
8592,7033
8629,7108
8511,7219
8424,7310
8383,7338
8309,7419
8245,7544
8063,7597
7821,7618
7694,7595
7544,7602
7448,7718
7316,7763
7179,7776
7003,7840
6885,7864
6766,7821
6707,7862
6629,7871
6600,7787
6600,7699
6609,7684
6616,7673
6661,7602
6729,7553
6908,7443
6971,7346
7073,7270
7176,7140
7399,7007
7603,6929
7726,6819
7869,6729
8110,6676
8250,6631
8329,6564
8487,6525
8620,6475
8703,6462
8808,6474
8972,6537
9030,6583
9058,6659
8996,6750
8881,6882
8787,6943
8770,7089
8630,7202
8514,7327
8459,7437
8316,7608
8136,7717
8126,7851
7972,7994
7775,8094
7643,8226
7481,8259
7294,8313
7208,8363
6990,8390
6877,8380
6760,8329
6689,8257
6557,8264
6571,8189
6482,8133
6518,8076
6539,7912
6526,7748
6560,7646
6595,7471
6674,7337
6773,7206
6868,7109
6990,6934
7092,6807
7180,6751
7286,6649
7344,6556
7465,6522
7539,6488
7627,6489
7716,6499
7713,6499
7842,6524
7903,6603
8031,6640
8046,6713
8101,6808
8124,6895
8154,6974
8198,7098
8208,7190
8178,7297
8139,7414
8014,7488
7956,7604
7961,7711
7814,7758
7722,7819
7622,7887
7455,7930
7318,7953
7130,7974
6972,7973
6861,7953
6788,7937
6674,7884
6584,7776
6546,7664
6573,7494
6599,7409
6645,7347
6766,7216
6882,7135
7055,7039
7229,6911
7424,6826
7664,6761
7854,6711
8060,6621
8266,6538
8468,6458
8662,6457
8830,6445
9057,6405
9197,6400
9364,6394
9513,6414
9465,6448
9505,6515
9493,6558
9511,6638
9526,6680
9475,6796
9362,6930
9189,7059
9047,7242
8825,7388
8704,7568
8518,7742
8338,7877
8196,8015
8016,8121
7826,8239
7639,8330
7511,8431
7360,8436
7182,8481
7050,8464
6945,8402
6822,8448
6702,8396
6631,8305
6599,8190
6582,8093
6585,7902
6716,7831
6830,7770
6883,7632
6969,7404
7176,7277
7302,7134
7459,7010
7693,6853
7861,6751
8051,6664
8276,6629
8491,6515
8712,6494
8988,6478
9163,6510
9358,6549
9504,6610
9678,6670
9929,6761
10191,6836
10268,6904
10238,7030
10315,7107
10147,7232
10083,7346
10132,7468
9996,7549
9867,7684
9591,7830
9338,7918
9088,8013
8880,8134
8554,8254
8239,8303
7992,8412
7774,8505
7523,8569
7395,8591
7198,8566
7044,8516
6933,8454
6868,8361
6820,8340
6776,8312
6775,8226
6854,8056
6952,7917
6972,7763
7079,7580
7209,7480
7379,7401
7595,7310
7783,7198
7913,7073
8174,6945
8354,6852
8569,6746
8859,6637
9131,6568
9330,6541
9411,6551
9613,6533
9793,6575
9876,6644
9965,6749
9973,6905
9902,7057
9889,7224
9823,7445
9847,7633
9879,7821
9701,7983
9582,8145
9395,8278
9130,8420
9003,8523
8886,8602
8609,8669
8385,8784
8128,8917
7892,8947
7626,8868
7407,8777
7231,8765
7060,8816
6970,8850
6855,8734
6803,8636
6795,8465
6852,8327
7002,8163
7158,8016
7346,7856
7545,7654
7794,7474
8019,7302
8370,7130
8764,6961
9071,6808
9442,6712
9822,6606
10142,6553
10443,6514
10788,6500
11014,6476
11214,6508
11318,6548
11431,6616
11680,6695
11787,6823
11731,6976
11651,7164
11488,7313
11456,7488
11288,7641
11129,7814
10883,7977
10559,8190
10274,8431
9937,8651
9692,8930
9365,9069
9088,9234
8777,9440
8428,9568
8166,9506
7854,9480
7601,9466
7327,9487
7184,9403
6962,9347
6827,9187
6759,8994
6751,8845
6782,8583
6893,8502
6976,8205
7132,8039
7305,7806
7464,7532
7732,7352
7898,7259
8046,7078
8260,6925
8454,6775
8627,6716
8830,6674
8969,6640
9104,6646
9093,6700
9076,6778
9093,6871
9169,7002
9194,7178
9260,7367
9252,7612
9253,7894
9265,8101
9268,8259
9308,8413
9358,8603
9200,8963
9053,9218
8904,9451
8772,9659
8482,9755
8200,9834
7977,9874
7687,10041
7411,10025
7192,9974
6983,9831
6829,9722
6699,9533
6628,9468
6613,9338
6594,9153
6625,8849
6690,8573
6755,8367
6848,8161
6969,7876
7051,7610
7079,7439
7226,7211
7253,7136
7357,7066
7473,7005
7304,6883
7538,6789
7951,6745
7864,6768
7507,6729
7017,6718
6628,6743
6401,6814
6266,6866
6219,6960
6185,7047
6166,7114
6147,7281
6149,7421
6138,7568
6151,7725
6135,7897
6139,8117
6136,8344
6136,8563
6138,8715
6138,8823
6132,8939
6126,9006
6122,9100
6124,9136
6135,9026
6132,8857
6119,8728
6120,8542
6117,8386
6122,8235
6118,8029
6124,7830
6116,7690
6119,7492
6127,7338
6112,7194
6123,7069
6114,7015
6120,6930
6113,6816
6107,6703
6119,6605
6115,6560
6120,6545
6113,6539
6108,6543
6124,6570
6124,6606
6121,6652
6110,6703
6117,6704
6118,6758
6119,6786
6110,6814
6113,6927
6108,7056
6106,6953
6112,6749
6107,6518
6117,6348
6113,6241
6101,6193
6105,6147
6112,6129
6103,6118
6109,6120
6104,6093
6108,6095
6115,6100
6118,6106
6113,6097
6114,6102
6101,6092
6114,6117
6097,6107
6106,6087
6110,6067
6031,5983
6091,6055
6101,6051
6126,6054
6123,6063
6128,6066
6112,6066
6111,6056
6102,6052
6101,6058
6105,6056
6108,6065
6102,6061
6109,6059
6111,6060
6105,6058
6107,6066
6110,6064
6106,6069
6111,6059
6109,6050
6101,6062
6105,6059
6116,6049
6105,6056
6101,6055
6103,6065
6114,6052
6111,6045
6117,6060
6113,6056
6110,6055
6111,6055
6117,6053
6117,6061
6118,6048
6113,6045
6109,6052
6112,6047
6115,6059
6116,6053
6108,6053
6115,6060
6117,6046
6116,6051
6117,6052
6110,6054
6110,6054
6119,6057
6107,6047
6111,6046
6109,6047
6107,6039
6105,6053
6103,6049
6110,6044
6112,6052
6108,6042
6113,6053
6104,6081
6112,6051
6115,6063
6119,6036
6113,6043
6114,6044
6104,6053
6111,6033
6115,6044
6113,6040
6116,6049
6116,6044
6117,6054
6113,6048
6106,6050
6121,6051
6110,6050
6108,6050
6119,6047
6116,6057
6110,6041
6117,6056
6113,6055
6110,6050
6102,6055
6116,6055
6114,6052
6105,6054
6113,6055
6121,6041
6110,6063
6110,6045
6100,6057
6124,6060
6107,6044
6107,6045
6106,6048
6115,6052
6114,6046
6114,6062
6103,6044
6110,6064
6101,6043
6103,6057
6117,6055
6116,6047
6104,6041
6108,6041
6101,6047
6109,6049
6108,6046
6107,6051
6105,6047
6105,6053
6114,6048
6114,6049
6107,6040
6103,6036
6110,6047
6111,6058
6116,6032
6099,6037
6109,6052
6104,6063
6110,6060
6104,6047
6102,6062
6103,6051
6101,6015
6114,6048
6117,6058
6107,6043
6109,6057
6105,6043
6107,6043
6107,6059
6109,6053
6120,6052
6099,6053
6103,6029
6098,6051
6109,6055
6113,6047
6105,6054
6110,6054
6111,6038
6098,6042
6106,6043
6102,6056
6109,6048
6099,6053
6110,6038
6094,6057
6110,6054
6102,6042
6108,6054
6119,6050
6113,6047
6105,6045
6100,6046
6107,6049
6105,6053
6102,6057
6113,6045
6101,6045
6094,6059
6100,6051
6100,6049
6110,6060
6106,6042
6109,6046
6103,6048
6100,6041
6108,6037
6099,6051
6111,6056
6107,6058
6107,6040
6100,6055
6112,6044
6099,6052
6119,6037
6115,6047
6118,6049
6097,6047
6089,6049
6096,6036
6097,6051
6106,6048
6106,6043
6097,6049
6096,6054
6101,6055
6104,6049
6087,6058
6101,6048
6098,6051
6098,6061
6091,6038
6112,6046
6116,6051
6098,6047
6104,6042
6100,6042
6096,6047
6103,6056
6107,6046
6103,6041
6099,6044
6100,6040
6097,6057
6099,6029
6104,6062
6106,6056
6101,6058
6103,6045
6090,6056
6110,6045
6099,6056
6102,6013
6109,6030
6098,6042
6115,6045
6099,6057
6098,6042
6109,6042
6100,6039
6103,6052
6100,6059
6098,6038
6108,6040
6104,6055
6099,6057
6111,6050
6113,6052
6102,6049
6099,6050
6097,6045
6111,6053
6109,6049
6106,6042
6104,6059
6103,6053
6106,6050
6110,6043
6108,6046
6116,6061
6103,6050
6102,6049
6106,6060
6109,6050
6107,6049
6120,6052
6107,6050
6104,6063
6106,6045
6103,6070
6121,6056
6103,6046
6109,6057
6109,6056
6109,6057
6119,6053
6112,6051
6116,6056
6111,6052
6121,6053
6114,6060
6106,6058
6207,5744
6351,5866
6109,6038
6084,6022
6129,6081
6131,6083
6125,6014
6119,6063
6104,6033
6100,6054
6110,6050
6118,6056
6102,6045
6113,6052
6109,6054
6113,6050
6111,6055
6107,6040
6112,6061
6105,6050
6105,6048
6098,6045
6104,6050
6116,6055
6106,6056
6101,6040
6113,6054
6117,6058
6108,6030
6099,6050
6105,6042
6105,6053
6112,6042
6100,6056
6102,6059
6106,6053
6106,6060
6109,6057
6102,6052
6099,6063
6104,6057
6112,6036
6101,6044
6105,6048
6107,6061
6119,6050
6102,6052
6097,6049
6109,6063
6107,6047
6107,6049
6099,6040
6113,6039
6103,6048
6105,6063
6104,6052
6107,6037
6104,6052
6098,6047
6102,6051
6104,6042
6109,6051
6103,6041
6109,6068
6101,6045
6107,6053
6108,6036
6114,6053
6112,6050
6099,6044
6104,6064
6104,6053
6107,6057
6118,6048
6121,6050
6110,6045
6114,6054
6109,6056
6109,6049
6103,6060
6100,6052
6108,6058
6114,6052
6118,6050
6121,6054
6117,6036
6122,6053
6117,6055
6122,6050
6125,6059
6128,6037
6121,6050
6128,6054
6118,6041
6120,6047
6115,6048
6101,6054
6117,6050
6116,6042
6114,6054
6119,6052
6117,6055
6118,6058
6109,6049
6114,6047
6114,6048
6115,6044
6115,6052
6104,6053
6113,6066
6110,6056
6114,6048
6120,6044
6105,6046
6119,6056
6108,6037
6111,6049
6106,6048
6106,6052
6116,6058
6115,6047
6110,6031
6123,6015
6125,6055
6116,6056
6106,6048
6114,6059
6114,6040
6126,6044
6110,6048
6118,6047
6113,6040
6104,6061
6117,6055
6106,6062
6113,6049
6113,6049
6107,6028
6113,6058
6117,6045
6119,6043
6104,6052
6116,6041
6115,6039
6121,6059
6117,6062
6114,6055
6113,6048
6113,6046
6118,6049
6109,6039
6118,6045
6117,6062
6104,6049
6119,6050
6107,6040
6101,6047
6118,6056
6114,6050
6103,6048
6120,6050
6119,6052
6111,6057
6110,6053
6109,6042
6113,6039
6117,6048
6107,6042
6117,6052
6118,6057
6107,6056
6110,6056
6116,6055
6116,6051
6115,6049
6116,6057
6120,6050
6121,6061
6118,6055
6126,6054
6126,6048
6100,6042
6123,6054
6120,6053
6113,6063
6116,6061
6114,6057
6120,6052
6120,6062
6113,6047
6124,6065
6121,6049
6124,6050
6108,6047
6121,6049
6110,6050
6130,6060
6112,6052
6114,6055
6126,6062
6121,6051
6122,6045
6118,6050
6119,6040
6117,6064
6114,6060
6126,6049
6118,6059
6120,6060
6120,6060
6120,6060
6121,6050
6115,6049
6122,6040
6116,6046
6114,6061
6122,6054
6127,6006
6117,6047
6115,6058
6123,6048
6120,6052
6120,6057
6119,6058
6126,6058
6117,6053
6119,6056
6116,6043
6119,6046
6127,6048
6120,6052
6123,6052
6123,6052
6118,6050
6124,6048
6113,6063
6119,6048
6124,6061
6127,6056
6123,6060
6131,6047
6116,6030
6128,6053
6124,6053
6114,6059
6124,6061
6122,6046
6115,6058
6115,6033
6124,6053
6114,6043
6121,6049
6122,6058
6111,6061
6121,6049
6121,6049
6120,6058
6118,6061
6126,6058
6121,6050
6124,6057
6115,6062
6114,6063
6117,6048
6121,6060
6123,6046
6120,6056
6120,6058
6122,6049
6124,6055
6120,6052
6120,6057
6120,6048
6119,6051
6122,6056
6117,6084
6127,6050
6127,6050
6104,6038
6118,6053
6121,6046
6119,6056
6126,6049
6111,6052
6119,6045
6117,6063
6111,6067
6117,6058
6119,6066
0,27
0,61680
0,0
6115,6068
5604,5573
5596,5584
5609,5577
5603,5564
5605,5575
5604,5573
5604,5578
5603,5576
5834,5762
6351,6305
6293,6296
6298,6295
6274,6315
6298,6314
6296,6290
6265,6305
6289,6290
6282,6309
6283,6311
6302,6321
6315,6311
6267,6298
6290,6314
6294,6330
6302,6335
6315,6354
6301,6335
6300,6312
6313,6323
6306,6333
6281,6305
6286,6313
6301,6330
6314,6335
6320,6335
6316,6325
6291,6316
6265,6327
6282,6315
6296,6313
6303,6305
6301,6322
6291,6294
6281,6326
6294,6317
6301,6328
6306,6322
6320,6326
6275,6319
6286,6308
6290,6290
6297,6328
6307,6333
6311,6328
6294,6341
6306,6290
6292,6303
6315,6304
6302,6301
6316,6306
6308,6306
6292,6307
6271,6334
6280,6340
6284,6338
6287,6337
6293,6326
6299,6307
6291,6291
6295,6317
6292,6323
6278,6300
6280,6321
6279,6326
6278,6334
6275,6319
6274,6315
6300,6326
6285,6318
6299,6309
6298,6303
6295,6331
6284,6308
6282,6297
6279,6304
6289,6315
6300,6322
6280,6322
6273,6337
6286,6331
6292,6346
6273,6311
6295,6337
6308,6306
6292,6308
6302,6316
6291,6314
6268,6321
6284,6326
6303,6308
6298,6326
6280,6335
6282,6331
6294,6323
6292,6339
6280,6314
6272,6327
6286,6322
6280,6338
6270,6308
6261,6286
6285,6292
6276,6288
6258,6287
6270,6296
6276,6312
6288,6303
6276,6322
6283,6303
6307,6326
6305,6390
6285,6319
6271,6312
6284,6325
6286,6320
6335,6339
6265,6294
6303,6328
6266,6290
6257,6292
6267,6296
6276,6299
6255,6299
6258,6313
6262,6304
6276,6304
6273,6307
6268,6307
6283,6296
6297,6315
6275,6298
6260,6278
6273,6307
6285,6321
6300,6318
6285,6339
6279,6316
6274,6328
6280,6345
6278,6308
6280,6320
6279,6307
6297,6319
6300,6338
6285,6348
6292,6337
6287,6311
6280,6335
6274,6337
6262,6345
6253,6330
6262,6337
6273,6335
6282,6331
6269,6324
6269,6331
6279,6338
6263,6321
6267,6337
6272,6329
6265,6316
6272,6302
6266,6310
6259,6299
6265,6309
6257,6320
6265,6329
6277,6349
6281,6337
6257,6344
6280,6338
6262,6332
6269,6345
6255,6326
6270,6335
6272,6313
6288,6329
6259,6344
6265,6323
6273,6327
6271,6337
6278,6344
6278,6314
6271,6328
6274,6340
6273,6319
6261,6354
6272,6316
6262,6320
6246,6320
6256,6348
6268,6337
6271,6343
6274,6334
6287,6355
6263,6337
6253,6350
6276,6359
6265,6337
6276,6346
6253,6335
6270,6331
6282,6339
6286,6330
6271,6333
6264,6332
6263,6350
6287,6363
6281,6347
6262,6351
6259,6343
6261,6332
6232,6345
6251,6352
6247,6330
6241,6385
6230,6360
6251,6341
6251,6354
6256,6342
6266,6345
6258,6328
6244,6343
6235,6347
6237,6347
6241,6318
6241,6346
6241,6344
6249,6327
6244,6359
6258,6338
6248,6345
6242,6357
6243,6367
6257,6374
6262,6400
6263,6366
6230,6371
6236,6375
6257,6376
6241,6381
6246,6385
6254,6360
6243,6357
6263,6331
6266,6360
6255,6351
6235,6345
6238,6362
6233,6368
6240,6341
6240,6357
6243,6371
6218,6290
6235,6336
6238,6312
6254,6350
6249,6320
6235,6324
6235,6336
6246,6353
6248,6357
6244,6363
6234,6375
6244,6379
6252,6385
6247,6377
6235,6379
6228,6361
6245,6372
6253,6357
6249,6390
6236,6370
6225,6367
6232,6383
6246,6378
6239,6376
6227,6368
6238,6374
6233,6406
6230,6399
6259,6402
6235,6381
6247,6350
6238,6352
6218,6376
6224,6369
6243,6371
6231,6381
6235,6352
6236,6356
6245,6340
6239,6341
6219,6361
6232,6371
6226,6370
6223,6344
6225,6349
6230,6370
6221,6370
6216,6328
6208,6335
6218,6340
6237,6379
6239,6382
6225,6381
6221,6395
6232,6394
6230,6386
6231,6385
6239,6383
6230,6368
6239,6354
6233,6364
6218,6372
6220,6372
6222,6389
6226,6336
6224,6384
6221,6353
6230,6347
6211,6359
6218,6346
6227,6343
6226,6340
6233,6385
6221,6362
6234,6342
6216,6375
6236,6367
6237,6344
6218,6384
6217,6338
6216,6350
6233,6364
6227,6376
6227,6378
6219,6372
6214,6349
6216,6343
6214,6355
6218,6347
6223,6368
6217,6351
6212,6347
6216,6346
6219,6352
6216,6365
6241,6356
6219,6360
6220,6377
6206,6376
6208,6362
6205,6368
6211,6375
6212,6370
6220,6379
6232,6351
6221,6350
6227,6371
6223,6352
6226,6359
6215,6337
6219,6366
6215,6354
6211,6366
6221,6408
6212,6407
6226,6413
6225,6400
6209,6405
6217,6394
6222,6404
6215,6383
6220,6406
6215,6392
6211,6401
6204,6408
6224,6407
6219,6393
6223,6388
6209,6373
6157,6366
6221,6378
5887,6799
6208,6364
6281,6462
6191,6371
6237,6343
6189,6331
6203,6379
6210,6367
6208,6369
6200,6386
6213,6382
6213,6385
6214,6367
6204,6359
6200,6364
6209,6375
6207,6364
6210,6371
6208,6382
6222,6355
6207,6358
6207,6364
6196,6347
6212,6330
6211,6337
6211,6340
6206,6345
6209,6334
6207,6345
6224,6336
6218,6340
6221,6358
6207,6385
6202,6391
6215,6351
6210,6346
6210,6363
6218,6386
6208,6381
6203,6364
6209,6357
6216,6377
6213,6376
6211,6398
6222,6432
6203,6395
6206,6410
6220,6351
6201,6347
6227,6346
6227,6340
6213,6396
6217,6338
6199,6345
6193,6360
6211,6337
6209,6353
6204,6349
6194,6360
6199,6340
6209,6356
6199,6358
6202,6356
6199,6364
6211,6343
6205,6380
6212,6348
6199,6343
6206,6339
6201,6352
6202,6342
6194,6361
6208,6342
6205,6358
6206,6344
6218,6361
6214,6349
6198,6353
6202,6326
6216,6350
6204,6355
6214,6347
6216,6356
6220,6331
6215,6346
6199,6365
6197,6347
6200,6325
6198,6331
6199,6337
6202,6330
6200,6331
6195,6336
6218,6321
6219,6340
6217,6333
6227,6330
6204,6332
6203,6343
6201,6320
6195,6327
6197,6315
6218,6337
6201,6330
6203,6337
6191,6344
6198,6318
6212,6336
6200,6335
6205,6330
6215,6342
6211,6316
6206,6313
6197,6332
6207,6330
6209,6349
6216,6319
6214,6336
6208,6352
6204,6355
6220,6355
6216,6348
6210,6366
6215,6343
6210,6334
6206,6361
6208,6320
6219,6346
6217,6325
6223,6354
6215,6343
6203,6339
6211,6343
6209,6344
6210,6360
6208,6352
6210,6341
6213,6349
6220,6354
6204,6323
6203,6343
6207,6327
6196,6321
6212,6310
6194,6299
6220,6297
6219,6302
6205,6314
6224,6336
6218,6300
6218,6335
6206,6334
6219,6314
6208,6287
6202,6298
6221,6288
6202,6316
6199,6318
6209,6322
6207,6334
6218,6330
6215,6341
6207,6312
6195,6290
6208,6313
6201,6330
6205,6322
6217,6306
6212,6321
6211,6322
6222,6315
6218,6301
6222,6313
6211,6304
6221,6285
6219,6297
6205,6304
6210,6328
6208,6336
6218,6328
6216,6331
6219,6324
6212,6307
6217,6299
6218,6293
6212,6324
6211,6321
6217,6327
6210,6340
6214,6322
6219,6314
6214,6330
6207,6334
6208,6319
6226,6320
6216,6323
6223,6309
6221,6302
6226,6305
6220,6315
6230,6324
6223,6308
6223,6312
6220,6304
6236,6321
6213,6316
6229,6308
6229,6317
6239,6324
6237,6323
6229,6306
6254,6326
6264,6310
6260,6331
6288,6329
6293,6336
6332,6331
6345,6333
6396,6343
6412,6301
6476,6322
6530,6328
6586,6322
6645,6330
6713,6356
6800,6332
6921,6342
6992,6338
7099,6305
7169,6323
7295,6304
7337,6328
7407,6335
7467,6322
7507,6328
7524,6317
7549,6328
7583,6309
7491,6321
7490,6335
7431,6347
7291,6321
7147,6334
6976,6339
6842,6353
6749,6328
6667,6318
6617,6327
6611,6346
6609,6344
6587,6350
6578,6341
6585,6332
6598,6322
6596,6319
6654,6333
6736,6342
6789,6343
6876,6362
6984,6352
7095,6379
7213,6406
7352,6426
7468,6450
7613,6487
7721,6530
7803,6482
8028,6527
8186,6537
8173,6531
8266,6451
8280,6538
8344,6528
8344,6516
8315,6542
8285,6590
8195,6621
8113,6672
8049,6788
8037,6856
7962,6955
7865,7079
7727,7130
7650,7141
7501,7170
7291,7188
7124,7217
7058,7229
6944,7305
6848,7335
6789,7379
6761,7431
6694,7425
6686,7407
6701,7316
6709,7263
6765,7208
6848,7246
6997,7204
7168,7145
7321,7083
7500,6989
7747,6951
7990,6902
8218,6778
8475,6682
8690,6645
8905,6600
9112,6593
9419,6597
9708,6565
9831,6576
9936,6578
10038,6613
10169,6651
10232,6721
10293,6784
10327,6815
10118,6892
9860,6985
9662,7068
9519,7169
9183,7261
8922,7367
8614,7460
8318,7583
7917,7729
7717,7798
7490,7902
7256,7956
7104,8020
6962,8015
6877,8074
6794,8060
6739,8058
6713,8055
6694,8054
6713,7966
6747,7983
6797,7900
6871,7874
6984,7739
7084,7632
7205,7523
7387,7475
7548,7346
7658,7196
7858,7082
7987,6958
8179,6823
8352,6770
8492,6716
8649,6647
8774,6642
8939,6658
8977,6708
9074,6768
9179,6863
9151,6994
9037,7139
9054,7298
9072,7443
9062,7562
8978,7719
8788,7789
8602,7880
8478,7991
8284,8104
8139,8177
8022,8224
7799,8242
7637,8316
7437,8311
7320,8238
7207,8167
7070,8186
6974,8087
6866,7987
6788,7857
6683,7787
6655,7744
6640,7654
6647,7567
6696,7491
6796,7437
6873,7278
7008,7144
7173,7019
7325,6910
7529,6832
7760,6729
7970,6687
8183,6625
8425,6630
8700,6601
9032,6605
9291,6604
9485,6625
9599,6674
9752,6726
9919,6769
10060,6880
10061,6950
10040,7105
9851,7220
9745,7411
9580,7552
9361,7651
9186,7824
8924,7947
8655,8085
8457,8135
8157,8251
7928,8337
7771,8425
7528,8525
7320,8662
7179,8649
7035,8695
6907,8716
6822,8748
6718,8720
6626,8603
6587,8586
6559,8555
6537,8403
6585,8270
6609,8127
6668,8022
6741,7949
6861,7768
6986,7600
7135,7422
7240,7229
7372,7075
7486,6949
7635,6806
7727,6705
7834,6622
7902,6578
8009,6530
8064,6577
8083,6653
8225,6688
8284,6760
8345,6885
8353,6970
8312,7086
8363,7200
8215,7294
8246,7451
8210,7566
8190,7732
8133,7855
8046,7930
8036,7959
7967,8020
7789,8058
7679,8112
7578,8123
7430,8170
7298,8224
7142,8267
7073,8250
6935,8245
6843,8163
6760,8097
6670,8096
6602,8024
6558,7916
6530,7711
6523,7662
6502,7539
6531,7430
6588,7353
6661,7235
6754,7093
6895,6981
7039,6896
7188,6793
7369,6733
7536,6666
7684,6593
7756,6558
7883,6531
8004,6535
8107,6523
8235,6537
8195,6546
8347,6547
8392,6582
8360,6670
8391,6688
8437,6770
8395,6871
8426,6992
8429,7087
8408,7230
8247,7285
8151,7429
8109,7481
7984,7554
7872,7674
7706,7754
7505,7790
7408,7875
7259,7871
7157,7948
7044,8056
6887,8086
6747,8085
6668,7992
6623,7983
6581,7931
6573,7876
6577,7751
6618,7598
6644,7536
6746,7440
6865,7272
6987,7201
7104,7074
7213,6952
7362,6841
7520,6701
7665,6648
7870,6585
8096,6513
8145,6491
8261,6465
8421,6445
8475,6423
8529,6456
8556,6463
8589,6495
8182,6137
8511,6623
8507,6709
8362,6757
8272,6817
8157,6990
8074,7137
7930,7241
7757,7394
7710,7483
7637,7639
7523,7755
7398,7809
7310,7915
7201,7967
7091,8102
6957,8097
6855,8189
6755,8220
6712,8214
6647,8215
6595,8213
6551,8163
6506,8054
6511,8033
6505,7934
6532,7813
6546,7725
6604,7565
6689,7399
6779,7262
6906,7114
6980,6983
7118,6891
7262,6778
7392,6679
7593,6640
7784,6605
7998,6612
8136,6568
8198,6559
8408,6581
8586,6613
8636,6645
8772,6668
8863,6724
8837,6825
8861,6894
8871,6920
8833,7012
8705,7071
8608,7130
8481,7265
8344,7335
8229,7426
8085,7486
7903,7548
7749,7626
7554,7760
7330,7811
7217,7763
7064,7839
6937,7791
6834,7816
6731,7852
6634,7905
6589,7769
6551,7714
6535,7748
6541,7680
6552,7606
6631,7555
6722,7413
6787,7318
6903,7205
6963,7108
7115,7028
7303,6919
7452,6785
7565,6693
7687,6616
7840,6548
8011,6448
8125,6419
8308,6401
8470,6395
8623,6406
8671,6456
8758,6523
8802,6565
8803,6673
8817,6763
8806,6873
8827,6988
8673,7081
8618,7196
8401,7328
8259,7427
8124,7523
7950,7689
7791,7765
7637,7929
7511,7999
7396,8103
7268,8123
7137,8152
6993,8077
6920,8079
6833,8084
6741,7989
6667,7940
6666,7910
6635,7836
6603,7749
6631,7656
6641,7490
6664,7369
6697,7298
6762,7226
6820,7111
6886,7015
6942,6902
7049,6805
7149,6735
7323,6671
7453,6551
7592,6534
7750,6478
7929,6458
8102,6469
8273,6501
8381,6514
8494,6595
8538,6719
8575,6800
8605,6812
8612,6932
8630,7014
8635,7116
8493,7189
8465,7328
8381,7375
8340,7458
8245,7529
8093,7611
7903,7638
7706,7582
7583,7658
7475,7741
7325,7764
7187,7745
7047,7866
6896,7878
6790,7840
6710,7849
6613,7892
6593,7787
6609,7739
6595,7674
6619,7662
6671,7613
6744,7546
6906,7460
6978,7331
7071,7256
7195,7107
7403,7028
7580,6936
7720,6835
7891,6734
8110,6678
8270,6623
8349,6592
8470,6517
8664,6464
8711,6471
8791,6486
8969,6550
9070,6576
9055,6643
9011,6725
8929,6853
8845,6976
8742,7098
8615,7212
8477,7285
8439,7414
8335,7558
8114,7727
8114,7848
7976,7987
7816,8088
7689,8201
7465,8308
7346,8342
7211,8399
7021,8423
6878,8393
6789,8355
6712,8336
6588,8288
6541,8170
6503,8110
6505,8035
6547,7904
6553,7743
6579,7662
6601,7501
6670,7309
6730,7197
6859,7117
6978,6981
7095,6855
7201,6726
7268,6633
7334,6553
7476,6530
7542,6494
7682,6496
7712,6486
7732,6499
7845,6541
7896,6606
8021,6652
8054,6723
8129,6793
8110,6877
8161,6977
8202,7127
8209,7180
8127,7323
8133,7425
8012,7489
8006,7635
7921,7715
7863,7789
7700,7874
7604,7885
7451,7905
7321,7956
7095,7969
6999,7981
6886,7929
6794,7883
6674,7867
6583,7781
6552,7630
6561,7543
6579,7447
6629,7311
6740,7237
6879,7135
7055,7008
7207,6927
7434,6848
7674,6764
7909,6704
8074,6638
8273,6362
8529,6480
8671,6438
8861,6420
9091,6398
9185,6381
9372,6393
9453,6397
9438,6392
9515,6498
9530,6535
9506,6644
9432,6654
9486,6760
9329,6922
9185,7054
9016,7210
8890,7405
8752,7579
8549,7716
8349,7901
8275,8039
8081,8179
7866,8277
7652,8335
7493,8425
7362,8483
7180,8515
7062,8477
6968,8469
6851,8483
6720,8444
6611,8314
6586,8199
6582,8083
6589,7909
6653,7861
6738,7695
6856,7566
6990,7449
7165,7273
7283,7140
7472,7001
7711,6868
7894,6754
8014,6642
8273,6585
8481,6536
8743,6485
8956,6498
9187,6511
9390,6557
9499,6605
9662,6678
9963,6723
10230,6819
10243,6925
10300,7023
10274,7144
10234,7226
10135,7366
10144,7457
10018,7584
9856,7707
9587,7799
9377,7971
9073,8072
8886,8173
8558,8237
8282,8312
8049,8445
7799,8493
7542,8571
7381,8641
7210,8563
7039,8486
6956,8434
6884,8382
6800,8344
6794,8339
6799,8189
6836,8075
6931,7923
7020,7772
7091,7593
7240,7467
7393,7397
7551,7302
7750,7217
7927,7056
8170,6930
8328,6827
8571,6730
8837,6649
9136,6584
9305,6551
9465,6541
9608,6555
9746,6583
9854,6657
9991,6775
9960,6919
9894,7038
9998,7274
9879,7448
9901,7652
9849,7840
9769,8008
9569,8194
9396,8319
9187,8441
9068,8543
8903,8646
8657,8699
8427,8849
8108,8907
7863,8960
7638,8846
7428,8810
7217,8741
7088,8807
6993,8880
6861,8719
6822,8622
6853,8492
6866,8279
7014,8109
7183,8028
7364,7897
7551,7681
7777,7492
8000,7294
8382,7137
8739,6972
9078,6813
9459,6694
9789,6654
10103,6570
10492,6492
10824,6504
11090,6509
11166,6506
11371,6547
11484,6601
11669,6685
11798,6829
11753,6980
11729,7156
11587,7301
11430,7490
11344,7645
11213,7805
10914,7997
10615,8215
10253,8431
9921,8625
9651,8869
9419,9096
9024,9202
8754,9429
8474,9568
8192,9582
7919,9544
7678,9631
7364,9533
7154,9494
6963,9422
6842,9248
6753,9031
6743,8852
6793,8623
6868,8528
7033,8263
7128,8038
7313,7842
7490,7545
7752,7342
7927,7229
8085,7095
8272,6923
8463,6771
8687,6711
8824,6690
9030,6659
9069,6674
9103,6719
9034,6799
9110,6885
9218,6987
9205,7168
9290,7412
9255,7564
9202,7858
9191,8099
9191,8265
9368,8385
9336,8586
9160,8897
9036,9196
8889,9491
8736,9633
8441,9744
8195,9787
7983,9888
7733,10130
7466,10105
7231,9987
7007,9937
6827,9763
6718,9584
6660,9498
6614,9393
6597,9155
6626,8847
6701,8614
6748,8375
6825,8105
6964,7901
7051,7577
7105,7432
7207,7262
7278,7118
7390,7057
7515,6991
7309,6906
7581,6812
7948,6763
7912,6757
7493,6743
6997,6746
6642,6746
6383,6838
6276,6842
6219,6942
6174,7013
6153,7114
6153,7275
6144,7436
6145,7563
6144,7707
6143,7925
6136,8145
6132,8373
6133,8538
6139,8701
6139,8862
6131,8954
6119,9027
6125,9143
6120,9096
6121,8977
6127,8913
6113,8744
6110,8593
6119,8437
6125,8232
6114,8080
6121,7834
6113,7670
6115,7496
6118,7345
6104,7219
6121,7125
6109,7003
6113,6906
6114,6823
6110,6682
6117,6606
6114,6567
6119,6539
6116,6521
6105,6540
6111,6547
6127,6586
6116,6660
6109,6680
6106,6663
6110,6655
6081,6832
6166,6853
6129,6789
6062,7002
6183,6920
6103,6782
6100,6491
6105,6338
6119,6251
6102,6182
6101,6146
6104,6142
6104,6123
6116,6122
6108,6090
6105,6104
6107,6106
6110,6111
6116,6118
6105,6105
6101,6102
6111,6127
6103,6110
6104,6085
6106,6073
6117,6071
6114,6068
6105,6052
6106,6063
6111,6063
6111,6059
6106,6065
6115,6057
6112,6056
6101,6067
6101,6064
6113,6059
6108,6056
6106,6059
6111,6055
6110,6053
6110,6044
6106,6056
6109,6060
6108,6066
6110,6064
6111,6057
6118,6053
6112,6053
6102,6059
6111,6028
6106,6060
6110,6055
6112,6059
6114,6058
6109,6047
6114,6064
6103,6060
6118,6046
6113,6052
6109,6049
6109,6056
6109,6052
6113,6064
6115,6045
6112,6049
6110,6032
6120,6056
6123,6037
6116,6055
6121,6054
6113,6057
6121,6042
6128,6065
6105,6041
6118,6049
6100,6048
6114,6055
6107,6049
6105,6041
6104,6051
6108,6058
6113,6046
6114,6053
6108,6053
6108,6047
6118,6064
6115,6039
6117,6047
6125,6038
6110,6053
6116,6058
6114,6053
6113,6048
6117,6050
6111,6046
6116,6037
6119,6054
6106,6034
6113,6044
6117,6049
6118,6043
6114,6028
6106,6061
6116,6046
6114,6056
6116,6048
6110,6040
6107,6050
6111,6052
6106,6048
6111,6052
6116,6057
6118,6056
6106,6045
6105,6055
6104,6061
6113,6052
6105,6033
6112,6058
6113,6051
6112,6052
6117,6069
6117,6052
6108,6058
6106,6063
6102,6059
6110,6058
6110,6048
6114,6047
6110,6050
6106,6044
6106,6038
6112,6052
6099,6059
6109,6045
6104,6046
6108,6047
6120,6041
6118,6052
6112,6051
6107,6047
6109,6047
6120,6059
6104,6050
6101,6053
6110,6047
6109,6048
6116,6062
6108,6033
6108,6052
6108,6057
6105,6039
6108,6056
6119,6058
6110,6051
6101,6047
6104,6050
6109,6050
6110,6046
6105,6039
6114,6060
6100,6054
6103,6053
6106,6040
6111,6047
6106,6048
6117,6047
6118,6041
6105,6041
6108,6048
6100,6046
6108,6047
6104,6051
6108,6049
6107,6043
6099,6041
6107,6038
6106,6045
6110,6048
6114,6055
6107,6058
6099,6057
6104,6024
6111,6042
6106,6040
6100,6051
6113,6049
6102,6049
6106,6050
6102,6040
6102,6046
6113,6053
6106,6054
6097,6039
6107,6053
6100,6040
6103,6048
6099,6058
6104,6063
6108,6038
6114,6041
6103,6045
6115,6051
6106,6033
6106,6049
6102,6053
6109,6043
6102,6046
6098,6052
6108,6047
6106,6051
6117,6039
6106,6047
6101,6052
6097,6048
6114,6043
6105,6042
6095,6048
6092,6057
6114,6049
6105,6059
6096,6041
6108,6041
6110,6053
6104,6045
6108,6049
6097,6049
6099,6055
6104,6057
6107,6058
6107,6043
6100,6033
6101,6050
6104,6052
6103,6034
6111,6052
6108,6057
6100,6052
6100,6054
6098,6052
6102,6043
6103,6054
6099,6046
6107,6043
6111,6039
6117,6046
6103,6049
6102,6045
6104,6051
6108,6047
6097,6040
6111,6043
6106,6051
6115,6056
6099,6054
6103,6061
6111,6043
6111,6049
6106,6010
6106,6044
6102,6054
6111,6057
6116,6039
6143,6070
6101,6063
6140,6086
6049,6037
6163,6107
6158,6081
6055,5989
6104,6048
6110,6050
6110,6062
6112,6039
6105,6058
6113,6066
6107,6054
6110,6051
6112,6041
6110,6049
6111,6037
6110,6050
6110,6060
6108,6053
6109,6071
6112,6052
6120,6050
6121,6044
6106,6046
6118,6054
6120,6058
6108,6046
6119,6043
6115,6052
6104,6052
6112,6052
6118,6043
6108,6048
6112,6055
6103,6057
6111,6040
6114,6037
6115,6053
6114,6047
6104,6053
6121,6051
6109,6058
6116,6045
6113,6055
6110,6059
6111,6055
6112,6046
6110,6042
6099,6048
6107,6047
6106,6063
6104,6052
6107,6049
6112,6045
6113,6047
6109,6054
6099,6055
6107,6030
6107,6036
6115,6045
6100,6050
6106,6036
6109,6054
6108,6042
6105,6053
6108,6048
6108,6044
6101,6047
6107,6039
6104,6033
6103,6040
6110,6059
6108,6053
6096,6041
6108,6051
6111,6049
6108,6041
6105,6048
6105,6033
6115,6053
6102,6052
6105,6057
6109,6046
6102,6058
6101,6039
6106,6039
6105,6042
6099,6040
6100,6052
6115,6046
6111,6057
6103,6051
6106,6063
6119,6056
6112,6046
6110,6053
6105,6043
6099,6055
6101,6051
6116,6053
6116,6049
6117,6057
6107,6054
6114,6043
6114,6047
6118,6035
6109,6044
6111,6054
6108,6054
6124,6049
6117,6054
6120,6047
6113,6038
6118,6040
6119,6058
6129,6053
6117,6045
6122,6039
6120,6049
6125,6063
6118,6047
6122,6042
6114,6035
6119,6065
6109,6051
6111,6043
6117,6048
6119,6052
6122,6050
6122,6049
6111,6038
6115,6053
6113,6056
6112,6045
6109,6048
6107,6053
6119,6045
6111,6051
6110,6040
6107,6038
6113,6055
6114,6051
6111,6048
6124,6057
6124,6057
6105,6053
6108,6054
6123,6057
6114,6036
6120,6054
6126,6060
6119,6055
6110,6047
6110,6060
6115,6046
6111,6049
6110,6044
6111,6050
6113,6048
6116,6050
6111,6050
6111,6053
6110,6033
6118,6037
6107,6050
6115,6054
6120,6050
6116,6053
6110,6044
6113,6040
6119,6040
6118,6053
6119,6043
6117,6054
6108,6096
6119,6049
6125,6049
6111,6043
6124,6046
6122,6053
6104,6045
6113,6049
6110,6053
6109,6054
6116,6049
6107,6067
6109,6060
6125,6043
6120,6054
6113,6057
6106,6052
6109,6047
6111,6056
6120,6052
6113,6057
6117,6044
6116,6057
6121,6052
6112,6049
6113,6062
6121,6048
6120,6051
6123,6051
6118,6057
6122,6063
6119,6063
6119,6048
6120,6042
6095,6041
6112,6056
6124,6052
6112,6055
6115,6050
6110,6056
6122,6048
6119,6055
6113,6053
6123,6046
6119,6065
6124,6051
6114,6049
6107,6048
6113,6055
6119,6044
6111,6039
6115,6038
6121,6059
6125,6059
6120,6034
6115,6053
6127,6045
6121,6055
6119,6059
6114,6056
6117,6053
6122,6058
6118,6056
6128,6053
6121,6060
6118,6051
6123,6055
6122,6064
6125,6051
6115,6062
6120,6045
6126,6051
6126,6051
6122,6055
6119,6055
6122,6053
6119,6062
6113,6064
6121,6057
6130,6060
6122,6057
6115,6057
6118,6060
6118,6053
6112,6061
6116,6065
6113,6060
6124,6058
6119,6060
6122,6049
6121,6057
6117,6057
6115,6049
6123,6058
6123,6058
6123,6062
6119,6057
6114,6043
6115,6057
6125,6050
6123,6052
6119,6056
6112,6046
6127,6055
6120,6050
6121,6073
6116,6060
6121,6047
6121,6049
6121,6064
6120,6058
6122,6053
6120,6054
6117,6050
6120,6052
6117,6064
6117,6064
6119,6056
6119,6063
6114,6064
6119,6059
6114,6052
6124,6057
6120,6056
6117,6063
6114,6047
6119,6037
6111,6045
6125,6055
6117,6045
6118,6062
6124,6053
6121,6055
6119,6052
6116,6050
6122,6058
6127,6062
6119,6045
6119,6045
6118,6056
6122,6049
6125,6062
0,25
0,61680
0,0
6124,6054
5595,5570
5599,5574
5611,5577
5603,5565
5609,5566
5604,5568
5604,5584
5600,5579
5825,5756
6344,6319
6290,6297
6288,6290
6274,6324
6290,6308
6308,6296
6288,6286
6284,6306
6290,6299
6293,6298
6305,6290
6294,6321
6281,6295
6287,6303
6307,6317
6310,6339
6311,6354
6295,6293
6292,6307
6301,6310
6298,6308
6279,6316
6294,6306
6304,6314
6300,6331
6306,6339
6307,6326
6272,6314
6259,6336
6279,6321
6289,6302
6295,6298
6293,6314
6295,6315
6292,6301
6283,6311
6300,6331
6305,6340
6306,6318
6274,6329
6284,6312
6292,6291
6301,6324
6300,6339
6306,6338
6301,6337
6294,6300
6297,6288
6317,6309
6301,6308
6308,6276
6297,6301
6299,6298
6282,6312
6262,6338
6279,6324
6287,6334
6303,6340
6294,6324
6292,6303
6279,6324
6284,6314
6269,6305
6281,6322
6282,6334
6289,6317
6278,6303
6283,6315
6307,6316
6309,6314
6302,6322
6312,6304
6302,6320
6287,6306
6275,6278
6269,6312
6295,6316
6293,6324
6277,6331
6282,6344
6282,6334
6297,6337
6266,6321
6301,6328
6304,6322
6306,6349
6302,6325
6301,6295
6276,6326
6137,6204
6190,5483
5934,6032
6246,6348
6249,6332
6215,6253
6271,6350
6255,6291
6301,6335
6298,6329
6280,6330
6264,6323
6277,6288
6295,6300
6280,6303
6275,6289
6259,6311
6279,6313
6283,6298
6260,6316
6281,6311
6305,6314
6303,6321
6295,6291
6268,6302
6283,6335
6276,6319
6285,6314
6296,6303
6275,6304
6293,6322
6286,6315
6285,6308
6275,6317
6277,6337
6270,6333
6268,6313
6265,6290
6268,6278
6271,6297
6280,6298
6287,6300
6281,6304
6268,6314
6265,6321
6287,6331
6297,6322
6301,6316
6290,6313
6278,6327
6284,6315
6300,6311
6275,6301
6276,6294
6295,6298
6300,6324
6289,6330
6292,6331
6279,6338
6285,6322
6281,6316
6270,6340
6263,6323
6277,6319
6276,6342
6282,6321
6276,6327
6270,6333
6265,6357
6269,6323
6267,6342
6275,6327
6268,6327
6268,6305
6269,6298
6266,6303
6267,6307
6263,6326
6277,6312
6277,6346
6292,6325
6269,6324
6272,6327
6271,6328
6271,6342
6275,6320
6295,6334
6282,6327
6272,6330
6279,6338
6260,6310
6282,6315
6280,6325
6271,6343
6289,6320
6253,6324
6284,6317
6265,6331
6260,6355
6261,6329
6273,6309
6250,6333
6258,6360
6270,6333
6278,6345
6274,6344
6279,6334
6252,6349
6259,6335
6274,6376
6261,6329
6270,6351
6269,6332
6257,6333
6273,6322
6293,6336
6262,6340
6275,6346
6277,6351
6276,6353
6274,6347
6264,6352
6249,6348
6253,6341
6243,6340
6241,6359
6255,6347
6253,6365
6243,6342
6251,6351
6253,6335
6250,6331
6257,6350
6249,6337
6250,6360
6245,6357
6245,6358
6239,6338
6246,6351
6261,6334
6247,6340
6248,6377
6242,6343
6242,6353
6241,6348
6236,6363
6250,6354
6252,6366
6251,6364
6237,6361
6244,6360
6242,6392
6243,6400
6255,6358
6270,6347
6236,6351
6253,6358
6253,6343
6249,6354
6236,6368
6235,6401
6240,6381
6243,6347
6246,6369
6242,6343
6242,6355
6236,6337
6231,6321
6247,6345
6225,6344
6251,6338
6225,6365
6248,6355
6241,6354
6243,6359
6244,6408
6243,6377
6241,6369
6247,6371
6244,6391
6226,6372
6236,6369
6235,6358
6244,6383
6240,6367
6220,6364
6244,6368
6246,6366
6243,6372
6242,6388
6225,6360
6240,6390
6237,6399
6244,6419
6241,6369
6246,6369
6242,6360
6234,6359
6235,6374
6233,6384
6235,6369
6219,6351
6236,6344
6248,6369
6234,6343
6221,6362
6226,6375
6222,6344
6216,6349
6221,6350
6229,6371
6215,6374
6220,6352
6216,6342
6222,6346
6236,6364
6221,6384
6217,6401
6218,6410
6222,6405
6227,6399
6231,6384
6233,6394
6232,6360
6250,6355
6240,6374
6220,6372
6223,6388
6217,6391
6235,6356
6225,6359
6225,6361
6235,6347
6227,6362
6214,6366
6231,6338
6217,6350
6249,6367
6231,6370
6237,6344
6220,6377
6225,6336
6245,6338
6228,6357
6224,6342
6222,6359
6225,6352
6231,6353
6231,6381
6226,6367
6218,6359
6221,6364
6214,6337
6202,6352
6218,6347
6220,6347
6220,6373
6223,6338
6220,6356
6225,6351
6229,6363
6219,6369
6209,6387
6216,6380
6220,6370
6207,6351
6213,6372
6109,6286
6225,6362
6219,6337
6226,6348
6231,6347
6208,6349
6223,6357
6221,6345
6217,6369
6218,6348
6216,6378
6223,6402
6225,6413
6229,6396
6215,6386
6222,6410
6220,6400
6220,6397
6218,6377
6232,6409
6224,6395
6220,6399
6202,6390
6216,6410
6227,6394
6220,6395
6215,6361
6221,6376
6225,6392
6219,6347
6210,6376
6223,6351
6219,6357
6216,6359
6225,6379
6214,6370
6204,6370
6205,6373
6209,6382
6203,6396
6215,6397
6210,6362
6215,6358
6205,6367
6218,6371
6210,6348
6212,6371
6216,6383
6215,6380
6208,6361
6215,6366
6202,6363
6201,6337
6202,6337
6211,6350
6204,6356
6205,6339
6222,6353
6224,6340
6225,6328
6228,6376
6212,6385
6211,6380
6212,6374
6216,6366
6215,6370
6218,6378
6211,6378
6209,6360
6207,6377
6211,6393
6205,6387
6206,6383
6213,6443
6201,6419
6211,6379
6208,6375
6206,6337
6217,6363
6228,6342
6214,6350
6212,6346
6215,6350
6207,6371
6215,6355
6204,6375
6212,6353
6204,6351
6202,6335
6209,6345
6198,6352
6193,6369
6202,6361
6218,6355
6212,6353
6222,6344
6201,6347
6201,6355
6190,6349
6211,6345
6208,6344
6207,6346
6203,6366
6210,6339
6216,6363
6213,6361
6203,6357
6215,6321
6223,6351
6203,6369
6217,6374
6207,6370
6195,6343
6203,6353
6207,6363
6195,6358
6196,6340
6198,6341
6210,6329
6205,6354
6195,6351
6207,6354
6215,6328
6220,6345
6219,6348
6219,6350
6205,6331
6215,6345
6220,6346
6211,6341
6213,6332
6208,6338
6207,6325
6204,6356
6198,6349
6203,6350
6210,6313
6202,6324
6192,6326
6217,6313
6217,6316
6207,6330
6207,6333
6197,6333
6211,6326
6216,6329
6214,6329
6213,6333
6207,6348
6221,6362
6218,6362
6211,6522
6201,6345
6209,6336
6212,6360
6216,6342
6218,6339
6214,6353
6233,6340
6204,6343
6206,6326
6216,6338
6206,6341
6206,6352
6211,6354
6202,6330
6214,6346
6222,6348
6208,6334
6219,6339
6202,6325
6203,6330
6215,6324
6213,6314
6228,6311
6220,6305
6217,6319
6210,6340
6205,6318
6206,6321
6211,6341
6215,6325
6217,6328
6199,6304
6215,6311
6207,6317
6216,6327
6206,6332
6206,6329
6215,6333
6213,6333
6210,6328
6197,6321
6215,6315
6205,6319
6209,6306
6208,6321
6205,6332
6224,6325
6223,6327
6218,6306
6215,6312
6224,6322
6219,6303
6221,6310
6209,6294
6209,6319
6210,6323
6215,6331
6214,6338
6215,6340
6223,6301
6227,6291
6219,6292
6214,6326
6210,6334
6224,6342
6219,6328
6220,6317
6220,6294
6207,6313
6212,6328
6214,6307
6207,6315
6203,6310
6216,6310
6216,6320
6218,6289
6221,6307
6218,6316
6220,6298
6211,6301
6223,6324
6237,6332
6234,6320
6224,6330
6230,6326
6232,6339
6220,6307
6243,6305
6262,6307
6266,6318
6263,6327
6281,6321
6309,6355
6332,6340
6341,6316
6378,6333
6423,6331
6460,6320
6525,6331
6588,6333
6646,6341
6718,6363
6811,6346
6908,6340
6992,6323
7085,6328
7151,6318
7282,6308
7333,6334
7392,6329
7430,6316
7516,6321
7519,6319
7540,6324
7541,6318
7508,6321
7481,6326
7918,6189
7255,6291
7006,6208
6994,6357
6890,6370
6770,6358
6682,6335
6631,6330
6610,6323
6611,6341
6613,6363
6571,6364
6567,6321
6577,6300
6605,6328
6669,6333
6736,6348
6809,6355
6899,6372
6996,6378
7112,6392
7211,6398
7335,6412
7464,6471
7650,6457
7764,6515
7904,6520
8035,6521
8116,6496
8177,6511
8218,6520
8286,6510
8437,6514
8322,6532
8246,6563
8308,6594
8199,6607
8078,6678
8000,6750
7961,6876
7892,6964
7800,7061
7729,7117
7627,7171
7495,7154
7294,7185
7152,7208
7064,7255
6967,7280
6849,7337
6803,7366
6734,7414
6718,7469
6652,7380
6709,7383
6719,7262
6789,7241
6868,7291
7010,7246
7177,7170
7332,7089
7504,7032
7733,6981
7956,6910
8207,6787
8462,6708
8705,6644
8881,6606
9083,6606
9453,6582
9720,6598
9833,6572
9903,6574
10049,6601
10202,6672
10266,6727
10288,6771
10298,6855
10197,6960
9883,7025
9679,7053
9509,7153
9243,7249
8879,7356
8631,7475
8324,7594
7944,7736
7708,7832
7505,7924
7291,7964
7117,7985
6963,8025
6865,8042
6817,8080
6695,8091
6676,8041
6674,7994
6728,8011
6734,7948
6792,7933
6882,7847
7002,7771
7054,7588
7210,7541
7386,7450
7551,7359
7660,7224
7888,7081
8034,6946
8200,6825
8348,6771
8513,6722
8646,6662
8786,6644
8945,6658
9030,6710
9044,6776
9146,6893
9182,7012
9039,7133
9081,7300
9049,7419
9057,7584
9007,7734
8745,7782
8595,7888
8457,7977
8296,8039
8159,8170
8025,8260
7856,8381
7648,8342
7486,8376
7367,8322
7202,8230
7096,8223
6992,8215
6873,8011
6789,7899
6701,7819
6647,7807
6643,7850
6650,7692
6718,7514
6780,7461
6877,7304
7023,7135
7156,7033
7301,6953
7553,6833
7751,6787
8014,6698
8217,6653
8419,6651
8714,6616
8994,6635
9236,6626
9452,6645
9626,6679
9793,6698
9918,6766
10029,6862
10097,6953
9940,7121
9816,7213
9740,7361
9607,7581
9361,7709
9163,7862
8889,8024
8691,8062
8424,8190
8156,8287
7929,8436
7742,8508
7536,8598
7307,8646
7199,8703
7054,8715
6919,8703
6816,8720
6709,8709
6617,8629
6596,8566
6543,8534
6562,8365
6591,8272
6607,8145
6692,8052
6783,7916
6890,7720
6996,7602
7126,7388
7279,7200
7392,7082
7528,6912
7630,6808
7741,6680
7895,6619
7926,6566
7990,6550
8052,6580
8128,6618
8227,6676
8362,6755
8362,6876
8372,6954
8359,7106
8356,7191
8281,7306
8280,7477
8284,7580
8263,7752
8206,7911
8139,7975
8132,7989
8014,8035
7873,8105
7738,8144
7593,8151
7436,8195
7306,8265
7150,8278
7091,8297
6974,8292
6852,8174
6770,8133
6688,8120
6618,8026
6579,7940
6533,7768
6538,7630
6499,7541
6553,7477
6601,7378
6667,7238
6743,7137
6899,6991
7019,6896
7200,6837
7399,6721
7535,6670
7637,6617
7741,6568
7883,6560
7999,6564
8096,6530
8244,6560
8239,6541
8350,6551
8377,6586
8373,6662
8442,6707
8467,6811
8460,6903
8500,7015
8473,7153
8421,7264
8333,7392
8199,7414
8147,7537
7994,7635
7906,7739
7711,7838
7520,7867
7409,7949
7268,7979
7187,8015
7104,8189
6928,8235
6795,8094
6614,7994
6625,8033
6609,7933
6601,7878
6577,7786
6615,7694
6655,7549
6751,7409
6856,7293
6973,7173
7087,7073
7187,6936
7353,6834
7531,6710
7662,6633
7904,6590
8050,6538
8171,6480
8266,6454
8439,6444
8495,6425
8467,6454
8575,6466
8538,6500
8527,6564
8493,6616
8478,6729
8385,6777
8310,6900
8167,6984
8045,7095
7955,7238
7814,7415
7746,7538
7659,7585
7529,7716
7452,7853
7317,7992
7213,8047
7113,8117
6971,8149
6865,8149
6774,8178
6704,8189
6655,8257
6577,8232
6546,8162
6530,8134
6523,8047
6520,7915
6541,7805
6548,7710
6600,7569
6703,7404
6787,7265
6885,7104
6978,7010
7120,6892
7280,6787
7419,6679
7610,6640
7816,6608
7979,6600
8123,6585
8249,6572
8433,6591
8627,6595
8647,6641
8777,6680
8868,6715
8894,6797
8920,6903
8842,6920
8855,7023
8755,7057
8592,7155
8546,7288
8361,7348
8218,7425
8107,7517
7928,7530
7760,7652
7573,7793
7361,7789
7229,7798
7121,7832
6987,7836
6823,7817
6730,7848
6658,7861
6607,7779
6556,7715
6524,7722
6523,7680
6575,7625
6629,7482
6723,7422
6830,7332
6915,7190
7010,7120
7141,7011
7323,6935
7467,6823
7559,6688
7674,6614
7821,6555
8003,6465
8159,6423
8268,6389
8525,6417
8619,6426
8662,6454
8769,6523
8783,6578
8753,6669
8848,6776
8837,6866
8813,6983
8735,7093
8614,7190
8427,7297
8285,7443
8154,7519
7967,7660
7833,7767
7650,7893
7506,8017
7388,8120
7288,8196
7176,8172
7056,8179
6936,8053
6849,8121
6756,8059
6700,7968
6666,7923
6648,7865
6620,7764
6608,7642
6625,7484
6655,7357
6721,7293
6772,7214
6849,7145
6883,7060
6948,6920
7060,6818
7172,6743
7294,6671
7516,6579
7626,6518
7838,6491
7992,6484
8098,6498
8262,6510
8372,6520
8531,6619
8606,6702
8691,6786
8599,6816
8694,6887
8715,7031
8668,7120
8585,7229
8506,7328
8429,7387
8361,7440
8256,7548
8095,7621
7893,7645
7719,7596
7598,7675
7507,7779
7330,7796
7219,7823
7053,7894
6914,7886
6778,7834
6727,7910
6679,7949
6635,7832
6609,7748
6592,7693
6609,7638
6664,7580
6750,7558
6898,7482
6951,7355
7083,7266
7212,7144
7435,7019
7586,6922
7789,6815
7937,6741
8166,6673
8284,6632
8354,6591
8555,6523
8646,6491
8748,6505
8859,6514
8995,6550
9083,6580
9081,6669
9046,6769
8904,6878
8850,7000
8731,7102
8630,7224
8543,7317
8447,7426
8307,7580
8159,7728
8141,7891
7965,7999
7831,8154
7696,8245
7518,8327
7351,8406
7207,8394
7054,8496
6894,8425
6784,8374
6695,8329
6575,8318
6573,8232
6493,8145
6510,8119
6544,7899
6545,7734
6571,7658
6610,7513
6664,7374
6755,7218
6863,7121
7009,6967
7109,6824
7192,6748
7288,6621
7361,6577
7459,6538
7596,6474
7685,6503
7713,6502
7754,6514
7879,6548
7934,6584
8024,6639
8044,6728
8110,6815
8113,6880
8134,6985
8185,7104
8194,7206
8197,7318
8138,7390
8074,7490
7997,7627
7990,7731
7868,7824
7737,7900
7648,7940
7449,7956
7473,8031
7474,8380
7167,8174
6898,8046
6797,7971
6740,7968
6566,7816
6611,7680
6591,7534
6619,7419
6691,7346
6751,7235
6883,7148
7095,7062
7243,6944
7463,6827
7701,6762
7887,6698
8108,6637
8324,6547
8516,6464
8719,6458
8884,6439
9066,6404
9266,6393
9416,6394
9554,6422
9533,6425
9562,6502
9551,6564
9532,6633
9564,6686
9531,6788
9320,6901
9244,7079
9131,7224
8881,7382
8768,7567
8617,7799
8395,7946
8276,8088
8079,8204
7877,8282
7652,8365
7493,8453
7379,8500
7221,8515
7078,8471
6973,8465
6852,8443
6711,8467
6642,8335
6610,8266
6612,8124
6603,7968
6642,7852
6753,7721
6847,7590
7011,7442
7157,7268
7280,7149
7505,7011
7710,6881
7879,6764
8054,6643
8271,6541
8503,6513
8767,6487
9017,6498
9161,6505
9343,6568
9509,6603
9672,6674
9954,6742
10188,6833
10302,6907
10356,7028
10292,7111
10223,7239
10121,7324
10121,7455
10041,7587
9893,7722
9665,7848
9369,7959
9082,8017
8910,8154
8584,8234
8292,8365
8014,8423
7751,8510
7514,8561
7373,8585
7196,8519
7061,8517
6959,8424
6901,8375
6829,8359
6791,8329
6817,8184
6832,8028
6943,7917
6981,7773
7112,7622
7225,7492
7401,7360
7606,7316
7746,7194
7902,7053
8154,6942
8349,6840
8535,6731
8798,6641
9101,6571
9279,6536
9442,6536
9588,6548
9741,6571
9941,6677
9999,6773
10044,6921
10016,7069
9955,7223
9897,7438
9922,7659
10010,7874
9884,8061
9691,8243
9428,8332
9219,8472
9122,8608
8881,8644
8639,8656
8375,8809
8132,8919
7909,9000
7661,8896
7449,8822
7261,8760
7136,8845
7008,8868
6867,8737
6812,8629
6833,8496
6883,8310
6984,8132
7165,8037
7374,7867
7573,7706
7781,7487
8074,7320
8439,7149
8769,6968
9141,6816
9478,6692
9811,6613
10204,6561
10480,6487
10804,6495
11129,6473
11265,6499
11410,6542
11465,6610
11643,6713
11762,6801
11770,6978
11743,7167
11592,7321
11531,7480
11377,7627
11234,7839
10917,8004
10593,8182
10318,8426
9978,8649
9634,8878
9376,9080
9033,9240
8762,9424
8539,9605
8236,9613
7916,9576
7624,9567
7383,9494
7131,9408
6984,9434
6853,9202
6773,8998
6724,8840
6787,8640
6894,8506
7002,8251
7145,8065
7309,7821
7483,7535
7729,7354
7943,7237
8074,7075
8305,6934
8479,6778
8643,6714
8844,6689
9032,6662
9103,6678
9127,6717
9097,6794
9139,6888
9212,6976
9185,7200
9261,7361
9211,7616
9252,7846
9235,8123
9284,8239
9330,8466
9383,8593
9187,8901
9026,9257
8922,9497
8809,9673
8513,9858
8198,9905
7986,9895
7742,10059
7457,10061
7173,9965
7011,9861
6831,9763
6734,9598
6638,9485
6588,9359
6609,9166
6628,8861
6691,8617
6740,8379
6870,8120
6991,7866
7069,7609
7092,7430
7199,7239
7288,7117
7411,7074
7501,6992
7352,6929
7544,6819
7956,6775
7944,6753
7513,6724
7021,6753
6653,6780
6419,6822
6278,6862
6222,6943
6181,7036
6159,7118
6154,7250
6151,7427
6139,7582
6135,7725
6140,7921
6144,8149
6134,8348
6142,8615
6138,8708
6137,8896
6131,9084
6124,9027
6118,9114
6124,9129
6122,8986
6121,8939
6150,8806
6127,8550
6127,8461
6111,8247
6118,8104
6124,7849
6122,7706
6120,7489
6121,7354
6114,7244
6114,7112
6119,6997
6122,6921
6113,6818
6110,6710
6116,6631
6113,6567
6124,6517
6112,6527
6110,6533
6120,6552
6114,6604
6113,6636
6114,6681
6118,6710
6114,6748
6122,6796
6106,6800
6112,6926
6109,7040
6114,6942
6113,6723
6104,6508
6112,6333
6110,6241
6101,6180
6111,6155
6116,6132
6105,6125
6116,6118
6114,6100
6112,6104
6114,6093
6110,6097
6116,6106
6099,6106
6103,6105
6112,6121
6103,6120
6106,6084
6102,6070
6116,6066
6119,6058
6102,6052
6108,6065
6113,6067
6109,6057
6104,6069
6119,6069
6113,6054
6112,6064
6106,6054
6109,6072
6108,6058
6113,6044
6110,6061
6106,6062
6108,6060
6104,6052
6115,6067
6115,6054
6105,6063
6101,6066
6106,6063
6099,6061
6106,6027
6107,6048
6108,6056
6118,6049
6114,6054
6115,6056
6115,6061
6112,6050
6109,6061
6119,6047
6118,6060
6106,6062
6111,6058
6105,6050
6119,6061
6120,6048
6119,6056
6110,6051
6125,6050
6118,6042
6111,6053
6119,6052
6117,6040
6106,6057
6127,6054
6113,6049
6114,6054
6104,6057
6113,6050
6119,6045
6099,6049
6106,6046
6116,6044
6113,6029
6112,6057
6112,6044
6109,6054
6118,6058
6120,6036
6107,6060
6127,6050
6118,6048
6114,6038
6106,6052
6118,6060
6108,6055
6112,6031
6113,6042
6115,6053
6110,6045
6123,6053
6113,6028
6111,6049
6113,6047
6114,6043
6111,6047
6113,6057
6118,6048
6107,6053
6112,6055
6111,6050
6108,6047
6115,6045
6117,6037
6116,6053
6106,6049
6107,6046
6103,6053
6110,6041
6111,6039
6117,6044
6114,6053
6109,6050
6107,6041
6117,6054
6105,6049
6107,6039
6099,6041
6103,6050
6121,6048
6121,6051
6109,6049
6108,6051
6099,6050
6109,6036
6107,6037
6120,6061
6110,6048
6106,6048
6115,6054
6120,6050
6110,6058
6112,6046
6098,6059
6112,6041
6121,6046
6105,6047
6109,6054
6109,6048
6117,6045
6101,6045
6111,6051
6109,6048
6114,6027
6111,6045
6123,6046
6104,6057
6107,6041
6099,6047
6107,6045
6103,6048
6110,6050
6112,6055
6094,6063
6107,6045
6114,6053
6119,6049
6109,6055
6112,6058
6110,6053
6107,6050
6105,6044
6109,6047
6109,6056
6108,6060
6119,6052
6107,6049
6101,6024
6109,6048
6107,6038
6108,6050
6112,6053
6112,6055
6112,6041
6104,6044
6106,6050
6113,6051
6111,6052
6112,6053
6106,6046
6108,6048
6119,6061
6107,6036
6115,6046
6116,6053
6088,6044
6108,6050
6101,6040
6105,6054
6108,6046
6104,6060
6118,6047
6116,6055
6093,6054
6116,6036
6108,6039
6107,6041
6114,6041
6114,6040
6115,6047
6104,6049
6105,6042
6106,6043
6110,6036
6108,6054
6104,6053
6097,6053
6115,6049
6106,6053
6099,6056
6106,6043
6105,6042
6099,6049
6103,6041
6107,6047
6113,6044
6102,6048
6111,6049
6096,6049
6107,6033
6106,6049
6109,6046
6100,6039
6108,6044
6117,6049
6103,6042
6098,6052
6108,6063
6105,6049
5956,5998
6167,6074
6204,6147
6054,5981
6026,6004
6153,6079
6129,6076
6061,6071
6090,6031
6104,6043
6101,6052
6107,6046
6098,6029
6106,6044
6110,6049
6114,6051
6112,6051
6108,6048
6108,6059
6105,6052
6114,6039
6107,6042
6098,6050
6102,6044
6108,6042
6114,6047
6109,6051
6100,6061
6105,6052
6112,6051
6107,6046
6113,6045
6113,6056
6111,6042
6112,6066
6112,6048
6113,6053
6111,6043
6090,6050
6107,6059
6106,6067
6102,6049
6106,6037
6112,6060
6104,6047
6116,6056
6099,6058
6109,6068
6116,6049
6112,6045
6113,6058
6100,6056
6112,6054
6122,6052
6108,6043
6122,6051
6109,6056
6106,6049
6107,6055
6117,6052
6125,6058
6111,6048
6103,6050
6115,6053
6109,6040
6117,6051
6116,6049
6110,6062
6118,6039
6118,6044
6106,6055
6112,6055
6110,6048
6106,6057
6111,6052
6109,6045
6106,6049
6108,6045
6108,6051
6105,6054
6098,6058
6110,6041
6117,6059
6106,6059
6108,6046
6114,6051
6110,6039
6112,6045
6104,6055
6100,6050
6112,6023
6117,6041
6104,6057
6103,6065
6108,6062
6106,6050
6109,6040
6097,6041
6107,6043
6111,6058
6113,6054
6096,6047
6110,6047
6117,6041
6101,6030
6107,6039
6104,6049
6110,6048
6107,6045
6114,6048
6112,6038
6111,6028
6105,6039
6106,6036
6113,6039
6112,6050
6106,6055
6107,6043
6108,6048
6102,6033
6111,6054
6117,6047
6113,6045
6113,6057
6104,6041
6109,6043
6112,6054
6110,6056
6115,6045
6122,6048
6111,6049
6115,6057
6116,6056
6122,6049
6114,6052
6108,6040
6108,6058
6116,6056
6111,6047
6125,6051
6124,6054
6118,6051
6115,6049
6127,6046
6116,6046
6118,6040
6126,6045
6127,6046
6117,6056
6116,6050
6114,6053
6117,6061
6118,6033
6112,6037
6119,6054
6123,6046
6114,6049
6120,6035
6111,6042
6121,6058
6114,6052
6115,6052
6113,6049
6110,6054
6112,6058
6119,6056
6115,6053
6109,6045
6104,6038
6117,6054
6120,6046
6118,6036
6124,6048
6113,6056
6110,6047
6117,6051
6106,6048
6118,6048
6120,6055
6116,6052
6109,6057
6110,6046
6109,6044
6120,6057
6109,6050
6123,6042
6114,6048
6121,6035
6120,6059
6114,6044
6105,6043
6110,6046
6099,6038
6105,6054
6115,6039
6113,6043
6105,6063
6112,6049
6114,6030
6119,6042
6114,6050
6117,6036
6111,6047
6117,6048
6118,6055
6112,6037
6119,6038
6118,6038
6107,6039
6109,6053
6102,6060
6110,6062
6118,6050
6115,6051
6111,6046
6120,6042
6118,6046
6116,6047
6106,6057
6108,6057
6116,6041
6118,6057
6117,6045
6115,6048
6125,6063
6119,6058
6113,6042
6119,6049
6113,6058
6117,6046
6115,6050
6114,6043
6123,6058
6120,6046
6125,6066
6123,6060
6111,6057
6118,6044
6122,6060
6117,6051
6116,6051
6115,6062
6115,6063
6128,6054
6119,6052
6128,6057
6115,6065
6114,6053
6116,6047
6119,6044
6106,6049
6130,6058
6120,6055
6110,6055
6124,6054
6127,6055
6122,6045
6113,6054
6119,6053
6122,6048
6119,6065
6121,6063
6125,6053
6119,6055
6119,6055
6122,6060
6127,6048
6115,6054
6114,6059
6120,6055
6121,6058
6118,6057
6118,6058
6126,6054
6113,6063
6119,6050
6121,6053
6126,6047
6121,6054
6120,6061
6120,6056
6123,6049
6116,6059
6126,6052
6118,6057
6119,6061
6119,6061
6129,6053
6119,6050
6122,6056
6126,6054
6114,6052
6124,6054
6121,6050
6113,6053
6128,6052
6121,6059
6122,6046
6123,6059
6115,6041
6115,6054
6122,6054
6122,6041
6122,6052
6121,6048
6119,6057
6115,6040
6117,6054
6117,6054
6117,6066
6118,6057
6118,6056
6127,6040
6119,6063
6125,6045
6122,6052
6120,6055
6117,6050
6120,6042
6123,6046
6122,6055
6120,6051
6118,6053
6117,6054
6126,6048
6120,6047
6155,6078
6121,6052
6123,6056
6113,6059
6113,6059
6173,6091
6116,6057
6145,6069
6127,6051
6134,6070
6119,6055
6107,6042
6121,6058
6125,6073
6156,6080
6089,6024
6122,6051
6105,6063
0,26
0,61680
0,0
6020,5950
5600,5588
5603,5573
5609,5572
5605,5569
5603,5568
5606,5572
5608,5576
5605,5572
5827,5756
6335,6317
6291,6282
6286,6290
6286,6318
6279,6297
6312,6295
6291,6304
6285,6297
6284,6304
6281,6297
6302,6302
6307,6307
6271,6307
6282,6298
6304,6306
6317,6350
6303,6348
6296,6322
6287,6296
6299,6311
6296,6328
6277,6306
6291,6297
6303,6321
6314,6322
6301,6327
6305,6310
6291,6317
6273,6337
6291,6308
6292,6309
6295,6320
6290,6321
6284,6324
6280,6322
6281,6304
6290,6328
6309,6313
6302,6317
6272,6316
6283,6299
6288,6282
6290,6321
6309,6317
6307,6305
6287,6323
6285,6304
6303,6309
6309,6289
6295,6304
6314,6305
6295,6308
6307,6296
6289,6301
6282,6322
6281,6327
6284,6339
6297,6314
6299,6304
6299,6318
6284,6314
6288,6310
6291,6307
6237,6286
6266,6307
6241,6296
6303,6348
6256,6306
6281,6303
6285,6302
6314,6309
6303,6295
6291,6306
6283,6311
6280,6303
6300,6303
6294,6329
6301,6317
6284,6326
6277,6322
6291,6324
6297,6342
6270,6337
6292,6328
6293,6323
6290,6313
6292,6318
6303,6321
6271,6309
6275,6327
6285,6297
6285,6298
6285,6316
6288,6301
6294,6316
6289,6297
6279,6321
6274,6305
6289,6309
6268,6336
6275,6315
6269,6296
6286,6282
6287,6294
6265,6295
6257,6313
6279,6312
6280,6306
6270,6315
6277,6312
6301,6327
6291,6321
6280,6319
6266,6313
6285,6325
6271,6317
6295,6313
6298,6310
6294,6323
6279,6308
6280,6325
6268,6309
6274,6302
6271,6310
6277,6323
6278,6304
6266,6308
6269,6304
6282,6303
6284,6310
6299,6286
6284,6285
6262,6308
6263,6314
6277,6325
6293,6332
6300,6336
6288,6327
6280,6342
6281,6310
6294,6310
6271,6305
6262,6315
6301,6312
6292,6299
6302,6322
6310,6352
6278,6338
6271,6322
6266,6343
6262,6343
6270,6328
6268,6313
6270,6324
6288,6334
6272,6330
6271,6330
6279,6344
6276,6339
6276,6331
6269,6325
6261,6315
6262,6304
6260,6314
6263,6300
6278,6326
6250,6338
6267,6321
6277,6350
6274,6328
6282,6330
6275,6327
6268,6320
6275,6353
6280,6334
6275,6341
6284,6324
6290,6344
6265,6322
6262,6329
6287,6337
6270,6327
6265,6329
6280,6321
6267,6319
6278,6331
6276,6335
6272,6334
6274,6337
6274,6329
6254,6330
6262,6352
6249,6356
6274,6374
6276,6334
6281,6359
6253,6347
6271,6345
6276,6351
6265,6336
6266,6356
6265,6350
6278,6341
6301,6340
6283,6343
6274,6323
6263,6353
6265,6345
6276,6347
6259,6350
6264,6370
6251,6332
6251,6346
6251,6342
6239,6332
6263,6343
6249,6382
6246,6352
6256,6336
6260,6344
6266,6340
6273,6336
6252,6350
6235,6350
6234,6347
6240,6365
6244,6343
6245,6348
6248,6336
6257,6342
6241,6363
6247,6335
6244,6347
6241,6362
6251,6371
6247,6382
6262,6380
6269,6365
6222,6354
6243,6380
6262,6386
6242,6400
6255,6371
6260,6355
6236,6355
6255,6351
6253,6351
6258,6377
6236,6358
6230,6382
6240,6381
6249,6364
6247,6363
6244,6375
6239,6345
6237,6342
6207,6314
6242,6326
6249,6328
6241,6320
6225,6372
6247,6353
6238,6360
6235,6355
6253,6364
6248,6394
6252,6364
6241,6348
6241,6397
6243,6376
6236,6372
6238,6353
6247,6385
6248,6390
6231,6372
6240,6360
6260,6371
6244,6363
6226,6381
6243,6382
6225,6391
6247,6393
6241,6408
6239,6377
6244,6322
6227,6357
6234,6359
6239,6356
6241,6379
6234,6393
6232,6349
6242,6326
6233,6337
6231,6358
6229,6359
6242,6355
6226,6375
6223,6343
6231,6365
6222,6362
6232,6365
6217,6322
6219,6324
6230,6347
6237,6369
6227,6389
6227,6400
6214,6383
6223,6408
6230,6396
6230,6386
6226,6388
6243,6376
6237,6364
6237,6370
6220,6379
6226,6380
6225,6384
6222,6375
6230,6386
6222,6395
6224,6368
6222,6367
6219,6350
6229,6358
6236,6332
6237,6371
6226,6369
6254,6350
6219,6356
6234,6373
6423,6289
6277,6405
6197,6390
6241,6366
6241,6385
6253,6394
6215,6357
6228,6357
6225,6371
6240,6373
6214,6364
6211,6355
6217,6386
6226,6357
6234,6354
6222,6364
6209,6366
6225,6366
6230,6353
6220,6366
6225,6380
6212,6371
6219,6378
6201,6383
6198,6368
6216,6351
6226,6386
6223,6372
6233,6375
6225,6364
6233,6349
6236,6363
6215,6350
6221,6381
6218,6351
6211,6378
6230,6396
6220,6397
6227,6391
6230,6381
6220,6403
6214,6402
6215,6398
6214,6387
6233,6402
6217,6391
6224,6420
6212,6385
6223,6398
6207,6395
6218,6382
6214,6383
6229,6364
6226,6400
6217,6378
6215,6375
6211,6377
6225,6373
6219,6349
6214,6366
6204,6380
6196,6364
6212,6391
6212,6386
6207,6387
6218,6394
6213,6360
6205,6362
6210,6370
6218,6367
6211,6369
6218,6374
6226,6360
6216,6369
6208,6382
6209,6366
6220,6351
6206,6332
6209,6328
6214,6355
6208,6359
6210,6336
6219,6332
6231,6357
6216,6353
6220,6367
6210,6395
6211,6382
6201,6370
6218,6376
6231,6378
6210,6374
6220,6385
6212,6374
6216,6372
6224,6381
6208,6393
6200,6404
6215,6423
6206,6415
6214,6386
6212,6366
6206,6349
6219,6337
6217,6349
6217,6329
6220,6334
6210,6359
6201,6377
6207,6351
6217,6377
6207,6368
6201,6365
6206,6366
6211,6353
6204,6358
6208,6363
6203,6379
6205,6344
6211,6384
6200,6340
6193,6344
6210,6360
6204,6362
6216,6330
6211,6348
6207,6348
6202,6376
6218,6338
6215,6373
6212,6365
6208,6354
6214,6350
6213,6365
6210,6346
6222,6366
6211,6360
6223,6349
6212,6350
6206,6365
6205,6350
6195,6350
6192,6350
6202,6352
6206,6363
6198,6344
6205,6349
6219,6353
6212,6346
6223,6335
6237,6331
6209,6336
6209,6350
6210,6348
6203,6335
6218,6330
6215,6337
6210,6317
6208,6339
6198,6336
6207,6342
6210,6335
6198,6324
6203,6323
6214,6333
6207,6326
6207,6318
6196,6324
6206,6335
6205,6336
6218,6334
6207,6340
6210,6331
6208,6337
6213,6363
6215,6350
6198,6351
6217,6353
6209,6338
6213,6340
6214,6326
6211,6350
6214,6352
6217,6351
6208,6343
6207,6343
6211,6338
6209,6344
6209,6340
6208,6357
6210,6363
6221,6342
6233,6337
6205,6339
6215,6335
6214,6334
6201,6331
6216,6319
6198,6323
6216,6322
6213,6324
6211,6323
6222,6335
6219,6315
6202,6346
6207,6332
6218,6318
6214,6291
6206,6298
6206,6315
6199,6321
6212,6303
6216,6328
6214,6349
6220,6328
6205,6342
6203,6306
6204,6303
6209,6328
6206,6321
6211,6336
6217,6314
6219,6323
6229,6325
6214,6314
6222,6314
6228,6318
6224,6298
6212,6282
6217,6300
6214,6316
6219,6317
6217,6348
6212,6322
6221,6325
6216,6328
6212,6298
6224,6280
6217,6312
6218,6315
6203,6330
6210,6342
6214,6332
6225,6341
6219,6320
6218,6327
6221,6337
6211,6306
6216,6317
6208,6329
6216,6312
6225,6301
6219,6322
6218,6312
6226,6314
6215,6307
6222,6308
6214,6323
6239,6323
6228,6328
6230,6321
6227,6295
6231,6313
6228,6315
6246,6308
6264,6321
6273,6318
6232,6288
6226,6297
6288,6337
6331,6327
6321,6306
6348,6312
6409,6289
6467,6328
6526,6340
6590,6326
6635,6349
6733,6373
6823,6334
6903,6351
6999,6351
7057,6318
7164,6330
7289,6321
7366,6337
7385,6324
7424,6339
7499,6341
7483,6302
7543,6326
7546,6336
7507,6322
7488,6329
7422,6331
7277,6322
7145,6314
6949,6348
6826,6339
6753,6349
6670,6310
6641,6340
6631,6360
6627,6350
6613,6358
6596,6347
6588,6326
6576,6320
6620,6343
6693,6346
6762,6347
6835,6361
6929,6375
7035,6386
7174,6396
7269,6411
7410,6426
7519,6466
7710,6498
7930,6502
8057,6490
8113,6520
8270,6511
8370,6504
8394,6508
8404,6500
8410,6525
8427,6532
8349,6546
8407,6584
8334,6652
8204,6682
8103,6748
8007,6865
8009,6977
7897,7072
7794,7112
7650,7166
7545,7191
7307,7216
7193,7248
7090,7258
6979,7279
6860,7303
6772,7386
6738,7370
6713,7460
6697,7428
6712,7362
6750,7322
6797,7296
6862,7295
7010,7269
7197,7240
7363,7140
7490,7066
7760,6997
8034,6914
8247,6817
8559,6759
8739,6671
8850,6652
9135,6603
9447,6605
9721,6584
9902,6580
10007,6577
10098,6612
10148,6667
10280,6703
10302,6768
10315,6854
10214,6967
9903,7002
9664,7058
9498,7130
9224,7314
8914,7360
8607,7491
8408,7651
8047,7817
7789,7870
7554,7952
7318,7979
7108,7998
7008,8074
6904,8093
6808,8140
6748,8107
6702,8036
6707,8052
6758,8019
6763,7991
6806,7928
6901,7840
6971,7764
7075,7619
7226,7532
7395,7471
7576,7348
7742,7204
7925,7087
8042,6954
8239,6850
8402,6789
8521,6718
8639,6687
8854,6639
8943,6660
9026,6683
9080,6794
9151,6853
9223,6997
9115,7168
9182,7365
9176,7524
9173,7619
9094,7763
8943,7912
8786,8044
8652,8118
8391,8149
8277,8346
8126,8416
7927,8444
7724,8451
7528,8396
7373,8350
7226,8291
7131,8280
7008,8299
6870,8136
6798,7964
6685,7940
6664,7849
6649,7810
6635,7663
6712,7550
6805,7423
6894,7252
7017,7175
7186,7086
7338,6989
7545,6885
7766,6766
7979,6715
8209,6661
8432,6633
8698,6640
9006,6614
9276,6636
9417,6648
9592,6679
9739,6713
9818,6792
10057,6862
10073,6942
9926,7127
9810,7202
9697,7412
9558,7591
9362,7722
9172,7863
8886,8074
8625,8125
8444,8251
8167,8371
7950,8457
7733,8496
7538,8637
7300,8680
7176,8708
7038,8679
6899,8719
6814,8746
6717,8735
6656,8655
6620,8580
6561,8547
6557,8413
6602,8247
6634,8133
6688,8038
6786,7926
6892,7746
7018,7521
7163,7379
7325,7213
7432,7079
7552,6934
7652,6816
7809,6701
7969,6642
7975,6581
8001,6561
8162,6581
8255,6641
8284,6686
8354,6779
8376,6890
8350,6945
8321,7082
8435,7175
8389,7316
8332,7447
8393,7626
8350,7753
8289,7923
8189,8005
8140,7966
8054,8089
7921,8100
7760,8119
7626,8213
7470,8220
7331,8208
7197,8292
7144,8386
6956,8250
6878,8230
6796,8155
6688,8109
6626,8062
6585,7932
6538,7782
6529,7677
6535,7608
6538,7469
6605,7437
6672,7316
6773,7155
6899,6993
7046,6895
7249,6860
7387,6761
7305,6281
7703,6566
7722,6610
7874,6527
8021,6544
8074,6539
8167,6523
8240,6519
8330,6571
8419,6623
8424,6664
8427,6721
8493,6811
8536,6929
8523,7068
8538,7207
8429,7259
8362,7411
8226,7495
8185,7673
8039,7695
7909,7705
7766,7873
7549,7924
7435,7941
7292,8000
7174,8048
7086,8177
6908,8198
6776,8216
6681,8136
6623,8093
6580,7996
6576,7945
6576,7789
6608,7687
6654,7575
6737,7434
6867,7287
6983,7208
7122,7091
7207,6970
7376,6839
7539,6725
7642,6652
7899,6595
8031,6544
8185,6496
8274,6486
8476,6453
8522,6448
8508,6425
8520,6478
8584,6508
8562,6560
8493,6645
8472,6730
8428,6822
8332,6918
8192,7042
8124,7164
8027,7303
7876,7443
7762,7520
7717,7647
7566,7720
7493,7896
7330,7979
7256,8078
7099,8133
6966,8191
6865,8198
6782,8284
6710,8310
6670,8367
6584,8315
6547,8217
6501,8126
6526,8071
6538,7977
6534,7834
6556,7703
6617,7535
6693,7375
6790,7239
6876,7128
6991,6987
7153,6883
7294,6764
7434,6703
7609,6629
7803,6587
8016,6590
8139,6576
8260,6542
8457,6577
8643,6609
8722,6648
8886,6665
8941,6743
8937,6833
8925,6879
8917,6941
8982,7039
8804,7096
8639,7189
8524,7317
8392,7407
8268,7450
8102,7524
7904,7532
7725,7689
7583,7783
7361,7787
7286,7787
7130,7806
6987,7837
6874,7866
6776,7891
6650,7918
6587,7796
6572,7768
6535,7764
6572,7691
6588,7619
6640,7515
6732,7443
6823,7337
6907,7222
7018,7137
7170,7011
7319,6891
7481,6802
7606,6683
7670,6617
7855,6530
8001,6474
8202,6437
8382,6421
8590,6409
8710,6430
8779,6475
8844,6552
8903,6577
8871,6699
8935,6798
8939,6935
8884,6989
8780,7127
8695,7273
8544,7372
8310,7438
8211,7539
7977,7675
7845,7777
7700,7975
7526,8050
7417,8172
7296,8225
7175,8188
7067,8207
6991,8205
6877,8186
6775,8106
6715,7992
6675,7948
6638,7853
6625,7799
6608,7646
6623,7558
6670,7406
6721,7294
6737,7222
6829,7107
6875,7048
6930,6899
7064,6844
7182,6751
7346,6663
7530,6586
7740,6547
7915,6499
8091,6500
8168,6451
8332,6500
8501,6546
8627,6625
8658,6727
8682,6775
8643,6828
8625,6885
8754,7025
8740,7139
8575,7230
8537,7315
8416,7393
8348,7455
8311,7532
8108,7663
7920,7697
7753,7642
7675,7695
7552,7815
7382,7826
7224,7821
7055,7874
6913,7919
6819,7951
6728,7896
6645,7900
6603,7844
6621,7750
6600,7725
6621,7687
6687,7668
6775,7596
6905,7443
6970,7308
7067,7281
7262,7131
7409,7066
7617,6962
7778,6866
8001,6763
8137,6708
8300,6636
8392,6584
8524,6549
8700,6498
8768,6512
8896,6506
8945,6544
9087,6602
9134,6685
9019,6780
8901,6871
8892,6962
8772,7126
8697,7261
8513,7356
8457,7424
8315,7607
8178,7804
8164,7989
8018,8082
7828,8161
7706,8358
7483,8392
7375,8438
7208,8434
7057,8477
6919,8420
6801,8431
6685,8370
6573,8369
6568,8278
6512,8210
6522,8118
6538,7920
6547,7745
6566,7700
6626,7562
6652,7375
6771,7270
6887,7144
7054,7036
7142,6873
7275,6791
7346,6648
7427,6619
7496,6568
7554,6451
7656,6486
7745,6516
7769,6504
7860,6557
7975,6636
8048,6669
8081,6721
8100,6813
8124,6860
8172,6993
8185,7115
8196,7204
8177,7321
8105,7398
8063,7534
8069,7659
7958,7709
7886,7807
7781,7897
7652,7967
7473,8031
7326,8075
7144,8077
7009,8109
6915,8093
6781,8031
6689,7953
6600,7931
6568,7767
6573,7621
6589,7493
6672,7393
6798,7287
6930,7186
7138,7091
7305,6978
7466,6883
7697,6778
7918,6704
8115,6632
8389,6543
8541,6475
8664,6460
8918,6434
9238,6407
9403,6417
9584,6421
9636,6410
9630,6463
9677,6508
9624,6570
9618,6645
9642,6701
9555,6804
9497,6941
9314,7101
9233,7290
8965,7423
8826,7639
8611,7826
8437,7956
8372,8118
8149,8218
7900,8328
7713,8425
7562,8485
7377,8517
7209,8569
7088,8519
6967,8512
6854,8513
6740,8471
6642,8381
6596,8257
6592,8152
6606,7996
6661,7904
6759,7761
6884,7636
6980,7473
7158,7270
7302,7174
7523,7037
7736,6889
7891,6746
8016,6665
8292,6582
8491,6542
8784,6488
8992,6491
9154,6498
9350,6542
9507,6619
9687,6657
9948,6740
10224,6810
10364,6932
10365,7040
10402,7136
10362,7290
10275,7396
10160,7492
10142,7632
9943,7751
9686,7876
9434,7979
9168,8088
8964,8185
8619,8257
8308,8331
8036,8441
7761,8462
7552,8576
7418,8642
7182,8579
7079,8513
6991,8526
6900,8379
6848,8410
6800,8342
6814,8252
6875,8083
6925,7951
7002,7827
7090,7621
7231,7485
7426,7408
7600,7351
7771,7218
7939,7099
8177,6950
8336,6807
8529,6737
8826,6656
9160,6608
9283,6562
9511,6559
9650,6553
9819,6589
10015,6676
10073,6764
10039,6925
9983,7071
10006,7264
9971,7484
9995,7683
9895,7850
9851,8041
9652,8251
9489,8390
9300,8480
9131,8653
8938,8676
8647,8692
8437,8876
8171,8977
7907,8977
7685,8948
7489,8891
7290,8826
7124,8862
7016,8885
6889,8801
6819,8602
6832,8509
6871,8340
7019,8137
7166,8030
7343,7883
7576,7677
7781,7491
8061,7334
8414,7141
8771,6980
9096,6828
9477,6719
9845,6641
10237,6557
10639,6516
10922,6477
11163,6475
11391,6502
11502,6553
11563,6609
11713,6693
11860,6840
11819,6952
11732,7148
11579,7328
11621,7510
11432,7688
11298,7839
10958,7994
10567,8227
10359,8472
10058,8737
9721,8934
9447,9087
9127,9265
8908,9555
8620,9712
8278,9667
7988,9649
7672,9635
7409,9667
7195,9578
6953,9385
6858,9258
6774,9079
6759,8952
6804,8661
6887,8548
7026,8351
7138,8021
7314,7852
7544,7556
7757,7412
7938,7251
8133,7114
8354,6938
8529,6790
8682,6740
8890,6719
9002,6669
9084,6686
9122,6734
9157,6834
9125,6907
9274,6989
9257,7192
9298,7405
9283,7598
9347,7877
9297,8122
9339,8270
9429,8423
9475,8684
9297,9003
9176,9259
9039,9589
8928,9786
8668,10085
8400,10121
8134,10123
7805,10260
7505,10204
7252,10148
7079,10058
6822,9837
6743,9628
6670,9603
6628,9486
6615,9191
6652,8872
6705,8638
6754,8390
6858,8132
6985,7901
7072,7672
7164,7512
7270,7332
7346,7229
7378,7116
7540,7036
7503,7086
7594,6877
8070,6941
7985,6841
7490,6735
7049,6768
6644,6796
6403,6872
6282,6914
6202,6992
6180,7060
6170,7167
6163,7306
6150,7449
6147,7628
6138,7795
6131,8013
6134,8261
6132,8502
6136,8664
6136,8839
6135,8939
6134,9063
6130,9098
6120,9159
6122,9215
6117,9114
6133,8869
6115,8852
6105,8697
6122,8472
6128,8284
6120,8100
6120,7878
6106,7756
6111,7524
6126,7372
6113,7250
6116,7116
6111,7053
6117,6964
6115,6831
6116,6719
6129,6613
6111,6548
6118,6548
6115,6536
6112,6545
6114,6577
6113,6603
6114,6659
6095,6700
6122,6695
6114,6757
6116,6797
6110,6801
6112,6915
6108,7019
6117,6918
6121,6725
6117,6458
6114,6342
6118,6237
6101,6182
6111,6151
6112,6132
6104,6107
6110,6120
6110,6100
6109,6098
6120,6100
6112,6096
6112,6103
6111,6093
6104,6103
6107,6121
6100,6096
6112,6082
6106,6083
6108,6070
6115,6074
6100,6047
6114,6063
6111,6059
6114,6073
6107,6068
6115,6059
6115,6058
6111,6064
6099,6059
6110,6063
6110,6062
6097,6066
6105,6063
6107,6033
6114,6057
6103,6060
6110,6053
6114,6064
6112,6058
6106,6066
6099,6065
6103,6061
6106,6057
6107,6054
6108,6065
6109,6058
6114,6054
6091,6057
6112,6060
6110,6063
6105,6054
6115,6056
6122,6053
6114,6044
6119,6049
6111,6049
6109,6035
6122,6058
6119,6054
6108,6058
6124,6057
6115,6049
6112,6054
6118,6055
6120,6052
6120,6067
6114,6058
6100,6054
6112,6050
6114,6051
6108,6060
6122,6054
6105,6046
6106,6058
6109,6041
6114,6044
6107,6061
6106,6047
6109,6055
6113,6053
6115,6051
6114,6046
6117,6045
6108,6047
6104,6065
6100,6039
6108,6054
6108,6054
6115,6053
6120,6048
6115,6034
6114,6052
6115,6060
6118,6048
6113,6042
6112,6049
6109,6055
6118,6041
6120,6056
6118,6050
6104,6053
6113,6056
6115,6056
6105,6034
6108,6035
6123,6045
6111,6049
6103,6057
6108,6056
6104,6053
6107,6057
6109,6053
6113,6038
6110,6038
6109,6051
6122,6050
6111,6055
6108,6052
6107,6052
6101,6045
6111,6054
6113,6058
6118,6049
6110,6046
6108,6050
6103,6041
6108,6040
6109,6053
6109,6062
6106,6051
6108,6057
6114,6056
6119,6057
6107,6056
6109,6020
6110,6049
6113,6059
6104,6050
6104,6040
6110,6065
6110,6051
6112,6042
6113,6031
6109,6050
6101,6062
6109,6046
6109,6043
6115,6049
6111,6043
6110,6057
6100,6047
6104,6038
6111,6041
6113,6061
6114,6053
6099,6049
6100,6052
6114,6049
6123,6051
6108,6043
6103,6048
6111,6039
6105,6040
6101,6046
6098,6053
6111,6042
6106,6063
6110,6059
6095,6060
6098,6050
6118,6054
6103,6037
6109,6049
6119,6056
6110,6056
6114,6058
6106,6051
6107,6046
6112,6059
6112,6043
6119,6043
6098,6042
6108,6053
6106,6048
6102,6042
6118,6048
6099,6049
6102,6042
6101,6051
6101,6040
6109,6050
6103,6047
6110,6048
6110,6057
6100,6048
6106,6038
6113,6057
6106,6040
6111,6040
6118,6058
6120,6040
6097,6050
6104,6047
6162,6078
6106,6052
6192,6130
6126,6040
6089,6025
6072,6009
6106,6056
6106,6065
6094,6049
6097,6041
6104,6041
6101,6055
6097,6047
6106,6051
6108,6046
6101,6043
6102,6040
6099,6058
6093,6050
6102,6051
6118,6041
6110,6043
6099,6045
6109,6046
6101,6046
6103,6047
6110,6053
6102,6041
6097,6058
6104,6045
6098,6049
6104,6041
6110,6058
6102,6044
6113,6053
6107,6042
6112,6040
6108,6039
6097,6044
6100,6057
6099,6050
6104,6054
6108,6060
6110,6037
6112,6056
6099,6038
6103,6054
6111,6038
6112,6048
6107,6049
6097,6044
6101,6043
6109,6065
6107,6043
6109,6052
6108,6040
6106,6047
6108,6051
6104,6058
6108,6028
6109,6054
6102,6053
6100,6045
6109,6042
6101,6056
6111,6058
6109,6029
6108,6050
6108,6053
6086,6042
6112,6053
6114,6056
6103,6050
6110,6063
6103,6054
6117,6054
6110,6048
6121,6053
6119,6050
6107,6039
6110,6058
6117,6058
6111,6053
6119,6057
6118,6056
6110,6049
6109,6049
6114,6057
6114,6043
6108,6052
6101,6044
6110,6043
6103,6040
6113,6036
6115,6058
6107,6057
6104,6048
6113,6055
6111,6043
6107,6040
6100,6049
6103,6055
6102,6041
6100,6043
6096,6049
6104,6046
6102,6053
6105,6062
6097,6041
6110,6048
6112,6045
6105,6044
6110,6054
6110,6045
6111,6071
6107,6049
6100,6050
6100,6053
6108,6041
6104,6045
6106,6051
6105,6058
6116,6058
6101,6051
6108,6048
6105,6039
6101,6050
6112,6056
6106,6048
6096,6050
6105,6051
6114,6060
6108,6052
6112,6034
6103,6049
6112,6042
6103,6042
6109,6047
6111,6049
6107,6040
6105,6043
6111,6051
6117,6048
6102,6046
6108,6054
6116,6064
6107,6059
6100,6044
6109,6058
6119,6054
6110,6055
6110,6059
6100,6046
6103,6053
6099,6056
6110,6056
6119,6056
6123,6055
6109,6054
6113,6044
6110,6038
6114,6056
6114,6043
6106,6066
6110,6051
6117,6046
6116,6049
6119,6050
6115,6046
6119,6047
6120,6049
6128,6046
6122,6050
6121,6040
6127,6045
6126,6047
6125,6059
6119,6048
6112,6050
6114,6056
6121,6047
6112,6037
6110,6048
6122,6061
6114,6051
6119,6051
6111,6049
6120,6054
6117,6054
6116,6050
6115,6055
6111,6052
6114,6057
6113,6048
6111,6049
6112,6042
6114,6037
6106,6059
6102,6056
6113,6043
6119,6049
6112,6034
6107,6056
6122,6033
6106,6042
6123,6059
6123,6058
6125,6054
6114,6047
6118,6048
6113,6048
6125,6058
6117,6053
6121,6038
6121,6050
6117,6056
6126,6058
6120,6056
6109,6027
6110,6056
6109,6034
6122,6048
6118,6057
6123,6057
6115,6057
6110,6050
6122,6030
6128,6056
6111,6036
6121,6053
6110,6046
6111,6048
6115,6057
6110,6045
6119,6042
6123,6053
6108,6048
6118,6030
6108,6044
6109,6054
6110,6058
6114,6056
6111,6048
6119,6051
6118,6035
6118,6048
6112,6053
6107,6046
6113,6056
6118,6061
6114,6052
6113,6053
6131,6051
6115,6052
6114,6043
6114,6054
6117,6042
6127,6046
6125,6041
6109,6054
6122,6056
6118,6062
6126,6055
6128,6041
6111,6051
6115,6060
6124,6046
6112,6056
6115,6051
6239,6205
6118,6055
6322,5948
6075,6101
6121,6048
6052,6005
6086,6029
6084,6028
6130,6053
6123,6060
6115,6058
6106,6040
6123,6045
6129,6071
6125,6059
6116,6054
6120,6053
6122,6058
6120,6060
6113,6061
6120,6058
6121,6062
6127,6055
6122,6056
6128,6054
6120,6052
6125,6052
6118,6053
6118,6053
6116,6054
6118,6054
6113,6061
6123,6053
6121,6043
6117,6055
6112,6059
6115,6054
6120,6060
6127,6054
6122,6060
6121,6056
6115,6047
6116,6044
6120,6044
6116,6055
6122,6051
6115,6058
6123,6057
6115,6047
6124,6047
6124,6047
6123,6060
6120,6057
6130,6056
6124,6037
6121,6045
6126,6046
6124,6051
6121,6057
6131,6055
6128,6052
6120,6059
6114,6054
6121,6058
6125,6047
6122,6055
6122,6063
6120,6047
6117,6058
6120,6056
6120,6061
6122,6060
6122,6060
6122,6041
6119,6054
6119,6101
6121,6052
6115,6064
6119,6056
6119,6049
6121,6051
6114,6050
6122,6054
6122,6060
6124,6044
6122,6061
6123,6054
6120,6057
6118,6054
6116,6059
6120,6057
6114,6055
6123,6050
6123,6051
6123,6051
6120,6042
6117,6066
6123,6060
6120,6054
6120,6043
6123,6056
6120,6058
6121,6051
0,34
0,61680
0,0
6113,6097
5607,5582
5602,5561
5608,5571
5600,5577
5605,5582
5599,5576
5600,5579
5605,5579
5821,5758
6333,6326
6284,6294
6282,6293
6285,6311
6287,6308
6295,6299
6283,6303
6293,6296
6283,6300
6297,6302
6298,6328
6299,6322
6269,6298
6293,6328
6315,6321
6303,6323
6296,6355
6301,6312
6291,6316
6307,6327
6295,6315
6280,6321
6298,6309
6300,6329
6301,6326
6297,6318
6299,6319
6301,6309
6278,6330
6292,6309
6294,6296
6297,6310
6300,6314
6300,6315
6287,6295
6263,6232
6458,6068
5946,5945
6480,6506
6291,6330
6287,6328
6295,6310
6321,6331
6308,6322
6290,6311
6303,6328
6294,6309
6294,6286
6315,6315
6291,6308
6297,6299
6292,6313
6295,6302
6282,6307
6275,6328
6289,6331
6291,6331
6304,6327
6301,6318
6288,6298
6288,6318
6285,6305
6264,6304
6281,6323
6269,6324
6295,6325
6281,6309
6284,6313
6299,6325
6288,6321
6313,6282
6304,6305
6297,6318
6297,6297
6280,6293
6290,6327
6297,6328
6280,6323
6275,6322
6290,6321
6285,6323
6279,6329
6274,6315
6284,6329
6299,6316
6284,6315
6307,6322
6289,6319
6264,6315
6268,6316
6274,6329
6294,6310
6275,6312
6286,6322
6289,6329
6290,6326
6281,6318
6269,6324
6274,6321
6273,6321
6284,6304
6281,6303
6293,6282
6267,6307
6273,6304
6274,6281
6285,6318
6291,6323
6278,6308
6271,6315
6284,6334
6295,6324
6291,6320
6278,6313
6289,6338
6281,6305
6282,6322
6283,6316
6274,6306
6284,6325
6289,6334
6274,6330
6278,6313
6290,6309
6275,6314
6264,6303
6272,6314
6266,6296
6270,6316
6265,6303
6276,6315
6276,6304
6274,6303
6276,6299
6291,6324
6298,6330
6295,6324
6294,6345
6270,6343
6282,6317
6289,6301
6278,6312
6254,6297
6294,6318
6291,6317
6297,6330
6289,6336
6281,6334
6275,6328
6280,6351
6266,6346
6276,6322
6283,6312
6275,6331
6274,6314
6268,6311
6272,6335
6267,6322
6261,6332
6289,6324
6257,6322
6259,6322
6263,6308
6273,6301
6269,6329
6271,6334
6270,6331
6276,6319
6265,6325
6290,6327
6280,6316
6274,6324
6273,6322
6265,6334
6269,6328
6276,6328
6289,6326
6288,6346
6280,6329
6273,6313
6271,6350
6272,6340
6267,6336
6278,6321
6271,6347
6285,6334
6279,6347
6268,6352
6265,6329
6269,6316
6249,6336
6251,6351
6255,6358
6284,6341
6274,6359
6275,6356
6247,6339
6253,6369
6272,6362
6258,6339
6267,6339
6277,6341
6283,6346
6298,6334
6287,6348
6270,6347
6273,6347
6258,6356
6272,6338
6264,6375
6271,6360
6244,6349
6255,6352
6259,6355
6257,6353
6265,6349
6252,6375
6252,6351
6263,6344
6257,6357
6258,6346
6257,6350
6243,6300
6243,6350
6237,6350
6240,6353
6237,6363
6250,6349
6263,6359
6253,6335
6240,6362
6243,6351
6239,6363
6232,6350
6233,6385
6249,6371
6260,6386
6264,6359
6230,6361
6246,6383
6250,6384
6246,6385
6259,6355
6255,6357
6239,6351
6264,6352
6237,6356
6247,6366
6231,6353
6228,6384
6231,6363
6233,6367
6246,6378
6243,6379
6239,6343
6235,6330
6232,6348
6247,6355
6237,6337
6249,6328
6241,6338
6244,6360
6244,6339
6250,6350
6246,6351
6246,6365
6247,6364
6249,6359
6248,6364
6237,6389
6225,6384
6250,6351
6250,6365
6235,6369
6237,6372
6234,6360
6260,6366
6238,6360
6234,6381
6234,6371
6216,6392
6232,6377
6230,6401
6227,6353
6245,6355
6233,6362
6232,6367
6230,6361
6238,6371
6236,6375
6230,6343
6242,6328
6235,6355
6226,6343
6234,6366
6233,6355
6226,6370
6225,6354
6231,6365
6223,6347
6230,6352
6216,6334
6223,6334
6219,6353
6246,6371
6283,6356
6220,6398
6235,6378
6232,6406
6236,6392
6238,6392
6226,6404
6236,6384
6232,6356
6241,6368
6221,6372
6225,6373
6236,6393
6231,6375
6219,6383
6224,6372
6235,6349
6218,6354
6219,6369
6221,6354
6220,6358
6237,6379
6215,6374
6233,6362
6224,6364
6227,6376
6233,6375
6223,6368
6222,6376
6222,6370
6229,6365
6232,6358
6229,6376
6231,6379
6223,6367
6220,6358
6214,6366
6224,6350
6224,6362
6231,6369
6220,6359
6228,6366
6209,6358
6225,6366
6231,6358
6226,6368
6227,6375
6223,6362
6217,6374
6206,6369
6203,6372
6217,6353
6222,6375
6230,6375
6223,6386
6217,6355
6217,6341
6223,6362
6219,6348
6232,6380
6231,6360
6216,6371
6224,6393
6228,6399
6246,6381
6225,6395
6219,6420
6214,6396
6213,6391
6216,6401
6229,6411
6215,6391
6218,6406
6205,6394
6215,6388
6218,6391
6204,6382
6213,6362
6216,6382
6222,6396
6216,6372
6222,6360
6213,6344
6229,6361
6202,6379
6210,6386
6217,6361
6204,6392
6208,6392
6215,6393
6211,6398
6202,6403
6211,6371
6206,6339
6206,6368
6210,6355
6224,6345
6210,6356
6220,6369
6220,6374
6210,6368
6220,6375
6201,6365
6218,6346
6210,6353
6207,6348
6211,6347
6215,6347
6216,6336
6214,6334
6221,6342
6211,6370
6222,6386
6206,6397
6210,6353
6212,6345
6204,6355
6217,6378
6218,6382
6204,6371
6209,6368
6209,6384
6212,6391
6198,6418
6219,6432
6213,6401
6210,6384
6211,6380
6204,6345
6212,6356
6212,6375
6214,6369
6218,6366
6209,6366
6206,6373
6210,6344
6216,6367
6210,6369
6210,6375
6208,6363
6195,6351
6202,6353
6208,6359
6202,6365
6209,6362
6207,6362
6215,6354
6203,6356
6203,6378
6207,6360
6202,6362
6212,6359
6209,6358
6204,6355
6210,6346
6203,6357
6218,6351
6195,6340
6206,6355
6213,6361
6208,6363
6206,6373
6220,6360
6212,6355
6206,6353
6211,6348
6205,6355
6194,6353
6208,6332
6196,6360
6202,6349
6190,6350
6209,6343
6212,6346
6208,6358
6217,6355
6231,6342
6209,6347
6205,6347
6213,6369
6205,6347
6202,6340
6214,6338
6205,6333
6211,6347
6201,6348
6212,6335
6208,6346
6205,6331
6212,6346
6209,6324
6215,6331
6216,6327
6214,6343
6206,6346
6196,6358
6221,6349
6205,6353
6206,6361
6214,6342
6215,6354
6216,6368
6200,6375
6211,6353
6210,6343
6212,6351
6202,6343
6224,6342
6214,6340
6220,6343
6218,6299
6200,6344
6201,6355
6207,6370
6215,6348
6202,6341
6201,6356
6215,6335
6218,6336
6214,6339
6224,6327
6215,6342
6202,6311
6205,6317
6210,6315
6211,6316
6209,6303
6223,6316
6211,6321
6202,6334
6195,6313
6217,6330
6214,6322
6214,6298
6207,6307
6203,6308
6212,6334
6203,6325
6207,6334
6218,6340
6220,6325
6210,6345
6221,6314
6207,6316
6215,6308
6204,6327
6204,6317
6212,6331
6222,6344
6225,6326
6215,6309
6223,6327
6214,6308
6215,6323
6232,6316
6208,6306
6214,6318
6219,6316
6219,6334
6214,6328
6207,6327
6220,6332
6220,6310
6222,6295
6216,6294
6586,6727
6187,6226
6280,6057
6160,6582
6200,6399
6212,6320
6288,6390
6195,6309
6210,6312
6245,6324
6206,6334
6234,6324
6208,6281
6227,6310
6217,6321
6228,6336
6220,6297
6217,6289
6224,6307
6223,6324
6225,6324
6234,6296
6243,6318
6243,6311
6235,6311
6240,6306
6260,6319
6261,6299
6275,6320
6276,6332
6301,6330
6329,6332
6349,6338
6383,6309
6426,6329
6464,6336
6511,6330
6589,6320
6641,6344
6721,6327
6791,6345
6911,6343
7011,6330
7071,6337
7191,6322
7261,6317
7346,6335
7367,6331
7412,6337
7482,6338
7515,6324
7527,6333
7544,6324
7478,6310
7472,6322
7402,6330
7286,6318
7156,6327
6940,6344
6839,6344
6751,6334
6695,6339
6635,6310
6610,6347
6625,6358
6613,6355
6617,6347
6611,6330
6612,6327
6647,6318
6694,6356
6747,6366
6842,6348
6918,6371
7082,6371
7196,6410
7340,6404
7419,6428
7410,6468
7565,6474
7699,6526
7785,6517
7928,6520
8244,6514
8167,6522
8429,6498
8524,6514
8530,6542
8582,6557
8481,6561
8486,6599
8306,6640
8216,6688
8129,6743
8151,6892
8049,6968
7989,7063
7865,7187
7727,7181
7564,7195
7342,7233
7191,7247
7097,7286
6997,7337
6819,7297
6754,7343
6759,7460
6730,7462
6669,7373
6737,7369
6745,7353
6801,7312
6891,7298
7008,7229
7182,7204
7340,7136
7527,7070
7784,6998
8054,6951
8234,6848
8525,6755
8789,6684
8921,6650
9150,6634
9460,6610
9798,6584
9898,6595
9934,6596
10109,6599
10196,6670
10274,6721
10384,6804
10368,6864
10260,6946
9954,7030
9742,7109
9552,7208
9295,7333
8993,7459
8733,7600
8427,7699
8103,7830
7793,7939
7548,7989
7347,7999
7190,8079
7030,8133
6906,8092
6830,8116
6763,8052
6722,8044
6688,8054
6732,8029
6768,7987
6813,7967
6919,7873
7026,7740
7116,7615
7291,7512
7441,7459
7612,7355
7770,7206
7958,7085
8080,6975
8257,6845
8425,6802
8459,6714
8662,6677
8866,6636
8946,6692
9039,6677
9089,6780
9194,6877
9262,7024
9093,7171
9097,7329
9182,7460
9205,7651
9070,7776
8948,7858
8764,8057
8663,8161
8481,8191
8333,8361
8140,8394
7941,8503
7760,8473
7574,8502
7296,8182
7215,8290
7111,8262
7019,8253
6885,8114
6780,8031
6698,7942
6643,7871
6638,7834
6647,7692
6713,7603
6786,7462
6905,7380
7046,7218
7195,7120
7330,7001
7565,6896
7793,6765
8003,6702
8202,6686
8395,6674
8713,6668
9007,6644
9269,6647
9439,6649
9620,6699
9674,6724
9791,6783
9980,6860
10047,6962
9949,7116
9767,7249
9687,7418
9492,7592
9344,7765
9107,7898
8895,8046
8698,8042
8435,8293
8182,8352
7931,8445
7735,8521
7492,8565
7335,8746
7179,8739
7044,8729
6924,8778
6832,8745
6745,8750
6653,8681
6627,8598
6579,8522
6580,8388
6621,8264
6689,8167
6732,8026
6803,7903
6871,7751
7062,7569
7203,7377
7331,7194
7454,7063
7516,6960
7615,6820
7778,6686
7916,6602
8014,6572
8095,6562
8160,6598
8254,6638
8275,6695
8369,6796
8413,6897
8441,6946
8436,7072
8389,7189
8420,7352
8368,7438
8409,7644
8398,7781
8322,7930
8296,8093
7917,7934
7932,8041
7894,8102
7776,8198
7718,8232
7588,8308
7386,8347
7258,8360
7183,8409
7035,8317
6919,8259
6852,8217
6730,8218
6650,8153
6579,7996
6564,7861
6568,7816
6506,7520
6513,7405
6616,7431
6688,7303
6789,7177
6911,6998
7055,6937
7231,6876
7403,6778
7557,6706
7655,6637
7798,6622
7913,6584
8029,6579
8085,6542
8252,6572
8265,6578
8367,6576
8413,6629
8434,6685
8506,6797
8467,6803
8388,6890
8525,7034
8495,7162
8426,7315
8312,7306
8248,7482
8166,7627
8053,7682
7912,7806
7759,7858
7606,7997
7422,7997
7304,8004
7187,8127
7078,8198
6911,8222
6810,8328
6709,8197
6647,8154
6582,8008
6568,7895
6579,7728
6608,7715
6670,7638
6751,7437
6870,7281
6969,7201
7088,7055
7178,6960
7375,6867
7518,6734
7710,6655
7869,6587
8056,6532
8170,6481
8289,6457
8413,6453
8451,6441
8512,6457
8519,6474
8548,6519
8562,6571
8506,6642
8442,6721
8449,6797
8332,6911
8198,7029
8094,7144
7988,7278
7835,7410
7767,7536
7687,7663
7600,7761
7479,7891
7337,7983
7253,8041
7119,8117
6990,8196
6856,8208
6769,8300
6729,8276
6659,8361
6592,8272
6566,8210
6524,8147
6521,8021
6530,7985
6526,7829
6567,7708
6630,7530
6703,7389
6798,7245
6903,7099
6990,6969
7147,6868
7265,6781
7437,6675
7671,6627
7841,6567
8058,6580
8171,6569
8338,6542
8479,6568
8729,6607
8742,6630
8843,6671
8938,6738
8969,6825
8949,6919
8985,6966
8899,7023
8848,7126
8739,7210
8625,7332
8412,7412
8318,7440
8129,7538
8009,7579
7811,7681
7624,7807
7436,7855
7324,7885
7187,7872
7020,7841
6890,7865
6759,7882
6655,7901
6616,7797
6545,7708
6496,7748
6543,7702
6576,7648
6652,7575
6760,7447
6851,7385
6957,7248
7025,7126
7170,7027
7359,6921
7546,6782
7634,6670
7722,6613
7955,6557
8033,6471
8243,6448
8375,6417
8592,6395
8712,6424
8792,6474
8862,6545
9006,6601
8995,6698
8964,6812
8953,6902
8975,7054
8883,7155
8743,7297
8523,7389
8383,7482
8210,7575
8056,7766
7963,7929
7773,8046
7648,8189
7491,8249
7349,8270
7117,8165
7098,8217
6977,8170
6881,8169
6798,8134
6717,8060
6653,7995
6633,7877
6619,7731
6637,7706
6645,7571
6680,7457
6717,7368
6782,7254
6857,7164
6920,7115
6999,6928
7135,6885
7270,6804
7388,6702
7584,6630
7601,6527
7741,6458
7959,6491
8036,6458
8355,6512
8547,6551
8664,6633
8586,6720
8752,6783
8753,6813
8816,6951
8819,7052
8754,7117
8585,7245
8524,7301
8534,7416
8368,7464
8375,7638
8200,7700
7952,7736
7777,7616
7562,7656
7435,7729
7401,7838
7265,7886
7102,7931
6946,7957
6806,7902
6719,7919
6661,7967
6638,7886
6645,7835
6602,7769
6614,7724
6673,7685
6774,7601
6926,7482
6982,7393
7101,7286
7261,7169
7379,7046
7578,6907
7745,6809
7917,6711
8054,6656
8265,6622
8337,6577
8560,6545
8741,6497
8775,6500
8870,6521
8972,6552
9066,6584
9118,6699
9036,6777
8955,6920
8833,6996
8831,7163
8691,7258
8568,7385
8522,7502
8403,7755
8091,7723
8073,7929
8055,8097
7913,8227
7699,8267
7448,8273
7375,8392
7235,8497
7080,8547
6941,8488
6839,8463
6757,8423
6623,8436
6581,8370
6526,8226
6528,8148
6533,7997
6552,7862
6578,7775
6628,7564
6677,7422
6760,7270
6863,7108
6974,6973
7127,6884
7228,6768
7352,6673
7416,6594
7511,6566
7601,6489
7736,6489
7779,6509
7771,6515
7883,6565
7930,6646
8029,6655
8071,6749
8123,6808
8128,6892
8155,6996
8233,7111
8213,7233
8231,7333
8135,7437
8032,7526
8061,7630
7935,7729
7881,7767
7748,7921
7657,7940
7447,7977
7283,7903
7175,8050
7023,8101
6902,8046
6813,8042
6703,7923
6606,7894
6585,7791
6565,7616
6618,7510
6697,7479
6823,7297
6958,7232
7145,7095
7293,6985
7488,6858
7654,6776
7903,6686
8156,6635
8348,6547
8540,6472
8767,6457
9014,6433
9228,6380
9355,6392
9431,6416
9541,6420
9588,6454
9741,6512
9614,6592
9652,6643
9797,6724
9469,6812
9418,6909
9185,7036
9039,7242
8941,7388
8843,7619
8543,7704
8496,7971
8310,8075
8128,8231
7933,8364
7721,8439
7560,8560
7339,8510
7220,8521
7080,8499
6974,8509
6869,8585
6742,8499
6661,8393
6636,8320
6627,8212
6619,7998
6647,7830
6776,7765
6853,7583
6991,7443
7161,7285
7311,7169
7535,7031
7712,6894
7873,6787
8073,6684
8281,6588
8480,6530
8761,6493
8993,6496
9186,6514
9385,6559
9567,6631
9686,6676
10064,6754
10230,6835
10389,6926
10437,7052
10277,7116
10318,7251
10080,7349
10074,7469
10199,7631
10001,7759
9756,7891
9454,7974
9171,8101
8940,8202
8660,8282
8368,8327
8132,8467
7840,8530
7602,8634
7421,8645
7233,8614
7082,8572
6994,8487
6891,8403
6818,8360
6832,8346
6831,8206
6865,8074
6945,7948
7008,7797
7125,7635
7239,7496
7390,7420
7591,7354
7754,7253
7919,7066
8157,6947
8335,6870
8519,6759
8813,6661
9169,6627
9326,6583
9457,6552
9724,6580
9804,6596
9999,6683
10031,6780
10004,6935
10018,7083
10086,7257
9967,7468
10025,7695
10003,7867
9822,8057
9748,8304
9505,8410
9217,8454
9151,8660
9022,8727
8688,8744
8546,9001
8068,8892
7874,8962
7606,8901
7426,8834
7249,8779
7109,8842
6957,8874
6846,8774
6815,8646
6859,8497
6872,8321
6996,8150
7178,8023
7357,7879
7599,7723
7811,7513
8042,7320
8465,7141
8874,7021
9205,6852
9608,6721
10054,6642
10153,6556
10555,6503
10865,6499
11039,6483
11328,6499
11457,6535
11584,6605
11834,6688
11898,6814
11889,6988
11772,7154
11672,7335
11586,7538
11503,7682
11369,7862
11031,8047
10724,8268
10488,8561
10218,8765
9729,8898
9437,9048
9076,9216
8833,9402
8653,9708
8363,9725
7872,9502
7776,9764
7466,9750
7249,9644
7012,9527
6854,9181
6796,9165
6788,8924
6815,8733
6925,8550
7040,8280
7184,8096
7340,7872
7606,7632
7821,7457
7922,7228
8097,7095
8308,6942
8440,6759
8648,6729
8873,6728
9006,6638
9082,6659
9149,6739
9149,6823
9132,6895
9164,6991
9317,7221
9415,7445
9338,7635
9340,7897
9334,8143
9462,8312
9348,8449
9635,8769
9359,8995
9013,9188
8913,9428
8733,9618
8487,9808
8184,9812
7991,9864
7826,10216
7535,10193
7271,10159
7068,10100
6876,9869
6734,9724
6684,9639
6632,9532
6630,9240
6640,8933
6707,8679
6759,8405
6863,8133
7017,7952
7103,7698
7179,7470
7169,7234
7289,7133
7360,7055
7487,7002
7307,6899
7533,6778
7997,6793
7975,6784
7507,6748
7031,6784
6653,6800
6418,6841
6281,6911
6217,6988
6176,7088
6160,7163
6151,7328
6153,7496
6142,7638
6135,7743
6142,7958
6138,8116
6146,8326
6131,8663
6141,8877
6137,8822
6132,8981
6129,8982
6127,9224
6117,9247
6131,9126
6125,8819
6129,8656
6116,8724
6121,8485
6123,8333
6123,8154
6124,7961
6119,7824
6121,7568
6125,7410
6117,7255
6112,7075
6116,7038
6115,6929
6115,6821
6108,6736
6124,6635
6111,6566
6123,6553
6113,6542
6111,6551
6115,6571
6118,6616
6120,6675
6114,6696
6116,6717
6116,6749
6116,6784
6109,6809
6111,6932
6112,7057
6114,6949
6106,6733
6107,6510
6110,6340
6117,6230
6102,6190
6109,6161
6110,6147
6107,6130
6112,6121
6108,6111
6110,6111
6118,6111
6111,6111
6116,6109
6108,6104
6105,6107
6114,6117
6104,6107
6114,6098
6107,6070
6117,6080
6121,6082
6097,6045
6110,6071
6110,6068
6109,6065
6104,6069
6105,6061
6106,6063
6108,6054
6105,6057
6110,6062
6111,6057
6104,6050
6110,6063
6108,6060
6111,6059
6096,6065
6122,6067
6109,6056
6116,6066
6112,6055
6112,6047
6114,6040
6101,6055
6103,6050
6108,6061
6115,6065
6116,6060
6121,6070
6108,6058
6121,6058
6100,6041
6112,6056
6117,6057
6116,6048
6113,6059
6097,6065
6118,6061
6127,6047
6113,6060
6113,6046
6125,6055
6119,6057
6113,6049
6119,6053
6111,6058
6113,6054
6122,6062
6115,6049
6117,6061
6103,6058
6120,6065
6115,6055
6111,6046
6112,6051
6120,6056
6114,6049
6125,6053
6115,6047
6117,6050
6115,6048
6114,6046
6119,6057
6114,6054
6110,6061
6117,6042
6103,6040
6113,6050
6119,6045
6109,6054
6121,6043
6121,6055
6108,6056
6111,6055
6107,6040
6107,6043
6111,6051
6121,6046
6116,6047
6112,6054
6113,6058
6108,6045
6120,6035
6112,6049
6111,6053
6109,6046
6117,6057
6111,6056
6107,6056
6108,6057
6108,6056
6109,6052
6107,6039
6110,6053
6112,6047
6106,6043
6114,6061
6111,6046
6107,6051
6107,6038
6099,6055
6105,6055
6115,6042
6120,6052
6105,6057
6105,6046
6105,6042
6112,6055
6108,6042
6111,6047
6105,6052
6104,6054
6111,6053
6117,6044
6104,6055
6107,6039
6104,6050
6113,6055
6122,6033
6101,6038
6112,6058
6107,6058
6112,6065
6104,6051
6108,6047
6107,6057
6108,6044
6116,6044
6116,6054
6112,6055
6104,6039
6101,6059
6102,6049
6106,6058
6110,6051
6110,6050
6102,6057
6103,6053
6104,6050
6107,6055
6103,6043
6105,6053
6107,6056
6103,6051
6105,6041
6107,6052
6107,6048
6108,6049
6108,6062
6108,6044
6091,6045
6112,6048
6107,6046
6112,6045
6118,6049
6116,6041
6095,6045
6011,5954
6112,6050
5844,5823
5653,5614
6211,5969
6190,6146
6044,6024
6016,5943
6134,6072
6119,6070
6104,6044
6100,6046
6113,6056
6114,6040
6102,6057
6102,6040
6107,6048
6119,6051
6116,6048
6104,6044
6118,6060
6102,6042
6115,6049
6118,6053
6117,6042
6102,6051
6105,6049
6101,6047
6099,6053
6105,6054
6104,6048
6097,6060
6096,6044
6110,6056
6102,6052
6094,6052
6102,6054
6103,6030
6103,6061
6100,6036
6104,6048
6104,6054
6101,6049
6111,6048
6102,6053
6101,6050
6103,6042
6110,6047
6104,6054
6099,6046
6117,6063
6101,6046
6097,6053
6100,6056
6101,6057
6091,6061
6107,6051
6097,6045
6102,6046
6095,6061
6100,6053
6101,6048
6109,6042
6102,6043
6096,6049
6107,6054
6108,6048
6114,6049
6108,6044
6111,6048
6109,6038
6110,6046
6114,6051
6104,6060
6104,6044
6118,6052
6106,6060
6097,6053
6103,6043
6111,6058
6109,6054
6107,6061
6103,6059
6102,6052
6108,6043
6118,6050
6111,6048
6118,6062
6113,6052
6108,6044
6108,6053
6109,6056
6115,6061
6111,6052
6104,6042
6106,6055
6105,6037
6107,6049
6116,6056
6103,6058
6113,6064
6113,6057
6107,6063
6113,6058
6110,6044
6119,6042
6119,6057
6112,6058
6118,6064
6106,6055
6121,6042
6112,6061
6107,6059
6105,6053
6119,6047
6115,6053
6109,6060
6108,6052
6106,6055
6106,6050
6106,6049
6113,6061
6107,6058
6108,6037
6113,6053
6114,6050
6113,6049
6111,6060
6107,6073
6111,6049
6106,6048
6103,6041
6104,6062
6109,6060
6107,6063
6098,6044
6108,6052
6114,6061
6107,6053
6104,6039
6104,6057
6105,6048
6109,6063
6106,6055
6109,6037
6103,6050
6106,6056
6112,6048
6110,6056
6111,6058
6101,6048
6104,6048
6099,6043
6101,6038
6108,6056
6114,6052
6102,6054
6108,6042
6110,6035
6119,6037
6099,6051
6106,6057
6104,6063
6104,6044
6109,6055
6108,6039
6103,6048
6106,6044
6102,6055
6111,6054
6099,6053
6112,6041
6113,6050
6105,6056
6105,6046
6102,6053
6115,6041
6115,6045
6112,6057
6099,6043
6102,6054
6111,6063
6113,6053
6113,6052
6127,6051
6110,6056
6120,6054
6109,6050
6111,6046
6113,6057
6110,6054
6112,6063
6120,6037
6117,6051
6118,6052
6116,6048
6120,6032
6117,6050
6129,6058
6117,6041
6116,6037
6111,6048
6125,6040
6119,6059
6116,6057
6110,6050
6115,6052
6123,6042
6111,6054
6120,6049
6120,6061
6117,6047
6120,6051
6113,6049
6116,6061
6110,6053
6116,6052
6116,6050
6111,6045
6115,6058
6116,6045
6121,6047
6115,6047
6116,6051
6112,6046
6103,6048
6114,6048
6121,6050
6108,6039
6110,6048
6119,6047
6108,6042
6115,6044
6119,6060
6113,6050
6106,6059
6113,6051
6106,6067
6115,6054
6110,6058
6115,6049
6117,6053
6099,6045
6121,6045
6109,6063
6108,6055
6108,6055
6110,6028
6116,6055
6115,6050
6116,6060
6111,6055
6113,6050
6115,6050
6120,6059
6114,6046
6111,6063
6111,6040
6112,6036
6118,6057
6106,6056
6120,6048
6123,6049
6098,6057
6112,6058
6104,6057
6114,6059
6113,6062
6112,6058
6082,5944
6121,6057
6116,6042
6119,6053
6095,6033
6125,6023
6124,6058
6120,6061
6099,6043
6109,6055
6114,6068
6114,6049
6108,6044
6122,6062
6111,6052
6118,6049
6118,6042
6112,6049
6123,6053
6113,6048
6118,6069
6122,6052
6112,6044
6120,6046
6126,6045
6108,6058
6119,6053
6116,6053
6121,6057
6127,6052
6111,6049
6127,6042
6120,6060
6127,6053
6107,6054
6116,6045
6118,6059
6123,6058
6118,6043
6122,6056
6131,6056
6130,6058
6111,6053
6119,6056
6120,6053
6120,6048
6115,6058
6118,6068
6118,6063
6120,6057
6119,6054
6124,6058
6120,6056
6126,6055
6123,6041
6117,6053
6119,6053
6120,6057
6129,6060
6118,6045
6117,6058
6117,6058
6117,6057
6120,6039
6111,6053
6120,6058
6114,6064
6122,6056
6121,6048
6120,6055
6110,6051
6116,6055
6111,6063
6117,6056
6123,6057
6117,6048
6115,6058
6122,6054
6117,6055
6115,6054
6129,6054
6124,6056
6115,6045
6115,6045
6113,6053
6118,6047
6113,6058
6117,6047
6120,6054
6120,6057
6118,6064
6115,6053
6115,6061
6123,6048
6110,6048
6116,6054
6119,6064
6116,6038
6122,6052
6124,6048
6116,6056
6120,6051
6130,6077
6117,6051
6115,6061
6115,6061
6119,6060
6119,6063
6119,6048
6120,6053
6119,6053
6112,6051
6123,6066
6118,6065
6120,6049
6117,6052
6118,6048
6119,6055
6109,6061
6115,6061
6115,6041
6122,6049
6111,6062
6117,6053
6106,6049
6115,6058
6117,6055
6117,6055
6111,6058
6111,6055
0,29
0,61680
0,0
6122,6053
5606,5581
5598,5581
5609,5575
5600,5582
5597,5584
5595,5594
5605,5576
5606,5567
5831,5762
6344,6308
6294,6302
6283,6312
6268,6290
6287,6306
6295,6299
6271,6304
6274,6297
6308,6323
6246,6246
6305,6318
6301,6326
6276,6315
6253,6286
6299,6304
6324,6328
6289,6337
6297,6326
6292,6303
6306,6330
6300,6336
6280,6320
6298,6320
6312,6314
6316,6341
6311,6329
6300,6310
6291,6311
6288,6328
6279,6319
6305,6298
6298,6295
6303,6322
6285,6306
6286,6294
6281,6323
6294,6321
6300,6334
6294,6312
6273,6321
6281,6299
6289,6289
6302,6328
6297,6338
6310,6332
6296,6324
6292,6288
6293,6303
6314,6304
6307,6289
6305,6281
6299,6316
6294,6316
6275,6303
6278,6325
6276,6342
6290,6324
6295,6331
6311,6319
6309,6298
6292,6321
6296,6317
6258,6311
6273,6330
6278,6330
6287,6334
6280,6310
6279,6305
6299,6309
6295,6316
6295,6306
6301,6303
6301,6287
6285,6298
6271,6321
6269,6319
6297,6333
6284,6324
6263,6338
6282,6340
6294,6336
6294,6349
6287,6311
6287,6333
6297,6295
6294,6314
6313,6326
6297,6310
6268,6312
6275,6330
6294,6304
6288,6315
6290,6320
6273,6316
6269,6323
6285,6317
6282,6305
6274,6312
6279,6314
6269,6326
6266,6313
6265,6288
6277,6289
6266,6308
6266,6289
6260,6311
6287,6321
6282,6298
6276,6326
6274,6304
6298,6346
6296,6329
6278,6328
6277,6305
6278,6318
6283,6318
6284,6304
6291,6296
6280,6316
6284,6321
6292,6321
6270,6302
6272,6309
6267,6321
6260,6342
6272,6305
6273,6300
6263,6297
6276,6294
6283,6303
6289,6303
6289,6301
6265,6298
6267,6301
6286,6353
6301,6318
6289,6331
6296,6329
6285,6327
6293,6318
6283,6327
6277,6311
6273,6311
6283,6314
6284,6320
6300,6337
6297,6333
6277,6322
6273,6336
6275,6340
6249,6334
6273,6345
6268,6314
6279,6324
6285,6327
6268,6326
6268,6321
6274,6339
6274,6323
6281,6337
6261,6322
6266,6324
6255,6308
6260,6315
6259,6304
6270,6320
6257,6320
6268,6323
6272,6343
6292,6333
6280,6331
6273,6326
6270,6314
6280,6348
6270,6328
6280,6337
6277,6311
6284,6345
6275,6327
6261,6340
6275,6349
6281,6334
6277,6329
6276,6339
6267,6327
6288,6336
6262,6335
6262,6363
6268,6327
6257,6324
6254,6332
6257,6339
6268,6344
6281,6358
6289,6347
6267,6363
6254,6344
6260,6343
6270,6351
6260,6367
6272,6354
6253,6352
6259,6351
6282,6358
6274,6350
6282,6345
6268,6338
6253,6358
6285,6351
6261,6382
6284,6361
6248,6345
6254,6327
6239,6334
6255,6343
6262,6351
6245,6375
6237,6344
6255,6332
6260,6327
6248,6351
6256,6336
6248,6322
6236,6351
6235,6351
6242,6349
6254,6324
6256,6347
6253,6341
6251,6342
6243,6366
6241,6353
6256,6335
6235,6351
6229,6367
6239,6375
6250,6389
6262,6390
6239,6355
6249,6374
6246,6393
6235,6396
6227,6380
6245,6365
6228,6344
6268,6351
6246,6358
6256,6375
6249,6356
6227,6395
6243,6374
6239,6353
6245,6348
6242,6374
6222,6341
6228,6326
6234,6320
6234,6349
6244,6342
6243,6314
6231,6362
6229,6365
6253,6354
6233,6359
6243,6378
6243,6394
6238,6384
6248,6369
6248,6396
6221,6388
6233,6369
6241,6344
6244,6386
6242,6387
6227,6363
6232,6355
5983,6114
6248,6567
6231,6395
6207,6335
6253,6439
6235,6390
6254,6429
6199,6343
6220,6377
6237,6385
6249,6376
6219,6371
6229,6389
6236,6382
6237,6356
6250,6351
6236,6359
6224,6348
6228,6367
6224,6350
6219,6375
6220,6355
6227,6357
6230,6364
6224,6364
6220,6330
6219,6334
6233,6330
6233,6356
6223,6386
6227,6390
6221,6396
6225,6394
6234,6390
6233,6377
6223,6389
6249,6369
6244,6373
6227,6376
6231,6375
6213,6378
6223,6386
6231,6367
6217,6354
6224,6377
6240,6357
6226,6368
6208,6358
6226,6340
6222,6377
6233,6384
6224,6374
6238,6363
6214,6385
6237,6359
6240,6351
6227,6353
6215,6346
6219,6362
6220,6366
6225,6370
6240,6387
6219,6384
6217,6367
6218,6359
6212,6353
6206,6351
6220,6352
6216,6344
6224,6367
6222,6374
6216,6376
6208,6368
6231,6363
6212,6369
6211,6360
6215,6378
6213,6373
6208,6392
6220,6375
6210,6368
6227,6366
6218,6373
6223,6359
6230,6380
6230,6361
6227,6358
6224,6344
6232,6385
6212,6356
6222,6374
6204,6387
6214,6416
6222,6423
6228,6393
6217,6414
6226,6399
6209,6394
6208,6383
6221,6396
6212,6392
6203,6409
6215,6406
6224,6405
6224,6406
6212,6384
6206,6357
6218,6362
6216,6364
6221,6342
6212,6379
6219,6343
6231,6370
6223,6358
6228,6382
6210,6372
6208,6366
6202,6358
6197,6398
6211,6385
6205,6396
6217,6363
6211,6364
6206,6359
6203,6365
6219,6354
6215,6371
6218,6359
6208,6383
6209,6359
6219,6373
6209,6356
6210,6349
6210,6342
6209,6355
6207,6356
6212,6339
6215,6347
6215,6332
6217,6346
6216,6377
6212,6400
6223,6385
6222,6354
6220,6354
6205,6379
6215,6382
6205,6385
6209,6356
6210,6371
6224,6397
6202,6382
6213,6406
6216,6420
6199,6421
6214,6396
6204,6382
6209,6356
6214,6336
6216,6349
6212,6360
6225,6337
6210,6347
6192,6339
6203,6330
6213,6348
6207,6330
6211,6344
6203,6349
6196,6355
6197,6339
6204,6363
6200,6370
6202,6362
6201,6346
6219,6357
6193,6365
6200,6349
6193,6360
6214,6368
6208,6354
6211,6354
6204,6356
6189,6344
6212,6368
6216,6358
6201,6329
6212,6339
6216,6360
6207,6365
6202,6361
6208,6358
6222,6343
6217,6346
6206,6360
6214,6354
6203,6324
6194,6344
6199,6347
6196,6331
6195,6332
6206,6343
6204,6337
6223,6339
6225,6344
6219,6337
6219,6319
6213,6331
6206,6337
6205,6319
6202,6330
6216,6310
6199,6328
6200,6342
6200,6339
6216,6324
6211,6323
6201,6312
6212,6345
6225,6344
6204,6323
6207,6316
6211,6325
6209,6338
6209,6325
6209,6295
6217,6331
6211,6335
6215,6328
6211,6345
6221,6355
6214,6352
6211,6356
6214,6331
6201,6340
6218,6335
6215,6331
6208,6335
6220,6331
6202,6339
6211,6348
6209,6354
6224,6337
6210,6346
6206,6356
6199,6349
6217,6349
6230,6339
6216,6319
6209,6322
6209,6336
6198,6305
6208,6315
6193,6309
6212,6299
6216,6315
6228,6341
6225,6330
6219,6312
6212,6313
6209,6339
6218,6330
6212,6307
6210,6298
6220,6303
6202,6311
6200,6316
6202,6329
6209,6343
6210,6328
6205,6332
6216,6312
6177,6298
6213,6316
6209,6346
6202,6303
6200,6295
6207,6338
6238,6330
6228,6311
6220,6274
6208,6325
6214,6310
6215,6272
6206,6301
6211,6307
6214,6331
6218,6346
6206,6320
6224,6316
6218,6336
6210,6304
6230,6299
6222,6286
6211,6320
6211,6341
6213,6337
6203,6337
6213,6327
6223,6309
6218,6321
6219,6322
6220,6324
6217,6331
6205,6325
6224,6308
6232,6299
6230,6314
6226,6323
6220,6321
6222,6303
6217,6301
6217,6314
6224,6320
6221,6311
6228,6304
6245,6312
6234,6326
6242,6312
6226,6294
6262,6311
6258,6322
6266,6317
6296,6326
6320,6338
6321,6327
6352,6333
6395,6332
6426,6329
6461,6337
6517,6323
6580,6335
6662,6326
6716,6350
6818,6334
6903,6333
7017,6333
7053,6316
7190,6328
7281,6317
7364,6329
7396,6322
7447,6322
7542,6300
7527,6331
7530,6335
7578,6325
7540,6317
7500,6325
7427,6336
7298,6314
7133,6305
6967,6327
6848,6335
6752,6338
6656,6327
6620,6342
6633,6339
6648,6347
6583,6351
6564,6350
6561,6342
6604,6329
6614,6335
6642,6341
6711,6341
6848,6364
6968,6386
7010,6360
7103,6384
7219,6390
7317,6410
7459,6462
7595,6478
7736,6502
7800,6512
7934,6498
8275,6502
8305,6509
8147,6498
8261,6526
8239,6541
8230,6522
8485,6561
8441,6603
8394,6648
8316,6686
8179,6769
7966,6843
7928,6948
7795,7077
7699,7142
7603,7163
7507,7212
7271,7201
7121,7205
7054,7210
6939,7265
6832,7285
6756,7315
6721,7368
6660,7365
6668,7360
6672,7285
6741,7328
6773,7347
6890,7347
7031,7289
7200,7286
7313,7055
7473,6998
7715,6925
7949,6859
8198,6777
8475,6682
8726,6604
8883,6593
9096,6591
9433,6548
9707,6556
9933,6582
10089,6584
10063,6573
10113,6644
10186,6674
10353,6783
10357,6916
10258,6973
9997,7067
9789,7128
9684,7250
9265,7275
9009,7497
8624,7468
8311,7572
8042,7812
7770,7917
7517,7978
7343,8043
7158,8063
7031,8078
6917,8119
6792,8024
6681,8014
6693,7985
6678,8006
6736,8021
6769,7989
6803,7965
6935,7893
7014,7751
7138,7615
7206,7492
7387,7467
7491,7384
7667,7238
7868,7061
7975,6977
8137,6856
8321,6806
8517,6709
8649,6665
8839,6643
8974,6653
8980,6700
9087,6777
9208,6877
9256,7019
9115,7147
9125,7355
9135,7494
9140,7577
9051,7745
8756,7806
8580,7890
8422,8013
8292,8050
8112,8177
7922,8227
7792,8280
7580,8300
7438,8282
7272,8183
7125,8175
7076,8113
6944,8058
6875,7960
6804,7987
6691,7953
6659,7860
6626,7789
6665,7720
6715,7604
6788,7394
6889,7255
7026,7102
7187,6998
7351,6930
7529,6804
7784,6687
7973,6676
8197,6619
8458,6653
8661,6649
9095,6580
9328,6590
9440,6625
9616,6697
9742,6723
9843,6777
9968,6868
10058,6948
9884,7109
9855,7194
9753,7415
9513,7606
9446,7655
9144,7857
8877,8016
8656,8063
8439,8150
8166,8215
7912,8477
7733,8510
7527,8601
7311,8644
7159,8641
7037,8599
6907,8822
6821,8788
6727,8792
6669,8626
6623,8633
6606,8573
6574,8371
6553,8241
6608,8146
6619,7998
6810,8002
6884,7818
7044,7622
7103,7428
7191,7208
7379,7078
7469,6976
7569,6846
7674,6696
7810,6606
7874,6572
8086,6557
8153,6595
8274,6638
8342,6678
8351,6770
8338,6896
8363,6951
8306,7081
8288,7206
8215,7342
8260,7462
8150,7589
8162,7740
8023,7878
7989,7957
7980,7949
8059,8048
7921,8085
7665,8107
7696,8237
7359,8157
7311,8243
7267,8328
7144,8380
7043,8377
6852,8217
6815,8252
6687,8069
6612,8037
6574,7958
6532,7754
6508,7660
6497,7531
6524,7430
6571,7329
6650,7227
6741,7079
6872,6978
7015,6866
7192,6781
7337,6711
7546,6650
7629,6574
7714,6621
7853,6530
8021,6537
8081,6545
8210,6520
8254,6531
8343,6546
8387,6580
8440,6619
8400,6706
8442,6792
8435,6863
8431,6968
8408,7077
8353,7175
8282,7298
8198,7343
8083,7487
7971,7532
7874,7634
7666,7702
7490,7760
7422,8058
7314,8109
7211,8149
7055,8192
6904,8099
6746,8056
6673,8019
6602,7991
6590,7999
6565,7815
6566,7697
6599,7633
6652,7496
6724,7380
6849,7244
6960,7146
7089,7060
7214,6911
7349,6810
7529,6719
7706,6655
7881,6583
8093,6529
8168,6488
8292,6466
8351,6443
8472,6429
8512,6448
8540,6446
8595,6491
8549,6562
8512,6625
8445,6678
8410,6796
8313,6866
8172,7013
8068,7120
7919,7253
7880,7443
7794,7544
7721,7662
7608,7736
7484,7925
7379,8000
7236,8113
7110,8205
6981,8104
6865,8113
6791,8156
6699,8194
6644,8209
6587,8219
6550,8151
6507,8058
6505,8045
6517,7952
6536,7817
6568,7671
6599,7522
6681,7410
6763,7279
6873,7094
7014,6967
7124,6889
7358,6778
7458,6677
7593,6640
7780,6592
8001,6596
8101,6574
8225,6552
8398,6575
8559,6609
8628,6647
8804,6665
8845,6751
8889,6796
8857,6875
8872,6916
8807,7007
8685,7044
8573,7130
8448,7266
8298,7359
8373,7485
8185,7576
8011,7594
7901,7732
7558,7742
7372,7763
7185,7764
7102,7787
6961,7772
6802,7819
6717,7836
6603,7869
6569,7754
6542,7695
6531,7712
6527,7671
6547,7595
6621,7519
6695,7418
6791,7337
6875,7228
7002,7081
7149,7028
7315,6911
7435,6784
7601,6689
7678,6601
7842,6541
7970,6458
8130,6408
8298,6411
8503,6396
8613,6407
8627,6448
8689,6486
8731,6548
8743,6671
8717,6735
8765,6851
8772,6958
8684,7080
8628,7190
8415,7281
8362,7488
8256,7623
8132,7808
7815,7744
7644,7921
7486,8012
7339,8084
7234,8132
7128,8151
6986,8068
6907,8092
6822,8054
6742,7963
6709,7923
6671,7865
6642,7825
6600,7697
6616,7615
6639,7511
6650,7414
6707,7345
6751,7199
6838,7094
6891,7075
6919,6901
7032,6814
7130,6752
7290,6656
7480,6556
7629,6523
7748,6473
7879,6467
7995,6469
8154,6481
8265,6518
8363,6621
8445,6725
8521,6757
8625,6804
8588,6918
8634,7011
8562,7161
8486,7232
8478,7335
8415,7366
8288,7445
8210,7542
8079,7618
7885,7629
7693,7568
7589,7620
7451,7716
7285,7751
7146,7737
6994,7789
6889,7830
6767,7810
6688,7840
6622,7822
6621,7780
6669,7760
6592,7704
6568,7663
6784,7668
6837,7554
6882,7433
6963,7320
7110,7237
7213,7148
7354,7016
7540,6960
7775,6809
7882,6741
8064,6665
8252,6595
8314,6565
8438,6527
8587,6472
8697,6473
8797,6497
8944,6552
9070,6595
9088,6704
9065,6796
8922,6849
8879,6994
8805,7127
8612,7193
8562,7337
8452,7435
8320,7571
8174,7700
8125,7818
7960,7923
7825,8120
7621,8198
7483,8271
7294,8325
7170,8333
7036,8395
6859,8327
6775,8286
6673,8248
6584,8355
6554,8313
6502,8082
6520,8024
6539,7930
6555,7783
6556,7623
6597,7465
6661,7348
6759,7282
6845,7082
6987,6960
7039,6834
7171,6720
7252,6626
7329,6554
7413,6531
7557,6467
7628,6475
7687,6480
7736,6499
7830,6516
7897,6592
7977,6651
8029,6705
8081,6772
8134,6898
8113,6985
8182,7100
8191,7182
8175,7298
8085,7384
8008,7471
8008,7624
7936,7739
7817,7792
7734,7792
7609,7850
7412,7874
7284,7905
7127,7957
7010,8102
6914,8106
6765,7898
6675,7859
6588,7737
6562,7613
6579,7490
6585,7376
6653,7299
6763,7210
6890,7124
7066,7029
7215,6931
7404,6848
7648,6750
7836,6686
8062,6636
8259,6535
8490,6470
8663,6455
8847,6430
9062,6392
9229,6394
9388,6386
9649,6411
9493,6446
9514,6499
9523,6561
9505,6632
9548,6674
9444,6785
9338,6936
9226,7066
9051,7227
8819,7382
8678,7547
8545,7697
8302,7873
8228,7996
8029,8139
7816,8252
7667,8305
7521,8429
7333,8457
7204,8524
7040,8458
6935,8461
6837,8455
6711,8338
6646,8297
6596,8234
6593,8095
6594,7928
6636,7834
6737,7717
6835,7550
6994,7411
7133,7232
7303,7123
7471,7015
7687,6859
7877,6750
8068,6664
8278,6569
8478,6511
8815,6507
9049,6531
9093,6510
9383,6528
9528,6601
9669,6662
9974,6735
10230,6818
10239,6901
10229,7007
10272,7109
10166,7205
10031,7339
10065,7451
10034,7571
9856,7712
9581,7762
9338,7933
9055,8088
8842,8114
8599,8227
8232,8320
8006,8384
7755,8490
7547,8546
7373,8599
7169,8568
7063,8547
6969,8435
6880,8388
6837,8343
6787,8290
6809,8204
6849,8027
6909,7889
6972,7799
7089,7594
7222,7472
7420,7378
7602,7302
7772,7207
7949,7065
8175,6913
8326,6834
8554,6719
8827,6606
9166,6568
9376,6531
9439,6524
9581,6537
9801,6562
9918,6660
9934,6765
9964,6895
9965,7045
9929,7210
9844,7456
9874,7657
9869,7819
9799,8013
9678,8243
9537,8433
9154,8425
9134,8628
8883,8664
8602,8672
8401,8825
8077,8856
7881,8966
7666,8885
7431,8848
7242,8783
7090,8860
6965,8856
6863,8741
6780,8622
6814,8452
6856,8302
7006,8147
7196,8006
7362,7856
7596,7666
7757,7493
7990,7276
8428,7136
8786,6986
9042,6826
9446,6680
9860,6619
10162,6553
10475,6502
10812,6492
11051,6485
11206,6532
11421,6549
11502,6636
11713,6673
11805,6815
11780,6969
11679,7146
11509,7310
11638,7511
11543,7679
11328,7881
11035,8044
10749,8272
10355,8417
9990,8627
9650,8898
9412,9013
9063,9222
8765,9361
8455,9529
8190,9514
7840,9456
7604,9526
7323,9448
7145,9400
6949,9301
6843,9153
6922,9099
6748,8801
6752,8820
7332,8943
7151,8461
7195,8079
7378,7898
7445,7526
7744,7367
7931,7254
8070,7082
8249,6916
8460,6750
8594,6712
8800,6669
8990,6648
9070,6658
9095,6702
9050,6805
9123,6888
9179,6997
9130,7167
9348,7402
9366,7641
9436,7944
9388,8153
9485,8304
9267,8415
9330,8585
9148,8974
8982,9212
8923,9489
8742,9658
8425,9806
8171,9752
7962,9867
7666,9963
7380,9968
7214,10062
6975,9790
6791,9675
6670,9527
6626,9435
6628,9472
6622,9225
6656,9000
6720,8686
6776,8465
6834,8119
6994,7854
7038,7589
7109,7419
7192,7228
7277,7141
7387,7036
7479,6973
7278,6904
7548,6782
7951,6742
7886,6734
7502,6703
7042,6718
6656,6751
6420,6821
6285,6891
6220,7002
6178,7105
6164,7094
6155,7282
6155,7410
6141,7561
6140,7686
6138,7915
6132,8085
6137,8326
6129,8519
6140,8680
6138,8801
6138,8967
6127,8958
6117,9045
6122,9068
6116,8977
6133,8788
6115,8642
6113,8527
6125,8396
6119,8232
6120,8002
6122,7846
6110,7680
6118,7497
6115,7342
6116,7211
6119,7092
6112,6988
6114,6926
6117,6802
6109,6683
6123,6606
6114,6535
6116,6530
6114,6531
6112,6543
6117,6555
6115,6601
6113,6660
6109,6693
6128,6695
6110,6771
6103,6818
6105,6833
6114,6933
6110,7038
6108,6954
6112,6722
6110,6503
6110,6353
6117,6235
6105,6188
6101,6151
6103,6145
6110,6131
6115,6114
6108,6099
6110,6091
6117,6093
6107,6084
6111,6089
6108,6103
6106,6114
6109,6124
6108,6106
6108,6089
6107,6069
6114,6074
6116,6056
6107,6039
6107,6064
6114,6062
6108,6069
6103,6063
6108,6038
6112,6057
6103,6059
6105,6056
6107,6058
6106,6058
6117,6052
6114,6057
6110,6064
6113,6057
6104,6060
6106,6055
6108,6062
6111,6064
6103,6062
6106,6057
6104,6057
6111,6050
6103,6032
6123,6097
6108,6060
6114,6058
6115,6055
6111,6063
6113,6064
6108,6049
6118,6054
6116,6059
6114,6042
6107,6046
6112,6057
6110,6057
6114,6054
6117,6048
6110,6052
6115,6059
6107,6049
6117,6039
6117,6056
6114,6054
6116,6052
6115,6049
6105,6036
6113,6053
6111,6039
6113,6048
6105,6051
6109,6050
6108,6047
6110,6032
6104,6046
6120,6057
6109,6041
6117,6040
6120,6057
6114,6042
6111,6036
6119,6046
6112,6041
6111,6053
6111,6037
6115,6060
6115,6034
6117,6047
6110,6052
6115,6041
6111,6048
6118,6033
6107,6054
6111,6049
6115,6048
6117,6053
6114,6046
6111,6050
6115,6049
6108,6048
6108,6046
6114,6044
6103,6040
6113,6048
6117,6061
6112,6048
6104,6057
6105,6051
6108,6062
6116,6050
6108,6039
6109,6045
6123,6037
6107,6051
6106,6063
6117,6055
6109,6040
6120,6052
6104,6050
6104,6048
6117,6044
6115,6052
6108,6053
6107,6057
6106,6032
6109,6047
6106,6054
6113,6050
6101,6041
6108,6051
6116,6055
6118,6048
6109,6036
6114,6047
6109,6079
6121,6048
6116,6047
6109,6045
6105,6062
6106,6053
6113,6043
6114,6044
6109,6054
6101,6051
6107,6036
6102,6048
6122,6060
6115,6049
6169,6113
6104,6045
6149,6081
6154,6105
6129,6063
6125,6057
6118,6044
6106,6050
6116,6041
6125,6050
6117,6072
6099,6038
6106,6047
6103,6047
6109,6045
6106,6051
6103,6052
6110,6047
6108,6061
6105,6023
6098,6037
6109,6053
6100,6051
6110,6046
6116,6053
6120,6047
6109,6044
6109,6039
6107,6047
6111,6052
6112,6035
6109,6022
6100,6042
6099,6049
6104,6049
6101,6037
6117,6060
6102,6057
6098,6042
6106,6036
6090,6047
6114,6056
6106,6054
6109,6059
6108,6045
6110,6054
6090,6056
6111,6059
6101,6048
6112,6037
6109,6047
6111,6038
6103,6035
6104,6045
6100,6036
6102,6053
6115,6041
6105,6036
6104,6050
6105,6044
6100,6056
6101,6049
6098,6050
6103,6033
6106,6039
6103,6051
6096,6048
6101,6049
6108,6030
6105,6043
6107,6057
6100,6056
6103,6045
6107,6047
6110,6034
6102,6053
6099,6040
6111,6054
6106,6048
6103,6051
6110,6057
6106,6064
6098,6043
6106,6050
6098,6058
6109,6041
6107,6049
6102,6037
6091,6041
6106,6041
6120,6054
6103,6053
6104,6040
6104,6054
6104,6049
6102,6052
6111,6052
6100,6049
6102,6051
6107,6060
6106,6053
6110,6052
6111,6041
6108,6048
6106,6033
6104,6048
6114,6058
6112,6059
6113,6054
6104,6054
6102,6037
6107,6062
6113,6046
6112,6053
6104,6057
6108,6052
6107,6055
6111,6052
6101,6062
6113,6042
6110,6054
6107,6047
6106,6047
6126,6039
6111,6051
6114,6065
6101,6041
6116,6046
6115,6053
6110,6043
6115,6048
6111,6052
6117,6060
6111,6049
6111,6060
6120,6068
6111,6040
6116,6053
6113,6061
6110,6052
6105,6056
6108,6057
6112,6048
6112,6060
6109,6060
6116,6055
6100,6054
6108,6049
6124,6067
6106,6058
6116,6037
6116,6054
6117,6042
6127,6073
6118,6055
6105,6072
6115,6051
6108,6031
6099,6050
6103,6057
6109,6057
6106,6056
6106,6031
6105,6042
6107,6052
6111,6052
6108,6045
6105,6046
6106,6040
6113,6045
6100,6059
6107,6041
6104,6047
6103,6048
6113,6047
6109,6050
6100,6045
6104,6053
6112,6054
6107,6041
6104,6054
6103,6055
6113,6048
6098,6047
6110,6045
6119,6050
6100,6044
6105,6037
6103,6043
6113,6058
6109,6055
6108,6045
6106,6047
6106,6047
6103,6042
6107,6044
6107,6032
6103,6051
6110,6043
6111,6057
6114,6047
6102,6036
6106,6050
6107,6056
6110,6045
6110,6063
6111,6042
6100,6049
6103,6049
6119,6051
6117,6046
6125,6050
6106,6039
6109,6031
6108,6047
6111,6043
6111,6059
6108,6054
6110,6047
6118,6036
6117,6047
6111,6050
6128,6060
6112,6049
6115,6051
6114,6054
6117,6049
6130,6037
6118,6054
6122,6038
6120,6053
6122,6042
6117,6047
6117,6067
6121,6046
6120,6041
6118,6037
6116,6052
6114,6055
6130,6040
6112,6045
6124,6058
6107,6047
6117,6045
6115,6039
6108,6051
6111,6046
6119,6059
6109,6048
6113,6042
6108,6051
6108,6054
6115,6045
6111,6064
6122,6055
6111,6052
6115,6059
6118,6049
6105,6046
6109,6037
6123,6046
6119,6052
6112,6047
6105,6057
6111,6057
6113,6048
6102,6045
6118,6038
6115,6054
6077,6040
6115,6054
6356,6264
6015,5943
6041,5984
6006,5983
6058,5992
6095,6037
6115,6048
6121,6064
6121,6047
6091,6025
6126,6048
6112,6061
6112,6055
6105,6050
6110,6048
6115,6062
6113,6043
6115,6030
6125,6048
6097,6054
6105,6049
6106,6058
6112,6064
6120,6058
6116,6048
6103,6055
6119,6046
6116,6053
6114,6051
6113,6049
6114,6045
6123,6049
6118,6056
6112,6064
6119,6052
6129,6053
6115,6044
6106,6050
6106,6060
6120,6047
6116,6049
6120,6054
6116,6053
6114,6051
6115,6059
6117,6061
6120,6049
6111,6040
6118,6053
6130,6059
6117,6053
6114,6064
6117,6058
6119,6049
6117,6058
6114,6042
6127,6053
6122,6048
6131,6050
6113,6056
6119,6050
6116,6064
6125,6061
6124,6057
6114,6056
6123,6061
6132,6048
6113,6058
6113,6058
6117,6044
6111,6043
6120,6048
6118,6089
6124,6038
6121,6049
6111,6058
6124,6053
6113,6050
6120,6047
6120,6059
6119,6054
6125,6051
6117,6056
6115,6041
6120,6046
6118,6054
6123,6040
6120,6054
6116,6048
6125,6051
6125,6051
6122,6056
6127,6052
6120,6046
6120,6056
6114,6055
6121,6049
6115,6037
6120,6059
6119,6049
6111,6047
6118,6048
6121,6041
6119,6052
6117,6057
6113,6057
6121,6058
6117,6050
6115,6045
6119,6056
6115,6063
6117,6057
6117,6057
6119,6058
6109,6049
6120,6050
6120,6044
6124,6063
6121,6056
6117,6058
6122,6059
6122,6044
6111,6056
6117,6050
6118,6055
6120,6050
6113,6060
6122,6053
6114,6056
6115,6052
6118,6062
6121,6055
6124,6049
6117,6052
6117,6052
6117,6058
6124,6038
6121,6050
6118,6049
6115,6056
6117,6063
6120,6038
6117,6056
6121,6054
6111,6057
6115,6052
6112,6058
6114,6059
6122,6044
6110,6029
6123,6050
6124,6051
6112,6058
6123,6046
6115,6055
0,31
0,61680
0,0
6123,6070
5616,5579
5597,5570
5599,5564
5604,5586
5602,5575
5610,5569
5600,5579
5600,5573
5827,5760
6345,6300
6298,6303
6283,6284
6275,6335
6291,6311
6291,6267
6279,6287
6283,6307
6287,6304
6278,6313
6315,6306
6309,6303
6270,6299
6276,6317
6298,6331
6306,6344
6302,6340
6306,6342
6296,6306
6297,6328
6297,6333
6272,6330
6284,6315
6310,6323
6315,6326
6310,6340
6303,6313
6280,6319
6273,6338
6280,6306
6274,6309
6298,6305
6293,6323
6289,6321
6279,6294
6284,6315
6277,6335
6297,6319
6313,6323
6274,6316
6281,6307
6300,6288
6287,6316
6301,6327
6298,6331
6292,6328
6291,6297
6294,6294
6312,6290
6305,6298
6321,6291
6310,6307
6294,6298
6275,6316
6280,6335
6273,6352
6288,6350
6295,6310
6304,6316
6282,6302
6284,6308
6281,6314
6276,6301
6272,6307
6281,6340
6282,6334
6275,6320
6279,6309
6299,6310
6298,6304
6302,6305
6295,6311
6293,6306
6277,6311
6289,6295
6280,6324
6293,6327
6289,6329
6271,6331
6270,6329
6293,6336
6292,6342
6275,6319
6296,6328
6311,6324
6292,6327
6307,6331
6301,6323
6282,6300
6281,6325
6291,6310
6290,6326
6276,6315
6286,6328
6286,6338
6286,6314
6286,6336
6271,6315
6284,6323
6283,6356
6272,6319
6271,6267
6280,6309
6280,6297
6252,6291
6265,6312
6275,6326
6288,6290
6271,6324
6276,6304
6306,6328
6294,6312
6293,6313
6281,6283
6287,6330
6273,6314
6278,6296
6295,6294
6278,6314
6270,6302
6277,6309
6272,6313
6259,6314
6287,6326
6267,6339
6275,6312
6271,6304
6264,6298
6274,6305
6277,6301
6290,6305
6284,6295
6270,6311
6273,6310
6280,6333
6293,6314
6300,6341
6279,6339
6276,6337
6278,6321
6280,6305
6276,6299
6266,6304
6290,6296
6285,6315
6294,6332
6304,6332
6279,6337
6266,6340
6261,6346
6266,6336
6256,6344
6271,6320
6276,6285
6278,6313
6263,6322
6278,6321
6267,6346
6275,6329
6277,6337
6277,6330
6274,6312
6270,6306
6257,6306
6265,6298
6265,6316
6273,6274
6275,6327
6283,6332
6280,6337
6279,6312
6285,6327
6281,6320
6283,6354
6270,6315
6276,6315
6273,6299
6286,6339
6274,6325
6269,6323
6274,6330
6261,6321
6273,6340
6276,6333
6271,6337
6289,6323
6279,6336
6268,6367
6267,6322
6265,6325
6255,6337
6251,6350
6260,6350
6289,6348
6270,6335
6271,6362
6259,6343
6259,6353
6268,6349
6268,6335
6278,6337
6249,6357
6264,6354
6281,6319
6285,6324
6273,6315
6258,6330
6271,6321
6286,6352
6266,6344
6262,6351
6253,6326
6249,6312
6230,6349
6242,6354
6247,6347
6244,6364
6242,6333
6238,6344
6252,6339
6254,6327
6257,6339
6247,6334
6245,6351
6232,6349
6241,6342
6242,6344
6247,6349
6242,6346
6248,6346
6249,6353
6254,6331
6248,6336
6244,6356
6240,6349
6250,6368
6263,6379
6256,6372
6224,6371
6255,6364
6240,6390
6239,6396
6250,6385
6260,6368
6241,6342
6256,6343
6256,6342
6251,6378
6242,6355
6260,6405
6230,6378
6304,6400
6244,6379
6299,6438
6236,6366
6256,6324
6228,6324
6245,6343
6241,6346
6230,6319
6242,6373
6243,6356
6245,6370
6245,6366
6239,6382
6247,6383
6257,6373
6243,6365
6243,6369
6230,6366
6239,6379
6234,6368
6237,6398
6248,6373
6216,6375
6241,6359
6252,6374
6240,6362
6237,6381
6238,6385
6239,6391
6252,6397
6246,6422
6237,6375
6239,6344
6235,6339
6239,6354
6239,6372
6240,6383
6239,6381
6236,6369
6236,6340
6229,6359
6231,6356
6227,6371
6238,6370
6224,6372
6223,6348
6216,6359
6233,6362
6215,6356
6216,6342
6209,6343
6220,6340
6236,6365
6238,6373
6235,6381
6222,6413
6224,6412
6250,6402
6222,6392
6224,6405
6239,6384
6235,6347
6243,6383
6209,6366
6214,6396
6217,6392
6227,6364
6227,6371
6226,6363
6224,6346
6220,6374
6221,6362
6210,6355
6231,6345
6237,6376
6224,6363
6234,6369
6223,6385
6229,6350
6233,6357
6218,6358
6225,6355
6219,6356
6224,6369
6222,6358
6235,6394
6233,6378
6207,6371
6223,6350
6213,6356
6216,6351
6213,6353
6218,6346
6214,6338
6210,6346
6209,6333
6227,6358
6223,6352
6217,6354
6225,6374
6225,6413
6213,6363
6204,6378
6212,6371
6222,6369
6227,6359
6222,6359
6224,6360
6216,6342
6226,6334
6234,6352
6218,6350
6220,6386
6211,6378
6222,6362
6220,6397
6218,6409
6213,6416
6223,6391
6202,6392
6224,6408
6224,6400
6210,6358
6218,6395
6221,6393
6216,6409
6208,6422
6218,6391
6215,6393
6212,6394
6201,6339
6206,6368
6200,6400
6215,6363
6216,6386
6221,6367
6232,6357
6211,6373
6215,6382
6200,6361
6196,6372
6210,6369
6217,6381
6204,6403
6194,6380
6205,6359
6203,6347
6218,6356
6206,6365
6209,6347
6208,6343
6212,6351
6216,6366
6217,6353
6218,6365
6216,6343
6209,6334
6208,6345
6213,6346
6200,6356
6204,6311
6217,6325
6216,6339
6220,6344
6216,6367
6217,6391
6206,6378
6208,6371
6213,6362
6208,6384
6207,6384
6214,6361
6205,6372
6221,6356
6217,6381
6205,6385
6208,6395
6212,6424
6216,6404
6200,6374
6205,6355
6193,6338
6214,6346
6224,6338
6208,6344
6222,6358
6210,6350
6200,6359
6214,6340
6204,6355
6211,6358
6198,6345
6208,6339
6202,6356
6193,6336
6200,6369
6201,6368
6200,6352
6193,6369
6224,6345
6196,6336
6217,6344
6203,6357
6204,6339
6204,6367
6206,6342
6206,6383
6204,6349
6215,6344
6216,6356
6211,6339
6201,6337
6223,6340
6208,6337
6225,6356
6197,6351
6214,6336
6211,6328
6211,6360
6197,6347
6201,6324
6211,6326
6193,6348
6196,6353
6198,6319
6205,6358
6208,6338
6217,6348
6216,6342
6219,6352
6212,6336
6209,6335
6208,6343
6205,6330
6201,6333
6221,6322
6202,6323
6215,6348
6196,6337
6216,6326
6210,6321
6213,6318
6206,6327
6201,6327
6211,6336
6200,6320
6204,6317
6212,6332
6214,6328
6207,6332
6214,6321
6215,6332
6209,6334
6218,6356
6216,6339
6207,6348
6210,6338
6208,6326
6210,6352
6211,6309
6214,6325
6226,6348
6225,6332
6202,6343
6324,6800
6196,6343
6135,6301
6196,6343
6233,6383
6250,6392
6154,6295
6220,6346
6214,6305
6259,6350
6219,6341
6200,6314
6206,6302
6197,6326
6210,6312
6212,6290
6226,6329
6212,6326
6206,6313
6201,6331
6217,6333
6208,6298
6209,6291
6213,6302
6216,6295
6203,6301
6212,6321
6198,6320
6208,6345
6214,6346
6218,6336
6202,6343
6203,6314
6220,6331
6204,6326
6210,6303
6212,6305
6213,6328
6226,6318
6227,6305
6223,6291
6220,6314
6221,6303
6214,6297
6209,6304
6206,6301
6220,6322
6209,6333
6212,6314
6213,6324
6214,6311
6228,6314
6218,6319
6216,6310
6218,6324
6211,6328
6215,6331
6216,6345
6223,6330
6223,6318
6209,6311
6229,6329
6220,6306
6197,6299
6211,6330
6218,6268
6220,6304
6224,6295
6231,6320
6230,6321
6215,6297
6217,6298
6221,6299
6224,6294
6228,6312
6220,6309
6236,6296
6243,6326
6237,6297
6241,6303
6255,6311
6262,6316
6268,6313
6280,6316
6307,6327
6336,6325
6349,6322
6379,6328
6427,6315
6447,6331
6518,6328
6573,6328
6642,6341
6712,6364
6805,6351
6907,6342
6990,6330
7070,6331
7179,6306
7288,6318
7378,6318
7388,6327
7466,6314
7530,6320
7529,6311
7569,6335
7554,6311
7533,6313
7463,6328
7413,6336
7270,6320
7138,6336
6978,6334
6828,6349
6745,6340
6668,6320
6624,6327
6586,6354
6580,6359
6580,6357
6587,6361
6572,6334
6566,6299
6585,6322
6639,6337
6726,6336
6806,6373
6894,6369
6978,6347
7119,6376
7211,6383
7336,6418
7441,6465
7577,6474
7737,6518
7807,6530
7949,6499
7995,6498
8117,6510
8171,6507
8246,6511
8203,6516
8207,6521
8174,6560
8240,6588
8142,6622
8068,6654
7985,6747
7921,6855
7905,6944
7789,7055
7689,7145
7626,7180
7492,7203
7279,7184
7139,7177
7048,7211
6925,7238
6815,7296
6758,7342
6713,7382
6662,7382
6642,7371
6666,7303
6688,7246
6767,7210
6840,7198
6978,7161
7127,7156
7314,7069
7503,7019
7693,6981
7999,6856
8227,6759
8489,6699
8682,6646
8851,6586
9129,6586
9411,6574
9682,6520
9772,6551
9905,6563
9987,6581
10105,6640
10244,6674
10291,6718
10312,6828
10114,6898
9872,6959
9690,7059
9507,7125
9243,7234
8928,7342
8598,7467
8290,7538
7965,7746
7717,7832
7472,7871
7259,7928
7052,7921
6945,7972
6862,7984
6782,8048
6691,8035
6695,8041
6678,7993
6711,7990
6730,7965
6786,7942
6906,7842
6960,7774
7066,7612
7224,7498
7350,7437
7512,7347
7659,7195
7876,7062
7960,6948
8175,6830
8299,6766
8467,6709
8582,6673
8744,6643
8922,6636
8993,6686
9047,6785
9132,6868
9112,7014
9036,7141
9034,7300
9045,7487
9069,7570
9021,7736
8805,7841
8651,7921
8463,8029
8257,8107
8106,8165
7992,8275
7814,8288
7586,8278
7451,8251
7287,8197
7161,8161
7068,8108
6962,8061
6880,7927
6784,7839
6696,7753
6665,7708
6622,7673
6649,7587
6717,7520
6790,7433
6878,7278
7029,7153
7164,7040
7316,6920
7563,6806
7748,6701
7936,6665
8195,6627
8480,6609
8723,6619
9053,6594
9310,6610
9485,6603
9646,6670
9761,6698
10015,6780
10161,6861
10077,6923
10034,7112
9919,7225
9776,7390
9567,7533
9391,7669
9162,7841
8919,7951
8720,8043
8467,8151
8161,8277
7932,8331
7713,8416
7482,8558
7295,8605
7182,8627
7037,8616
6920,8667
6796,8658
6716,8700
6615,8608
6587,8592
6549,8555
6567,8393
6604,8242
6624,8134
6687,8065
6769,7938
6884,7740
6989,7591
7110,7418
7229,7245
7368,7067
7472,6956
7582,6836
7679,6703
7822,6625
7862,6568
7928,6569
8026,6595
8104,6617
8182,6691
8265,6775
8331,6896
8349,6975
8314,7097
8288,7207
8203,7335
8212,7437
8218,7582
8186,7732
8091,7918
7982,7928
7962,7933
7875,8010
7729,8041
7585,8115
7515,8106
7376,8168
7223,8192
7121,8243
7038,8282
6913,8219
6845,8157
6757,8077
6657,8076
6614,8049
6554,7921
6513,7731
6517,7698
6500,7546
6522,7446
6574,7329
6637,7228
6758,7086
6864,6963
6996,6877
7204,6793
7353,6708
7526,6648
7638,6579
7766,6568
7836,6535
7986,6529
8075,6521
8211,6531
8239,6518
8340,6558
8376,6589
8383,6666
8407,6697
8455,6785
8436,6860
8440,6965
8419,7091
8337,7194
8223,7282
8161,7367
8079,7451
8000,7533
7869,7620
7668,7697
7505,7778
7373,7809
7232,7876
7152,7904
7027,8023
6902,8128
6756,8091
6672,8047
6606,8024
6572,7934
6582,7866
6600,7722
6620,7622
6653,7502
6742,7379
6861,7233
6961,7146
7106,7043
7193,6916
7361,6812
7496,6721
7698,6628
7881,6550
8065,6528
8158,6484
8244,6466
8413,6450
8495,6445
8475,6449
8560,6463
8540,6486
8533,6549
8507,6634
8451,6685
8383,6798
8309,6851
8106,6994
8056,7130
7931,7224
7762,7378
7678,7504
7610,7604
7485,7694
7395,7846
7259,7914
7211,7989
7088,8018
6987,8115
6874,8134
6772,8198
6701,8179
6666,8246
6589,8201
6544,8105
6504,8066
6515,7995
6514,7900
6519,7814
6575,7679
6611,7559
6688,7407
6783,7248
6874,7130
6977,6990
7103,6883
7230,6790
7399,6671
7602,6633
7810,6598
7994,6593
8106,6577
8239,6580
8443,6587
8542,6605
8640,6642
8729,6679
8792,6734
8864,6816
8875,6909
8837,6931
8837,6982
8679,7071
8599,7139
8458,7281
8281,7334
8385,7475
8039,7511
7887,7542
7735,7654
7532,7733
7365,7736
7206,7786
7078,7786
6938,7790
6795,7823
6710,7848
6604,7834
6600,7817
6539,7702
6519,7742
6531,7672
6569,7629
6613,7502
6718,7398
6801,7309
6883,7222
6985,7113
7137,7014
7328,6901
7410,6797
7565,6679
7688,6605
7818,6545
7971,6475
8112,6437
8268,6421
8450,6395
8577,6430
8579,6443
8728,6522
8755,6573
8743,6668
8729,6763
8787,6845
8757,6954
8622,7062
8599,7179
8401,7300
8230,7414
8098,7488
7952,7640
7794,7749
7641,7888
7508,8016
7380,8080
7251,8159
7121,8115
7004,8107
6921,8073
6812,8037
6722,7984
6685,7907
6681,7870
6628,7788
6627,7729
6623,7636
6648,7476
6633,7357
6735,7293
6767,7203
6856,7101
6889,7008
6939,6896
7041,6814
7158,6742
7274,6664
7477,6562
7632,6496
7750,6478
7907,6472
7997,6462
8147,6497
7922,6298
8383,6603
8592,6861
8653,6789
8487,6775
8639,6895
8635,7080
8622,7169
8433,7176
8394,7265
8386,7334
8288,7417
8231,7539
8066,7571
7898,7611
7709,7579
7530,7678
7450,7681
7294,7716
7162,7769
6992,7815
6891,7833
6737,7787
6688,7828
6612,7846
6610,7799
6594,7746
6568,7663
6593,7657
6689,7602
6744,7540
6849,7458
6944,7310
7099,7254
7223,7123
7329,7039
7547,6943
7769,6826
7918,6726
8104,6662
8263,6608
8333,6597
8479,6531
8586,6478
8677,6482
8823,6505
8941,6544
9083,6579
9072,6658
8992,6755
8897,6844
8825,6956
8768,7143
8608,7194
8546,7313
8403,7467
8323,7589
8165,7707
8074,7861
8003,7961
7789,8072
7670,8217
7469,8254
7291,8305
7215,8324
7007,8365
6843,8339
6755,8324
6687,8260
6584,8282
6530,8182
6487,8091
6505,8025
6554,7939
6551,7785
6547,7622
6593,7504
6675,7337
6740,7251
6877,7099
6998,6954
7072,6832
7192,6702
7269,6647
7327,6569
7442,6518
7561,6492
7648,6468
7686,6484
7704,6491
7845,6527
7902,6590
8000,6630
8058,6710
8083,6761
8138,6895
8153,6982
8180,7109
8179,7206
8178,7303
8088,7398
7994,7495
7965,7622
7954,7730
7860,7767
7697,7857
7606,7898
7430,7895
7290,7911
7100,7961
6981,7968
6884,7915
6774,7886
6659,7843
6595,7740
6567,7670
6567,7507
6578,7429
6678,7336
6759,7210
6901,7146
7048,7035
7210,6924
7394,6806
7633,6791
7839,6708
8051,6618
8283,6512
8472,6475
8584,6438
8827,6441
9041,6390
9200,6401
9390,6399
9469,6426
9517,6455
9553,6489
9596,6568
9492,6632
9510,6668
9490,6787
9357,6892
9187,7053
9046,7246
8856,7411
8661,7544
8543,7716
8377,7876
8208,8020
8051,8124
7821,8262
7614,8309
7483,8386
7345,8463
7174,8464
7065,8480
6945,8441
6825,8453
6715,8446
6626,8316
6614,8210
6590,8120
6608,7911
6656,7834
6757,7678
6847,7563
6967,7429
7111,7250
7288,7130
7509,7001
7723,6879
7878,6748
8031,6662
8257,6569
8497,6514
8738,6474
8982,6488
9148,6507
9392,6532
9496,6617
9681,6699
9952,6726
10189,6792
10287,6879
10231,7029
10286,7147
10117,7202
10091,7360
10065,7440
10036,7559
9827,7693
9568,7845
9350,7883
9014,8052
8855,8134
8488,8228
8242,8304
7972,8431
7779,8514
7534,8515
7377,8640
7173,8607
7035,8475
6951,8480
6880,8358
6830,8399
6800,8319
6800,8153
6839,8038
6913,7911
7005,7778
7107,7598
7227,7466
7401,7375
7571,7302
7791,7203
7948,7058
8147,6945
8326,6817
8587,6737
8822,6646
9147,6577
9342,6545
9494,6519
9598,6522
9793,6583
9917,6672
9958,6768
9999,6885
9940,7040
9960,7245
9839,7437
9872,7627
9914,7812
9676,7992
9550,8168
9340,8285
9139,8391
9013,8508
8852,8620
8625,8680
8371,8807
8089,8899
7875,8994
7633,8901
7439,8831
7265,8759
7106,8830
6972,8841
6863,8760
6791,8634
6802,8467
6871,8289
6998,8125
7172,8002
7367,7862
7575,7703
7760,7464
8021,7303
8424,7141
8786,6951
9093,6808
9447,6697
9863,6624
10184,6556
10492,6502
10846,6491
11062,6505
11092,6424
11386,6558
11508,6650
11726,6687
11905,6846
11756,6976
11609,7164
11516,7328
11484,7455
11367,7647
11217,7784
10944,7994
10603,8174
10336,8407
9985,8689
9680,8887
9419,9099
9104,9305
8781,9439
8488,9603
8176,9503
7856,9502
7595,9553
7341,9406
7168,9387
6947,9322
6846,9164
6739,8964
6745,8804
6775,8617
6862,8494
6989,8257
7148,8054
7266,7830
7499,7547
7747,7351
7914,7232
8087,7057
8291,6927
8482,6761
8617,6697
8818,6665
9017,6641
9056,6643
9106,6726
9086,6819
9091,6883
9162,7022
9175,7159
9186,7378
9165,7616
9191,7880
9152,8128
9171,8307
9327,8408
9362,8616
9171,8905
9004,9190
8929,9507
8750,9660
8441,9754
8177,9788
7951,9888
7661,10019
7387,10029
7167,9887
6971,9770
6808,9644
6686,9508
6646,9388
6580,9332
6593,9148
6633,8793
6685,8599
6721,8334
6826,8131
6981,7893
7048,7614
7098,7414
7203,7236
7274,7149
7393,7053
7477,6969
7318,6900
7538,6798
7914,6744
7923,6750
7475,6714
7010,6736
6642,6757
6384,6826
6267,6840
6216,6945
6184,7015
6162,7106
6145,7258
6145,7449
6151,7543
6132,7750
6137,7917
6145,8102
6143,8322
6138,8572
6138,8692
6136,8832
6134,8928
6122,8981
6120,9058
6127,9037
6117,9007
6126,8847
6112,8665
6113,8525
6115,8371
6117,8194
6116,8007
6122,7850
6115,7706
6124,7486
6126,7330
6123,7232
6121,7091
6110,6992
6117,6933
6127,6818
6111,6721
6123,6616
6115,6552
6119,6545
6119,6536
6104,6565
6117,6575
6122,6605
6116,6653
6118,6696
6119,6702
6115,6776
6123,6820
6108,6818
6106,6914
6111,7029
6114,6928
6118,6741
6106,6518
6113,6343
6111,6249
6114,6199
6105,6163
6115,6133
6105,6132
6124,6131
6112,6103
6105,6102
6111,6108
6113,6092
6102,6111
6104,6108
6103,6113
6113,6107
6106,6095
6110,6086
6109,6067
6111,6070
6110,6077
6102,6052
6103,6067
6111,6064
6114,6062
6106,6068
6111,6055
6102,6056
6107,6061
6108,6052
6103,6070
6105,6062
6109,6057
6105,6063
6113,6058
6111,6052
6100,6056
6113,6063
6113,6060
6107,6068
6113,6061
6105,6061
6113,6057
6109,6047
6105,6071
6105,6060
6116,6050
6113,6049
6109,6063
6116,6063
6109,6050
6106,6056
6127,6055
6105,6048
6107,6051
6110,6057
6109,6050
6119,6041
6113,6063
6112,6053
6111,6039
6117,6049
6109,6054
6110,6049
6115,6050
6112,6046
6110,6061
6116,6053
6107,6046
6106,6085
6115,6048
6114,6045
6105,6042
6103,6053
6112,6045
6111,6061
6116,6041
6112,6050
6105,6037
6109,6048
6110,6049
6115,6033
6116,6043
6117,6052
6113,6044
6110,6054
6110,6040
6113,6057
6122,6047
6115,6045
6120,6049
6117,6049
6109,6039
6122,6047
6107,6053
6115,6045
6108,6050
6110,6062
6114,6044
6114,6057
6112,6047
6112,6041
6110,6046
6112,6048
6106,6045
6108,6051
6112,6057
6114,6057
6107,6055
6109,6046
6104,6047
6110,6043
6106,6039
6110,6049
6107,6042
6120,6048
6112,6055
6118,6044
6104,6054
6103,6053
6105,6036
6106,6039
6119,6051
6109,6034
6186,6087
6097,6043
6107,6033
5969,5918
6191,6113
6094,6034
6104,6064
6081,6014
6143,6082
6095,6026
6120,6065
6114,6048
6106,6040
6116,6064
6116,6051
6114,6031
6111,6049
6108,6058
6116,6044
6108,6039
6112,6038
6106,6056
6102,6044
6114,6042
6115,6058
6105,6041
6102,6049
6115,6054
6105,6052
6104,6055
6115,6040
6113,6053
6098,6047
6110,6054
6112,6039
6111,6053
6108,6049
6108,6046
6111,6050
6105,6042
6107,6044
6097,6055
6104,6046
6104,6056
6113,6042
6105,6036
6099,6048
6117,6053
6102,6055
6113,6050
6110,6050
6112,6050
6107,6034
6099,6033
6101,6049
6109,6045
6110,6048
6108,6042
6100,6042
6105,6049
6106,6050
6103,6053
6115,6058
6099,6053
6099,6044
6099,6043
6100,6027
6111,6059
6102,6048
6110,6052
6109,6042
6108,6058
6109,6053
6115,6049
6101,6049
6107,6041
6114,6051
6115,6059
6102,6041
6102,6041
6100,6045
6099,6054
6108,6045
6111,6030
6096,6052
6095,6053
6104,6049
6100,6045
6096,6049
6102,6045
6105,6046
6106,6052
6096,6049
6108,6047
6109,6041
6096,6050
6106,6060
6101,6050
6100,6045
6104,6042
6107,6050
6107,6047
6095,6048
6107,6052
6099,6037
6102,6043
6115,6048
6103,6041
6095,6052
6099,6074
6096,6058
6106,6053
6105,6039
6095,6047
6101,6045
6101,6039
6111,6046
6103,6046
6096,6052
6115,6049
6102,6053
6096,6049
6107,6051
6101,6050
6108,6049
6114,6062
6099,6058
6109,6040
6111,6049
6105,6040
6097,6042
6097,6037
6106,6050
6107,6040
6113,6040
6106,6061
6101,6074
6107,6054
6106,6046
6105,6046
6110,6055
6110,6046
6106,6048
6107,6046
6098,6036
6112,6040
6111,6058
6111,6035
6106,6052
6101,6038
6106,6052
6114,6053
6101,6058
6114,6056
6107,6042
6114,6056
6104,6038
6113,6057
6121,6051
6109,6040
6114,6050
6121,6055
6107,6055
6121,6053
6113,6045
6109,6046
6107,6056
6115,6063
6118,6054
6106,6049
6110,6031
6114,6017
6102,6047
6106,6055
6110,6065
6099,6061
6116,6052
6113,6059
6119,6049
6117,6036
6102,6040
6111,6055
6105,6050
6105,6032
6106,6045
6105,6049
6106,6047
6108,6058
6101,6048
6108,6053
6115,6056
6106,6052
6107,6042
6114,6035
6107,6040
6108,6049
6099,6053
6112,6045
6106,6036
6103,6061
6109,6060
6105,6060
6094,6050
6102,6044
6117,6040
6110,6062
6105,6050
6114,6055
6107,6057
6096,6051
6111,6050
6113,6048
6102,6043
6106,6038
6104,6056
6114,6054
6104,6061
6109,6045
6109,6041
6108,6054
6104,6049
6107,6042
6113,6049
6112,6053
6101,6051
6105,6053
6104,6061
6101,6044
6106,6053
6112,6061
6115,6054
6114,6050
6110,6049
6108,6056
6110,6058
6112,6049
6113,6061
6122,6056
6113,6040
6116,6055
6109,6037
6115,6057
6115,6043
6108,6055
6111,6057
6119,6051
6115,6056
6114,6054
6114,6052
6119,6058
6117,6061
6123,6043
6115,6054
6117,6048
6124,6049
6123,6058
6119,6052
6119,6057
6112,6040
6110,6057
6117,6048
6109,6046
6116,6048
6121,6055
6116,6061
6118,6048
6102,6049
6105,6061
6109,6053
6134,6051
6061,6001
6137,6063
6124,6056
6134,6079
6123,6093
6143,6063
6104,6042
6106,6051
6114,6033
6123,6049
6116,6048
6121,6056
6115,6045
6120,6049
6113,6037
6117,6055
6117,6060
6114,6057
6106,6041
6118,6039
6104,6062
6110,6061
6110,6058
6115,6043
6115,6030
6113,6054
6113,6058
6102,6051
6121,6051
6117,6050
6109,6023
6114,6054
6116,6050
6119,6050
6111,6048
6117,6039
6117,6042
6129,6045
6106,6060
6119,6058
6109,6050
6114,6044
6122,6050
6113,6037
6111,6035
6118,6048
6107,6034
6112,6051
6106,6055
6113,6057
6117,6057
6117,6045
6110,6051
6114,6051
6113,6053
6119,6057
6105,6045
6105,6041
6112,6053
6113,6060
6109,6042
6114,6046
6119,6055
6113,6061
6112,6056
6124,6050
6118,6056
6120,6054
6122,6048
6114,6050
6123,6047
6116,6061
6115,6059
6125,6040
6106,6043
6116,6057
6120,6055
6105,6055
6114,6063
6118,6055
6119,6056
6125,6054
6109,6042
6123,6052
6122,6060
6120,6054
6111,6052
6123,6054
6113,6058
6120,6059
6124,6050
6117,6050
6121,6068
6125,6058
6114,6050
6115,6055
6118,6057
6119,6044
6123,6054
6118,6045
6117,6055
6120,6059
6121,6059
6121,6059
6123,6062
6125,6054
6118,6045
6109,6063
6112,6037
6121,6055
6110,6053
6123,6053
6123,6039
6117,6054
6126,6050
6120,6060
6121,6048
6116,6054
6124,6045
6124,6052
6126,6060
6126,6054
6114,6055
6119,6053
6115,6056
6115,6056
6115,6058
6115,6058
6120,6053
6120,6054
6120,6042
6124,6055
6114,6052
6111,6051
6119,6058
6117,6051
6114,6058
6120,6047
6116,6057
6119,6045
6117,6063
6121,6052
6112,6050
6120,6053
6117,6050
6116,6052
6118,6060
6120,6048
6120,6048
6121,6053
6122,6055
6114,6058
6120,6059
6119,6068
6127,6067
6115,6063
6119,6048
6116,6053
6128,6046
6116,6041
6121,6057
6123,6051
6122,6057
6125,6051
6121,6056
6118,6054
6128,6078
6118,6059
6120,6058
6124,6046
6124,6046
6115,6057
6121,6057
6120,6065
6117,6062
6112,6056
6116,6035
6136,6053
6110,6065
6119,6054
6119,6054
6123,6049
0,33
0,61680
0,0
6121,6066
5603,5575
5600,5571
5611,5586
5602,5577
5610,5575
5602,5582
5600,5580
5600,5575
5830,5754
6340,6313
6294,6273
6299,6280
6285,6332
6285,6304
6299,6298
6281,6295
6286,6292
6281,6311
6274,6306
6301,6294
6300,6316
6282,6304
6278,6318
6307,6320
6307,6334
6303,6350
6294,6325
6300,6315
6295,6325
6290,6325
6279,6317
6291,6312
6315,6330
6312,6330
6317,6336
6312,6325
6289,6290
6271,6335
6270,6315
6294,6317
6290,6312
6291,6331
6286,6329
6291,6307
6278,6321
6285,6330
6291,6307
6309,6288
6270,6312
6290,6295
6289,6298
6306,6310
6295,6324
6298,6329
6297,6309
6299,6287
6301,6288
6321,6285
6304,6304
6315,6288
6304,6321
6299,6307
6290,6303
6272,6323
6289,6320
6284,6325
6299,6323
6297,6299
6297,6300
6285,6311
6291,6307
6271,6303
6277,6317
6275,6378
6288,6324
6275,6324
6278,6313
6301,6322
6303,6313
6290,6310
6304,6298
6288,6314
6298,6310
6272,6301
6285,6310
6293,6322
6290,6322
6284,6316
6279,6345
6289,6332
6297,6347
6280,6323
6289,6330
6299,6315
6284,6329
6296,6311
6298,6305
6270,6313
6281,6322
6286,6310
6296,6314
6273,6326
6277,6330
6279,6352
6276,6336
6299,6330
6275,6314
6273,6299
6274,6331
6267,6324
6268,6282
6283,6288
6270,6291
6263,6296
6268,6292
6272,6315
6291,6292
6272,6309
6284,6314
6297,6326
6293,6326
6285,6319
6266,6298
6285,6327
6265,6304
6286,6312
6296,6321
6275,6301
6279,6321
6285,6318
6286,6299
6271,6311
6273,6330
6281,6303
6275,6319
6266,6313
6264,6303
6272,6300
6284,6289
6288,6303
6283,6297
6270,6287
6266,6304
6283,6336
6315,6329
6308,6337
6289,6336
6271,6337
6279,6304
6288,6333
6270,6311
6263,6287
6286,6316
6287,6326
6292,6332
6302,6324
6280,6324
6274,6316
6280,6336
6262,6346
6267,6336
6266,6316
6271,6307
6278,6318
6273,6351
6276,6339
6268,6343
6271,6309
6272,6333
6264,6334
6256,6327
6273,6299
6259,6304
6264,6327
6266,6317
6265,6317
6266,6319
6269,6354
6281,6340
6264,6324
6268,6333
6274,6336
6278,6332
6270,6315
6271,6329
6272,6305
6285,6341
6263,6346
6254,6308
6273,6350
6264,6345
6261,6327
6273,6329
6279,6328
6273,6328
6277,6344
6270,6355
6287,6331
6269,6309
6243,6339
6260,6376
6257,6345
6275,6354
6277,6354
6287,6360
6251,6344
6258,6338
6265,6355
6268,6343
6260,6343
6258,6346
6275,6340
6271,6351
6283,6338
6263,6341
6259,6337
6259,6358
6270,6369
6264,6362
6275,6328
6244,6336
6237,6336
6228,6337
6243,6353
6249,6325
6239,6362
6234,6350
6252,6336
6253,6335
6251,6344
6254,6358
6249,6331
6359,6422
6168,6296
6144,6267
6242,6336
6254,6342
6211,6402
6171,6282
6259,6359
6222,6321
6254,6332
6231,6347
6247,6359
6252,6363
6255,6385
6271,6373
6231,6358
6244,6384
6250,6383
6250,6397
6251,6379
6257,6356
6239,6340
6261,6346
6249,6358
6255,6362
6253,6383
6231,6384
6242,6379
6245,6358
6244,6323
6244,6350
6219,6332
6230,6320
6225,6332
6235,6339
6248,6338
6237,6321
6229,6351
6236,6354
6253,6350
6239,6370
6241,6369
6243,6390
6250,6372
6244,6371
6246,6378
6228,6363
6239,6371
6239,6348
6242,6385
6243,6383
6224,6370
6246,6362
6248,6371
6242,6359
6238,6385
6244,6379
6227,6397
6240,6408
6237,6419
6231,6398
6245,6363
6239,6348
6227,6374
6237,6381
6243,6376
6239,6381
6233,6366
6235,6337
6232,6359
6236,6339
6227,6355
6238,6385
6223,6359
6209,6359
6217,6359
6229,6370
6224,6363
6216,6340
6205,6343
6214,6331
6240,6369
6232,6385
6229,6386
6219,6409
6216,6397
6227,6407
6220,6390
6230,6385
6239,6374
6238,6375
6238,6371
6219,6379
6228,6380
6235,6398
6217,6361
6228,6365
6218,6386
6222,6352
6216,6364
6226,6355
6225,6355
6214,6349
6235,6377
6225,6361
6252,6344
6216,6367
6231,6357
6234,6368
6222,6356
6230,6338
6207,6343
6221,6362
6235,6374
6224,6377
6232,6380
6218,6363
6214,6352
6211,6337
6210,6360
6214,6356
6226,6353
6215,6361
6222,6367
6209,6349
6226,6369
6228,6347
6220,6345
6217,6396
6211,6386
6215,6358
6208,6379
6206,6382
6222,6366
6216,6374
6224,6363
6212,6358
6218,6357
6227,6348
6235,6349
6225,6347
6219,6388
6213,6372
6225,6374
6221,6410
6217,6411
6233,6386
6226,6397
6221,6418
6232,6418
6218,6388
6205,6395
6212,6419
6220,6399
6220,6413
6206,6404
6213,6399
6219,6400
6202,6390
6221,6359
6213,6365
6217,6392
6216,6348
6210,6379
6207,6361
6218,6379
6213,6364
6201,6378
6216,6392
6207,6392
6211,6372
6211,6398
6204,6388
6211,6400
6204,6369
6207,6362
6195,6377
6211,6354
6209,6354
6213,6355
6214,6374
6219,6381
6205,6371
6207,6366
6207,6368
6215,6324
6211,6340
6201,6347
6202,6354
6207,6321
6211,6349
6215,6344
6222,6346
6226,6378
6205,6388
6206,6385
6205,6368
6211,6374
6204,6360
6212,6388
6227,6375
6211,6355
6209,6390
6216,6397
6203,6386
6214,6408
6209,6419
6196,6409
6207,6392
6207,6372
6199,6345
6213,6348
6223,6340
6207,6360
6210,6348
6202,6343
6207,6349
6207,6331
6203,6363
6209,6348
6194,6356
6213,6350
6192,6344
6197,6340
6199,6352
6197,6356
6202,6358
6208,6362
6210,6354
6196,6367
6207,6350
6200,6369
6204,6347
6203,6354
6217,6350
6199,6340
6206,6344
6216,6351
6205,6344
6205,6342
6205,6344
6211,6362
6207,6355
6210,6374
6216,6343
6218,6331
6216,6354
6213,6361
6203,6353
6195,6331
6189,6352
6201,6352
6202,6357
6203,6339
6187,6356
6209,6343
6214,6347
6212,6345
6219,6350
6211,6332
6204,6341
6197,6322
6206,6335
6207,6318
6200,6334
6204,6337
6207,6337
6158,6286
6112,6262
6215,6329
6217,6343
6183,6333
6175,6268
6231,6326
6214,6337
6209,6345
6214,6318
6217,6338
6215,6331
6209,6350
6210,6349
6209,6340
6220,6347
6204,6335
6202,6351
6213,6348
6208,6331
6207,6351
6204,6333
6197,6317
6222,6336
6221,6342
6198,6333
6206,6358
6204,6339
6201,6339
6214,6345
6201,6339
6214,6344
6213,6330
6222,6339
6202,6326
6216,6317
6212,6344
6220,6325
6216,6327
6206,6317
6206,6321
6211,6322
6227,6328
6221,6305
6203,6306
6202,6330
6222,6326
6215,6312
6220,6309
6206,6299
6210,6324
6209,6307
6207,6320
6200,6334
6216,6345
6219,6324
6213,6344
6208,6326
6202,6310
6201,6329
6209,6314
6217,6309
6210,6307
6212,6332
6225,6316
6212,6304
6220,6313
6220,6314
6216,6311
6217,6308
6216,6304
6215,6303
6220,6327
6207,6350
6208,6327
6212,6341
6220,6335
6215,6309
6217,6298
6204,6306
6210,6328
6216,6336
6214,6330
6220,6336
6224,6322
6224,6325
6204,6318
6205,6334
6215,6313
6210,6326
6209,6323
6219,6317
6216,6309
6217,6306
6225,6316
6224,6340
6215,6310
6230,6302
6221,6302
6224,6304
6227,6309
6231,6310
6247,6291
6243,6337
6224,6302
6232,6309
6258,6319
6257,6320
6271,6326
6290,6335
6307,6329
6317,6345
6340,6323
6379,6338
6439,6323
6463,6309
6530,6321
6589,6335
6649,6323
6722,6366
6824,6337
6891,6344
6996,6310
7088,6331
7193,6325
7292,6319
7348,6312
7398,6313
7456,6308
7511,6323
7503,6321
7561,6334
7553,6318
7517,6313
7511,6339
7407,6342
7281,6322
7126,6324
6942,6327
6835,6339
6743,6325
6664,6326
6620,6309
6614,6336
6600,6347
6568,6341
6588,6346
6575,6338
6582,6305
6599,6316
6657,6355
6742,6331
6813,6351
6915,6358
7025,6377
7149,6398
7249,6387
7362,6423
7501,6463
7650,6469
7746,6508
7893,6513
7990,6512
8064,6509
8089,6518
8165,6512
8239,6503
8214,6514
8229,6550
8214,6535
8221,6578
8138,6617
8095,6658
8001,6758
7981,6858
7904,6959
7843,7073
7735,7115
7691,7183
7500,7164
7288,7167
7176,7215
7053,7256
6939,7258
6829,7282
6773,7327
6720,7379
6673,7390
6664,7359
6703,7294
6698,7260
6751,7223
6834,7181
6999,7236
7144,7146
7326,7087
7528,7017
7730,6966
7931,6857
8204,6781
8478,6697
8691,6657
8862,6601
9081,6593
9396,6581
9695,6554
9815,6568
9878,6567
10006,6581
10126,6633
10190,6696
10252,6747
10276,6817
10123,6909
9903,6985
9664,7082
9492,7154
9217,7268
8888,7340
8651,7491
8343,7599
7963,7702
7692,7793
7460,7879
7241,7928
7056,7911
6955,8094
6830,8014
6784,8054
6726,8044
6688,8039
6655,7990
6702,8001
6755,7957
6795,7921
6881,7845
6993,7747
7056,7591
7214,7519
7396,7457
7545,7371
7680,7189
7878,7078
7992,6951
8149,6849
8334,6773
8467,6720
8617,6658
8721,6642
8903,6655
9011,6694
9048,6758
9146,6861
9152,7006
9017,7142
9079,7281
9105,7446
9164,7627
9117,7778
8837,7840
8681,7887
8560,8076
8332,8119
8178,8200
8017,8258
7770,8278
7627,8363
7451,8311
7132,8021
7097,8115
7015,8141
7009,8012
6868,7943
6788,7785
6689,7802
6678,7778
6655,7718
6655,7665
6706,7550
6824,7456
6915,7256
7050,7165
7161,7051
7330,6970
7549,6837
7778,6749
7955,6676
8179,6628
8441,6639
8698,6608
9033,6615
9295,6623
9524,6629
9609,6678
9744,6698
9908,6755
10080,6868
10106,6942
9985,7119
9865,7202
9737,7419
9560,7567
9403,7701
9183,7831
8920,7980
8685,8059
8436,8158
8195,8270
7956,8381
7708,8429
7497,8549
7322,8636
7198,8597
7021,8642
6928,8678
6803,8686
6713,8741
6619,8657
6597,8593
6550,8557
6553,8373
6598,8260
6624,8172
6696,8066
6783,7934
6877,7761
6982,7602
7125,7407
7221,7227
7391,7076
7501,6962
7586,6838
7717,6691
7819,6598
7896,6572
7958,6551
8056,6565
8143,6613
8251,6696
8287,6778
8325,6868
8371,6977
8307,7089
8392,7229
8270,7325
8263,7467
8252,7593
8264,7746
8128,7864
8099,7976
8010,7979
7904,7973
7824,8071
7637,8093
7508,8140
7407,8164
7283,8191
7118,8239
7065,8258
6960,8261
6872,8178
6786,8136
6685,8151
6631,8089
6569,7996
6541,7756
6533,7684
6511,7619
6530,7457
6579,7386
6662,7241
6762,7128
6897,6956
7028,6891
7192,6812
7361,6722
7543,6643
7613,6600
7728,6557
7835,6569
7986,6533
8093,6543
8206,6541
8242,6541
8369,6562
8364,6598
8392,6632
8406,6705
8421,6787
8395,6873
8443,6968
8423,7086
8314,7196
8232,7319
8132,7406
8039,7477
7953,7552
7854,7651
7662,7757
7489,7792
7371,7872
7260,7913
7149,8003
7043,8151
6912,8158
6778,8127
6675,8145
6623,8041
6572,7938
6575,7879
6583,7711
6613,7632
6650,7560
6724,7381
6830,7273
6958,7177
7110,7057
7192,6919
7354,6823
7541,6710
7672,6641
7888,6544
8006,6519
8137,6462
8267,6456
8397,6460
8482,6438
8495,6455
8574,6473
8553,6508
8523,6564
8487,6631
8445,6700
8387,6802
8306,6871
8136,6982
8024,7142
7912,7271
7779,7359
7682,7477
7632,7617
7510,7710
7425,7861
7297,7963
7207,8066
7090,8136
6973,8189
6842,8165
6768,8149
6717,8233
6655,8276
6586,8216
6555,8112
6519,8084
6508,8041
6509,7882
6538,7834
6562,7687
6601,7548
6671,7401
6764,7238
6863,7115
6958,7000
7094,6892
7241,6790
7393,6672
7598,6637
7795,6599
7992,6592
8146,6581
8245,6561
8488,6590
8601,6591
8638,6662
8774,6680
8887,6731
8876,6810
8948,6905
8821,6915
8821,7025
8702,7031
8576,7146
8429,7289
8277,7342
8226,7401
8047,7488
7897,7542
7735,7662
7550,7727
7353,7773
7230,7801
7087,7794
6939,7839
6841,7813
6712,7853
6624,7877
6589,7785
6538,7702
6515,7713
6526,7663
6558,7615
6621,7520
6697,7432
6813,7338
6910,7217
7016,7084
7139,7038
7322,6885
7470,6812
7564,6679
7705,6612
7811,6546
7965,6470
8112,6425
8314,6424
8479,6399
8604,6411
8625,6451
8697,6504
8801,6558
8761,6648
8738,6744
8770,6848
8780,6966
8634,7064
8600,7174
8388,7293
8249,7408
8157,7528
7935,7677
7816,7816
7636,7904
7506,7991
7387,8143
7209,8107
7130,8131
6984,8103
6903,8026
6805,8046
6730,7976
6688,7891
6658,7855
6629,7818
6612,7697
6636,7645
6636,7525
6681,7368
6706,7296
6789,7208
6835,7113
6880,7035
6937,6923
7064,6831
7187,6744
7328,6661
7466,6584
7619,6541
7754,6485
7879,6464
8018,6479
8147,6504
8290,6540
8370,6624
8450,6725
8588,6795
8615,6814
8683,6920
8646,7007
8615,7128
8486,7185
8418,7281
8378,7341
8325,7433
8257,7530
8079,7593
7881,7650
7701,7590
7548,7660
7449,7696
7309,7740
7163,7724
7022,7791
6908,7807
6736,7795
6690,7805
6625,7870
6630,7804
6595,7709
6584,7644
6610,7663
6682,7585
6750,7521
6854,7446
6985,7351
7104,7250
7202,7145
7333,7004
7615,6953
7751,6829
7881,6753
8081,6666
8265,6616
8371,6574
8456,6534
8613,6478
8705,6499
8770,6487
8947,6544
9099,6582
9023,6655
8999,6729
8972,6865
8882,6982
8776,7124
8638,7279
8524,7344
8427,7449
8289,7592
8152,7734
8073,7870
7984,7975
7815,8091
7657,8276
7470,8290
7280,8334
7226,8373
7041,8424
6858,8336
6770,8319
6670,8294
6595,8283
6556,8184
6499,8101
6521,8053
6532,7961
6552,7766
6570,7633
6609,7479
6683,7386
6762,7268
6869,7066
6999,6959
7071,6853
7192,6713
7252,6650
7355,6568
7427,6522
7545,6479
7622,6467
7708,6502
7721,6496
7805,6540
7931,6595
8003,6637
8070,6706
8105,6789
8116,6897
8097,6989
8173,7096
8199,7212
8207,7301
8077,7396
7995,7485
7965,7628
7955,7706
7815,7767
7722,7841
7641,7881
7431,7911
7289,7917
7091,7898
6973,7966
6881,7917
6780,7891
6686,7864
6598,7791
6564,7630
6546,7490
6558,7425
6633,7336
6788,7248
6887,7136
7060,7024
7233,6921
7429,6821
7660,6766
7840,6690
8045,6612
8250,6509
8467,6455
8601,6458
8815,6424
9052,6387
9206,6407
9392,6381
9518,6425
9554,6458
9584,6519
9541,6569
9518,6623
9562,6700
9467,6809
9340,6902
9222,7067
9087,7240
8901,7392
8692,7545
8498,7730
8336,7878
8216,8023
8065,8163
7826,8254
7686,8367
7494,8419
7350,8494
7177,8566
7061,8470
6953,8479
6837,8480
6701,8427
6636,8335
6602,8263
6573,8103
6595,7959
6672,7853
6747,7693
6859,7540
6976,7401
7125,7248
7302,7143
7484,7008
7709,6843
7902,6725
8027,6667
8265,6584
8457,6520
8696,6495
8942,6490
9097,6511
9335,6556
9492,6610
9655,6673
9934,6742
10228,6816
10226,6889
10225,6994
10305,7132
10154,7197
10127,7327
10087,7474
9992,7590
9868,7677
9644,7800
9298,7916
9028,8047
8904,8127
8587,8228
8280,8318
8026,8464
7781,8521
7573,8552
7384,8655
7189,8554
7041,8521
6951,8427
6893,8366
6820,8346
6781,8333
6822,8201
6831,8039
6922,7923
6999,7765
7099,7595
7224,7469
7405,7366
7594,7319
7734,7213
7957,7061
8184,6949
8342,6827
8534,6714
8826,6666
9135,6597
9311,6572
9424,6547
9634,6531
9783,6583
9982,6664
9983,6750
9996,6934
9940,7075
9936,7243
9815,7429
9858,7643
9896,7849
9726,7992
9599,8172
9376,8292
9197,8427
9058,8528
8901,8697
8659,8729
8468,8879
8008,8790
7748,8957
7588,8844
7465,8953
7343,8908
7123,8809
7002,8886
6865,8754
6799,8609
6810,8469
6879,8354
7032,8122
7143,8006
7361,7893
7554,7668
7760,7467
8053,7285
8393,7130
8806,6973
9114,6832
9523,6705
9852,6634
10176,6553
10525,6511
10870,6502
11026,6481
11217,6506
11386,6532
11501,6620
11682,6688
11821,6836
11798,6984
11676,7145
11598,7332
11496,7480
11337,7675
11170,7777
10886,7969
10630,8247
10342,8412
10003,8665
9668,8878
9449,9061
9027,9190
8766,9387
8448,9557
8167,9500
7865,9536
7603,9544
7330,9462
7150,9416
6962,9306
6825,9171
6745,8978
6717,8822
6790,8600
6901,8478
7002,8251
7122,8047
7307,7821
7500,7553
7749,7401
7908,7256
8079,7097
8262,6944
8455,6799
8634,6719
8797,6678
8999,6644
9084,6639
9130,6702
9079,6796
9127,6879
9159,6970
9193,7158
9231,7370
9201,7616
9198,7872
9172,8100
9287,8295
9380,8460
9395,8648
9244,8979
9084,9269
9004,9534
8833,9674
8470,9820
8209,9782
7987,9923
7690,10013
7391,10051
7146,9927
6972,9827
6793,9654
6666,9502
6623,9371
6616,9318
6576,9070
6616,8821
6690,8579
6726,8349
6836,8115
6979,7845
7030,7594
7134,7473
7220,7253
7252,7158
7365,7045
7497,6983
7313,6879
7528,6779
7931,6761
7889,6761
7477,6733
7046,6733
6635,6757
6416,6807
6272,6888
6208,6946
6183,7022
6171,7108
6157,7281
6149,7459
6151,7610
6142,7762
6139,7946
6143,8133
6142,8372
6136,8574
6139,8677
6133,8831
6135,8972
6128,9023
6111,9075
6118,9087
6119,8925
6134,8781
6114,8649
6115,8521
6121,8378
6112,8235
6113,8039
6114,7844
6098,7672
6119,7491
6122,7361
6122,7199
6113,7100
6108,6985
6115,6941
6111,6812
6110,6713
6120,6640
6114,6555
6118,6542
6112,6552
6106,6524
6115,6559
6123,6605
6119,6632
6106,6703
6112,6712
6117,6762
6114,6811
6106,6825
6109,6935
6111,7034
6112,6954
6099,6751
6107,6490
6112,6345
6116,6244
6103,6196
6110,6148
6108,6140
6103,6130
6098,6116
6106,6096
6112,6090
6114,6106
6112,6101
6103,6103
6104,6096
6110,6093
6123,6130
6106,6108
6106,6087
6106,6073
6111,6076
6118,6048
6103,6036
6115,6073
6112,6060
6106,6065
6110,6066
6106,6073
6113,6061
6106,6056
6109,6063
6109,6065
6101,6063
6101,6067
6111,6049
6107,6051
6104,6058
6105,6056
6100,6063
6118,6049
6112,6053
6106,6065
6104,6045
6103,6052
6108,6043
6108,6061
6106,6053
6111,6053
6118,6046
6107,6062
6111,6057
6110,6059
6104,6057
6119,6045
6117,6057
6107,6054
6115,6052
6117,6052
6110,6058
6123,6047
6117,6056
6106,6051
6118,6056
6110,6040
6120,6038
6121,6046
6118,6060
6109,6062
6127,6053
6098,6054
6119,6056
6107,6061
6111,6052
6110,6050
6113,6038
6111,6043
6113,6059
6112,6043
6107,6057
6110,6032
6110,6047
6118,6056
6120,6039
6113,6059
6119,6056
6114,6050
6112,6055
6106,6046
6116,6054
6105,6049
6118,6038
6117,6045
6119,6053
6107,6052
6123,6051
6108,6050
6111,6044
6112,6051
6127,6069
6120,6038
6137,6081
6136,6068
6123,6069
6173,6113
6112,6055
6105,6025
6104,6035
6118,6053
6120,6053
6105,6049
6108,6050
6099,6055
6111,6057
6110,6042
6120,6052
6117,6046
6103,6043
6110,6048
6115,6036
6106,6059
6105,6062
6097,6061
6103,6059
6113,6049
6118,6046
6103,6048
6104,6059
6101,6054
6105,6062
6102,6059
6107,6046
6112,6049
6095,6063
6112,6054
6112,6063
6110,6055
6108,6056
6107,6043
6118,6055
6102,6050
6099,6056
6109,6056
6104,6063
6101,6065
6107,6051
6111,6046
6100,6064
6102,6043
6108,6049
6115,6041
6116,6060
6109,6052
6099,6034
6099,6054
6108,6047
6105,6043
6110,6056
6094,6051
6102,6056
6113,6051
6115,6057
6102,6045
6101,6054
6114,6046
6106,6059
6097,6053
6103,6050
6101,6050
6104,6053
6107,6063
6098,6044
6097,6040
6120,6050
6108,6037
6119,6041
6112,6055
6118,6057
6104,6053
6098,6047
6110,6041
6107,6047
6101,6047
6111,6046
6100,6049
6103,6055
6102,6041
6109,6043
6118,6063
6103,6042
6104,6053
6101,6057
6104,6038
6103,6039
6110,6058
6112,6051
6113,6043
6113,6044
6104,6051
6115,6057
6107,6049
6111,6045
6117,6039
6115,6050
6104,6049
6099,6052
6101,6047
6103,6044
6110,6048
6101,6053
6099,6048
6102,6044
6107,6057
6105,6051
6101,6057
6104,6049
6101,6054
6110,6044
6102,6038
6099,6037
6108,6057
6104,6047
6111,6057
6096,6052
6098,6057
6108,6013
6109,6045
6117,6077
6096,6049
6112,6048
6094,6057
6096,6055
6110,6052
6100,6047
6096,6062
6106,6056
6095,6052
6098,6032
6094,6051
6096,6058
6108,6040
6107,6038
6113,6047
6100,6039
6094,6041
6106,6055
6099,6052
6100,6052
6106,6054
6107,6054
6106,6047
6107,6051
6104,6064
6106,6050
6111,6041
6111,6046
6092,6042
6103,6048
6102,6048
6109,6053
6107,6046
6104,6053
6109,6043
6116,6054
6114,6048
6102,6051
6115,6059
6109,6051
6104,6038
6110,6058
6111,6048
6113,6058
6110,6060
6106,6033
6102,6057
6104,6034
6111,6042
6115,6059
6102,6059
6115,6053
6111,6054
6112,6044
6110,6033
6114,6058
6112,6045
6108,6060
6115,6064
6120,6050
6103,6041
6127,6044
6107,6057
6104,6059
6107,6055
6116,6037
6111,6044
6113,6041
6100,6068
6111,6053
6096,6032
6108,6050
6108,6040
6105,6050
6112,6047
6116,6046
6106,6047
6112,6049
6105,6060
6108,6063
6102,6049
6110,6035
6094,6036
6105,6051
6106,6055
6109,6053
6102,6036
6112,6039
6119,6085
6110,6052
6108,6045
6106,6049
6115,6044
6116,6034
6104,6047
6106,6038
6106,6050
6110,6037
6112,6054
6104,6044
6108,6052
6096,6054
6104,6047
6098,6044
6108,6046
6110,6053
6105,6057
6095,6053
6101,6058
6109,6052
6104,6048
6101,6047
6103,6053
6115,6053
6105,6057
6103,6048
6107,6039
6102,6038
6097,6042
6107,6045
6110,6054
6102,6057
6121,6061
6105,6060
6108,6060
6111,6050
6105,6056
6116,6053
6111,6045
6112,6054
6108,6054
6105,6053
6114,6037
6110,6046
6111,6053
6123,6045
6107,6050
6115,6050
6115,6040
6120,6047
6070,5915
6438,6269
6085,6025
6195,6106
6194,6115
6134,6062
6139,6080
6089,6025
6114,6049
6122,6050
6110,6038
6111,6033
6124,6054
6117,6045
6123,6048
6112,6062
6119,6047
6113,6062
6113,6052
6123,6058
6115,6056
6123,6053
6123,6049
6126,6054
6112,6031
6104,6044
6114,6048
6114,6043
6114,6046
6113,6043
6113,6059
6112,6044
6112,6048
6117,6047
6104,6046
6111,6046
6116,6048
6111,6055
6119,6054
6119,6055
6110,6051
6119,6057
6104,6036
6117,6049
6124,6064
6111,6048
6103,6038
6112,6045
6102,6062
6109,6056
6106,6051
6118,6048
6109,6045
6122,6048
6121,6042
6111,6053
6109,6036
6112,6044
6098,6032
6108,6040
6117,6032
6110,6050
6101,6053
6116,6034
6114,6045
6121,6050
6113,6055
6119,6060
6114,6048
6112,6045
6116,6040
6106,6041
6115,6047
6118,6050
6108,6046
6115,6044
6105,6040
6110,6051
6113,6041
6111,6061
6111,6051
6118,6048
6114,6057
6112,6056
6102,6057
6101,6048
6117,6053
6113,6060
6109,6050
6116,6052
6115,6041
6117,6060
6109,6053
6118,6048
6124,6049
6121,6055
6120,6037
6112,6053
6120,6057
6117,6054
6122,6047
6110,6042
6106,6032
6126,6061
6123,6061
6102,6054
6110,6062
6116,6040
6117,6048
6119,6074
6114,6039
6124,6056
6119,6059
6121,6039
6110,6063
6124,6048
6117,6057
6122,6048
6127,6066
6113,6056
6118,6066
6130,6052
6119,6055
6116,6052
6119,6060
6116,6054
6118,6058
6118,6058
6123,6051
6124,6057
6114,6058
6117,6062
6119,6054
6112,6051
6118,6055
6115,6052
6120,6049
6119,6046
6119,6046
6122,6063
6121,6060
6122,6049
6118,6066
6121,6052
6126,6055
6117,6064
6118,6061
6123,6021
6119,6055
6121,6055
6123,6052
6115,6059
6122,6055
6122,6052
6118,6061
6118,6059
6118,6059
6122,6060
6118,6051
6112,6063
6112,6063
6116,6055
6119,6053
6117,6050
6123,6063
6120,6049
6116,6062
6117,6048
6113,6059
6119,6061
6120,6055
6125,6048
6121,6048
6123,6055
6115,6060
6114,6046
