Channel 1,Channel 2
6114,6052
6108,6048
6103,6044
6106,6065
6101,6051
6106,6055
6108,6060
6103,6034
6103,6048
6103,6059
6106,6047
6103,6063
6098,6050
6109,6047
6101,6055
6104,6052
6112,6045
6095,6059
6110,6053
6105,6063
6106,6050
6111,6046
6098,6062
6106,6056
6096,6053
6101,6047
6096,6048
6099,6048
6108,6049
6101,6056
6102,6048
6104,6044
6095,6052
6101,6044
6092,6054
6103,6048
6100,6052
6103,6058
6098,6058
6086,6030
6106,6054
6111,6053
6098,6058
6098,6055
6102,6056
6093,6050
6101,6060
6101,6041
6104,6053
6098,6061
6104,6041
6094,6049
6105,6053
6110,6051
6102,6032
6106,6046
6095,6046
6109,6042
6092,6052
6100,6052
6098,6041
6098,6046
6083,6041
6097,6046
6094,6060
6098,6054
6098,6054
6102,6059
6095,6042
6101,6028
6095,6060
6112,6041
6108,6058
6110,6041
6096,6052
6107,6049
6102,6049
6108,6042
6108,6053
6113,6049
6102,6038
6110,6050
6103,6050
6106,6044
6104,6054
6102,6039
6101,6044
6108,6048
6103,6046
6110,6046
6104,6055
6108,6054
6111,6061
6114,6049
6115,6051
6104,6039
6102,6056
6120,6063
6120,6053
6110,6060
6110,6047
6108,6055
6106,6029
6112,6043
6110,6056
6112,6056
6112,6049
6111,6057
6100,6049
6110,6054
6099,6061
6108,6037
6104,6056
6096,6055
6103,6053
6106,6057
6107,6057
6106,6057
6101,6032
6100,6051
6106,6049
6103,6040
6119,6052
6111,6053
6108,6052
6109,6052
6092,6051
6104,6037
6116,6073
6104,6057
6106,6054
6108,6047
6107,6046
6113,6063
6100,6053
6109,6049
6107,6049
6104,6057
6120,6062
6103,6065
6109,6048
6109,6040
6106,6044
6107,6050
6111,6047
6116,6064
6101,6060
6110,6045
6111,6045
6113,6052
6111,6060
6115,6048
6106,6050
6113,6030
6111,6034
6097,6055
6110,6049
6112,6056
6097,6045
6110,6040
6095,6064
6117,6053
6117,6058
6110,6053
6104,6056
6113,6055
6107,6059
6110,6050
6104,6050
6098,6044
6109,6057
6103,6063
6108,6050
6112,6049
6106,6046
6110,6054
6103,6049
6117,6065
6113,6062
6110,6051
6119,6045
6106,6046
6113,6056
6116,6042
6109,6057
6115,6042
6102,6047
6119,6054
6107,6056
6103,6049
6098,6058
6118,6059
6110,6054
6112,6063
6110,6047
6118,6048
6109,6038
6122,6040
6103,6063
6115,6043
6114,6054
6117,6053
6111,6063
6106,6050
6117,6061
6120,6065
6114,6057
6108,6040
6125,6053
6110,6043
6115,6063
6112,6050
6114,6059
6115,6057
6110,6058
6117,6056
6119,6061
6111,6055
6111,6059
6111,6059
6109,6051
6115,6057
6114,6052
6112,6050
6113,6056
6111,6054
6107,6063
6108,6050
6098,6056
6113,6059
6112,6043
6110,6052
6116,6063
6113,6053
6115,6051
6121,6052
6117,6055
6116,6046
6122,6049
6118,6050
6099,6053
6099,6053
6106,6042
6107,6057
6115,6058
6113,6056
6108,6061
6115,6054
6117,6058
6116,6054
6119,6053
6119,6043
6113,6053
6114,6060
6108,6054
6111,6061
6113,6055
6111,6064
6119,6052
6113,6045
6120,6048
6119,6054
6116,6043
6116,6043
6123,6024
6116,6052
6115,6056
6113,6055
6120,6057
6116,6051
6118,6056
6111,6065
6113,6059
6114,6057
6116,6043
6109,6057
6118,6055
6114,6049
6115,6056
6112,6049
6109,6054
6114,6015
6121,6061
6112,6063
6119,6065
6119,6065
6115,6054
6115,6047
6117,6059
6113,6063
6121,6057
6116,6054
6114,6053
6110,6037
0,23
0,61680
0,0
6117,6062
5599,5592
5600,5573
5602,5575
5598,5573
5601,5587
5594,5584
5599,5576
5598,5601
5817,5757
6332,6274
6285,6293
6297,6286
6310,6311
6307,6305
6299,6333
6295,6334
6287,6311
6300,6320
6268,6319
6307,6317
6313,6338
6298,6322
6309,6309
6302,6333
6299,6334
6303,6310
6276,6316
6297,6334
6293,6305
6298,6312
6284,6305
6289,6294
6300,6317
6292,6310
6287,6305
6304,6323
6296,6323
6314,6340
6312,6319
6297,6305
6300,6315
6291,6306
6305,6341
6296,6341
6307,6341
6289,6300
6295,6319
6306,6318
6309,6333
6291,6316
6296,6308
6297,6329
6310,6323
6292,6346
6279,6337
6299,6329
6302,6319
6308,6345
6295,6310
6322,6315
6319,6329
6297,6325
6295,6329
6299,6329
6306,6302
6315,6326
6305,6304
6314,6317
6294,6321
6296,6335
6289,6304
6291,6310
6299,6316
6297,6326
6294,6305
6295,6300
6291,6307
6285,6307
6290,6321
6304,6308
6296,6314
6295,6327
6300,6330
6309,6325
6301,6319
6288,6304
6286,6327
6273,6322
6301,6308
6304,6331
6301,6318
6283,6340
6288,6316
6297,6315
6286,6329
6298,6317
6288,6294
6287,6324
6182,6221
6221,6281
6324,6318
6204,6410
6234,6317
6277,6335
6291,6310
6258,6301
6277,6318
6291,6311
6259,6307
6298,6330
6288,6304
6275,6348
6280,6335
6287,6334
6288,6289
6304,6317
6311,6318
6285,6312
6297,6318
6317,6331
6320,6353
6313,6340
6307,6360
6296,6342
6287,6332
6297,6333
6304,6324
6284,6327
6281,6323
6287,6331
6277,6303
6279,6323
6273,6331
6272,6317
6296,6314
6302,6315
6275,6315
6292,6318
6280,6324
6296,6325
6281,6340
6292,6342
6296,6344
6300,6316
6292,6331
6302,6338
6296,6315
6286,6312
6300,6308
6288,6314
6283,6337
6276,6325
6302,6340
6301,6359
6302,6341
6290,6359
6288,6335
6290,6304
6300,6353
6267,6359
6271,6329
6261,6331
6275,6354
6298,6352
6294,6348
6280,6346
6273,6343
6284,6324
6284,6346
6272,6341
6295,6345
6277,6353
6274,6347
6267,6334
6286,6311
6273,6342
6299,6343
6286,6324
6290,6345
6294,6339
6284,6347
6301,6326
6269,6330
6283,6321
6279,6356
6289,6370
6288,6336
6283,6334
6261,6350
6276,6350
6291,6343
6295,6342
6272,6346
6276,6358
6282,6345
6282,6351
6281,6349
6295,6351
6277,6365
6272,6344
6267,6360
6273,6360
6283,6384
6268,6360
6278,6357
6270,6341
6284,6337
6281,6360
6269,6348
6277,6344
6274,6342
6288,6336
6291,6375
6273,6353
6280,6349
6281,6345
6276,6374
6283,6367
6275,6348
6258,6382
6276,6376
6268,6370
6264,6374
6268,6372
6277,6345
6266,6347
6267,6359
6293,6369
6265,6379
6263,6355
6262,6347
6272,6354
6265,6382
6271,6369
6261,6372
6259,6337
6272,6387
6277,6366
6251,6354
6262,6369
6263,6365
6262,6398
6241,6408
6257,6405
6262,6386
6250,6382
6256,6366
6245,6376
6257,6388
6260,6398
6247,6382
6253,6360
6280,6376
6260,6374
6266,6380
6256,6416
6244,6372
6238,6355
6257,6373
6247,6366
6247,6368
6253,6349
6246,6380
6256,6352
6242,6355
6239,6350
6252,6370
6245,6369
6249,6384
6246,6370
6254,6387
6256,6361
6266,6381
6248,6385
6256,6373
6249,6394
6247,6382
6232,6364
6233,6379
6237,6385
6248,6379
6253,6379
6257,6390
6244,6376
6242,6399
6236,6383
6239,6370
6252,6377
6231,6407
6241,6384
6255,6371
6239,6380
6227,6383
6229,6381
6246,6367
6241,6374
6242,6354
6248,6354
6252,6367
6248,6337
6252,6394
6258,6408
6241,6397
6246,6400
6230,6386
6242,6360
6237,6374
6233,6350
6245,6378
6240,6360
6241,6347
6237,6348
6235,6368
6244,6375
6248,6409
6225,6405
6230,6398
6240,6384
6248,6345
6239,6392
6236,6395
6241,6385
6234,6395
6239,6419
6244,6398
6236,6422
6243,6404
6235,6368
6251,6399
6238,6376
6256,6363
6229,6385
6241,6369
6238,6344
6247,6378
6251,6364
6240,6352
6241,6382
6236,6384
6226,6387
6235,6375
6239,6408
6241,6402
6222,6378
6226,6381
6235,6376
6228,6379
6237,6362
6236,6399
6226,6390
6234,6379
6228,6369
6249,6374
6239,6372
6245,6390
6230,6387
6239,6382
6236,6408
6236,6401
6230,6409
6229,6391
6226,6380
6232,6387
6227,6371
6234,6401
6191,6354
6091,6248
6222,6383
6201,6347
6198,6353
6173,6350
6249,6408
6207,6373
6226,6412
6224,6402
6236,6418
6229,6413
6228,6390
6231,6422
6219,6409
6214,6415
6217,6440
6226,6426
6226,6432
6226,6425
6221,6408
6240,6407
6209,6412
6236,6407
6221,6380
6237,6399
6217,6392
6230,6387
6230,6389
6222,6390
6227,6393
6238,6384
6237,6396
6226,6406
6237,6411
6219,6405
6218,6417
6226,6418
6231,6413
6214,6392
6230,6373
6223,6390
6219,6390
6222,6379
6225,6392
6233,6396
6219,6391
6242,6396
6224,6407
6227,6386
6225,6374
6217,6364
6229,6370
6237,6359
6236,6361
6236,6342
6221,6383
6214,6408
6218,6380
6230,6367
6232,6366
6214,6385
6222,6397
6216,6404
6221,6399
6221,6406
6239,6433
6238,6422
6246,6416
6221,6403
6228,6419
6216,6434
6214,6423
6212,6411
6219,6418
6228,6378
6233,6416
6207,6401
6231,6414
6226,6404
6229,6408
6234,6422
6211,6400
6239,6406
6226,6395
6240,6390
6220,6385
6215,6395
6217,6381
6230,6413
6224,6385
6230,6391
6222,6386
6216,6373
6216,6395
6215,6402
6212,6390
6226,6410
6215,6381
6227,6396
6225,6377
6218,6373
6218,6384
6226,6388
6220,6367
6239,6386
6236,6377
6226,6385
6227,6422
6227,6384
6234,6417
6231,6395
6231,6395
6217,6390
6231,6378
6214,6376
6212,6369
6211,6397
6221,6377
6220,6398
6219,6375
6218,6353
6230,6368
6231,6391
6229,6378
6231,6385
6219,6403
6226,6382
6224,6384
6220,6380
6226,6374
6236,6379
6229,6378
6224,6346
6228,6362
6231,6368
6236,6363
6225,6398
6227,6435
6226,6419
6232,6374
6223,6378
6227,6355
6223,6352
6223,6379
6224,6375
6237,6378
6233,6393
6217,6390
6227,6400
6234,6388
6228,6395
6230,6369
6222,6342
6225,6364
6230,6352
6234,6372
6238,6386
6240,6382
6234,6380
6229,6366
6233,6385
6239,6405
6229,6388
6217,6377
6218,6354
6214,6336
6243,6361
6230,6354
6244,6365
6228,6356
6223,6376
6229,6372
6214,6346
6224,6340
6228,6319
6241,6341
6230,6345
6232,6332
6224,6333
6227,6337
6226,6354
6224,6348
6218,6341
6227,6353
6219,6368
6228,6358
6235,6354
6231,6348
6239,6338
6219,6357
6233,6344
6220,6358
6235,6360
6224,6352
6230,6351
6234,6352
6234,6339
6236,6370
6231,6333
6233,6341
6233,6360
6233,6346
6237,6340
6228,6333
6235,6336
6240,6332
6233,6347
6230,6329
6234,6341
6236,6334
6248,6329
6248,6332
6254,6335
6249,6341
6232,6336
6250,6340
6240,6352
6240,6345
6258,6326
6257,6317
6260,6308
6256,6323
6244,6317
6250,6324
6263,6334
6257,6349
6265,6322
6276,6343
6265,6337
6250,6334
6256,6355
6247,6344
6271,6344
6284,6328
6287,6339
6291,6338
6291,6351
6307,6335
6319,6329
6342,6329
6380,6339
6389,6350
6453,6348
6491,6355
6540,6350
6609,6355
6669,6351
6743,6353
6818,6355
6917,6374
6941,6364
7026,6361
7078,6370
7140,6380
7155,6371
7169,6347
7130,6353
7117,6372
7117,6372
7058,6366
7008,6369
6896,6358
6811,6338
6770,6348
6741,6346
6754,6353
6837,6337
6937,6358
7229,6562
7265,6244
7132,6146
7572,6404
7877,6401
8027,6398
8226,6410
8533,6430
8799,6464
8978,6479
9335,6489
9600,6553
9893,6546
10112,6628
10302,6659
10387,6703
10493,6772
10483,6807
10656,6864
10785,6956
10771,6973
10661,7055
10366,7155
10282,7258
10255,7337
10159,7498
9771,7617
9418,7658
9104,7764
8862,7873
8739,7868
8405,7924
8014,8005
7820,8093
7614,8266
7449,8295
7236,8326
7113,8300
7010,8256
6952,8192
6941,8109
6980,8033
7013,7810
7187,7647
7382,7533
7637,7482
7888,7432
8252,7339
8734,7240
9021,7124
9398,7046
9876,6903
10258,6818
10695,6752
11108,6707
11397,6697
11546,6695
11686,6756
11853,6826
11911,6879
11802,7009
11895,7153
11972,7258
12176,7450
13349,7869
11549,7778
11265,7915
10946,8060
10732,8240
10542,8503
10254,8706
9883,8876
9518,9061
9119,9213
8806,9461
8558,9693
8218,9777
8029,9829
7738,10411
7410,10060
7256,10010
7156,10266
7105,10600
7054,10890
6962,9721
7041,10452
6938,9352
6976,9029
7046,8738
7151,8580
7312,8271
7520,8032
7731,7773
7952,7568
8185,7410
8490,7198
8749,7065
9120,7025
9342,6927
9659,6892
10019,6904
10173,6960
10529,7023
10743,7138
10864,7209
11053,7292
11083,7403
11213,7535
11238,7739
11229,7889
11296,8084
11209,8268
11192,8458
10976,8689
10784,8789
10501,8853
10152,8893
9926,8984
9564,9115
9141,9274
8823,9356
8489,9394
8227,9392
7887,9391
7593,9333
7320,9272
7141,9226
6989,9098
6892,8951
6837,8891
6808,8721
6814,8588
6857,8384
6955,8189
7082,7978
7224,7863
7419,7692
7654,7489
8083,7255
8404,7073
8816,6986
8790,6968
9219,6886
9860,6822
10416,6773
10818,6812
11144,6807
11037,6800
11284,6867
11617,6944
12029,7138
12033,7267
12230,7443
12323,7663
12280,7894
12471,8009
12431,8240
12236,8474
12066,8700
11708,8914
11408,9142
11163,9362
10726,9462
10777,9879
9793,9704
9451,9839
8912,9861
8517,9819
8165,9877
7800,9898
7558,9820
7345,9657
7150,9616
7036,9475
6964,9332
6906,9195
6932,9118
6930,8893
7002,8796
7061,8643
7162,8481
7256,8302
7279,8023
7407,7780
7544,7634
7611,7351
7847,7324
7853,7016
8038,6911
8158,6782
8343,6700
8440,6669
8615,6674
8690,6738
8842,6886
8836,7028
8858,7184
8889,7368
8897,7579
8894,7868
8827,8232
8890,8551
8869,8712
8913,8942
9461,9824
9300,10075
9129,10406
8838,10599
8371,10131
7962,9758
7909,9769
7751,9797
7527,9835
7388,9776
7239,9539
7100,9289
6951,9034
6837,8896
6747,8807
6699,8604
6653,8495
6613,8308
6640,8141
6670,8020
6710,7895
6837,7894
6939,7714
7058,7562
7230,7410
7177,7176
7306,7014
7444,6929
7552,6848
7692,6778
7814,6703
7959,6710
8211,6689
8389,6660
8536,6676
8682,6742
8860,6799
8988,6831
9106,6897
9274,7018
9297,7130
9595,7306
9950,7630
10034,7737
10034,7886
10065,8014
9949,8207
9542,8054
9507,8125
9438,8247
9334,8394
9134,8464
8882,8506
8604,8572
8457,8618
8206,8595
7959,8560
7761,8514
7578,8470
7327,8394
7091,8266
6985,8195
6865,8059
6774,8029
6695,7825
6667,7920
6820,7877
6749,7452
6816,7337
6902,7211
7064,7122
7248,7034
7391,6917
7542,6817
7809,6771
8060,6673
8342,6618
8670,6596
8908,6569
9201,6580
9669,6584
9922,6642
10212,6702
10548,6779
11062,7011
11281,7144
11085,7140
11088,7268
11236,7512
11194,7702
11134,7921
10858,8151
10639,8453
10558,8639
10272,8812
10054,8950
9672,9130
9385,9260
9158,9451
8708,9586
8508,9620
8177,9683
7959,9708
8099,9789
7777,9771
7550,9823
7325,9708
7103,9669
7008,9567
6799,9396
6762,9266
6749,9191
6762,8949
6831,8749
6970,8529
7081,8354
7218,8175
7379,7963
7554,7734
7723,7481
7892,7274
8077,7050
8229,6873
8375,6775
8661,6717
8778,6655
8904,6612
9055,6746
9155,6702
9319,6686
9440,6822
9502,6967
9690,7139
9824,7309
9824,7525
9962,7782
10018,8073
9984,8324
9995,8592
9920,8721
9844,8946
9660,9065
9569,9271
9300,9417
9085,9572
8950,10158
8638,10142
8403,10086
8155,10082
7824,9478
7562,9371
7366,9348
7190,9198
7015,9006
6864,8900
6753,8787
6720,8589
6715,8338
6713,8082
6803,7944
6939,7797
7109,7652
7328,7477
7589,7346
7838,7226
8088,7078
8385,7005
8959,6996
9286,6901
9597,6830
9728,6750
9428,6665
9530,6638
9772,6632
9885,6654
9984,6705
10117,6814
10200,6920
10207,7058
10298,7242
10349,7446
10239,7698
10169,7935
10185,8229
10085,8433
9986,8694
9811,8930
9482,9234
9412,9422
9228,9546
8984,9772
8798,9981
8532,10229
8328,10322
8097,10388
7895,10349
7650,10343
7460,10234
7322,10183
7125,10017
6959,9780
6867,9601
6782,9461
6733,9233
6712,9018
6755,8835
6785,8624
6826,8309
6940,8058
7084,8055
7196,7615
7333,7461
7458,7284
7621,7123
7857,7002
8051,6886
8254,6846
8475,6795
8625,6736
8792,6691
8895,6722
9051,6736
9147,6784
9232,6883
9237,6936
9332,7023
9430,7252
9329,7456
9457,7671
9320,7770
9110,7916
8987,8084
8862,8073
8736,8257
8640,8441
8464,8516
8310,8676
8204,8766
8044,8885
7920,9055
7797,9058
7625,9122
7410,9141
7215,9164
7058,9139
6969,9049
6827,9044
6720,8893
6670,8791
6670,8786
6675,8627
6717,8493
6653,8182
6750,8015
6942,7782
7097,7617
7185,7408
7413,7241
7756,7109
8001,6971
8096,6856
8292,6770
8580,6683
8719,6657
8799,6654
9022,6623
9225,6636
9304,6680
9358,6759
9540,6807
9552,6925
9462,6928
9481,7067
9505,7202
9542,7412
9434,7511
9364,7635
9243,7751
9003,7925
8825,8114
8731,8273
8769,8450
8521,8488
8189,8675
8011,8831
7791,8944
7714,9054
7503,9023
7375,8950
7236,9005
7049,8994
7034,8987
6953,8886
6888,8715
6806,8529
6757,8385
6704,8163
6721,7936
6768,7765
6855,7594
6988,7470
7181,7282
7379,7110
7595,6951
7840,6845
8054,6747
8217,6640
8482,6609
8789,6520
9028,6485
9307,6471
9481,6478
9721,6505
9984,6576
10273,6637
10441,6720
10560,6799
10719,6942
10737,7082
10848,7209
10896,7355
10947,7510
10873,7660
10647,7760
10476,7962
10343,8160
10126,8267
9843,8377
9468,8471
9185,8579
8944,8670
8702,8715
8354,9277
8190,9197
7821,9132
7755,9187
7574,8830
7342,8652
7119,8502
7029,8463
6939,8386
6848,8240
6826,8105
6837,8027
6821,7862
6954,7664
7022,7542
7164,7483
7367,7331
7568,7139
7807,7031
8003,6934
8357,6824
8721,6752
9093,6697
9427,6642
9685,6596
9871,6608
10090,6675
10292,6721
10423,6817
10601,6909
10658,7076
10688,7249
10648,7434
10586,7633
10434,7853
10273,8021
10185,8247
9951,8387
9820,8536
9890,8782
9466,8991
9099,9077
8847,9234
8538,9340
8235,9386
7878,9289
7703,9388
7538,9544
7405,9544
7203,9541
7075,9484
7033,9425
6981,9268
6981,9088
6966,8942
6968,8816
6992,8686
7064,8437
7125,8260
7209,8041
7331,7816
7371,7584
7527,7428
7670,7257
7831,7118
8045,6995
8485,6845
8717,6745
8899,6744
9135,6718
9347,6696
9661,6707
10023,6730
10256,6808
10434,6908
10606,7005
10747,7144
10705,7293
10816,7487
10867,7618
10915,7803
10886,7961
10780,8161
10651,8318
10697,8493
10412,8566
10187,8713
9959,8869
9707,8964
9354,8989
9193,9090
8836,9110
8559,9145
8324,9156
8021,9162
7832,9213
7633,9288
7406,9286
7224,9205
7089,9153
6999,9083
6954,8873
6957,8750
7013,8648
7151,8524
7310,8382
7471,8176
7692,7996
7949,7787
8201,7556
8558,7360
8951,7198
9238,7052
9575,6910
9888,6765
10198,6681
10525,6661
10846,6647
11254,6637
11483,6679
11614,6740
11809,6830
12601,6988
12510,7127
12356,7303
12419,7499
12258,7745
12119,8016
12151,8249
12120,8461
11770,8714
11482,9038
11148,9369
10795,9634
10452,9702
10159,9788
9742,9993
9380,10165
9036,10470
8743,10520
8393,10683
8285,11863
7964,11642
7652,10487
7410,10053
7266,10018
7107,9836
7049,9574
6957,9179
6991,8924
7072,8686
7224,8415
7396,8135
7592,7956
7930,7743
8172,7524
8485,7351
8791,7159
9123,6970
9467,6850
9901,6751
10690,6720
11079,6661
11592,6674
12883,6808
13579,6885
14261,7006
13782,7118
14347,7341
14678,7539
15212,7754
15432,7995
15640,8225
15893,8566
16014,8767
16034,9052
15874,9327
15543,9652
15318,9861
14758,9943
14136,10055
13388,10332
12665,10566
11865,10729
11059,10738
10390,10777
9810,10773
9134,10665
8665,10702
8231,10706
7811,10353
7492,10142
7329,9952
7242,9833
7244,9759
7351,9620
7442,9595
7670,9365
7973,9061
8334,8948
8676,8716
9073,8437
9432,8205
10038,8156
9934,7742
10249,7495
10473,7311
10603,7150
10669,7020
10863,6936
10911,6918
10950,6926
11015,6993
11187,7170
11221,7467
11121,7824
11103,8267
10996,8753
10790,9364
10688,9848
10597,10386
10512,10959
10279,11455
10173,11912
10055,12349
9830,12610
9785,12933
9753,13224
9680,13581
9395,13628
9165,13553
8839,13323
8512,13219
8254,13057
7993,12681
7730,12358
7580,12026
7333,11662
7225,12004
7182,11578
7290,11224
7013,9991
7097,9481
7592,8972
7957,8669
7860,8365
7430,8135
6958,7780
6677,7605
6414,7451
6306,7291
6249,7228
6192,7185
6193,7042
6182,7045
6173,7029
6158,7006
6155,7030
6156,7145
6148,7236
6145,7501
6152,7672
6140,7561
6145,7758
6084,7940
6118,8206
6172,8561
6161,8847
6103,9122
6156,9498
6127,9704
6122,10072
6101,10385
6130,10748
6133,11114
6121,11447
6120,11558
6123,11811
6123,11923
6121,12003
6117,11897
6114,11916
6128,11878
6111,11433
6118,11113
6115,10611
6123,10282
6116,9807
6107,9468
6119,9231
6125,8793
6113,8352
6110,8070
6120,7797
6116,7670
6121,7369
6108,7135
6111,6986
6113,6849
6116,6704
6114,6656
6107,6503
6112,6394
6110,6286
6114,6221
6105,6209
6105,6189
6100,6170
6106,6143
6113,6131
6106,6138
6115,6138
6113,6128
6110,6136
6107,6108
6102,6116
6104,6119
6103,6110
6104,6109
6094,6089
6116,6090
6108,6089
6099,6076
6105,6092
6102,6087
6093,6079
6096,6081
6100,6079
6105,6074
6096,6079
6100,6070
6099,6079
6102,6059
6100,6066
6110,6069
6107,6063
6099,6063
6096,6072
6095,6079
6096,6065
6105,6067
6099,6067
6103,6068
6105,6063
6103,6062
6110,6050
6106,6066
6112,6040
6112,6063
6107,6070
6112,6063
6107,6066
6103,6063
6113,6063
6114,6069
6103,6051
6113,6061
6100,6063
6113,6054
6107,6060
6108,6052
6100,6039
6109,6037
6107,6049
6108,6057
6110,6060
6114,6064
6110,6060
6098,6063
6105,6052
6107,6054
6110,6059
6105,6053
6105,6053
6099,6049
6104,6065
6107,6065
6104,6034
6100,6066
6111,6043
6106,6054
6111,6061
6110,6050
6107,6062
6112,6058
6105,6061
6096,6057
6107,6043
6098,6055
6114,6050
6107,6053
6123,6054
6105,6042
6106,6052
6111,6052
6101,6046
6105,6057
6104,6044
6116,6053
6112,6055
6102,6055
6107,6057
6103,6043
6108,6039
6110,6043
6100,6046
6109,6054
6107,6060
6114,6053
6093,6043
6106,6053
6097,6050
6104,6049
6101,6054
6099,6050
6096,6055
6113,6046
6104,6062
6101,6047
6098,6051
6097,6057
6095,6052
6100,6060
6106,6051
6104,6057
6100,6044
6097,6050
6103,6053
6103,6026
6105,6041
6107,6051
6103,6057
6103,6039
6106,6051
6109,6061
6101,6044
6106,6052
6101,6047
6103,6057
6104,6056
6099,6055
6098,6042
6099,6053
6104,6059
6102,6039
6103,6047
6094,6063
6096,6046
6112,6053
6116,6057
6104,6047
6107,6046
6092,6040
6102,6042
6099,6051
6106,6044
6108,6063
6096,6052
6099,6050
6110,6046
6108,6061
6098,6057
6106,6051
6105,6049
6101,6048
6099,6048
6098,6048
6095,6064
6103,6057
6099,6051
6090,6060
6091,6042
6109,6051
6098,6041
6103,6058
6115,6060
6114,6055
6102,6056
6098,6056
6111,6048
6107,6059
6102,6055
6112,6050
6100,6041
6101,6061
6101,6040
6098,6047
6106,6052
6095,6056
6090,6057
6097,6063
6098,6041
6097,6047
6097,6049
6105,6053
6102,6058
6103,6040
6090,6056
6112,6063
6102,6048
6106,6051
6106,6050
6103,6047
6093,6041
6091,6033
6101,6044
6097,6048
6105,6040
6098,6041
6097,6053
6096,6054
6099,6047
6095,6054
6090,6049
6095,6053
6090,6051
6099,6045
6090,6036
6097,6050
6106,6056
6097,6042
6099,6049
6095,6054
6086,6043
6096,6056
6104,6050
6102,6049
6093,6038
6108,6043
6093,6055
6096,6041
6098,6054
6206,6122
5750,5633
6298,6230
5992,5960
6109,6058
6025,5989
6134,6072
6093,6045
6107,6021
6093,6051
6111,6062
6076,6029
6091,6046
6092,6043
6104,6050
6104,6050
6094,6040
6097,6050
6110,6049
6107,6049
6090,6048
6103,6043
6107,6040
6104,6055
6094,6044
6102,6065
6102,6048
6099,6051
6098,6052
6099,6051
6098,6052
6102,6056
6106,6052
6104,6065
6098,6056
6096,6045
6103,6060
6106,6053
6108,6048
6111,6054
6100,6051
6101,6057
6097,6046
6098,6067
6101,6062
6098,6044
6106,6067
6101,6056
6102,6051
6106,6068
6109,6050
6115,6057
6103,6049
6109,6045
6114,6052
6105,6058
6113,6054
6095,6062
6102,6046
6095,6053
6105,6058
6119,6055
6101,6056
6097,6051
6106,6057
6098,6060
6099,6050
6106,6051
6101,6058
6108,6040
6105,6044
6108,6052
6112,6050
6103,6055
6099,6068
6099,6056
6101,6050
6098,6050
6101,6052
6106,6058
6111,6055
6095,6037
6108,6046
6110,6061
6097,6051
6094,6051
6097,6044
6098,6042
6105,6047
6102,6031
6099,6049
6102,6041
6111,6046
6107,6049
6100,6060
6100,6043
6096,6056
6104,6059
6102,6039
6102,6046
6102,6044
6110,6062
6097,6052
6101,6053
6107,6050
6101,6036
6103,6057
6095,6048
6107,6046
6098,6043
6096,6058
6098,6054
6096,6045
6096,6047
6091,6041
6096,6056
6097,6046
6098,6057
6098,6055
6102,6062
6100,6049
6094,6050
6107,6044
6117,6049
6106,6046
6093,6050
6101,6046
6100,6054
6108,6049
6104,6061
6113,6056
6104,6056
6109,6052
6103,6045
6106,6047
6105,6059
6103,6052
6104,6056
6109,6053
6105,6055
6107,6053
6109,6050
6109,6081
6110,6054
6117,6062
6108,6056
6113,6030
6110,6058
6112,6044
6119,6049
6112,6054
6115,6049
6099,6053
6094,6062
6114,6047
6102,6040
6112,6051
6110,6056
6113,6049
6104,6048
6110,6057
6113,6053
6099,6054
6104,6055
6103,6044
6106,6068
6103,6041
6112,6045
6104,6047
6107,6042
6104,6048
6105,6051
6107,6056
6111,6061
6106,6048
6102,6048
6106,6055
6095,6056
6103,6050
6115,6057
6106,6054
6105,6048
6102,6054
6095,6045
6109,6060
6100,6051
6110,6042
6114,6042
6112,6054
6112,6057
6107,6057
6108,6045
6115,6053
6098,6051
6112,6035
6107,6063
6112,6062
6107,6049
6108,6039
6113,6032
6104,6043
6105,6070
6108,6050
6105,6051
6108,6042
6118,6051
6106,6047
6114,6043
6114,6055
6095,6059
6111,6050
6105,6054
6106,6045
6117,6044
6108,6053
6102,6052
6118,6058
6117,6049
6117,6063
6105,6044
6102,6040
6119,6047
6116,6048
6109,6055
6105,6054
6117,6055
6109,6061
6104,6052
6114,6048
6107,6058
6107,6054
6110,6057
6113,6047
6117,6058
6108,6051
6119,6058
6115,6050
6099,6050
6103,6064
6115,6055
6102,6057
6108,6057
6107,6062
6109,6043
6109,6063
6105,6057
6121,6047
6111,6050
6111,6052
6105,6043
6125,6049
6108,6057
6127,6060
6108,6062
6103,6059
6120,6053
6120,6062
6112,6058
6116,6059
6115,6049
6118,6056
6110,6062
6111,6059
6119,6056
6119,6056
6118,6056
6111,6057
6113,6055
6124,6058
6112,6048
6116,6039
6119,6059
6117,6080
6119,6054
6111,6056
6109,6048
6111,6046
6118,6065
6114,6061
6113,6053
6118,6063
6112,6055
6112,6056
6110,6050
6118,6058
6113,6067
6113,6067
6107,6056
6111,6065
6106,6055
6112,6053
6108,6054
6106,6054
6114,6062
6111,6063
6113,6047
6110,6048
6113,6055
6117,6061
6117,6059
6110,6069
6112,6050
6116,6050
6123,6059
6110,6040
6117,6056
6117,6062
6114,6053
6114,6053
6113,6058
6120,6054
6111,6051
6118,6063
6108,6059
6117,6051
6121,6058
6116,6056
6105,6055
6112,6056
6108,6058
6111,6055
6109,6053
6112,6041
6114,6044
6115,6057
6114,6058
6130,6065
6114,6046
6119,6052
6113,6043
6113,6043
6102,6061
6109,6061
6112,6056
6115,6055
6110,6049
6139,6049
6145,6072
6098,6032
6093,6014
6108,6063
6113,6061
6073,6002
6151,6066
6099,6069
0,30
0,61680
0,0
6129,6066
5599,5583
5592,5577
5601,5582
5600,5586
5604,5575
5592,5582
5601,5578
5596,5571
5816,5754
6321,6309
6290,6279
6289,6269
6317,6305
6301,6305
6285,6316
6290,6334
6281,6319
6299,6307
6293,6298
6303,6311
6311,6330
6298,6292
6292,6332
6289,6288
6290,6272
6294,6302
6294,6311
6293,6331
6296,6333
6309,6317
6287,6317
6298,6309
6303,6307
6296,6318
6294,6299
6302,6321
6300,6330
6299,6327
6310,6307
6292,6308
6291,6313
6296,6320
6288,6321
6297,6330
6314,6321
6319,6332
6300,6323
6290,6321
6312,6310
6301,6302
6301,6307
6324,6304
6303,6319
6307,6323
6298,6321
6286,6325
6292,6341
6316,6345
6301,6330
6307,6318
6300,6313
6295,6317
6290,6328
6306,6325
6304,6342
6300,6314
6324,6319
6306,6315
6290,6333
6296,6326
6361,6419
6304,6346
6327,6350
6327,6353
6296,6301
6307,6325
6282,6272
6280,6310
6295,6315
6287,6304
6319,6324
6291,6319
6294,6324
6303,6329
6286,6315
6290,6311
6291,6312
6270,6355
6296,6305
6309,6337
6295,6313
6280,6324
6303,6310
6297,6320
6312,6328
6297,6303
6281,6324
6297,6337
6302,6319
6285,6310
6302,6321
6286,6326
6275,6324
6288,6326
6291,6303
6291,6324
6290,6337
6298,6328
6286,6335
6304,6328
6295,6344
6285,6330
6282,6343
6282,6325
6286,6335
6293,6325
6304,6334
6303,6327
6300,6334
6309,6338
6295,6336
6300,6347
6306,6332
6315,6335
6286,6341
6275,6333
6306,6327
6273,6307
6288,6303
6309,6343
6316,6323
6301,6303
6296,6319
6290,6341
6296,6314
6296,6304
6288,6314
6284,6321
6291,6306
6289,6307
6282,6336
6267,6332
6292,6320
6285,6342
6299,6336
6290,6324
6310,6327
6289,6316
6299,6307
6292,6325
6279,6315
6257,6343
6278,6344
6293,6333
6304,6320
6285,6361
6302,6342
6270,6335
6288,6349
6266,6352
6252,6336
6268,6347
6286,6364
6299,6353
6280,6331
6274,6344
6282,6332
6280,6310
6273,6351
6267,6351
6278,6356
6274,6332
6280,6352
6271,6364
6292,6331
6285,6349
6294,6329
6282,6344
6301,6346
6291,6349
6287,6329
6287,6350
6268,6348
6272,6338
6273,6333
6290,6347
6299,6339
6273,6339
6260,6349
6269,6360
6295,6355
6285,6355
6280,6340
6280,6372
6283,6342
6291,6345
6283,6359
6290,6360
6279,6355
6265,6358
6266,6352
6270,6350
6276,6364
6264,6363
6277,6367
6268,6353
6268,6329
6274,6366
6266,6353
6263,6360
6262,6347
6286,6346
6290,6375
6274,6366
6268,6371
6276,6360
6273,6366
6280,6367
6267,6374
6266,6390
6263,6354
6271,6366
6263,6384
6250,6368
6274,6362
6259,6368
6275,6349
6285,6357
6264,6372
6246,6354
6257,6361
6260,6357
6264,6355
6260,6373
6256,6357
6261,6354
6261,6366
6267,6361
6258,6351
6257,6352
6253,6382
6248,6394
6253,6416
6255,6395
6264,6371
6259,6389
6266,6396
6239,6376
6258,6371
6256,6393
6249,6392
6249,6388
6256,6376
6278,6363
6260,6380
6256,6385
6271,6374
6265,6364
6259,6368
6244,6345
6242,6350
6240,6352
6248,6370
6243,6350
6238,6385
6227,6354
6261,6376
6243,6383
6250,6384
6242,6366
6261,6371
6240,6367
6244,6385
6249,6433
6262,6436
6256,6416
6269,6417
6257,6407
6243,6386
6239,6367
6257,6362
6255,6404
6253,6381
6236,6376
6231,6384
6231,6373
6233,6377
6241,6393
6241,6395
6240,6380
6237,6369
6233,6387
6235,6394
6228,6385
6244,6377
6238,6366
6244,6362
6250,6356
6242,6371
6242,6350
6245,6395
6255,6388
6241,6389
6235,6398
6233,6374
6232,6377
6239,6370
6243,6369
6247,6371
6233,6387
6230,6338
6235,6369
6235,6379
6237,6395
6235,6384
6229,6396
6237,6387
6242,6409
6230,6375
6235,6395
6223,6424
6224,6400
6232,6407
6249,6415
6237,6409
6242,6408
6245,6411
6244,6386
6236,6409
6240,6385
6243,6378
6237,6372
6231,6351
6233,6360
6244,6367
6241,6362
6230,6352
6179,6349
6228,6387
5956,6177
6343,6385
6265,6412
6157,6351
6231,6394
6226,6368
6245,6415
6238,6332
6242,6391
6217,6362
6223,6380
6239,6387
6239,6369
6232,6374
6233,6368
6239,6375
6237,6388
6221,6356
6228,6393
6247,6424
6222,6419
6217,6415
6219,6389
6227,6388
6228,6384
6225,6379
6234,6405
6245,6408
6243,6395
6236,6397
6230,6375
6223,6384
6224,6408
6221,6395
6234,6411
6229,6412
6217,6401
6233,6411
6229,6398
6228,6385
6229,6402
6225,6407
6224,6432
6218,6422
6214,6428
6229,6424
6217,6400
6241,6392
6224,6404
6238,6411
6224,6383
6228,6396
6233,6386
6230,6385
6236,6378
6232,6394
6220,6393
6222,6399
6229,6402
6214,6399
6236,6415
6216,6367
6216,6381
6208,6380
6218,6376
6225,6378
6216,6400
6225,6376
6209,6377
6221,6385
6227,6393
6228,6381
6218,6393
6226,6417
6225,6403
6227,6398
6226,6369
6212,6354
6216,6371
6238,6357
6237,6357
6238,6375
6219,6384
6228,6386
6230,6363
6221,6369
6227,6378
6235,6376
6217,6402
6227,6423
6234,6397
6227,6421
6241,6418
6230,6432
6222,6422
6213,6411
6232,6415
6214,6450
6203,6436
6220,6408
6218,6409
6235,6402
6232,6408
6213,6403
6226,6414
6238,6396
6228,6412
6222,6433
6209,6391
6221,6397
6216,6425
6231,6387
6231,6390
6225,6385
6221,6372
6216,6405
6228,6374
6222,6383
6213,6387
6222,6389
6220,6409
6222,6410
6222,6383
6230,6385
6217,6400
6225,6391
6230,6377
6232,6375
6225,6365
6219,6373
6237,6382
6233,6397
6223,6420
6214,6396
6244,6411
6215,6371
6223,6411
6223,6387
6228,6379
6226,6387
6214,6376
6210,6374
6216,6375
6227,6380
6223,6383
6221,6400
6225,6378
6214,6391
6234,6346
6220,6396
6222,6394
6227,6388
6214,6391
6227,6402
6227,6385
6224,6380
6217,6395
6232,6378
6218,6380
6223,6355
6224,6375
6223,6372
6236,6381
6233,6383
6219,6397
6234,6397
6232,6387
6225,6402
6217,6365
6220,6385
6221,6380
6226,6365
6233,6378
6223,6405
6221,6387
6225,6390
6223,6373
6222,6381
6221,6402
6248,6370
6226,6352
6237,6363
6219,6378
6233,6369
6241,6388
6219,6379
6234,6382
6234,6408
6229,6405
6238,6400
6238,6396
6241,6382
6221,6350
6242,6366
6224,6362
6236,6361
6234,6364
6225,6359
6233,6359
6216,6324
6239,6330
6228,6311
6233,6344
6223,6345
6226,6340
6232,6337
6230,6353
6220,6347
6238,6363
6217,6357
6220,6340
6234,6366
6228,6372
6219,6362
6244,6375
6238,6375
6236,6348
6225,6333
6222,6338
6225,6370
6224,6354
6237,6349
6241,6351
6219,6360
6235,6366
6231,6356
6226,6347
6229,6350
6221,6342
6233,6351
6227,6324
6229,6342
6236,6354
6232,6339
6234,6328
6238,6347
6240,6336
6246,6325
6251,6340
6261,6354
6236,6363
6239,6330
6243,6335
6245,6337
6256,6327
6256,6334
6240,6317
6265,6328
6256,6337
6243,6324
6255,6320
6265,6338
6253,6359
6265,6321
6259,6328
6263,6350
6266,6331
6258,6334
6281,6354
6256,6327
6281,6343
6287,6337
6301,6336
6299,6346
6325,6331
6300,6323
6345,6348
6328,6311
6333,6278
6408,6334
6453,6324
6539,6337
6580,6341
6678,6360
6727,6350
6782,6329
6889,6366
6956,6393
7037,6366
7079,6366
7134,6375
7153,6356
7147,6360
7106,6342
7144,6352
7123,6350
7049,6394
6983,6369
6914,6385
6827,6359
6773,6335
6734,6342
6767,6359
6816,6356
6952,6365
7045,6377
7233,6402
7435,6386
7583,6415
7822,6414
8071,6428
8273,6423
8527,6446
8771,6470
8995,6467
9323,6479
9568,6511
9872,6551
10147,6609
10323,6647
10383,6699
10465,6754
10495,6792
10626,6908
10855,6973
10828,7039
10644,7063
10378,7170
10306,7243
10280,7334
10077,7511
9809,7595
9405,7675
9137,7787
8894,7816
8727,7862
8410,7935
8025,8001
7844,8100
7660,8232
7482,8307
7313,8346
7118,8290
7004,8244
7014,8279
6924,8121
6965,8016
7019,7824
7169,7682
7395,7517
7626,7509
7896,7421
8254,7340
8644,7240
9094,7141
9388,7000
9826,6883
10271,6796
10617,6767
11136,6696
11704,6689
11528,6707
11735,6751
11867,6838
13692,6984
13785,7183
11805,7144
11947,7245
12006,7428
11802,7617
11527,7758
11298,7903
10970,8078
10712,8272
10558,8510
10252,8727
9927,8873
9485,9085
9091,9243
8835,9398
8539,9651
8207,9830
8005,9830
7705,10135
7424,10092
7241,10023
7119,10058
7042,10057
6985,9911
6921,9694
6923,9575
6927,9321
6984,9069
7046,8769
7144,8561
7290,8266
7515,8016
7723,7793
7931,7593
8188,7412
8488,7242
8736,7094
9106,7028
9380,6964
9699,6898
10000,6910
10170,6947
10472,7018
10667,7154
10887,7212
11009,7310
11062,7395
11140,7528
11189,7725
11180,7888
11240,8050
11224,8284
11158,8405
11040,8659
10730,8741
10490,8889
10133,8921
9892,8961
9616,9389
9196,9242
8792,9354
8461,9392
8241,9350
7926,9399
7550,9310
7317,9254
7122,9162
6966,9026
6878,8972
6825,8844
6801,8704
6801,8565
6882,8362
6955,8125
7068,7992
7231,7834
7442,7666
7611,7486
7997,7246
8171,7165
8496,7069
8779,7006
9122,6916
9505,6850
9790,6801
10229,6763
10664,6775
11063,6812
11237,6879
11616,6965
11938,7110
12057,7295
12202,7461
12276,7667
12351,7884
12417,8012
12378,8197
12148,8453
12008,8708
12016,9026
11361,9164
11073,9367
10676,9488
10270,9663
9924,9691
9392,9784
8991,9834
8577,9810
8180,9857
7839,9900
7580,9863
7331,9672
7150,9574
7025,9451
6965,9350
6911,9279
6893,9078
6959,8877
7000,8781
7064,8602
7179,8478
7242,8257
7255,8030
7372,7776
7527,7592
7624,7352
7773,7178
7881,7014
8044,6932
8171,6794
8305,6734
8488,6657
8666,6697
8736,6746
8782,6871
8828,7031
8875,7153
8887,7349
8881,7612
8846,7874
8993,8260
8854,8502
8864,8742
8838,8889
8739,8970
8624,9192
8479,9350
8332,9564
8168,9704
7993,9713
7914,9765
7748,9822
7568,9881
7411,9820
7225,9551
7072,9260
6945,9088
6826,8896
6746,8806
6698,8581
6660,8486
6612,8303
6629,8154
6648,8014
6690,7878
6776,7719
6861,7570
6976,7432
7098,7299
7206,7155
7341,7040
7449,6931
7529,6850
7676,6760
7835,6709
7973,6726
8209,6680
8384,6683
8532,6695
8773,6611
8865,6761
8916,6786
9058,6973
9269,7016
9388,7110
9457,7191
9520,7309
9653,7481
9608,7565
9692,7691
9611,7889
9527,8079
9469,8156
9449,8228
9312,8444
9171,8501
8841,8529
8627,8554
8432,8605
8198,8584
7931,8585
7741,8526
7580,8463
7341,8404
7115,8262
7014,8129
6888,8062
6772,7943
6730,7877
6673,7724
6711,7595
6714,7459
6816,7366
6900,7222
7072,7115
7199,7001
7395,6962
7541,6838
7817,6772
8088,6692
8379,6638
8653,6588
8909,6573
9201,6585
9630,6598
9836,6622
10242,6680
10539,6769
10646,6868
10876,6996
10985,7145
11153,7288
11204,7512
11222,7695
11092,7897
10950,8150
10672,8442
10478,8687
10324,8796
10090,8991
9705,9115
9443,9255
9117,9487
8767,9550
8470,9640
8209,9721
7955,9711
7713,9757
7466,9713
7292,9658
7079,9606
6951,9549
6880,9472
6778,9388
6768,9265
6770,9177
6792,8980
6859,8747
6958,8503
7096,8381
7209,8174
7425,7986
7576,7742
7740,7519
7951,7249
8085,7048
8243,6890
8486,6828
8640,6721
8682,6583
8845,6534
9060,6549
9251,6589
9312,6702
9392,6838
9463,6959
9635,7147
9775,7318
9778,7551
9908,7792
10028,8034
9969,8310
9947,8556
9886,8745
9817,8988
9687,9095
9471,9276
9313,9424
9088,9518
8855,9518
8597,9546
8322,9371
8126,9470
7802,9542
7584,9425
7377,9347
7188,9211
7005,8999
6845,8906
6774,8783
6720,8621
6708,8333
6725,8133
6805,7962
6959,7803
7124,7666
7301,7471
7551,7355
8042,7334
8044,7073
8289,6970
8541,6927
8847,6812
9099,6763
9193,6694
9345,6668
9515,6654
9745,6638
9842,6665
9963,6714
10175,6801
10206,6914
10199,7067
10249,7261
10429,7425
10266,7685
10187,7922
10160,8222
10428,8375
10294,8668
10095,8976
9531,9173
9455,9401
9249,9520
8981,9730
8771,9969
8504,10200
8327,10351
8088,10378
7869,10357
7627,10297
7496,10254
7306,10184
7110,10049
6982,9764
6859,9591
6772,9482
6758,9295
6741,9059
6726,8773
6785,8580
6806,8255
6943,8079
7037,7792
7139,7615
7320,7429
7430,7225
7609,7134
7840,7030
8045,6902
8273,6825
8459,6805
8628,6733
8778,6678
8893,6708
9058,6730
9137,6799
9221,6821
9257,6936
9340,7025
9270,7153
9289,7320
9264,7479
9190,7588
9053,7717
8945,7911
8836,8081
8722,8262
8603,8441
8487,8607
8344,8734
8202,8746
8058,8870
7923,9041
7826,9049
7646,9068
7441,9130
7242,9234
7069,9121
6960,9055
6830,9045
6702,8862
6655,8691
6674,8492
6727,8400
6688,8266
6665,8170
6770,7985
6970,7771
7109,7631
7190,7420
7401,7267
7763,7106
7967,6939
8149,6820
8338,6766
8545,6682
8652,6643
8788,6630
9044,6637
9217,6645
9299,6670
9417,6744
9570,6821
9551,6902
9465,6971
9481,7050
9480,7218
9547,7389
9504,7492
9319,7613
9252,7734
9017,7944
8823,8135
8786,8296
8783,8431
8533,8521
8232,8668
7967,8821
7808,8948
7689,9009
7495,9047
7355,8962
7260,9012
7030,8982
6941,8891
6880,8778
6810,8605
6792,8517
6767,8379
6714,8169
6728,7951
6758,7736
6850,7584
7018,7441
7196,7321
7401,7086
7619,6936
7894,6860
8082,6775
8240,6687
8442,6550
8786,6523
8996,6492
9305,6472
9479,6497
9720,6517
9965,6555
10199,6644
10380,6702
10577,6816
10772,6931
10716,7060
10806,7208
10851,7337
10964,7519
10893,7675
10563,7808
10472,7976
10260,8150
10150,8270
9813,8379
9430,8436
9168,8551
8918,8621
8633,8707
8383,8827
8185,8873
7926,8859
7751,8871
7506,8748
7327,8652
7189,8536
7062,8463
6930,8400
6868,8224
6830,8159
6819,8008
6857,7854
6920,7706
7017,7573
7150,7489
7374,7345
7844,7241
8090,7125
8219,6998
8385,6823
8781,6749
9111,6709
9422,6619
9640,6598
9857,6609
10093,6656
10243,6727
10436,6802
10564,6891
10687,7080
10660,7251
10712,7428
10544,7613
10398,7835
10297,8066
10220,8251
9896,8389
9813,8571
9661,8732
9238,8825
8919,8954
8662,9054
8338,9258
8081,9322
7871,9305
7717,9418
7545,9547
7408,9549
7214,9570
7098,9494
7011,9418
6985,9270
6960,9108
6965,8953
6969,8853
6990,8684
7051,8431
7116,8234
7219,8048
7342,7828
7467,7552
7609,7350
7790,7181
7949,7025
8156,6918
8478,6848
8697,6751
8960,6717
9159,6696
9389,6671
9665,6712
10071,6752
10324,6801
10471,6885
10612,7009
10704,7144
10693,7279
10836,7453
10879,7607
10980,7793
10909,7965
10807,8178
10700,8313
10653,8497
10450,8605
10176,8708
9957,8832
9658,8954
9423,9016
9183,9136
8867,9090
8580,9131
8285,9071
8062,9160
7888,9246
7648,9288
7423,9307
7468,9282
7348,9281
7184,9182
7135,9039
7150,8839
7061,8659
7154,8499
7284,8411
7482,8166
7682,7957
7980,7778
8192,7570
8568,7362
8955,7237
9250,7064
9584,6929
9912,6783
10194,6689
10601,6679
10871,6637
11254,6637
11422,6689
11598,6764
11764,6837
11930,6983
12262,7133
12355,7290
12370,7491
12276,7739
12163,8018
12171,8201
12118,8463
11798,8786
11487,9118
11186,9388
10771,9693
10530,9759
10148,9830
9722,10003
9375,10316
9017,10493
8745,10747
8414,10580
8108,10661
7843,10343
7644,10235
7427,10112
7248,9984
7124,9851
7052,9543
6971,9192
6987,8958
7080,8720
7212,8433
7404,8172
7616,7961
7880,7751
8168,7538
8557,7339
8797,7163
9129,6999
9488,6864
9948,6749
10376,6671
11017,6631
11623,6657
12101,6722
12642,6855
13100,6944
13839,7139
14409,7323
14776,7484
15205,7749
15480,7951
15589,8240
15931,8583
15998,8815
16049,8998
15719,9286
15436,9645
15302,9857
14751,9991
14148,10105
13280,10260
12601,10477
11803,10695
11049,10787
10378,10744
9857,10711
9159,10651
8638,10779
8259,10641
7887,10343
7492,10171
7313,9909
7258,9864
7268,9779
7324,9666
7462,9590
7692,9347
7970,9076
8324,8940
8669,8700
9069,8465
9379,8161
9624,7912
9954,7760
10211,7511
10452,7323
10626,7138
10737,6974
10872,6929
10875,6914
10921,6895
11019,6982
11033,7137
11149,7460
11193,7837
11234,8443
11608,9375
11526,10086
10631,9862
10592,10376
10519,10966
10310,11466
10209,11921
10055,12286
9831,12613
9795,12940
9679,13303
9665,13575
9424,13664
9170,13569
8823,13359
8521,13241
8198,13046
8065,12654
7710,12409
7571,11952
7333,11622
7063,10824
7362,10926
7360,10393
7047,9993
7045,9417
7528,8989
7950,8651
7868,8342
7403,8081
6969,7780
6640,7616
6428,7441
6300,7343
6234,7247
6206,7147
6182,7058
6180,7071
6173,7023
6170,7037
6153,7043
6143,7086
6138,7220
6142,7321
6148,7426
6139,7541
6133,7737
6126,7967
6130,8227
6133,8516
6126,8850
6138,9174
6128,9430
6121,9705
6127,10024
6131,10420
6121,10788
6132,11106
6118,11438
6130,11543
6135,12333
6126,12430
6126,12193
6114,11909
6110,11821
6125,11681
6107,11436
6129,11119
6113,10632
6124,10275
6111,9777
6112,9423
6128,9235
6126,8754
6124,8360
6119,8048
6122,7761
6111,7650
6120,7328
6111,7280
6109,7135
6109,6995
6097,6862
6126,6826
6106,6522
6115,6399
6119,6287
6099,6228
6117,6184
6111,6155
6103,6158
6100,6161
6101,6138
6108,6129
6109,6130
6101,6120
6099,6110
6105,6123
6104,6103
6108,6125
6099,6100
6099,6103
6104,6103
6107,6099
6108,6080
6096,6063
6102,6080
6110,6078
6108,6082
6104,6084
6106,6071
6100,6075
6102,6066
6104,6077
6107,6079
6102,6072
6097,6064
6102,6074
6104,6073
6106,6068
6099,6068
6105,6073
6111,6069
6114,6061
6096,6077
6103,6064
6104,6057
6108,6051
6102,6053
6105,6063
6111,6070
6110,6067
6109,6062
6110,6065
6103,6058
6106,6076
6114,6055
6115,6058
6105,6066
6104,6059
6107,6055
6123,6045
6111,6066
6111,6053
6109,6047
6118,6062
6105,6052
6093,6043
6107,6050
6113,6046
6108,6057
6115,6053
6097,6047
6108,6040
6104,6047
6099,6053
6111,6063
6103,6045
6105,6055
6107,6050
6111,6054
6102,6053
6100,6043
6104,6029
6113,6053
6115,6052
6116,6049
6109,6059
6104,6051
6105,6056
6107,6050
6116,6057
6112,6050
6114,6043
6113,6053
6111,6052
6110,6033
6115,6056
6108,6045
6108,6040
6106,6044
6115,6055
6108,6053
6115,6056
6105,6050
6112,6049
6105,6042
6109,6038
6101,6050
6107,6051
6109,6052
6111,6054
6104,6052
6105,6046
6098,6044
6104,6051
6084,6059
6107,6060
6109,6049
6098,6050
6106,6053
6106,6046
6098,6050
6098,6061
6096,6050
6099,6058
6105,6051
6106,6055
6096,6038
6096,6050
6093,6058
6100,6044
6096,6060
6105,6048
6096,6040
6107,6050
6104,6057
6111,6054
6097,6053
6105,6050
6095,6041
6117,6086
6105,6052
6096,6055
6109,6045
6102,6057
6110,6055
6100,6047
6099,6058
6089,6066
6102,6048
6102,6056
6117,6062
6104,6060
6104,6055
6098,6035
6099,6049
6107,6054
6105,6060
6109,6055
6095,6050
6100,6047
6110,6051
6101,6055
6102,6049
6104,6049
6101,6048
6101,6049
6101,6051
6098,6058
6098,6057
6101,6061
6108,6059
6097,6041
6094,6051
6110,6064
6099,6044
6106,6058
6109,6053
6107,6057
6099,6061
6101,6015
6104,6046
6107,6056
6110,6061
6108,6048
6098,6054
6099,6054
6100,6061
6103,6046
6109,6052
6102,6053
6096,6053
6097,6056
6104,6039
6099,6055
6095,6057
6107,6055
6107,6057
6097,6044
6103,6058
6107,6048
6094,6045
6104,6042
6104,6051
6110,6046
6102,6048
6084,6034
5971,5944
6104,6196
6111,6061
6078,6047
6069,6008
6061,6034
6102,6048
6094,6052
6083,6032
6093,6043
6101,6054
6105,6050
6086,6041
6101,6045
6093,6061
6102,6055
6107,6046
6096,6056
6095,6045
6097,6038
6106,6058
6098,6061
6095,6053
6101,6060
6089,6059
6095,6045
6096,6050
6096,6060
6082,6060
6097,6043
6088,6040
6094,6056
6092,6057
6089,6050
6102,6050
6099,6052
6106,6033
6100,6057
6087,6049
6107,6037
6102,6055
6098,6057
6097,6047
6103,6041
6098,6054
6101,6055
6096,6060
6101,6050
6117,6035
6097,6060
6096,6058
6084,6053
6108,6047
6099,6051
6107,6043
6097,6061
6093,6055
6099,6051
6106,6054
6103,6064
6103,6057
6106,6047
6096,6045
6101,6056
6109,6061
6104,6053
6111,6066
6098,6050
6105,6051
6097,6046
6098,6049
6100,6059
6099,6056
6102,6060
6098,6062
6099,6061
6108,6056
6106,6052
6108,6040
6105,6052
6112,6055
6114,6052
6102,6049
6107,6050
6112,6058
6104,6050
6099,6061
6109,6058
6110,6059
6099,6046
6100,6036
6109,6044
6102,6051
6105,6047
6112,6053
6100,6061
6103,6050
6113,6062
6098,6050
6106,6045
6105,6063
6107,6056
6106,6039
6102,6045
6091,6034
6106,6050
6102,6061
6106,6056
6096,6049
6109,6046
6114,6055
6105,6056
6099,6050
6102,6049
6097,6046
6099,6048
6101,6043
6102,6045
6099,6049
6102,6057
6094,6060
6094,6052
6098,6057
6100,6050
6106,6052
6097,6035
6096,6051
6103,6046
6114,6062
6097,6048
6102,6054
6103,6049
6104,6033
6104,6045
6091,6057
6105,6049
6102,6049
6103,6042
6104,6045
6101,6057
6098,6049
6098,6031
6099,6058
6099,6055
6102,6029
6109,6058
6100,6052
6095,6043
6097,6050
6111,6048
6108,6057
6106,6034
6093,6043
6101,6051
6102,6054
6103,6038
6110,6055
6112,6065
6104,6040
6103,6055
6111,6051
6110,6043
6111,6054
6103,6053
6104,6052
6116,6041
6102,6057
6105,6058
6108,6052
6110,6056
6115,6057
6115,6048
6110,6054
6107,6030
6117,6050
6122,6059
6115,6064
6110,6049
6104,6049
6104,6052
6112,6044
6108,6057
6108,6051
6115,6062
6110,6058
6126,6059
6101,6058
6100,6050
6111,6047
6116,6051
6112,6059
6096,6043
6110,6060
6110,6052
6108,6036
6106,6045
6103,6043
6102,6051
6109,6033
6112,6049
6112,6062
6108,6057
6101,6059
6116,6047
6104,6050
6110,6049
6114,6058
6105,6060
6106,6052
6106,6054
6106,6055
6106,6060
6105,6049
6109,6054
6109,6057
6106,6061
6113,6042
6104,6051
6104,6045
6102,6047
6102,6049
6114,6042
6112,6042
6114,6052
6106,6055
6106,6052
6117,6045
6113,6048
6108,6042
6104,6056
6107,6055
6107,6051
6120,6048
6110,6048
6114,6034
6111,6056
6104,6037
6111,6039
6101,6056
6110,6051
6110,6047
6112,6060
6106,6052
6113,6045
6113,6066
6113,6057
6103,6058
6094,6039
6109,6060
6113,6058
6107,6059
6108,6049
6113,6071
6106,6066
6104,6054
6113,6034
6115,6051
6111,6052
6110,6049
6112,6045
6112,6058
6118,6054
6119,6053
6117,6057
6103,6046
6110,6055
6118,6061
6108,6048
6113,6060
6086,6055
6197,6075
6179,6033
6091,6030
6086,6021
6142,5990
6083,6016
6100,6022
6109,6049
6118,6069
6120,6062
6107,6052
6110,6059
6119,6057
6123,6063
6110,6052
6127,6049
6124,6053
6118,6061
6117,6050
6113,6064
6110,6053
6115,6064
6112,6053
6125,6061
6125,6061
6114,6050
6111,6058
6111,6057
6115,6061
6108,6048
6116,6050
6112,6059
6116,6042
6121,6056
6118,6052
6114,6062
6112,6056
6107,6064
6119,6055
6104,6055
6112,6050
6114,6063
6116,6066
6111,6066
6117,6052
6122,6058
6122,6058
6116,6056
6117,6059
6114,6049
6117,6058
6120,6046
6117,6056
6112,6061
6109,6070
6115,6052
6108,6066
6113,6059
6115,6048
6116,6065
6109,6066
6111,6060
6111,6058
6108,6064
6109,6048
6115,6059
6112,6053
6114,6057
6113,6051
6113,6051
6115,6060
6113,6049
6110,6058
6110,6058
6114,6057
6101,6040
6115,6066
6111,6056
6114,6060
6113,6043
6116,6049
6118,6063
6113,6061
6106,6063
6110,6054
6118,6025
6113,6053
6109,6052
6114,6060
6114,6057
6114,6056
6114,6056
6111,6048
6110,6059
6117,6055
6116,6055
6112,6065
6114,6057
6110,6059
6117,6058
6110,6053
6112,6057
0,34
0,61680
0,0
6117,6061
5603,5584
5594,5582
5596,5570
5600,5583
5601,5586
5600,5581
5603,5565
5603,5577
5816,5753
6336,6291
6285,6301
6275,6289
6306,6303
6305,6316
6289,6325
6290,6319
6291,6330
6290,6312
6291,6307
6313,6331
6310,6331
6289,6318
6307,6321
6307,6312
6308,6343
6307,6305
6296,6319
6299,6341
6291,6322
6310,6304
6275,6313
6276,6314
6300,6316
6291,6315
6293,6314
6299,6332
6295,6321
6301,6316
6295,6323
6289,6316
6297,6314
6280,6328
6279,6351
6452,6524
6302,6324
6280,6547
6103,6259
6276,6299
6345,6364
6293,6319
6285,6286
6298,6324
6327,6351
6294,6319
6296,6328
6315,6322
6303,6316
6306,6338
6297,6327
6315,6326
6319,6323
6294,6315
6285,6328
6300,6340
6308,6350
6299,6311
6298,6312
6319,6316
6298,6309
6284,6332
6293,6318
6289,6314
6289,6318
6282,6335
6289,6312
6300,6297
6286,6310
6291,6322
6286,6313
6299,6327
6317,6307
6308,6321
6300,6326
6307,6311
6288,6311
6292,6305
6286,6323
6284,6332
6285,6321
6304,6322
6296,6330
6286,6325
6293,6316
6292,6320
6295,6319
6298,6309
6285,6312
6288,6312
6307,6304
6296,6315
6293,6325
6283,6326
6289,6321
6296,6305
6289,6319
6282,6334
6290,6347
6283,6322
6270,6342
6282,6321
6275,6325
6271,6332
6277,6333
6279,6321
6275,6332
6287,6326
6302,6309
6295,6330
6295,6330
6323,6336
6299,6351
6307,6345
6298,6344
6301,6348
6293,6316
6298,6325
6297,6337
6285,6335
6278,6328
6275,6322
6281,6333
6281,6304
6270,6318
6270,6327
6292,6322
6288,6305
6276,6287
6282,6319
6288,6329
6286,6303
6286,6338
6272,6314
6293,6339
6283,6340
6294,6333
6309,6319
6303,6332
6297,6322
6305,6322
6283,6311
6275,6360
6257,6327
6289,6348
6292,6351
6293,6321
6302,6367
6305,6325
6279,6324
6292,6364
6279,6354
6273,6336
6281,6339
6290,6355
6301,6359
6290,6351
6274,6341
6271,6327
6285,6330
6285,6339
6262,6363
6275,6349
6270,6340
6262,6347
6266,6359
6287,6317
6278,6338
6290,6348
6280,6335
6291,6353
6284,6334
6289,6355
6288,6348
6274,6337
6278,6344
6281,6354
6276,6363
6289,6351
6293,6328
6270,6349
6275,6330
6295,6348
6301,6351
6271,6350
6278,6384
6276,6350
6276,6361
6294,6343
6275,6343
6264,6342
6275,6353
6272,6356
6274,6360
6280,6359
6265,6342
6285,6366
6273,6361
6266,6345
6268,6340
6262,6360
6268,6362
6269,6355
6270,6361
6283,6384
6265,6410
6267,6363
6269,6375
6268,6375
6281,6382
6267,6360
6280,6390
6264,6378
6268,6382
6272,6369
6251,6374
6266,6367
6266,6365
6279,6342
6283,6369
6268,6372
6254,6361
6265,6360
6267,6375
6251,6367
6248,6366
6277,6365
6257,6360
6272,6366
6268,6376
6248,6362
6261,6372
6261,6385
6261,6392
6245,6408
6256,6416
6252,6374
6258,6380
6259,6378
6248,6384
6267,6374
6262,6376
6258,6372
6252,6394
6256,6371
6248,6380
6258,6399
6241,6392
6246,6396
6241,6346
6240,6374
6254,6378
6248,6341
6242,6367
6256,6355
6247,6367
6249,6365
6240,6344
6254,6381
6264,6371
6253,6384
6245,6367
6255,6380
6252,6377
6254,6392
6265,6371
6257,6367
6247,6398
6261,6379
6249,6394
6240,6383
6235,6388
6251,6371
6246,6408
6256,6384
6248,6373
6248,6384
6236,6380
6237,6388
6241,6395
6237,6394
6229,6393
6242,6376
6245,6392
6241,6386
6229,6391
6230,6354
6238,6360
6253,6358
6261,6370
6232,6361
6234,6359
6241,6398
6250,6383
6234,6371
6243,6385
6241,6375
6237,6363
6242,6366
6243,6359
6255,6359
6249,6365
6257,6359
6240,6363
6241,6352
6261,6420
6270,6427
6265,6431
6259,6404
6241,6384
6233,6350
6245,6396
6255,6395
6230,6372
6215,6413
6229,6417
6250,6409
6244,6418
6233,6394
6246,6386
6234,6410
6242,6387
6258,6384
6223,6387
6234,6377
6248,6362
6241,6381
6242,6375
6235,6367
6247,6372
6231,6386
6238,6387
6252,6388
6243,6395
6238,6388
6227,6384
6242,6370
6240,6398
6233,6376
6239,6377
6233,6375
6241,6390
6234,6387
6232,6376
6242,6385
6237,6396
6233,6380
6230,6380
6230,6378
6228,6420
6225,6409
6232,6402
6227,6414
6219,6399
6234,6384
6230,6362
6235,6384
6236,6408
6236,6404
6240,6384
6225,6388
6232,6379
6230,6375
6227,6425
6227,6404
6231,6412
6235,6419
6215,6411
6234,6403
6221,6377
6229,6417
6210,6419
6228,6407
6230,6440
6220,6442
6220,6401
6221,6435
6224,6407
6230,6388
6210,6415
6223,6408
6214,6388
6212,6385
6228,6392
6231,6387
6237,6392
6238,6404
6226,6399
6227,6390
6227,6415
6218,6395
6221,6411
6214,6401
6226,6399
6219,6408
6221,6403
6215,6386
6225,6405
6227,6376
6208,6382
6228,6393
6237,6378
6238,6447
6208,6380
6241,6412
6225,6419
6228,6355
6216,6351
6218,6368
6229,6386
6238,6365
6226,6377
6233,6371
6209,6374
6214,6396
6227,6345
6230,6369
6240,6386
6222,6382
6228,6391
6216,6410
6231,6402
6226,6406
6245,6426
6235,6410
6231,6414
6225,6413
6236,6415
6215,6447
6215,6442
6222,6420
6231,6424
6224,6410
6222,6396
6212,6415
6224,6409
6225,6414
6221,6408
6236,6415
6212,6413
6219,6403
6220,6413
6223,6398
6234,6385
6218,6374
6233,6378
6210,6413
6233,6393
6226,6403
6222,6385
6215,6388
6200,6412
6228,6414
6219,6415
6221,6392
6211,6406
6231,6399
6213,6372
6228,6399
6231,6356
6232,6386
6232,6366
6241,6395
6213,6392
6222,6399
6225,6421
6223,6403
6230,6401
6230,6414
6225,6385
6218,6385
6209,6390
6200,6377
6218,6383
6218,6390
6213,6380
6224,6392
6223,6381
6227,6383
6233,6380
6238,6397
6201,6353
6225,6387
6209,6385
6233,6385
6215,6380
6227,6379
6227,6376
6220,6362
6214,6354
6221,6338
6221,6370
6222,6351
6225,6378
6220,6399
6225,6402
6223,6386
6228,6390
6225,6372
6226,6375
6223,6355
6221,6375
6226,6370
6234,6375
6230,6403
6216,6400
6225,6394
6213,6389
6215,6365
6231,6385
6211,6338
6235,6384
6239,6372
6233,6382
6231,6383
6231,6383
6219,6390
6231,6378
6233,6388
6222,6390
6224,6406
6223,6388
6219,6352
6235,6354
6227,6370
6222,6369
6231,6364
6226,6362
6218,6367
6217,6363
6230,6327
6236,6332
6230,6325
6237,6333
6235,6330
6230,6334
6222,6344
6231,6356
6230,6365
6230,6358
6219,6351
6222,6345
6219,6368
6230,6371
6230,6348
6230,6345
6237,6360
6239,6342
6233,6338
6216,6336
6225,6355
6221,6349
6230,6352
6233,6354
6236,6334
6234,6343
6239,6347
6234,6337
6238,6346
6226,6344
6239,6304
6231,6327
6235,6326
6252,6383
6221,6374
6228,6338
6243,6344
6245,6346
6250,6325
6241,6319
6228,6373
6244,6348
6235,6356
6265,6345
6204,6311
6251,6342
6245,6309
6252,6317
6286,6350
6239,6322
6250,6337
6239,6321
6251,6353
6258,6343
6264,6334
6262,6338
6270,6339
6264,6333
6251,6347
6251,6356
6268,6347
6285,6330
6286,6321
6297,6348
6299,6333
6310,6330
6332,6324
6342,6340
6375,6334
6399,6355
6453,6360
6489,6364
6548,6353
6594,6322
6668,6353
6732,6340
6801,6358
6872,6370
6947,6368
7005,6378
7055,6383
7114,6373
7168,6373
7141,6360
7109,6351
7151,6363
7120,6373
7065,6386
6974,6346
6908,6365
6831,6362
6764,6340
6731,6359
6754,6353
6830,6342
6941,6366
7050,6380
7238,6373
7432,6394
7564,6423
7829,6414
8090,6412
8281,6403
8518,6437
8773,6471
9038,6482
9281,6493
9586,6536
9866,6569
10158,6593
10357,6647
10460,6704
10457,6771
10515,6816
10644,6898
10794,6932
10855,6986
10675,7070
10407,7136
10219,7274
10226,7358
10054,7489
9720,7637
9305,7671
9104,7764
8877,7822
8687,7899
8395,7967
8045,7970
7809,8151
7633,8259
7457,8270
7218,8303
7116,8269
7000,8261
6936,8194
6934,8110
6925,7998
7006,7818
7198,7679
7364,7501
7628,7487
8009,7416
8299,7327
8734,7235
9069,7150
9492,6992
9899,6885
10337,6797
10705,6742
11127,6698
11363,6698
11621,6676
11728,6756
11955,6806
11870,6888
11803,7032
11932,7169
11976,7246
11994,7447
11805,7634
11642,7784
11363,7893
11065,8065
10789,8261
10573,8506
10299,8767
9868,8892
9555,9042
9120,9243
8864,9494
8550,9667
8258,9776
8021,9799
7718,9984
7458,10135
7242,10023
7138,10077
7052,10033
6959,9865
6955,9729
6910,9570
6934,9350
6985,9038
7086,8785
7136,8584
7287,8273
7505,8012
7706,7789
7935,7561
8184,7420
8508,7208
8736,7107
9065,7031
9336,6951
9705,6916
10002,6881
10175,6926
10487,7034
10652,7142
10819,7232
10956,7344
11042,7445
11133,7599
11163,7767
11197,7889
11198,8134
11164,8303
11092,8451
10965,8668
10781,8797
10470,8862
10124,8948
9877,8985
9512,9146
9177,9252
8779,9363
8522,9409
8232,9403
7892,9358
7555,9324
7299,9254
7113,9211
6967,9081
6884,8922
6830,8865
6808,8735
6800,8558
6860,8351
6950,8128
7053,7950
7226,7842
7428,7675
7615,7486
7904,7325
8142,7192
8494,7076
8745,6954
9099,6939
9476,6857
9911,6819
10302,6794
10722,6767
11035,6812
11359,6888
11648,6969
11803,7074
12088,7282
12408,7484
12388,7607
12316,7878
12393,8020
12365,8221
12168,8490
12071,8727
11677,8944
11385,9146
11131,9377
10621,9446
10285,9675
9950,9709
9434,9799
8941,9875
8539,9830
8193,9876
7841,9897
7543,9802
7358,9708
7155,9609
7060,9488
6970,9336
6917,9250
6914,9094
6940,8909
6978,8764
7065,8640
7174,8457
7234,8272
7245,8048
7386,7762
7484,7580
7612,7370
7745,7142
7882,7032
8028,6926
8185,6765
8319,6736
8468,6686
8640,6711
8732,6775
8849,6869
8799,7042
8826,7170
8924,7337
8929,7602
8848,7887
8881,8204
8869,8508
8857,8711
8805,8858
8717,8969
8599,9174
8532,9429
8345,9588
8233,9757
8048,9776
7913,9774
7746,9864
7562,9827
7419,9832
7177,9428
7079,9283
6993,9089
6798,8902
6760,8787
6702,8618
6642,8460
6612,8302
6627,8166
6673,8022
6707,7871
6785,7736
6881,7562
6988,7465
7100,7293
7188,7153
7337,7005
7471,6938
7601,6831
7730,6779
7886,6725
8048,6719
8298,6665
8382,6681
8604,6703
8805,6738
8865,6775
9026,6848
9138,6930
9272,7000
9350,7117
9453,7212
9528,7344
9607,7478
9629,7594
9663,7736
9619,7898
9588,8102
9504,8120
9391,8242
9306,8408
9079,8481
8850,8578
8630,8600
8435,8613
8193,8594
7951,8587
7752,8495
7561,8474
7302,8416
7113,8274
7014,8140
6892,8040
6785,7920
6738,7828
6678,7763
6714,7603
6721,7490
6816,7363
6895,7233
7026,7131
7204,7018
7401,6941
7531,6854
7824,6761
8060,6688
8361,6641
8724,6596
8907,6570
9183,6563
9594,6579
9877,6638
10243,6693
10528,6777
10641,6901
10839,6985
11098,7126
11153,7289
11215,7472
11212,7675
11171,7935
10948,8136
10742,8447
10838,8669
10351,8784
10099,8945
9703,9079
9439,9261
9194,9433
8718,9515
8498,9658
8217,9683
7967,9739
7683,9718
7462,9739
7264,9705
7084,9631
6959,9533
6890,9505
6809,9441
6776,9286
6758,9156
6772,8948
6859,8736
6960,8523
7065,8353
7228,8205
7391,7980
7553,7743
7717,7470
7910,7273
8086,7055
8285,6872
8377,6791
8567,6653
8692,6570
8809,6530
9071,6559
9191,6596
9378,6680
9392,6831
9490,6974
9612,7140
9742,7393
9769,7588
9897,7787
9971,8047
9974,8313
9931,8589
9926,8703
9847,8966
9695,9059
9550,9264
9291,9429
9014,9500
8869,9512
8558,9506
8356,9474
8079,9519
7836,9627
7547,9525
7413,9446
7182,9299
7011,9091
6873,8933
6769,8762
6712,8622
6710,8349
6728,8153
6802,7953
6917,7769
7107,7656
7336,7474
7576,7326
7768,7238
8042,7079
8289,6958
8549,6926
8851,6838
9093,6769
9198,6683
9366,6664
9529,6636
9776,6622
9942,6655
10026,6722
10168,6792
10218,6917
10243,7095
10236,7279
10309,7427
10263,7636
10230,7906
10098,8219
10104,8445
9936,8663
9759,8939
9560,9194
9424,9397
9245,9501
8978,9750
8795,9998
8570,10219
8337,10354
8068,10344
7873,10371
7619,10321
7453,10224
7297,10192
7115,10025
6968,9754
6870,9616
6787,9423
6730,9203
6741,9061
6745,8839
6793,8579
6835,8255
6928,8112
7056,7857
7173,7600
7291,7449
7496,7265
7633,7129
7849,6997
8072,6926
8277,6878
8458,6799
8627,6743
8863,6709
8914,6725
9020,6750
9120,6781
9239,6857
9295,6925
9308,7029
9317,7148
9267,7350
9315,7483
9239,7577
9014,7695
8922,7871
8829,8069
8741,8256
8639,8436
8514,8608
8341,8708
8166,8782
8073,8901
7872,8995
7778,9041
7656,9050
7421,9086
7218,9193
7062,9087
6977,9047
6844,9022
6715,8885
6639,8667
6691,8536
6733,8444
6696,8279
6650,8200
6761,8032
6931,7795
7100,7609
7197,7437
7439,7270
7761,7110
7945,6969
8137,6831
8338,6749
8581,6672
8662,6647
8767,6624
9017,6640
9232,6642
9277,6668
9440,6735
9490,6824
9529,6914
9484,6966
9493,7040
9456,7214
9534,7401
9460,7488
9320,7630
9185,7772
9025,7964
8926,8305
8666,8095
8714,8303
8525,8468
8219,8640
7957,8841
7775,8948
7712,9030
7513,9020
7367,8982
7243,8975
7043,8963
6945,8873
6863,8744
6801,8641
6802,8497
6773,8380
6720,8171
6703,7918
6762,7746
6826,7598
7001,7443
7213,7277
7356,7072
7619,6959
7835,6848
8108,6729
8216,6653
8446,6592
8791,6528
9048,6497
9271,6483
9442,6463
9685,6522
9972,6561
10249,6653
10420,6699
10607,6825
10701,6939
10745,7090
10828,7199
10853,7331
10970,7529
10849,7678
10581,7796
10448,7943
10250,8161
10075,8256
9820,8381
9510,8464
9140,8546
8930,8644
8616,8689
8446,8772
8215,8858
7939,8863
7722,8858
7517,8781
7346,8662
7132,8533
7024,8452
6937,8388
6835,8279
6827,8138
6852,8044
6870,7849
6940,7729
7008,7599
7178,7502
7372,7328
7613,7141
7758,7026
8017,6943
8352,6828
8786,6748
9087,6690
9430,6607
9696,6600
9889,6631
10036,6645
10248,6735
10425,6792
10549,6897
10696,7081
10689,7238
10668,7399
10608,7630
10367,7831
10301,8069
10192,8220
9935,8393
9792,8593
9651,8718
9226,8789
8924,8953
8644,9068
8352,9189
8047,9283
7894,9289
7731,9422
7562,9533
7359,9539
7201,9592
7110,9511
7031,9359
7013,9250
6961,9104
6968,8952
6959,8845
7003,8659
7050,8467
7102,8264
7218,8010
7328,7792
7447,7519
7600,7342
7785,7181
7967,7017
8173,6949
8474,6824
8700,6772
8887,6723
9150,6714
9363,6688
9642,6708
10005,6720
10297,6805
10496,6893
10662,7018
10744,7143
10738,7298
10814,7493
10882,7587
10926,7818
10808,7958
10818,8166
10760,8327
10728,8471
10533,8600
10487,8732
10083,8866
9657,8981
9491,8997
9434,9161
8987,9166
8637,9085
8321,9145
8026,9136
7875,9286
7621,9273
7416,9326
7255,9238
7093,9207
7015,9060
6931,8857
6945,8747
7050,8673
7178,8496
7318,8326
7572,8186
7816,7973
8002,7748
8267,7579
8595,7376
8978,7221
9241,7041
9597,6954
9953,6771
10265,6686
10609,6654
10787,6642
11212,6628
11416,6671
11632,6735
11746,6846
11972,6967
12209,7100
12405,7276
12344,7496
12329,7758
12133,8022
12188,8259
12164,8480
11805,8800
11476,9050
11149,9388
10786,9624
10492,9690
10158,9856
9652,9955
9342,10170
9040,10451
8762,10570
8409,10606
8132,10572
7845,10327
7578,10206
7414,10104
7242,10097
7139,9898
7059,9513
6972,9202
6975,8906
7087,8703
7216,8480
7383,8158
7610,7925
7883,7730
8160,7515
8526,7372
8763,7176
9079,6991
9515,6846
9901,6751
10421,6667
10953,6672
11570,6644
12125,6733
12482,6840
13182,6983
13826,7152
14315,7329
14666,7483
15306,7728
15534,7959
15768,8220
15848,8527
16103,8805
16059,8986
15837,9320
15478,9644
15331,9835
14908,9970
14091,10084
13247,10264
12645,10503
11956,10737
11125,10779
10439,10728
9846,10804
9183,10684
8704,10791
8238,10734
7855,10418
7471,10132
7306,9957
7247,9838
7238,9845
7315,9658
7447,9575
7685,9362
7970,9120
8324,8909
8680,8670
9072,8417
9472,8235
9708,7909
9997,7752
10280,7555
10492,7337
10691,7181
10814,7009
10861,6942
10936,6934
10921,6926
10967,7000
11066,7133
11193,7470
11157,7840
11155,8267
10970,8760
10893,9345
10717,9877
10629,10404
10441,11013
10349,11455
10266,12098
10257,12584
9913,12625
9846,13038
9770,13455
9708,13748
9491,13830
9148,13593
8811,13394
8513,13222
8226,13028
8006,12813
7717,12375
7564,12143
7348,11597
7248,11125
7154,10788
7187,10421
6998,9992
7077,9461
7605,9097
7948,8674
7845,8338
7425,8090
6980,7759
6658,7613
6418,7448
6309,7347
6227,7242
6194,7127
6182,7044
6164,7048
6151,7006
6163,7021
6157,7042
6153,7123
6147,7211
6144,7298
6145,7447
6146,7549
6142,7767
6128,8001
6132,8235
6135,8555
6134,8872
6136,9357
6125,9486
6121,9746
6123,10069
6125,10379
6132,10775
6127,11091
6122,11370
6126,11582
6135,11758
6118,11972
6112,11985
6118,11889
6116,11807
6126,11590
6117,11348
6121,11012
6112,10612
6124,10287
6122,9768
6106,9426
6117,9149
6121,8785
6112,8362
6113,8040
6131,7762
6115,7622
6117,7331
6114,7138
6108,6990
6107,6842
6107,6702
6112,6627
6102,6526
6112,6401
6102,6304
6101,6238
6105,6202
6105,6179
6108,6153
6114,6162
6102,6131
6101,6134
6106,6118
6107,6115
6101,6126
6104,6118
6106,6098
6105,6116
6105,6105
6101,6110
6109,6095
6112,6093
6113,6087
6093,6063
6105,6094
6104,6081
6105,6065
6099,6072
6105,6063
6103,6081
6102,6074
6110,6073
6111,6071
6105,6076
6101,6064
6113,6071
6103,6062
6102,6050
6096,6071
6114,6073
6112,6065
6109,6069
6105,6057
6104,6053
6111,6051
6097,6061
6095,6052
6101,6053
6103,6059
6111,6064
6107,6072
6105,6067
6108,6066
6098,6066
6107,6064
6111,6057
6102,6062
6110,6061
6104,6055
6114,6046
6116,6057
6113,6045
6097,6051
6111,6058
6116,6058
6109,6052
6109,6047
6118,6066
6109,6060
6117,6054
6097,6053
6108,6047
6106,6051
6104,6060
6109,6046
6098,6047
6104,6044
6109,6047
6104,6047
6112,6055
6100,6054
6103,6052
6110,6063
6119,6051
6106,6055
6113,6053
6107,6042
6106,6049
6107,6045
6105,6054
6106,6049
6104,6048
6104,6050
6114,6044
6108,6046
6103,6048
6095,6041
6111,6038
6103,6050
6114,6056
6111,6053
6110,6051
6109,6046
6109,6053
6104,6050
6115,6048
6100,6039
6100,6048
6110,6051
6103,6054
6101,6058
6098,6037
6086,6090
6110,6036
6105,6045
6107,6058
6115,6043
6102,6054
6104,6061
6105,6054
6106,6052
6102,6057
6098,6038
6104,6045
6101,6057
6102,6055
6098,6051
6098,6059
6099,6056
6108,6053
6101,6067
6106,6056
6099,6059
6107,6055
6110,6060
6107,6060
6099,6049
6107,6061
6100,6058
6108,6055
6097,6065
6097,6055
6112,6052
6107,6035
6101,6053
6105,6049
6103,6057
6103,6064
6101,6046
6106,6040
6121,6056
6111,6032
6113,6048
6102,6046
6105,6047
6097,6055
6099,6042
6107,6055
6095,6057
6105,6060
6115,6042
6109,6056
6102,6053
6102,6051
6111,6044
6102,6041
6098,6056
6102,6055
6096,6064
6103,6056
6114,6056
6101,6050
6090,6045
6101,6059
6100,6042
6105,6054
6110,6045
6111,6058
6102,6052
5956,5922
5953,5788
6051,6007
6259,6043
6123,6058
6078,5993
6109,6048
6096,6005
6148,6021
6107,6065
6101,6045
6086,6025
6114,6053
6092,6046
6103,6047
6092,6041
6106,6057
6114,6052
6108,6042
6099,6054
6107,6039
6099,6050
6103,6030
6116,6040
6106,6064
6103,6050
6098,6044
6100,6051
6095,6059
6108,6044
6101,6059
6101,6047
6097,6048
6097,6057
6098,6055
6095,6051
6105,6042
6103,6044
6105,6041
6086,6045
6101,6050
6107,6055
6101,6037
6103,6055
6090,6066
6094,6055
6102,6052
6102,6046
6094,6052
6093,6035
6103,6045
6104,6059
6097,6045
6103,6060
6101,6056
6091,6053
6092,6049
6094,6048
6100,6050
6097,6053
6096,6049
6112,6050
6103,6032
6103,6047
6092,6060
6090,6049
6101,6052
6107,6050
6098,6057
6110,6049
6102,6054
6102,6052
6108,6025
6103,6051
6101,6051
6105,6047
6105,6045
6092,6044
6095,6049
6098,6045
6101,6042
6102,6060
6101,6054
6097,6044
6109,6048
6106,6058
6097,6051
6105,6066
6104,6061
6097,6055
6110,6041
6104,6056
6112,6052
6111,6054
6115,6050
6104,6042
6097,6045
6093,6058
6083,6065
6103,6049
6110,6057
6101,6062
6112,6060
6106,6043
6115,6035
6111,6050
6098,6063
6110,6054
6119,6055
6106,6032
6113,6045
6106,6061
6098,6045
6102,6054
6104,6050
6113,6056
6104,6058
6099,6047
6102,6051
6089,6056
6102,6054
6101,6071
6098,6055
6101,6037
6115,6052
6103,6058
6104,6049
6104,6053
6102,6055
6104,6046
6106,6043
6098,6042
6102,6058
6103,6049
6098,6061
6090,6043
6104,6054
6108,6058
6101,6058
6098,6046
6099,6037
6104,6057
6106,6047
6098,6048
6102,6046
6104,6063
6101,6044
6103,6046
6096,6061
6094,6053
6093,6051
6101,6047
6093,6053
6109,6051
6108,6048
6112,6051
6094,6039
6104,6048
6099,6051
6097,6042
6097,6058
6095,6048
6103,6045
6096,6051
6092,6060
6098,6057
6098,6038
6097,6047
6097,6056
6106,6041
6095,6045
6101,6040
6102,6063
6104,6045
6091,6041
6097,6049
6104,6033
6110,6045
6111,6050
6096,6049
6100,6063
6100,6058
6102,6034
6107,6058
6114,6053
6104,6050
6108,6045
6101,6056
6109,6059
6110,6051
6098,6061
6102,6049
6111,6039
6102,6049
6104,6049
6112,6050
6114,6050
6112,6048
6120,6050
6108,6041
6112,6047
6111,6058
6125,6063
6117,6055
6119,6051
6108,6054
6107,6060
6108,6058
6109,6053
6108,6054
6112,6066
6117,6055
6113,6060
6103,6049
6110,6052
6111,6046
6114,6055
6109,6055
6105,6042
6105,6057
6112,6049
6108,6065
6101,6051
6102,6046
6109,6051
6100,6050
6111,6008
6109,6055
6103,6041
6104,6059
6113,6062
6094,6033
6109,6061
6115,6056
6109,6053
6108,6062
6104,6057
6094,6068
6113,6049
6098,6052
6116,6048
6110,6042
6108,6055
6112,6055
6102,6064
6107,6038
6110,6043
6107,6052
6111,6049
6113,6053
6112,6061
6105,6047
6109,6058
6104,6049
6112,6059
6105,6051
6105,6060
6109,6057
6111,6043
6110,6066
6101,6027
6109,6052
6110,6044
6091,6049
6104,6052
6100,6058
6103,6065
6112,6051
6108,6060
6104,6067
6136,6052
6167,6101
6100,6055
6145,6078
6167,6162
6106,6053
6122,6063
6103,6044
6108,6068
6109,6059
6116,6058
6106,6045
6111,6063
6123,6068
6111,6045
6111,6054
6111,6040
6116,6056
6120,6071
6111,6063
6114,6047
6101,6051
6111,6046
6118,6061
6108,6056
6108,6062
6108,6060
6114,6055
6109,6060
6110,6054
6120,6059
6117,6057
6125,6034
6108,6048
6123,6057
6111,6050
6114,6051
6111,6050
6107,6053
6117,6062
6120,6069
6114,6074
6114,6058
6118,6062
6120,6065
6114,6063
6117,6057
6116,6062
6118,6051
6119,6057
6112,6054
6114,6069
6127,6067
6095,6061
6113,6063
6111,6064
6107,6055
6110,6066
6110,6067
6118,6063
6122,6056
6122,6056
6115,6050
6121,6053
6113,6057
6110,6066
6106,6057
6115,6058
6110,6061
6111,6042
6118,6055
6117,6063
6098,6046
6111,6061
6108,6055
6121,6055
6117,6045
6111,6062
6118,6060
6115,6050
6112,6052
6109,6054
6111,6048
6111,6048
6114,6050
6117,6054
6118,6057
6113,6059
6120,6060
6114,6048
6107,6055
6111,6058
6115,6044
6109,6058
6112,6060
6117,6058
6115,6057
6112,6070
6113,6063
6111,6055
6117,6062
6110,6055
6110,6053
6112,6061
6112,6057
6112,6057
6121,6057
6109,6058
6116,6067
6116,6059
6109,6061
6118,6054
6115,6064
6109,6061
6115,6058
6115,6059
6111,6049
6116,6066
6119,6042
6111,6057
6115,6062
6113,6054
6106,6058
6113,6057
6111,6047
6111,6063
6110,6048
6110,6048
6116,6063
0,39
0,61680
0,0
6123,6044
5598,5584
5589,5579
5598,5590
5595,5583
5594,5584
5590,5561
5596,5582
5599,5574
5815,5762
6335,6308
6292,6308
6288,6289
6305,6320
6306,6321
6308,6312
6298,6326
6297,6306
6295,6303
6395,6425
6314,6319
6305,6332
6314,6346
6314,6343
6305,6335
6312,6323
6307,6307
6287,6319
6294,6340
6293,6327
6297,6315
6290,6302
6291,6325
6308,6326
6293,6319
6295,6319
6301,6306
6305,6328
6306,6318
6298,6314
6304,6321
6309,6335
6298,6321
6294,6347
6306,6329
6315,6315
6314,6317
6292,6320
6301,6327
6291,6314
6291,6332
6304,6311
6305,6324
6311,6311
6302,6345
6304,6312
6306,6317
6298,6315
6308,6346
6297,6336
6318,6328
6310,6323
6290,6323
6292,6329
6288,6309
6302,6331
6312,6336
6298,6328
6329,6314
6298,6323
6293,6324
6290,6308
6304,6307
6298,6317
6296,6320
6283,6319
6297,6315
6303,6314
6285,6318
6296,6318
6296,6309
6314,6305
6301,6330
6308,6318
6309,6325
6293,6318
6300,6303
6282,6316
6290,6317
6289,6326
6308,6343
6298,6327
6284,6319
6300,6312
6276,6300
6289,6340
6283,6311
6295,6313
6287,6320
6300,6311
6299,6306
6296,6313
6280,6326
6290,6331
6279,6321
6291,6327
6275,6328
6296,6337
6289,6321
6270,6326
6275,6327
6286,6326
6278,6331
6284,6339
6281,6327
6275,6327
6284,6341
6306,6321
6271,6340
6293,6320
6315,6330
6314,6332
6305,6344
6298,6340
6301,6345
6290,6337
6291,6340
6297,6339
6273,6310
6270,6317
6279,6311
6282,6333
6293,6330
6262,6320
6281,6326
6294,6313
6287,6309
6296,6294
6292,6310
6289,6316
6298,6329
6279,6330
6280,6345
6286,6334
6297,6328
6295,6336
6287,6342
6304,6321
6284,6305
6290,6322
6291,6338
6280,6323
6274,6363
6297,6336
6296,6370
6308,6334
6289,6357
6290,6330
6285,6361
6287,6364
6277,6340
6282,6341
6267,6330
6293,6365
6305,6355
6282,6327
6275,6351
6287,6334
6285,6319
6292,6347
6267,6349
6275,6344
6269,6337
6260,6354
6266,6350
6287,6322
6276,6331
6302,6334
6288,6343
6286,6362
6292,6355
6281,6317
6287,6342
6281,6351
6264,6349
6270,6324
6297,6352
6292,6304
6278,6321
6259,6348
6282,6344
6291,6334
6276,6349
6277,6358
6279,6371
6285,6364
6283,6351
6297,6365
6280,6343
6288,6348
6267,6355
6262,6330
6273,6351
6293,6367
6269,6360
6288,6365
6266,6329
6277,6358
6278,6359
6273,6362
6269,6360
6284,6360
6292,6349
6284,6376
6265,6381
6275,6349
6282,6349
6273,6360
6288,6370
6271,6382
6260,6371
6271,6375
6268,6373
6273,6346
6255,6381
6268,6377
6264,6362
6260,6342
6295,6359
6272,6379
6259,6364
6264,6361
6256,6345
6264,6368
6264,6372
6269,6362
6269,6368
6272,6383
6276,6365
6265,6358
6253,6374
6253,6388
6272,6401
6261,6400
6259,6402
6257,6375
6258,6371
6247,6364
6247,6385
6263,6363
6261,6378
6258,6388
6261,6385
6266,6371
6252,6394
6261,6392
6240,6391
6250,6382
6238,6369
6243,6394
6268,6375
6239,6346
6247,6356
6259,6374
6253,6364
6246,6369
6232,6356
6248,6383
6253,6369
6251,6383
6242,6370
6256,6364
6251,6372
6254,6382
6253,6383
6266,6370
6260,6385
6260,6393
6240,6388
6236,6381
6243,6376
6249,6390
6243,6392
6255,6376
6233,6351
6246,6379
6227,6418
6327,6485
6375,6441
6251,6391
6148,6368
6277,6418
6269,6413
6213,6352
6205,6360
6242,6379
6237,6372
6251,6358
6241,6345
6240,6362
6240,6343
6244,6394
6257,6391
6255,6398
6249,6387
6234,6380
6232,6360
6244,6371
6246,6351
6254,6375
6233,6377
6223,6356
6233,6346
6226,6369
6240,6410
6245,6404
6228,6406
6236,6410
6242,6371
6238,6349
6242,6399
6246,6372
6240,6373
6234,6391
6241,6418
6237,6410
6236,6416
6235,6410
6246,6387
6238,6394
6248,6388
6248,6385
6233,6381
6242,6383
6246,6372
6232,6358
6241,6363
6238,6361
6243,6373
6229,6394
6243,6386
6249,6387
6239,6401
6224,6413
6214,6389
6230,6388
6243,6383
6225,6385
6233,6399
6229,6391
6233,6382
6231,6376
6222,6375
6242,6384
6235,6383
6243,6376
6231,6386
6209,6365
6223,6402
6231,6402
6229,6404
6221,6406
6219,6375
6228,6381
6215,6390
6227,6381
6233,6405
6239,6401
6236,6383
6229,6403
6234,6364
6230,6390
6230,6385
6228,6401
6225,6411
6224,6401
6215,6392
6223,6401
6225,6411
6222,6416
6224,6425
6218,6419
6214,6441
6230,6441
6224,6453
6218,6423
6215,6392
6227,6396
6234,6410
6225,6404
6228,6397
6220,6388
6211,6404
6213,6390
6227,6387
6224,6393
6219,6393
6228,6373
6232,6398
6224,6395
6227,6419
6230,6409
6215,6430
6230,6398
6233,6405
6222,6387
6229,6409
6220,6372
6219,6384
6214,6388
6237,6397
6234,6391
6226,6369
6232,6397
6230,6402
6222,6388
6228,6374
6214,6381
6224,6375
6237,6363
6240,6379
6220,6360
6226,6366
6225,6385
6212,6386
6231,6359
6226,6396
6219,6384
6214,6414
6221,6402
6232,6402
6228,6414
6231,6434
6234,6421
6226,6428
6223,6401
6225,6403
6211,6413
6217,6445
6217,6402
6216,6404
6227,6383
6229,6402
6209,6389
6222,6399
6226,6415
6228,6407
6232,6412
6220,6394
6225,6422
6230,6408
6228,6385
6230,6371
6218,6399
6216,6388
6226,6395
6224,6391
6210,6387
6219,6392
6211,6387
6220,6405
6241,6397
6209,6385
6220,6400
6217,6398
6228,6412
6229,6374
6211,6368
6215,6382
6227,6375
6237,6359
6233,6389
6217,6422
6221,6405
6243,6409
6218,6373
6227,6403
6227,6391
6230,6396
6218,6396
6216,6395
6218,6378
6217,6380
6219,6382
6224,6385
6226,6389
6216,6374
6199,6377
6225,6375
6233,6383
6226,6366
6232,6395
6221,6378
6232,6400
6224,6395
6229,6368
6236,6385
6240,6375
6227,6374
6218,6348
6217,6368
6220,6369
6226,6373
6226,6402
6224,6402
6230,6415
6216,6403
6227,6369
6225,6356
6231,6364
6231,6389
6219,6366
6219,6402
6228,6375
6223,6398
6230,6399
6213,6383
6227,6369
6227,6379
6214,6360
6226,6380
6235,6369
6219,6382
6228,6385
6236,6383
6225,6380
6219,6397
6231,6385
6230,6385
6232,6394
6224,6395
6222,6352
6226,6358
6240,6361
6224,6337
6232,6371
6226,6362
6220,6368
6228,6367
6218,6353
6226,6343
6226,6325
6227,6348
6228,6341
6227,6356
6222,6345
6223,6338
6226,6368
6224,6361
6211,6354
6227,6356
6219,6370
6227,6371
6232,6359
6235,6350
6276,6417
6170,6302
6232,6347
6218,6327
6220,6346
6232,6355
6230,6332
6249,6359
6233,6352
6239,6346
6232,6359
6246,6342
6241,6354
6223,6331
6223,6330
6226,6338
6234,6346
6233,6355
6231,6341
6221,6331
6245,6326
6238,6328
6237,6321
6235,6336
6241,6345
6241,6360
6248,6345
6247,6352
6238,6358
6235,6348
6263,6331
6243,6306
6242,6331
6251,6331
6242,6320
6258,6337
6268,6337
6247,6359
6274,6344
6261,6340
6277,6344
6254,6338
6273,6353
6268,6353
6272,6350
6270,6338
6280,6335
6298,6354
6309,6333
6317,6355
6325,6352
6353,6336
6391,6351
6407,6334
6454,6362
6492,6356
6542,6358
6588,6329
6651,6350
6724,6338
6787,6362
6885,6365
6961,6357
7029,6378
7091,6365
7170,6373
7178,6369
7189,6358
7152,6351
7155,6370
7108,6383
7062,6361
7009,6363
6893,6367
6830,6344
6777,6354
6747,6349
6733,6362
6835,6337
6934,6357
7039,6378
7234,6391
7458,6401
7590,6426
7811,6414
8096,6432
8251,6417
8545,6437
8754,6494
9067,6488
9275,6489
9607,6527
9899,6557
10108,6599
10271,6652
10390,6746
10419,6797
10488,6795
10627,6859
10743,6906
10739,6967
10648,7058
10366,7143
10262,7255
10235,7358
10012,7502
9693,7614
9335,7683
9088,7768
8855,7825
8675,7923
8385,7982
8002,8022
7820,8119
7622,8259
7447,8252
7250,8317
7104,8320
7005,8275
6931,8207
6905,8117
6977,8038
7015,7848
7174,7676
7384,7524
7634,7469
7932,7459
8239,7343
8670,7233
9036,7157
9388,6995
10046,6865
10361,6803
10767,6735
11151,6678
11408,6696
11621,6710
11690,6732
11786,6779
11887,6871
11878,7023
11930,7159
11975,7249
12068,7434
11837,7630
11737,7792
11367,7926
11104,8115
10779,8281
10578,8544
10366,8771
9960,8947
9595,9001
9132,9243
8840,9457
8541,9652
8247,9798
8018,9844
7707,9986
7439,10062
7218,10032
7123,10056
7048,10083
6968,9888
6956,9771
6930,9693
6941,9338
6973,9060
7033,8786
7145,8592
7265,8285
7506,8030
7766,7805
7965,7601
8145,7378
8492,7223
8745,7095
9086,7030
9345,6949
9672,6928
9953,6915
10117,6976
10482,7014
10676,7161
10822,7231
10958,7330
11042,7398
11133,7552
11174,7812
11202,7879
11193,8150
11083,8296
11109,8519
10875,8690
10702,8875
10441,8891
10084,8966
9860,8999
9496,9109
9100,9257
8769,9333
8455,9452
8208,9365
7900,9441
7551,9342
7334,9241
7156,9229
6989,9058
6885,8952
6850,8885
6829,8698
6817,8492
6882,8333
6990,8097
7080,7904
7219,7815
7432,7654
7625,7467
7922,7304
8146,7168
8508,7049
8778,6972
9082,6926
9504,6817
9853,6787
10270,6785
10652,6769
11074,6813
11437,6920
11756,6988
12055,7134
12199,7299
12472,7534
12623,7688
12700,7920
12570,8017
12569,8249
12465,8462
12123,8724
11810,8946
11528,9184
11118,9342
10699,9422
10258,9661
9860,9683
9457,9816
9079,9987
8600,9811
8202,9899
7884,9904
7621,9916
7379,9849
7197,9677
7071,9474
6942,9360
6939,9264
6907,9104
6969,8940
6996,8841
7065,8678
7184,8463
7224,8297
7273,8021
7383,7717
7500,7601
7641,7379
7801,7303
8069,7133
8048,6965
8243,6815
8428,6808
8503,6701
8701,6702
8824,6765
8967,6904
8868,7031
8907,7184
8922,7352
9028,7619
8953,7917
8851,8157
8849,8486
8883,8743
8818,8943
8695,8999
8619,9224
8557,9492
8378,9598
8244,9759
8008,9694
7959,9899
7778,9954
7590,9872
7454,9926
7319,9767
7142,9386
6987,9123
6851,8998
6735,8844
6694,8613
6643,8501
6603,8327
6623,8173
6679,7992
6726,7879
6784,7761
6862,7575
6962,7435
7141,7336
7230,7201
7350,7028
7497,6952
7634,6822
7757,6773
7920,6703
8075,6718
8196,6704
8488,6660
8613,6709
8881,6759
9003,6777
9073,6843
9261,6949
9256,7017
9369,7114
9462,7250
9502,7342
9661,7504
9693,7639
9718,7770
9681,7958
9567,8115
9510,8141
9435,8298
9313,8405
9098,8517
8867,8570
8644,8618
8419,8676
8199,8640
7923,8609
7697,8518
7557,8498
7333,8408
7119,8299
6987,8152
6881,8029
6785,7997
6712,7862
6668,7776
6712,7656
6745,7519
6787,7393
6903,7235
7046,7138
7221,7040
7389,6959
7569,6825
7843,6785
8082,6725
8379,6631
8721,6627
8915,6585
9224,6578
9606,6604
9914,6655
10249,6671
10611,6796
10721,6892
10947,7004
11145,7184
11224,7323
11417,7548
11327,7735
11209,7919
11134,8199
10767,8461
10756,8660
10488,8822
10124,8941
9793,9125
9532,9227
9278,9417
8822,9583
8498,9651
8198,9658
7991,9699
7714,9758
7527,9734
7289,9701
7147,9647
6998,9579
6936,9486
6826,9454
6784,9320
6790,9190
6794,8972
6880,8724
7006,8522
7109,8378
7212,8150
7368,7946
7540,7739
7721,7489
7889,7252
8071,7070
8238,6894
8356,6781
8574,6663
8654,6566
8842,6550
9062,6564
9124,6602
9322,6694
9351,6858
9484,6973
9648,7159
9751,7349
9775,7581
9845,7799
9976,8057
9960,8331
9971,8556
9941,8743
9815,8987
9647,9039
9558,9264
9291,9373
9127,9506
8851,9534
8563,9577
8395,9456
8098,9520
7830,9574
7578,9543
7407,9365
7206,9281
7019,9033
6855,9004
6761,8829
6724,8625
6693,8331
6727,8111
6795,7983
6945,7793
7125,7654
7354,7452
7578,7345
7794,7195
8039,7074
8276,6965
8515,6899
8837,6841
9110,6751
9227,6698
9428,6687
9606,6663
9763,6634
9939,6677
10087,6724
10175,6779
10324,6942
10353,7065
10341,7248
10328,7439
10233,7682
10176,7881
10157,8210
10012,8425
9977,8675
9824,8950
9540,9201
9408,9419
9218,9523
8958,9796
8774,10016
8596,10268
8330,10440
8069,10440
7851,10370
7618,10454
7458,10279
7303,10254
7123,10063
6972,9773
6870,9692
6788,9473
6744,9238
6733,9063
6756,8808
6774,8574
6819,8274
6918,8095
7045,7813
7155,7639
7327,7463
7458,7280
7630,7132
7814,7034
8077,6899
8297,6874
8484,6839
8622,6742
8755,6715
8883,6681
9030,6744
9110,6801
9251,6866
9275,6956
9320,7030
9292,7164
9283,7305
9307,7493
9221,7565
9043,7715
8937,7939
8848,8092
8737,8294
8594,8463
8507,8607
8333,8727
8171,8799
8032,8954
7889,9065
7804,9042
7633,9109
7393,9122
7230,9220
7066,9123
6981,9030
6816,9087
6688,8853
6660,8667
6682,8496
6800,8518
6707,8428
6627,8171
6718,7974
6979,7834
7091,7641
7199,7406
7421,7261
7766,7137
7908,6954
8089,6836
8336,6765
8546,6680
8652,6668
8817,6641
9028,6642
9135,6645
9320,6681
9435,6739
9514,6828
9484,6915
9408,7000
9439,7062
9432,7184
9449,7415
9440,7513
9299,7629
9161,7735
9035,7935
8845,8133
8755,8265
8769,8370
8552,8445
8215,8659
8004,8844
7794,8954
7699,9050
7491,9018
7377,8959
7250,9039
7021,9002
6912,8865
6861,8740
6822,8668
6800,8486
6775,8392
6736,8159
6707,7912
6780,7766
6854,7576
7003,7463
7202,7290
7422,7087
7609,6941
7814,6841
8054,6735
8235,6654
8492,6620
8758,6526
9062,6487
9292,6495
9456,6480
9744,6540
10016,6584
10247,6658
10429,6730
10594,6850
10710,6986
10781,7110
10822,7267
10954,7327
10997,7539
10877,7697
10534,7772
10436,7966
10271,8173
10065,8311
9747,8382
9442,8451
9195,8530
8893,8629
8632,8680
8376,8816
8204,8901
7909,8916
7743,8972
7501,8825
7332,8670
7143,8575
7048,8505
6964,8433
6886,8318
6828,8177
6866,8042
6885,7875
6949,7673
7039,7579
7151,7456
7361,7350
7558,7156
7779,7038
8021,6943
8360,6817
8756,6756
9176,6702
9439,6641
9747,6603
9982,6632
10161,6653
10307,6720
10408,6779
10574,6900
10648,7085
10670,7235
10639,7401
10520,7651
10411,7854
10336,8019
10159,8186
9936,8382
9784,8547
9580,8694
9280,8814
8933,8949
8638,9089
8333,9215
8095,9305
7929,9307
7758,9429
7586,9525
7399,9596
7234,9557
7132,9544
7031,9435
6984,9252
6966,9084
6974,8910
6975,8816
6999,8687
7031,8427
7113,8249
7204,8006
7349,7778
7462,7544
7618,7373
7741,7193
7884,7051
8159,6952
8402,6855
8663,6784
8883,6745
9127,6721
9362,6705
9640,6711
10062,6722
10295,6832
10464,6875
10623,7001
10767,7180
10714,7318
10836,7468
10905,7632
11004,7809
10914,7947
10816,8175
10801,8318
10772,8502
10624,8612
10308,8725
10184,8891
9720,8926
9545,8998
9323,9115
9056,9144
8772,9162
8334,9125
8127,9161
7899,9226
7672,9290
7417,9276
7262,9231
7091,9167
6983,9067
6902,8912
6954,8773
7037,8640
7180,8529
7354,8374
7544,8203
7768,7996
8041,7742
8287,7584
8643,7398
9072,7282
9266,7070
9568,6931
9970,6815
10232,6699
10572,6673
11076,6644
11338,6629
11466,6682
11649,6754
11741,6842
12013,7005
12277,7159
12546,7316
12481,7560
12444,7828
12295,8110
12309,8341
12278,8617
11879,8789
11674,9363
11255,9548
10774,9595
10570,9883
10189,10000
9708,10156
9380,10249
9084,10510
8776,10629
8375,10590
8116,10630
7798,10342
7642,10419
7406,10225
7241,10095
7158,10033
7058,9574
6972,9316
6995,9066
7106,8847
7246,8518
7444,8306
7626,7978
7920,7750
8197,7521
8526,7381
8811,7178
9152,7018
9523,6865
9977,6740
10477,6657
11008,6668
11538,6671
12134,6741
12616,6857
13330,6987
14025,7130
14554,7313
15008,7521
15407,7754
15856,7961
15716,8223
16165,8552
16160,8811
16277,9027
15844,9284
15508,9604
15427,9855
14810,10013
14039,10072
13390,10290
12776,10528
11857,10669
11068,10772
10371,10798
9984,10863
9227,10726
8550,10800
8261,10771
7899,10471
7451,10213
7285,9995
7279,9934
7267,9807
7310,9645
7480,9593
7634,9375
7942,9088
8325,8939
8679,8714
9086,8409
9415,8209
9693,7904
9957,7753
10272,7520
10534,7318
10818,7217
10830,7033
10922,6960
11051,6933
11023,6914
10982,7011
11214,7184
11243,7481
11185,7840
11141,8329
11016,8779
10886,9351
10718,9896
10636,10421
10573,11042
10601,11871
10340,12092
10189,12404
9892,12627
9869,13035
9757,13289
9635,13603
9434,13714
9137,13600
8813,13537
8510,13312
8241,13147
7976,13023
7698,12401
7601,12047
7362,11631
7237,11188
7141,10809
7204,10611
7044,10138
7100,9553
7628,9060
8038,8785
7933,8458
7423,8079
6998,7838
6653,7671
6420,7505
6300,7345
6233,7248
6205,7141
6196,7056
6179,7039
6171,7033
6158,7019
6151,7032
6151,7091
6153,7210
6139,7333
6148,7419
6147,7561
6144,7818
6127,8060
6123,8286
6138,8608
6124,8917
6136,9201
6127,9470
6123,9727
6126,10116
6127,10423
6127,10782
6127,11111
6122,11391
6121,11538
6124,11698
6120,11985
6123,12030
6117,11908
6118,11798
6119,11652
6108,11314
6121,11009
6110,10567
6126,10254
6115,9743
6110,9408
6115,9185
6122,8780
6116,8383
6117,8024
6121,7747
6109,7631
6117,7351
6106,7150
6107,6993
6108,6840
6113,6713
6113,6637
6114,6506
6110,6420
6119,6293
6105,6218
6108,6192
6107,6181
6106,6165
6113,6154
6107,6134
6104,6135
6105,6120
6108,6137
6100,6123
6108,6121
6098,6079
6106,6129
6101,6112
6103,6099
6098,6094
6108,6085
6115,6075
6099,6064
6105,6096
6093,6064
6109,6083
6107,6076
6105,6072
6101,6066
6099,6081
6102,6078
6104,6069
6104,6072
6103,6065
6110,6069
6099,6063
6107,6066
6100,6071
6110,6079
6105,6064
6102,6079
6100,6077
6100,6070
6106,6064
6107,6058
6104,6063
6106,6075
6112,6064
6112,6060
6107,6060
6107,6066
6114,6058
6102,6064
6110,6057
6121,6062
6106,6059
6104,6054
6103,6038
6118,6059
6112,6059
6108,6062
6096,6038
6117,6061
6105,6052
6113,6048
6111,6055
6107,6058
6111,6058
6113,6048
6108,6050
6106,6066
6106,6059
6098,6060
6106,6049
6106,6038
6102,6051
6111,6053
6107,6055
6105,6057
6105,6049
6104,6050
6109,6063
6118,6058
6108,6047
6115,6053
6102,6061
6114,6047
6102,6047
6115,6052
6111,6050
6112,6046
6120,6049
6106,6038
6111,6045
6115,6056
6105,6053
6099,6045
6110,6054
6107,6057
6114,6055
6107,6045
6107,6057
6106,6059
6105,6054
6100,6063
6097,6035
6102,6051
6102,6063
6114,6050
6105,6050
6110,6059
6100,6045
6105,6052
6103,6056
6111,6049
6105,6051
6110,6048
6112,6066
6113,6060
6101,6051
6103,6059
6100,6063
6099,6055
6107,6053
6109,6057
6109,6048
6098,6044
6103,6045
6106,6058
6099,6048
6102,6063
6102,6049
6093,6063
6107,6066
6108,6062
6097,6045
6108,6054
6102,6047
6111,6056
6110,6057
6104,6055
6100,6043
6101,6047
6117,6049
6109,6044
6104,6046
6099,6055
6103,6035
6098,6041
6118,6049
6111,6063
6103,6047
6100,6055
6023,6007
6116,6045
6168,6119
6169,6088
6114,6084
6096,6036
6082,6043
6120,6054
6113,6052
6099,6045
6105,6043
6098,6057
6097,6048
6096,6050
6098,6052
6107,6055
6101,6065
6104,6052
6096,6057
6119,6058
6104,6044
6099,6068
6104,6057
6113,6050
6098,6032
6098,6034
6101,6053
6103,6064
6093,6054
6099,6049
6098,6016
6101,6048
6101,6034
6101,6050
6109,6067
6104,6046
6101,6056
6103,6035
6102,6050
6095,6052
6099,6048
6104,6046
6108,6041
6106,6054
6100,6039
6108,6055
6101,6041
6100,6043
6115,6047
6099,6053
6096,6046
6100,6049
6105,6042
6090,6059
6105,6060
6100,6048
6094,6042
6087,6067
6104,6059
6094,6061
6097,6055
6106,6040
6101,6049
6102,6055
6092,6047
6102,6037
6109,6041
6101,6037
6102,6072
6091,6054
6094,6045
6098,6062
6096,6056
6101,6050
6097,6056
6101,6059
6101,6044
6099,6053
6106,6056
6101,6052
6092,6049
6100,6057
6103,6051
6101,6052
6096,6060
6095,6056
6101,6055
6103,6047
6108,6056
6097,6058
6086,6054
6103,6052
6099,6043
6101,6040
6103,6055
6098,6050
6101,6050
6100,6057
6105,6053
6106,6052
6109,6046
6095,6050
6094,6053
6099,6048
6108,6057
6102,6044
6105,6061
6098,6063
6098,6055
6103,6039
6105,6049
6113,6054
6103,6048
6102,6050
6102,6056
6108,6054
6103,6063
6114,6061
6099,6064
6101,6042
6106,6054
6097,6051
6096,6062
6111,6062
6094,6053
6103,6067
6100,6064
6101,6064
6108,6049
6106,6056
6114,6058
6108,6059
6107,6061
6111,6062
6101,6058
6112,6055
6111,6057
6103,6052
6097,6057
6108,6064
6103,6044
6106,6061
6101,6058
6107,6056
6091,6050
6101,6045
6109,6061
6102,6073
6111,6049
6106,6062
6111,6053
6109,6045
6101,6069
6103,6062
6094,6051
6107,6046
6095,6055
6107,6056
6104,6053
6103,6053
6093,6054
6110,6056
6107,6059
6103,6049
6101,6037
6104,6043
6109,6045
6103,6053
6100,6056
6100,6047
6105,6057
6095,6056
6104,6051
6093,6063
6093,6051
6094,6063
6101,6048
6093,6041
6097,6051
6107,6057
6112,6059
6094,6036
6098,6041
6114,6044
6092,6047
6104,6057
6102,6047
6101,6058
6102,6053
6107,6046
6098,6053
6099,6048
6100,6047
6103,6043
6102,6040
6101,6060
6106,6046
6092,6061
6099,6050
6092,6039
6097,6057
6117,6070
6119,6059
6108,6048
6102,6039
6097,6061
6098,6032
6101,6056
6111,6058
6117,6057
6107,6039
6104,6040
6104,6045
6107,6042
6109,6054
6105,6050
6091,6058
6106,6047
6098,6057
6107,6057
6104,6050
6115,6063
6117,6054
6122,6056
6115,6057
6109,6042
6107,6052
6116,6065
6117,6063
6105,6042
6107,6057
6109,6053
6115,6048
6097,6048
6113,6057
6126,6056
6103,6062
6112,6041
6107,6047
6110,6064
6105,6051
6117,6051
6115,6048
6096,6059
6109,6056
6103,6045
6102,6041
6106,6051
6102,6048
6101,6041
6105,6052
6106,6055
6115,6047
6108,6052
6107,6054
6113,6056
6098,6053
6112,6044
6117,6050
6108,6048
6112,6049
6103,6060
6098,6064
6117,6056
6103,6050
6119,6021
6113,6036
6063,6044
5722,5630
5978,5798
6082,6034
6036,5975
6063,6017
6099,6039
6142,6085
6101,6066
6094,6053
6107,6040
6118,6052
6137,6051
6108,6042
6103,6056
6103,6048
6101,6049
6104,6054
6104,6035
6119,6037
6117,6054
6101,6054
6106,6058
6106,6066
6108,6062
6117,6055
6113,6049
6100,6056
6117,6042
6107,6061
6111,6061
6099,6049
6096,6068
6111,6056
6103,6030
6116,6049
6105,6057
6122,6061
6116,6057
6104,6047
6112,6051
6104,6056
6110,6053
6114,6056
6109,6031
6115,6042
6119,6059
6110,6069
6120,6053
6104,6055
6123,6055
6117,6056
6110,6063
6119,6069
6111,6063
6111,6058
6116,6065
6110,6056
6118,6055
6117,6063
6116,6081
6108,6060
6117,6062
6108,6063
6122,6056
6114,6051
6111,6052
6114,6064
6123,6078
6102,6062
6112,6054
6111,6062
6110,6059
6111,6069
6116,6053
6118,6061
6115,6048
6113,6059
6118,6062
6112,6060
6120,6049
6113,6057
6105,6053
6118,6058
6113,6065
6118,6058
6104,6059
6115,6060
6116,6061
6105,6041
6105,6041
6112,6055
6112,6054
6120,6056
6115,6065
6114,6067
6117,6048
6114,6055
6113,6051
6110,6062
6114,6057
6112,6053
6115,6068
6109,6061
6109,6065
6118,6062
6116,6063
6116,6064
6119,6059
6114,6062
6110,6069
6113,6061
6113,6061
6111,6060
6114,6062
6113,6066
6113,6061
6122,6059
6122,6051
6106,6046
6101,6061
6116,6060
6112,6061
6112,6052
6116,6066
6115,6059
6114,6052
6115,6055
6115,6056
6116,6063
6109,6056
6112,6058
6120,6066
6113,6063
6113,6063
6115,6047
6119,6069
6112,6056
6118,6055
6119,6053
6109,6058
6115,6060
6121,6063
6108,6065
6131,6072
6117,6059
6112,6063
6115,6059
6122,6052
6118,6054
6114,6058
6118,6061
6115,6068
6110,6060
6109,6068
6109,6057
6109,6057
0,43
0,61680
0,0
6120,6051
5613,5593
5597,5577
5604,5573
5600,5577
5599,5584
5598,5574
5601,5567
5605,5575
5819,5748
6323,6304
6290,6298
6295,6303
6304,6311
6301,6318
6287,6330
6290,6326
6291,6314
6301,6311
6291,6307
6304,6328
6307,6324
6294,6309
6315,6335
6315,6332
6311,6331
6293,6320
6285,6320
6283,6331
6311,6330
6297,6318
6287,6308
6279,6304
6301,6316
6302,6341
6294,6328
6306,6310
6306,6327
6309,6332
6314,6325
6291,6326
6305,6318
6291,6324
6297,6339
6303,6337
6302,6314
6301,6322
6291,6318
6295,6340
6301,6327
6302,6330
6281,6317
6300,6314
6305,6314
6302,6350
6293,6324
6306,6323
6300,6345
6316,6344
6302,6313
6319,6324
6320,6332
6297,6331
6285,6318
6303,6338
6306,6317
6312,6330
6292,6344
6305,6313
6301,6318
6284,6335
6293,6331
6288,6319
6285,6327
6285,6316
6285,6330
6313,6310
6305,6315
6286,6330
6288,6316
6299,6318
6316,6315
6304,6330
6307,6315
6295,6321
6291,6318
6293,6325
6281,6331
6285,6324
6299,6318
6312,6335
6299,6320
6293,6306
6298,6321
6299,6312
6294,6333
6307,6316
6287,6326
6301,6326
6305,6316
6292,6307
6285,6311
6294,6323
6290,6315
6284,6311
6289,6339
6296,6330
6298,6329
6289,6305
6286,6328
6287,6323
6284,6317
6276,6337
6283,6344
6287,6329
6287,6322
6292,6340
6312,6307
6289,6333
6300,6333
6325,6340
6324,6335
6313,6333
6311,6353
6318,6349
6292,6328
6288,6334
6273,6337
6273,6313
6278,6327
6278,6323
6274,6333
6271,6312
6285,6324
6281,6331
6298,6321
6292,6298
6288,6310
6292,6328
6283,6309
6296,6301
6286,6344
6291,6335
6286,6341
6288,6337
6297,6352
6296,6310
6295,6319
6290,6325
6295,6352
6299,6327
6272,6338
6273,6339
6291,6338
6294,6358
6295,6331
6302,6355
6288,6344
6279,6333
6283,6357
6269,6363
6275,6347
6267,6328
6290,6357
6301,6350
6286,6338
6272,6345
6279,6343
6292,6340
6290,6338
6263,6351
6278,6339
6275,6344
6266,6340
6251,6355
6272,6333
6283,6330
6313,6337
6281,6337
6291,6351
6279,6345
6284,6335
6285,6349
6265,6346
6275,6339
6278,6347
6284,6357
6281,6347
6280,6336
6265,6360
6288,6361
6285,6336
6282,6349
6271,6365
6273,6353
6286,6371
6271,6350
6295,6351
6286,6362
6267,6355
6276,6346
6266,6362
6266,6372
6283,6360
6272,6341
6269,6358
6276,6343
6276,6345
6275,6326
6275,6377
6281,6375
6279,6364
6281,6359
6297,6381
6279,6373
6267,6358
6278,6358
6263,6356
6284,6360
6273,6375
6264,6395
6272,6389
6277,6366
6279,6375
6272,6372
6273,6365
6266,6363
6268,6362
6289,6355
6262,6368
6249,6380
6256,6371
6264,6349
6262,6362
6263,6364
6256,6367
6255,6351
6272,6374
6265,6364
6261,6357
6249,6372
6251,6402
6259,6419
6238,6414
6267,6405
6272,6366
6270,6372
6258,6374
6242,6384
6268,6370
6254,6394
6249,6388
6259,6393
6265,6367
6258,6393
6271,6391
6245,6401
6246,6374
6230,6361
6253,6369
6260,6383
6139,6234
6249,6362
6278,6389
6258,6350
6226,6359
6248,6356
6263,6375
6265,6377
6255,6379
6242,6364
6251,6391
6252,6368
6247,6379
6261,6381
6264,6384
6260,6398
6246,6380
6242,6397
6241,6367
6231,6380
6248,6397
6251,6395
6257,6389
6260,6380
6243,6388
6232,6382
6247,6385
6246,6380
6244,6372
6232,6398
6226,6380
6235,6370
6239,6366
6230,6383
6241,6383
6241,6372
6250,6360
6237,6371
6237,6371
6239,6355
6239,6388
6250,6392
6239,6400
6237,6377
6222,6384
6233,6384
6240,6363
6236,6364
6241,6383
6236,6375
6241,6363
6236,6368
6240,6381
6240,6387
6232,6410
6234,6400
6217,6398
6234,6387
6237,6378
6246,6385
6239,6385
6240,6394
6218,6411
6242,6411
6251,6420
6248,6417
6240,6412
6233,6386
6230,6408
6233,6412
6247,6385
6243,6391
6223,6383
6240,6370
6237,6363
6242,6374
6241,6361
6248,6399
6230,6385
6241,6391
6244,6392
6240,6411
6228,6401
6219,6390
6227,6390
6227,6386
6239,6366
6242,6391
6229,6387
6235,6385
6227,6388
6242,6368
6240,6377
6225,6384
6228,6396
6227,6392
6224,6384
6227,6419
6227,6406
6231,6413
6224,6402
6223,6402
6223,6383
6223,6386
6214,6389
6233,6400
6232,6400
6225,6391
6219,6403
6227,6385
6227,6378
6225,6431
6226,6382
6226,6403
6231,6411
6220,6410
6227,6413
6222,6412
6225,6400
6221,6409
6216,6428
6238,6434
6229,6423
6216,6415
6231,6426
6225,6385
6229,6407
6225,6396
6223,6390
6211,6399
6218,6387
6233,6386
6222,6391
6243,6396
6213,6392
6224,6399
6215,6385
6230,6415
6233,6393
6220,6407
6221,6391
6227,6414
6222,6437
6234,6392
6239,6381
6224,6400
6227,6376
6211,6382
6222,6383
6234,6392
6236,6379
6221,6395
6219,6395
6222,6392
6223,6393
6220,6375
6209,6370
6222,6383
6232,6362
6230,6364
6234,6368
6212,6358
6224,6381
6209,6375
6227,6366
6224,6389
6233,6371
6221,6392
6216,6410
6224,6401
6229,6400
6235,6442
6219,6433
6219,6408
6214,6412
6225,6426
6214,6414
6201,6429
6222,6416
6232,6417
6232,6384
6235,6399
6218,6399
6220,6414
6238,6407
6226,6405
6225,6420
6224,6387
6225,6415
6215,6417
6223,6391
6221,6383
6217,6402
6216,6370
6207,6423
6223,6388
6222,6406
6223,6405
6224,6395
6206,6409
6220,6391
6211,6397
6224,6388
6212,6382
6224,6386
6212,6373
6223,6377
6221,6378
6233,6389
6248,6374
6232,6385
6224,6407
6228,6406
6237,6414
6222,6386
6221,6412
6223,6396
6229,6401
6225,6392
6213,6402
6212,6392
6223,6396
6216,6387
6229,6404
6223,6405
6213,6372
6212,6354
6226,6374
6228,6404
6220,6392
6239,6393
6216,6376
6232,6403
6218,6390
6219,6372
6218,6375
6218,6382
6242,6367
6232,6362
6219,6374
6225,6375
6228,6366
6221,6389
6228,6390
6223,6408
6234,6388
6214,6383
6218,6371
6226,6374
6232,6382
6210,6354
6263,6646
6210,6400
6222,6397
6229,6367
6220,6371
6223,6397
6226,6382
6222,6358
6228,6375
6227,6378
6239,6393
6244,6393
6235,6393
6223,6398
6233,6394
6233,6395
6365,6545
6576,6580
6240,6677
6069,6163
6233,6353
6158,6285
6240,6375
6229,6349
6217,6360
6217,6370
6238,6409
6206,6334
6220,6327
6220,6351
6240,6358
6235,6351
6216,6338
6232,6331
6222,6351
6234,6363
6232,6369
6222,6348
6229,6356
6219,6369
6231,6382
6227,6362
6224,6373
6243,6367
6235,6346
6234,6336
6218,6355
6236,6365
6241,6347
6229,6350
6223,6370
6228,6358
6232,6362
6227,6335
6226,6337
6227,6355
6221,6360
6234,6335
6237,6335
6240,6328
6231,6349
6238,6359
6229,6343
6247,6341
6238,6343
6242,6341
6232,6334
6243,6348
6239,6336
6242,6344
6241,6349
6243,6357
6249,6334
6265,6343
6243,6327
6252,6340
6258,6327
6246,6321
6244,6317
6250,6326
6260,6345
6270,6337
6287,6321
6270,6347
6258,6341
6271,6339
6268,6353
6276,6340
6273,6359
6281,6342
6304,6354
6304,6345
6314,6340
6336,6349
6359,6362
6377,6347
6417,6341
6453,6355
6523,6358
6560,6359
6613,6330
6676,6344
6751,6358
6823,6350
6902,6368
6960,6430
7089,6382
7101,6375
7165,6360
7219,6375
7202,6358
7157,6352
7176,6382
7118,6376
7080,6371
6994,6381
6896,6374
6829,6358
6778,6351
6749,6368
6763,6350
6849,6349
6939,6358
7066,6373
7226,6414
7444,6403
7575,6412
7841,6407
8075,6416
8351,6408
8593,6438
8818,6457
9043,6464
9316,6478
9601,6526
9883,6558
10110,6581
10268,6674
10390,6704
10403,6776
10458,6825
10594,6884
10785,6921
10691,7005
10588,7063
10296,7144
10215,7257
10162,7364
9971,7511
9697,7606
9315,7726
9061,7806
8848,7856
8653,7925
8358,8015
8022,8009
7849,8166
7644,8322
7488,8334
7303,8381
7136,8303
7003,8282
6939,8202
6934,8111
6968,8020
7073,7828
7207,7664
7436,7502
7718,7476
7998,7398
8412,7286
8829,7199
9136,7092
9528,7014
10146,6894
10553,6752
10845,6751
11352,6713
11557,6709
11875,6694
11897,6747
11942,6816
11923,6872
11951,7027
12103,7154
11998,7263
12152,7464
12311,7652
11789,7803
11410,7925
11453,8248
10979,8324
10716,8569
10453,8845
9983,8999
9673,9207
9194,9360
8835,9427
8553,9688
8234,9846
8038,9878
7720,10031
7435,10095
7252,10040
7139,10178
7044,10064
6999,10099
6941,9750
6955,9870
6963,9553
6995,9258
7084,8862
7158,8617
7317,8331
7559,8073
7767,7893
7965,7612
8155,7421
8477,7232
8760,7100
9087,7013
9318,6984
9657,6938
9944,6897
10128,6946
10532,7040
10700,7147
10824,7257
10942,7332
11032,7452
11139,7591
11222,7863
11158,8002
11191,8179
11165,8296
11079,8512
10933,8727
10705,8846
10444,8824
10054,9016
9764,9029
9460,9156
9142,9276
8766,9343
8442,9420
8195,9422
7885,9408
7546,9316
7313,9274
7135,9183
6990,9043
6910,8962
6889,8819
6824,8676
6818,8548
6896,8292
6973,8087
7082,7935
7274,7780
7450,7650
7636,7434
7916,7285
8142,7140
8498,7082
8769,6983
9103,6916
9507,6841
9848,6800
10253,6784
10818,6762
11284,6844
11519,6928
11864,6981
11969,7117
12154,7295
12567,7505
12755,7716
12594,7902
12538,8024
12703,8242
12379,8438
12407,8779
12025,8973
11636,9196
11239,9529
10802,9462
10355,9650
9863,9698
9557,9832
9143,9936
8742,9977
8299,9977
7898,9989
7679,9993
7387,9856
7267,9895
7103,9688
7006,9534
6937,9319
6917,9117
6947,8963
7018,8862
7085,8627
7177,8522
7241,8282
7279,8031
7392,7794
7526,7634
7620,7427
7796,7216
7939,7104
8123,6940
8263,6852
8427,6743
8601,6707
8760,6749
8824,6802
8960,6891
8907,7021
8949,7194
9101,7399
8986,7622
8996,7919
8977,8222
8932,8563
8918,8736
8857,8872
8794,9088
8620,9191
8611,9579
8469,9759
8320,10002
8111,9990
8020,10105
7809,10120
7599,9916
7452,9899
7357,9789
7158,9387
6997,9150
6830,9000
6739,8844
6699,8653
6632,8496
6605,8329
6623,8182
6674,8005
6704,7852
6794,7758
6887,7576
6983,7421
7097,7308
7192,7184
7356,7050
7504,6954
7627,6850
7754,6775
7868,6719
7997,6721
8236,6697
8505,6669
8643,6711
8769,6730
8949,6774
9044,6852
9158,6920
9311,6989
9394,7115
9553,7246
9573,7358
9728,7562
9656,7623
9787,7793
9695,8015
9659,8164
9501,8244
9441,8327
9356,8397
9166,8610
8944,8581
8666,8646
8436,8690
8205,8641
7961,8601
7772,8561
7565,8501
7293,8428
7112,8245
6987,8111
6889,8085
6815,7993
6732,7879
6681,7751
6707,7642
6717,7519
6813,7391
6902,7246
7045,7157
7227,7030
7401,6953
7538,6868
7812,6800
8077,6724
8397,6647
8681,6616
8945,6582
9306,6603
9599,6588
9916,6628
10298,6687
10639,6793
10731,6901
10986,7032
11167,7184
11307,7297
11371,7517
11364,7731
11224,7933
11042,8191
11018,8488
10813,8674
10491,8787
10332,8936
9794,9070
9554,9224
9146,9422
8798,9572
8487,9659
8246,9662
7944,9671
7717,9697
7515,9713
7311,9713
7101,9649
6989,9604
6913,9487
6840,9486
6813,9327
6786,9202
6810,8962
6924,8749
7011,8507
7125,8361
7248,8152
7416,7970
7561,7729
7734,7518
7914,7264
8077,7069
8266,6904
8371,6768
8572,6678
8711,6577
8879,6562
9053,6564
9160,6628
9280,6730
9344,6860
9471,6986
9597,7204
9660,7386
9731,7641
9801,7875
9930,8146
9942,8384
9902,8637
9902,8767
9827,9070
9649,9081
9540,9262
9297,9488
9088,9494
8873,9577
8537,9624
8362,9416
8111,9626
7796,9768
7572,9607
7408,9588
7227,9322
7041,9291
6870,9034
6816,8925
6740,8730
6746,8411
6713,8161
6864,8073
6921,7810
7184,7664
7398,7514
7589,7336
7795,7217
8059,7089
8283,6978
8594,6945
8875,6850
9172,6785
9359,6729
9542,6695
9805,6706
9849,6647
9949,6672
10050,6709
10364,6800
10329,6913
10400,7042
10322,7249
10458,7393
10348,7668
10205,7901
10181,8190
10057,8409
9995,8679
9798,8915
9591,9201
9467,9403
9243,9520
8936,9853
8777,10008
8578,10232
8306,10432
8062,10511
7880,10418
7645,10504
7429,10417
7299,10159
7117,10118
6982,9855
6866,9640
6781,9474
6737,9268
6721,9083
6735,8819
6782,8604
6817,8296
6910,8121
7058,7919
7183,7605
7313,7459
7493,7342
7658,7136
7867,7027
8108,6932
8349,6850
8561,6802
8665,6733
8800,6698
8925,6703
9069,6772
9125,6809
9224,6863
9387,7122
9574,6973
9334,7189
9297,7384
9284,7445
9263,7663
9098,7796
8935,7986
8859,8200
8706,8352
8619,8500
8521,8631
8319,8744
8237,8818
8045,8933
7903,9110
7807,9073
7620,9066
7431,9154
7226,9215
7054,9115
6955,9068
6837,9084
6701,8885
6653,8740
6683,8551
6746,8503
6683,8376
6692,8222
6776,8028
6957,7832
7088,7656
7203,7463
7444,7239
7775,7113
7935,6947
8137,6842
8327,6744
8570,6698
8646,6640
8769,6632
8998,6632
9190,6611
9293,6681
9423,6734
9525,6830
9507,6920
9408,7001
9429,7078
9472,7207
9476,7412
9408,7565
9359,7645
9178,7750
9042,7982
8850,8136
8743,8267
8785,8444
8498,8463
8244,8640
8007,8879
7800,8930
7699,8992
7501,9031
7355,8967
7264,9009
7059,8961
6944,8855
6897,8781
6839,8643
6823,8517
6776,8362
6728,8110
6712,7901
6763,7739
6842,7578
7062,7486
7209,7261
7407,7058
7653,6945
7908,6791
8088,6723
8231,6643
8550,6622
8803,6523
8997,6481
9271,6498
9476,6478
9747,6510
10007,6585
10207,6662
10403,6702
10576,6877
10678,6965
10699,7093
10794,7197
10980,7382
10978,7514
10869,7706
10595,7786
10462,7970
10260,8151
10102,8288
9741,8404
9424,8468
9233,8540
8889,8672
8625,8711
8425,8830
8181,8865
7917,8912
7756,8966
7530,8907
7327,8815
7163,8638
7039,8495
6965,8477
6870,8364
6876,8234
6875,8019
6894,7869
6959,7685
7080,7564
7221,7494
7362,7309
7586,7183
7840,7038
8105,6946
8391,6836
8748,6779
9229,6723
9513,6638
9806,6621
10000,6663
10123,6667
10337,6743
10435,6796
10609,6906
10676,7082
10737,7250
10659,7410
10624,7654
10441,7855
10346,8044
10202,8231
9954,8386
9844,8574
9599,8718
9233,8803
8931,8977
8736,9147
8436,9281
8174,9354
7958,9294
7781,9455
7584,9555
7438,9575
7232,9501
7171,9564
7100,9420
6988,9207
6979,9074
6981,8947
6985,8848
7020,8650
7062,8447
7119,8240
7222,8024
7322,7791
7479,7546
7590,7331
7745,7193
7909,7031
8180,6954
8426,6877
8655,6767
8870,6758
9123,6714
9384,6685
9640,6716
9971,6726
10290,6817
10486,6876
10672,7029
10786,7142
10714,7336
10875,7518
10853,7611
10996,7787
10951,7997
11008,8200
10879,8339
10911,8505
10823,8656
10544,8725
10283,8937
10017,8994
9591,9024
9220,9086
9014,9129
8754,9166
8523,9154
8162,9200
7970,9226
7763,9324
7462,9275
7286,9234
7096,9154
7002,9031
6936,8849
6973,8800
7026,8646
7294,8531
7390,8391
7549,8185
7781,7992
8027,7809
8312,7619
8593,7376
9066,7265
9315,7120
9624,6965
9941,6805
10297,6702
10652,6682
10993,6640
11314,6667
11440,6688
11660,6739
11744,6858
11970,6992
12388,7150
12494,7290
12476,7531
12448,7812
12237,8106
12377,8416
12288,8576
11891,8909
11565,9234
11281,9752
10855,9857
10551,9865
10158,9955
9736,10201
9377,10383
9068,10544
8757,10598
8397,10656
8103,10559
7779,10400
7638,10251
7423,10049
7284,10290
7122,9925
7072,9933
6977,9340
7001,9149
7114,8964
7230,8566
7474,8272
7666,8064
7902,7813
8196,7552
8583,7376
8762,7168
9109,6973
9676,6973
10017,6770
10520,6697
11057,6637
11735,6652
12178,6737
12667,6856
13287,6960
14052,7136
14600,7315
14997,7487
15382,7719
15878,7953
15927,8205
16333,8544
16220,8783
16383,9033
16296,9309
15728,9676
15442,9878
14767,9970
14270,10116
13367,10336
12916,10525
11961,10723
11228,10846
10663,10918
9891,10843
9222,10719
8714,10779
8287,10794
7878,10425
7544,10331
7296,10023
7292,9883
7298,9835
7352,9683
7461,9662
7661,9421
7995,9171
8427,9044
8727,8753
9128,8531
9458,8226
9810,8013
10295,7931
10598,7646
10737,7381
10817,7229
10880,7040
11088,6984
11098,6928
10982,6955
11210,7011
11233,7207
11396,7569
11195,7835
11152,8317
11014,8756
10882,9307
10700,9878
10684,10457
10571,11109
10499,11754
10322,12146
10336,12703
10061,12916
9848,13052
9768,13417
9721,13857
9470,13840
9161,13645
8886,13566
8541,13282
8238,13088
8001,12759
7717,12530
7565,12087
7334,11684
7242,11128
7135,10831
7207,10589
7018,10201
7105,9600
7625,9132
8048,8824
7904,8457
7432,8133
6999,7896
6644,7710
6422,7458
6305,7330
6241,7266
6195,7156
6184,7072
6182,7067
6173,7021
6162,7010
6157,7060
6150,7093
6149,7210
6144,7311
6149,7432
6147,7585
6142,7850
6133,8145
6131,8437
6128,8639
6128,8962
6138,9242
6126,9658
6123,9826
6126,10057
6130,10463
6121,10862
6121,11117
6123,11391
6130,11566
6129,11755
6119,11918
6121,12039
6125,11927
6124,11819
6123,11658
6111,11415
6130,11013
6113,10569
6126,10255
6122,9761
6113,9417
6113,9189
6126,8746
6121,8334
6114,8049
6121,7758
6112,7627
6107,7317
6108,7177
6104,6984
6110,6811
6122,6726
6124,6669
6102,6541
6109,6405
6113,6296
6102,6231
6109,6212
6110,6175
6102,6159
6105,6160
6104,6126
6101,6125
6111,6131
6105,6128
6097,6128
6095,6109
6096,6121
6106,6125
6103,6105
6100,6090
6102,6087
6105,6085
6115,6085
6096,6071
6108,6081
6105,6076
6107,6070
6103,6082
6108,6080
6101,6063
6104,6074
6106,6065
6105,6065
6105,6069
6098,6080
6107,6069
6100,6064
6111,6061
6104,6079
6101,6077
6108,6067
6109,6065
6104,6061
6099,6070
6109,6063
6098,6054
6101,6056
6103,6062
6104,6054
6114,6062
6104,6063
6104,6070
6098,6058
6104,6066
6112,6065
6119,6057
6110,6053
6109,6043
6104,6060
6114,6051
6115,6062
6112,6048
6102,6049
6114,6056
6106,6066
6104,6051
6112,6067
6105,6061
6103,6065
6112,6053
6098,6053
6104,6055
6100,6062
6098,6058
6105,6057
6102,6055
6105,6053
6105,6053
6107,6043
6113,6055
6104,6040
6107,6043
6120,6062
6116,6046
6107,6045
6106,6048
6109,6056
6108,6056
6109,6041
6109,6061
6107,6044
6108,6041
6111,6048
6104,6051
6108,6042
6110,6056
6103,6053
6100,6060
6111,6048
6105,6062
6105,6056
6104,6048
6110,6049
6108,6039
6107,6052
6102,6039
6093,6044
6106,6050
6108,6056
6105,6056
6102,6049
6103,6044
6102,6047
6108,6058
6105,6049
6100,6058
6101,6044
6110,6050
6106,6055
6105,6061
6102,6055
6100,6053
6095,6055
6102,6052
6101,6040
6102,6055
6098,6049
5970,5914
6435,6285
6011,5944
6151,6108
6073,6022
6084,6036
6088,6057
6138,6072
6101,6046
6111,6063
6089,6042
6095,6068
6106,6052
6106,6050
6097,6050
6101,6060
6103,6058
6109,6054
6109,6035
6107,6049
6096,6065
6100,6050
6100,6051
6112,6058
6111,6043
6109,6062
6107,6051
6096,6056
6099,6059
6101,6062
6111,6045
6099,6054
6101,6055
6108,6047
6108,6054
6101,6053
6103,6055
6100,6057
6097,6049
6099,6058
6092,6058
6097,6053
6110,6056
6094,6050
6108,6043
6095,6049
6103,6056
6091,6053
6107,6050
6118,6053
6108,6041
6103,6049
6095,6048
6110,6048
6097,6046
6100,6062
6114,6043
6096,6036
6104,6053
6102,6047
6104,6046
6110,6062
6105,6050
6095,6062
6096,6057
6096,6042
6103,6051
6089,6040
6111,6047
6106,6053
6110,6046
6096,6052
6108,6055
6101,6039
6102,6054
6097,6052
6108,6049
6097,6052
6103,6045
6097,6050
6094,6050
6106,6043
6096,6057
6094,6047
6098,6049
6104,6056
6101,6054
6094,6049
6097,6056
6099,6049
6098,6049
6092,6046
6112,6040
6107,6057
6095,6046
6101,6047
6099,6050
6094,6048
6102,6055
6085,6045
6099,6062
6091,6059
6091,6046
6093,6054
6091,6047
6104,6060
6102,6057
6096,6050
6098,6055
6093,6054
6104,6052
6101,6066
6097,6042
6101,6043
6099,6046
6117,6041
6098,6053
6090,6043
6102,6025
6091,6064
6102,6041
6103,6051
6099,6045
6098,6037
6106,6069
6100,6054
6100,6057
6107,6052
6101,6038
6098,6049
6098,6045
6108,6053
6101,6054
6107,6060
6096,6049
6098,6054
6098,6060
6106,6047
6105,6052
6092,6064
6102,6057
6098,6050
6106,6053
6095,6057
6100,6042
6100,6050
6093,6057
6098,6063
6088,6047
6092,6048
6107,6062
6103,6047
6102,6060
6100,6059
6110,6057
6104,6039
6110,6050
6112,6060
6100,6048
6101,6065
6110,6064
6096,6053
6106,6054
6107,6060
6098,6048
6103,6053
6108,6055
6109,6053
6103,6050
6106,6054
6108,6048
6094,6046
6100,6051
6106,6063
6097,6047
6104,6037
6110,6051
6101,6050
6106,6055
6101,6056
6102,6057
6103,6053
6097,6036
6094,6045
6098,6044
6106,6057
6107,6046
6100,6056
6101,6056
6111,6047
6100,6055
6093,6046
6097,6049
6106,6041
6102,6040
6101,6048
6104,6052
6100,6046
6104,6056
6105,6054
6095,6062
6098,6049
6102,6057
6098,6042
6100,6053
6098,6050
6098,6045
6106,6053
6097,6054
6104,6049
6114,6056
6109,6051
6098,6045
6098,6046
6106,6058
6096,6051
6098,6052
6100,6041
6099,6052
6086,6047
6098,6035
6102,6051
6095,6055
6100,6054
6105,6055
6103,6052
6092,6054
6099,6060
6112,6050
6116,6049
6104,6065
6095,6049
6094,6042
6110,6060
6107,6054
6106,6053
6110,6058
6107,6044
6104,6047
6099,6054
6111,6055
6106,6048
6106,6048
6101,6063
6109,6051
6106,6049
6106,6061
6106,6057
6114,6048
6108,6049
6120,6057
6116,6050
6108,6047
6116,6053
6119,6054
6113,6063
6125,6056
6109,6051
6107,6054
6111,6053
6116,6051
6104,6051
6111,6042
6111,6044
6113,6049
6103,6041
6113,6051
6134,6075
6184,6114
6125,6032
6120,6084
6126,6099
6112,6068
6111,6046
6113,6063
6102,6041
6099,6049
6096,6040
6110,6049
6115,6050
6101,6062
6102,6057
6102,6055
6105,6049
6112,6038
6109,6064
6110,6056
6096,6050
6113,6051
6104,6047
6114,6052
6098,6050
6107,6041
6111,6043
6115,6060
6110,6050
6108,6053
6107,6051
6098,6048
6103,6047
6111,6038
6110,6045
6113,6048
6104,6052
6110,6055
6106,6047
6122,6050
6103,6052
6111,6053
6109,6053
6109,6040
6106,6060
6105,6055
6119,6048
6122,6051
6101,6040
6104,6053
6102,6055
6112,6048
6114,6058
6109,6064
6097,6057
6110,6065
6111,6053
6111,6045
6100,6044
6097,6060
6110,6049
6114,6059
6101,6050
6119,6055
6123,6058
6098,6064
6107,6053
6107,6055
6108,6067
6112,6053
6112,6056
6106,6041
6107,6073
6114,6065
6109,6063
6120,6048
6102,6037
6113,6063
6118,6061
6104,6062
6114,6053
6107,6062
6117,6055
6115,6056
6105,6064
6117,6053
6117,6049
6115,6058
6105,6063
6114,6056
6111,6057
6125,6054
6113,6058
6107,6063
6126,6051
6116,6065
6115,6061
6117,6062
6112,6055
6119,6045
6112,6058
6112,6052
6113,6047
6103,6053
6112,6064
6112,6060
6118,6049
6118,6049
6117,6047
6116,6066
6115,6058
6114,6057
6105,6058
6116,6063
6113,6066
6111,6058
6114,6061
6114,6044
6115,6052
6113,6061
6111,6061
6110,6065
6105,6063
6114,6062
6110,6055
6113,6041
6107,6058
6108,6057
6110,6062
6110,6062
6107,6057
6114,6055
6113,6055
6112,6065
6118,6046
6111,6057
6113,6058
6116,6054
6110,6058
6110,6063
6114,6056
6120,6061
6118,6052
6117,6065
6110,6065
6112,6061
6112,6058
6112,6070
6120,6054
6116,6064
6106,6063
6106,6063
6113,6045
6114,6056
6114,6045
6118,6058
6118,6053
6107,6041
6112,6058
6110,6058
6114,6046
6121,6052
6118,6059
6112,6063
6108,6056
6114,6056
6104,6062
6112,6056
6118,6056
6111,6063
6114,6064
6108,6045
6110,6050
6110,6050
6113,6049
6108,6058
6116,6056
6113,6047
6106,6056
6111,6047
6112,6053
6113,6050
6116,6064
6116,6051
0,26
0,61680
0,0
6120,6054
5598,5585
5593,5581
5607,5594
5602,5569
5606,5583
5594,5581
5597,5588
5601,5571
5820,5755
6335,6296
6284,6291
6296,6290
6304,6307
6310,6309
6293,6328
6303,6318
6290,6321
6297,6302
6297,6311
6309,6330
6310,6327
6289,6290
6314,6331
6311,6305
6316,6318
6299,6314
6295,6324
6296,6334
6304,6323
6285,6319
6285,6327
6308,6320
6297,6330
6290,6323
6293,6311
6299,6327
6313,6319
6299,6305
6293,6326
6293,6310
6296,6320
6286,6321
6296,6324
6303,6340
6305,6324
6292,6322
6299,6317
6299,6296
6305,6323
6286,6331
6304,6312
6296,6328
6293,6307
6302,6336
6304,6328
6295,6315
6301,6321
6307,6333
6310,6327
6305,6326
6317,6319
6304,6313
6292,6330
6304,6332
6303,6326
6308,6328
6306,6325
6304,6317
6305,6298
6291,6317
6295,6304
6298,6302
6304,6318
6287,6329
6294,6329
6308,6313
6297,6326
6286,6319
6281,6325
6298,6315
6310,6313
6300,6335
6305,6323
6305,6318
6296,6319
6290,6319
6299,6311
6291,6315
6293,6319
6309,6334
6290,6305
6289,6309
6300,6322
6288,6321
6294,6347
6292,6325
6287,6297
6289,6314
6304,6329
6286,6303
6288,6323
6283,6327
6297,6320
6283,6322
6288,6332
6287,6334
6296,6346
6291,6325
6301,6327
6287,6310
6281,6325
6280,6343
6284,6347
6295,6335
6282,6326
6297,6322
6310,6337
6308,6331
6290,6329
6314,6344
6314,6349
6307,6338
6301,6353
6297,6345
6303,6336
6288,6320
6289,6329
6277,6323
6290,6338
6271,6312
6272,6324
6276,6321
6276,6321
6286,6323
6285,6314
6285,6295
6294,6319
6298,6304
6292,6311
6291,6317
6301,6321
6270,6351
6293,6327
6301,6349
6296,6329
6292,6337
6299,6325
6287,6306
6302,6306
6286,6324
6279,6337
6277,6328
6300,6354
6301,6362
6286,6336
6302,6367
6284,6337
6284,6322
6276,6367
6277,6348
6270,6342
6272,6330
6280,6370
6288,6339
6292,6345
6278,6324
6278,6347
6282,6323
6284,6344
6271,6362
6296,6340
6277,6346
6284,6358
6265,6345
6281,6324
6270,6314
6289,6323
6281,6340
6309,6340
6285,6362
6292,6342
6293,6333
6269,6339
6273,6331
6267,6347
6290,6344
6294,6328
6282,6344
6263,6353
6284,6349
6300,6355
6280,6331
6285,6359
6287,6368
6294,6361
6283,6368
6292,6349
6278,6362
6273,6373
6280,6362
6282,6364
6287,6365
6276,6349
6278,6341
6273,6358
6264,6360
6276,6354
6270,6356
6268,6363
6287,6368
6271,6352
6279,6358
6280,6374
6278,6370
6276,6364
6270,6351
6277,6370
6279,6383
6270,6371
6274,6392
6269,6369
6282,6368
6272,6360
6257,6366
6268,6367
6270,6355
6264,6358
6284,6355
6270,6367
6249,6357
6260,6357
6259,6367
6196,6319
6453,6502
6219,6411
6413,6336
6308,6440
6278,6386
6299,6386
6280,6410
6267,6408
6271,6414
6249,6376
6265,6414
6273,6376
6270,6384
6258,6366
6253,6389
6264,6357
6265,6382
6258,6373
6266,6384
6265,6360
6251,6384
6263,6393
6256,6387
6257,6386
6233,6378
6250,6385
6244,6377
6252,6354
6258,6363
6258,6364
6240,6415
6257,6351
6243,6355
6237,6377
6255,6369
6255,6374
6239,6379
6247,6351
6252,6366
6264,6385
6258,6373
6241,6394
6260,6388
6250,6387
6256,6411
6232,6397
6243,6380
6252,6372
6252,6388
6263,6373
6243,6363
6253,6396
6236,6376
6236,6376
6256,6397
6251,6383
6240,6385
6257,6375
6228,6374
6234,6382
6233,6402
6245,6396
6227,6384
6240,6357
6240,6372
6242,6394
6241,6376
6247,6405
6251,6402
6250,6388
6240,6384
6238,6375
6235,6379
6243,6368
6241,6359
6240,6387
6238,6386
6232,6359
6225,6367
6226,6368
6245,6392
6233,6404
6244,6398
6228,6391
6231,6385
6253,6383
6235,6379
6242,6400
6244,6401
6239,6404
6233,6442
6243,6414
6242,6425
6251,6419
6241,6399
6241,6412
6245,6396
6239,6392
6241,6398
6243,6377
6240,6375
6246,6382
6250,6380
6236,6376
6251,6385
6235,6390
6253,6394
6252,6394
6244,6421
6239,6399
6222,6380
6245,6391
6242,6394
6241,6385
6239,6378
6214,6409
6226,6393
6243,6396
6236,6369
6249,6380
6241,6399
6222,6386
6225,6402
6216,6381
6233,6402
6237,6404
6235,6405
6231,6396
6219,6402
6221,6387
6224,6376
6225,6386
6243,6394
6240,6396
6231,6408
6226,6410
6227,6385
6218,6399
6229,6417
6221,6398
6238,6388
6238,6396
6219,6387
6231,6409
6232,6393
6224,6403
6223,6410
6217,6419
6231,6423
6232,6442
6223,6420
6215,6425
6206,6402
6222,6403
6208,6410
6211,6394
6216,6393
6217,6394
6227,6387
6220,6395
6231,6384
6217,6400
6222,6384
6221,6385
6233,6396
6229,6389
6225,6414
6224,6392
6223,6423
6234,6412
6210,6378
6218,6365
6214,6388
6220,6382
6221,6372
6219,6398
6234,6406
6230,6367
6215,6385
6223,6398
6225,6392
6216,6388
6207,6378
6227,6359
6228,6361
6232,6365
6223,6340
6234,6373
6213,6368
6222,6384
6218,6377
6219,6379
6235,6399
6222,6382
6214,6384
6215,6410
6225,6410
6226,6415
6228,6420
6225,6436
6222,6422
6230,6399
6235,6424
6229,6425
6217,6418
6220,6418
6209,6411
6234,6382
6231,6416
6219,6409
6220,6414
6232,6396
6224,6399
6218,6430
6223,6414
6225,6420
6212,6405
6230,6397
6217,6379
6219,6390
6222,6384
6217,6401
6216,6385
6215,6390
6221,6395
6219,6380
6217,6391
6211,6405
6214,6384
6224,6388
6222,6386
6220,6410
6234,6390
6209,6367
6224,6355
6238,6392
6235,6382
6229,6406
6218,6404
6215,6403
6234,6422
6224,6398
6223,6414
6226,6388
6219,6402
6224,6394
6208,6388
6213,6383
6220,6381
6208,6398
6223,6377
6224,6386
6206,6342
6215,6368
6223,6377
6215,6392
6229,6381
6226,6383
6216,6400
6226,6385
6219,6396
6227,6391
6220,6373
6221,6380
6212,6388
6223,6350
6214,6374
6254,6423
6180,6348
6241,6411
6192,6365
6201,6376
6190,6364
6255,6393
6206,6352
6224,6359
6223,6383
6219,6354
6232,6385
6238,6388
6224,6400
6225,6375
6216,6383
6235,6383
6232,6381
6228,6384
6224,6379
6220,6367
6230,6386
6232,6387
6237,6384
6216,6386
6223,6365
6238,6401
6230,6401
6235,6385
6228,6371
6230,6378
6236,6326
6238,6364
6222,6360
6238,6364
6229,6357
6223,6377
6233,6373
6208,6340
6222,6343
6223,6343
6232,6356
6234,6345
6217,6342
6217,6344
6219,6318
6224,6345
6223,6356
6225,6345
6218,6336
6219,6373
6227,6367
6225,6370
6219,6358
6241,6372
6233,6357
6227,6335
6221,6340
6220,6364
6217,6361
6229,6349
6223,6346
6229,6373
6240,6353
6225,6345
6234,6343
6235,6362
6231,6353
6241,6333
6227,6348
6228,6302
6244,6346
6240,6339
6230,6337
6238,6341
6234,6338
6243,6345
6243,6324
6238,6360
6234,6340
6248,6351
6250,6352
6255,6344
6254,6345
6260,6325
6241,6334
6251,6304
6259,6329
6242,6308
6253,6326
6251,6328
6264,6359
6268,6325
6259,6336
6269,6346
6260,6339
6271,6325
6267,6372
6276,6343
6289,6343
6286,6329
6294,6336
6309,6338
6306,6342
6328,6337
6354,6344
6388,6344
6422,6352
6445,6344
6508,6352
6549,6351
6609,6331
6666,6327
6716,6353
6815,6352
6910,6374
6943,6371
7026,6370
7086,6378
7148,6383
7156,6366
7183,6348
7146,6326
7134,6359
7105,6386
7051,6368
7012,6364
6917,6369
6825,6343
6776,6337
6735,6346
6762,6372
6822,6354
6931,6359
7054,6396
7238,6392
7437,6406
7559,6415
7804,6420
8059,6425
8327,6413
8563,6449
8806,6463
9021,6478
9306,6489
9619,6534
9914,6549
10125,6613
10299,6673
10352,6704
10404,6770
10513,6800
10582,6882
10796,6946
10715,6985
10547,7066
10272,7189
10211,7282
10184,7363
9993,7525
9635,7632
9342,7700
9049,7845
8809,7916
8668,7954
8379,8034
8038,8069
7811,8116
7658,8226
7494,8339
7290,8343
7144,8308
7044,8292
6947,8215
6940,8082
6997,8010
7066,7829
7199,7681
7389,7535
7736,7464
8067,7410
8391,7311
8833,7222
9126,7127
9645,6988
10166,6871
10491,6768
11098,6709
11294,6703
11591,6717
11749,6701
11839,6769
12015,6797
12030,6896
11887,7019
12183,7140
12206,7278
12089,7434
11784,7624
11918,7837
11491,7951
11385,8208
10938,8315
10675,8565
10399,8772
10041,9029
9674,9237
9136,9231
8829,9477
8575,9649
8231,9860
8033,9918
7735,10053
7467,10179
7253,10029
7132,10146
7039,10031
6981,9956
6942,9793
6946,9686
6982,9465
7001,9259
7056,8882
7111,8544
7311,8329
7540,8064
7765,7871
7947,7599
8186,7411
8492,7250
8799,7119
9128,7037
9332,6971
9697,6922
9973,6929
10141,6987
10449,7061
10611,7156
10760,7255
10934,7382
11115,7478
11144,7696
11124,7796
11143,8026
11191,8162
11169,8290
11077,8589
10929,8791
10714,8855
10416,8983
10090,9017
9798,9064
9484,9157
9055,9259
8762,9404
8449,9450
8205,9412
7882,9369
7561,9359
7354,9263
7150,9154
6993,9050
6944,8967
6895,8801
6832,8691
6857,8507
6891,8302
6913,8080
7117,7953
7430,7688
7372,7678
7661,7438
7835,7248
8092,7100
8507,7107
8841,6955
9117,6963
9564,6785
9876,6805
10313,6789
10746,6776
11189,6836
11416,6915
11837,6992
12037,7118
12274,7296
12606,7480
12799,7685
12901,7923
12584,8029
12978,8301
12477,8478
12307,8744
12199,9002
11504,9148
11243,9366
10845,9461
10521,9726
10139,9789
9733,9936
9096,9966
8933,10167
8350,10046
7929,10113
7648,9948
7427,9878
7240,9739
7071,9530
7008,9416
6970,9329
6931,9222
6964,8938
7035,8891
7059,8710
7169,8511
7286,8305
7320,8131
7417,7842
7558,7693
7670,7426
7816,7300
7984,7140
8187,7025
8434,6909
8509,6799
8597,6731
8791,6727
8967,6814
9007,6902
9053,7070
9086,7245
9094,7393
9209,7672
9035,7925
8938,8220
8907,8536
9039,8860
9083,9108
8818,9163
8693,9347
8783,9861
8422,9732
8466,10288
8121,10094
7971,10047
7836,10114
7648,10021
7478,10029
7290,9670
7134,9373
6992,9178
6879,9041
6751,8846
6698,8630
6668,8470
6631,8313
6637,8195
6670,8009
6725,7912
6801,7744
6914,7628
7011,7497
7125,7340
7265,7206
7445,7074
7576,6946
7633,6844
7918,6792
7952,6749
8127,6718
8312,6679
8444,6686
8593,6715
8804,6754
9005,6796
8973,6854
9094,6926
9247,7002
9414,7143
9520,7249
9576,7399
9695,7557
9735,7677
9766,7761
9731,8024
9673,8210
9610,8312
9492,8337
9297,8427
9163,8550
8956,8678
8639,8609
8441,8654
8246,8734
7971,8662
7740,8557
7558,8545
7316,8442
7092,8278
7009,8142
6878,8009
6788,8036
6736,7937
6681,7817
6712,7638
6727,7524
6801,7388
6926,7309
7075,7131
7232,7065
7404,6977
7543,6850
7853,6775
8058,6723
8379,6649
8640,6602
8910,6567
9235,6597
9641,6597
9879,6631
10299,6681
10587,6786
10689,6883
10870,7003
11071,7135
11334,7303
11514,7571
11415,7758
11219,7942
11195,8209
11035,8486
10826,8686
10636,8811
10171,8921
9798,9117
9587,9266
9259,9384
8864,9532
8493,9634
8290,9671
7964,9714
7724,9760
7562,9719
7369,9718
7171,9669
7008,9631
6958,9529
6874,9431
6796,9335
6770,9179
6796,8932
6929,8752
6992,8518
7132,8401
7265,8206
7394,7933
7541,7712
7717,7483
7915,7254
8067,7052
8289,6898
8414,6775
8596,6667
8716,6599
8858,6586
9069,6621
9160,6680
9247,6762
9300,6921
9340,7077
9575,7255
9662,7473
9630,7791
9759,7986
9910,8201
9911,8458
9861,8728
9854,8829
9754,9109
9597,9170
9519,9321
9286,9562
9065,9552
8881,9602
8588,9664
8349,9677
8091,9742
7851,9774
7626,9698
7412,9589
7196,9478
7054,9138
6866,9066
6789,8920
6742,8735
6726,8352
6729,8192
6841,8030
6973,7863
7080,7654
7383,7490
7611,7335
7836,7225
8111,7073
8337,6993
8697,6950
8939,6862
9205,6782
9486,6737
9610,6718
9802,6695
9940,6652
9929,6660
10127,6753
10169,6803
10353,6921
10297,7106
10318,7263
10355,7404
10273,7665
10200,7899
10137,8174
10093,8431
9975,8715
9833,8934
9572,9174
9444,9363
9210,9511
8989,9810
8791,10028
8552,10370
8274,10396
8093,10568
7861,10643
7643,10609
7276,10095
7327,10367
7093,10202
6983,9950
6839,9737
6799,9539
6746,9311
6748,9180
6748,8864
6783,8617
6827,8382
6908,8149
7040,7865
7205,7665
7279,7479
7472,7354
7657,7166
7890,7050
8096,6932
8321,6833
8503,6802
8604,6734
8791,6704
8893,6715
9043,6744
9152,6803
9184,6866
9220,6944
9321,7029
9306,7149
9315,7323
9283,7502
9234,7624
9041,7777
8968,7967
8851,8169
8697,8369
8640,8527
8514,8678
8306,8873
8192,8836
8045,8968
7902,9130
7850,9158
7654,9190
7442,9210
7239,9288
7099,9149
6947,9129
6826,9008
6724,8940
6632,8791
6685,8590
6713,8517
6677,8417
6665,8253
6771,8067
6964,7825
7089,7671
7228,7445
7441,7273
7763,7121
7964,6985
8077,6867
8374,6761
8504,6675
8601,6667
8755,6629
8956,6632
9162,6649
9236,6664
9381,6752
9469,6839
9482,6902
9407,7027
9416,7084
9360,7265
9490,7379
9419,7499
9303,7663
9184,7762
9021,8046
8806,8206
8761,8313
8846,8412
8503,8493
8223,8704
8043,8875
7771,8957
7698,8968
7508,8984
7388,9035
7250,9017
7095,8957
6973,8887
6902,8778
6836,8654
6825,8533
6778,8352
6714,8157
6710,7942
6772,7738
6887,7599
7032,7461
7240,7242
7431,7073
7638,6955
7913,6826
8107,6727
8243,6653
8515,6600
8793,6532
9017,6479
9316,6485
9447,6493
9836,6550
10020,6615
10290,6676
10404,6741
10627,6890
10745,7024
10734,7117
10902,7246
11008,7393
11031,7575
10870,7709
10565,7762
10404,7978
10289,8227
10048,8294
9771,8394
9451,8468
9156,8568
8887,8712
8628,8777
8431,8855
8196,9036
7954,8897
7721,8986
7514,8964
7351,8851
7166,8658
7086,8630
6976,8497
6896,8388
6872,8217
6888,8114
6896,7873
6967,7732
7088,7600
7212,7519
7433,7350
7594,7119
7794,7024
8042,6930
8409,6856
8798,6751
9166,6730
9577,6674
9828,6616
10078,6650
10268,6716
10316,6733
10498,6838
10684,6966
10785,7126
10753,7248
10684,7430
10640,7670
10494,7885
10340,8062
10198,8250
9953,8386
9816,8587
9608,8692
9345,8863
8962,9014
8679,9127
8474,9282
8170,9335
7947,9277
7811,9478
7637,9557
7437,9571
7283,9542
7132,9546
7057,9354
6992,9226
6999,9113
6988,8969
6991,8823
7003,8700
7042,8431
7132,8251
7195,7998
7344,7797
7426,7526
7592,7362
7746,7238
7940,7050
8059,6988
8381,6874
8637,6794
8840,6754
9029,6746
9294,6733
9633,6728
9994,6753
10300,6810
10511,6901
10657,7012
10744,7171
10775,7338
10896,7491
10931,7636
11053,7812
11031,7991
10993,8184
10951,8371
10964,8526
10522,8601
10673,8771
10413,8920
10077,8994
9793,9067
9497,9111
9065,9183
8783,9135
8487,9134
8103,9186
8083,9248
7685,9306
7461,9350
7278,9224
7146,9171
7005,9055
6945,8910
6953,8751
7086,8622
7268,8509
7341,8408
7634,8229
7885,8013
8094,7771
8330,7624
8620,7398
9024,7260
9298,7097
9752,7017
10064,6819
10436,6723
10748,6704
11011,6663
11251,6640
11403,6696
11669,6765
11747,6838
12064,7001
12436,7153
12617,7324
12751,7617
12562,7834
12316,8278
12360,8420
12433,8719
12146,9107
11658,9384
11263,9671
11044,10111
10645,10026
10335,10455
9846,10366
9368,10368
9024,10638
8783,10721
8426,10903
8192,11026
7854,10878
7633,10507
7475,10664
7280,10328
7135,10127
7099,10154
7017,9591
7028,9338
7158,9083
7244,8667
7486,8361
7729,8201
7987,7939
8251,7609
8556,7398
8897,7247
9232,7027
9804,6951
10095,6802
10583,6693
11247,6722
11977,6725
12441,6777
12931,6841
13492,6968
14009,7127
14877,7327
15355,7519
15618,7756
15981,7942
16170,8219
16007,8539
16296,8830
16344,9014
15832,9355
15429,9677
15392,9866
14964,9959
14212,10135
13492,10345
12992,10559
12088,10772
11225,10834
10557,10863
9859,10833
9242,10784
8734,10854
8273,10839
7888,10461
7546,10256
7327,10008
7335,9980
7324,9909
7353,9747
7466,9635
7657,9466
8032,9206
8363,9020
8743,8857
9250,8573
9579,8280
9838,8005
10176,7860
10500,7628
10713,7416
10790,7210
11295,7121
11116,6976
11200,6957
11272,6971
11237,7018
11328,7244
11453,7571
11278,7898
11188,8385
11047,8840
10991,9452
10791,10033
10782,10609
10664,11309
10716,12114
10416,12280
10429,12828
9993,12899
9971,13338
9892,13789
9878,14259
9509,13898
9181,13777
8832,13590
8533,13574
8226,13334
7984,12866
7697,12551
7579,12155
7308,11732
7231,11374
7136,11113
7236,10671
7042,10311
7092,9702
7688,9193
8017,8792
7888,8438
7549,8331
7010,7954
6672,7707
6411,7463
6312,7411
6235,7278
6209,7156
6187,7081
6182,7080
6173,7044
6160,7050
6157,7057
6155,7132
6151,7223
6150,7379
6152,7481
6161,7649
6138,7988
6137,8154
6131,8402
6135,8738
6133,9203
6140,9541
6121,9837
6120,9986
6128,10218
6127,10616
6128,10918
6131,11187
6126,11428
6116,11534
6123,11816
6123,12021
6127,12087
6123,11879
6121,11933
6122,11689
6115,11380
6120,11055
6115,10593
6124,10221
6109,9789
6114,9447
6119,9169
6127,8792
6119,8364
6113,8107
6120,7741
6118,7634
6118,7372
6110,7192
6110,7016
6102,6838
6109,6766
6115,6722
6106,6556
6115,6414
6116,6311
6109,6240
6114,6200
6113,6187
6098,6170
6113,6143
6101,6145
6104,6132
6110,6134
6109,6127
6109,6112
6099,6124
6099,6114
6102,6114
6102,6100
6099,6103
6109,6104
6108,6090
6120,6088
6098,6065
6104,6088
6107,6080
6104,6073
6104,6076
6112,6071
6106,6075
6104,6070
6097,6082
6113,6071
6104,6077
6104,6068
6097,6072
6107,6063
6109,6071
6105,6070
6113,6064
6112,6062
6110,6074
6104,6058
6100,6065
6111,6055
6104,6066
6104,6055
6107,6060
6104,6063
6112,6064
6105,6063
6100,6076
6110,6059
6102,6063
6112,6060
6111,6059
6107,6058
6101,6060
6111,6062
6110,6053
6120,6061
6110,6064
6098,6051
6113,6061
6105,6049
6109,6054
6111,6062
6110,6061
6105,6058
6110,6213
6108,6047
6101,6051
6099,6050
6111,6048
6117,6042
6103,6037
6104,6046
6112,6055
6110,6057
6107,6057
6105,6046
6105,6039
6105,6065
6114,6047
6103,6053
6112,6046
6112,6045
6109,6054
6104,6048
6112,6057
6109,6051
6113,6029
6113,6057
6112,6055
6104,6054
6112,6048
6097,6057
6101,6053
6114,6008
6109,6065
5965,5896
5957,5920
6161,6089
6098,6055
6035,5996
6108,6053
6096,6048
6102,6047
6098,6050
6104,6051
6107,6054
6106,6055
6095,6051
6111,6051
6103,6058
6104,6050
6111,6047
6097,6055
6107,6051
6103,6051
6104,6054
6099,6042
6094,6053
6100,6050
6101,6053
6111,6036
6098,6061
6096,6054
6107,6051
6104,6052
6100,6061
6103,6050
6100,6048
6099,6056
6106,6057
6103,6063
6105,6053
6104,6055
6099,6042
6108,6059
6107,6050
6111,6052
6102,6051
6102,6064
6091,6045
6104,6051
6104,6051
6093,6065
6101,6051
6101,6057
6114,6053
6105,6054
6110,6055
6098,6057
6097,6050
6106,6060
6100,6061
6101,6063
6097,6048
6097,6048
6107,6054
6109,6054
6103,6051
6099,6058
6103,6039
6104,6052
6097,6065
6098,6059
6095,6061
6104,6059
6102,6060
6101,6046
6093,6051
6104,6059
6103,6040
6103,6055
6108,6062
6106,6054
6103,6048
6100,6050
6103,6049
6102,6054
6097,6057
6102,6051
6088,6049
6102,6055
6103,6050
6098,6055
6109,6056
6094,6057
6103,6058
6097,6044
6092,6038
6092,6051
6096,6054
6111,6062
6113,6053
6102,6057
6099,6051
6105,6059
6088,6047
6096,6038
6108,6046
6099,6049
6098,6048
6100,6036
6092,6045
6095,6060
6111,6043
6103,6051
6092,6053
6099,6053
6097,6041
6094,6053
6089,6052
6101,6049
6103,6051
6091,6054
6095,6040
6091,6057
6099,6051
6097,6037
6104,6056
6095,6051
6094,6053
6097,6053
6103,6040
6105,6050
6089,6057
6102,6047
6084,6056
6095,6051
6100,6050
6096,6064
6087,6054
6097,6050
6090,6037
6098,6050
6093,6044
6098,6048
6099,6059
6099,6054
6106,6047
6099,6055
6089,6052
6094,6065
6105,6052
6100,6054
6105,6044
6100,6049
6103,6049
6102,6056
6094,6043
6096,6057
6097,6013
6101,6040
6100,6045
6096,6045
6105,6048
6104,6060
6104,6063
6094,6061
6098,6039
6113,6052
6102,6051
6114,6053
6104,6063
6108,6042
6094,6051
6105,6046
6105,6045
6106,6050
6099,6053
6098,6042
6096,6055
6097,6046
6103,6044
6106,6051
6099,6043
6106,6066
6109,6060
6105,6066
6106,6056
6112,6049
6106,6050
6099,6063
6102,6064
6110,6067
6097,6055
6112,6055
6110,6061
6097,6046
6101,6059
6114,6065
6109,6047
6096,6045
6104,6065
6107,6051
6101,6055
6107,6051
6106,6064
6095,6062
6102,6024
6111,6051
6111,6045
6108,6057
6097,6052
6107,6060
6096,6058
6104,6051
6095,6052
6101,6046
6104,6063
6102,6049
6093,6044
6103,6039
6104,6049
6105,6025
6097,6038
6102,6046
6102,6048
6109,6051
6098,6058
6093,6052
6113,6047
6096,6049
6106,6060
6101,6051
6103,6048
6091,6051
6098,6049
6094,6037
6094,6057
6107,6059
6106,6051
6093,6040
6100,6035
6106,6042
6111,6043
6104,6055
6096,6053
6111,6049
6097,6050
6098,6056
6102,6040
6096,6043
6101,6049
6103,6047
6100,6053
6096,6052
6092,6061
6108,6051
6103,6055
6098,6044
6098,6057
6117,6050
6108,6056
6099,6063
6096,6046
6104,6063
6102,6055
6103,6054
6105,6044
6112,6058
6103,6055
6105,6061
6100,6058
5965,5964
6110,6050
6023,6209
6118,5902
6123,6056
6140,6034
6059,6014
6110,6041
6141,6066
6119,6067
6117,6047
6098,6039
6119,6051
6119,6050
6125,6062
6113,6045
6113,6048
6101,6037
6110,6047
6111,6049
6107,6048
6110,6049
6115,6063
6117,6054
6117,6052
6107,6044
6112,6057
6117,6059
6104,6057
6102,6050
6103,6042
6107,6067
6108,6055
6104,6055
6110,6045
6109,6048
6102,6049
6106,6043
6108,6040
6113,6053
6101,6063
6111,6061
6112,6047
6102,6041
6107,6038
6110,6064
6117,6056
6110,6062
6107,6060
6099,6037
6103,6063
6102,6058
6108,6049
6108,6049
6107,6055
6114,6049
6107,6057
6108,6048
6105,6048
6100,6039
6113,6056
6112,6058
6107,6055
6101,6039
6107,6038
6111,6032
6116,6058
6105,6053
6112,6050
6107,6053
6108,6044
6106,6046
6096,6046
6113,6046
6109,6055
6099,6043
6106,6050
6106,6057
6107,6058
6112,6057
6106,6053
6099,6056
6108,6048
6107,6047
6108,6051
6098,6043
6098,6046
6104,6058
6106,6045
6102,6038
6114,6055
6119,6053
6113,6057
6103,6054
6108,6050
6111,6062
6104,6053
6111,6053
6110,6044
6122,6051
6113,6064
6116,6039
6119,6046
6106,6034
6113,6063
6124,6058
6102,6057
6115,6055
6111,6058
6110,6062
6113,6062
6107,6053
6118,6054
6113,6061
6118,6040
6108,6053
6112,6058
6113,6055
6121,6063
6111,6055
6110,6062
6117,6049
6120,6050
6110,6043
6116,6049
6116,6049
6111,6059
6111,6059
6112,6059
6110,6054
6115,6064
6112,6060
6114,6054
6110,6063
6118,6059
6114,6055
6118,6046
6108,6058
6115,6050
6113,6054
6120,6059
6113,6059
6106,6056
6112,6063
6119,6061
6111,6057
6112,6056
6112,6062
6109,6061
6109,6061
6109,6062
6115,6050
6118,6041
6119,6062
6110,6054
6112,6052
6115,6053
6114,6059
6114,6052
6114,6048
6111,6054
6117,6055
6112,6038
6110,6063
6116,6036
6105,6063
6111,6055
6111,6051
6102,6064
6121,6052
6117,6067
6117,6067
6114,6051
6120,6055
6113,6063
6114,6053
6104,6054
6114,6054
6105,6045
6113,6058
6114,6055
6113,6064
6108,6060
6112,6057
6110,6060
6117,6053
6111,6053
6107,6065
6110,6057
6107,6063
6111,6047
6115,6057
6117,6056
6117,6056
6112,6056
6109,6059
6118,6056
6120,6057
6122,6061
6113,6060
6123,6057
6113,6058
6113,6061
6116,6055
6118,6063
6115,6056
6113,6049
6115,6057
6111,6057
6120,6052
6118,6048
0,40
0,61680
0,0
6115,6066
5599,5567
5598,5582
5604,5589
5605,5577
5606,5584
5598,5568
5605,5569
5601,5576
5819,5754
6341,6299
6278,6288
6280,6293
6307,6323
6300,6311
6291,6320
6298,6320
6285,6325
6285,6313
6296,6316
6292,6314
6305,6327
6285,6315
6290,6323
6303,6315
6304,6308
6292,6314
6291,6327
6288,6334
6287,6314
6287,6326
6287,6296
6294,6325
6297,6347
6294,6321
6290,6318
6303,6328
6312,6305
6305,6316
6303,6320
6303,6319
6291,6322
6285,6323
6304,6346
6309,6335
6298,6322
6305,6311
6309,6322
6294,6324
6307,6335
6302,6304
6302,6305
6317,6315
6301,6314
6296,6331
6303,6321
6298,6318
6310,6340
6301,6330
6294,6329
6319,6335
6316,6330
6292,6312
6294,6324
6289,6332
6303,6337
6317,6334
6308,6322
6317,6327
6292,6316
6291,6337
6295,6307
6291,6312
6319,6316
6288,6306
6278,6328
6309,6324
6293,6338
6281,6350
6280,6337
6294,6318
6305,6324
6305,6329
6293,6312
6286,6325
6301,6312
6289,6297
6283,6339
6288,6331
6305,6309
6303,6324
6288,6332
6283,6325
6295,6310
6301,6317
6283,6345
6303,6299
6291,6321
6304,6312
6286,6332
6289,6318
6273,6312
6291,6315
6287,6318
6292,6324
6284,6323
6295,6309
6298,6356
6294,6326
6292,6334
6296,6317
6284,6313
6278,6337
6286,6336
6280,6322
6288,6325
6291,6317
6322,6334
6290,6325
6299,6333
6315,6342
6320,6348
6322,6357
6304,6351
6315,6330
6289,6318
6280,6321
6282,6326
6285,6323
6298,6305
6282,6312
6284,6328
6269,6331
6281,6316
6275,6332
6294,6306
6294,6299
6290,6307
6296,6329
6286,6323
6295,6318
6287,6311
6304,6328
6301,6325
6282,6344
6289,6333
6307,6337
6300,6321
6302,6319
6302,6329
6278,6315
6285,6336
6268,6336
6297,6348
6302,6357
6298,6331
6304,6348
6284,6338
6285,6316
6292,6334
6268,6347
6276,6336
6256,6334
6290,6356
6290,6362
6279,6363
6280,6331
6276,6327
6296,6327
6300,6342
6270,6358
6277,6325
6279,6338
6270,6349
6261,6361
6289,6321
6290,6339
6297,6343
6286,6331
6294,6340
6278,6334
6286,6342
6287,6336
6272,6320
6271,6344
6281,6350
6280,6342
6285,6345
6282,6341
6271,6366
6278,6346
6297,6324
6278,6345
6284,6330
6283,6365
6296,6362
6288,6350
6299,6349
6282,6356
6274,6366
6254,6353
6278,6359
6260,6358
6273,6360
6279,6363
6268,6341
6352,6402
6338,6297
6308,6376
6235,6358
6290,6377
6296,6398
6295,6363
6291,6377
6266,6352
6277,6363
6289,6383
6267,6379
6272,6374
6265,6356
6265,6338
6265,6377
6289,6396
6268,6374
6265,6363
6265,6353
6267,6358
6271,6348
6286,6370
6267,6377
6250,6364
6250,6363
6267,6362
6258,6354
6256,6383
6272,6352
6277,6358
6266,6393
6273,6365
6265,6373
6263,6372
6258,6392
6253,6404
6252,6410
6262,6403
6267,6361
6257,6374
6261,6372
6248,6383
6269,6378
6254,6392
6250,6380
6259,6391
6272,6366
6258,6378
6270,6399
6247,6379
6246,6366
6235,6355
6250,6352
6256,6379
6250,6351
6233,6365
6252,6365
6256,6369
6251,6371
6231,6345
6244,6352
6258,6369
6253,6378
6231,6388
6246,6368
6262,6382
6252,6369
6240,6357
6245,6395
6261,6401
6255,6387
6242,6365
6230,6404
6242,6389
6250,6393
6255,6391
6266,6394
6239,6370
6257,6387
6233,6383
6230,6384
6247,6396
6258,6383
6229,6371
6246,6367
6231,6366
6234,6362
6239,6386
6237,6374
6241,6378
6245,6375
6240,6359
6246,6366
6241,6369
6252,6393
6248,6392
6242,6395
6243,6362
6241,6369
6229,6367
6237,6351
6252,6360
6256,6361
6241,6383
6225,6375
6240,6372
6241,6367
6248,6407
6244,6384
6231,6406
6242,6411
6236,6369
6253,6377
6241,6405
6244,6386
6234,6399
6234,6416
6269,6436
6229,6422
6232,6429
6247,6419
6239,6393
6231,6408
6243,6396
6242,6403
6233,6403
6235,6390
6258,6366
6231,6347
6249,6354
6233,6370
6241,6384
6233,6389
6244,6382
6260,6393
6239,6412
6237,6415
6225,6379
6227,6395
6239,6378
6224,6383
6235,6390
6227,6394
6241,6383
6230,6385
6250,6377
6237,6370
6239,6392
6235,6389
6232,6387
6231,6382
6233,6415
6238,6426
6232,6391
6227,6409
6233,6383
6236,6377
6227,6400
6236,6395
6252,6384
6236,6389
6227,6385
6238,6384
6220,6380
6222,6388
6230,6409
6221,6404
6233,6393
6230,6406
6223,6406
6219,6408
6229,6412
6218,6412
6225,6404
6224,6406
6219,6425
6225,6414
6226,6415
6220,6408
6218,6394
6222,6401
6209,6410
6217,6413
6223,6392
6230,6381
6223,6393
6226,6385
6235,6368
6229,6395
6221,6409
6228,6393
6225,6397
6221,6386
6230,6412
6225,6411
6222,6417
6224,6409
6228,6396
6225,6389
6223,6400
6223,6396
6215,6388
6231,6386
6215,6403
6227,6384
6230,6383
6230,6394
6223,6395
6227,6396
6215,6373
6211,6372
6219,6368
6240,6360
6238,6375
6227,6375
6223,6372
6220,6382
6224,6384
6229,6380
6226,6385
6228,6393
6222,6394
6220,6407
6223,6399
6226,6411
6232,6417
6239,6442
6220,6440
6216,6404
6214,6437
6216,6426
6208,6414
6221,6410
6215,6405
6235,6382
6228,6399
6206,6406
6228,6410
6226,6430
6223,6412
6220,6440
6216,6414
6240,6414
6230,6396
6234,6371
6225,6381
6217,6394
6216,6403
6222,6401
6220,6382
6224,6391
6213,6412
6215,6396
6220,6380
6219,6394
6219,6395
6217,6395
6226,6392
6227,6393
6215,6393
6222,6378
6212,6385
6227,6385
6225,6359
6226,6391
6226,6390
6215,6392
6356,6479
6231,6309
6423,6568
6215,6300
6226,6402
6305,6454
6211,6395
6207,6383
6215,6380
6238,6396
6216,6387
6212,6379
6222,6370
6232,6374
6230,6366
6228,6396
6227,6367
6221,6387
6209,6380
6226,6399
6214,6392
6223,6395
6220,6385
6229,6398
6226,6391
6224,6342
6212,6369
6232,6373
6229,6375
6213,6399
6230,6388
6215,6414
6228,6389
6224,6368
6218,6372
6215,6378
6227,6391
6222,6380
6225,6404
6211,6405
6219,6397
6244,6387
6219,6376
6221,6409
6233,6362
6226,6400
6220,6395
6224,6384
6218,6387
6229,6382
6236,6383
6216,6385
6228,6381
6237,6405
6230,6398
6226,6398
6227,6379
6226,6345
6232,6360
6236,6361
6214,6354
6228,6355
6225,6373
6222,6387
6230,6379
6222,6374
6230,6356
6237,6348
6221,6351
6238,6346
6243,6355
6224,6345
6232,6363
6220,6380
6232,6359
6221,6363
6220,6353
6224,6378
6230,6381
6219,6371
6227,6368
6227,6334
6232,6345
6228,6332
6226,6367
6240,6363
6225,6351
6224,6358
6241,6365
6235,6357
6242,6370
6240,6351
6229,6359
6234,6380
6236,6358
6228,6329
6224,6343
6230,6347
6242,6366
6231,6350
6228,6331
6238,6334
6241,6337
6247,6348
6240,6336
6247,6362
6246,6364
6258,6354
6265,6356
6247,6369
6248,6337
6258,6331
6254,6315
6256,6297
6267,6339
6259,6320
6254,6323
6259,6342
6263,6361
6265,6345
6268,6338
6281,6365
6264,6357
6254,6355
6283,6364
6281,6363
6284,6337
6292,6345
6307,6349
6306,6363
6331,6361
6324,6350
6358,6357
6395,6379
6425,6368
6457,6354
6512,6346
6544,6344
6601,6327
6702,6356
6746,6338
6849,6358
6957,6403
7029,6380
7154,6376
7194,6383
7197,6386
7233,6386
7192,6357
7211,6372
7185,6379
7161,6385
7076,6372
7012,6370
6924,6359
6824,6377
6742,6350
6751,6353
6776,6350
6850,6361
6962,6378
7086,6377
7275,6408
7459,6412
7685,6405
7928,6414
8165,6435
8398,6425
8723,6422
8852,6467
9103,6475
9376,6486
9654,6544
9928,6551
10108,6594
10274,6675
10372,6725
10366,6772
10447,6814
10632,6855
10752,6942
10669,6964
10572,7091
10383,7158
10187,7265
10195,7362
9982,7550
9653,7674
9294,7708
9022,7834
8814,7909
8693,8017
8373,8029
8055,8076
7852,8191
7658,8299
7498,8359
7306,8347
7117,8334
7029,8244
6972,8239
6963,8174
7013,8036
7128,7824
7315,7644
7563,7476
7807,7440
8300,7331
8578,7278
8954,7183
9817,7092
10036,6961
10747,6849
10861,6767
11252,6699
11893,6673
12366,6684
12509,6706
12210,6740
12404,6832
12882,6939
12817,7083
12514,7196
12554,7293
13078,7549
13002,7764
12400,7890
12178,8087
11893,8300
11407,8442
11127,8798
10673,8968
10136,9147
9740,9314
9255,9559
8899,9683
8584,10099
8294,10141
8040,10148
7759,10330
7465,10600
7278,10533
7185,10817
7087,10850
6991,10129
6982,10094
6978,10098
6991,9740
7027,9318
7124,9161
7247,8946
7430,8604
7643,8318
7901,8043
8116,7804
8330,7564
8682,7357
8971,7189
9205,7063
9431,6973
9759,6942
10018,6951
10248,6961
10548,7100
10667,7221
10840,7331
10953,7426
11064,7570
11135,7721
11249,8042
11201,8207
11338,8441
11211,8486
11140,8603
11006,8917
10819,9034
10492,9021
10087,9055
9784,9069
9509,9335
9096,9421
8775,9463
8531,9555
8257,9515
7960,9552
7618,9408
7377,9303
7222,9194
7075,9015
6978,8937
6929,8768
6883,8617
6872,8501
6918,8275
6982,8061
7137,7895
7277,7707
7460,7649
7663,7406
7929,7287
8188,7127
8617,7006
8944,6949
9273,6873
9706,6798
10202,6806
10537,6784
11171,6807
11352,6865
11648,6952
11956,7000
12473,7183
12575,7332
12519,7470
12840,7734
13039,7981
12948,8049
13026,8311
12625,8506
12567,8800
12259,9008
11834,9242
12004,9635
11385,9692
10967,9929
10568,10070
10247,10336
9368,10103
8893,10126
8322,10053
8083,10255
7795,10261
7372,9764
7216,9814
7116,9637
7067,9708
6919,9262
6969,9302
6990,9009
7091,9036
7123,8839
7245,8651
7315,8452
7363,8266
7480,7970
7611,7877
7765,7615
7857,7345
8027,7161
8179,7005
8367,6907
8540,6812
8690,6745
9013,6805
8974,6825
9119,6945
9261,7105
9193,7234
9153,7392
9191,7668
9116,7984
9160,8347
9143,8677
9413,9159
9318,9385
9155,9533
8920,9607
8848,9963
8642,10092
8531,10399
8246,10322
8103,10345
7951,10367
7674,10199
7530,10119
7324,9784
7109,9418
7002,9207
6858,9024
6807,8905
6709,8644
6658,8537
6635,8370
6646,8240
6700,8090
6719,7949
6829,7764
6908,7653
7024,7521
7157,7396
7234,7212
7435,7058
7589,6975
7715,6866
7875,6780
7937,6716
8128,6722
8503,6674
8588,6665
8764,6696
8892,6743
8980,6792
9143,6867
9372,6975
9434,7028
9713,7227
9819,7363
9768,7482
9877,7620
9843,7757
9855,7877
9807,8115
9847,8346
9622,8381
9546,8474
9406,8615
9197,8720
8946,8705
8708,8799
8483,8828
8249,8780
7949,8678
7785,8587
7577,8513
7345,8489
7143,8378
7044,8297
6929,8205
6811,8198
6753,8046
6706,7854
6729,7741
6722,7588
6810,7477
6925,7322
7068,7203
7209,7101
7391,6975
7549,6887
7824,6783
8097,6696
8427,6664
8694,6622
8879,6596
9251,6610
9638,6620
9984,6642
10396,6735
10680,6856
10876,6926
11087,7062
11437,7232
11457,7360
11481,7578
11658,7818
11583,8017
11323,8231
11121,8472
10951,8671
10620,8807
10388,8953
10020,9123
9565,9237
9260,9415
8873,9557
8664,9635
8463,9685
8233,9741
7981,9790
7725,9785
7447,9760
7259,9695
7067,9625
7006,9596
6896,9502
6893,9425
6878,9239
6871,8991
6937,8761
7060,8598
7178,8366
7294,8196
7411,7968
7577,7797
7726,7529
7934,7281
8103,7112
8340,6957
8457,6860
8632,6728
8781,6610
8865,6593
9081,6614
9134,6643
9263,6778
9307,6932
9347,7059
9539,7289
9644,7448
9629,7718
9763,8008
9882,8283
9871,8619
9817,8789
9826,8802
9723,9168
9600,9346
9383,9639
9295,9700
9071,9962
8899,9968
8601,10017
8395,9823
8091,9914
7830,9921
7605,9812
7443,9862
7231,9535
7050,9289
6878,9125
6810,8958
6777,8799
6742,8499
6766,8241
6849,8081
6990,7914
7153,7723
7452,7553
7680,7366
7932,7270
8287,7145
8475,7027
8750,6969
9050,6862
9400,6778
9579,6760
9800,6959
9772,6642
10058,6680
10120,6723
10318,6787
10295,6807
10469,6919
10520,7053
10415,7233
10471,7409
10418,7655
10344,7858
10296,8158
10234,8383
10145,8678
9864,8978
9636,9238
9519,9465
9266,9553
8961,9887
8818,10192
8583,10391
8338,10632
8062,10599
7853,10624
7620,10656
7462,10510
7297,10292
7100,10214
6951,9978
6861,9749
6799,9821
6761,9451
6729,9237
6745,9100
6761,8809
6837,8553
6920,8322
7058,8016
7164,7725
7347,7558
7485,7431
7715,7266
7926,7087
8083,6915
8312,6907
8551,6809
8681,6776
8879,6703
8917,6721
9083,6769
9174,6847
9233,6873
9285,6965
9360,7073
9403,7226
9329,7414
9424,7605
9262,7683
9106,7856
8975,8009
8850,8197
8696,8372
8660,8560
8529,8734
8298,8839
8204,8878
8050,9004
7900,9075
7820,9107
7624,9112
7447,9190
7240,9280
7092,9233
6984,9155
6825,9096
6735,9019
6657,8816
6675,8634
6700,8548
6672,8432
6674,8241
6786,8069
6985,7857
7099,7690
7193,7425
7449,7285
7786,7133
7973,6970
8161,6854
8390,6753
8571,6694
8648,6678
8773,6648
9037,6645
9174,6630
9249,6672
9406,6737
9479,6827
9499,6946
9413,7020
9379,7090
9377,7243
9402,7422
9391,7563
9279,7670
9148,7778
9065,8008
8852,8206
8759,8336
8810,8437
8546,8529
8270,8711
8037,8866
7856,8952
7724,9002
7582,9013
7417,9063
7297,9099
7104,9017
6997,8893
6941,8788
6840,8676
6831,8574
6813,8443
6729,8154
6733,7955
6781,7741
6897,7600
7055,7462
7247,7252
7465,7069
7646,6967
7891,6824
8132,6728
8257,6654
8532,6598
8926,6550
9175,6520
9372,6520
9524,6513
9879,6573
10073,6638
10305,6691
10402,6767
10666,6891
10749,7034
10766,7150
10883,7282
11056,7445
11194,7634
10860,7710
10633,7872
10432,8033
10239,8191
10086,8336
9828,8582
9403,8534
9120,8745
8883,8844
8630,8935
8406,9076
8189,9081
7933,9052
7731,9045
7522,9012
7351,8886
7153,8702
7079,8593
6985,8569
6881,8373
6894,8234
6921,8085
6914,7927
7006,7760
7072,7585
7286,7542
7457,7382
7704,7196
7955,7105
8278,7021
8680,6926
9024,6838
9336,6803
9684,6704
9894,6664
10124,6687
10304,6716
10481,6790
10493,6838
10717,6937
10793,7140
10745,7283
10686,7487
10561,7640
10447,7849
10362,8053
10159,8233
10016,8452
9878,8586
9685,8775
9358,8884
9115,9075
8789,9175
8483,9361
8134,9322
8021,9378
7921,9478
7584,9541
7440,9550
7211,9588
7202,9559
7086,9426
7014,9264
7013,9154
6989,8990
6978,8884
6987,8627
7067,8458
7123,8278
7224,8058
7336,7793
7389,7541
7556,7366
7703,7183
7903,7050
8053,7009
8364,6915
8578,6802
8799,6768
9018,6757
9264,6714
9580,6741
9970,6771
10327,6815
10496,6925
10660,7040
10835,7176
10863,7358
10960,7541
11114,7711
11201,7864
11255,8054
11449,8253
11290,8411
11206,8603
11015,8697
11020,8832
10776,8937
10267,9026
9841,9038
9863,9223
9694,9266
8824,9147
8750,9187
8150,9150
8061,9267
7703,9286
7523,9332
7378,9275
7243,9222
7102,9141
7065,8975
7084,8856
7177,8689
7322,8568
7454,8443
7836,8316
8056,8030
8259,7870
8532,7732
8767,7498
9115,7300
9481,7145
9802,7017
10071,6829
10427,6723
10653,6671
11141,6650
11374,6645
11749,6679
12000,6753
12296,6848
12443,7007
12783,7158
12768,7350
12850,7630
12740,7881
12728,8396
12668,8584
12494,8787
12071,9090
11749,9579
11387,9987
10951,10160
10697,10350
10355,10562
9840,10508
9402,10673
9099,11006
8846,11345
8461,11185
8209,11399
7933,11238
7655,10820
7476,10730
7333,10762
7140,10478
7097,9976
7023,9566
7032,9282
7185,9149
7262,8639
7477,8344
7708,8228
8013,7935
8283,7721
8608,7507
8977,7284
9406,7139
9862,6977
10367,6865
10968,6760
11583,6734
11867,6688
12463,6764
13214,6872
13911,6988
14626,7151
15045,7310
15742,7506
16176,7725
16383,7971
16383,8219
16358,8533
16383,8832
16383,9015
16383,9323
16224,9712
16070,9957
15694,10150
15102,10343
13919,10419
13306,10697
12272,10836
11502,10989
10669,11000
10135,10988
9331,10893
8740,10952
8265,10812
7960,10619
7577,10373
7388,10079
7359,10019
7307,9904
7473,9946
7635,9866
7859,9746
8177,9508
8677,9402
8982,9060
9563,8849
9679,8348
10112,8176
10312,7962
10634,7682
10894,7446
10907,7236
11275,7107
11195,7016
11513,7009
11349,6983
11165,7017
11225,7202
11313,7530
11483,8008
11560,8592
11415,9142
11187,9699
11078,10295
11089,11075
10847,11459
10822,12255
10818,12918
10590,13153
10266,13420
10147,13691
9947,14019
9929,14456
9483,14125
9277,14247
8849,13731
8564,13698
8277,13624
8000,13341
7685,13191
7515,12911
7305,12277
7199,11661
7148,11264
7297,10959
7084,10471
7168,9883
7670,9243
8105,8896
7978,8551
7511,8303
7016,7874
6637,7670
6428,7519
6313,7360
6241,7289
6197,7191
6190,7145
6180,7111
6171,7122
6163,7116
6170,7152
6163,7227
6156,7353
6146,7396
6149,7509
6149,7628
6145,7921
6139,8172
6124,8444
6131,8801
6129,9066
6134,9323
6121,9657
6126,9954
6117,10213
6132,10616
6130,11086
6132,11365
6121,11867
6107,11991
6127,12075
6122,12070
6116,12089
6111,11926
6117,11895
6115,11694
6118,11416
6118,11115
6117,10660
6121,10261
6123,9785
6111,9435
6124,9155
6122,8811
6119,8363
6112,8096
6112,7798
6108,7648
6118,7384
6110,7245
6112,7039
6104,6933
6115,6797
6112,6728
6106,6589
6110,6426
6113,6319
6113,6252
6112,6217
6113,6189
6105,6159
6117,6148
6104,6138
6101,6119
6103,6141
6113,6133
6108,6125
6104,6119
6100,6114
6097,6125
6094,6107
6105,6099
6104,6095
6103,6079
6115,6087
6093,6076
6103,6086
6102,6082
6103,6076
6104,6083
6102,6087
6106,6064
6099,6064
6100,6069
6108,6075
6101,6074
6096,6077
6105,6077
6101,6072
6094,6065
6099,6076
6110,6072
6107,6070
6104,6073
6103,6059
6101,6059
6097,6069
6100,6056
6099,6061
6101,6069
6113,6067
6109,6067
6103,6075
6104,6063
6107,6062
6106,6059
6113,6061
6106,6065
6112,6057
6104,6057
6102,6056
6110,6063
6106,6063
6113,6053
6099,6061
6110,6062
6104,6051
6107,6056
6098,6047
6111,6066
6112,6057
6113,6047
6102,6052
6098,6055
6102,6058
6173,6157
6191,6167
6265,5944
5956,5798
6065,6022
6101,6059
6095,6046
6150,6069
6091,6036
6105,6045
6106,6037
6105,6055
6114,6044
6106,6051
6101,6053
6103,6051
6114,6058
6113,6061
6112,6055
6113,6058
6113,6045
6099,6039
6108,6049
6108,6050
6104,6052
6108,6048
6112,6046
6106,6053
6108,6054
6109,6059
6107,6050
6103,6034
6112,6047
6100,6043
6103,6055
6107,6058
6107,6060
6101,6041
6106,6044
6096,6062
6104,6052
6099,6030
6106,6046
6105,6047
6105,6041
6102,6061
6106,6053
6104,6054
6104,6058
6099,6054
6104,6048
6106,6058
6112,6042
6102,6048
6097,6051
6098,6041
6103,6055
6100,6061
6109,6060
6093,6062
6101,6059
6104,6064
6110,6060
6100,6048
6108,6043
6100,6053
6107,6055
6098,6063
6099,6054
6110,6037
6098,6045
6104,6057
6108,6054
6107,6053
6096,6063
6106,6047
6101,6034
6105,6058
6101,6056
6111,6049
6095,6047
6102,6049
6096,6057
6099,6062
6098,6057
6094,6043
6097,6053
6103,6052
6105,6061
6099,6053
6098,6052
6105,6049
6103,6052
6098,6047
6101,6051
6094,6057
6094,6056
6105,6060
6099,6041
6094,6047
6098,6058
6101,6050
6102,6042
6111,6066
6103,6063
6098,6047
6095,6050
6103,6051
6096,6065
6093,6051
6098,6052
6095,6034
6118,6078
6098,6044
6096,6045
6115,6056
6100,6048
6095,6052
6100,6040
6090,6046
6104,6049
6089,6046
6106,6060
6102,6053
6102,6043
6106,6046
6106,6055
6097,6044
6097,6055
6108,6042
6091,6046
6095,6051
6097,6048
6102,6042
6095,6059
6103,6053
6103,6049
6098,6056
6085,6054
6098,6061
6097,6047
6097,6057
6097,6042
6106,6053
6096,6043
6092,6049
6095,6052
6101,6057
6104,6039
6106,6050
6092,6052
6097,6042
6098,6056
6102,6060
6101,6060
6097,6044
6093,6050
6088,6054
6094,6039
6107,6058
6098,6051
6086,6062
6104,6059
6093,6053
6105,6050
6092,6059
6097,6044
6102,6054
6101,6045
6106,6053
6089,6064
6088,6054
6097,6055
6097,6045
6101,6050
6103,6045
6101,6042
6108,6044
6101,6053
6099,6059
6099,6048
6101,6052
6103,6057
6094,6047
6093,6040
6113,6058
6100,6048
6098,6047
6093,6064
6098,6051
6101,6041
6098,6060
6099,6049
6103,6060
6098,6060
6083,6049
6100,6056
6097,6044
6096,6056
6114,6058
6100,6049
6098,6063
6094,6055
6104,6060
6109,6050
6094,6047
6111,6066
6100,6064
6103,6069
6101,6046
6106,6063
6110,6070
6104,6045
6110,6056
6104,6061
6102,6043
6109,6062
6104,6053
6101,6057
6100,6057
6100,6028
6097,6054
6103,6046
6094,6043
6108,6052
6102,6053
6106,6066
6107,6058
6099,6064
6101,6062
6110,6058
6111,6043
6108,6053
6109,6050
6104,6052
6109,6054
6100,6042
6090,6050
6102,6052
6101,6050
6093,6069
6086,6026
6104,6052
6108,6058
6100,6045
6102,6043
6091,6056
6101,6032
6111,6044
6094,6048
6102,6045
6097,6059
6106,6047
6098,6047
6099,6054
6101,6059
6094,6054
6099,6046
6091,6041
6099,6044
6103,6054
6106,6055
6099,6056
6098,6051
6103,6040
6100,6029
6097,6048
6061,6031
6142,6076
6199,6139
6128,5994
6073,6016
6119,6080
6103,6055
6116,6043
6084,6035
6093,6037
6101,6045
6104,6059
6105,6056
6100,6046
6097,6061
6104,6036
6104,6051
6113,6056
6087,6053
6106,6056
6102,6061
6108,6051
6102,6053
6113,6050
6097,6041
6105,6052
6100,6052
6094,6042
6113,6050
6106,6056
6099,6064
6106,6056
6108,6060
6107,6049
6110,6049
6114,6045
6108,6051
6119,6057
6106,6050
6106,6037
6106,6060
6118,6054
6107,6058
6099,6045
6111,6053
6103,6063
6111,6054
6106,6048
6110,6049
6108,6056
6115,6058
6117,6054
6106,6042
6106,6061
6108,6044
6108,6048
6114,6042
6101,6056
6106,6063
6112,6047
6104,6045
6107,6052
6098,6053
6100,6042
6099,6050
6105,6038
6108,6063
6105,6047
6112,6047
6105,6056
6091,6058
6104,6048
6109,6062
6111,6045
6109,6052
6101,6031
6101,6053
6109,6055
6095,6053
6108,6050
6112,6054
6107,6055
6108,6056
6101,6060
6106,6046
6099,6062
6092,6049
6113,6053
6102,6046
6106,6052
6095,6052
6104,6046
6106,6034
6115,6050
6110,6060
6113,6048
6107,6051
6109,6039
6112,6048
6094,6047
6113,6044
6117,6042
6093,6045
6101,6052
6100,6055
6105,6058
6113,6061
6104,6055
6099,6069
6114,6048
6111,6056
6109,6045
6102,6042
6101,6047
6108,6054
6111,6051
6099,6065
6103,6054
6084,6063
6102,6045
6094,6056
6111,6055
6099,6060
6107,6056
6112,6047
6100,6054
6115,6071
6117,6060
6118,6050
6108,6059
6094,6046
6111,6055
6114,6054
6100,6064
6110,6063
6111,6057
6105,6061
6106,6057
6100,6060
6114,6052
6116,6058
6114,6048
6107,6052
6113,6059
6107,6058
6119,6060
6110,6057
6107,6053
6110,6053
6120,6055
6113,6057
6109,6061
6109,6061
6108,6063
6111,6052
6110,6067
6115,6062
6116,6056
6115,6049
6114,6061
6110,6047
6109,6058
6103,6060
6110,6058
6114,6056
6113,6060
6102,6061
6113,6053
6121,6050
6112,6053
6117,6046
6106,6068
6114,6057
6106,6057
6111,6063
6111,6063
6115,6052
6116,6058
6113,6057
6116,6055
6107,6062
6114,6041
6106,6058
6110,6062
6112,6055
6110,6049
6102,6047
6112,6064
6113,6060
6112,6065
6111,6059
6110,6045
6108,6064
6113,6062
6113,6048
6108,6060
6116,6053
6116,6053
6114,6057
6107,6065
6114,6058
6108,6063
6111,6058
6105,6044
6112,6063
6101,6060
6110,6062
6111,6057
6117,6064
6107,6060
6108,6067
6111,6065
6111,6061
6109,6054
6113,6062
6102,6062
6110,6043
6115,6059
6112,6058
6112,6058
6106,6062
6113,6058
6110,6063
6107,6061
6110,6072
6110,6063
6109,6052
6112,6044
6114,6057
6106,6061
6108,6062
6118,6060
6118,6050
6115,6055
6114,6042
6110,6058
6111,6052
6115,6039
0,30
0,61680
0,0
6108,6052
5597,5585
5593,5576
5601,5569
5595,5582
5600,5581
5591,5582
5599,5577
5592,5562
5818,5760
6317,6304
6272,6294
6278,6295
6305,6315
6297,6310
6286,6314
6282,6340
6283,6305
6287,6300
6289,6296
6289,6314
6304,6323
6294,6315
6299,6310
6295,6305
6291,6306
6290,6316
6290,6339
6293,6350
6309,6328
6293,6306
6277,6343
6307,6347
6293,6356
6291,6331
6282,6332
6308,6314
6304,6314
6307,6321
6313,6337
6288,6368
6291,6316
6296,6335
6287,6340
6297,6326
6304,6316
6308,6319
6305,6313
6305,6292
6290,6321
6288,6305
6311,6305
6306,6323
6317,6308
6305,6332
6317,6325
6306,6311
6292,6308
6307,6339
6310,6320
6320,6325
6307,6358
6290,6329
6295,6325
6308,6318
6306,6327
6303,6332
6309,6320
6312,6332
6299,6330
6294,6340
6307,6299
6300,6306
6301,6319
6299,6313
6282,6302
6294,6339
6291,6321
6289,6331
6280,6319
6302,6308
6310,6324
6313,6330
6310,6322
6302,6330
6283,6327
6276,6317
6279,6323
6287,6327
6291,6314
6303,6322
6297,6334
6298,6337
6297,6305
6306,6323
6291,6340
6289,6340
6299,6326
6288,6314
6317,6326
6287,6316
6293,6322
6293,6321
6283,6325
6293,6323
6292,6318
6285,6332
6287,6346
6296,6321
6285,6331
6303,6320
6297,6326
6277,6342
6288,6332
6297,6325
6289,6318
6294,6314
6313,6318
6292,6322
6294,6327
6321,6353
6324,6352
6310,6350
6303,6351
6294,6324
6303,6307
6290,6340
6290,6304
6271,6316
6288,6320
6278,6316
6300,6330
6290,6310
6283,6327
6279,6337
6295,6295
6276,6321
6286,6306
6292,6328
6292,6325
6293,6332
6303,6312
6296,6338
6291,6330
6283,6336
6277,6334
6294,6343
6298,6336
6287,6314
6282,6334
6294,6328
6285,6337
6271,6344
6292,6338
6300,6346
6305,6328
6300,6349
6277,6325
6279,6323
6275,6346
6285,6317
6278,6330
6272,6313
6262,6343
6287,6351
6281,6340
6272,6329
6275,6350
6297,6335
6279,6321
6272,6355
6269,6357
6288,6339
6280,6342
6278,6374
6276,6339
6282,6350
6304,6326
6268,6334
6187,6294
6209,5803
6252,6402
6234,6416
6329,6304
6210,6290
6294,6353
6248,6321
6294,6340
6280,6308
6277,6349
6274,6336
6297,6343
6271,6346
6266,6350
6279,6370
6281,6353
6296,6350
6285,6344
6296,6346
6290,6352
6274,6358
6272,6359
6271,6339
6274,6349
6274,6357
6274,6352
6264,6340
6277,6344
6285,6406
6287,6352
6275,6379
6277,6369
6281,6395
6271,6369
6273,6352
6252,6361
6274,6334
6274,6381
6287,6376
6282,6382
6282,6383
6267,6363
6289,6374
6263,6368
6264,6347
6269,6368
6267,6363
6268,6347
6281,6370
6266,6372
6253,6364
6264,6351
6273,6380
6282,6362
6272,6363
6270,6360
6268,6361
6274,6376
6266,6361
6269,6378
6258,6378
6264,6398
6263,6418
6252,6408
6263,6385
6268,6385
6255,6404
6280,6369
6247,6371
6257,6369
6261,6385
6257,6363
6262,6375
6272,6377
6263,6365
6266,6378
6252,6380
6261,6365
6256,6360
6252,6374
6268,6379
6259,6362
6252,6351
6259,6366
6251,6376
6249,6364
6239,6354
6249,6371
6255,6382
6249,6370
6238,6363
6250,6369
6259,6372
6255,6381
6262,6397
6249,6411
6261,6400
6274,6411
6253,6388
6237,6387
6254,6400
6239,6393
6261,6382
6258,6387
6250,6374
6249,6395
6252,6381
6247,6372
6247,6419
6232,6393
6224,6392
6237,6390
6230,6379
6231,6384
6228,6378
6239,6395
6220,6388
6237,6384
6243,6380
6232,6406
6242,6372
6242,6396
6243,6407
6229,6389
6239,6397
6237,6375
6236,6371
6246,6369
6257,6365
6231,6378
6246,6385
6223,6369
6222,6387
6247,6389
6248,6389
6240,6383
6230,6392
6231,6415
6238,6401
6235,6400
6224,6415
6239,6400
6230,6415
6246,6412
6235,6428
6246,6445
6244,6447
6229,6424
6232,6391
6242,6402
6240,6404
6239,6401
6234,6400
6240,6386
6258,6371
6240,6370
6237,6374
6234,6368
6246,6392
6232,6412
6237,6377
6254,6390
6233,6399
6248,6406
6221,6374
6230,6388
6241,6384
6254,6374
6238,6373
6222,6396
6223,6381
6237,6379
6234,6384
6253,6356
6212,6408
6238,6382
6235,6396
6228,6404
6228,6408
6233,6417
6230,6411
6234,6415
6239,6397
6233,6390
6221,6392
6238,6409
6236,6413
6238,6391
6237,6376
6227,6401
6234,6393
6222,6405
6231,6418
6214,6392
6238,6414
6222,6391
6218,6406
6218,6410
6228,6395
6221,6396
6226,6413
6216,6414
6220,6428
6225,6415
6207,6421
6211,6431
6225,6385
6219,6400
6220,6407
6229,6401
6211,6399
6217,6399
6223,6395
6237,6374
6223,6381
6225,6406
6221,6398
6226,6372
6223,6408
6223,6395
6211,6401
6218,6379
6215,6387
6216,6403
6226,6382
6202,6391
6219,6402
6222,6384
6214,6387
6226,6399
6231,6414
6216,6375
6220,6383
6226,6382
6228,6400
6211,6389
6218,6375
6226,6369
6221,6361
6217,6352
6231,6369
6224,6375
6225,6368
6217,6385
6217,6400
6224,6378
6226,6381
6228,6387
6231,6396
6225,6388
6223,6391
6229,6416
6223,6415
6226,6436
6220,6420
6200,6411
6226,6423
6208,6445
6209,6422
6210,6424
6219,6418
6219,6393
6228,6404
6224,6392
6229,6425
6225,6414
6215,6409
6214,6394
6169,6356
6187,6372
6196,6390
6276,6387
6196,6378
6207,6394
6249,6378
6226,6422
6225,6387
6211,6386
6222,6382
6218,6386
6218,6400
6224,6410
6217,6392
6233,6386
6222,6394
6223,6402
6217,6396
6228,6368
6215,6397
6225,6353
6237,6369
6232,6398
6208,6402
6222,6413
6233,6387
6228,6383
6228,6418
6241,6379
6235,6383
6219,6384
6226,6381
6212,6377
6215,6385
6227,6386
6220,6384
6221,6387
6220,6361
6210,6356
6238,6370
6235,6390
6227,6383
6226,6379
6215,6391
6214,6395
6219,6409
6223,6387
6218,6380
6223,6398
6227,6382
6220,6351
6218,6362
6227,6373
6221,6385
6215,6394
6223,6403
6235,6393
6235,6388
6232,6383
6217,6388
6222,6385
6228,6386
6223,6363
6235,6397
6226,6385
6227,6401
6240,6405
6220,6366
6227,6382
6235,6396
6211,6365
6221,6367
6218,6375
6230,6386
6224,6384
6240,6397
6229,6401
6225,6389
6237,6401
6236,6406
6237,6400
6228,6397
6226,6368
6223,6360
6231,6378
6219,6337
6226,6359
6222,6332
6225,6367
6235,6383
6225,6357
6220,6358
6223,6358
6232,6342
6232,6350
6228,6345
6231,6354
6226,6359
6225,6379
6229,6388
6225,6378
6219,6364
6227,6391
6235,6370
6226,6380
6219,6368
6239,6365
6228,6351
6218,6359
6227,6338
6236,6362
6222,6352
6237,6345
6235,6343
6236,6348
6242,6364
6220,6361
6229,6362
6228,6376
6222,6364
6235,6346
6233,6362
6217,6357
6237,6378
6243,6380
6251,6343
6250,6363
6246,6359
6237,6341
6242,6334
6249,6373
6252,6346
6239,6345
6241,6355
6246,6357
6256,6335
6255,6346
6250,6331
6243,6338
6256,6337
6257,6332
6254,6343
6258,6351
6248,6363
6264,6346
6268,6345
6266,6355
6255,6359
6253,6377
6261,6380
6273,6372
6291,6351
6289,6360
6302,6359
6321,6373
6333,6359
6330,6335
6371,6366
6393,6341
6425,6353
6465,6359
6533,6358
6598,6350
6683,6363
6739,6378
6805,6355
6878,6379
7010,6396
7036,6387
7112,6392
7163,6376
7186,6375
7231,6384
7191,6361
7157,6354
7160,6377
7164,6365
7077,6364
6999,6378
6906,6373
6841,6379
6800,6352
6747,6361
6770,6375
6859,6350
6983,6371
7147,6369
7398,6394
7573,6388
7717,6402
7909,6416
8208,6435
8373,6432
8669,6446
8864,6480
9053,6462
9351,6497
9666,6536
9901,6560
10124,6606
10291,6669
10358,6700
10423,6777
10438,6806
10585,6901
10755,6937
10705,6990
10607,7077
10386,7156
10299,7249
10157,7367
10072,7503
9656,7606
9252,7713
9031,7841
8824,7896
8680,7990
8404,8057
8049,8085
7823,8194
7631,8249
7469,8298
7257,8333
7153,8305
7094,8310
7043,8265
7075,8158
7042,8080
7185,7872
7320,7657
7515,7513
7756,7448
8260,7365
8489,7258
9004,7232
9423,7075
9758,6971
10377,6833
10375,6784
10967,6704
11416,6671
11861,6664
12286,6707
12503,6774
12698,6855
13225,6979
12708,7079
12818,7203
13554,7418
13023,7582
12517,7720
12399,7924
11906,8026
11405,8304
11292,8466
10757,8584
10566,8919
10159,9160
9775,9277
9228,9478
8918,9604
8579,9848
8261,10086
8037,10111
7756,10339
7453,10667
7183,10416
7315,10826
7059,10661
7023,10399
6889,10046
7002,10206
6944,9596
7063,9329
7050,8932
7198,8741
7349,8411
7593,8153
7791,7906
7985,7667
8227,7426
8624,7300
8824,7128
9237,7056
9438,7024
9930,6948
10002,6948
10235,7000
10480,7074
10724,7239
10880,7296
10902,7446
11077,7515
11215,7772
11188,7972
11146,8103
11262,8302
11118,8500
11072,8623
10951,8670
10736,8923
10449,8966
10096,9141
9849,9159
9511,9311
9100,9403
8844,9586
8521,9572
8235,9517
7903,9419
7616,9386
7413,9319
7220,9248
7018,9069
6960,8945
6882,8808
6867,8693
6862,8506
6920,8336
6992,8104
7093,7945
7248,7761
7468,7570
7620,7414
7959,7287
8259,7100
8655,7020
8975,6929
9356,6866
9786,6833
10141,6790
10580,6797
10946,6799
11403,6881
11607,6928
11933,7005
12238,7167
12584,7342
12419,7475
12847,7732
12601,7892
12831,8063
12730,8256
12760,8532
12784,8811
12815,9184
12392,9436
11892,9527
11363,9634
11033,9973
10257,9880
9817,9907
9322,10146
8839,10061
8394,10111
7993,10074
7685,10048
7437,9881
7244,9783
7079,9571
6973,9396
6969,9393
6949,9286
6980,9042
7064,9001
7138,8808
7298,8717
7335,8572
7420,8371
7492,8041
7563,7824
7744,7578
7861,7366
8045,7184
8191,7078
8396,6896
8515,6798
8656,6749
8709,6729
8923,6791
9099,6907
8873,7061
9043,7197
9070,7393
9130,7648
9339,8058
9218,8338
9387,8819
9361,9136
9224,9302
9048,9428
8853,9503
8798,9916
8636,10059
8433,10137
8162,10167
8096,10205
7845,10141
7634,10090
7521,10060
7309,9746
7078,9344
6967,9185
6834,8972
6782,8907
6739,8749
6701,8540
6646,8454
6667,8295
6706,8153
6763,7996
6842,7845
6934,7689
7020,7537
7183,7379
7293,7223
7471,7065
7556,6959
7746,6887
7857,6787
7953,6741
8129,6717
8268,6681
8490,6690
8655,6697
8898,6734
9043,6774
9191,6847
9432,6971
9584,7078
9622,7219
9672,7269
9732,7469
9898,7632
9823,7708
9838,7865
9742,8021
9668,8217
9541,8293
9569,8459
9436,8632
9205,8695
8970,8732
8690,8718
8473,8819
8237,8774
8017,8761
7821,8669
7627,8716
7407,8662
7178,8496
7055,8328
6970,8274
6821,8148
6770,8016
6725,7938
6751,7720
6718,7577
6825,7413
6931,7324
7059,7200
7228,7075
7406,7010
7560,6883
7834,6803
8087,6709
8365,6667
8718,6662
8934,6612
9284,6642
9656,6647
9990,6682
10438,6762
10763,6848
10919,6977
11182,7063
11346,7224
11646,7404
11616,7611
11578,7806
11363,7954
11378,8271
10971,8441
10959,8664
10567,8788
10261,8912
10006,9120
9747,9291
9406,9439
9148,9613
8750,9689
8598,9696
8152,9768
7860,9716
7599,9720
7438,9725
7272,9661
7110,9693
6978,9517
6870,9413
6813,9316
6849,9200
6819,8946
6864,8749
7010,8529
7154,8396
7260,8173
7403,7989
7557,7760
7768,7534
7924,7315
8089,7151
8312,6922
8415,6808
8625,6696
8724,6600
8920,6596
9033,6590
9103,6648
9239,6751
9311,6891
9329,7006
9500,7211
9732,7381
9731,7617
9807,7867
9901,8142
9921,8411
9904,8678
9818,8832
9697,9256
9585,9289
9430,9607
9263,9823
9044,9895
8943,9812
8598,9751
8391,9759
8069,9761
7838,9813
7602,9561
7388,9621
7216,9406
7024,9259
6870,9085
6776,8894
6727,8661
6704,8397
6721,8196
6868,8069
7001,7898
7260,7736
7517,7528
7709,7371
8004,7258
8231,7099
8476,7034
8731,6971
9121,6873
9311,6762
9540,6724
9718,6727
9698,6685
10141,6697
10053,6690
10116,6730
10273,6805
10322,6917
10335,7084
10407,7224
10560,7400
10430,7642
10500,7871
10395,8198
10199,8373
10121,8656
9845,8962
9680,9236
9516,9497
9324,9612
9023,9898
8837,10147
8580,10379
8362,10523
8066,10616
7841,10610
7650,10438
7461,10386
7315,10302
7108,10341
6964,9970
6846,9886
6808,9906
6765,9520
6729,9269
6725,8948
6810,8766
6845,8428
6941,8318
7028,7991
7192,7699
7333,7541
7489,7390
7682,7231
7889,7084
8061,6926
8313,6863
8519,6810
8685,6776
8845,6721
8978,6729
9107,6792
9212,6863
9261,6923
9352,6991
9323,7078
9377,7236
9326,7393
9385,7594
9254,7694
9129,7887
8979,8039
8856,8164
8753,8388
8653,8515
8527,8705
8322,8760
8151,8887
8011,8958
7926,9136
7824,9165
7655,9192
7430,9262
7229,9333
7072,9249
6987,9177
6825,9171
6735,9020
6658,8828
6674,8692
6719,8581
6696,8461
6666,8233
6795,8102
6985,7898
7079,7661
7230,7464
7421,7266
7773,7154
7921,6981
8150,6868
8374,6765
8528,6702
8613,6703
8783,6661
8990,6632
9183,6644
9237,6685
9328,6766
9507,6830
9501,6939
9407,7065
9373,7109
9334,7266
9423,7413
9388,7541
9298,7634
9170,7816
9057,7953
8839,8153
8770,8299
8784,8419
8525,8548
8252,8726
8043,8907
7904,8979
7764,9020
7591,9055
7447,9033
7343,9093
7157,9058
7006,8921
6939,8807
6865,8702
6817,8536
6771,8396
6727,8147
6678,7958
6776,7738
6877,7591
7029,7441
7232,7251
7439,7061
7645,6950
7956,6833
8171,6736
8327,6667
8641,6592
8930,6542
9193,6498
9404,6505
9544,6510
9877,6570
9988,6606
10328,6706
10444,6730
10646,6878
10809,7038
10770,7128
10877,7279
10948,7377
10990,7512
10869,7676
10594,7810
10475,8021
10348,8234
10028,8390
9780,8572
9444,8668
9122,8755
8899,8847
8631,8885
8376,9052
8196,9085
7914,9026
7728,9092
7503,8932
7324,8792
7153,8685
7060,8571
6980,8599
6857,8308
6856,8165
6844,8070
6930,7946
6984,7735
7100,7608
7287,7513
7470,7367
7732,7199
7980,7121
8224,7002
8548,6888
8984,6821
9271,6726
9583,6684
9823,6653
10073,6698
10291,6703
10388,6770
10505,6845
10647,6928
10723,7100
10756,7275
10679,7463
10599,7651
10507,7889
10437,8102
10349,8282
10052,8518
9969,8674
9738,8780
9414,8864
9096,9066
8768,9187
8463,9323
8133,9366
7985,9315
7835,9435
7633,9547
7460,9586
7272,9510
7164,9530
7075,9378
7019,9258
7010,9118
7010,8984
7002,8870
7062,8714
7104,8444
7116,8290
7214,8027
7315,7824
7428,7547
7565,7381
7704,7183
7867,7071
8127,6965
8316,6911
8602,6816
8784,6762
9052,6742
9314,6682
9597,6707
10009,6739
10257,6821
10499,6907
10658,7081
10854,7262
10884,7384
11042,7577
11144,7705
11308,7829
11395,8066
11449,8295
11253,8303
11401,8669
11088,8699
11102,8881
10626,8960
10357,9046
10070,9084
9923,9239
9212,9179
8859,9175
8553,9151
8392,9242
8226,9299
7990,9394
7718,9364
7485,9362
7244,9242
7068,9066
7026,8944
7076,8845
7177,8723
7320,8625
7433,8401
7654,8213
7875,8010
8182,7827
8416,7659
8734,7434
9040,7259
9405,7134
9731,7006
10136,6857
10456,6717
10891,6732
11365,6679
11793,6683
11873,6691
12064,6745
12211,6853
12320,7004
12588,7105
12932,7380
12897,7630
12553,7891
12388,8204
12607,8575
12506,8858
12149,9131
11743,9496
11396,9914
10943,10168
10719,10338
10442,10795
9998,11138
9523,11071
9174,11222
8872,11458
8439,11281
8197,11332
7897,10862
7682,10759
7480,10824
7291,10600
7136,10243
7083,10023
7016,9465
6998,9121
7119,8839
7226,8571
7472,8336
7684,8145
8037,8002
8342,7725
8699,7576
8971,7354
9456,7161
9872,6980
10332,6872
10963,6776
11434,6735
12310,6747
12651,6770
13239,6863
13596,6971
14387,7156
15057,7286
16004,7491
16358,7760
16126,7983
16247,8188
16383,8534
16383,8796
16383,9057
16383,9368
16383,9772
16383,10040
16032,10224
15165,10359
14308,10528
13456,10749
12302,10882
11356,10971
10641,10919
9975,10903
9328,10811
8800,11032
8330,10939
7959,10650
7544,10365
7361,10093
7401,10117
7412,10147
7567,10051
7647,10011
7880,9770
8179,9409
8588,9308
8852,9013
9512,8815
9773,8441
9855,8065
10384,7947
10594,7694
10893,7434
11184,7296
11093,7087
11132,7004
11296,6997
11216,6980
11387,7052
11785,7358
11585,7609
11787,8121
11658,8618
11498,9188
11159,9795
11021,10329
11074,11055
10972,11759
10741,12045
10664,12584
10346,12727
10138,13167
9951,13279
9791,13473
9697,13716
9498,13904
9220,13955
8891,13731
8599,13956
8272,13671
7980,13301
7699,13122
7544,12564
7337,12030
7203,11571
7148,11228
7232,10810
7046,10362
7128,9811
7702,9234
8085,8834
7958,8559
7465,8180
6993,7860
6664,7710
6438,7465
6307,7411
6253,7351
6203,7290
6195,7212
6180,7168
6177,7139
6160,7142
6162,7111
6151,7225
6168,7351
6148,7424
6143,7483
6137,7686
6148,7868
6130,8140
6136,8464
6131,8859
6120,9011
6134,9298
6115,9607
6122,10020
6125,10448
6126,10853
6133,11248
6132,11749
6118,11965
6120,11840
6133,11981
6120,12206
6120,12055
6112,12021
6117,11925
6129,11794
6115,11478
6132,11096
6116,10666
6121,10313
6117,9783
6109,9441
6118,9176
6123,8789
6113,8397
6113,8141
6114,7817
6115,7654
6114,7396
6111,7234
6106,7075
6095,6901
6109,6812
6114,6713
6098,6564
6111,6420
6108,6310
6096,6250
6106,6200
6106,6191
6100,6155
6112,6144
6102,6128
6105,6128
6111,6142
6106,6131
6109,6117
6101,6115
6099,6102
6098,6120
6094,6122
6101,6111
6098,6099
6113,6079
6110,6085
6097,6073
6107,6076
6116,6065
6102,6080
6100,6081
6101,6069
6105,6073
6094,6079
6096,6069
6104,6077
6111,6068
6106,6071
6101,6059
6094,6068
6103,6062
6095,6062
6090,6070
6108,6063
6107,6066
6101,6063
6099,6064
6098,6061
6140,6087
6111,6061
6176,6100
6127,6073
6099,6037
6143,6037
6105,6068
6117,6085
6105,6066
6120,6068
6110,6068
6111,6062
6104,6058
6099,6056
6107,6034
6119,6060
6108,6061
6099,6051
6100,6067
6101,6065
6101,6046
6112,6060
6107,6072
6106,6062
6109,6049
6103,6047
6106,6059
6103,6052
6102,6052
6112,6052
6104,6045
6104,6043
6109,6058
6104,6052
6107,6057
6109,6048
6107,6055
6100,6071
6107,6050
6108,6055
6108,6042
6099,6047
6101,6058
6106,6055
6102,6064
6113,6058
6109,6055
6107,6049
6107,6053
6105,6049
6116,6049
6105,6049
6096,6056
6106,6046
6107,6059
6109,6046
6110,6053
6103,6054
6105,6049
6106,6051
6110,6050
6099,6046
6107,6055
6108,6062
6101,6050
6097,6056
6103,6049
6099,6044
6109,6061
6100,6053
6101,6044
6108,6038
6105,6049
6104,6055
6106,6048
6103,6046
6102,6049
6096,6050
6095,6059
6104,6034
6107,6060
6098,6037
6100,6049
6099,6052
6103,6060
6100,6048
6098,6061
6105,6040
6099,6059
6110,6058
6103,6058
6102,6056
6101,6034
6101,6045
6104,6063
6104,6048
6093,6051
6107,6053
6101,6050
6104,6056
6101,6044
6103,6055
6100,6056
6101,6050
6100,6036
6121,6053
6106,6047
6105,6025
6100,6053
6106,6038
6101,6057
6111,6047
6105,6055
6096,6045
6092,6045
6098,6053
6101,6058
6099,6056
6103,6042
6102,6056
6100,6046
6094,6057
6099,6060
6098,6040
6092,6069
6090,6049
6095,6054
6083,6058
6110,6057
6096,6047
6113,6052
6112,6063
6105,6047
6103,6049
6099,6044
6107,6028
6099,6054
6104,6048
6104,6054
6094,6050
6101,6042
6104,6045
6101,6040
6117,6047
6100,6045
6098,6045
6099,6048
6093,6048
6099,6048
6098,6044
6110,6048
6107,6046
6104,6049
6101,6041
6109,6057
6093,6045
6094,6054
6098,6053
6107,6044
6093,6045
6096,6050
6097,6055
6101,6045
6097,6056
6098,6042
6088,6054
6090,6050
6101,6065
6093,6040
6093,6037
6103,6049
6101,6053
6095,6041
6093,6040
6099,6039
6108,6044
6097,6038
6104,6061
6095,6053
6098,6043
6094,6042
6101,6049
6102,6045
6103,6041
6099,6045
6090,6052
6092,6034
6102,6060
6099,6054
6089,6052
6099,6048
6085,6057
6100,6046
6091,6056
6088,6047
6095,6048
6101,6053
6110,6045
6096,6069
6089,6041
6103,6050
6103,6043
6101,6047
6094,6052
6102,6047
6101,6053
6101,6049
6096,6052
6104,6049
6104,6045
6100,6049
6097,6042
6096,6048
6105,6047
6105,6049
6103,6060
6095,6052
6097,6049
6102,6038
6107,6050
6100,6039
6103,6062
6097,6052
6094,6049
6110,6055
6104,6054
6107,6051
6106,6054
6100,6051
6100,6045
6101,6052
6097,6054
6104,6057
6103,6049
6102,6065
6096,6057
6102,6068
6107,6050
6103,6053
6110,6058
6108,6041
6104,6055
6114,6057
6104,6045
6106,6053
6106,6056
6098,6055
6102,6044
6110,6059
6124,6049
6102,6058
6094,6053
6108,6053
6103,6051
6102,6057
6118,6044
6102,6062
6096,6041
6108,6060
6106,6052
6100,6057
6098,6064
6107,6065
6103,6040
6104,6040
6097,6052
6101,6049
6103,6054
6256,5942
6099,6048
6073,5954
6111,6048
6073,6053
6160,6031
6121,6054
6064,6021
6087,6052
6090,6042
6091,6038
6107,6035
6094,6054
6096,6046
6102,6055
6097,6063
6096,6050
6098,6053
6101,6041
6097,6046
6107,6050
6106,6059
6094,6058
6098,6055
6103,6058
6104,6044
6089,6058
6102,6045
6111,6050
6094,6057
6102,6039
6098,6054
6108,6052
6096,6054
6097,6035
6102,6049
6098,6029
6103,6049
6092,6066
6095,6055
6092,6043
6099,6048
6106,6041
6109,6059
6112,6058
6086,6049
6100,6058
6100,6046
6111,6054
6108,6055
6114,6056
6101,6052
6113,6048
6103,6057
6103,6049
6105,6058
6101,6052
6106,6043
6110,6046
6102,6057
6113,6056
6109,6035
6119,6054
6109,6047
6126,6056
6109,6045
6110,6042
6112,6056
6112,6028
6117,6057
6118,6055
6106,6045
6112,6054
6110,6048
6101,6046
6107,6058
6109,6054
6107,6057
6110,6048
6107,6055
6104,6058
6109,6061
6115,6055
6106,6058
6105,6053
6113,6057
6100,6067
6102,6050
6101,6054
6102,6051
6099,6058
6107,6043
6105,6053
6115,6045
6105,6055
6100,6058
6110,6045
6102,6043
6114,6034
6108,6057
6114,6055
6106,6046
6098,6062
6103,6062
6109,6050
6109,6052
6109,6051
6105,6054
6105,6053
6118,6058
6106,6052
6109,6049
6095,6055
6110,6047
6112,6053
6108,6047
6108,6051
6103,6048
6099,6043
6110,6043
6104,6060
6107,6047
6106,6058
6104,6043
6106,6027
6113,6048
6097,6050
6113,6053
6112,6047
6096,6051
6110,6046
6102,6047
6101,6052
6107,6055
6107,6066
6095,6046
6117,6056
6106,6043
6104,6057
6098,6045
6101,6054
6109,6046
6115,6059
6104,6047
6099,6061
6113,6048
6098,6051
6107,6057
6110,6047
6113,6056
6111,6028
6108,6057
6108,6048
6112,6065
6113,6050
6104,6039
6113,6043
6107,6049
6114,6063
6119,6060
6109,6033
6102,6062
6114,6056
6109,6065
6112,6060
6103,6047
6116,6056
6109,6063
6120,6052
6107,6055
6126,6053
6110,6079
6114,6051
6110,6059
6118,6067
6117,6065
6119,6054
6110,6039
6112,6056
6120,6055
6113,6059
6118,6068
6113,6065
6116,6056
6099,6058
6112,6049
6112,6054
6108,6056
6107,6062
6104,6057
6116,6055
6111,6062
6123,6049
6116,6053
6113,6060
6109,6058
6114,6056
6113,6059
6113,6059
6113,6058
6108,6035
6114,6053
6110,6059
6114,6058
6111,6056
6109,6063
6114,6048
6117,6095
6112,6053
6109,6055
6105,6055
6120,6060
6112,6058
6102,6055
6106,6064
6112,6065
6118,6060
6113,6046
6112,6062
6114,6058
6114,6058
6104,6064
6113,6056
6110,6046
6114,6049
6108,6060
6107,6055
6110,6057
6113,6048
6106,6055
6112,6064
6112,6070
6117,6065
6106,6057
6114,6054
6116,6058
6110,6059
6110,6042
6110,6048
6105,6044
6104,6061
6114,6061
6113,6054
6113,6054
6113,6052
6113,6053
6111,6057
6120,6045
6114,6044
6106,6062
6115,6050
6114,6063
6118,6037
6105,6062
6111,6066
6110,6054
6114,6061
6104,6058
6114,6054
6108,6049
6109,6055
6116,6056
6109,6055
6116,6057
6110,6057
0,35
0,61680
0,0
6107,6061
5597,5590
5593,5583
5598,5576
5593,5582
5600,5576
5607,5584
5597,5574
5598,5571
5815,5759
6335,6324
6274,6278
6294,6288
6301,6294
6304,6319
6284,6326
6290,6321
6288,6317
6286,6314
6285,6302
6301,6327
6311,6321
6294,6314
6286,6301
6286,6304
6281,6339
6292,6313
6290,6308
6280,6334
6292,6314
6284,6316
6288,6325
6291,6324
6295,6358
6288,6322
6293,6333
6303,6331
6305,6312
6307,6314
6300,6324
6298,6323
6296,6307
6280,6333
6290,6345
6293,6313
6300,6313
6312,6299
6312,6309
6297,6321
6292,6310
6299,6316
6296,6307
6303,6311
6300,6321
6312,6327
6298,6326
6307,6307
6309,6323
6309,6328
6308,6324
6312,6303
6312,6337
6297,6370
6289,6321
6301,6324
6305,6311
6309,6322
6313,6325
6303,6313
6294,6331
6290,6339
6304,6313
6290,6306
6299,6312
6305,6305
6285,6312
6292,6320
6295,6314
6285,6332
6283,6316
6298,6310
6320,6302
6305,6323
6303,6326
6297,6330
6297,6316
6298,6313
6275,6313
6280,6322
6292,6325
6308,6314
6299,6329
6284,6339
6281,6299
6285,6321
6285,6322
6288,6323
6290,6303
6296,6320
6297,6319
6278,6319
6277,6307
6291,6324
6290,6313
6288,6333
6301,6327
6290,6338
6293,6335
6294,6323
6296,6334
6296,6320
6296,6312
6284,6338
6290,6331
6295,6334
6292,6319
6294,6307
6309,6325
6300,6345
6301,6334
6314,6347
6313,6343
6300,6325
6300,6334
6307,6336
6290,6315
6285,6323
6287,6296
6280,6306
6285,6298
6289,6316
6286,6324
6293,6321
6291,6334
6282,6336
6291,6321
6283,6316
6294,6290
6294,6315
6286,6312
6289,6319
6292,6313
6290,6330
6295,6326
6285,6339
6280,6333
6299,6345
6291,6334
6291,6311
6288,6315
6280,6335
6289,6324
6298,6353
6206,6341
6271,6375
6299,6347
6330,6406
6294,6329
6284,6336
6293,6343
6284,6358
6264,6323
6264,6325
6289,6340
6304,6352
6277,6349
6272,6325
6275,6346
6279,6321
6283,6350
6274,6351
6276,6347
6270,6346
6279,6342
6272,6339
6296,6343
6295,6350
6302,6337
6260,6337
6293,6350
6291,6353
6284,6328
6288,6336
6265,6343
6270,6328
6281,6335
6291,6341
6293,6338
6279,6328
6269,6345
6285,6349
6290,6334
6280,6335
6286,6356
6276,6370
6295,6359
6287,6352
6291,6337
6283,6361
6273,6351
6276,6361
6281,6341
6268,6362
6278,6365
6272,6348
6275,6365
6260,6362
6276,6343
6281,6363
6265,6379
6273,6361
6270,6355
6249,6379
6290,6383
6278,6357
6272,6345
6285,6353
6277,6373
6283,6391
6278,6357
6260,6357
6277,6375
6282,6372
6268,6356
6247,6340
6268,6357
6268,6358
6280,6356
6279,6350
6262,6365
6251,6353
6266,6346
6261,6370
6266,6374
6269,6372
6263,6353
6269,6377
6275,6378
6276,6355
6253,6372
6264,6388
6259,6391
6266,6388
6246,6407
6272,6400
6262,6381
6258,6362
6257,6377
6242,6368
6262,6380
6261,6373
6253,6390
6263,6378
6260,6370
6270,6373
6264,6360
6251,6378
6245,6385
6251,6356
6249,6379
6251,6367
6237,6355
6246,6366
6255,6361
6257,6360
6245,6348
6246,6351
6251,6370
6239,6370
6263,6361
6246,6358
6245,6359
6244,6364
6258,6382
6238,6417
6256,6401
6254,6401
6263,6398
6241,6385
6251,6382
6235,6385
6252,6399
6253,6386
6265,6386
6249,6366
6249,6397
6243,6380
6236,6375
6234,6394
6228,6389
6230,6383
6251,6376
6229,6387
6232,6379
6242,6392
6244,6370
6233,6390
6242,6366
6240,6378
6235,6384
6251,6375
6230,6405
6245,6391
6242,6374
6246,6374
6237,6379
6230,6358
6245,6353
6239,6351
6250,6369
6236,6378
6237,6366
6241,6402
6242,6379
6240,6398
6229,6406
6240,6378
6230,6408
6237,6393
6242,6391
6225,6409
6240,6402
6225,6418
6235,6409
6240,6426
6249,6434
6236,6435
6230,6408
6228,6392
6243,6408
6247,6395
6248,6377
6229,6384
6236,6398
6247,6371
6245,6353
6250,6370
6240,6389
6244,6398
6229,6396
6244,6379
6255,6385
6237,6420
6241,6396
6221,6377
6233,6384
6241,6384
6236,6367
6244,6388
6237,6413
6232,6392
6227,6375
6230,6347
6249,6376
6231,6390
6249,6381
6231,6392
6226,6386
6217,6412
6243,6415
6230,6414
6237,6403
6230,6398
6214,6386
6224,6392
6224,6395
6234,6393
6235,6396
6235,6389
6235,6392
6221,6370
6222,6396
6231,6401
6223,6408
6230,6409
6225,6393
6226,6408
6219,6401
6232,6400
6212,6400
6217,6404
6219,6411
6226,6427
6224,6418
6229,6406
6220,6417
6215,6400
6228,6387
6206,6406
6222,6409
6215,6405
6228,6404
6221,6406
6219,6387
6221,6391
6219,6403
6226,6397
6210,6403
6234,6392
6224,6385
6218,6397
6230,6380
6215,6401
6208,6410
6224,6381
6223,6379
6229,6408
6218,6391
6207,6386
6213,6406
6241,6399
6231,6386
6218,6385
6230,6391
6227,6400
6230,6375
6224,6386
6216,6370
6212,6383
6224,6383
6219,6347
6337,6450
6225,6392
6167,6301
6181,6372
6252,6379
6203,6415
6209,6370
6200,6378
6236,6414
6224,6418
6216,6400
6227,6424
6234,6445
6224,6416
6216,6400
6224,6428
6205,6410
6205,6435
6214,6414
6222,6386
6228,6378
6234,6403
6207,6398
6225,6416
6227,6422
6224,6405
6227,6415
6214,6385
6217,6414
6220,6406
6230,6387
6219,6385
6217,6385
6224,6385
6230,6405
6214,6369
6228,6398
6230,6392
6206,6377
6216,6389
6217,6382
6218,6380
6231,6387
6209,6389
6228,6397
6218,6396
6227,6385
6217,6381
6212,6386
6233,6379
6225,6385
6217,6386
6221,6385
6220,6420
6208,6403
6220,6402
6217,6388
6232,6382
6229,6397
6200,6390
6208,6378
6211,6371
6215,6374
6210,6383
6228,6397
6210,6375
6222,6370
6226,6372
6223,6390
6218,6392
6234,6380
6222,6390
6225,6391
6228,6396
6226,6382
6224,6391
6231,6373
6214,6377
6217,6365
6218,6364
6219,6383
6237,6371
6219,6406
6223,6405
6229,6402
6239,6390
6226,6361
6209,6380
6231,6379
6229,6389
6217,6367
6235,6384
6232,6399
6226,6381
6212,6402
6222,6383
6219,6388
6233,6362
6218,6377
6227,6383
6225,6379
6216,6369
6228,6400
6238,6386
6216,6384
6217,6396
6234,6394
6227,6404
6230,6387
6222,6379
6223,6375
6214,6353
6234,6354
6232,6357
6215,6334
6228,6362
6223,6374
6222,6368
6232,6352
6222,6340
6236,6338
6226,6351
6236,6353
6209,6337
6228,6334
6237,6377
6215,6376
6230,6387
6227,6362
6219,6363
6220,6370
6228,6363
6230,6386
6243,6361
6235,6353
6232,6367
6226,6348
6226,6354
6233,6359
6227,6346
6232,6332
6243,6361
6232,6375
6239,6365
6228,6354
6230,6350
6228,6355
6233,6374
6235,6350
6240,6360
6230,6351
6241,6379
6245,6369
6246,6350
6239,6345
6243,6337
6237,6325
6236,6333
6236,6338
6249,6357
6242,6338
6243,6357
6252,6356
6255,6353
6253,6330
6245,6343
6246,6320
6266,6325
6246,6332
6258,6344
6255,6352
6265,6358
6279,6350
6274,6337
6274,6349
6255,6371
6262,6375
6266,6355
6272,6355
6278,6334
6290,6344
6291,6343
6308,6327
6315,6336
6322,6342
6367,6355
6387,6346
6411,6360
6475,6363
6527,6341
6575,6344
6633,6340
6701,6345
6778,6370
6852,6376
6929,6371
7052,6398
7091,6362
7155,6386
7165,6371
7189,6370
7233,6359
7138,6348
7140,6386
7143,6379
7084,6363
7007,6371
6897,6375
6814,6377
6775,6349
6734,6369
6771,6354
6851,6361
6985,6363
7125,6383
7352,6386
7577,6395
7647,6414
7892,6405
8134,6427
8380,6419
8631,6433
8782,6462
9033,6485
9298,6490
9580,6530
9840,6560
10125,6632
10290,6669
10348,6711
10427,6785
10433,6814
10602,6904
10779,6960
10714,7019
10593,7094
10351,7174
10215,7267
10166,7360
9968,7496
9668,7647
9288,7750
9048,7826
8824,7909
8656,7918
8375,8068
8030,8109
7864,8144
7673,8284
7501,8339
7282,8291
7213,8341
7097,8335
7036,8255
6992,8132
7118,8055
7184,7846
7274,7647
7505,7524
7725,7472
8181,7381
8566,7249
9159,7187
9421,7105
9780,6967
10128,6886
10619,6766
11263,6707
11556,6653
12421,6672
12882,6718
12955,6788
13340,6891
13150,6971
12585,7073
12895,7242
13025,7345
13319,7587
12602,7758
12190,7866
11854,8039
11419,8194
11176,8395
10935,8650
10609,8912
10106,9128
9737,9341
9201,9400
8883,9704
8615,10086
8253,10236
8040,10191
7744,10506
7471,10516
7290,10424
7181,10794
7077,10510
6983,10443
7005,10257
6971,9975
7000,9865
7058,9409
7091,9042
7183,8772
7308,8320
7609,8208
7875,7990
8006,7754
8346,7546
8717,7387
8924,7173
9357,7075
9663,7019
9948,6958
10112,6985
10277,6996
10513,7065
10693,7184
10790,7311
10935,7410
11122,7543
11148,7699
11238,7945
11138,8077
11153,8223
11186,8468
11063,8568
10930,8770
10732,8991
10494,9086
10078,9160
9848,9209
9490,9246
9048,9366
8815,9504
8496,9545
8214,9493
7957,9467
7618,9428
7361,9274
7212,9247
7019,9059
6935,8934
6907,8846
6862,8663
6837,8489
6903,8288
7002,8111
7115,7892
7293,7730
7514,7586
7713,7379
8049,7208
8322,7098
8666,7005
8911,6930
9252,6892
9715,6813
10125,6781
10362,6782
10939,6794
11423,6845
11648,6919
12030,7023
12353,7180
12425,7328
12860,7554
12935,7730
13405,8044
13531,8181
13476,8364
13312,8653
13164,8939
13042,9230
12608,9469
11794,9519
11340,9659
10942,9901
10495,10061
9996,10103
9342,10141
8900,10201
8337,10089
8017,10149
7690,10025
7464,9949
7248,9825
7137,9798
7081,9723
7098,9865
7075,9618
7046,9224
7136,9171
7190,8954
7294,8734
7354,8580
7379,8317
7514,8087
7572,7822
7709,7521
7876,7383
7971,7101
8167,6996
8366,6871
8417,6766
8549,6720
8760,6739
8870,6787
9115,6924
9170,7082
9194,7256
9330,7442
9426,7692
9296,8043
9194,8340
9110,8661
9236,9079
9153,9208
9042,9382
8921,9630
8638,9725
8509,9937
8416,10130
8117,10001
8045,10157
7819,10093
7648,10063
7453,9962
7264,9706
7082,9370
7013,9230
6879,9099
6800,8981
6744,8798
6683,8554
6626,8333
6667,8244
6695,8081
6733,7919
6831,7812
6891,7610
7026,7521
7124,7354
7252,7208
7397,7056
7530,6954
7639,6856
7781,6786
7922,6737
8066,6703
8272,6678
8633,6641
8752,6684
9032,6736
9098,6794
9192,6857
9147,6950
9540,7096
9582,7210
9647,7310
9644,7447
9744,7535
9798,7695
9849,7843
9702,7985
9592,8167
9517,8267
9413,8280
9330,8440
9058,8550
8877,8575
8680,8662
8471,8837
8252,8817
8009,8728
7774,8622
7604,8609
7346,8506
7168,8443
7028,8303
6912,8162
6809,8092
6768,7989
6708,7878
6700,7713
6698,7516
6833,7416
6913,7292
7060,7137
7238,7080
7408,6936
7578,6855
7825,6827
8074,6766
8389,6683
8729,6632
8867,6604
9230,6622
9616,6622
9995,6666
10362,6737
10719,6842
10859,6924
11111,7081
11360,7224
11382,7322
11472,7549
11366,7720
11232,7938
11068,8192
11063,8478
10836,8678
10683,8838
10585,9000
10213,9169
9909,9283
9489,9432
9026,9608
8764,9649
8393,9694
8273,9739
7969,9751
7658,9792
7360,9654
7175,9634
7011,9649
6972,9573
6866,9498
6807,9312
6808,9214
6835,8970
6892,8765
6996,8488
7141,8354
7341,8258
7453,8054
7604,7761
7876,7646
7912,7298
8129,7102
8342,6919
8421,6816
8696,6727
8839,6652
8888,6597
9100,6577
9141,6634
9203,6735
9358,6895
9473,6997
9524,7246
9675,7445
9735,7670
9819,7872
9896,8225
9885,8579
9827,8850
9785,8948
9692,9378
9544,9455
9452,9623
9233,9765
9055,9740
8862,9876
8582,9762
8368,9799
8123,9880
7832,9834
7623,9727
7414,9603
7209,9475
7038,9211
6886,9084
6802,8978
6766,8735
6748,8508
6783,8287
6904,8145
7064,7956
7196,7733
7462,7550
7738,7412
8042,7316
8219,7118
8576,7041
8761,6962
9039,6864
9214,6757
9451,6735
9613,6712
9708,6689
9870,6653
10052,6678
10115,6757
10206,6806
10361,6932
10460,7068
10530,7223
10570,7409
10601,7657
10390,7864
10339,8176
10203,8401
10141,8729
9983,8968
9615,9250
9496,9472
9258,9631
9009,9892
8802,10129
8578,10391
8305,10437
8063,10514
7848,10624
7625,10603
7458,10579
7294,10627
7109,10291
6970,10133
6877,9912
6822,9780
6755,9487
6716,9328
6764,9098
6756,8744
6817,8472
6916,8199
7049,7980
7189,7722
7287,7506
7483,7293
7706,7182
7894,7056
8060,6951
8295,6890
8492,6785
8681,6755
8829,6729
8948,6738
9080,6762
9159,6834
9217,6917
9350,6974
9402,7070
9358,7208
9264,7364
9382,7541
9291,7631
9065,7727
8916,7950
8829,8156
8724,8230
8597,8453
8516,8612
8344,8743
8216,8780
8053,8961
7915,9089
7856,9173
7629,9179
7439,9252
7224,9256
7056,9139
6979,9155
6854,9113
6726,8953
6634,8813
6658,8566
6733,8518
6674,8320
6665,8226
6781,7999
6963,7828
7075,7614
7216,7459
7435,7275
7779,7108
7947,6962
8148,6840
8362,6760
8528,6712
8588,6688
8795,6663
9000,6640
9135,6644
9240,6697
9371,6769
9479,6843
9515,6947
9424,7014
9420,7072
9389,7250
9431,7400
9374,7522
9324,7655
9166,7765
9008,7982
8787,8185
8751,8336
8805,8477
8521,8533
8295,8704
8021,8898
7850,8931
7757,9028
7576,9032
7423,9059
7303,9055
7123,9029
6999,8923
6874,8709
6822,8639
6813,8530
6782,8397
6736,8153
6714,7930
6767,7742
6870,7588
7016,7449
7213,7264
7398,7064
7704,6937
7976,6816
8176,6730
8294,6653
8573,6607
8963,6574
9184,6510
9411,6517
9492,6518
9826,6562
10060,6633
10317,6684
10441,6758
10562,6851
10677,6967
10777,7119
10910,7226
10873,7320
10984,7509
10926,7765
10622,7869
10490,8044
10314,8240
10085,8344
9746,8496
9398,8545
9149,8691
8899,8764
8637,8839
8397,8962
8173,8924
7950,8906
7740,8933
7529,8793
7332,8764
7185,8587
7029,8492
6971,8450
6905,8362
6881,8213
6902,8145
6942,7983
7007,7774
7152,7615
7209,7491
7513,7385
7687,7192
8033,7107
8195,6984
8576,6904
8865,6793
9186,6732
9641,6684
9834,6652
10039,6664
10266,6682
10410,6761
10448,6819
10598,6930
10772,7124
10757,7291
10718,7488
10644,7687
10474,7923
10491,8097
10237,8292
10037,8452
9931,8631
9647,8710
9385,8885
9032,8998
8650,9096
8415,9286
8092,9305
7994,9314
7774,9387
7576,9585
7429,9549
7227,9538
7234,9604
7065,9412
7016,9309
6937,9027
6971,8917
6981,8835
7057,8725
7063,8404
7114,8248
7216,8076
7373,7817
7443,7532
7571,7357
7710,7201
7916,7034
8166,6937
8429,6879
8665,6780
8885,6758
9121,6728
9342,6706
9609,6739
10002,6733
10287,6783
10520,6898
10643,7057
10762,7187
10865,7388
11005,7557
10983,7679
11291,7894
11045,7986
11123,8175
10945,8364
11201,8607
10764,8635
10439,8740
10225,8871
9917,8950
9692,9056
9562,9160
9372,9181
9198,9232
8740,9187
8425,9221
8213,9320
7959,9390
7604,9322
7462,9317
7264,9222
7082,9062
7047,8968
7038,8801
7047,8660
7298,8545
7446,8421
7556,8183
7793,7978
8069,7819
8309,7629
8613,7377
9011,7254
9357,7086
9724,6987
10103,6840
10482,6758
10713,6701
11114,6669
11418,6648
11632,6688
11961,6758
12022,6862
12071,7005
12335,7148
12398,7273
12503,7565
12429,7786
12176,8091
12279,8324
12168,8556
11850,8893
11508,9133
11387,9884
10906,10009
10653,10289
10436,10773
9831,10533
9432,10605
9198,11217
8855,11360
8448,11017
8189,10987
7849,10747
7633,10475
7443,10389
7307,10454
7103,9869
7063,9633
6971,9356
6990,9030
7094,8743
7270,8751
7480,8469
7681,8127
8028,7968
8291,7709
8549,7442
8923,7289
9326,7086
9877,7015
10295,6842
10677,6706
11475,6714
11828,6700
12371,6748
12635,6843
13320,6968
14037,7139
14507,7313
15074,7487
15859,7765
16142,7969
16383,8216
16383,8561
16383,8818
16383,9022
16383,9383
16122,9728
16365,9981
15701,10121
14709,10270
13645,10421
13113,10641
12162,10800
11208,10893
10562,10884
9874,10789
9196,10726
8708,10840
8224,10787
7915,10528
7573,10433
7395,10191
7392,10060
7345,10000
7470,9920
7599,9819
7847,9738
8113,9293
8518,9226
8811,8905
9242,8566
9514,8266
9845,8026
10248,7877
10283,7560
10604,7361
10708,7195
10944,7040
10929,6968
11237,7001
11307,6988
11342,7057
11775,7344
11456,7602
11622,8072
11409,8518
11389,9184
11230,9830
10980,10204
10796,10651
10629,11171
10486,11639
10367,12203
10199,12456
9919,12780
9826,13020
9868,13661
9818,14122
9600,14477
9294,14284
8996,14431
8548,13900
8239,13449
8015,13332
7676,13155
7521,12497
7295,12026
7226,11521
7144,11033
7289,10919
7033,10125
7127,9708
7593,9039
7972,8770
7896,8458
7460,8184
7014,7863
6658,7745
6427,7563
6313,7490
6256,7388
6198,7258
6181,7142
6192,7163
6178,7103
6163,7107
6164,7158
6155,7238
6158,7331
6147,7367
6147,7535
6147,7716
6141,7898
6128,8063
6122,8238
6134,8676
6131,8929
6136,9272
6124,9869
6121,10001
6126,10525
6128,11000
6134,11257
6128,11526
6116,12008
6120,11955
6126,12055
6126,12085
6126,12048
6125,11986
6120,11793
6120,11689
6119,11383
6121,11039
6112,10534
6121,10274
6110,9765
6102,9411
6108,9218
6121,8833
6121,8412
6111,8097
6115,7792
6115,7691
6115,7401
6107,7218
6112,7045
6110,6897
6115,6770
6111,6675
6110,6552
6113,6416
6115,6304
6105,6233
6106,6203
6108,6177
6101,6150
6106,6145
6106,6151
6102,6135
6114,6137
6101,6137
6101,6123
6108,6107
6098,6090
6099,6127
6086,6121
6079,5930
6462,6463
6080,6182
6121,6359
6111,6077
6128,6108
6111,6069
6153,6017
6114,6102
6110,6078
6102,6085
6092,6068
6102,6082
6101,6063
6106,6063
6091,6072
6103,6066
6108,6070
6104,6078
6095,6075
6097,6078
6106,6063
6107,6059
6097,6055
6096,6056
6101,6062
6104,6059
6105,6042
6099,6060
6102,6059
6103,6059
6104,6061
6101,6062
6109,6062
6099,6059
6107,6054
6127,6061
6100,6061
6104,6051
6102,6057
6110,6055
6113,6063
6106,6063
6084,6052
6118,6055
6111,6047
6094,6038
6106,6054
6107,6050
6110,6053
6120,5922
6096,6042
6114,6051
6101,6032
6100,6045
6104,6048
6096,6048
6099,6032
6115,6042
6101,6051
6109,6057
6104,6046
6106,6042
6101,6054
6113,6040
6111,6045
6109,6047
6097,6039
6114,6048
6102,6051
6109,6062
6107,6058
6113,6048
6115,6046
6111,6053
6106,6059
6108,6056
6102,6046
6094,6052
6112,6044
6099,6031
6101,6042
6106,6060
6112,6058
6100,6054
6108,6050
6109,6053
6096,6040
6109,6066
6111,6060
6108,6053
6096,6057
6097,6039
6095,6066
6107,6050
6098,6040
6101,6053
6111,6044
6106,6049
6104,6066
6110,6048
6100,6056
6101,6050
6099,6045
6099,6054
6104,6056
6112,6050
6101,6051
6098,6046
6096,6042
6104,6052
6098,6056
6103,6056
6101,6037
6096,6057
6107,6058
6106,6046
6103,6056
6109,6040
6099,6045
6110,6047
6110,6048
6097,6055
6094,6028
6103,6057
6100,6061
6105,6045
6103,6048
6091,6057
6099,6034
6107,6041
6102,6065
6097,6035
6106,6056
6100,6038
6101,6049
6103,6058
6109,6050
6101,6051
6090,6054
6094,6048
6108,6051
6111,6049
6104,6051
6096,6037
6116,6056
6092,6046
6093,6053
6098,6049
6096,6057
6111,6063
6112,6060
6104,6042
6096,6046
6106,6042
6099,6035
6107,6053
6110,6053
6108,6055
6102,6037
6095,6040
6085,6027
6102,6046
6088,6059
6108,6060
6094,6051
6101,6046
6096,6046
6097,6044
6109,6058
6100,6055
6088,6051
6093,6049
6093,6044
6094,6053
6097,6057
6103,6055
6116,6049
6102,6047
6102,6054
6104,6055
6100,6042
6106,6041
6112,6051
6097,6041
6093,6034
6101,6042
6096,6050
6098,6051
6104,6047
6103,6054
6090,6058
6096,6059
6101,6048
6101,6054
6090,6027
6096,6050
6091,6057
6092,6035
6087,6041
6102,6052
6106,6038
6098,6053
6101,6055
6090,6044
6097,6033
6096,6053
6104,6048
6092,6056
6094,6045
6096,6049
6084,6048
6102,6044
6114,6052
6093,6061
6094,6059
6101,6048
6091,6057
6101,6039
6096,6056
6098,6044
6104,6049
6097,6050
6106,6057
6105,6045
6090,6045
6097,6040
6098,6037
6098,6057
6104,6061
6100,6044
6103,6048
6111,6046
6097,6058
6104,6052
6105,6051
6099,6036
6091,6043
6093,6054
6101,6061
6098,6062
6098,6048
6098,6056
6101,6047
6098,6062
6103,6050
6099,6059
6106,6020
6098,6055
6096,6052
6099,6053
6104,6048
6105,6053
6105,6057
6098,6058
6096,6063
6101,6058
6106,6048
6109,6054
6100,6052
6099,6062
6107,6053
6106,6063
6101,6057
6105,6053
6113,6059
6111,6055
6150,6093
6124,6060
6078,6019
6103,5992
6121,6088
6105,6072
6091,6041
6130,6056
6094,6034
6111,6068
6112,6065
6112,6055
6097,6047
6101,6042
6116,6061
6107,6064
6101,6045
6107,6052
6101,6033
6108,6002
6101,6050
6106,6063
6095,6044
6104,6040
6091,6040
6095,6057
6098,6045
6105,6058
6094,6039
6106,6050
6106,6040
6100,6049
6094,6046
6097,6047
6101,6044
6103,6050
6096,6048
6098,6045
6103,6047
6101,6051
6100,6049
6094,6059
6102,6055
6095,6050
6094,6043
6101,6042
6099,6051
6104,6049
6106,6053
6095,6050
6098,6046
6095,6059
6095,6050
6098,6045
6100,6050
6102,6051
6097,6045
6101,6039
6107,6048
6101,6044
6105,6033
6111,6045
6105,6039
6098,6046
6099,6057
6102,6050
6103,6049
6098,6035
6096,6045
6112,6040
6106,6053
6115,6052
6093,6043
6096,6060
6102,6064
6109,6054
6108,6051
6111,6057
6104,6062
6114,6052
6106,6048
6107,6054
6116,6053
6107,6063
6101,6058
6105,6033
6110,6037
6111,6043
6114,6056
6108,6051
6116,6052
6117,6049
6110,6044
6110,6054
6118,6053
6117,6063
6116,6053
6114,6050
6108,6055
6106,6087
6110,6055
6112,6053
6110,6056
6118,6050
6109,6053
6112,6048
6108,6042
6106,6047
6101,6048
6107,6053
6105,6056
6110,6064
6108,6063
6109,6052
6109,6050
6106,6035
6104,6053
6096,6048
6104,6049
6110,6060
6115,6049
6108,6064
6106,6056
6110,6055
6100,6048
6117,6029
6115,6062
6105,6042
6106,6056
6102,6048
6098,6050
6111,6059
6099,6055
6111,6036
6107,6051
6097,6045
6107,6049
6107,6056
6111,6047
6103,6064
6102,6051
6112,6044
6114,6052
6110,6047
6104,6050
6106,6040
6111,6041
6115,6050
6106,6060
6102,6048
6104,6047
6101,6037
6114,6064
6103,6052
6110,6050
6111,6060
6102,6040
6112,6054
6102,6054
6107,6063
6110,6051
6110,6055
6099,6063
6113,6054
6106,6062
6116,6050
6106,6047
6094,6053
6106,6057
6107,6060
6109,6049
6110,6044
6116,6059
6110,6049
6100,6054
6112,6055
6105,6058
6114,6040
6117,6071
6107,6052
6117,6043
6115,6054
6114,6051
6112,6064
6104,6048
6110,6060
6119,6045
6103,6052
6103,6051
6110,6057
6118,6054
6120,6049
6116,6060
6122,6053
6114,6063
6117,6062
6110,6053
6115,6050
6101,6050
6121,6060
6114,6033
6111,6055
6130,6047
6117,6065
6115,6058
6111,6044
6113,6055
6113,6055
6114,6046
6115,6059
6113,6046
6117,6066
6113,6041
6112,6051
6110,6056
6117,6055
6112,6061
6106,6045
6109,6063
6110,6062
6105,6062
6104,6046
6112,6060
6115,6039
6115,6056
6119,6049
6116,6063
6118,6058
6119,6059
6119,6059
6120,6055
6113,6056
6120,6058
6113,6060
6114,6070
6104,6060
6110,6059
6118,6051
6115,6057
6115,6051
6115,6055
6116,6053
6123,6060
6118,6057
6114,6053
6127,6058
6113,6057
6109,6062
6118,6054
6111,6057
6120,6058
6120,6058
6112,6050
6116,6047
6108,6061
6111,6056
6110,6057
6112,6051
6118,6053
6117,6064
6118,6050
6113,6053
6110,6057
6110,6059
6114,6053
6110,6041
6112,6063
6118,6063
6110,6067
6110,6058
6114,6051
6108,6062
6109,6054
6111,6060
6111,6060
6112,6063
6119,6061
6105,6050
6120,6046
6114,6056
6111,6054
6107,6065
6112,6058
6110,6054
6118,6052
6113,6053
6118,6059
6107,6053
6113,6064
6116,6050
6110,6061
6116,6070
0,36
0,61680
0,0
6117,6063
5601,5575
5592,5582
5603,5581
5596,5587
5601,5580
5600,5578
5599,5578
5605,5584
5815,5748
6325,6310
6277,6306
6294,6294
6301,6323
6298,6314
6276,6328
6285,6340
6287,6305
6282,6310
6292,6309
6296,6323
6308,6331
6300,6315
6303,6320
6291,6315
6292,6310
6297,6312
6281,6314
6304,6327
6299,6333
6289,6324
6288,6316
6298,6322
6296,6336
6302,6323
6296,6313
6312,6318
6311,6330
6305,6319
6304,6328
6287,6326
6296,6314
6300,6330
6296,6353
6302,6330
6287,6297
6306,6314
6293,6312
6288,6323
6299,6315
6303,6325
6311,6183
6300,6314
6313,6313
6301,6342
6304,6333
6305,6331
6296,6324
6307,6323
6298,6341
6307,6334
6304,6337
6283,6323
6288,6303
6300,6329
6304,6324
6309,6325
6310,6321
6319,6330
6298,6321
6290,6332
6306,6320
6293,6302
6303,6306
6302,6318
6291,6319
6293,6313
6305,6322
6287,6321
6295,6320
6302,6309
6312,6315
6307,6319
6291,6294
6293,6333
6289,6328
6294,6326
6290,6310
6274,6311
6291,6318
6304,6320
6302,6327
6294,6331
6290,6318
6303,6334
6301,6337
6297,6306
6287,6316
6278,6330
6308,6342
6289,6315
6288,6306
6289,6323
6294,6326
6289,6332
6296,6323
6286,6325
6304,6311
6292,6331
6299,6335
6293,6331
6283,6329
6289,6342
6280,6346
6289,6333
6278,6322
6305,6322
6306,6317
6304,6331
6300,6336
6321,6339
6325,6331
6305,6346
6290,6334
6305,6350
6293,6309
6398,6376
6296,6351
6218,6334
6356,6385
6359,6368
6243,6283
6290,6328
6310,6359
6271,6327
6311,6321
6301,6321
6284,6297
6286,6295
6278,6310
6287,6328
6287,6337
6280,6340
6297,6326
6297,6340
6289,6351
6296,6330
6300,6342
6280,6326
6292,6326
6304,6329
6269,6345
6270,6323
6301,6328
6295,6350
6295,6333
6305,6355
6289,6332
6288,6325
6293,6349
6281,6347
6271,6334
6271,6333
6277,6334
6298,6334
6284,6338
6277,6333
6272,6339
6291,6316
6300,6346
6262,6334
6287,6343
6281,6342
6275,6349
6272,6353
6285,6335
6281,6354
6305,6335
6280,6327
6295,6327
6292,6343
6286,6343
6287,6318
6274,6343
6270,6338
6284,6357
6292,6366
6289,6341
6297,6342
6275,6347
6277,6356
6301,6346
6278,6344
6274,6338
6272,6356
6280,6358
6285,6353
6290,6356
6282,6366
6275,6356
6271,6352
6259,6350
6271,6358
6280,6350
6284,6352
6279,6367
6267,6351
6267,6342
6286,6360
6272,6362
6281,6378
6287,6369
6266,6359
6288,6370
6279,6369
6282,6354
6270,6352
6266,6379
6291,6383
6271,6373
6267,6378
6268,6380
6283,6376
6274,6373
6256,6361
6268,6354
6258,6366
6257,6376
6280,6403
6280,6375
6267,6382
6270,6357
6267,6360
6274,6362
6264,6362
6257,6360
6266,6357
6273,6359
6272,6363
6268,6373
6252,6391
6266,6376
6257,6400
6254,6405
6272,6413
6261,6382
6256,6380
6260,6369
6253,6362
6261,6372
6252,6396
6247,6384
6268,6381
6257,6375
6275,6369
6257,6362
6247,6382
6256,6381
6246,6362
6264,6371
6264,6355
6243,6362
6247,6351
6258,6362
6258,6349
6254,6364
6245,6360
6257,6368
6247,6386
6260,6363
6256,6359
6257,6361
6252,6367
6265,6407
6259,6420
6256,6395
6258,6403
6261,6397
6247,6403
6242,6382
6234,6367
6242,6356
6252,6407
6256,6387
6234,6361
6246,6407
6245,6372
6251,6358
6246,6389
6235,6395
6227,6384
6242,6365
6241,6386
6246,6373
6246,6383
6248,6378
6245,6369
6251,6385
6242,6383
6236,6369
6234,6371
6249,6420
6249,6403
6247,6368
6244,6385
6237,6359
6237,6376
6233,6357
6241,6373
6250,6379
6239,6373
6241,6385
6237,6374
6244,6388
6242,6379
6241,6385
6241,6381
6241,6393
6235,6368
6248,6389
6231,6391
6256,6402
6231,6408
6232,6400
6232,6418
6245,6429
6239,6414
6252,6418
6228,6388
6240,6415
6237,6405
6239,6392
6239,6381
6235,6406
6247,6362
6241,6370
6237,6378
6236,6393
6246,6401
6236,6391
6247,6410
6246,6394
6246,6425
6236,6419
6218,6375
6230,6386
6243,6382
6241,6376
6229,6382
6227,6365
6237,6378
6244,6378
6235,6378
6237,6380
6225,6398
6237,6382
6220,6391
6222,6408
6229,6418
6235,6418
6228,6389
6246,6399
6222,6399
6235,6392
6224,6395
6232,6391
6238,6395
6242,6398
6240,6382
6227,6384
6219,6386
6228,6403
6224,6413
6228,6375
6234,6420
6234,6383
6220,6411
6224,6395
6232,6409
6224,6400
6220,6410
6226,6416
6222,6423
6235,6413
6216,6419
6219,6423
6216,6404
6226,6406
6222,6401
6222,6399
6223,6386
6216,6396
6220,6401
6233,6389
6287,6445
6238,6416
6223,6399
6226,6398
6257,6409
6239,6401
6206,6385
6226,6396
6222,6408
6222,6385
6219,6392
6224,6389
6213,6398
6222,6406
6206,6381
6213,6408
6235,6398
6233,6390
6227,6374
6223,6385
6226,6398
6217,6397
6218,6390
6208,6385
6219,6372
6223,6377
6225,6382
6228,6367
6222,6380
6217,6392
6226,6369
6211,6386
6236,6386
6226,6386
6216,6412
6221,6400
6225,6406
6227,6417
6223,6406
6231,6434
6218,6418
6222,6420
6233,6409
6223,6426
6213,6411
6216,6432
6226,6397
6229,6372
6225,6397
6219,6406
6227,6407
6230,6406
6223,6421
6231,6434
6214,6403
6228,6417
6229,6409
6241,6388
6226,6372
6223,6377
6222,6381
6223,6396
6219,6404
6223,6410
6222,6378
6216,6352
6217,6382
6236,6387
6219,6389
6220,6386
6212,6383
6225,6402
6233,6395
6230,6378
6220,6388
6227,6377
6229,6385
6239,6384
6226,6396
6219,6389
6233,6395
6220,6383
6213,6392
6241,6385
6222,6400
6230,6372
6214,6393
6213,6388
6211,6381
6215,6387
6222,6405
6225,6387
6230,6385
6226,6398
6227,6364
6224,6388
6224,6370
6226,6396
6214,6380
6242,6398
6227,6427
6221,6367
6220,6391
6237,6396
6231,6360
6211,6361
6215,6360
6217,6371
6244,6387
6234,6371
6230,6395
6234,6414
6219,6379
6232,6395
6234,6374
6220,6385
6225,6385
6219,6356
6225,6390
6233,6391
6227,6391
6241,6390
6226,6402
6212,6397
6237,6388
6221,6372
6229,6368
6230,6383
6227,6394
6231,6379
6232,6395
6223,6397
6225,6392
6238,6414
6236,6383
6227,6382
6223,6384
6237,6375
6235,6368
6231,6372
6223,6351
6234,6352
6222,6368
6228,6375
6229,6366
6228,6344
6236,6352
6226,6347
6236,6354
6237,6366
6234,6364
6228,6358
6240,6362
6226,6378
6239,6383
6227,6374
6239,6357
6221,6374
6228,6372
6219,6373
6232,6353
6236,6341
6239,6374
6232,6343
6217,6350
6238,6352
6228,6321
6224,6352
6232,6368
6236,6359
6237,6365
6232,6355
6238,6365
6233,6373
6226,6374
6219,6352
6237,6353
6228,6362
6245,6387
6241,6371
6230,6348
6241,6326
6240,6343
6242,6340
6244,6348
6244,6351
6255,6358
6231,6345
6249,6355
6255,6366
6244,6352
6255,6336
6248,6345
6263,6325
6270,6333
6260,6321
6258,6338
6257,6358
6270,6352
6275,6346
6265,6347
6281,6355
6267,6357
6261,6348
6269,6367
6274,6354
6290,6331
6295,6347
6312,6340
6322,6356
6328,6356
6333,6342
6374,6364
6400,6367
6449,6375
6475,6371
6534,6373
6601,6375
6640,6348
6729,6377
6811,6372
6863,6374
6979,6399
7062,6380
7134,6383
7174,6391
7215,6383
7207,6370
7213,6372
7172,6355
7177,6394
7182,6377
7082,6371
7000,6375
6929,6366
6836,6379
6787,6368
6760,6393
6779,6352
6865,6356
6991,6370
7154,6379
7308,6394
7527,6410
7723,6412
7893,6428
8174,6431
8356,6410
8537,6449
8854,6468
9040,6484
9340,6478
9672,6538
9951,6562
10153,6607
10308,6679
10348,6755
10396,6774
10442,6804
10614,6919
10772,6968
10739,7003
10524,7063
10338,7164
10268,7285
10158,7340
9982,7509
9672,7634
9457,7870
9077,8119
8829,7869
8569,7925
8442,8088
8136,8190
7854,8235
7700,8327
7535,8392
7302,8345
7174,8323
7079,8311
7019,8246
7022,8156
7053,8047
7141,7822
7341,7648
7544,7502
7795,7430
8143,7376
8419,7296
8921,7206
9159,7109
9529,6974
10303,6865
10838,6770
11500,6712
12082,6654
12717,6682
12599,6680
12593,6764
13131,6857
13177,6958
13006,7108
12919,7244
13047,7360
13062,7569
12736,7755
12079,7850
11894,8016
11286,8134
11167,8416
10822,8620
10469,8837
10150,9212
9710,9319
9231,9511
8990,9884
8593,10193
8280,10289
8036,10198
7737,10385
7450,10508
7244,10458
7151,10522
7094,10519
6990,10189
6997,9898
6972,9942
6992,9705
7026,9108
7096,8919
7210,8731
7369,8520
7577,8161
7883,8035
8038,7742
8344,7536
8577,7343
8938,7166
9328,7085
9438,6973
9897,6938
10105,6965
10147,6999
10436,7052
10656,7199
10835,7352
10934,7427
11045,7458
11140,7666
11168,7843
11225,8144
11238,8284
11151,8475
11174,8748
10960,8864
10747,9045
10469,9143
10076,9059
9823,9096
9499,9249
9138,9445
8767,9492
8448,9510
8248,9471
7901,9448
7622,9447
7372,9316
7211,9227
7012,9058
6931,8931
6869,8833
6850,8650
6848,8519
6905,8315
7008,8038
7121,7892
7298,7759
7492,7613
7759,7372
7937,7260
8284,7152
8675,7024
8994,6935
9249,6877
9628,6808
10106,6795
10448,6775
10917,6769
11436,6837
11610,6928
11923,7001
12232,7159
12363,7304
12978,7536
13013,7759
13147,8026
13453,8158
13377,8366
12923,8594
13195,8923
12636,9194
12416,9491
12221,9685
11466,9720
11110,9973
10291,9962
9862,10021
9336,10143
8594,9876
8375,10148
7969,10058
7654,9939
7438,9832
7271,9890
7146,9816
7079,9719
7022,9515
7041,9568
7001,9117
7053,8974
7183,8948
7318,8880
7348,8502
7404,8304
7475,8027
7584,7730
7693,7487
7790,7295
7963,7126
8135,6980
8306,6880
8438,6761
8613,6746
8705,6719
8985,6821
9122,6911
9318,7127
9382,7263
9424,7440
9321,7716
9489,8093
9553,8543
9323,8798
9274,9098
9182,9241
9109,9440
8933,9653
8680,9740
8427,9766
8321,9936
8080,9886
7944,9889
7734,9937
7602,9917
7467,10037
7392,9933
7152,9483
7011,9282
6902,9109
6776,8925
6740,8776
6676,8600
6687,8470
6654,8273
6685,8093
6721,7912
6827,7799
6890,7581
6987,7475
7124,7308
7215,7189
7398,7068
7529,6965
7623,6850
7793,6788
8056,6729
8215,6699
8495,6676
8626,6663
8828,6705
9064,6733
9111,6788
9257,6893
9308,6967
9583,7086
9451,7190
9672,7303
9712,7469
9738,7561
9747,7696
9904,7880
9657,7934
9602,8160
9677,8313
9476,8411
9385,8510
9205,8680
8979,8730
8729,8772
8476,8873
8290,8864
7970,8797
7846,8638
7672,8742
7384,8580
7173,8457
7055,8349
6928,8209
6799,8111
6762,7943
6712,7866
6711,7684
6704,7496
6790,7393
6920,7265
7073,7170
7230,7056
7421,7012
7557,6893
7827,6843
8088,6752
8403,6669
8754,6675
8927,6637
9230,6632
9632,6649
9979,6680
10323,6698
10620,6801
10801,6900
11002,7042
11324,7207
11464,7374
11419,7556
11507,7767
11322,7812
11195,8240
11163,8476
10931,8693
11049,8893
10779,9001
10179,9126
10011,9291
9707,9538
9086,9618
8961,9643
8426,9693
8271,9722
7884,9741
7627,9788
7409,9703
7210,9649
6998,9592
6927,9503
6841,9438
6822,9312
6858,9233
6875,8979
6981,8772
7073,8622
7177,8445
7280,8231
7409,8041
7585,7760
7743,7486
7914,7339
8122,7136
8343,6955
8407,6796
8567,6679
8758,6593
8855,6591
9091,6590
9148,6632
9266,6744
9347,6895
9353,7041
9540,7279
9560,7513
9569,7835
9737,8001
9755,8444
9834,8708
9792,8870
9710,9051
9659,9435
9508,9522
9400,9714
9246,9823
9051,9854
8861,9808
8560,9695
8361,9712
8101,9791
7802,9774
7577,9662
7416,9641
7229,9471
7044,9319
6890,9109
6850,9060
6791,8852
6789,8539
6763,8292
6888,8126
7030,7878
7237,7727
7561,7604
7716,7409
8057,7299
8171,7099
8473,7061
8830,6961
8928,6853
9296,6795
9383,6715
9596,6724
9715,6665
9843,6647
10194,6710
10227,6751
10442,6830
10486,6919
10623,7072
10569,7220
10736,7369
10508,7630
10414,7877
10441,8157
10321,8369
10158,8688
9936,8983
9667,9266
9550,9469
9290,9591
8980,9835
8806,10141
8555,10321
8335,10641
8069,10574
7811,10678
7636,10670
7455,10661
7295,10647
7114,10566
6969,10085
6878,10031
6817,10007
6764,9710
6734,9349
6730,9068
6779,8790
6824,8490
6934,8255
7025,7957
7197,7677
7339,7480
7485,7350
7720,7238
7919,7114
8096,6988
8351,6894
8580,6838
8710,6774
8858,6733
9015,6729
9102,6805
9210,6890
9251,6927
9342,7016
9368,7073
9324,7200
9294,7376
9403,7620
9240,7683
9086,7802
9005,7960
8851,8208
8720,8300
8653,8529
8501,8663
8345,8858
8202,8938
8059,9067
7923,9195
7851,9196
7654,9296
7512,9301
7252,9339
7070,9293
6981,9262
6853,9167
6719,8971
6648,8816
6698,8668
6722,8562
6678,8410
6682,8264
6778,8056
6946,7769
7075,7639
7206,7430
7452,7283
7834,7148
7939,6982
8188,6867
8388,6750
8569,6688
8604,6678
8803,6657
8986,6648
9124,6658
9224,6688
9364,6726
9480,6823
9507,6922
9399,7000
9391,7065
9405,7234
9422,7417
9394,7515
9252,7648
9190,7840
9013,8035
8892,8188
8747,8309
8775,8477
8557,8538
8273,8745
8013,8925
7881,9021
7781,9046
7603,9051
7415,9053
7263,9048
7111,9006
6981,8928
6949,8817
6879,8697
6848,8526
6761,8384
6717,8119
6697,7944
6768,7757
6888,7590
7077,7441
7268,7239
7470,7071
7771,6953
7978,6811
8216,6711
8326,6639
8646,6587
8970,6542
9147,6506
9397,6514
9534,6512
9802,6559
10048,6651
10321,6689
10419,6742
10672,6888
10725,6972
10730,7111
10832,7237
11046,7437
11149,7638
10974,7750
10764,7970
10550,8069
10327,8328
10099,8440
9787,8574
9425,8655
9102,8791
8893,8883
8685,8857
8385,8938
8186,8976
7921,8992
7745,8976
7529,8976
7366,8806
7161,8689
7037,8517
6978,8647
6906,8445
6918,8321
6930,8159
6944,7977
7028,7775
7139,7647
7317,7560
7545,7390
7743,7187
8000,7119
8201,7023
8596,6915
9002,6812
9275,6761
9621,6661
9783,6644
9974,6584
10138,6656
10449,6755
10705,6962
10742,6992
10825,7164
10897,7371
10746,7493
10635,7702
10581,7983
10484,8146
10297,8299
10077,8486
9956,8631
9681,8750
9367,8922
9066,9006
8680,9105
8377,9220
8094,9313
7998,9345
7823,9431
7698,9577
7530,9630
7281,9596
7259,9584
7137,9445
7074,9326
7041,9186
7046,9000
7027,8863
7014,8708
7078,8458
7133,8269
7203,8038
7314,7831
7409,7536
7563,7369
7738,7197
7939,7042
8101,6945
8412,6878
8618,6797
8846,6770
9109,6760
9255,6733
9544,6759
9999,6769
