Channel 1,Channel 2
7625,10244
7421,10161
7239,9881
7068,9745
6951,9503
6860,9331
6797,9240
6791,8921
6752,8640
6725,8474
6718,8295
6813,8104
6876,7923
7004,7776
7119,7563
7214,7383
7403,7224
7508,7056
7676,6890
7864,6799
8023,6696
8183,6620
8326,6581
8467,6610
8600,6671
8755,6680
8879,6793
9133,6886
9213,7029
9281,7138
9404,7326
9507,7511
9722,7678
9882,7898
9915,8040
9910,8170
10019,8282
10089,8375
10009,8618
9975,8708
9805,8880
9730,8999
9532,9061
9312,9006
9095,8980
8872,8976
8662,9067
8427,8998
8163,8928
7902,8902
7716,8811
7519,8676
7288,8645
7125,8600
6862,8322
6858,8267
6768,8083
6686,7952
6680,7841
6642,7653
6659,7587
6710,7491
6781,7368
6860,7221
6981,7163
7051,7070
7206,6967
7359,6899
7545,6786
7722,6717
7881,6633
8054,6604
8184,6566
8364,6547
8562,6555
8691,6577
8919,6651
9122,6711
9245,6809
9404,6952
9494,7091
9540,7263
9664,7418
9853,7567
9952,7743
10008,7963
10113,8179
10079,8337
10036,8462
10062,8651
10068,8686
9952,8754
9835,8884
9722,8938
9577,8972
9296,8984
9052,8979
8796,9055
8645,9019
8471,8871
8176,8812
8052,8677
7779,8530
7547,8398
7404,8287
7244,8217
7079,8083
6945,7959
6899,7821
6852,7713
6878,7522
6964,7427
7096,7290
7232,7160
7511,7080
7773,6987
8104,6908
8544,6805
9083,6724
9517,6660
9999,6642
10637,6584
11314,6605
11847,6572
12527,6611
13166,6680
13690,6737
13859,6850
14282,6963
14754,7116
15103,7273
15257,7484
15648,7675
15786,7890
16005,8198
15980,8486
15755,8764
15795,8993
15537,9274
15068,9409
14508,9667
14022,9804
13172,10072
12862,10527
12501,10689
12030,10793
11422,10937
10768,11063
10243,11286
9783,11280
9433,11568
8921,11566
8490,11631
8106,11371
7771,11123
7510,10927
7385,10722
7239,10330
7196,10260
7175,9868
7188,9584
7265,9297
7430,8979
7579,8646
7844,8336
8059,8020
8299,7659
8692,7412
8981,7287
9406,7031
9884,6922
10331,6841
10773,6772
11199,6784
11554,6824
11778,6895
12088,7110
12403,7337
12779,7562
12857,7828
13045,8107
13376,8380
13744,8744
13976,9187
14202,9622
14284,10058
14239,10313
13888,10627
14016,10894
14351,11057
14265,11302
13977,11497
13717,11885
13271,12093
12728,12143
12327,12279
11980,12182
11534,12153
10927,12223
10475,12010
9906,11749
9487,11671
9095,11534
8693,11268
8220,10992
7910,10816
7635,10329
7425,9827
7361,9487
7390,9206
7559,8993
7773,8687
8110,8310
8562,8053
9039,7768
9576,7573
10340,7432
11200,7249
11828,7131
12552,7085
13351,7037
14094,7045
14757,7066
15144,7066
15888,7183
16383,7385
16383,7609
16383,7926
16383,8254
16383,8588
16383,9014
16383,9466
16383,10003
16383,10584
16383,11160
16383,11601
16383,12025
16297,12656
8854,6834
9051,6723
9311,6658
9579,6612
9879,6623
10015,6644
10267,6759
10385,6777
10487,6871
10567,6980
10536,7138
10591,7254
10549,7410
10496,7522
10492,7621
10646,7742
10618,7983
10431,8275
10403,8488
10204,8658
9956,8885
9600,9039
9296,9263
9009,9425
8816,9523
8557,9768
8376,9906
8125,10136
7850,10110
7619,10128
7357,10115
7228,10131
7029,10066
6904,9980
6791,9774
6769,9492
6779,9151
6809,8916
6867,8722
6956,8470
7101,8186
7297,7961
7434,7809
7560,7606
7744,7419
7969,7302
8212,7213
8425,7064
8715,6957
9037,6885
9348,6822
9679,6779
10015,6789
10404,6785
10767,6841
11055,6938
11467,7004
11762,7160
12031,7251
12193,7442
12314,7562
12386,7731
12453,7882
12559,8049
12561,8217
12620,8452
12462,8637
12221,8842
12168,8980
12111,9143
11821,9181
11482,9148
11048,9243
10740,9277
10288,9264
9934,9227
9642,9179
9208,9145
8820,9066
8399,8968
8107,8898
7814,8828
7533,8690
7289,8479
7125,8365
7009,8266
6920,8102
6886,7981
6895,7798
6964,7642
7134,7495
7268,7325
7515,7189
7801,7079
8070,6913
8330,6811
8769,6751
9084,6707
9475,6666
9944,6646
10291,6662
10673,6713
11189,6803
11292,6925
11672,7073
12094,7206
12519,7434
12559,7660
12808,7941
13007,8230
13321,8497
13618,8819
13719,9224
13675,9390
13527,9636
13045,9884
12844,10050
12753,10406
12440,10571
12046,10862
11722,11071
11351,11018
11016,10972
10449,11017
10006,11023
9424,10979
9050,10905
8644,10772
8251,10754
7892,10658
7596,10441
7349,10364
7150,10023
7022,9797
6909,9464
6828,9316
6805,9083
6841,8819
6949,8524
7132,8262
7245,8053
7452,7773
7745,7584
8043,7372
8465,7162
8767,7002
9227,6918
9482,6793
9805,6723
10138,6700
10505,6731
10728,6772
10918,6865
11097,7055
11375,7206
11716,7442
11646,7760
11836,8080
11719,8332
11556,8672
11376,8971
11452,9208
11419,9468
11305,9782
11106,10117
11046,10467
10922,10698
10837,10966
10437,11303
10193,11334
9915,11474
9500,11649
9207,11775
8906,11756
8694,11688
8464,11705
8165,11514
7954,11459
7776,11338
7507,11177
7288,10898
7151,10423
7012,10180
6904,9973
6850,9705
6793,9336
6814,8966
6825,8611
6924,8362
6989,7965
7140,7760
7281,7549
7541,7305
7793,7117
8054,6994
8312,6897
8601,6810
8869,6736
9232,6702
9664,6678
9975,6678
10371,6692
10621,6758
10925,6862
11161,6964
11371,7108
11595,7266
11746,7482
12006,7697
12034,7899
12152,8163
12235,8385
12227,8557
12277,8724
12219,8999
12216,9171
11905,9338
11736,9504
11491,9573
11260,9830
10892,9958
10620,10023
10244,10041
9862,10107
9576,10083
9229,9997
8909,9922
8593,10020
8230,9839
7982,9686
7682,9524
7440,9430
7215,9327
7080,9095
6932,8876
6864,8744
6877,8529
6862,8361
6870,8099
6888,7874
6991,7708
7088,7526
7168,7362
7334,7233
7499,7097
7698,7020
7909,6906
8060,6835
8185,6708
8360,6689
8602,6674
8928,6686
9223,6757
9443,6840
9583,6941
9621,7080
9760,7231
9830,7361
9856,7544
9882,7806
9863,8039
9919,8326
10009,8513
9919,8791
9968,9056
9913,9324
9802,9552
9696,9793
9564,9886
9480,10096
9344,10168
9169,10284
8922,10308
8714,10471
8485,10506
8350,10327
8107,10213
7837,10162
7577,10029
7364,9924
7219,9754
6994,9598
6883,9389
6781,9152
6707,8951
6642,8719
6677,8536
6704,8314
6764,8084
6856,7807
7050,7622
7187,7411
7433,7227
7696,7067
7935,6936
8171,6821
8467,6747
8720,6684
8924,6652
9220,6614
9419,6560
9696,6621
10029,6648
10310,6646
10406,6710
10438,6821
10630,6913
10660,7032
10672,7133
10775,7302
10748,7517
10587,7748
10414,7905
10209,8063
10152,8216
9974,8430
9733,8663
9607,8878
9556,9098
9342,9246
9102,9335
8882,9435
8685,9475
8365,9463
8136,9582
7908,9652
7665,9582
7461,9496
7296,9415
7172,9315
7017,9277
6901,9135
6787,8916
6667,8698
6630,8471
6606,8235
6607,8065
6616,7869
6666,7617
6708,7372
6814,7210
6954,7094
7088,6927
7216,6780
7380,6667
7578,6569
7783,6527
8003,6506
8196,6504
8391,6523
8665,6576
8953,6647
9221,6730
9413,6807
9603,6910
9983,7023
10184,7119
10484,7295
10840,7459
11024,7652
11091,7824
11322,7962
11419,8120
11483,8305
11438,8387
11532,8547
11543,8598
11563,8777
11347,8882
11062,9035
10911,9031
10607,9031
10307,9123
10043,9137
9705,9167
9406,9195
9024,9115
8730,9116
8460,9062
8117,8939
7823,8875
7523,8832
7298,8690
7113,8531
6972,8453
6880,8336
6831,8219
6809,8067
6848,7884
6919,7721
7034,7632
7183,7506
7425,7369
7610,7225
7870,7064
8241,6954
8576,6848
8887,6749
9200,6641
9500,6586
9809,6614
10099,6631
10376,6698
10593,6703
10830,6766
11138,6891
11231,7043
11367,7221
11507,7380
11703,7605
11824,7862
11755,8118
11475,8371
11267,8755
10999,9031
11000,9235
11097,9606
11022,9974
10609,10085
10402,10278
10168,10411
9912,10618
9775,10687
9601,10778
9176,10900
8804,11048
8536,10989
8305,10907
8039,10954
7795,10678
7517,10448
7307,10195
7162,10066
7091,9900
7057,9670
6986,9372
6890,9043
6914,8776
6993,8538
7096,8241
7217,7971
7405,7703
7625,7472
7825,7248
8078,7093
8208,7009
8380,6955
8851,7498
8774,6659
9146,6789
9450,6773
9671,6807
10031,6869
10123,6904
10360,6973
10682,7109
11074,7265
11066,7532
11192,7755
11196,7973
11182,8269
11105,8418
11065,8561
11095,8812
10940,9142
10712,9527
10428,9755
10131,9847
10015,9921
9658,10060
9372,10224
9082,10351
8691,10360
8292,10309
8117,10336
7894,10239
7635,10277
7401,10153
7223,9827
7088,9697
6976,9536
6895,9382
6820,9221
6752,8944
6720,8594
6740,8465
6725,8286
6820,8088
6855,7928
7002,7767
7106,7570
7223,7401
7411,7208
7490,7052
7659,6902
7855,6771
7975,6689
8155,6632
8287,6586
8493,6616
8581,6652
8705,6724
8941,6777
9106,6888
9255,7023
9256,7121
9381,7320
9484,7520
9710,7707
9831,7920
9898,8042
9881,8185
10065,8272
10022,8445
10026,8592
9953,8703
9787,8808
9713,8976
9476,9077
9307,9013
9067,8985
8836,8994
8627,9062
8349,8974
8163,8920
7882,8888
7729,8752
7519,8627
7264,8575
7139,8527
6990,8442
6831,8201
6758,8048
6709,7918
6678,7795
6628,7667
6650,7564
6693,7461
6755,7354
6872,7202
6973,7137
7065,7056
7215,6955
7328,6855
7544,6786
7688,6719
7872,6629
8042,6607
8192,6554
8353,6546
8575,6547
8723,6585
8853,6635
9079,6736
9238,6808
9346,6936
9459,7087
9513,7274
9689,7424
9834,7584
9951,7728
10026,7959
10096,8148
10073,8302
10062,8504
10048,8636
9985,8641
9940,8756
9871,8858
9665,8945
9533,9016
9304,8953
9018,9007
8810,9053
8632,9012
8431,8882
8188,8772
8022,8666
7799,8511
7548,8365
7432,8311
7234,8176
7086,8062
6965,7984
6888,7837
6848,7672
6879,7538
6984,7428
7067,7307
7228,7158
7482,7089
7752,6982
8127,6867
8529,6797
9060,6734
9545,6679
10001,6643
10637,6578
11263,6576
11854,6594
12438,6606
13124,6673
13638,6727
13817,6821
14277,6971
14704,7121
15007,7251
15281,7477
15526,7673
15701,7901
15908,8198
15832,8489
15694,8729
15731,8943
15639,9215
15131,9399
14559,9645
14048,9829
13269,10111
12839,10446
12516,10649
12016,10801
11375,10888
10760,11036
10297,11228
9777,11303
9440,11475
8931,11513
8495,11537
8113,11285
7803,11064
7524,10936
7412,10665
7237,10304
7169,10202
7176,9909
7175,9559
7231,9309
7463,8961
7552,8656
7808,8362
8051,7995
8299,7675
8660,7449
9021,7278
9425,7021
9883,6899
10255,6848
10708,6754
11218,6787
11586,6814
11812,6912
12040,7057
12419,7307
12731,7561
12790,7856
13072,8101
13297,8399
13653,8732
13963,9164
14169,9564
14255,10011
14212,10300
13923,10613
13933,10850
14210,11040
14241,11279
14036,11519
13648,11824
13226,12010
12760,12129
12378,12251
11941,12138
11424,12129
10872,12203
10430,11986
9848,11757
9488,11632
9152,11467
8701,11244
8251,11001
7882,10729
7616,10318
7425,9851
7368,9475
7399,9229
7552,8901
7747,8667
8120,8332
8559,8087
8975,7778
9555,7579
10400,7447
11219,7248
11880,7151
12566,7094
13273,7023
14062,7038
14612,7037
15127,7100
15960,7197
16383,7353
16383,7580
16383,7897
16383,8237
16383,8579
16383,9026
16383,9404
16383,9984
16383,10522
16383,11112
16383,11590
16383,12064
16367,12601
15795,13179
15662,13710
15098,14229
14376,14763
13647,15393
12934,15974
12433,15798
11888,16034
11077,16151
10543,16383
10130,16383
9764,16383
9400,16138
9029,15594
8795,14916
8540,14500
8280,14262
8128,13846
7966,13282
7838,12579
7740,11821
7649,10981
7580,10362
7557,9823
7635,9299
7665,8781
7765,8294
8038,7922
8419,7546
8741,7301
9041,7118
9518,7029
10062,6911
10519,6916
10785,7018
11275,7091
12009,7195
12304,7396
12562,7713
13074,8010
13203,8320
13652,8791
13905,9193
12958,9489
13957,9948
15459,10435
14560,10812
12141,11242
9823,11554
8105,11833
7160,12079
6647,12166
6422,12317
6318,12494
6247,12541
6215,12787
6199,12935
6187,12762
6188,12730
6187,12950
6185,13079
6169,13161
6168,13208
6167,12970
6159,13083
6141,13025
6145,12782
6151,12758
6147,12460
6142,12032
6135,11461
6146,10945
6139,10458
6136,10044
6136,9588
6130,9112
6136,8646
6126,8233
6133,7870
6127,7620
6116,7452
6126,7266
6124,7161
6120,7032
6130,7020
6118,7044
6124,7121
6127,7100
6119,7219
6127,7360
6130,7547
6122,7794
6125,7897
6124,8311
6124,8458
6120,8607
6111,9205
6113,9591
6112,9281
6121,8971
6111,8693
6117,8219
6117,7644
6123,7098
6110,6669
6118,6473
6111,6330
6103,6310
6118,6266
6110,6233
6105,6241
6111,6234
6112,6209
6110,6190
6105,6209
6104,6182
6111,6199
6107,6188
6118,6164
6104,6143
6115,6122
6117,6088
6103,6069
6111,6086
6115,6082
6104,6085
6112,6085
6113,6071
6105,6080
6103,6067
6107,6073
6112,6077
6107,6080
6101,6068
6105,6073
6115,6070
6109,6071
6106,6077
6111,6083
6112,6064
6114,6069
6108,6066
6109,6063
6100,6046
6104,6070
6108,6057
6107,6065
6105,6046
6118,6062
6110,6070
6110,6062
6107,6053
6102,6059
6113,6048
6118,6064
6111,6065
6107,6061
6112,6062
6118,6057
6120,6059
6116,6063
6100,6056
6124,6071
6109,6046
6111,6060
6107,6061
6115,6054
6107,6063
6119,6064
6096,6058
6110,6050
6107,6063
6117,6051
6107,6049
6107,6055
6110,6040
6111,6067
6106,6047
6111,6057
6109,6050
6111,6051
6107,6057
6106,6054
6112,6060
6118,6030
6114,6060
6113,6045
6118,6038
6111,6057
6108,6052
6112,6060
6118,6055
6110,6057
6111,6048
6113,6045
6106,6054
6113,6055
6108,6057
6116,6056
6113,6051
6117,6045
6117,6051
6108,6058
6113,6043
6098,6048
6102,6052
6105,6041
6118,6053
6121,6051
6109,6051
6109,6052
6106,6058
6107,6054
6107,6048
6112,6056
6112,6047
6101,6046
6107,6069
6114,6057
6104,6058
6105,6058
6098,6051
6109,6055
6116,6055
6110,6040
6106,6054
6103,6051
6098,6050
6106,6059
6111,6050
6112,6050
6100,6059
6105,6054
6118,6052
6115,6043
6104,6039
6116,6061
6104,6048
6115,6042
6107,6056
6105,6047
6105,6062
6104,6062
6105,6049
6097,6060
6105,6058
6093,6076
6103,6046
6103,6057
6119,6039
6108,6042
6107,6053
6103,6044
6111,6052
6102,6054
6105,6049
6112,6054
6102,6053
6102,6052
6108,6034
6114,6056
6110,6049
6104,6053
6107,6053
6098,6054
6010,5995
5693,5694
6085,6102
6097,6049
6172,6116
6064,5975
6107,6048
6112,6045
6140,6080
6129,6077
6123,6053
6094,6053
6118,6064
6096,6050
6109,6046
6103,6051
6106,6042
6112,6047
6102,6039
6103,6049
6103,6050
6105,6055
6122,6055
6101,6055
6100,6055
6105,6043
6095,6046
6098,6061
6099,6046
6112,6054
6110,6042
6106,6048
6100,6049
6110,6048
6106,6042
6107,6048
6114,6052
6108,6056
6097,6056
6105,6038
6107,6049
6101,6046
6109,6042
6100,6053
6097,6049
6103,6049
6111,6050
6101,6054
6099,6052
6105,6054
6104,6046
6104,6119
6096,6033
6108,6053
6111,6045
6109,6044
6104,6045
6100,6054
6095,6052
6104,6049
6097,6056
6103,6048
6104,6048
6106,6053
6096,6049
6096,6047
6108,6063
6103,6050
6099,6045
6103,6055
6089,6045
6107,6045
6097,6052
6090,6054
6102,6059
6104,6036
6119,6043
6106,6059
6090,6048
6103,6050
6094,6051
6101,6042
6106,6042
6105,6043
6101,6059
6105,6055
6103,6060
6103,6053
6112,6046
6103,6045
6099,6053
6100,6046
6107,6058
6108,6055
6103,6055
6104,6064
6105,6047
6104,6058
6109,6045
6102,6043
6108,6063
6108,6053
6115,6060
6104,6050
6105,6046
6105,6060
6106,6055
6104,6047
6106,6049
6101,6045
6095,6062
6106,6063
6105,6057
6106,6053
6107,6057
6109,6059
6112,6063
6112,6050
6111,6053
6109,6045
6106,6060
6121,6058
6102,6052
6107,6027
6118,6054
6106,6053
6105,6058
6107,6057
6115,6046
6102,6059
6100,6064
6111,6056
6102,6048
6110,6047
6116,6079
6105,6058
6108,6050
6113,6064
6111,6047
6112,6054
6109,6054
6104,6054
6107,6060
6103,6049
6097,6048
6118,6047
6117,6068
6106,6059
6105,6046
6108,6048
6114,6050
6109,6063
6105,6046
6104,6052
6112,6040
6111,6058
6102,6053
6101,6057
6110,6044
6105,6047
6108,6062
6102,6049
6102,6048
6102,6050
6109,6052
6102,6046
6102,6056
6107,6063
6106,6052
6100,6046
6103,6052
6112,6055
6104,6047
6108,6053
6102,6043
6112,6043
6101,6061
6102,6061
6110,6044
6105,6043
6098,6040
6102,6049
6096,6055
6103,6053
6107,6051
6102,6064
6106,6044
6103,6039
6101,6063
6115,6060
6114,6043
6114,6058
6104,6056
6104,6064
6100,6054
6105,6050
6112,6065
6116,6058
6111,6051
6108,6046
6092,6074
6110,6047
6112,6056
6105,6061
6109,6048
6118,6049
6114,6049
6113,6054
6115,6058
6113,6054
6111,6061
6119,6054
6111,6048
6114,6044
6114,6059
6128,6044
6119,6048
6118,6057
6114,6048
6110,6062
6109,6055
6108,6047
6113,6049
6118,6053
6114,6056
6124,6042
6114,6050
6120,6039
6111,6047
6116,6058
6108,6048
6104,6058
6113,6062
6110,6059
6110,6052
6111,6050
6105,6047
6108,6058
6105,6045
6115,6048
6112,6055
6106,6056
6108,6054
6112,6054
6106,6041
6113,6047
6117,6060
6117,6061
6117,6060
6105,6066
6110,6060
6119,6072
6103,6044
6112,6044
6110,6040
6111,6053
6110,6058
6108,6049
6109,6058
6112,6054
6110,6037
6116,6053
6111,6057
6106,6061
6108,6058
6113,6053
6107,6048
6127,6065
5993,5936
6114,6061
6107,6207
6095,6037
6096,6047
6100,6040
6114,6042
6122,6043
6098,6059
6115,6049
6106,6053
6113,6057
6115,6057
6116,6054
6108,6053
6125,6054
6113,6057
6111,6055
6110,6053
6104,6049
6117,6053
6116,6057
6110,6052
6111,6065
6129,6052
6115,6058
6110,6044
6118,6060
6112,6050
6122,6056
6114,6063
6117,6037
6114,6069
6109,6069
6119,6050
6118,6063
6112,6046
6107,6061
6118,6062
6106,6059
6113,6051
6111,6053
6117,6057
6115,6059
6107,6061
6125,6057
6118,6058
6118,6054
6115,6058
6116,6055
6112,6050
6123,6062
6118,6058
6112,6057
6123,6064
6117,6052
6118,6052
6118,6060
6126,6058
6124,6048
6114,6058
6120,6056
6120,6056
6115,6053
6113,6058
6117,6061
6138,6057
6118,6056
6118,6054
6113,6061
6112,6060
6118,6058
6114,6053
6121,6044
6117,6051
6117,6055
6118,6047
6116,6056
6116,6060
6123,6059
6112,6056
6124,6062
6123,6058
6118,6064
6118,6064
6117,6055
6111,6053
6112,6062
6118,6059
6114,6057
6118,6051
6118,6049
6115,6042
6113,6064
6122,6052
6107,6060
6120,6061
6114,6050
6115,6036
6107,6060
6112,6062
6120,6084
6117,6035
6114,6055
6118,6091
6118,6058
6118,6058
6114,6047
6112,6049
6114,6027
6118,6061
6117,6060
6117,6059
6115,6058
6115,6054
6119,6053
6114,6062
6110,6063
6123,6058
6114,6060
6116,6061
6116,6057
6118,6048
6124,6053
6122,6054
6120,6056
6127,6072
6115,6056
6115,6056
6115,6057
6113,6058
6118,6058
6114,6057
6123,6062
6111,6051
6117,6054
6119,6057
6122,6048
6120,6054
6119,6044
6122,6055
6119,6056
6120,6056
6120,6059
0,27
0,61680
0,0
6120,6062
5604,5576
5597,5582
5604,5586
5658,5626
5619,5703
5686,5647
5599,5544
5605,5565
5830,5760
6380,6335
6316,6326
6301,6326
6305,6324
6308,6330
6307,6323
6308,6314
6303,6333
6297,6351
6299,6347
6314,6351
6305,6339
6295,6326
6311,6316
6295,6329
6287,6336
6307,6339
6290,6330
6302,6318
6322,6323
6322,6339
6288,6324
6282,6305
6306,6326
6299,6343
6313,6340
6327,6341
6309,6332
6311,6360
6293,6340
6310,6311
6300,6338
6302,6345
6298,6332
6310,6320
6288,6345
6277,6344
6289,6319
6318,6343
6303,6356
6295,6342
6298,6336
6319,6318
6318,6317
6327,6322
6317,6320
6328,6327
6321,6338
6302,6321
6297,6336
6304,6331
6293,6346
6301,6342
6291,6318
6291,6335
6302,6338
6310,6331
6303,6323
6313,6336
6324,6322
6307,6346
6312,6336
6300,6331
6316,6321
6297,6321
6312,6324
6299,6344
6289,6327
6300,6326
6314,6336
6313,6339
6308,6329
6299,6320
6294,6317
6289,6326
6281,6338
6288,6328
6310,6319
6300,6329
6300,6339
6305,6318
6296,6334
6294,6328
6299,6346
6286,6343
6305,6342
6294,6330
6291,6366
6286,6349
6302,6331
6305,6330
6287,6299
6288,6342
6293,6315
6296,6330
6303,6300
6318,6325
6334,6351
6306,6334
6314,6364
6315,6358
6313,6364
6298,6353
6299,6308
6292,6319
6290,6327
6317,6329
6326,6349
6297,6323
6307,6338
6279,6349
6288,6339
6310,6318
6309,6331
6313,6303
6300,6313
6290,6315
6288,6328
6297,6324
6304,6314
6286,6324
6291,6305
6289,6302
6312,6286
6306,6312
6315,6327
6287,6332
6271,6331
6271,6338
6284,6355
6301,6346
6309,6329
6294,6354
6290,6340
6295,6343
6301,6334
6272,6316
6287,6333
6282,6344
6291,6342
6289,6316
6308,6323
6299,6346
6296,6355
6298,6347
6286,6335
6308,6336
6310,6310
6300,6316
6294,6353
6276,6330
6296,6327
6282,6327
6311,6328
6301,6354
6291,6350
6290,6335
6303,6323
6294,6319
6288,6341
6279,6322
6297,6309
6285,6342
6294,6318
6276,6349
6301,6330
6298,6330
6308,6353
6297,6368
6295,6357
6292,6347
6302,6332
6319,6332
6283,6327
6268,6340
6279,6337
6290,6341
6301,6339
6308,6344
6301,6333
6295,6337
6285,6347
6292,6366
6294,6358
6287,6344
6290,6338
6282,6356
6305,6364
6314,6373
6300,6375
6290,6372
6291,6375
6280,6346
6287,6375
6285,6351
6280,6378
6260,6356
6261,6340
6265,6322
6262,6340
6266,6348
6285,6329
6287,6369
6282,6345
6272,6331
6268,6346
6276,6348
6252,6348
6268,6381
6284,6368
6269,6372
6262,6361
6275,6360
6276,6353
6279,6341
6282,6373
6280,6353
6263,6358
6278,6348
6278,6377
6282,6356
6304,6353
6275,6347
6259,6352
6275,6358
6278,6361
6291,6376
6283,6384
6283,6353
6260,6350
6266,6377
6261,6401
6273,6417
6262,6404
6246,6395
6267,6389
6263,6414
6252,6362
6237,6321
6248,6358
6266,6360
6257,6358
6272,6376
6258,6394
6259,6379
6262,6387
6268,6397
6275,6353
6256,6343
6256,6361
6257,6349
6256,6358
6255,6363
6270,6359
6251,6361
6243,6354
6260,6360
6256,6396
6247,6364
6256,6386
6258,6391
6266,6365
6248,6387
6149,6272
6008,6188
6003,6144
6249,6393
6316,6386
6237,6371
6224,6383
6255,6399
6259,6401
6271,6436
6267,6387
6240,6387
6247,6403
6259,6398
6234,6389
6241,6405
6233,6372
6225,6368
6240,6384
6240,6394
6255,6371
6233,6387
6236,6361
6240,6353
6243,6386
6252,6402
6238,6403
6252,6395
6252,6388
6265,6376
6249,6401
6252,6368
6231,6363
6233,6354
6239,6338
6241,6359
6247,6388
6237,6395
6237,6370
6245,6380
6253,6388
6255,6420
6248,6406
6247,6433
6245,6400
6237,6393
6232,6385
6233,6395
6234,6400
6244,6394
6240,6407
6248,6423
6243,6415
6241,6412
6252,6410
6235,6391
6243,6389
6233,6411
6255,6389
6239,6397
6251,6399
6252,6389
6260,6383
6256,6418
6246,6310
6236,6393
6239,6387
6246,6383
6251,6386
6241,6388
6251,6407
6219,6402
6230,6385
6237,6372
6242,6352
6235,6349
6221,6338
6241,6366
6242,6336
6247,6354
6237,6373
6245,6398
6232,6388
6231,6386
6227,6402
6238,6391
6252,6400
6248,6385
6262,6384
6227,6350
6231,6356
6233,6404
6226,6397
6238,6399
6249,6389
6247,6380
6245,6399
6231,6413
6240,6400
6251,6387
6231,6425
6228,6430
6232,6427
6218,6433
6233,6428
6235,6385
6233,6390
6235,6405
6235,6361
6239,6404
6240,6395
6238,6384
6240,6403
6236,6399
6227,6416
6226,6391
6217,6406
6228,6407
6219,6412
6231,6367
6230,6392
6228,6379
6223,6359
6226,6369
6215,6373
6223,6366
6223,6385
6228,6382
6230,6403
6215,6404
6234,6405
6231,6413
6227,6397
6220,6394
6226,6381
6217,6387
6226,6396
6232,6420
6240,6417
6224,6406
6232,6402
6240,6366
6227,6367
6233,6337
6205,6346
6223,6356
6227,6362
6233,6372
6234,6375
6229,6399
6234,6414
6237,6426
6247,6381
6229,6403
6239,6369
6239,6382
6227,6401
6234,6414
6220,6408
6234,6414
6234,6433
6235,6447
6236,6414
6235,6433
6223,6430
6208,6385
6229,6402
6219,6396
6243,6401
6243,6395
6222,6394
6217,6407
6226,6389
6222,6371
6219,6404
6232,6408
6228,6421
6231,6402
6237,6395
6232,6377
6228,6419
6229,6441
6220,6401
6225,6382
6220,6357
6221,6382
6223,6383
6225,6387
6235,6399
6209,6394
6227,6368
6220,6387
6241,6390
6243,6362
6234,6392
6235,6364
6247,6361
6237,6385
6234,6361
6225,6374
6224,6394
6230,6415
6227,6409
6228,6384
6240,6374
6224,6370
6234,6406
6227,6393
6215,6386
6222,6355
6222,6378
6227,6366
6239,6356
6246,6347
6233,6370
6240,6375
6226,6381
6232,6352
6243,6359
6222,6342
6234,6386
6233,6394
6241,6404
6236,6391
6231,6373
6240,6363
6223,6383
6238,6362
6227,6371
6233,6369
6242,6335
6234,6387
6239,6413
6242,6380
6238,6397
6215,6371
6220,6338
6236,6367
6232,6382
6235,6369
6225,6409
6234,6378
6245,6359
6239,6363
6230,6355
6235,6360
6230,6347
6238,6355
6241,6338
6237,6359
6234,6348
6235,6375
6229,6383
6229,6385
6240,6398
6232,6366
6240,6378
6232,6345
6214,6339
6221,6334
6244,6328
6233,6335
6239,6335
6236,6357
6227,6336
6242,6344
6230,6331
6237,6337
6253,6339
6219,6335
6246,6328
6218,6299
6233,6321
6242,6341
6247,6353
6231,6357
6230,6345
6245,6351
6238,6349
6231,6321
6234,6330
6237,6352
6244,6337
6234,6345
6241,6360
6227,6352
6238,6358
6237,6341
6235,6363
6240,6371
6256,6346
6254,6356
6244,6361
6234,6348
6234,6342
6227,6323
6235,6338
6244,6345
6242,6328
6260,6337
6250,6327
6247,6328
6248,6328
6255,6324
6260,6323
6266,6319
6254,6338
6279,6350
6284,6342
6275,6355
6282,6359
6301,6346
6298,6335
6296,6302
6314,6325
6336,6335
6346,6343
6340,6334
6373,6346
6379,6327
6376,6317
6407,6319
6444,6327
6466,6344
6499,6339
6557,6343
6619,6347
6655,6324
6718,6320
6779,6343
6867,6347
6927,6364
7058,6361
7184,6353
7268,6357
7391,6336
7448,6353
7546,6328
7693,6340
7847,6339
7982,6359
8322,6355
8656,6346
9008,6353
9322,6376
9606,6346
9737,6365
9715,6359
9595,6384
9606,6377
9523,6403
9551,6399
9641,6384
9756,6379
9668,6390
9582,6415
9440,6433
9184,6449
8959,6482
8723,6505
8557,6527
8397,6558
8244,6614
8073,6672
7887,6711
7691,6777
7517,6859
7343,6928
7236,6984
7136,7053
6973,7121
6884,7186
6829,7282
6745,7351
6717,7376
6762,7392
6858,7406
6995,7383
7249,7354
7522,7263
7805,7233
8160,7141
8470,7071
8733,6968
8888,6830
9069,6711
9307,6607
9593,6613
9881,6611
10067,6656
10240,6732
10399,6785
10536,6870
10554,6955
10545,7112
10541,7283
10539,7418
10519,7527
10517,7619
10647,7725
10580,7958
10466,8241
10408,8463
10192,8667
10038,8875
9602,9018
9279,9233
9069,9429
8828,9549
8522,9769
8411,9953
8115,10103
7835,10117
7608,10136
7361,10133
7222,10102
7072,9983
6911,9984
6831,9744
6775,9498
6797,9151
6800,8930
6842,8773
6976,8467
7064,8185
7253,7961
7430,7796
7564,7609
7753,7440
7982,7289
8257,7195
8426,7062
8693,6952
8995,6891
9362,6818
9682,6780
10007,6760
10397,6800
10782,6809
11055,6926
11439,7034
11781,7167
12033,7272
12195,7453
12357,7494
12328,7736
12400,7870
12591,8028
12448,8183
12444,8412
12443,8612
12333,8807
12162,8973
12074,9113
11799,9190
11455,9129
11040,9225
10705,9295
10303,9329
9928,9245
9640,9169
9255,9114
8818,9041
8428,8944
8107,8896
7797,8850
7502,8694
7321,8515
7123,8366
7018,8254
6916,8132
6862,7991
6899,7831
6961,7640
7122,7482
7297,7343
7483,7193
7807,7090
8085,6929
8369,6840
8720,6767
9128,6721
9508,6666
9927,6638
10324,6667
10638,6694
11162,6805
11325,6913
11657,7063
12061,7221
12511,7446
12511,7627
12785,7878
13028,8244
13273,8503
13662,8823
13617,9187
13728,9446
13462,9576
13071,9866
12899,10120
12663,10427
12479,10528
12032,10850
11716,11012
11387,11027
10918,10926
10392,11028
9959,10968
9447,11078
9003,10903
8625,10786
8239,10748
7856,10602
7579,10482
7322,10375
7151,10059
7001,9824
6895,9468
6829,9264
6804,9092
6874,8855
6965,8575
7087,8278
7226,8003
7459,7808
7706,7594
8026,7360
8470,7173
8777,7033
9169,6890
9489,6800
9735,6720
10107,6690
10498,6737
10700,6766
10960,6603
11088,7119
11435,7204
11784,7480
11780,7760
11829,8103
11833,8360
11564,8652
11377,8994
11413,9159
11429,9520
11341,9767
11128,10114
11037,10462
10974,10682
10842,10975
10449,11239
10177,11267
9871,11413
9487,11583
9175,11826
8915,11748
8660,11661
8463,11663
8212,11522
7923,11430
7806,11351
7554,11155
7322,10862
7166,10396
6990,10140
6908,10022
6826,9616
6799,9344
6789,8969
6811,8643
6909,8339
6997,7998
7133,7765
7322,7563
7553,7314
7793,7116
8039,6977
8295,6885
8591,6812
8845,6716
9202,6705
9665,6693
9991,6660
10341,6695
10649,6736
10950,6855
11161,6978
11359,7097
11589,7269
11748,7497
12016,7696
12061,7882
12161,8156
12225,8393
12165,8587
12277,8751
12251,8957
12177,9196
11892,9381
11700,9514
11425,9561
11246,9777
10872,9920
10572,10020
10168,10060
9847,10106
9504,10084
9221,10053
8871,9958
8573,10007
8249,9774
7944,9643
7707,9518
7431,9431
7212,9295
7057,9130
6958,8866
6867,8776
6854,8517
6848,8324
6868,8080
6905,7876
6991,7701
7088,7562
7168,7376
7331,7232
7496,7080
7684,7024
7958,6920
8041,6841
8169,6745
8364,6695
8609,6676
8920,6701
9228,6746
9407,6848
9586,6937
9638,7087
9749,7247
9832,7347
9894,7565
9859,7831
9887,8033
9911,8306
9973,8567
9910,8786
9989,9071
9910,9324
9743,9571
9644,9792
9576,9917
9477,10077
9356,10168
9185,10269
8957,10379
8675,10466
8507,10507
8305,10354
8086,10248
7857,10180
7597,10023
7397,9902
7189,9724
6979,9602
6875,9395
6765,9198
6694,8956
6663,8750
6674,8511
6689,8314
6758,8117
6859,7858
7028,7594
7195,7400
7427,7232
7674,7079
7939,6952
8170,6802
8482,6758
8734,6683
8936,6663
9224,6618
9456,6575
9699,6600
10027,6633
10282,6655
10402,6729
10464,6815
10567,6912
10667,7024
10730,7152
10855,7332
10703,7515
10638,7747
10404,7950
10185,8101
10119,8265
9932,8425
9699,8649
9622,8930
9566,9072
9342,9193
9104,9333
8889,9380
8639,9453
8371,9501
8166,9602
7901,9645
7671,9605
7462,9511
7279,9432
7195,9300
7027,9260
6892,9128
6791,8896
6686,8690
6598,8488
6606,8242
6605,8092
6590,7869
6641,7649
6714,7372
6817,7238
6923,7105
7057,6922
7200,6786
7382,6679
7608,6580
7833,6530
8023,6522
8145,6503
8392,6536
8672,6575
8952,6655
9231,6730
9424,6842
9637,6905
10037,7016
10164,7113
10484,7310
10805,7467
10993,7605
11120,7843
11278,8015
11419,8159
11441,8312
11455,8398
11619,8592
11505,8610
11554,8800
11337,8874
11032,9036
10943,9063
10637,8992
10290,9105
10040,9133
9759,9202
9359,9188
9023,9105
8778,9076
8433,9109
8110,8955
7815,8904
7541,8812
7282,8642
7088,8512
6997,8418
6887,8329
6822,8203
6795,8086
6842,7862
6900,7709
7038,7664
7177,7521
7415,7357
7588,7218
7889,7055
8219,6949
8558,6868
8910,6747
9240,6633
9510,6578
9785,6599
10096,6652
10347,6669
10656,6711
10914,6774
11153,6907
11211,7043
11364,7228
11506,7386
11702,7602
11904,7879
11702,8119
11455,8360
11234,8702
11012,9030
11049,9254
11141,9550
11002,9952
10497,10001
10448,10286
10262,10530
9965,10646
9788,10718
9584,10782
9217,10881
8793,11077
8541,11034
8293,10919
8027,10882
7770,10701
7551,10437
7323,10200
7135,10093
7125,9926
7066,9677
6977,9338
6896,9032
6923,8800
7007,8521
7097,8222
7213,7929
7409,7653
7648,7449
7859,7282
8069,7097
8178,7023
8416,6942
8592,6861
8939,6788
9109,6751
9477,6766
9725,6786
9981,6837
10131,6915
10393,6981
10696,7104
11040,7267
11114,7489
11220,7755
11242,7983
11116,8259
11126,8431
11040,8590
11123,8819
10933,9199
10683,9521
10403,9756
10128,9854
9985,9926
9672,10065
9347,10271
9040,10299
8720,10296
8295,10303
8103,10299
7946,10219
7666,10247
7396,10194
7228,9913
7080,9666
6939,9522
6871,9355
6802,9217
6741,8906
6737,8621
6726,8521
6727,8291
6813,8081
6868,7901
7010,7743
7104,7567
7199,7408
7405,7208
7520,7052
7701,6867
7877,6786
8005,6666
8139,6624
8336,6584
8498,6618
8583,6643
8745,6703
8916,6794
9095,6883
9255,7012
9281,7139
9371,7332
9546,7522
9697,7701
9822,7935
9924,8034
9913,8158
10059,8248
10028,8418
10064,8600
9946,8736
9811,8820
9743,8980
9506,9071
9348,9054
9039,9019
8897,8967
8675,9062
8405,8992
8171,8873
7942,8940
7745,8819
7497,8715
7307,8576
7140,8532
7003,8424
6816,8138
6738,8040
6711,7943
6662,7790
6651,7673
6636,7563
6682,7474
6783,7331
6857,7216
6967,7149
7058,7067
7204,6938
7356,6849
7551,6789
7697,6716
7875,6633
8036,6592
8203,6562
8353,6546
8533,6535
8692,6602
8862,6654
9131,6737
9257,6818
9356,6981
9452,7100
9567,7283
9714,7450
9827,7564
9954,7733
9990,7986
10060,8170
10104,8313
10011,8464
10098,8638
10037,8674
9947,8742
9838,8803
9669,8881
9540,8967
9332,8971
9040,9015
8791,9032
8650,8999
8461,8880
8186,8778
8009,8629
7774,8520
7580,8394
7400,8307
7222,8167
7069,8087
6967,7954
6874,7790
6840,7694
6882,7535
6977,7420
7060,7277
7262,7161
7474,7077
7757,6981
8112,6908
8544,6811
9044,6703
9559,6641
10034,6621
10592,6577
11244,6597
11869,6573
12470,6630
13122,6668
13615,6734
13889,6850
14241,6971
14685,7079
15040,7271
15299,7478
15570,7656
15744,7891
15788,8181
15889,8470
15704,8749
15758,8966
15584,9242
15124,9394
14540,9683
13950,9783
13310,10130
12873,10528
12536,10707
12043,10756
11364,10956
10744,11040
10287,11230
9799,11320
9451,11398
8976,11581
8535,11510
8108,11263
7811,11040
7516,10892
7401,10624
7238,10284
7173,10230
7166,9897
7205,9624
7246,9356
7457,8969
7563,8648
7806,8331
8046,7996
8317,7670
8629,7446
9011,7279
9469,7037
9867,6919
10307,6847
10752,6772
11175,6784
11522,6813
11807,6923
12082,7080
12449,7322
12773,7550
12765,7857
13121,8106
13332,8438
13729,8758
13996,9127
14197,9584
14273,9977
14225,10274
13871,10622
13928,10873
14302,11064
14209,11316
13985,11502
13582,11859
13297,12018
12747,12135
12351,12237
11990,12170
11414,12130
10918,12201
10372,11973
9899,11721
9478,11643
9070,11520
8681,11245
8250,10958
7876,10709
7628,10319
7423,9798
7363,9522
7810,9545
7475,8907
7716,8570
8201,8446
8643,8127
9050,7786
9615,7584
10374,7429
11174,7251
11788,7142
12543,7078
13304,7057
14007,7065
14833,7058
15252,7090
15849,7194
16383,7365
16383,7585
16383,7909
16383,8235
16383,8600
16383,8983
16383,9432
16383,9916
16383,10519
16383,11129
16383,11612
16383,12082
16271,12646
15885,13140
15642,13706
15115,14206
14434,14742
13680,15382
12943,15950
12493,15817
11788,16112
11069,16212
10509,16383
10077,16383
9766,16383
9400,16075
9053,15577
8725,15004
8505,14442
8318,14203
8081,13721
7961,13273
7860,12589
7737,11730
7646,11023
7589,10383
7584,9806
7616,9331
7681,8725
7754,8308
8063,7905
8443,7547
8677,7324
9076,7125
9556,7002
10045,6926
10502,6911
10759,7012
11257,7102
11935,7196
12230,7404
12553,7687
12981,8067
13227,8352
13624,8827
13929,9128
12942,9533
13986,10002
15397,10422
14539,10840
12023,11101
9787,11508
8126,11813
7119,12033
6639,12173
6407,12345
6320,12516
6262,12540
6226,12766
6207,12882
6179,12716
6173,12677
6173,12978
6178,12971
6182,13132
6166,13130
6171,13015
6151,13039
6141,13087
6153,12752
6150,12706
6151,12458
6148,12005
6133,11415
6136,10961
6142,10395
6137,10015
6141,9547
6132,9104
6140,8597
6148,8229
6132,7861
6128,7602
6125,7430
6125,7244
6114,7144
6122,7045
6126,7040
6119,7033
6133,7095
6113,7095
6113,7208
6115,7358
6129,7538
6124,7796
6114,7887
6123,8302
6125,8449
6132,8548
6113,9146
6111,9604
6112,9318
6120,8942
6123,8740
6113,8235
6118,7644
6118,7105
6102,6705
6111,6473
6105,6362
6107,6312
6120,6282
6115,6239
6109,6249
6113,6244
6115,6225
6107,6210
6115,6209
6110,6190
6110,6202
6101,6190
6109,6176
6108,6137
6099,6105
6122,6097
6099,6080
6107,6098
6115,6076
6107,6085
6103,6091
6111,6078
6107,6072
6105,6065
6107,6078
6113,6065
6109,6070
6107,6076
6110,6081
6103,6060
6109,6065
6103,6063
6106,6077
6109,6056
6115,6078
6104,6072
6103,6070
6106,6056
6100,6067
6104,6057
6110,6066
6126,6072
6112,6067
6107,6066
6108,6066
6110,6064
6110,6059
6110,6062
6120,6061
6111,6064
6110,6061
6104,6053
6112,6056
6118,6065
6110,6063
6102,6059
6125,6063
6112,6055
6117,6062
6115,6064
6111,6068
6113,6056
6113,6049
6103,6047
6113,6052
6103,6062
6111,6044
6118,6063
6102,6055
6116,6046
6114,6057
6106,6056
6109,6062
6108,6048
6112,6042
6103,6066
6114,6050
6110,6040
6115,6039
6106,6054
6114,6052
6107,6040
6105,6056
6108,6049
6113,6040
6109,6059
6114,6043
6109,6053
6113,6041
6103,6029
6110,6052
6118,6048
6118,6055
6129,6045
6120,6049
6113,6049
6107,6060
6105,6037
6107,6048
6101,6049
6105,6067
6117,6062
6107,6046
6107,6040
6090,6172
6105,6045
6107,6048
6098,6047
6107,6054
6111,6038
6106,6049
6111,6065
6115,6058
6104,6049
6111,6050
6095,6048
6107,6056
6106,6050
6116,6047
6112,6036
6103,6051
6100,6046
6104,6045
6107,6051
6108,6055
6107,6047
6112,6050
6112,6062
6116,6048
6104,6053
6110,6053
6090,6046
6061,6023
6163,6101
6111,6052
6090,6059
6085,6051
6111,6070
6111,6062
6104,6052
6095,6063
6109,6048
6110,6036
6120,6057
6111,6053
6096,6053
6103,6047
6104,6053
6108,6048
6106,6043
6113,6054
6100,6052
6104,6049
6110,6047
6108,6058
6097,6046
6106,6047
6106,6045
6105,6047
6101,6047
6094,6060
6102,6050
6118,6064
6098,6055
6103,6045
6104,6041
6106,6054
6105,6050
6104,6053
6126,6056
6105,6058
6097,6042
6103,6049
6103,6058
6118,6047
6097,6053
6110,6041
6099,6046
6097,6052
6104,6048
6098,6048
6116,6057
6113,6058
6105,6047
6102,6048
6105,6043
6103,6044
6101,6051
6110,6052
6113,6047
6105,6049
6102,6050
6120,6050
6106,6042
6102,6053
6114,6055
6108,6055
6097,6045
6101,6047
6104,6050
6099,6050
6107,6054
6099,6050
6090,6056
6098,6052
6102,6056
6099,6048
6089,6043
6105,6050
6110,6055
6102,6054
6093,6043
6101,6042
6110,6052
6097,6047
6103,6058
6104,6062
6095,6050
6109,6054
6107,6049
6104,6046
6101,6056
6099,6041
6101,6043
6099,6047
6111,6054
6096,6051
6095,6057
6103,6042
6095,6036
6101,6046
6102,6046
6110,6059
6111,6043
6104,6043
6112,6048
6096,6052
6099,6047
6106,6050
6100,6049
6099,6037
6094,6026
6105,6047
6106,6043
6107,6057
6106,6046
6114,6051
6106,6051
6107,6031
6098,6051
6107,6040
6115,6053
6109,6041
6109,6052
6102,6057
6101,6054
6110,6051
6103,6050
6109,6041
6109,6054
6108,6060
6096,6044
6108,6046
6105,6055
6105,6031
6111,6053
6109,6044
6097,6063
6104,6041
6106,6054
6111,6053
6110,6056
6112,6052
6108,6049
6102,6063
6110,6055
6109,6049
6113,6059
6103,6054
6107,6060
6113,6058
6103,6037
6120,6049
6108,6060
6104,6058
6101,6065
6112,6060
6114,6051
6105,6060
6108,6038
6110,6047
6104,6050
6084,6041
6114,6059
6104,6051
6120,6049
6109,6055
6118,6046
6110,6062
6110,6066
6114,6058
6112,6043
6111,6040
6101,6051
6107,6055
6109,6058
6108,6062
6102,6047
6112,6058
6114,6059
6114,6050
6098,6047
6107,6046
6107,6043
6106,6045
6097,6051
6106,6048
6104,6056
6104,6055
6107,6054
6108,6062
6101,6051
6104,6041
6105,6049
6105,6041
6107,6047
6106,6057
6114,6047
6096,6046
6105,6049
6112,6050
6105,6047
6102,6049
6100,6045
6104,6045
6103,6057
6104,6058
6109,6047
6104,6036
6102,6048
6104,6045
6108,6053
6103,6048
6104,6054
6107,6048
6101,6056
6103,6055
6103,6054
6113,6042
6112,6053
6112,6053
6102,6050
6100,6060
6123,6065
6111,6036
6110,6060
6123,6060
6107,6055
6112,6055
6114,6048
6112,6040
6109,6054
6111,6053
6110,6053
6116,6048
6111,6050
6115,6055
6107,6052
6112,6064
6106,6044
6125,6061
6118,6053
6104,6044
6120,6052
6132,6058
6125,6056
6112,6056
6111,6058
6107,6067
6113,6059
6111,6029
6112,6054
6119,6062
6110,6061
6115,6054
6109,6054
6115,6051
6113,6054
6112,6048
6112,6058
6106,6052
6106,6061
6109,6054
6107,6056
6109,6057
6106,6047
6099,6037
6107,6036
6107,6051
6113,6059
6105,6045
6195,6094
6193,6150
6135,6082
6089,6015
6100,6034
6118,6052
6100,6056
6104,6050
6097,6054
6129,6053
6108,6049
6113,6048
6106,6045
6108,6058
6118,6054
6107,6054
6106,6037
6104,6061
6107,6041
6120,6037
6112,6057
6119,6057
6110,6039
6113,6053
6114,6041
6122,6048
6107,6055
6111,6044
6108,6057
6107,6051
6113,6060
6109,6050
6112,6060
6118,6042
6101,6048
6123,6038
6114,6050
6120,6066
6112,6057
6112,6060
6108,6059
6111,6063
6119,6047
6111,6057
6107,6053
6098,6043
6111,6048
6119,6056
6110,6058
6112,6055
6118,6057
6104,6056
6106,6054
6112,6065
6115,6058
6113,6045
6113,6048
6110,6037
6121,6062
6119,6061
6124,6056
6123,6054
6109,6038
6112,6063
6121,6060
6110,6048
6115,6053
6112,6058
6114,6063
6116,6065
6115,6060
6134,6073
6124,6063
6125,6058
6110,6047
6120,6060
6119,6061
6123,6062
6114,6063
6102,6070
6122,6066
6129,6063
6105,6050
6114,6058
6114,6052
6117,6051
6113,6059
6112,6042
6113,6049
6119,6062
6121,6064
6117,6050
6118,6055
6113,6060
6117,6057
6120,6052
6117,6054
6115,6060
6111,6063
6109,6064
6120,6058
6120,6058
6119,6059
6115,6064
6118,6061
6119,6061
6117,6061
6120,6060
6120,6063
6121,6063
6139,6067
6122,6057
6117,6049
6115,6044
6110,6066
6116,6064
6123,6058
6111,6057
6123,6061
6113,6056
6128,6056
6118,6045
6117,6045
6117,6045
6115,6060
6113,6065
6113,6060
6119,6040
6114,6054
6122,6050
6117,6047
6123,6055
6114,6058
6118,6055
6118,6060
6120,6053
6118,6066
6120,6042
6118,6051
6118,6065
6119,6047
6115,6045
6125,6062
6118,6060
6120,6056
6120,6056
6117,6060
6120,6051
6113,6059
6114,6057
6119,6046
6122,6057
6120,6055
6120,6054
6113,6060
6120,6061
6115,6066
6118,6062
6113,6048
6123,6063
6117,6053
6116,6048
6112,6060
6111,6063
6114,6062
6120,6049
6118,6057
6118,6057
6113,6065
6106,6064
0,30
0,61680
0,0
6121,6063
5605,5585
5597,5568
5609,5579
5601,5570
5609,5560
5600,5575
5600,5577
5605,5572
5825,5759
6370,6304
6325,6319
6295,6317
6301,6324
6302,6305
6293,6329
6318,6324
6295,6331
6295,6347
6295,6343
6302,6350
6315,6355
6303,6336
6313,6322
6296,6327
6288,6326
6310,6337
6290,6323
6292,6321
6316,6317
6312,6330
6298,6326
6296,6310
6298,6344
6319,6328
6323,6340
6322,6340
6314,6338
6315,6348
6304,6342
6303,6348
6298,6338
6299,6339
6312,6350
6305,6337
6291,6329
6280,6324
6291,6321
6310,6345
6315,6324
6293,6317
6307,6303
6346,6332
6311,6312
6309,6339
6315,6320
6320,6315
6315,6320
6303,6327
6283,6340
6298,6323
6304,6317
6300,6334
6279,6315
6298,6336
6311,6318
6323,6311
6313,6314
6305,6329
6314,6336
6316,6343
6303,6322
6310,6322
6322,6320
6306,6327
6306,6312
6304,6324
6293,6336
6307,6312
6317,6326
6303,6339
6307,6338
6306,6334
6289,6313
6277,6318
6285,6336
6290,6316
6306,6320
6312,6336
6308,6316
6294,6335
6288,6307
6294,6345
6285,6341
6293,6341
6286,6297
6294,6339
6295,6358
6298,6344
6296,6323
6308,6310
6296,6323
6297,6324
6287,6327
6302,6321
6316,6310
6312,6315
6311,6322
6295,6335
6308,6349
6319,6323
6328,6362
6292,6367
6296,6315
6293,6333
6304,6322
6311,6317
6319,6323
6307,6314
6312,6347
6275,6332
6300,6340
6314,6336
6307,6310
6316,6322
6289,6336
6280,6326
6278,6331
6284,6316
6302,6314
6294,6317
6278,6320
6288,6310
6315,6310
6307,6329
6318,6353
6294,6323
6283,6349
6284,6336
6291,6354
6310,6336
6302,6343
6281,6340
6273,6331
6296,6339
6303,6339
6284,6327
6294,6326
6301,6332
6283,6325
6285,6320
6306,6319
6303,6329
6314,6369
6305,6363
6309,6336
6314,6334
6298,6316
6304,6322
6282,6342
6280,6315
6290,6308
6283,6330
6302,6350
6304,6357
6312,6334
6307,6336
6288,6306
6290,6314
6283,6333
6294,6318
6301,6351
6284,6337
6288,6321
6271,6344
6290,6325
6280,6363
6296,6352
6295,6354
6297,6332
6297,6342
6297,6337
6307,6342
6281,6312
6270,6342
6268,6338
6282,6341
6307,6355
6316,6338
6287,6321
6300,6351
6300,6369
6290,6359
6299,6332
6280,6351
6283,6338
6288,6346
6308,6357
6307,6362
6292,6389
6303,6368
6277,6373
6267,6358
6282,6371
6287,6338
6273,6373
6255,6365
6269,6339
6268,6348
6262,6352
6270,6361
6280,6347
6280,6368
6277,6349
6283,6327
6262,6348
6268,6338
6252,6333
6277,6376
6277,6363
6269,6371
6256,6348
6275,6352
6264,6369
6275,6356
6281,6358
6296,6359
6270,6376
6274,6346
6284,6339
6285,6376
6299,6365
6280,6357
6258,6351
6280,6374
6283,6369
6279,6360
6277,6382
6275,6362
6268,6371
6262,6377
6262,6395
6294,6397
6255,6401
6264,6390
6241,6370
6220,6370
6290,6397
6257,6355
6291,6359
6223,6330
6258,6355
6269,6374
6273,6408
6269,6394
6266,6354
6263,6374
6274,6362
6265,6347
6264,6362
6255,6358
6260,6356
6263,6361
6271,6358
6256,6350
6246,6363
6256,6360
6253,6376
6248,6368
6247,6388
6256,6384
6262,6367
6238,6366
6254,6339
6255,6356
6242,6375
6252,6397
6252,6375
6253,6398
6253,6415
6247,6411
6261,6405
6247,6431
6253,6421
6251,6378
6234,6388
6236,6407
6236,6397
6243,6383
6232,6350
6227,6357
6225,6385
6246,6387
6241,6367
6250,6371
6244,6375
6233,6375
6252,6396
6251,6399
6248,6385
6257,6378
6251,6383
6272,6391
6250,6397
6241,6388
6236,6330
6240,6341
6240,6287
6235,6376
6257,6390
6231,6395
6242,6379
6245,6369
6242,6391
6249,6384
6249,6413
6252,6454
6236,6403
6232,6390
6250,6393
6220,6399
6230,6402
6260,6395
6229,6403
6240,6433
6233,6408
6239,6399
6256,6411
6258,6384
6240,6367
6239,6402
6250,6370
6247,6380
6251,6398
6245,6384
6259,6384
6256,6379
6247,6371
6243,6398
6227,6386
6251,6376
6245,6398
6246,6398
6256,6404
6230,6395
6235,6385
6237,6355
6235,6346
6240,6371
6225,6356
6231,6375
6243,6355
6240,6357
6237,6344
6246,6393
6234,6381
6244,6397
6235,6370
6233,6402
6241,6402
6244,6383
6252,6385
6222,6369
6239,6364
6231,6393
6217,6393
6233,6390
6253,6382
6248,6374
6238,6393
6230,6400
6224,6392
6247,6394
6238,6425
6231,6447
6229,6413
6236,6394
6234,6416
6238,6390
6218,6390
6224,6394
6224,6382
6234,6413
6226,6401
6234,6410
6237,6417
6235,6404
6236,6413
6217,6370
6235,6379
6234,6393
6223,6391
6220,6387
6228,6403
6238,6381
6224,6358
6226,6364
6223,6362
6224,6369
6220,6366
6226,6386
6232,6411
6218,6399
6220,6410
6224,6410
6230,6407
6225,6403
6221,6393
6213,6430
6210,6388
6229,6435
6242,6419
6221,6403
6234,6396
6234,6374
6239,6374
6223,6350
6220,6343
6223,6368
6226,6359
6254,6381
6239,6369
6228,6397
6222,6385
6241,6411
6234,6386
6227,6411
6238,6377
6228,6387
6228,6397
6238,6413
6221,6406
6233,6417
6237,6435
6243,6468
6234,6426
6231,6448
6213,6448
6216,6425
6228,6414
6238,6394
6230,6387
6235,6399
6222,6366
6213,6387
6217,6402
6226,6390
6229,6389
6223,6384
6220,6417
6227,6399
6221,6382
6226,6406
6221,6414
6220,6433
6229,6392
6223,6376
6231,6362
6234,6387
6221,6376
6232,6385
6226,6381
6217,6387
6226,6387
6234,6388
6243,6392
6233,6354
6233,6385
6224,6362
6232,6368
6228,6378
6242,6354
6223,6361
6228,6393
6245,6400
6235,6404
6225,6387
6246,6399
6225,6369
6230,6388
6234,6385
6216,6387
6222,6361
6215,6385
6224,6355
6229,6360
6236,6340
6222,6359
6231,6384
6238,6364
6226,6363
6238,6354
6228,6349
6231,6375
6225,6387
6226,6414
6229,6388
6236,6362
6236,6373
6240,6359
6229,6367
6234,6359
6242,6350
6226,6348
6228,6378
6234,6383
6243,6365
6237,6393
6235,6373
6237,6358
6241,6376
6233,6364
6240,6382
6244,6395
6140,6310
6225,6364
6207,6350
6283,6414
6237,6380
6265,6390
6231,6346
6245,6354
6232,6333
6237,6358
6231,6366
6246,6408
6221,6397
6237,6395
6243,6383
6234,6358
6237,6356
6226,6345
6230,6334
6246,6341
6233,6342
6245,6335
6229,6336
6227,6327
6235,6350
6231,6354
6230,6349
6245,6340
6240,6351
6251,6330
6234,6315
6244,6318
6245,6323
6239,6323
6237,6349
6246,6335
6232,6328
6244,6323
6240,6327
6238,6319
6231,6343
6261,6353
6236,6355
6230,6352
6221,6350
6231,6374
6239,6362
6241,6374
6239,6351
6256,6358
6242,6345
6236,6347
6243,6343
6243,6349
6244,6335
6239,6331
6242,6331
6235,6338
6265,6323
6250,6329
6245,6319
6254,6328
6258,6323
6263,6332
6273,6296
6270,6315
6267,6335
6280,6318
6279,6336
6283,6357
6301,6345
6307,6335
6298,6321
6309,6334
6341,6337
6336,6335
6338,6331
6368,6350
6364,6324
6393,6312
6426,6321
6438,6321
6459,6339
6493,6339
6538,6345
6587,6343
6637,6332
6700,6320
6767,6346
6837,6338
6893,6365
6998,6362
7143,6351
7189,6379
7319,6329
7404,6346
7469,6343
7592,6341
7782,6356
7937,6368
8267,6352
8647,6358
8979,6385
9325,6370
9642,6353
9741,6387
9726,6365
9647,6379
9612,6369
9560,6377
9566,6398
9726,6387
9759,6379
9755,6402
9645,6404
9532,6426
9258,6458
9010,6474
8781,6499
8625,6527
8448,6554
8318,6592
8182,6664
7941,6731
7735,6771
7594,6842
7413,6932
7313,6976
7163,7030
7014,7133
6916,7195
6851,7297
6776,7374
6739,7422
6754,7445
6836,7429
6992,7456
7179,7418
7462,7350
7721,7283
8095,7198
8365,7100
8565,6997
8773,6865
8956,6758
9275,6671
9512,6604
9837,6606
9969,6630
10183,6708
10424,6742
10407,6854
10508,6959
10555,7045
10515,7204
10487,7367
10504,7469
10540,7601
10631,7701
10604,7939
10482,8199
10425,8408
10206,8613
10028,8834
9681,9022
9319,9166
9093,9379
8900,9532
8572,9762
8434,9982
8149,10100
7891,10127
7701,10165
7413,10163
7247,10214
7100,10103
6908,10060
6844,9853
6790,9611
6767,9270
6769,8983
6830,8861
6910,8540
7046,8281
7229,8083
7360,7870
7535,7679
7643,7537
7926,7375
8150,7321
8322,7135
8601,7003
8889,6918
9231,6852
9534,6798
9870,6767
10278,6791
10633,6804
10911,6916
11362,6980
11708,7117
11917,7209
12090,7406
12219,7472
12345,7665
12357,7773
12527,7956
12501,8167
12601,8381
12440,8546
12320,8766
12240,8948
12174,9040
11873,9089
11569,9049
11159,9121
10792,9257
10450,9266
9991,9233
9709,9204
9342,9144
8885,9019
8497,8945
8200,8911
7878,8803
7564,8679
7369,8489
7131,8397
7049,8261
6936,8127
6878,8004
6895,7824
6938,7660
7062,7515
7237,7353
7437,7221
7714,7096
8000,6925
8216,6844
8643,6769
8980,6698
9393,6664
9801,6655
10139,6661
10604,6689
11066,6813
11170,6866
11549,7021
11926,7189
12459,7401
12474,7587
12777,7847
12984,8161
13295,8433
13533,8802
13676,9162
13755,9330
13552,9567
13224,9802
12945,10045
12779,10329
12562,10538
12069,10812
11825,11016
11430,11022
11013,10902
10409,10955
9997,10927
9411,11008
9129,10883
8718,10821
8328,10683
7954,10563
7652,10475
7385,10350
7183,10058
7044,9787
6967,9505
6860,9335
6823,9082
6886,8887
6953,8620
7098,8342
7211,8075
7415,7818
7664,7577
7942,7422
8408,7226
8716,7064
9152,6914
9446,6828
9791,6744
10071,6687
10418,6720
10678,6759
10913,6828
11005,7002
11434,7168
11732,7337
11661,7671
11856,7995
11756,8253
11578,8564
11455,8913
11416,9103
11430,9360
11370,9685
11169,9992
11038,10386
10949,10617
10782,10820
10441,11152
10192,11177
9957,11329
9555,11575
9212,11738
8912,11696
8666,11634
8454,11679
8191,11482
7983,11424
7822,11352
7589,11209
7371,10867
7197,10481
7040,10232
6930,10060
6831,9789
6768,9367
6766,9071
6791,8710
6880,8372
6955,8052
7095,7813
7236,7613
7478,7337
7738,7169
7931,7044
8180,6920
8507,6857
8768,6774
9087,6724
9610,6684
9906,6669
10219,6689
10499,6765
10823,6840
11126,6956
11290,7074
11531,7229
11673,7426
11977,7672
12004,7841
12100,8085
12195,8299
12221,8563
12314,8654
12210,8885
12121,9156
11898,9312
11716,9479
11427,9526
11204,9727
10938,9872
10613,9986
10248,10053
9876,10068
9536,10035
9249,10052
8939,9932
8603,9938
8290,9745
7999,9656
7730,9524
7481,9447
7235,9287
7082,9131
6976,8947
6895,8745
6862,8508
6874,8313
6860,8078
6903,7877
6970,7698
7090,7570
7188,7409
7308,7239
7459,7100
7685,7027
7935,6951
8031,6818
8218,6746
8375,6708
8644,6664
8941,6673
9264,6732
9444,6843
9543,6951
9624,7057
9843,7194
9884,7317
10011,7520
9964,7788
9981,7995
10005,8288
10077,8517
9997,8781
10062,9041
9972,9254
9849,9550
9708,9772
9587,9920
9500,10078
9389,10172
9198,10252
8939,10353
8650,10482
8520,10502
8291,10418
8101,10248
7838,10235
7573,10066
7382,9964
7198,9799
6969,9673
6880,9493
6752,9248
6721,9042
6663,8806
6676,8600
6703,8379
6764,8197
6850,7876
7043,7648
7169,7425
7407,7310
7678,7131
7922,6953
8156,6818
8386,6747
8642,6688
8893,6663
9157,6617
9400,6591
9672,6600
9968,6625
10255,6655
10348,6731
10406,6799
10535,6892
10624,7022
10691,7149
10727,7341
10667,7485
10606,7720
10331,7914
10162,8066
10067,8228
9893,8410
9661,8683
9567,8916
9466,9101
9304,9243
9087,9302
8864,9334
8644,9454
8364,9441
8215,9578
7894,9608
7674,9589
7498,9478
7313,9360
7159,9275
7043,9202
6928,9062
6797,8865
6660,8660
6625,8477
6642,8249
6600,8085
6599,7899
6639,7648
6714,7389
6826,7240
6960,7105
7059,6939
7206,6810
7401,6687
7603,6580
7799,6552
8026,6496
8177,6523
8397,6552
8696,6584
8977,6643
9242,6743
9464,6829
9653,6938
10032,7025
10259,7135
10534,7335
10897,7466
11128,7652
11158,7818
11356,8021
11578,8119
11522,8300
11552,8407
11648,8591
11669,8648
11583,8806
11456,8906
11206,9043
11053,9071
10794,9069
10383,9130
10042,9191
9782,9214
9442,9190
9074,9142
8799,9124
8445,9076
8147,8985
7844,8910
7570,8834
7365,8650
7162,8557
7031,8509
6897,8373
6838,8235
6809,8134
6854,7936
6919,7767
7008,7683
7055,7566
7059,7076
7489,7232
7842,7030
8215,6952
8594,6825
8963,6751
9329,6650
9689,6593
9931,6614
10194,6646
10461,6663
10686,6730
10922,6792
11129,6872
11145,7047
11299,7224
11369,7392
11588,7649
11883,7923
11922,8175
11834,8423
11763,8788
11489,9040
11372,9267
11169,9583
10934,10038
10422,10196
10231,10395
10156,10580
10021,10797
9924,10847
9666,10961
9240,11027
8867,11175
8571,11115
8282,11040
7961,10974
7744,10813
7499,10600
7346,10329
7184,10128
7067,10024
6979,9746
6946,9444
6964,9155
6960,8879
7009,8618
7095,8340
7234,8093
7464,7845
7706,7571
7876,7381
8095,7242
8237,7160
8422,6991
8625,6863
8960,6793
9114,6721
9451,6755
9692,6788
10009,6842
10159,6914
10498,7026
10730,7176
11051,7373
11179,7606
11223,7774
11237,7927
11183,8102
11055,8440
11070,8709
11111,9097
10943,9323
10651,9392
10422,9568
10052,9802
9922,10010
9590,10237
9304,10303
8990,10305
8666,10329
8277,10382
8072,10442
7856,10428
7597,10280
7370,10098
7217,9861
7081,9747
6995,9555
6874,9296
6821,9134
6748,8962
6721,8682
6714,8479
6739,8273
6843,8124
6937,7893
7064,7756
7133,7599
7230,7376
7390,7210
7526,7055
7692,6881
7870,6763
7996,6708
8166,6621
8322,6571
8477,6646
8597,6640
8728,6720
8924,6798
9106,6908
9248,7051
9236,7158
9372,7302
9503,7536
9732,7730
9781,7910
9900,8025
9908,8132
10036,8280
9975,8386
10004,8582
9927,8667
9770,8826
9683,8911
9478,9035
9278,8965
9038,8980
8860,8947
8629,9018
8398,8892
8159,8808
7906,8865
7648,8724
7519,8642
7274,8529
7108,8501
6977,8370
6815,8156
6778,7980
6693,7911
6657,7777
6639,7634
6666,7537
6706,7424
6764,7278
6848,7211
6968,7129
7081,7034
7215,6955
7329,6830
7575,6761
7731,6676
7878,6630
8041,6593
8188,6558
8355,6539
8493,6553
8680,6608
8883,6674
9073,6743
9202,6824
9353,6977
9409,7121
9536,7328
9613,7469
9754,7590
9836,7787
9913,7975
10085,8199
10028,8364
9951,8532
9990,8673
9969,8689
9885,8799
9740,8864
9619,8977
9461,9029
9230,9009
8958,9066
8698,9066
8614,9008
8405,8906
8134,8772
7919,8704
7775,8513
7514,8404
7377,8280
7223,8210
7063,8073
6958,7993
6892,7789
6849,7689
6898,7523
6963,7425
7113,7277
7296,7182
7562,7060
7778,7004
8185,6864
8560,6787
9105,6715
9643,6649
10110,6625
10718,6607
11457,6574
12032,6588
12561,6595
13302,6689
13747,6738
14097,6865
14415,6991
14861,7119
15184,7271
15380,7505
15625,7695
15855,7914
15898,8202
15966,8499
15659,8739
15698,8983
15480,9264
14957,9464
14347,9686
13868,9785
13112,10161
12723,10506
12325,10725
11854,10823
11207,10931
10605,11049
10142,11201
9642,11309
9351,11431
8842,11553
8392,11506
8062,11280
7736,11109
7461,10863
7371,10613
7210,10274
7201,10152
7170,9773
7204,9506
7308,9213
7497,8866
7656,8548
7875,8249
8111,7897
8364,7566
8762,7366
9092,7146
9460,6961
9912,6836
10374,6786
10746,6748
11222,6780
11542,6821
11725,6939
12059,7128
12369,7381
12713,7637
12771,7940
12946,8255
13216,8488
13578,8824
13727,9207
14020,9733
14029,10083
14015,10343
13686,10744
13643,10938
14021,11038
13910,11355
13672,11592
13381,11870
12909,12019
12455,12228
12043,12240
11682,12197
11197,12165
10659,12205
10215,11911
9703,11798
9302,11666
8944,11537
8563,11265
8136,11023
7819,10781
7576,10404
7416,9886
7407,9462
7497,9198
7607,8975
7868,8656
8276,8332
8747,8045
9287,7763
9903,7560
10681,7382
11479,7238
12236,7141
12900,7082
13589,7073
14296,7069
15072,7084
15454,7131
16203,7210
16383,7416
16383,7675
16383,7985
16383,8343
16383,8694
16383,9085
16383,9549
16383,10041
16383,10595
16383,11210
16383,11698
16336,12116
16027,12685
15669,13199
15474,13742
14882,14242
14167,14690
13440,15339
12698,15973
12208,15847
11586,15989
10865,16066
10359,16307
9907,16383
9593,16383
9274,15933
8881,15426
8644,14810
8408,14303
8235,14037
8039,13615
7906,13025
7827,12229
7736,11466
7620,10696
7563,10049
7585,9527
7668,9105
7732,8587
7816,8136
8130,7773
8604,7398
8890,7214
9232,7057
9703,6962
10280,6921
10780,6919
11038,7018
11512,7151
12229,7272
12521,7503
12782,7814
13330,8170
13318,8437
13891,8954
14129,9315
13197,9638
14161,10100
15576,10524
14606,10981
12088,11287
9842,11618
8121,12037
7132,12130
6660,12295
6418,12454
6310,12584
6256,12641
6237,12870
6205,13052
6180,12927
6173,12771
6173,13029
6177,13177
6174,13254
6161,13253
6171,13009
6155,13151
6148,13058
6152,12792
6151,12758
6144,12493
6136,12066
6128,11411
6136,10922
6146,10393
6134,9954
6129,9424
6134,8976
6136,8503
6142,8156
6129,7788
6121,7493
6126,7385
6123,7231
6128,7099
6123,7041
6132,7046
6127,7050
6131,7111
6120,7185
6118,7257
6127,7428
6128,7639
6126,7842
6115,7961
6128,8382
6119,8538
6122,8712
6110,9320
6120,9705
6121,9390
6122,9005
6120,8811
6119,8367
6120,7701
6119,7125
6102,6720
6118,6489
6101,6358
6106,6305
6113,6272
6106,6243
6112,6219
6119,6227
6106,6223
6108,6209
6109,6196
6104,6183
6111,6209
6107,6189
6103,6166
6104,6134
6110,6106
6119,6098
6100,6078
6107,6094
6113,6073
6113,6082
6114,6082
6110,6078
6109,6079
6107,6064
6108,6074
6106,6076
6110,6074
6103,6074
6108,6070
6108,6065
6114,6074
6110,6073
6110,6064
6119,6077
6111,6071
6109,6070
6098,6048
6100,6043
6105,6069
6104,6065
6109,6069
6107,6066
6113,6060
6105,6072
6117,6057
6115,6050
6105,6064
6111,6056
6118,6065
6117,6061
6108,6050
6109,6057
6114,6061
6111,6065
6111,6053
6102,6052
6117,6056
6109,6051
6110,6058
6110,6063
6122,6065
6114,6057
6120,6057
6104,6052
6113,6055
6103,6053
6115,6051
6109,6042
6107,6053
6114,6040
6110,6047
6112,6045
6111,6051
6111,6049
6115,6054
6112,6069
6111,6049
6118,6088
6119,6034
6112,6048
6113,6049
6112,6053
6115,6071
6116,6038
6117,6052
6121,6048
6116,6052
6108,6034
6121,6043
6107,6037
6107,6050
6114,6032
6117,6051
6107,6046
6108,6053
6113,6054
6108,6039
6113,6038
6114,6045
6106,6056
6109,6057
6119,6062
6111,6053
5939,5849
6474,6442
6077,6083
6178,6114
6131,6064
6109,6065
6113,6050
6124,6042
6132,6092
6115,6032
6093,6031
6095,6063
6104,6057
6102,6038
6111,6057
6110,6029
6107,6054
6101,6047
6105,6058
6111,6062
6107,6045
6098,6063
6098,6050
6106,6050
6116,6046
6118,6047
6106,6054
6116,6053
6108,6029
6117,6060
6104,6044
6106,6047
6109,6047
6113,6050
6108,6051
6103,6016
6110,6053
6102,6062
6104,6042
6120,6055
6120,6065
6107,6048
6109,6055
6100,6049
6102,6049
6106,6056
6105,6057
6118,6047
6098,6061
6098,6054
6112,6052
6116,6079
6104,6047
6103,6051
6114,6057
6107,6046
6103,6039
6104,6051
6096,6057
6107,6057
6115,6053
6102,6044
6099,6047
6108,6050
6101,6039
6110,6051
6123,6058
6114,6055
6097,6044
6099,6045
6111,6046
6101,6055
6107,6045
6107,6054
6098,6037
6101,6053
6096,6039
6104,6034
6111,6060
6101,6058
6099,6041
6111,6040
6101,6049
6100,6062
6100,6048
6110,6053
6120,6044
6119,6049
6106,6046
6105,6056
6097,6039
6103,6042
6108,6045
6102,6052
6098,6040
6105,6043
6103,6046
6100,6036
6110,6043
6098,6061
6099,6054
6099,6054
6110,6045
6098,6056
6099,6048
6107,6054
6111,6052
6101,6052
6094,6036
6099,6031
6107,6049
6096,6048
6109,6058
6097,6033
6094,6052
6108,6040
6112,6052
6105,6038
6099,6042
6099,6048
6097,6041
6103,6039
6103,6051
6102,6051
6099,6052
6099,6055
6083,6049
6094,6043
6105,6038
6099,6043
6106,6055
6092,6052
6114,6042
6098,6054
6093,6054
6112,6057
6098,6052
6098,6046
6111,6048
6106,6042
6101,6057
6111,6056
6104,6058
6105,6043
6106,6048
6106,6047
6094,6046
6102,6035
6100,6057
6102,6056
6110,6050
6103,6051
6101,6049
6105,6054
6106,6048
6110,6048
6112,6058
6107,6046
6108,6037
6111,6050
6101,6040
6106,6058
6097,6054
6104,6041
6110,6046
6106,6045
6104,6062
6108,6064
6103,6051
6109,6060
6107,6054
6113,6066
6108,6054
6108,6060
6113,6047
6109,6049
6111,6061
6118,6053
6101,6054
6115,6043
6110,6054
6106,6049
6117,6071
6110,6053
6118,6041
6110,6051
6097,6056
6112,6050
6108,6039
6116,6056
6115,6044
6109,6054
6109,6057
6113,6045
6112,6055
6114,6046
6103,6061
6108,6054
6100,6057
6107,6035
6101,6039
6108,6044
6105,6060
6110,6043
6103,6047
6105,6034
6111,6047
6108,6057
6105,6047
6109,6049
6111,6036
6111,6048
6101,6053
6106,6040
6104,6056
6107,6057
6113,6049
6100,6049
6107,6054
6098,6061
6100,6051
6103,6042
6103,6045
6115,6045
6103,6033
6100,6051
6112,6030
6103,6059
6123,6052
6103,6052
6105,6036
6112,6042
6105,6054
6100,6053
6105,6043
6110,6040
6108,6040
6105,6045
6112,6052
6102,6053
6105,6044
6104,6052
6105,6051
6101,6040
6108,6047
6110,6048
6115,6053
6105,6055
6097,6037
6102,6053
6107,6049
6114,6057
6120,6058
6112,6055
6107,6056
6109,6058
6112,6044
6112,6045
6117,6052
6101,6049
6109,6051
6116,6039
6111,6041
6120,6052
6115,6050
6122,6053
6112,6040
6118,6053
6113,6055
6055,6006
6073,5998
6063,5957
6103,6047
6127,6049
6115,6034
6116,6056
6114,6056
6121,6048
6113,6044
6121,6032
6111,6065
6120,6045
6110,6041
6104,6064
6097,6048
6116,6055
6114,6070
6108,6058
6116,6071
6110,6053
6111,6053
6110,6060
6108,6040
6108,6047
6104,6041
6099,6170
6117,6061
6105,6058
6120,6045
6121,6056
6101,6050
6112,6047
6124,6062
6109,6050
6107,6049
6106,6058
6105,6061
6112,6060
6102,6062
6109,6051
6116,6058
6110,6058
6116,6059
6110,6058
6110,6041
6111,6051
6104,6040
6116,6018
6108,6051
6119,6059
6112,6041
6111,6033
6114,6042
6110,6059
6110,6045
6116,6060
6113,6049
6112,6052
6118,6066
6111,6047
6121,6051
6119,6058
6103,6046
6115,6050
6110,6051
6114,6056
6112,6049
6111,6065
6101,6062
6117,6052
6110,6050
6113,6060
6104,6043
6099,6063
6118,6058
6117,6049
6112,6051
6113,6047
6131,6049
6111,6060
6103,6049
6118,6050
6112,6059
6123,6049
6114,6057
6114,6050
6117,6060
6115,6060
6118,6053
6125,6050
6106,6047
6121,6058
6125,6061
6111,6063
6115,6042
6116,6049
6122,6053
6118,6051
6113,6067
6124,6056
6121,6053
6114,6054
6104,6051
6114,6057
6115,6056
6123,6062
6118,6046
6111,6065
6120,6062
6130,6053
6121,6062
6117,6060
6118,6047
6126,6053
6120,6055
6116,6050
6116,6064
6117,6065
6114,6056
6116,6063
6115,6057
6126,6057
6121,6048
6121,6048
6119,6054
6127,6061
6106,6050
6118,6053
6120,6061
6115,6050
6111,6058
6118,6058
6120,6053
6119,6058
6117,6052
6120,6052
6118,6049
6118,6059
6116,6052
6117,6054
6125,6054
6128,6048
6122,6057
6115,6060
6122,6052
6122,6052
6126,6056
6119,6055
6115,6047
6122,6055
6118,6059
6122,6059
6117,6058
6117,6062
6124,6051
6126,6062
6117,6062
6119,6052
6120,6053
6107,6042
6108,6055
6118,6063
6112,6060
6127,6052
6115,6051
6118,6049
6113,6064
6113,6064
6118,6063
6113,6045
6110,6056
6114,6052
6121,6055
6120,6049
6117,6063
6114,6053
6119,6057
6112,6058
6112,6057
6118,6063
6118,6063
6122,6063
6118,6047
6121,6059
6124,6051
6114,6062
6113,6046
6118,6061
6119,6042
6119,6042
6117,6067
6117,6058
6114,6059
6118,6056
6117,6053
6123,6055
6119,6058
6117,6056
0,21
0,61680
0,0
6125,6048
5599,5572
5596,5585
5613,5586
5617,5596
5614,5594
5598,5581
5608,5590
5603,5572
5828,5761
6376,6316
6327,6316
6297,6333
6302,6305
6308,6307
6312,6329
6309,6306
6297,6320
6299,6359
6300,6353
6301,6340
6313,6360
6298,6323
6303,6320
6305,6328
6295,6335
6314,6325
6280,6314
6286,6306
6319,6326
6328,6332
6305,6332
6294,6306
6301,6351
6305,6333
6315,6346
6313,6358
6304,6336
6292,6351
6303,6344
6305,6335
6303,6356
6303,6345
6301,6354
6301,6342
6280,6334
6287,6323
6290,6322
6317,6338
6310,6324
6300,6326
6307,6343
6324,6321
6325,6316
6316,6324
6318,6316
6320,6325
6314,6309
6303,6331
6280,6324
6301,6319
6309,6354
6305,6306
6295,6304
6299,6335
6310,6329
6313,6332
6319,6332
6323,6327
6323,6329
6311,6332
6314,6330
6302,6318
6332,6321
6290,6318
6295,6310
6295,6339
6291,6324
6303,6321
6317,6337
6337,6329
6316,6351
6295,6321
6293,6318
6289,6309
6287,6331
6296,6322
6308,6317
6300,6318
6306,6335
6294,6316
6297,6332
6290,6324
6293,6342
6293,6328
6293,6324
6285,6334
6293,6338
6301,6350
6315,6326
6311,6310
6294,6305
6281,6331
6294,6321
6292,6312
6316,6292
6325,6304
6324,6334
6306,6342
6319,6339
6317,6358
6313,6346
6295,6356
6291,6313
6278,6335
6293,6307
6310,6327
6306,6326
6291,6330
6306,6332
6286,6317
6309,6319
6313,6326
6306,6294
6306,6307
6306,6313
6296,6313
6279,6309
6290,6328
6304,6314
6294,6321
6273,6314
6285,6312
6313,6315
6303,6315
6301,6329
6274,6314
6273,6340
6288,6345
6274,6352
6304,6317
6308,6340
6281,6357
6279,6339
6293,6345
6303,6327
6281,6335
6295,6338
6301,6311
6287,6324
6290,6331
6308,6316
6299,6335
6301,6350
6300,6377
6286,6327
6308,6351
6308,6322
6300,6321
6274,6337
6281,6308
6290,6330
6294,6336
6309,6362
6303,6361
6309,6344
6288,6351
6291,6306
6287,6333
6287,6344
6275,6340
6290,6339
6279,6327
6296,6319
6279,6350
6302,6342
6294,6351
6311,6345
6289,6357
6301,6354
6281,6357
6302,6331
6304,6353
6276,6344
6279,6321
6271,6355
6288,6357
6302,6337
6312,6345
6302,6330
6299,6351
6287,6353
6280,6340
6289,6354
6278,6351
6270,6334
6294,6356
6299,6352
6315,6352
6296,6350
6280,6363
6289,6365
6291,6338
6283,6355
6283,6347
6258,6368
6254,6340
6257,6341
6270,6343
6265,6342
6265,6328
6281,6355
6267,6380
6271,6362
6293,6335
6265,6349
6139,6294
6253,6355
6189,6321
6291,6375
6265,6465
6227,6393
6250,6347
6280,6350
6251,6312
6260,6334
6281,6350
6263,6363
6262,6346
6278,6360
6282,6374
6295,6374
6279,6377
6263,6367
6262,6364
6280,6363
6286,6359
6288,6394
6266,6368
6266,6364
6263,6378
6274,6383
6295,6415
6254,6387
6244,6411
6261,6396
6278,6401
6266,6385
6231,6320
6244,6356
6257,6335
6267,6363
6261,6371
6268,6377
6271,6432
6257,6361
6253,6377
6281,6358
6261,6345
6265,6359
6246,6378
6260,6358
6263,6365
6266,6338
6253,6362
6247,6342
6257,6372
6256,6396
6242,6378
6246,6365
6250,6365
6257,6367
6250,6373
6245,6352
6242,6373
6242,6379
6259,6391
6256,6412
6238,6392
6260,6406
6259,6408
6251,6412
6265,6405
6247,6405
6247,6379
6257,6401
6240,6408
6245,6392
6237,6384
6238,6362
6231,6351
6238,6374
6239,6375
6256,6379
6241,6363
6241,6381
6251,6357
6246,6389
6250,6401
6242,6386
6261,6375
6258,6347
6275,6381
6256,6410
6243,6386
6235,6368
6226,6348
6230,6328
6239,6370
6241,6388
6238,6401
6233,6376
6237,6379
6246,6389
6246,6423
6251,6413
6257,6422
6243,6369
6239,6377
6245,6379
6239,6391
6242,6380
6257,6391
6242,6411
6242,6417
6247,6418
6237,6418
6246,6412
6246,6396
6228,6393
6233,6383
6248,6396
6262,6379
6246,6379
6254,6386
6257,6369
6252,6400
6237,6360
6240,6405
6236,6385
6241,6376
6246,6380
6249,6391
6255,6390
6226,6414
6229,6382
6236,6359
6236,6347
6240,6358
6234,6337
6245,6355
6248,6343
6245,6350
6249,6346
6249,6385
6243,6367
6244,6389
6231,6375
6241,6386
6241,6408
6238,6375
6242,6377
6234,6385
6240,6363
6238,6392
6244,6390
6235,6389
6250,6407
6259,6390
6235,6371
6235,6396
6240,6400
6251,6392
6233,6425
6229,6442
6231,6401
6239,6415
6238,6412
6240,6387
6238,6397
6230,6389
6230,6392
6233,6410
6222,6377
6227,6385
6226,6375
6229,6396
6238,6410
6222,6388
6233,6385
6230,6408
6223,6406
6225,6372
6220,6393
6236,6363
6229,6358
6235,6355
6220,6370
6229,6351
6227,6363
6230,6372
6237,6405
6224,6408
6219,6413
6228,6399
6229,6413
6225,6398
6226,6414
6212,6387
6227,6378
6228,6421
6237,6426
6225,6401
6243,6387
6242,6371
6231,6383
6222,6340
6220,6351
6237,6361
6248,6353
6233,6348
6229,6388
6231,6385
6236,6410
6238,6423
6235,6383
6236,6402
6228,6382
6238,6398
6235,6403
6234,6388
6230,6400
6237,6408
6239,6441
6229,6470
6243,6424
6229,6439
6210,6414
6214,6411
6234,6408
6222,6406
6233,6378
6223,6392
6212,6378
6224,6378
6234,6382
6221,6376
6228,6403
6225,6374
6216,6413
6220,6389
6235,6389
6231,6396
6228,6401
6234,6423
6242,6399
6226,6355
6242,6345
6225,6395
6234,6377
6227,6380
6218,6360
6221,6396
6231,6464
6231,6385
6230,6387
6232,6354
6239,6379
6230,6370
6228,6379
6257,6396
6250,6356
6219,6371
6233,6398
6234,6399
6243,6409
6244,6383
6228,6378
6232,6358
6224,6394
6222,6394
6213,6387
6231,6368
6220,6375
6220,6371
6275,6381
6183,6279
6212,6321
6234,6346
6237,6377
6225,6354
6251,6354
6233,6342
6234,6369
6242,6390
6233,6385
6236,6387
6244,6355
6242,6374
6235,6356
6246,6374
6237,6355
6244,6336
6230,6319
6234,6371
6231,6387
6233,6375
6226,6387
6232,6376
6228,6363
6223,6391
6241,6364
6234,6373
6241,6391
6239,6371
6236,6392
6221,6348
6239,6370
6244,6363
6237,6346
6236,6353
6233,6344
6226,6338
6238,6345
6236,6379
6228,6376
6234,6389
6243,6398
6242,6379
6239,6361
6234,6362
6235,6349
6223,6352
6234,6324
6225,6323
6250,6332
6241,6330
6223,6342
6227,6340
6225,6341
6239,6338
6235,6352
6256,6331
6245,6318
6234,6326
6237,6320
6238,6329
6238,6327
6237,6341
6230,6364
6236,6345
6233,6320
6238,6325
6249,6328
6226,6352
6244,6336
6234,6358
6228,6370
6227,6348
6233,6369
6235,6365
6242,6366
6240,6361
6236,6354
6246,6340
6237,6357
6243,6357
6239,6348
6230,6343
6249,6327
6242,6315
6248,6320
6254,6304
6253,6315
6243,6313
6268,6326
6243,6326
6253,6320
6248,6326
6267,6320
6279,6330
6271,6332
6290,6350
6285,6362
6290,6346
6306,6320
6290,6307
6306,6347
6335,6332
6337,6342
6343,6345
6369,6344
6367,6321
6385,6319
6390,6331
6432,6316
6450,6319
6500,6333
6551,6361
6580,6354
6647,6339
6704,6335
6767,6334
6832,6354
6927,6378
6994,6364
7154,6358
7244,6354
7328,6336
7420,6361
7480,6357
7638,6339
7806,6346
7939,6367
8291,6373
8567,6351
8938,6376
9365,6359
9619,6344
9716,6381
9769,6372
9652,6372
9611,6379
9599,6387
9653,6407
9736,6383
9818,6381
9814,6394
9668,6431
9529,6416
9253,6463
9027,6477
8808,6500
8610,6521
8451,6559
8351,6603
8161,6646
7930,6703
7741,6766
7580,6849
7399,6920
7302,7009
7179,7057
7018,7146
6922,7206
6855,7300
6814,7390
6752,7420
6761,7438
6830,7428
7002,7424
7182,7403
7458,7343
7772,7275
8111,7193
8413,7089
8573,6992
8766,6871
8998,6750
9248,6666
9540,6620
9833,6619
9970,6629
10253,6717
10402,6751
10410,6844
10518,6931
10531,7066
10519,7226
10496,7347
10514,7486
10488,7588
10636,7681
10614,7949
10471,8185
10439,8453
10298,8649
9976,8823
9654,8971
9347,9187
9081,9371
8833,9572
8608,9751
8446,9954
8181,10131
7895,10183
7676,10158
7435,10130
7266,10146
7072,10142
6932,10046
6841,9846
6788,9526
6778,9230
6770,9017
6829,8888
6908,8589
7042,8291
7194,8085
7365,7887
7529,7723
7667,7538
7912,7380
8168,7275
8320,7146
8604,7006
8892,6938
9204,6857
9511,6774
9846,6785
10342,6758
10647,6805
10934,6875
11285,6961
11674,7108
11954,7231
12158,7395
12305,7460
12303,7642
12357,7798
12481,7997
12546,8159
12601,8358
12441,8537
12329,8765
12245,8957
12112,9059
11898,9115
11561,9093
11170,9168
10783,9229
10391,9288
10048,9268
9758,9153
9386,9087
8903,9005
8549,8967
8195,8945
7850,8816
7588,8683
7348,8477
7169,8365
7050,8265
6917,8125
6891,8026
6905,7852
6931,7692
7078,7536
7223,7376
7412,7212
7730,7131
8017,6949
8264,6865
8646,6762
8799,6520
9276,6720
9883,6784
10217,6668
10538,6715
11027,6782
11166,6896
11624,7020
11968,7199
12438,7386
12572,7568
12739,7863
13045,8199
13263,8393
13515,8805
13688,9167
13761,9363
13552,9513
13135,9781
12944,10021
12799,10343
12564,10471
12080,10777
11852,11028
11407,10975
11009,10915
10477,10983
10028,11007
9552,11023
9115,10885
8743,10780
8329,10722
7948,10662
7634,10456
7392,10335
7208,10043
7043,9777
6937,9495
6865,9338
6830,9106
6867,8898
6973,8607
7072,8312
7222,8072
7438,7829
7670,7615
7970,7424
8414,7243
8687,7040
9122,6920
9446,6834
9774,6735
10129,6705
10408,6743
10686,6762
10920,6828
11041,6975
11311,7146
11723,7371
11687,7705
11813,8003
11748,8270
11628,8590
11437,8942
11434,9079
11467,9412
11336,9690
11161,9998
11006,10404
10968,10627
10861,10871
10485,11209
10205,11256
9909,11314
9551,11559
9233,11800
8929,11690
8671,11668
8459,11643
8187,11501
8000,11402
7839,11356
7597,11144
7350,10934
7196,10482
7015,10213
6925,10023
6845,9728
6761,9353
6774,9046
6824,8704
6894,8358
6933,8084
7099,7822
7274,7612
7520,7300
7746,7142
7975,7025
8197,6962
8489,6848
8757,6760
9113,6736
9519,6691
9861,6648
10232,6711
10552,6729
10793,6847
11109,6942
11282,7084
11527,7227
11699,7433
11903,7637
11997,7840
12164,8077
12221,8289
12201,8487
12279,8654
12257,8907
12197,9141
11931,9299
11701,9448
11491,9538
11217,9820
10870,9856
10579,10034
10242,10005
9929,10108
9571,10125
9290,10073
8979,9947
8601,9948
8295,9825
8020,9638
7758,9562
7469,9452
7265,9297
7095,9107
6979,8914
6929,8743
6895,8527
6885,8323
6858,8090
6882,7872
6984,7695
7088,7563
7173,7366
7286,7275
7504,7078
7723,7034
7955,6932
8025,6827
8220,6742
8379,6703
8643,6656
8901,6693
9273,6730
9463,6840
9608,7007
9677,7066
9862,7205
9862,7336
9994,7541
9943,7810
9953,7968
10019,8240
10061,8552
10007,8743
10076,8974
9936,9265
9766,9583
9691,9755
9589,9906
9463,10032
9357,10221
9222,10272
8950,10344
8733,10457
8441,10540
8302,10364
8129,10258
7873,10202
7586,10120
7393,9968
7200,9781
6997,9693
6882,9503
6763,9239
6721,9049
6655,8808
6681,8618
6708,8384
6771,8209
6874,7932
7023,7678
7184,7461
7405,7311
7689,7120
7899,6951
8114,6863
8407,6753
8679,6712
8900,6689
9164,6610
9358,6590
9709,6590
9996,6632
10230,6658
10288,6733
10459,6812
10564,6930
10619,7019
10625,7134
10766,7303
10662,7451
10628,7745
10334,7912
10197,8032
10079,8219
9897,8424
9690,8684
9592,8891
9479,9095
9246,9263
9072,9300
8847,9345
8647,9460
8362,9496
8185,9569
7907,9553
7702,9586
7498,9479
7315,9373
7156,9262
7039,9202
6905,9106
6776,8883
6674,8656
6618,8462
6631,8219
6600,8043
6611,7884
6638,7644
6697,7389
6817,7227
6933,7085
7052,6927
7187,6789
7386,6679
7613,6592
7835,6540
8049,6497
8197,6528
8406,6538
8664,6560
8984,6644
9286,6734
9406,6837
9678,6932
10047,7036
10259,7169
10563,7314
10877,7444
11108,7658
11215,7841
11398,8021
11552,8206
11532,8367
11500,8396
11674,8594
11703,8618
11622,8790
11486,8955
11191,9026
11089,9051
10855,9035
10424,9151
10112,9159
9827,9174
9390,9213
9093,9184
8796,9135
8485,9161
8121,8962
7821,8918
7551,8863
7366,8678
7148,8560
7025,8492
6910,8351
6847,8236
6820,8107
6864,7962
6922,7791
7037,7657
7180,7525
7406,7413
7584,7228
7878,7086
8249,6974
8622,6886
8911,6766
9324,6635
9668,6593
9927,6611
10202,6625
10459,6690
10765,6718
10893,6793
11050,6881
11121,7045
11250,7209
11403,7370
11608,7659
11893,7907
12022,8197
11822,8418
11753,8754
11396,9038
11289,9251
11141,9571
10863,9978
10406,10184
10208,10366
10190,10610
10012,10805
9950,10836
9684,10963
9212,11069
8867,11173
8535,11129
8307,11039
7985,10962
7775,10818
7518,10539
7354,10295
7201,10171
7056,9966
6978,9754
6935,9435
6957,9132
6963,8913
6996,8653
7060,8315
7246,8040
7459,7839
7664,7570
7904,7382
8084,7205
8243,7122
8421,7023
8619,6878
8990,6786
9154,6751
9492,6741
9732,6784
10025,6852
10142,6897
10437,7035
10709,7179
11050,7363
11153,7591
11189,7750
11202,7897
11145,8130
11033,8425
11050,8723
11085,9069
10950,9307
10623,9449
10449,9584
10091,9892
9910,10124
9610,10191
9346,10334
9007,10318
8657,10300
8241,10391
8062,10438
7880,10371
7603,10317
7385,10156
7211,9892
7075,9717
6947,9564
6877,9283
6816,9116
6754,8990
6720,8689
6715,8458
6763,8290
6839,8103
6933,7867
7053,7766
7108,7596
7228,7363
7401,7201
7496,7052
7723,6856
7858,6767
8007,6681
8203,6613
8295,6591
8480,6635
8580,6650
8726,6702
8899,6798
9109,6894
9262,7069
9288,7117
9351,7307
9483,7543
9742,7725
9848,7911
9943,8036
9966,8136
10021,8239
9974,8375
10011,8569
9918,8682
9744,8792
9676,8920
9489,8986
9267,8987
9045,8959
8881,8963
8616,8993
8355,8898
8090,8877
7909,8830
7721,8699
7465,8655
7290,8557
7092,8525
6981,8381
6832,8120
6768,7977
6696,7927
6650,7804
6642,7654
6664,7544
6699,7459
6767,7302
6876,7181
6959,7107
7070,7024
7195,6938
7377,6850
7523,6777
7700,6693
7884,6610
8048,6602
8209,6541
8369,6536
8545,6572
8655,6609
8888,6661
9107,6737
9157,6842
9363,6987
9427,7114
9490,7311
9617,7450
9765,7570
9914,7778
9960,8012
10077,8209
10008,8348
9960,8543
10003,8627
9959,8703
9860,8777
9784,8866
9604,8971
9464,8997
9247,9032
8947,9045
8696,9029
8581,9022
8392,8902
8132,8806
7970,8674
7765,8509
7524,8416
7377,8308
7223,8231
7061,8070
6964,8012
6882,7803
6839,7673
6901,7538
6961,7378
7069,7294
7315,7145
7555,7035
7827,6996
8156,6895
8554,6817
9098,6712
9607,6669
10147,6604
10728,6598
11453,6575
12019,6562
12627,6595
13245,6688
13747,6750
14046,6861
14459,6985
14909,7132
15247,7275
15376,7474
15617,7696
15762,7919
15999,8207
15984,8435
15706,8770
15647,8978
15548,9246
14903,9424
14311,9665
13872,9800
13150,10148
12684,10479
12414,10684
11921,10818
11240,10912
10516,11053
10174,11165
9642,11339
9278,11441
8840,11524
8441,11511
8082,11305
7888,11197
7469,10921
7302,10542
7203,10259
7164,10113
7220,9886
7140,9493
7260,9201
7497,8895
7640,8529
7847,8256
8131,7898
8352,7562
8779,7358
9088,7191
9480,6942
9898,6850
10376,6804
10830,6750
11241,6769
11559,6823
11853,6927
12039,7122
12489,7394
12698,7630
12796,7889
12970,8224
13184,8479
13569,8865
13815,9272
14037,9664
14124,10084
14023,10387
13665,10696
13644,10912
13986,11075
13949,11358
13683,11557
13412,11837
12892,12030
12379,12303
11973,12205
11691,12167
11164,12210
10637,12148
10137,12006
9711,11780
9299,11665
8920,11540
8595,11283
8159,11074
7845,10795
7622,10394
7437,9869
7408,9561
7474,9181
7632,8935
7876,8673
8311,8376
8771,8028
9276,7776
9890,7537
10689,7415
11540,7261
12199,7155
12913,7084
13646,7026
14388,7053
15107,7083
15446,7124
16150,7195
16383,7424
16383,7676
16383,8026
16383,8298
16383,8661
16383,9069
16383,9559
16383,10025
16383,10642
16383,11215
16383,11617
16350,12115
16108,12660
15646,13153
15414,13758
14871,14254
14164,14713
13423,15365
12747,15941
12215,15777
11631,16053
10917,16123
10351,16281
9910,16383
9642,16383
9242,16080
8931,15432
8640,14828
8449,14283
8240,13984
8031,13621
7875,13044
7820,12269
7722,11529
7584,10738
7575,10064
7611,9544
7651,9072
7724,8584
7866,8266
8134,7771
8571,7402
8885,7208
9182,7051
9754,6975
10294,6904
10737,6956
11077,7021
11461,7168
12250,7299
12490,7491
12803,7816
13329,8183
13326,8486
13952,8962
14081,9314
13126,9670
14214,10158
15507,10575
14560,10981
12058,11317
9817,11640
8089,11963
7132,12259
6636,12303
6424,12429
6313,12673
6271,12658
6229,12957
6200,13036
6186,12850
6176,12805
6179,13086
6162,13202
6174,13249
6171,13191
6166,13045
6165,13102
6150,13115
6153,12741
6147,12754
6148,12471
6144,12027
6130,11415
6127,10928
6146,10383
6132,9953
6140,9410
6135,8996
6135,8520
6146,8148
6127,7764
6133,7511
6119,7403
6136,7246
6134,7115
6121,7040
6131,7036
6132,7049
6133,7136
6124,7183
6121,7294
6119,7407
6131,7636
6127,7856
6113,7964
6132,8418
6122,8537
6116,8708
6111,9390
6109,9723
6122,9372
6125,9029
6117,8792
6115,8339
6116,7689
6120,7129
6111,6724
6114,6479
6113,6355
6105,6290
6108,6286
6108,6240
6110,6249
6113,6215
6111,6227
6110,6205
6104,6216
6100,6198
6109,6219
6100,6202
6113,6172
6105,6141
6112,6103
6114,6093
6103,6084
6110,6092
6120,6088
6108,6087
6105,6088
6114,6073
6111,6077
6101,6075
6107,6064
6109,6070
6109,6075
6107,6068
6100,6054
6108,6070
6106,6061
6102,6077
6105,6075
6108,6058
6113,6071
6106,6070
6107,6063
6106,6065
6110,6058
6110,6054
6100,6071
6111,6061
6113,6067
6115,6062
6107,6069
6110,6060
6110,6059
6104,6076
6117,6063
6112,6044
6106,6062
6101,6066
6121,6065
6111,6040
6114,6063
6101,6051
6124,6059
6113,6062
6112,6056
6117,6055
6113,6057
6112,6055
6112,6063
6103,6054
6109,6071
6103,6054
6114,6051
6117,6042
6107,6045
6104,6056
6111,6057
6109,6056
6120,6049
6107,6042
6025,5967
6061,6036
6113,6040
6035,5976
6122,6053
6100,6033
6111,6037
6116,6068
6103,6051
6102,6036
6107,6032
6120,6057
6115,6073
6113,6035
6113,6044
6106,6049
6108,6052
6113,6040
6117,6049
6114,6046
6119,6049
6113,6046
6112,6051
6107,6053
6109,6052
6102,6048
6119,6039
6110,6046
6110,6052
6104,6059
6105,6040
6101,6052
6105,6038
6101,6053
6107,6061
6115,6040
6110,6055
6111,6059
6104,6058
6104,6055
6104,6053
6098,6051
6108,6052
6101,6056
6110,6054
6110,6054
6103,6042
6101,6059
6109,6057
6104,6059
6099,6066
6103,6049
6098,6053
6109,6053
6111,6045
6109,6036
6105,6047
6103,6048
6111,6056
6110,6047
6103,6047
6110,6056
6108,6046
6109,6038
6105,6038
6120,6065
6109,6060
6110,6045
6108,6051
6124,6056
6103,6053
6115,6049
6099,6051
6105,6039
6101,6055
6103,6051
6113,6061
6101,6057
6103,6049
6103,6051
6110,6046
6103,6038
6106,6054
6106,6052
6103,6041
6100,6050
6111,6045
6112,6044
6107,6048
6120,6050
6103,6048
6099,6049
6110,6058
6099,6051
6104,6048
6115,6055
6109,6063
6105,6050
6104,6040
6104,6047
6105,6065
6100,6037
6104,6051
6104,6039
6105,6049
6106,6045
6105,6026
6113,6053
6103,6053
6105,6056
6097,6053
6104,6044
6112,6050
6101,6056
6105,6054
6113,6051
6110,6049
6103,6055
6111,6060
6099,6054
6106,6040
6115,6056
6117,6039
6102,6053
6102,6046
6101,6053
6101,6052
6106,6044
6106,6040
6103,6047
6094,6057
6109,6048
6102,6061
6097,6045
6101,6038
6099,6057
6104,6056
6093,6048
6100,6048
6104,6057
6102,6046
6102,6057
6095,6047
6105,6046
6104,6045
6118,6045
6103,6051
6100,6055
6105,6052
6102,6049
6097,6049
6100,6055
6099,6047
6096,6060
6106,6049
6097,6049
6104,6051
6102,6055
6096,6040
6109,6049
6108,6041
6113,6042
6096,6049
6095,6036
6105,6035
6099,6049
6106,6047
6109,6055
6105,6040
6107,6042
6110,6060
6111,6045
6105,6053
6110,6055
6111,6049
6100,6050
6104,6037
6107,6051
6112,6055
6111,6057
6106,6061
6106,6039
6109,6053
6108,6045
6105,6053
6110,6053
6107,6056
6103,6040
6104,6061
6104,6055
6108,6060
6114,6064
6104,6057
6106,6062
6099,6037
6102,6054
6117,6061
6105,6047
6111,6056
6106,6054
6108,6067
6112,6058
6115,6053
6115,6051
6114,6052
6114,6062
6117,6065
6108,6062
6114,6051
6114,6063
6106,6053
6109,6056
6117,6063
6114,6057
6108,6057
6102,6055
6105,6049
6101,6058
6101,6045
6115,6060
6095,6050
6114,6050
6115,6066
6121,6059
6115,6057
6112,6060
6113,6055
6110,6062
6108,6038
6101,6049
6106,6052
6105,6059
6108,6063
6097,6053
6111,6036
6112,6051
6110,6052
6103,6054
6109,6047
6103,6049
6108,6045
6108,6056
6098,6034
6107,6048
6106,6050
6104,6053
6103,6045
6104,6027
6098,6050
6108,6050
6108,6033
6110,6051
6108,6052
6104,6073
6098,6049
6108,6052
6114,6053
6112,6032
6099,6058
6097,6055
6111,6041
6105,6055
6107,6063
6108,6043
6107,6045
6121,6089
6103,6055
6110,6047
6102,6047
6110,6049
6327,6346
5938,5866
6113,6036
6218,6177
6161,6115
6114,6057
6106,6060
6123,6060
6119,6062
6098,6038
6093,6043
6112,6061
6122,6061
6099,6052
6122,6053
6104,6052
6114,6058
6122,6050
6111,6049
6114,6049
6120,6051
6103,6057
6120,6062
6118,6043
6123,6058
6112,6053
6125,6067
6114,6046
6106,6053
6119,6048
6126,6058
6119,6052
6121,6053
6119,6057
6108,6062
6106,6051
6109,6040
6113,6057
6119,6057
6118,6064
6124,6058
6114,6049
6112,6061
6113,6050
6112,6053
6114,6056
6101,6048
6110,6047
6121,6047
6111,6044
6106,6049
6114,6046
6113,6043
6118,6028
6117,6040
6117,6053
6113,6058
6111,6057
6122,6053
6107,6043
6114,6049
6117,6065
6112,6062
6113,6054
6107,6053
6111,6057
6106,6060
6112,6052
6108,6050
6115,6050
6105,6063
6115,6066
6109,6069
6114,6044
6113,6046
6105,6047
6120,6057
6115,6043
6115,6056
6109,6039
6111,6040
6114,6028
6117,6052
6112,6059
6114,6051
6112,6053
6119,6047
6117,6057
6108,6053
6118,6036
6115,6049
6100,6041
6126,6038
6111,6052
6122,6055
6121,6051
6112,6062
6107,6056
6119,6055
6120,6049
6113,6062
6108,6053
6107,6037
6112,6023
6117,6047
6116,6053
6113,6050
6113,6061
6114,6052
6106,6052
6115,6060
6119,6058
6121,6050
6114,6053
6117,6047
6121,6056
6121,6057
6122,6053
6128,6051
6110,6045
6121,6059
6126,6055
6109,6058
6122,6053
6110,6059
6122,6057
6122,6048
6115,6054
6130,6050
6116,6057
6123,6051
6112,6059
6117,6056
6112,6065
6127,6064
6117,6055
6113,6054
6108,6050
6124,6058
6124,6055
6118,6058
6122,6057
6110,6078
6122,6058
6124,6058
6116,6049
6110,6050
6110,6050
6117,6051
6112,6058
6116,6068
6128,6048
6123,6047
6114,6054
6115,6068
6111,6052
6115,6046
6103,5997
6116,6066
6115,6064
6114,6045
6121,6072
6116,6051
6119,6054
6119,6057
6114,6056
6118,6042
6115,6057
6123,6064
6123,6064
6125,6058
6113,6051
6122,6046
6120,6055
6112,6067
6114,6068
6118,6051
6114,6058
6119,6045
6118,6049
6117,6068
6117,6055
6126,6056
6124,6060
6113,6066
6120,6053
6123,6053
6110,6054
6120,6053
6117,6062
6115,6058
6115,6058
6117,6051
6120,6044
6114,6059
6113,6055
6121,6063
6113,6056
6115,6054
6118,6058
6119,6066
6116,6049
6119,6065
6114,6048
6116,6063
6128,6051
6121,6062
6118,6053
6123,6048
6120,6055
6114,6061
6117,6058
6113,6063
6113,6063
6108,6060
6115,6050
6127,6053
6110,6063
6116,6056
6117,6048
6120,6064
6118,6061
6113,6063
6107,6061
6112,6060
6116,6049
6109,6057
0,23
0,61680
0,0
6117,6061
5604,5578
5601,5566
5604,5576
5594,5577
5606,5584
5600,5575
5602,5576
5606,5575
5821,5760
6375,6316
6337,6303
6300,6322
6301,6308
6292,6323
6318,6335
6317,6317
6297,6328
6292,6339
6281,6361
6305,6351
6308,6366
6297,6330
6319,6309
6308,6335
6285,6320
6314,6330
6291,6310
6285,6320
6312,6324
6303,6330
6292,6333
6292,6315
6296,6337
6291,6346
6306,6344
6314,6348
6307,6345
6298,6328
6301,6347
6305,6349
6308,6335
6301,6343
6310,6352
6306,6335
6288,6327
6285,6333
6296,6347
6325,6343
6311,6349
6303,6324
6301,6338
6326,6324
6316,6326
6319,6331
6322,6314
6322,6323
6308,6301
6303,6333
6294,6334
6305,6327
6294,6338
6301,6320
6301,6303
6298,6353
6304,6338
6316,6329
6300,6325
6316,6324
6316,6332
6315,6335
6308,6324
6304,6342
6312,6315
6299,6331
6308,6312
6296,6333
6281,6273
6312,6311
6318,6331
6321,6337
6311,6328
6300,6329
6290,6319
6282,6323
6275,6331
6292,6326
6293,6322
6316,6318
6305,6341
6294,6305
6285,6327
6290,6336
6281,6352
6280,6343
6293,6321
6291,6328
6294,6330
6290,6343
6308,6331
6314,6322
6282,6328
6281,6330
6294,6287
6294,6327
6313,6306
6310,6322
6324,6345
6307,6319
6314,6350
6315,6343
6316,6349
6290,6338
6293,6307
6282,6325
6289,6323
6328,6318
6305,6336
6300,6318
6304,6332
6276,6349
6291,6341
6305,6334
6312,6308
6303,6312
6306,6314
6288,6319
6281,6320
6291,6318
6301,6311
6296,6310
6273,6315
6299,6309
6322,6315
6301,6331
6306,6338
6298,6331
6273,6341
6280,6342
6273,6369
6308,6342
6318,6350
6281,6350
6284,6335
6291,6337
6304,6330
6289,6321
6294,6333
6307,6336
6278,6334
6286,6311
6300,6323
6300,6328
6305,6358
6295,6358
6290,6327
6320,6330
6300,6310
6305,6325
6298,6352
6269,6323
6299,6338
6286,6334
6313,6351
6291,6359
6305,6338
6286,6328
6293,6314
6296,6325
6283,6339
6305,6334
6292,6333
6280,6342
6305,6317
6276,6336
6283,6346
6288,6332
6301,6327
6297,6342
6298,6342
6292,6334
6290,6327
6310,6356
6288,6345
6266,6334
6275,6344
6282,6339
6284,6347
6326,6358
6239,6285
6205,6279
6355,6446
6278,6296
6275,6344
6295,6333
6297,6345
6280,6344
6297,6381
6324,6372
6296,6383
6297,6361
6287,6367
6282,6344
6289,6368
6284,6349
6278,6381
6256,6365
6271,6353
6269,6338
6266,6311
6278,6371
6280,6349
6289,6361
6289,6354
6266,6335
6266,6360
6265,6359
6259,6373
6262,6374
6281,6369
6284,6401
6262,6366
6252,6358
6285,6354
6276,6355
6282,6362
6287,6166
6270,6360
6275,6356
6280,6362
6284,6355
6299,6372
6271,6369
6272,6346
6270,6371
6285,6362
6275,6367
6271,6378
6278,6371
6265,6362
6258,6374
6273,6398
6279,6401
6277,6390
6243,6405
6257,6385
6262,6406
6264,6383
6229,6332
6245,6357
6268,6337
6261,6345
6275,6371
6267,6382
6257,6378
6259,6375
6268,6388
6276,6361
6259,6349
6268,6362
6262,6360
6262,6353
6270,6372
6277,6353
6261,6358
6254,6367
6247,6349
6264,6397
6243,6384
6248,6378
6251,6377
6265,6373
6258,6390
6247,6362
6244,6358
6258,6361
6263,6392
6266,6382
6255,6396
6249,6418
6252,6405
6253,6412
6260,6407
6258,6414
6239,6382
6244,6388
6254,6383
6235,6382
6245,6374
6237,6356
6217,6363
6237,6383
6248,6388
6260,6377
6238,6376
6241,6396
6232,6370
6259,6382
6249,6378
6249,6394
6243,6398
6264,6366
6276,6377
6260,6392
6246,6382
6239,6345
6238,6329
6227,6329
6246,6376
6238,6383
6240,6374
6237,6375
6237,6378
6274,6380
6254,6408
6255,6424
6236,6438
6265,6406
6229,6385
6235,6396
6235,6388
6241,6392
6242,6388
6239,6402
6234,6423
6244,6418
6253,6402
6252,6435
6254,6379
6246,6389
6232,6399
6258,6378
6256,6390
6256,6401
6246,6393
6259,6390
6247,6402
6240,6367
6239,6408
6248,6390
6246,6396
6252,6383
6245,6409
6257,6378
6240,6407
6233,6390
6228,6377
6237,6335
6239,6355
6233,6332
6252,6363
6247,6343
6246,6364
6229,6367
6251,6402
6233,6392
6235,6386
6231,6380
6233,6393
6256,6368
6247,6391
6250,6363
6239,6382
6233,6356
6241,6406
6231,6392
6236,6401
6239,6402
6254,6382
6238,6395
6235,6399
6222,6404
6252,6402
6244,6419
6233,6439
6234,6417
6226,6418
6233,6419
6243,6387
6237,6387
6237,6380
6220,6367
6242,6402
6228,6409
6232,6404
6234,6408
6238,6415
6226,6430
6218,6396
6235,6397
6223,6393
6226,6377
6216,6371
6226,6389
6221,6377
6231,6355
6229,6353
6219,6366
6244,6357
6210,6376
6231,6378
6243,6400
6221,6387
6222,6410
6225,6415
6224,6383
6232,6395
6223,6383
6218,6392
6225,6392
6239,6433
6242,6425
6220,6402
6232,6386
6238,6391
6233,6367
6230,6360
6232,6365
6230,6346
6240,6378
6235,6358
6226,6380
6240,6402
6235,6404
6231,6392
6237,6401
6237,6409
6232,6358
6234,6377
6224,6403
6223,6422
6220,6413
6233,6417
6243,6436
6234,6478
6234,6421
6232,6448
6204,6412
6225,6444
6234,6418
6230,6424
6238,6396
6234,6388
6216,6367
6225,6405
6228,6406
6225,6391
6226,6382
6220,6385
6229,6418
6230,6404
6237,6384
6231,6402
6228,6384
6227,6433
6226,6399
6223,6373
6220,6364
6239,6347
6251,6338
6240,6357
6303,6433
6211,6385
6254,6406
6247,6424
6243,6415
6226,6365
6216,6373
6232,6355
6242,6367
6240,6369
6235,6363
6223,6383
6241,6412
6238,6392
6235,6393
6243,6387
6236,6380
6222,6371
6234,6379
6220,6398
6214,6372
6227,6372
6226,6363
6228,6350
6242,6351
6233,6361
6236,6371
6239,6364
6239,6373
6235,6357
6244,6352
6237,6357
6238,6379
6229,6382
6249,6391
6227,6382
6236,6355
6236,6378
6234,6372
6233,6371
6235,6351
6237,6343
6231,6333
6243,6385
6233,6388
6237,6366
6236,6380
6235,6375
6239,6385
6241,6374
6225,6379
6231,6385
6225,6387
6237,6369
6226,6375
6235,6353
6235,6377
6242,6366
6239,6331
6236,6346
6238,6343
6252,6337
6235,6368
6238,6392
6234,6392
6243,6408
6244,6394
6233,6387
6245,6386
6235,6338
6216,6305
6231,6315
6248,6332
6230,6322
6253,6346
6241,6341
6233,6345
6239,6358
6227,6357
6244,6343
6248,6346
6235,6347
6235,6331
6239,6319
6236,6307
6236,6322
6231,6333
6243,6353
6235,6342
6236,6336
6246,6329
6234,6316
6235,6343
6240,6351
6247,6327
6237,6344
6249,6356
6225,6360
6225,6347
6235,6366
6235,6353
6240,6354
6249,6349
6241,6345
6244,6351
6242,6356
6243,6366
6236,6328
6245,6346
6232,6336
6240,6329
6258,6321
6265,6334
6252,6324
6259,6334
6251,6323
6251,6310
6274,6314
6264,6324
6275,6335
6286,6322
6281,6335
6280,6368
6299,6347
6305,6325
6301,6315
6313,6341
6323,6336
6337,6330
6347,6353
6373,6324
6367,6331
6384,6328
6419,6305
6427,6324
6450,6338
6496,6343
6546,6359
6584,6332
6661,6331
6698,6318
6768,6344
6835,6357
6922,6373
7009,6354
7129,6339
7229,6354
7317,6350
7386,6350
7512,6364
7587,6327
7767,6351
7944,6375
8257,6370
8622,6363
8957,6370
9294,6348
9631,6366
9769,6384
9743,6363
9613,6374
9552,6380
9592,6383
9621,6411
9758,6399
9794,6391
9826,6421
9644,6417
9566,6425
9288,6451
9027,6460
8800,6513
8634,6531
8467,6556
8334,6618
8150,6655
7938,6693
7752,6759
7551,6830
7400,6895
7284,7010
7165,7053
7041,7147
6919,7218
6843,7289
6784,7374
6725,7409
6759,7422
6835,7437
6990,7440
7197,7378
7451,7312
7739,7282
8099,7205
8372,7103
8602,6991
8802,6880
8995,6733
9243,6658
9513,6604
9779,6620
9947,6642
10266,6726
10411,6764
10426,6844
10468,6944
10498,7066
10524,7182
10496,7348
10479,7471
10487,7611
10610,7697
10647,7927
10525,8218
10450,8415
10279,8606
10016,8850
9644,8979
9330,9170
9068,9385
8860,9530
8589,9746
8417,9973
8185,10165
7895,10163
7677,10138
7429,10155
7290,10166
7088,10116
6914,10078
6839,9853
6772,9565
6768,9253
6779,9012
6821,8870
6925,8564
7041,8323
7204,8078
7356,7867
7546,7714
7669,7520
7912,7374
8196,7285
8277,7160
8600,6985
8856,6900
9264,6844
9547,6804
9849,6790
10282,6794
10622,6822
10975,6923
11389,6964
11690,7116
11928,7251
12173,7375
12199,7452
12371,7675
12450,7805
12557,7954
12531,8118
12536,8349
12474,8546
12277,8762
12150,8878
12058,9012
11915,9118
11517,9102
11165,9176
10822,9266
10459,9296
10031,9184
9757,9177
9364,9107
8935,9024
8517,8939
8183,8903
7867,8804
7630,8683
7363,8496
7184,8356
7035,8270
6931,8138
6856,8004
6883,7848
6966,7659
7064,7546
7214,7327
7419,7207
7729,7105
7964,6951
8274,6838
8669,6745
8975,6703
9419,6666
9830,6655
10177,6653
10554,6711
11033,6778
11153,6892
11524,6996
11926,7178
12464,7351
12544,7593
12807,7860
13002,8156
13291,8465
13592,8822
13786,9151
13822,9370
13516,9538
13135,9740
12986,10033
12788,10341
12524,10528
12142,10761
11863,11013
11443,11000
10998,10921
10462,11012
10059,10944
9537,11014
9068,10886
8720,10782
8294,10713
7950,10660
7643,10468
7415,10328
7195,10094
7058,9806
6960,9493
6863,9355
6824,9082
6842,8910
6937,8603
7077,8343
7194,8090
7413,7851
7680,7577
7998,7429
8385,7213
8659,7045
9158,6910
9475,6801
9756,6724
10139,6698
10400,6723
10629,6779
10899,6825
11098,7003
11352,7161
11595,7409
11731,7710
11847,7998
11813,8254
11578,8590
11426,8897
11385,9145
11400,9451
11304,9642
11160,10046
10994,10372
10975,10541
10824,10816
10471,11152
10201,11256
9901,11345
9490,11506
9198,11742
8927,11650
8700,11585
8452,11634
8239,11562
8011,11409
7855,11372
7625,11242
7362,10896
7187,10419
7029,10213
6912,10035
6816,9727
6797,9419
6771,9061
6777,8694
6861,8389
6968,8120
7093,7886
7253,7585
7505,7322
7722,7162
7973,7020
8215,6943
8495,6830
8747,6770
9066,6726
9532,6665
9927,6675
10327,6691
10518,6762
10849,6840
11144,6932
11338,7097
11601,7239
11714,7427
11949,7639
11996,7856
12147,8089
12209,8280
12195,8508
12278,8673
12228,8888
12183,9118
11982,9305
11685,9460
11471,9547
11260,9748
10933,9911
10575,9961
10213,9978
9876,10094
9574,10086
9272,10040
8997,9944
8636,9959
8297,9828
7997,9665
7714,9560
7463,9454
7248,9342
7091,9100
6964,8933
6912,8753
6866,8533
6860,8316
6854,8107
6877,7893
6997,7714
7074,7551
7147,7385
7300,7240
7451,7093
7663,7051
7935,6912
8041,6844
8233,6733
8352,6700
8659,6649
8938,6683
9289,6735
9441,6816
9599,6916
9661,7062
9831,7223
9881,7328
10006,7528
9923,7819
9959,8013
10028,8282
10097,8508
9988,8753
10059,9006
10029,9307
9773,9564
9714,9772
9655,9857
9486,10071
9345,10250
9206,10267
8940,10409
8696,10430
8501,10502
8307,10375
8128,10253
7854,10219
7578,10064
7393,9945
7188,9853
6977,9730
6888,9499
6766,9200
6707,9012
6663,8829
6707,8607
6714,8344
6766,8151
6864,7864
7027,7696
7173,7448
7419,7281
7714,7103
7890,6962
8107,6864
8327,6761
8683,6695
8870,6679
9141,6590
9392,6591
9682,6619
10009,6647
10254,6646
10364,6725
10412,6801
10575,6903
10594,7028
10611,7152
10764,7329
10669,7485
10676,7697
10434,7903
10202,8054
10068,8235
9887,8429
9730,8667
9538,8864
9498,9105
9282,9243
9075,9301
8877,9366
8638,9480
8356,9471
8175,9530
7866,9607
7699,9539
7470,9531
7321,9390
7158,9242
7042,9224
6903,9090
6800,8872
6684,8648
6633,8444
6642,8247
6951,8343
6617,7825
6655,7593
6789,7431
6787,7193
6945,7084
7054,6918
7238,6783
7375,6682
7570,6576
7799,6539
8050,6491
8169,6515
8397,6539
8675,6563
8988,6654
9251,6746
9473,6818
9708,6907
10032,7032
10215,7155
10544,7312
10945,7445
11141,7652
11241,7820
11412,8000
11593,8172
11571,8310
11618,8428
11706,8579
11592,8642
11513,8752
11443,8893
11170,9054
11070,9061
10766,9078
10393,9127
10094,9185
9786,9274
9458,9182
9075,9159
8800,9200
8458,9137
8132,8980
7867,8899
7563,8874
7330,8694
7134,8546
7006,8469
6920,8349
6852,8214
6813,8114
6852,7933
6911,7764
7032,7688
7187,7534
7393,7410
7609,7220
7926,7066
8252,6978
8641,6880
8979,6746
9330,6641
9651,6596
9953,6583
10222,6638
10412,6655
10696,6691
10877,6767
11097,6875
11103,7039
11230,7233
11383,7382
11656,7645
11981,7928
12094,8138
11944,8390
11724,8792
11345,9060
11167,9254
10985,9590
10833,10013
10384,10187
10344,10363
10285,10575
10120,10769
9947,10884
9602,10936
9210,11046
8849,11189
8559,11110
8264,11032
7994,10949
7749,10765
7542,10526
7337,10331
7171,10159
7065,10000
6987,9737
6979,9525
6954,9190
6938,8952
6992,8691
7067,8396
7266,8111
7439,7857
7682,7603
7852,7364
8100,7186
8250,7092
8455,6967
8611,6865
8950,6775
9175,6741
9455,6762
9751,6774
9986,6841
10190,6919
10440,7044
10709,7172
11060,7346
11217,7544
11192,7720
11240,7912
11132,8181
11101,8517
11052,8835
11064,9080
10900,9244
10649,9389
10397,9637
10092,9893
9970,10138
9595,10167
9333,10224
9060,10341
8647,10342
8252,10445
8091,10426
7847,10345
7582,10257
7388,10198
7196,9876
7064,9773
6976,9505
6879,9308
6813,9126
6765,8949
6760,8640
6735,8441
6750,8300
6859,8083
6901,7889
7042,7770
7115,7585
7222,7384
7405,7237
7491,7084
7697,6886
7901,6761
8004,6673
8191,6600
8293,6572
8467,6624
8519,6644
8727,6745
8988,6805
9160,6893
9208,7039
9229,7146
9335,7341
9464,7555
9722,7725
9818,7879
9917,8018
9916,8125
10029,8298
10007,8404
10008,8583
9956,8690
9741,8822
9657,8954
9525,9047
9284,8985
9034,8956
8854,8910
8617,9031
8361,8892
8093,8825
7882,8844
7681,8730
7478,8628
7247,8563
7090,8492
6983,8319
6847,8140
6758,7981
6689,7896
6661,7801
6630,7638
6659,7539
6712,7440
6766,7297
6837,7175
6969,7118
7076,7029
7211,6934
7345,6844
7552,6794
7725,6680
7898,6629
8053,6588
8212,6549
8332,6538
8518,6547
8686,6594
8882,6646
9080,6746
9197,6859
9314,6983
9445,7123
9490,7325
9613,7455
9706,7585
9843,7774
9929,8026
10037,8227
10025,8368
9957,8546
10013,8648
9931,8715
9852,8775
9742,8873
9622,8943
9467,9028
9200,9035
8967,9046
8684,9019
8617,9013
8380,8911
8134,8862
7970,8717
7763,8529
7519,8422
7375,8323
7228,8202
7034,8075
6952,7970
6886,7821
6869,7696
6905,7520
6979,7432
7093,7306
7276,7161
7560,7065
7849,6973
8168,6879
8568,6770
9142,6688
9638,6661
10119,6616
10718,6581
11462,6568
12043,6575
12547,6593
13401,6767
13658,6655
14056,6912
14465,6935
14888,7148
15100,7243
15386,7490
15601,7689
15807,7873
15927,8230
15951,8511
15718,8822
15587,8961
15427,9270
14944,9428
14386,9682
13846,9813
13196,10134
12758,10530
12412,10698
11838,10789
11234,10983
10578,11019
10138,11213
9655,11363
9285,11473
8877,11504
8426,11550
8091,11244
7721,10995
7485,10919
7357,10563
7204,10237
7202,10077
7175,9772
7205,9514
7289,9213
7473,8887
7649,8549
7888,8229
8125,7884
8348,7581
8808,7392
9053,7202
9491,6963
9927,6842
10343,6762
10810,6746
11199,6760
11541,6809
11824,6918
12142,7128
12431,7394
12749,7682
12735,7930
13015,8230
13207,8470
13600,8874
13884,9262
13996,9684
14079,10089
13955,10345
13646,10690
13681,10901
13996,11088
13877,11305
13613,11605
13304,11927
12902,12055
12386,12227
12018,12275
11647,12163
11145,12224
10644,12253
10200,11974
9740,11757
9298,11679
8953,11549
8588,11253
8166,11012
7836,10829
7599,10391
7426,9844
7393,9488
7486,9171
7633,8958
7888,8686
8283,8372
8787,8028
9249,7760
9862,7539
10663,7410
11535,7245
12202,7159
12827,7040
13566,7035
14377,7076
15021,7080
15464,7161
16146,7237
16383,7387
16383,7691
16383,7980
16383,8310
16383,8682
16383,9094
16383,9495
16383,10025
16383,10597
16383,11217
16383,11689
16372,12120
16124,12664
15664,13190
15427,13660
14803,14227
14207,14712
13367,15351
12722,15936
12170,15867
11593,16058
10901,16115
10391,16383
9925,16383
9640,16383
9230,15953
8862,15446
8622,14827
8441,14340
8213,14018
8049,13528
7867,12964
7785,12242
7690,11484
7609,10733
7587,10117
7589,9560
7655,9049
7706,8591
7813,8170
8127,7767
8570,7404
8899,7233
9260,7040
9802,6951
10297,6912
10791,6947
11087,7039
11553,7151
12219,7277
12553,7488
12745,7829
13262,8179
13375,8487
13869,8928
14139,9326
13137,9614
14164,10115
15509,10522
14561,10983
12071,11291
9825,11632
8098,11960
7106,12240
6655,12235
6398,12475
6320,12589
6268,12645
6225,12891
6203,13002
6194,12911
6179,12851
6175,13058
6179,13109
6176,13190
6172,13233
6178,13043
6156,13097
6154,13106
6144,12809
6126,12706
6145,12412
6140,11914
6132,11431
6136,10858
6135,10414
6139,9985
6140,9435
6129,8958
6131,8448
6140,8117
6128,7756
6137,7505
6130,7382
6125,7236
6134,7114
6120,7047
6132,7052
6124,7088
6136,7109
6121,7168
6124,7264
6120,7435
6130,7623
6124,7848
6118,7974
6126,8363
6122,8518
6115,8728
6115,9342
6115,9693
6115,9383
6116,9015
6127,8807
6121,8344
6119,7681
6119,7117
6105,6703
6108,6493
6110,6338
6114,6302
6117,6261
6111,6237
6111,6242
6114,6225
6107,6206
6111,6215
6109,6199
6109,6181
6109,6204
6100,6198
6105,6176
6105,6123
6112,6125
6113,6098
6106,6078
6111,6082
6113,6092
6107,6073
6107,6081
6110,6081
6108,6073
6104,6074
6099,6084
6110,6077
6105,6077
6110,6066
6111,6076
6115,6086
6122,6076
6098,6083
6108,6073
6114,6064
6113,6061
6112,6053
6109,6062
6107,6054
6108,6061
6110,6057
6110,6064
6104,6065
6119,6052
6110,6075
6101,6070
6116,6060
6108,6113
6115,6058
6032,6007
6144,6119
6121,6059
6110,6056
6044,5968
6145,6077
6113,6045
6085,6055
6097,6084
6135,6073
6115,6047
6112,6047
6113,6067
6119,6066
6121,6052
6109,6053
6110,6062
6112,6045
6112,6052
6106,6057
6102,6045
6103,6055
6110,6065
6110,6052
6106,6062
6102,6046
6110,6047
6117,6058
6112,6049
6108,6065
6112,6038
6103,6045
6110,6029
6113,6037
6108,6062
6117,6058
6114,6050
6119,6047
6110,6058
6108,6048
6111,6050
6104,6041
6099,6042
6111,6039
6117,6058
6113,6039
6116,6058
6114,6047
6105,6038
6114,6037
6112,6037
6106,6049
6104,6049
6108,6042
6107,6055
6109,6059
6103,6047
6105,6051
6110,6060
6105,6046
6104,6053
6111,6051
6108,6055
6106,6064
6111,6053
6105,6051
6111,6049
6105,6052
6109,6056
6122,6056
6108,6051
6105,6051
6102,6052
6103,6055
6108,6056
6100,6046
6105,6054
6104,6050
6107,6052
6116,6056
6115,6059
6100,6061
6108,6037
6096,6057
6119,6056
6104,6033
6108,6054
6107,6055
6103,6051
6110,6054
6107,6034
6107,6056
6099,6056
6104,6041
6111,6058
6120,6055
6111,6052
6110,6048
6104,6041
6101,6037
6096,6065
6104,6044
6113,6054
6095,6059
6106,6050
6111,6047
6116,6059
6107,6046
6102,6047
6109,6045
6105,6053
6101,6051
6111,6047
6101,6061
6104,6060
6106,6060
6105,6039
6095,6048
6111,6044
6106,6036
6111,6056
6115,6044
6112,6057
6104,6031
6106,6046
6105,6057
6104,6055
6101,6040
6111,6051
6104,6052
6107,6061
6093,6057
6103,6037
6120,6055
6102,6055
6108,6046
6107,6043
6104,6035
6102,6066
6103,6041
6112,6052
6117,6035
6107,6046
6094,6044
6115,6051
6109,6043
6105,6040
6118,6045
6108,6040
6099,6026
6109,6053
6101,6058
6096,6055
6108,6049
6106,6060
6096,6038
6101,6055
6098,6055
6101,6051
6102,6051
6099,6050
6095,6039
6105,6048
6098,6041
6104,6055
6111,6038
6097,6039
6102,6048
6097,6051
6106,6037
6107,6053
6102,6041
6110,6048
6094,6036
6107,6064
6099,6054
6104,6045
6115,6051
6098,6058
6098,6056
6106,6056
6097,6056
6100,6051
6100,6049
6103,6051
6111,6049
6101,6047
6108,6052
6105,6047
6096,6045
6105,6048
6104,6044
6101,6044
6108,6038
6104,6033
6104,6055
6101,6058
6109,6047
6109,6048
6113,6041
6099,6046
6106,6046
6107,6038
6106,6048
6107,6045
6112,6060
6104,6064
6105,6041
6106,6054
6088,6034
6111,6048
6110,6054
6102,6059
6102,6049
6111,6051
6105,6045
6101,6059
6112,6056
6110,6055
6111,6057
6101,6030
6094,6055
6114,6056
6103,6050
6110,6063
6098,6066
6109,6064
6115,6054
6118,6045
6112,6060
6110,6057
6110,6058
6124,6051
6106,6058
6116,6042
6108,6064
6106,6055
6105,6058
6114,6056
6121,6055
6107,6052
6099,6053
6110,6052
6102,6050
6104,6052
6126,6056
6125,6067
6113,6056
6117,6061
6115,6056
6111,6038
6110,6057
6110,6059
6103,6045
6107,6043
6104,6050
6106,6051
6109,6055
6117,6215
6104,6042
6104,6053
6119,6053
6106,6060
6105,6051
6106,6049
6108,6046
6101,6034
6108,6058
5938,5903
6042,5983
6134,6056
6076,6029
6118,6061
6109,6063
6103,6060
6102,6040
6106,6052
6098,6047
6107,6056
6103,6050
6104,6043
6099,6049
6104,6047
6106,6049
6110,6043
6107,6039
6110,6043
6108,6047
6105,6049
6109,6044
6108,6049
6104,6052
6103,6051
6102,6050
6103,6057
6105,6049
6105,6062
6102,6049
6098,6054
6110,6050
6114,6045
6118,6043
6113,6102
6101,6047
6106,6046
6104,6058
6111,6049
6113,6042
6132,6057
6105,6055
6110,6060
6105,6051
6123,6049
6123,6047
6109,6041
6108,6056
6118,6045
6103,6058
6111,6055
6116,6048
6125,6055
6114,6042
6118,6043
6114,6043
6109,6061
6118,6053
6121,6064
6122,6058
6120,6060
6118,6050
6114,6050
6121,6093
6119,6050
6113,6061
6116,6054
6115,6061
6122,6054
6110,6041
6115,6055
6114,6053
6120,6046
6107,6058
6109,6039
6119,6061
6113,6055
6108,6050
6111,6053
6106,6044
6108,6050
6108,6047
6106,6043
6123,6051
6115,6021
6114,6054
6113,6097
6107,6031
6122,6057
6129,6053
6106,6040
6116,6053
6112,6047
6104,6063
6117,6051
6110,6056
6114,6027
6112,6053
6116,6056
6115,6053
6114,6048
6109,6037
6110,6061
6100,6044
6113,6056
6118,6039
6120,6048
6108,6059
6114,6034
6109,6030
6115,6051
6115,6047
6113,6049
6112,6057
6117,6050
6121,6045
6113,6052
6120,6059
6114,6045
6104,6043
6114,6046
6114,6041
6118,6057
6113,6052
6111,6063
6105,6060
6113,6046
6121,6054
6118,6048
6114,6049
6103,6009
6115,6046
6120,6052
6112,6040
6123,6052
6117,6060
6118,6056
6107,6057
6114,6054
6112,6061
6120,6051
6121,6051
6111,6059
6127,6053
6120,6053
6122,6062
6121,6055
6109,6048
6120,6054
6123,6063
6126,6058
6111,6055
6111,6060
6106,6060
6114,6063
6114,6055
6124,6056
6120,6063
6122,6061
6115,6044
6122,6055
6118,6066
6123,6050
6113,6048
6114,6060
6126,6057
6128,6061
6122,6057
6120,6047
6127,6047
6120,6058
6118,6051
6119,6060
6111,6068
6112,6046
6120,6062
6118,6058
6114,6051
6114,6051
6121,6058
6118,6050
6118,6061
6119,6054
6116,6060
6127,6047
6118,6050
6115,6050
6117,6058
6127,6055
6121,6057
6121,6063
6121,6061
6120,6060
6122,6051
6117,6057
6117,6060
6112,6056
6111,6057
6122,6052
6115,6045
6115,6045
6114,6047
6110,6061
6119,6050
6114,6066
6119,6059
6117,6064
6111,6069
6117,6063
6117,6065
6123,6051
6119,6066
6118,6050
6120,6054
6125,6040
6123,6049
6123,6054
6121,6052
6119,6062
6113,6049
6118,6056
6120,6052
6120,6052
6110,6046
6122,6059
6117,6053
6117,6050
6112,6057
6126,6062
6119,6070
6121,6061
6112,6055
6128,6061
6120,6062
6122,6057
6125,6063
6118,6064
6129,6051
6127,6093
6118,6063
6121,6045
6113,6058
6125,6045
6112,6054
6112,6054
6118,6050
6122,6050
6122,6055
6128,6055
6122,6059
6116,6050
6110,6071
6112,6063
6127,6045
6118,6052
0,23
0,61680
0,0
6116,6059
5601,5578
5596,5558
5611,5568
5604,5567
5608,5576
5602,5574
5603,5579
5606,5566
5835,5753
6368,6306
6332,6315
6286,6310
6299,6306
6304,6312
6306,6327
6307,6313
6307,6334
6289,6347
6301,6370
6301,6348
6307,6359
6303,6327
6317,6305
6297,6330
6292,6341
6304,6344
6296,6315
6288,6318
6312,6336
6310,6319
6283,6318
6298,6316
6300,6326
6301,6321
6316,6351
6324,6356
6311,6338
6303,6355
6307,6333
6304,6331
6309,6325
6307,6345
6302,6351
6307,6328
6280,6336
6282,6317
6296,6326
6330,6338
6320,6324
6301,6360
6311,6355
6310,6322
6305,6319
6310,6323
6313,6321
6332,6317
6309,6322
6299,6292
6288,6341
6307,6340
6292,6347
6306,6319
6283,6308
6291,6337
6313,6320
6315,6323
6300,6325
6312,6319
6339,6334
6307,6339
6302,6337
6301,6320
6308,6323
6291,6306
6289,6312
6296,6307
6284,6347
6313,6312
6300,6331
6317,6327
6319,6329
6296,6314
6294,6315
6289,6313
6277,6333
6294,6315
6298,6323
6298,6313
6314,6315
6296,6317
6297,6320
6304,6321
6293,6317
6294,6345
6294,6325
6294,6340
6301,6332
6302,6337
6308,6340
6299,6315
6290,6314
6286,6338
6291,6336
6297,6342
6313,6313
6312,6321
6330,6327
6316,6328
6308,6359
6315,6357
6331,6362
6291,6355
6302,6303
6284,6328
6292,6319
6317,6330
6313,6340
6301,6339
6313,6340
6284,6340
6305,6334
6319,6342
6306,6289
6303,6325
6308,6310
6281,6331
6274,6331
6287,6313
6311,6303
6292,6311
6278,6324
6293,6312
6314,6313
6311,6315
6311,6339
6298,6326
6277,6337
6281,6337
6292,6336
6307,6323
6309,6312
6299,6356
6284,6339
6288,6342
6287,6327
6281,6333
6302,6314
6307,6326
6284,6329
6285,6320
6309,6325
6297,6338
6307,6337
6299,6340
6285,6335
6300,6320
6310,6331
6300,6305
6304,6328
6291,6335
6361,6467
6323,6425
6475,6270
6267,6323
6132,6201
6425,6470
6306,6327
6266,6298
6289,6339
6290,6314
6300,6328
6287,6319
6287,6313
6279,6355
6283,6331
6281,6340
6302,6355
6293,6345
6282,6334
6289,6349
6296,6317
6305,6337
6280,6325
6278,6324
6279,6337
6297,6345
6293,6358
6309,6331
6289,6342
6290,6351
6289,6368
6295,6341
6297,6337
6290,6329
6284,6312
6293,6348
6306,6362
6309,6383
6301,6371
6289,6385
6296,6359
6288,6346
6285,6366
6289,6342
6275,6380
6263,6360
6266,6334
6270,6338
6263,6335
6270,6353
6276,6353
6293,6372
6287,6367
6286,6339
6268,6355
6270,6340
6256,6339
6263,6363
6286,6360
6281,6373
6260,6353
6271,6350
6278,6344
6268,6348
6288,6362
6278,6367
6276,6351
6265,6349
6279,6362
6281,6367
6298,6374
6277,6364
6252,6356
6274,6372
6282,6371
6283,6371
6272,6371
6270,6357
6255,6370
6269,6379
6272,6392
6279,6405
6267,6405
6260,6409
6264,6389
6258,6405
6261,6375
6225,6330
6259,6348
6266,6352
6267,6353
6283,6370
6259,6377
6276,6368
6274,6352
6275,6377
6280,6354
6259,6340
6262,6364
6247,6346
6251,6356
6267,6353
6258,6376
6265,6361
6249,6352
6264,6351
6270,6372
6248,6374
6260,6372
6261,6393
6265,6371
6255,6366
6248,6333
6253,6369
6252,6361
6252,6394
6253,6395
6247,6390
6238,6409
6250,6402
6252,6391
6262,6410
6238,6391
6239,6391
6236,6391
6244,6385
6244,6378
6248,6387
6233,6369
6219,6358
6236,6395
6248,6376
6246,6387
6242,6385
6239,6371
6252,6371
6253,6387
6248,6390
6245,6390
6247,6392
6259,6375
6265,6384
6264,6401
6242,6397
6243,6355
6235,6349
6239,6335
6241,6359
6256,6383
6250,6373
6231,6391
6235,6362
6258,6395
6240,6413
6247,6420
6259,6426
6244,6414
6233,6387
6246,6370
6235,6403
6239,6388
6258,6391
6240,6422
6242,6418
6246,6416
6247,6402
6254,6421
6246,6376
6238,6383
6243,6401
6257,6389
6249,6380
6248,6388
6248,6410
6256,6375
6252,6402
6253,6356
6245,6401
6244,6388
6257,6351
6245,6405
6254,6396
6254,6400
6231,6396
6218,6401
6243,6377
6246,6343
6234,6364
6228,6368
6251,6359
6244,6353
6240,6339
6238,6369
6240,6407
6246,6400
6235,6393
6236,6382
6240,6388
6244,6382
6242,6372
6244,6389
6229,6375
6243,6381
6234,6390
6230,6390
6244,6395
6244,6395
6256,6385
6237,6403
6228,6405
6238,6406
6241,6377
6236,6426
6229,6433
6232,6413
6237,6441
6229,6437
6247,6386
6228,6400
6246,6390
6233,6403
6248,6408
6242,6400
6236,6392
6237,6384
6224,6412
6241,6439
6219,6402
6234,6381
6228,6408
6229,6405
6230,6372
6223,6380
6244,6379
6231,6343
6230,6353
6221,6370
6228,6352
6231,6377
6225,6388
6230,6417
6219,6412
6226,6398
6233,6416
6231,6410
6219,6384
6220,6390
6212,6377
6223,6415
6232,6410
6247,6395
6231,6391
6225,6385
6233,6371
6227,6372
6233,6341
6214,6353
6236,6364
6240,6350
6234,6364
6249,6378
6230,6395
6231,6400
6233,6438
6235,6377
6234,6404
6231,6390
6227,6384
6234,6386
6249,6434
6174,6345
6192,6371
6265,6459
6246,6449
6207,6395
6233,6458
6226,6448
6222,6423
6226,6405
6228,6413
6250,6389
6231,6390
6228,6388
6240,6373
6226,6385
6222,6392
6265,6420
6226,6408
6223,6402
6229,6404
6232,6380
6246,6403
6234,6429
6235,6431
6228,6415
6232,6371
6213,6360
6222,6389
6233,6363
6228,6371
6210,6378
6230,6394
6222,6394
6233,6393
6235,6392
6233,6329
6236,6387
6230,6372
6232,6380
6246,6375
6247,6377
6239,6371
6239,6400
6232,6398
6236,6413
6231,6404
6236,6387
6226,6353
6239,6382
6227,6387
6228,6396
6218,6376
6219,6370
6223,6377
6242,6344
6232,6338
6242,6361
6235,6350
6236,6360
6227,6341
6237,6363
6234,6352
6225,6387
6235,6382
6245,6391
6237,6380
6229,6346
6240,6360
6231,6382
6228,6367
6237,6354
6235,6340
6230,6347
6224,6393
6236,6369
6231,6376
6227,6386
6225,6365
6223,6377
6233,6385
6234,6385
6233,6381
6237,6376
6229,6373
6236,6360
6237,6351
6233,6362
6237,6366
6226,6345
6238,6349
6237,6316
6225,6347
6242,6360
6235,6381
6232,6386
6240,6383
6242,6384
6222,6367
6246,6361
6231,6374
6222,6324
6226,6329
6231,6313
6230,6337
6253,6339
6235,6337
6237,6333
6235,6346
6233,6360
6238,6337
6238,6327
6240,6334
6233,6331
6254,6324
6237,6323
6239,6328
6234,6316
6223,6359
6237,6338
6238,6339
6230,6325
6249,6335
6238,6335
6242,6340
6252,6347
6232,6345
6243,6351
6228,6350
6234,6362
6233,6375
6246,6361
6239,6352
6248,6342
6253,6357
6240,6345
6246,6355
6226,6346
6239,6322
6251,6333
6237,6323
6249,6310
6268,6306
6258,6321
6242,6323
6257,6326
6255,6315
6267,6310
6254,6317
6273,6317
6263,6333
6289,6314
6287,6341
6286,6339
6294,6321
6314,6331
6297,6318
6313,6336
6339,6322
6340,6324
6365,6345
6362,6342
6374,6333
6396,6322
6410,6338
6446,6329
6470,6345
6498,6340
6536,6360
6592,6358
6650,6340
6683,6341
6764,6339
6830,6348
6923,6364
7003,6364
7113,6364
7229,6358
7356,6347
7408,6362
7501,6348
7627,6343
7784,6346
7959,6349
8264,6364
8577,6367
8998,6375
9304,6381
9625,6364
9739,6372
9744,6355
9660,6364
9624,6376
9607,6380
9608,6387
9692,6389
9826,6390
9814,6413
9676,6423
9545,6438
9252,6442
9037,6474
8762,6506
8594,6531
8456,6570
8333,6615
8140,6664
7955,6719
7703,6766
7568,6848
7412,6915
7279,7021
7128,7068
7043,7149
6961,7226
6851,7278
6798,7391
6744,7436
6746,7471
6852,7452
7004,7426
7197,7409
7467,7309
7775,7291
8091,7227
8398,7127
8575,6999
8779,6868
9043,6734
9247,6669
9547,6609
9799,6616
9970,6632
10255,6701
10442,6760
10472,6838
10451,6924
10491,7049
10540,7201
10523,7362
10526,7464
10519,7601
10615,7675
10592,7944
10542,8205
10385,8452
10279,8623
9989,8843
9645,8980
9292,9171
9141,9415
8924,9566
8631,9752
8437,9997
8152,10113
7899,10176
7662,10167
7417,10160
7295,10218
7084,10121
6943,10061
6860,9859
6800,9616
6779,9277
6767,9037
6844,8865
6902,8508
7033,8292
7523,8442
7217,7651
7619,8001
7655,7535
7848,7345
8124,7248
8355,7137
8605,7011
8930,6897
9177,6826
9578,6804
9839,6823
10306,6788
10682,6812
10929,6895
11371,6972
11638,7095
11855,7225
12017,7342
12258,7451
12378,7631
12394,7806
12572,7940
12495,8134
12486,8360
12443,8568
12288,8753
12173,8888
12166,9029
11892,9105
11524,9082
11140,9139
10826,9242
10409,9305
10027,9203
9701,9134
9382,9101
8877,9019
8496,8976
8206,8936
7877,8841
7590,8666
7377,8496
7182,8364
7041,8217
6935,8136
6883,8025
6914,7822
6958,7680
7038,7503
7223,7346
7440,7230
7720,7114
8022,6939
8273,6842
8658,6758
8958,6726
9387,6671
9878,6647
10155,6661
10546,6684
11079,6773
11197,6877
11553,7015
12010,7185
12407,7387
12519,7608
12726,7847
13021,8185
13281,8445
13490,8780
13697,9170
13795,9388
13547,9529
13169,9777
12911,10053
12812,10400
12527,10528
12097,10768
11873,10982
11445,10965
11004,10928
10444,11037
10023,10925
9491,11015
9079,10863
8744,10791
8293,10703
7961,10630
7632,10490
7410,10333
7195,10057
7056,9809
6945,9514
6858,9354
6824,9112
6877,8896
6987,8589
7112,8320
7220,8070
7455,7845
7685,7621
8013,7402
8420,7205
8723,7025
9136,6898
9451,6812
9741,6707
10107,6709
10422,6708
10662,6763
10898,6835
11034,6988
11378,7167
11675,7374
11700,7701
11868,8013
11690,8273
11663,8572
11384,8910
11418,9151
11383,9424
11347,9721
11148,10045
10992,10410
10923,10636
10874,10925
10483,11108
10176,11243
9897,11355
9559,11531
9183,11738
8920,11725
8732,11656
8460,11658
8245,11524
7974,11400
7854,11347
7607,11191
7392,10900
7187,10449
7046,10198
6906,10024
6829,9741
6777,9416
6764,9040
6810,8716
6863,8382
6945,8077
7096,7831
7251,7615
7490,7342
7720,7153
7969,7022
8240,6947
8470,6848
8744,6778
9091,6732
9549,6669
9932,6662
10308,6694
10533,6740
10852,6839
11087,6950
11333,7096
11537,7233
11730,7435
11955,7624
11981,7833
12043,8079
12222,8296
12170,8531
12352,8663
12267,8886
12179,9115
11905,9301
11682,9447
11509,9542
11194,9774
10872,9907
10595,10034
10294,10013
9875,10092
9532,10102
9263,9994
8975,9932
8627,9989
8225,9835
7981,9661
7735,9525
7459,9463
7264,9339
7092,9133
6975,8920
6882,8751
6879,8525
6873,8334
6863,8125
6912,7889
6987,7720
7092,7573
7158,7391
7290,7214
7487,7082
7661,7042
7891,6937
8029,6844
8206,6731
8378,6699
8660,6671
8918,6672
9273,6736
9448,6829
9576,6926
9720,7100
9840,7197
9881,7317
9968,7535
10013,7815
9937,7993
10019,8292
10068,8514
9975,8771
10027,8981
9942,9281
9864,9521
9749,9780
9637,9912
9472,10076
9398,10203
9194,10292
9020,10360
8676,10501
8530,10527
8282,10381
8070,10304
7815,10271
7605,10080
7402,10009
7212,9846
6996,9671
6890,9519
6763,9209
6732,9045
6679,8823
6694,8621
6719,8377
6772,8195
6844,7869
7049,7669
7190,7467
7465,7297
7713,7130
7878,6959
8143,6841
8412,6756
8655,6708
8842,6673
9221,6622
9378,6620
9681,6623
9997,6637
10219,6666
10307,6714
10421,6834
10475,6748
10749,6971
10644,7152
10675,7276
10571,7456
10615,7674
10352,7898
10200,8057
10087,8240
9885,8473
9702,8681
9638,8884
9506,9076
9285,9250
9094,9349
8862,9293
8662,9467
8387,9511
8154,9522
7889,9565
7710,9537
7503,9495
7319,9411
7191,9255
7052,9192
6898,9068
6772,8841
6669,8648
6637,8444
6634,8228
6609,8030
6616,7875
6650,7627
6698,7383
6818,7256
6946,7080
7083,6960
7212,6800
7421,6678
7589,6593
7817,6529
8031,6527
8178,6534
8448,6584
8659,6591
9020,6655
9235,6741
9429,6821
9684,6917
9969,6997
10229,7130
10549,7308
10937,7439
11145,7685
11226,7857
11347,7985
11579,8182
11593,8325
11547,8374
11670,8565
11645,8690
11610,8810
11432,8906
11168,9009
11098,9090
10766,9053
10410,9101
10156,9205
9806,9228
9484,9249
9064,9172
8818,9152
8441,9077
8149,8967
7838,8899
7567,8837
7333,8663
7127,8540
7048,8469
6911,8341
6850,8232
6814,8094
6858,7950
6929,7777
7044,7686
7190,7563
7432,7409
7606,7212
7889,7080
8227,6968
8642,6850
9011,6749
9293,6658
9604,6582
9912,6581
10156,6614
10434,6682
10674,6730
10845,6755
11053,6893
11168,7076
11288,7219
11473,7359
11671,7632
12043,7881
12078,8189
11888,8405
11615,8795
11310,9033
11066,9290
11001,9541
10852,9955
10495,10217
10350,10293
10209,10519
10105,10757
9926,10821
9614,10922
9187,11010
8833,11132
8551,11157
8267,11002
8018,11038
7789,10808
7542,10494
7327,10329
7164,10188
7047,9997
6972,9761
6998,9497
6957,9177
6960,8932
7000,8662
7084,8349
7272,8111
7466,7822
7653,7587
7856,7368
8105,7191
8243,7114
8448,6977
8625,6856
8943,6793
9113,6752
9455,6769
9663,6768
10044,6851
10200,6937
10423,7041
10679,7183
11087,7317
11216,7561
11193,7718
11190,7934
11154,8212
11078,8564
11013,8766
11120,9043
10979,9197
10686,9385
10379,9648
10139,9907
9949,10103
9584,10104
9351,10201
9014,10397
8627,10360
8275,10436
8082,10358
7916,10298
7608,10297
7391,10134
7233,9926
7089,9676
6960,9530
6858,9288
6824,9173
6764,9005
6740,8624
6717,8455
6756,8316
6878,8065
6920,7879
7061,7753
7148,7531
7263,7403
7382,7207
7497,7034
7721,6882
7864,6757
8044,6668
8179,6592
8320,6570
8450,6623
8558,6670
8711,6745
8947,6778
9097,6901
9282,7043
9262,7129
9319,7312
9471,7547
9702,7722
9777,7863
9892,8030
9931,8150
10047,8258
10016,8398
9956,8547
9936,8647
9779,8801
9657,8934
9431,9016
9266,8974
9058,8939
8877,8898
8654,8987
8366,8965
8103,8833
7874,8845
7718,8773
7479,8624
7282,8568
7127,8508
6988,8436
6830,8163
6746,7996
6693,7911
6663,7784
6620,7650
6663,7557
6701,7465
6760,7302
6892,7192
6977,7111
7063,7015
7233,6920
7365,6861
7556,6755
7703,6703
7888,6635
8053,6607
8189,6536
8364,6547
8508,6565
8632,6612
8876,6650
9116,6751
9200,6838
9334,6980
9441,7119
9520,7338
9596,7493
9761,7609
9846,7784
9982,7971
10053,8202
10001,8344
9984,8556
10004,8673
10014,8698
9881,8806
9733,8880
9616,8983
9443,9069
9200,8987
8954,9046
8727,9056
8554,9049
8387,8712
8059,8805
7974,8689
7773,8560
7564,8448
7353,8273
7229,8210
7041,8057
6937,7982
6847,7778
6843,7645
6898,7536
6984,7409
7089,7279
7336,7154
7579,7055
7842,6995
8178,6895
8557,6757
9115,6717
9624,6656
10113,6624
10745,6573
11467,6585
11995,6574
12592,6616
13244,6706
13484,6724
13948,6841
14226,6970
14904,7134
15199,7282
15366,7505
15698,7687
15816,7915
15962,8225
15910,8497
15724,8773
15659,8991
15447,9238
14918,9472
14357,9617
13816,9788
13165,10155
12678,10481
12361,10686
11904,10785
11192,10882
10575,11038
10126,11242
9659,11321
9278,11510
8864,11576
8384,11591
8025,11261
7752,11069
7462,10899
7344,10551
7212,10276
7188,10116
7161,9831
7195,9461
7248,9145
7472,8846
7668,8528
7850,8226
8162,7870
8383,7580
8709,7372
9064,7177
9480,6971
9933,6849
10369,6809
10747,6757
11216,6753
11552,6812
11729,6933
12003,7099
12390,7390
12723,7675
12736,7888
13004,8206
13150,8495
13576,8875
13862,9265
13982,9692
13992,10073
13897,10347
13586,10720
13636,10900
13935,11050
13913,11329
13724,11570
13343,11897
12843,11984
12420,12244
12018,12250
11674,12242
11161,12181
10673,12236
10179,12034
9719,11784
9287,11665
8923,11554
8557,11259
8147,10998
7831,10789
7591,10395
7436,9862
7383,9499
7486,9202
7640,8945
7920,8686
8300,8357
8774,8070
9247,7783
9863,7519
10653,7405
11510,7237
12157,7140
12930,7073
13705,7081
14290,7059
15121,7094
15551,7111
16084,7252
16383,7420
16383,7678
16383,8004
16383,8316
16383,8680
16383,9082
16383,9509
16383,10049
16383,10648
16383,11204
16383,11641
16383,12087
16118,12664
15681,13273
15375,13754
14867,14222
14190,14723
13342,15400
12731,15963
12179,15842
11601,15929
10885,16087
10364,16338
9934,16383
9656,16383
9255,15885
8894,15460
8621,14777
8391,14265
8199,13976
8041,13508
7872,12977
7805,12225
7695,11428
7609,10769
7577,10063
7631,9533
7677,9091
7731,8605
7815,8139
8148,7776
8557,7427
8887,7233
9230,7042
9774,6977
10304,6906
10798,6924
11071,7055
11541,7126
12222,7260
12561,7515
12818,7831
13268,8169
13320,8510
13776,8938
14129,9341
13159,9679
14149,10096
15572,10589
14644,10968
12096,11362
9786,11700
8114,11951
7133,12224
6647,12300
6424,12484
6321,12602
6256,12643
6235,12885
6204,13002
6183,12809
6175,12836
6187,13080
6177,13143
6177,13266
6172,13283
6174,13001
6153,13089
6146,13175
6145,12775
6146,12683
6145,12479
6135,12008
6135,11333
6144,10906
6141,10395
6128,9894
6138,9450
6127,8966
6125,8451
6128,8143
6135,7779
6127,7486
6128,7387
6126,7203
6121,7092
6119,7041
6128,7048
6121,7068
6123,7135
6126,7138
6120,7262
6121,7443
6130,7636
6130,7865
6118,7967
6124,8375
6121,8554
6115,8699
6115,9335
6112,9744
6123,9364
6116,9010
6124,8789
6112,8363
6113,7728
6121,7110
6106,6717
6122,6483
6111,6353
6105,6313
6109,6259
6112,6241
6115,6235
6120,6217
6126,6213
6109,6212
6113,6200
6108,6199
6107,6208
6104,6204
6107,6170
6102,6141
6111,6099
6121,6105
6095,6077
6107,6082
6110,6081
6110,6071
6110,6105
6117,6093
6081,6045
6093,6063
6137,6102
6103,6070
6114,6081
6103,6108
6104,6067
6116,6069
6107,6068
6112,6063
6117,6071
6114,6070
6119,6061
6108,6063
6109,6077
6101,6069
6110,6062
6112,6053
6114,6075
6111,6059
6110,6063
6119,6082
6115,6064
6112,6070
6110,6064
6113,6064
6119,6067
6115,6058
6103,6065
6102,6057
6117,6048
6118,6074
6117,6041
6107,6063
6121,6056
6118,6057
6111,6048
6107,6044
6114,6055
6112,6059
6116,6059
6101,6063
6114,6061
6105,6051
6114,6047
6115,6062
6111,6046
6106,6046
6114,6056
6115,6044
6116,6061
6111,6045
6117,6053
6119,6065
6112,6050
6109,6043
6115,6045
6112,6070
6110,6049
6111,6047
6108,6068
6112,6058
6108,6045
6121,6042
6118,6044
6114,6038
6119,6047
6103,6036
6105,6049
6111,6049
6115,6053
6116,6039
6113,6055
6112,6048
6104,6048
6106,6040
6112,6051
6099,6055
6110,6060
6106,6061
6119,6045
6101,6053
6099,6056
6102,6057
6103,6035
6106,6048
6105,6060
6114,6051
6117,6047
6110,6063
6112,6042
6111,6043
6108,6054
6094,6047
6106,6052
6111,6032
6112,6048
6104,6055
6107,6050
6099,6045
6106,6053
6105,6053
6111,6063
6103,6058
6112,6053
6115,6056
6115,6058
6099,6055
6108,6052
6097,6060
6114,6055
6103,6055
6102,6049
6104,6078
6101,6052
6106,6065
6099,6051
6100,6049
6100,6050
6108,6046
6105,6051
6111,6069
6107,6056
6110,6045
6095,6058
6094,6064
6104,6055
6109,6049
6114,6054
6097,6060
6101,6058
6114,6042
6104,6063
6107,6040
6108,6056
6107,6056
6102,6046
6097,6055
6100,6055
6103,6046
6124,6057
6108,6075
6108,6046
6105,6058
6116,6059
6100,6054
6112,6048
6100,6061
6113,6067
6102,6055
6098,6049
6102,6054
6108,6054
6110,6053
6112,6053
6095,6053
6101,6055
6097,6053
6099,6054
6111,6050
6100,6049
6100,6055
6103,6053
6101,6049
6102,6061
6095,6046
6109,6060
6111,6047
6109,6033
6099,6029
6112,6051
6102,6053
6109,6052
6116,6048
6107,6042
6102,6055
6104,6045
6104,6050
6096,6060
6107,6048
6106,6052
6099,6053
6090,6050
6110,6061
6102,6059
6101,6045
6095,6040
6099,6062
6104,6054
6101,6052
6106,6045
6099,6033
6096,6040
6105,6048
6100,6056
6101,6049
6101,6050
6106,6060
6108,6062
6097,6045
6100,6046
6091,6058
6093,6046
6107,6014
6101,6061
6098,6054
6102,6041
6096,6056
6103,6055
6094,6050
6098,6057
6106,6040
6107,6053
6117,6053
6100,6051
6105,6037
6108,6048
6096,6057
6105,6048
6105,6055
6107,6046
6105,6059
6102,6058
6110,6060
6111,6030
6111,6050
6107,6045
6097,6043
6102,6050
6106,6062
6103,6058
6107,6059
6102,6055
6102,6054
6109,6061
6108,6052
6114,6042
6106,6058
6105,6050
6097,6046
6110,6049
6104,6069
6102,6052
6111,6051
6113,6043
6109,6070
6103,6050
6103,6046
6108,6058
6107,6050
6107,6064
6105,6062
6111,6064
6115,6056
6118,6066
6119,6061
6108,6058
6111,6058
6118,6062
6110,6047
6113,6065
6111,6077
6112,6050
6106,6062
6108,6065
6106,6049
6106,6058
6220,6090
6172,6117
6080,6030
6134,6098
6031,5982
6107,6056
6120,6068
6081,6035
6112,6052
6118,6058
6099,6056
6100,6065
6111,6059
6099,6037
6100,6057
6106,6047
6102,6062
6103,6058
6094,6044
6099,6054
6110,6061
6102,6055
6105,6053
6105,6041
6102,6044
6107,6050
6091,6064
6104,6037
6106,6039
6108,6044
6105,6040
6107,6048
6096,6058
6098,6046
6111,6053
6096,6036
6098,6048
6109,6055
6119,6055
6094,6037
6104,6051
6110,6058
6096,6049
6104,6046
6097,6048
6108,6057
6102,6051
6097,6054
6102,6061
6102,6049
6100,6048
6103,6053
6105,6046
6109,6050
6107,6052
6110,6052
6102,6046
6095,6049
6099,6060
6121,6059
6109,6066
6107,6058
6105,6050
6098,6067
6100,6058
6106,6055
6113,6057
6121,6060
6106,6050
6110,6049
6112,6050
6109,6059
6115,6052
6102,6047
6108,6053
6118,6051
6113,6060
6111,6053
6108,6051
6113,6049
6113,6057
6119,6050
6118,6043
6116,6050
6116,6057
6126,6048
6117,6063
6115,6063
6111,6051
6112,6051
6116,6050
6119,6045
6115,6055
6120,6050
6119,6055
6115,6063
6101,6054
6117,6055
6116,6054
6116,6058
6112,6060
6107,6044
6120,6049
6118,6046
6113,6063
6110,6051
6115,6048
6105,6059
6101,6061
6114,6048
6116,6058
6119,6057
6113,6063
6109,6048
6104,6055
6112,6055
6114,6061
6112,6056
6106,6048
6118,6055
6110,6059
6106,6051
6103,6050
6108,6039
6114,6045
6116,6058
6120,6047
6112,6058
6106,6063
6117,6046
6108,6048
6108,6058
6110,6046
6115,6050
6117,6054
6111,6049
6121,6049
6116,6054
6103,6060
6110,6064
6104,6056
6115,6051
6111,6048
6107,6055
6121,6041
6123,6047
6101,6052
6116,6043
6107,6055
6113,6058
6120,6048
6106,6057
6106,6052
6116,6054
6118,6056
6115,6049
6107,6050
6102,6053
6118,6055
6116,6060
6116,6044
6118,6055
6112,6064
6109,6053
6107,6060
6122,6053
6113,6063
6110,6074
6117,6050
6114,6060
6114,6066
6116,6060
6117,6068
6116,6053
6104,6039
6114,6065
6137,6055
6120,6047
6108,6059
6106,6064
6116,6052
6118,6047
6113,6064
6116,6060
6114,6061
6122,6050
6111,6063
6115,6056
6118,6057
6118,6057
6112,6060
6110,6045
6121,6062
6131,6063
6112,6045
6120,6066
6118,6054
6114,6059
6121,6062
6117,6057
6116,6052
6114,6060
6114,6060
6127,6063
6115,6053
6109,6066
6121,6062
6124,6048
6113,6066
6112,6059
6117,6056
6121,6060
6119,6057
6118,6050
6110,6061
6119,6060
6123,6050
6119,6062
6126,6050
6114,6039
6112,6053
6114,6063
6117,6047
6116,6059
6116,6059
6111,6058
6122,6061
6112,6056
6120,6056
6116,6049
6114,6063
6111,6061
6115,6060
6114,6064
6116,6063
6115,6051
6126,6049
6116,6047
6128,6069
6117,6061
6117,6057
6117,6057
6120,6060
6120,6050
6121,6059
6115,6062
6115,6062
6112,6053
6120,6063
6116,6057
6118,6052
6116,6061
6111,6064
6119,6065
6113,6057
6124,6049
6112,6050
6118,6054
6118,6063
6102,6046
6113,6061
6122,6043
6118,6063
6122,6061
6116,6055
6110,6053
6118,6056
6123,6053
6123,6053
6125,6048
6115,6064
6118,6061
6114,6054
6114,6056
6117,6055
6112,6057
6116,6062
6111,6067
6122,6056
6112,6059
6120,6064
6125,6047
0,31
0,61680
0,0
6115,6053
5605,5575
5600,5570
5605,5582
5603,5573
5603,5580
5600,5572
5599,5568
5602,5579
5830,5760
6386,6320
6334,6314
6279,6309
6296,6324
6299,6316
6294,6319
6316,6314
6289,6320
6299,6351
6287,6349
6304,6362
6311,6348
6306,6338
6307,6321
6291,6313
6301,6343
6296,6321
6283,6313
6284,6324
6319,6327
6304,6324
6292,6330
6295,6332
6300,6349
6292,6351
6304,6351
6331,6346
6309,6346
6301,6343
6305,6361
6298,6335
6308,6354
6305,6331
6307,6365
6300,6332
6281,6332
6285,6319
6292,6320
6305,6339
6289,6355
6309,6326
6306,6344
6324,6321
6300,6324
6310,6334
6316,6313
6325,6318
6315,6310
6298,6331
6294,6323
6299,6339
6299,6336
6311,6300
6298,6311
6284,6336
6307,6325
6316,6304
6311,6335
6303,6324
6312,6322
6322,6330
6314,6330
6303,6290
6307,6323
6299,6319
6291,6306
6303,6328
6296,6316
6301,6323
6322,6318
6311,6339
6309,6283
6299,6326
6291,6318
6280,6328
6283,6338
6301,6324
6290,6314
6302,6311
6315,6324
6298,6312
6293,6315
6290,6338
6288,6351
6286,6342
6290,6340
6300,6328
6288,6351
6305,6323
6313,6327
6293,6303
6287,6322
6284,6339
6293,6332
6303,6324
6320,6296
6315,6324
6317,6325
6300,6337
6305,6355
6318,6322
6312,6360
6292,6356
6292,6312
6285,6333
6275,6325
6312,6336
6329,6339
6293,6322
6305,6346
6289,6338
6295,6321
6326,6333
6313,6306
6321,6322
6306,6313
6289,6320
6280,6325
6300,6311
6300,6296
6285,6316
6281,6300
6281,6290
6361,6345
6225,6295
6244,6264
6317,6392
6278,6358
6283,6337
6278,6365
6298,6324
6317,6335
6287,6352
6293,6347
6289,6335
6292,6332
6278,6316
6292,6325
6293,6337
6285,6336
6294,6321
6298,6315
6291,6325
6297,6360
6294,6369
6292,6331
6304,6317
6306,6339
6304,6304
6283,6326
6282,6313
6300,6324
6275,6339
6300,6330
6297,6336
6299,6332
6292,6355
6303,6309
6287,6327
6297,6349
6291,6315
6285,6340
6284,6344
6298,6321
6292,6341
6299,6332
6287,6359
6308,6363
6282,6368
6296,6347
6279,6348
6296,6337
6312,6343
6283,6328
6274,6320
6273,6320
6287,6345
6304,6338
6306,6354
6300,6341
6303,6350
6284,6356
6274,6348
6296,6359
6285,6331
6283,6338
6281,6356
6294,6360
6311,6363
6301,6369
6284,6383
6291,6377
6276,6351
6279,6366
6273,6350
6280,6361
6262,6358
6257,6341
6265,6344
6264,6346
6276,6349
6279,6343
6294,6360
6289,6333
6272,6378
6272,6350
6272,6364
6249,6353
6271,6375
6277,6379
6274,6390
6263,6361
6281,6378
6276,6342
6273,6353
6286,6362
6278,6359
6279,6357
6257,6346
6290,6357
6279,6367
6293,6386
6266,6383
6266,6349
6261,6383
6277,6352
6275,6357
6282,6364
6266,6359
6267,6372
6265,6372
6266,6411
6283,6405
6257,6376
6261,6395
6252,6383
6253,6385
6264,6374
6236,6343
6241,6350
6258,6360
6268,6342
6259,6372
6266,6375
6254,6385
6264,6365
6262,6380
6291,6350
6263,6346
6260,6358
6255,6362
6263,6362
6259,6350
6272,6362
6256,6380
6248,6353
6249,6352
6252,6389
6249,6367
6244,6382
6242,6396
6263,6359
6254,6350
6241,6331
6237,6358
6258,6371
6262,6358
6257,6390
6250,6402
6254,6411
6249,6405
6250,6404
6266,6421
6244,6432
6233,6367
6247,6388
6233,6392
6247,6374
6242,6388
6241,6374
6246,6360
6243,6380
6238,6368
6262,6377
6246,6383
6235,6375
6249,6375
6246,6393
6237,6397
6248,6386
6244,6399
6268,6369
6261,6400
6268,6393
6247,6374
6228,6340
6228,6349
6232,6319
6238,6364
6256,6384
6256,6387
6233,6395
6236,6373
6238,6401
6249,6410
6255,6409
6249,6416
6246,6397
6235,6381
6240,6385
6229,6396
6241,6411
6248,6387
6236,6409
6231,6421
6249,6421
6245,6422
6255,6406
6244,6381
6237,6392
6245,6404
6246,6392
6236,6401
6246,6408
6247,6383
6247,6380
6248,6387
6240,6369
6247,6400
6225,6396
6239,6363
6243,6376
6250,6382
6270,6399
6246,6398
6231,6377
6233,6354
6232,6354
6232,6360
6225,6344
6228,6354
6245,6344
6245,6355
6243,6355
6237,6394
6250,6378
6241,6368
6229,6378
6238,6385
6244,6375
6238,6382
6246,6374
6244,6377
6234,6367
6244,6393
6237,6395
6236,6398
6251,6371
6258,6376
6238,6399
6232,6411
6237,6409
6238,6379
6228,6412
6241,6445
6230,6403
6224,6436
6231,6403
6239,6385
6219,6391
6230,6393
6235,6369
6242,6387
6231,6407
6235,6390
6235,6409
6233,6412
6237,6405
6217,6385
6224,6364
6230,6401
6228,6400
6220,6375
6240,6386
6237,6361
6237,6355
6230,6345
6228,6369
6229,6362
6222,6366
6233,6379
6230,6417
6194,6406
6206,6426
6125,6298
6213,6376
6290,6451
6123,6429
6231,6373
6218,6360
6240,6425
6240,6428
6213,6392
6231,6395
6239,6380
6227,6374
6231,6348
6211,6372
6229,6377
6249,6353
6233,6349
6232,6366
6239,6395
6232,6407
6227,6424
6234,6378
6239,6409
6231,6388
6234,6384
6229,6398
6227,6405
6227,6412
6232,6421
6234,6443
6232,6438
6228,6431
6235,6433
6216,6439
6204,6433
6233,6423
6225,6401
6234,6384
6223,6386
6226,6372
6226,6378
6224,6378
6222,6387
6224,6405
6224,6379
6224,6402
6233,6386
6231,6380
6231,6409
6227,6415
6235,6399
6231,6399
6226,6386
6223,6356
6213,6388
6231,6383
6223,6395
6230,6372
6216,6393
6233,6391
6231,6388
6226,6383
6232,6352
6228,6379
6236,6369
6240,6382
6243,6367
6245,6367
6231,6378
6232,6393
6240,6413
6240,6402
6235,6395
6235,6386
6224,6364
6226,6405
6222,6383
6227,6380
6230,6358
6231,6374
6231,6364
6241,6370
6240,6358
6227,6368
6233,6361
6227,6375
6229,6347
6225,6355
6234,6361
6241,6357
6229,6382
6232,6376
6235,6389
6231,6378
6240,6360
6237,6369
6231,6374
6227,6353
6236,6364
6245,6336
6241,6353
6228,6393
6231,6370
6232,6375
6232,6378
6237,6351
6230,6378
6231,6370
6244,6370
6236,6389
6238,6367
6233,6372
6226,6362
6237,6365
6233,6378
6224,6349
6241,6351
6250,6345
6221,6350
6230,6360
6242,6358
6241,6382
6232,6387
6256,6392
6239,6383
6231,6382
6232,6363
6218,6341
6231,6345
6240,6323
6224,6321
6243,6321
6241,6351
6223,6345
6237,6361
6232,6347
6241,6338
6256,6345
6249,6343
6243,6320
6240,6338
6239,6323
6232,6334
6240,6332
6227,6372
6237,6358
6237,6347
6228,6345
6230,6329
6243,6337
6235,6356
6241,6396
6222,6346
6229,6343
6217,6380
6236,6356
6238,6375
6249,6368
6239,6338
6249,6340
6256,6359
6249,6346
6247,6364
6232,6351
6236,6327
6239,6339
6245,6345
6240,6346
6253,6311
6251,6335
6258,6321
6264,6307
6263,6306
6258,6314
6262,6322
6269,6326
6271,6334
6273,6320
6293,6344
6283,6354
6291,6345
6299,6324
6290,6310
6309,6347
6327,6330
6350,6338
6334,6344
6353,6340
6342,6347
6379,6323
6409,6320
6428,6327
6454,6351
6501,6330
6540,6337
6587,6355
6620,6341
6694,6341
6759,6338
6812,6342
6920,6356
7002,6368
7157,6366
7247,6346
7314,6324
7393,6369
7485,6348
7602,6336
7761,6347
7935,6353
8261,6355
8610,6372
9005,6366
9307,6364
9584,6354
9647,6368
9746,6378
9628,6382
9592,6385
9577,6388
9602,6385
9741,6393
9793,6399
9812,6425
9668,6422
9520,6422
9238,6460
9046,6480
8788,6510
8644,6525
8471,6545
8315,6610
8125,6654
7909,6720
7743,6782
7562,6843
7396,6903
7272,6988
7173,7091
7039,7127
6936,7217
6850,7325
6774,7376
6723,7424
6752,7464
6825,7434
6995,7428
7194,7415
7464,7311
7707,7291
8110,7194
8385,7105
8591,6982
8785,6882
9001,6746
9230,6646
9512,6605
9766,6602
10018,6648
10247,6712
10439,6756
10450,6839
10470,6913
10497,7065
10540,7225
10465,7363
10544,7523
10535,7697
10615,7704
10611,7934
10566,8193
10444,8408
10289,8660
10026,8809
9643,8972
9376,9194
9134,9329
8873,9521
8598,9753
8394,10029
8122,10087
7917,10194
7686,10130
7423,10154
7288,10147
7089,10138
6919,10034
6841,9854
6790,9586
6783,9264
6763,9007
6812,8863
6915,8610
7022,8300
7216,8070
7352,7891
7547,7702
7698,7506
7901,7378
8171,7318
8332,7118
8593,7004
8905,6926
9236,6839
9553,6776
9929,6794
10277,6781
10632,6808
10913,6904
11355,6969
11615,7085
11853,7236
12166,7340
12226,7478
12356,7638
12397,7794
12491,7936
12472,8136
12489,8363
12403,8530
12307,8743
12233,8924
12138,9040
11849,9085
11563,9058
11101,9172
10800,9260
10396,9315
10013,9209
9680,9168
9360,9099
8868,9024
8514,8967
8182,8914
7870,8808
7585,8647
7333,8519
7176,8392
7054,8239
6955,8131
6857,8005
6921,7833
6933,7667
7063,7502
7258,7338
7432,7229
7731,7126
7994,6953
8246,6865
8636,6775
8944,6695
9377,6676
9791,6652
10168,6662
10629,6687
11091,6788
11177,6885
11528,7041
11962,7196
12500,7382
12584,7593
12730,7846
13092,8202
13317,8446
13595,8782
13736,9155
13795,9332
13505,9530
13237,9740
12931,10060
12855,10351
12554,10499
12113,10815
11878,10973
11372,10905
11024,10961
10483,11001
10006,10977
9515,10994
9081,10943
8720,10844
8318,10704
7951,10688
7644,10491
7405,10387
7207,10062
7058,9774
6930,9474
6871,9313
6846,9086
6859,8884
6969,8615
7090,8354
7187,8085
7440,7868
7669,7602
7996,7409
8403,7223
8706,7053
9127,6922
9401,6820
9781,6732
10098,6710
10462,6711
10676,6752
10936,6831
11077,6967
11318,7163
11667,7376
11657,7702
11820,8003
11776,8282
11627,8606
11382,8940
11397,9096
11413,9417
11349,9719
11193,9953
11065,10376
10962,10624
10791,10831
10511,11125
10165,11169
9935,11338
9518,11432
9210,11774
8947,11653
8685,11610
8488,11619
8251,11463
8029,11420
7841,11352
7602,11171
7380,10914
7172,10521
7027,10207
6910,10040
6798,9755
6775,9347
6765,9071
6801,8681
6878,8366
6954,8047
7091,7834
7203,7573
7462,7289
7728,7135
7960,7052
8175,6914
8528,6848
8738,6780
9074,6719
9562,6673
9897,6677
10260,6689
10529,6720
10805,6849
11078,6952
11281,7116
11533,7265
11735,7457
11954,7647
11987,7813
12115,8083
12204,8309
12173,8505
12261,8689
12189,8855
12144,9097
11909,9276
11696,9478
11505,9533
11233,9759
10926,9888
10604,9950
10213,10006
9836,10127
9603,10089
9275,10042
8950,9965
8621,9991
8298,9843
8018,9663
7732,9546
7472,9439
7236,9279
7105,9161
6973,8883
6894,8752
6885,8527
6859,8309
6857,8065
6896,7877
6995,7753
7087,7540
7145,7371
7270,7197
7485,7088
7710,7033
7905,6950
8046,6839
8201,6713
8393,6729
8645,6658
8900,6679
9249,6726
9458,6801
9584,6919
9625,7070
9818,7202
9897,7323
9986,7552
9958,7820
9956,8019
10002,8274
10041,8497
9996,8770
10082,9019
9995,9258
9827,9531
9713,9781
9590,9904
9490,10076
9372,10192
9193,10326
8929,10370
8665,10436
8505,10500
8304,10372
8127,10296
7837,10224
7570,10058
7374,9951
6817,10184
6965,9631
6774,9383
6813,9318
6748,9064
6639,8813
6714,8599
6725,8399
6787,8154
6821,7879
7019,7644
7191,7422
7411,7281
7717,7096
7891,6926
8136,6824
8362,6774
8645,6718
8863,6684
9198,6605
9375,6600
9682,6608
9973,6644
10226,6635
10329,6721
10420,6817
10490,6913
10575,7024
10669,7126
10735,7346
10644,7472
10567,7725
10296,7899
10137,8089
10074,8241
9895,8413
9695,8639
9584,8905
9537,9073
9289,9220
9124,9288
8864,9360
8645,9452
8329,9474
8153,9524
7883,9574
7668,9578
7473,9502
7276,9393
7190,9270
7060,9220
6904,9087
6778,8870
6647,8639
6634,8451
6621,8233
6607,8021
6612,7846
6636,7609
6699,7360
6828,7212
6930,7074
7045,6940
7204,6778
7382,6668
7604,6573
7820,6548
8041,6509
8159,6527
8415,6547
8673,6573
8992,6636
9243,6721
9434,6838
9704,6905
10021,7023
10290,7127
10577,7299
10899,7455
11073,7641
11225,7798
11375,7992
11588,8169
11546,8298
11574,8430
11698,8599
11672,8635
11591,8821
11427,8911
11185,9001
11049,9072
10749,8985
10376,9095
10130,9155
9770,9256
9414,9230
9070,9178
8843,9159
8469,9129
8183,9000
7850,8902
7552,8828
7291,8676
7120,8567
7022,8462
6915,8302
6844,8226
6801,8092
6862,7953
6941,7759
7035,7650
7178,7555
7395,7400
7602,7223
7904,7075
8237,6929
8637,6871
8975,6751
9316,6625
9623,6589
9909,6593
10195,6632
10348,6669
10682,6712
10857,6767
11129,6886
11155,7049
11314,7194
11528,7405
11774,7633
12058,7911
12129,8114
11940,8404
11716,8741
11339,9036
11088,9252
10973,9575
10833,9988
10546,10204
10409,10336
10305,10547
10047,10799
9912,10857
9578,10911
9176,11057
8821,11218
8580,11152
8268,11056
8015,11021
7767,10791
7547,10543
7335,10304
7143,10206
7066,10020
7006,9739
6992,9426
6932,9199
6941,8925
6984,8719
7080,8354
7253,8079
7437,7823
7669,7523
7891,7332
8097,7169
8195,7092
8441,6968
8627,6852
8934,6762
9121,6753
9467,6772
9728,6789
10033,6844
10149,6949
10455,7034
10709,7182
11106,7339
11220,7516
11240,7695
11209,7954
11162,8260
11083,8527
11034,8735
11080,8974
10917,9167
10645,9411
10354,9737
10070,9989
9993,10111
9619,10076
9305,10213
9008,10324
8640,10379
8258,10424
8041,10381
7857,10312
7625,10291
7376,10226
7217,9945
7064,9728
6959,9545
6861,9313
6820,9167
6757,8972
6756,8657
6728,8476
6745,8275
6836,8023
6912,7871
7047,7765
7116,7570
7230,7370
7386,7205
7501,7063
7710,6885
7880,6775
8038,6674
8174,6622
8285,6600
8477,6626
8585,6649
8775,6706
8941,6779
9097,6898
9241,7030
9231,7137
9394,7335
9447,7524
9720,7708
9775,7938
9898,8019
9910,8148
10071,8283
9994,8410
10003,8596
9920,8666
9808,8792
9708,8960
9498,9056
9278,9035
9067,8957
8837,8921
8563,8946
8375,8908
8108,8850
7875,8852
7715,8713
7460,8602
7275,8562
7120,8517
6983,8361
6827,8128
6758,7988
6701,7897
6663,7787
6624,7631
6661,7518
6687,7445
6769,7302
6862,7180
6970,7103
7053,7026
7217,6926
7388,6845
7523,6777
7701,6684
7796,6509
8033,6692
8197,6545
8325,6532
8561,6538
8727,6645
8888,6654
9057,6737
9219,6843
9312,6973
9422,7136
9478,7317
9649,7505
9738,7612
9918,7794
9929,7993
10059,8194
10033,8348
9954,8533
10029,8675
9944,8665
9921,8798
9776,8872
9579,8989
9458,9022
9271,9031
8989,9031
8767,9041
8576,9049
8386,8911
8112,8814
7961,8696
7765,8543
7540,8452
7380,8284
7221,8198
7045,8069
6943,7932
6889,7810
6825,7689
6888,7524
6968,7411
7082,7285
7297,7153
7557,7042
7840,6994
8115,6868
8550,6790
9116,6703
9564,6649
10184,6609
10780,6587
11397,6576
11992,6586
12565,6604
13264,6696
13749,6735
14008,6849
14398,6973
14889,7137
15144,7272
15341,7470
15674,7694
15775,7919
15952,8182
15850,8461
15686,8767
15685,9012
15461,9262
15058,9433
14335,9681
13792,9810
13125,10148
12679,10486
12346,10673
11890,10679
11278,10918
10581,11012
10115,11212
9674,11276
9289,11363
8878,11487
8436,11511
8029,11233
7769,11022
7463,10907
7369,10630
7181,10228
7190,10150
7140,9797
7198,9509
7270,9162
7491,8855
7610,8551
7882,8249
8151,7899
8365,7522
8754,7372
9026,7180
9447,6954
9862,6861
10364,6775
10719,6733
11172,6789
11522,6811
11788,6933
12086,7101
12372,7404
12633,7644
12706,7910
12965,8200
13210,8505
13552,8846
13903,9273
14025,9697
14064,10039
13870,10353
13665,10669
13672,10861
13950,11067
13965,11355
13619,11639
13302,11930
12877,12005
12394,12182
12018,12302
11647,12166
11143,12213
10657,12221
10138,11933
9676,11764
9300,11679
8941,11545
8547,11249
8151,11009
7793,10793
7559,10325
7417,9873
7406,9496
7473,9199
7611,8977
7906,8691
8255,8346
8800,8071
9267,7737
9857,7564
10664,7425
11494,7268
12169,7130
12860,7066
13579,7053
14358,7059
15031,7065
15448,7136
16101,7238
16383,7409
16383,7627
16383,7956
16383,8291
16383,8655
16383,9037
16383,9470
16383,10045
16383,10608
16383,11232
16383,11610
16334,12087
16103,12624
15679,13161
15429,13732
14909,14250
14219,14744
13376,15385
12677,15893
12252,15805
11638,16019
10849,16071
10314,16314
9902,16383
9628,16368
9230,15965
8879,15458
8622,14845
8434,14270
8235,13957
8031,13580
7883,12966
7791,12236
7701,11469
7592,10729
7569,10070
7571,9499
7644,9105
7761,8608
7832,8141
8119,7773
8569,7449
8864,7218
9286,7053
9697,6976
10269,6922
10708,6914
11040,7042
11564,7158
12191,7295
12552,7496
12722,7817
13203,8142
13312,8475
13881,8972
14088,9294
13116,9595
14121,10111
15525,10552
14548,10989
12043,11323
9824,11685
8116,11977
7142,12229
6667,12342
6417,12469
6319,12618
6257,12659
6224,12804
6202,13037
6180,12813
6168,12721
6182,13041
6175,13214
6198,13254
6174,13259
6174,13076
6164,13144
6149,13078
6146,12769
6143,12697
6151,12483
6134,11967
6133,11410
6133,10851
6134,10418
6126,9926
6142,9443
6137,9002
6133,8464
6143,8149
6127,7765
6132,7498
6119,7389
6129,7234
6129,7095
6124,7026
6133,7075
6122,7072
6124,7141
6120,7130
6117,7265
6120,7411
6132,7648
6126,7861
6121,7942
6127,8403
6113,8507
6118,8713
6111,9346
6113,9743
6130,9328
6189,9091
6127,8850
6034,8272
6092,7681
6071,7089
6096,6715
6090,6406
6106,6362
6104,6297
6121,6271
6114,6244
6103,6243
6120,6232
6110,6228
6109,6214
6109,6207
6101,6187
6115,6208
6106,6194
6110,6152
6096,6140
6113,6119
6114,6094
6094,6073
6112,6082
6109,6072
6107,6083
6108,6081
6104,6073
6111,6074
6097,6072
6098,6078
6108,6073
6115,6076
6112,6066
6116,6076
6110,6071
6110,6077
6107,6072
6099,6074
6112,6073
6117,6070
6111,6066
6108,6074
6110,6072
6102,6062
6112,6060
6099,6058
6111,6073
6117,6059
6106,6063
6115,6070
6114,6070
6105,6069
6119,6061
6112,6059
6114,6047
6111,6059
6095,6067
6120,6058
6115,6065
6121,6047
6105,6063
6120,6060
6108,6055
6111,6050
6118,6049
6114,6049
6117,6061
6126,6060
6110,6043
6112,6060
6109,6049
6121,6055
6108,6041
6106,6045
6109,6033
6116,6053
6105,6055
6104,6059
6110,6055
6112,6049
6103,6053
6113,6036
6111,6040
6113,6044
6108,6074
6103,6054
6113,6055
6114,6066
6109,6051
6107,6041
6115,6053
6113,6055
6111,6042
6112,6046
6103,6049
6107,6054
6117,6040
6110,6052
6110,6039
6112,6053
6112,6059
6104,6030
6108,6051
6108,6048
6098,6052
6106,6048
6117,6048
6113,6048
6103,6061
6103,6053
6108,6057
6101,6054
6101,6048
6107,6063
6101,6054
6114,6047
6112,6061
6114,6032
6104,6053
6108,6060
6101,6046
6097,6053
6109,6057
6109,6045
6101,6072
6098,6040
6105,6049
6103,6056
6105,6062
6107,6066
6098,6061
6103,6061
6111,6050
6118,6050
6107,6059
6107,6052
6096,6059
6108,6061
6111,6051
6105,6047
6106,6061
6101,6055
6109,6054
6100,6041
6089,6052
6098,6058
6103,6046
6112,6055
6109,6052
6108,6050
6102,6054
6102,6048
6101,6049
6107,6042
6107,6055
6107,6053
6097,6054
6099,6049
6107,6042
6117,6053
6104,6050
6102,6038
6107,6054
6101,6049
6102,6050
6098,6055
6103,6045
6099,6047
6114,6054
6109,6042
6097,6050
6115,6057
6104,6049
6107,6060
6111,6063
6111,6051
6101,6051
6100,6042
6102,6042
6107,6050
6107,6061
6109,6054
6099,6046
6098,6059
6099,6047
6099,6031
6114,6059
6107,6040
6096,6085
6099,6073
6104,6045
6103,6054
6099,6048
6098,6048
6108,6056
6106,6045
6098,6046
6118,6050
6101,6052
6102,6049
6113,6049
6104,6061
6101,6041
6095,6050
6101,6050
6101,6049
6104,6043
6100,6052
6096,6063
6098,6052
6101,6057
6098,6051
6097,6054
6109,6046
6102,6058
6097,6059
6097,6041
6101,6048
6109,6059
6096,6040
6099,6047
6097,6054
6092,6041
6098,6051
6098,6062
6101,6056
6098,6047
6108,6036
6086,6031
6098,6058
6107,6054
6097,6060
6093,6056
6103,6053
6093,6056
6101,6025
6097,6058
6096,6056
6107,6053
6104,6048
6114,6060
6102,6054
6100,6047
6105,6058
6102,6046
6100,6051
6107,6045
6101,6053
6102,6043
6105,6066
6101,6060
6107,6052
6109,6037
6109,6048
6103,6052
6097,6049
6107,6056
6108,6046
6106,6053
6105,6055
6091,6045
6104,6052
6115,6039
6096,6051
6099,6055
6014,6009
6064,6015
6154,6104
6044,6008
6067,6032
6115,6048
6101,6048
6096,6051
6101,6033
6103,6064
6114,6065
6108,6062
6111,6065
6098,6054
6107,6052
6115,6052
6106,6052
6120,6051
6105,6045
6112,6064
6118,6068
6104,6050
6110,6056
6114,6060
6106,6042
6102,6061
6112,6064
6108,6050
6112,6046
6104,6061
6110,6056
6102,6053
6105,6052
6125,6060
6098,6058
6108,6046
6110,6051
6107,6053
6109,6059
6106,6049
6105,6046
6098,6050
6104,6042
6100,6042
6108,6051
6109,6056
6104,6063
6097,6044
6112,6059
6112,6059
6101,6054
6098,6035
6110,6042
6107,6050
6107,6053
6103,6056
6107,6048
6103,6058
6100,6040
6111,6056
6104,6056
6104,6065
6102,6036
6095,6047
6109,6049
6102,6058
6112,6057
6114,6049
6099,6044
6104,6061
6106,6043
6104,6052
6103,6047
6099,6053
6107,6055
6102,6052
6103,6043
6103,6046
6102,6052
6098,6051
6103,6046
6105,6050
6103,6049
6120,6059
6101,6051
6100,6046
6097,6039
6104,6061
6104,6063
6105,6058
6110,6062
6101,6046
6105,6061
6106,6058
6104,6056
6113,6054
6119,6056
6104,6050
6112,6058
6112,6056
6112,6054
6117,6057
6107,6055
6108,6057
6117,6051
6113,6054
6110,6047
6119,6061
6110,6063
6117,6053
6121,6048
6119,6043
6111,6036
6121,6059
6119,6054
6110,6050
6112,6032
6112,6048
6103,6050
6106,6048
6114,6052
6113,6068
6121,6050
6111,6066
6114,6055
6105,6054
6110,6064
6108,6054
6110,6052
6111,6059
6102,6044
6107,6061
6112,6061
6110,6048
6107,6047
6102,6052
6112,6050
6103,6042
6114,6047
6115,6057
6108,6058
6110,6058
6113,6064
6104,6033
6111,6043
6124,6065
6112,6057
6110,6050
6104,6055
6108,6057
6108,6061
6103,6055
6110,6059
6114,6044
6114,6054
6115,6057
6108,6053
6115,6045
6108,6049
6106,6041
6118,6051
6115,6058
6113,6042
6109,6054
6104,6046
6118,6037
6118,6053
6108,6049
6106,6051
6110,6052
6107,6037
6117,6058
6109,6039
6111,6045
6118,6054
6104,6039
6117,6044
6105,6055
6105,6064
6114,6059
6111,6054
6095,6048
6118,6051
6110,6054
6113,6054
6106,6051
6102,6041
6117,6059
6114,6065
6109,6055
6108,6042
6110,6053
6110,6044
6127,6052
6117,6060
6117,6055
6123,6054
6117,6055
6110,6058
6115,6064
6116,6058
6116,6061
6113,6041
6101,6052
6120,6056
6122,6056
6102,6056
6106,6066
6111,6055
6118,6050
6122,6051
6108,6048
6123,6051
6119,6062
6120,6054
6108,6053
6116,6053
6110,6062
6120,6047
6108,6060
6109,6061
6123,6060
6125,6049
6117,6053
6125,6049
6110,6055
6123,6046
6118,6062
6115,6053
6114,6060
6119,6054
6120,6052
6120,6052
6111,6060
6114,6049
6118,6056
6112,6063
6111,6064
6115,6048
6116,6052
6121,6062
6117,6049
6114,6053
6116,6051
6112,6054
6125,6056
6117,6058
6117,6052
6128,6044
6118,6055
6116,6063
6115,6056
6116,6063
6121,6064
6121,6064
6112,6054
6121,6052
6119,6058
6124,6051
6112,6061
6122,6054
6111,6060
6113,6054
6128,6055
6117,6058
6112,6071
6118,6061
6112,6056
6119,6052
6115,6054
6113,6047
6118,6057
6120,6050
6120,6053
6120,6056
6116,6058
6116,6058
6108,6058
6116,6048
6118,6025
6115,6066
6119,6056
6123,6053
6121,6064
6123,6055
6112,6064
6112,6048
6116,6061
6117,6056
6122,6061
6112,6063
6110,6063
6118,6049
6117,6063
6115,6056
6122,6061
6116,6063
6115,6065
6115,6065
6111,6060
6117,6054
6118,6052
6118,6054
6110,6063
6113,6050
6118,6060
6112,6052
6122,6064
6121,6064
6119,6056
6115,6062
0,34
0,61680
0,0
6118,6054
5605,5579
5594,5580
5607,5586
5595,5583
5600,5578
5599,5587
5605,5582
5602,5589
5827,5765
6369,6314
6314,6319
6282,6326
6291,6326
6294,6320
6297,6336
6321,6325
6298,6328
6294,6348
6288,6368
6309,6350
6305,6353
6301,6318
6314,6338
6311,6327
6295,6337
6297,6330
6289,6318
6294,6330
6302,6325
6322,6338
6300,6331
6286,6305
6297,6340
6291,6351
6317,6342
6324,6351
6312,6332
6303,6348
6304,6345
6297,6346
6291,6351
6292,6344
6313,6352
6310,6328
6297,6330
6278,6319
6298,6317
6310,6339
6301,6341
6295,6337
6306,6328
6317,6328
6312,6323
6314,6327
6327,6330
6315,6322
6308,6308
6290,6313
6295,6336
6292,6340
6301,6335
6302,6321
6296,6313
6280,6339
6310,6338
6313,6320
6298,6321
6310,6346
6326,6342
6306,6342
6312,6317
6295,6339
6299,6343
6299,6320
6297,6324
6288,6348
6291,6324
6307,6318
6313,6337
6311,6355
6305,6342
6292,6313
6294,6319
6287,6340
6283,6327
6311,6310
6294,6303
6301,6320
6303,6325
6305,6321
6307,6313
6294,6339
6283,6336
6288,6337
6294,6324
6293,6336
6283,6335
6300,6349
6303,6320
6297,6312
6288,6316
6280,6318
6290,6333
6312,6337
6306,6308
6314,6325
6532,6550
6304,6348
6319,6379
6386,6406
6241,6301
6282,6350
6300,6337
6300,6351
6293,6332
6299,6298
6309,6350
6298,6320
6296,6352
6278,6345
6301,6375
6315,6342
6302,6311
6317,6326
6305,6311
6286,6311
6288,6333
6300,6317
6296,6298
6288,6321
6279,6315
6292,6308
6319,6295
6308,6308
6303,6323
6289,6316
6274,6337
6278,6324
6268,6370
6321,6346
6300,6344
6292,6356
6289,6345
6290,6336
6287,6335
6278,6308
6294,6320
6307,6320
6289,6331
6286,6324
6312,6323
6283,6332
6307,6348
6295,6347
6299,6337
6303,6321
6314,6325
6303,6304
6296,6333
6278,6324
6293,6314
6284,6339
6303,6322
6294,6354
6301,6345
6289,6345
6306,6320
6281,6342
6282,6349
6300,6320
6295,6337
6294,6352
6292,6326
6287,6343
6285,6331
6294,6340
6293,6362
6291,6342
6289,6350
6294,6337
6296,6325
6315,6334
6284,6336
6272,6334
6263,6334
6280,6341
6308,6340
6311,6353
6306,6329
6277,6339
6279,6352
6283,6360
6298,6341
6280,6329
6280,6335
6273,6356
6302,6358
6309,6352
6294,6384
6285,6383
6279,6367
6285,6356
6299,6371
6293,6355
6277,6374
6252,6344
6271,6357
6272,6329
6259,6348
6256,6372
6278,6355
6289,6384
6287,6354
6275,6336
6266,6358
6283,6355
6257,6336
6263,6358
6272,6380
6276,6393
6259,6356
6264,6356
6270,6334
6271,6367
6285,6344
6288,6365
6270,6366
6271,6365
6287,6353
6281,6382
6304,6376
6268,6372
6262,6332
6263,6381
6277,6362
6276,6380
6283,6379
6266,6377
6259,6350
6264,6363
6275,6399
6276,6412
6266,6396
6242,6407
6258,6386
6255,6401
6266,6370
6235,6332
6243,6363
6254,6353
6275,6350
6268,6368
6263,6400
6261,6391
6268,6380
6276,6389
6280,6343
6267,6353
6253,6371
6248,6375
6249,6356
6267,6365
6266,6367
6252,6370
6249,6353
6250,6337
6250,6391
6248,6362
6244,6376
6257,6369
6266,6360
6255,6342
6247,6351
6243,6382
6250,6392
6257,6377
6251,6366
6242,6393
6231,6413
6244,6409
6256,6401
6256,6415
6247,6392
6236,6395
6241,6390
6240,6393
6246,6382
6248,6394
6232,6380
6212,6367
6236,6386
6247,6382
6244,6369
6234,6370
6239,6381
6233,6366
6243,6412
6251,6391
6246,6391
6240,6389
6252,6386
6255,6374
6261,6384
6246,6366
6244,6340
6231,6346
6237,6332
6233,6367
6247,6392
6237,6387
6239,6382
6242,6366
6244,6396
6240,6426
6252,6419
6247,6417
6244,6395
6242,6385
6236,6375
6234,6399
6235,6397
6241,6399
6231,6404
6233,6419
6229,6430
6234,6423
6254,6395
6240,6391
6225,6375
6234,6375
6256,6400
6252,6383
6249,6390
6242,6379
6261,6364
6254,6399
6246,6361
6237,6397
6238,6394
6258,6370
6241,6391
6252,6396
6252,6401
6220,6412
6234,6372
6248,6372
6241,6367
6223,6363
6233,6335
6244,6368
6246,6335
6225,6353
6240,6352
6236,6400
6239,6365
6232,6382
6233,6391
6234,6380
6231,6396
6240,6364
6238,6385
6231,6373
6222,6376
6227,6379
6238,6405
6241,6400
6246,6399
6244,6394
6236,6364
6231,6411
6240,6412
6258,6394
6230,6420
6200,6417
6229,6415
6220,6434
6209,6400
6215,6388
6213,6360
6224,6373
6217,6367
6228,6401
6231,6406
6225,6409
6241,6395
6240,6394
6243,6427
6219,6392
6219,6386
6238,6399
6229,6393
6224,6375
6226,6391
6232,6386
6227,6360
6230,6339
6225,6377
6236,6354
6219,6388
6249,6383
6231,6403
6226,6401
6226,6424
6233,6401
6218,6403
6211,6385
6226,6386
6223,6374
6209,6417
6240,6421
6236,6397
6216,6401
6224,6405
6234,6366
6219,6385
6225,6344
6210,6353
6222,6352
6231,6370
6230,6362
6246,6359
6225,6388
6224,6398
6234,6413
6241,6390
6231,6413
6240,6367
6232,6385
6223,6390
6225,6415
6224,6403
6222,6415
6232,6449
6240,6447
6227,6422
6228,6457
6213,6420
6218,6432
6223,6413
6225,6405
6245,6387
6228,6379
6211,6380
6223,6374
6228,6380
6231,6389
6224,6391
6217,6370
6229,6395
6230,6395
6231,6400
6222,6399
6218,6419
6228,6422
6223,6427
6229,6370
6235,6360
6225,6390
6226,6376
6230,6389
6225,6385
6228,6389
6225,6403
6226,6393
6233,6398
6238,6346
6228,6383
6233,6370
6231,6375
6236,6367
6243,6366
6224,6365
6239,6388
6239,6401
6235,6415
6227,6388
6226,6367
6221,6351
6225,6402
6223,6388
6217,6394
6229,6379
6231,6366
6225,6368
6237,6348
6227,6351
6227,6369
6233,6362
6240,6372
6239,6351
6239,6368
6229,6357
6236,6391
6239,6383
6242,6398
6245,6377
6246,6367
6242,6352
6236,6376
6235,6369
6239,6361
6241,6363
6234,6346
6239,6367
6231,6387
6244,6374
6231,6386
6231,6374
6233,6360
6236,6355
6240,6352
6235,6384
6241,6398
6234,6389
6237,6373
6229,6359
6236,6363
6244,6361
6233,6354
6240,6384
6247,6345
6235,6353
6230,6358
6243,6363
6231,6396
6218,6373
6237,6393
6240,6396
6240,6373
6237,6369
6230,6319
6239,6331
6241,6329
6227,6333
6237,6345
6230,6351
6230,6337
6225,6361
6234,6353
6237,6332
6243,6354
6243,6328
6245,6318
6231,6309
6227,6331
6233,6325
6240,6349
6236,6341
6221,6343
6232,6336
6238,6338
6230,6308
6231,6321
6229,6334
6245,6341
6239,6348
6244,6346
6232,6365
6230,6368
6226,6374
6235,6376
6248,6349
6244,6352
6258,6363
6239,6348
6237,6343
6235,6343
6237,6320
6238,6337
6248,6337
6247,6335
6257,6320
6249,6322
6256,6324
6252,6326
6257,6316
6242,6320
6260,6329
6271,6327
6271,6330
6279,6320
6273,6333
6287,6352
6288,6324
6297,6339
6295,6315
6321,6340
6330,6322
6350,6340
6351,6328
6355,6365
6371,6335
6403,6322
6394,6322
6436,6328
6457,6326
6488,6356
6535,6343
6589,6369
6633,6323
6707,6345
6770,6349
6832,6357
6897,6379
6978,6353
7111,6351
7237,6351
7308,6330
7427,6351
7485,6350
7606,6339
7740,6340
7939,6365
8254,6346
8573,6355
8995,6377
9282,6377
9643,6359
9723,6358
9785,6364
9629,6387
9570,6387
9604,6388
9566,6408
9731,6384
9864,6391
9803,6409
9693,6414
9571,6423
9299,6450
9019,6486
8817,6510
8621,6537
8465,6581
8361,6603
8132,6661
7945,6712
7730,6791
7589,6845
7383,6968
7272,6968
7163,7078
7159,7214
6906,7443
6815,7290
6778,7273
6772,7436
6766,7474
6803,7447
6984,7448
7168,7419
7445,7327
7753,7274
8107,7210
8376,7105
8562,7002
8743,6891
8978,6728
9264,6675
9551,6606
9781,6623
9985,6639
10219,6711
10409,6751
10437,6860
10472,6911
10544,7098
10513,7212
10468,7345
10538,7509
10467,7621
10648,7678
10643,7923
10493,8207
10455,8454
10235,8674
10045,8848
9702,9017
9306,9206
9111,9331
8882,9530
8617,9723
8419,9952
8135,10113
7888,10137
7698,10110
7435,10117
7268,10184
7083,10132
6927,10063
6827,9856
6793,9599
6808,9296
6783,8938
6853,8882
6930,8609
7034,8313
7190,8110
7381,7867
7533,7689
7661,7502
7891,7388
8142,7296
8325,7134
8546,6987
8901,6921
9246,6850
9556,6773
9866,6793
10282,6799
10631,6814
10965,6897
11292,6973
11654,7119
11890,7222
12117,7389
12265,7423
12275,7651
12366,7780
12485,7941
12527,8141
12550,8314
12359,8547
12273,8759
12198,8878
12101,9054
11860,9086
11478,9063
11108,9146
10802,9250
10392,9297
10030,9195
9769,9152
9378,9112
8947,9054
8498,8919
8175,8919
7832,8812
7584,8632
7347,8522
7144,8384
7033,8239
6911,8108
6878,8006
6884,7853
6930,7682
7057,7500
7225,7371
7421,7207
7749,7103
8016,6959
8271,6828
8671,6746
8971,6700
9382,6661
9826,6640
10117,6667
10494,6694
11063,6774
11170,6889
11572,7027
12014,7185
12461,7379
12464,7587
12771,7871
13031,8203
13227,8419
13510,8805
13735,9152
13777,9357
13552,9542
13059,9721
12950,10062
12801,10330
12514,10509
12139,10757
11797,11021
11424,10962
11019,10887
10487,10994
10032,10985
9520,10959
9104,10918
8775,10793
8275,10733
7971,10608
7613,10505
7391,10332
7192,10109
7054,9810
6957,9501
6851,9354
6820,9118
6842,8863
6976,8606
7100,8355
7208,8076
7368,7844
7684,7585
7974,7432
8386,7232
8662,7048
9137,6931
9400,6840
9768,6743
10114,6724
10396,6725
10700,6736
10937,6822
11070,6997
11356,7135
11642,7399
11712,7710
11867,7993
11745,8258
11612,8596
11384,8917
11447,9167
11353,9384
11311,9691
11145,9972
11069,10381
10949,10558
10831,10845
10497,11112
10161,11227
9929,11330
9556,11530
9190,11749
8959,11640
8677,11602
8474,11622
8220,11492
7965,11442
7859,11342
7613,11174
7381,10920
7179,10438
7034,10174
6907,10038
6830,9718
6763,9347
6764,9000
6794,8640
6865,8367
6980,8077
7099,7843
7251,7574
7481,7351
7742,7153
7953,7072
8239,6925
8512,6828
8759,6764
9089,6714
9529,6669
9857,6657
10256,6692
10506,6755
10821,6841
11039,6935
11207,7088
11570,7216
11705,7423
11973,7650
12027,7835
12031,8038
12216,8278
12078,8478
12291,8671
12272,8879
12162,9116
11876,9275
11734,9484
11502,9544
11204,9722
10907,9905
10541,9977
10256,10025
9800,10038
9539,10065
9274,10045
8991,9968
8648,9981
8263,9840
7982,9674
7727,9520
7486,9493
7253,9321
7124,9116
6987,8931
6925,8747
6871,8550
6858,8357
6867,8124
6906,7874
6968,7704
7073,7534
7153,7388
7311,7230
7474,7078
7681,7036
7975,6932
8033,6836
8194,6745
8353,6712
8662,6661
8929,6666
9116,6576
9434,6855
9503,6869
9621,7039
9869,7252
9906,7335
9945,7504
9935,7795
9937,7995
9985,8253
10084,8496
10053,8743
10048,9005
9943,9273
9824,9565
9684,9782
9621,9827
9492,10064
9364,10165
9193,10323
8951,10353
8692,10488
8509,10523
8278,10314
8092,10279
7820,10243
7576,10120
7407,9913
7207,9786
6994,9676
6868,9481
6758,9209
6701,9047
6682,8837
6677,8581
6701,8366
6769,8182
6874,7889
6993,7624
7196,7442
7420,7289
7732,7120
7895,6970
8118,6854
8378,6754
8648,6704
8860,6664
9141,6607
9379,6583
9620,6611
9929,6629
10260,6652
10305,6710
10332,6804
10508,6913
10579,6993
10638,7130
10680,7347
10620,7499
10582,7709
10339,7911
10154,8031
10070,8230
9861,8381
9696,8646
9608,8889
9525,9022
9224,9231
9088,9339
8863,9332
8653,9447
8381,9506
8166,9567
7882,9560
7676,9540
7454,9456
7302,9380
7191,9247
7042,9188
6892,9109
6789,8883
6678,8639
6644,8406
6621,8228
6626,8038
6604,7894
6631,7619
6706,7387
6843,7235
6960,7087
7072,6903
7198,6782
7397,6680
7629,6584
7786,6542
8017,6522
8158,6518
8420,6548
8674,6585
9050,6649
9287,6738
9420,6849
9694,6910
9999,7011
10225,7123
10571,7306
10923,7471
11113,7667
11252,7816
11428,8004
11579,8177
11540,8300
11603,8372
11752,8592
11622,8626
11653,8845
11449,8854
11149,9028
11053,9021
10774,9040
10418,9114
10142,9218
9836,9204
9463,9198
9117,9146
8799,9160
8456,9084
8128,8952
7872,8924
7550,8857
7341,8715
7128,8496
7014,8469
6898,8332
6857,8241
6820,8080
6881,7936
6915,7749
7043,7648
7153,7538
7425,7412
7619,7229
7918,7071
8235,6937
8646,6877
8964,6737
9309,6658
9670,6591
9903,6589
10160,6619
10379,6672
10649,6701
10827,6760
11151,6880
11222,7058
11435,7212
11576,7386
11750,7644
12038,7910
12115,8122
11857,8365
11555,8768
11185,9068
11012,9298
11017,9604
10771,10003
10527,10121
10443,10305
10285,10533
10077,10773
9878,10832
9565,10908
9182,11014
8774,11110
8520,11121
8230,11017
7999,10951
7772,10775
7519,10537
7334,10282
7139,10155
7041,9976
7024,9734
6965,9475
6944,9165
6942,8947
6992,8672
7079,8327
7241,8089
7446,7819
7681,7508
7901,7288
8097,7156
8242,7057
8434,6955
8595,6831
8912,6777
9185,6742
9436,6734
9727,6769
10041,6835
10168,6919
10438,7045
10700,7127
11077,7326
11170,7527
11175,7686
11200,7949
11183,8271
11120,8539
11031,8759
11092,8948
10928,9152
10672,9407
10386,9796
10057,9919
9942,10057
9571,10101
9309,10249
9009,10354
8646,10365
8261,10410
8054,10435
7911,10300
7605,10286
7370,10182
7187,9906
7060,9760
6963,9519
6876,9331
6824,9228
6756,8964
6748,8654
6729,8436
6742,8268
6866,8045
6910,7892
7034,7758
7114,7579
7218,7358
7386,7212
7489,7057
7704,6840
7838,6786
8016,6672
8199,6613
8313,6588
8471,6639
8571,6678
8761,6720
8929,6808
9118,6893
9283,7044
9275,7137
9363,7323
9458,7516
9721,7723
9780,7897
9861,8047
9924,8169
10072,8295
10026,8384
10024,8565
9960,8691
9817,8800
9718,8957
9426,9038
9114,8887
9025,9068
8791,8884
8590,8971
8378,8926
8055,8764
7845,8763
7693,8689
7471,8644
7275,8517
7106,8520
6995,8374
6809,8124
6756,7991
6731,7898
6670,7789
6621,7610
6640,7521
6696,7414
6774,7280
6878,7194
6973,7113
7062,7016
7232,6927
7352,6837
7597,6771
7726,6702
7919,6604
8057,6590
8188,6576
8349,6540
8531,6550
8672,6608
8891,6646
9060,6735
9242,6825
9314,6994
9388,7105
9467,7353
9621,7474
9824,7612
9892,7772
9966,8032
10106,8179
10002,8353
9968,8585
10009,8632
9962,8702
9840,8754
9768,8874
9598,8937
9375,9013
9210,9026
8957,9031
8779,9053
8599,9026
8384,8882
8110,8787
7953,8669
7759,8548
7531,8436
7385,8280
7206,8164
7065,8042
6949,7952
6873,7797
6844,7701
6898,7524
6962,7427
7097,7288
7280,7168
7482,7087
7772,6974
8168,6882
8535,6793
9059,6711
9619,6655
10124,6633
10746,6620
11384,6594
11999,6587
12582,6601
13189,6686
13608,6725
13984,6865
14391,6983
14858,7123
15203,7275
15300,7470
15409,7649
15747,7879
15960,8184
15826,8516
15687,8764
15640,8979
15391,9289
14893,9395
14402,9684
13830,9780
13107,10103
12687,10489
12258,10595
11829,10799
11201,10916
10586,11070
10092,11215
9644,11305
9314,11452
8846,11547
8405,11393
8053,11240
7733,11018
7467,10875
7380,10575
7208,10258
7191,10080
7162,9769
7198,9504
7296,9183
7494,8837
7638,8549
7864,8231
8112,7867
8343,7547
8765,7363
9052,7133
9457,6958
9901,6848
10310,6800
10746,6736
11203,6773
11538,6819
11729,6900
12024,7119
12366,7399
12705,7655
12790,7906
12977,8205
13199,8475
13548,8856
13895,9283
14023,9705
13978,10048
13934,10338
13656,10720
13698,10917
13961,11049
13942,11322
13690,11606
13292,11824
12892,12042
12445,12229
12041,12296
11667,12215
11143,12166
10685,12205
10139,11961
9710,11797
9310,11688
8969,11519
8566,11241
8129,10970
7820,10790
7572,10333
7398,9862
7368,9457
7460,9166
7618,8940
7896,8654
8269,8369
8757,8015
9265,7747
9883,7543
10678,7394
11520,7236
12210,7149
12798,7080
13722,7076
14329,7058
14937,7075
15340,7139
16112,7245
16383,7438
16383,7660
16383,7971
16383,8310
16383,8670
16383,9036
16383,9491
16383,10065
16383,10615
16383,11213
16383,11646
16346,12135
16130,12679
15657,13111
15426,13789
14786,14210
14178,14670
13457,15338
12621,15785
12164,15738
11594,16024
10832,16011
10367,16294
9894,16383
9621,16342
9252,15852
8901,15481
8644,14740
8425,14333
8252,14033
8040,13530
7864,13035
7806,12174
7715,11511
7586,10691
7571,10050
7598,9586
7672,9080
7794,8578
7816,8122
8138,7783
8561,7434
8854,7195
9184,7041
9722,6972
10241,6921
10731,6925
11051,7049
11531,7144
12218,7278
12537,7482
12791,7841
13311,8152
13282,8465
13815,8921
14024,9286
13142,9631
14157,10103
15482,10537
14546,10978
11984,11332
9862,11612
8117,11918
7132,12191
6647,12259
6413,12493
6310,12664
6266,12608
6223,12876
6202,12989
6190,12853
6173,12835
6185,13081
6174,13123
6174,13222
6170,13229
6171,13016
6155,13088
6136,12998
6141,12809
6147,12678
6148,12420
6208,12043
6136,11406
6104,10893
6158,10331
6169,9934
6167,9438
6131,8993
6139,8463
6152,8130
6142,7774
6128,7482
6121,7398
6121,7222
6126,7130
6122,7031
6131,7038
6125,7060
6125,7110
6123,7141
6114,7276
6124,7393
6138,7616
6120,7856
6125,7991
6122,8383
6123,8511
6118,8681
6115,9273
6115,9708
6113,9348
6115,9006
6112,8796
6114,8369
6117,7706
6118,7130
6105,6722
6119,6471
6110,6359
6110,6307
6118,6263
6110,6234
6104,6264
6114,6229
6120,6218
6108,6205
6106,6203
6105,6187
6111,6192
6106,6194
6104,6165
6109,6127
6114,6108
6110,6102
6099,6075
6107,6096
6111,6087
6110,6099
6112,6081
6116,6078
6105,6066
6111,6079
6112,6089
6114,6074
6110,6069
6104,6079
6110,6066
6109,6064
6107,6065
6111,6048
6103,6079
6107,6061
6111,6074
6107,6062
6105,6068
6105,6065
6103,6057
6107,6055
6112,6064
6112,6042
6115,6062
6107,6068
6110,6073
6107,6070
6102,6059
6112,6051
6120,6054
6106,6066
6114,6061
6110,6055
6120,6052
6130,6079
6116,6063
6110,6057
6115,6055
6111,6057
6113,6061
6114,6063
6109,6060
6112,6045
6116,6055
6112,6042
6111,6057
6111,6058
6098,6057
6120,6056
6105,6058
6106,6028
6110,6060
6112,6049
6114,6051
6107,6028
6111,6057
6113,6058
6123,6038
6120,6054
6117,6046
6114,6061
6113,6061
6105,6050
6104,6063
6096,6020
6117,6056
6109,6045
6138,6048
6112,6041
6115,6046
6113,6044
6112,6042
6114,6035
6102,6050
6113,6040
6113,6050
6112,6040
6109,6048
6116,6043
6112,6050
6103,6054
6108,6057
6115,6055
6103,6060
6104,6055
6110,6034
6099,6051
6110,6056
6101,6092
6104,6052
6111,6050
6108,6053
6114,6056
6115,6057
6110,6049
6109,6051
6103,6048
6104,6057
6114,6053
6115,6048
6106,6037
6104,6048
6100,6042
6109,6048
6112,6047
6113,6045
6101,6045
6109,6055
6119,6052
6109,6059
6109,6052
6114,6043
6098,6044
6110,6058
6106,6039
6107,6048
6110,6051
6112,6049
6115,6054
6106,6027
6106,6045
6103,6062
6105,6043
6115,6046
6123,6060
6108,6043
6112,6049
6108,6050
6107,6056
6104,6055
6111,6050
6108,6056
6101,6047
6098,6053
6110,6050
6108,6044
6110,6058
6106,6032
6109,6053
6102,6052
6100,6054
6105,6052
6101,6062
6105,6049
6100,6058
6108,6046
6094,6054
6111,6056
6109,6042
6103,6055
6113,6041
6120,6051
6107,6049
6097,6042
6099,6043
6098,6053
6100,6044
6112,6038
6104,6050
6108,6051
6111,6046
6102,6044
6115,6057
6105,6057
6105,6054
6106,6053
6109,6043
6102,6059
6101,6043
6109,6054
6113,6061
6116,6046
6102,6050
6114,6056
6097,6042
6102,6049
6111,6053
6114,6047
6100,6047
6099,6042
6091,6056
6098,6053
6112,6045
6107,6051
6100,6049
6099,6053
6107,6058
6096,6058
6103,6053
6103,6050
6103,6043
6099,6054
6091,6057
6101,6042
6109,6047
6101,6049
6100,6056
6096,6050
6096,6035
6108,6047
6102,6051
6101,6052
6095,6050
6103,6051
6094,6041
6107,6036
6106,6063
6101,6057
6095,6037
6106,6040
6091,6055
6103,6036
6098,6055
5856,5782
6139,6411
6129,6073
6306,6227
6106,6062
6039,6014
6135,6068
6119,6056
6099,6041
6088,6040
6105,6045
6134,6039
6104,6056
6108,6065
6112,6057
6104,6047
6097,6038
6101,6046
6098,6047
6107,6041
6106,6048
6116,6046
6099,6049
6100,6042
6107,6044
6113,6038
6115,6055
6108,6062
6109,6049
6106,6048
6107,6042
6100,6057
6116,6041
6115,6053
6110,6046
6099,6061
6106,6050
6099,6051
6112,6055
6103,6057
6107,6060
6100,6060
6104,6059
6105,6047
6111,6056
6115,6055
6105,6046
6116,6050
6119,6069
6105,6049
6113,6051
6114,6056
6104,6046
6110,6050
6102,6046
6120,6058
6097,6064
6098,6060
6110,6047
6104,6057
6107,6045
6121,6054
6102,6058
6110,6046
6110,6043
6111,6094
6112,6054
6107,6058
6109,6057
6106,6053
6105,6040
6099,6051
6102,6043
6108,6048
6110,6042
6091,6051
6111,6049
6111,6056
6104,6061
6099,6043
6107,6058
6108,6038
6106,6061
6103,6058
6103,6047
6108,6041
6111,6050
6100,6052
6103,6054
6108,6052
6096,6047
6103,6050
6104,6038
6098,6056
6113,6050
6100,6041
6093,6055
6104,6056
6112,6046
6100,6033
6105,6045
6103,6042
6107,6058
6098,6048
6109,6046
6108,6052
6108,6050
6096,6052
6104,6057
6105,6058
6105,6055
6101,6048
6121,6055
6103,6055
6104,6045
6104,6042
6110,6032
6109,6063
6114,6055
6100,6046
6102,6050
6104,6058
6111,6047
6116,6058
6113,6048
6110,6049
6114,6050
6114,6044
6115,6045
6110,6063
6104,6048
6104,6044
6112,6038
6114,6049
6116,6054
6116,6055
6117,6050
6113,6062
6121,6058
6114,6057
6113,6043
6121,6053
6123,6055
6117,6057
6116,6061
6112,6054
6101,6041
6121,6051
6118,6044
6111,6056
6119,6063
6110,6052
6121,6054
6111,6044
6108,6056
6110,6062
6113,6049
6110,6039
6106,6043
6120,6060
6105,6058
6114,6054
6106,6050
6105,6028
6107,6039
6102,6039
6110,6053
6110,6064
6120,6040
6114,6053
6118,6055
6097,6054
6119,6058
6114,6055
6119,6051
6112,6053
6112,6062
6110,6056
6109,6050
6106,6039
6116,6025
6116,6055
6112,6061
6122,6052
6112,6058
6104,6049
6110,6052
6101,6028
6111,6045
6110,6054
6119,6053
6112,6049
6113,6044
6122,6034
6111,6055
6113,6043
6113,6049
6111,6046
6107,6035
6118,6041
6104,6049
6123,6051
6113,6051
6106,6048
6114,6049
6109,6045
6103,6035
6115,6048
6109,6064
6106,6050
6112,6052
6114,6052
6106,6052
6102,6054
6105,6053
6120,6050
6125,6050
6112,6037
6115,6052
6124,6041
6119,6047
6108,6060
6117,6050
6124,6046
6117,6050
6116,6052
6109,6048
6116,6049
6115,6057
6118,6050
6120,6041
6104,6051
6124,6050
6123,6058
6117,6054
6119,6054
6111,6053
6114,6063
6120,6057
6120,6040
6129,6059
6122,6054
6117,6058
6117,6040
6117,6048
6110,6060
6118,6059
6120,6053
6114,6060
6123,6064
6114,6064
6117,6059
6123,6057
6110,6061
6111,6063
6111,6063
6113,6049
6115,6041
6111,6060
6114,6049
6105,6059
6111,6048
6114,6055
6121,6058
6113,6057
6119,6041
6113,6053
6121,6048
6112,6061
6116,6066
6121,6058
6129,6073
6116,6049
6118,6053
6117,6050
6121,6057
6121,6056
6121,6056
6118,6037
6117,6049
6123,6056
6126,6047
6119,6061
6112,6057
6126,6051
6124,6052
6121,6054
6116,6063
6115,6051
6116,6048
6116,6060
6113,6055
6123,6054
6117,6052
6116,6049
6117,6060
6113,6046
6114,6052
6117,6053
6117,6056
6117,6056
6114,6056
6115,6056
6117,6054
6117,6053
6117,6051
6119,6055
6116,6061
6122,6061
6116,6041
6133,6032
6122,6048
6114,6058
6120,6060
6119,6051
6117,6055
6120,6059
6118,6046
6121,6050
6120,6051
6125,6068
6115,6046
6115,6046
6112,6057
6118,6063
6120,6057
6124,6058
6118,6055
6126,6054
6120,6046
6120,6054
6124,6058
6115,6054
6110,6048
6117,6046
6119,6051
6120,6058
6124,6048
6119,6060
0,25
0,61680
0,0
6122,6054
5600,5579
5603,5574
5604,5585
5601,5568
5604,5571
5607,5579
5606,5564
5597,5575
5830,5752
6369,6299
6341,6313
6290,6321
6296,6306
6304,6311
6304,6318
6289,6324
6301,6323
6276,6368
6291,6347
6296,6340
6316,6362
6307,6325
6326,6321
6298,6332
6291,6327
6310,6321
6287,6308
6287,6331
6322,6326
6322,6292
6300,6324
6292,6337
6305,6348
6303,6340
6323,6344
6325,6353
6306,6348
6304,6341
6303,6334
6316,6346
6296,6355
6298,6346
6316,6340
6305,6337
6296,6333
6274,6322
6289,6322
6325,6337
6311,6329
6299,6343
6301,6355
6327,6315
6310,6316
6317,6326
6315,6310
6317,6312
6304,6317
6315,6320
6279,6339
6306,6312
6310,6351
6300,6339
6301,6321
6295,6361
6311,6345
6309,6319
6301,6328
6303,6335
6322,6326
6315,6344
6304,6333
6305,6324
6313,6340
6297,6323
6289,6314
6298,6311
6242,6247
6352,6362
6266,6347
6297,6324
6285,6297
6261,6273
6282,6329
6290,6309
6297,6314
6279,6344
6299,6320
6303,6339
6317,6329
6300,6339
6290,6314
6283,6334
6286,6337
6285,6343
6291,6326
6296,6340
6296,6334
6300,6335
6312,6329
6299,6339
6289,6296
6297,6349
6293,6337
6306,6329
6306,6313
6308,6317
6321,6336
6303,6345
6305,6363
6308,6349
6324,6369
6288,6353
6282,6305
6283,6334
6290,6339
6313,6300
6317,6330
6299,6327
6306,6355
6294,6342
6305,6319
6307,6332
6324,6296
6321,6318
6306,6302
6283,6308
6280,6326
6292,6321
6297,6310
6295,6316
6283,6331
6291,6313
6325,6300
6314,6321
6306,6340
6295,6333
6285,6336
6269,6342
6272,6372
6312,6352
6302,6352
6289,6355
6293,6337
6296,6322
6292,6332
6281,6322
6298,6312
6292,6339
6281,6334
6277,6320
6321,6321
6298,6336
6302,6364
6306,6354
6285,6328
6295,6331
6329,6313
6304,6321
6281,6347
6290,6325
6291,6324
6287,6334
6300,6327
6291,6358
6291,6356
6296,6346
6295,6326
6285,6338
6287,6337
6294,6332
6299,6333
6283,6338
6298,6332
6268,6325
6293,6334
6289,6342
6308,6354
6296,6373
6293,6330
6299,6346
6297,6332
6303,6344
6289,6351
6271,6331
6265,6338
6291,6332
6308,6336
6305,6340
6297,6342
6295,6346
6281,6361
6287,6336
6295,6346
6285,6331
6280,6327
6283,6334
6302,6333
6307,6381
6293,6370
6293,6382
6295,6375
6291,6362
6287,6372
6283,6351
6279,6361
6260,6347
6257,6329
6273,6346
6262,6333
6275,6353
6292,6345
6291,6367
6276,6362
6273,6348
6266,6356
6255,6351
6250,6353
6269,6368
6281,6372
6284,6375
6257,6358
6279,6340
6263,6366
6279,6347
6275,6360
6271,6345
6258,6350
6264,6371
6286,6378
6288,6385
6292,6364
6276,6361
6266,6344
6261,6369
6271,6375
6285,6350
6275,6390
6271,6355
6278,6359
6256,6357
6272,6393
6294,6393
6258,6382
6246,6401
6257,6397
6264,6399
6252,6377
6234,6324
6252,6332
6251,6353
6266,6337
6272,6366
6259,6382
6265,6371
6264,6371
6264,6374
6282,6338
6252,6345
6241,6370
6257,6353
6245,6352
6258,6355
6239,6361
6266,6355
6244,6373
6250,6361
6260,6388
6243,6374
6249,6366
6267,6385
6251,6364
6259,6381
6244,6337
6243,6384
6235,6392
6262,6386
6268,6388
6247,6396
6248,6416
6247,6413
6251,6401
6255,6415
6245,6403
6246,6375
6237,6374
6239,6376
6250,6372
6259,6384
6239,6354
6231,6372
6231,6390
6256,6374
6252,6384
6243,6394
6242,6395
6244,6379
6260,6395
6241,6381
6243,6394
6250,6379
6266,6380
6261,6395
6262,6390
6252,6363
6240,6348
6230,6342
6240,6335
6240,6362
6249,6393
6237,6410
6241,6387
6240,6366
6250,6387
6241,6418
6246,6415
6240,6433
6242,6399
6233,6373
6237,6379
6238,6375
6239,6392
6244,6391
6233,6385
6239,6413
6242,6413
6236,6401
6245,6409
6252,6382
6241,6363
6247,6395
6247,6379
6252,6379
6252,6377
6241,6380
6253,6363
6260,6380
6245,6329
6246,6397
6240,6375
6243,6385
6255,6380
6239,6395
6256,6394
6226,6388
6236,6371
6232,6371
6158,6304
6220,6332
6207,6327
6152,6218
6370,6458
6220,6344
6214,6336
6246,6408
6259,6381
6240,6389
6232,6363
6229,6389
6254,6396
6247,6386
6246,6363
6236,6378
6242,6356
6230,6412
6230,6390
6240,6379
6256,6385
6261,6377
6258,6372
6221,6398
6247,6411
6249,6387
6236,6424
6230,6442
6222,6412
6218,6413
6234,6423
6246,6383
6236,6394
6236,6372
6241,6388
6244,6409
6235,6392
6235,6404
6229,6404
6228,6415
6259,6422
6218,6381
6227,6395
6229,6394
6219,6395
6222,6371
6226,6398
6241,6367
6229,6364
6223,6357
6219,6362
6220,6391
6228,6374
6233,6366
6227,6404
6220,6401
6219,6399
6230,6407
6218,6421
6225,6390
6214,6363
6220,6389
6226,6387
6233,6411
6241,6408
6230,6400
6240,6392
6237,6373
6222,6366
6231,6335
6216,6349
6227,6354
6240,6366
6231,6363
6228,6359
6226,6393
6232,6403
6231,6430
6239,6366
6218,6421
6243,6381
6233,6377
6224,6379
6226,6401
6220,6426
6230,6406
6241,6430
6236,6464
6223,6407
6231,6441
6226,6427
6214,6420
6240,6410
6231,6401
6222,6392
6232,6397
6221,6387
6238,6385
6226,6380
6225,6373
6233,6387
6226,6382
6231,6415
6234,6381
6231,6396
6241,6389
6216,6410
6234,6430
6232,6389
6226,6368
6218,6368
6223,6398
6229,6377
6233,6375
6218,6386
6208,6400
6234,6380
6223,6387
6249,6392
6226,6361
6241,6373
6230,6366
6233,6380
6239,6376
6244,6365
6228,6374
6238,6395
6234,6410
6253,6370
6231,6382
6228,6397
6231,6346
6228,6387
6214,6375
6225,6383
6228,6372
6230,6370
6231,6362
6236,6364
6229,6348
6230,6366
6227,6351
6242,6386
6233,6366
6231,6351
6223,6366
6231,6362
6219,6388
6239,6397
6236,6379
6243,6369
6233,6365
6234,6383
6229,6367
6222,6374
6244,6353
6245,6344
6234,6371
6242,6387
6216,6367
6224,6379
6237,6371
6236,6372
6235,6382
6227,6418
6233,6384
6226,6388
6224,6382
6227,6382
6227,6371
6237,6354
6236,6370
6236,6336
6234,6360
6230,6350
6239,6350
6233,6360
6231,6384
6221,6381
6242,6376
6244,6367
6246,6390
6237,6387
6237,6375
6231,6332
6217,6337
6235,6318
6222,6326
6242,6336
6229,6352
6234,6355
6227,6359
6227,6356
6252,6343
6242,6344
6242,6358
6246,6321
6230,6308
6236,6320
6227,6328
6232,6340
6228,6339
6235,6344
6238,6354
6232,6338
6243,6333
6245,6336
6240,6348
6246,6339
6236,6354
6235,6363
6232,6358
6239,6364
6234,6350
6238,6337
6236,6411
6248,6359
6256,6360
6249,6348
6238,6352
6242,6364
6237,6325
6233,6323
6239,6330
6245,6336
6248,6326
6246,6325
6258,6330
6256,6318
6247,6321
6259,6322
6265,6323
6279,6326
6276,6341
6285,6323
6283,6326
6279,6366
6288,6351
6302,6330
6308,6326
6314,6320
6339,6331
6345,6342
6332,6340
6370,6345
6375,6321
6391,6308
6409,6338
6422,6332
6456,6333
6480,6327
6537,6354
6580,6365
6653,6347
6694,6338
6754,6343
6822,6359
6907,6410
6980,6361
7133,6348
7206,6359
7322,6339
7415,6358
7491,6347
7609,6340
7792,6342
7986,6369
8267,6403
8649,6389
8870,6304
9293,6396
9564,6332
9738,6375
9735,6370
9625,6364
9575,6374
9586,6390
9614,6406
9708,6384
9845,6400
9730,6417
9652,6403
9553,6437
9289,6445
9040,6472
8775,6487
8610,6521
8475,6569
8319,6606
8154,6647
7928,6716
7758,6750
7556,6844
7380,6916
7312,6994
7192,7075
7022,7127
6930,7211
6859,7289
6787,7373
6726,7405
6734,7452
6845,7436
7001,7427
7192,7402
7446,7320
7761,7273
8034,7186
8365,7118
8573,6993
8793,6893
8990,6731
9220,6663
9509,6626
9754,6606
9975,6656
10217,6705
10373,6754
10422,6840
10441,6935
10490,7029
10471,7185
10473,7352
10551,7481
10475,7582
10587,7729
10648,7949
10516,8209
10443,8377
10210,8646
10036,8870
9643,8974
9308,9177
9078,9375
8860,9555
8599,9765
8452,9998
8157,10139
7924,10120
7652,10120
7439,10155
7270,10160
7068,10136
6923,10064
6834,9754
6793,9589
6774,9270
6797,9012
6818,8893
6920,8575
7041,8280
7204,8093
7374,7904
7506,7703
7657,7491
7863,7407
8145,7266
8333,7138
8583,6993
8886,6910
9185,6845
9518,6780
9830,6793
10262,6765
10575,6815
10949,6956
11298,6986
11589,7113
11844,7217
12025,7339
12278,7468
12305,7634
12371,7759
12442,7945
12281,8095
12427,8362
12416,8563
12097,8707
12135,8899
12031,9038
11849,9109
11488,9078
11116,9124
10779,9218
10401,9305
9994,9230
9723,9109
9341,9062
8917,9044
8523,8914
8182,8914
7865,8813
7596,8652
7356,8506
7155,8404
7046,8272
6914,8139
6883,7994
6876,7819
6928,7666
7060,7529
7227,7357
7431,7205
7704,7103
7999,6942
8238,6847
8627,6783
8967,6704
9412,6658
9876,6664
10156,6646
10548,6675
11050,6780
11189,6888
11482,7018
12036,7176
12382,7344
12537,7594
12769,7842
13044,8160
13202,8432
13566,8775
13693,9131
13716,9406
13494,9509
13136,9778
12942,10029
12752,10353
12518,10534
12109,10796
11827,11008
11402,10909
11011,10943
10441,11011
10057,10939
9544,11014
9103,10890
8731,10760
8324,10742
7933,10646
7656,10453
7403,10321
7212,10079
7046,9804
6940,9514
6853,9293
6800,9066
6878,8835
6959,8594
7114,8346
7205,8104
7414,7839
7662,7581
8002,7432
8379,7243
8688,7056
9131,6910
9393,6815
9813,6760
10085,6720
10408,6736
10701,6747
10865,6804
11072,6992
11322,7155
11704,7387
11708,7706
11806,7978
11808,8252
11570,8555
11406,8894
11418,9139
11354,9410
11288,9678
11110,9968
11000,10337
10957,10633
10756,10788
10485,11159
10169,11173
9908,11307
9527,11525
9205,11735
8918,11642
8677,11641
8462,11588
8211,11510
7973,11408
7836,11355
7588,11214
7376,10855
7161,10436
7024,10176
6889,9974
6810,9702
6764,9372
6752,9025
6796,8717
6881,8388
6984,8056
7071,7845
7240,7579
7487,7353
7715,7140
7973,7024
8227,6935
8508,6852
8779,6784
9110,6730
9518,6678
9844,6672
10275,6682
10474,6739
10831,6819
11036,6940
11280,7100
11555,7211
11719,7412
11960,7616
11980,7836
12130,8087
12214,8268
12242,8553
12203,8683
12215,8859
12226,9162
11975,9321
11726,9441
11492,9543
11218,9762
10848,9889
10583,9941
10246,10035
9868,10087
9524,10053
8890,10031
9003,9936
8552,9950
8217,9723
7988,9626
7672,9506
7429,9461
7274,9316
7099,9150
6968,8927
6901,8755
6867,8568
6865,8344
6857,8118
6899,7869
6995,7733
7087,7526
7162,7373
7282,7223
7482,7074
7696,7040
7903,6894
8007,6822
8200,6725
8387,6701
8635,6653
8889,6655
9233,6728
9448,6828
9613,6924
9654,7092
9865,7210
9878,7310
9979,7527
9941,7840
9922,7980
10009,8304
10074,8496
9936,8757
10029,9021
9962,9313
9771,9515
9656,9750
9635,9900
9473,10069
9359,10188
9197,10239
8935,10355
8682,10462
8498,10557
8274,10361
8077,10311
7864,10254
7575,10079
7365,9873
7221,9766
6999,9698
6899,9465
6776,9163
6722,9020
6647,8846
6662,8558
6690,8383
6757,8158
6869,7904
7048,7660
7179,7453
7433,7269
7670,7087
7892,6950
8128,6827
8397,6762
8627,6713
8880,6675
9150,6612
9340,6612
9635,6610
9934,6650
10250,6654
10274,6737
10386,6832
10501,6924
10580,6999
10613,7129
10777,7296
10670,7519
10635,7719
10351,7914
10123,8061
10082,8236
9871,8437
9664,8666
9593,8893
9494,9073
9294,9219
9083,9293
8839,9298
8673,9410
8361,9473
8187,9592
7906,9585
7704,9557
7498,9429
7328,9344
7183,9250
7034,9230
6913,9050
6779,8888
6655,8649
6635,8449
6624,8254
6620,8022
6633,7853
6657,7625
6711,7398
6805,7222
6942,7069
7064,6915
7216,6788
7360,6695
7570,6582
7792,6543
8021,6488
8165,6508
8403,6542
8679,6567
8976,6646
9234,6721
9395,6854
9711,6882
10045,7035
10224,7120
10562,7304
10947,7458
11117,7673
11178,7838
11436,8026
11551,8148
11613,8324
11609,8380
11716,8575
11667,8648
11604,8797
11457,8916
11199,9044
11059,9027
10749,9038
10415,9127
10115,9213
9782,9206
9432,9171
9119,9145
8808,9165
8473,9145
8121,8971
7837,8879
7542,8855
7339,8674
7122,8549
7008,8517
6892,8370
6862,8271
6814,8099
6838,7934
6928,7748
7055,7657
7166,7581
7410,7399
7596,7249
7911,7072
8258,6955
8645,6871
8985,6736
9348,6649
9655,6580
9910,6603
10159,6630
10365,6657
10665,6714
10886,6774
11122,6898
11206,7057
11425,7202
11595,7385
11889,7641
12068,7928
12008,8153
11799,8433
11474,8805
11080,9094
11006,9290
10976,9587
10845,9995
10610,10104
10428,10275
10295,10566
10034,10743
9799,10788
9546,10931
9166,10987
8821,11166
8545,11076
8269,10958
8029,10917
7795,10777
7521,10490
7297,10286
7158,10142
7068,9982
6997,9743
6962,9494
6902,9158
6933,8951
6991,8678
7093,8358
7300,8078
7444,7798
7653,7552
7885,7305
8138,7155
8281,7039
8436,6930
8655,6832
8938,6767
9153,6723
9480,6749
9753,6808
10043,6858
10153,6933
10431,7048
10704,7143
11055,7304
11176,7513
11257,7689
11261,7973
11186,8237
11071,8533
11069,8746
11063,8945
10936,9163
10659,9442
10339,9818
10085,9995
9979,10070
9626,10081
9298,10229
9035,10328
8660,10392
8268,10379
8069,10394
7839,10266
7614,10271
7383,10237
7215,9925
7084,9729
6966,9481
6878,9378
6810,9230
6752,8973
6745,8643
6716,8480
6750,8256
6839,8078
6914,7886
7059,7752
7104,7615
7259,7393
7367,7181
7518,7064
7731,6881
7883,6796
8042,6674
8176,6630
8272,6587
8465,6633
8577,6667
8737,6715
8967,6789
9105,6878
9239,7034
9206,7142
9377,7323
9503,7504
9721,7722
9803,7907
9910,8058
9955,8160
9964,8232
9998,8399
10018,8576
9940,8709
9782,8808
9683,8969
9435,9061
9269,8974
9016,8947
8824,8908
8609,9009
8356,8913
8099,8824
7898,8850
7723,8709
7450,8662
7281,8573
7087,8467
7014,8379
6822,8116
6755,7999
6706,7890
6657,7772
6620,7639
6658,7535
6687,7419
6763,7290
6851,7196
6972,7118
7092,7016
7222,6928
7364,6838
7537,6756
7720,6692
7880,6638
8023,6596
8194,6554
8327,6540
8484,6558
8710,6602
8844,6670
9051,6724
9225,6837
9366,6965
9438,7111
9490,7309
9586,7477
9786,7595
9843,7781
9918,7986
10071,8196
10016,8337
9979,8560
9971,8609
9956,8703
9881,8753
9720,8851
9582,8939
9432,9016
9229,9006
8941,9052
8708,9043
8560,9009
8353,8871
8125,8811
7943,8665
7730,8493
7522,8419
7372,8299
7218,8223
7048,8085
6944,7958
6886,7792
6850,7690
6878,7561
6983,7386
7063,7266
7279,7136
7522,7056
7800,6971
8145,6860
8533,6798
9094,6697
9590,6652
10085,6623
10714,6567
11444,6562
11937,6579
12599,6591
13245,6679
13701,6732
14077,6871
14394,6994
14747,7075
15131,7283
15312,7467
15595,7701
15657,7908
15908,8202
15918,8474
15683,8781
15623,8966
15435,9239
15022,9439
14205,9582
13814,9831
13150,10158
12690,10497
12383,10698
11863,10792
11189,10887
10552,10977
10094,11206
9702,11213
9294,11396
8859,11515
8401,11503
8042,11251
7746,11054
7466,10857
7350,10576
7258,10286
7196,10125
7151,9782
7215,9523
7257,9170
7460,8858
7645,8507
7864,8258
8126,7888
8384,7574
8698,7391
9005,7155
9442,6934
9906,6839
10304,6791
10693,6742
11217,6773
11578,6815
11781,6942
12010,7137
12370,7380
12715,7633
12787,7951
12941,8225
13182,8495
13595,8842
13880,9232
13979,9709
14053,10109
13954,10359
13582,10685
13606,10960
13960,11093
13945,11320
13640,11559
13381,11888
12892,12006
12397,12194
11994,12278
11741,12190
11192,12190
10643,12196
10156,11934
9686,11749
9268,11675
8939,11519
8583,11282
8168,11036
7810,10761
7563,10381
7423,9827
7403,9467
7452,9155
7600,8972
7844,8634
8264,8339
8749,8058
9233,7785
9837,7515
10617,7429
11489,7246
12179,7147
12878,7100
13649,7052
14370,7066
15000,7090
15442,7131
16101,7218
16383,7439
16383,7655
16383,7989
16383,8307
16383,8640
16383,9072
16383,9508
16383,10007
16383,10646
16383,11145
16383,11656
16375,12089
16060,12639
15624,13227
15301,13650
14841,14241
14139,14622
13364,15401
12739,15953
12069,15612
11602,15986
10889,16140
10379,16245
9941,16383
9593,16333
9258,15910
8850,15334
8601,14811
8426,14313
8230,14065
8039,13618
7866,12989
7802,12304
7690,11418
7560,10693
7568,10038
7614,9572
7679,9104
7727,8598
7838,8135
8131,7782
8532,7390
8856,7201
9227,7038
9733,6987
10239,6926
10707,6913
11061,7045
11508,7173
12192,7295
12535,7502
12705,7836
13236,8151
13358,8461
14048,9048
14141,9284
13197,9611
14438,10385
15545,10621
14512,10979
12040,11269
9763,11606
8102,11925
7144,12236
6652,12198
6405,12442
6303,12626
6269,12623
6220,12880
6211,13025
6178,12828
6185,12774
6176,13084
6172,13172
6171,13224
6180,13232
6170,12992
6159,13104
6146,13088
6147,12787
6153,12693
6152,12423
6136,12010
6125,11310
6142,10874
6139,10367
6135,9885
6144,9427
6131,8999
6132,8482
6150,8092
6131,7788
6134,7464
6122,7393
6129,7250
6134,7087
6124,7039
6137,7066
6118,7063
6132,7077
6125,7155
6124,7262
6128,7415
6131,7632
6130,7903
6120,7985
6128,8382
6127,8592
6125,8701
6113,9281
6114,9708
6112,9411
6122,9044
6122,8828
6114,8361
6130,7691
6117,7153
6108,6719
6114,6473
6110,6331
6111,6289
6113,6262
6102,6234
6105,6236
6111,6227
6114,6210
6110,6208
6107,6207
6101,6197
6104,6206
6117,6204
6108,6169
6108,6121
6115,6115
6120,6100
6105,6062
6110,6084
6111,6083
6108,6052
6107,6125
6108,6077
6109,6069
6097,6077
6106,6080
6117,6085
6102,6068
6108,6072
6110,6073
6104,6069
6111,6069
6104,6066
6108,6076
6104,6074
6116,6069
6105,6070
6101,6063
6105,6064
6101,6067
6103,6064
6107,6068
6113,6063
6118,6061
6106,6070
6104,6071
6110,6061
6105,6068
6111,6066
6115,6069
6112,6064
6108,6063
6109,6058
6117,6050
6119,6062
6114,6054
6115,6056
6116,6073
6111,6058
6110,6062
6118,6063
6113,6062
6112,6056
6121,6060
6103,6041
6109,6063
6105,6063
6103,6046
6110,6046
6107,6047
6110,6046
6113,6050
6112,6055
6120,6054
6117,6035
6115,6042
6117,6055
6117,6049
6116,6063
6122,6043
6114,6042
6110,6058
6115,6052
6119,6054
6113,6050
6111,6049
6120,6050
6112,6047
6111,6048
6115,6040
6106,6031
6095,6031
6114,6051
6116,6064
6109,6040
6115,6057
6117,6050
6100,6051
6112,6048
6107,6057
6108,6054
6114,6052
6114,6058
6115,6048
6102,6049
6113,6057
6105,6055
6108,6041
6107,6039
6113,6051
6109,6039
6108,6049
6110,6061
6116,6049
6107,6053
6109,6051
6099,6057
6096,6053
6128,6053
6117,6049
6106,6051
6107,6048
6098,6059
6107,6061
6104,6054
6111,6053
6112,6063
6099,6063
6112,6051
6118,6045
6103,6048
6113,6048
6104,6044
6118,6055
6113,6056
6106,6050
6110,6055
6101,6074
6107,6054
6107,6043
6101,6062
6103,6063
6101,6046
6108,6057
6122,6061
6111,6053
6107,6042
6103,6047
6112,6032
6113,6065
6106,6060
6114,6048
6101,6058
6108,6040
6103,6053
6109,6046
6107,6041
6104,6038
6107,6049
6106,6059
6104,6033
6107,6048
6106,6036
6101,6056
6116,6065
6100,6054
6098,6044
6113,6051
6105,6050
6108,6064
6118,6052
6115,6046
6106,6053
6100,6037
6109,6053
6105,6060
6102,6054
6106,6048
6105,6042
6106,6054
6107,6030
6112,6045
6117,6060
6099,6058
6097,6060
6103,6042
6101,6044
6100,6063
6102,6048
6113,6048
6111,6032
6111,6051
6082,6112
6111,6057
6104,6048
6108,6043
6118,6050
6107,6044
6097,6050
6104,6034
6104,6054
6094,6048
6110,6053
6105,6055
6102,6052
6133,6058
6103,6029
6150,6087
6126,6055
6111,6055
6118,6050
6106,6053
6104,6050
6105,6054
6112,6047
6107,6057
6106,6034
6106,6056
6099,6056
6103,6055
6108,6053
6106,6050
6108,6041
6104,6052
6090,6049
6100,6050
6109,6050
6096,6056
6094,6043
6101,6055
6099,6041
6101,6044
6103,6047
6092,6043
6102,6056
6107,6051
6116,6054
6103,6061
6090,6050
6100,6058
6099,6048
6098,6046
6102,6060
6104,6049
6097,6044
6106,6057
6105,6055
6112,6046
6117,6046
6114,6048
6099,6047
6104,6048
6110,6047
6112,6050
6119,6047
6107,6060
6102,6058
6111,6047
6103,6054
6105,6050
6104,6059
6107,6057
6106,6060
6108,6049
6109,6039
6109,6058
6106,6054
6111,6051
6103,6051
6110,6045
6107,6053
6118,6048
6109,6052
6108,6054
6107,6061
6114,6062
6106,6051
6113,6053
6120,6055
6111,6062
6110,6061
6118,6062
6104,6047
6127,6042
6111,6049
6108,6039
6106,6062
6108,6063
6124,6052
6108,6051
6100,6066
6107,6036
6100,6058
6104,6048
6117,6050
6095,6050
6108,6051
6110,6050
6109,6051
6113,6045
6114,6056
6100,6063
6110,6054
6110,6039
6099,6033
6103,6062
6113,6048
6114,6040
6102,6042
6109,6051
6111,6051
6108,6058
6101,6045
6113,6048
6113,6044
6105,6053
6101,6064
6102,6043
6101,6050
6094,6058
6112,6056
6101,6055
6107,6049
6096,6057
6103,6055
6104,6054
6102,6042
6103,6058
6107,6060
6101,6048
6106,6041
6109,6055
6113,6044
6105,6050
6101,6045
6111,6056
6099,6057
6105,6060
6103,6042
6106,6060
6101,6054
6102,6056
6107,6060
6102,6055
6107,6052
6112,6048
6108,6055
6106,6045
6102,6059
6112,6060
6112,6056
6110,6049
6106,6047
6106,6063
6105,6058
6113,6056
6113,6058
6123,6057
6107,6044
6111,6049
6105,6049
6126,6055
6109,6064
6099,6066
6107,6061
6119,6056
6115,6052
6113,6037
6115,6057
6116,6053
6117,6061
6114,6049
6121,6043
6121,6046
6113,6058
6129,6047
6120,6060
6113,6053
6103,6053
6110,6056
6111,6046
6117,6051
6113,6050
6123,6042
6111,6056
6116,6056
6108,6036
6116,6051
6106,6048
6110,6050
6108,6049
6106,6050
6128,6061
6124,6055
6110,6047
6111,6051
6110,6041
6109,6051
6110,6041
6114,6031
6125,6059
6112,6058
6115,6050
6114,6055
6111,6040
6113,6040
6117,6058
6111,6045
6112,6047
6107,6055
6104,6064
6117,6054
6103,6060
6106,6046
6111,6057
6116,6047
6111,6053
6112,6057
6111,6051
6111,6045
6112,6041
6116,6049
6121,6051
6119,6053
6108,6062
6111,6038
6119,6041
6120,6060
6113,6051
6115,6055
6110,6049
6117,6051
6120,6045
6111,6046
6118,6046
6124,6055
6099,6054
6113,6062
6104,6037
6106,6052
6109,6057
6114,6043
6104,6051
6116,6035
6111,6044
6105,6043
6112,6045
6102,6043
6119,6045
6120,6052
6112,6053
6108,6054
6112,6053
6112,6052
6110,6048
6117,6054
6114,6058
6109,6054
6116,6040
6108,6053
6118,6051
6118,6063
6114,6054
6122,6056
6098,6039
6111,6055
6124,6053
6110,6054
6104,6056
6109,6041
6117,6041
6121,6061
6112,6046
6124,6051
6116,6047
6211,6670
5966,5969
6106,6106
6144,6074
6169,6230
5997,5952
6164,6113
6123,6064
6117,6047
6113,6056
6125,6060
6111,6063
6127,6052
6116,6063
6108,6047
6120,6055
6105,6040
6114,6062
6128,6053
6110,6050
6114,6046
6114,6046
6119,6048
6118,6050
6120,6052
6122,6066
6110,6060
6126,6051
6115,6056
6110,6047
6114,6052
6116,6055
6112,6062
6118,6064
6119,6056
6116,6053
6124,6044
6120,6055
6115,6060
6110,6048
6124,6062
6107,6055
6125,6047
6125,6047
6119,6048
6119,6042
6117,6056
6129,6051
6128,6067
6107,6046
6118,6055
6115,6044
6117,6052
6118,6058
6122,6045
6116,6044
6115,6061
6113,6059
6112,6041
6117,6049
6130,6030
6112,6033
6118,6047
6126,6048
6125,6055
6125,6055
6114,6049
6120,6039
6116,6054
6114,6056
6118,6039
6124,6054
6122,6063
6121,6055
6114,6053
6119,6050
6118,6057
6115,6052
6121,6051
6125,6052
6121,6058
6111,6047
6113,6041
6109,6064
6114,6063
6121,6055
6116,6046
6117,6056
6117,6056
6107,6054
6117,6059
6113,6044
6109,6051
6117,6061
6117,6054
6118,6062
6110,6059
0,36
0,61680
0,0
6109,6058
5608,5586
5599,5588
5604,5585
5604,5566
5606,5575
5602,5577
5604,5574
5603,5582
5830,5760
6362,6308
6323,6301
6301,6320
6304,6323
6298,6307
6306,6324
6318,6318
6303,6320
6301,6356
6286,6380
6297,6350
6307,6352
6299,6328
6301,6335
6300,6321
6300,6334
6297,6337
6288,6311
6299,6312
6325,6331
6309,6322
6301,6319
6295,6325
6291,6351
6305,6331
6327,6351
6332,6367
6306,6327
6304,6343
6315,6346
6313,6345
6299,6327
6306,6329
6305,6347
6302,6352
6292,6310
6284,6329
6289,6333
6315,6334
6313,6348
6294,6343
6202,6204
6255,6257
6353,6386
6331,6334
6247,6285
6276,6295
6331,6348
6328,6346
6281,6321
6294,6338
6317,6350
6308,6329
6295,6341
6287,6344
6304,6321
6313,6334
6299,6319
6304,6325
6335,6325
6312,6339
6305,6330
6301,6332
6312,6319
6301,6313
6297,6328
6296,6320
6299,6327
6312,6319
6311,6338
6313,6341
6312,6332
6290,6351
6295,6330
6295,6343
6283,6326
6301,6321
6300,6308
6297,6329
6309,6320
6304,6323
6296,6326
6288,6323
6294,6340
6280,6347
6287,6329
6300,6323
6295,6335
6287,6334
6321,6340
6304,6326
6275,6298
6281,6340
6294,6332
6300,6323
6312,6299
6304,6306
6314,6330
6309,6344
6301,6360
6309,6357
6321,6348
6292,6352
6289,6320
6276,6333
6311,6484
6314,6310
6310,6334
6310,6323
6313,6337
6283,6324
6304,6340
6319,6343
6304,6310
6310,6310
6310,6308
6289,6295
6283,6323
6285,6310
6293,6321
6283,6325
6292,6298
6290,6314
6313,6314
6311,6316
6305,6345
6283,6326
6278,6350
6280,6340
6286,6352
6316,6346
6316,6327
6306,6348
6285,6337
6300,6329
6292,6331
6271,6325
6296,6309
6308,6323
6278,6338
6288,6329
6300,6333
6286,6332
6292,6342
6294,6362
6291,6337
6309,6336
6300,6320
6305,6308
6287,6343
6280,6338
6292,6323
6282,6331
6303,6338
6302,6357
6302,6339
6296,6355
6299,6311
6294,6292
6286,6341
6285,6304
6303,6329
6278,6323
6292,6309
6286,6354
6292,6340
6296,6342
6304,6357
6301,6339
6291,6334
6290,6341
6296,6331
6313,6335
6287,6308
6278,6335
6267,6340
6282,6350
6294,6359
6314,6329
6283,6342
6292,6358
6289,6359
6275,6331
6297,6342
6284,6335
6282,6342
6289,6337
6297,6358
6311,6372
6299,6370
6291,6396
6288,6358
6282,6351
6288,6374
6285,6337
6272,6375
6261,6361
6252,6335
6277,6336
6276,6352
6273,6351
6283,6347
6286,6372
6291,6350
6265,6351
6272,6350
6263,6363
6253,6345
6257,6377
6284,6375
6272,6381
6268,6362
6276,6351
6260,6348
6274,6342
6283,6358
6275,6371
6269,6348
6271,6349
6281,6371
6280,6367
6301,6371
6264,6353
6267,6359
6277,6351
6290,6372
6274,6356
6273,6383
6277,6369
6266,6347
6272,6375
6273,6397
6281,6401
6271,6395
6260,6407
6268,6378
6256,6402
6270,6367
6241,6331
6236,6348
6259,6335
6273,6339
6284,6386
6256,6389
6276,6394
6273,6375
6261,6397
6284,6343
6248,6369
6260,6365
6248,6354
6245,6367
6263,6350
6265,6362
6251,6361
6253,6347
6243,6368
6256,6394
6259,6382
6247,6378
6250,6392
6264,6364
6247,6364
6252,6361
6244,6383
6258,6385
6263,6402
6250,6408
6244,6397
6252,6426
6259,6386
6261,6391
6258,6396
6255,6414
6229,6390
6238,6400
6238,6394
6241,6380
6251,6386
6238,6363
6226,6368
6238,6380
6248,6364
6243,6368
6239,6390
6244,6391
6229,6376
6249,6396
6266,6383
6240,6366
6253,6384
6265,6388
6266,6389
6258,6394
6239,6365
6220,6362
6239,6352
6235,6333
6245,6370
6255,6391
6238,6394
6243,6369
6238,6387
6249,6387
6248,6397
6246,6412
6239,6440
6238,6399
6243,6391
6216,6376
6252,6416
6246,6399
6255,6421
6258,6426
6223,6409
6262,6454
6247,6411
6266,6408
6252,6378
6233,6378
6241,6399
6254,6370
6241,6384
6258,6382
6235,6399
6242,6370
6260,6391
6247,6369
6242,6395
6236,6375
6228,6385
6239,6383
6238,6405
6254,6412
6229,6399
6231,6382
6237,6370
6236,6344
6243,6346
6239,6360
6243,6352
6232,6353
6257,6359
6248,6353
6241,6385
6249,6390
6234,6403
6229,6385
6235,6384
6238,6395
6249,6389
6250,6379
6237,6370
6226,6347
6226,6392
6226,6370
6226,6409
6254,6397
6257,6378
6226,6399
6230,6395
6231,6367
6252,6394
6242,6421
6224,6439
6224,6430
6233,6422
6233,6421
6231,6396
6225,6387
6229,6385
6228,6377
6242,6401
6241,6402
6234,6391
6235,6408
6231,6424
6237,6414
6220,6372
6227,6396
6223,6411
6214,6383
6223,6365
6216,6401
6239,6372
6220,6360
6231,6358
6228,6359
6220,6374
6220,6369
6223,6377
6233,6414
6211,6413
6226,6388
6228,6395
6230,6401
6216,6390
6224,6383
6216,6388
6228,6399
6231,6428
6232,6410
6221,6417
6237,6375
6238,6385
6221,6377
6229,6335
6218,6334
6218,6370
6231,6371
6236,6359
6234,6390
6234,6395
6231,6409
6231,6419
6236,6387
6227,6411
6236,6393
6231,6396
6230,6397
6233,6406
6223,6406
6229,6419
6239,6434
6231,6459
6233,6410
6237,6427
6219,6418
6218,6421
6219,6416
6233,6415
6227,6386
6224,6397
6223,6362
6232,6393
6237,6389
6233,6391
6228,6385
6220,6394
6227,6415
6236,6396
6228,6385
6243,6375
6222,6404
6224,6412
6241,6388
6223,6378
6229,6361
6224,6394
6227,6403
6234,6392
6222,6388
6232,6388
6223,6401
6230,6383
6240,6384
6239,6338
6235,6387
6230,6357
6239,6390
6245,6375
6244,6391
6228,6383
6234,6391
6236,6374
6236,6423
6242,6385
6231,6385
6224,6369
6230,6407
6232,6394
6225,6396
6223,6375
6225,6367
6228,6365
6232,6358
6239,6341
6228,6359
6241,6343
6228,6381
6232,6353
6233,6346
6231,6362
6234,6368
6230,6386
6253,6403
6239,6386
6240,6356
6235,6370
6234,6369
6234,6358
6231,6362
6236,6359
6237,6351
6242,6371
6224,6391
6228,6377
6229,6387
6246,6372
6237,6355
6225,6375
6240,6365
6240,6388
6246,6397
6233,6366
6231,6365
6243,6360
6244,6369
6241,6373
6225,6349
6231,6369
6235,6334
6243,6346
6240,6363
6243,6373
6235,6383
6236,6378
6235,6391
6239,6378
6237,6370
6226,6373
6230,6334
6230,6336
6238,6345
6226,6340
6251,6331
6231,6350
6228,6357
6234,6355
6228,6340
6236,6323
6244,6351
6248,6330
6238,6343
6237,6306
6231,6331
6246,6323
6229,6323
6242,6351
6244,6335
6234,6334
6237,6333
6239,6319
6239,6329
6236,6352
6239,6339
6227,6353
6233,6344
6218,6352
6225,6352
6228,6320
6235,6351
6238,6352
6256,6329
6252,6355
6240,6350
6235,6363
6231,6360
6231,6323
6248,6340
6246,6339
6258,6339
6267,6305
6258,6320
6266,6321
6253,6327
6256,6310
6254,6323
6262,6328
6261,6316
6275,6343
6281,6326
6283,6343
6284,6360
6299,6341
6305,6329
6396,6357
6315,6332
6138,6234
6621,6605
6402,6354
6227,6262
6313,6284
6395,6313
6432,6342
6420,6323
6448,6335
6495,6336
6553,6361
6585,6361
6631,6327
6693,6343
6749,6332
6822,6347
6915,6375
6984,6362
7140,6365
7209,6355
7305,6329
7378,6356
7448,6327
7584,6334
7745,6357
7967,6365
8239,6368
8606,6357
9015,6352
9312,6359
9577,6334
9753,6368
9823,6351
9615,6329
9616,6384
9568,6398
9615,6406
9712,6389
9795,6386
9813,6408
9678,6398
9483,6436
9308,6438
9010,6484
8797,6505
8590,6528
8487,6557
8312,6601
8160,6661
7943,6713
7780,6774
7585,6820
7416,6955
7284,6988
7133,7052
7023,7147
6946,7196
6832,7264
6765,7376
6748,7411
6770,7448
6838,7452
6996,7432
7172,7375
7490,7301
7713,7278
8061,7183
8370,7093
8607,6991
8807,6884
8993,6725
9281,6675
9523,6608
9837,6612
9936,6637
10216,6712
10376,6740
10459,6824
10443,6929
10556,7058
10461,7180
10397,7322
10559,7497
10474,7604
10630,7687
10641,7886
10499,8200
10452,8436
10184,8628
10010,8802
9604,8990
9263,9158
9077,9404
8885,9507
8613,9771
8412,9985
8126,10175
7909,10172
7666,10140
7428,10106
7275,10158
7058,10157
6942,10063
6841,9808
6789,9611
6762,9252
6810,8996
6827,8898
6921,8571
7053,8312
7187,8106
7358,7885
7536,7714
7683,7536
7911,7388
8169,7290
8326,7149
8586,6997
8903,6922
9251,6861
9540,6790
9844,6801
10257,6770
10666,6801
10901,6883
11267,6979
11623,7115
11855,7234
12074,7358
12223,7454
12347,7652
12330,7777
12497,7949
12484,8186
12551,8367
12290,8508
12268,8764
12229,8913
12090,9032
11856,9109
11514,9070
10975,9095
10705,9261
10447,9272
10003,9211
9714,9158
9324,9104
8881,9011
8485,8980
8168,8933
7867,8810
7607,8694
7381,8502
7161,8365
7026,8244
6919,8127
6870,7994
6880,7859
6932,7668
7054,7498
7235,7357
7406,7223
7732,7106
7944,6945
8259,6854
8626,6747
8972,6711
9374,6685
9808,6657
10184,6639
10618,6691
11066,6782
11143,6903
11503,7012
11944,7177
12442,7373
12524,7598
12775,7849
12952,8172
13280,8422
13560,8753
13734,9154
13735,9375
13533,9546
13147,9767
12944,10043
12802,10385
12520,10510
12107,10747
11857,10955
11474,10942
11070,10866
10469,11010
10092,10907
9521,11011
9057,10838
8691,10826
8269,10683
7938,10647
7645,10447
7378,10276
7174,10040
7062,9787
6926,9460
6874,9333
6790,9062
6886,8857
6939,8599
7106,8325
7200,8073
7424,7842
7666,7575
7959,7432
8403,7223
8666,7065
9129,6918
9461,6844
9677,6731
10099,6695
10457,6719
10693,6755
10900,6824
11032,6989
11377,7130
11665,7389
11704,7705
11866,7990
11713,8225
11604,8581
11374,8899
11432,9145
11381,9422
11317,9712
11148,9992
11057,10407
10898,10558
10797,10871
10456,11129
10204,11191
9886,11303
9526,11537
9203,11653
8912,11588
8678,11587
8472,11610
8216,11568
7992,11457
7843,11362
7585,11200
7374,10879
7169,10450
7027,10160
6894,10038
6826,9730
6784,9354
6749,8981
6787,8697
6860,8416
6958,8095
7099,7862
7237,7605
7466,7311
7728,7132
7990,7056
8226,6933
8533,6854
8818,6782
9151,6761
9588,6686
9944,6657
10244,6710
10529,6760
10824,6838
11043,6945
11312,7125
11478,7213
11763,7433
11987,7638
12042,7846
12134,8081
12186,8283
12120,8463
12305,8662
12186,8910
12100,9081
11948,9328
11766,9464
11451,9509
11219,9745
10919,9923
10667,10009
10290,10011
9926,10092
9587,10045
9257,10044
8987,9933
8629,9960
8271,9798
7968,9609
7714,9527
7498,9445
7262,9313
7096,9121
6977,8925
6908,8757
6849,8517
6871,8375
6868,8101
6903,7865
6986,7734
7076,7540
7184,7356
7302,7210
7468,7097
7684,7019
7900,6906
8009,6831
8188,6718
8333,6675
8644,6667
8871,6654
9286,6737
9454,6813
9565,6912
9676,7071
9807,7240
9865,7343
9983,7514
9972,7771
9992,8016
10024,8281
10057,8484
9996,8776
10092,8995
9965,9328
9839,9541
9667,9744
9597,9890
9456,10096
9359,10208
9177,10262
8929,10331
8659,10461
8553,10541
8283,10318
8096,10285
7854,10240
7565,10117
7376,9974
7209,9808
7001,9680
6872,9488
6768,9196
6696,9044
6661,8804
6660,8590
6710,8335
6778,8176
6867,7855
7030,7664
7185,7444
7399,7277
7718,7101
7894,6957
8134,6819
8408,6744
8669,6684
8846,6669
9139,6631
9355,6597
9662,6599
9961,6625
10190,6678
10314,6736
10384,6803
10538,6923
10566,7026
10626,7149
10710,7309
10602,7463
10634,7711
10349,7903
10203,8010
10034,8209
9871,8398
9706,8665
9602,8840
9513,9111
9326,9243
9086,9330
8824,9319
8654,9477
8376,9473
8147,9544
7884,9585
7672,9533
7444,9446
7287,9342
7192,9242
7047,9182
6912,9052
6783,8928
6666,8581
6620,8449
6622,8216
6619,8036
6615,7857
6636,7607
6705,7382
6801,7219
6988,7071
7071,6945
7220,6770
7402,6685
7590,6573
7802,6547
8057,6533
8193,6531
8401,6551
8693,6576
8987,6643
9263,6719
9417,6868
9659,6897
9971,7021
10252,7164
10558,7325
10949,7440
11131,7688
11253,7833
11378,8004
11555,8144
11512,8314
11602,8405
11673,8531
11648,8659
11613,8829
11459,8915
11158,9018
11090,9019
10815,9006
10474,9136
10141,9149
9797,9182
9424,9256
9079,9138
8838,9163
8441,9119
8146,8980
7822,8913
7532,8855
7322,8700
7121,8545
7017,8481
6904,8323
6854,8234
6812,8091
6868,7930
6934,7789
7030,7676
7128,7529
7397,7393
7634,7235
7901,7068
8249,6959
8607,6878
8997,6763
9312,6651
9660,6596
9903,6589
10188,6639
10406,6665
10661,6695
10803,6775
11115,6890
11160,7032
11339,7208
11494,7374
11778,7654
12031,7893
12159,8120
11931,8394
11533,8777
11174,9078
11059,9294
11002,9584
10844,9944
10520,10162
10370,10356
10298,10567
10086,10792
9927,10837
9602,10900
9171,11018
8790,11161
8521,11090
8311,11015
7998,10926
7776,10747
7562,10482
7343,10293
7134,10193
7054,9978
7023,9783
7015,9466
6910,9182
6916,8922
7001,8656
7090,8366
7271,8090
7442,7824
7683,7575
7885,7310
8137,7197
8211,7085
8428,6925
8580,6851
8996,6776
9169,6728
9454,6759
9713,6772
10039,6849
10166,6938
10442,7006
10697,7167
11114,7325
11170,7506
11162,7695
11243,7914
11192,8258
11068,8519
11044,8773
11572,9059
11050,9446
10597,9371
10342,9761
10063,9983
9947,9963
9643,10172
9338,10202
9015,10331
8657,10367
8275,10321
8088,10417
7850,10315
7570,10275
7376,10242
7214,9909
7072,9739
6959,9475
6878,9298
6810,9203
6763,8952
6739,8636
6711,8467
6759,8282
6872,8039
6927,7865
7066,7715
7142,7535
7218,7384
7389,7201
7512,7038
7706,6859
7890,6771
8003,6686
8168,6599
8288,6574
8471,6630
8543,6650
8738,6714
8894,6791
9087,6893
9268,7048
9267,7138
9397,7299
9507,7532
9683,7702
9774,7885
9872,8026
9920,8150
10031,8241
10007,8411
9993,8572
9845,8663
9770,8822
9686,8954
9469,9035
9287,8978
9041,8950
8869,8952
8576,9012
8355,8932
8121,8872
7906,8852
7684,8721
7458,8648
7297,8549
7110,8516
6987,8354
6807,8132
6744,7997
6691,7862
6669,7773
6625,7644
6665,7545
6703,7416
6749,7284
6852,7198
6938,7103
7091,7040
7251,6966
7381,6850
7577,6776
7710,6703
7890,6628
8031,6587
8175,6538
8347,6523
8497,6561
8679,6598
8875,6677
9118,6746
9219,6844
9342,6991
9449,7129
9520,7309
9648,7482
9758,7552
9918,7773
9946,8023
10084,8228
10056,8323
9928,8563
10003,8652
9966,8692
9862,8789
9755,8855
9588,8982
9447,9016
9173,9046
8939,9061
8736,9047
8568,9032
8374,8954
8064,8821
7950,8636
7736,8515
7548,8411
7366,8291
7204,8167
7045,8019
6919,7957
6878,7772
6837,7719
6882,7544
6978,7432
7105,7267
7290,7164
7544,7040
7830,6967
8129,6888
8470,6792
9085,6687
9589,6639
10101,6603
10679,6569
11344,6578
12005,6563
12571,6609
13219,6673
13734,6733
14088,6853
14408,6962
14809,7123
15141,7280
15364,7484
15531,7697
15788,7898
15983,8206
15796,8465
15685,8789
15630,8985
15421,9232
14895,9422
14310,9633
13812,9757
13111,10116
12659,10457
12350,10699
11863,10797
11223,10927
10609,11090
10132,11244
9676,11263
9330,11401
8854,11475
8399,11487
8040,11265
7745,11037
7438,10884
7338,10530
7225,10303
7183,10074
7149,9772
7198,9451
7261,9152
7496,8870
7618,8524
7896,8236
8136,7900
8358,7575
8729,7338
9051,7184
9473,6971
9903,6864
10359,6810
10731,6738
11207,6777
11509,6831
11706,6949
12105,7142
12446,7396
12659,7671
12715,7910
13009,8221
13213,8487
13540,8826
13811,9229
13988,9702
14020,10063
13943,10366
13662,10668
13660,10944
13956,11041
13920,11304
13694,11617
13231,11861
12821,12025
12413,12174
11984,12226
11654,12207
11225,12207
10673,12139
10139,11985
9708,11762
9302,11647
8912,11569
8569,11275
8122,10990
7820,10768
7587,10377
7422,9861
7417,9494
7452,9174
7567,8936
7821,8681
8263,8317
8720,8030
9208,7756
9869,7517
10661,7419
11474,7277
12106,7128
12755,7071
13539,7044
14344,7063
15018,7074
15469,7120
16102,7234
16383,7424
16383,7676
16383,7993
16383,8329
16383,8649
16383,9047
16383,9495
16383,10047
16383,10582
16383,11174
16383,11625
16311,11935
16029,12567
15655,13146
15409,13689
14795,14165
14178,14664
13412,15337
12736,15894
12187,15793
11549,16031
10920,16143
10377,16322
9929,16342
9643,16370
9212,15920
8891,15355
8616,14753
8414,14213
8235,13923
7971,13500
7847,12980
7825,12184
7673,11509
7597,10726
7588,10098
7560,9534
7656,9095
7751,8624
7824,8165
8105,7743
8541,7423
8832,7236
9230,7052
9759,6979
10217,6921
10749,6916
11046,7063
11540,7149
12177,7310
12557,7475
12725,7848
13271,8179
13404,8501
13895,8976
13989,9323
13138,9663
14160,10121
15417,10516
14567,10993
12047,11330
9780,11633
8118,11914
7122,12259
6644,12230
6427,12420
6311,12580
6262,12649
6221,12722
6201,12840
6184,12822
6183,12777
6188,13027
6179,13185
6167,13224
6179,13226
6176,13058
6166,13148
6146,13105
6148,12753
6146,12731
6150,12333
6143,11971
6132,11395
6142,10906
6143,10398
6129,9893
6148,9426
6127,9010
6133,8469
6143,8094
6129,7779
6127,7500
6133,7406
6122,7208
6133,7091
6126,7027
6131,7075
6123,7053
6129,7102
6130,7155
6108,7252
6121,7426
6124,7630
6121,7849
6123,7967
6123,8368
6127,8582
6128,8677
6107,9358
6118,9751
6117,9395
6125,9001
6120,8825
6113,8351
6120,7710
6124,7126
6104,6718
6114,6458
6111,6338
6110,6313
6120,6271
6114,6241
6108,6236
6113,6233
6112,6230
6115,6213
6109,6207
6104,6189
6105,6202
6102,6199
6101,6176
6101,6136
6113,6121
6110,6090
6086,6049
6110,6097
6114,6089
6111,6073
6110,6090
6108,6083
6106,6086
6107,6074
6108,6076
6115,6071
6104,6074
6115,6075
6113,6074
6113,6067
6109,6073
6099,6084
6108,6074
6118,6066
6115,6067
6104,6069
6102,6069
6112,6065
6116,6061
6108,6061
6109,6073
6106,6071
6112,6049
6107,6079
6110,6072
6110,6051
6107,6066
6115,6066
6119,6064
6111,6043
6107,6058
6109,6063
6120,6066
6112,6074
6114,6060
6100,6048
6119,6062
6113,6049
6111,6052
6113,6050
6119,6061
6129,6051
6120,6068
6115,6051
6117,6051
6110,6064
6108,6056
6119,6056
6108,6050
6105,6043
6117,6052
6109,6051
6114,6061
6112,6042
6111,6053
6116,6063
6119,6052
6117,6063
6115,6045
6110,6049
6114,6069
6103,6049
6110,6054
6117,6060
6118,6047
6110,6063
6111,6058
6117,6052
6124,6054
6111,6037
6107,6055
6116,6034
6116,6054
6114,6045
6109,6053
6114,6056
6105,6053
6104,6047
6114,6051
6105,6033
6108,6055
6113,6063
6115,6041
6103,6048
6113,6054
6111,6041
6110,6042
6110,6050
6114,6051
6111,6041
6112,6054
6112,6061
6118,6049
6106,6049
6105,6054
6106,6044
6104,6047
6113,6048
6120,6054
6111,6058
6106,6038
6109,6048
6110,6058
6106,6049
6115,6046
6106,6055
6109,6046
6112,6055
6124,6055
6106,6047
6101,6058
6103,6057
6107,6058
6106,6052
6105,6042
6106,6064
6112,6055
6105,6054
6110,6033
6113,6052
6096,6064
6093,6037
6113,6047
6121,6053
6105,6041
6110,6051
6098,6054
6101,6054
6106,6062
6105,6049
6115,6056
6094,6055
6102,6053
6107,6046
6112,6050
6105,6048
6112,6051
6104,6063
6100,6057
6102,6050
6112,6050
6106,6053
6103,6063
6101,6067
6101,6052
6099,6033
6112,6050
6099,6048
6106,6054
6116,6055
6118,6047
6106,6052
6098,6042
6105,6043
6101,6041
6108,6061
5855,6149
5920,6122
5898,5129
6365,6366
6051,5994
6057,5980
6095,6022
6107,6041
6078,6032
6098,6036
6105,6063
6110,6060
6096,6038
6096,6050
6110,6043
6108,6052
6111,6046
6108,6038
6101,6038
6111,6055
6105,6043
6102,6039
6104,6047
6104,6057
6100,6050
6114,6035
6098,6044
6096,6054
6095,6060
6112,6049
6107,6054
6092,6048
6102,6024
6111,6065
6106,6042
6094,6045
6107,6042
6109,6038
6106,6047
6107,6056
6097,6052
6118,6043
6102,6056
6106,6048
6097,6047
6102,6051
6101,6061
6095,6050
6096,6045
6111,6049
6104,6049
6089,6056
6109,6047
6090,6050
6092,6045
6097,6053
6100,6036
6111,6040
6102,6033
6110,6056
6104,6054
6098,6050
6102,6051
6100,6041
6104,6042
6105,6056
6101,6050
6107,6051
6110,6060
6103,6059
6114,6044
6106,6047
6106,6050
6104,6053
6103,6053
6108,6057
6106,6049
6114,6056
6107,6054
6107,6040
6108,6024
6110,6060
6113,6040
6108,6066
6109,6056
6106,6042
6107,6059
6111,6047
6112,6051
6114,6052
6106,6049
6108,6052
6104,6041
6107,6042
6114,6054
6108,6046
6111,6061
6108,6062
6115,6060
6107,6054
6118,6050
6115,6062
6110,6053
6116,6063
6117,6061
6095,6059
6117,6048
6108,6060
6106,6050
6108,6053
6112,6067
6118,6043
6111,6040
6111,6049
6109,6044
6102,6054
6105,6055
6109,6064
6105,6062
6109,6047
6113,6060
6107,6056
6113,6050
6099,6037
6112,6057
6107,6058
6092,6049
6100,6046
6107,6044
6108,6047
6122,6055
6099,6039
6107,6042
6115,6062
6108,6046
6103,6041
6109,6034
6110,6046
6109,6037
6101,6062
6105,6051
6104,6059
6108,6054
6105,6052
6105,6045
6106,6047
6103,6049
6102,6059
6103,6038
6102,6038
6108,6046
6112,6053
6099,6050
6107,6052
6116,6051
6113,6051
6101,6056
6106,6051
6115,6044
6106,6054
6107,6055
6104,6057
6102,6049
6103,6045
6102,6044
6108,6061
6100,6048
6101,6049
6107,6041
6101,6048
6103,6044
6088,6059
6114,6052
6130,6046
6119,6054
6103,6049
6104,6065
6105,6047
6104,6047
6116,6054
6112,6060
6111,6043
6106,6058
6112,6050
6116,6051
6120,6051
6106,6054
6101,6072
6118,6047
6112,6053
6117,6041
6117,6051
6120,6046
6119,6039
6124,6053
6117,6049
6113,6048
6120,6059
6126,6052
6117,6051
6119,6050
6112,6053
6110,6061
6117,6047
6116,6040
6112,6042
6120,6045
6120,6053
6124,6046
6112,6045
6117,6062
6105,6059
6109,6039
6118,6042
6105,6046
6117,6057
6111,6055
6114,6039
6114,6044
6106,6054
6106,6050
6106,6048
6118,6061
6121,6048
6116,6053
6108,6056
6117,6058
6107,6044
6113,6049
6120,6047
6117,6032
6108,6046
6107,6056
6107,6081
6115,6050
6111,6051
6111,6047
6119,6052
6111,6055
6114,6053
6107,6053
6106,6055
6116,6039
6106,6041
6121,6043
6117,6051
6113,6051
6107,6045
6113,6041
6119,6038
6118,6051
6109,6051
6115,6053
6114,6052
6112,6045
6116,6054
6107,6041
6115,6044
6125,6055
6104,6062
6111,6038
6111,6052
6119,6078
6116,6047
6112,6062
6111,6044
6122,6046
6119,6047
6105,6058
6033,5980
6071,6029
6128,6051
6098,6049
6081,6023
6129,6058
6119,6047
6118,6063
6114,6041
6123,6043
6115,6048
6115,6054
6120,6053
6113,6051
6128,6062
6119,6061
6119,6063
6120,6049
6104,6049
6126,6051
6129,6062
6112,6058
6109,6058
6110,6058
6112,6063
6113,6054
6113,6046
6130,6067
6116,6053
6126,6050
6109,6047
6123,6056
6122,6069
6126,6060
6122,6051
6111,6042
6127,6057
6124,6061
