Channel 1,Channel 2
6105,6053
6114,6051
6108,6044
6102,6054
6102,6064
6104,6054
6108,6058
6109,6049
6102,6047
6101,6073
6102,6043
6109,6056
6116,6054
6107,6053
6100,6050
6099,6058
6104,6045
6103,6053
6103,6061
6110,6056
6095,6058
6098,6057
6105,6052
6115,6049
6109,6042
6103,6060
6105,6059
6106,6048
6102,6056
6098,6057
6101,6052
6104,6062
6102,6060
6105,6057
6098,6050
6111,6069
6106,6047
6103,6043
6117,6059
6118,6057
6102,6042
6099,6035
6104,6039
6110,6053
6097,6052
6115,6053
6104,6049
6094,6061
6097,6031
6102,6038
6113,6063
6111,6049
6109,6060
6101,6054
6103,6042
6104,6052
6104,6056
6111,6057
6101,6056
6103,6058
6103,6060
6115,6062
6105,6028
6104,6057
6117,6056
6108,6040
6098,6046
6102,6048
6101,6042
6095,6056
6104,6039
6099,6034
6097,6039
6093,6049
6101,6060
6101,6054
6098,6056
6106,6048
6102,6046
6102,6057
6091,6050
6104,6055
6105,6053
6096,6040
6107,6061
6090,6053
6089,6040
6098,6030
6099,6054
6091,6051
6096,6051
6105,6057
6094,6056
6091,6034
6111,6056
6097,6049
6095,6065
6098,6053
6095,6055
6095,6053
6104,6058
6101,6050
6096,6045
6105,6052
6107,6049
6098,6051
6094,6050
6103,6054
6104,6045
6100,6048
6105,6056
6100,6046
6108,6047
6113,6040
6103,6054
6101,6062
6112,6045
6105,6055
6102,6056
6098,6037
6111,6061
6104,6050
6112,6055
6104,6060
6098,6057
6112,6059
6107,6056
6110,6052
6108,6061
6101,6063
6104,6047
6106,6063
6102,6045
6104,6058
6103,6051
6104,6057
6099,6034
6096,6038
6107,6051
6117,6053
6104,6047
6108,6069
6103,6063
6116,6058
6111,6051
6098,6048
6113,6061
6112,6060
6112,6060
6115,6052
6110,6050
6124,6056
6172,6113
6135,6068
6179,6193
6121,6052
6119,6058
6105,6062
6107,6070
6109,6065
6094,6064
6107,6072
6117,6053
6102,6062
6114,6054
6122,6049
6108,6055
6112,6061
6109,6048
6100,6064
6109,6040
6108,6045
6094,6046
6099,6063
6102,6060
6105,6045
6096,6055
6104,6057
6113,6064
6101,6062
6101,6058
6103,6053
6105,6052
6106,6053
6094,6054
6106,6046
6099,6056
6104,6063
6107,6053
6105,6056
6103,6055
6096,6068
6103,6055
6098,6054
6096,6054
6109,6055
6117,6068
6101,6062
6096,6057
6103,6050
6105,6054
6103,6055
6101,6026
6110,6048
6103,6052
6110,6046
6102,6054
6103,6049
6104,6038
6105,6047
6107,6051
6100,6046
6105,6055
6111,6050
6108,6052
6097,6048
6111,6057
6111,6046
6113,6053
6115,6059
6105,6051
6104,6057
6106,6041
6111,6041
6116,6057
6116,6035
6108,6054
6113,6050
6106,6045
6119,6052
6107,6051
6107,6057
6110,6056
6116,6058
6109,6059
6114,6061
6116,6038
6118,6057
6114,6052
6115,6056
6111,6055
6114,6055
6114,6054
6122,6063
6116,6060
6118,6050
6111,6049
6109,6055
6111,6042
6111,6056
6117,6054
6119,6065
6113,6064
6117,6040
6109,6052
6107,6053
6110,6060
6109,6062
6107,6053
6106,6050
6117,6053
6105,6056
6109,6049
6107,6053
6112,6049
6107,6054
6107,6049
6113,6051
6113,6049
6110,6060
6114,6056
6115,6062
6102,6049
6113,6056
6117,6066
6117,6053
6116,6050
6108,6053
6099,6064
6120,6055
6111,6065
6109,6048
6117,6034
6114,6049
6119,6054
6110,6063
6112,6031
6109,6052
6116,6043
6123,6047
6107,6058
6112,6043
6110,6050
6111,6043
6115,6050
6112,6057
6115,6047
6115,6048
6115,6048
6115,6048
6116,6055
6107,6045
6119,6035
6111,6058
6105,6050
6113,6066
6110,6058
6109,6047
6112,6040
6111,6047
6113,6063
6120,6044
6117,6055
6117,6057
6106,6046
6105,6050
6118,6056
6111,6058
6109,6058
6106,6066
6120,6061
6113,6066
6107,6039
6117,6048
6109,6062
6122,6054
6114,6067
6110,6059
6125,6065
6111,6049
6115,6054
6117,6059
6103,6048
6120,6060
6118,6059
6112,6054
6117,6068
6112,6063
6112,6060
6117,6065
6112,6057
6123,6064
6114,6063
6124,6063
6110,6055
6119,6059
6117,6066
6117,6052
6113,6058
6111,6063
6120,6060
6130,6063
6121,6047
6121,6055
6117,6050
6111,6068
6119,6050
6117,6047
6123,6048
6117,6049
6117,6049
6112,6056
6117,6063
6115,6071
6120,6050
6115,6048
6119,6064
6125,6019
6123,6060
6119,6044
6123,6064
6099,6069
6110,6059
6119,6052
6116,6050
6118,6061
6113,6064
6111,6062
6117,6054
6120,6049
6116,6063
6114,6053
6114,6053
6111,6050
6118,6049
6111,6060
6122,6057
6115,6055
6110,6052
6113,6055
6121,6061
6120,6059
6122,6059
6114,6060
6115,6064
6109,6061
6119,6064
6121,6061
6107,6058
6111,6047
6119,6060
6115,6047
6112,6063
6111,6056
6111,6056
6115,6060
6115,6058
6119,6061
6118,6055
6115,6053
6121,6054
6122,6058
6117,6059
6114,6065
6127,6058
6113,6054
6118,6063
6117,6063
6111,6045
6110,6069
6120,6058
6125,6062
6117,6056
6122,6052
6123,6049
6121,6057
6121,6057
6112,6063
6113,6056
6117,6062
6118,6049
6115,6068
6118,6051
6115,6063
6120,6051
6118,6050
6116,6061
6114,6063
6122,6052
6117,6063
0,36
0,61680
0,0
6115,6054
5604,5562
5596,5581
5600,5576
5596,5574
5603,5583
5602,5584
5603,5575
5603,5582
5820,5767
6358,6312
6311,6308
6289,6284
6298,6281
6318,6304
6313,6313
6311,6309
6307,6305
6303,6346
6297,6336
6301,6340
6321,6346
6312,6321
6312,6319
6294,6322
6286,6320
6299,6363
6303,6337
6296,6321
6294,6332
6324,6310
6295,6313
6280,6353
6291,6339
6292,6328
6310,6333
6341,6339
6336,6321
6311,6340
6309,6334
6303,6342
6308,6338
6294,6334
6283,6350
6283,6323
6303,6323
6290,6342
6292,6323
6312,6335
6308,6336
6310,6348
6305,6351
6310,6345
6318,6324
6314,6345
6315,6328
6307,6300
6298,6335
6297,6357
6300,6344
6303,6322
6303,6340
6316,6344
6290,6321
6289,6336
6293,6328
6292,6327
6314,6339
6300,6348
6303,6328
6323,6333
6316,6326
6292,6309
6300,6298
6299,6315
6298,6336
6290,6337
6277,6332
6294,6308
6298,6326
6316,6339
6309,6324
6280,6327
6293,6331
6291,6310
6285,6332
6261,6323
6301,6327
6290,6328
6302,6318
6319,6331
6286,6342
6274,6326
6277,6347
6302,6351
6283,6323
6294,6341
6288,6339
6305,6341
6307,6333
6310,6344
6282,6337
6284,6376
6297,6347
6296,6332
6296,6326
6293,6329
6300,6352
6280,6337
6314,6369
6310,6347
6312,6353
6321,6359
6307,6343
6299,6360
6298,6353
6301,6331
6300,6358
6304,6333
6311,6377
6317,6365
6293,6351
6317,6350
6311,6311
6319,6319
6303,6336
6304,6316
6294,6326
6277,6308
6294,6310
6222,6241
6352,6306
6303,6299
6307,6332
6305,6354
6274,6336
6306,6345
6284,6325
6264,6347
6265,6356
6293,6352
6310,6345
6295,6359
6282,6343
6294,6336
6290,6325
6291,6334
6297,6329
6310,6345
6302,6352
6275,6339
6299,6354
6296,6344
6330,6346
6331,6373
6293,6349
6296,6356
6299,6346
6292,6351
6291,6357
6282,6336
6286,6356
6299,6351
6303,6355
6286,6376
6292,6352
6289,6365
6307,6322
6296,6338
6284,6351
6289,6329
6294,6339
6302,6330
6281,6327
6279,6346
6292,6325
6319,6339
6321,6330
6294,6342
6305,6342
6298,6350
6299,6351
6320,6322
6293,6339
6270,6318
6271,6348
6282,6345
6301,6354
6321,6354
6313,6335
6305,6335
6305,6350
6265,6364
6287,6345
6301,6351
6303,6352
6297,6361
6292,6361
6294,6353
6296,6364
6301,6352
6279,6339
6285,6340
6289,6347
6298,6344
6281,6356
6250,6354
6280,6338
6272,6344
6274,6338
6286,6358
6296,6350
6290,6367
6289,6352
6275,6336
6283,6344
6281,6360
6262,6344
6277,6352
6273,6374
6279,6376
6265,6360
6275,6368
6263,6346
6271,6316
6280,6349
6278,6349
6258,6345
6291,6350
6304,6367
6295,6352
6309,6373
6280,6364
6268,6377
6273,6357
6272,6374
6283,6368
6288,6363
6283,6352
6255,6379
6258,6385
6275,6382
6286,6396
6266,6376
6270,6403
6266,6394
6269,6416
6246,6389
6246,6330
6248,6340
6253,6365
6262,6354
6287,6344
6271,6376
6259,6362
6278,6367
6287,6380
6285,6359
6272,6367
6272,6359
6275,6355
6280,6351
6266,6353
6263,6354
6262,6372
6262,6344
6252,6331
6256,6374
6252,6368
6259,6386
6259,6384
6262,6367
6248,6354
6250,6350
6258,6379
6244,6358
6251,6366
6271,6368
6256,6377
6249,6385
6269,6382
6255,6403
6265,6394
6252,6393
6243,6377
6250,6388
6241,6386
6246,6385
6250,6370
6236,6376
6240,6348
6242,6360
6235,6363
6244,6370
6236,6388
6240,6395
6256,6376
6255,6402
6249,6387
6260,6410
6254,6370
6260,6392
6241,6390
6261,6376
6250,6374
6228,6359
6241,6354
6252,6323
6241,6374
6242,6396
6247,6394
6236,6409
6237,6382
6250,6385
6247,6397
6246,6406
6241,6398
6242,6416
6234,6411
6244,6386
6241,6403
6240,6422
6247,6426
6237,6427
6237,6421
6242,6403
6251,6390
6255,6393
6237,6386
6244,6374
6250,6376
6258,6381
6249,6371
6246,6363
6251,6368
6262,6385
6252,6381
6248,6363
6239,6390
6232,6387
6232,6370
6248,6383
6230,6388
6241,6370
6224,6382
6231,6392
6241,6380
6253,6363
6241,6378
6233,6372
6240,6390
6250,6366
6228,6375
6242,6375
6247,6384
6242,6386
6247,6387
6244,6397
6250,6411
6248,6390
6227,6387
6249,6383
6239,6389
6229,6373
6239,6384
6227,6381
6243,6358
6253,6374
6253,6392
6239,6408
6234,6410
6230,6413
6250,6424
6233,6423
6230,6417
6226,6414
6231,6389
6223,6400
6236,6392
6245,6371
6228,6392
6235,6370
6235,6395
6223,6414
6237,6417
6233,6430
6227,6394
6248,6429
6233,6393
6228,6382
6224,6393
6224,6374
6222,6366
6231,6392
6234,6391
6218,6398
6232,6395
6176,6356
6207,6368
6266,6360
6193,6340
6189,6372
6224,6400
6244,6410
6231,6402
6225,6410
6229,6397
6236,6415
6220,6422
6221,6426
6237,6423
6239,6402
6231,6394
6224,6385
6238,6369
6222,6390
6232,6388
6216,6384
6230,6392
6229,6377
6225,6397
6224,6405
6223,6387
6239,6418
6221,6425
6233,6400
6241,6416
6236,6401
6228,6408
6232,6415
6231,6439
6223,6414
6232,6425
6242,6434
6228,6471
6233,6435
6237,6435
6241,6415
6222,6422
6237,6431
6232,6407
6240,6389
6236,6408
6231,6420
6246,6410
6222,6439
6233,6438
6233,6443
6228,6423
6227,6434
6235,6417
6231,6432
6235,6433
6225,6442
6235,6471
6229,6445
6229,6401
6219,6379
6222,6415
6225,6390
6232,6407
6208,6426
6225,6429
6226,6410
6225,6432
6242,6453
6232,6411
6223,6423
6222,6400
6234,6389
6228,6382
6236,6401
6216,6398
6241,6418
6244,6434
6227,6409
6231,6454
6244,6438
6228,6405
6235,6427
6229,6444
6226,6434
6227,6415
6224,6412
6220,6407
6230,6399
6238,6383
6230,6409
6238,6416
6237,6403
6234,6384
6239,6380
6233,6386
6235,6396
6234,6396
6239,6421
6230,6424
6240,6412
6227,6407
6243,6420
6237,6382
6243,6382
6239,6387
6244,6368
6236,6376
6238,6415
6243,6401
6236,6419
6224,6378
6230,6394
6239,6402
6238,6407
6233,6420
6237,6436
6225,6428
6236,6400
6239,6391
6244,6374
6233,6389
6226,6356
6231,6393
6253,6404
6235,6393
6230,6402
6244,6435
6241,6402
6239,6410
6243,6431
6239,6440
6247,6410
6240,6398
6231,6368
6229,6403
6244,6388
6228,6377
6236,6389
6242,6379
6236,6376
6246,6382
6242,6374
6242,6383
6250,6387
6245,6382
6249,6376
6225,6376
6236,6347
6250,6386
6241,6367
6246,6410
6244,6391
6245,6388
6237,6379
6244,6355
6242,6363
6231,6397
6249,6391
6246,6386
6253,6394
6237,6372
6240,6368
6231,6382
6238,6387
6262,6350
6247,6358
6258,6378
6245,6379
6241,6364
6247,6382
6254,6362
6260,6375
6256,6380
6256,6381
6276,6345
6274,6339
6265,6341
6269,6367
6276,6344
6266,6336
6294,6330
6302,6328
6297,6375
6316,6348
6349,6360
6348,6373
6343,6363
6360,6332
6353,6338
6385,6350
6420,6339
6443,6352
6469,6349
6500,6339
6530,6342
6588,6356
6650,6371
6675,6363
6703,6361
6743,6368
6811,6380
6882,6351
7001,6356
7082,6363
7206,6369
7442,6355
7650,6347
7781,6383
8023,6377
8383,6394
8553,6356
8689,6382
8817,6382
8944,6375
9010,6355
9137,6366
9288,6387
9447,6383
9442,6384
9536,6377
9584,6366
9433,6372
9260,6395
9067,6398
8880,6411
8804,6419
8617,6417
8421,6441
8401,6463
8152,6478
8024,6507
7961,6503
7806,6546
7707,6635
7559,6680
7427,6687
7348,6729
7245,6778
7113,6815
7055,6874
7017,6912
7007,6935
6960,6938
6911,6939
6912,6960
6940,6922
7061,6920
7209,6911
7351,6882
7506,6827
7735,6806
8061,6750
8505,6700
8826,6676
9082,6619
9296,6634
9583,6660
9902,6645
10058,6701
10278,6766
10398,6825
10618,6915
10651,7035
10733,7119
10644,7198
10728,7254
10799,7341
10636,7410
10276,7412
10460,7840
10404,8025
10176,7973
10036,8055
9933,8199
9753,8385
9447,8477
9224,8676
9015,8703
8758,8832
8476,8964
8185,8955
7956,9114
7713,9120
7431,9079
7219,9057
7089,9122
6954,9025
6818,8989
6745,8854
6720,8626
6711,8524
6732,8334
6789,8165
6866,7968
6964,7736
7111,7533
7243,7362
7414,7247
7663,7110
7984,7000
8271,6894
8537,6837
8699,6783
9020,6751
9380,6767
9649,6769
9948,6844
10137,6893
10471,6958
10896,7067
11145,7198
11519,7303
11958,7438
12326,7585
12255,7733
12529,7907
12727,8196
12751,8381
12782,8543
12694,8734
12627,9034
12451,9149
12335,9297
12069,9449
11702,9456
11302,9468
10965,9549
10842,9592
10435,9627
10165,9659
9564,9614
9138,9677
8883,9630
8501,9566
8272,9438
8029,9286
7768,9179
7486,8944
7314,8871
7116,8740
7010,8590
6946,8426
6945,8226
6994,8096
7136,7921
7264,7674
7521,7501
7762,7350
7998,7199
8311,7060
8601,6938
8853,6847
9282,6774
9585,6713
9799,6693
10148,6716
10663,6732
10761,6832
11319,6964
11529,7114
11952,7305
12186,7520
12182,7695
12368,7873
12575,8206
12878,8511
12659,8754
12771,9091
12746,9350
12735,9667
12809,9948
12676,10355
12385,10443
12031,10490
11498,10710
11029,10867
10844,11102
10656,11383
10342,11417
10032,11431
9593,11206
9210,11110
8748,10971
8466,10987
8097,10921
7763,10542
7524,10622
7273,10332
7035,10208
6909,9960
6812,9681
6783,9308
6763,8974
6801,8647
6834,8424
6932,8131
7058,7868
7267,7623
7489,7446
7704,7232
7973,7084
8304,6938
8683,6834
9003,6765
9242,6759
9451,6741
9728,6789
9975,6900
10302,7034
10540,7186
10696,7342
10961,7576
11119,7887
11172,8071
11273,8399
11367,8727
11706,9102
11659,9203
11566,9608
11510,9879
11483,9960
11452,10186
11345,10447
11234,10821
11044,11146
10802,11375
10520,11565
10118,11697
9842,11559
9467,11415
9042,11365
8733,11371
8467,11252
8178,10987
7860,10800
7600,10612
7337,10342
7154,10086
6967,9887
6855,9510
6730,9122
6750,8791
6744,8554
6799,8290
6880,8014
6993,7752
7160,7519
7314,7278
7461,7142
7698,7024
7958,6909
8341,6807
8715,6715
8845,6620
9160,6603
9415,6610
9726,6629
9996,6697
10484,6766
10872,6851
11124,6981
11251,7136
11404,7329
11537,7602
11657,7830
11902,8026
12119,8330
12230,8622
12048,8870
12062,9091
12197,9455
12108,9798
11990,10069
11852,10216
11713,10434
11495,10537
11165,10720
10898,10756
10468,10819
10132,10688
9766,10836
9404,10718
9021,10710
8716,10707
8419,10762
8127,10462
7836,10428
7552,10289
7312,10035
7103,9770
6922,9561
6772,9444
6698,9100
6623,8826
6635,8602
6643,8321
6752,8047
6885,7747
6969,7567
7154,7355
7310,7209
7472,7069
7722,6896
7983,6813
8127,6771
8349,6704
8483,6679
8656,6662
8809,6656
9061,6709
9224,6793
9404,6897
9514,7042
9552,7195
9535,7411
9567,7627
9617,7833
9643,8003
9584,8318
9512,8510
9445,8708
9457,8936
9412,9150
9335,9351
9310,9584
9158,9864
8992,10027
8844,10030
8773,10138
8749,10207
8637,10193
8503,10192
8319,10105
8166,9961
7840,9792
7786,9742
7574,9674
7415,9545
7174,9366
7055,9247
6916,8973
6830,8704
6718,8522
6660,8251
6628,7994
6648,7794
6690,7566
6737,7411
6854,7186
7024,7056
7195,6937
7430,6861
7751,6711
7923,6654
8226,6606
8536,6594
8744,6552
8992,6607
9300,6573
9300,6564
9599,6626
9774,6647
9998,6719
10305,6778
10380,6927
10545,7036
10544,7149
10597,7258
10743,7424
10625,7627
10606,7790
10427,7985
10256,8155
10192,8311
10057,8544
9823,8657
9726,8883
9555,9149
9324,9379
9067,9446
8840,9590
8599,9676
8329,9716
8078,9916
7830,9893
7611,9848
7422,9633
7185,9623
7065,9489
6891,9467
6760,9311
6681,8958
6599,8701
6558,8476
6573,8231
6557,8055
6552,7927
6585,7721
6689,7460
6853,7315
6937,7132
7017,6985
7192,6830
7412,6738
7592,6617
7754,6522
7892,6477
8043,6460
8328,6488
8512,6510
8760,6586
8937,6668
9145,6800
9350,6867
9484,6974
9566,7100
9731,7251
9985,7369
10052,7535
10129,7671
10246,7814
10230,7958
10210,8146
10193,8263
10137,8451
10025,8494
9956,8598
9810,8706
9618,8711
9402,8729
9273,8703
8999,8706
8786,8754
8560,8738
8284,8693
8111,8644
7966,8551
7752,8531
7560,8377
7462,8302
7265,8216
7126,8050
7036,7973
6966,7876
6907,7747
6884,7615
6862,7471
6865,7368
6915,7291
7022,7191
7140,7090
7299,6988
7397,6935
7630,6846
7818,6745
8030,6651
8248,6614
8654,6575
8826,6577
9114,6579
9368,6642
9636,6695
9886,6781
10065,6897
10135,7001
10363,7122
10617,7260
10732,7403
10920,7592
11176,7778
11281,7981
11150,8202
11012,8362
10982,8538
10828,8684
10959,8919
10819,9186
10457,9302
10170,9363
9981,9510
9612,9580
9382,9668
9150,9738
8896,9787
8580,9775
8365,9781
8052,9633
7896,9717
7725,9554
7617,9346
7406,9176
7249,9100
7136,8903
7035,8750
6928,8573
6869,8344
6905,8251
6976,8099
7050,7951
7095,7707
7130,7565
7191,7405
7263,7302
7381,7100
7504,7001
7705,6867
7840,6801
8045,6759
8242,6710
8467,6743
8706,6724
9012,6786
9220,6883
9388,6964
9609,7065
9869,7207
9997,7419
10149,7554
10327,7720
10338,7858
10366,8073
10696,8273
10892,8388
10954,8587
10903,8803
10854,8918
10766,9004
10745,9118
10535,9146
10273,9253
9962,9269
9697,9400
9331,9338
9162,9347
8880,9294
8566,9320
8227,9296
7910,9151
7717,9057
7412,8963
7195,8887
7004,8890
6838,8723
6740,8533
6663,8373
6641,8178
6640,8117
6671,7984
6759,7777
6819,7650
6930,7456
7084,7396
7268,7196
7422,7115
7608,7025
7771,6862
8000,6759
8153,6712
8265,6638
8483,6622
8626,6563
8802,6587
9062,6622
9110,6655
9303,6740
9458,6856
9712,7041
9982,7205
10026,7446
10000,7641
10107,7842
10208,8088
10268,8338
10410,8575
10376,8805
10378,9000
10299,9285
10304,9424
9986,9486
9664,9624
9360,9552
9133,9747
8858,9734
8584,9641
8343,9613
8169,9525
7914,9360
7596,9298
7363,9275
7200,9175
7007,8859
6866,8683
6774,8563
6667,8511
6636,8259
6636,8091
6634,7915
6702,7764
6759,7616
6841,7547
6918,7431
7281,7445
7373,7472
7432,7049
7610,6963
7744,6793
7885,6684
8240,6633
8464,6615
8703,6518
8939,6546
9180,6537
9616,6593
9895,6649
10101,6746
10240,6839
10452,6989
10675,7153
10957,7318
11199,7441
11393,7655
11645,7868
11533,8050
11577,8304
11641,8466
11634,8587
11561,8709
11578,8762
11483,8859
11141,8846
10954,8889
10692,8876
10570,9040
10365,9008
10113,8975
9759,8923
9383,8873
9032,8807
8737,8703
8326,8737
8044,8656
7692,8567
7386,8451
7154,8372
6999,8226
6882,8052
6858,7961
6807,7822
6785,7696
6865,7581
6947,7478
7075,7367
7304,7221
7564,7051
7756,6897
8077,6794
8380,6662
8821,6625
9202,6591
9674,6524
10109,6522
10412,6538
10844,6582
11366,6633
11678,6785
11886,6890
12468,7034
12796,7235
13254,7479
13766,7723
14083,8000
14212,8264
14717,8586
14876,8854
14893,9071
14692,9388
14376,9553
13944,9813
13785,10189
13781,10462
13362,10537
12806,10499
12396,10783
11911,10866
11362,10993
10863,11135
10345,11205
9690,11359
9154,11080
8623,10930
8251,10832
7967,10850
7641,10420
7432,10445
7245,10253
7101,10054
7046,9904
7053,9611
7053,9363
7174,9087
7285,8890
7441,8652
7685,8463
8001,8190
8221,7915
8704,7744
8988,7530
9417,7327
9859,7255
10348,7056
10707,6892
11476,6835
11924,6831
12430,6809
12717,6819
13273,6933
14176,7073
14845,7277
15702,7452
16156,7771
16383,8035
16383,8452
16383,8810
16383,9230
16383,9501
16383,9767
16383,10044
16383,10443
16383,10720
16383,11018
16383,11231
16383,11382
16383,11578
15692,11678
15139,11602
14301,11531
13764,11510
13068,11484
12412,11443
11781,11395
11027,11214
10497,11031
10018,10799
9474,10584
8952,10417
8568,10493
8103,10144
7856,10093
7720,9821
7617,9621
7507,9393
7547,9211
7575,8810
7666,8473
7831,8182
8132,7985
8471,7736
8895,7505
9194,7337
9748,7202
10550,7047
11293,6995
12094,6978
12857,7019
13463,7083
14036,7242
14459,7496
15207,7751
15686,8127
15871,8583
15919,9100
16017,9616
16153,10049
16311,10539
16293,10954
16166,11440
16129,12023
15384,12304
15037,13097
14710,13383
14218,13504
13419,13746
12842,14078
12199,14433
11811,14734
11369,14721
11002,14646
10610,14293
10347,14018
9904,14146
9522,14210
9166,14294
8943,14080
8676,13999
8373,13591
8168,13119
8019,12767
7943,12347
7902,11697
7784,11005
7805,10531
7822,10089
7914,9588
7930,9221
8083,8875
8200,8379
8384,8007
8481,7663
8644,7309
8948,7092
9173,6897
9331,6844
9582,6842
9895,6847
10365,6981
10929,7051
10384,7216
11126,7455
12792,7675
12629,7942
11026,8189
9154,8441
7849,8675
7036,8963
6570,9107
6395,9374
6300,9660
6242,9888
6209,10155
6188,10505
6198,10664
6167,10622
6181,10714
6169,10912
6162,11063
6174,11227
6178,11326
6159,11506
6143,11782
6135,11770
6144,11891
6143,11907
6132,11727
6128,11460
6130,11367
6134,11238
6121,11116
6139,10967
6124,10711
6133,10298
6130,9927
6126,9539
6131,9102
6130,8794
6125,8329
6128,8069
6118,7771
6120,7514
6119,7276
6129,7080
6120,6987
6113,6917
6124,6898
6127,6920
6119,6971
6116,7058
6126,7183
6131,7291
6138,7370
6137,7544
6116,7614
6115,7513
6123,7528
6126,7696
6103,7590
6122,7194
6118,6839
6108,6560
6112,6387
6107,6278
6108,6213
6119,6210
6106,6191
6113,6208
6115,6203
6111,6211
6107,6218
6120,6193
6103,6167
6112,6193
6104,6165
6109,6143
6102,6124
6116,6097
6115,6109
6101,6085
6108,6103
6109,6091
6108,6090
6106,6087
6111,6076
6106,6066
6106,6080
6104,6081
6111,6070
6107,6076
6101,6073
6108,6062
6109,6068
6106,6074
6101,6066
6103,6071
6114,6071
6108,6074
6106,6065
6108,6060
6116,6065
6105,6066
6110,6069
6107,6061
6107,6049
6111,6070
6103,6065
6112,6074
6114,6054
6106,6052
6118,6053
6113,6067
6110,6063
6115,6051
6108,6064
6113,6060
6118,6066
6109,6052
6107,6053
6114,6049
6109,6060
6104,6068
6119,6059
6106,6057
6112,6054
6117,6063
6098,6054
6110,6059
6105,6063
6113,6057
6105,6063
6104,6048
6107,6050
6111,6058
6108,6040
6120,6059
6111,6052
6110,6052
6114,6060
6112,6048
6112,6056
6115,6043
6107,6058
6114,6043
6099,6046
6108,6041
6115,6050
6111,6060
6113,6053
6112,6054
6114,6053
6119,6055
6107,6047
6100,6047
6115,6046
6111,6048
6114,6057
6106,6041
6111,6059
6108,6049
6110,6055
6112,6057
6099,6048
6110,6054
6110,6056
6108,6055
6097,6055
6103,6057
6097,6055
6110,6054
6104,6060
6106,6053
6106,6040
6110,6055
6110,6094
6112,6042
6104,6045
6103,6060
6098,6049
6101,6055
6108,6057
6104,6056
6103,6057
6106,6059
6104,6046
6106,6049
6105,6055
6105,6051
6106,6046
6107,6045
6117,6065
6113,6051
6109,6049
6108,6045
6105,6059
6115,6057
6104,6057
6103,6048
6105,6050
6102,6039
6106,6062
6103,6033
6111,6047
6096,6055
6104,6029
6107,6042
6112,6048
6106,6056
6102,6051
6099,6047
6101,6052
6105,6062
6110,6046
6110,6062
6098,6052
6097,6043
6111,6054
6108,6062
6104,6041
6105,6049
6103,6059
6105,6058
6095,6058
6102,6063
6096,6059
6101,6050
6121,6058
6102,6050
6094,6032
6111,6042
6101,6051
6108,6053
6108,6045
6119,6049
6096,6052
6097,6041
6103,6056
6103,6056
6098,6056
6097,6050
6100,6041
6105,6038
6103,6047
6101,6051
6110,6082
6098,6065
6098,6053
6100,6049
6100,6041
6107,6051
6098,6055
6108,6058
6113,6047
6111,6054
6100,6052
6109,6051
6106,6043
6106,6048
6119,6051
6105,6044
6096,6055
6102,6042
6103,6045
6094,6053
6112,6052
6099,6057
6098,6054
6095,6060
6103,6057
6098,6051
6094,6045
6096,6047
6102,6046
6103,6050
6090,6043
6085,5899
6112,6054
6103,6059
6099,6068
6088,6062
6092,6058
6097,6053
6100,6057
6092,6043
6094,6057
6101,6056
6099,6048
6099,6051
6103,6059
6093,6063
6101,6057
6094,6054
6097,6055
6103,6035
6099,6052
6096,6052
6101,6045
6101,6041
6110,6052
6106,6047
6101,6040
6104,6043
6104,6049
6102,6044
6101,6063
6101,6043
6103,6058
6107,6052
6105,6052
6106,6052
6107,6064
6106,6055
6100,6055
6090,6035
6106,6052
6109,6053
6105,6046
6103,6052
6062,5910
6331,5988
5966,5900
6061,5988
6136,6076
6104,6040
6105,6066
6119,6069
6090,6034
6124,6064
6115,6067
6118,6062
6123,6075
6110,6056
6097,6055
6113,6055
6108,6060
6110,6068
6106,6056
6108,6064
6116,6049
6115,6055
6114,6045
6102,6061
6111,6054
6118,6062
6107,6057
6113,6056
6113,6056
6102,6045
6109,6059
6110,6066
6113,6054
6104,6051
6100,6060
6108,6063
6102,6055
6107,6053
6107,6060
6107,6060
6107,6034
6114,6062
6105,6061
6113,6048
6104,6063
6102,6063
6113,6053
6105,6038
6091,6040
6106,6028
6107,6054
6100,6065
6104,6046
6104,6049
6115,6055
6106,6050
6100,6048
6105,6050
6102,6057
6105,6048
6096,6054
6107,6053
6102,6025
6106,6055
6111,6056
6103,6060
6102,6046
6101,6069
6103,6048
6098,6044
6102,6052
6111,6052
6106,6057
6093,6057
6105,6057
6104,6058
6101,6050
6100,6054
6101,6053
6108,6044
6102,6059
6104,6048
6111,6044
6097,6054
6099,6047
6105,6049
6109,6053
6104,6042
6101,6048
6106,6054
6109,6058
6095,6064
6105,6058
6113,6048
6115,6054
6110,6067
6100,6046
6106,6043
6104,6041
6113,6049
6110,6062
6123,6055
6105,6048
6108,6047
6107,6055
6111,6056
6117,6058
6103,6046
6101,6047
6115,6052
6110,6063
6114,6061
6112,6047
6111,6059
6115,6054
6119,6059
6115,6050
6114,6044
6118,6048
6125,6074
6118,6064
6116,6049
6118,6051
6103,6055
6120,6056
6113,6051
6112,6052
6120,6054
6111,6047
6123,6050
6108,6051
6115,6064
6107,6048
6115,6031
6113,6061
6103,6056
6118,6060
6114,6051
6105,6040
6110,6059
6113,6046
6108,6046
6098,6041
6112,6047
6116,6067
6109,6059
6110,6057
6119,6059
6108,6026
6123,6049
6113,6065
6117,6045
6104,6058
6113,6053
6101,6069
6113,6056
6099,6063
6114,6053
6119,6037
6106,6052
6103,6057
6107,6054
6106,6047
6115,6050
6106,6043
6115,6056
6114,6053
6113,6048
6111,6040
6109,6055
6114,6052
6115,6051
6117,6035
6113,6056
6110,6048
6116,6044
6111,6047
6110,6032
6114,6057
6115,6056
6099,6057
6124,6054
6108,6050
6111,6065
6118,6054
6110,6055
6106,6062
6112,6062
6114,6063
6110,6046
6106,6053
6104,6050
6118,6029
6114,6053
6109,6058
6106,6057
6114,6056
6115,6046
6104,6054
6120,6055
6113,6066
6117,6046
6112,6041
6110,6062
6118,6056
6115,6063
6121,6057
6118,6060
6093,6045
6111,6070
6127,6066
6110,6065
6108,6065
6110,6063
6122,6059
6116,6059
6109,6054
6119,6065
6116,6060
6122,6058
6110,6053
6116,6065
6111,6067
6126,6057
6116,6058
6112,6064
6121,6062
6124,6060
6117,6060
6120,6063
6114,6047
6114,6047
6124,6055
6114,6063
6134,6062
6109,6057
6111,6048
6117,6051
6113,6046
6117,6063
6110,6058
6119,6056
6119,6063
6115,6053
6117,6055
6114,6058
6119,6055
6121,6060
6115,6043
6124,6062
6115,6050
6110,6058
6114,6049
6114,6049
6114,6069
6120,6061
6114,6053
6117,6063
6120,6056
6116,6057
6111,6054
6115,6062
6117,6055
6108,6059
6105,6051
6112,6059
6119,6057
6120,6065
6115,6064
6110,6046
6118,6062
6114,6057
6117,6065
6113,6063
6109,6056
6109,6056
6115,6054
6113,6045
6113,6060
6120,6052
6116,6058
6119,6050
6115,6066
6114,6064
6114,6063
6120,6066
6122,6032
6119,6047
6112,6058
6120,6059
6123,6059
6113,6052
6118,6061
6115,6066
6119,6054
6109,6047
6112,6056
6112,6056
6114,6064
6114,6058
6115,6056
6118,6065
6117,6045
6122,6053
6107,6060
6115,6059
6113,6064
6118,6049
6121,6061
6117,6064
6119,6045
6113,6063
6114,6053
6112,6063
6122,6057
6124,6055
0,39
0,61680
0,0
6124,6046
5602,5570
5600,5573
5603,5568
5601,5567
5603,5564
5605,5584
5600,5576
5597,5569
5828,5759
6346,6313
6316,6309
6312,6295
6303,6301
6308,6311
6324,6324
6312,6322
6299,6311
6297,6341
6295,6337
6296,6331
6320,6350
6309,6332
6322,6487
6303,6315
6291,6336
6293,6350
6300,6353
6290,6324
6307,6310
6323,6325
6307,6329
6291,6327
6296,6337
6297,6340
6300,6319
6338,6313
6326,6314
6314,6342
6300,6335
6296,6331
6301,6330
6297,6319
6296,6332
6300,6316
6295,6329
6310,6325
6309,6331
6320,6320
6327,6350
6315,6339
6317,6361
6323,6344
6318,6330
6317,6339
6315,6327
6317,6327
6298,6327
6299,6350
6295,6355
6309,6339
6311,6337
6313,6322
6291,6343
6300,6326
6301,6336
6303,6317
6310,6337
6298,6328
6307,6319
6312,6321
6321,6376
6280,6313
6299,6323
6298,6295
6286,6331
6296,6326
6285,6329
6290,6343
6314,6317
6299,6328
6314,6334
6292,6315
6298,6308
6300,6323
6285,6326
6270,6324
6294,6324
6299,6331
6297,6298
6301,6312
6293,6334
6276,6340
6280,6337
6284,6345
6292,6346
6295,6343
6288,6309
6297,6352
6294,6347
6302,6335
6113,6189
6299,6344
6222,6256
6244,6265
6291,6319
6284,6314
6298,6352
6299,6346
6313,6353
6311,6320
6345,6353
6309,6371
6299,6335
6304,6364
6299,6340
6304,6333
6312,6351
6311,6328
6337,6365
6318,6365
6310,6341
6304,6365
6309,6319
6302,6335
6290,6338
6295,6319
6294,6327
6281,6323
6295,6313
6294,6325
6298,6326
6282,6312
6295,6315
6300,6322
6301,6346
6294,6343
6282,6335
6281,6339
6284,6367
6296,6339
6320,6336
6297,6353
6291,6354
6296,6333
6292,6332
6297,6343
6297,6322
6304,6342
6299,6358
6293,6352
6285,6363
6308,6360
6327,6368
6315,6376
6298,6350
6296,6365
6306,6356
6308,6350
6291,6340
6277,6351
6290,6319
6307,6362
6311,6358
6288,6371
6290,6350
6304,6341
6310,6327
6280,6336
6282,6356
6290,6334
6300,6344
6295,6333
6278,6337
6267,6350
6293,6352
6291,6351
6328,6338
6292,6338
6293,6347
6298,6347
6310,6342
6311,6342
6297,6337
6281,6347
6274,6344
6286,6329
6296,6335
6312,6332
6304,6352
6298,6357
6295,6343
6296,6341
6295,6363
6305,6333
6312,6343
6302,6349
6299,6362
6291,6359
6296,6335
6291,6334
6283,6350
6280,6339
6286,6335
6291,6348
6271,6362
6268,6345
6276,6327
6297,6344
6272,6322
6271,6356
6290,6337
6295,6353
6276,6356
6280,6343
6293,6334
6283,6345
6261,6358
6267,6369
6273,6385
6287,6379
6276,6349
6275,6356
6267,6369
6288,6323
6294,6332
6274,6351
6267,6357
6296,6386
6294,6381
6287,6355
6306,6370
6282,6361
6281,6365
6271,6377
6280,6366
6276,6359
6287,6359
6282,6347
6259,6370
6266,6389
6284,6396
6290,6394
6267,6386
6267,6394
6267,6397
6255,6405
6246,6373
6238,6340
6274,6342
6274,6352
6263,6357
6281,6343
6264,6362
6265,6366
6271,6354
6282,6384
6280,6356
6262,6343
6265,6377
6262,6385
6267,6336
6258,6361
6257,6351
6236,6348
6249,6337
6248,6342
6271,6379
6246,6378
6263,6359
6253,6385
6264,6383
6258,6359
6239,6362
6255,6373
6253,6370
6269,6382
6258,6384
6247,6373
6251,6390
6246,6367
6267,6404
6250,6401
6243,6396
6243,6379
6243,6400
6237,6386
6267,6373
6249,6373
6243,6384
6240,6345
6245,6381
6239,6366
6256,6369
6242,6404
6243,6399
6252,6394
6254,6402
6249,6388
6250,6387
6252,6365
6252,6378
6244,6392
6263,6380
6240,6374
6232,6348
6252,6345
6233,6337
6246,6347
6238,6388
6228,6383
6228,6383
6241,6370
6243,6367
6244,6385
6256,6413
6246,6414
6245,6409
6232,6401
6245,6398
6227,6404
6228,6424
6246,6411
6233,6409
6244,6408
6247,6423
6244,6393
6243,6389
6246,6392
6241,6374
6245,6391
6242,6388
6253,6356
6235,6378
6245,6374
6264,6370
6246,6387
6240,6359
6247,6369
6240,6390
6245,6383
6263,6372
6242,6385
6254,6378
6236,6405
6224,6408
6227,6360
6242,6365
6234,6363
6243,6366
6238,6364
6258,6370
6226,6371
6241,6372
6248,6375
6245,6384
6243,6384
6230,6396
6242,6395
6255,6390
6243,6400
6252,6406
6240,6384
6256,6367
6237,6382
6228,6375
6240,6391
6243,6369
6245,6374
6145,6250
6103,6312
6022,6327
6118,6336
6185,6379
6196,6415
6226,6405
6233,6379
6204,6360
6239,6378
6234,6371
6241,6393
6230,6388
6228,6385
6239,6426
6243,6425
6231,6410
6227,6401
6240,6435
6222,6402
6234,6386
6220,6380
6217,6368
6227,6412
6227,6401
6233,6381
6226,6414
6231,6395
6230,6398
6237,6413
6223,6393
6231,6405
6231,6402
6228,6409
6230,6406
6225,6407
6223,6395
6218,6401
6244,6392
6222,6435
6228,6421
6225,6418
6241,6420
6227,6395
6244,6390
6243,6379
6226,6386
6227,6391
6216,6393
6223,6377
6238,6382
6237,6404
6235,6397
6228,6395
6229,6417
6234,6444
6227,6398
6225,6399
6231,6401
6237,6407
6230,6413
6233,6451
6230,6437
6238,6439
6238,6454
6242,6462
6246,6424
6237,6426
6230,6433
6231,6436
6232,6416
6226,6427
6234,6410
6236,6411
6225,6412
6231,6399
6237,6424
6225,6412
6229,6435
6237,6417
6234,6409
6240,6417
6230,6430
6235,6433
6223,6434
6221,6449
6225,6428
6237,6410
6232,6391
6226,6421
6232,6407
6231,6378
6222,6407
6228,6425
6233,6424
6226,6432
6245,6437
6229,6395
6222,6422
6239,6377
6236,6408
6235,6374
6238,6413
6238,6395
6250,6410
6233,6428
6239,6420
6242,6420
6233,6418
6230,6384
6226,6413
6229,6424
6224,6433
6219,6416
6226,6389
6227,6388
6228,6404
6233,6370
6234,6400
6235,6404
6234,6414
6230,6391
6240,6383
6233,6407
6235,6379
6231,6389
6234,6416
6239,6424
6230,6401
6235,6405
6234,6422
6222,6389
6235,6378
6248,6395
6247,6374
6243,6389
6225,6402
6244,6412
6244,6422
6233,6407
6233,6385
6230,6400
6243,6398
6227,6430
6228,6412
6236,6422
6247,6396
6225,6381
6231,6392
6246,6381
6233,6371
6228,6403
6237,6395
6234,6396
6248,6407
6248,6418
6241,6419
6237,6421
6239,6422
6244,6432
6241,6393
6243,6367
6229,6371
6241,6388
6264,6371
6240,6365
6234,6356
6244,6383
6244,6372
6239,6390
6230,6388
6239,6380
6256,6383
6247,6385
6247,6380
6242,6359
6235,6357
6243,6359
6261,6373
6236,6406
6235,6385
6246,6378
6241,6378
6247,6355
6244,6355
6245,6375
6246,6394
6245,6375
6253,6394
6239,6384
6239,6378
6240,6370
6233,6382
6255,6358
6248,6351
6259,6363
6252,6407
6250,6379
6252,6369
6262,6356
6254,6369
6258,6367
6262,6381
6267,6351
6270,6336
6272,6325
6273,6354
6283,6352
6273,6344
6289,6361
6307,6343
6301,6358
6323,6366
6329,6368
6344,6371
6347,6373
6358,6358
6373,6349
6386,6330
6422,6344
6431,6331
6477,6353
6504,6358
6514,6359
6583,6355
6613,6365
6685,6353
6725,6373
6743,6392
6797,6364
6896,6386
6983,6366
7116,6362
7237,6366
7425,6347
7645,6368
7841,6384
8114,6377
8310,6390
8577,6369
8725,6373
8817,6383
8937,6350
8980,6367
9147,6390
9274,6387
9360,6373
9450,6383
9597,6379
9633,6375
9480,6364
9282,6386
9015,6413
8885,6424
8781,6393
8631,6445
8488,6445
8295,6466
8148,6496
7970,6509
7957,6535
7823,6550
7713,6612
7543,6670
7466,6696
7354,6741
7201,6788
7100,6809
7063,6870
7057,6916
6943,6865
7008,6977
6909,6911
6893,6935
6973,6959
7039,6920
7204,6865
7365,6837
7551,6827
7749,6806
8001,6759
8484,6698
8837,6661
9096,6622
9359,6632
9622,6627
9823,6646
10021,6685
10250,6754
10371,6824
10572,6920
10713,7027
10801,7141
10687,7192
10711,7277
10864,7365
10681,7478
10573,7642
10478,7850
10351,8009
10195,8019
10049,8123
9836,8154
9724,8304
9540,8540
9226,8647
9050,8747
8758,8771
8484,8858
8170,9118
7971,9207
7696,9153
7417,9136
7214,9172
7108,9154
6967,9111
6848,9010
6740,8903
6704,8695
6683,8575
6731,8355
6789,8194
6866,7963
6986,7716
7117,7533
7238,7329
7450,7231
7653,7089
7922,6989
8244,6885
8498,6848
8715,6787
8989,6785
9386,6771
9788,6786
9999,6851
10150,6903
10401,6981
10776,7067
11167,7171
11539,7310
11902,7456
12151,7535
12384,7741
12609,7930
12742,8153
12587,8367
12566,8542
12488,8742
12497,9047
12505,9170
12230,9306
11967,9410
11618,9440
11431,9456
11123,9525
10755,9559
10503,9618
9985,9683
9673,9621
9152,9710
8859,9640
8501,9607
8196,9426
7961,9322
7778,9187
7500,8964
7282,8899
7150,8696
7046,8631
6951,8427
6951,8242
6992,8082
7158,7921
7319,7680
7508,7506
7800,7347
8102,7194
8368,7060
8626,6959
8883,6880
9159,6779
9562,6720
9730,6705
10155,6736
10572,6764
10973,6832
11315,6989
11570,7136
11972,7296
12314,7489
12256,7729
12540,7944
12806,8244
12856,8502
12728,8806
12856,9165
12712,9360
12690,9581
12926,10020
12655,10320
12394,10385
12081,10596
11529,10671
11136,10922
10931,11202
10519,11221
10316,11318
10009,11450
9637,11267
9208,11131
8757,11117
8445,10971
8102,10898
7779,10753
7506,10621
7288,10323
7033,10245
6908,9922
6826,9605
6771,9372
6756,8993
6787,8710
6854,8348
6943,8149
7072,7918
7261,7647
7464,7427
7694,7277
8026,7081
8323,6929
8665,6854
8945,6759
9269,6765
9530,6765
9749,6794
10011,6874
10304,7033
10505,7168
10720,7344
10927,7544
11059,7875
11194,8124
11268,8393
11468,8744
11668,9133
11693,9392
11586,9642
11483,9896
11483,9988
11429,10180
11404,10476
11189,10778
11050,11186
10711,11358
10459,11434
10075,11665
9819,11495
9477,11290
9097,11432
8772,11491
8462,11190
8161,11023
7874,10800
7574,10562
7321,10319
7138,10088
6959,9906
6850,9549
6773,9079
6728,8737
6754,8562
6791,8258
6892,8018
7013,7746
7127,7523
7337,7290
7500,7125
7703,7035
7953,6896
8402,6766
8677,6699
8926,6639
9207,6600
9382,6615
9702,6604
10020,6684
10556,6769
10809,6847
11083,6996
11376,7149
11540,7368
11599,7609
11762,7843
11842,8015
12071,8319
12319,8637
12229,8913
12219,9134
12248,9397
12097,9794
12003,10048
11801,10182
11655,10412
11437,10527
11093,10667
10869,10734
10473,10773
10148,10881
9828,10909
9468,10815
9037,10892
8732,10900
8378,10673
8138,10619
7851,10516
7548,10263
7298,10064
7120,9858
6897,9690
6774,9479
6697,9148
6627,8947
6622,8562
6655,8352
6744,8036
6852,7811
6965,7590
7152,7373
7341,7247
7488,7065
7706,6916
7943,6835
8156,6750
8356,6695
8220,6506
8581,6523
9000,6793
9094,6695
9243,6775
9388,6948
9474,7057
9569,7257
9582,7433
9642,7666
9659,7839
9620,8071
9606,8321
9555,8501
9508,8756
9437,8967
9366,9082
9351,9346
9380,9632
9201,9880
8940,9892
8871,10067
8759,10118
8772,10216
8710,10196
8547,10171
8367,10128
8183,10061
8032,9940
7845,9764
7569,9617
7356,9422
7168,9263
7058,9196
6908,8938
6820,8724
6737,8513
6685,8253
6619,8029
6655,7821
6675,7602
6746,7378
6851,7173
6980,7038
7155,6905
7437,6825
7753,6739
7948,6645
8259,6591
8504,6582
8879,6591
9073,6585
9288,6552
9410,6566
9618,6601
9920,6660
10187,6724
10235,6791
10419,6928
10516,7012
10520,7162
10553,7274
10702,7452
10651,7617
10569,7759
10365,7997
10280,8156
10210,8341
10048,8537
9836,8692
9712,8894
9558,9133
9316,9402
9059,9489
8847,9528
8598,9679
8319,9775
8078,9822
7803,9988
7615,9905
7416,9707
7191,9479
7067,9454
6881,9438
6751,9288
6667,8947
6589,8751
6583,8478
6556,8225
6548,8014
6549,7929
6613,7702
6684,7473
6827,7329
6929,7139
7042,6982
7205,6819
7404,6720
7602,6638
7785,6544
7945,6471
8089,6492
8328,6491
8541,6518
8731,6567
8920,6668
9150,6784
9319,6877
9483,6981
9586,7088
9712,7250
9976,7351
9992,7516
10075,7675
10182,7820
10283,8003
10206,8191
10200,8290
10175,8451
10033,8472
9915,8579
9808,8766
9588,8721
9393,8693
9168,8654
8950,8740
8770,8704
8540,8718
8327,8662
8102,8634
7922,8562
7768,8528
7597,8425
7413,8289
7255,8164
7153,8078
7030,7963
6952,7878
6898,7777
6864,7637
6891,7500
6840,7342
6895,7268
7025,7155
7147,7090
7270,6984
7427,6926
7606,6842
7826,6768
8055,6654
8273,6614
8645,6578
8871,6559
9104,6550
9300,6613
9614,6716
9913,6777
9992,6859
10288,7008
10449,7137
10619,7256
10713,7425
11007,7611
11230,7748
11302,7980
11138,8180
10978,8389
10917,8542
11020,8739
11009,8965
10806,9259
10492,9297
10188,9375
9913,9490
9654,9607
9413,9640
9105,9670
8840,9699
8601,9836
8320,9748
8067,9670
7871,9674
7784,9630
7588,9336
7389,9196
7228,9078
7113,8919
7002,8735
6934,8507
6858,8345
6912,8260
6968,8062
6997,7914
7112,7749
7134,7621
7170,7409
7263,7268
7414,7120
7492,7048
7700,6926
7857,6830
8047,6737
8192,6689
8481,6751
8719,6728
8977,6768
9146,6837
9377,6968
9636,7062
9876,7216
10015,7428
10125,7569
10309,7719
10346,7879
10449,8028
10619,8239
10930,8393
10970,8594
10871,8736
10886,8943
10762,8967
10774,9142
10500,9144
10240,9247
9917,9181
9709,9333
9399,9379
9125,9337
8864,9275
8562,9308
8316,9216
7947,9195
7670,9117
7434,8939
7180,8890
7028,8921
6847,8722
6745,8541
6658,8425
6642,8193
6650,8093
6668,7975
6745,7797
6816,7636
6954,7484
7056,7387
7220,7214
7362,7128
7617,6994
7760,6879
8007,6781
8232,6730
8316,6662
8510,6609
8629,6579
8825,6588
9032,6589
9134,6660
9353,6744
9461,6850
9691,7020
9988,7220
10044,7421
10084,7630
10153,7855
10126,8045
10212,8312
10276,8493
10206,8606
10342,9017
10392,9356
10179,9402
9912,9466
9689,9565
9393,9598
9130,9702
8816,9707
8578,9612
8368,9615
8096,9453
7883,9360
7602,9303
7359,9291
7194,9151
7006,8856
6867,8690
6768,8615
6661,8453
6647,8270
6616,8087
6646,7914
6702,7760
6781,7637
6830,7545
6931,7450
7069,7284
7194,7147
7367,7026
7530,6871
7738,6806
7941,6735
8131,6658
8448,6584
8687,6557
8927,6548
9203,6532
9570,6607
9836,6640
10018,6733
10254,6810
10360,6982
10673,7146
10970,7311
11202,7446
11423,7615
11617,7838
11610,8085
11442,8229
11575,8441
11634,8574
11448,8643
11542,8759
11503,8881
11217,8890
10995,8891
10750,8944
10560,8977
10351,9027
10092,8985
9725,8855
9304,8791
9047,8808
8727,8688
8336,8711
8011,8670
7684,8571
7419,8515
7160,8359
6996,8219
6893,8078
6860,7963
6803,7851
6780,7695
6857,7594
6919,7473
7063,7380
7321,7225
7580,7064
7800,6886
8082,6801
8293,6665
8783,6606
9216,6572
9712,6517
10152,6522
10469,6534
10891,6599
11295,6646
11717,6773
12116,6895
12389,7056
12810,7236
13320,7432
13868,7723
14016,7950
14208,8278
14568,8560
14843,8881
14921,9043
14650,9365
14287,9584
13965,9875
13731,10198
13725,10502
13360,10591
13005,10718
12432,10862
11929,10793
11417,10949
10873,11043
10351,11268
9703,11411
9154,11266
8686,10998
8250,10997
7953,10755
7641,10551
7421,10482
7211,10279
7121,10044
7042,9845
7082,9633
7049,9376
7130,9166
7298,8906
7431,8599
7684,8436
7996,8184
8291,7954
8644,7740
9071,7575
9411,7366
9888,7234
10311,7051
10782,6894
11387,6826
11934,6833
12426,6829
12754,6819
13466,6925
14129,7059
14869,7250
15603,7429
16317,7791
16383,8073
16383,8442
16383,8816
16383,9214
16383,9507
16383,9820
16383,10122
16383,10517
16383,10724
16383,11021
16383,11379
16383,11363
16383,11534
15699,11595
15169,11608
14447,11598
13804,11539
13095,11498
12499,11524
11676,11334
10835,11128
10397,10965
9930,10708
9388,10590
9056,10511
8547,10401
8169,10286
7868,10153
7677,9812
7635,9618
7517,9398
7540,9125
7614,8802
7643,8512
7858,8244
8115,7937
8531,7713
8883,7470
9197,7319
9786,7170
10529,7068
11265,6983
12056,6996
12881,7003
13515,7110
13943,7248
14567,7486
15252,7723
15712,8126
15666,8521
15946,9068
15993,9547
16080,9991
16383,10624
16383,11114
16331,11431
16073,11988
15544,12419
15069,13050
14600,13319
13969,13479
13425,13691
12931,14200
12413,14574
12044,14832
11487,14889
11057,14657
10563,14300
10319,14094
9817,14013
9597,14268
9183,14291
8946,14071
8662,14065
8342,13534
8231,13186
7998,12701
7883,12230
7895,11686
7756,10921
7748,10465
7816,10102
7831,9623
7957,9252
8041,8799
8215,8442
8367,7972
8437,7628
8650,7332
8945,7098
9074,6899
9362,6860
9662,6816
9981,6824
10368,6960
10923,7073
10385,7232
11114,7482
12672,7697
12729,7946
11001,8173
9227,8462
7806,8677
7001,8909
6597,9118
6379,9368
6298,9636
6242,9863
6209,10145
6209,10410
6180,10462
6191,10653
6180,10786
6174,11008
6178,11068
6163,11262
6170,11433
6147,11499
6127,11698
6065,11778
6098,11943
5982,12035
6109,11722
6090,11585
6117,11521
6140,11217
6146,10918
6119,11010
6134,10628
6133,10272
6142,9923
6132,9572
6126,9191
6113,8763
6120,8395
6122,8025
6120,7785
6128,7438
6119,7265
6139,7050
6124,6933
6118,6927
6113,6907
6120,6939
6125,6950
6120,7028
6120,7202
6121,7271
6111,7386
6120,7515
6114,7596
6124,7533
6111,7561
6112,7746
6113,7569
6107,7239
6114,6834
6113,6536
6112,6381
6113,6253
6103,6238
6114,6213
6107,6210
6112,6216
6118,6193
6105,6223
6109,6220
6107,6198
6099,6199
6107,6184
6101,6175
6106,6146
6101,6123
6112,6117
6118,6092
6096,6081
6106,6092
6107,6101
6107,6080
6107,6092
6109,6081
6101,6080
6105,6086
6099,6079
6108,6082
6107,6077
6107,6073
6105,6080
6113,6073
6108,6068
6103,6077
6105,6072
6114,6070
6113,6063
6103,6077
6104,6072
6112,6065
6111,6063
6111,6071
6101,6082
6110,6067
6114,6056
6109,6064
6106,6137
6114,6068
6105,6067
6112,6060
6112,6063
6108,6066
6112,6054
6108,6063
6117,6051
6112,6060
6117,6065
6108,6042
6115,6055
6113,6053
6111,6056
6107,6071
6104,6070
6117,6061
6116,6066
6095,6056
6109,6061
6108,6057
6110,6046
6110,6040
6099,6039
6104,6051
6111,6055
6113,6053
6110,6059
6109,6053
6111,6058
6111,6060
6115,6037
6110,6052
6116,6043
6104,6063
6112,6049
6112,6037
6113,6046
6113,6061
6114,6056
6117,6062
6111,6039
6111,6042
6116,6053
6106,6051
6106,6054
6117,6048
6110,6058
6111,6045
6114,6052
6110,6061
6108,6054
6108,6050
6116,6057
6100,6059
6104,6064
6120,6049
6107,6055
6103,6051
6104,6035
6107,6048
6110,6059
6105,6058
6111,6044
6107,6057
6106,6050
6112,6062
6119,6054
6106,6051
6105,6063
6100,6051
6111,6053
6112,6062
6114,6042
6108,6051
6099,6048
6097,6050
6105,6057
6099,6056
6110,6059
6102,6063
6107,6056
6110,6053
6106,6050
6104,6052
6112,6042
6105,6052
6114,6041
6116,6054
6096,6056
6111,6056
6103,6057
6104,6042
6105,6053
6109,6036
6099,6055
6105,6053
6106,6047
6114,6051
6106,6052
6110,6053
6102,6058
6115,6053
6106,6055
6112,6052
6119,6049
6103,6025
6098,6028
6115,6065
6112,6052
6116,6048
6102,6047
6106,6037
6103,6057
6108,6043
6104,6047
6103,6057
6103,6064
6107,6052
6101,6036
6108,6049
6108,6054
6107,6046
6115,6025
6106,6053
6108,6054
6105,6048
6104,6041
6107,6049
6107,6054
6106,6052
6117,6049
6099,6036
6106,6052
6103,6047
6091,6042
6115,6054
6099,6057
6096,6030
6106,6050
6103,6036
6109,6047
6097,6047
6098,6063
6104,6042
6106,6054
6102,6049
6110,6045
6097,6053
6103,6054
6130,6050
6108,6046
6095,6055
6099,6052
6103,6055
6101,6041
6104,6041
6104,6049
6097,6054
6095,6057
6111,6058
6097,6055
6093,6056
6102,6048
6108,6046
6095,6050
6096,6044
6102,6054
6102,6040
6101,6042
6105,6057
6096,6051
6099,6054
6099,6048
6099,6060
6099,6052
6102,6051
6097,6052
6086,6054
6094,6041
6102,6046
6096,6060
6045,5991
6103,6073
6096,6049
6095,6085
6059,6007
6087,6051
6094,6058
6105,6047
6114,6046
6094,6043
6093,6033
6103,6054
6097,6041
6093,6054
6106,6050
6099,6045
6096,6054
6108,6058
6103,6043
6105,6049
6110,6051
6104,6057
6106,6040
6099,6044
6100,6064
6105,6061
6108,6051
6104,6048
6102,6054
6101,6063
6105,6052
6108,6055
6105,6060
6112,6043
6107,6048
6109,6041
6103,6055
6104,6057
6103,6045
6105,6041
6107,6064
6097,6044
6101,6055
6110,6046
6101,6057
6109,6054
6101,6057
6108,6066
6111,6051
6115,6057
6119,6051
6107,6056
6115,6056
6119,6062
6107,6054
6113,6054
6120,6057
6109,6055
6101,6058
6107,6051
6106,6053
6103,6057
6097,6055
6109,6047
6098,6053
6104,6052
6119,6047
6108,6059
6114,6043
6112,6050
6118,6048
6106,6055
6111,6061
6100,6062
6104,6050
6107,6041
6096,6044
6107,6061
6104,6049
6106,6058
6089,6058
6108,6051
6108,6064
6101,6063
6105,6044
6104,6049
6107,6046
6106,6050
6104,6048
6101,6045
6105,6053
6108,6047
6098,6065
6105,6048
6105,6057
6105,6045
6113,6055
6093,6049
6099,6048
6111,6054
6109,6045
6100,6046
6112,6048
6110,6045
6104,6056
6106,6047
6100,6039
6106,6056
6102,6045
6102,6054
6103,6057
6106,6049
6098,6032
6096,6052
6104,6054
6101,6042
6104,6055
6096,6060
6096,6048
6098,6049
6106,6055
6115,6056
6108,6045
6120,6058
6095,6052
6102,6050
6104,6051
6107,6058
6118,6047
6123,6055
6104,6045
6111,6051
6101,6058
6115,6049
6115,6063
6110,6054
6111,6059
6122,6053
6106,6050
6115,6050
6118,6056
6118,6053
6118,6055
6124,6049
6111,6049
6117,6040
6119,6056
6120,6063
6117,6065
6108,6037
6110,6047
6112,6063
6115,6041
6115,6057
6113,6045
6123,6053
6108,6063
6116,6052
6113,6054
6115,6063
6111,6060
6109,6061
6115,6049
6108,6053
6114,6059
6114,6052
6112,6053
6112,6046
6109,6052
6106,6052
6105,6032
6108,6053
6112,6051
6113,6061
6109,6048
6114,6049
6108,6054
6113,6056
6118,6062
6124,6050
6115,6055
6107,6057
6106,6060
6109,6046
6108,6051
6120,6043
6117,6052
6119,6055
6116,6057
6108,6057
6110,6039
6103,6056
6100,6056
6111,6058
6112,6054
6117,6047
6108,6056
6113,6049
6112,6055
6119,6057
6111,6057
6113,6067
6111,6053
6119,6037
6122,6054
6107,6054
6122,6033
6116,6053
6107,6044
6112,6055
6112,6057
6102,6064
6111,6064
6109,6055
6103,6055
6116,6063
6108,6061
6109,6058
6107,6039
6099,6047
6114,6055
6112,6063
6111,6056
6106,6028
6127,6068
6111,6057
6107,6046
6108,6054
6118,6058
6118,6054
6110,6061
6103,6059
6115,6034
6120,6060
6113,6053
6118,6035
6107,6046
6112,6053
6120,6047
6099,6068
6104,6065
6110,6059
6114,6049
6119,6055
6113,6054
6119,6054
6112,6068
6112,6064
6111,6062
6121,6061
6113,6071
6115,6069
6118,6057
6116,6063
6115,6062
6126,6055
6115,6051
6116,6058
6115,6058
6121,6051
6115,6055
6117,6058
6120,6064
6122,6053
6116,6063
6109,6042
6115,6058
6119,6057
6114,6049
6125,6072
6110,6066
6109,6050
6109,6050
6122,6055
6117,6056
6117,6056
6118,6054
6113,6042
6117,6050
6114,6062
6107,6067
6112,6059
6121,6052
6115,6047
6110,6063
6110,6061
6120,6056
6119,6059
6114,6055
6115,6059
6115,6054
6120,6055
6110,6062
6111,6057
6118,6068
6114,6056
6115,6052
6115,6052
6118,6063
6115,6058
6116,6059
6114,6064
6114,6046
6120,6058
6115,6052
6113,6054
6124,6061
6112,6055
6116,6054
6119,6055
6103,6047
6114,6060
6109,6061
6118,6057
6111,6053
6118,6059
6108,6040
6113,6054
6110,6050
6110,6050
6111,6069
6120,6057
6109,6060
6121,6054
6119,6061
6116,6057
6108,6064
6124,6058
6111,6063
6114,6065
6109,6061
6116,6064
6114,6050
6118,6063
6109,6061
6114,6057
6116,6059
6114,6057
6107,6050
6120,6050
6108,6056
6108,6056
6112,6059
6113,6063
0,32
0,61680
0,0
5669,5658
5602,5584
5600,5577
5606,5570
5601,5569
5601,5569
5599,5579
5601,5581
5600,5585
5822,5752
6350,6304
6321,6311
6297,6303
6300,6298
6314,6293
6320,6307
6313,6311
6309,6293
6297,6340
6304,6344
6311,6337
6308,6329
6312,6328
6309,6329
6293,6319
6285,6323
6309,6353
6295,6352
6286,6331
6310,6301
6320,6320
6292,6317
6293,6319
6288,6343
6296,6330
6304,6326
6325,6336
6321,6321
6332,6346
6309,6340
6297,6310
6300,6327
6301,6320
6282,6333
6294,6326
6299,6310
6310,6314
6297,6319
6309,6327
6318,6342
6301,6335
6320,6352
6311,6349
6330,6315
6321,6338
6321,6349
6292,6318
6308,6325
6303,6348
6284,6339
6306,6338
6296,6329
6314,6343
6307,6329
6286,6342
6287,6339
6302,6328
6315,6336
6295,6334
6317,6323
6305,6338
6326,6299
6289,6308
6300,6304
6600,6692
5905,6514
6224,6188
6291,6346
6269,6306
6319,6341
6300,6324
6315,6323
6298,6314
6309,6313
6294,6318
6268,6345
6282,6334
6291,6315
6295,6330
6297,6330
6299,6323
6282,6320
6284,6332
6292,6339
6302,6333
6294,6324
6289,6343
6285,6334
6320,6350
6300,6336
6310,6337
6298,6328
6301,6360
6316,6354
6306,6343
6311,6310
6300,6337
6312,6348
6295,6347
6302,6363
6322,6324
6324,6353
6309,6366
6315,6331
6301,6367
6298,6352
6313,6334
6318,6344
6314,6334
6325,6346
6309,6346
6295,6354
6308,6352
6304,6330
6304,6325
6296,6331
6294,6314
6296,6322
6281,6328
6288,6320
6290,6337
6296,6301
6288,6309
6298,6310
6307,6326
6298,6351
6296,6327
6287,6342
6287,6335
6276,6349
6302,6356
6308,6368
6293,6347
6285,6351
6269,6328
6290,6334
6288,6331
6288,6344
6304,6353
6298,6338
6294,6350
6288,6349
6308,6354
6319,6356
6320,6356
6292,6354
6288,6339
6300,6351
6311,6327
6307,6358
6278,6347
6280,6349
6300,6340
6308,6366
6294,6372
6289,6349
6308,6332
6305,6331
6293,6325
6295,6367
6293,6316
6315,6343
6289,6334
6280,6330
6276,6354
6302,6336
6305,6330
6314,6338
6307,6324
6303,6331
6285,6335
6304,6349
6329,6333
6297,6319
6281,6304
6291,6312
6292,6360
6302,6337
6321,6354
6308,6359
6319,6335
6303,6345
6283,6348
6301,6362
6294,6336
6295,6350
6301,6365
6299,6364
6291,6361
6297,6378
6284,6370
6288,6331
6287,6333
6292,6352
6294,6325
6275,6360
6276,6340
6274,6333
6280,6322
6280,6327
6273,6356
6299,6334
6289,6364
6289,6352
6281,6325
6288,6348
6269,6362
6262,6353
6284,6363
6273,6375
6274,6382
6256,6369
6275,6369
6279,6366
6280,6325
6281,6337
6289,6354
6267,6342
6294,6337
6287,6360
6281,6366
6298,6363
6281,6392
6288,6352
6268,6371
6281,6370
6294,6357
6287,6341
6286,6370
6267,6361
6265,6384
6269,6390
6291,6376
6275,6383
6270,6388
6276,6395
6262,6397
6269,6397
6237,6322
6252,6331
6265,6344
6262,6372
6272,6352
6268,6367
6260,6369
6272,6355
6278,6373
6287,6377
6275,6336
6276,6363
6267,6368
6275,6357
6271,6340
6263,6340
6273,6351
6261,6351
6260,6333
6243,6355
6266,6365
6253,6391
6252,6384
6264,6370
6253,6387
6248,6343
6254,6382
6259,6375
6269,6368
6265,6356
6247,6401
6248,6375
6265,6384
6255,6402
6257,6397
6234,6406
6244,6358
6251,6374
6234,6397
6254,6383
6238,6360
6239,6380
6232,6315
6241,6358
6255,6366
6255,6386
6238,6395
6244,6392
6248,6388
6268,6411
6239,6383
6233,6403
6244,6388
6244,6371
6255,6395
6257,6375
6249,6378
6241,6346
6247,6355
6255,6341
6240,6364
6257,6380
6236,6388
6237,6369
6233,6359
6235,6366
6255,6377
6254,6410
6250,6417
6242,6405
6251,6401
6247,6387
6234,6406
6248,6415
6250,6413
6237,6401
6231,6418
6248,6392
6246,6415
6248,6414
6240,6424
6249,6372
6251,6372
6260,6371
6243,6374
6237,6369
6244,6384
6269,6349
6241,6401
6246,6352
6257,6379
6255,6375
6246,6374
6294,6421
6311,6440
6276,6399
6190,6342
6202,6359
6273,6400
6268,6363
6235,6378
6253,6375
6236,6377
6239,6382
6222,6358
6241,6368
6252,6390
6251,6394
6239,6384
6242,6384
6255,6395
6249,6385
6226,6400
6245,6388
6242,6383
6235,6367
6239,6384
6234,6397
6248,6365
6244,6369
6251,6366
6245,6385
6232,6400
6224,6433
6252,6402
6239,6434
6226,6410
6232,6405
6237,6384
6229,6414
6247,6374
6231,6384
6250,6363
6235,6385
6237,6398
6233,6419
6231,6431
6249,6428
6239,6391
6240,6429
6221,6393
6234,6384
6221,6385
6214,6383
6220,6375
6220,6399
6232,6395
6233,6410
6230,6395
6227,6416
6235,6393
6208,6419
6232,6383
6228,6422
6240,6409
6223,6397
6232,6409
6226,6410
6220,6394
6232,6407
6219,6418
6211,6435
6234,6413
6234,6418
6230,6398
6242,6409
6242,6381
6230,6409
6232,6402
6229,6369
6230,6374
6235,6366
6236,6419
6233,6392
6236,6413
6223,6418
6223,6443
6242,6406
6234,6413
6237,6392
6238,6406
6228,6425
6226,6441
6227,6411
6235,6420
6242,6437
6239,6470
6231,6427
6245,6435
6223,6423
6230,6434
6227,6434
6230,6440
6251,6390
6236,6409
6228,6416
6223,6426
6241,6418
6231,6403
6231,6425
6233,6430
6229,6420
6241,6411
6239,6414
6228,6418
6227,6435
6236,6451
6237,6426
6224,6409
6220,6393
6224,6411
6229,6421
6215,6390
6219,6415
6237,6431
6237,6429
6226,6438
6244,6422
6238,6400
6228,6414
6226,6391
6234,6374
6236,6361
6243,6386
6242,6395
6232,6425
6229,6442
6232,6420
6241,6421
6226,6425
6231,6405
6229,6430
6228,6436
6219,6433
6220,6418
6215,6388
6217,6399
6227,6388
6241,6365
6224,6407
6234,6430
6241,6414
6220,6395
6237,6382
6246,6378
6228,6407
6236,6416
6236,6433
6238,6409
6234,6399
6238,6400
6246,6402
6228,6410
6239,6393
6241,6396
6231,6372
6249,6377
6246,6408
6243,6407
6239,6408
6233,6393
6238,6376
6239,6406
6232,6381
6231,6425
6235,6415
6229,6403
6244,6415
6239,6393
6234,6383
6239,6386
6221,6367
6232,6398
6241,6375
6232,6375
6241,6406
6253,6418
6244,6408
6240,6421
6239,6433
6238,6424
6245,6415
6233,6410
6236,6359
6248,6377
6249,6403
6227,6362
6239,6378
6248,6379
6233,6369
6238,6366
6246,6375
6240,6387
6264,6368
6243,6378
6256,6374
6237,6354
6254,6372
6246,6366
6252,6360
6235,6407
6241,6393
6238,6378
6241,6383
6249,6357
6246,6341
6243,6385
6257,6367
6241,6375
6250,6393
6238,6371
6237,6380
6233,6372
6243,6381
6246,6356
6257,6360
6250,6378
6242,6368
6251,6382
6250,6358
6249,6361
6264,6360
6266,6361
6246,6362
6267,6359
6291,6345
6257,6339
6276,6365
6278,6346
6289,6349
6272,6354
6286,6327
6301,6364
6314,6361
6332,6348
6338,6364
6352,6361
6366,6357
6351,6330
6393,6340
6421,6334
6453,6337
6481,6352
6489,6363
6532,6347
6596,6352
6628,6362
6684,6350
6700,6379
6748,6366
6831,6369
6911,6372
6976,6367
7079,6360
7263,6375
7441,6351
7644,6368
7826,6382
8087,6369
8362,6383
8560,6352
8723,6369
8794,6370
8805,6216
9195,6532
8967,6231
9361,6389
9434,6379
9492,6367
9619,6396
9640,6384
9513,6372
9254,6397
9034,6385
8889,6410
8801,6414
8609,6443
8448,6448
8376,6450
8164,6485
8018,6491
7946,6530
7841,6549
7702,6632
7542,6663
7471,6700
7332,6780
7255,6800
7080,6835
7011,6859
7023,6908
7024,6924
6965,6933
6935,6934
6927,6948
6929,6939
7031,6920
7215,6895
7377,6892
7535,6870
7734,6818
8066,6746
8488,6690
8870,6680
9137,6605
9257,6637
9602,6621
9904,6669
10084,6691
10225,6738
10400,6829
10548,6914
10697,7050
10670,7113
10612,7206
10739,7273
10873,7363
10711,7489
10545,7682
10523,7838
10362,7956
10224,7990
10065,8062
9872,8226
9765,8446
9506,8566
9240,8691
9012,8711
8794,8785
8493,8907
8210,9095
7991,9202
7690,9126
7433,9070
7214,9107
7110,9020
6975,9147
6830,9060
6750,8913
6711,8740
6704,8535
6757,8353
6795,8165
6877,7989
6962,7763
7086,7542
7248,7407
7427,7243
7700,7119
7989,7006
8271,6905
8528,6821
8696,6785
9043,6765
9427,6757
9741,6782
9937,6833
10190,6910
10447,6993
10863,7079
11188,7158
11525,7318
11961,7443
12195,7566
12353,7663
12587,7888
12649,8183
12553,8363
12616,8547
12568,8748
12564,9017
12569,9195
12356,9283
12048,9423
11752,9420
11402,9468
11053,9481
10784,9567
10546,9626
10099,9657
9715,9664
9273,9692
8894,9664
8498,9575
8231,9472
8045,9339
7772,9155
7496,8987
7294,8846
7162,8733
7023,8641
6935,8414
6954,8234
7011,8090
7129,7952
7296,7705
7524,7488
7799,7327
8084,7182
8325,7072
8636,6935
8888,6864
9240,6783
9521,6718
9754,6698
10214,6711
10611,6735
10996,6839
11354,6959
11700,7118
12034,7278
12221,7494
12235,7696
12417,7913
12790,8218
12842,8464
12636,8761
12676,9043
12822,9384
12776,9670
12922,10024
12679,10276
12356,10350
12025,10551
11527,10738
11097,10953
10923,11198
10570,11310
10315,11383
10005,11400
9644,11223
9205,11077
8726,11109
8417,11032
8090,10914
7777,10675
7539,10589
7260,10427
7035,10248
6915,10019
6820,9696
6799,9319
6770,9024
6800,8713
6854,8516
6950,8141
7073,7862
7270,7667
7489,7369
7715,7234
8007,7079
8325,6960
8707,6817
8939,6759
9252,6721
9511,6747
9707,6788
10026,6870
10253,7008
10546,7164
10683,7362
10917,7573
11045,7844
11184,8097
11312,8393
11481,8727
11760,9120
11702,9307
11553,9571
11599,9874
11485,9936
11431,10184
11389,10477
11233,10843
11020,11159
10802,11365
10501,11557
10079,11633
9866,11531
9517,11433
9110,11414
8750,11497
8490,11212
8124,10968
7898,10823
7539,10518
7314,10359
7137,10078
6958,9894
6848,9535
6759,9155
6736,8764
6771,8566
6794,8238
6886,8032
7031,7734
7136,7509
7328,7326
7484,7141
7748,7025
8000,6888
8369,6783
8701,6699
8889,6647
9095,6606
9370,6589
9712,6628
10028,6676
10619,6770
10921,6852
11170,6998
11388,7114
11436,7340
11601,7575
11813,7851
11931,8018
12144,8359
12233,8613
12219,8885
12191,9122
12182,9442
12048,9752
11945,10032
11764,10167
11631,10458
11541,10556
11157,10745
10810,10728
10406,10655
10116,10873
9902,10921
9369,10784
9007,10858
8685,10830
8426,10670
8098,10648
7853,10498
7565,10274
7311,10095
7105,9762
6894,9694
6765,9477
6680,9159
6615,8867
6618,8633
6655,8240
6737,8090
6861,7771
6990,7560
7170,7432
7310,7220
7484,7082
7722,6925
7947,6829
8146,6751
8390,6703
8494,6705
8642,6645
8845,6667
9069,6718
9268,6774
9399,6883
9542,7071
9583,7228
9590,7432
9636,7601
9613,7849
9595,8051
9593,8325
9584,8500
9509,8788
9447,8940
9398,9067
9350,9320
9322,9581
9157,9863
9031,10053
8843,10100
8834,10125
8766,10151
8678,10229
8521,10158
8367,10144
8220,10147
7989,9891
7795,9742
7567,9651
7376,9421
7201,9298
7049,9183
6917,8949
6831,8661
6707,8479
6660,8259
6637,7995
6653,7781
6677,7591
6748,7348
6849,7192
7030,7040
7197,6919
7423,6833
7724,6724
7956,6654
8241,6600
8550,6568
8752,6595
9052,6602
9327,6550
9400,6570
9605,6606
9938,6684
10207,6755
10247,6798
10413,6900
10546,7032
10556,7128
10510,7250
10710,7430
10605,7618
10576,7820
10415,7984
10264,8154
10205,8355
10053,8492
9810,8707
9704,8944
9523,9175
9324,9350
9144,9520
8808,9550
8617,9677
8351,9712
8065,9743
7821,9917
7614,9835
7416,9664
7217,9479
7066,9462
6865,9497
6743,9284
6669,8952
6605,8705
6552,8454
6560,8181
6545,8045
6561,7878
6604,7694
6699,7480
6831,7309
6928,7135
7047,6994
7199,6842
7409,6717
7595,6582
7775,6529
7947,6464
8088,6479
8326,6510
8541,6528
8769,6595
8964,6672
9130,6759
9283,6871
9439,6953
9579,7097
9739,7231
9945,7372
10097,7528
10009,7670
10199,7814
10266,7987
10218,8169
10183,8267
10110,8426
9954,8449
9939,8609
9794,8722
9589,8718
9512,8705
9289,8690
9018,8748
8791,8765
8534,8712
8297,8639
8099,8610
7913,8549
7767,8512
7584,8384
7447,8314
7307,8258
7152,8070
7033,7966
6963,7847
6909,7782
6867,7644
6848,7521
6863,7358
6896,7265
7025,7153
7165,7110
7281,6966
7410,6914
7610,6823
7825,6713
8061,6680
8303,6594
8596,6577
8855,6571
9064,6551
9354,6632
9662,6714
9833,6790
10144,6874
10079,6975
10428,7134
10629,7274
10741,7417
10955,7580
11220,7800
11323,8001
11164,8205
11049,8356
11105,8504
11051,8720
10930,8888
10793,9246
10392,9314
10071,9323
9862,9493
9605,9633
9448,9660
9205,9689
8895,9728
8553,9727
8337,9712
8029,9631
7854,9723
7694,9519
7579,9350
7423,9271
7264,9101
7176,8849
7016,8744
6898,8578
6872,8347
6910,8286
6983,8065
6999,7954
7076,7691
7117,7577
7173,7416
7274,7325
7384,7149
7503,7050
7698,6924
7846,6846
8063,6741
8199,6723
8454,6754
8716,6749
8982,6770
9155,6833
9365,6947
9623,7064
9845,7256
10050,7440
10152,7595
10303,7715
10374,7822
10428,8023
10600,8223
10876,8409
11000,8610
10767,8650
10857,8945
10726,8964
10706,9042
10503,9161
10334,9255
10018,9325
9696,9356
9351,9371
9165,9307
8875,9278
8551,9270
8282,9248
7965,9143
7681,9037
7424,8955
7198,8896
7003,8859
6854,8713
6735,8566
6663,8400
6608,8246
6636,8122
7061,8315
6938,7942
6874,7696
6848,7463
7113,7376
7178,7200
7429,7134
7629,7008
7795,6862
8007,6765
8146,6713
8286,6642
8475,6606
8642,6574
8828,6594
9026,6616
9190,6668
9378,6727
9470,6844
9730,7037
9886,7203
10048,7441
10005,7630
10101,7865
10145,8078
10209,8284
10384,8581
10340,8763
10447,8968
10362,9354
10266,9449
10056,9575
9667,9567
9365,9536
9127,9741
8748,9634
8558,9579
8338,9551
8112,9489
7860,9345
7521,9156
7310,9162
7191,9136
7018,8910
6879,8640
6772,8543
6649,8491
6611,8250
6636,8084
6660,7917
6711,7762
6780,7617
6875,7537
6936,7443
7041,7307
7223,7163
7413,7013
7533,6910
7731,6822
7969,6737
8197,6648
8360,6591
8688,6527
8916,6527
9171,6564
9542,6599
9884,6647
10086,6751
10266,6872
10423,7014
10701,7126
11013,7308
11140,7430
11388,7674
11497,7835
11540,8066
11515,8226
11632,8420
11449,8485
11432,8649
11271,8641
11092,8681
11248,8905
10906,8815
10788,8886
10555,9002
10396,8963
10049,8977
9727,8880
9358,8837
8985,8806
8732,8756
8362,8732
8086,8627
7675,8544
7429,8507
7159,8362
7002,8218
6882,8082
6854,7923
6801,7835
6805,7720
6884,7602
6927,7494
7083,7344
7316,7193
7575,7055
7797,6886
8086,6783
8324,6640
8761,6612
9223,6569
9699,6536
10027,6528
10528,6502
10867,6580
11344,6643
11727,6768
12010,6886
12385,7047
12702,7185
13353,7431
13772,7723
13969,7955
14168,8274
14586,8573
14870,8863
14863,9102
14588,9363
14401,9602
13974,9921
13671,10192
13683,10497
13391,10547
12941,10635
12415,10802
11912,10868
11355,11005
10866,11187
10343,11167
9664,11429
9185,11215
8678,10935
8197,10928
7917,10751
7648,10549
7454,10394
7228,10242
7110,10060
7054,9860
7045,9637
7021,9433
7149,9143
7285,8866
7457,8637
7717,8435
7952,8169
8306,7951
8703,7744
9083,7573
9441,7361
9856,7223
10328,7065
10844,6883
11386,6840
11945,6833
12401,6813
12793,6832
13415,6931
14071,7067
14818,7255
15689,7432
16218,7791
16383,8059
16383,8470
16383,8806
16383,9198
16383,9511
16383,9837
16383,9801
16383,10095
16383,10745
16383,10950
16383,11272
16383,11442
16193,11468
15749,11638
15141,11594
14373,11454
13847,11522
13094,11500
12387,11473
11790,11438
11069,11263
10172,10851
10010,10769
9531,10669
8987,10438
8586,10378
8168,10213
7853,10087
7713,9839
7642,9662
7510,9390
7561,9178
7601,8853
7660,8539
7878,8230
8137,7965
8475,7779
8943,7522
9264,7309
9788,7200
10538,7078
11265,6987
12082,6980
12924,7029
13523,7107
13909,7250
14518,7462
15110,7727
15790,8190
15850,8539
16038,9069
16044,9578
16208,10062
16342,10619
16383,11129
16371,11514
16162,12033
15515,12312
14986,12908
14674,13371
14257,13564
13373,13721
12908,14195
12337,14469
12007,14868
11418,14881
10966,14602
10614,14250
10378,14043
9691,13939
9581,14337
9247,14395
8954,14176
8638,14087
8309,13530
8194,13208
8061,12788
8008,12311
7941,11724
7795,11016
7818,10621
7826,10084
7889,9658
7998,9262
8076,8848
8209,8428
8371,8002
8427,7633
8652,7327
8941,7121
9138,6936
9165,6753
9735,6836
9994,6899
10441,7046
10909,7033
10433,7256
11165,7445
12829,7697
12716,7920
11005,8147
9159,8451
7803,8712
7018,8926
6590,9138
6394,9448
6300,9651
6244,9892
6206,10207
6197,10505
6193,10572
6179,10658
6171,10804
6160,10996
6179,11078
6169,11276
6166,11377
6154,11533
6141,11748
6142,11891
6134,11993
6145,11808
6118,11663
6135,11528
6133,11424
6141,11220
6140,11097
6136,10920
6137,10563
6135,10338
6140,9896
6126,9568
6136,9137
6129,8660
6120,8357
6124,8053
6126,7751
6127,7526
6114,7185
6125,7031
6118,6946
6117,6920
6115,6864
6129,6911
6125,6950
6113,7035
6130,7174
6118,7298
6119,7383
6113,7493
6118,7614
6119,7534
6117,7526
6115,7698
6110,7607
6118,7240
6113,6825
6108,6546
6117,6378
6114,6273
6106,6237
6114,6227
6111,6190
6111,6201
6118,6196
6115,6210
6105,6207
6107,6196
6098,6177
6106,6188
6104,6159
6104,6158
6107,6129
6119,6101
6115,6102
6094,6069
6109,6093
6114,6091
6113,6087
6105,6087
6116,6070
6108,6075
6108,6077
6106,6084
6110,6079
6106,6075
6111,6070
6107,6069
6103,6066
6106,6068
6103,6063
6119,6072
6106,6074
6105,6071
6111,6069
6102,6072
6114,6066
6100,6067
6095,6064
6108,6070
6105,6059
6112,6074
6111,6071
6113,6057
6110,6055
6098,6068
6113,6051
6113,6063
6106,6066
6113,6059
6114,6047
6113,6055
6112,6011
6117,6039
6103,6055
6114,6064
6115,6050
6106,6058
6112,6061
6117,6060
6111,6054
6115,6063
6103,6053
6109,6055
6108,6059
6099,6059
6112,6050
6108,6048
6106,6057
6104,6063
6109,6039
6110,6054
6109,6054
6117,6041
6111,6066
6107,6043
6112,6061
6114,6054
6107,6047
6109,6045
6109,6046
6111,6058
6114,6052
6110,6056
6121,6042
6111,6058
6113,6061
6114,6066
6112,6054
6099,6044
6109,6044
6111,6057
6116,6051
6111,6056
6108,6060
6104,6053
6110,6055
6111,6059
6099,6051
6109,6063
6119,6047
6111,6044
6100,6062
6104,6048
6109,6051
6111,6049
6105,6046
6106,6061
6116,6039
6100,6041
6114,6058
6109,6048
6103,6060
6110,6062
6101,6046
6100,6034
6112,6049
6117,6046
6112,6052
6105,6036
6104,6053
6108,6050
6096,6057
6109,6056
6105,6060
6110,6060
6119,6057
6113,6058
6101,6049
6110,6055
6105,6057
6113,6057
6114,6041
6104,6054
6106,6035
6102,6064
6111,6058
6109,6053
6110,6047
6099,6052
6106,6060
6105,6053
6123,6054
6114,6052
6108,6049
6102,6038
6101,6044
6099,6055
6105,6064
6111,6048
6094,6057
6096,6044
6102,6051
6110,6062
6111,6052
6108,6050
6111,6058
6109,6051
6098,6054
6102,6047
6098,6046
6104,6053
6110,6063
6108,6047
6099,6056
6114,6064
6103,6046
6105,6064
6109,6063
6109,6048
6111,6047
6099,6045
6100,6051
6109,6057
6098,6050
6101,6054
6104,6047
6101,6066
6101,6054
6105,6050
6108,6059
6101,6052
6096,6056
6101,6041
6105,6040
6107,6047
6099,6036
6106,6051
6113,6036
6113,6054
6100,6056
6117,6047
6091,6046
6108,6051
6113,6060
6100,6046
6100,6053
6099,6041
6099,6046
6035,6069
6024,5952
5891,5762
6122,6090
6071,5996
6002,5959
6147,6074
6062,6026
6111,6066
6104,6042
6097,6035
6095,6047
6105,6054
6101,6039
6105,6052
6101,6045
6094,6053
6098,6052
6102,6054
6106,6055
6107,6048
6101,6047
6098,6054
6095,6051
6096,6044
6101,6061
6097,6061
6098,6053
6099,6045
6095,6044
6096,6044
6102,6058
6098,6039
6095,6054
6098,6051
6109,6049
6097,6056
6099,6044
6107,6051
6101,6047
6099,6045
6101,6061
6102,6044
6101,6057
6103,6054
6101,6057
6108,6057
6108,6045
6099,6058
6094,6060
6096,6036
6110,6038
6107,6053
6104,6051
6097,6038
6104,6042
6108,6056
6115,6047
6109,6058
6110,6049
6102,6053
6101,6053
6114,6060
6107,6034
6107,6057
6107,6038
6104,6037
6109,6056
6104,6053
6104,6052
6111,6062
6111,6049
6112,6072
6106,6066
6118,6058
6111,6058
6110,6049
6117,6055
6111,6041
6110,6054
6113,6056
6107,6045
6122,6047
6109,6065
6108,6054
6105,6062
6116,6062
6117,6062
6099,6051
6087,6066
6112,6032
6097,6041
6106,6058
6114,6054
6106,6054
6112,6045
6119,6057
6114,6054
6104,6055
6111,6054
6108,6063
6110,6053
6111,6043
6097,6056
6112,6047
6111,6042
6108,6056
6106,6048
6104,6035
6115,6063
6106,6060
6107,6045
6112,6050
6118,6046
6110,6048
6104,6052
6104,6051
6100,6056
6103,6063
6103,6056
6105,6042
6090,6034
6101,6047
6108,6050
6118,6043
6112,6050
6110,6049
6108,6053
6098,6050
6116,6050
6117,6060
6110,6049
6099,6054
6104,6040
6108,6052
6099,6061
6108,6047
6101,6034
6104,6034
6111,6048
6101,6055
6110,6040
6101,6055
6103,6060
6109,6053
6105,6046
6107,6037
6104,6060
6112,6049
6116,6058
6118,6053
6099,6045
6097,6050
6104,6050
6105,6053
6104,6060
6126,6060
6109,6051
6111,6060
6110,6060
6112,6047
6115,6061
6112,6046
6105,6060
6121,6051
6107,6046
6119,6061
6115,6042
6120,6046
6122,6049
6122,6052
6112,6059
6113,6053
6115,6058
6125,6051
6124,6051
6116,6047
6116,6047
6106,6060
6116,6043
6110,6052
6118,6040
6120,6055
6117,6052
6114,6055
6109,6047
6109,6047
6108,6054
6113,6054
6111,6060
6108,6058
6108,6060
6112,6051
6110,6053
6108,6062
6109,6040
6104,6048
6106,6039
6113,6054
6113,6041
6110,6052
6107,6048
6112,6034
6104,6045
6113,6048
6120,6058
6114,6044
6110,6052
6105,6057
6102,6054
6113,6081
6109,6052
6115,6042
6118,6052
6113,6058
6118,6063
6106,6060
6113,6035
6107,6042
6102,6049
6113,6049
6110,6048
6114,6055
6104,6052
6110,6054
6117,6048
6115,6062
6112,6050
6111,6053
6115,6037
6115,6052
6114,6040
6102,6049
6118,6050
6126,6040
6115,6061
6112,6037
6103,6062
6112,6045
6105,6050
6105,6067
6102,6044
6114,6051
6127,6048
6120,6060
6096,6049
6104,6056
6119,6056
6120,6055
6111,6050
6112,6054
6119,6052
6113,6054
6114,6042
6112,6052
6116,6042
6117,6046
6114,6058
6104,6061
6119,6063
6117,6067
6115,6059
6115,6048
6105,6047
6121,6046
6121,6049
6105,6052
6113,6058
6114,6057
6161,6087
6102,6034
6119,6076
6067,6015
6150,6088
6116,6050
6147,6083
6127,6057
6100,6057
6118,6058
6115,6056
6111,6055
6122,6064
6120,6063
6111,6065
6120,6053
6119,6047
6116,6056
6116,6057
6116,6057
6120,6048
6117,6057
6111,6056
6114,6054
6122,6052
6122,6062
6115,6043
6116,6054
6117,6055
6113,6053
6116,6055
6120,6057
6118,6062
6118,6057
6114,6058
6120,6063
6110,6046
6112,6056
6114,6054
6111,6059
6112,6036
6112,6036
6114,6055
6116,6057
6120,6054
6114,6054
6119,6054
6118,6060
6115,6050
6122,6054
6127,6049
6118,6063
6114,6055
6117,6061
6110,6060
6114,6060
6116,6059
6116,6060
6118,6051
6120,6064
6117,6057
6122,6048
6118,6061
6118,6061
6126,6056
6120,6060
6116,6056
6115,6063
6115,6057
6115,6054
6115,6063
6121,6051
6114,6052
6117,6055
6120,6062
6124,6054
6112,6058
6109,6067
6117,6048
6120,6063
6117,6056
6117,6047
6118,6054
6117,6047
6118,6064
6118,6064
6124,6053
6119,6051
6117,6054
6134,6055
6110,6066
6124,6061
6120,6045
6121,6054
6117,6066
6117,6067
6115,6061
6122,6055
6119,6056
6118,6054
6113,6066
6111,6060
0,30
0,61680
0,0
6127,6058
5599,5567
5598,5575
5606,5583
5602,5586
5604,5587
5607,5575
5606,5581
5598,5573
5823,5751
6352,6291
6309,6300
6294,6295
6333,6304
6302,6297
6297,6325
6308,6314
6303,6312
6315,6297
6300,6327
6309,6331
6320,6340
6313,6342
6303,6307
6301,6323
6307,6326
6304,6352
6299,6331
6290,6334
6306,6295
6320,6320
6295,6323
6274,6310
6305,6335
6294,6324
6307,6317
6324,6353
6320,6333
6328,6313
6314,6337
6305,6324
6304,6338
6303,6332
6293,6346
6286,6305
6304,6328
6291,6345
6353,6245
6354,6377
6261,6282
6338,6370
6350,6394
6323,6354
6319,6333
6302,6338
6315,6341
6314,6335
6315,6324
6299,6352
6279,6338
6323,6325
6304,6342
6315,6337
6302,6317
6298,6319
6289,6354
6300,6331
6304,6335
6313,6345
6304,6319
6312,6333
6308,6309
6290,6310
6301,6312
6316,6326
6305,6327
6301,6325
6296,6335
6290,6338
6309,6326
6305,6335
6293,6336
6302,6328
6298,6319
6291,6309
6276,6329
6280,6328
6291,6338
6300,6320
6301,6331
6307,6338
6296,6322
6271,6325
6296,6342
6282,6314
6296,6323
6285,6335
6284,6341
6299,6350
6302,6321
6272,6369
6287,6349
6298,6349
6294,6351
6294,6342
6310,6321
6301,6338
6295,6335
6292,6337
6308,6352
6311,6338
6318,6351
6319,6354
6309,6324
6294,6364
6310,6368
6310,6315
6309,6346
6295,6342
6321,6359
6305,6368
6304,6342
6309,6346
6298,6317
6310,6321
6306,6328
6306,6308
6293,6312
6276,6314
6292,6314
6302,6345
6293,6323
6290,6307
6289,6324
6294,6322
6300,6345
6287,6336
6280,6330
6293,6339
6277,6345
6288,6332
6301,6358
6282,6368
6292,6349
6281,6320
6297,6336
6297,6321
6301,6325
6306,6339
6306,6343
6281,6335
6292,6365
6305,6364
6321,6359
6316,6379
6307,6355
6305,6358
6295,6347
6295,6346
6303,6362
6272,6342
6289,6349
6290,6354
6310,6374
6285,6345
6299,6347
6299,6338
6309,6327
6299,6315
6295,6355
6295,6320
6291,6338
6294,6330
6291,6321
6271,6329
6289,6354
6306,6332
6323,6348
6307,6330
6290,6340
6291,6354
6284,6347
6314,6336
6295,6329
6283,6335
6284,6343
6286,6350
6299,6342
6323,6361
6306,6350
6289,6345
6308,6349
6290,6346
6292,6362
6296,6337
6307,6350
6291,6337
6291,6344
6309,6353
6298,6347
6289,6349
6287,6356
6284,6319
6297,6348
6291,6344
6282,6361
6267,6343
6288,6337
6277,6324
6269,6348
6283,6362
6296,6341
6289,6362
6286,6335
6275,6322
6280,6333
6282,6368
6265,6354
6265,6366
6284,6372
6263,6371
6273,6368
6280,6372
6272,6352
6285,6333
6286,6347
6281,6352
6262,6350
6300,6352
6290,6385
6291,6375
6294,6352
6285,6373
6268,6372
6266,6373
6283,6362
6275,6356
6287,6353
6285,6351
6260,6359
6271,6386
6269,6371
6273,6383
6265,6375
6267,6381
6258,6394
6265,6393
6260,6385
6236,6353
6254,6337
6279,6358
6276,6344
6277,6347
6273,6387
6255,6376
6286,6360
6274,6382
6291,6354
6263,6345
6274,6362
6260,6362
6268,6341
6244,6346
6266,6366
6267,6342
6257,6338
6256,6335
6256,6371
6253,6359
6262,6375
6259,6385
6264,6378
6265,6363
6254,6350
6252,6393
6247,6379
6269,6359
6258,6359
6252,6379
6249,6386
6250,6373
6268,6383
6255,6393
6249,6400
6241,6370
6242,6391
6240,6368
6242,6368
6252,6366
6247,6366
6228,6340
6251,6362
6238,6371
6262,6392
6243,6407
6249,6392
6251,6394
6256,6410
6244,6397
6247,6404
6253,6402
6250,6371
6262,6398
6269,6382
6247,6370
6246,6346
6239,6345
6247,6335
6232,6367
6247,6391
6238,6416
6230,6399
6233,6374
6241,6377
6249,6405
5974,6096
6145,6218
6223,6403
6264,6421
6330,6285
6273,6446
6243,6436
6221,6393
6244,6412
6240,6403
6233,6403
6252,6425
6239,6415
6248,6398
6241,6343
6250,6377
6254,6364
6252,6376
6252,6376
6248,6398
6261,6366
6246,6382
6248,6352
6248,6371
6240,6390
6251,6358
6248,6398
6243,6368
6249,6373
6224,6400
6244,6391
6233,6382
6241,6351
6239,6393
6221,6384
6251,6383
6237,6365
6226,6382
6238,6383
6240,6385
6248,6377
6244,6385
6239,6361
6246,6371
6244,6383
6240,6386
6239,6375
6245,6385
6239,6369
6225,6371
6236,6373
6260,6394
6273,6376
6243,6391
6242,6399
6226,6409
6238,6417
6255,6416
6240,6423
6216,6426
6229,6396
6227,6387
6222,6420
6242,6396
6230,6381
6236,6366
6222,6381
6222,6392
6240,6417
6239,6410
6237,6416
6234,6412
6233,6420
6231,6390
6230,6386
6216,6403
6219,6387
6227,6376
6233,6396
6224,6387
6224,6384
6226,6400
6226,6410
6223,6405
6228,6417
6220,6400
6226,6411
6217,6405
6222,6403
6236,6413
6225,6407
6231,6377
6229,6430
6221,6442
6217,6438
6239,6424
6226,6406
6234,6402
6234,6410
6238,6379
6230,6395
6233,6400
6231,6390
6212,6378
6232,6385
6227,6386
6233,6389
6228,6406
6230,6416
6229,6428
6236,6391
6241,6430
6231,6388
6229,6414
6234,6424
6224,6447
6224,6433
6236,6425
6233,6450
6229,6462
6246,6438
6240,6431
6230,6433
6231,6447
6226,6438
6239,6444
6238,6400
6235,6399
6219,6405
6223,6408
6230,6423
6231,6403
6227,6430
6240,6410
6232,6422
6228,6400
6240,6422
6233,6453
6222,6435
6231,6448
6243,6464
6226,6419
6231,6382
6228,6412
6226,6396
6224,6382
6220,6409
6232,6441
6225,6425
6223,6432
6233,6439
6235,6406
6231,6411
6224,6390
6238,6392
6232,6402
6244,6400
6237,6395
6228,6437
6246,6417
6237,6430
6248,6406
6234,6421
6219,6392
6242,6438
6231,6434
6229,6417
6222,6419
6219,6412
6226,6399
6239,6397
6223,6394
6224,6413
6237,6414
6235,6412
6231,6386
6233,6360
6235,6401
6248,6401
6223,6409
6234,6399
6239,6399
6236,6402
6235,6391
6243,6387
6232,6368
6236,6378
6242,6391
6235,6372
6229,6387
6243,6401
6242,6402
6228,6405
6239,6413
6231,6398
6226,6405
6231,6385
6227,6432
6231,6423
6248,6429
6239,6401
6232,6383
6225,6388
6242,6377
6230,6351
6239,6398
6249,6375
6228,6386
6241,6410
6250,6395
6242,6415
6244,6435
6243,6442
6226,6438
6244,6413
6239,6398
6230,6369
6245,6387
6236,6386
6230,6374
6233,6365
6238,6380
6231,6377
6235,6386
6227,6385
6235,6374
6248,6372
6250,6383
6245,6377
6239,6359
6244,6350
6244,6343
6238,6379
6237,6385
6244,6393
6239,6384
6244,6383
6248,6368
6233,6350
6249,6380
6249,6384
6240,6379
6250,6380
6232,6399
6234,6373
6244,6380
6240,6374
6251,6351
6252,6354
6259,6368
6243,6379
6237,6393
6258,6351
6265,6351
6259,6340
6259,6383
6259,6371
6259,6357
6269,6321
6262,6334
6265,6347
6274,6338
6288,6346
6271,6316
6284,6324
6295,6352
6295,6352
6316,6351
6359,6398
6307,6350
6350,6348
6369,6370
6411,6347
6432,6329
6450,6349
6467,6355
6503,6364
6537,6352
6586,6364
6628,6314
6671,6360
6709,6371
6731,6382
6805,6375
6892,6359
6951,6364
7075,6371
7235,6355
7416,6333
7634,6383
7839,6375
8115,6391
8317,6366
8599,6366
8690,6387
8827,6368
8944,6349
8938,6360
9095,6381
9295,6372
9407,6369
9482,6391
9583,6370
9642,6368
9533,6387
9276,6375
9016,6402
8875,6414
8799,6417
8648,6440
8516,6459
8342,6456
8158,6484
7985,6508
7945,6531
7849,6546
7674,6615
7552,6647
7442,6690
7318,6751
7255,6814
7105,6856
7040,6871
7022,6893
6974,6935
6968,6948
6937,6932
6918,6949
6943,6931
7069,6936
7205,6901
7374,6867
7506,6842
7701,6808
8078,6767
8496,6698
8859,6647
9156,6600
9275,6620
9575,6647
9895,6654
10018,6698
10270,6752
10393,6849
10603,6936
10712,7038
10723,7117
10614,7203
10758,7305
10876,7353
10740,7431
10481,7643
10465,7828
10352,7993
10196,7953
10071,8080
9848,8180
9784,8388
9455,8576
9257,8637
9031,8630
8761,8822
8504,8932
8171,9101
7973,9183
7683,9187
7440,9105
7236,9105
7096,9112
6934,9092
6830,8955
6748,8903
6704,8702
6694,8573
6738,8316
6805,8184
6873,7991
6974,7764
7120,7501
7254,7332
7468,7215
7679,7109
7953,7005
8262,6891
8540,6826
8650,6799
9022,6782
9414,6751
9772,6788
10025,6820
10194,6886
10420,6968
10882,7114
11165,7168
11547,7315
11916,7400
12255,7570
12289,7724
12664,7904
12797,8143
12664,8386
12730,8570
12598,8755
12622,9025
12438,9158
12003,9249
12112,9375
11748,9432
11421,9461
11043,9502
10789,9542
10342,9631
9926,9665
9662,9619
9235,9679
8835,9663
8474,9649
8262,9484
8075,9358
7831,9166
7495,8962
7316,8856
7150,8713
7040,8609
6939,8464
6916,8221
7001,8067
7118,7875
7275,7688
7540,7497
7786,7377
8083,7191
8345,7055
8606,6919
8882,6842
9196,6789
9559,6707
9789,6707
10218,6705
10546,6756
10917,6824
11448,6971
11583,7113
11942,7265
12265,7518
12317,7685
12505,7932
12666,8191
12876,8475
12712,8803
12838,9097
12695,9341
12796,9605
12876,10010
12678,10376
12508,10499
12017,10494
11627,10772
11017,10871
10886,11172
10598,11339
10352,11416
10041,11499
9546,11092
9194,11169
8678,10771
8309,9805
7987,9854
7675,9372
7513,10514
7279,10370
7043,10045
6892,9945
6816,9649
6771,9363
6764,9007
6782,8729
6830,8451
6947,8194
7077,7887
7248,7603
7469,7396
7665,7244
8022,7097
8309,6946
8682,6849
8963,6770
9224,6734
9523,6779
9728,6804
9943,6864
10220,7021
10482,7170
10743,7363
10947,7572
11091,7814
11258,8078
11295,8410
11479,8768
11672,9134
11606,9314
11539,9519
11438,9891
11506,9986
11458,10228
11395,10490
11246,10923
11040,11196
10786,11367
10505,11464
10133,11657
9842,11508
9448,11469
9084,11376
8769,11476
8446,11257
8115,10930
7856,10775
7572,10468
7319,10282
7117,10094
6926,9905
6865,9547
6756,9116
6737,8755
6764,8560
6808,8281
6875,8007
7005,7743
7112,7535
7309,7322
7466,7159
7738,7012
7954,6894
8248,6726
8641,6706
8900,6684
9074,6445
9431,6637
9801,6511
10065,6683
10501,6719
10953,6910
11230,6992
11481,7159
11423,7336
11615,7628
11811,7882
11980,8030
12105,8344
12287,8633
12069,8825
12127,9121
12114,9416
12041,9756
12005,10127
11881,10314
11717,10468
11381,10498
11056,10646
10834,10762
10545,10853
10167,10869
9812,10864
9420,10849
9037,10912
8709,10832
8413,10686
8103,10511
7834,10404
7567,10282
7284,9962
7091,9868
6914,9697
6781,9488
6693,9207
6616,8872
6652,8618
6670,8376
6759,8104
6869,7768
6973,7572
7158,7401
7316,7252
7474,7067
7681,6917
7981,6828
8170,6758
8348,6712
8493,6672
8691,6650
8820,6671
9030,6711
9254,6798
9371,6887
9478,7080
9515,7235
9580,7426
9659,7605
9627,7829
9603,8080
9609,8337
9534,8495
9457,8747
9387,8949
9365,9118
9403,9385
9373,9534
9088,9810
8976,9959
8746,9879
8764,10120
8730,10235
8690,10153
8584,10195
8338,10182
8230,10181
8034,9937
7798,9731
7562,9668
7361,9479
7183,9328
7023,9168
6921,8924
6809,8724
6714,8442
6635,8182
6610,7968
6592,7781
6672,7601
6739,7413
6858,7196
6991,7046
7163,6930
7462,6842
7757,6713
7983,6643
8272,6622
8547,6602
8842,6594
9064,6552
9346,6555
9418,6579
9617,6619
9867,6669
10254,6731
10320,6822
10426,6915
10552,7033
10522,7160
10600,7262
10701,7420
10682,7629
10587,7793
10441,7974
10258,8164
10237,8361
10058,8469
9810,8639
9725,8942
9558,9135
9343,9345
9084,9485
8830,9561
8607,9699
8334,9840
8052,9895
7787,9923
7613,9822
7396,9654
7196,9430
7045,9425
6867,9455
6774,9259
6655,8974
6587,8740
6581,8452
6556,8201
6552,8045
6555,7910
6591,7710
6673,7458
6831,7322
6928,7145
7033,6982
7174,6805
7399,6715
7591,6619
7778,6531
7922,6477
8101,6475
8288,6489
8529,6527
8723,6564
8943,6667
9185,6777
9304,6897
9435,6975
9579,7125
9738,7266
9982,7374
10020,7529
10076,7676
10217,7789
10307,7952
10266,8161
10143,8275
10161,8459
9995,8503
9954,8604
9806,8710
9601,8687
9453,8682
9244,8662
8965,8758
8817,8732
8585,8740
8340,8687
8089,8639
7937,8560
7807,8523
7562,8371
7483,8332
7274,8219
7135,8071
7031,7961
6946,7872
6929,7808
6860,7654
6849,7501
6872,7369
6899,7267
7008,7165
7128,7092
7295,6989
7409,6920
7637,6847
7830,6735
8034,6688
8244,6615
8611,6599
8840,6591
9088,6561
9366,6635
9641,6702
9905,6785
10105,6918
10239,7000
10432,7124
10607,7249
10858,7444
10909,7592
11228,7819
11186,7983
11055,8140
11059,8361
11041,8493
11112,8746
11115,8967
10867,9270
10393,9254
10113,9322
9862,9497
9624,9558
9403,9661
9206,9663
8859,9709
8490,9611
8337,9754
7951,9530
7878,9723
7720,9624
7605,9342
7395,9213
7266,9062
7128,8851
7002,8701
6920,8598
6881,8388
6930,8291
6992,8111
7044,7968
7074,7713
7117,7591
7179,7458
7290,7312
7391,7113
7488,7092
7665,6941
7861,6825
8052,6752
8227,6725
8534,6731
8706,6728
9015,6756
9148,6826
9393,6875
9597,7062
9869,7210
10006,7449
10123,7577
10278,7742
10302,7796
10273,7890
10591,8167
10914,8415
10944,8605
10809,8672
10837,8876
10759,8929
10786,9146
10549,9186
10256,9334
9976,9270
9675,9393
9297,9299
9131,9314
8830,9283
8563,9320
8274,9231
7963,9178
7656,9063
7444,9010
7175,8878
7000,8904
6829,8751
6722,8564
6646,8408
6628,8206
6638,8099
6673,7970
6773,7799
6840,7640
6913,7491
7087,7394
7208,7205
7360,7116
7617,7044
7786,6890
7991,6776
8215,6704
8312,6644
8478,6626
8627,6606
8857,6592
9059,6615
9203,6673
9308,6753
9494,6865
9660,6993
9920,7216
10080,7448
9611,7500
10174,7844
9999,8029
10154,8279
10278,8485
10357,8793
10352,9051
10244,9302
10185,9464
10060,9530
9684,9588
9408,9604
9071,9689
8876,9699
8577,9650
8408,9657
8122,9551
7874,9327
7595,9279
7388,9329
7187,9146
6977,8884
6891,8595
6767,8539
6677,8497
6620,8265
6644,8078
6654,7896
6705,7785
6770,7629
6847,7538
6939,7429
7039,7311
7215,7171
7413,7025
7519,6923
7788,6829
7979,6737
8207,6663
8374,6619
8667,6535
8972,6541
9214,6544
9626,6610
9918,6643
9969,6748
10187,6824
10533,7021
10608,7144
10939,7328
11193,7440
11447,7680
11691,7888
11579,8010
11628,8300
11722,8509
11649,8629
11510,8717
11495,8748
11479,8879
11269,8920
11059,8924
10804,8930
10544,8999
10398,9057
9956,8901
9728,8898
9370,8865
9007,8794
8778,8772
8383,8753
8082,8654
7695,8540
7427,8484
7142,8372
7000,8221
6885,8055
6845,7973
6794,7805
6796,7698
6856,7624
6944,7472
7067,7364
7316,7210
7577,7061
7756,6902
7923,6783
8315,6655
8777,6618
9183,6555
9680,6528
10046,6516
10515,6538
10857,6575
11350,6662
11707,6767
12058,6893
12327,7041
12919,7235
13413,7449
13731,7708
14001,7938
14172,8263
14673,8585
14764,8873
14671,9041
14653,9411
14281,9506
13915,9838
13789,10207
13700,10480
13359,10646
12984,10678
12415,10856
11887,10818
11418,11001
10895,11149
10292,11184
9715,11404
9175,11200
8639,11021
8234,11016
7944,10734
7664,10550
7436,10473
7229,10250
7102,9976
7033,9877
7059,9630
7038,9420
7160,9148
7295,8891
7423,8652
7690,8449
7999,8262
8268,7913
8672,7746
9046,7567
9413,7356
9867,7236
10382,7029
10749,6905
11446,6841
11699,6802
12282,6821
12334,6784
13313,6944
13897,7052
14860,7262
15664,7409
16239,7765
16383,8046
16383,8484
16383,8828
16383,9223
16383,9493
16383,9769
16383,10160
16383,10545
16383,10739
16329,10660
16383,11265
16383,11393
16133,11440
15751,11659
14977,11528
14511,11560
13872,11605
13303,11596
12491,11487
11770,11447
11084,11312
10517,11043
10015,10801
9508,10633
8993,10467
8570,10470
8186,10344
7858,10112
7677,9905
7588,9519
7520,9361
7527,9167
7583,8789
7682,8541
7852,8200
8128,7937
8524,7769
8905,7549
9241,7324
9764,7185
10546,7100
11260,7014
12078,6973
12877,7003
13508,7135
13978,7243
14582,7477
15260,7717
15860,8116
15893,8563
15941,9053
16115,9578
16142,10060
16338,10595
16383,11154
16383,11547
16151,11975
15516,12387
14979,13096
14665,13345
14169,13512
13416,13730
12938,14252
12322,14544
12120,14941
11629,15007
11297,14902
10750,14485
10602,14201
10027,14310
9459,14215
9240,14431
8974,14178
8654,14035
8336,13617
8219,13264
8062,12826
7973,12394
7925,11727
7868,11148
7805,10616
7897,10215
7801,9551
7923,9157
8065,8862
8234,8443
8357,7919
8397,7588
8632,7288
8965,7086
9099,6915
9295,6838
9656,6832
9979,6865
10382,6968
10963,7075
10433,7225
11059,7475
12790,7651
12649,7949
10953,8172
9120,8431
7820,8673
6999,8937
6613,9087
6401,9394
6291,9623
6242,9819
6210,10160
6193,10416
6178,10510
6169,10603
6175,10859
6170,11041
6175,11131
6168,11262
6159,11456
6139,11564
6142,11748
6145,11841
6142,11990
6146,11994
6129,11779
6131,11579
6131,11439
6140,11312
6131,11137
6127,10906
6121,10551
6136,10152
6145,9919
6117,9506
6125,9208
6119,8835
6120,8302
6135,8018
6123,7737
6124,7474
6121,7281
6128,7113
6124,6952
6112,6943
6112,6883
6124,6884
6118,6956
6117,7063
6128,7186
6120,7247
6129,7383
6110,7501
6108,7570
6116,7525
6115,7537
6115,7692
6117,7567
6119,7223
6113,6813
6102,6565
6114,6370
6109,6273
6105,6237
6115,6200
6107,6203
6109,6200
6114,6212
6114,6203
6113,6209
6102,6193
6104,6172
6108,6173
6104,6183
6108,6148
6102,6121
6112,6111
6114,6092
6099,6071
6113,6088
6116,6081
6120,6069
6094,6086
6115,6073
6109,6072
6101,6086
6105,6069
6108,6073
6099,6070
6107,6078
6113,6061
6104,6063
6107,6069
6104,6058
6113,6060
6114,6064
6110,6070
6102,6071
6105,6070
6108,6073
6109,6061
6103,6063
6104,6061
6117,6065
6116,6064
6102,6074
6119,6090
6101,6060
6111,6063
6099,6072
6118,6050
6111,6045
6112,6063
6103,6051
6117,6053
6117,6054
6117,6053
6102,6054
6111,6066
6107,6063
6106,6061
6116,6057
6112,6064
6113,6057
6123,6063
6105,6047
6114,6047
6110,6059
6109,6053
6117,6046
6101,6053
6111,6049
6112,6062
6106,6051
6106,6065
6106,6049
6107,6049
6106,6059
6108,6041
6115,6058
6115,6043
6107,6055
6109,6044
6112,6058
6114,6057
6108,6056
6112,6061
6116,6054
6110,6058
6110,6056
6113,6049
6110,6038
6109,6046
6113,6047
6115,6050
6109,6044
6118,6045
6106,6057
6111,6046
6111,6052
6115,6036
6100,6046
6111,6040
6118,6053
6108,6056
6103,6049
6104,6042
6103,6056
6098,6061
6105,6047
6107,6048
6103,6045
6108,6056
6110,6051
6112,6050
6098,6052
6101,6051
6092,6047
6102,6054
6112,6046
6119,6035
6113,6045
6104,6051
6104,6049
6103,6051
6109,6063
6107,6043
6104,6054
6104,6060
6112,6045
6119,6057
6106,6053
6105,6056
6096,6055
6109,6052
6101,6054
6103,6055
6110,6047
6104,6048
6110,6055
6099,6053
6108,6056
6101,6058
6100,6048
6106,6046
6122,6051
6110,6042
6106,6053
6108,6043
6105,6040
6103,6047
6107,6025
6117,6057
6096,6055
6101,6047
6101,6055
6114,6060
6104,6048
6103,6067
6107,6040
6106,6044
6109,6056
6102,6061
6100,6059
6105,6061
6110,6064
6100,6041
6097,6056
6111,6061
6101,6040
6110,6048
6125,6046
6113,6056
6100,6059
6099,6039
6173,6118
6139,6080
6067,6015
6087,6106
6133,6039
6082,6024
6114,6055
6105,6057
6121,6063
6105,6042
6089,6034
6108,6045
6106,6051
6096,6062
6096,6054
6111,6041
6114,6037
6110,6047
6094,6049
6116,6051
6097,6046
6112,6047
6110,6042
6103,6040
6099,6046
6092,6051
6103,6046
6095,6051
6108,6038
6104,6043
6095,6038
6097,6056
6105,6057
6095,6035
6093,6043
6104,6040
6099,6061
6100,6051
6095,6048
6095,6051
6106,6044
6104,6042
6103,6051
6093,6050
6098,6046
6099,6053
6093,6044
6103,6055
6097,6051
6103,6051
6103,6055
6094,6056
6108,6058
6102,6060
6097,6059
6107,6060
6097,6053
6104,6050
6098,6060
6098,6040
6094,6028
6106,6052
6110,6042
6089,6041
6100,6051
6103,6036
6101,6049
6101,6056
6104,6055
6099,6036
6100,6057
6098,6045
6101,6063
6099,6051
6105,6040
6100,6057
6104,6080
6102,6051
6112,6048
6104,6054
6107,6058
6097,6060
6103,6046
6115,6049
6106,6041
6112,6053
6104,6062
6106,6053
6103,6064
6103,6059
6092,6069
6104,6052
6107,6055
6104,6050
6107,6064
6098,6049
6106,6050
6112,6060
6107,6048
6115,6057
6109,6062
6112,6064
6111,6059
6107,6058
6117,6060
6106,6047
6111,6054
6111,6057
6104,6058
6118,6052
6108,6038
6102,6040
6111,6061
6114,6060
6111,6060
6108,6055
6105,6063
6101,6058
6098,6053
6103,6061
6110,6060
6110,6060
6107,6051
6108,6058
6112,6044
6102,6055
6106,6049
6110,6049
6108,6065
6099,6042
6094,6054
6107,6058
6104,6061
6091,6036
6104,6047
6110,6048
6109,6063
6104,6063
6103,6048
6100,6052
6094,6058
6110,6048
6102,6053
6106,6045
6103,6048
6107,6055
6105,6057
6104,6057
6104,6053
6099,6061
6105,6046
6098,6050
6102,6066
6108,6052
6108,6042
6101,6053
6109,6051
6113,6060
6106,6046
6105,6039
6101,6052
6109,6043
6102,6053
6105,6055
6105,6054
6099,6049
6106,6057
6107,6060
6104,6057
6102,6057
6099,6063
6111,6051
6105,6062
6098,6046
6105,6056
6114,6064
6108,6058
6111,6051
6099,6048
6106,6053
6106,6053
6108,6064
6108,6068
6122,6058
6111,6048
6104,6059
6103,6050
6112,6056
6108,6048
6108,6049
6105,6061
6115,6049
6121,6052
6114,6051
6109,6058
6110,6066
6113,6058
6118,6047
6119,6055
6116,6049
6118,6053
6127,6064
6115,6056
6116,6049
6104,6049
6108,6047
6116,6051
6116,6043
6118,6047
6119,6059
6114,6054
6117,6057
6106,6059
6107,6057
6106,6042
6102,6062
6109,6056
6108,6053
6115,6050
6108,6056
6114,6061
6103,6056
6112,6053
6108,6047
6111,6052
6109,6044
6116,6050
6110,6058
6110,6046
6114,6061
6107,6044
6112,6057
6110,6076
6113,6049
6110,6053
6105,6056
6103,6059
6109,6059
6106,6047
6112,6049
6111,6052
6107,6067
6115,6046
6109,6026
6114,6050
6112,6057
6103,6035
6118,6065
6119,6045
6115,6055
6112,6048
6112,6042
6114,6052
6118,6044
6106,6045
6106,6062
6097,6050
6107,6049
6119,6057
6099,6040
6118,6048
6116,6057
6096,6049
6106,6057
6113,6054
6105,6061
6108,6054
6010,5990
6103,6059
6117,6055
6302,6223
6139,6076
6077,6025
6125,6061
6108,6023
6116,6090
6153,6087
6124,6068
6122,6054
6107,6058
6103,6053
6113,6051
6114,6065
6115,6055
6112,6055
6113,6042
6116,6053
6111,6066
6111,6056
6122,6052
6104,6047
6119,6041
6126,6050
6108,6060
6109,6049
6117,6051
6113,6049
6115,6052
6110,6044
6117,6043
6114,6041
6120,6064
6115,6057
6116,6058
6115,6066
6118,6063
6131,6063
6113,6049
6119,6064
6125,6058
6114,6054
6111,6058
6113,6062
6121,6058
6106,6066
6114,6054
6111,6063
6111,6062
6108,6033
6112,6059
6110,6053
6107,6060
6107,6060
6124,6045
6115,6051
6109,6073
6116,6054
6118,6056
6119,6060
6114,6042
6117,6054
6120,6057
6111,6055
6110,6056
6114,6061
6118,6059
6115,6052
6117,6055
6106,6055
6112,6056
6114,6061
6116,6058
6127,6045
6113,6056
6113,6056
6115,6061
6117,6052
6121,6059
6121,6050
6126,6045
6118,6058
6110,6060
6115,6059
6114,6047
6115,6050
6118,6048
6115,6058
6114,6057
6114,6055
6117,6062
6107,6065
6110,6042
6111,6064
6112,6061
6118,6041
6117,6057
6117,6057
6120,6066
6119,6055
6119,6063
6111,6061
6112,6057
6113,6066
6118,6062
6114,6060
6121,6055
6113,6061
6118,6053
6118,6054
6120,6063
6116,6058
6117,6063
6116,6056
6115,6047
6114,6058
6115,6063
6118,6053
6107,6059
6107,6059
6117,6049
6120,6054
6115,6068
6118,6069
6121,6063
6113,6047
6118,6063
6120,6051
6122,6053
0,30
0,61680
0,0
6119,6061
5605,5578
5594,5570
5598,5577
5595,5571
5596,5576
5603,5569
5606,5564
5601,5567
5819,5756
6350,6288
6311,6307
6292,6294
6297,6295
6306,6317
6325,6310
6313,6310
6304,6291
6298,6326
6296,6346
6346,6334
6210,6278
6300,6312
6395,6383
6345,6367
6359,6376
6277,6330
6288,6323
6290,6335
6310,6319
6322,6318
6294,6324
6292,6318
6299,6333
6292,6326
6321,6337
6325,6339
6312,6327
6311,6339
6297,6332
6296,6340
6311,6322
6294,6324
6287,6344
6288,6319
6295,6320
6306,6339
6305,6336
6321,6328
6312,6358
6318,6336
6311,6345
6312,6349
6298,6314
6312,6345
6312,6329
6320,6317
6307,6338
6303,6352
6287,6349
6307,6346
6318,6346
6319,6350
6311,6321
6293,6357
6306,6327
6313,6326
6319,6336
6311,6356
6307,6326
6307,6332
6312,6311
6293,6298
6302,6305
6300,6329
6306,6328
6297,6319
6282,6336
6309,6322
6301,6318
6307,6335
6303,6328
6296,6324
6298,6326
6287,6317
6282,6342
6277,6326
6303,6329
6312,6312
6303,6321
6298,6315
6281,6328
6274,6322
6296,6337
6292,6324
6291,6324
6291,6325
6294,6332
6300,6345
6299,6347
6300,6335
6290,6345
6291,6359
6309,6337
6299,6336
6301,6324
6306,6334
6311,6347
6300,6355
6309,6364
6316,6325
6334,6346
6305,6354
6299,6340
6297,6365
6295,6362
6306,6321
6314,6334
6301,6344
6319,6342
6315,6346
6301,6350
6299,6338
6308,6310
6308,6322
6302,6327
6299,6314
6293,6322
6281,6296
6286,6317
6297,6333
6291,6319
6284,6321
6306,6322
6296,6335
6295,6344
6298,6332
6282,6350
6286,6340
6279,6362
6296,6343
6312,6353
6287,6363
6286,6343
6290,6342
6289,6322
6291,6324
6302,6335
6307,6340
6298,6356
6272,6355
6296,6357
6319,6336
6326,6344
6304,6365
6303,6350
6301,6366
6314,6344
6310,6334
6300,6348
6282,6335
6283,6354
6299,6340
6305,6373
6286,6371
6289,6344
6307,6346
6302,6338
6290,6322
6289,6345
6285,6330
6300,6350
6288,6342
6288,6321
6284,6330
6295,6351
6306,6335
6315,6333
6320,6327
6288,6349
6303,6331
6300,6345
6323,6336
6303,6323
6280,6330
6272,6331
6294,6348
6303,6325
6319,6347
6318,6331
6301,6368
6304,6334
6287,6354
6293,6395
6293,6341
6298,6339
6291,6345
6298,6371
6295,6344
6293,6340
6295,6342
6283,6334
6296,6333
6296,6341
6278,6340
6278,6359
6279,6342
6272,6337
6279,6338
6270,6336
6284,6356
6293,6330
6283,6371
6291,6339
6287,6329
6292,6340
6269,6359
6269,6348
6260,6370
6266,6387
6276,6356
6276,6345
6278,6359
6278,6351
6268,6327
6278,6338
6278,6347
6259,6345
6294,6362
6280,6363
6297,6356
6298,6353
6283,6381
6272,6373
6267,6365
6276,6359
6268,6340
6289,6347
6269,6340
6251,6370
6257,6379
6281,6371
6273,6342
6272,6352
6262,6388
6264,6395
6239,6395
6260,6383
6244,6323
6251,6323
6264,6351
6264,6334
6265,6342
6272,6361
6254,6365
6278,6363
6270,6379
6292,6356
6266,6358
6268,6349
6275,6360
6271,6329
6247,6350
6265,6354
6243,6358
6263,6333
6254,6337
6257,6371
6258,6375
6264,6383
6256,6389
6271,6374
6247,6355
6243,6358
6258,6368
6252,6366
6274,6398
6256,6386
6251,6373
6251,6370
6257,6376
6251,6403
6259,6401
6239,6395
6247,6370
6251,6400
6235,6376
6300,6474
6101,6234
6208,6328
6202,6321
6265,6383
6273,6409
6255,6375
6243,6405
6255,6415
6252,6382
6252,6409
6245,6386
6246,6395
6251,6385
6243,6372
6259,6394
6264,6371
6244,6345
6234,6345
6234,6350
6243,6339
6241,6375
6240,6368
6238,6363
6234,6386
6227,6382
6239,6380
6243,6399
6256,6421
6243,6388
6251,6382
6237,6386
6245,6404
6240,6418
6233,6409
6234,6406
6238,6413
6232,6436
6249,6406
6249,6417
6241,6405
6243,6385
6251,6364
6248,6361
6256,6371
6239,6381
6230,6348
6246,6388
6266,6356
6255,6387
6242,6358
6248,6371
6241,6385
6253,6372
6243,6401
6240,6397
6261,6364
6226,6379
6239,6385
6230,6363
6252,6372
6234,6388
6223,6365
6248,6371
6240,6344
6232,6359
6248,6368
6250,6398
6253,6382
6235,6387
6225,6375
6237,6388
6250,6384
6233,6398
6237,6374
6230,6390
6238,6382
6223,6369
6230,6362
6236,6360
6250,6380
6256,6361
6247,6394
6231,6420
6241,6418
6256,6398
6236,6415
6227,6422
6237,6402
6238,6401
6231,6437
6240,6386
6235,6373
6237,6384
6233,6391
6231,6395
6233,6426
6233,6425
6235,6423
6232,6417
6242,6425
6235,6393
6233,6386
6225,6401
6222,6370
6201,6375
6214,6402
6235,6383
6235,6391
6227,6399
6229,6409
6230,6394
6228,6394
6233,6363
6219,6414
6217,6419
6230,6391
6227,6412
6227,6396
6234,6389
6221,6397
6219,6409
6223,6423
6221,6428
6233,6416
6235,6389
6229,6382
6243,6390
6229,6372
6224,6395
6230,6366
6213,6357
6226,6393
6229,6398
6229,6382
6225,6403
6230,6413
6226,6434
6228,6414
6237,6416
6240,6390
6243,6393
6229,6409
6225,6439
6233,6415
6231,6434
6234,6427
6232,6458
6238,6425
6239,6440
6228,6403
6221,6426
6229,6423
6220,6429
6233,6396
6230,6400
6227,6412
6221,6409
6223,6425
6230,6408
6224,6432
6222,6414
6240,6413
6222,6425
6241,6414
6233,6437
6232,6432
6222,6440
6234,6463
6226,6426
6216,6393
6227,6398
6232,6382
6220,6408
6219,6396
6214,6409
6235,6380
6228,6441
6240,6416
6227,6391
6226,6413
6236,6392
6235,6388
6238,6387
6240,6393
6225,6376
6228,6420
6243,6418
6233,6426
6221,6426
6231,6420
6233,6397
6232,6426
6218,6441
6230,6432
6236,6429
6241,6401
6224,6407
6223,6399
6223,6389
6230,6400
6233,6408
6237,6408
6230,6399
6237,6375
6225,6385
6226,6251
6231,6419
6236,6417
6232,6415
6244,6400
6242,6414
6235,6395
6226,6400
6224,6374
6241,6388
6240,6389
6233,6384
6244,6403
6247,6408
6231,6396
6232,6387
6236,6373
6233,6403
6230,6394
6227,6437
6222,6443
6227,6413
6231,6415
6232,6394
6226,6387
6242,6398
6227,6361
6238,6392
6239,6377
6225,6413
6246,6411
6248,6414
6227,6419
6234,6410
6240,6395
6228,6436
6241,6412
6230,6389
6239,6362
6237,6376
6236,6361
6221,6383
6230,6349
6241,6367
6232,6368
6241,6376
6237,6382
6252,6382
6249,6385
6244,6388
6250,6370
6233,6374
6227,6359
6243,6316
6235,6360
6234,6400
6230,6380
6237,6358
6235,6376
6254,6357
6246,6353
6239,6380
6241,6371
6244,6376
6162,6214
6167,6298
6179,6345
6228,6386
6258,6374
6241,6372
6241,6358
6242,6370
6257,6391
6252,6369
6240,6355
6257,6360
6251,6374
6255,6371
6268,6375
6265,6356
6268,6326
6260,6345
6278,6363
6267,6338
6281,6327
6276,6340
6301,6337
6295,6356
6310,6352
6324,6351
6332,6370
6347,6374
6351,6355
6360,6321
6370,6336
6409,6330
6442,6335
6447,6341
6489,6358
6522,6343
6585,6354
6623,6362
6662,6371
6716,6367
6730,6383
6827,6370
6911,6359
6958,6367
7110,6353
7250,6343
7400,6361
7374,6354
7565,6367
8081,6375
8367,6381
8555,6339
8710,6375
8734,6354
8898,6357
8978,6377
9080,6385
9307,6385
9436,6378
9473,6392
9591,6378
9658,6378
9500,6364
9285,6383
9011,6409
8859,6394
8765,6423
8598,6430
8512,6464
8359,6438
8163,6469
7994,6512
7968,6520
7822,6551
7698,6593
7503,6653
7448,6707
7309,6747
7244,6806
7133,6831
7033,6864
7005,6917
7001,6929
6942,6969
6934,6914
6914,6928
6941,6951
7056,6929
7224,6905
7344,6868
7505,6826
7740,6775
8073,6731
8506,6702
8715,6677
8978,6627
9039,6627
9584,6636
9870,6654
10055,6692
10227,6764
10400,6838
10513,6922
10682,7023
10799,7125
10628,7169
10699,7305
10853,7361
10667,7432
10554,7641
10494,7847
10428,8012
10219,8022
10080,8073
9878,8151
9774,8375
9458,8539
9216,8673
9071,8700
8769,8795
8479,8914
8239,9048
7965,9193
7721,9092
7472,9138
7239,9095
7077,9172
6950,9084
6833,8943
6762,8916
6723,8613
6702,8385
6737,8331
6786,8151
6880,7972
6895,7597
7028,7438
7216,7336
7437,7218
7709,7090
7974,7004
8248,6889
8503,6836
8726,6792
9028,6802
9335,6779
9777,6799
9964,6847
10143,6879
10404,6961
10832,7078
11147,7168
11561,7302
11812,7409
12207,7545
12238,7720
12563,7901
12697,8178
12668,8355
12574,8564
12532,8787
12600,8966
12514,9172
12377,9267
12025,9391
11673,9448
11543,9482
11044,9538
10771,9547
10443,9605
9986,9634
9625,9639
9223,9705
8881,9654
8439,9573
8138,9456
7903,9304
7776,9202
7525,9007
7332,8832
7144,8741
7014,8677
6935,8445
6929,8232
6984,8069
7100,7905
7256,7668
7506,7517
7795,7349
8024,7194
8329,7040
8632,6946
8837,6859
9243,6779
9486,6727
9788,6689
10134,6711
10458,6749
10963,6844
11304,6962
11611,7117
11914,7241
12287,7527
12230,7675
12242,7872
12667,8184
12933,8471
12728,8781
12690,9052
12893,9400
12823,9679
12891,9954
12598,10326
12425,10388
11900,10382
11510,10679
11091,10843
10871,11041
10688,11345
10336,11451
9992,11421
9646,11198
9213,11103
8754,11230
8437,11128
8066,10954
7763,10655
7535,10598
7265,10441
7034,10229
6888,10013
6830,9632
6789,9412
6747,8963
6793,8674
6834,8463
6923,8159
7052,7875
7252,7676
7487,7446
7685,7262
8023,7103
8366,6961
8626,6824
8966,6763
9264,6755
9487,6754
9722,6801
10016,6915
10241,7047
10507,7126
10712,7357
10893,7525
11039,7803
11170,8112
11279,8357
11424,8691
11680,9078
11688,9319
11581,9568
11537,9917
11535,9934
11481,10272
11330,10505
11259,10831
11060,11166
10724,11290
10450,11562
10133,11689
9844,11541
9493,11429
9034,11428
8779,11541
8488,11102
8134,10955
7844,10681
7550,10611
7297,10330
7102,10084
6977,9852
6840,9551
6748,9074
6741,8722
6756,8564
6821,8224
6875,8021
6978,7720
7124,7512
7303,7322
7475,7137
7694,7013
7964,6905
8272,6794
8610,6717
8890,6645
9095,6608
9434,6586
9708,6607
10044,6689
10518,6765
10947,6859
11180,6993
11280,7130
11485,7359
11550,7605
11751,7849
12012,8020
12102,8343
12287,8605
12256,8918
12179,9129
12110,9355
11509,9511
11510,9757
11803,10261
11661,10383
11377,10505
11187,10739
10858,10784
10560,10845
10135,10781
9742,10889
9429,10781
9020,10842
8704,10728
8397,10790
8128,10605
7882,10511
7571,10282
7299,9911
7091,9676
6898,9634
6773,9294
6688,9109
6623,8840
6618,8576
6668,8335
6750,8083
6873,7797
6954,7614
7166,7392
7312,7214
7483,7065
7726,6930
7948,6830
8125,6742
8353,6713
8516,6694
8700,6658
8880,6658
9058,6696
9220,6806
9337,6903
9483,7047
9557,7224
9603,7449
9601,7654
9697,7835
9611,8056
9578,8340
9483,8517
9444,8713
9377,8934
9393,9106
9383,9366
9349,9555
9131,9807
9073,9957
8871,10045
8424,9615
8700,10140
8687,10184
8534,10113
8347,10098
7851,9606
8002,9929
7795,9783
7578,9631
7353,9442
7169,9272
7030,9135
6901,8957
6844,8711
6727,8533
6684,8226
6644,8010
6640,7815
6668,7573
6707,7380
6861,7176
6989,7030
7140,6901
7462,6824
7685,6717
7955,6672
8176,6591
8531,6562
8850,6585
9105,6601
9338,6545
9405,6574
9705,6603
9874,6667
10222,6714
10284,6808
10366,6896
10578,7017
10502,7115
10602,7256
10711,7443
10614,7598
10612,7800
10397,8024
10243,8099
10221,8304
10011,8359
9813,8611
9696,8844
9587,9236
9344,9322
9087,9432
8862,9593
8638,9764
8356,9777
8044,9839
7793,9889
7588,9871
7391,9702
7193,9554
7072,9344
6887,9419
6758,9302
6674,8965
6601,8759
6585,8385
6566,8233
6563,8028
6553,7869
6608,7722
6688,7483
6835,7336
6912,7157
7027,7001
7193,6828
7417,6738
7578,6614
7809,6526
7923,6462
8065,6478
8270,6481
8526,6502
8776,6579
8934,6640
9102,6795
9279,6877
9444,6969
9461,7085
9626,7251
9987,7327
10033,7548
10114,7685
10161,7815
10297,7985
10280,8158
10210,8256
10094,8429
10024,8488
9933,8582
9796,8686
9586,8657
9359,8701
9254,8725
9001,8763
8781,8714
8525,8751
8304,8662
8043,8635
7869,8560
7723,8486
7569,8349
7464,8333
7259,8193
7128,8052
7044,7954
6969,7872
6897,7772
6851,7647
6863,7475
6854,7334
6877,7245
7020,7184
7128,7085
7285,6962
7382,6895
7610,6856
7807,6750
8019,6680
8290,6589
8497,6574
8783,6564
9110,6559
9336,6629
9634,6719
9853,6776
10148,6909
10278,7016
10321,7120
10689,7282
10739,7444
10999,7588
11185,7780
11214,7946
11076,8148
11110,8376
11048,8571
11090,8724
10853,8852
10844,9259
10407,9340
10172,9358
9874,9510
9651,9603
9431,9653
9138,9606
8855,9714
8585,9833
8357,9705
8092,9694
7896,9699
7724,9573
7593,9368
7379,9236
7241,9025
7145,8898
6928,8678
6793,8494
6844,8354
6898,8277
7019,8076
7078,7948
7121,7782
7096,7612
7123,7404
7272,7306
7380,7145
7493,7040
7677,6935
7865,6841
8042,6741
8231,6745
8491,6716
8743,6723
9031,6772
9148,6816
9398,6958
9618,7074
9881,7219
10020,7420
10148,7587
10265,7703
10351,7885
10456,8070
10629,8214
10906,8417
10948,8618
10880,8761
10879,8909
10748,8969
10778,9160
10564,9156
10273,9276
9980,9284
9675,9362
9363,9339
9093,9318
8892,9263
8579,9315
8238,9223
7912,9090
7660,9040
7404,8945
7177,8894
7006,8864
6821,8710
6741,8560
6656,8395
6650,8218
6635,8089
6676,7989
6770,7792
6815,7624
6936,7498
7045,7371
7224,7210
7398,7111
7642,7022
7761,6876
7980,6780
8234,6717
8336,6647
8475,6612
8610,6579
8809,6592
9029,6612
9196,6680
9305,6734
9480,6858
9708,7008
9961,7200
10087,7431
10066,7633
10107,7829
10132,8050
10177,8266
10319,8540
10426,8825
10464,9071
10267,9271
10258,9450
9958,9456
9639,9584
9345,9550
9123,9707
8850,9705
8524,9570
8421,9661
8125,9537
7864,9362
7586,9262
7390,9290
7205,9200
6967,8876
6884,8648
6765,8604
6670,8487
6648,8268
6632,8084
6640,7896
6710,7751
6769,7592
6852,7522
6910,7439
7086,7321
7212,7142
7377,7034
7517,6932
7748,6799
7941,6745
8213,6644
8397,6596
8652,6552
8956,6522
9229,6563
9481,6614
9839,6669
10106,6747
10203,6854
10444,6993
10621,7149
10923,7295
11231,7470
11296,7625
11571,7843
11555,8037
11558,8265
11712,8494
11632,8641
11555,8689
11523,8777
11406,8840
11214,8934
11118,8930
10733,8924
10542,8974
10392,8999
10044,8972
9749,8867
9367,8873
9045,8825
8710,8684
8365,8741
8073,8645
7676,8535
7443,8510
7177,8346
7022,8261
6906,8062
6850,7931
6804,7865
6804,7701
6857,7599
6922,7482
7107,7386
7324,7202
7550,7055
7801,6886
8078,6791
8402,6669
8805,6632
9231,6582
9626,6519
10090,6530
10315,6519
10897,6609
11286,6650
11629,6779
12072,6910
12422,7037
12894,7256
13352,7463
13741,7723
14070,7988
14281,8299
14519,8547
14930,8875
14796,9054
14555,9337
14304,9585
13982,9862
13730,10081
13565,10287
13414,10559
12942,10677
12358,10796
11951,10857
11398,11018
10879,11154
10364,11293
9721,11406
9196,11266
8656,11065
8248,11022
7934,10765
7659,10495
7466,10405
7249,10136
7100,10058
7027,9830
7026,9514
7031,9365
7113,9083
7257,8829
7432,8640
7693,8441
7989,8217
8280,7929
8677,7730
9088,7575
9426,7325
9885,7233
10377,7038
10777,6904
11263,6818
11172,6767
12360,6842
12837,6828
13373,6946
14135,7064
14816,7240
15538,7436
16073,7749
16383,8068
16383,8412
16383,8759
16383,9244
16383,9524
16383,9771
16383,10124
16383,10457
16383,10711
16383,11075
16383,11310
16383,11390
16156,11432
15756,11669
15031,11578
14296,11514
13797,11538
13056,11518
12479,11489
11639,11330
10979,11233
10558,11044
10073,10790
9439,10582
9005,10487
8589,10439
8165,10251
7861,10113
7706,9823
7668,9672
7530,9447
7545,9162
7624,8815
7680,8551
7866,8249
8125,7959
8518,7735
8986,7553
9200,7313
9743,7195
10477,7107
11314,7015
12101,6976
12911,7008
13458,7104
13927,7222
14518,7465
15237,7737
15662,8089
15878,8559
15999,9094
16001,9609
16221,10093
16302,10590
16383,11129
15822,11199
16114,11995
15581,12372
14916,12988
14662,13402
14262,13603
13521,13842
12906,14266
12347,14595
11866,14740
11399,14852
11101,14701
10760,14366
10310,14101
9855,14178
9572,14345
9198,14415
8961,14179
8662,13935
8299,13520
8203,13193
8061,12789
7978,12344
7880,11667
7873,11150
7790,10548
7888,10143
7903,9651
7985,9296
8063,8862
8178,8420
8352,7965
8467,7628
8642,7347
8975,7101
9151,6919
9306,6842
9660,6839
9964,6837
10323,6973
10842,7081
10414,7227
11122,7469
12718,7679
12777,7953
11036,8161
9202,8462
7884,8726
7005,9013
6590,9091
6395,9374
6295,9624
6228,9876
6209,10185
6196,10457
6200,10574
6188,10682
6180,10719
6175,10936
6167,10943
6167,11319
6167,11439
6140,11505
6144,11741
6147,11816
6146,11927
6148,11927
6125,11816
6134,11662
6137,11340
6138,11171
6132,11103
6134,10842
6130,10695
6129,10261
6126,9995
6117,9560
6128,9138
6120,8699
6124,8400
6131,8021
6118,7798
6130,7493
6123,7286
6127,7066
6120,6943
6113,6902
6122,6899
6126,6925
6128,6939
6115,7038
6127,7197
6121,7284
6120,7391
6114,7464
6113,7614
6111,7539
6118,7554
6124,7684
6115,7576
6124,7222
6119,6832
6106,6545
6107,6380
6111,6283
6107,6218
6112,6211
6117,6202
6107,6208
6114,6214
6109,6219
6105,6219
6102,6201
6109,6170
6112,6167
6112,6177
6110,6140
6102,6128
6116,6109
6120,6089
6105,6066
6112,6083
6113,6080
6103,6089
6098,6080
6108,6083
6105,6080
6106,6077
6102,6074
6106,6069
6101,6068
6107,6067
6098,6069
6103,6067
6110,6053
6095,6057
6106,6081
6111,6070
6112,6060
6105,6067
6101,6066
6107,6070
6101,6064
6102,6061
6109,6055
6104,6074
6112,6051
6108,6069
6111,6066
6111,6069
6102,6069
6118,6059
6103,6066
6113,6060
6114,6054
6107,6064
6116,6063
6119,6061
6113,6063
6103,6060
6112,6054
6105,6055
6111,6056
6111,6049
6109,6052
6105,6063
6119,6061
6107,6058
6112,6062
6101,6062
6112,6058
6111,6062
6109,6058
6114,6057
6111,6047
6109,6048
6107,6060
6104,6048
6107,6054
6120,6055
6116,6029
6108,6057
6117,6049
6113,6051
6111,6054
6112,6051
6120,6047
6116,6049
6116,6054
6104,6041
6115,6050
6108,6057
6113,6063
6108,6049
6104,6046
6114,6051
6119,6052
6111,6038
6112,6043
6118,6056
6104,6053
6106,6051
6117,6043
6103,6054
6112,6052
6116,6057
6120,6057
6103,6042
6103,6046
6098,6052
6110,6056
6103,6052
6112,6054
6107,6056
6110,6053
6110,6055
6120,6058
6105,6055
6106,6042
6104,6057
6106,6050
6115,6054
6121,6063
6110,6044
6102,6047
6106,6046
6110,6055
6107,6053
6110,6058
6105,6056
6111,6060
6119,6065
6117,6045
6106,6055
6106,6062
6100,6053
6113,6058
6114,6053
6098,6056
6106,6065
6107,6060
6111,6060
6105,6020
6107,6057
6095,6061
6103,6049
6111,6053
6116,6059
6106,6055
6048,6025
6105,6040
6040,5991
5879,5896
6185,6040
6116,6189
6070,6034
6157,6080
6124,6070
6135,6064
6116,6057
6104,6051
6104,6058
6108,6048
6104,6051
6109,6050
6106,6045
6112,6055
6115,6039
6103,6044
6097,6051
6115,6060
6103,6046
6112,6057
6118,6052
6110,6059
6107,6045
6102,6049
6109,6054
6104,6042
6103,6056
6114,6056
6100,6047
6100,6058
6110,6047
6104,6048
6113,6052
6101,6063
6099,6054
6110,6043
6099,6050
6100,6051
6101,6054
6114,6054
6114,6048
6099,6054
6102,6044
6107,6055
6105,6030
6098,6030
6112,6048
6105,6050
6098,6038
6101,6046
6100,6040
6098,6056
6111,6047
6106,6046
6095,6054
6107,6063
6103,6046
6101,6058
6097,6037
6107,6050
6101,6046
6111,6060
6096,6047
6086,6053
6105,6026
6103,6048
6112,6054
6094,6056
6099,6053
6101,6055
6107,6046
6102,6047
6093,6058
6096,6059
6097,6053
6096,6050
6110,6050
6103,6050
6094,6051
6100,6057
6094,6049
6102,6054
6099,6053
6096,6045
6091,6062
6101,6050
6117,6054
6110,6046
6100,6049
6104,6051
6101,6053
6102,6055
6102,6055
6104,6051
6102,6056
6110,6054
6094,6054
6104,6053
6111,6040
6112,6050
6099,6053
6102,6045
6106,6017
6103,6056
6111,6053
6103,6063
6106,6050
6113,6052
6108,6053
6105,6038
6111,6057
6110,6044
6104,6057
6113,6042
6097,6058
6108,6055
6108,6049
6105,6043
6104,6056
6108,6050
6101,6060
6119,6051
6106,6057
6114,6068
6112,6053
6110,6062
6114,6047
6113,6041
6119,6046
6111,6042
6116,6061
6115,6055
6105,6051
6114,6056
6112,6064
6112,6046
6107,6051
6109,6063
6121,6055
6105,6046
6100,6051
6112,6058
6102,6059
6102,6053
6108,6056
6098,6037
6111,6036
6119,6057
6113,6049
6110,6052
6108,6063
6109,6061
6107,6053
6101,6051
6102,6053
6102,6052
6113,6046
6108,6044
6107,6044
6108,6055
6113,6048
6105,6058
6105,6048
6110,6046
6107,6049
6108,6047
6102,6055
6101,6040
6112,6054
6107,6045
6109,6056
6106,6054
6107,6045
6104,6053
6101,6050
6097,6034
6099,6057
6099,6051
6110,6035
6100,6047
6102,6050
6106,6058
6086,6046
6109,6044
6096,6032
6111,6056
6109,6049
6109,6050
6109,6043
6101,6044
6101,6042
6104,6034
6105,6051
6100,6060
6101,6054
6108,6055
6108,6037
6098,6034
6105,6048
6113,6053
6119,6046
6104,6065
6105,6043
6104,6053
6105,6057
6109,6055
6118,6060
6123,6052
6106,6051
6114,6051
6108,6046
6109,6056
6112,6056
6111,6058
6105,6053
6106,6055
6109,6051
6115,6053
6114,6042
6115,6045
6106,6067
6124,6048
6119,6044
6108,6045
6111,6061
6121,6050
6119,6059
6113,6054
6109,6051
6114,6065
6118,6043
6112,6050
6116,6066
6121,6059
6117,6059
6120,6048
6104,6048
6113,6045
6118,6056
6106,6045
6113,6061
6108,6038
6110,6048
6107,6057
6104,6053
6101,6056
6113,6046
6106,6055
6108,6060
6115,6038
6119,6050
6107,6062
6102,6052
6118,6042
6103,6033
6115,6045
6120,6049
6112,6038
6110,6042
6112,6041
6098,6045
6117,6053
6106,6042
6106,6050
6111,6051
6025,5895
5968,5890
6113,6071
6140,6073
6102,6054
6114,6048
6112,6037
6107,6038
6109,6050
6110,6054
6114,6051
6118,6046
6106,6038
6119,6023
6114,6059
6105,6059
6109,6052
6114,6052
6107,6036
6120,6043
6118,6059
6104,6034
6112,6039
6109,6059
6112,6056
6114,6058
6126,6065
6102,6055
6114,6057
6111,6053
6106,6069
6109,6054
6101,6045
6107,6055
6113,6056
6110,6049
6115,6049
6118,6055
6113,6063
6111,6055
6114,6050
6118,6061
6113,6058
6118,6048
6119,6051
6115,6065
6118,6057
6118,6056
6118,6040
6103,6052
6122,6060
6126,6053
6108,6057
6113,6060
6112,6062
6119,6057
6121,6050
6115,6054
6120,6058
6123,6063
6116,6051
6128,6066
6120,6055
6113,6068
6121,6068
6120,6046
6108,6056
6123,6062
6121,6066
6120,6055
6118,6053
6110,6061
6118,6051
6113,6057
6113,6057
6117,6058
6112,6057
6119,6050
6113,6060
6121,6046
6115,6056
6115,6063
6118,6061
6121,6057
6112,6049
6115,6064
6117,6060
6120,6037
6109,6049
6119,6060
6121,6061
6123,6054
6119,6058
6115,6060
6114,6044
6117,6055
6117,6055
6114,6049
6118,6041
6121,6060
6109,6050
6114,6059
6115,6036
6112,6062
6116,6051
6116,6057
6111,6073
6119,6054
6125,6060
6119,6056
6112,6060
6122,6063
6109,6066
6116,6057
6113,6070
6112,6047
6117,6058
6111,6055
6111,6055
6108,6066
6118,6054
6100,6054
6121,6055
6121,6056
6117,6052
6115,6054
6113,6060
6125,6059
6109,6058
6112,6055
6121,6054
6111,6039
6115,6058
6116,6050
6120,6061
6107,6054
6120,6060
6113,6054
6114,6036
6112,6048
6112,6048
6125,6059
6117,6064
6110,6062
6111,6062
6120,6058
6106,6050
6122,6059
6111,6056
6117,6063
6122,6048
6114,6055
6118,6066
6118,6053
6110,6063
6115,6062
6114,6055
0,34
0,61680
0,0
6111,6047
5604,5582
5603,5579
5604,5573
5603,5567
5604,5588
5597,5572
5601,5569
5600,5583
5826,5757
6331,6303
6313,6288
6303,6286
6284,6307
6305,6302
6306,6290
6318,6309
6307,6314
6297,6334
6307,6338
6296,6333
6314,6340
6308,6319
6308,6325
6294,6311
6298,6325
6303,6364
6305,6330
6285,6326
6302,6297
6312,6314
6290,6308
6306,6318
6298,6347
6301,6324
6320,6332
6335,6336
6319,6316
6313,6334
6295,6348
6298,6329
6311,6318
6300,6324
6303,6347
6297,6325
6304,6336
6295,6314
6291,6346
6307,6311
6318,6348
6316,6337
6310,6348
6320,6325
6311,6332
6313,6316
6309,6329
6315,6340
6297,6311
6297,6346
6285,6353
6311,6338
6310,6342
6303,6342
6301,6325
6287,6354
6299,6328
6300,6329
6313,6324
6304,6332
6315,6311
6312,6337
6311,6326
6296,6289
6307,6283
6313,6319
6312,6314
6299,6329
6301,6335
6295,6323
6311,6318
6325,6330
6301,6325
6291,6339
6298,6321
6293,6316
6291,6329
6275,6321
6294,6336
6308,6322
6310,6330
6303,6331
6282,6311
6282,6321
6296,6337
6301,6343
6295,6338
6295,6327
6291,6350
6300,6341
6313,6324
6295,6336
6283,6331
6287,6354
6291,6337
6289,6325
6295,6307
6311,6334
6293,6336
6290,6335
6300,6345
6320,6322
6327,6352
6312,6352
6302,6350
6293,6363
6303,6353
6323,6345
6315,6332
6309,6339
6316,6347
6310,6351
6296,6343
6304,6352
6314,6320
6318,6326
6299,6323
6282,6318
6277,6335
6279,6315
6307,6311
6292,6331
6282,6316
6287,6312
6292,6311
6297,6337
6315,6340
6289,6323
6290,6347
6287,6340
6271,6355
6293,6340
6306,6350
6286,6356
6285,6315
6285,6353
6291,6313
6289,6315
6292,6344
6299,6357
6300,6345
6291,6340
6289,6372
6300,6358
6320,6346
6313,6367
6295,6346
6296,6347
6293,6347
6298,6344
6294,6354
6261,6342
6286,6345
6296,6347
6294,6360
6295,6380
6299,6356
6293,6345
6291,6315
6299,6324
6291,6339
6303,6326
6287,6340
6296,6352
6298,6316
6274,6346
6303,6326
6299,6320
6318,6340
6299,6359
6299,6348
6289,6352
6303,6334
6321,6332
6283,6339
6287,6328
6281,6343
6286,6356
6305,6354
6313,6339
6311,6347
6302,6354
6299,6335
6284,6350
6288,6366
6284,6354
6297,6351
6301,6361
6297,6366
6292,6358
6291,6372
6287,6347
6292,6329
6284,6345
6298,6350
6292,6331
6271,6367
6268,6335
6274,6335
6281,6342
6264,6338
6276,6356
6287,6351
6296,6366
6290,6371
6273,6326
6288,6335
6278,6357
6266,6353
6280,6366
6279,6370
6269,6364
6273,6344
6269,6355
6276,6355
6287,6320
6286,6327
6281,6337
6270,6349
6289,6369
6287,6374
6290,6359
6313,6375
6279,6384
6276,6372
6273,6379
6273,6346
6288,6347
6286,6358
6277,6375
6255,6367
6268,6389
6267,6366
6276,6386
6259,6386
6271,6408
6255,6395
6261,6385
6260,6379
6235,6344
6257,6344
6271,6352
6261,6355
6264,6366
6274,6357
6249,6371
6269,6367
6267,6390
6287,6363
6265,6339
6270,6353
6262,6345
6172,6239
6186,6265
6225,6347
6227,6316
6236,6323
6251,6334
6253,6352
6249,6384
6230,6337
6279,6387
6271,6373
6261,6372
6250,6360
6255,6374
6256,6378
6262,6382
6265,6369
6257,6375
6241,6371
6267,6370
6251,6391
6247,6401
6256,6396
6246,6380
6236,6389
6239,6391
6238,6377
6254,6377
6235,6349
6244,6349
6241,6355
6232,6419
6257,6370
6239,6403
6244,6404
6253,6394
6254,6394
6242,6378
6242,6379
6240,6390
6250,6372
6241,6382
6250,6378
6251,6366
6234,6351
6244,6346
6247,6334
6233,6376
6250,6403
6224,6377
6248,6382
6232,6385
6238,6387
6239,6384
6250,6388
6247,6418
6242,6402
6247,6406
6248,6380
6240,6412
6235,6401
6233,6417
6229,6409
6239,6420
6257,6398
6255,6411
6251,6402
6249,6384
6239,6364
6247,6371
6253,6375
6241,6366
6241,6373
6246,6369
6256,6368
6252,6375
6235,6355
6250,6381
6233,6377
6237,6390
6241,6394
6249,6391
6247,6367
6231,6396
6239,6378
6233,6377
6243,6353
6236,6373
6224,6348
6245,6372
6240,6364
6246,6374
6245,6363
6252,6376
6253,6375
6239,6380
6245,6382
6247,6386
6246,6382
6235,6386
6241,6400
6226,6370
6243,6380
6231,6363
6225,6363
6250,6380
6254,6357
6254,6380
6235,6404
6228,6408
6238,6408
6256,6413
6228,6409
6220,6413
6243,6408
6234,6397
6230,6414
6242,6390
6243,6376
6237,6370
6228,6385
6235,6403
6224,6411
6236,6426
6226,6402
6220,6422
6238,6423
6223,6416
6235,6385
6226,6377
6209,6384
6226,6371
6215,6374
6235,6402
6225,6395
6238,6395
6221,6418
6224,6406
6227,6401
6236,6386
6223,6405
6224,6407
6228,6411
6221,6432
6229,6431
6234,6392
6227,6379
6225,6424
6221,6431
6221,6438
6249,6420
6219,6406
6243,6393
6234,6381
6237,6392
6231,6399
6216,6377
6225,6385
6240,6393
6226,6402
6233,6417
6228,6413
6230,6414
6245,6447
6227,6404
6241,6413
6241,6400
6231,6405
6240,6416
6237,6439
6222,6428
6245,6425
6242,6446
6238,6462
6233,6416
6241,6418
6225,6417
6223,6432
6231,6430
6232,6437
6240,6396
6239,6403
6223,6436
6230,6407
6237,6430
6231,6408
6235,6437
6224,6421
6226,6416
6228,6408
6235,6413
6228,6420
6229,6440
6229,6456
6237,6427
6231,6418
6225,6385
6231,6429
6222,6415
6217,6403
6216,6386
6223,6407
6239,6419
6236,6433
6237,6417
6239,6385
6230,6432
6226,6400
6220,6403
6235,6377
6234,6397
6227,6402
6241,6432
6239,6427
6236,6407
6249,6421
6234,6410
6231,6390
6231,6442
6219,6428
6215,6418
6218,6397
6226,6395
6226,6390
6227,6385
6228,6385
6231,6400
6246,6420
6237,6418
6231,6408
6248,6359
6229,6398
6246,6400
6231,6396
6240,6435
6233,6426
6229,6408
6248,6406
6239,6415
6239,6401
6225,6390
6239,6404
6239,6379
6239,6383
6236,6399
6241,6401
6242,6396
6231,6402
6226,6377
6234,6387
6226,6399
6232,6440
6230,6433
6236,6406
6236,6403
6237,6392
6241,6389
6241,6386
6224,6369
6241,6376
6258,6368
6231,6394
6243,6396
6240,6419
6239,6423
6235,6424
6241,6426
6235,6432
6308,6452
6248,6387
6233,6384
6249,6396
6242,6386
6233,6372
6228,6351
6231,6363
6246,6372
6251,6370
6242,6383
6242,6378
6253,6371
6254,6395
6259,6373
6246,6347
6238,6350
6244,6371
6238,6371
6226,6386
6241,6387
6234,6382
6235,6385
6245,6371
6229,6346
6236,6378
6247,6371
6231,6373
6250,6405
6228,6382
6239,6388
6235,6389
6248,6374
6242,6356
6238,6361
6249,6357
6251,6392
6249,6353
6246,6365
6257,6349
6252,6376
6259,6352
6262,6377
6268,6347
6270,6336
6270,6352
6268,6348
6273,6335
6271,6343
6284,6349
6278,6341
6320,6349
6313,6355
6331,6368
6350,6361
6346,6365
6372,6358
6366,6333
6388,6339
6412,6327
6433,6321
6465,6329
6518,6347
6547,6341
6579,6357
6610,6362
6648,6371
6705,6366
6742,6363
6828,6368
6897,6366
6980,6355
7083,6369
7267,6360
7451,6351
7634,6359
7829,6379
8126,6383
8390,6378
8570,6352
8679,6391
8798,6360
8793,6364
8848,6373
9068,6368
9256,6371
9392,6378
9458,6388
9602,6393
9639,6371
9537,6395
9323,6380
9049,6389
8898,6416
8812,6414
8610,6438
8490,6451
8333,6458
8176,6495
8003,6507
7921,6543
7820,6543
7703,6608
7533,6668
7393,6692
7344,6740
7203,6789
7118,6821
7050,6864
7002,6893
6986,6958
6969,6960
6934,6934
6935,6952
6948,6968
7055,6937
7179,6896
7367,6886
7532,6838
7706,6773
8082,6742
8519,6720
8850,6687
9027,6610
9319,6652
9498,6653
9906,6674
10036,6693
10155,6759
10341,6804
10603,6913
10752,7037
10786,7131
10687,7206
10743,7261
10876,7356
10692,7473
10562,7690
10535,7874
10340,7992
10185,8000
10071,8098
9861,8206
9786,8404
9529,8520
9202,8738
9014,8737
8779,8784
8435,8887
8208,9054
7970,9167
7699,9139
7433,9089
7224,9097
7069,9145
6940,9154
6819,9017
6736,8889
6705,8702
6689,8517
6744,8373
6776,8161
6879,7987
6976,7767
7132,7535
7223,7374
7457,7226
7669,7084
7961,6966
8248,6903
8423,6800
8662,6783
8995,6771
9387,6755
9752,6765
9910,6831
10178,6870
10492,6975
10822,7063
11158,7185
11511,7289
11909,7464
12136,7541
12418,7747
12630,7864
12774,8175
12775,8376
12674,8553
12455,8737
12470,9027
12300,9101
12226,9263
12169,9428
11758,9469
11315,9485
10973,9517
10812,9628
10498,9627
10114,9698
9725,9638
9242,9715
8833,9663
8529,9586
8227,9504
8048,9289
7765,9190
7494,8971
7201,8819
7041,8675
6934,8605
6863,8406
6855,8199
6994,8077
7139,7928
7296,7685
7580,7482
7801,7338
8084,7198
8318,7076
8648,6957
8930,6869
9214,6773
9580,6721
9801,6701
10017,6713
10357,6758
10999,6836
11331,6966
11304,7104
11401,7208
11995,7489
12186,7701
12363,7935
12832,8239
13014,8505
12703,8790
12701,9069
12838,9399
12783,9704
12788,9968
12690,10364
12419,10430
12013,10573
11530,10621
11165,10951
10856,11069
10628,11392
10313,11437
9997,11417
9643,11171
9233,11108
8775,11131
8453,11109
8085,10943
7788,10654
7486,10562
7307,10384
7044,10219
6908,10008
6816,9624
6790,9366
6780,8969
6802,8716
6854,8444
6942,8191
7075,7914
7276,7659
7673,7689
7867,7416
7957,7047
8185,6854
8643,6835
9000,6798
9291,6751
9510,6733
9700,6832
9974,6859
10234,7013
10578,7182
10805,7387
10951,7557
11078,7825
11225,8141
11224,8402
11489,8784
11686,9147
11639,9332
11572,9593
11552,9845
11574,9913
11469,10182
11446,10504
11290,10903
11053,11175
10810,11413
10467,11524
10155,11717
9855,11499
9543,11392
9037,11299
8749,11510
8448,11272
8193,10995
7860,10811
7588,10553
7262,10250
7162,10049
6957,9862
6842,9529
6756,9121
6745,8742
6757,8591
6805,8209
6896,8056
7011,7767
7156,7538
7302,7315
7471,7136
7716,7018
7950,6917
8323,6797
8652,6704
8887,6640
9151,6608
9466,6605
9639,6609
10034,6703
10424,6745
10706,6870
11209,6978
11397,7140
11472,7346
11654,7612
11752,7871
11990,8053
12068,8333
12222,8622
12209,8931
12223,9212
12173,9385
12056,9770
11979,10053
11867,10263
11779,10490
11426,10526
11114,10638
10879,10791
10581,10863
10129,10800
9827,10874
9418,10812
9099,10979
8720,10912
8443,10746
8089,10565
7839,10429
7589,10330
7326,10038
7106,9836
6933,9630
6791,9493
6688,9027
6614,8830
6646,8650
6665,8373
6753,8071
6866,7784
6929,7561
7155,7344
7309,7218
7481,7056
7707,6937
7960,6833
8159,6751
8352,6682
8498,6677
8648,6643
8839,6684
9073,6705
9266,6774
9412,6890
9467,7050
9536,7254
9540,7444
9577,7620
9584,7788
9626,8084
9585,8311
9514,8498
9500,8732
9426,8935
9376,9156
9331,9330
9366,9589
9188,9861
9005,10031
8872,10060
8769,10075
8755,10149
8685,10192
8587,10193
8376,10184
8242,10101
7990,9868
7851,9762
7567,9641
7372,9447
7124,9148
7039,9184
6892,8908
6819,8708
6739,8496
6658,8215
6624,8030
6671,7788
6672,7606
6746,7398
6844,7186
7017,7057
7173,6931
7422,6828
7725,6736
7939,6653
8278,6607
8531,6573
8855,6572
9052,6568
9249,6564
9345,6592
9600,6605
9952,6677
10185,6716
10338,6799
10387,6901
10541,7053
10534,7144
10640,7281
10668,7429
10639,7623
10576,7763
10377,7956
10254,8123
10297,8391
10011,8523
9846,8576
9633,8895
9505,8699
9268,9313
9109,9454
8818,9356
8634,9682
8325,9782
8079,9845
7847,9902
7619,9866
7407,9744
7189,9596
7074,9517
6883,9441
6753,9306
6666,9001
6603,8698
6564,8493
6552,8251
6561,8005
6556,7950
6589,7683
6693,7466
6813,7280
6934,7125
7039,6976
7235,6806
7422,6718
7593,6610
7774,6530
7943,6455
8091,6474
8321,6483
8557,6516
8755,6590
8983,6675
9111,6803
9301,6877
9466,6978
9586,7108
9522,7230
9988,7348
10051,7566
9984,7686
9926,7750
10216,7978
10185,8150
10121,8290
10162,8480
10027,8503
9950,8575
9802,8701
9604,8724
9444,8708
9241,8681
8973,8739
8788,8742
8547,8710
8314,8688
8121,8624
7965,8570
7792,8519
7337,8156
7330,8136
7111,8043
6968,7888
7031,7936
6959,7853
6880,7695
6871,7656
6859,7485
6877,7399
6905,7273
7027,7173
7142,7087
7289,6983
7412,6921
7621,6832
7797,6718
8046,6680
8285,6608
8543,6590
8841,6552
9115,6544
9306,6625
9598,6711
9657,6753
10066,6878
10284,7048
10426,7136
10565,7217
10753,7442
10991,7624
11176,7813
11234,7998
11168,8152
11089,8339
10993,8447
10927,8681
10971,8931
10060,8654
9901,8777
9831,9088
9786,9399
9626,9648
9411,9738
8823,9022
8820,9569
8589,9789
8337,9708
8104,9727
7855,9679
7748,9611
7599,9392
7391,9227
7243,9043
7153,8904
7011,8699
6920,8577
6879,8384
6899,8345
6975,8093
7040,7918
7102,7719
7147,7632
7176,7396
7267,7289
7407,7138
7506,7063
7679,6933
7848,6833
8054,6755
8218,6718
8462,6746
8705,6746
9015,6759
9153,6850
9335,6951
9633,7074
9832,7200
9966,7469
10142,7577
10249,7699
10397,7836
10427,8001
10599,8224
10852,8392
10968,8623
10852,8746
10859,8898
10795,8935
10672,9079
10603,9174
10263,9263
10003,9319
9659,9345
9337,9363
9114,9310
8854,9268
8538,9301
8180,9193
7969,9151
7701,9074
7467,9011
7162,8897
6972,8902
6842,8712
6742,8531
6662,8391
6642,8268
6647,8067
6676,7970
6764,7836
6867,7653
6928,7532
7079,7423
7239,7227
7394,7104
7651,6996
7749,6887
7999,6775
8170,6695
8325,6644
8478,6609
8624,6577
8869,6598
8939,6616
9070,6672
9128,6730
9042,6841
9675,7026
10009,7204
10065,7435
10057,7656
10153,7840
10151,8086
10245,8374
10303,8548
10348,8791
10405,9018
10345,9315
10222,9498
9997,9499
9691,9596
9396,9586
9094,9739
8725,9558
8173,9139
8029,9173
7933,9203
7879,9371
7601,9295
7385,9287
7187,9184
6984,8918
6883,8681
6770,8581
6651,8433
6639,8289
6638,8084
6639,7912
6691,7743
6780,7663
6767,7485
6760,7327
6943,7275
7169,7127
7217,6989
7270,6844
7584,6758
7780,6710
8124,6631
8377,6579
8533,6543
8943,6528
9181,6545
9619,6587
9840,6646
10128,6750
10265,6860
10467,6971
10635,7129
10785,7258
10509,7230
10655,7398
10927,7614
11534,8012
10782,7879
10726,7953
10646,8068
10753,8286
11417,8727
11460,8844
11332,8930
10828,8809
10874,8957
10533,9011
10374,9051
10053,8955
9671,8859
9328,8857
8886,8733
8687,8700
8302,8728
7991,8577
7540,8430
7324,8401
7093,8258
6945,8053
6864,7980
6812,7796
6756,7672
6802,7729
6862,7580
6962,7475
7121,7346
7314,7216
7581,7046
7788,6870
8048,6775
8352,6674
8792,6621
9204,6562
9661,6519
10039,6540
10562,6526
10324,6569
10888,6646
10861,6682
11637,6847
11919,6985
12944,7224
13303,7433
13696,7718
14079,7987
14262,8264
14649,8589
14924,8872
14749,9069
14555,9358
14312,9585
14083,9943
13831,10209
13770,10423
13344,10510
12724,10147
12404,10737
11887,10708
11327,10789
10859,11102
10383,11162
9714,11461
9157,11261
8674,10952
8239,10936
7961,10714
7639,10595
7408,10416
7267,10220
7101,10021
7043,9813
7018,9629
7057,9312
7144,9095
7242,8832
7378,8558
7701,8418
7930,8150
8203,7889
8379,7654
9068,7562
9391,7354
9767,7205
10239,7034
10810,6920
11454,6815
11998,6823
12306,6828
12775,6823
12896,6922
14047,7057
14454,7228
14646,7374
15710,7720
16383,8068
16383,8468
16007,8638
16383,9055
16383,9402
16383,9815
16383,10108
16383,10477
16383,10784
16383,11061
16383,11313
16383,11396
16119,11222
15801,11625
15014,11541
14297,11500
13967,11609
13069,11502
12503,11546
11647,11349
10873,11198
10464,10985
10042,10789
9532,10670
8931,10422
8599,10432
8195,10330
7872,10116
7687,9883
7636,9601
7515,9381
7547,9200
7625,8840
7696,8488
7852,8206
8145,7971
8507,7759
8881,7481
9187,7332
9717,7208
10518,7045
11225,6890
12096,6978
12903,7008
13566,7114
13995,7238
14604,7501
15319,7771
15798,8156
15809,8460
15964,9061
16106,9610
16244,10069
15799,10236
16383,11099
16274,11500
15977,11907
15437,12391
14946,12998
14702,13331
14206,13554
13360,13688
12895,14246
12373,14595
12048,14953
11566,14988
11081,14722
10679,14458
10458,14096
9963,14255
9514,14206
9204,14293
8980,14145
8495,13667
8280,13520
8209,13165
8045,12803
7905,12240
7853,11608
7776,10996
7797,10534
7830,10071
7900,9679
8019,9252
8087,8918
8252,8430
8373,7950
8442,7652
8663,7314
8971,7099
9072,6918
9317,6835
9668,6819
9985,6852
10338,6978
10989,7079
10431,7211
11087,7462
12724,7690
12610,7914
11027,8184
9181,8449
7867,8728
7005,8970
6616,9172
6387,9412
6313,9669
6241,9914
6206,10256
6198,10492
6183,10536
6193,10657
6174,10810
6177,10977
6178,11090
6169,11217
6166,11427
6142,11544
6141,11677
6135,11765
6145,11924
6148,11929
6133,11709
6130,11638
6139,11519
6140,11217
6137,11122
6134,10995
6131,10619
6137,10117
6133,9986
6136,9508
6130,9164
6116,8736
6121,8371
6120,8059
6118,7634
6122,7489
6112,7218
6122,7095
6123,6957
6112,6931
6120,6901
6122,6910
6117,6946
6112,7054
6124,7185
6126,7258
6116,7402
6113,7471
6116,7599
6108,7538
6111,7510
6119,7711
6118,7538
6114,7244
6117,6816
6103,6527
6107,6354
6104,6268
6104,6220
6112,6205
6109,6205
6101,6214
6126,6222
6109,6196
6112,6204
6110,6201
6103,6182
6102,6200
6101,6167
6104,6161
6101,6122
6116,6107
6110,6088
6098,6072
6107,6092
6107,6075
6111,6083
6102,6092
6103,6084
6100,6080
6101,6065
6104,6077
6112,6071
6103,6073
6101,6067
6104,6073
6112,6073
6112,6058
6105,6044
6111,6070
6108,6058
6107,6072
6103,6062
6098,6075
6100,6056
6107,6057
6108,6054
6114,6071
6108,6076
6114,6063
6106,6056
6106,6061
6108,6062
6099,6071
6110,6057
6121,6060
6111,6056
6107,6062
6106,6050
6118,6055
6114,6046
6119,6057
6102,6031
6121,6062
6112,6057
6110,6056
6119,6053
6117,6061
6114,6059
6120,6065
6110,6051
6108,6055
6107,6053
6105,6033
6111,6054
6107,6049
6105,6059
6112,6047
6112,6038
6111,6044
6103,6046
6109,6052
6110,6061
6120,6050
6111,6048
6117,6042
6109,6054
6109,6050
6111,6044
6105,6064
6111,6046
6110,6064
6112,6048
6114,6038
6107,6051
6111,6060
6105,6046
6103,6049
6113,6049
6110,6064
6112,6051
6107,6061
6113,6048
6107,6055
6108,6054
6111,6054
6108,6062
6109,6058
6113,6062
6104,6057
6112,6048
6106,6050
6099,6051
6107,6050
6110,6044
6107,6053
6104,6051
6102,6042
6108,6064
6119,6057
6106,6057
6104,6058
6100,6044
6102,6057
6111,6058
6110,6055
6093,6058
6142,6083
6106,6058
6108,6063
6106,6065
6040,6101
6102,6047
6096,6052
6110,6070
6101,6027
6113,6050
6106,6034
6110,6050
6112,6061
6120,6058
6103,6057
6115,6062
6111,6057
6111,6041
6108,6042
6102,6055
6100,6057
6089,6035
6120,6062
6121,6053
6109,6047
6105,6056
6103,6050
6094,6049
6108,6057
6100,6048
6113,6051
6092,6054
6103,6043
6104,6052
6108,6064
6103,6054
6105,6053
6104,6046
6100,6058
6100,6054
6100,6054
6098,6059
6109,6063
6104,6061
6098,6048
6092,6038
6108,6054
6099,6038
6104,6056
6116,6050
6111,6056
6086,6047
6095,6039
6107,6047
6105,6065
6101,6055
6112,6053
6106,6047
6099,6047
6097,6048
6106,6056
6114,6053
6103,6047
6105,6054
6101,6053
6093,6051
6104,6051
6100,6054
6110,6054
6107,6056
6108,6046
6102,6050
6110,6046
6106,6036
6103,6055
6108,6052
6106,6008
6102,6047
6101,6040
6096,6047
6093,6055
6116,6046
6097,6055
6091,6051
6102,6054
6106,6054
6095,6047
6094,6047
6104,6039
6105,6051
6100,6051
6092,6051
6096,6042
6104,6054
6100,6039
6105,6047
6102,6048
6099,6046
6100,6040
6106,6051
6103,6059
6105,6033
6107,6046
6089,6051
6098,6041
6106,6053
6097,6046
6094,6054
6105,6055
6099,6049
6105,6052
6099,6050
6099,6048
6104,6048
6104,6047
6114,6044
6107,6053
6095,6052
6106,6048
6110,6054
6096,6050
6102,6054
6102,6044
6102,6058
6109,6052
6106,6063
6111,6046
6112,6055
6107,6043
6093,6052
6098,6048
6110,6055
6104,6047
6100,6053
6100,6066
6103,6036
6108,6048
6105,6050
6106,6051
6108,6057
6101,6051
6100,6055
6101,6053
6100,6055
6110,6048
6103,6041
6097,6045
6100,6062
6102,6036
6108,6047
6107,6057
6110,6052
6107,6071
6104,6054
6102,6063
6111,6055
6119,6053
6116,6047
6104,6056
6106,6043
6122,6061
6099,6059
6110,6050
6105,6056
6102,6056
6090,6068
6099,6062
6113,6045
6106,6052
6099,6048
6113,6049
6106,6049
6106,6046
6110,6060
6102,6055
6106,6050
6105,6065
6106,6048
6111,6067
6105,6071
6112,6059
6108,6058
6104,6046
6100,6049
6109,6053
6109,6063
6106,6064
6098,6055
6099,6061
6110,6047
6103,6051
6100,6053
6095,6034
6106,6041
6114,6049
6107,6054
6100,6056
6104,6048
6097,6047
6107,6040
6102,6048
6107,6053
6099,6050
6105,6052
6097,6051
6102,6042
6103,6052
6105,6050
6098,6043
6101,6048
6098,6044
6113,6041
6101,6053
6101,6038
6107,6057
6100,6049
6102,6051
6105,6048
6096,6047
6104,6041
6102,6045
6110,6051
6105,6055
6105,6045
6104,6067
6107,6047
6105,6039
6102,6049
6118,6042
6103,6059
6112,6055
6093,6041
6102,6059
6102,6059
6110,6041
6115,6052
6124,6048
6110,6051
6101,6053
6097,6033
6118,6050
6108,6063
6106,6052
6106,6043
6107,6053
6114,6049
6110,6045
6108,6050
6111,6063
6112,6042
6115,6056
6109,6050
6114,6039
6117,6046
6127,6058
6121,6053
6109,6052
6118,6048
6105,6065
6118,6050
6112,6049
6106,6048
6115,6040
6112,6055
6112,6063
6105,6055
6114,6041
6117,6044
6047,5994
6253,6265
6100,6046
6154,6104
6128,6072
6097,6044
6123,6075
6119,6060
6099,6033
6106,6040
6108,6051
6102,6048
6105,6050
6107,6053
6112,6045
6105,6046
6109,6051
6117,6046
6108,6054
6111,6045
6107,6058
6102,6058
6110,6061
6104,6053
6113,6043
6114,6051
6112,6053
6113,6050
6106,6063
6110,6049
6108,6057
6102,6047
6116,6040
6116,6031
6112,6055
6104,6059
6110,6050
6115,6047
6118,6047
6113,6061
6113,6063
6110,6038
6119,6054
6115,6055
6099,6048
6120,6050
6118,6056
6107,6050
6113,6045
6104,6059
6110,6061
6112,6048
6106,6052
6103,6060
6120,6049
6111,6045
6107,6050
6108,6053
6110,6051
6118,6053
6110,6052
6113,6048
6112,6051
6112,6050
6102,6056
6106,6053
6114,6055
6116,6032
6113,6056
6121,6039
6118,6043
6115,6057
6112,6066
6120,6063
6121,6044
6111,6048
6111,6065
6122,6064
6110,6053
6107,6057
6113,6057
6114,6056
6116,6058
6109,6063
6124,6048
6119,6056
6119,6050
6111,6053
6114,6054
6110,6070
6119,6042
6109,6052
6111,6057
6122,6061
6119,6054
6112,6061
6112,6061
6115,6068
6120,6060
6117,6056
6112,6055
6111,6059
6114,6052
6123,6063
6121,6046
6120,6055
6117,6057
6113,6065
6114,6061
6110,6060
6113,6047
6116,6058
6123,6053
6117,6059
6108,6048
6112,6051
6113,6052
6116,6052
6116,6052
6109,6061
6116,6047
6115,6066
6117,6060
6119,6054
6120,6048
6115,6053
6119,6048
6116,6062
6120,6058
6114,6058
6116,6051
6112,6044
6116,6063
6115,6063
6117,6057
6119,6041
6118,6057
6112,6069
6111,6054
6122,6059
6122,6059
6116,6055
6118,6055
6115,6062
6122,6057
6114,6036
6122,6056
6119,6056
6115,6057
6118,6064
6119,6056
6118,6062
6110,6055
6120,6047
6109,6056
6117,6063
6121,6055
6112,6042
6117,6058
6116,6054
6105,6058
6116,6061
6116,6061
6120,6060
6113,6070
6119,6063
6119,6059
6121,6059
6115,6058
6118,6094
6118,6068
6116,6062
6114,6041
6121,6050
6103,6065
6122,6052
6110,6057
6114,6062
6115,6063
6111,6063
6113,6049
6115,6061
6123,6057
0,34
0,61680
0,0
6115,6056
5597,5578
5598,5577
5604,5568
5600,5582
5603,5580
5602,5579
5598,5574
5601,5570
5816,5761
6343,6286
6314,6294
6298,6306
6305,6300
6311,6322
6319,6308
6312,6312
6292,6297
6303,6331
6289,6330
6295,6339
6305,6349
6304,6334
6318,6321
6303,6323
6290,6325
6312,6346
6306,6334
6302,6315
6304,6309
6316,6323
6300,6324
6295,6307
6291,6335
6289,6338
6307,6332
6328,6316
6317,6329
6322,6359
6297,6341
6297,6342
6306,6335
6300,6337
6304,6321
6293,6320
6301,6314
6313,6317
6296,6325
6333,6323
6319,6344
6295,6337
6315,6356
6316,6320
6315,6318
6312,6344
6310,6310
6314,6332
6308,6331
6305,6339
6292,6339
6296,6340
6315,6340
6316,6345
6297,6334
6292,6331
6291,6334
6309,6338
6304,6353
6308,6349
6317,6330
6317,6332
6313,6313
6290,6297
6301,6311
6300,6303
6308,6312
6296,6341
6281,6327
6306,6309
6312,6322
6301,6341
6304,6339
6302,6331
6290,6312
6293,6326
6275,6328
6281,6329
6285,6330
6309,6335
6308,6333
6314,6315
6289,6337
6284,6335
6294,6342
6286,6330
6300,6339
6289,6327
6286,6344
6313,6335
6297,6339
6302,6317
6293,6328
6297,6365
6283,6343
6302,6332
6303,6336
6311,6326
6300,6343
6297,6352
6312,6356
6324,6327
6342,6361
6308,6350
6296,6336
6303,6373
6296,6351
6305,6333
6307,6365
6300,6347
6310,6344
6307,6347
6299,6318
6300,6366
6296,6329
6305,6322
6312,6327
6299,6306
6302,6318
6272,6323
6297,6323
6298,6332
6297,6310
6275,6326
6294,6314
6290,6332
6307,6346
6295,6313
6290,6330
6288,6336
6289,6354
6312,6357
6313,6343
6280,6330
6301,6346
6289,6335
6306,6323
6300,6321
6307,6343
6307,6348
6301,6351
6292,6341
6296,6351
6297,6346
6319,6348
6316,6376
6303,6361
6304,6344
6309,6320
6289,6352
6280,6355
6283,6334
6289,6350
6289,6360
6289,6359
6297,6375
6291,6350
6308,6355
6319,6334
6289,6325
6298,6344
6285,6311
6294,6346
6292,6342
6283,6342
6284,6345
6290,6356
6302,6346
6298,6367
6307,6351
6303,6336
6290,6347
6300,6344
6327,6341
6308,6333
6299,6324
6271,6326
6293,6339
6306,6339
6320,6345
6306,6359
6303,6354
6302,6349
6292,6358
6294,6356
6300,6356
6310,6343
6296,6354
6302,6352
6296,6344
6298,6351
6278,6347
6278,6357
6279,6343
6289,6372
6289,6328
6271,6369
6266,6351
6276,6339
6288,6318
6263,6343
6282,6376
6290,6347
6296,6353
6287,6335
6274,6332
6283,6348
6274,6345
6264,6341
6267,6362
6279,6372
6273,6367
6267,6366
6264,6395
6259,6355
6277,6320
6284,6332
6282,6351
6274,6350
6292,6357
6291,6363
6287,6359
6307,6354
6275,6357
6370,6306
6270,6486
6214,6314
6242,6334
6317,6385
6304,6372
6249,6359
6266,6448
6261,6390
6289,6406
6258,6372
6264,6379
6259,6392
6263,6383
6264,6391
6227,6341
6256,6341
6267,6364
6269,6342
6257,6350
6267,6372
6256,6377
6267,6365
6268,6386
6274,6365
6258,6352
6267,6353
6261,6352
6274,6349
6259,6345
6262,6365
6230,6375
6264,6344
6248,6338
6251,6367
6254,6362
6253,6368
6259,6359
6272,6353
6270,6365
6244,6351
6272,6391
6260,6366
6265,6367
6264,6385
6253,6363
6264,6371
6265,6384
6252,6388
6260,6398
6248,6385
6240,6397
6257,6400
6244,6385
6245,6394
6249,6385
6244,6379
6219,6336
6237,6358
6241,6388
6243,6384
6234,6399
6239,6418
6244,6382
6255,6396
6256,6387
6256,6393
6250,6376
6254,6380
6252,6370
6260,6378
6243,6378
6236,6366
6240,6364
6231,6349
6238,6373
6242,6385
6236,6382
6241,6382
6231,6378
6247,6381
6243,6411
6260,6400
6252,6405
6240,6400
6250,6399
6250,6389
6239,6422
6236,6417
6247,6408
6237,6413
6240,6410
6237,6407
6247,6401
6238,6425
6232,6403
6235,6367
6233,6372
6256,6394
6237,6361
6244,6378
6260,6396
6262,6370
6251,6385
6242,6381
6241,6389
6230,6374
6248,6377
6243,6396
6243,6364
6250,6370
6226,6388
6223,6388
6236,6380
6241,6359
6238,6386
6233,6365
6248,6382
6241,6368
6242,6363
6240,6384
6242,6402
6248,6384
6246,6383
6247,6391
6246,6399
6244,6389
6246,6391
6247,6412
6239,6376
6231,6384
6223,6366
6237,6364
6233,6359
6246,6370
6257,6362
6226,6410
6237,6402
6228,6411
6239,6419
6231,6401
6242,6408
6237,6392
6228,6411
6224,6395
6241,6399
6222,6375
6237,6382
6224,6385
6224,6403
6223,6414
6229,6414
6235,6430
6238,6412
6240,6415
6227,6392
6229,6385
6222,6397
6216,6380
6224,6385
6220,6384
6235,6404
6234,6391
6232,6353
6228,6399
6228,6403
6236,6400
6227,6397
6225,6415
6228,6417
6226,6405
6231,6410
6223,6411
6233,6383
6230,6382
6222,6413
6220,6428
6220,6425
6233,6426
6224,6399
6243,6391
6239,6379
6228,6411
6234,6398
6217,6370
6222,6370
6241,6392
6236,6398
6235,6401
6218,6427
6235,6424
6230,6454
6233,6401
6233,6417
6233,6387
6233,6401
6232,6408
6231,6453
6225,6430
6243,6402
6237,6434
6234,6453
6238,6440
6231,6453
6242,6416
6224,6425
6234,6433
6232,6416
6240,6411
6237,6383
6225,6408
6226,6414
6236,6450
6227,6406
6221,6449
6236,6419
6235,6406
6224,6422
6228,6420
6236,6413
6217,6437
6226,6442
6230,6413
6231,6411
6228,6397
6233,6407
6227,6426
6221,6394
6214,6412
6220,6412
6233,6422
6222,6424
6233,6427
6226,6386
6234,6421
6234,6378
6222,6378
6232,6367
6237,6413
6234,6404
6234,6425
6244,6428
6239,6426
6231,6409
6225,6421
6237,6405
6233,6436
6223,6418
6218,6451
6222,6407
6224,6403
6227,6402
6239,6399
6230,6384
6226,6427
6232,6398
6236,6432
6224,6392
6242,6378
6231,6404
6240,6395
6226,6401
6234,6413
6228,6417
6236,6404
6233,6393
6235,6424
6158,6330
6234,6383
6518,6559
6322,6404
6273,6605
6180,6399
6171,6335
6251,6425
6189,6349
6224,6383
6224,6380
6224,6399
6228,6426
6243,6441
6241,6394
6242,6391
6238,6385
6241,6391
6241,6390
6239,6363
6232,6387
6249,6387
6238,6400
6243,6395
6255,6422
6241,6430
6238,6444
6240,6420
6234,6416
6244,6409
6235,6416
6234,6386
6247,6409
6240,6381
6229,6360
6249,6367
6236,6397
6241,6377
6231,6382
6242,6382
6247,6391
6249,6386
6244,6381
6256,6372
6248,6353
6235,6362
6249,6353
6239,6374
6249,6406
6231,6405
6236,6389
6236,6360
6246,6361
6246,6360
6249,6378
6256,6375
6245,6393
6241,6406
6236,6406
6241,6395
6235,6389
6241,6378
6249,6367
6252,6359
6251,6372
6251,6391
6237,6378
6255,6356
6261,6354
6253,6358
6257,6368
6261,6360
6260,6351
6263,6350
6264,6336
6271,6331
6277,6347
6281,6360
6287,6339
6290,6357
6292,6377
6316,6351
6336,6352
6339,6365
6344,6361
6379,6338
6373,6326
6375,6344
6446,6353
6445,6354
6485,6348
6508,6347
6544,6365
6600,6355
6639,6360
6665,6354
6730,6359
6738,6371
6819,6385
6900,6358
6978,6356
7070,6375
7255,6366
7424,6360
7715,6357
7846,6387
8117,6368
8304,6372
8547,6364
8670,6381
8851,6355
8948,6381
9053,6381
9076,6371
9254,6370
9339,6364
9384,6352
9633,6367
9539,6368
9522,6387
9233,6386
8809,6407
8735,6430
8783,6426
8624,6438
8472,6434
8376,6457
8187,6481
8025,6508
7952,6520
7884,6575
7703,6616
7563,6687
7424,6691
7290,6709
7240,6779
7107,6825
7090,6870
7028,6904
7021,6908
6939,6965
6895,6933
6871,6954
6931,6963
7056,6936
7169,6910
7339,6884
7518,6835
7742,6789
8037,6750
8510,6705
8856,6675
9103,6615
9275,6649
9536,6598
9823,6645
10041,6704
10306,6781
10351,6800
10538,6910
10694,7012
10706,7130
10502,7185
10636,7250
10809,7323
10702,7454
10546,7647
10466,7880
10392,7978
10187,8007
10068,8031
9886,8212
9800,8417
9486,8523
9207,8657
9041,8712
8738,8811
8467,8944
8211,9038
7988,8986
7674,9115
7450,9085
7248,9049
7111,8961
6962,9054
6842,9022
6757,8967
6731,8618
6704,8548
6722,8362
6789,8147
6890,7991
6975,7736
7128,7524
7246,7332
7429,7261
7674,7106
7994,6990
8230,6897
8506,6846
8727,6792
9022,6763
9370,6776
9669,6775
9934,6807
10183,6880
10488,6976
10825,7088
11187,7173
11564,7314
12017,7449
12084,7545
12431,7765
12583,7895
12787,8191
12719,8384
12586,8558
12579,8765
12526,9026
12566,9162
12314,9271
12017,9373
11715,9435
11187,9504
11002,9523
10761,9561
10559,9653
10098,9679
9759,9617
9223,9711
8819,9627
8484,9586
8270,9482
8065,9319
7758,9122
7502,9015
7316,8858
7167,8741
7024,8605
6946,8475
6947,8260
6994,8078
7135,7895
7345,7712
7527,7505
7794,7352
8050,7195
8341,7050
8639,6937
8918,6861
9253,6768
9635,6718
9752,6703
10224,6720
10611,6766
10989,6851
11370,6961
11679,7129
11818,7252
12203,7485
11797,7620
12142,7873
12550,8165
12804,8468
12596,8766
12410,8942
12821,9424
12828,9699
12873,10053
12660,10237
12639,10437
12029,10538
11572,10794
11230,11037
10846,11109
10679,11361
10299,11401
10030,11483
9598,11018
9198,11173
8713,11045
8434,10991
8095,10939
7767,10571
7478,10612
7264,10342
7024,10237
6891,9999
6845,9730
6777,9324
6759,9005
6777,8661
6840,8428
6915,8038
7047,7846
7263,7647
7486,7435
7671,7264
8002,7093
8339,6946
8681,6842
8992,6762
9270,6744
9501,6775
9684,6789
9953,6853
10238,7022
10622,7190
10777,7347
10934,7537
11044,7866
11130,8025
11298,8390
11430,8722
11727,9085
11650,9358
11618,9557
11477,9812
11510,9963
11450,10086
11394,10015
11201,10254
11062,11174
10792,11326
10506,11572
10120,11701
9842,11491
9507,11432
9118,11414
8695,11484
8467,11201
8137,10965
7863,10790
7588,10537
7325,10375
7146,10102
6949,9896
6866,9512
6767,9118
6742,8770
6745,8564
6793,8250
6900,7995
7005,7771
7166,7533
7310,7309
7490,7154
7733,7031
7968,6902
8367,6785
8669,6720
8906,6664
9128,6606
9416,6607
9688,6627
10054,6697
10530,6771
10841,6870
11202,6998
11350,7143
11425,7358
11506,7607
11776,7866
11985,8023
12126,8370
12275,8635
12146,8927
12196,9154
12107,9417
12046,9782
12048,10079
11838,10289
11601,10369
11446,10521
11205,10715
10468,10302
10120,10258
10176,10818
9821,10797
9453,10808
9075,10860
8683,10835
8404,10726
8109,10490
7826,10464
7565,10149
7298,9973
7106,9791
6883,9614
6778,9418
6681,9094
6625,8825
6638,8622
6658,8335
6753,8034
6864,7798
6961,7556
7148,7380
7304,7223
7488,7059
7700,6933
7985,6836
8134,6746
8392,6675
8518,6703
8669,6666
8846,6661
9071,6708
9252,6785
9386,6910
9450,7060
9613,7238
9575,7415
9605,7622
9620,7794
9577,8024
9637,8336
9519,8533
9461,8746
9405,9009
9388,9093
9360,9350
9358,9631
9184,9870
9040,10053
8888,10097
8767,10130
8781,10210
8677,10133
8563,10210
8315,10165
8212,10153
8005,9841
7809,9833
7579,9631
7417,9479
7186,9313
7050,9180
6901,8959
6829,8714
6726,8480
6688,8269
6619,8018
6659,7786
6675,7565
6753,7395
6828,7177
7026,7048
7187,6914
7420,6823
7722,6717
7924,6646
8216,6613
8454,6576
8866,6578
9078,6582
9170,6549
9287,6591
9690,6611
9865,6671
10146,6743
10206,6792
10362,6896
10535,7029
10547,7126
10527,7244
10653,7472
10720,7584
10604,7836
10418,7959
10278,8169
10171,8369
10093,8547
9813,8650
9693,8829
9567,9213
9315,9410
9082,9561
8820,9560
8619,9668
8343,9753
8055,9799
7787,9903
7614,9835
7400,9646
7172,9564
7070,9474
6918,9408
6758,9290
6670,8982
6586,8737
6561,8479
6557,8168
6551,8052
6558,7920
6594,7709
6697,7423
6838,7337
6959,7176
7037,7009
7224,6843
7399,6735
7600,6621
7799,6534
7941,6476
8055,6486
8262,6500
8503,6489
8787,6559
8879,6688
9107,6801
9286,6880
9513,6961
9606,7101
9729,7262
9890,7373
10044,7553
10065,7677
10153,7794
10304,7946
10263,8154
10204,8278
10125,8435
9918,8450
9876,8586
9726,8682
9628,8759
9483,8724
9282,8718
9013,8821
8793,8746
8556,8748
8273,8667
8091,8604
7952,8587
7780,8538
7560,8731
7507,8393
7268,8193
7151,8056
6968,7921
6990,7883
6896,7783
6907,7668
6840,7464
6851,7370
6921,7282
7042,7176
7168,7095
7272,6980
7420,6922
7637,6838
7812,6750
8038,6684
8282,6590
8575,6601
8811,6557
9065,6581
9331,6611
9673,6705
9955,6778
10034,6873
10143,6996
10433,7118
10505,7228
10632,7406
10944,7592
11280,7823
11292,8016
11100,8166
11048,8411
10883,8464
10955,8755
11003,8951
10876,9252
10510,9313
10089,9421
9874,9434
9632,9646
9420,9715
9148,9674
8858,9749
8531,9773
8335,9768
8083,9706
7793,9553
7726,9562
7575,9335
7375,9212
7292,9034
7170,8920
7008,8770
6908,8573
6899,8353
6903,8310
6972,8099
7026,7923
7093,7694
7145,7612
7177,7418
7260,7328
7395,7125
7496,7017
7684,6922
7860,6809
8104,6744
8214,6723
8492,6691
8739,6750
9028,6791
9193,6844
9315,6951
9612,7100
9840,7212
10009,7416
10154,7573
10251,7709
10376,7863
10428,8043
10615,8216
10912,8434
10914,8554
10847,8777
10878,8967
10823,8977
10765,9063
10536,9150
10310,9297
9997,9265
9668,9360
9379,9346
9129,9343
8921,9283
8549,9302
8242,9265
7994,9161
7654,9080
7428,8968
7174,8865
7003,8894
6853,8707
6742,8560
6665,8398
6643,8267
6641,8117
6680,7946
6789,7815
6825,7625
6929,7480
7061,7382
7255,7220
7405,7142
7648,7032
7781,6869
8001,6768
8209,6713
8299,6642
8500,6626
8632,6582
8850,6576
8966,6605
9130,6678
9350,6725
9508,6864
9729,7028
10005,7225
9946,7416
9985,7621
9873,7757
10032,8045
10229,8348
10254,8506
10343,8793
10477,9037
10400,9336
10270,9480
9942,9495
9668,9568
9419,9612
9147,9751
8844,9738
8645,9652
8312,9578
8110,9517
7856,9319
7580,9307
7355,9225
7178,9094
6971,8849
6884,8674
6760,8590
6664,8476
6627,8283
6643,8123
6637,7928
6724,7771
6759,7643
6811,7525
6918,7424
7046,7277
7237,7162
7401,7040
7475,6928
7722,6820
7964,6743
8226,6645
8444,6585
8683,6555
8968,6553
9141,6525
9581,6598
9937,6666
10075,6770
10206,6867
10582,7026
10654,7176
10990,7315
11211,7454
11473,7667
11707,7920
11551,8043
11541,8270
11716,8519
11707,8607
11447,8648
11490,8768
11447,8826
11238,8909
10945,8839
10778,8940
10636,9038
10419,9061
10016,8938
9748,8890
9386,8901
9036,8829
8736,8719
8394,8764
8058,8634
7700,8562
7445,8456
7182,8380
6984,8260
6885,8075
6862,7946
6791,7828
6814,7693
6840,7563
6915,7453
7068,7353
7293,7193
7554,7048
7789,6895
8079,6779
8382,6668
8758,6629
9153,6575
9621,6522
10107,6524
10524,6511
10876,6600
11281,6656
11683,6766
12082,6913
12420,7043
12873,7234
13320,7458
13697,7686
13739,7921
14141,8285
14610,8540
14882,8879
14794,9097
14666,9404
14322,9578
14061,9903
13738,10158
13811,10533
13390,10519
12958,10686
12417,10802
11852,10806
11396,10952
10907,11060
10331,11165
9705,11338
9129,11227
8678,10945
8232,10992
7981,10773
7640,10503
7462,10476
7256,10302
7101,10039
7025,9889
7035,9594
7045,9318
7159,9138
7291,8925
7431,8637
7686,8439
7986,8201
8318,7925
8648,7727
9092,7598
9420,7313
9777,7212
10379,7071
10796,6929
11353,6830
11825,6813
12332,6828
12775,6829
13458,6948
14080,7070
14819,7264
15660,7444
16300,7783
16362,8057
16383,8485
16383,8809
16383,9156
16383,9445
16383,9775
16383,10040
16383,10415
16383,10607
16383,10958
16383,11343
16383,11423
16383,11571
15589,11588
15111,11651
14336,11493
14000,11569
13153,11515
12415,11517
11795,11441
10812,11154
10587,11033
9992,10722
9530,10676
8964,10452
8513,10381
8157,10295
7803,9962
7692,9832
7647,9649
7512,9386
7547,9189
7625,8820
7680,8479
7864,8250
8103,7970
8487,7724
8873,7527
9202,7316
9746,7164
10488,7061
11261,7025
12090,6984
12901,7023
13490,7105
13939,7230
14498,7511
15258,7722
15816,8151
15854,8595
15916,9077
16019,9610
16294,10145
16284,10529
16383,11030
16152,11370
16145,11935
15559,12352
14965,12991
14743,13443
14130,13545
13389,13780
12887,14186
12312,14483
11864,14743
11395,14825
10873,14453
10736,14329
10347,14049
9894,14224
9585,14276
9195,14346
8984,14240
8619,14059
8289,13526
8232,13121
8034,12837
7951,12299
7902,11757
7877,11186
7809,10526
7917,10172
7850,9627
7985,9308
8033,8847
8220,8451
8403,7939
8491,7659
8627,7351
8943,7102
9178,6921
9355,6849
9646,6813
9977,6838
10404,6978
10959,7071
10428,7222
11077,7464
12835,7688
12659,7927
11000,8152
9190,8446
7799,8679
6852,8762
6550,8993
6403,9414
6296,9628
6230,9864
6220,10202
6196,10458
6183,10592
6178,10647
6172,10818
6172,10985
6175,11170
6167,11320
6162,11377
6153,11499
6140,11752
6140,11483
6151,12032
6149,11980
6129,11698
6130,11408
6136,11384
6141,11147
6136,11191
6144,10980
6127,10647
6133,10343
6129,9923
6118,9562
6133,9125
6124,8739
6127,8362
6122,8105
6119,7796
6135,7503
6119,7292
6128,7072
6125,6989
6112,6917
6120,6872
6136,6903
6122,6975
6119,7057
6124,7181
6120,7307
6108,7409
6102,7512
6113,7583
6113,7535
6114,7538
6118,7720
6119,7594
6112,7206
6115,6797
6107,6562
6121,6364
6112,6271
6099,6214
6111,6218
6108,6200
6107,6202
6113,6199
6094,6214
6107,6205
6106,6192
6105,6179
6107,6182
6103,6175
6103,6158
6102,6118
6116,6101
6114,6097
6098,6075
6106,6090
6111,6073
6111,6082
6107,6074
6111,6078
6105,6066
6100,6072
6106,6086
6111,6068
6098,6079
6106,6060
6111,6067
6111,6066
6109,6059
6105,6063
6108,6063
6109,6058
6107,6074
6099,6075
6107,6066
6100,6065
6105,6056
6100,6057
6109,6054
6114,6061
6113,6056
6115,6072
6110,6061
6113,6061
6109,6062
6111,6062
6120,6056
6106,6056
6108,6058
6099,6060
6115,6060
6111,6058
6110,6062
6101,6059
6112,6070
6111,6062
6112,6050
6115,6060
6117,6064
6112,6065
6109,6053
6107,6041
6108,6059
6107,6061
6109,6051
6105,6049
6111,6043
6104,6033
6104,6061
6110,6055
6111,6058
6105,6052
6115,6051
6116,6064
6112,6042
6113,6050
6112,6054
6111,6061
6112,6050
6105,6042
6112,6055
6115,6046
6112,6045
6112,6054
6117,6053
6115,6050
6121,6052
6104,6054
6108,6054
6116,6060
6107,6054
5958,5935
6390,6372
6168,6110
6110,6058
6075,6020
6140,6092
6112,6046
6109,6066
6119,6054
6102,6043
6114,6055
6110,6035
6105,6045
6111,6055
6109,6048
6102,6053
6097,6052
6104,6049
6112,6051
6110,6058
6109,6051
6105,6065
6097,6057
6106,6054
6114,6051
6115,6045
6106,6055
6106,6054
6104,6047
6106,6038
6108,6057
6110,6057
6099,6063
6106,6054
6113,6060
6112,6044
6097,6040
6108,6050
6102,6062
6108,6044
6111,6054
6103,6047
6099,6066
6111,6063
6108,6047
6108,6034
6102,6054
6103,6055
6103,6044
6115,6056
6110,6055
6109,6051
6106,6051
6099,6056
6099,6027
6104,6052
6105,6054
6109,6058
6097,6052
6100,6055
6111,6047
6110,6058
6104,6057
6103,6053
6106,6059
6104,6055
6099,6052
6101,6051
6105,6056
6106,6050
6098,6054
6103,6059
6098,6051
6108,6057
6100,6055
6101,6050
6117,6050
6098,6048
6101,6040
6099,6054
6104,6048
6104,6049
6099,6064
6109,6050
6102,6050
6101,6053
6096,6046
6099,6045
6112,6060
6101,6056
6098,6039
6102,6051
6102,6045
6102,6056
6096,6057
6108,6054
6111,6054
6106,6055
6096,6055
6111,6048
6098,6029
6104,6044
6112,6059
6107,6045
6090,6068
6097,6050
6105,6044
6099,6050
6106,6057
6102,6053
6094,6050
6097,6047
6099,6063
6103,6053
6095,6056
6111,6044
6107,6052
6099,6063
6082,6047
6096,6053
6103,6032
6112,6053
6103,6051
6098,6060
6099,6050
6097,6050
6113,6048
6101,6041
6094,6056
6102,6056
6097,6047
6093,6053
6106,6054
6103,6061
6092,6052
6098,6056
6095,6051
6106,6045
6094,6059
6087,6056
6099,6052
6104,6042
6108,6039
6099,6051
6095,6050
6107,6063
6100,6058
6099,6046
6103,6056
6104,6048
6100,6054
6101,6056
6103,6056
6099,6058
6113,6047
6098,6045
6099,6054
6099,6040
6109,6055
6103,6061
6107,6048
6101,6065
6093,6054
6108,6046
6106,6055
6106,6042
6096,6051
6106,6055
6117,6040
6116,6064
6105,6050
6108,6054
6115,6051
6108,6049
6108,6060
6101,6052
6107,6047
6112,6056
6106,6051
6106,6064
6103,6062
6104,6062
6101,6057
6118,6055
6113,6059
6108,6059
6111,6064
6110,6062
6105,6045
6120,6055
6107,6048
6103,6055
6107,6042
6107,6066
6104,6046
6106,6056
6101,6058
6114,6036
6103,6043
6105,6056
6111,6053
6102,6063
6107,6037
6108,6052
6111,6029
6113,6053
6102,6056
6099,6057
6107,6050
6107,6038
6101,6052
6100,6038
6100,6044
6107,6051
6100,6049
6104,6049
6115,6047
6104,6064
6103,6041
6104,6051
6110,6054
6105,6055
6111,6059
6109,6043
6113,6064
6112,6051
6104,6054
6107,6055
6101,6040
6096,6061
6103,6054
6090,6056
6097,6045
6108,6053
6113,6048
6095,6050
6107,6050
6112,6055
6104,6044
6097,6036
6103,6053
6113,6057
6094,6058
6105,6052
6107,6061
6111,6050
6100,6033
6090,6044
6106,6050
6095,6046
6100,6057
6107,6058
6103,6051
6100,6045
6104,6039
6112,6056
6117,6052
6117,6061
6095,6058
6099,6047
6102,6061
6112,6053
6110,6058
6118,6056
6102,6050
6111,6044
6106,6057
6187,6122
6150,6072
6147,6077
6086,6034
6115,6073
6131,6079
6121,6059
6104,6041
6130,6073
6115,6038
6116,6060
6116,6045
6118,6045
6112,6063
6123,6057
6123,6051
6115,6049
6111,6042
6112,6062
6110,6054
6121,6048
6110,6038
6122,6054
6116,6054
6119,6056
6110,6033
6112,6058
6106,6035
6107,6051
6111,6064
6110,6056
6107,6064
6101,6064
6107,6054
6111,6054
6107,6041
6107,6055
6096,6024
6111,6043
6115,6054
6107,6062
6113,6051
6111,6047
6107,6041
6115,6048
6113,6065
6118,6049
6100,6057
6110,6061
6105,6062
6117,6042
6111,6043
6117,6053
6104,6063
6111,6055
6112,6076
6098,6056
6107,6051
6105,6040
6101,6045
6109,6053
6107,6049
6114,6045
6106,6047
6113,6055
6107,6053
6116,6062
6110,6048
6111,6060
6109,6049
6117,6058
6120,6054
6114,6048
6120,6045
6119,6046
6098,6061
6112,6039
6103,6056
6112,6070
6114,6055
6114,6055
6104,6063
6115,6051
6119,6039
6109,6051
6104,6052
6106,6047
6115,6049
6121,6051
6114,6095
6112,6050
6114,6050
6111,6057
6104,6054
6115,6053
6112,6053
6115,6053
6117,6056
6115,6053
6123,6055
6113,6049
6121,6061
6109,6065
6103,6039
6119,6062
6120,6052
6109,6053
6114,6064
6111,6044
6118,6052
6118,6063
6114,6057
6116,6066
6122,6049
6124,6054
6107,6058
6119,6061
6114,6055
6124,6060
6118,6052
6112,6045
6112,6045
6123,6067
6123,6059
6114,6040
6112,6064
6118,6061
6113,6061
6116,6053
6121,6067
6113,6064
6112,6056
6111,6061
6113,6057
6112,6059
6118,6056
6119,6056
6114,6052
6115,6062
6115,6062
6117,6063
6119,6060
6109,6057
6107,6063
6118,6064
6114,6053
6110,6048
6116,6056
6113,6066
6121,6059
6113,6062
6117,6047
6124,6053
6105,6068
6112,6063
6110,6042
6119,6064
6119,6054
6115,6059
6118,6064
6124,6055
6124,6055
6113,6057
6118,6049
6115,6058
6114,6060
6118,6060
6118,6059
6118,6047
6114,6056
6109,6064
6114,6057
6115,6055
6120,6054
6115,6066
6098,6058
6114,6062
6120,6057
6104,6048
6116,6061
6122,6050
6112,6047
6104,6058
6104,6058
6117,6058
6114,6056
6121,6058
6113,6054
6120,6049
6124,6061
6115,6068
6116,6046
6113,6061
6125,6057
6119,6066
6118,6049
6115,6059
6113,6059
6116,6054
6109,6059
6115,6058
6113,6061
6112,6064
6113,6052
6117,6066
6117,6066
6121,6053
6122,6049
6113,6052
6122,6063
6115,6060
0,29
0,61680
0,0
6106,6056
5607,5594
5606,5593
5612,5590
5605,5583
5599,5571
5597,5582
5600,5586
5601,5583
5825,5760
6349,6288
6321,6318
6306,6304
6304,6294
6303,6304
6318,6296
6317,6299
6298,6319
6293,6326
6299,6356
6303,6332
6311,6345
6312,6327
6302,6326
6310,6318
6303,6305
6310,6346
6298,6342
6280,6344
6303,6326
6309,6320
6295,6321
6286,6316
6286,6335
6300,6350
6317,6322
6329,6331
6322,6305
6315,6328
6292,6327
6289,6338
6293,6320
6293,6334
6291,6327
6293,6330
6294,6315
6309,6331
6308,6330
6322,6325
6317,6361
6305,6341
6317,6364
6306,6331
6328,6323
6317,6325
6325,6313
6314,6337
6311,6325
6298,6345
6284,6343
6309,6343
6291,6351
6306,6339
6297,6321
6285,6347
6308,6324
6313,6325
6316,6335
6302,6335
6311,6344
6312,6334
6304,6320
6298,6390
6290,6306
6301,6323
6307,6325
6307,6324
6279,6342
6286,6317
6303,6324
6305,6321
6305,6339
6291,6304
6304,6330
6293,6324
6290,6354
6288,6333
6291,6333
6307,6330
6311,6330
6298,6337
6280,6324
6273,6332
6288,6342
6290,6329
6294,6352
6291,6329
6284,6350
6314,6341
6287,6341
6296,6344
6290,6334
6289,6359
6302,6339
6300,6346
6290,6324
6295,6312
6316,6339
6300,6336
6295,6344
6319,6328
6332,6347
6309,6362
6320,6342
6287,6376
6301,6353
6314,6330
6313,6351
6298,6343
6314,6341
6308,6322
6289,6329
6307,6374
6304,6321
6307,6326
6311,6330
6309,6321
6289,6314
6281,6313
6292,6320
6290,6356
6277,6307
6282,6307
6295,6320
6296,6350
6316,6338
6293,6342
6294,6338
6281,6336
6288,6353
6301,6349
6308,6367
6286,6350
6286,6342
6272,6347
6291,6325
6297,6338
6300,6323
6306,6357
6304,6355
6289,6356
6298,6356
6306,6352
6315,6355
6321,6373
6292,6369
6297,6363
6308,6349
6288,6351
6289,6358
6269,6361
6292,6351
6303,6362
6319,6360
6296,6358
6290,6355
6312,6342
6305,6342
6289,6335
6301,6360
6287,6335
6290,6336
6304,6327
6276,6309
6274,6364
6301,6351
6298,6345
6311,6335
6300,6339
6294,6351
6284,6340
6303,6337
6303,6338
6289,6336
6280,6338
6274,6334
6285,6333
6298,6352
6316,6363
6310,6327
6299,6358
6310,6340
6275,6355
6299,6369
6302,6347
6302,6341
6298,6364
6301,6358
6294,6358
6299,6348
6287,6352
6289,6339
6289,6331
6296,6362
6300,6327
6274,6364
6410,6438
6251,6295
6240,6208
6251,6250
6304,6378
6293,6355
6259,6346
6283,6335
6287,6320
6281,6345
6269,6348
6255,6353
6264,6371
6272,6365
6266,6386
6265,6375
6274,6372
6278,6352
6287,6335
6283,6337
6285,6348
6273,6348
6286,6367
6297,6386
6291,6345
6316,6376
6274,6357
6279,6364
6278,6359
6290,6365
6287,6328
6275,6372
6271,6357
6260,6356
6273,6403
6260,6384
6290,6391
6268,6392
6266,6379
6279,6406
6255,6398
6268,6414
6239,6354
6253,6361
6268,6371
6259,6392
6266,6351
6270,6373
6258,6385
6267,6352
6288,6383
6288,6369
6253,6345
6261,6347
6263,6370
6246,6368
6247,6359
6254,6361
6253,6344
6249,6332
6258,6343
6255,6377
6259,6378
6264,6379
6249,6381
6264,6383
6251,6369
6254,6361
6255,6375
6253,6377
6265,6356
6248,6361
6237,6363
6236,6393
6250,6381
6262,6403
6251,6399
6247,6412
6249,6398
6241,6389
6232,6389
6231,6371
6234,6362
6241,6358
6244,6346
6246,6363
6241,6380
6259,6380
6241,6407
6245,6382
6246,6395
6241,6420
6249,6399
6254,6393
6253,6408
6255,6378
6248,6385
6261,6375
6237,6385
6239,6342
6227,6347
6240,6328
6238,6375
6240,6389
6239,6386
6240,6387
6229,6383
6245,6373
6245,6404
6257,6410
6241,6416
6241,6406
6227,6388
6250,6375
6239,6419
6239,6440
6249,6406
6223,6426
6237,6405
6232,6396
6249,6430
6253,6405
6247,6373
6250,6376
6241,6382
6262,6369
6249,6372
6237,6369
6243,6387
6260,6362
6253,6402
6240,6354
6252,6392
6240,6377
6248,6372
6247,6388
6246,6401
6248,6367
6228,6373
6230,6391
6260,6401
6234,6378
6236,6399
6234,6369
6248,6378
6242,6375
6226,6392
6243,6386
6243,6375
6231,6389
6239,6386
6239,6384
6251,6385
6253,6408
6244,6396
6248,6375
6220,6395
6235,6379
6224,6376
6242,6360
6232,6386
6248,6398
6258,6382
6237,6384
6233,6409
6234,6416
6247,6424
6238,6423
6242,6425
6239,6398
6237,6411
6232,6403
6241,6406
6226,6388
6233,6371
6235,6390
6225,6407
6225,6408
6235,6404
6226,6417
6222,6407
6235,6415
6218,6385
6240,6388
6230,6391
6221,6410
6225,6375
6227,6397
6228,6399
6234,6392
6225,6405
6218,6404
6224,6394
6228,6403
6233,6397
6220,6402
6210,6425
6222,6401
6234,6399
6231,6388
6225,6380
6228,6405
6222,6414
6227,6415
6235,6437
6240,6405
6228,6408
6240,6387
6237,6372
6231,6394
6233,6392
6221,6399
6219,6396
6225,6389
6222,6400
6228,6399
6221,6430
6231,6416
6242,6441
6232,6396
6235,6413
6235,6402
6239,6412
6220,6409
6235,6438
6242,6422
6229,6432
6241,6436
6241,6461
6226,6413
6245,6426
6229,6435
6219,6426
6235,6422
6229,6417
6246,6406
6238,6413
6226,6409
6222,6415
6237,6425
6226,6417
6235,6434
6229,6411
6232,6422
6230,6404
6226,6425
6225,6430
6226,6437
6230,6455
6228,6440
6224,6427
6236,6390
6221,6404
6233,6409
6229,6402
6208,6408
6217,6418
6232,6414
6221,6427
6236,6432
6227,6410
6222,6408
6225,6392
6236,6403
6233,6384
6240,6390
6226,6415
6139,6331
6224,6439
6212,6435
6259,6408
6222,6399
6222,6397
6244,6421
6223,6432
6228,6433
6234,6419
6230,6414
6219,6393
6229,6364
6229,6392
6226,6399
6241,6414
6230,6409
6237,6385
6235,6389
6226,6390
6234,6402
6232,6407
6245,6412
6228,6420
6246,6414
6236,6398
6241,6414
6229,6392
6246,6375
6240,6402
6239,6371
6234,6379
6233,6414
6244,6391
6232,6410
6238,6403
6237,6392
6235,6404
6231,6379
6231,6440
6232,6441
6228,6402
6244,6405
6223,6395
6224,6380
6230,6387
6231,6376
6224,6393
6235,6387
6236,6375
6233,6414
6237,6438
6231,6417
6228,6427
6232,6420
6235,6425
6234,6417
6225,6402
6220,6369
6228,6391
6246,6383
6221,6370
6248,6380
6239,6392
6246,6365
6241,6367
6240,6379
6250,6384
6251,6382
6256,6369
6239,6365
6233,6356
6227,6362
6244,6379
6241,6370
6233,6393
6242,6394
6236,6384
6238,6370
6248,6359
6240,6357
6240,6385
6242,6382
6233,6396
6231,6393
6222,6371
6243,6379
6233,6374
6233,6363
6249,6341
6250,6360
6242,6375
6247,6390
6244,6358
6253,6364
6257,6374
6249,6371
6249,6379
6255,6363
6273,6358
6274,6336
6261,6343
6280,6333
6275,6359
6273,6354
6283,6341
6292,6342
6287,6358
6311,6362
6326,6340
6321,6346
6344,6370
6349,6365
6365,6329
6375,6342
6420,6336
6443,6342
6467,6344
6470,6352
6536,6356
6565,6350
6623,6363
6654,6371
6698,6374
6735,6390
6822,6354
6909,6366
6987,6380
7081,6376
7243,6360
7395,6364
7602,6350
7819,6398
8129,6369
8351,6374
8592,6353
8701,6393
8776,6390
8947,6362
9001,6360
9116,6360
9263,6376
9376,6376
9507,6384
9585,6370
9591,6364
9471,6386
9304,6389
9008,6390
8822,6435
8772,6413
8491,6442
8480,6446
8359,6446
8174,6460
7982,6515
7958,6532
7849,6554
7709,6605
7577,6672
7435,6703
7351,6755
7215,6803
7105,6824
7041,6853
7027,6892
7007,6934
6946,6965
6929,6943
6911,6968
6931,6952
6988,6937
7164,6889
7364,6872
7520,6853
7739,6810
8092,6736
8511,6712
8847,6654
9133,6620
9260,6654
9619,6640
9884,6671
10035,6680
10102,6733
10373,6844
10470,6904
10794,7027
10715,7121
10648,7206
10695,7270
10712,7300
10730,7498
10536,7635
10505,7885
10376,7987
10201,8047
10038,8066
9853,8207
9770,8420
9436,8585
9208,8649
9036,8714
8803,8817
8468,8920
8205,9049
8004,9219
7688,9057
7435,9045
7212,9057
7099,9090
6978,8894
6833,9032
6760,8839
6719,8721
6693,8601
6733,8391
6779,8179
6866,7958
6979,7744
7127,7520
7240,7337
7444,7237
7677,7108
7976,6988
8227,6898
8534,6846
8726,6798
9031,6783
9431,6743
9710,6792
9983,6846
10225,6906
10419,6986
10859,7065
11241,7190
11542,7303
12029,7456
12368,7558
12287,7711
12560,7881
12751,8232
12763,8368
12695,8590
12378,8752
12457,9005
12586,9206
12222,9258
11932,9387
11747,9458
11393,9474
11035,9504
10782,9551
10516,9653
10104,9696
9664,9641
9292,9694
8877,9623
8532,9594
8208,9454
7995,9328
7766,9167
7508,9009
7335,8872
7117,8738
7050,8622
6936,8454
6914,8228
6810,7832
7086,7814
7231,7702
7486,7279
7745,7303
8014,7180
8243,7050
8702,6951
8857,6869
9284,6806
9500,6719
9767,6697
10138,6713
10505,6753
11046,6840
11458,6945
11535,7125
11995,7279
12313,7523
12240,7693
12411,7936
12608,8195
12874,8526
12784,8869
12475,8955
12734,9337
12641,9597
12893,10045
12698,10398
12554,10464
11975,10520
11500,10758
11110,10953
10910,11194
10651,11336
10266,11399
10017,11457
9649,11187
9195,11159
8767,11066
8420,10890
8077,10862
7800,10586
7536,10615
7260,10283
7042,10278
6913,10019
6812,9713
6782,9415
6775,8978
6791,8654
6852,8451
6921,8140
7090,7901
7243,7595
7473,7422
7688,7264
8023,7106
8372,6978
8637,6844
8985,6783
9303,6752
9497,6757
9660,6803
10026,6863
10263,7010
10584,7184
10785,7338
10938,7569
11077,7886
11175,8097
11279,8397
11468,8789
11625,9087
11631,9303
11638,9635
11552,9871
11542,9996
11497,10121
11410,10504
11159,10896
11099,11182
10761,11297
10488,11598
10182,11746
9909,11535
9505,11445
9080,11433
8728,11484
8510,11268
8196,11019
7890,10793
7583,10572
7352,10365
7162,10110
6946,9951
6829,9529
6762,9100
6739,8764
6743,8606
6790,8250
6849,8059
6978,7732
7149,7496
7342,7305
7491,7148
7681,7027
7919,6912
8350,6793
8713,6700
8894,6637
9093,6610
9469,6623
9665,6625
10091,6704
10527,6787
10837,6881
11218,6998
11341,7153
11348,7343
11401,7611
11733,7831
11979,8022
12082,8315
12181,8578
12307,8950
12106,9161
12246,9487
12059,9744
11982,10030
11854,10314
11741,10453
11375,10485
11158,10670
10772,10681
10548,10917
10166,10927
9821,10875
9451,10850
9049,10871
8733,10859
8401,10652
8121,10522
7863,10554
7577,10239
7309,10065
7095,9673
6896,9679
6783,9462
6679,9188
6606,8865
6634,8617
6670,8263
6756,8050
6877,7803
6974,7601
7169,7390
7289,7254
7456,7087
7691,6919
7950,6838
8169,6745
8373,6707
8498,6675
8677,6679
8846,6683
9078,6704
9197,6784
9407,6911
9520,7063
9608,7246
9606,7459
9612,7648
9649,7804
9630,8048
9638,8384
9516,8506
9460,8725
9429,8953
9353,9112
9403,9416
9361,9614
9168,9887
9009,9992
8890,10034
8833,10169
8720,10166
8725,10186
8538,10168
8323,10192
8269,10167
8018,9934
7825,9746
7538,9565
7394,9498
7216,9338
7031,9158
6901,8937
6833,8752
6726,8478
6667,8250
6618,7980
6655,7789
6669,7570
6720,7363
6840,7199
7023,7067
7173,6926
7433,6829
7746,6739
7947,6638
8199,6619
8494,6567
8761,6579
9023,6594
9352,6563
9487,6570
9601,6629
9895,6664
10246,6736
10284,6787
10298,6901
10490,7021
10371,7121
10553,7271
10634,7419
10687,7595
10591,7842
10419,7957
10252,8154
10175,8320
10042,8577
9808,8688
9683,8866
9554,9187
9324,9344
9062,9536
8779,9587
8581,9721
8326,9782
8069,9848
7809,9857
7622,9823
7394,9652
7167,9539
7047,9483
6882,9457
6776,9302
6673,8968
6598,8677
6580,8474
6576,8203
6555,8033
6565,7925
6609,7708
6693,7460
6814,7314
6926,7155
7034,7011
7215,6817
7382,6712
7580,6646
7769,6540
7883,6472
8058,6457
8123,6402
8584,6507
8768,6538
8954,6684
9121,6771
9301,6884
9440,6954
9617,7140
9712,7282
9982,7378
10055,7521
10068,7675
10226,7805
10306,7998
10259,8193
10168,8244
10118,8432
10014,8447
9802,8576
9803,8733
9556,8761
9477,8729
9305,8677
8922,8733
8805,8695
8545,8784
8299,8659
8149,8668
7937,8567
7757,8519
7568,8418
7443,8315
7269,8214
7137,8037
7014,7940
6944,7877
6903,7783
6845,7658
6839,7474
6849,7376
6890,7296
7050,7193
7139,7107
7292,6973
7412,6933
7616,6834
7791,6758
8093,6675
8267,6603
8602,6584
8824,6565
9063,6554
9267,6617
9635,6700
9887,6785
10128,6890
10219,6982
10436,7136
10781,7258
10765,7416
10985,7558
11238,7813
11343,8034
11160,8201
11040,8397
11005,8527
11010,8761
11018,8948
10874,9232
10542,9334
10198,9415
9930,9504
9651,9617
9454,9677
9156,9652
8894,9752
8570,9851
8313,9678
8077,9706
7907,9735
7725,9652
7599,9303
7371,9212
7253,9062
7156,8943
7030,8731
6932,8607
6907,8367
6912,8271
6974,8062
7029,7963
7114,7757
7107,7591
7171,7414
7266,7266
7383,7105
7473,7042
7667,6897
7785,6838
8056,6767
8235,6740
8485,6740
8717,6751
9017,6776
9144,6868
9389,6962
9613,7090
9831,7218
10008,7425
10147,7596
10266,7751
10355,7899
10424,8054
10573,8219
10900,8381
10969,8604
10865,8786
10894,8904
10767,9013
10759,9117
10396,9137
10009,9103
10006,9300
9679,9354
9400,9369
9119,9346
8855,9310
8588,9279
8248,9202
7959,9083
7663,9025
7462,8966
7193,8855
7004,8894
6837,8746
6734,8545
6663,8440
6640,8291
6655,8105
6690,7986
6773,7823
6795,7657
6920,7498
7081,7366
7240,7224
7407,7138
7640,7034
7760,6867
7983,6768
8227,6713
8334,6646
8514,6629
8600,6583
8856,6588
9021,6633
9166,6670
9372,6751
9499,6875
9677,7018
10011,7206
10084,7449
10061,7637
10119,7857
10115,8051
10209,8288
10394,8585
10393,8781
10394,9060
10305,9319
10206,9456
10030,9531
9684,9608
9407,9587
9101,9760
8817,9702
8601,9635
8373,9662
8121,9532
7885,9350
7544,9286
7368,9302
7179,9180
7016,8890
6853,8683
6769,8570
6673,8501
6626,8314
6631,8088
6644,7946
6741,7801
6784,7612
6853,7559
6930,7426
7063,7319
7219,7163
7379,7028
7514,6930
7783,6825
7969,6734
8274,6669
8427,6594
8716,6550
8928,6525
9216,6547
9565,6590
9921,6659
10049,6748
10276,6866
10552,6982
10701,7163
10986,7318
11322,7463
11481,7663
11729,7906
11624,8052
11523,8257
11753,8509
11694,8586
11522,8702
11459,8727
11507,8834
11333,8936
10943,8841
10738,8903
10621,8943
10311,8976
10125,8969
9720,8909
9396,8853
9020,8791
8712,8758
8350,8773
8062,8671
7705,8551
7447,8459
7191,8384
7032,8222
6867,8095
6861,7942
6808,7842
6806,7721
6868,7614
6947,7481
7090,7377
7333,7212
7554,7058
7811,6887
8076,6806
8363,6680
8811,6631
9273,6578
9746,6519
10141,6524
10494,6529
10865,6589
11284,6651
11689,6786
12092,6934
12464,7051
12855,7259
13400,7480
13797,7703
14041,7972
14127,8272
14590,8560
14901,8895
14825,9079
14651,9403
14402,9616
13879,9867
13864,10246
13619,10459
13304,10567
12915,10694
12264,10603
11931,10864
11369,10966
10852,11151
10369,11280
9680,11455
9198,11279
8634,11005
8264,11025
7983,10762
7665,10492
7455,10457
7236,10259
7118,10056
7041,9900
7021,9626
7061,9354
7125,9134
7290,8899
7424,8620
7721,8477
8021,8208
8324,7956
8668,7754
9021,7549
9404,7341
9876,7253
10357,7078
10840,6921
11331,6824
11914,6826
12349,6822
12855,6830
13346,6921
14074,7063
14837,7264
15688,7439
16197,7754
16383,8061
16383,8422
16383,8781
16383,9138
16383,9473
16383,9769
16383,10156
16383,10546
16383,10718
16383,10944
16383,11332
16383,11420
16326,11488
15773,11643
15269,11629
14428,11541
13896,11605
13057,11516
12461,11490
11765,11415
11011,11272
10598,11044
10011,10786
9459,10625
8984,10509
8600,10505
8181,10283
7813,10050
7695,9891
7628,9629
7515,9434
7538,9266
7613,8875
7639,8501
7869,8224
8158,7950
8481,7723
8890,7513
9201,7323
9730,7172
10499,7108
11269,6986
12064,7003
12878,7020
13464,7073
13840,7224
14551,7476
15135,7750
15796,8176
15865,8539
15873,9025
16067,9602
16143,10106
16346,10541
16363,11039
16373,11508
16174,12021
15499,12444
14922,12985
14687,13436
14286,13565
13135,13490
12878,14179
12173,14472
11691,14503
11365,14811
10935,14586
10597,14220
10439,14109
10004,14241
9586,14318
9205,14409
8971,14231
8631,14056
8383,13635
8205,13136
8044,12828
7922,12328
7910,11784
7840,11145
7771,10560
7904,10187
7903,9666
7978,9262
8064,8876
8192,8349
8361,7986
8507,7631
8686,7345
8940,7093
9112,6941
9345,6859
9664,6814
9886,6840
10425,6986
10967,7062
10367,7220
11162,7481
12687,7681
12724,7956
11041,8230
9182,8480
7819,8686
7003,8977
6582,9117
6388,9370
6286,9636
6233,9914
6209,10284
6200,10462
6193,10600
6173,10682
6170,10794
6183,10941
6177,11076
6169,11256
6165,11366
6148,11530
6138,11763
6136,11860
6143,11847
6139,12077
6136,11805
6123,11607
6126,11310
6130,11224
6138,10989
6135,10944
6122,10672
6116,10302
6137,9967
6119,9560
6127,9211
6122,8720
6123,8368
6123,8059
6126,7759
6136,7523
6113,7312
6121,7149
6115,6997
6112,6913
6128,6866
6137,6923
6123,6976
6129,7041
6118,7176
6120,7284
6115,7385
6110,7522
6123,7646
6112,7545
6117,7552
6120,7659
6111,7589
6118,7227
6115,6817
6106,6563
6118,6372
6104,6278
6104,6239
6108,6209
6109,6188
6105,6205
6113,6216
6112,6189
6110,6182
6111,6198
6099,6169
6101,6187
6105,6179
6106,6150
6109,6116
6116,6116
6115,6093
6093,6085
6105,6094
6113,6076
6110,6082
6102,6076
6106,6083
6099,6081
6109,6076
6097,6077
6108,6077
6093,6063
6100,6080
6101,6071
6110,6073
6108,6071
6093,6073
6108,6070
6111,6065
6107,6071
6104,6064
6101,6061
6097,6070
6110,6060
6104,6043
6105,6072
6103,6077
6111,6067
6111,6076
6109,6065
6107,6069
6115,6064
6115,6064
6117,6069
6112,6052
6105,6066
6114,6071
6115,6069
6123,6061
6112,6061
6099,6063
6120,6068
6111,6058
6103,6061
6111,6066
6106,6070
6108,6069
6112,6060
6110,6050
6120,6053
6103,6035
6131,6067
6120,6069
6101,6052
6100,6043
6133,6075
6132,6066
6115,6062
6104,6051
6111,6051
6115,6062
6118,6062
6115,6060
6116,6055
6108,6054
6114,6061
6108,6052
6112,6067
6113,6054
6111,6054
6104,6048
6105,6052
6107,6030
6117,6051
6106,6052
6102,6050
6113,6056
6112,6065
6106,6055
6113,6057
6112,6058
6110,6044
6102,6033
6111,6054
6100,6047
6099,6053
6119,6061
6097,6047
6102,6045
6107,6056
6104,6053
6103,6061
6105,6053
6112,6046
6103,6047
6110,6050
6107,6067
6108,6043
6104,6063
6111,6054
6099,6047
6102,6058
6111,6060
6114,6039
6107,6053
6102,6055
6104,6040
6106,6055
6102,6059
6109,6058
6109,6057
6109,6055
6108,6058
6112,6058
6104,6054
6106,6058
6103,6054
6111,6061
6108,6056
6091,6064
6106,6058
6104,6056
6106,6048
6098,6040
6110,6060
6100,6061
6109,6054
6097,6055
6110,6059
6110,6055
6107,6061
6105,6060
6106,6056
6099,6058
6102,6056
6113,6060
6097,6063
6098,6034
6086,6050
6110,6055
6105,6041
6105,6053
6103,6054
6104,6049
6103,6050
6104,6058
6102,6055
6101,6051
6108,6054
6104,6043
6097,6054
6107,6053
6105,6031
6105,6061
6111,6057
6112,6061
6096,6048
6102,6041
6104,6055
6107,6064
6109,6053
6103,6045
6102,6050
6106,6049
6106,6042
6103,6041
6104,6044
6107,6058
6092,6048
6102,6053
6101,6043
6097,6054
6101,6063
6107,6057
6114,6050
6110,6047
6096,6054
6111,6060
6097,6059
6111,6049
6108,6048
6106,6053
6096,6055
6100,6039
6106,6040
6097,6055
6111,6048
6104,6054
6095,6055
6096,6053
6107,6056
6108,6052
6085,6061
6098,6056
6108,6057
6103,6059
6090,6053
6106,6042
6106,6046
6100,6052
6111,6047
6090,6057
6096,6058
6099,6060
6107,6051
6105,6056
6096,6058
6099,6048
6095,6058
6096,6049
6115,6051
6096,6054
6093,6045
6100,6053
6093,6056
6097,6044
6112,6057
6090,6055
6108,6050
6098,6036
6111,6045
6102,6036
6091,6058
6104,6064
6099,6040
6099,6053
6111,6045
6100,6060
6108,6053
6109,6044
6111,6062
6101,6063
6100,6049
6101,6062
6101,6055
6098,6052
6101,6069
6106,6062
6113,6051
6099,6061
6102,6042
6104,6056
6106,6046
6098,6059
6104,6053
6102,6048
6099,6052
6102,6053
6105,6064
6107,6054
6107,6054
6096,6052
6102,6064
6101,6045
6099,6061
6110,6050
6103,6054
6104,6070
6110,6065
6113,6068
6112,6055
6109,6059
6112,6062
6106,6047
6108,6059
6117,6048
6104,6054
6112,6059
6111,6067
6104,6048
6106,6064
6111,6063
6117,6053
6105,6056
6114,6070
6106,6055
6107,6058
6105,6042
6110,6051
6104,6054
6104,6051
6109,6058
6106,6054
6111,6044
6103,6057
6099,6049
6102,6053
6100,6039
6101,6058
6104,6061
6103,6039
6109,6061
6092,6061
6104,6064
6112,6053
6108,6052
6102,6049
6103,6051
6106,6054
6106,6049
6106,6057
6096,6049
6104,6064
6103,6053
6106,6051
6104,6060
6102,6061
6099,6056
6104,6052
6102,6042
6100,6071
6102,6050
6116,6058
6095,6057
6105,6052
6115,6053
6112,6045
5953,5938
6093,6035
6063,6040
6054,6022
6108,6074
6111,6047
6127,6073
6113,6054
6108,6057
6117,6068
6118,6067
6110,6041
6109,6042
6108,6049
6106,6036
6109,6061
6115,6054
6109,6050
6113,6050
6097,6047
6106,6050
6107,6053
6116,6051
6115,6053
6123,6055
6097,6061
6115,6058
6111,6048
6107,6056
6109,6054
6103,6061
6108,6056
6112,6062
6110,6058
6119,6049
6108,6053
6110,6053
6115,6060
6130,6053
6113,6044
6113,6042
6124,6049
6118,6061
6118,6060
6112,6052
6103,6044
6116,6053
6113,6041
6112,6045
6113,6060
6116,6062
6111,6055
6118,6055
6109,6054
6109,6056
6110,6047
6112,6053
6113,6050
6107,6052
6115,6069
6113,6043
6106,6056
6105,6052
6109,6050
6105,6049
6107,6054
6112,6048
6116,6044
6114,6055
6107,6043
6123,6053
6108,6038
6119,6053
6124,6052
6112,6075
6113,6055
6104,6054
6110,6061
6108,6050
6112,6061
6112,6054
6115,6052
6114,6057
6113,6066
6109,6055
6112,6045
6108,6062
6095,6046
6123,6058
6123,6052
6114,6056
6110,6051
6116,6045
6116,6036
6121,6057
6107,6055
6111,6057
6110,6057
6114,6038
6117,6060
6106,6046
6124,6038
6116,6049
6103,6047
6112,6049
6114,6057
6105,6066
6114,6039
6110,6065
6103,6057
6114,6054
6116,6051
6111,6045
6105,6049
6090,6033
6109,6043
6103,6065
6112,6051
6112,6048
6108,6055
6112,6053
6113,6054
6113,6055
6119,6063
6117,6049
6116,6056
6109,6051
6118,6060
6115,6058
6123,6057
6110,6055
6101,6039
6116,6063
6129,6041
6102,6065
6113,6061
6120,6050
6123,6052
6121,6050
6118,6056
6121,6051
6117,6063
6122,6045
6117,6053
6115,6058
6115,6050
6114,6057
6118,6058
6104,6060
6131,6058
6125,6057
6109,6063
6118,6056
6117,6055
6116,6057
6117,6057
6116,6058
6115,6059
6120,6054
6117,6048
6114,6064
6124,6056
6110,6061
6118,6067
6120,6059
6120,6054
6115,6058
6120,6043
6118,6053
6118,6053
6114,6041
6112,6062
6113,6063
6116,6048
6121,6048
6115,6054
6154,6167
6111,6058
6122,6064
6112,6048
6117,6053
6116,6046
6114,6058
6113,6063
6115,6061
6113,6067
6117,6061
6119,6060
6102,6077
6115,6053
6111,6055
6111,6055
6117,6041
6115,6045
6119,6054
6116,6056
6123,6054
6113,6058
6124,6046
6113,6055
6115,6073
6122,6060
6118,6063
6113,6061
6117,6050
6111,6058
6121,6054
6106,6030
6120,6050
6113,6056
6115,6052
6117,6054
6114,6061
6114,6061
6119,6053
6113,6060
6117,6039
6121,6057
6117,6045
6116,6052
6111,6065
6115,6060
6117,6055
6117,6059
6115,6057
6109,6063
6116,6039
6120,6038
6119,6052
6117,6057
6119,6056
6118,6049
6114,6051
6121,6061
6116,6046
6116,6046
6113,6051
6116,6039
6117,6051
0,40
0,61680
0,0
6115,6055
5598,5571
5595,5576
5602,5587
5599,5582
5601,5585
5592,5585
5602,5578
5598,5565
5819,5767
6346,6304
6313,6315
6300,6296
6315,6294
6322,6289
6301,6319
6315,6318
6313,6296
6291,6350
6301,6348
6292,6342
6306,6336
6318,6336
6310,6322
6298,6322
6296,6333
6303,6340
6292,6339
6291,6318
6300,6318
6326,6310
6298,6322
6299,6311
6301,6342
6300,6351
6315,6330
6323,6336
6326,6313
6316,6342
6306,6283
6303,6328
6302,6331
6309,6314
6296,6331
6296,6316
6287,6299
6319,6313
6297,6335
6316,6324
6312,6340
6313,6361
6310,6345
6322,6337
6322,6321
6316,6352
6336,6343
6321,6327
6289,6331
6297,6342
6306,6336
6315,6350
6301,6334
6305,6330
6294,6316
6290,6337
6299,6334
6307,6344
6312,6316
6316,6333
6304,6332
6305,6338
6316,6310
6288,6315
6300,6308
6309,6329
6318,6331
6291,6334
6290,6334
6314,6345
6300,6307
6307,6340
6309,6322
6301,6316
6301,6322
6298,6320
6284,6319
6284,6341
6283,6331
6296,6320
6303,6319
6300,6325
6287,6336
6283,6330
6288,6343
6289,6329
6290,6337
6281,6337
6295,6323
6302,6350
6305,6328
6300,6331
6295,6343
6295,6338
6306,6331
6298,6321
6303,6327
6295,6327
6302,6337
6289,6345
6297,6364
6323,6331
6343,6347
6321,6371
6311,6323
6293,6353
6305,6337
6307,6330
6301,6336
6306,6360
6308,6365
6324,6347
6306,6333
6310,6343
6295,6323
6302,6331
6297,6337
6295,6298
6298,6301
6288,6316
6300,6297
6295,6336
6297,6322
6286,6317
6292,6311
6298,6334
6301,6335
6286,6324
6276,6335
6284,6357
6280,6345
6292,6335
6302,6366
6291,6365
6295,6326
6291,6337
6298,6324
6298,6317
6295,6321
6312,6356
6304,6354
6286,6339
6304,6350
6294,6356
6320,6350
6321,6373
6304,6344
6313,6352
6306,6357
6295,6340
6292,6356
6281,6337
6288,6257
6288,6341
6306,6371
6291,6372
6297,6347
6301,6362
6307,6315
6284,6319
6284,6358
6289,6318
6303,6336
6296,6348
6281,6372
6281,6349
6303,6319
6288,6306
6316,6326
6268,6335
6224,6258
6258,6237
6286,6305
6320,6338
6282,6326
6279,6317
6289,6346
6301,6343
6307,6338
6307,6358
6300,6366
6298,6359
6307,6342
6289,6347
6284,6370
6304,6341
6301,6356
6296,6357
6298,6365
6297,6338
6299,6340
6289,6355
6282,6349
6284,6327
6302,6352
6296,6349
6275,6347
6269,6343
6277,6319
6289,6337
6273,6338
6284,6366
6285,6354
6288,6372
6299,6359
6272,6347
6293,6335
6278,6368
6269,6339
6263,6345
6288,6364
6279,6359
6270,6363
6272,6355
6281,6358
6274,6339
6285,6321
6269,6348
6267,6357
6287,6353
6302,6375
6299,6350
6313,6351
6276,6369
6272,6368
6267,6385
6283,6369
6278,6360
6288,6353
6279,6360
6244,6356
6266,6368
6266,6369
6275,6381
6263,6389
6259,6410
6267,6403
6259,6397
6255,6403
6249,6363
6264,6347
6270,6366
6262,6374
6274,6357
6266,6388
6246,6380
6270,6358
6275,6380
6282,6364
6266,6366
6276,6356
6260,6347
6266,6352
6256,6355
6261,6338
6260,6346
6260,6344
6246,6316
6264,6371
6253,6367
6268,6377
6251,6379
6258,6379
6261,6349
6232,6370
6266,6371
6247,6377
6267,6370
6261,6373
6246,6386
6243,6388
6260,6383
6265,6409
6248,6379
6239,6396
6242,6372
6243,6402
6252,6384
6255,6371
6247,6377
6238,6366
6231,6330
6243,6353
6233,6353
6266,6393
6241,6407
6255,6407
6253,6382
6255,6400
6248,6377
6246,6384
6248,6374
6236,6385
6249,6394
6254,6381
6251,6359
6233,6371
6237,6357
6246,6344
6245,6355
6249,6399
6235,6380
6234,6384
6232,6372
6241,6370
6246,6405
6252,6423
6252,6408
6244,6405
6256,6388
6246,6380
6235,6405
6241,6419
6247,6420
6232,6446
6235,6410
6244,6388
6249,6411
6243,6404
6241,6396
6240,6380
6250,6379
6247,6374
6252,6368
6228,6388
6250,6379
6270,6359
6255,6369
6229,6373
6245,6379
6236,6369
6248,6366
6247,6397
6238,6393
6248,6362
6232,6385
6241,6381
6239,6371
6254,6366
6239,6374
6231,6364
6251,6383
6244,6374
6232,6372
6252,6373
6248,6373
6255,6386
6237,6382
6232,6388
6244,6410
6256,6396
6231,6397
6242,6399
6243,6392
6230,6366
6236,6393
6234,6366
6239,6370
6239,6366
6244,6373
6235,6390
6227,6409
6237,6430
6245,6402
6230,6430
6234,6416
6231,6400
6227,6394
6232,6401
6239,6384
6233,6400
6233,6378
6235,6377
6220,6388
6230,6420
6230,6418
6234,6411
6223,6401
6236,6430
6220,6400
6240,6379
6222,6396
6219,6389
6228,6384
6225,6377
6228,6377
6230,6389
6224,6388
6219,6408
6227,6397
6227,6393
6233,6396
6228,6390
6217,6413
6219,6410
6224,6402
6223,6400
6232,6388
6228,6405
6226,6425
6219,6414
6225,6423
6238,6426
6230,6404
6231,6398
6233,6389
6226,6396
6241,6403
6237,6376
6221,6357
6232,6377
6240,6401
6222,6389
6222,6400
6225,6430
6225,6440
6235,6414
6220,6425
6240,6405
6231,6408
6233,6414
6227,6435
6227,6430
6246,6417
6229,6443
6229,6434
6232,6435
6244,6436
6229,6426
6224,6432
6226,6418
6242,6423
6244,6417
6230,6428
6222,6422
6231,6399
6233,6414
6281,6505
6234,6435
6191,6429
6238,6391
6278,6383
6272,6460
6230,6436
6234,6421
6217,6442
6225,6418
6234,6425
6218,6400
6232,6422
6224,6385
6232,6406
6225,6399
6227,6408
6233,6394
6219,6426
6241,6427
6235,6396
6230,6402
6239,6400
6233,6376
6244,6386
6235,6382
6221,6396
6234,6426
6246,6413
6244,6432
6243,6428
6235,6412
6232,6388
6230,6444
6233,6418
6219,6435
6228,6411
6220,6402
6232,6389
6238,6377
6231,6380
6235,6405
6238,6393
6238,6405
6224,6380
6243,6379
6233,6408
6234,6426
6221,6384
6252,6424
6233,6422
6232,6416
6229,6385
6245,6410
6240,6407
6232,6370
6227,6403
6236,6347
6247,6382
6239,6416
6237,6411
6239,6402
6218,6388
6238,6391
6249,6423
6227,6402
6230,6423
6237,6441
6230,6402
6234,6399
6224,6390
6223,6376
6237,6368
6226,6355
6238,6395
6250,6391
6238,6385
6234,6394
6247,6397
6238,6425
6231,6396
6242,6427
6247,6422
6251,6417
6236,6390
6236,6367
6247,6384
6254,6377
6223,6360
6240,6370
6209,6386
6237,6363
6241,6377
6230,6388
6244,6378
6248,6380
6240,6397
6258,6363
6246,6368
6230,6378
6241,6364
6251,6355
6245,6385
6233,6391
6239,6375
6238,6382
6250,6355
6240,6351
6250,6363
6258,6382
6233,6392
6241,6399
6234,6383
6241,6383
6239,6372
6235,6403
6238,6353
6231,6359
6247,6375
6248,6392
6254,6387
6260,6374
6256,6382
6255,6356
6252,6363
6259,6369
6267,6342
6268,6332
6264,6347
6262,6339
6292,6348
6284,6340
6290,6344
6278,6353
6294,6360
6305,6362
6336,6357
6347,6374
6349,6355
6350,6342
6358,6345
6393,6348
6423,6324
6442,6346
6473,6315
6502,6352
6540,6356
6598,6347
6642,6368
6690,6346
6721,6392
6753,6375
6807,6362
6904,6335
6986,6352
7081,6358
7220,6350
7432,6345
7615,6378
7754,6357
8091,6365
8304,6383
8566,6364
8654,6375
8772,6378
8878,6355
8940,6370
9094,6359
9292,6370
9378,6367
9500,6378
9597,6380
9609,6378
9398,6379
9257,6376
9044,6403
8813,6400
8817,6423
8587,6425
8484,6455
8290,6444
8102,6474
7925,6501
7931,6528
7786,6553
7721,6616
7559,6665
7457,6699
7347,6735
7281,6810
7095,6792
7036,6871
7001,6893
6985,6899
6958,6951
6921,6939
6909,6954
6969,6958
7001,6965
7197,6901
7346,6866
7493,6828
7698,6790
8054,6745
8400,6734
8815,6652
9144,6624
9245,6609
9518,6637
9846,6650
10002,6711
10240,6778
10302,6794
10586,6907
10714,7013
10719,7117
10636,7206
10714,7299
10864,7376
10733,7457
10545,7652
10410,7713
10314,7951
10171,7977
10079,8036
9867,8174
9785,8408
9473,8525
9224,8639
9050,8736
8769,8754
8512,8942
8181,9126
7969,9072
7678,9128
7404,9096
7196,9108
7072,9142
6959,9072
6826,9050
6749,8850
6701,8705
6696,8470
6728,8220
6773,8121
6847,7842
6955,7745
7129,7517
7249,7399
7460,7246
7679,7108
7967,7003
8264,6903
8496,6834
8724,6821
8970,6766
9405,6746
9816,6795
9853,6841
10075,6878
10396,6952
10876,7077
11076,7163
11137,7248
11684,7424
12001,7513
12117,7699
12683,7952
12859,8181
12656,8423
12741,8486
12627,8809
12510,9017
12611,9266
12307,9253
11796,9371
11642,9426
11438,9506
11152,9506
10672,9577
10471,9652
9842,9624
9687,9637
8999,9680
8833,9651
8452,9541
8236,9464
8037,9329
7768,9168
7496,8990
7327,8887
7148,8751
7021,8609
6947,8444
6922,8232
7003,8088
7076,7875
7318,7688
7451,7514
7741,7342
8037,7187
8316,7074
8631,6946
8770,6857
9242,6789
9566,6726
9748,6705
10196,6723
10541,6768
10995,6842
11344,6972
11678,7119
11902,7273
12234,7524
12209,7683
12409,7916
12650,8183
12878,8503
12759,8780
12698,9082
12889,9375
12420,9452
12736,9969
12739,10354
12427,10477
12058,10539
11497,10682
11050,10982
10846,11076
10584,11260
10348,11443
10010,11412
9619,11104
9179,10933
8765,11118
8459,11010
8094,10887
7738,10582
7506,10595
7279,10302
7039,10208
6908,9951
6816,9709
6800,9334
6777,8990
6790,8738
6841,8537
6939,8148
7059,7910
7262,7640
7504,7412
7666,7248
7994,7102
8339,6959
8638,6834
8961,6759
9202,6760
9542,6769
9704,6781
9945,6839
10315,7029
10559,7172
10739,7315
10929,7536
11033,7789
11203,8085
11296,8359
11436,8810
11691,9104
11642,9359
11562,9563
11513,9948
11511,9993
11451,10260
11402,10491
11291,10908
11067,11146
10811,11330
10490,11530
10147,11673
9806,11395
9366,11115
9104,11358
8698,11327
8451,11257
8190,11017
7904,10782
7589,10565
7329,10352
7100,10101
6962,9860
6869,9531
6755,9068
6717,8744
6737,8563
6784,8238
6888,8002
6999,7752
7114,7545
7297,7318
7464,7162
7695,7022
7947,6909
8343,6806
8648,6715
8950,6645
9138,6624
9412,6606
9655,6618
10072,6695
10467,6751
10844,6863
11195,7000
11374,7169
11444,7356
11627,7623
11760,7849
11535,7971
11850,8271
12374,8636
12120,8902
11953,9087
12087,9408
12002,9729
11990,10057
11920,10272
11644,10465
11449,10534
11152,10695
10838,10715
10557,10882
10105,10658
9810,10915
9458,10811
9079,10978
8754,10934
8409,10671
8102,10463
7877,10537
7529,9935
7292,9739
7099,9781
6873,9423
6797,9398
6691,9224
6630,8902
6644,8543
6663,8371
6798,8050
6854,7760
6995,7587
7154,7346
7324,7223
7482,7042
7675,6927
7987,6812
8155,6757
8352,6709
8513,6696
8633,6626
8647,6641
8910,6664
9057,6760
9410,6900
9516,7041
9541,7210
9597,7429
9613,7623
9624,7832
9619,8059
9609,8346
9501,8493
9460,8751
9386,8908
9423,9130
9392,9319
9279,9553
9195,9835
9031,10005
8893,10098
8681,9960
8493,9852
8672,10162
8467,10175
8309,10165
8227,10139
8022,9888
7844,9782
7417,9370
7367,9481
7218,9349
7071,9231
6924,8959
6794,8667
6721,8482
6680,8292
6636,8017
6680,7796
6656,7576
6738,7364
6846,7161
6982,7054
7175,6931
7403,6809
7737,6727
7970,6647
8235,6616
8553,6583
8832,6591
8985,6570
9367,6548
9452,6579
9626,6636
10013,6676
10224,6724
10210,6773
10430,6931
10545,7036
10464,7103
10559,7265
10501,7355
10478,7512
10535,7786
10349,7932
10252,8138
10216,8378
10073,8556
9816,8690
9768,8914
9562,9170
9349,9386
9006,9497
8826,9567
8652,9690
8320,9712
7782,9376
7869,9948
7658,9397
7392,9374
7145,8996
7086,9318
6917,9408
6752,9105
6662,8733
6620,8715
6577,8487
6578,8158
6567,8015
6566,7913
6611,7734
6681,7461
6825,7321
6908,7170
7035,6987
7217,6801
7409,6736
7587,6622
7696,6518
7940,6470
8042,6455
8240,6485
8512,6522
8574,6539
8712,6609
8968,6755
9249,6861
9443,6972
9558,7094
9796,7277
9954,7379
10124,7558
10096,7683
10184,7790
10240,7963
10226,8162
10206,8268
10126,8453
10012,8478
9977,8599
9676,8632
9596,8736
9481,8703
9295,8713
8995,8728
8783,8774
8529,8735
8308,8660
8052,8674
7964,8580
7784,8518
7593,8421
7451,8299
7287,8185
7129,8071
7023,7950
6971,7878
6918,7772
6873,7666
6877,7507
6868,7360
6905,7245
7045,7167
7151,7066
7261,6931
7414,6894
7602,6838
7796,6741
7986,6660
8249,6597
8580,6587
8828,6566
9055,6560
9321,6617
9578,6731
9907,6781
10105,6905
10273,7008
10425,7119
9925,7101
10754,7459
11031,7603
10697,7636
11180,7976
11130,8182
11083,8370
10927,8418
10978,8649
11041,8946
10868,9287
10450,9266
10147,9347
9834,9436
9577,9542
9393,9679
9176,9720
8863,9733
8583,9836
8366,9719
8063,9702
7883,9745
7761,9631
7564,9262
7409,9151
7274,9057
7145,8881
6963,8566
6920,8510
6878,8335
6929,8300
6990,8069
7035,7938
7084,7653
7136,7600
7178,7410
7273,7297
7380,7085
7507,7018
7710,6886
7841,6806
8064,6761
8200,6737
8476,6726
8713,6737
9035,6814
9197,6858
9363,6952
9608,7058
9863,7222
9985,7452
10105,7537
10280,7720
10374,7866
10432,8061
10629,8231
10896,8391
10904,8601
10869,8785
10882,8938
10732,8948
10652,9056
10576,9180
10217,9282
9768,9137
9578,9305
9317,9269
9076,9271
8825,9222
8392,9202
8224,9205
7947,9113
7661,9034
7436,8964
7160,8886
7023,8886
6823,8722
6743,8624
6675,8452
6629,8202
6634,8097
6679,7969
6768,7792
6806,7630
6895,7484
7071,7412
7053,7129
7282,7090
7483,7001
7603,6870
7843,6750
8164,6688
8341,6629
8484,6617
8615,6600
8842,6593
9008,6627
9127,6676
9329,6722
9543,6858
9792,7037
9906,7224
10032,7457
10122,7650
10179,7859
10119,8033
10251,8308
10410,8548
10251,8721
10044,8802
10153,9258
10042,9360
9839,9433
9696,9590
9313,9523
9143,9690
8816,9678
8586,9642
8379,9661
8162,9487
7870,9368
7581,9280
7385,9288
7211,9159
6995,8899
6866,8659
6786,8583
6664,8470
6637,8305
6635,8099
6646,7893
6679,7721
6767,7593
6825,7566
6914,7429
7085,7322
7200,7121
7403,7035
7542,6923
7742,6814
7994,6741
8239,6643
8437,6615
8608,6546
8800,6512
8635,6488
9096,6569
9518,6603
9701,6666
9989,6791
10361,6969
10406,7072
10287,7112
10516,7185
11511,7704
11422,7796
11526,8015
11595,8321
11653,8478
11730,8604
11611,8712
11516,8739
11467,8848
11271,8927
11077,8937
10774,8895
10577,8989
10345,8952
10069,8970
9758,8911
9286,8806
9023,8790
8756,8718
8368,8771
8071,8678
7680,8590
7449,8499
7187,8352
7006,8229
6853,8080
6849,7926
6789,7867
6784,7723
6845,7555
6915,7432
7085,7376
7302,7230
7556,7018
7754,6894
8061,6810
8257,6647
8798,6617
9176,6549
9615,6538
10163,6526
10498,6527
10837,6595
11320,6648
11731,6765
12105,6898
12387,7047
12887,7250
13314,7437
13749,7690
14069,7981
14229,8269
14591,8533
14833,8875
14809,9086
14644,9434
14139,9430
13979,9871
13740,10175
13795,10487
13340,10515
13022,10663
12435,10807
11936,10867
11352,10976
10912,11142
10291,11222
9708,11454
9201,11227
8625,11033
8213,10935
7944,10732
7634,10554
7427,10451
7250,10286
7045,9639
6978,9420
6996,9442
7020,9329
7150,9139
7291,8919
7424,8601
7706,8426
7955,8208
8322,7939
8674,7748
9102,7565
9384,7369
9882,7215
10371,7047
10881,6899
11432,6827
11919,6833
12386,6827
12701,6815
13416,6950
13863,7050
14543,7219
15634,7436
16239,7765
16383,8077
16383,8446
16383,8759
16383,9201
16383,9471
16383,9863
16383,10109
16383,10404
16383,10420
16383,10747
16383,11092
16383,11382
16345,11518
15098,11458
14180,11296
13966,11418
13925,11635
13175,11513
12495,11482
11686,11376
10877,11175
10536,11021
10044,10802
9499,10686
8982,10480
8583,10377
8157,10305
7673,9771
7607,9640
7634,9607
7508,9367
7463,8827
7557,8496
7677,8312
7841,8171
8122,7970
8471,7729
8909,7473
9206,7321
9747,7194
10500,7074
11259,6988
12112,7005
12929,7006
13437,7114
13993,7263
14456,7447
15328,7747
15210,7935
15754,8531
15964,9081
15692,9279
15388,9484
15531,9998
16221,10838
16383,11539
16230,12012
14693,11988
15032,12958
14697,13396
14189,13537
13513,13799
12861,14124
12063,14260
12025,14869
11449,14865
11055,14697
9860,13629
9686,13454
9927,14141
9102,13738
8641,13544
8935,14119
8606,13917
8315,13616
8237,13174
7847,12309
7986,12368
7866,11649
7808,11112
7826,10574
7890,10172
7899,9689
7993,9303
8029,8845
8124,8345
8388,7952
8454,7638
8623,7306
8874,7034
8882,6870
8960,6797
9193,6804
9431,6858
10356,6975
10960,7073
10403,7212
11187,7467
12836,7695
12758,7921
10956,8149
9162,8486
7838,8729
7009,8923
6581,9077
6377,9313
6299,9610
6239,9816
6210,10172
6203,10554
6177,10429
6167,10377
6184,10768
6181,10938
6177,11052
6164,11285
6165,11462
6154,11485
6142,11622
6148,11851
6140,11916
6147,11930
6131,11804
6133,11346
6138,11338
6131,10517
6128,10437
6131,10023
6124,10229
6139,10100
6138,9386
6128,9480
6116,8881
6136,8710
6127,8432
6134,8112
6124,7794
6128,7438
6119,7239
6129,7076
6118,6965
6117,6909
6123,6879
6123,6906
6125,6932
6115,6949
6120,7053
6113,7124
6119,7352
6111,7438
6112,7465
6115,7490
6117,7516
6118,7533
6117,7621
6118,7217
6114,6845
6108,6543
6116,6386
6107,6281
6116,6223
6117,6212
6115,6197
6106,6204
6115,6190
6117,6171
6110,6194
6101,6178
6108,6157
6111,6195
6102,6173
6106,6158
6109,6148
6112,6104
6107,6100
6108,6076
6113,6090
6113,6082
6108,6088
6103,6079
6105,6083
6106,6078
6092,6057
6109,6077
6112,6067
6105,6077
6111,6065
6104,6065
6106,6077
6111,6063
6099,6070
6112,6076
6119,6062
6115,6066
6106,6065
6071,6057
5964,5954
6076,6046
6080,6083
6069,6039
6037,6003
6138,6077
6130,6074
6093,6089
6094,6069
6107,6060
6104,6048
6119,6073
6116,6050
6114,6067
6103,6052
6118,6053
6118,6066
6114,6061
6109,6046
6118,6057
6114,6058
6111,6054
6112,6062
6121,6073
6113,6048
6121,6064
6107,6051
6106,6051
6108,6049
6109,6048
6117,6047
6108,6048
6107,6059
6114,6047
6113,6040
6111,6058
6107,6037
6114,6059
6111,6062
6112,6052
6116,6048
6118,6043
6110,6050
6107,6047
6103,6078
6109,6039
6111,6058
6113,6048
6115,6051
6116,6039
6112,6049
6113,6050
6109,6041
6108,6047
6111,6045
6114,6053
6107,6047
6107,6048
6110,6055
6104,6043
6113,6043
6115,6045
6108,6049
6114,6045
6111,6058
6109,6051
6106,6058
6107,6042
6107,6051
6114,6048
6104,6051
6105,6038
6110,6045
6106,6058
6114,6063
6109,6058
6111,6049
6100,6058
6095,6058
6102,6052
6108,6057
6108,6053
6104,6043
6101,6048
6095,6050
6103,6057
6113,6048
6101,6037
6105,6052
6107,6048
6107,6049
6109,6059
6107,6049
6111,6047
6097,6047
6109,6055
6088,6044
6100,6049
6099,6060
6103,6053
6108,6059
6102,6050
6106,6054
6101,6058
6103,6049
6112,6047
6111,6055
6106,6057
6104,6049
6095,6054
6106,6037
6102,6028
6108,6052
6099,6051
6095,6062
6099,6045
6110,6051
6108,6063
6099,6058
6106,6045
6102,6053
6107,6047
6100,6055
6095,6058
6098,6057
6108,6039
6096,6056
6096,6051
6095,6055
6103,6060
6094,6038
6113,6055
6119,6051
6111,6053
6099,6058
6101,6050
6108,6057
6101,6050
6108,6061
6110,6051
6101,6041
6102,6062
6100,6059
6098,6041
6109,6049
6104,6052
6102,6052
6100,6057
6098,6044
6097,6043
6106,6059
6109,6061
6116,6050
6112,6045
6090,6052
6102,6029
6097,6049
6110,6044
6112,6049
6110,6052
6094,6006
6109,6036
6095,6049
6097,6051
6107,6041
6098,6051
6101,6039
6089,6051
6093,6040
6098,6047
6095,6052
6103,6052
6093,6039
6097,6052
6091,6039
6105,6054
6103,6053
6099,6044
6107,6057
6094,6059
6097,6041
6102,6049
6107,6045
6097,6055
6101,6038
6098,6051
6087,6053
6095,6053
6106,6058
6099,6061
6100,6057
6100,6051
6098,6055
6099,6055
6108,6053
6097,6043
6101,6055
6104,6049
6108,6048
6093,6047
6096,6054
6102,6052
6100,6051
6111,6051
6105,6046
6103,6047
6106,6055
6096,6062
6104,6058
6106,6045
6114,6046
6102,6052
6089,6038
6106,6065
6109,6048
6103,6056
6111,6064
6100,6070
6103,6055
6112,6055
6105,6039
6106,6048
6108,6061
6108,6058
6101,6049
6108,6048
6107,6049
6109,6060
6113,6047
6103,6049
6104,6058
6097,6051
6100,6058
6115,6063
6106,6056
6106,6061
6113,6059
6107,6060
6114,6054
6117,6051
6115,6058
6110,6052
6114,6053
6115,6061
6102,6051
6113,6054
6113,6062
6101,6061
6102,6052
6113,6058
6104,6048
6104,6057
6108,6066
6113,6054
6098,6059
6106,6052
6113,6053
6101,6051
6108,6041
6112,6050
6108,6047
6106,6061
6100,6064
6108,6049
6104,6060
6103,6054
6101,6046
6103,6038
6147,6069
6079,6063
6081,6036
6151,6087
6100,6049
6096,6051
6095,6049
6108,6045
6107,6045
6104,6057
6106,6050
6106,6050
6102,6059
6106,6062
6104,6057
6107,6048
6105,6047
6105,6055
6107,6051
6097,6048
6100,6056
6106,6050
6112,6061
6100,6045
6103,6052
6110,6054
6096,6045
6105,6055
6098,6051
6099,6059
6103,6076
6104,6048
6101,6049
6101,6052
6099,6053
6104,6045
6110,6057
6105,6039
6110,6055
6110,6051
6111,6048
6102,6040
6110,6042
6113,6053
6117,6056
6113,6053
6103,6050
6106,6064
6106,6054
6113,6058
6110,6056
6119,6048
6112,6047
6112,6061
6109,6056
6117,6048
6121,6046
6112,6062
6105,6051
6110,6055
6103,6056
6112,6045
6118,6038
6114,6057
6115,6048
6124,6036
6114,6039
6112,6051
6114,6044
6126,6068
6121,6059
6115,6061
6114,6057
6108,6050
6114,6057
6118,6034
6113,6048
6119,6054
6108,6058
6115,6040
6110,6045
6114,6056
6110,6048
6112,6052
6111,6061
6113,6053
6109,6057
6111,6050
6111,6047
6105,6053
6103,6048
6099,6046
6104,6060
6107,6062
6107,6059
6107,6053
6112,6061
6112,6060
6111,6056
6114,6046
6117,6059
6109,6058
6111,6048
6110,6049
6107,6062
6112,6045
6109,6056
6110,6050
6117,6056
6110,6055
6113,6063
6110,6058
6110,6039
6110,6051
6106,6045
6125,6053
6118,6056
6116,6044
6109,6054
6107,6052
6116,6046
6116,6049
6110,6050
6112,6055
6107,6048
6113,6058
6121,6049
6107,6044
6119,6044
6115,6058
6105,6051
6113,6035
6100,6043
6104,6068
6111,6050
6105,6108
6103,6055
6117,6047
6114,6041
6111,6053
6107,6046
6105,6039
6118,6053
6113,6055
6110,6048
6111,6055
6102,6032
6120,6047
6106,6051
6115,6054
6114,6060
6116,6044
6113,6038
6119,6047
6120,6051
6117,6060
6123,6059
6115,6045
6098,6054
6118,6055
6115,6060
6112,6066
6105,6055
6107,6057
6122,6064
6110,6063
6117,6051
6125,6060
6111,6060
6114,6055
6115,6054
6112,6050
6113,6048
6119,6063
6111,6055
6113,6063
6121,6061
6120,6057
6119,6061
6114,6056
6112,6049
6114,6064
6115,6062
6120,6062
6122,6055
6111,6055
6117,6058
6120,6061
6116,6064
6115,6051
6117,6063
6108,6064
6110,6066
6110,6066
6114,6055
6115,6054
6118,6046
6110,6062
6115,6059
6121,6053
6125,6063
6113,6049
6116,6056
6122,6053
6117,6052
6118,6050
6116,6047
6114,6051
6114,6065
6119,6058
6116,6045
6116,6054
6114,6057
6112,6058
6116,6056
6116,6056
6115,6048
6113,6043
6112,6053
6118,6054
6112,6056
6115,6057
6126,6065
6115,6065
6118,6050
6118,6052
6118,6063
6116,6059
6115,6058
6116,6053
6122,6057
6110,6062
6120,6060
6111,6063
6112,6062
6120,6053
6119,6048
6119,6048
6115,6059
6120,6061
6113,6051
6111,6054
6117,6060
6119,6058
6115,6063
6129,6052
6122,6047
6115,6052
6110,6056
6120,6053
6122,6050
6119,6060
6108,6066
6119,6060
6106,6056
6115,6065
6115,6060
6114,6049
6120,6063
6120,6063
6114,6049
6122,6054
6113,6066
6110,6071
6123,6049
6124,6045
0,31
0,61680
0,0
6121,6051
5602,5581
5601,5578
5600,5581
5606,5587
5602,5580
5599,5566
5605,5592
5602,5579
5815,5763
6344,6311
6313,6311
6303,6304
6301,6287
6310,6298
6315,6329
6314,6308
6286,6320
6293,6312
6293,6352
6304,6346
6320,6345
6314,6318
6313,6325
6299,6323
6316,6332
6300,6333
6302,6312
6295,6320
6299,6312
6312,6313
6297,6327
6290,6317
6297,6335
6307,6336
6312,6341
6321,6331
6320,6322
6323,6342
6298,6340
6300,6330
6303,6329
6308,6328
6297,6344
6297,6322
6318,6331
6306,6325
6296,6322
6317,6306
6312,6321
6320,6324
6303,6337
6309,6324
6321,6316
6311,6329
6307,6328
6300,6329
6322,6323
6298,6345
6284,6353
6297,6356
6309,6346
6317,6342
6304,6332
6303,6348
6306,6350
6303,6340
6306,6341
6320,6335
6322,6327
6313,6332
6306,6305
6297,6308
6307,6307
6289,6323
6306,6322
6296,6325
6284,6332
6292,6320
6306,6328
6318,6351
6311,6352
6312,6337
6321,6314
6300,6317
6278,6336
6288,6315
6294,6317
6294,6334
6307,6306
6301,6333
6295,6325
6288,6335
6290,6345
6304,6319
6291,6340
6300,6328
6273,6316
6297,6358
6301,6338
6299,6349
6279,6342
6296,6358
6309,6329
6292,6337
6295,6330
6283,6332
6278,6341
6291,6334
6290,6363
6296,6339
6302,6344
6288,6346
6296,6346
6293,6365
6301,6350
6302,6330
6308,6347
6307,6325
6324,6344
6307,6356
6312,6347
6317,6348
6305,6330
6306,6322
6301,6326
6303,6316
6299,6333
6299,6308
6289,6318
6295,6336
6287,6355
6287,6335
6282,6333
6292,6341
6295,6356
6292,6330
6286,6326
6279,6329
6278,6367
6302,6352
6308,6353
6294,6363
6282,6349
6279,6342
6314,6332
6301,6329
6300,6322
6282,6313
6412,6469
6213,6277
6294,6356
6385,6431
6256,6364
6305,6351
6299,6358
6314,6346
6288,6327
6272,6322
6294,6334
6284,6355
6295,6346
6291,6343
6306,6379
6310,6367
6288,6334
6299,6354
6288,6328
6286,6340
6289,6350
6296,6336
6297,6329
6293,6345
6287,6356
6264,6339
6297,6345
6299,6340
6329,6335
6298,6343
6286,6341
6294,6344
6303,6349
6318,6332
6294,6331
6288,6330
6273,6329
6289,6350
6305,6327
6317,6352
6296,6355
6306,6368
6301,6353
6289,6350
6294,6369
6294,6344
6290,6354
6296,6367
6292,6361
6298,6360
6300,6363
6291,6346
6288,6335
6280,6321
6299,6344
6300,6360
6286,6361
6256,6354
6276,6332
6285,6326
6271,6321
6262,6347
6288,6350
6287,6355
6298,6340
6299,6321
6286,6357
6273,6378
6268,6352
6267,6369
6295,6379
6273,6376
6265,6356
6272,6351
6269,6363
6273,6334
6287,6356
6288,6347
6273,6349
6281,6358
6283,6384
6268,6402
6283,6353
6276,6350
6268,6355
6265,6376
6263,6372
6259,6345
6274,6339
6272,6356
6259,6368
6244,6390
6288,6382
6266,6388
6261,6359
6273,6393
6269,6398
6250,6391
6255,6389
6247,6338
6262,6345
6276,6365
6273,6355
6280,6348
6264,6364
6252,6372
6266,6362
6272,6387
6280,6355
6250,6350
6265,6374
6246,6365
6263,6350
6261,6341
6256,6352
6266,6360
6263,6345
6242,6349
6261,6379
6255,6364
6255,6386
6258,6371
6273,6374
6246,6388
6259,6365
6253,6382
6266,6383
6273,6357
6270,6370
6254,6369
6255,6372
6259,6363
6263,6384
6258,6414
6248,6393
6248,6379
6249,6387
6241,6383
6246,6377
6243,6377
6232,6374
6249,6337
6246,6380
6232,6366
6252,6380
6246,6387
6247,6401
6252,6387
6251,6386
6263,6367
6258,6373
6249,6383
6259,6390
6250,6387
6253,6382
6249,6356
6248,6348
6242,6350
6247,6334
6242,6365
6242,6396
6235,6383
6239,6390
6229,6353
6242,6390
6242,6392
6249,6417
6241,6422
6239,6418
6248,6401
6269,6392
6251,6421
6249,6421
6238,6399
6246,6411
6236,6402
6243,6399
6247,6400
6247,6407
6235,6379
6247,6359
6238,6378
6268,6357
6231,6376
6243,6383
6258,6386
6258,6399
6254,6391
6249,6376
6252,6384
6231,6375
6245,6385
6254,6376
6249,6381
6248,6379
6219,6404
6233,6378
6246,6387
6244,6377
6243,6370
6223,6385
6243,6370
6241,6363
6244,6362
6240,6387
6247,6371
6258,6383
6248,6387
6241,6383
6253,6399
6245,6403
6236,6392
6238,6413
6236,6392
6234,6384
6220,6376
6229,6376
6235,6381
6252,6390
6246,6370
6243,6387
6238,6408
6230,6413
6259,6418
6238,6409
6235,6430
6236,6404
6224,6397
6230,6390
6236,6378
6232,6368
6235,6380
6225,6394
6245,6402
6230,6410
6233,6422
6229,6424
6234,6408
6236,6408
6208,6416
6231,6377
6224,6387
6223,6400
6234,6369
6227,6379
6238,6389
6233,6397
6234,6397
6231,6380
6234,6410
6224,6387
6227,6379
6227,6396
6227,6396
6223,6377
6239,6414
6227,6398
6230,6394
6223,6394
6222,6413
6219,6430
6232,6409
6241,6426
6235,6403
6233,6402
6240,6391
6227,6398
6227,6385
6223,6372
6211,6384
6287,6440
6229,6369
6239,6392
6220,6373
6224,6386
6216,6399
6236,6373
6242,6402
6247,6403
6237,6415
6222,6410
6226,6431
6221,6408
6233,6416
6237,6430
6232,6470
6237,6441
6236,6446
6224,6417
6222,6409
6223,6392
6220,6418
6226,6398
6233,6409
6224,6405
6232,6417
6231,6441
6229,6397
6229,6409
6231,6392
6244,6422
6227,6419
6246,6420
6229,6430
6233,6431
6237,6442
6234,6439
6226,6416
6228,6385
6226,6388
6229,6368
6224,6394
6228,6385
6214,6372
6231,6399
6218,6416
6244,6425
6232,6384
6229,6399
6227,6368
6230,6382
6239,6369
6235,6396
6227,6405
6236,6417
6244,6417
6223,6407
6236,6406
6237,6425
6227,6378
6231,6428
6233,6426
6228,6410
6226,6417
6233,6401
6230,6391
6225,6395
6234,6368
6219,6384
6237,6400
6243,6406
6231,6383
6237,6382
6230,6394
6238,6394
6219,6409
6241,6438
6236,6412
6244,6390
6247,6379
6237,6402
6242,6389
6234,6391
6245,6401
6235,6366
6239,6402
6243,6409
6241,6405
6229,6396
6232,6388
6226,6391
6233,6406
6235,6396
6236,6416
6236,6434
6223,6395
6237,6410
6241,6410
6233,6397
6244,6368
6239,6368
6244,6387
6242,6377
6227,6369
6232,6402
6246,6393
6227,6391
6231,6402
6228,6411
6224,6424
6228,6398
6229,6394
6224,6383
6242,6381
6254,6375
6226,6361
6232,6382
6234,6371
6240,6366
6239,6379
6242,6365
6242,6376
6257,6372
6262,6377
6249,6358
6243,6353
6235,6381
6233,6383
6231,6372
6237,6379
6239,6391
6233,6378
6235,6370
6258,6364
6241,6351
6250,6385
6258,6378
6246,6385
6249,6384
6235,6379
6237,6393
6240,6385
6238,6387
6244,6386
6251,6363
6264,6373
6233,6387
6240,6360
6261,6379
6251,6365
6258,6364
6257,6354
6258,6369
6239,6385
6267,6333
6266,6330
6278,6354
6276,6353
6288,6329
6277,6334
6297,6334
6297,6367
6316,6354
6319,6360
6346,6362
6330,6353
6360,6356
6362,6345
6352,6346
6380,6335
6387,6332
6447,6355
6438,6356
6466,6342
6512,6360
6592,6366
6653,6366
6667,6357
6659,6364
6805,6369
6896,6362
6981,6374
7061,6370
7256,6355
7388,6378
7662,6365
7556,6373
7822,6374
8145,6364
8298,6353
8181,6393
8535,6374
8792,6370
8766,6370
8815,6394
8816,6374
8974,6371
9383,6379
9352,6383
9642,6388
9502,6385
9285,6385
9033,6406
8890,6403
8790,6402
8639,6419
8439,6459
8311,6456
7923,6477
7690,6481
7669,6506
7546,6520
7432,6598
7316,6653
7142,6684
7019,6745
7154,6780
6884,6824
6955,6863
7017,6910
7002,6932
6927,6950
6938,6928
6913,6958
6921,6955
7082,6909
7208,6884
7362,6898
7564,6842
7728,6807
8022,6744
8069,6770
8240,6712
8497,6658
8808,6656
9409,6628
9207,6631
9331,6658
9925,6705
10374,6820
10586,6900
10612,7014
10683,7100
10599,7187
10790,7305
10836,7348
10721,7472
10450,7631
10436,7803
10243,7703
10098,7770
9927,7712
9761,7825
9657,7929
9422,8186
9238,8409
9053,8469
8815,8222
8457,8497
8229,8600
7989,9002
7789,8468
7430,9115
7211,9063
7078,9135
6966,9113
6819,9024
6767,8819
6682,8651
6633,8046
6681,8202
6765,7912
6852,7694
6913,7608
7018,7376
7153,7258
7296,7163
7574,7010
7822,6926
8079,6854
8296,6816
8687,6798
9001,6784
9221,6751
9745,6759
9961,6848
10167,6904
10406,6997
10837,7056
11140,7164
11019,7215
11817,7395
11764,7487
11255,7617
12317,7885
12692,8165
11449,8319
11422,8439
11947,8745
11898,8924
11942,9092
12211,9242
11134,9341
11699,9423
11454,9459
11107,9516
10777,9518
10542,9650
10030,9682
9607,9591
8870,9623
8165,9723
7860,9612
7792,9468
7573,9328
7360,9175
7206,8946
7011,8866
6895,8708
6972,8635
6923,8457
6861,8237
6936,8030
7053,7865
7296,7698
7552,7467
7784,7352
8033,7215
8403,7075
8585,6966
8828,6845
8703,6720
8891,6672
9039,6661
9480,6678
9947,6751
10688,6828
10232,6921
10531,7045
11142,7217
12132,7476
12193,7710
12401,7907
11473,7838
12138,8259
12616,8737
12732,9091
12736,9379
12784,9641
12685,9878
12496,10251
12136,10154
11593,10094
11554,10614
11150,11011
10832,11143
10336,10727
10149,10869
9665,10361
9616,11178
9244,11216
8779,11251
8456,11063
8078,10977
7763,10752
7504,10479
7278,10216
7046,10142
6910,9785
6825,9552
6785,9259
6777,8896
6802,8718
6849,8315
6953,8077
7073,7848
7250,7630
7465,7387
7672,7206
7970,7080
8387,6944
8599,6839
8990,6751
9238,6750
9564,6755
9702,6792
10037,6848
10318,7016
10458,7173
10731,7324
10903,7517
11063,7875
11184,8037
11235,8413
11481,8719
11741,9069
11704,9237
11664,9540
11570,9859
11473,9975
11472,10176
11427,10432
11244,10881
11058,11183
10767,11432
10494,11575
10077,11682
9810,11393
9544,11462
9010,11145
8699,11301
8394,11078
8102,10830
7866,10700
7362,10174
7175,10074
7122,10025
6943,9879
6843,9495
6746,9104
6744,8787
6749,8547
6804,8254
6903,8039
7024,7752
7132,7496
7291,7322
7393,7161
7666,7026
7942,6908
8379,6776
8617,6699
8939,6635
9161,6580
9297,6583
9255,6594
9893,6683
10352,6744
10871,6855
11214,6992
11382,7135
11488,7369
11618,7586
11817,7821
11949,8000
12126,8377
12229,8605
11947,8871
12254,9179
11970,9377
11653,9557
11167,9589
11113,9742
11457,10224
10639,9900
10496,10078
10247,9942
10503,10771
10121,10874
9833,10895
9392,10767
9077,10931
8728,10957
8376,10841
8094,10502
7865,10481
7525,10036
7307,9922
7077,9803
6850,8888
6771,9116
6685,8901
6632,8592
6627,8541
6659,8171
6737,7923
6821,7399
6962,7562
7153,7409
7320,7234
7477,7057
7684,6933
7994,6834
8157,6757
8369,6706
8503,6664
8674,6644
8755,6645
8950,6673
9098,6770
9337,6876
9519,7062
9581,7248
9615,7462
9359,7431
9588,7734
9480,7902
9603,8265
9558,8451
9458,8734
9438,8918
9408,9126
9449,9318
9329,9573
9175,9899
9013,9983
8863,10090
8781,10081
8733,10129
8710,10237
8376,9960
7936,9661
8087,9960
7999,9892
7790,9705
7520,9579
7357,9462
7185,9284
7049,9175
6918,8989
6833,8668
6746,8499
6687,8279
6641,8008
6675,7794
6689,7598
6731,7402
6860,7208
6974,7041
7119,6895
7313,6803
7539,6728
7842,6665
7845,6615
8020,6554
8656,6683
8502,6577
8935,6538
9409,6605
9622,6663
9951,6675
10220,6729
10331,6808
10385,6895
10535,7018
10546,7142
10630,7258
10646,7414
10567,7578
10537,7767
10446,7998
10272,8171
10125,8035
10014,8230
9833,8582
9687,8890
9534,9217
9290,9352
9100,9404
8816,9582
8607,9756
8347,9784
8102,9852
7775,9900
7634,9873
7406,9724
7199,9489
7067,9499
6864,9452
6746,9292
6663,8948
6615,8533
6582,8279
6570,8158
6563,8065
6595,7667
6616,7539
6666,7343
6806,7261
6894,7108
6959,6915
7112,6765
7314,6695
7498,6597
7696,6546
7871,6462
8087,6498
8269,6500
8559,6510
8720,6584
8927,6661
8737,6693
8856,6784
9046,6907
9174,7066
9483,7225
9909,7366
10081,7522
10028,7624
9760,7736
9848,7928
9961,8065
9994,8215
9985,8371
9657,8380
9946,8611
9642,8637
9610,8713
9465,8732
9260,8696
9042,8749
8671,8666
8570,8696
8210,8646
8091,8653
7766,8520
7633,8447
7530,8358
7418,8290
7153,8111
7029,7918
6982,7899
6956,7869
6890,7753
6882,7648
6866,7513
6779,7317
6896,7256
7044,7194
7105,7103
7283,6993
7410,6904
7595,6842
7662,6711
7827,6674
8005,6596
8237,6566
8435,6539
8636,6519
8722,6578
8915,6617
9074,6674
9828,6843
10232,6981
10362,7146
10671,7254
10879,7429
11015,7586
11336,7813
11165,7967
11183,8187
11027,8366
11048,8499
10719,8556
10177,8496
10409,8912
9913,8784
9847,9073
9463,8996
9321,9167
9215,9377
8893,9144
8797,9635
8604,9815
8179,9402
7936,9425
7862,9626
7743,9588
7570,9432
7402,9271
7261,9025
7142,8945
6999,8768
6916,8475
6864,8233
6854,7899
6937,7885
6970,7739
7075,7670
