Channel 1,Channel 2
9113,8021
9707,7736
9555,7479
8626,7356
7704,7264
7037,7151
6646,7097
6391,7046
6307,7087
6240,7155
6213,7271
6187,7473
6172,7727
6162,8053
6154,8491
6158,8857
6151,9101
6148,9423
6149,9733
6150,9995
6149,10314
6147,10471
6141,10555
6139,10870
6123,11047
6127,11115
6139,10998
6117,10836
6133,10664
6123,10453
6119,10255
6122,10081
6127,9735
6127,9281
6134,8879
6111,8576
6129,8279
6130,7922
6123,7650
6113,7439
6125,7272
6119,7152
6125,7027
6109,6956
6117,6963
6116,6836
6121,6800
6112,6791
6105,6786
6110,6828
6115,6831
6119,6910
6112,7031
6121,7050
6119,7064
6120,7115
6104,7030
6112,6846
6109,6609
6119,6433
6107,6328
6105,6262
6110,6219
6117,6195
6105,6164
6113,6163
6109,6149
6104,6133
6113,6133
6102,6120
6106,6111
6113,6118
6111,6119
6107,6131
6108,6120
6102,6127
6106,6109
6097,6095
6099,6077
6099,6078
6124,6079
6116,6068
6097,6056
6105,6059
6110,6060
6111,6065
6105,6079
6103,6066
6102,6066
6106,6069
6105,6075
6102,6069
6104,6062
6102,6077
6112,6067
6100,6056
6110,6065
6098,6066
6112,6066
6107,6072
6108,6058
6105,6064
6105,6030
6104,6055
6102,6069
6107,6060
6112,6061
6114,6062
6106,6067
6110,6054
6103,6065
6111,6051
6101,6056
6105,6055
6109,6067
6113,6045
6108,6056
6105,6044
6113,6052
6119,6062
6107,6069
6100,6049
6112,6047
6106,6057
6106,6061
6115,6059
6112,6058
6108,6054
6112,6054
6093,6057
6106,6062
6096,6057
6113,6049
6104,6047
6103,6055
6108,6048
6108,6048
6108,6040
6101,6056
6096,6050
6106,6046
6106,6063
6105,6058
6113,6039
6115,6046
6115,6039
6107,6043
6112,6044
6111,6056
6112,6052
6106,6053
6119,6048
6107,6051
6111,6050
6117,6054
6110,6038
6105,6044
6104,6031
6104,6019
6113,6038
6111,6042
6102,6049
6105,6050
6107,6036
6114,6034
6102,6046
6108,6043
6118,6054
6107,6046
6110,6040
6104,6048
6098,6043
6105,6047
6097,6055
6107,6047
6107,6053
6102,6056
6112,6056
6112,6062
6107,6042
6108,6036
6097,6051
6102,6056
6102,6046
6109,6051
6103,6049
6094,6063
6100,6058
6102,6058
6106,6056
6104,6051
6101,6056
6104,6059
6115,6056
6106,6058
6104,6050
6105,6042
6099,6060
6111,6048
6101,6050
6096,6048
6101,6050
6103,6048
6104,6048
6105,6047
6109,6043
6091,6042
6103,6042
6100,6055
6111,6031
6109,6054
6102,6059
6096,6051
6102,6038
6104,6050
6108,6055
6110,6058
6097,6028
6094,6051
6105,6048
6099,6054
6102,6042
6096,6053
6104,6050
6103,6045
6099,6048
6105,6052
6100,6038
6102,6060
6105,6063
6093,6038
6090,6033
6104,6053
6098,6038
6106,6051
6108,6040
6111,6048
6104,6048
6107,6042
6107,6042
6105,6052
6105,6049
6109,6039
6103,6046
6101,6054
6105,6039
6095,6044
6107,6056
6095,6041
6095,6041
6095,6057
6100,6037
6098,6038
6100,6043
6106,6047
6112,6040
6109,6048
6109,6051
6104,6055
6096,6047
6104,6028
6105,6051
6112,6051
6090,6037
6095,6042
6097,6046
6102,6045
6107,6050
6096,6053
6096,6052
6093,6048
5929,5947
6120,6109
6206,6125
6114,6045
6087,6046
6118,6063
6072,6022
6107,6048
6106,6070
6122,6042
6107,6045
6093,6041
6099,5977
6098,6048
6102,6055
6096,6043
6093,6057
6103,6057
6075,6030
6094,6031
6103,6057
6098,6058
6098,6051
6098,6057
6091,6033
6103,6054
6095,6056
6087,6026
6106,6045
6098,6053
6107,6058
6108,6047
6094,6043
6106,6051
6102,6047
6099,6039
6105,6050
6103,6042
6103,6052
6106,6055
6102,6079
6097,6045
6106,6044
6094,6062
6094,6064
6098,6041
6117,6065
6102,6048
6104,6055
6106,6061
6107,6061
6109,6049
6105,6046
6097,6053
6100,6049
6116,5961
6102,6046
6107,6056
6114,6050
6102,6065
6111,6051
6102,6048
6099,6051
6103,6045
6099,6053
6107,6050
6101,6057
6107,6062
6103,6058
6109,6049
6106,6054
6108,6057
6116,6041
6105,6057
6114,6054
6115,6060
6106,6047
6105,6033
6110,6052
6104,6058
6103,6051
6116,6064
6111,6051
6112,6055
6103,6057
6111,6051
6101,6046
6105,6056
6120,6046
6104,6050
6100,6053
6116,6064
6112,6050
6107,6049
6098,6053
6106,6053
6103,6050
6104,6048
6101,6049
6101,6029
6100,6053
6103,6058
6091,6056
6106,6049
6110,6048
6099,6054
6109,6036
6111,6051
6105,6043
6104,6049
6096,6040
6099,6036
6106,6050
6103,6053
6101,6055
6103,6054
6101,6034
6098,6050
6099,6038
6097,6036
6098,6055
6103,6056
6105,6045
6102,6046
6105,6057
6110,6040
6094,6044
6103,6062
6100,6055
6106,6044
6103,6054
6098,6039
6104,6035
6114,6041
6107,6007
6105,6042
6107,6052
6100,6063
6103,6055
6098,6058
6100,6054
6090,6043
6108,6038
6108,6050
6111,6045
6107,6049
6096,6042
6100,6054
6103,6053
6116,6049
6107,6054
6120,6048
6104,6050
6114,6052
6112,6046
6111,6044
6108,6052
6105,6055
6104,6042
6110,6051
6115,6050
6111,6045
6113,6048
6115,6044
6113,6045
6126,6057
6112,6053
6112,6051
6116,6049
6123,6041
6121,6066
6112,6039
6104,6043
6108,6059
6111,6047
6110,6034
6104,6069
6118,6058
6110,6055
6116,6051
6101,6045
6107,6055
6107,6052
6115,6067
6107,6040
6104,6051
6114,6062
6114,6044
6104,6058
6104,6053
6115,6037
6103,6037
6107,6040
6108,6053
6116,6053
6111,6054
6107,6055
6109,6049
6101,6045
6106,6049
6120,6065
6109,6052
6108,6042
6108,6039
6101,6055
6111,6054
6109,6050
6110,6054
6114,6042
6108,6059
6102,6067
6106,6055
6110,6045
6109,6054
6096,6043
6119,6052
6113,6063
6110,6051
6108,6059
6113,6049
6112,6037
6111,6053
6107,6048
6112,6046
6110,6046
6114,6044
6117,6055
6111,6044
6114,6053
6119,6042
6106,6043
6103,6054
6099,6065
6112,6055
6110,6056
6112,6053
6102,6057
6110,6049
6122,6055
6113,6060
6104,6048
6101,6049
6114,6056
6115,6040
6110,6044
6113,6046
6112,6056
6111,6061
6103,6051
6113,6030
6113,6038
6115,6037
6105,6058
6114,6043
6112,6058
6113,6052
6122,6037
6116,6040
6106,6044
6127,6057
6123,6053
6111,6051
6114,6054
6114,6062
6116,6048
6116,6040
6112,6052
6121,6040
6115,6028
6063,6021
6071,6132
6162,6082
6130,6068
6126,6061
6115,6053
6117,6056
6126,6069
6126,6053
6118,6053
6110,6057
6111,6054
6120,6061
6114,6055
6117,6054
6117,6042
6111,6044
6117,6050
6117,6049
6117,6049
6112,6057
6114,6060
6107,6057
6120,6061
6119,6047
6107,6060
6120,6054
6121,6055
6112,6063
6123,6055
6114,6052
6114,6053
6122,6063
6116,6059
6116,6050
6117,6056
6118,6054
6115,6060
6119,6056
6116,6062
6110,6047
6110,6047
6121,6062
6111,6042
6111,6062
6125,6051
6112,6060
6117,6040
6115,6063
6112,6046
6113,6053
6115,6052
6119,6056
6112,6049
6114,6055
6119,6051
6116,6053
6115,6051
6115,6056
6111,6053
6121,6063
6113,6053
6111,6060
6111,6060
6110,6054
6117,6063
6114,6064
6112,6057
6121,6044
6113,6057
6115,6049
6111,6058
6122,6048
6112,6059
6112,6057
6112,6057
6109,6056
6117,6058
6116,6052
6110,6061
6112,6054
6114,6052
6112,6056
6111,6052
6115,6054
6115,6054
6121,6049
6117,6057
6112,6059
6114,6063
6112,6048
6111,6066
6112,6059
6118,6055
6112,6051
6114,6048
6114,6058
0,34
0,61680
0,0
6118,6059
5598,5580
5596,5568
5603,5576
5597,5566
5603,5575
5599,5569
5602,5579
5593,5562
5816,5752
6321,6313
6282,6322
6304,6297
6309,6314
6275,6325
6289,6302
6289,6323
6276,6299
6289,6291
6298,6321
6314,6335
6301,6329
6290,6341
6301,6330
6316,6329
6308,6324
6302,6334
6288,6332
6310,6331
6301,6326
6307,6320
6302,6314
6274,6334
6290,6337
6297,6319
6282,6331
6279,6325
6297,6333
6302,6367
6300,6380
6308,6356
6294,6326
6285,6343
6268,6358
6291,6345
6281,6343
6307,6351
6292,6337
6288,6324
6284,6328
6291,6335
6280,6345
6341,6418
6273,6323
6278,6319
6293,6341
6293,6342
6321,6310
6316,6350
6292,6339
6320,6340
6310,6330
6282,6316
6291,6290
6279,6319
6297,6329
6312,6334
6290,6354
6302,6333
6308,6341
6301,6338
6278,6329
6297,6301
6298,6329
6289,6318
6289,6305
6294,6315
6294,6307
6308,6300
6298,6314
6292,6334
6288,6320
6284,6339
6292,6345
6305,6297
6282,6305
6278,6321
6271,6350
6285,6369
6276,6328
6264,6330
6278,6336
6278,6351
6282,6353
6297,6353
6311,6350
6294,6331
6278,6334
6287,6336
6294,6338
6296,6324
6293,6287
6297,6333
6294,6311
6275,6308
6275,6317
6268,6337
6283,6332
6294,6316
6297,6350
6288,6326
6274,6322
6266,6337
6283,6324
6298,6342
6285,6354
6299,6326
6301,6334
6293,6326
6284,6305
6286,6333
6296,6346
6297,6356
6295,6332
6300,6330
6278,6354
6283,6337
6300,6336
6289,6328
6295,6318
6289,6324
6290,6343
6289,6359
6280,6344
6299,6333
6290,6359
6286,6327
6294,6317
6291,6329
6280,6325
6280,6354
6281,6348
6294,6326
6305,6344
6285,6333
6291,6322
6290,6349
6288,6342
6276,6353
6273,6334
6283,6324
6290,6324
6269,6313
6302,6331
6311,6342
6290,6332
6283,6359
6291,6349
6287,6332
6300,6330
6281,6313
6274,6331
6262,6337
6294,6346
6292,6330
6277,6351
6294,6366
6294,6358
6281,6331
6267,6347
6270,6334
6263,6331
6271,6334
6279,6352
6288,6339
6264,6341
6302,6361
6289,6350
6284,6361
6265,6362
6265,6355
6272,6330
6285,6333
6278,6329
6285,6330
6282,6346
6295,6333
6279,6330
6285,6379
6273,6353
6278,6373
6287,6365
6265,6366
6269,6367
6291,6375
6296,6374
6266,6353
6278,6353
6262,6368
6282,6369
6286,6359
6281,6388
6272,6370
6270,6368
6270,6356
6282,6375
6265,6375
6274,6367
6268,6371
6261,6352
6255,6366
6263,6366
6271,6359
6281,6378
6286,6348
6307,6375
6288,6366
6273,6386
6260,6383
6258,6374
6266,6385
6266,6372
6268,6350
6252,6366
6244,6371
6253,6347
6259,6361
6259,6376
6264,6375
6277,6356
6252,6377
6259,6366
6264,6344
6280,6369
6247,6363
6252,6375
6250,6384
6254,6382
6249,6368
6240,6367
6235,6390
6277,6391
6260,6389
6240,6398
6257,6408
6258,6419
6236,6415
6242,6399
6257,6396
6285,6408
6266,6388
6244,6369
6256,6400
6267,6356
6250,6369
6261,6373
6265,6414
6274,6412
6262,6383
6248,6399
6258,6388
6243,6390
6243,6399
6261,6360
6257,6363
6237,6343
6226,6345
6241,6362
6236,6353
6248,6375
6241,6389
6253,6374
6242,6381
6232,6383
6234,6380
6248,6363
6257,6384
6252,6383
6246,6378
6252,6411
6247,6390
6252,6379
6251,6412
6258,6390
6234,6386
6256,6364
6240,6434
6249,6378
6249,6396
6253,6402
6250,6380
6242,6393
6239,6361
6255,6383
6246,6365
6238,6376
6239,6405
6249,6375
6243,6384
6244,6385
6229,6376
6232,6389
6252,6390
6244,6382
6239,6364
6235,6395
6237,6384
6234,6358
6221,6363
6237,6383
6231,6363
6233,6343
6241,6343
6236,6360
6250,6382
6248,6376
6229,6409
6227,6418
6230,6399
6002,6230
6193,6386
6221,6162
6337,6559
5982,6452
6208,6399
6243,6398
6204,6389
6227,6391
6235,6428
6233,6407
6236,6404
6234,6407
6228,6404
6224,6398
6231,6392
6228,6365
6245,6416
6229,6400
6236,6398
6230,6382
6237,6375
6239,6381
6246,6393
6226,6401
6218,6385
6229,6388
6228,6425
6226,6375
6232,6371
6215,6355
6230,6343
6224,6357
6224,6344
6244,6370
6236,6383
6236,6374
6233,6384
6230,6382
6226,6381
6228,6403
6227,6391
6240,6410
6224,6398
6225,6407
6219,6394
6219,6401
6232,6400
6231,6404
6218,6400
6237,6406
6219,6419
6224,6394
6223,6394
6222,6394
6212,6423
6238,6397
6221,6401
6225,6422
6227,6402
6227,6415
6209,6435
6201,6417
6208,6426
6215,6397
6223,6429
6218,6432
6228,6423
6231,6386
6214,6432
6220,6399
6219,6405
6227,6389
6225,6401
6226,6402
6229,6407
6230,6391
6223,6420
6221,6406
6228,6386
6225,6387
6217,6391
6219,6405
6225,6390
6223,6413
6216,6407
6235,6403
6218,6449
6217,6391
6200,6396
6229,6402
6222,6434
6222,6439
6207,6393
6224,6418
6228,6433
6228,6412
6221,6380
6211,6376
6211,6366
6211,6370
6224,6374
6220,6348
6217,6343
6214,6361
6228,6354
6230,6381
6223,6387
6214,6367
6213,6406
6222,6394
6218,6402
6210,6389
6222,6403
6220,6407
6213,6411
6224,6391
6205,6428
6230,6440
6210,6448
6198,6432
6215,6424
6215,6427
6219,6420
6217,6408
6216,6412
6216,6409
6215,6421
6227,6414
6221,6398
6211,6405
6212,6429
6224,6402
6216,6410
6221,6405
6218,6427
6218,6394
6211,6407
6229,6411
6220,6401
6210,6383
6206,6401
6214,6385
6227,6364
6218,6384
6223,6398
6224,6398
6212,6384
6212,6397
6215,6367
6220,6383
6236,6372
6216,6362
6214,6361
6222,6383
6223,6410
6202,6385
6221,6408
6196,6411
6214,6390
6221,6398
6219,6397
6219,6393
6223,6390
6214,6406
6213,6366
6208,6418
6201,6385
6215,6368
6214,6360
6216,6382
6222,6363
6236,6352
6224,6344
6217,6375
6218,6380
6216,6374
6218,6393
6227,6377
6236,6363
6215,6365
6220,6375
6232,6389
6226,6394
6215,6387
6222,6369
6235,6371
6233,6393
6232,6385
6223,6396
6219,6399
6221,6389
6210,6360
6231,6385
6210,6394
6217,6386
6229,6398
6226,6384
6225,6404
6232,6363
6213,6352
6214,6376
6225,6350
6227,6382
6238,6378
6230,6374
6221,6385
6209,6407
6237,6404
6231,6396
6223,6391
6230,6386
6183,6345
6230,6370
6218,6369
6225,6374
6241,6361
6235,6355
6227,6364
6233,6385
6213,6348
6227,6366
6219,6343
6234,6346
6239,6364
6220,6359
6220,6344
6228,6354
6215,6345
6231,6354
6221,6354
6225,6351
6218,6358
6232,6361
6216,6328
6220,6355
6240,6369
6233,6336
6235,6367
6225,6371
6224,6371
6232,6342
6216,6373
6243,6365
6227,6349
6233,6359
6236,6358
6237,6347
6233,6364
6226,6356
6228,6384
6231,6347
6227,6359
6239,6332
6232,6341
6219,6349
6236,6332
6232,6335
6239,6337
6231,6332
6216,6340
6230,6346
6232,6331
6247,6317
6243,6328
6225,6331
6239,6335
6216,6340
6221,6333
6243,6372
6196,6324
6198,6320
6244,6381
6229,6346
6233,6342
6226,6353
6226,6360
6236,6338
6223,6330
6228,6360
6241,6365
6228,6357
6237,6332
6230,6336
6235,6343
6225,6337
6227,6334
6232,6369
6241,6345
6223,6337
6224,6345
6232,6352
6221,6331
6227,6331
6249,6361
6246,6361
6227,6346
6246,6374
6235,6349
6238,6326
6226,6350
6238,6355
6229,6356
6252,6383
6257,6370
6264,6368
6252,6361
6263,6350
6268,6327
6266,6348
6257,6345
6268,6320
6281,6349
6289,6356
6306,6356
6320,6342
6325,6329
6346,6348
6390,6349
6431,6344
6444,6340
6475,6355
6556,6346
6586,6351
6612,6352
6637,6325
6647,6331
6673,6331
6682,6341
6690,6321
6659,6319
6675,6341
6675,6355
6741,6340
6817,6350
6859,6347
6982,6370
7164,6366
7298,6332
7519,6332
7690,6348
7917,6332
8097,6340
8266,6340
8429,6313
8545,6342
8684,6357
8731,6375
8815,6388
8885,6356
8922,6400
8864,6418
8823,6426
8798,6457
8695,6494
8531,6479
8351,6519
8138,6581
8016,6637
7889,6664
7748,6711
7539,6789
7360,6844
7183,6906
7043,6982
6962,7015
6889,7094
6887,7144
6888,7265
6914,7333
7059,7421
7148,7422
7347,7448
7489,7471
7621,7464
7814,7464
7882,7465
8011,7442
8171,7276
8350,7218
8575,7116
8795,6996
8948,6895
9127,6819
9217,6732
9204,6726
9221,6700
9348,6702
9391,6756
9305,6786
9265,6843
9143,6906
9005,6984
8914,7056
8704,7161
8466,7316
8258,7412
8029,7493
7839,7638
7712,7765
7495,7967
7388,8108
7261,8185
7189,8299
7153,8241
7064,8338
7031,8397
7020,8359
7105,8228
7176,8079
7278,7981
7455,7802
7602,7716
7755,7664
7919,7541
8122,7389
8328,7304
8509,7236
8658,7151
8797,7054
8943,6961
9074,6917
9159,6821
9260,6800
9247,6833
9243,6844
9274,6916
9251,6953
9221,7048
9133,7196
9053,7330
8970,7477
8798,7657
8617,7867
8397,8074
8191,8259
8033,8457
7785,8667
7581,8850
7401,9012
7187,9071
7049,9154
6933,9125
6922,9094
6863,9023
6915,8968
7031,8943
7167,8840
7238,8712
7451,8527
7711,8354
7982,8222
8301,8037
8682,7881
9029,7748
9240,7538
9488,7349
9700,7201
9958,7071
10061,6972
10252,6895
10441,6865
10624,6811
10766,6766
10728,6773
10726,6842
10429,6897
10220,6962
10008,7135
9781,7263
9547,7401
9421,7613
9154,7808
8848,7909
8570,8107
8318,8349
8107,8579
7792,8747
7584,8925
7479,9136
7318,9186
7264,9294
7155,9301
7106,9223
7047,9202
7070,9023
7074,8922
7115,8852
7179,8731
7259,8458
7372,8233
7505,8044
7698,7861
7820,7656
8051,7486
8326,7284
8562,7180
8837,7003
9029,6941
9323,6864
9434,6804
9618,6784
9808,6772
9943,6798
9995,6861
9983,6966
9948,7087
9946,7280
9817,7499
9617,7692
9512,7822
9324,7994
9099,8215
8800,8368
8563,8572
8334,8746
8057,8848
7835,8929
7616,8958
7371,9040
7214,9029
7061,8994
6931,8809
6813,8800
6794,8845
6817,8814
6846,8726
6922,8723
7070,8628
7213,8542
7368,8429
7500,8283
7708,8068
7815,7879
7943,7622
8069,7489
8197,7344
8306,7105
8886,7527
8400,6753
8775,6956
8870,6847
8770,6714
8878,6747
8905,6742
8922,6842
8915,6889
8809,6995
8766,7090
8634,7226
8440,7399
8327,7564
8135,7750
7971,7970
7794,8091
7584,8299
7401,8442
7186,8519
7036,8564
6905,8656
6829,8716
6794,8717
6748,8688
6779,8558
6790,8517
6825,8420
6886,8210
6915,8064
6979,7940
7034,7773
7108,7655
7218,7515
7282,7431
7362,7316
7501,7198
7686,7084
7857,6940
8075,6866
8370,6755
8526,6679
8669,6673
8846,6610
8884,6624
8973,6625
9104,6674
9077,6738
9024,6804
8993,6880
8833,6967
8729,7082
8673,7205
8491,7317
8385,7460
8199,7586
7983,7721
7745,7859
7531,7929
7284,7980
7112,8039
6979,8045
6810,8013
6753,7970
6704,7959
6704,7876
6716,7846
6743,7804
6822,7811
6898,7746
6986,7634
7129,7543
7263,7480
7398,7418
7536,7308
7714,7218
7854,7129
8047,7006
8164,6862
8284,6761
8427,6692
8564,6632
8636,6541
8842,6514
8997,6495
9046,6540
9115,6567
9182,6611
9160,6705
9136,6775
8980,6896
8869,7015
8808,7124
8633,7271
8400,7400
8234,7505
8017,7662
7778,7745
7596,7881
7445,7991
7312,8074
7111,8044
7010,8084
6906,8112
6840,8000
6757,7981
6782,7893
6806,7885
6831,7731
6871,7623
6982,7546
7056,7431
7199,7355
7333,7268
7604,7205
7769,7105
7934,6975
8108,6853
8310,6784
8426,6712
8563,6649
8687,6593
8828,6540
8958,6520
9029,6541
9082,6603
9106,6651
9082,6703
8952,6782
8899,6923
8778,7068
8608,7219
8450,7368
8293,7521
8099,7684
7955,7826
7730,7960
7591,8129
7411,8292
7235,8310
7126,8415
7028,8486
6910,8546
6862,8501
6845,8452
6809,8420
6769,8426
6796,8344
6831,8257
6945,8259
7090,8109
7258,7988
7378,7802
7548,7680
7762,7475
7999,7405
8206,7236
8376,7132
8661,6977
8874,6869
8957,6790
9101,6676
9258,6635
9250,6604
9316,6603
9425,6602
9442,6636
9399,6706
9373,6801
9214,6861
9189,6998
9040,7057
8843,7192
8686,7342
8437,7529
8196,7636
7996,7828
7796,7922
7677,8047
7491,8130
7314,8190
7113,8331
6991,8284
6921,8351
6888,8374
6817,8367
6803,8343
6791,8327
6848,8248
6912,8120
7054,8009
7204,7909
7343,7768
7540,7621
7650,7438
7856,7372
8133,7226
8400,7095
8631,6949
8781,6897
8930,6824
9090,6755
9176,6711
9262,6714
9327,6690
9304,6710
9304,6754
9281,6837
9303,6878
9296,7007
9259,7189
9133,7320
8800,7451
8579,7634
8297,7792
8028,7959
7801,8043
7589,8240
7382,8356
7211,8488
7046,8571
6910,8686
6862,8821
6753,8794
6723,8877
6695,8824
6703,8835
6772,8789
6827,8660
6939,8606
7058,8422
7224,8195
7315,7968
7506,7870
7652,7659
7794,7504
7943,7362
8045,7226
8164,7061
8367,6947
8473,6838
8572,6739
8634,6685
8655,6593
8611,6599
8601,6607
8572,6617
8657,6670
8694,6717
8758,6838
8781,7002
8648,7080
8527,7263
8366,7481
8296,7621
8212,7758
8048,7856
7905,7951
7697,8022
7541,8148
7418,8228
7334,8294
7177,8303
7054,8329
6931,8305
6907,8311
6878,8167
6908,8032
7011,7910
7117,7765
7282,7667
7355,7531
7564,7395
7818,7298
8032,7139
8252,7021
8481,6963
8681,6838
8860,6713
8990,6648
9220,6586
9342,6533
9370,6527
9371,6533
9447,6564
9447,6604
9295,6641
9109,6731
8990,6827
8912,6930
8824,7033
8612,7150
8408,7286
8170,7434
7986,7646
7840,7857
7693,8061
7486,8208
7289,8403
7094,8640
6942,8830
6829,8992
6749,9003
6683,9143
6637,9150
6622,9188
6659,9198
6694,9164
6766,8874
6820,8718
6915,8638
7009,8440
7104,8206
7171,7997
7263,7828
7400,7651
7532,7440
7575,7287
7646,7092
7752,6984
7827,6841
7955,6743
7996,6724
8101,6686
8135,6703
8188,6705
8163,6745
8221,6830
8255,6939
8177,7019
8097,7095
8042,7182
7946,7303
7857,7417
7803,7539
7723,7633
7639,7708
7542,7780
7435,7862
7288,7932
7182,7985
7076,7930
6977,7886
6899,7902
6862,7885
6857,7773
6939,7640
7022,7549
7169,7432
7356,7335
7580,7197
7874,7104
8161,6986
8403,6907
8631,6852
8866,6814
9141,6725
9465,6710
9821,6652
10059,6615
10422,6580
10496,6558
10660,6569
10709,6567
10771,6617
10733,6647
10745,6691
10578,6775
10361,6840
10263,6918
10082,7000
9852,7161
9672,7290
9417,7419
9085,7567
8773,7745
8485,7856
8175,8015
8022,8246
7710,8310
7459,8433
7278,8490
7155,8569
7082,8557
7043,8525
7073,8539
7175,8489
7244,8482
7383,8452
7544,8412
7739,8306
7963,8109
8211,7905
8454,7739
8694,7509
8924,7339
9225,7161
9540,7050
9788,6925
9952,6852
10055,6723
10145,6714
10258,6712
10395,6703
10458,6714
10385,6774
10394,6843
10369,6960
10363,7122
10247,7249
9950,7434
9823,7658
9585,7855
9211,8050
8897,8267
8632,8442
8388,8709
8318,8964
8123,9091
7932,9157
7760,9201
7645,9193
7498,9225
7453,9321
7337,9342
7272,9248
7282,9206
7334,8980
7473,8806
7636,8620
7862,8437
8135,8234
8492,8117
8919,7921
9323,7746
9703,7582
10086,7368
10343,7199
10531,7073
10609,6987
10949,6894
11061,6819
11175,6803
11246,6827
11308,6910
11271,6949
11152,6992
11121,7087
11017,7211
10864,7377
10756,7577
10529,7810
10109,8060
9927,8251
9586,8444
9247,8674
8932,8969
8546,9247
8132,9423
7838,9621
7507,9759
7336,9896
7265,10034
7201,10106
7227,10122
7311,10091
7450,10096
7531,10029
7724,9846
7889,9625
8091,9290
8278,8972
8543,8632
8800,8313
9145,7996
9545,7737
9823,7566
10159,7336
10531,7186
10882,7096
11188,7008
11355,6955
11525,6984
11595,7015
11664,7090
11680,7191
11642,7327
11405,7481
11121,7667
10886,7898
10719,8102
10315,8420
10030,8722
9700,9065
9424,9489
9104,9776
8727,10181
8406,10332
8179,10501
7940,10662
7705,10674
7520,10688
7429,10555
7279,10413
7221,10262
7220,10082
7188,10075
7266,10049
7410,9851
7586,9582
7869,9309
8212,9039
8502,8671
8970,8357
9517,8109
9812,7864
10167,7604
10657,7415
11036,7208
11342,7076
11569,6972
11676,6930
11729,6936
11947,6974
11957,7041
12028,7119
12004,7286
11837,7480
11472,7676
10985,7747
10393,7715
10076,8373
9640,8427
9223,8788
8657,8760
8403,9144
8088,9212
7654,9332
7392,9486
7192,9746
7083,9875
6987,10068
6934,9992
6940,9982
6991,9973
7121,9897
7345,9784
7522,9512
7740,9249
7977,9022
8290,8824
8616,8633
9042,8486
8879,8214
9243,7955
9713,7672
9499,7542
8616,7355
7704,7215
7060,7149
6612,7097
6388,7097
6296,7116
6224,7194
6203,7307
6153,7538
6173,7805
6165,8150
6153,8549
6153,8888
6146,9232
6143,9569
6138,9881
6138,10141
6145,10352
6134,10620
6137,10699
6139,10946
6123,11169
6120,11145
6125,10950
6142,10833
6130,10652
6125,10432
6120,10186
6127,10029
6128,9681
6119,9213
6126,8789
6115,8446
6120,8167
6129,7835
6118,7562
6120,7367
6126,7190
6132,7081
6122,7014
6116,6930
6127,6903
6113,6844
6124,6789
6109,6790
6114,6824
6116,6860
6125,6873
6119,6918
6113,7078
6119,7068
6112,7106
6107,7131
6105,7082
6112,6866
6109,6636
6116,6428
6110,6330
6112,6237
6112,6213
6114,6183
6106,6171
6108,6153
6110,6138
6099,6128
6110,6124
6103,6128
6105,6127
6110,6128
6101,6119
6111,6127
6111,6136
6106,6110
6105,6117
6107,6094
6109,6076
6100,6061
6110,6071
6116,6067
6096,6072
6101,6083
6103,6071
6110,6063
6104,6077
6113,6067
6103,6058
6102,6052
6106,6057
6112,6052
6108,6054
6097,6068
6104,6070
6104,6067
6110,6063
6101,6077
6106,6066
6109,6063
6110,6056
6107,6037
6102,6060
6096,6060
6108,6050
6109,6047
6103,6050
6088,6048
6110,6049
6105,6065
6110,6063
6106,6045
6101,6058
6115,6050
6107,6057
6108,6050
6101,6062
6103,6055
6113,6061
6104,6063
6110,6063
6104,6044
6112,6053
6107,6053
6109,6052
6117,6041
6110,6059
6117,6049
6113,6053
6092,6037
6117,6073
6105,6045
6115,6047
6114,6055
6106,6048
6104,6049
6108,6052
6113,6037
6105,6055
6115,6042
6110,6036
6110,6057
6112,6050
6111,6048
6111,6046
6109,6040
6110,6053
6115,6050
6102,6060
6112,6049
6113,6045
6116,6052
6110,6049
6110,6026
6106,6060
6108,6025
6105,6038
6105,6053
6111,6047
6106,6046
6116,6063
6110,6049
6105,6039
6109,6045
6104,6029
6097,6044
6102,6050
6108,6050
6111,6057
6105,6047
6094,6025
6102,6056
6106,6058
6100,6050
6106,6054
6108,6040
6097,6049
6102,6061
6111,6043
6103,6055
6104,6062
6093,6049
6096,6040
6114,6056
6107,6042
6091,6054
6097,6037
6103,6045
6104,6046
6102,6049
6103,6056
6105,6044
6107,6055
6108,6060
6109,6048
6103,6059
6111,6043
6095,6037
6107,6056
6102,6039
6102,6054
6103,6052
6102,6039
6106,6056
6097,6034
6108,6041
6093,6050
6101,6024
6112,6045
6106,6045
6104,6050
6110,6042
6095,6051
6101,6027
6106,6100
6098,6044
6108,6057
6098,6055
6088,6060
6094,6047
6105,6038
6110,6044
6107,6041
6103,6054
6100,6041
6102,6047
6098,6048
6095,6042
6105,6054
6107,6050
6099,6041
6096,6052
6104,6045
6096,6038
6103,6053
6100,6047
6104,6048
6102,6054
6102,6041
6101,6041
6104,6047
6095,6055
6106,6049
6147,6244
6099,6055
6104,6047
6098,6048
6114,6053
6101,6054
6000,5984
6097,6102
6175,6043
6045,5989
6087,6030
6107,6038
6109,6050
6098,6036
6096,6043
6115,6046
6095,6038
6099,6037
6103,6057
6104,6041
6099,6033
6106,6045
6101,6052
6093,6057
6106,6046
6098,6044
6099,6052
6093,6060
6104,6055
6097,6057
6094,6052
6096,6052
6101,6038
6099,6036
6094,6040
6103,6049
6091,6016
6098,6039
6108,6053
6088,6040
6094,6046
6105,6049
6107,6045
6098,6051
6095,6046
6103,6034
6083,6058
6095,6048
6108,6050
6092,6063
6102,6068
6098,6053
6095,6031
6104,6049
6098,6055
6093,6076
6102,6051
6102,6049
6110,6041
6104,6042
6093,6053
6101,6046
6098,6055
6098,6055
6106,6034
6105,6040
6102,6050
6104,6057
6102,6048
6106,6049
6101,6050
6102,6055
6103,6047
6103,6046
6106,6056
6107,6042
6102,6052
6105,6050
6096,6053
6106,6053
6108,6053
6107,6045
6109,6042
6100,6055
6106,6046
6110,6049
6107,6060
6101,6051
6110,6054
6096,6044
6103,6061
6102,6040
6098,6052
6106,6040
6097,6034
6113,6054
6106,6056
6101,6063
6108,6053
6112,6058
6111,6061
6110,6042
6115,6050
6108,6042
6106,6047
6115,6037
6109,6056
6096,6051
6105,6054
6118,6048
6113,6041
6098,6060
6103,6056
6099,6047
6096,6040
6101,6027
6107,6053
6102,6054
6107,6052
6110,6050
6102,6047
6106,6050
6097,6047
6099,6057
6101,6036
6098,6039
6104,6043
6107,6054
6103,6055
6097,6060
6094,6050
6100,6047
6105,6056
6101,6047
6103,6050
6097,6037
6102,6049
6104,6036
6098,6050
6101,6041
6104,6030
6097,6024
6105,6046
6097,6041
6102,6060
6099,6055
6102,6044
6098,6049
6096,6037
6099,6053
6105,6051
6099,6051
6102,6048
6115,6047
6107,6045
6095,6054
6090,6035
6106,6048
6106,6054
6102,6038
6099,6050
6102,6046
6095,6038
6102,6035
6110,6044
6100,6039
6107,6046
6101,6057
6112,6050
6100,6043
6101,6037
6108,6053
6126,6057
6105,6062
6091,6049
6101,6049
6106,6040
6108,6056
6112,6056
6113,6049
6103,6058
6104,6064
6106,6032
6110,6043
6111,6054
6095,6062
6106,6060
6110,6044
6112,6045
6107,6058
6108,6049
6111,6053
6113,6055
6114,6047
6116,6043
6109,6059
6111,6067
6122,6065
6116,6053
6107,6064
6120,6042
6102,6052
6110,6047
6111,6039
6110,6039
6120,6043
6101,6063
6121,6050
6101,6044
6110,6057
6111,6052
6107,6049
6108,6058
6107,6057
6110,6057
6107,6047
6109,6047
6109,6044
6112,6045
6092,6046
6105,6035
6102,6033
6116,6055
6100,6047
6110,6058
6112,6051
6105,6043
6112,6046
6112,6057
6108,6054
6107,6056
6109,6057
6100,6061
6111,6051
6099,6053
6112,6044
6109,6046
6104,6046
6111,6060
6097,6063
6104,6051
6094,6051
6108,6033
6115,6052
6112,6055
6113,6060
6104,6055
6107,6053
6110,6047
6125,6053
6106,6045
6108,6060
6100,6059
6104,6054
6113,6049
6106,6031
6109,6047
6113,6053
6102,6040
6112,6053
6103,6053
6102,6057
6111,6047
6108,6062
6104,6064
6105,6054
6119,6059
6109,6053
6104,6049
6098,6036
6099,6030
6100,6040
6103,6049
6103,6050
6120,6052
5975,6350
6032,5845
6076,6005
6096,6064
6143,6114
6089,6032
6105,6033
6051,5988
6127,6061
6119,6062
6118,6049
6102,6031
6110,6050
6120,6053
6110,6054
6111,6058
6111,6049
6116,6052
6113,6046
6105,6062
6115,6048
6109,6055
6113,6046
6106,6046
6115,6040
6112,6065
6115,6059
6117,6037
6112,6060
6120,6057
6127,6057
6111,6062
6111,6053
6108,6048
6109,6055
6115,6047
6110,6049
6118,6045
6125,6056
6115,6055
6115,6055
6113,6037
6105,6045
6119,6046
6117,6059
6114,6054
6117,6056
6113,6056
6114,6046
6111,6058
6118,6041
6117,6048
6103,6043
6112,6053
6112,6060
6118,6048
6120,6055
6115,6026
6116,6047
6116,6052
6102,6057
6111,6052
6111,6052
6115,6050
6112,6055
6111,6061
6114,6053
6116,6054
6117,6054
6115,6055
6119,6056
6113,6056
6109,6059
6114,6057
6110,6059
6115,6055
6113,6054
6110,6051
6112,6063
6102,6050
6121,6052
6113,6049
6119,6052
6110,6048
6110,6048
6106,6053
6125,6040
6106,6036
6122,6052
6114,6052
6110,6057
6115,6051
6109,6043
6115,6059
6118,6059
6123,6049
6110,6049
6120,6047
6104,6042
6119,6001
6121,6047
6117,6056
6113,6060
6119,6054
6122,6053
6119,6048
6119,6048
6106,6052
6112,6056
6114,6057
6123,6046
6120,6061
6113,6055
6115,6054
6114,6034
6112,6055
6120,6049
6111,6053
6103,6058
0,31
0,61680
0,0
6113,6057
5603,5579
5599,5577
5612,5571
5596,5582
5603,5577
5598,5579
5595,5575
5600,5571
5818,5749
6325,6320
6278,6312
6303,6292
6306,6289
6280,6321
6287,6278
6288,6308
6280,6305
6293,6291
6289,6318
6289,6320
6307,6294
6291,6339
6284,6334
6298,6335
6305,6304
6301,6330
6294,6348
6311,6328
6560,6554
6516,6475
6287,6463
6214,6368
6370,6392
6395,6440
6283,6327
6264,6314
6315,6340
6305,6332
6297,6352
6286,6338
6280,6326
6283,6335
6289,6349
6285,6349
6284,6339
6297,6355
6287,6344
6305,6328
6291,6324
6300,6343
6286,6346
6299,6355
6299,6343
6282,6332
6297,6353
6295,6327
6313,6319
6321,6347
6298,6346
6318,6316
6307,6320
6275,6321
6268,6297
6266,6306
6303,6327
6316,6346
6296,6349
6302,6340
6310,6332
6308,6333
6285,6323
6295,6312
6284,6347
6286,6312
6292,6305
6295,6328
6287,6323
6285,6320
6313,6306
6288,6331
6294,6332
6286,6346
6315,6323
6309,6314
6290,6317
6271,6326
6280,6348
6270,6359
6287,6311
6280,6339
6297,6324
6280,6340
6291,6327
6308,6354
6309,6348
6281,6347
6273,6350
6277,6319
6280,6343
6292,6339
6285,6323
6296,6306
6299,6308
6281,6319
6276,6301
6258,6328
6300,6355
6293,6327
6312,6332
6282,6326
6273,6324
6268,6331
6292,6336
6298,6340
6291,6351
6295,6316
6304,6322
6296,6308
6285,6313
6300,6318
6283,6345
6300,6356
6297,6334
6294,6323
6292,6342
6285,6331
6295,6330
6291,6326
6288,6316
6294,6341
6288,6351
6293,6322
6283,6339
6287,6323
6282,6338
6296,6323
6298,6303
6288,6316
6276,6343
6290,6324
6281,6340
6293,6338
6294,6339
6286,6334
6303,6321
6293,6336
6285,6320
6287,6343
6286,6328
6280,6334
6280,6352
6276,6315
6308,6325
6307,6325
6290,6331
6287,6356
6285,6348
6299,6332
6287,6342
6273,6335
6267,6316
6267,6334
6296,6336
6281,6362
6283,6339
6300,6340
6287,6344
6293,6337
6261,6343
6270,6341
6276,6337
6273,6336
6286,6353
6276,6332
6284,6342
6286,6360
6282,6340
6273,6361
6281,6373
6281,6345
6270,6348
6278,6321
6284,6304
6283,6327
6285,6336
6285,6339
6280,6329
6273,6343
6281,6330
6273,6367
6285,6363
6265,6360
6269,6362
6279,6350
6279,6376
6274,6350
6277,6364
6278,6342
6283,6363
6275,6364
6282,6365
6273,6376
6264,6342
6268,6333
6272,6371
6267,6386
6281,6356
6273,6355
6253,6363
6261,6362
6274,6377
6277,6356
6277,6382
6281,6379
6271,6359
6282,6365
6265,6382
6256,6391
6258,6364
6263,6380
6265,6379
6280,6358
6260,6365
6253,6369
6268,6351
6274,6342
6250,6365
6271,6368
6289,6369
6265,6370
6274,6364
6254,6365
6274,6372
6249,6375
6247,6361
6243,6367
6253,6367
6262,6358
6248,6361
6250,6382
6254,6380
6259,6369
6241,6400
6256,6398
6268,6386
6234,6392
6246,6401
6261,6369
6276,6399
6250,6390
6240,6344
6249,6370
6259,6376
6264,6349
6274,6369
6263,6418
6273,6401
6259,6385
6249,6399
6260,6375
6249,6382
6240,6382
6242,6393
6243,6369
6253,6366
6249,6336
6247,6341
6238,6346
6250,6356
6240,6402
6260,6390
6244,6391
6238,6383
6241,6374
6248,6359
6262,6394
6251,6395
6243,6399
6245,6404
6263,6396
6251,6245
6246,6416
6245,6399
6247,6390
6249,6371
6261,6406
6249,6392
6250,6402
6245,6406
6231,6365
6239,6385
6238,6336
6247,6377
6241,6364
6244,6363
6202,6418
6182,6304
6236,6383
6227,6378
6222,6379
6253,6391
6248,6375
6246,6372
6234,6369
6237,6382
6251,6379
6220,6360
6225,6375
6236,6373
6237,6377
6217,6352
6237,6354
6236,6336
6255,6385
6250,6376
6239,6406
6233,6412
6234,6402
6241,6419
6239,6417
6234,6407
6229,6386
6234,6391
6221,6383
6219,6392
6232,6396
6224,6380
6241,6413
6232,6403
6229,6398
6227,6401
6230,6413
6234,6414
6238,6372
6241,6369
6241,6404
6237,6378
6244,6372
6234,6380
6240,6374
6241,6396
6241,6396
6236,6411
6222,6394
6220,6385
6241,6412
6235,6365
6226,6337
6234,6342
6227,6343
6228,6361
6217,6348
6236,6361
6233,6373
6240,6376
6237,6370
6232,6409
6226,6395
6231,6417
6218,6390
6234,6411
6215,6398
6217,6407
6222,6386
6219,6385
6219,6405
6228,6404
6227,6389
6234,6406
6225,6407
6237,6394
6227,6382
6226,6390
6225,6380
6235,6374
6219,6415
6223,6399
6231,6408
6235,6411
6225,6404
6213,6411
6222,6455
6217,6382
6223,6435
6224,6416
6226,6404
6222,6415
6219,6420
6212,6428
6232,6416
6233,6380
6218,6408
6235,6415
6221,6414
6225,6394
6228,6395
6232,6396
6228,6386
6215,6368
6223,6399
6218,6398
6220,6413
6216,6414
6229,6434
6221,6418
6225,6438
6214,6388
6214,6407
6222,6421
6215,6419
6224,6423
6213,6380
6214,6404
6214,6415
6218,6421
6216,6370
6229,6382
6207,6371
6219,6356
6222,6370
6222,6329
6216,6359
6220,6359
6229,6350
6225,6380
6228,6397
6222,6388
6225,6400
6228,6385
6233,6392
6214,6403
6217,6400
6221,6407
6211,6415
6223,6404
6231,6442
6213,6440
6212,6428
6219,6445
6220,6403
6227,6430
6213,6423
6218,6486
6219,6413
6222,6394
6218,6396
6222,6395
6212,6401
6210,6412
6212,6413
6215,6407
6223,6391
6218,6420
6224,6415
6218,6396
6225,6394
6215,6430
6176,6343
6223,6406
6213,6404
6223,6405
6206,6399
6223,6405
6215,6387
6220,6391
6209,6374
6229,6386
6216,6379
6216,6380
6229,6354
6229,6386
6219,6360
6223,6380
6223,6375
6225,6397
6226,6406
6223,6399
6225,6408
6220,6402
6210,6390
6209,6380
6214,6382
6214,6360
6225,6375
6223,6396
6214,6378
6216,6381
6219,6384
6230,6353
6226,6370
6237,6376
6218,6377
6223,6394
6230,6387
6225,6375
6233,6398
6237,6394
6227,6378
6222,6363
6241,6373
6234,6377
6235,6379
6230,6376
6222,6386
6240,6352
6239,6399
6228,6385
6228,6396
6232,6375
6232,6372
6216,6364
6231,6413
6224,6391
6233,6380
6233,6274
6235,6386
6229,6386
6230,6368
6220,6362
6232,6361
6229,6357
6225,6374
6240,6374
6240,6356
6215,6386
6222,6401
6233,6398
6244,6384
6236,6388
6227,6395
6223,6375
6229,6366
6249,6363
6225,6372
6230,6356
6217,6355
6221,6353
6237,6369
6217,6351
6225,6374
6230,6348
6232,6357
6239,6359
6232,6359
6219,6335
6230,6352
6227,6350
6232,6348
6232,6345
6236,6366
6232,6379
6234,6353
6232,6344
6232,6364
6241,6351
6216,6358
6237,6378
6216,6356
6234,6366
6233,6333
6231,6352
6240,6363
6234,6344
6234,6356
6229,6352
5987,6446
6282,6448
6211,6223
6165,6340
6171,6266
6229,6334
6243,6345
6238,6320
6227,6332
6223,6324
6268,6342
6245,6337
6220,6331
6230,6353
6233,6348
6235,6331
6249,6318
6242,6326
6240,6333
6220,6343
6222,6316
6212,6334
6227,6328
6211,6345
6215,6334
6233,6366
6233,6346
6234,6342
6224,6351
6235,6351
6223,6342
6215,6331
6231,6346
6245,6360
6232,6358
6234,6344
6230,6330
6226,6343
6232,6338
6227,6348
6231,6343
6240,6358
6230,6331
6239,6330
6233,6326
6228,6348
6233,6343
6241,6357
6239,6350
6234,6353
6242,6366
6236,6345
6233,6344
6230,6360
6245,6345
6235,6334
6251,6365
6249,6362
6265,6352
6261,6365
6251,6348
6253,6321
6254,6352
6262,6319
6260,6342
6279,6349
6277,6346
6301,6347
6325,6336
6315,6343
6361,6334
6380,6345
6404,6339
6447,6341
6462,6370
6540,6364
6582,6351
6592,6341
6631,6311
6675,6317
6711,6337
6690,6364
6674,6326
6668,6334
6664,6323
6667,6330
6705,6341
6771,6347
6810,6347
6907,6361
7064,6385
7228,6332
7401,6347
7577,6319
7815,6338
8005,6338
8170,6328
8279,6321
8459,6319
8545,6351
8672,6356
8742,6376
8874,6374
8877,6379
8877,6398
8802,6435
8786,6451
8668,6478
8523,6477
8339,6518
8207,6551
8110,6612
7983,6657
7828,6695
7641,6770
7469,6804
7241,6891
7115,6939
7030,7012
6883,7058
6822,7109
6845,7236
6884,7293
6988,7398
7074,7427
7229,7441
7411,7454
7550,7508
7721,7493
7827,7509
7886,7426
8030,7354
8227,7266
8479,7192
8622,7060
8784,6923
9008,6850
9128,6755
9100,6708
9127,6689
9231,6699
9331,6726
9300,6754
9217,6826
9135,6876
9042,6942
8952,7019
8741,7127
8560,7183
8385,7304
8160,7366
7956,7494
7831,7674
7630,7849
7473,7974
7334,8112
7244,8216
7140,8246
7083,8328
7047,8386
7023,8350
7027,8228
7101,8139
7225,8001
7334,7895
7499,7784
7648,7694
7855,7612
8027,7457
8191,7298
8406,7239
8515,7169
8669,7061
8740,7020
8918,6932
9047,6849
9124,6832
9111,6832
9139,6849
9165,6900
9108,6919
9130,6999
9073,7130
9029,7237
8962,7414
8776,7568
8626,7757
8464,7945
8241,8115
8082,8340
7800,8567
7577,8752
7407,8899
7213,9051
7073,9132
6957,9105
6915,9100
6902,9053
6899,9008
6981,8969
7122,8914
7215,8804
7388,8663
7651,8496
7875,8296
8181,8141
8559,7999
8902,7866
9123,7651
9358,7453
9617,7257
9845,7143
10003,7066
10159,6966
10400,6876
10500,6786
10641,6756
10593,6758
10633,6816
10312,6884
10210,6951
10031,7089
9761,7192
9568,7345
9423,7536
9201,7717
8872,7830
8670,7998
8392,8214
8196,8480
7914,8640
7667,8839
7526,9031
7396,9122
7302,9196
7211,9183
7154,9208
7054,9205
7044,9063
7049,8925
7084,8848
7119,8667
7230,8486
7356,8279
7468,8059
7633,7928
7773,7720
8024,7518
8267,7353
8493,7186
8745,7084
8978,6962
9207,6879
9413,6843
9566,6805
9793,6751
9955,6794
9950,6827
9948,6963
10041,7083
10017,7207
9925,7424
9755,7617
9599,7795
9418,7949
9134,8155
8901,8339
8684,8531
8397,8632
8038,8752
7816,8976
7743,9040
7416,9049
7308,9202
7112,8954
6948,8832
6864,8870
6825,8902
6794,8860
6832,8839
6911,8769
7030,8655
7175,8593
7359,8484
7517,8394
7645,8179
7822,7953
7939,7712
8047,7559
8170,7419
8373,7279
8457,7101
8573,6973
8666,6861
8707,6781
8763,6759
8796,6750
8937,6743
8933,6789
8891,6851
8824,6944
8740,7052
8612,7191
8443,7363
8399,7559
8179,7719
8007,7935
7857,8095
7689,8311
7465,8481
7232,8592
7076,8589
6930,8667
6840,8761
6790,8775
6784,8720
6754,8643
6778,8589
6785,8443
6843,8237
6868,8096
6935,8004
6985,7838
7051,7659
7134,7564
7208,7464
7257,7358
7460,7230
7630,7117
7787,6999
8053,6906
8275,6788
8504,6741
8641,6660
8776,6629
8845,6610
8967,6624
9097,6638
9155,6705
9062,6759
8978,6842
8898,6932
8762,7031
8707,7137
8562,7244
8404,7387
8186,7513
7970,7675
7785,7760
7601,7863
7343,7938
7169,8005
7017,8050
6886,8024
6778,8072
6702,7940
6717,7888
6728,7856
6739,7819
6807,7808
6892,7774
7000,7675
7118,7598
7266,7519
7369,7432
7488,7341
7678,7244
7811,7158
7958,7022
8125,6891
8209,6805
8366,6701
8462,6632
8583,6564
8783,6519
8931,6509
9011,6505
9096,6561
9162,6615
9126,6673
9038,6747
8946,6883
8874,6993
8786,7098
8656,7246
8427,7380
8237,7475
7983,7653
7759,7758
7592,7904
7449,8008
7299,8067
7121,8051
7035,8066
6924,8074
6855,8010
6782,7984
6796,7928
6809,7892
6844,7673
6894,7624
6952,7518
7035,7403
7184,7354
7321,7215
7538,7148
7794,7065
7912,6971
8077,6856
8268,6764
8427,6687
8556,6629
8690,6579
8857,6552
8952,6528
9048,6545
9096,6572
9038,6644
9026,6708
8944,6793
8875,6899
8775,7056
8591,7212
8416,7357
8276,7513
8168,7665
7948,7814
7735,7920
7586,8087
7386,8270
7269,8290
7106,8388
7024,8442
6897,8501
6857,8474
6826,8490
6790,8423
6781,8432
6776,8323
6845,8243
6962,8211
7079,8122
7245,8003
7398,7786
7550,7694
7744,7517
7986,7389
8165,7220
8366,7136
8636,7006
8861,6898
8960,6780
9103,6712
9237,6627
9214,6593
9225,6566
9328,6604
9400,6639
9380,6711
9333,6755
9143,6840
9142,6971
8920,7018
8774,7173
8590,7306
8451,7468
8216,7643
7940,7780
7761,7862
7641,7984
7436,8111
7292,8176
7091,8242
6984,8297
6926,8282
6855,8326
6835,8342
6805,8313
6810,8221
6858,8206
6942,8029
7064,8004
7232,7866
7415,7720
7571,7597
7717,7394
7937,7331
8194,7157
8415,7029
8671,6935
8817,6873
8957,6810
9086,6751
9255,6683
9352,6685
9364,6692
9353,6707
9366,6747
9325,6828
9337,6878
9287,7019
9186,7183
9098,7345
8817,7418
8593,7632
8366,7736
8118,7953
7857,8066
7625,8246
7348,8366
7214,8418
6999,8555
6915,8700
6854,8816
6778,8815
6746,8850
6723,8871
6733,8821
6788,8790
6828,8719
6953,8608
7106,8345
7236,8168
7365,7958
7498,7830
7671,7637
7802,7454
7929,7296
8085,7181
8177,7016
8363,6877
8432,6790
8530,6721
8594,6673
8569,6637
8553,6600
8526,6544
8375,6457
8583,6599
8651,6737
8678,6806
8736,7020
8539,7154
8454,7242
8332,7473
8213,7601
8075,7755
7944,7891
7829,7943
7636,7986
7512,8006
7357,8109
7269,8273
7153,8308
7038,8360
6942,8274
6881,8202
6905,8135
6946,7960
7018,7872
7141,7697
7271,7542
7472,7434
7641,7348
7879,7239
8175,7132
8383,6989
8624,6909
8822,6821
8980,6722
9124,6640
9296,6589
9374,6520
9479,6523
9599,6514
9578,6543
9573,6574
9432,6640
9178,6726
9027,6815
8990,6911
8825,7061
8645,7148
8475,7294
8181,7471
8039,7626
7842,7830
7658,7993
7504,8161
7288,8336
7091,8573
6958,8767
6834,8945
6738,8980
6681,9112
6605,9083
6622,9113
6627,9129
6679,9061
6747,8865
6829,8704
6911,8618
6982,8407
7076,8214
7205,8027
7249,7825
7367,7623
7447,7437
7490,7271
7584,7080
7610,6946
7737,6794
7827,6723
7841,6693
7919,6682
7963,6673
8033,6717
8019,6762
8023,6862
8127,6962
8068,7020
7970,7154
7958,7226
7845,7348
7794,7479
7715,7578
7638,7648
7562,7747
7434,7800
7317,7912
7188,7966
7124,8012
6996,8013
6937,7997
6852,7962
6818,7906
6807,7832
6888,7688
7007,7586
7133,7496
7331,7387
7539,7225
7794,7120
8062,7005
8393,6914
8616,6872
8840,6817
9070,6742
9403,6702
9704,6645
9965,6625
10231,6585
10347,6564
10485,6584
10650,6607
10637,6594
10552,6665
10601,6685
10478,6769
10235,6809
10130,6906
10031,7010
9790,7176
9635,7312
9374,7460
9011,7600
8745,7702
8402,7894
8097,7999
7879,8235
7684,8302
7416,8354
7280,8488
7149,8535
7071,8440
7081,8502
7099,8478
7162,8425
7262,8399
7430,8380
7614,8279
7851,8193
8080,8038
8333,7828
8572,7689
8837,7487
9044,7267
9378,7144
9620,6978
9874,6901
10002,6784
10108,6742
10181,6733
10318,6710
10331,6733
10375,6751
10404,6830
10383,6881
10332,7024
10276,7167
10114,7313
9893,7487
9682,7713
9492,7892
9117,8086
8770,8285
8514,8486
8266,8692
8152,8959
7971,9095
7807,9106
7629,9137
7527,9156
7490,9163
7364,9185
7344,9156
7262,9121
7361,9016
7415,8840
7567,8675
7734,8529
7996,8335
8229,8126
8614,7974
9086,7797
9406,7598
9886,7468
10267,7279
10531,7125
10651,7047
10824,6935
11081,6873
11191,6780
11214,6819
11236,6840
11189,6906
11194,6989
11129,7061
11034,7170
10874,7262
10741,7467
10656,7652
10426,7899
10060,8130
9778,8374
9471,8558
9138,8720
8846,9055
8466,9255
8079,9504
7848,9701
7483,9809
7307,9971
7248,9996
7232,10080
7203,10052
7308,10107
7433,10011
7522,9986
7736,9834
7951,9597
8134,9229
8374,8926
8680,8560
8922,8184
9274,7925
9661,7649
10018,7442
10251,7266
10651,7098
11035,6996
11276,6984
11405,6941
11572,7013
11634,7031
11617,7139
11578,7260
11488,7354
11340,7545
11046,7783
10740,8016
10534,8215
10202,8522
9827,8826
9534,9187
9248,9542
8968,9939
8616,10254
8310,10436
8114,10562
7874,10745
7664,10803
7440,10723
7345,10651
7257,10507
7177,10358
7174,10185
7198,10137
7278,10062
7451,9802
7671,9538
7993,9297
8313,9017
8663,8719
9081,8390
9554,8114
9877,7841
10242,7673
10704,7402
11034,7143
11383,7015
11594,6951
11691,6937
11690,6980
11850,7051
11965,7090
11943,7246
11799,7378
11657,7615
11273,7857
10868,8025
10512,8217
9917,8402
9427,8630
9043,8784
8591,8988
8219,9199
7867,9310
7575,9398
7242,9515
7084,9758
6975,9948
6944,10032
6917,10034
6949,10023
7048,9997
7169,9863
7403,9668
7576,9460
7852,9203
8088,9001
8395,8757
8741,8606
9137,8428
8979,8193
9301,7873
9850,7571
9568,7444
8611,7325
7711,7195
7041,7107
6639,7099
6425,7108
6292,7177
6225,7235
6201,7382
6166,7604
6159,7914
6153,8249
6163,8625
6149,8984
6143,9347
6141,9577
6133,9953
6144,10215
6144,10471
6141,10671
6139,10785
6139,11016
6126,11206
6120,11126
6129,10942
6124,10779
6142,10544
6117,10384
6125,10109
6121,9934
6128,9605
6122,9181
6127,8714
6118,8415
6122,8076
6128,7787
6121,7534
6117,7323
6120,7159
6118,7087
6119,7002
6115,6917
6129,6877
6121,6815
6121,6790
6117,6804
6111,6834
6117,6873
6135,6920
6115,6976
6113,7104
6125,7094
6119,7154
6112,7176
6102,7082
6106,6863
6110,6645
6111,6451
6117,6342
6104,6246
6114,6223
6110,6185
6102,6162
6110,6141
6104,6136
6101,6130
6117,6131
6119,6112
6094,6123
6108,6126
6115,6108
6107,6135
6109,6126
6098,6114
6113,6107
6104,6084
6106,6083
6102,6085
6112,6065
6114,6063
6101,6070
6108,6072
6110,6074
6105,6074
6104,6070
6111,6069
6107,6063
6101,6051
6104,6066
6108,6063
6108,6062
6106,6053
6108,6063
6104,6064
6108,6057
6095,6059
6107,6073
6105,6048
6104,6066
6097,6070
6105,6066
6110,6050
6104,6052
6102,6055
6101,6062
6108,6045
6115,6049
6108,6067
6108,6066
6118,6055
6106,6066
6109,6061
6110,6057
6105,6051
6108,6049
6109,6054
6112,6050
6120,6060
6112,6061
6100,6038
6111,6064
6113,6049
6109,6056
6115,6051
6110,6044
6107,6048
6112,6055
6103,6047
6113,6044
6102,6058
6098,6053
6099,6053
6099,6045
6110,6048
6107,6046
6112,6041
6108,6043
6104,6047
6108,6050
6119,6054
6115,6046
6109,6048
6113,6038
6105,6053
6108,6046
6106,6052
6118,6057
6113,6056
6114,6047
6113,6056
6114,6045
6111,6040
6118,6048
6103,6041
6110,6037
6119,6042
6115,6053
6105,6045
6111,6046
6110,6047
6101,6038
6109,6046
6098,6056
6100,6047
6109,6057
6112,6062
6108,6040
6103,6042
6101,6053
6104,6056
6104,6051
6100,6039
6111,6050
6111,6047
6091,6044
6102,6062
6101,6060
6101,6048
6104,6044
6098,6055
6102,6045
6111,6057
6113,6054
6097,6044
6103,6050
6098,6051
6100,6062
6099,6058
6107,6056
6102,6043
6108,6052
6108,6056
6111,6052
6104,6060
6108,6050
6110,6033
6111,6057
6103,6054
6099,6060
6104,6053
6091,6053
6109,6059
6104,6057
6114,6052
6098,6058
6105,6041
6108,6049
6115,6060
6106,6046
6103,6048
6101,6039
6096,6056
6100,6056
6103,6049
6111,6046
6091,6048
6089,6054
6107,6048
6107,6056
6099,6049
6112,6048
6107,6044
6100,6051
6105,6063
6098,6061
6103,6053
6110,6054
6102,6057
6142,6076
5970,5911
6054,5808
6160,6095
6123,6071
6128,6063
6103,6055
6106,6071
6099,6044
6115,6049
6099,6044
6100,6053
6110,6049
6101,6038
6099,6044
6103,6045
6101,6050
6118,6059
6111,6053
6098,6056
6095,6038
6095,6037
6097,6053
6101,6051
6104,6040
6114,6046
6117,6041
6099,6053
6117,6047
6101,6042
6107,6045
6114,6043
6103,6054
6096,6045
6098,6045
6096,6051
6099,6051
6105,6032
6103,6056
6103,6062
6097,6040
6100,6059
6104,6051
6092,6048
6103,6051
6104,6059
6101,6048
6090,6047
6096,6047
6112,6040
6094,6046
6109,6037
6095,6052
6101,6051
6104,6052
6106,6045
6091,6053
6095,6051
6100,6057
6096,6052
6095,6042
6099,6046
6091,6038
6095,6058
6108,6036
6084,6063
6106,6045
6101,6057
6098,6048
6090,6047
6101,6053
6107,6049
6099,6053
6092,6053
6102,6061
6097,6051
6101,6047
6098,6050
6090,5946
6102,6038
6106,6050
6103,6055
6103,6041
6108,6033
6099,6054
6088,6052
6101,6040
6106,6047
6102,6056
6106,6054
6101,6048
6105,6045
6100,6030
6111,6055
6106,6041
6104,6058
6107,6046
6106,6054
6104,6055
6104,6061
6106,6043
6108,6055
6103,6045
6106,6053
6091,6042
6103,6059
6110,6058
6104,6045
6106,6060
6103,6061
6109,6066
6102,6054
6115,6050
6113,6054
6102,6052
6110,6055
6117,6040
6106,6045
6118,6046
6112,6047
6106,6059
6103,6062
6104,6055
6103,6055
6102,6049
6101,6058
6107,6045
6104,6054
6102,6027
6120,6050
6103,6057
6108,6053
6110,6048
6105,6061
6105,6059
6104,6046
6103,6056
6113,6049
6100,6037
6096,6038
6099,6053
6099,6054
6099,6055
6108,6044
6102,6052
6125,6048
6101,6049
6096,6040
6096,6047
6106,6050
6107,6054
6097,6058
6100,6033
6104,6049
6101,6051
6107,6044
6097,6051
6104,6044
6098,6046
6098,6048
6097,6042
6104,6052
6106,6058
6103,6057
6096,6054
6107,6040
6099,6057
6093,6045
6109,6049
6093,6053
6110,6047
6100,6047
6106,6047
6106,6037
6101,6045
6098,6040
6097,6047
6102,6041
6101,6044
6105,6048
6104,6057
6105,6047
6093,6041
6102,6052
6113,6042
6113,6040
6112,6053
6099,6026
6099,6042
6103,6050
6109,6057
6111,6062
6114,6052
6101,6028
6109,6052
6110,6043
6109,6048
6113,6060
6102,6053
6110,6054
6107,6039
6112,6011
6112,6058
6110,6039
6117,6051
6116,6044
6122,6060
6115,6046
6117,6034
6114,6041
6118,6043
6121,6055
6111,6059
6116,6041
6111,6059
6115,6047
6113,6053
6113,6054
6116,6048
6110,6060
6121,6055
6107,6030
6114,6045
6108,6056
6108,6055
6108,6049
6108,6046
6115,6065
6113,6051
6111,6041
6110,6047
6108,6040
6107,6052
6106,6053
6111,6046
6114,6048
6118,6052
6111,6046
6113,6051
6108,6043
6105,6055
6117,6060
6117,6053
6106,6050
6111,6054
6102,6060
6111,6051
6108,6049
6112,6040
6113,6048
6114,6038
6116,6054
6109,6055
6109,6050
6110,6041
6107,6048
6114,6052
6118,6049
6114,6041
6113,6039
6111,6050
6115,6057
6116,6056
6103,6044
6110,6053
6089,6068
6126,6086
6117,6052
6036,5999
6107,6044
6084,6015
6096,6053
6106,6046
6111,6048
6099,6052
6106,6043
6110,6054
6103,6049
6110,6057
6114,6041
6109,6057
6108,6038
6101,6044
6108,6054
6112,6042
6107,6053
6108,6053
6116,6053
6108,6041
6107,6042
6115,6042
6119,6048
6111,6050
6109,6053
6109,6041
6114,6052
6115,6056
6118,6054
6118,6049
6101,6048
6122,6059
6127,6048
6111,6056
6108,6049
6114,6056
6115,6056
6120,6055
6122,6052
6127,6047
6113,6049
6123,6059
6112,6057
6110,6050
6109,6063
6123,6054
6116,6049
6110,6051
6123,6061
6127,6054
6120,6042
6113,6051
6111,6059
6115,6066
6122,6065
6122,6056
6110,6043
6116,6057
6116,6057
6118,6043
6109,6055
6109,6058
6119,6063
6111,6051
6118,6051
6115,6060
6102,6063
6112,6065
6119,6061
6119,6051
6117,6057
6118,6062
6114,6047
6117,6047
6116,6056
6114,6057
6110,6061
6115,6058
6116,6052
6114,6052
6114,6052
6113,6057
6112,6049
6111,6059
6114,6057
6119,6052
6120,6051
6113,6049
6111,6040
6115,6056
6106,6048
6120,6056
6109,6057
6118,6056
6120,6048
6116,6053
6111,6050
6119,6051
6113,6050
6114,6060
6113,6054
6108,6066
6117,6054
6117,6054
6116,6038
6114,6042
6117,6050
6116,6047
6120,6059
6105,6051
6108,6049
6115,6049
6111,6053
6122,6053
6116,6051
6112,6054
6119,6049
6115,6054
6114,6055
6113,6047
6119,6054
6118,6051
6118,6064
6115,6046
6116,6046
6116,6046
6116,6052
6114,6057
6113,6045
6116,6046
6105,6052
6116,6063
6117,6063
6115,6054
6119,6043
6120,6055
6117,6056
6112,6055
0,24
0,61680
0,0
6123,6063
5602,5575
5595,5568
5599,5571
5592,5574
5598,5567
5600,5576
5598,5569
5656,5644
5786,5752
6276,6264
6315,6331
6336,6291
6329,6321
6280,6325
6282,6294
6306,6301
6274,6278
6284,6310
6295,6322
6308,6336
6298,6328
6303,6353
6299,6352
6317,6335
6315,6322
6308,6336
6290,6346
6305,6330
6323,6312
6307,6322
6293,6318
6276,6302
6282,6327
6283,6297
6279,6322
6284,6323
6292,6327
6313,6366
6296,6362
6302,6342
6294,6336
6275,6333
6271,6343
6284,6348
6289,6354
6311,6352
6282,6347
6293,6325
6298,6328
6294,6340
6295,6351
6289,6355
6302,6321
6291,6327
6293,6365
6295,6344
6311,6315
6324,6330
6295,6343
6317,6345
6302,6320
6275,6312
6267,6300
6266,6314
6301,6334
6302,6350
6296,6366
6305,6338
6318,6343
6305,6354
6287,6320
6283,6297
6285,6308
6285,6323
6280,6317
6284,6331
6295,6323
6295,6310
6288,6322
6291,6324
6290,6321
6275,6332
6303,6336
6307,6321
6290,6317
6267,6340
6275,6329
6270,6354
6273,6322
6273,6327
6303,6318
6296,6338
6305,6364
6310,6347
6313,6351
6293,6334
6280,6346
6282,6334
6283,6326
6289,6339
6290,6309
6306,6322
6289,6303
6285,6329
6275,6330
6266,6322
6271,6344
6315,6307
6302,6327
6290,6331
6269,6325
6274,6340
6283,6336
6287,6342
6276,6363
6299,6299
6320,6313
6295,6333
6289,6314
6306,6316
6291,6347
6295,6365
6294,6324
6298,6313
6286,6340
6277,6350
6308,6344
6305,6322
6282,6325
6292,6331
6276,6351
6282,6346
6275,6361
6284,6337
6286,6351
6297,6323
6288,6319
6290,6311
6280,6336
6285,6346
6287,6355
6292,6343
6276,6344
6272,6308
6279,6350
6276,6350
6287,6335
6281,6357
6278,6333
6280,6335
6274,6338
6276,6314
6300,6334
6306,6345
6287,6332
6278,6350
6286,6338
6292,6325
6299,6329
6287,6310
6280,6315
6264,6319
6293,6334
6294,6340
6283,6340
6294,6359
6301,6351
6289,6355
6271,6336
6274,6341
6270,6334
6284,6336
6267,6350
6275,6343
6278,6346
6291,6362
6291,6342
6285,6366
6273,6361
6275,6342
6275,6357
6285,6347
6272,6342
6266,6316
6292,6336
6290,6336
6279,6354
6283,6366
6268,6374
6271,6394
6271,6378
6278,6364
6269,6373
6274,6365
6289,6372
6270,6359
6274,6369
6269,6360
6285,6371
6275,6364
6276,6376
6274,6378
6259,6366
6272,6371
6280,6379
6265,6388
6281,6358
6288,6365
6256,6356
6258,6361
6278,6368
6287,6362
6281,6385
6282,6360
6285,6370
6291,6361
6267,6415
6243,6403
6251,6374
6253,6398
6272,6385
6271,6370
6236,6374
6243,6383
6269,6358
6255,6350
6255,6363
6266,6391
6281,6363
6259,6391
6273,6381
6261,6359
6277,6374
6247,6372
6239,6353
6256,6378
6235,6383
6251,6361
6247,6354
6251,6390
6259,6378
6252,6390
6247,6406
6262,6395
6269,6401
6237,6405
6252,6395
6251,6390
6278,6404
6270,6382
6252,6355
6250,6375
6265,6374
6261,6385
6276,6359
6265,6421
6296,6398
6259,6409
6239,6391
6253,6388
6255,6384
6252,6379
6258,6392
6242,6362
6243,6346
6242,6345
6259,6342
6247,6362
6265,6365
6243,6391
6246,6383
6233,6374
6234,6396
6241,6383
6243,6371
6253,6395
6235,6276
6229,6330
6333,6478
6216,6372
6243,6373
6245,6370
6278,6434
6236,6361
6257,6365
6245,6408
6257,6393
6244,6384
6241,6407
6239,6380
6252,6381
6236,6360
6250,6370
6245,6353
6242,6366
6240,6410
6252,6374
6243,6389
6235,6378
6240,6379
6241,6388
6239,6396
6248,6369
6231,6376
6236,6393
6246,6388
6225,6379
6232,6365
6234,6378
6232,6367
6221,6343
6238,6351
6239,6353
6253,6369
6239,6377
6241,6413
6234,6409
6243,6416
6224,6431
6242,6406
6237,6411
6233,6422
6229,6385
6217,6398
6213,6389
6217,6405
6235,6395
6232,6421
6236,6409
6242,6407
6233,6394
6211,6393
6216,6403
6229,6396
6238,6367
6232,6395
6227,6384
6244,6363
6233,6378
6236,6354
6252,6375
6236,6391
6228,6412
6215,6398
6229,6390
6233,6416
6236,6374
6234,6358
6221,6340
6229,6347
6218,6363
6224,6345
6237,6347
6236,6392
6237,6398
6244,6391
6226,6409
6224,6369
6228,6416
6230,6398
6234,6403
6212,6382
6227,6423
6214,6378
6217,6376
6228,6394
6224,6412
6228,6411
6226,6430
6227,6399
6229,6403
6223,6392
6225,6406
6226,6413
6227,6381
6227,6393
6223,6397
6231,6416
6221,6430
6222,6416
6206,6414
6217,6439
6219,6409
6219,6429
6225,6425
6226,6435
6236,6411
6212,6403
6226,6424
6224,6400
6223,6394
6216,6411
6223,6408
6217,6420
6221,6402
6235,6394
6230,6409
6235,6393
6220,6376
6214,6393
6225,6410
6218,6412
6213,6410
6226,6411
6229,6418
6221,6430
6220,6381
6214,6412
6224,6418
6216,6447
6220,6439
6219,6439
6224,6414
6228,6422
6219,6408
6211,6382
6210,6366
6220,6380
6222,6365
6233,6366
6223,6336
6218,6358
6231,6356
6236,6334
6231,6376
6239,6396
6228,6381
6218,6415
6232,6383
6225,6384
6210,6400
6214,6413
6223,6438
6215,6411
6221,6427
6213,6458
6232,6443
6219,6417
6206,6446
6205,6425
6219,6429
6226,6416
6207,6434
6235,6423
6226,6423
6219,6401
6211,6404
6200,6409
6219,6402
6206,6414
6216,6403
6216,6412
6223,6401
6217,6413
6214,6402
6216,6414
6216,6376
6225,6411
6211,6405
6210,6401
6216,6374
6210,6407
6215,6387
6200,6409
6229,6377
6221,6386
6216,6400
6212,6383
6222,6372
6231,6347
6223,6375
6218,6378
6217,6362
6227,6392
6220,6390
6209,6411
6210,6407
6212,6393
6204,6405
6225,6384
6211,6377
6215,6385
6209,6388
6229,6372
6204,6393
6214,6366
6211,6371
6219,6363
6228,6362
6214,6361
6234,6378
6223,6384
6221,6387
6220,6396
6218,6377
6213,6385
6236,6389
6230,6385
6228,6375
6229,6375
6215,6416
6238,6377
6219,6381
6219,6375
6223,6363
6228,6370
6230,6404
6227,6384
6224,6387
6229,6367
6214,6372
6226,6385
6225,6388
6202,6368
6232,6386
6227,6408
6231,6357
6238,6369
6217,6367
6226,6378
6234,6352
6234,6379
6246,6368
6220,6374
6233,6380
6224,6388
6234,6434
6239,6390
6234,6379
6223,6397
6218,6383
6224,6344
6242,6366
6225,6365
6231,6350
6215,6362
6238,6372
6234,6375
6220,6378
6242,6365
6233,6355
6237,6361
6235,6378
6128,6306
6225,6319
6170,6318
6185,6329
6277,6406
6228,6345
6215,6357
6243,6363
6220,6351
6220,6342
6231,6354
6249,6351
6231,6335
6229,6369
6217,6347
6230,6371
6221,6352
6230,6350
6231,6358
6233,6348
6242,6355
6231,6375
6232,6353
6221,6361
6227,6364
6237,6364
6236,6367
6229,6361
6239,6320
6236,6326
6222,6328
6234,6326
6246,6327
6229,6331
6226,6310
6229,6352
6235,6357
6230,6328
6240,6298
6240,6329
6241,6339
6224,6348
6223,6335
6216,6347
6236,6347
6222,6343
6224,6337
6231,6342
6230,6335
6227,6331
6229,6335
6228,6346
6224,6338
6221,6320
6226,6336
6238,6346
6232,6360
6231,6335
6228,6348
6226,6329
6221,6312
6229,6346
6237,6341
6241,6338
6210,6327
6223,6349
6225,6336
6225,6315
6218,6338
6228,6346
6220,6360
6235,6343
6243,6369
6220,6347
6227,6331
6240,6347
6242,6358
6237,6365
6241,6361
6244,6360
6243,6365
6254,6353
6267,6334
6256,6332
6247,6344
6265,6350
6274,6342
6276,6354
6275,6351
6298,6344
6309,6343
6312,6340
6356,6348
6377,6336
6403,6350
6435,6339
6500,6366
6552,6355
6571,6356
6626,6319
6641,6304
6679,6322
6687,6341
6673,6345
6690,6331
6656,6324
6656,6328
6677,6345
6689,6333
6767,6339
6786,6345
6909,6364
7050,6357
7212,6351
7414,6346
7600,6347
7803,6333
7980,6330
8148,6339
8286,6332
8452,6337
8578,6346
8649,6365
8788,6367
8874,6365
8873,6387
8891,6411
8785,6428
8773,6470
8684,6482
8554,6505
8342,6518
8229,6561
8138,6615
8010,6656
7848,6714
7666,6761
7460,6810
7225,6887
7113,6967
7009,7026
6882,7052
6846,7135
6846,7208
6881,7297
7002,7372
7077,7412
7237,7442
7406,7478
7520,7500
7700,7499
7809,7502
7906,7419
8062,7348
8224,7254
8465,7183
8640,7020
8818,6924
8933,6851
9078,6762
9064,6705
9103,6693
9254,6738
9337,6763
9338,6788
9235,6828
9119,6876
9039,6937
8961,6986
8775,7118
8537,7201
8349,7296
8139,7374
7929,7502
7837,7656
7627,7847
7527,7980
7344,8113
7250,8183
7140,8219
7075,8288
7063,8390
7019,8337
7042,8214
7111,8120
7214,7997
7339,7912
7489,7792
7608,7664
7850,7560
8057,7457
8179,7292
8358,7230
8499,7159
8676,7063
8783,6980
8939,6951
9043,6886
9119,6829
9123,6829
9148,6838
9192,6905
9164,6950
9084,6982
9099,7114
9028,7214
8927,7407
8746,7570
8579,7756
8479,7961
8243,8136
8040,8363
7795,8534
7634,8803
7415,8919
7213,9023
7074,9137
6962,9087
6900,9075
6896,9056
6906,8989
6993,9002
7108,8905
7237,8798
7405,8620
7602,8469
7841,8301
8178,8126
8532,7995
8913,7874
9057,7641
9345,7457
9620,7275
9874,7139
9998,7053
10184,6973
10357,6895
10540,6798
10611,6737
10650,6775
10615,6825
10387,6881
10206,6953
10009,7093
9792,7181
9620,7316
9459,7516
9194,7708
8919,7833
8645,7999
8393,8223
8108,8492
7896,8642
7639,8833
7506,8993
7389,9140
7259,9244
7203,9219
7132,9233
7084,9230
7073,9063
7069,8910
7081,8824
7149,8666
7226,8431
7333,8272
7486,8059
7647,7885
7784,7697
8066,7631
8396,7423
8507,7306
8709,7117
8921,6927
9153,6846
9358,6768
9529,6787
9792,6768
9975,6805
9975,6861
9936,6935
10021,7067
10039,7220
9848,7397
9752,7630
9654,7783
9381,7942
9159,8169
8919,8343
8706,8544
8440,8682
8207,8791
7939,8874
7704,8940
7505,9081
7286,9073
7108,9005
6972,8876
6857,8875
6809,8934
6812,8902
6856,8831
6908,8777
7057,8733
7175,8512
7325,8489
7511,8399
7672,8188
7799,7973
7893,7724
8048,7556
8184,7426
8359,7285
8464,7123
8597,6978
8621,6882
8713,6785
8744,6764
8790,6763
8872,6734
8903,6802
8894,6866
8852,6947
8796,7064
8600,7189
8483,7360
8351,7544
8191,7728
8036,7938
7828,8116
7629,8328
7434,8444
7244,8505
7065,8574
6953,8655
6871,8742
6769,8730
6758,8689
6772,8649
6766,8650
6795,8457
6860,8320
6879,8123
6951,8004
7028,7803
7075,7670
7104,7600
7228,7427
7287,7296
7457,7223
7611,7110
7824,7003
8001,6886
8297,6767
8473,6717
8656,6675
8739,6617
8864,6608
8963,6608
9085,6638
9154,6705
9070,6755
8986,6846
8884,6944
8840,7047
8714,7158
8590,7287
8393,7392
8193,7553
7970,7662
7790,7776
7577,7880
7360,7959
7156,8025
6985,8058
6874,8040
6766,8030
6714,7968
6697,7921
6712,7852
6738,7848
6830,7822
6927,7767
6998,7640
7126,7579
7249,7502
7374,7410
7487,7335
7657,7249
7813,7162
7973,7005
8109,6893
8250,6815
8366,6705
8466,6631
8558,6570
8820,6528
8937,6503
9020,6534
9071,6575
9171,6599
9153,6679
9028,6781
8946,6864
8869,6984
8790,7102
8636,7265
8439,7376
8225,7519
7983,7630
7782,7748
7612,7916
7458,7989
7305,8061
7135,8057
7054,8035
6924,8102
6840,7996
6800,7948
6805,7952
6803,7818
6827,7705
6874,7608
6941,7481
7048,7442
7154,7346
7314,7227
7535,7164
7753,7038
7879,6936
8101,6861
8290,6789
8409,6697
8560,6621
8697,6575
8844,6549
8966,6526
9070,6538
9120,6566
9047,6639
9016,6705
8921,6789
8854,6880
8801,7044
8621,7215
8387,7343
8242,7521
8174,7654
7948,7777
7736,7900
7554,8066
7386,8234
7251,8285
7107,8337
7035,8450
6918,8492
6855,8503
6831,8508
6792,8410
6782,8419
6798,8315
6851,8242
6946,8236
7074,8111
7224,8005
7411,7788
7546,7663
7797,7506
8005,7394
8193,7234
8355,7152
8643,7035
8867,6906
8937,6776
9069,6732
9215,6657
9181,6594
9266,6571
9378,6590
9419,6644
9375,6695
9295,6773
9142,6840
9134,6968
8986,7027
8745,7198
8633,7312
8411,7499
8187,7617
7968,7758
7768,7888
7610,7998
7447,8108
7283,8218
7112,8296
7028,8262
6918,8285
6861,8306
6801,8335
6791,8293
6804,8236
6833,8190
6933,8064
7067,7997
7233,7885
7404,7727
7512,7575
7708,7415
7935,7290
8189,7146
8405,7048
8651,6939
8865,6872
8957,6784
9122,6776
9260,6703
9337,6689
9333,6701
9344,6715
9355,6741
9374,6843
9315,6894
9288,7021
9218,7155
8999,7334
8757,7426
8616,7612
8419,7704
8124,7931
7865,8058
7564,8210
7363,8378
7181,8467
7023,8513
6928,8657
6829,8785
6770,8782
6726,8910
6718,8896
6790,8919
6731,8744
6890,8732
6960,8651
7069,8407
7241,8061
7392,7966
7486,7808
7637,7607
7822,7413
7965,7291
8053,7182
8163,7023
8379,6896
8431,6801
8473,6713
8609,6668
8567,6620
8533,6594
8524,6596
8499,6594
8644,6633
8629,6695
8680,6816
8735,6998
8523,7129
8455,7247
8300,7411
8199,7552
8099,7735
7944,7880
7803,7945
7678,7990
7489,7994
7385,8205
7242,8258
7151,8334
7016,8344
6935,8248
6921,8219
6897,8143
6965,7940
7006,7882
7157,7715
7303,7550
7446,7417
7677,7393
7926,7226
8160,7107
8341,6995
8585,6899
8804,6826
8969,6705
9070,6632
9253,6578
9357,6540
9463,6515
9584,6522
9647,6546
9580,6582
9446,6612
9238,6714
9066,6818
9030,6907
8849,7025
8627,7137
8442,7295
8228,7466
8011,7634
7837,7836
7677,8010
7502,8167
7296,8356
7101,8561
6940,8752
6845,8964
6731,8980
6665,9098
6612,9112
6612,9086
6632,9100
6688,9082
6747,8863
6831,8708
6898,8597
6973,8411
7079,8214
7191,7990
7259,7786
7332,7605
7462,7414
7479,7270
7553,7057
7587,6911
7709,6796
7803,6738
7848,6691
7890,6670
7958,6688
8004,6712
8011,6776
8051,6838
8141,6971
8065,7023
8007,7132
7974,7220
7886,7356
7799,7472
7758,7588
7600,7628
7563,7747
7467,7777
7309,7920
7168,7988
7071,8009
6992,7998
6937,7989
6825,7954
6815,7888
6827,7834
6888,7725
6997,7599
7123,7506
7324,7371
7525,7236
7800,7135
8066,7009
8355,6899
8615,6869
8802,6801
9094,6757
9422,6705
9689,6656
9991,6626
10246,6568
10369,6559
10456,6583
10646,6592
10609,6621
10554,6650
10589,6721
10433,6767
10308,6816
10161,6897
9969,7032
9720,7182
9629,7279
9410,7407
8987,7591
8680,7718
8383,7935
8076,7993
7935,8215
7671,8265
7407,8396
7236,8488
7130,8559
7100,8488
7079,8471
7102,8462
7204,8424
7314,8431
7446,8380
7600,8305
7864,8200
8046,8062
8392,7848
8610,7646
8826,7456
9052,7288
9311,7126
9581,7021
9782,6910
10073,6799
10087,6737
10140,6709
10214,6706
10316,6718
10376,6753
10302,6814
10401,6899
10377,7019
10276,7170
10140,7338
9941,7527
9712,7707
9406,7887
9051,8058
8743,8347
8549,8442
8328,8698
8139,8948
7944,9096
7800,9130
7634,9185
7504,9162
7426,9152
7374,9187
7334,9217
7288,9195
7346,8992
7409,8811
7572,8689
7725,8533
7975,8303
8252,8096
8595,8004
9054,7798
9460,7625
9912,7457
10222,7294
10506,7128
10677,7020
10842,6937
11068,6847
11229,6802
11190,6798
11264,6839
11239,6893
11241,6974
11183,7093
11022,7159
10915,7294
10721,7461
10644,7659
10384,7905
10105,8124
9822,8334
9478,8564
9161,8748
8834,8988
8461,9274
8079,9486
7829,9665
7494,9793
7349,9932
7257,10014
7236,10048
7197,10043
7284,10054
7422,10048
7577,9989
7762,9834
7976,9545
8182,9238
8426,8910
8638,8534
8897,8231
9289,7932
9661,7634
9998,7466
10269,7281
10574,7111
10996,7009
11258,6961
11394,6963
11572,6993
11647,7035
11680,7128
11613,7243
11548,7355
11306,7541
11041,7779
10744,7980
10544,8189
10149,8490
9815,8859
9513,9165
9402,9752
8953,9864
8578,10167
8324,10436
8112,10580
7823,10731
7718,10812
7449,10795
7331,10628
7192,10495
7194,10294
7178,10184
7175,10139
7282,10098
7437,9843
7687,9564
7947,9331
8304,9016
8646,8708
9089,8379
9513,8131
9871,7845
10291,7614
10698,7373
11028,7168
11363,7018
11519,6934
11678,6959
11748,6978
11856,7031
11929,7131
11952,7216
11840,7393
11682,7584
11246,7809
10866,8000
10457,8241
9909,8335
9366,8588
8989,8817
8596,8992
8211,9182
7877,9326
7540,9386
7241,9511
7089,9739
6999,9940
6949,9993
6908,10033
6923,10002
7064,10030
7137,9916
7390,9673
7588,9384
7844,9257
8085,8987
8337,8775
8713,8637
9149,8416
8954,8203
9283,7883
9768,7639
9532,7427
8645,7301
7691,7192
7057,7108
6626,7104
6379,7117
6299,7146
6234,7250
6202,7380
6174,7620
6157,7903
6154,8253
6145,8624
6140,9044
6142,9325
6142,9654
6135,9935
6144,10190
6138,10496
6145,10626
6138,10783
6137,11016
6126,11185
6120,11181
6135,10976
6131,10800
6128,10562
6125,10330
6115,10149
6118,9903
6119,9626
6123,9091
6131,8682
6119,8369
6122,8061
6122,7797
6117,7532
6112,7334
6125,7129
6110,7067
6115,7005
6116,6893
6127,6869
6109,6787
6120,6775
6114,6809
6108,6808
6107,6856
6123,6903
6118,6957
6107,7124
6119,7104
6116,7138
6114,7202
6103,7082
6110,6869
6105,6655
6108,6452
6114,6332
6113,6250
6109,6205
6111,6162
6123,6167
6108,6147
6107,6148
6103,6140
6111,6124
6103,6111
6107,6127
6106,6121
6108,6117
6106,6111
6104,6128
6097,6127
6107,6116
6108,6088
6103,6069
6099,6086
6112,6074
6114,6077
6095,6054
6107,6081
6112,6059
6107,6070
6103,6070
6105,6072
6107,6074
6099,6072
6105,6048
6105,6080
6100,6054
6103,6058
6104,6062
6104,6052
6104,6063
6100,6070
6105,6077
6110,6058
6107,6067
6107,6049
6106,6060
6103,6059
6105,6059
6108,6053
6106,6058
6106,6062
6114,6052
6113,6056
6113,6051
6107,6054
6103,6049
6112,6055
6112,6054
6108,6050
6112,6051
6100,6053
6116,6056
6111,6067
6111,6048
6098,6058
6116,6042
6103,6054
6106,6053
6116,6053
6115,6056
6114,6053
6104,6021
6099,6047
6106,6051
6105,6043
6099,6052
6105,6054
6102,6044
6101,6042
6122,6055
6105,6047
6115,6048
6101,6056
6109,6049
6106,6059
6105,6052
6112,6048
6106,6050
6104,6044
6111,6060
6107,6044
6114,6052
6113,6047
6104,6050
6120,6041
6109,6052
6107,6046
6117,6046
6114,6046
6110,6037
6107,6056
6112,6048
6114,6040
6111,6057
6106,6047
6106,6035
6107,6050
6103,6043
6102,6039
6103,6062
6110,6053
6115,6048
6103,6054
6104,6044
6099,6045
6110,6058
6108,6045
6107,6044
6107,6048
6112,6049
6112,6055
6111,6047
6105,6055
6102,6061
6106,6054
6099,6048
6112,6053
6108,6043
6097,6057
6099,6045
6099,6039
6104,6051
6104,6041
6102,6056
6104,6062
6099,6050
6104,6055
6104,6042
6103,6046
6104,6056
6102,6055
6113,6045
6100,6050
6099,6038
6116,6047
6101,6058
6110,6049
6105,6036
6107,6036
6096,6055
6098,6047
6143,6072
6112,6050
6068,6019
6146,6102
6117,6060
6106,6055
6099,6038
6112,6061
6117,6063
6089,6052
6084,6028
6112,6057
6114,6044
6100,6055
6104,6047
6105,6056
6101,6044
6099,6055
6095,6053
6099,6047
6105,6051
6100,6051
6095,6036
6095,6046
6104,6056
6103,6044
6104,6062
6114,6053
6111,6050
6105,6043
6096,6041
6105,6049
6104,6063
6092,6049
6105,6060
6099,6047
6099,6053
6103,6048
6104,6039
6110,6051
6103,6046
6097,6042
6097,6040
6097,6048
6099,6054
6099,6040
6102,6043
6106,6080
6113,6042
6099,6040
6112,6048
6093,6042
6101,6049
6105,6056
6101,6053
6092,6052
6100,6051
6099,6044
6099,6045
6098,6036
6100,6047
6091,6055
6096,6045
6103,6046
6091,6046
6096,6043
6095,6054
6094,6049
6100,6052
6091,6048
6099,6037
6105,6044
6104,6034
6102,6045
6091,6062
6094,6049
6096,6029
6102,6028
6095,6033
6096,6043
6101,6049
6091,6047
6093,6041
6103,6051
6104,6053
6093,6063
6102,6043
6091,6044
6090,6055
6098,6043
6095,6037
6114,6043
6106,6040
6115,6044
6100,6050
6089,6042
6108,6036
6096,6053
6095,6047
6106,6040
6102,6044
6111,6051
6115,6044
6104,6048
6101,6044
6103,6041
6102,6040
6102,6053
6096,6037
6105,6051
6106,6038
6108,6055
6101,6051
6101,6055
6107,6063
6107,6051
6099,6049
6100,6050
6103,6047
6095,6048
6104,6050
6101,6051
6106,6052
6101,6052
6098,6051
6102,6054
6100,6050
6111,6046
6101,6063
6096,6043
6107,6045
6106,6061
6105,6066
6105,6046
6101,6051
6113,6054
6101,6059
6104,6055
6112,6056
6108,6049
6116,6045
6114,6048
6101,6054
6107,6054
6115,6053
6122,6059
6109,6035
6091,6056
6108,6048
6104,6044
6103,6053
6109,6054
6106,6059
6108,6049
6113,6048
6106,6050
6105,6057
6105,6053
6107,6052
6109,6044
6101,6050
6087,6044
6101,6033
6103,6035
6102,6054
6091,6046
6108,6051
6116,6047
6106,6039
6102,6043
6103,6031
6106,6045
6108,6041
6102,6054
6098,6037
6101,6055
6103,6040
6108,6040
6098,6053
6101,6057
6097,6054
6101,6059
6094,6054
6101,6048
6104,6057
6112,6052
6095,6047
6106,6038
6103,6048
6102,6045
6093,6054
6106,6042
6106,6040
6103,6054
6102,6050
6102,6040
6103,6038
6096,6048
6101,6048
6104,6048
6102,6053
6108,6051
6102,6052
6104,6053
6103,6044
6099,6061
6115,6039
6113,6050
6115,6053
6102,6055
6107,6054
6108,6045
6105,6033
6122,6053
6114,6064
6098,6051
6105,6054
6103,6065
6111,6049
6107,6061
6102,6054
6102,6042
6110,6039
6111,6041
6111,6060
6108,6059
6115,6056
6109,6053
6115,6051
6114,6029
6115,6041
6115,6047
6121,6060
6116,6062
6110,6048
6106,6039
6108,6057
6113,6036
6112,6046
6111,6048
6119,6050
6109,6053
6119,6058
6109,6047
6109,6048
6111,6060
6115,6045
6106,6059
6103,6040
6114,6050
6113,6049
6097,6049
6110,6052
6108,6051
6104,6058
6106,6037
6107,6046
6112,6044
6111,6053
6108,6047
6121,6040
6101,6044
6117,6048
6117,6063
6114,6047
6114,6045
6103,6054
6095,6064
6112,6043
6060,5994
6073,6001
6147,6078
6060,6001
6133,6057
6110,6053
6108,6045
6108,6037
6098,6029
6119,6041
6110,6031
6112,6054
6107,6056
6103,6046
6117,6037
6118,6036
6111,6050
6116,6049
6105,6040
6112,6034
6115,6055
6107,6018
6114,6049
6117,6046
6104,6041
6119,6047
6106,6053
6105,6061
6109,6050
6117,6046
6106,6058
6111,6047
6116,6052
6103,6055
6108,6055
6094,6047
6118,6059
6115,6053
6105,6050
6104,6040
6113,6042
6109,6043
6106,6055
6114,6053
6119,6046
6120,6036
6108,6056
6110,6049
6117,6056
6121,6051
6114,6054
6113,6051
6106,6045
6115,6042
6121,6050
6106,6045
6106,6057
6108,6046
6123,6050
6116,6063
6114,6054
6121,6061
6115,6056
6115,6047
6106,6057
6108,6055
6114,6051
6115,6052
6119,6053
6107,6058
6122,6060
6127,6059
6115,6040
6112,6053
6112,6042
6113,6059
6113,6059
6113,6036
6116,6049
6115,6059
6121,6044
6116,6051
6117,6051
6119,6056
6111,6037
6115,6051
6116,6055
6115,6050
6117,6046
6122,6042
6114,6041
6114,6050
6115,6057
6110,6047
6114,6051
6111,6042
6117,6056
6120,6053
6120,6053
6116,6055
6112,6048
6106,6058
6113,6056
6113,6049
6114,6061
6116,6046
6113,6057
6111,6043
6115,6035
6109,6059
6113,6050
6113,6044
6114,6048
6103,6057
6114,6052
6126,6055
6114,6055
6113,6061
6123,6053
6113,6047
6113,6047
6118,6059
6113,6057
6107,6063
6115,6047
6123,6065
6106,6070
6116,6053
6109,6057
6112,6050
6110,6057
6110,6058
6124,6058
6120,6045
6114,6049
6119,6055
6105,6057
6119,6040
6116,6055
6114,6051
6112,6058
6117,6059
6117,6059
6123,6051
6120,6046
6111,6058
6108,6061
6114,6050
6124,6050
6117,6047
6115,6056
6111,6056
6115,6060
6114,6058
6114,6044
6116,6052
6114,6043
6115,6049
6114,6051
6112,6058
0,28
0,61680
0,0
6119,6052
5589,5573
5599,5580
5596,5578
5596,5588
5596,5575
5595,5579
5599,5583
5598,5580
5813,5751
6308,6340
6281,6327
6310,6298
6302,6295
6265,6321
6287,6296
6302,6318
6287,6304
6293,6308
6298,6307
6304,6331
6307,6320
6299,6337
6307,6334
6307,6336
6325,6314
6286,6307
6297,6336
6308,6339
6314,6326
6296,6334
6289,6340
6277,6323
6284,6335
6284,6326
6292,6319
6293,6322
6302,6324
6312,6354
6317,6354
6308,6316
6280,6334
6284,6329
6279,6354
6279,6375
6283,6344
6311,6340
6284,6357
6286,6339
6283,6319
6291,6336
6276,6351
6279,6352
6303,6351
6287,6328
6299,6362
6297,6347
6316,6331
6323,6341
6284,6341
6321,6340
6305,6317
6273,6326
6266,6301
6263,6316
6299,6347
6304,6344
6295,6351
6312,6328
6321,6328
6301,6342
6283,6333
6290,6308
6291,6316
6297,6313
6288,6315
6296,6330
6295,6332
6302,6318
6296,6335
6297,6324
6293,6342
6284,6342
6308,6330
6302,6321
6296,6338
6269,6314
6270,6348
6288,6369
6285,6319
6269,6319
6287,6326
6284,6328
6295,6354
6306,6342
6314,6345
6296,6345
6294,6348
6288,6325
6295,6330
6289,6327
6284,6319
6292,6318
6294,6309
6286,6304
6272,6323
6263,6319
6285,6336
6298,6329
6298,6348
6288,6325
6267,6298
6275,6331
6280,6345
6301,6338
6283,6354
6299,6321
6304,6321
6297,6331
6281,6323
6295,6308
6284,6351
6287,6368
6285,6341
6301,6335
6274,6348
6289,6346
6306,6353
6295,6333
6289,6320
6283,6334
6292,6350
6279,6352
6272,6358
6291,6319
6275,6336
6288,6319
6298,6312
6295,6319
6290,6335
6277,6367
6280,6340
6298,6343
6285,6360
6286,6320
6292,6343
6283,6356
6283,6347
6282,6323
6275,6350
6283,6324
6275,6336
6277,6337
6298,6341
6296,6329
6279,6325
6288,6356
6284,6334
6286,6339
6297,6333
6278,6326
6268,6330
6252,6314
6293,6352
6296,6357
6272,6336
6303,6344
6313,6368
6275,6339
6264,6341
6274,6342
6266,6344
6280,6355
6280,6353
6277,6351
6297,6356
6305,6359
6285,6360
6276,6372
6270,6361
6268,6368
6276,6327
6285,6333
6267,6304
6280,6327
6274,6335
6281,6335
6275,6343
6283,6358
6267,6364
6279,6372
6273,6362
6267,6368
6270,6353
6263,6393
6267,6377
6266,6344
6278,6345
6276,6358
6270,6352
6278,6357
6278,6384
6266,6370
6260,6365
6266,6364
6288,6385
6260,6383
6270,6375
6276,6360
6254,6363
6280,6363
6278,6335
6287,6359
6274,6373
6275,6355
6270,6362
6280,6362
6257,6394
6263,6404
6257,6368
6263,6388
6265,6364
6279,6361
6253,6368
6242,6377
6272,6373
6273,6378
6271,6364
6253,6386
6270,6380
6264,6389
6260,6379
6268,6365
6251,6366
6245,6379
6248,6385
6266,6379
6260,6377
6260,6362
6255,6370
6248,6419
6264,6394
6258,6379
6260,6400
6264,6404
6269,6407
6249,6412
6256,6414
6260,6395
6278,6414
6274,6388
6258,6368
6252,6379
6254,6389
6253,6381
6311,6394
6250,6403
6237,6330
6293,6416
6288,6423
6252,6373
6235,6379
6231,6388
6269,6406
6262,6360
6257,6354
6246,6345
6260,6365
6238,6352
6261,6368
6238,6387
6255,6381
6246,6395
6236,6386
6246,6387
6246,6377
6256,6388
6264,6398
6259,6381
6240,6429
6260,6401
6255,6390
6247,6398
6234,6396
6259,6393
6253,6370
6264,6399
6254,6380
6243,6386
6243,6407
6239,6390
6249,6374
6235,6360
6237,6363
6253,6354
6243,6387
6245,6425
6242,6359
6240,6376
6243,6378
6233,6379
6245,6393
6253,6393
6245,6384
6235,6368
6238,6382
6250,6392
6227,6367
6231,6359
6241,6363
6232,6370
6222,6362
6233,6350
6228,6351
6257,6362
6257,6383
6238,6419
6242,6407
6231,6394
6238,6423
6231,6423
6236,6424
6240,6388
6225,6395
6224,6373
6235,6379
6221,6398
6219,6401
6230,6402
6231,6416
6251,6401
6237,6392
6243,6388
6218,6407
6244,6395
6229,6368
6236,6393
6240,6389
6238,6381
6232,6395
6236,6360
6241,6371
6250,6409
6228,6402
6226,6411
6235,6401
6240,6398
6236,6375
6239,6374
6227,6343
6229,6351
6230,6355
6226,6360
6221,6332
6238,6363
6230,6398
6227,6386
6240,6391
6227,6386
6237,6403
6227,6413
6228,6396
6222,6398
6233,6415
6215,6398
6202,6385
6222,6402
6231,6399
6225,6387
6232,6413
6229,6409
6224,6367
6224,6392
6220,6409
6220,6413
6228,6403
6221,6415
6217,6427
6229,6414
6224,6421
6233,6427
6215,6413
6210,6416
6222,6401
6215,6430
6220,6431
6206,6411
6220,6411
6209,6434
6213,6429
6223,6412
6223,6372
6221,6407
6221,6426
6239,6413
6220,6416
6217,6411
6232,6403
6230,6405
6225,6378
6220,6393
6230,6414
6230,6415
6217,6414
6236,6415
6224,6394
6222,6433
6221,6396
6211,6420
6218,6415
6215,6440
6221,6446
6219,6384
6232,6414
6228,6437
6232,6417
6222,6372
6203,6358
6214,6383
6223,6371
6220,6369
6220,6344
6228,6358
6215,6374
6225,6366
6246,6396
6234,6388
6232,6381
6207,6416
6220,6404
6216,6397
6218,6416
6215,6392
6219,6421
6214,6410
6224,6401
6223,6447
6209,6452
6209,6442
6231,6430
6215,6425
6214,6435
6220,6431
6219,6422
6230,6408
6224,6405
6219,6410
6216,6389
6201,6394
6209,6410
6214,6410
6223,6410
6226,6416
6214,6409
6210,6426
6214,6401
6219,6412
6233,6395
6219,6409
6210,6380
6216,6413
6228,6394
6221,6396
6211,6413
6206,6417
6234,6393
6220,6375
6224,6406
6216,6368
6230,6413
6224,6361
6225,6373
6206,6372
6222,6384
6229,6391
6221,6388
6216,6419
6221,6398
6209,6405
6210,6393
6225,6386
6218,6384
6216,6405
6228,6398
6219,6365
6219,6395
6224,6386
6218,6344
6224,6358
6224,6361
6225,6341
6240,6380
6219,6380
6222,6373
6213,6390
6219,6371
6229,6396
6231,6403
6227,6399
6225,6363
6217,6363
6223,6374
6218,6373
6221,6366
6233,6370
6226,6363
6226,6392
6237,6400
6224,6388
6222,6378
6232,6362
6215,6380
6215,6369
6220,6388
6226,6385
6247,6410
6229,6395
6221,6379
6229,6376
6223,6392
6230,6370
6236,6353
6236,6356
6229,6379
6237,6374
6139,6322
6114,6407
6243,6401
6222,6419
6284,6433
6241,6389
6236,6354
6224,6367
6226,6379
6224,6378
6239,6381
6222,6339
6214,6347
6226,6376
6241,6365
6233,6359
6235,6348
6237,6378
6224,6365
6228,6352
6224,6332
6236,6339
6237,6331
6241,6338
6222,6344
6231,6355
6230,6377
6241,6366
6227,6363
6235,6342
6242,6365
6233,6351
6228,6369
6220,6378
6224,6370
6223,6340
6223,6364
6235,6367
6228,6338
6234,6339
6237,6353
6230,6354
6240,6382
6229,6396
6228,6379
6242,6361
6226,6342
6229,6352
6243,6323
6232,6320
6235,6332
6235,6334
6223,6332
6215,6336
6220,6326
6243,6345
6239,6320
6256,6332
6244,6317
6248,6338
6220,6352
6226,6334
6221,6325
6219,6324
6226,6332
6219,6317
6230,6363
6234,6340
6223,6331
6214,6337
6231,6355
6218,6321
6228,6330
6226,6352
6245,6348
6236,6341
6233,6342
6223,6350
6226,6352
6223,6321
6225,6338
6234,6334
6241,6343
6214,6342
6227,6326
6223,6357
6211,6351
6226,6334
6217,6341
6252,6335
6235,6344
6229,6364
6231,6359
6235,6335
6224,6350
6239,6354
6227,6348
6249,6361
6250,6364
6258,6366
6256,6341
6269,6342
6258,6324
6258,6331
6256,6345
6259,6321
6279,6350
6279,6352
6305,6350
6322,6335
6315,6328
6350,6353
6383,6343
6402,6374
6438,6349
6482,6363
6533,6361
6587,6343
6611,6351
6638,6337
6688,6345
6682,6342
6699,6345
6661,6336
6664,6327
6664,6335
6673,6377
6687,6349
6753,6332
6815,6329
6911,6374
7066,6353
7217,6347
7400,6346
7576,6347
7774,6335
7999,6329
8174,6322
8300,6330
8448,6327
8575,6332
8679,6367
8763,6372
8845,6372
8910,6393
8852,6406
8772,6432
8813,6462
8671,6468
8547,6489
8369,6509
8185,6566
8118,6609
7988,6655
7784,6694
7684,6776
7448,6819
7288,6870
7121,6941
7020,7008
6896,7074
6822,7118
6848,7241
6881,7291
6994,7395
7086,7422
7235,7402
7413,7454
7531,7472
7704,7498
7830,7484
7873,7439
8033,7365
8273,7260
8470,7174
8573,7065
8783,6928
8980,6870
9129,6767
9090,6701
9131,6686
9276,6720
9288,6758
9274,6791
9234,6800
9111,6864
9009,6935
8935,7008
8765,7111
8534,7211
8385,7283
8148,7385
7971,7536
7820,7691
7645,7856
7474,7961
7357,8123
7244,8192
7156,8239
7057,8306
7033,8378
7020,8373
7042,8229
7096,8119
7246,8019
7370,7900
7482,7795
7614,7695
7859,7562
8006,7450
8244,7311
8380,7218
8563,7164
8656,7074
8798,7007
8948,6947
9038,6871
9049,6833
9122,6831
9103,6842
9143,6898
9131,6916
9160,7008
9119,7120
8996,7232
8951,7388
8813,7545
8593,7732
8432,7979
8220,8127
8090,8375
7799,8525
7605,8774
7436,8901
7184,9014
7077,9081
6974,9136
6922,9150
6872,9060
6906,9001
7000,8958
7143,8914
7260,8772
7392,8604
7629,8484
7845,8300
8144,8170
8571,7978
8889,7854
9058,7660
9305,7431
9590,7311
9862,7143
9983,7031
10196,6961
10390,6879
10498,6816
10577,6774
10597,6752
10618,6801
10394,6879
10215,6932
10070,7056
9787,7204
9606,7320
9427,7510
9238,7706
8875,7816
8677,8022
8352,8185
8129,8483
7898,8657
7652,8813
7519,9013
7379,9141
7308,9235
7201,9165
7129,9208
7080,9267
7059,9039
7046,8925
7100,8821
7165,8727
7233,8448
7333,8251
7441,8105
7633,7901
7800,7720
7997,7522
8274,7343
8482,7205
8792,7091
8981,6933
9191,6905
9367,6829
9542,6780
9802,6774
9934,6792
10020,6851
9986,6966
9964,7077
10064,7238
9918,7454
9742,7630
9635,7768
9428,7964
9153,8156
8904,8377
8712,8560
8451,8688
8138,8814
7917,8862
7693,8986
7459,9034
7294,9066
7116,8983
6984,8880
6861,8879
6806,8915
6794,8880
6862,8847
6921,8766
7049,8694
7194,8595
7363,8481
7542,8376
7649,8184
7799,7936
7972,7736
8063,7591
8185,7410
8354,7272
8433,7109
8591,6992
8695,6855
8691,6799
8790,6775
8823,6760
8890,6751
8874,6803
8906,6854
8825,6940
8754,7056
8545,7189
8441,7361
8354,7526
8157,7730
8005,7943
7849,8108
7655,8312
7468,8447
7247,8555
7096,8574
6948,8686
6846,8761
6802,8726
6763,8708
6775,8626
6781,8575
6803,8438
6862,8323
6887,8140
6938,7986
7002,7787
7091,7690
7151,7582
7209,7489
7290,7342
7443,7262
7632,7095
7792,6976
8018,6889
8286,6783
8485,6735
8620,6672
8799,6649
8878,6625
8961,6616
9070,6653
9108,6704
9088,6762
9019,6843
8915,6930
8788,7024
8693,7148
8569,7266
8399,7399
8191,7518
7956,7683
7771,7778
7590,7873
7319,7941
7143,8006
7017,8068
6868,8055
6746,8050
6710,7971
6710,7941
6726,7874
6731,7839
6818,7777
6904,7813
6993,7667
7099,7599
7272,7526
7378,7436
7496,7340
7638,7228
7847,7163
7961,7027
8138,6884
8234,6794
8372,6721
8487,6627
8600,6563
8779,6525
8977,6508
8999,6520
9063,6573
9085,6609
9160,6685
8998,6777
8973,6903
8875,6991
8786,7106
8627,7242
8461,7389
8209,7515
8002,7647
7751,7746
7586,7941
7439,8004
7306,8084
7133,8080
7023,8071
6919,8089
6864,8005
6792,7942
6800,7910
6810,7835
6857,7697
6871,7565
6966,7518
7066,7402
7169,7362
7349,7239
7544,7173
7740,7056
7907,6943
8113,6854
8258,6768
8419,6705
8565,6623
8628,6590
8819,6550
8992,6516
9091,6520
9065,6582
9041,6623
9042,6713
8949,6794
8874,6882
8779,7045
8600,7196
8430,7351
8264,7507
8141,7624
7954,7770
7749,7917
7575,8061
7372,8209
7262,8259
7114,8360
7015,8507
6897,8508
6861,8490
6806,8487
6789,8464
6784,8416
6806,8309
6852,8239
6962,8206
7060,8124
7240,7970
7392,7794
7586,7682
7793,7509
8001,7388
8223,7265
8383,7145
8653,6982
8848,6903
8929,6805
9098,6741
9207,6640
9226,6589
9207,6573
9356,6619
9396,6640
9340,6700
9337,6769
9123,6848
9093,6978
8976,7040
8780,7187
8632,7327
8467,7476
8207,7640
7980,7768
7768,7889
7597,7985
7435,8132
7300,8213
7146,8315
7009,8271
6929,8306
6857,8332
6801,8317
6781,8351
6790,8252
6827,8205
6936,8081
7068,7979
7212,7853
7393,7721
7528,7610
7733,7420
7870,7302
8173,7165
8380,7053
8648,6917
8831,6881
8976,6810
9150,6747
9229,6719
9316,6686
9326,6692
9337,6647
9292,6733
9298,6764
9337,6881
9309,7054
9249,7181
9055,7290
8799,7473
8655,7633
8407,7740
8100,7919
7864,8059
7605,8225
7350,8365
7145,8467
7032,8529
6929,8687
6842,8827
6795,8783
6752,8817
6723,8926
6705,8827
6797,8823
6826,8725
6939,8610
7085,8365
7230,8152
7352,7982
7519,7774
7630,7616
7806,7426
7929,7314
8097,7175
8208,7002
8392,6899
8442,6797
8520,6741
8588,6690
8574,6624
8535,6582
8525,6596
8531,6609
8623,6646
8657,6717
8625,6842
8671,6981
8581,7093
8454,7245
8263,7472
8211,7594
8081,7761
7937,7851
7801,7951
7668,7956
7480,7984
7359,8149
7243,8290
7130,8283
7026,8319
6909,8263
6869,8226
6910,8145
6945,7996
7017,7862
7125,7735
7305,7554
7446,7431
7665,7354
7909,7232
8173,7124
8301,7010
8605,6903
8738,6815
8962,6713
9114,6627
9292,6575
9387,6541
9496,6526
9607,6521
9650,6532
9585,6576
9484,6624
9196,6696
9057,6808
9062,6942
8925,7014
8676,7141
8484,7265
8206,7466
8006,7667
7814,7853
7669,7983
7514,8203
7273,8368
7085,8618
6953,8806
6821,8964
6739,9009
6672,9136
6614,9067
6604,9098
6632,9097
6679,9054
6759,8860
6829,8682
6895,8582
6990,8414
7088,8188
7192,7991
7266,7834
7374,7633
7449,7409
7533,7246
7551,7076
7631,6930
7732,6795
7841,6729
7834,6689
7917,6660
7971,6691
8013,6720
8020,6772
8055,6841
8145,6966
8053,7038
7986,7122
7956,7212
7881,7344
7785,7478
7738,7600
7617,7649
7530,7752
7453,7811
7326,7906
7203,7959
7088,8046
6990,7993
6927,7990
6858,7945
6834,7897
6799,7804
6915,7686
6984,7591
7141,7530
7314,7360
7549,7217
7791,7135
8033,6987
8361,6913
8615,6887
8877,6803
9068,6733
9417,6705
9753,6641
9973,6624
10248,6575
10333,6578
10524,6589
10609,6586
10642,6589
10503,6669
10654,6702
10499,6758
10277,6813
10109,6912
9967,7030
9753,7167
9539,7304
9410,7418
8994,7582
8728,7745
8402,7889
8067,8015
7929,8212
7707,8290
7413,8375
7242,8503
7157,8535
7086,8505
7096,8432
7118,8482
7183,8448
7306,8434
7450,8372
7609,8302
7861,8230
8111,8041
8328,7840
8579,7668
8841,7446
9057,7261
9320,7134
9656,6996
9834,6892
10037,6791
10104,6739
10221,6735
10303,6711
10332,6741
10440,6761
10314,6822
10428,6912
10363,7020
10292,7178
10187,7303
9854,7517
9684,7729
9459,7882
9123,8100
8759,8292
8495,8475
8296,8707
8166,8962
7973,9099
7826,9154
7661,9128
7522,9170
7433,9239
7361,9225
7306,9242
7285,9171
7345,9030
7398,8799
7573,8661
7760,8498
7959,8353
8261,8102
8635,7970
9082,7775
9492,7612
9949,7457
10224,7279
10519,7134
10660,7033
10824,6937
11091,6852
11155,6800
11208,6815
11287,6836
11277,6918
11187,6983
11136,7071
11004,7165
10949,7286
10714,7474
10687,7654
10386,7888
10054,8146
9804,8358
9459,8544
9130,8738
8850,9034
8487,9292
8120,9496
7840,9694
7479,9833
7359,9914
7284,10049
7237,10082
7220,10098
7291,10041
7435,10038
7594,9997
7767,9822
7955,9576
8172,9254
8419,8906
8653,8534
8791,8119
9295,7870
9673,7649
10035,7461
10257,7214
10604,7134
10952,7003
11312,6973
11370,6971
11578,7008
11657,7048
11644,7170
11614,7237
11515,7407
11298,7520
11087,7755
10713,7968
10526,8216
10186,8557
9821,8794
9520,9166
9295,9583
8910,9877
8590,10278
8333,10468
8099,10552
7852,10735
7652,10821
7452,10773
7346,10651
7213,10507
7203,10317
7206,10197
7176,10119
7304,10061
7439,9792
7645,9544
7981,9302
8295,9069
8666,8683
9106,8380
9557,8149
9916,7862
10309,7621
10731,7382
11085,7150
11359,7019
11630,6954
11671,6933
11746,6982
11852,7044
12015,7109
11895,7246
11819,7407
11641,7576
11280,7808
10897,8046
10455,8221
9885,8342
9435,8560
9033,8799
8592,9012
8239,9212
7898,9331
7530,9463
7264,9548
7070,9747
7008,9967
6968,9999
6932,10045
6942,10028
7030,10024
7174,9913
7378,9705
7564,9433
7835,9216
8090,8996
8340,8787
8705,8573
9115,8392
8963,8166
9315,7854
9798,7612
9577,7466
8636,7317
7719,7169
7044,7117
6632,7112
6404,7132
6300,7179
6224,7246
6193,7370
6190,7636
6163,7920
6166,8220
6151,8654
6163,9014
6147,9318
6145,9603
6141,9928
6142,10221
6133,10479
6141,10617
6137,10715
6141,11071
6134,11248
6134,11169
6131,10998
6136,10818
6137,10578
6122,10388
6114,10112
6127,9917
6132,9594
6130,9146
6130,8733
6119,8359
6128,8055
6132,7807
6114,7513
6120,7319
6122,7176
6118,7089
6118,6999
6111,6888
6122,6869
6116,6784
6119,6775
6116,6791
6110,6832
6115,6861
6120,6862
6120,6975
6108,7102
6114,7098
6115,7148
6118,7167
6101,7056
6103,6862
6107,6647
6116,6461
6120,6337
6107,6256
6110,6209
6109,6163
6107,6163
6107,6149
6107,6142
6103,6106
6115,6150
6103,6129
6107,6123
6113,6115
6107,6138
6106,6131
6110,6124
6109,6120
6109,6106
6098,6091
6106,6082
6098,6076
6114,6069
6119,6076
6091,6054
6107,6082
6112,6074
6111,6067
6107,6079
6104,6064
6105,6059
6106,6051
6106,6062
6109,6063
6102,6065
6099,6072
6111,6068
6110,6061
6111,6043
6108,6062
6108,6066
6118,6058
6103,6067
6097,6061
6107,6057
6100,6053
6105,6055
6107,6049
6108,6055
6116,6057
6119,6062
6107,6056
6109,6060
6106,6058
6102,6057
6114,6052
6120,6058
6111,6051
6109,6053
6106,6053
6119,6055
6109,6066
6108,6055
6108,6052
6119,6067
6103,6050
6111,6050
6112,6054
6104,6058
6106,6056
6119,6046
6102,6042
6112,6050
6107,6055
6100,6050
6104,6048
6100,6047
6108,6039
6107,6052
6112,6041
6110,6056
6102,6038
6118,6044
6108,6065
6114,6042
6110,6055
6115,6044
6110,6049
6106,6053
6108,6038
6105,6054
6106,6039
6114,6047
6118,6047
6110,6064
6108,6043
6115,6052
6100,6031
6096,6045
6109,6034
6110,6047
6106,6052
6112,6047
6112,6046
6106,6052
6106,6031
6106,6047
6102,6046
6110,6047
6112,6057
6107,6058
6102,6054
6109,6052
6101,6047
6110,6049
6098,6047
6105,6040
6104,6039
6105,6053
6109,6050
6113,6059
6106,6052
6101,6053
6099,6054
6102,6054
6116,6042
6110,6034
6108,6054
6100,6053
6096,6070
6195,6414
6098,6046
6158,6104
6138,6071
6112,6060
6125,6077
6133,6067
6105,6044
6109,6053
6079,6042
6108,6047
6109,6053
6102,6042
6110,6041
6103,6056
6105,6056
6108,6046
6103,6049
6102,6055
6099,6046
6103,6048
6114,6063
6106,6040
6108,6040
6100,6050
6105,6043
6100,6041
6103,6039
6108,6037
6100,6041
6093,6029
6095,6044
6106,6054
6107,6039
6105,6048
6114,6042
6106,6050
6099,6051
6099,6057
6105,6051
6106,6053
6110,6046
6099,6042
6097,6047
6103,6049
6098,6073
6101,6053
6107,6041
6112,6052
6107,6045
6105,6031
6103,6048
6109,6040
6103,6046
6110,6053
6099,6048
6103,6048
6100,6051
6098,6041
6114,6053
6102,6056
6095,6061
6104,6045
6106,6039
6098,6048
6100,6041
6106,6055
6110,6045
6095,6059
6096,6046
6112,6043
6104,6049
6104,6043
6107,6046
6117,6031
6098,6040
6099,6048
6098,6038
6102,6055
6111,6042
6097,6049
6098,6037
6100,6052
6097,6040
6095,6047
6102,6051
6099,6051
6103,6051
6107,6058
6088,6051
6101,6037
6099,6037
6097,6027
6102,6040
6096,6045
6096,6034
6101,6051
6108,6044
6106,6050
6099,6047
6102,6062
6095,6048
6099,6045
6107,6034
6103,6056
6098,6060
6101,6051
6094,6043
6108,6039
6101,6056
6094,6046
6100,6045
6106,6036
6110,6047
6097,6049
6094,6036
6106,6036
6104,6056
6101,6044
6105,6030
6113,6039
6102,6049
6110,6051
6104,6051
6102,6053
6099,6052
6103,6046
6097,6039
6097,6045
6104,6038
6108,6042
6096,6053
6106,6050
6103,6052
6107,6034
6106,6051
6097,6043
6101,6042
6104,6047
6101,6040
6111,6051
6104,6048
6111,6057
6101,6060
6098,6051
6108,6057
6097,6049
6101,6048
6109,6051
6097,6047
6106,6059
6103,6051
6108,6062
6114,6056
6109,6055
6119,6052
6103,6058
6114,6056
6113,6045
6107,6054
6115,6059
6110,6053
6107,6052
6106,6056
6113,6056
6099,6043
6102,6054
6109,6047
6112,6044
6098,6030
6105,6036
6117,6056
6102,6048
6106,6046
6110,6050
6110,6052
6110,6050
6102,6062
6103,6055
6103,6053
6110,6044
6100,6046
6103,6044
6113,6042
6104,6061
6094,6055
6107,6054
6112,6049
6111,6049
6104,6041
6104,6039
6097,6034
6110,6050
6106,6016
6103,6034
6104,6058
6102,6053
6105,6047
6102,6049
6105,6058
6093,6055
6094,6053
6095,6036
6103,6038
6103,6058
6111,6062
6100,6043
6100,6042
6106,6048
6102,6040
6104,6037
6101,6051
6109,6044
6096,6055
6105,6045
6102,6042
6097,6040
6091,6049
6105,6052
6107,6053
6097,6037
6102,6039
6103,6032
6100,6042
6094,6045
6098,6055
6120,6047
6117,6054
6110,6066
6103,6037
6110,6044
6102,6062
6115,6046
6108,6062
6110,6060
6103,6051
6111,6054
6108,6042
6112,6046
6109,6050
6101,6053
6110,6044
6111,6049
6107,6043
6113,6047
6106,6049
6118,6058
6113,6053
6117,6038
6112,6057
6109,6045
6115,6050
6128,6057
6116,6063
6116,6040
6114,6052
6105,6055
6115,6053
6112,6045
6116,6036
6118,6055
6115,6050
6115,6047
6104,6034
6112,6058
6105,6041
6188,6016
6123,6083
6014,5983
6153,6091
6115,6041
6125,6065
6096,6033
6095,6034
6110,6042
6100,6043
6106,6048
6113,6040
6111,6042
6101,6049
6113,6046
6108,6046
6111,6040
6117,6053
6111,6043
6113,6056
6108,6051
6105,6056
6114,6046
6107,6048
6114,6038
6112,6043
6108,6058
6117,6048
6108,6056
6109,6037
6110,6038
6103,6025
6114,6032
6112,6047
6109,6050
6108,6042
6110,6046
6121,6034
6115,6044
6109,6052
6113,6041
6114,6032
6110,6045
6120,6045
6109,6045
6113,6048
6116,6052
6108,6037
6116,6044
6112,6060
6112,6051
6117,6045
6106,6050
6107,6047
6119,6042
6112,6038
6114,6061
6100,6051
6100,6047
6113,6048
6112,6049
6106,6056
6116,6038
6125,6049
6108,6053
6104,6051
6113,6057
6118,6058
6121,6049
6110,6051
6106,6046
6121,6045
6112,6057
6123,6049
6122,6038
6101,6035
6114,6063
6122,6048
6105,6038
6118,6044
6108,6061
6114,6043
6112,6061
6109,6044
6117,6036
6111,6066
6114,6061
6109,6058
6117,6057
6118,6049
6116,6050
6121,6059
6112,6053
6123,6064
6127,6051
6118,6062
6118,6062
6117,6050
6115,6057
6117,6057
6117,6047
6119,6048
6118,6056
6114,6050
6114,6053
6118,6056
6111,6041
6118,6048
6111,6058
6107,6054
6111,6053
6115,6054
6112,6048
6116,6058
6122,6045
6119,6042
6109,6062
6113,6052
6121,6061
6121,6061
6118,6054
6115,6060
6117,6045
6117,6055
6118,6033
6109,6057
6120,6056
6118,6046
6114,6062
6110,6059
6114,6060
6110,6065
6124,6045
6118,6054
6121,6042
6081,6007
6118,6037
6122,6050
6116,6060
6108,6062
6117,6054
6117,6054
6113,6044
6119,6051
6114,6062
6123,6045
6118,6055
6120,6045
6113,6048
6111,6042
6115,6051
6119,6053
6102,6061
6113,6050
6121,6048
6123,6048
6115,6057
6112,6057
6116,6053
6104,6048
6113,6047
6118,6060
6112,6049
6112,6049
6113,6038
6117,6049
6116,6053
6113,6056
6117,6057
6120,6048
6121,6055
6107,6064
6116,6055
6114,6045
6115,6053
6119,6052
6121,6045
6120,6056
6122,6049
6120,6048
6115,6047
6118,6055
6112,6044
0,35
0,61680
0,0
6118,6045
5601,5575
5598,5574
5609,5573
5605,5576
5605,5577
5594,5576
5598,5571
5603,5566
5818,5755
6340,6312
6295,6307
6317,6295
6316,6297
6283,6314
6295,6302
6285,6308
6278,6305
6299,6322
6305,6323
6304,6343
6291,6337
6303,6346
6300,6334
6319,6326
6324,6316
6300,6331
6284,6340
6307,6346
6310,6323
6310,6342
6287,6330
6283,6313
6280,6336
6278,6324
6283,6336
6293,6314
6295,6324
6308,6363
6312,6358
6298,6345
6280,6346
6279,6335
6290,6336
6274,6382
6275,6343
6303,6342
6289,6345
6287,6330
6297,6319
6299,6333
6285,6356
6287,6353
6309,6325
6279,6333
6299,6356
6293,6346
6316,6309
6308,6319
6290,6324
6308,6336
6296,6329
6289,6298
6280,6294
6283,6296
6289,6335
6303,6344
6297,6344
6305,6337
6322,6328
6298,6342
6292,6326
6288,6289
6286,6323
6284,6321
6278,6304
6292,6329
6288,6321
6305,6315
6301,6318
6290,6319
6301,6339
6281,6343
6304,6308
6308,6311
6281,6320
6270,6304
6280,6339
6284,6359
6288,6309
6272,6313
6283,6330
6285,6339
6299,6352
6307,6361
6300,6344
6288,6342
6281,6344
6291,6326
6301,6337
6284,6325
6290,6305
6298,6321
6298,6299
6273,6307
6276,6320
6271,6311
6295,6336
6316,6309
6311,6338
6296,6312
6275,6318
6267,6342
6283,6330
6292,6327
6283,6352
6293,6314
6297,6327
6293,6324
6281,6309
6286,6336
6286,6326
6292,6365
6303,6335
6299,6335
6274,6342
6291,6343
6304,6333
6300,6322
6278,6326
6290,6334
6283,6346
6286,6338
6282,6338
6282,6344
6279,6344
6290,6318
6291,6312
6291,6309
6278,6322
6285,6357
6284,6342
6299,6350
6288,6351
6291,6347
6274,6347
6284,6347
6284,6337
6282,6347
6276,6327
6281,6347
6290,6328
6290,6341
6311,6339
6316,6324
6300,6345
6291,6361
6273,6337
6287,6344
6289,6335
6284,6323
6272,6327
6262,6303
6287,6352
6294,6354
6278,6349
6298,6350
6317,6352
6280,6340
6267,6344
6272,6329
6263,6356
6279,6351
6281,6351
6289,6332
6294,6356
6293,6365
6295,6336
6278,6363
6274,6357
6270,6334
6284,6338
6289,6318
6295,6318
6271,6331
6282,6340
6291,6335
6282,6324
6273,6374
6275,6366
6261,6362
6279,6353
6265,6357
6261,6370
6275,6355
6278,6361
6260,6370
6280,6354
6270,6347
6286,6350
6282,6350
6289,6356
6274,6377
6276,6364
6265,6354
6284,6371
6258,6389
6273,6380
6269,6363
6247,6361
6265,6366
6276,6345
6299,6368
6275,6372
6269,6361
6280,6378
6273,6347
6278,6371
6262,6399
6259,6372
6274,6368
6262,6367
6271,6351
6254,6365
6243,6362
6266,6332
6262,6354
6251,6362
6269,6391
6267,6368
6252,6377
6270,6362
6256,6372
6272,6377
6251,6359
6227,6360
6281,6438
6317,6501
6222,6321
6242,6391
6272,6396
6271,6366
6252,6384
6244,6417
6262,6415
6271,6419
6247,6395
6256,6406
6250,6392
6261,6405
6266,6356
6247,6353
6256,6378
6264,6373
6254,6361
6273,6370
6269,6424
6290,6419
6265,6401
6255,6375
6251,6381
6242,6375
6249,6388
6253,6383
6252,6353
6266,6348
6235,6350
6253,6364
6254,6358
6248,6362
6236,6400
6252,6375
6234,6378
6236,6386
6232,6389
6253,6372
6257,6417
6267,6377
6251,6375
6252,6404
6252,6398
6268,6396
6247,6407
6239,6384
6250,6384
6249,6389
6248,6403
6245,6386
6252,6388
6233,6387
6241,6383
6243,6370
6239,6375
6259,6368
6239,6383
6238,6382
6240,6415
6239,6382
6236,6387
6237,6382
6251,6371
6255,6388
6256,6405
6241,6385
6236,6363
6236,6396
6239,6376
6237,6370
6231,6362
6231,6383
6230,6345
6220,6356
6235,6325
6233,6350
6249,6377
6248,6378
6237,6383
6241,6409
6232,6395
6229,6410
6244,6408
6230,6407
6233,6387
6230,6401
6219,6394
6231,6383
6223,6391
6232,6383
6241,6404
6236,6396
6242,6402
6238,6381
6230,6385
6223,6399
6225,6384
6242,6365
6244,6403
6226,6364
6256,6372
6226,6392
6226,6355
6246,6381
6234,6410
6228,6415
6221,6392
6224,6388
6234,6413
6233,6384
6237,6368
6225,6324
6228,6347
6223,6345
6222,6347
6244,6373
6239,6383
6247,6376
6227,6391
6226,6400
6236,6394
6226,6408
6229,6375
6245,6389
6218,6394
6224,6405
6212,6366
6222,6387
6233,6402
6229,6415
6232,6380
6246,6421
6219,6395
6229,6387
6226,6413
6225,6394
6217,6395
6224,6390
6211,6412
6220,6407
6229,6406
6224,6425
6232,6412
6222,6406
6215,6408
6221,6405
6217,6432
6224,6426
6232,6414
6230,6396
6215,6411
6228,6422
6232,6411
6230,6385
6217,6403
6220,6411
6220,6422
6229,6405
6226,6417
6235,6406
6228,6396
6226,6385
6217,6400
6217,6401
6220,6417
6221,6394
6230,6411
6220,6409
6228,6434
6219,6399
6208,6415
6229,6414
6222,6410
6222,6440
6218,6400
6232,6424
6221,6425
6222,6418
6224,6380
6214,6371
6221,6358
6212,6360
6220,6362
6232,6348
6224,6347
6226,6368
6232,6361
6226,6384
6229,6364
6227,6378
6225,6412
6223,6396
6219,6389
6203,6411
6214,6394
6222,6390
6213,6418
6215,6394
6218,6443
6217,6451
6203,6413
6215,6417
6223,6403
6232,6424
6213,6417
6222,6429
6220,6421
6225,6406
6208,6393
6220,6405
6217,6381
6213,6410
6211,6415
6223,6391
6221,6408
6225,6406
6215,6398
6210,6403
6211,6420
6220,6405
6221,6419
6217,6395
6214,6393
6230,6376
6197,6399
6220,6411
6211,6390
6228,6399
6225,6389
6222,6393
6224,6368
6224,6385
6235,6356
6222,6371
6221,6365
6218,6371
6237,6385
6219,6386
6216,6410
6224,6422
6209,6388
6210,6412
6215,6391
6196,6379
6207,6361
6219,6387
6209,6375
6205,6400
6213,6370
6209,6371
6222,6371
6228,6382
6224,6352
6236,6371
6227,6365
6244,6371
6220,6395
6212,6383
6224,6393
6223,6401
6220,6374
6230,6380
6221,6368
6222,6387
6223,6386
6255,6385
6152,6321
6288,6420
6221,6357
6252,6415
6266,6404
6220,6387
6222,6380
6218,6348
6230,6407
6228,6392
6222,6399
6237,6402
6215,6398
6222,6388
6234,6361
6202,6354
6225,6374
6233,6334
6232,6366
6231,6370
6241,6376
6228,6403
6213,6393
6234,6401
6225,6386
6232,6396
6225,6366
6218,6362
6241,6376
6240,6365
6226,6362
6239,6354
6215,6353
6224,6357
6233,6375
6214,6355
6230,6356
6230,6354
6236,6353
6225,6356
6236,6345
6218,6331
6231,6338
6232,6338
6230,6328
6230,6339
6239,6361
6238,6369
6231,6360
6229,6350
6227,6366
6243,6363
6235,6332
6235,6379
6210,6342
6233,6362
6235,6350
6215,6359
6250,6373
6239,6349
6228,6359
6234,6371
6228,6350
6216,6361
6235,6347
6237,6381
6236,6348
6241,6353
6230,6338
6227,6323
6229,6319
6239,6334
6245,6329
6224,6338
6230,6323
6238,6339
6228,6353
6235,6316
6232,6320
6249,6324
6236,6338
6241,6346
6219,6327
6225,6335
6226,6329
6216,6330
6221,6321
6225,6356
6236,6350
6246,6328
6225,6354
6233,6354
6228,6326
6227,6318
6238,6336
6240,6334
6230,6339
6231,6334
6226,6328
6222,6347
6224,6317
6223,6349
6239,6352
6239,6323
6233,6350
6225,6336
6230,6326
6224,6315
6222,6334
6238,6368
6237,6359
6235,6351
6241,6366
6242,6360
6230,6330
6219,6327
6235,6361
6246,6368
6240,6360
6256,6348
6246,6360
6267,6351
6265,6340
6245,6329
6263,6334
6259,6349
6255,6312
6273,6358
6281,6359
6299,6347
6338,6352
6320,6348
6350,6353
6385,6327
6400,6334
6437,6358
6491,6365
6546,6360
6570,6352
6629,6334
6627,6325
6656,6338
6698,6355
6688,6347
6690,6324
6653,6329
6669,6333
6657,6353
6686,6336
6759,6339
6798,6356
6904,6370
7069,6361
7231,6343
7391,6356
7588,6332
7753,6330
8005,6319
8161,6352
8330,6329
8449,6324
8565,6347
8648,6360
8767,6380
8880,6361
8895,6384
8868,6408
8774,6430
8756,6450
8637,6473
8566,6461
8382,6500
8227,6561
8124,6618
7977,6655
7840,6715
7661,6762
7459,6814
7253,6881
7124,6949
6984,6997
6908,7069
6854,7151
6849,7211
6896,7281
6985,7405
7093,7430
7232,7432
7412,7479
7563,7473
7729,7506
7810,7499
7913,7441
8050,7385
8240,7256
8468,7177
8591,7060
8809,6929
9009,6837
9094,6747
9101,6713
9148,6694
9226,6724
9335,6754
9300,6765
9260,6827
9127,6890
9023,6926
8984,7022
8738,7118
8609,7209
8364,7289
8154,7400
7967,7538
7820,7662
7630,7820
7466,7970
7340,8112
7254,8197
7145,8266
7092,8308
7041,8334
7020,8354
7072,8245
7109,8122
7242,7989
7347,7902
7472,7754
7641,7679
7835,7570
8053,7475
8206,7291
8369,7242
8536,7143
8663,7082
8800,6989
8960,6944
9027,6877
9143,6848
9121,6824
9155,6853
9213,6902
9122,6939
9171,7022
9091,7125
9047,7222
8959,7403
8802,7565
8638,7745
8432,7938
8232,8124
8084,8365
7820,8564
7608,8793
7411,8924
7234,9023
7082,9078
6985,9119
6892,9066
6882,9057
6899,8974
6984,8921
7133,8893
7232,8787
7393,8600
7627,8489
7875,8303
8154,8127
8288,7637
8673,7524
9161,7652
9388,7316
9543,7246
9856,7118
9990,7070
10226,6959
10369,6904
10554,6825
10601,6775
10669,6773
10612,6797
10355,6861
10188,6941
10000,7081
9800,7183
9640,7324
9423,7534
9204,7722
8829,7818
8647,7982
8414,8225
8148,8425
7920,8643
7645,8829
7494,8999
7384,9147
7300,9203
7184,9195
7140,9229
7073,9224
7061,9037
7042,8932
7094,8851
7147,8690
7215,8420
7369,8266
7479,8094
7619,7903
7786,7709
8037,7531
8252,7328
8471,7189
8735,7059
8995,6959
9236,6896
9427,6785
9560,6776
9830,6771
9965,6818
9979,6851
9928,6957
10022,7089
10027,7223
9892,7445
9723,7621
9630,7786
9422,7983
9174,8192
8907,8374
8690,8570
8421,8660
8184,8747
7889,8900
7696,8992
7486,9095
7295,9107
7117,9019
6963,8847
6866,8855
6834,8904
6817,8877
6832,8830
6917,8730
7043,8740
7179,8581
7337,8493
7494,8394
7683,8195
7838,7976
7959,7754
8035,7581
8160,7426
8386,7282
8437,7129
8572,6992
8654,6857
8702,6780
8779,6752
8832,6755
8878,6736
8903,6790
8898,6861
8875,6948
8768,7071
8571,7182
8485,7345
8335,7545
8180,7746
8009,7944
7827,8067
7701,8317
7454,8450
7257,8530
7071,8598
6934,8694
6851,8732
6782,8736
6757,8711
6745,8657
6762,8620
6789,8459
6845,8306
6879,8133
6961,8009
6969,7811
7069,7689
7131,7582
7245,7475
7313,7318
7453,7258
7625,7122
7817,7024
8016,6896
8312,6786
8496,6712
8588,6678
8760,6602
8882,6574
9000,6603
9145,6653
9056,6683
9031,6765
8992,6831
8891,6936
8800,7020
8651,7151
8551,7262
8418,7382
8225,7494
7974,7642
7795,7789
7593,7866
7356,7919
7151,8020
7006,8030
6882,8032
6751,8033
6716,7939
6695,7904
6723,7871
6738,7809
6805,7792
6881,7736
6979,7665
7132,7588
7264,7499
7348,7411
7520,7353
7642,7255
7870,7159
7972,7021
8120,6874
8258,6815
8417,6724
8492,6648
8548,6578
8807,6525
8939,6500
8992,6510
9071,6568
9139,6577
9132,6674
9024,6782
8955,6893
8890,6993
8817,7128
8611,7229
8421,7373
8265,7516
7975,7632
7785,7777
7594,7886
7473,8015
7335,8067
7147,8081
7064,8078
6922,8055
6861,7997
6793,7994
6783,7925
6801,7842
6855,7665
6900,7574
6988,7477
7058,7434
7170,7346
7308,7231
7561,7182
7752,7059
7912,6971
8090,6852
8276,6787
8414,6675
8552,6636
8679,6564
8823,6550
8971,6533
9104,6546
9075,6571
9047,6610
8989,6695
8998,6815
8881,6950
8763,7035
8640,7214
8404,7348
8269,7480
8147,7660
7930,7790
7764,7914
7589,8094
7433,8266
7217,8318
7118,8384
7022,8478
6929,8475
6860,8472
6817,8473
6804,8410
6774,8379
6823,8306
6863,8245
6940,8246
7079,8111
7242,8005
7393,7769
7570,7696
7761,7510
7992,7371
8175,7232
8371,7116
8633,6977
8845,6890
8938,6794
9110,6706
9201,6637
9248,6601
9253,6589
9359,6611
9353,6642
9376,6703
9310,6774
9126,6837
9058,6961
8956,7032
8744,7215
8610,7300
8376,7492
8172,7657
7970,7766
7764,7898
7617,8006
7406,8123
7300,8183
7145,8282
6983,8266
6946,8297
6813,8288
6846,8375
6799,8300
6837,8277
6807,8103
6931,8066
7061,8018
7246,7889
7427,7741
7578,7610
7734,7411
7962,7278
8172,7168
8395,7020
8676,6917
8835,6861
8952,6807
9105,6733
9217,6687
9349,6686
9449,6703
9382,6686
9345,6756
9407,6816
9376,6866
9276,7008
9142,7142
9009,7317
8761,7451
8574,7575
8378,7743
8106,7908
7922,8036
7610,8260
7344,8370
7171,8403
7041,8513
6921,8669
6838,8832
6778,8813
6746,8896
6702,8874
6709,8841
6777,8832
6868,8698
6950,8646
7059,8365
7226,8147
7323,7921
7516,7835
7660,7615
7830,7431
7937,7279
8091,7146
8161,7016
8380,6892
8397,6815
8479,6743
8593,6668
8569,6600
8492,6583
8510,6602
8565,6610
8624,6653
8633,6714
8661,6846
8745,6981
8533,7119
8442,7250
8293,7417
8226,7586
8061,7720
7953,7879
7812,8005
7651,7995
7486,8034
7364,8138
7233,8243
7130,8290
7041,8308
6934,8244
6911,8173
6889,8085
6947,7961
7022,7880
7134,7680
7288,7553
7457,7419
7669,7364
7916,7232
8198,7114
8359,6988
8576,6901
8773,6802
8973,6728
9136,6624
9281,6580
9386,6528
9514,6508
9598,6522
9603,6555
9546,6596
9471,6608
9183,6717
9066,6812
8986,6921
8900,7012
8644,7121
8514,7275
8238,7466
8015,7648
7832,7849
7639,8008
7504,8184
7285,8393
7087,8555
6932,8769
6839,8993
6748,8973
6679,9094
6609,9101
6606,9098
6615,9112
6683,9041
6755,8874
6834,8724
6910,8609
6993,8426
7078,8200
7175,8004
7225,7801
7345,7590
7434,7416
7504,7276
7578,7070
7622,6916
7728,6819
7771,6733
7886,6684
7959,6668
7973,6675
8027,6724
8007,6764
8076,6850
8120,6973
8039,7023
7989,7160
7970,7191
7857,7332
7790,7484
7719,7614
7626,7655
7548,7739
7451,7809
7307,7891
7196,7950
7100,8021
7007,8066
6922,8034
6832,7958
6810,7910
6810,7802
6893,7720
7000,7600
7134,7508
7335,7362
7518,7227
7810,7136
8068,7011
8376,6918
8606,6858
8825,6809
9111,6758
9381,6699
9696,6646
9975,6604
10274,6558
10365,6574
10529,6584
10614,6590
10623,6614
10477,6670
10592,6708
10482,6762
10279,6831
10124,6899
9995,7044
9769,7165
9609,7275
9388,7454
9004,7604
8712,7751
8409,7882
8075,8018
7943,8198
7714,8277
7435,8365
7260,8507
7151,8526
7092,8506
7054,8490
7116,8472
7168,8444
7317,8405
7432,8386
7611,8290
7862,8225
8107,8024
8347,7814
8609,7672
8854,7441
9071,7289
9299,7147
9578,7002
9851,6897
10015,6787
10103,6724
10179,6698
10289,6707
10341,6740
10448,6769
10362,6804
10415,6911
10297,7036
10284,7169
10152,7350
9863,7493
9670,7697
9403,7865
9141,8105
8815,8297
8494,8503
8295,8720
8174,8977
7969,9075
7803,9071
7666,9151
7495,9173
7482,9130
7369,9200
7304,9216
7296,9148
7349,9049
7411,8850
7575,8670
7726,8494
7959,8298
8217,8081
8637,7990
9060,7806
9486,7664
9899,7476
10222,7257
10502,7134
10695,7015
10846,6972
11037,6818
11179,6796
11185,6801
11292,6850
11292,6890
11171,6998
11110,7056
11089,7158
10923,7287
10778,7445
10655,7666
10401,7920
10039,8153
9879,8382
9377,8498
9075,8685
8991,9134
8440,9306
8093,9462
7849,9695
7499,9804
7353,9933
7263,10016
7241,10031
7195,10046
7272,10041
7442,10050
7572,10047
7762,9851
7916,9565
8158,9219
8412,8922
8652,8547
8906,8181
9296,7915
9627,7656
10019,7469
10276,7243
10595,7098
10978,7034
11252,6982
11422,6965
11597,7013
11642,7048
11631,7149
11590,7243
11495,7380
11370,7528
11015,7784
10748,8013
10547,8235
10178,8534
9833,8796
9519,9178
9241,9554
8964,9913
8608,10231
8344,10477
8064,10581
7855,10702
7629,10809
7449,10775
7316,10700
7220,10523
7170,10316
7144,10195
7191,10189
7310,10051
7476,9830
7693,9548
7973,9310
8304,9078
8670,8731
9102,8383
9565,8111
9904,7869
10243,7632
10729,7378
11047,7164
11330,7004
11536,6944
11675,6951
11766,6973
11905,7029
12023,7111
11898,7242
11779,7406
11688,7579
11272,7839
10898,8007
10471,8207
9902,8379
9492,8593
8994,8771
8602,9028
8230,9201
7864,9267
7546,9385
7251,9504
7103,9746
7028,9911
6949,10056
6906,10021
6934,9976
7031,10037
7186,9849
7391,9691
7585,9412
7862,9195
8071,9015
8368,8772
8715,8564
9105,8410
8952,8191
9308,7884
9808,7652
9554,7426
8655,7285
7715,7201
7078,7088
6633,7108
6403,7099
6285,7164
6216,7211
6203,7393
6187,7636
6167,7907
6165,8254
6151,8665
6156,8983
6140,9325
6138,9658
6146,9929
6143,10224
6138,10494
6147,10655
6138,10789
6136,11003
6127,11245
6122,11174
6134,10989
6127,10782
6132,10634
6127,10377
6127,10052
6123,9988
6122,9607
6124,9151
6127,8743
6123,8367
6131,8084
6119,7807
6120,7523
6120,7313
6119,7129
6112,7069
6121,7016
6114,6915
6119,6866
6112,6825
6125,6792
6118,6799
6114,6814
6124,6874
6118,6901
6119,6974
6115,7095
6116,7095
6108,7156
6108,7179
6105,7106
6106,6858
6108,6662
6111,6457
6110,6331
6119,6249
6108,6196
6115,6168
6107,6173
6106,6147
6106,6138
6106,6141
6113,6147
6102,6119
6104,6124
6112,6119
6108,6127
6107,6121
6101,6121
6099,6128
6098,6115
6104,6098
6105,6078
6113,6080
6110,6079
6110,6062
6087,6071
6101,6069
6110,6081
6108,6063
6103,6071
6103,6062
6108,6067
6097,6067
6106,6055
6106,6067
6110,6069
6102,6062
6102,6054
6103,6055
6108,6065
6102,6062
6099,6073
6111,6057
6110,6060
6102,6063
6100,6057
6101,6056
6104,6054
6104,6046
6097,6059
6100,6060
6110,6054
6110,6068
6109,6066
6110,6061
6102,6038
6103,6056
6131,6042
6104,6063
6100,6065
6116,6053
6108,6058
6114,6063
6105,6055
6103,6042
6109,6066
6107,6050
6106,6046
6113,6060
6108,6059
6115,6049
6109,6041
6106,6045
6107,6053
6104,6056
6106,6053
6112,6047
6102,6041
6108,6030
6109,6050
6106,6057
6102,6037
6102,6036
6107,6041
6112,6059
6116,6043
6113,6049
6118,6039
6107,6045
6109,6051
6101,6047
6108,6060
6100,6056
6110,6049
6108,6040
6105,6041
6107,6042
6110,6063
6101,6049
6101,6047
6110,6031
6109,6052
6109,6033
6105,6055
6107,6042
6107,6038
6106,6054
6072,6050
6103,6037
6054,6102
6063,5953
6120,6052
6085,6024
6114,6051
6126,6068
6097,6034
6097,6026
6108,6045
6108,6045
6118,6025
6104,6061
6110,6051
6103,6041
6104,6053
6093,6052
6106,6049
6101,6030
6113,6046
6098,6056
6091,6034
6096,6049
6102,6061
6105,6059
6108,6055
6100,6049
6108,6044
6112,6048
6112,6039
6100,6041
6114,6040
6103,6056
6119,6057
6105,6054
6097,6059
6102,6051
6101,6055
6115,6052
6101,6041
6107,6050
6101,6057
6104,6037
6104,6053
6111,6050
6112,6041
6099,6058
6099,6033
6108,6032
6099,6054
6103,6056
6113,6060
6103,6036
6103,6049
6109,6047
6104,6059
6104,6037
6099,6054
6107,6055
6097,6053
6106,6047
6108,6045
6104,6045
6103,6055
6097,6058
6109,6038
6096,6047
6107,6055
6105,6045
6101,6064
6114,6048
6112,6059
6104,6034
6097,6038
6103,6036
6106,6053
6103,6045
6112,6044
6096,6046
6098,6049
6099,6045
6106,6041
6110,6059
6099,6046
6097,6049
6102,6040
6094,6042
6105,6050
6096,6045
6104,6053
6105,6041
6110,6041
6102,6045
6110,6049
6099,6048
6106,6039
6111,6049
6098,6053
6099,6051
6100,6050
6104,6049
6095,6049
6106,6048
6103,6044
6097,6049
6101,6053
6102,6053
6098,6049
6094,6055
6102,6049
6104,6044
6109,6053
6082,6030
6103,6040
6096,6037
6097,6036
6105,6051
6098,6053
6097,6041
6104,6050
6120,6060
6100,6044
6094,6046
6104,6040
6100,6042
6090,6032
6107,6048
6089,6048
6091,6041
6104,6049
6096,6054
6102,6046
6099,6045
6094,6048
6114,6055
6104,6040
6116,6049
6099,6039
6097,6042
6101,6052
6106,6066
6096,6061
6096,6053
6103,6043
6104,6049
6107,6049
6107,6054
6107,6051
6112,6053
6098,6054
6084,6062
6094,6051
6103,6054
6102,6045
6108,6050
6107,6045
6089,6037
6110,6059
6104,6061
6105,6040
6107,6059
6103,6050
6097,6039
6104,6056
6101,6054
6108,6054
6108,6053
6102,6040
6098,6056
6082,6050
6093,6049
6104,6062
6105,6050
6104,6063
6105,6051
6103,6033
6105,6045
6106,6042
6111,6060
6110,6059
6112,6052
6116,6055
6106,6055
6110,6029
6110,6046
6099,6056
6099,6061
6115,6053
6110,6048
6106,6042
6098,6066
6105,6044
6103,6051
6103,6054
6117,6056
6097,6053
6111,6047
6104,6059
6109,6041
6112,6047
6108,6065
6102,6067
6102,6044
6105,6038
6096,6054
6102,6058
6110,6045
6094,6060
6095,6039
6100,6048
6110,6044
6102,6060
6091,6054
6102,6046
6108,6042
6101,6040
6097,6053
6101,6030
6106,6055
6108,6036
6102,6049
6094,6059
6100,6036
6094,6056
6099,6047
6109,6060
6097,6048
6107,6049
6109,6044
6096,6043
6099,6041
6106,6048
6102,6043
6098,6051
6099,6045
6108,6049
6099,6042
6101,6060
6101,6052
6110,6037
6104,6047
6105,6046
6096,6047
6099,6047
6104,6051
6104,6041
6084,6047
6099,6040
6102,6054
6116,6052
6113,6053
6110,6050
6096,6039
6096,6049
6103,6049
6108,6058
6108,6074
6115,6046
6102,6056
6109,6046
6103,6057
6112,6061
6115,6048
6110,6048
6105,6059
6114,6051
6103,6045
6110,6053
6134,6090
6058,6020
6155,6078
6096,6036
6172,6106
6102,6003
6138,6048
6097,6026
6133,6073
6118,6053
6101,6038
6102,6044
6121,6053
6111,6043
6113,6044
6119,6050
6114,6060
6112,6054
6111,6051
6122,6056
6106,6055
6105,6052
6108,6037
6105,6044
6107,6065
6109,6062
6106,6054
6105,6055
6108,6041
6101,6051
6112,6041
6108,6050
6121,6039
6104,6057
6109,6047
6118,6043
6099,6042
6117,6054
6121,6055
6107,6056
6110,6049
6107,6052
6097,6058
6110,6039
6104,6045
6116,6043
6108,6050
6111,6066
6116,6059
6106,6056
6109,6042
6114,6044
6102,6044
6117,6047
6109,6051
6110,6053
6101,6050
6107,6058
6114,6049
6111,6057
6110,6049
6107,6038
6110,6048
6111,6034
6115,6025
6101,6053
6116,6039
6123,6052
6110,6044
6113,6048
6097,6058
6113,6053
6114,6052
6110,6058
6102,6057
6113,6051
6104,6062
6106,6061
6102,6039
6100,6039
6105,6040
6119,6051
6113,6041
6111,6057
6115,6074
6115,6046
6107,6036
6118,6053
6116,6055
6114,6044
6117,6043
6112,6044
6110,6045
6112,6058
6122,6060
6117,6052
6097,6046
6117,6034
6121,6046
6106,6056
6112,6049
6104,6039
6111,6056
6125,6039
6114,6039
6123,6045
6105,6061
6116,6053
6111,6045
6116,6048
6114,6070
6114,6051
6118,6025
6107,6056
6121,6066
6124,6054
6115,6055
6115,6055
6119,6057
6124,6049
6114,6050
6122,6053
6115,6057
6111,6056
6127,6063
6109,6058
6115,6053
6112,6052
6117,6060
6108,6068
6117,6057
6120,6051
6114,6041
6111,6062
6119,6054
6117,6050
6122,6056
6115,6057
6108,6054
6108,6054
6116,6052
6117,6036
6117,6062
6115,6053
6124,6052
6115,6055
6117,6051
6120,6058
6115,6049
6119,6053
6117,6056
6120,6045
6116,6041
6114,6055
6115,6058
6120,6063
6111,6058
6116,6049
6110,6059
6112,6063
6111,6063
6111,6063
6114,6058
6118,6050
6112,6051
6115,6063
6114,6051
6118,6048
6110,6062
6120,6057
6114,6054
6112,6047
6113,6051
6114,6059
6110,6061
6115,6047
6115,6053
6114,6062
6116,6052
6110,6050
6117,6055
6118,6052
6117,6032
6117,6032
6110,6051
6114,6049
6118,6050
6113,6056
6114,6050
6113,6046
6108,6040
6116,6061
6122,6057
6110,6051
6114,6048
6112,6063
6117,6054
6114,6046
6107,6058
6115,6056
6110,6056
6117,6048
6117,6051
6111,6040
0,31
0,61680
0,0
6118,6054
5601,5560
5597,5568
5600,5583
5600,5575
5599,5567
5597,5584
5603,5577
5600,5578
5813,5760
6316,6330
6280,6314
6305,6286
6304,6314
6281,6318
6288,6288
6286,6307
6287,6299
6289,6307
6305,6317
6298,6337
6283,6329
6288,6355
6293,6361
6308,6336
6305,6320
6306,6329
6296,6332
6297,6332
6317,6338
6311,6329
6289,6333
6277,6320
6271,6347
6286,6305
6287,6316
6286,6315
6296,6325
6312,6359
6307,6369
6288,6359
6283,6318
6284,6335
6281,6346
6287,6369
6287,6333
6302,6337
6289,6341
6286,6325
6283,6340
6281,6345
6282,6337
6276,6346
6298,6329
6288,6334
6301,6336
6301,6341
6312,6306
6321,6331
6290,6335
6312,6317
6299,6326
6278,6320
6270,6311
6281,6301
6287,6333
6301,6328
6298,6358
6301,6310
6303,6319
6297,6360
6291,6333
6297,6292
6291,6319
6282,6316
6282,6316
6291,6336
6293,6315
6299,6324
6300,6321
6298,6330
6298,6340
6276,6342
6301,6322
6299,6306
6276,6330
6275,6337
6269,6343
6282,6365
6287,6308
6276,6327
6283,6332
6292,6345
6299,6358
6292,6353
6310,6353
6280,6342
6278,6353
6292,6337
6284,6335
6284,6363
6286,6317
6297,6330
6296,6312
6289,6313
6271,6316
6262,6315
6294,6338
6302,6323
6297,6350
6294,6335
6281,6326
6268,6346
6291,6331
6288,6332
6288,6360
6295,6321
6300,6314
6290,6326
6287,6316
6284,6339
6286,6346
6297,6364
6289,6310
6292,6330
6280,6340
6284,6360
6306,6334
6283,6323
6288,6305
6305,6332
6278,6360
6288,6345
6287,6347
6291,6331
6277,6348
6289,6317
6302,6346
6295,6320
6273,6345
6280,6363
6291,6349
6287,6351
6295,6346
6277,6338
6281,6338
6302,6354
6296,6320
6285,6324
6277,6329
6287,6326
6289,6343
6282,6327
6297,6320
6315,6332
6293,6322
6287,6360
6281,6345
6276,6330
6288,6320
6275,6352
6276,6327
6258,6328
6284,6349
6293,6342
6289,6329
6296,6338
6309,6339
6274,6335
6261,6345
6273,6327
6257,6350
6280,6355
6274,6334
6283,6353
6297,6350
6295,6355
6293,6346
6276,6354
6284,6379
6290,6346
6279,6339
6290,6326
6268,6324
6251,6322
6288,6324
6286,6337
6277,6336
6284,6360
6279,6351
6274,6371
6273,6341
6263,6362
6276,6349
6271,6373
6276,6369
6272,6358
6270,6360
6277,6352
6287,6355
6278,6348
6293,6372
6265,6389
6268,6372
6273,6352
6280,6378
6272,6377
6276,6352
6271,6363
6254,6354
6252,6343
6271,6363
6274,6362
6303,6419
6223,6296
6382,6432
6348,6410
6215,6341
6301,6427
6278,6373
6280,6398
6265,6376
6276,6354
6249,6376
6240,6360
6264,6352
6270,6345
6273,6383
6267,6393
6275,6382
6264,6336
6256,6384
6255,6368
6273,6365
6248,6363
6252,6376
6265,6367
6255,6375
6252,6366
6240,6362
6247,6391
6265,6385
6266,6395
6262,6392
6251,6408
6264,6426
6245,6414
6252,6418
6254,6398
6281,6396
6268,6387
6257,6358
6256,6354
6260,6382
6257,6372
6269,6398
6264,6410
6286,6405
6266,6385
6247,6402
6250,6370
6260,6365
6246,6379
6253,6392
6263,6363
6240,6361
6233,6348
6257,6352
6251,6366
6246,6383
6247,6396
6258,6390
6242,6387
6243,6383
6233,6385
6256,6383
6250,6405
6252,6379
6242,6391
6246,6417
6251,6409
6259,6364
6242,6401
6242,6383
6246,6379
6257,6397
6251,6404
6246,6395
6253,6385
6240,6406
6233,6380
6238,6377
6240,6375
6258,6368
6238,6353
6234,6355
6241,6417
6248,6379
6236,6385
6230,6368
6226,6383
6251,6408
6254,6388
6247,6387
6229,6363
6232,6402
6233,6403
6230,6370
6230,6346
6235,6377
6246,6359
6234,6349
6233,6338
6242,6362
6251,6361
6247,6394
6253,6403
6245,6414
6233,6390
6237,6417
6238,6402
6228,6411
6232,6389
6232,6388
6223,6391
6221,6390
6227,6408
6234,6391
6235,6405
6236,6393
6239,6390
6237,6403
6218,6407
6229,6407
6230,6393
6239,6386
6238,6392
6229,6380
6246,6377
6235,6381
6232,6362
6248,6399
6243,6394
6229,6412
6213,6371
6235,6383
6236,6410
6230,6361
6229,6361
6226,6350
6234,6328
6225,6361
6227,6350
6246,6360
6238,6376
6242,6380
6231,6371
6237,6393
6220,6383
6232,6417
6235,6388
6242,6393
6232,6401
6232,6392
6213,6376
6223,6383
6231,6404
6234,6407
6231,6387
6243,6415
6231,6425
6222,6393
6228,6383
6231,6441
6219,6406
6224,6400
6211,6416
6233,6407
6235,6397
6236,6417
6225,6433
6216,6417
6230,6415
6224,6400
6217,6438
6224,6444
6218,6428
6230,6402
6220,6428
6223,6408
6228,6405
6231,6384
6217,6392
6220,6416
6214,6413
6225,6402
6234,6406
6230,6387
6239,6385
6224,6380
6214,6387
6212,6378
6234,6405
6222,6422
6231,6394
6228,6437
6226,6446
6228,6407
6213,6396
6229,6415
6222,6430
6219,6431
6220,6397
6222,6419
6228,6430
6221,6416
6214,6398
6228,6383
6224,6375
6223,6351
6224,6348
6233,6337
6226,6353
6226,6357
6227,6337
6230,6383
6228,6387
6227,6387
6215,6415
6228,6401
6223,6411
6220,6402
6226,6401
6219,6418
6223,6412
6227,6438
6234,6439
6218,6442
6220,6431
6221,6433
6213,6422
6225,6425
6224,6425
6218,6408
6234,6417
6228,6409
6212,6389
6226,6401
6223,6389
6226,6407
6213,6405
6223,6401
6226,6404
6217,6407
6220,6413
6221,6403
6225,6422
6218,6431
6228,6411
6223,6401
6206,6414
6215,6399
6208,6395
6220,6395
6204,6389
6225,6380
6224,6396
6221,6400
6223,6386
6224,6375
6228,6350
6218,6355
6219,6368
6219,6382
6232,6397
6217,6392
6212,6418
6213,6411
6209,6383
6216,6397
6227,6383
6214,6380
6138,6320
6379,6556
6099,6272
6248,6408
6249,6395
6190,6308
6163,6301
6184,6345
6225,6350
6234,6375
6235,6364
6220,6402
6226,6378
6221,6371
6213,6395
6234,6385
6222,6387
6230,6375
6229,6376
6215,6365
6235,6384
6227,6356
6219,6365
6238,6368
6238,6389
6231,6375
6218,6394
6222,6373
6226,6387
6224,6363
6224,6398
6213,6406
6222,6389
6244,6410
6238,6398
6223,6382
6225,6353
6229,6355
6226,6382
6228,6361
6225,6383
6231,6383
6229,6358
6233,6375
6211,6394
6238,6397
6229,6377
6233,6371
6227,6386
6224,6382
6219,6363
6244,6362
6218,6350
6241,6351
6228,6369
6226,6376
6231,6383
6223,6369
6227,6346
6225,6355
6234,6342
6219,6381
6225,6350
6231,6339
6231,6358
6229,6339
6225,6346
6226,6347
6222,6355
6238,6370
6224,6361
6227,6347
6225,6353
6237,6353
6229,6345
6230,6366
6218,6349
6222,6378
6225,6342
6228,6335
6237,6355
6227,6352
6243,6347
6239,6354
6227,6364
6228,6367
6222,6364
6235,6376
6223,6367
6227,6350
6231,6341
6223,6328
6229,6319
6227,6328
6241,6336
6219,6327
6224,6318
6234,6326
6237,6330
6234,6303
6249,6319
6247,6315
6231,6344
6229,6344
6218,6322
6217,6336
6231,6313
6216,6336
6216,6343
6234,6343
6230,6342
6232,6331
6229,6325
6235,6342
6220,6331
6225,6331
6230,6339
6250,6350
6229,6340
6231,6335
6231,6351
6232,6337
6225,6315
6216,6300
6233,6363
6243,6346
6232,6319
6234,6319
6233,6341
6237,6324
6227,6341
6247,6362
6236,6349
6239,6339
6237,6366
6240,6352
6230,6339
6222,6338
6237,6350
6246,6355
6243,6368
6244,6379
6256,6376
6257,6348
6263,6329
6263,6321
6256,6328
6261,6329
6264,6329
6280,6346
6287,6355
6300,6351
6321,6343
6310,6327
6359,6358
6375,6335
6406,6335
6453,6354
6469,6356
6539,6354
6572,6339
6632,6325
6637,6333
6662,6328
6689,6347
6682,6342
6670,6339
6653,6336
6672,6346
6662,6346
6695,6345
6775,6321
6838,6343
6910,6367
7052,6385
7217,6342
7402,6329
7598,6336
7810,6343
7986,6336
8142,6330
8299,6329
8467,6324
8580,6337
8673,6359
8778,6359
8883,6368
8877,6396
8831,6407
8783,6427
8778,6444
8684,6480
8566,6475
8333,6521
8221,6557
8121,6589
7967,6643
7819,6712
7676,6776
7470,6807
7225,6873
7089,6964
7025,7021
6899,7073
6851,7131
6854,7210
6894,7312
6987,7372
7077,7416
7233,7424
7413,7441
7553,7468
7703,7490
7796,7484
7883,7416
8016,7350
8284,7240
8458,7176
8578,7078
8771,6944
9022,6863
9106,6774
9069,6708
9141,6711
9226,6735
9347,6752
9334,6780
9251,6824
9117,6890
8999,6915
8980,7024
8738,7084
8543,7203
8373,7282
8148,7369
7985,7508
7813,7649
7655,7856
7458,7981
7334,8133
7261,8210
7147,8241
7082,8300
7030,8401
7025,8351
7038,8258
7102,8112
7209,8007
7361,7898
7487,7790
7642,7671
7809,7571
8006,7446
8203,7320
8343,7192
8525,7128
8666,7079
8761,7004
8963,6929
9039,6863
9128,6837
9137,6850
9152,6842
9195,6897
9112,6953
9114,7002
9105,7123
9037,7223
8960,7398
8759,7609
8625,7742
8434,7973
8250,8145
8041,8303
7820,8570
7585,8791
7401,8942
7237,9019
7074,9133
6965,9106
6897,9095
6854,9086
6919,9012
7025,8968
7104,8929
7228,8814
7403,8632
7641,8430
7887,8299
8203,8114
8581,7990
8911,7857
9084,7639
9356,7450
9653,7312
9857,7130
10029,7049
10190,6971
10405,6878
10500,6828
10608,6790
10640,6758
10646,6793
10427,6887
10217,6946
10008,7074
9763,7196
9603,7320
9402,7488
9197,7705
8914,7815
8638,8000
8395,8263
8142,8473
7928,8590
7630,8835
7529,9039
7371,9136
7304,9235
7241,9198
7131,9226
7066,9214
7033,8993
7051,8923
7096,8835
7132,8693
7235,8461
7332,8277
7491,8097
7637,7875
7807,7724
8036,7530
8277,7336
8462,7170
8747,7072
8982,6953
9179,6890
9419,6832
9557,6776
9821,6768
9938,6800
10010,6860
9958,6955
9999,7085
10050,7239
9868,7418
9735,7610
9631,7757
9422,7958
9156,8181
8938,8337
8688,8524
8455,8682
8168,8781
7902,8898
7701,8969
7495,9054
7272,9052
7121,9008
6972,8877
6845,8882
6806,8915
6783,8878
6837,8772
6925,8767
7037,8701
7186,8595
7316,8514
7532,8368
7660,8169
7792,7966
7904,7688
8035,7554
8198,7432
8375,7245
8397,7121
8562,6983
8686,6863
8672,6795
8758,6729
8806,6754
8890,6727
8861,6798
8914,6852
8818,6975
8767,7069
8557,7186
8485,7359
8342,7516
8162,7707
8035,7962
7832,8107
7679,8310
7481,8461
7251,8497
7075,8599
6915,8694
6830,8722
6781,8769
6777,8726
6753,8641
6780,8606
6815,8428
6837,8282
6887,8117
6937,7976
6991,7800
7097,7667
7141,7546
7179,7480
7327,7307
7457,7254
7643,7105
7779,6990
8020,6861
8297,6783
8508,6718
8633,6663
8807,6644
8891,6612
9008,6613
9104,6650
9122,6710
9093,6768
8979,6839
8883,6934
8790,7020
8671,7133
8538,7241
8385,7381
8193,7513
7991,7659
7783,7772
7569,7845
7367,7911
7174,8008
7017,8062
6877,8031
6772,8046
6725,7996
6726,7903
6730,7838
6743,7843
6819,7813
6891,7776
6977,7694
7123,7585
7290,7495
7385,7435
7490,7337
7644,7267
7828,7147
7991,6995
8107,6887
8269,6766
8360,6706
8464,6647
8577,6560
8824,6519
8931,6501
9018,6516
9100,6566
9124,6596
9179,6685
9012,6738
8956,6881
8884,6995
8826,7101
8580,7231
8433,7352
8288,7510
7990,7629
7798,7766
7587,7874
7460,7998
7322,8067
7126,8061
7046,8065
6926,8086
6848,7987
6796,7954
6785,7886
6801,7821
6857,7713
6901,7598
6981,7473
7041,7409
7171,7335
7319,7218
7530,7159
7755,7081
7906,6969
8121,6838
8309,6771
8431,6720
8572,6633
8648,6557
8826,6544
8971,6524
9092,6553
9090,6578
9092,6638
9029,6712
8951,6800
8876,6897
8781,7048
8612,7224
8405,7374
8255,7534
8159,7687
7968,7807
7714,7937
7547,8052
7409,8241
7269,8323
7112,8339
7021,8490
6910,8508
6863,8494
6836,8458
6795,8425
6778,8426
6785,8300
6846,8195
6969,8229
7074,8153
7235,8013
7407,7817
7539,7680
7776,7515
8019,7361
8172,7232
8382,7166
8630,7011
8841,6912
8948,6796
9079,6731
9215,6643
9526,6782
9207,6562
9511,6700
9325,6600
9383,6704
9287,6790
9155,6842
9146,6993
8957,7017
8764,7164
8643,7342
8443,7495
8191,7622
8029,7756
7776,7909
7633,8004
7432,8113
7298,8161
7131,8267
7012,8305
6923,8291
6869,8328
6835,8341
6791,8282
6797,8255
6843,8226
6945,8053
7066,8052
7234,7901
7410,7753
7566,7568
7737,7406
7920,7270
8106,7176
8353,7053
8650,6894
8862,6854
8994,6792
9096,6754
9276,6714
9349,6669
9351,6655
9374,6713
9359,6745
9407,6840
9361,6887
9234,7024
9216,7179
9017,7304
8744,7440
8599,7599
8379,7724
8111,7951
7870,8008
7600,8263
7357,8364
7189,8416
7024,8536
6905,8696
6850,8806
6791,8789
6730,8932
6743,8907
6745,8829
6787,8805
6851,8698
6936,8641
7121,8350
7228,8176
7341,7989
7504,7806
7626,7632
7798,7430
7979,7289
8070,7126
8182,7025
8377,6913
8395,6786
8493,6724
8579,6697
8545,6587
8535,6614
8543,6598
8546,6616
8653,6649
8615,6719
8659,6833
8733,6997
8557,7105
8399,7278
8290,7456
8185,7584
8094,7721
7995,7869
7835,7980
7661,7974
7511,8019
7344,8130
7227,8272
7125,8333
7028,8322
6932,8283
6919,8207
6894,8126
6932,7964
7031,7909
7136,7723
7322,7552
7442,7432
7629,7347
7899,7228
8168,7126
8371,7001
8595,6919
8778,6793
8961,6741
9143,6649
9296,6564
9378,6543
9489,6511
9625,6523
9603,6544
9567,6568
9443,6604
9198,6728
9087,6790
9027,6922
8837,7008
8657,7139
8480,7290
8196,7469
8021,7624
7804,7830
7678,7993
7502,8176
7292,8351
7074,8590
6959,8742
6828,8894
6748,8978
6665,9116
6609,9075
6609,9097
6645,9158
6674,9037
6759,8864
6834,8702
6921,8551
6969,8445
7081,8184
7187,8025
7233,7821
7377,7595
7467,7420
7502,7248
7567,7090
7607,6926
7740,6801
7787,6732
7879,6706
7968,6657
7989,6678
8022,6701
8019,6774
8040,6844
8108,6944
8078,7019
8003,7154
7993,7216
7875,7364
7798,7486
7731,7616
7614,7667
7548,7740
7471,7840
7338,7873
7176,7967
7096,7997
7000,8037
6931,7952
6844,7934
6814,7878
6825,7783
6883,7687
7003,7611
7137,7505
7304,7401
7528,7221
7813,7144
8070,6991
8409,6907
8627,6865
8823,6817
9063,6749
9381,6711
9731,6643
9944,6614
10247,6585
10364,6565
10470,6563
10644,6588
10632,6627
10560,6669
10561,6707
10481,6767
10235,6816
10174,6898
9986,7013
9803,7178
9588,7301
9356,7432
9007,7578
8675,7730
8410,7904
8106,8021
7873,8200
7685,8245
7411,8332
7272,8483
7164,8516
7098,8487
7063,8472
7094,8453
7140,8441
7301,8441
7454,8355
7606,8283
7893,8376
8067,8070
8370,7829
8610,7666
8829,7472
9051,7254
9329,7155
9626,7028
9891,6911
10036,6784
10108,6733
10122,6708
10287,6720
10355,6733
10419,6756
10308,6829
10325,6917
10359,7013
10319,7169
10081,7329
9912,7489
9700,7702
9433,7879
9104,8076
8748,8305
8530,8472
8313,8701
8174,8960
7988,9070
7811,9130
7616,9175
7499,9145
7469,9134
7387,9181
7316,9224
7301,9155
7319,9031
7449,8812
7554,8674
7786,8501
7896,8310
8191,8037
8604,7974
8983,7716
9404,7577
9903,7467
10226,7299
10535,7141
10661,7027
10799,6942
11056,6877
11187,6808
11201,6838
11245,6830
11219,6907
11208,6915
11133,7065
11058,7166
10944,7298
10735,7455
10636,7639
10430,7928
10046,8085
9789,8359
9443,8488
9157,8738
8868,9015
8498,9248
8103,9522
7813,9707
7518,9814
7344,9932
7268,9994
7252,10020
7243,10056
7313,10041
7410,10051
7570,9961
7748,9818
7966,9549
8204,9238
8414,8930
8644,8531
8953,8232
9288,7904
9702,7668
10033,7457
10273,7304
10626,7173
10998,7010
11250,6954
11395,6965
11622,6997
11684,7047
11598,7134
11555,7263
11506,7364
11355,7535
11015,7732
10735,7974
10529,8235
10161,8558
9815,8816
9505,9163
9274,9572
8935,9898
8616,10192
8312,10451
8085,10617
7849,10711
7651,10759
7455,10768
7333,10677
7221,10463
7184,10367
7171,10159
7189,10189
7298,10071
7447,9844
7675,9543
7966,9305
8324,9073
8594,8716
9076,8405
9532,8110
9883,7838
10279,7612
10707,7360
11058,7153
11331,7018
11575,6947
11643,6959
11728,6968
11888,7047
11950,7122
11959,7231
11821,7410
11674,7598
11302,7864
10908,8024
10466,8218
9966,8393
9466,8605
9006,8821
8588,8999
8245,9190
7906,9299
7511,9389
7216,9535
7090,9751
6992,9926
6973,10014
6913,10040
6952,10019
7020,10009
7193,9917
7381,9672
7562,9422
7852,9213
8114,8953
8393,8753
8683,8619
9133,8422
8929,8159
9325,7885
9812,7614
9528,7467
8656,7293
7690,7159
7077,7112
6651,7099
6407,7138
6286,7157
6230,7215
6202,7379
6183,7606
6161,7909
6154,8278
6151,8647
6150,9010
6148,9374
6146,9598
6144,9932
6150,10205
6148,10426
6150,10678
6146,10781
6140,11055
6132,11192
6126,11169
6130,10967
6131,10763
6139,10577
6128,10372
6126,10159
6122,9910
6128,9643
6120,9133
6129,8726
6116,8384
6133,8086
6126,7768
6117,7504
6126,7294
6118,7149
6118,7089
6119,6978
6110,6909
6123,6860
6110,6807
6124,6789
6115,6824
6118,6845
6117,6872
6121,6896
6119,6986
6108,7075
6123,7113
6120,7128
6116,7177
6110,7086
6122,6882
6112,6631
6109,6444
6109,6325
6104,6244
6113,6209
6113,6187
6103,6172
6108,6162
6106,6144
6103,6137
6109,6121
6104,6118
6105,6124
6105,6127
6110,6119
6109,6118
6108,6105
6102,6117
6109,6104
6108,6090
6098,6070
6104,6063
6108,6076
6109,6081
6100,6072
6108,6071
6108,6066
6101,6064
6106,6077
6102,6069
6106,6063
6104,6062
6101,6065
6103,6074
6110,6056
6102,6064
6104,6065
6107,6057
6112,6067
6098,6071
6103,6069
6111,6047
6109,6067
6105,6064
6100,6063
6104,6047
6105,6062
6111,6059
6113,6061
6111,6059
6113,6050
6112,6061
6111,6048
6118,6056
6109,6047
6107,6054
6113,6064
6111,6062
6112,6062
6097,6050
6111,6061
6113,6055
6107,6057
6097,6090
6119,6047
6109,6063
6113,6060
6109,6044
6115,6065
6110,6044
6118,6050
6107,6048
6114,6056
6111,6048
6113,6046
6108,6056
6097,6045
6099,6052
6111,6052
6106,6050
6103,6057
6104,6045
6116,6047
6119,6053
6117,6048
6108,6043
6084,5969
6187,6271
6119,6069
6125,6089
6155,6081
6071,6002
6095,6027
6113,6046
6110,6039
6112,6039
6104,6040
6105,6049
6104,6043
6110,6041
6111,6054
6110,6041
6114,6050
6117,6046
6104,6041
6107,6045
6110,6051
6101,6048
6099,6058
6114,6046
6106,6048
6108,6053
6104,6058
6099,6048
6107,6058
6101,6048
6111,6053
6110,6052
6111,6038
6111,6066
6101,6034
6106,6053
6108,6038
6098,6049
6102,6056
6107,6057
6110,6053
6105,6030
6093,6041
6102,6037
6097,6047
6091,6054
6103,6053
6101,6043
6098,6062
6107,6052
6112,6049
6113,6044
6108,6049
6099,6062
6110,6055
6113,6033
6099,6059
6098,6057
6095,6058
6103,6054
6107,6041
6103,6036
6086,6059
6101,6045
6107,6051
6104,6049
6104,6048
6098,6052
6101,6046
6104,6053
6104,6043
6110,6046
6112,6004
6099,6039
6095,6048
6114,6045
6104,6062
6099,6056
6101,6034
6105,6050
6102,6058
6096,6040
6096,6057
6095,6056
6099,6059
6108,6061
6100,6040
6098,6054
6112,6054
6105,6046
6106,6053
6106,6038
6112,6053
6098,6042
6099,6050
6107,6038
6104,6050
6101,6048
6105,6047
6095,6043
6102,6049
6097,6044
6100,6056
6118,6061
6105,6042
6095,6051
6092,6048
6095,6047
6102,6050
6096,6044
6106,6053
6103,6047
6101,6048
6106,6029
6109,6051
6097,6049
6101,6046
6104,6047
6091,6057
6095,6046
6104,6042
6099,6035
6090,6032
6105,6048
6100,6049
6093,6056
6090,6055
6108,6056
6104,6054
6090,6049
6104,6048
6098,6056
6094,6059
6095,6030
6110,6041
6104,6059
6097,6035
6097,6057
6093,6049
6090,6049
6099,6050
6108,6049
6100,6052
6098,6038
6102,6055
6097,6053
6091,6050
6108,6063
6093,6068
6096,6052
6094,6040
6088,6042
6105,6040
6095,6056
6091,6043
6094,6035
6096,6048
6114,6045
6095,6048
6091,6053
6097,6039
6102,6053
6101,6051
6109,6051
6100,6043
6100,6046
6110,6046
6110,6060
6099,6048
6100,6064
6107,6046
6089,6040
6097,6049
6106,6048
6107,6052
6103,6059
6096,6053
6093,6056
6109,6050
6110,6054
6103,6053
6101,6058
6098,6049
6100,6046
6107,6046
6099,6055
6109,6056
6107,6064
6103,6041
6102,6059
6097,6045
6098,6049
6108,6053
6098,6058
6112,6066
6105,6056
6105,6058
6099,6055
6115,6048
6115,6053
6106,6057
6104,6061
6117,6049
6103,6053
6112,6044
6106,6049
6093,6039
6102,6053
6107,6057
6112,6052
6106,6048
6109,6057
6105,6048
6105,6051
6103,6046
6113,6050
6107,6055
6108,6043
6110,6055
6107,6050
6113,6053
6106,6048
6105,6061
6095,6045
6103,6028
6095,6038
6107,6050
6106,6052
6107,6061
6093,6045
6104,6033
6120,6046
6104,6057
6099,6057
6105,6051
6109,6045
6108,6054
6097,6042
6103,6046
6103,6042
6097,6053
6099,6052
6102,6048
6101,6055
6102,6049
6102,6039
6102,6048
6107,6048
6102,6042
6113,6043
6096,6038
6104,6055
6111,6063
6107,6035
6104,6054
6099,6043
6106,6052
6094,6050
6102,6047
6103,6052
6101,6049
6098,6052
6104,6045
6109,6039
6098,6037
6099,6037
6104,6060
6087,6012
6099,6050
5992,5944
6119,6032
6086,6030
6082,6035
6090,6035
6118,6059
6113,6055
6103,6035
6103,6060
6117,6048
6098,6057
6112,6054
6104,6044
6108,6043
6108,6049
6100,6044
6106,6054
6109,6030
6106,6057
6114,6051
6113,6041
6113,6060
6115,6042
6114,6051
6114,6047
6118,6030
6115,6041
6120,6049
6123,6028
6115,6039
6108,6030
6108,6065
6113,6040
6112,6056
6111,6036
6115,6057
6112,6054
6120,6058
6103,6028
6118,6054
6099,6030
6112,6048
6111,6060
6102,6061
6118,6051
6123,6049
6106,6047
6110,6052
6107,6049
6103,6056
6108,6045
6110,6052
6118,6059
6111,6055
6108,6054
6109,6048
6106,6046
6108,6049
6122,6060
6117,6056
6118,6050
6109,6054
6106,6054
6117,6053
6102,6058
6110,6050
6112,6049
6114,6044
6109,6064
6106,6061
6099,6044
6104,6048
6107,6046
6119,6048
6118,6041
6109,6061
6103,6056
6107,6046
6115,6039
6110,6059
6103,6066
6108,6057
6104,6053
6117,6047
6120,6051
6110,6039
6117,6037
6115,6043
6102,6057
6110,6054
6112,6045
6106,6062
6109,6062
6110,6061
6103,6057
6113,6057
6112,6048
6108,6057
6104,6047
6102,6046
6102,6058
6113,6059
6093,5884
6115,6057
6108,6069
6114,6061
6112,6037
6117,6057
6119,6046
6113,6055
6110,6058
6110,6056
6119,6054
6115,6060
6119,6046
6109,6057
6105,6060
6126,6055
6124,6042
6108,6060
6114,6059
6110,6046
6115,6045
6120,6055
6114,6052
6116,6056
6117,6042
6117,6053
6103,6058
6112,6054
6111,6048
6123,6056
6118,6050
6109,6047
6125,6062
6121,6055
6126,6057
6107,6057
6110,6046
6110,6045
6113,6050
6116,6056
6112,6049
6113,6042
6111,6048
6113,6050
6110,6053
6110,6053
6117,6042
6113,6050
6114,6057
6111,6047
6111,6059
6118,6050
6112,6048
6113,6055
6114,6049
6114,6057
6114,6060
6120,6040
6117,6052
6114,6061
6116,6052
6108,6052
6120,6063
6113,6055
6112,6048
6121,6030
6124,6047
6124,6047
6115,6055
6110,6046
6122,6055
6114,6042
6111,6056
6115,6050
6118,6049
6109,6057
6113,6059
6118,6051
6121,6059
6118,6052
6107,6058
6114,6060
6111,6060
6117,6050
6123,6054
6115,6055
6119,6055
6117,6061
6105,6048
6105,6048
6113,6051
6122,6057
6110,6058
6113,6055
6118,6059
6115,6048
6111,6051
6119,6052
6122,6053
6118,6048
6117,6051
6108,6052
6113,6054
6114,6059
6115,6060
6109,6059
6116,6054
6115,6058
6117,6047
6117,6057
6116,6062
6116,6062
6114,6066
6112,6053
6132,6066
6118,6056
6118,6053
6118,6049
6114,6045
6120,6046
6110,6055
6117,6045
0,27
0,61680
0,0
6110,6051
5593,5585
5595,5583
5592,5576
5597,5576
5598,5582
5597,5582
5599,5577
5594,5567
5819,5749
6324,6316
6278,6298
6297,6293
6312,6305
6270,6310
6292,6301
6292,6311
6285,6293
6279,6324
6293,6329
6292,6326
6292,6335
6290,6343
6288,6353
6310,6317
6310,6329
6303,6329
6306,6339
6303,6325
6317,6327
6301,6323
6299,6338
6276,6328
6286,6322
6274,6331
6286,6337
6281,6338
6295,6331
6303,6361
6312,6365
6302,6357
6289,6333
6271,6318
6273,6346
6287,6372
6296,6364
6296,6339
6294,6353
6284,6335
6284,6319
6287,6344
6285,6342
6300,6358
6301,6330
6287,6325
6308,6354
6302,6354
6307,6330
6324,6350
6290,6355
6310,6347
6304,6325
6280,6321
6269,6298
6283,6303
6292,6325
6314,6360
6299,6350
6300,6352
6297,6328
6302,6351
6290,6332
6295,6322
6296,6321
6288,6325
6282,6306
6303,6316
6290,6318
6300,6314
6299,6323
6293,6328
6289,6330
6276,6332
6292,6333
6299,6324
6291,6329
6273,6319
6281,6358
6284,6364
6288,6325
6266,6327
6292,6328
6292,6345
6284,6351
6299,6346
6314,6360
6288,6350
6288,6359
6288,6330
6298,6328
6293,6336
6290,6296
6294,6323
6298,6312
6289,6321
6274,6313
6267,6316
6291,6335
6291,6323
6295,6322
6281,6336
6278,6319
6270,6355
6287,6326
6296,6345
6288,6347
6287,6313
6298,6329
6289,6337
6286,6315
6291,6319
6286,6351
6292,6353
6284,6326
6290,6334
6287,6343
6289,6329
6297,6327
6292,6338
6289,6300
6310,6324
6293,6360
6285,6347
6269,6351
6290,6334
6281,6341
6296,6332
6294,6311
6285,6324
6286,6349
6288,6380
6281,6356
6295,6342
6285,6338
6283,6325
6285,6340
6308,6346
6286,6336
6300,6330
6265,6335
6278,6334
6286,6349
6289,6319
6292,6318
6308,6345
6295,6337
6279,6371
6278,6338
6294,6338
6293,6324
6276,6319
6283,6334
6275,6345
6295,6334
6290,6363
6281,6328
6293,6340
6306,6353
6273,6345
6251,6340
6264,6324
6268,6346
6276,6356
6268,6349
6281,6334
6288,6345
6290,6348
6278,6345
6280,6369
6272,6363
6276,6350
6270,6329
6289,6345
6272,6305
6278,6328
6283,6339
6296,6344
6282,6324
6281,6384
6276,6365
6276,6376
6278,6367
6211,6352
6436,6524
6358,6392
6079,6183
6297,6374
6303,6352
6231,6320
6272,6349
6265,6344
6304,6402
6263,6369
6279,6368
6271,6341
6278,6394
6259,6375
6278,6372
6267,6381
6250,6340
6247,6363
6272,6355
6270,6350
6274,6382
6294,6359
6280,6362
6289,6350
6279,6385
6258,6406
6251,6373
6265,6388
6266,6374
6273,6355
6248,6371
6244,6370
6287,6293
6253,6386
6256,6386
6275,6378
6273,6367
6258,6394
6264,6376
6263,6359
6267,6369
6246,6395
6251,6368
6252,6368
6254,6388
6273,6371
6251,6359
6246,6403
6267,6392
6264,6379
6247,6410
6261,6407
6272,6426
6248,6412
6251,6402
6249,6418
6289,6388
6268,6382
6251,6360
6241,6383
6271,6371
6249,6361
6259,6376
6266,6403
6283,6404
6267,6402
6253,6400
6260,6382
6253,6395
6239,6388
6247,6383
6238,6369
6258,6356
6236,6346
6258,6353
6253,6369
6240,6374
6240,6398
6253,6391
6240,6387
6231,6385
6244,6371
6236,6377
6248,6381
6252,6404
6242,6383
6247,6402
6249,6404
6254,6402
6251,6412
6251,6406
6240,6390
6242,6379
6249,6400
6254,6383
6253,6379
6237,6390
6241,6391
6233,6391
6238,6354
6248,6369
6239,6352
6246,6380
6243,6395
6246,6388
6239,6366
6236,6383
6239,6369
6238,6391
6255,6383
6247,6388
6230,6374
6235,6402
6239,6379
6237,6385
6226,6366
6235,6386
6227,6345
6225,6357
6228,6349
6247,6340
6251,6372
6248,6386
6225,6383
6229,6384
6239,6407
6229,6416
6233,6408
6236,6421
6237,6399
6227,6405
6222,6378
6231,6378
6234,6421
6239,6403
6233,6407
6244,6407
6253,6414
6240,6401
6218,6421
6227,6405
6232,6379
6235,6351
6244,6405
6234,6388
6241,6370
6238,6394
6234,6351
6235,6370
6230,6399
6218,6412
6217,6393
6228,6380
6243,6393
6248,6373
6226,6363
6212,6347
6227,6347
6226,6352
6219,6324
6231,6350
6235,6386
6246,6370
6240,6366
6230,6377
6217,6377
6229,6393
6220,6386
6225,6395
6222,6401
6231,6394
6227,6382
6229,6390
6231,6406
6236,6409
6225,6386
6244,6414
6230,6408
6236,6426
6225,6398
6224,6399
6229,6416
6228,6390
6214,6413
6217,6434
6232,6418
6228,6409
6229,6400
6218,6396
6218,6428
6225,6400
6217,6441
6226,6419
6237,6404
6233,6408
6216,6411
6227,6420
6224,6404
6231,6388
6222,6404
6222,6414
6229,6412
6225,6412
6234,6448
6225,6395
6229,6408
6210,6393
6217,6393
6219,6399
6227,6406
6222,6410
6232,6422
6220,6422
6211,6447
6224,6400
6213,6413
6216,6410
6227,6437
6215,6400
6212,6388
6227,6408
6237,6419
6224,6416
6225,6381
6208,6371
6207,6393
6219,6344
6213,6375
6243,6330
6215,6353
6219,6364
6231,6355
6239,6392
6223,6386
6223,6383
6225,6395
6223,6411
6219,6399
6216,6388
6213,6409
6225,6417
6209,6418
6228,6423
6214,6441
6214,6453
6212,6416
6215,6436
6217,6420
6209,6413
6216,6435
6217,6425
6228,6411
6223,6408
6220,6389
6212,6402
6212,6408
6224,6417
6208,6417
6220,6401
6215,6412
6221,6428
6222,6403
6222,6402
6213,6417
6222,6404
6214,6409
6214,6404
6215,6408
6153,6336
6148,6358
6234,6416
6193,6391
6186,6366
6173,6358
6235,6384
6232,6363
6209,6376
6210,6367
6231,6380
6234,6356
6230,6365
6223,6389
6227,6401
6219,6436
6220,6423
6214,6373
6219,6411
6213,6378
6212,6375
6206,6392
6220,6386
6221,6366
6225,6379
6215,6383
6219,6352
6219,6375
6226,6378
6226,6360
6245,6356
6238,6378
6232,6378
6220,6373
6215,6394
6221,6382
6225,6392
6241,6393
6230,6358
6221,6380
6229,6388
6215,6373
6218,6380
6217,6373
6230,6355
6223,6396
6228,6414
6227,6406
6218,6396
6227,6376
6215,6384
6223,6397
6226,6388
6227,6373
6225,6399
6226,6387
6226,6389
6224,6373
6220,6357
6227,6384
6221,6353
6231,6368
6240,6371
6232,6369
6228,6378
6224,6400
6232,6384
6225,6392
6230,6406
6229,6385
6226,6362
6238,6375
6240,6391
6217,6347
6226,6352
6230,6342
6231,6357
6232,6374
6222,6383
6227,6335
6233,6346
6235,6364
6230,6359
6224,6348
6227,6340
6230,6345
6237,6331
6223,6336
6239,6340
6225,6360
6226,6364
6227,6350
6222,6357
6232,6362
6235,6354
6219,6364
6224,6380
6223,6356
6236,6354
6234,6340
6224,6363
6236,6343
6240,6351
6235,6347
6228,6363
6231,6361
6233,6384
6245,6372
6221,6376
6227,6368
6236,6354
6236,6347
6231,6341
6225,6337
6224,6357
6232,6323
6238,6323
6231,6322
6235,6346
6235,6352
6240,6340
6243,6329
6244,6321
6240,6344
6244,6351
6209,6313
6228,6324
6222,6344
6216,6332
6213,6327
6216,6358
6239,6355
6231,6337
6229,6352
6226,6347
6231,6334
6224,6329
6228,6344
6236,6363
6224,6337
6233,6332
6224,6337
6226,6348
6212,6308
6233,6346
6241,6344
6241,6333
6235,6334
6223,6340
6225,6334
6228,6325
6234,6335
6233,6352
6237,6350
6235,6337
6240,6365
6220,6348
6222,6347
6236,6348
6235,6346
6241,6365
6237,6353
6248,6351
6263,6355
6253,6340
6265,6334
6245,6326
6250,6343
6250,6340
6271,6352
6280,6346
6275,6342
6290,6354
6327,6339
6330,6323
6342,6370
6376,6336
6412,6321
6451,6343
6482,6369
6537,6347
6580,6344
6609,6335
6643,6320
6673,6320
6700,6356
6692,6358
6682,6350
6664,6314
6660,6339
6664,6355
6706,6340
6751,6332
6813,6329
6887,6367
7073,6364
7233,6348
7407,6342
7587,6344
7765,6330
7996,6335
8129,6338
8287,6331
8426,6336
8604,6340
8681,6370
8736,6369
8896,6374
8884,6378
8883,6414
8807,6418
8775,6441
8636,6474
8534,6504
8409,6515
8271,6573
8111,6604
8039,6663
7879,6703
7698,6772
7441,6822
7234,6886
7135,6971
7014,7004
6896,7056
6840,7120
6865,7210
6883,7312
6955,7376
7097,7410
7262,7418
7406,7442
7510,7494
7702,7532
7799,7502
7881,7437
8051,7380
8259,7278
8528,7146
8640,7050
8824,6941
9022,6851
9110,6745
9063,6712
9134,6697
9272,6707
9303,6764
9296,6765
9275,6831
9135,6872
9016,6949
8941,7016
8797,7128
8525,7205
8358,7305
8161,7394
7962,7533
7798,7700
7627,7850
7447,8007
7356,8133
7253,8151
7132,8210
7100,8341
7050,8346
7019,8376
7060,8300
7112,8129
7205,7975
7340,7888
7387,7567
7609,7612
7851,7636
8031,7454
8196,7328
8379,7222
8534,7124
8631,7080
8815,7018
8971,6952
9048,6868
9112,6822
9096,6857
9163,6870
9169,6912
9076,6949
9120,7022
9044,7101
9037,7201
8925,7402
8784,7583
8607,7760
8418,7961
8246,8151
8077,8348
7834,8564
7633,8707
7426,8905
7227,9017
7104,9080
6954,9069
6924,9047
6888,9038
6890,9027
7009,8982
7104,8897
7221,8826
7418,8690
7626,8458
7871,8286
8196,8137
8522,7995
8918,7859
9082,7647
9302,7433
9592,7234
9848,7163
9957,7044
10226,6975
10372,6907
10519,6786
10648,6767
10663,6770
10582,6816
10451,6876
10215,6949
10020,7067
9785,7196
9603,7321
9448,7529
9174,7713
8929,7864
8617,7983
8343,8233
8121,8464
7906,8661
7629,8823
7532,9008
7382,9125
7277,9268
7213,9169
7131,9206
7059,9250
7064,9044
7067,8950
7090,8856
7134,8705
7203,8449
7342,8272
7468,8080
7639,7914
7758,7729
8005,7522
8256,7305
8510,7192
8783,7036
9017,6965
9219,6881
9398,6821
9596,6799
9817,6785
9963,6796
9958,6857
9974,6951
10022,7053
10026,7236
9870,7434
9738,7625
9602,7777
9442,7985
9171,8167
8927,8366
8698,8528
8473,8713
8167,8769
7922,8864
7674,8931
7496,9126
7299,9110
7124,9021
7001,8853
6849,8880
6806,8903
6778,8859
6823,8826
6913,8768
7035,8715
7205,8570
7357,8459
7477,8422
7667,8179
7797,7966
7930,7759
8065,7571
8187,7452
8344,7292
8449,7112
8589,6994
8632,6857
8711,6806
8786,6765
8805,6737
8857,6762
8895,6824
8888,6836
8841,6954
8747,7091
8580,7212
8463,7314
8332,7545
8188,7728
8013,7968
7851,8101
7645,8321
7475,8442
7244,8560
7067,8594
6967,8671
6851,8720
6785,8761
6765,8730
6766,8669
6762,8628
6803,8485
6843,8320
6883,8084
6945,7985
6992,7840
7072,7669
7140,7571
7225,7433
7313,7354
7459,7239
7639,7099
7815,6992
8015,6890
8307,6793
8477,6730
8595,6656
8733,6643
8821,6589
9007,6613
9065,6655
9147,6689
9039,6751
8959,6853
8934,6923
8776,7022
8707,7142
8539,7256
8444,7382
8218,7542
7965,7659
7758,7742
7580,7879
7360,7936
7186,7993
7017,8066
6867,8011
6754,8059
6718,7968
6711,7924
6726,7851
6743,7813
6816,7819
6891,7772
6995,7668
7085,7624
7272,7504
7386,7428
7468,7336
7627,7258
7848,7151
7972,7000
8074,6894
8241,6801
8378,6686
8488,6635
8588,6590
8815,6513
8962,6488
8995,6526
9051,6538
9130,6607
9173,6675
9019,6750
8949,6898
8912,6975
8797,7096
8609,7243
8437,7372
8284,7513
7996,7619
7808,7787
7579,7909
7468,7989
7308,8042
7139,8053
7024,8119
6926,8118
6851,7980
6789,7949
6813,7911
6811,7833
6860,7693
6908,7606
6977,7527
7055,7426
7167,7344
7333,7222
7560,7152
7747,7066
7914,6935
8096,6844
8307,6780
8402,6704
8569,6628
8665,6591
8838,6559
8983,6515
9049,6552
9119,6580
9044,6640
8992,6716
8933,6814
8881,6922
8789,7042
8621,7222
8433,7361
8313,7486
8175,7666
7950,7773
7749,7935
7578,8091
7395,8241
7268,8276
7123,8393
7104,8512
6906,8522
6981,8606
6843,8484
6750,8399
6770,8449
6794,8327
6832,8219
6966,8226
7085,8093
7232,7983
7401,7785
7583,7680
7774,7532
8003,7384
8154,7236
8363,7147
8644,6991
8850,6898
8949,6797
9053,6712
9186,6647
9244,6582
9238,6609
9342,6615
9385,6637
9347,6703
9282,6767
9135,6845
9122,6971
8968,7036
8710,7177
8591,7323
8444,7496
8162,7659
7976,7753
7766,7895
7642,8013
7419,8114
7283,8158
7087,8256
7007,8233
6929,8282
6852,8321
6819,8303
6786,8303
6796,8242
6870,8243
6942,8042
7066,8010
7242,7905
7405,7756
7586,7572
7728,7387
7943,7300
8204,7182
8430,7039
8676,6948
8848,6875
8924,6817
9090,6763
9222,6715
9352,6671
9395,6672
9422,6733
9367,6743
9422,6851
9344,6906
9293,7005
9153,7157
9017,7331
8775,7440
8552,7592
8386,7735
8115,7910
7909,8064
7627,8252
7357,8410
7186,8477
7042,8521
6916,8679
6857,8837
6762,8824
6768,8871
6711,8870
6753,8822
6796,8741
6830,8746
6916,8655
7056,8415
7212,8163
7355,7980
7483,7784
7656,7663
7770,7441
7945,7312
8088,7161
8219,7004
8387,6886
8397,6834
8524,6725
8542,6671
8545,6631
8525,6599
8546,6610
8518,6609
8640,6642
8668,6698
8662,6813
8693,6967
8524,7121
8474,7241
8294,7411
8220,7589
8092,7737
7930,7869
7807,8015
7697,8027
7498,8003
7397,8105
7238,8264
7162,8343
7013,8352
6947,8282
6888,8204
6886,8111
6955,7979
7018,7855
7119,7720
7282,7550
7446,7423
7655,7374
7897,7238
8178,7110
8363,7014
8556,6925
8793,6798
8991,6697
9111,6647
9278,6594
9426,6530
9533,6522
9620,6516
9595,6554
9553,6589
9451,6635
9225,6715
9106,6789
8971,6912
8849,7039
8628,7154
8478,7267
8214,7472
8016,7626
7860,7836
7645,7991
7502,8160
7288,8366
7060,8620
6951,8783
6821,8965
6737,8984
6662,9116
6614,9087
6593,9155
6624,9143
6689,9061
6775,8866
6840,8722
6905,8588
6963,8397
7062,8200
7187,8038
7236,7778
7348,7650
7444,7416
7514,7261
7532,7075
7602,6925
7720,6835
7834,6736
7873,6682
7930,6660
7944,6697
8034,6738
8006,6757
8067,6866
8114,6955
8055,7021
7962,7150
7953,7203
7874,7376
7795,7474
7724,7596
7619,7658
7561,7752
7425,7840
7320,7904
7182,7986
7086,8049
7002,8057
6914,7988
6855,7962
6807,7866
6817,7813
6877,7735
7003,7617
7133,7506
7326,7374
7513,7194
7814,7120
8061,7008
8392,6905
8603,6869
8861,6817
9105,6733
9407,6700
9692,6660
9960,6635
10231,6573
10391,6563
10507,6578
10632,6590
10629,6609
10531,6663
10607,6697
10478,6795
10274,6821
10106,6899
9961,7026
9778,7165
9554,7329
9424,7448
9003,7607
8730,7742
8417,7903
8124,7973
7920,8216
7675,8271
7414,8398
7242,8471
7132,8530
7100,8570
7100,8499
7113,8522
7167,8423
7298,8450
7431,8359
7610,8331
7875,8257
8052,8036
8366,7833
8570,7651
8791,7461
9069,7280
9337,7111
9653,6999
9873,6891
10025,6800
10102,6736
10170,6702
10224,6722
10396,6743
10381,6768
10370,6831
10395,6891
10345,7035
10300,7191
10127,7306
10012,7662
9704,7695
9494,7969
9176,8162
8783,8326
8502,8461
8283,8700
8168,8947
7981,9075
7805,9128
7616,9163
7494,9185
7465,9179
7374,9208
7332,9243
7299,9131
7332,9044
7417,8861
7566,8677
7715,8508
7921,8339
8249,8095
8630,8005
9084,7768
9461,7618
9914,7446
10235,7325
10530,7113
10704,7039
10839,6941
11017,6827
11152,6817
11243,6805
11277,6835
11216,6890
11147,7011
11160,7103
11075,7128
10906,7295
10773,7477
10674,7643
10428,7907
10053,8119
9821,8328
9493,8537
9148,8776
8828,9014
8497,9284
8087,9466
7845,9726
7493,9819
7351,9957
7283,10025
7233,10088
7225,10094
7294,10030
7423,10078
7580,10036
7775,9897
7947,9550
8165,9231
8455,8918
8640,8567
8949,8216
9286,7936
9687,7665
10016,7455
10288,7281
10664,7134
11020,7025
11265,6968
11440,6936
11621,6996
11686,7058
11707,7141
11588,7245
11502,7363
11262,7537
11005,7779
10781,7976
10562,8216
10216,8527
9837,8828
9583,9159
9294,9595
8899,9877
8632,10221
8336,10452
8077,10595
7829,10737
7671,10801
7475,10791
7347,10674
7233,10532
7185,10356
7187,10188
7159,10129
7308,10037
7452,9835
7691,9568
7970,9287
8311,9054
8674,8755
9109,8387
9510,8126
9920,7849
10276,7627
10720,7407
11037,7177
11361,7013
11529,6948
11662,6949
11745,6950
11925,7044
11987,7123
11948,7244
11779,7419
11644,7612
11215,7831
10922,8013
10468,8221
9858,8401
9449,8588
8978,8820
8608,8978
8201,9189
7871,9361
7528,9413
7248,9534
7074,9729
6998,9916
6944,9997
6940,10052
6941,10031
7036,10015
7177,9919
7412,9700
7608,9454
7827,9221
8075,9002
8354,8799
8707,8554
9188,8449
8941,8198
9304,7893
9812,7645
9526,7475
8635,7296
7702,7194
7049,7105
6624,7062
6392,7105
6290,7183
6226,7230
6201,7356
6176,7610
6165,7838
6158,8254
6156,8597
6154,9047
6137,9382
6137,9633
6143,9992
6144,10142
6137,10503
6147,10677
6138,10775
6139,11017
6125,11212
6125,11193
6123,10940
6129,10759
6134,10619
6125,10397
6120,10155
6127,9980
6129,9621
6117,9148
6128,8773
6115,8384
6121,8094
6125,7754
6123,7496
6123,7312
6103,7162
6112,7072
6115,7021
6117,6904
6120,6893
6110,6812
6121,6810
6118,6809
6110,6833
6117,6876
6117,6892
6115,6954
6107,7127
6111,7123
6114,7146
6112,7178
6105,7077
6113,6865
6113,6633
6108,6430
6113,6336
6109,6244
6101,6212
6109,6176
6090,6174
6110,6152
6106,6142
6099,6131
6115,6147
6103,6120
6101,6125
6110,6130
6105,6122
6108,6127
6103,6129
6099,6113
6116,6112
6106,6090
6105,6078
6099,6088
6111,6085
6117,6081
6093,6070
6106,6084
6107,6078
6097,6080
6104,6070
6105,6073
6102,6063
6105,6065
6107,6064
6110,6064
6103,6067
6100,6066
6105,6046
6104,6064
6105,6063
6098,6065
6113,6065
6114,6063
6115,6071
6114,6084
6100,6052
6100,6073
6105,6047
6103,6063
6105,6068
6109,6063
6112,6061
6106,6062
6110,6051
6123,6073
6101,6061
6111,6065
6112,6043
6110,6060
6105,6053
6107,6058
6110,6064
6117,6064
6113,6060
6059,6018
6113,6053
6109,6049
6176,6152
6063,6020
6152,6108
6125,6079
6109,6067
6089,6047
6115,6071
6108,6063
6097,6038
6096,6053
6103,6049
6107,6057
6110,6066
6104,6055
6107,6048
6104,6046
6107,6053
6114,6053
6112,6056
6112,6048
6114,6043
6108,6048
6109,6056
6106,6043
6113,6063
6119,6061
6116,6055
6116,6051
6110,6049
6108,6054
6111,6069
6110,6046
6115,6052
6103,6042
6108,6054
6112,6048
6110,6047
6116,6054
6108,6057
6109,6046
6105,6055
6101,6046
6104,6046
6112,6052
6106,6046
6098,6054
6104,6041
6108,6052
6107,6054
6103,6058
6107,6048
6108,6047
6103,6056
6113,6058
6114,6045
6104,6058
6101,6066
6095,6052
6103,6044
6104,6045
6111,6050
6106,6054
6102,6050
6100,6046
6105,6057
6102,6055
6105,6058
6103,6055
6103,6063
6112,6053
6113,6052
6105,6053
6107,6052
6103,6047
6113,6049
6108,6041
6104,6054
6097,6065
6102,6059
6107,6045
6104,6044
6108,6051
6101,6058
6102,6043
6100,6056
6108,6046
6101,6051
6101,6050
6097,6053
6100,6048
6101,6058
6111,6046
6112,6054
6095,6050
6097,6046
6120,6044
6108,6053
6101,6046
6103,6051
6096,6041
6099,6048
6099,6041
6102,6047
6098,6062
6098,6049
6092,6051
6104,6041
6097,6046
6110,6054
6092,6047
6109,6040
6117,6040
6107,6059
6100,6054
6091,6036
6101,6035
6102,6055
6107,6053
6106,6048
6093,6012
6101,6041
6101,6041
6103,6053
6107,6045
6097,6057
6096,6032
6106,6044
6102,6037
6098,6048
6096,6049
6107,6032
6101,6033
6110,6046
6091,6052
6107,6057
6096,6034
6103,6045
6105,6052
6114,6047
6097,6045
6098,6028
6096,6028
6094,6053
6109,6045
6095,6048
6094,6047
6093,6050
6109,6045
6098,6053
6093,6057
6107,6057
6099,6044
6100,6048
6086,6049
6100,6036
6107,6044
6101,6042
6097,6049
6086,6058
6094,6049
6101,6054
6102,6043
6098,6052
6096,6046
6100,6046
6100,6049
6094,6047
6104,6054
6096,6063
6089,6056
6106,6053
6089,6050
6101,6045
6098,6058
6092,6044
6101,6048
6107,6049
6105,6052
6096,6049
6093,6051
6105,6029
6101,6046
6098,6048
6105,6063
6096,6049
6098,6044
6102,6047
6094,6056
6095,6054
6105,6040
6101,6053
6088,6050
6098,6064
6101,6055
6096,6055
6102,6060
6097,6063
6096,6044
6110,6047
6101,6054
6112,6041
6108,6056
6105,6060
6098,6042
6100,6063
6104,6054
6113,6104
6099,6044
6102,6050
6101,6057
6108,6051
6104,6054
6112,6059
6100,6048
6106,6060
6097,6067
6099,6073
6111,6041
6112,6048
6117,6041
6109,6056
6106,6062
6114,6056
6105,6050
6115,6045
6114,6055
6103,6054
6102,6040
6113,6058
6106,6053
6103,6051
6099,6061
6108,6040
6098,6042
6107,6050
6107,6054
6097,6048
6105,6061
6112,6058
6112,6042
6109,6058
6105,6056
6104,6049
6104,6051
6098,6045
6094,6041
6104,6046
6108,6052
6106,6047
6095,6047
6105,6051
6108,6054
6104,6061
6097,6047
6118,6044
6105,6032
6111,6046
6098,6057
6104,6056
6106,6034
6106,6048
6102,6052
6098,6056
6102,6057
6097,6047
6101,6047
6101,6045
6095,6062
6124,6057
6014,5952
5980,5991
6105,6006
6111,6061
6127,6077
6099,6034
6108,6062
6120,6048
6101,6051
6111,6054
6106,6046
6105,6042
6105,6049
6104,6044
6107,6043
6094,6052
6105,6045
6105,6061
6107,6061
6103,6047
6106,6047
6108,6050
6109,6046
6113,6049
6104,6042
6104,6042
6106,6051
6112,6053
6108,6054
6115,6060
6103,6047
6113,6051
6115,6041
6113,6041
6111,6049
6094,6060
6095,6049
6122,6044
6113,6037
6115,6048
6110,6048
6115,6054
6109,6053
6121,6054
6114,6053
6102,6041
6112,6048
6122,6058
6117,6056
6113,6056
6104,6059
6107,6063
6113,6046
6109,6038
6111,6037
6119,6061
6117,6050
6123,6046
6108,6047
6113,6053
6102,6054
6110,6051
6110,6058
6103,6049
6109,6063
6107,6052
6108,6037
6103,6048
6110,6041
6105,6051
6102,6049
6110,6042
6113,6064
6107,6040
6107,6050
6116,6048
6100,6050
6115,6053
6115,6060
6111,6052
6107,6041
6105,6055
6093,6066
6104,6059
6101,6051
6110,6039
6107,6061
6110,6055
6109,6068
6104,6056
6105,6033
6104,6047
6103,6037
6121,6044
6111,6055
6118,6051
6107,6048
6112,6041
6111,6045
6116,6039
6107,6047
6106,6051
6102,6048
6113,6037
6111,6034
6096,6043
6116,6042
6115,6042
6108,6041
6112,6035
6110,6057
6097,6058
6112,6055
6111,6056
6108,6055
6116,6051
6120,6053
6108,6041
6099,6052
6106,6046
6107,6053
6109,6063
6102,6053
6106,6046
6107,6042
6113,6058
6104,6054
6112,6045
6103,6034
6111,6056
6115,6050
6106,6053
6115,6065
6112,6054
6117,6048
6113,6055
6103,6042
6111,6062
6120,6057
6107,6051
6107,6061
6119,6053
6112,6052
6114,6059
6109,6057
6108,6060
6114,6053
6113,6051
6108,6041
6110,6053
6110,6051
6122,6053
6115,6039
6107,6064
6117,6069
6121,6061
6117,6042
6113,6050
6110,6059
6110,6053
6112,6060
6109,6052
6109,6061
6120,6053
6115,6042
6110,6050
6114,6048
6115,6057
6115,6057
6117,6050
6116,6048
6123,6050
6114,6056
6114,6055
6104,6033
6118,6042
6112,6059
6119,6059
6118,6046
6114,6045
6116,6059
6116,6060
6112,6059
6114,6033
6116,6055
6113,6067
6116,6057
6114,6052
6119,6050
6120,6065
6120,6065
6115,6047
6112,6053
6110,6061
6112,6061
6112,6061
6116,6069
6114,6047
6109,6048
6109,6052
6113,6060
6116,6050
6120,6050
6114,6053
6113,6045
6117,6058
6118,6050
6112,6058
6113,6061
6120,6055
6100,6057
6109,6059
6109,6059
6120,6048
6118,6046
6119,6057
6117,6068
6116,6051
6115,6047
6106,6046
6116,6049
6111,6059
6112,6059
6113,6049
6117,6054
6112,6056
6102,6055
6118,6054
6117,6049
6110,6054
6115,6053
6114,6053
6114,6051
6112,6048
6112,6048
6110,6068
6122,6038
6116,6052
6120,6050
6111,6050
6110,6059
6114,6039
6111,6059
6114,6044
0,35
0,61680
0,0
6115,6052
5604,5574
5602,5576
5601,5577
5591,5576
5605,5575
5602,5566
5597,5583
5586,5590
5806,5755
6323,6314
6278,6318
6307,6287
6305,6305
6270,6327
6285,6293
6284,6301
6280,6296
6286,6321
6287,6321
6303,6323
6296,6322
6298,6336
6296,6345
6311,6339
6298,6334
6292,6337
6271,6353
6312,6343
6299,6332
6291,6323
6286,6327
6272,6321
6283,6325
6288,6327
6267,6330
6289,6301
6282,6335
6300,6364
6310,6353
6294,6345
6288,6326
6286,6346
6277,6345
6288,6365
6276,6350
6301,6353
6297,6329
6271,6325
6290,6320
6288,6347
6288,6365
6279,6370
6301,6339
6288,6327
6298,6363
6290,6328
6326,6331
6319,6334
6296,6338
6319,6316
6300,6326
6279,6327
6274,6310
6265,6315
6297,6341
6308,6340
6293,6352
6304,6335
6325,6327
6312,6341
6287,6337
6297,6313
6291,6335
6273,6328
6287,6322
6293,6332
6286,6308
6310,6313
6298,6307
6296,6311
6290,6338
6280,6321
6304,6341
6305,6314
6286,6330
6269,6313
6273,6354
6278,6355
6278,6313
6266,6311
6294,6324
6287,6346
6300,6363
6295,6344
6313,6353
6299,6350
6278,6345
6285,6345
6301,6334
6282,6336
6289,6304
6303,6331
6299,6289
6266,6321
6276,6313
6260,6326
6280,6326
6310,6306
6314,6331
6303,6311
6276,6326
6269,6339
6288,6340
6287,6345
6299,6365
6298,6313
6307,6315
6291,6328
6298,6298
6299,6318
6280,6346
6282,6355
6286,6337
6297,6320
6277,6356
6296,6364
6302,6356
6284,6324
6282,6325
6305,6332
6289,6343
6288,6345
6281,6349
6284,6325
6280,6335
6289,6319
6292,6315
6283,6308
6283,6339
6282,6366
6296,6320
6292,6346
6289,6352
6282,6323
6291,6343
6286,6342
6295,6330
6282,6348
6268,6327
6284,6321
6286,6332
6282,6324
6298,6333
6301,6322
6288,6348
6275,6360
6271,6338
6296,6366
6286,6334
6278,6313
6272,6328
6266,6321
6294,6342
6302,6349
6296,6347
6305,6351
6304,6347
6290,6338
6261,6345
6276,6338
6271,6366
6289,6355
6303,6348
6300,6349
6305,6345
6309,6365
6284,6352
6275,6361
6283,6359
6284,6358
6283,6334
6290,6334
6267,6336
6268,6320
6279,6337
6291,6335
6269,6339
6273,6365
6271,6359
6281,6374
6292,6355
6269,6353
6278,6374
6269,6375
6280,6354
6262,6350
6276,6358
6257,6358
6281,6347
6274,6343
6279,6367
6271,6381
6270,6364
6267,6342
6269,6374
6274,6370
6271,6363
6273,6368
6246,6379
6265,6370
6265,6367
6292,6351
6275,6390
6286,6348
6283,6356
6287,6352
6269,6388
6236,6384
6251,6367
6258,6387
6258,6388
6272,6358
6257,6358
6251,6358
6266,6362
6257,6353
6264,6381
6268,6377
6281,6380
6257,6379
6267,6364
6254,6365
6266,6346
6250,6354
6251,6351
6251,6401
6260,6400
6261,6363
6247,6361
6261,6389
6263,6387
6240,6394
6255,6409
6255,6408
6260,6419
6242,6405
6249,6408
6254,6375
6277,6386
6270,6389
6239,6356
6255,6370
6266,6388
6254,6381
6271,6378
6263,6415
6276,6409
6267,6390
6257,6388
6237,6388
6256,6373
6252,6374
6261,6390
6240,6356
6247,6350
6241,6331
6254,6350
6245,6366
6263,6356
6244,6390
6256,6391
6231,6384
6239,6406
6238,6392
6246,6379
6254,6417
6245,6377
6246,6371
6252,6392
6260,6395
6259,6391
6253,6406
6247,6379
6235,6387
6251,6366
6256,6397
6250,6398
6251,6386
6252,6407
6237,6390
6232,6396
6240,6378
6237,6359
6244,6355
6249,6376
6251,6418
6245,6392
6248,6364
6244,6386
6245,6376
6233,6380
6240,6398
6254,6377
6241,6371
6242,6392
6239,6376
6225,6359
6241,6362
6242,6353
6229,6359
6231,6343
6249,6360
6236,6332
6254,6371
6249,6368
6242,6406
6231,6392
6229,6396
6227,6420
6242,6415
6238,6417
6249,6399
6237,6396
6219,6382
6233,6375
6231,6369
6233,6398
6233,6412
6231,6421
6242,6417
6243,6399
6240,6386
6230,6393
6229,6375
6243,6380
6241,6377
6230,6395
6239,6366
6232,6380
6242,6358
6248,6389
6241,6391
6226,6400
6209,6395
6232,6388
6236,6415
6235,6370
6230,6353
6229,6346
6218,6348
6230,6366
6221,6344
6236,6369
6239,6391
6244,6389
6238,6375
6230,6382
6224,6368
6245,6410
6228,6390
6245,6402
6222,6409
6227,6406
6212,6387
6215,6389
6227,6407
6242,6421
6226,6390
6246,6407
6232,6398
6232,6396
6241,6394
6232,6376
6220,6400
6228,6385
6215,6403
6227,6405
6227,6425
6225,6420
6234,6446
6211,6417
6220,6431
6223,6397
6224,6430
6223,6434
6229,6418
6231,6393
6211,6430
6224,6411
6239,6397
6231,6395
6225,6403
6225,6410
6218,6417
6221,6425
6222,6410
6236,6394
6236,6377
6207,6367
6228,6403
6213,6388
6218,6383
6225,6386
6227,6420
6211,6379
6211,6437
6218,6371
6211,6404
6219,6410
6218,6439
6228,6446
6223,6386
6225,6398
6219,6400
6234,6421
6226,6394
6208,6379
6211,6368
6218,6352
6232,6364
6225,6347
6214,6339
6235,6359
6226,6364
6225,6401
6229,6396
6217,6392
6230,6398
6227,6372
6218,6379
6215,6400
6213,6410
6222,6408
6223,6395
6227,6411
6220,6425
6214,6461
6211,6439
6217,6439
6170,6369
6453,6754
6547,6714
6262,6391
6237,6439
6250,6425
6205,6383
6205,6385
6223,6407
6211,6413
6227,6417
6221,6391
6239,6408
6207,6399
6218,6403
6222,6403
6219,6406
6223,6422
6222,6426
6222,6406
6203,6402
6222,6397
6210,6398
6218,6399
6211,6381
6226,6392
6232,6378
6226,6408
6217,6385
6227,6368
6225,6354
6226,6383
6222,6368
6224,6368
6234,6415
6220,6409
6213,6413
6230,6400
6209,6406
6215,6437
6223,6402
6218,6384
6202,6385
6218,6378
6219,6365
6219,6398
6218,6380
6219,6369
6224,6371
6219,6387
6230,6360
6234,6378
6218,6376
6231,6383
6220,6380
6227,6380
6216,6375
6223,6401
6222,6392
6221,6365
6233,6376
6227,6368
6227,6385
6219,6370
6218,6376
6226,6346
6242,6386
6230,6370
6214,6388
6214,6376
6227,6376
6220,6356
6227,6386
6222,6415
6214,6396
6230,6415
6234,6395
6229,6395
6227,6382
6215,6357
6226,6385
6236,6363
6223,6361
6231,6356
6234,6373
6228,6386
6213,6393
6244,6405
6233,6379
6230,6385
6226,6388
6225,6387
6227,6380
6241,6376
6230,6370
6237,6360
6215,6328
6229,6349
6237,6372
6221,6371
6228,6365
6231,6348
6232,6368
6234,6370
6228,6349
6223,6322
6233,6356
6215,6318
6235,6354
6226,6336
6231,6370
6233,6362
6233,6367
6227,6358
6231,6353
6237,6350
6230,6357
6224,6362
6231,6365
6230,6346
6232,6351
6233,6355
6235,6350
6221,6350
6232,6355
6226,6390
6227,6354
6226,6382
6233,6360
6232,6372
6235,6356
6232,6353
6231,6341
6236,6324
6221,6327
6230,6337
6236,6331
6218,6331
6227,6307
6232,6350
6236,6347
6237,6321
6249,6315
6241,6301
6241,6343
6234,6330
6229,6327
6214,6327
6211,6326
6217,6314
6223,6325
6221,6360
6230,6341
6228,6328
6225,6359
6232,6351
6218,6336
6226,6345
6221,6350
6240,6361
6237,6347
6224,6327
6227,6324
6232,6349
6221,6337
6227,6330
6230,6353
6236,6336
6227,6329
6232,6344
6234,6331
6238,6328
6229,6340
6229,6344
6230,6367
6242,6334
6243,6356
6225,6336
6227,6343
6239,6346
6230,6344
6245,6350
6250,6345
6235,6345
6263,6375
6261,6362
6252,6351
6267,6335
6257,6315
6250,6340
6271,6329
6282,6366
6276,6358
6292,6338
6322,6329
6323,6341
6348,6346
6384,6333
6390,6335
6433,6342
6500,6365
6545,6363
6592,6363
6610,6319
6628,6326
6656,6316
6688,6347
6690,6347
6682,6331
6655,6326
6653,6330
6691,6349
6704,6344
6760,6365
6814,6359
6910,6368
7063,6351
7242,6351
7421,6350
7600,6345
7784,6323
7967,6334
8139,6325
8294,6331
8417,6350
8625,6333
8682,6380
8772,6367
8867,6383
8912,6400
8874,6401
8796,6422
8797,6460
8683,6463
8553,6481
8341,6510
8194,6550
8119,6636
8011,6632
7830,6690
7699,6768
7450,6804
7244,6861
7128,6944
7014,6972
6909,7076
6830,7147
6854,7236
6914,7305
6987,7367
7061,7424
7241,7417
7405,7437
7527,7507
7691,7484
7823,7482
7903,7440
8051,7383
8265,7277
8459,7177
8615,7060
8774,6942
8994,6858
9099,6755
9095,6687
9132,6700
9266,6716
9377,6742
9378,6793
9226,6823
9199,6875
9010,6954
8920,7008
8673,7058
8569,7215
8411,7287
8151,7363
7940,7479
7820,7684
7632,7834
7470,7976
7374,8118
7266,8190
7164,8276
7073,8292
7064,8353
7022,8353
7030,8278
7106,8130
7219,8033
7346,7917
7491,7782
7631,7695
7837,7577
8051,7444
8182,7333
8374,7244
8562,7181
8653,7058
8774,7019
8919,6934
9076,6857
9186,6823
9146,6827
9169,6872
9163,6906
9214,6948
9090,7009
9087,7117
9017,7210
8914,7402
8789,7588
8618,7733
8403,7950
8229,8128
8094,8348
7827,8588
7632,8815
7411,8938
7236,9026
7062,9118
6952,9155
6924,9078
6872,9066
6902,9051
7002,8953
7132,8911
7222,8801
7406,8633
7659,8471
7861,8293
8165,8092
8575,7959
8893,7827
9086,7647
9376,7460
9586,7275
9880,7165
10062,7050
10215,6962
10406,6885
10509,6815
10626,6778
10646,6781
10630,6797
10453,6904
10186,6941
10002,7090
9795,7183
9580,7338
9393,7531
9180,7699
8921,7841
8624,8010
8386,8230
8151,8447
7899,8671
7644,8818
7528,9058
7404,9112
7272,9220
7201,9204
7150,9222
7063,9234
7034,9040
7043,8930
7100,8845
7146,8673
7215,8455
7328,8253
7454,8064
7666,7898
7790,7760
8024,7538
8298,7337
8461,7176
8721,7095
9024,6943
9211,6887
9392,6826
9575,6805
9842,6775
9963,6788
9967,6854
9956,6944
10004,7061
10009,7253
9875,7421
9762,7636
9652,7800
9415,7953
9186,8167
8911,8343
8688,8536
8457,8677
8184,8799
7951,8899
7718,8966
7437,9090
7294,9086
7104,9041
6963,8880
6831,8900
6809,8937
6811,8870
6851,8842
6919,8739
7050,8681
7194,8614
7339,8491
7530,8411
7662,8172
7816,7941
7948,7736
8079,7521
8170,7435
8364,7322
8434,7137
8559,6983
8641,6871
8730,6774
8754,6763
8829,6751
8854,6748
8896,6817
8904,6856
8825,6961
8767,7069
8605,7183
8459,7363
8343,7517
8153,7747
8005,7908
7830,8107
7679,8314
7470,8449
7253,8529
7088,8602
6920,8678
6847,8754
6798,8742
6782,8700
6771,8678
6752,8611
6808,8483
6864,8272
6895,8101
6954,7983
6972,7825
7049,7707
7135,7563
7214,7482
7302,7335
7440,7243
7615,7100
7791,7002
8026,6894
8296,6786
8452,6707
8617,6677
8749,6654
8875,6615
8997,6604
9042,6651
9107,6708
9078,6764
8977,6854
8898,6920
8804,7011
8705,7159
8558,7303
8387,7383
8194,7526
7964,7647
7771,7767
7578,7899
7353,7958
7174,8002
7042,8042
6860,8069
6761,8048
6718,7951
6717,7921
6702,7875
6763,7842
6825,7797
6900,7754
6978,7660
7139,7581
7273,7499
7378,7446
7508,7338
7662,7243
7824,7145
7961,7011
8091,6879
8261,6824
8370,6727
8479,6641
8583,6567
8818,6519
8923,6517
9019,6522
9077,6556
9134,6586
9119,6668
9032,6765
8952,6900
8882,6979
8787,7120
8644,7224
8440,7412
8241,7541
7984,7636
7785,7746
7582,7866
7445,8010
7344,8065
7171,8080
7011,8075
6897,8095
6865,7985
6770,7960
6784,7944
6819,7830
6840,7689
6905,7560
6956,7490
7046,7409
7160,7355
7313,7222
7551,7157
7747,7064
7945,6974
8115,6854
8257,6759
8436,6693
8577,6633
8559,6477
8654,6341
8984,6508
8881,6415
8977,6486
9019,6609
9049,6709
8921,6776
8880,6911
8788,7053
8626,7200
8417,7374
8276,7516
8164,7677
7956,7799
7764,7923
7578,8072
7375,8232
7237,8302
7131,8323
7015,8490
6911,8528
6859,8496
6834,8473
6783,8424
6766,8425
6801,8343
6850,8227
6943,8272
7076,8108
7257,8001
7418,7816
7599,7682
7778,7525
8004,7361
8174,7242
8377,7139
8644,6995
8819,6903
8959,6785
9079,6716
9182,6630
9240,6589
9252,6578
9409,6608
9396,6631
9342,6693
9330,6779
9170,6856
9088,6982
8986,7051
8765,7177
8621,7298
8424,7454
8174,7631
8025,7757
7804,7914
7650,7998
7420,8151
7297,8188
7114,8263
7025,8282
6942,8277
6873,8344
6831,8310
6808,8330
6800,8281
6876,8181
6953,8074
7078,8034
7244,7881
7405,7748
7548,7596
7764,7442
7934,7292
8157,7171
8424,7042
8660,6929
8836,6894
8937,6815
9149,6750
9246,6714
9347,6680
9363,6691
9377,6719
9378,6749
9430,6836
9393,6896
9320,7012
9183,7191
8987,7340
8768,7452
8586,7609
8356,7706
8160,7911
7914,8051
7600,8238
7377,8361
7177,8408
7015,8550
6930,8656
6850,8816
6778,8808
6733,8911
6722,8919
6736,8845
6804,8817
6834,8714
6916,8642
7060,8383
7221,8176
7346,7963
7495,7786
7681,7640
7772,7437
7943,7294
8063,7156
8215,7001
8368,6894
8460,6805
8537,6724
8612,6673
8575,6633
8516,6600
8539,6597
8572,6618
8659,6665
8627,6711
8661,6812
8697,6992
8568,7110
8448,7263
8293,7425
8202,7592
8117,7731
7959,7870
7785,7987
7657,7974
7501,8024
7361,8129
7250,8270
7151,8352
6991,8357
6927,8270
6898,8209
6899,8125
6933,7971
7001,7886
7133,7753
7284,7559
7445,7437
7660,7390
7908,7240
8173,7126
8364,7018
8631,6919
8813,6809
8999,6724
9110,6616
9297,6563
9381,6534
9491,6525
9585,6552
9609,6552
9567,6565
9455,6591
9211,6712
9056,6802
8995,6934
8840,7035
8646,7166
8491,7290
8214,7490
8031,7650
7846,7832
7635,8043
7480,8176
7296,8378
7095,8606
6955,8772
6829,8945
6744,8980
6663,9134
6605,9133
6604,9155
6635,9114
6679,9046
6739,8900
6829,8697
6932,8604
6983,8448
7108,8218
7191,8027
7258,7777
7374,7629
7457,7430
7523,7243
7563,7094
7585,6934
7733,6813
7816,6733
7860,6702
7925,6659
7968,6688
8031,6691
8013,6781
8084,6848
8156,6994
8073,7044
8009,7130
7965,7231
7879,7346
7786,7489
7737,7617
7621,7651
7559,7740
7456,7806
7323,7902
7185,7981
7094,8035
6974,8026
6920,7972
6849,7944
6817,7901
6830,7801
6898,7692
6987,7698
7138,7530
7352,7368
7553,7205
7773,7119
8066,7000
8395,6906
8614,6869
8826,6793
9129,6769
9362,6705
9700,6654
9962,6626
10264,6581
10383,6570
10532,6569
10611,6591
10626,6624
10528,6641
10591,6718
10454,6758
10249,6816
10166,6884
9978,7025
9753,7161
9573,7313
9406,7438
9030,7620
8702,7694
8417,7880
8096,7978
7962,8217
7699,8280
7438,8388
7271,8494
7142,8550
7090,8533
7071,8485
7135,8491
7195,8437
7291,8394
7541,8443
7632,8388
7805,8148
8115,8104
8380,7840
8604,7659
8828,7443
9121,7314
9370,7175
9609,7025
9845,6902
10048,6801
10085,6744
10144,6708
10286,6713
10412,6748
10455,6757
10328,6832
10358,6888
10343,7049
10311,7181
10171,7316
9872,7506
9670,7692
9420,7896
9115,8095
8784,8285
8500,8476
8302,8742
8177,8986
7991,9115
7785,9167
7619,9170
7477,9190
7448,9186
7380,9190
7307,9233
7281,9143
7351,9037
7420,8844
7554,8664
7717,8473
7976,8336
8255,8077
8635,7978
9104,7799
9453,7639
9893,7455
10256,7304
10546,7134
10652,7030
10793,6934
11066,6853
11227,6809
11256,6801
11295,6832
11253,6915
11214,6981
11146,7063
11055,7149
10873,7292
10723,7474
10639,7660
10395,7902
10036,8125
9846,8389
9460,8543
9165,8781
8848,9014
8480,9266
8058,9469
7822,9704
7496,9777
7343,9933
7286,10044
7232,10066
7214,10023
7324,10042
7407,10071
7585,10017
7761,9836
7958,9554
8191,9229
8382,8909
8662,8559
8891,8224
9294,7920
9671,7654
10034,7450
10285,7295
10639,7117
11013,7012
11269,6928
11437,6951
11566,6982
11674,7033
11639,7182
11599,7257
11474,7365
11335,7543
11011,7782
10724,7953
10493,8228
10179,8544
9883,8844
9522,9177
9287,9552
8957,9931
8590,10294
8338,10398
8062,10570
7867,10731
7610,10770
7476,10792
7362,10722
7235,10482
7196,10322
7174,10172
7189,10180
7297,10055
7463,9855
7675,9562
7998,9290
8314,9038
8659,8716
9114,8387
9570,8157
9950,7857
10284,7623
10723,7400
11041,7175
11416,7007
11604,6940
11651,6939
11754,6974
11877,7029
11953,7128
11924,7211
11830,7411
11664,7585
11297,7824
10906,8042
10440,8233
9875,8373
9470,8597
9009,8811
8645,9007
8259,9230
7858,9336
7527,9383
7250,9535
7065,9765
7013,9938
6939,10042
6915,10016
6946,10008
7037,10006
7174,9890
7389,9670
7577,9439
7868,9211
8117,8978
8413,8781
8745,8598
9126,8409
8954,8185
9267,7867
9839,7641
9513,7440
8646,7277
7693,7208
7041,7111
6652,7092
6406,7122
6297,7173
6227,7240
6198,7374
6181,7618
6168,7864
6160,8257
6155,8636
6150,8990
6141,9332
6140,9616
6148,9954
6150,10177
6138,10445
6139,10617
6134,10755
6139,11050
6130,11215
6130,11167
6123,10944
6138,10806
6133,10568
6134,10399
6117,10142
6114,9986
6130,9601
6123,9122
6126,8730
6120,8368
6123,8083
6121,7759
6117,7507
6113,7332
6120,7167
6124,7072
6117,6982
6115,6913
6119,6911
6120,6808
6125,6789
6114,6767
6112,6825
6117,6869
6120,6869
6119,6971
6116,7121
6121,7109
6119,7138
6118,7190
6105,7094
6127,6869
6111,6646
6113,6442
6115,6352
6103,6252
6111,6215
6113,6190
6106,6153
6108,6146
6111,6145
6107,6132
6104,6110
6109,6126
6106,6111
6110,6122
6112,6117
6112,6125
6102,6137
6096,6122
6106,6106
6102,6085
6100,6084
6100,6086
6106,6070
6106,6075
6102,6068
6103,6070
6111,6071
6116,6076
6099,6067
6110,6067
6108,6056
6104,6066
6106,6073
6108,6057
6101,6071
6104,6049
6107,6059
6111,6062
6105,6062
6092,6039
6109,6065
6110,6064
6111,6069
6110,6065
6110,6062
6137,6113
6162,6073
6070,6014
6129,6054
6064,6076
6126,6096
6099,6046
6124,6062
6113,6067
6104,6064
6110,6061
6107,6064
6109,6018
6113,6053
6101,6051
6115,6045
6118,6060
6109,6051
6099,6050
6114,6052
6107,6057
6112,6046
6108,6055
6109,6052
6111,6060
6112,6056
6099,6047
6110,6051
6103,6060
6099,6052
6107,6044
6102,6046
6104,6057
6118,6057
6107,6049
6106,6049
6108,6049
6112,6051
6106,6063
6117,6040
6116,6043
6113,6042
6108,6051
6104,6054
6108,6033
6117,6059
6117,6056
6113,6044
6112,6047
6110,6056
6104,6048
6119,6054
6109,6047
6106,6050
6104,6051
6109,6039
6115,6041
6114,6055
6118,6049
6111,6049
6105,6048
6111,6047
6097,6049
6102,6057
6111,6056
6106,6049
6110,6053
6096,6060
6094,6063
6104,6043
6108,6043
6102,6053
6111,6046
6111,6050
6104,6066
6110,6049
6100,6029
6110,6057
6108,6067
6097,6051
6108,6052
6113,6041
6099,6055
6100,6058
6100,6048
6111,6048
6106,6050
6107,6057
6100,6048
6107,6051
6115,6068
6109,6055
6108,6041
6114,6048
6102,6048
6112,6049
6114,6046
6100,6053
6105,6053
6097,6057
6113,6053
6101,6039
6105,6047
6091,6066
6108,6057
6110,6061
6117,6061
6113,6048
6112,6046
6097,6048
6099,6051
6103,6046
6100,6052
6112,6055
6099,6042
6100,6038
6095,6058
6114,6052
6099,6052
6097,6052
6111,6050
6099,6055
6104,6046
6102,6049
6103,6044
6099,6058
6102,6060
6100,6042
6095,6043
6112,6048
6110,6047
6102,6056
6109,6050
6106,6055
6098,6029
6094,6030
6098,6040
6103,6048
6099,6034
6116,6056
6098,6043
6105,6048
6099,6050
6100,6042
6117,6058
6103,6048
6102,6057
6102,6041
6104,6036
6101,6048
6098,6040
6112,6050
6114,6054
6112,6050
6105,6061
6105,6053
6096,6050
6104,6042
6107,6057
6107,6041
6098,6050
6098,6038
6095,6059
6095,6049
6105,6044
6105,6046
6095,6040
6091,6033
6098,6058
6098,6041
6085,6044
6107,6051
6101,6054
6101,6056
6093,6026
6104,6045
6102,6046
6099,6037
6106,6046
6097,6054
6093,6045
6104,6043
6109,6035
6106,6050
6093,6055
6104,6035
6097,6071
6097,6052
6102,6037
6107,6068
6093,6051
6102,6060
6091,6053
6098,6055
6099,6039
6098,6034
6101,6046
6106,6041
6107,6048
6100,6046
6096,6043
6105,6043
6108,6045
6108,6049
6105,6054
6103,6056
6107,6040
6111,6049
6102,6040
6106,6041
6112,6051
6104,6032
6099,6046
6097,6037
6108,6049
6102,6042
6098,6034
6104,6063
6103,6053
6109,6055
6106,6045
6104,6053
6110,6053
6115,6055
6107,6046
6100,6042
6099,6053
6099,6060
6103,6055
6104,6053
6109,6048
6100,6048
6101,6057
6106,6059
6104,6047
6107,6067
6103,6053
6110,6060
6111,6055
6112,6052
6117,6060
6102,6040
6111,6051
6112,6066
6104,6051
6112,6051
6113,6059
6110,6047
6106,6043
6112,6046
6111,6058
6104,6046
6106,6045
6111,6043
6106,6051
6102,6040
6116,6046
6097,6055
6106,6049
6117,6050
6111,6049
6111,6046
6104,6042
6109,6060
6105,6049
6101,6037
6093,6029
6251,6210
6132,6065
6147,6102
6123,6047
6120,6066
6116,6050
6108,6052
6111,6087
6103,6029
6108,6049
6110,6052
6102,6050
6107,6049
6099,6041
6107,6046
6106,6045
6106,6053
6100,6056
6096,6046
6099,6040
6088,6044
6096,6055
6107,6055
6111,6049
6102,6047
6101,6034
6110,6046
6097,6048
6104,6045
6096,6049
6107,6046
6097,6044
6098,6048
6090,6042
6104,6039
6101,6031
6105,6048
6108,6051
6100,6054
6107,6043
6113,6056
6107,6048
6100,6058
6099,6058
6109,6058
6113,6048
6109,6050
6093,6046
6101,6045
6105,6055
6112,6039
6108,6053
6122,6045
6104,6053
6109,6045
6109,6044
6114,6042
6110,6060
6108,6047
6110,6054
6118,6053
6104,6052
6106,6056
6117,6043
6120,6047
6119,6045
6117,6088
6119,6048
6115,6038
6118,6040
6126,6068
6119,6045
6115,6060
6109,6054
6110,6055
6112,6053
6118,6049
6110,6032
6118,6062
6113,6048
6121,6050
6113,6045
6120,6049
6112,6051
6111,6044
6109,6051
6106,6050
6111,6050
6115,6045
6100,6032
6110,6038
6106,6033
6111,6050
6105,6050
6103,6036
6118,6056
6112,6060
6106,6045
6116,6053
6098,6047
6118,6041
6105,6048
6104,6036
6106,6045
6102,6063
6107,6052
6114,6056
6103,6064
6107,6050
6119,6053
6111,6052
6118,6056
6107,6060
6111,6033
6111,6052
6099,6040
6119,6054
6107,6051
6119,6047
6111,6051
6109,6045
6110,6041
6113,6057
6107,6056
6111,6046
6100,6050
6110,6048
6120,6048
6109,6033
6118,6041
6120,6058
6103,6043
6114,6058
6103,6049
6108,6059
6111,6055
6110,6055
6098,6065
6113,6045
6112,6051
6111,6053
6106,6050
6105,6042
6106,6051
6113,6062
6109,6059
6106,6042
6125,6055
6109,6054
6112,6063
6116,6053
6111,6053
6118,6047
6116,6047
6120,6057
6118,6036
6118,6060
6108,6063
6119,6044
6102,6050
6118,6051
6127,6054
6104,6062
6101,6062
6104,6056
6116,6060
6112,6047
6110,6052
6124,6064
6119,6059
6107,6051
6103,6053
6119,6047
6108,6043
6110,6053
6119,6048
6110,6052
6112,6058
6118,6062
6113,6187
6110,6060
6119,6059
6115,6055
6117,6049
6113,6049
6121,6057
6112,6059
6111,6043
6107,6047
6114,6044
6118,6056
6113,6054
6107,6037
6118,6048
6118,6048
6113,6057
6121,6061
6115,6053
6115,6055
6122,6061
6115,6054
6118,6047
6120,6046
6117,6049
6114,6049
6119,6046
6115,6048
6112,6054
6115,6056
6109,6045
6116,6048
6112,6054
6111,6042
6114,6056
6114,6062
6117,6042
6117,6042
6119,6065
6105,6052
6109,6060
6111,6057
6115,6051
6113,6047
6111,6064
6111,6060
6121,6056
6117,6048
6117,6057
6116,6050
6107,6058
6120,6056
6116,6059
6117,6053
6119,6052
6117,6047
6116,6056
6120,6049
6116,6054
6121,6051
6121,6051
6119,6052
6115,6049
6117,6062
6119,6052
6113,6050
6122,6048
6128,6055
6114,6047
6113,6049
6118,6038
6115,6047
6112,6044
6120,6061
6121,6059
6114,6056
6115,6016
6117,6059
6112,6059
6116,6062
6117,6060
6112,6048
6112,6048
6113,6050
6118,6051
6110,6061
6117,6074
6117,6057
0,33
0,61680
0,0
6120,6062
5598,5580
5596,5575
5605,5570
5597,5573
5601,5572
5590,5579
5603,5582
5598,5575
5815,5761
6325,6323
6282,6310
6307,6285
6304,6306
6273,6314
6286,6287
6286,6313
6278,6307
6293,6309
6296,6314
6294,6341
6302,6327
6292,6338
6297,6340
6308,6323
6305,6324
6291,6333
6290,6331
6315,6340
6317,6322
6308,6307
6297,6322
6277,6311
6290,6329
6278,6335
6285,6335
6289,6309
6297,6345
6309,6363
6299,6356
6299,6346
6305,6339
6274,6322
6274,6334
6286,6366
6285,6348
6291,6346
6294,6344
6291,6305
6297,6338
6295,6330
6289,6328
6284,6356
6309,6336
6284,6334
6305,6354
6292,6343
6322,6322
6314,6351
6289,6337
6304,6331
6306,6324
6286,6314
6282,6288
6279,6304
6301,6338
6305,6356
6296,6351
6306,6352
6317,6327
6315,6356
6287,6322
6297,6319
6288,6332
6292,6324
6292,6332
6295,6335
6301,6327
6302,6299
6308,6320
6300,6340
6290,6320
6286,6343
6295,6325
6306,6306
6286,6315
6279,6326
6279,6354
6284,6348
6279,6301
6270,6326
6296,6323
6292,6354
6293,6355
6297,6342
6325,6349
6292,6344
6276,6344
6293,6322
6285,6332
6280,6336
6285,6312
6297,6344
6299,6308
6271,6306
6272,6311
6273,6315
6287,6333
6307,6334
6318,6348
6294,6314
6266,6308
6273,6360
6264,6338
6289,6328
6287,6350
6293,6312
6304,6313
6289,6340
6278,6319
6278,6335
6292,6334
6287,6362
6287,6329
6308,6328
6281,6325
6293,6351
6311,6336
6290,6314
6296,6322
6297,6331
6281,6354
6293,6339
6279,6355
6293,6330
6283,6345
6296,6339
6298,6307
6288,6327
6290,6339
6294,6343
6296,6349
6298,6349
6303,6326
6289,6324
6301,6361
6291,6359
6297,6335
6287,6350
6274,6344
6283,6330
6255,6325
6268,6320
6228,6299
6342,6358
6246,6281
6356,6426
6247,6310
6295,6329
6280,6340
6272,6323
6276,6334
6264,6325
6292,6332
6301,6338
6283,6341
6295,6349
6313,6356
6286,6339
6252,6340
6273,6340
6268,6335
6274,6344
6275,6366
6295,6341
6297,6341
6291,6355
6298,6348
6284,6351
6272,6368
6274,6356
6275,6331
6289,6332
6268,6335
6263,6334
6287,6338
6296,6337
6268,6321
6274,6362
6272,6356
6270,6374
6285,6374
6256,6369
6266,6358
6285,6374
6294,6344
6269,6347
6285,6352
6266,6356
6276,6376
6277,6356
6287,6365
6271,6383
6268,6368
6267,6358
6280,6387
6270,6368
6269,6370
6272,6371
6264,6359
6258,6348
6272,6376
6279,6360
6276,6391
6279,6359
6289,6378
6289,6369
6262,6379
6255,6396
6254,6361
6256,6351
6273,6374
6265,6356
6255,6375
6242,6362
6261,6358
6269,6368
6257,6363
6269,6383
6275,6373
6264,6388
6268,6387
6260,6368
6271,6379
6230,6381
6251,6363
6257,6367
6251,6383
6255,6364
6263,6365
6250,6397
6261,6375
6268,6383
6247,6391
6262,6400
6259,6430
6249,6401
6248,6391
6256,6386
6277,6390
6268,6380
6254,6345
6257,6386
6267,6365
6258,6367
6265,6370
6262,6415
6272,6419
6261,6403
6252,6383
6254,6376
6252,6371
6246,6393
6265,6378
6244,6364
6255,6362
6233,6361
6249,6364
6255,6354
6257,6362
6243,6380
6254,6375
6226,6396
6237,6385
6240,6383
6253,6370
6259,6414
6257,6394
6263,6376
6250,6407
6254,6393
6258,6399
6257,6404
6258,6405
6253,6377
6256,6374
6252,6404
6247,6363
6244,6388
6241,6415
6228,6383
6251,6388
6236,6373
6245,6366
6238,6383
6252,6381
6237,6425
6233,6368
6242,6395
6240,6396
6232,6379
6236,6404
6261,6368
6250,6380
6237,6367
6247,6379
6228,6400
6230,6373
6227,6372
6242,6375
6231,6379
6223,6355
6243,6336
6248,6352
6244,6364
6245,6378
6240,6402
6236,6393
6231,6405
6230,6404
6239,6421
6227,6412
6233,6366
6234,6390
6214,6379
6219,6388
6233,6387
6240,6378
6236,6410
6240,6398
6249,6400
6228,6402
6226,6403
6234,6400
6233,6383
6243,6369
6246,6396
6244,6379
6249,6379
6228,6388
6227,6374
6244,6374
6243,6399
6232,6426
6222,6398
6227,6377
6238,6414
6239,6378
6220,6362
6226,6333
6234,6346
6224,6356
6227,6348
6232,6363
6229,6387
6242,6385
6230,6368
6224,6397
6219,6376
6234,6399
6228,6391
6242,6405
6225,6395
6227,6409
6222,6389
6216,6397
6227,6391
6228,6396
6225,6385
6240,6410
6225,6408
6232,6394
6230,6388
6214,6394
6223,6406
6231,6397
6213,6396
6220,6393
6229,6406
6241,6414
6235,6429
6215,6411
6237,6428
6220,6409
6222,6433
6217,6450
6223,6423
6230,6406
6216,6414
6230,6424
6230,6398
6228,6392
6213,6411
6217,6422
6231,6398
6222,6406
6230,6411
6227,6408
6231,6378
6210,6371
6214,6381
6218,6385
6225,6402
6229,6397
6220,6411
6219,6397
6211,6441
6231,6394
6215,6407
6207,6429
6221,6455
6224,6441
6211,6377
6228,6418
6227,6430
6222,6406
6223,6369
6199,6380
6210,6377
6269,6381
6204,6205
6104,6149
6239,6381
6228,6347
6233,6353
6249,6396
6218,6390
6219,6371
6209,6391
6227,6399
6216,6394
6208,6395
6213,6385
6222,6414
6217,6392
6221,6413
6230,6452
6225,6442
6220,6437
6225,6430
6217,6437
6218,6440
6214,6429
6224,6425
6225,6412
6227,6431
6211,6407
6231,6397
6211,6404
6216,6396
6216,6426
6213,6402
6218,6404
6209,6433
6214,6406
6222,6411
6219,6412
6209,6418
6218,6412
6227,6391
6212,6392
6217,6401
6210,6399
6219,6408
6217,6390
6224,6379
6221,6384
6228,6383
6220,6367
6229,6372
6223,6365
6233,6352
6220,6389
6224,6359
6233,6400
6211,6377
6220,6413
6228,6413
6219,6407
6206,6398
6219,6385
6217,6386
6227,6375
6218,6393
6219,6387
6213,6398
6214,6386
6204,6363
6229,6369
6229,6374
6224,6353
6228,6363
6228,6385
6222,6384
6220,6385
6215,6375
6224,6391
6236,6388
6223,6398
6222,6371
6224,6352
6228,6366
6239,6365
6221,6375
6228,6364
6236,6368
6228,6396
6235,6398
6229,6385
6223,6385
6218,6369
6213,6374
6220,6384
6219,6387
6218,6373
6230,6382
6227,6382
6230,6402
6233,6383
6222,6370
6225,6382
6242,6349
6226,6359
6232,6362
6236,6351
6229,6366
6225,6392
6224,6384
6240,6386
6234,6392
6220,6383
6225,6376
6228,6371
6247,6368
6223,6359
6225,6365
6227,6346
6233,6370
6229,6424
6213,6343
6234,6356
6231,6354
6241,6364
6236,6363
6232,6373
6233,6338
6227,6342
6231,6323
6229,6351
6236,6344
6230,6358
6231,6377
6233,6355
6216,6356
6226,6347
6234,6355
6219,6358
6228,6371
6216,6354
6228,6362
6228,6352
6230,6376
6240,6348
6231,6344
6237,6368
6235,6371
6237,6357
6226,6373
6224,6383
6243,6382
6231,6371
6236,6366
6239,6344
6232,6321
6226,6328
6235,6341
6232,6346
6226,6332
6223,6330
6240,6345
6236,6338
6230,6321
6239,6312
6244,6325
6240,6335
6242,6344
6223,6328
6215,6309
6226,6334
6230,6329
6218,6300
6234,6343
6238,6334
6237,6336
6223,6354
6225,6335
6226,6322
6225,6321
6224,6349
6241,6362
6244,6354
6226,6334
6233,6342
6230,6322
6228,6324
6220,6328
6229,6355
6235,6322
6229,6328
6228,6340
6227,6322
6229,6326
6218,6337
6241,6351
6228,6371
6238,6339
6242,6388
6237,6337
6237,6342
6225,6349
6238,6344
6241,6352
6227,6369
6249,6366
6257,6352
6255,6349
6260,6344
6262,6321
6255,6339
6257,6361
6262,6338
6280,6342
6280,6359
6299,6354
6319,6323
6317,6331
6360,6362
6392,6334
6417,6331
6455,6359
6489,6371
6549,6338
6588,6337
6579,6334
6648,6336
6672,6321
6675,6342
6683,6356
6672,6337
6662,6315
6663,6335
6660,6358
6679,6342
6752,6356
6836,6344
6919,6368
7056,6359
7227,6345
7392,6350
7589,6344
7808,6340
8001,6337
8163,6341
8301,6330
8466,6340
8595,6347
8659,6362
8760,6354
8855,6371
8908,6381
8887,6414
8767,6450
8813,6435
8644,6469
8550,6490
8373,6517
8225,6568
8121,6626
7974,6631
7850,6697
7708,6788
7465,6815
7263,6873
7112,6949
6991,7009
6912,7054
6849,7145
6840,7197
6890,7296
6988,7390
6992,7017
7225,7404
7349,7546
7580,7537
7854,7612
7820,7502
7901,7472
8066,7378
8279,7261
8483,7175
8637,7030
8807,6959
8972,6843
9129,6789
9115,6697
9146,6702
9276,6704
9324,6750
9284,6765
9249,6818
9056,6894
9022,6939
8963,7001
8747,7115
8532,7208
8387,7292
8142,7377
7965,7526
7799,7687
7633,7881
7456,7979
7349,8104
7237,8185
7166,8257
7087,8328
7014,8377
7008,8373
7030,8295
7126,8141
7212,8046
7377,7883
7480,7786
7603,7668
7818,7567
7986,7463
8170,7320
8347,7224
8570,7145
8653,7065
8794,6994
8923,6927
9054,6866
9126,6834
9151,6837
9170,6860
9233,6901
9129,6908
9129,6995
9076,7109
9040,7223
8946,7390
8788,7568
8609,7731
8444,7946
8273,8130
8084,8339
7806,8506
7636,8793
7406,8943
7232,9023
7072,9099
6970,9137
6899,9080
6855,9064
6908,8965
7002,8985
7111,8907
7241,8785
7430,8651
7614,8459
7883,8299
8194,8163
8556,8002
8898,7864
9108,7650
9346,7446
9609,7274
9862,7171
10029,7050
10157,6952
10411,6868
10513,6802
10620,6762
10593,6767
10608,6816
10388,6901
10200,6926
9998,7084
9797,7177
9618,7323
9452,7534
9189,7698
8908,7817
8618,7967
8383,8215
8149,8453
7903,8675
7642,8774
7538,9010
7385,9145
7288,9241
7210,9195
7137,9228
7067,9187
7053,9014
7076,8943
7099,8849
7129,8702
7223,8484
7296,8269
7469,8064
7626,7907
7803,7725
8023,7553
8271,7333
8505,7204
8764,7065
8969,6943
9233,6883
9386,6812
9599,6771
9815,6786
9932,6790
9973,6839
9966,6958
9984,7083
9992,7215
9903,7426
9727,7643
9656,7791
9440,7960
9202,8132
8918,8379
8681,8563
8445,8711
8196,8778
7937,8899
7718,8983
7491,9116
7298,9132
7131,8996
6957,8870
6825,8864
6807,8901
6805,8890
6851,8830
6924,8774
7051,8705
7196,8565
7350,8510
7486,8404
7627,8143
7790,7978
7925,7729
8034,7571
8201,7437
8342,7281
8466,7112
8566,7012
8690,6865
8685,6791
8757,6735
8768,6752
8862,6756
8904,6816
8939,6859
8862,6942
8771,7069
8568,7209
8443,7366
8342,7553
8172,7761
7999,7932
7852,8095
7656,8335
7461,8467
7240,8563
7087,8594
6932,8681
6837,8707
6805,8769
6766,8736
6775,8616
6788,8598
6798,8452
6871,8289
6914,8128
6949,7999
6986,7812
7057,7672
7151,7573
7216,7462
7293,7319
7469,7241
7612,7102
7810,6975
8011,6882
8318,6790
8491,6736
8599,6651
8753,6600
8837,6630
8955,6609
9078,6654
9127,6697
9089,6747
9000,6856
8871,6933
8756,7006
8681,7128
8598,7246
8435,7385
8190,7492
7968,7674
7785,7758
7587,7840
7347,7920
7185,8021
7035,8034
6885,8062
6753,8029
6716,7959
6703,7912
6717,7848
6714,7826
6822,7791
6902,7767
6981,7675
7118,7587
7269,7508
7380,7427
7483,7363
7667,7261
7831,7154
7963,7012
8120,6896
8201,6806
8370,6694
8469,6632
8586,6583
8775,6526
8934,6514
8954,6514
9094,6561
9142,6611
9123,6657
8989,6771
8955,6879
8899,7009
8776,7111
8631,7233
8443,7386
8270,7496
8005,7612
7784,7721
7667,7901
7450,8008
7238,7974
7168,8095
7067,8098
6914,8037
6839,7981
6798,7998
6783,7891
6792,7838
6875,7726
6896,7628
6952,7501
7050,7433
7213,7356
7323,7246
7551,7181
7748,7073
7937,6956
8136,6851
8274,6807
8432,6696
8586,6640
8643,6566
8842,6528
8996,6527
9063,6530
9094,6581
9070,6637
9035,6687
8965,6817
8903,6897
8785,7057
8628,7212
8446,7361
8293,7499
8168,7668
7958,7804
7717,7913
7576,8068
7395,8259
7265,8285
7121,8340
7035,8486
6918,8487
6862,8478
6835,8456
6815,8431
6774,8401
6828,8340
6859,8221
6937,8227
7065,8116
7237,7965
7392,7776
7559,7663
7751,7488
8007,7402
8215,7262
8376,7133
8645,7001
8846,6900
8980,6787
9119,6713
9213,6643
9215,6591
9193,6589
9327,6612
9401,6624
9367,6687
9270,6758
9124,6844
9113,6989
8938,7024
8761,7162
8604,7335
8419,7471
8178,7640
7964,7782
7773,7883
7615,7994
7443,8132
7287,8184
7109,8276
6973,8265
6929,8299
6873,8301
6822,8357
6805,8305
6796,8258
6850,8217
6942,8087
7052,8039
7208,7898
7388,7717
7593,7570
7720,7412
7947,7308
8202,7162
8388,7036
8675,6922
8835,6857
8930,6804
9099,6758
9223,6687
9337,6686
9384,6688
9385,6709
9347,6767
9379,6845
9374,6891
9282,7051
9179,7160
9001,7334
8764,7468
8615,7605
8357,7717
8116,7909
7863,8065
7594,8221
7362,8393
7171,8374
7037,8543
6898,8695
6837,8830
6787,8822
6732,8889
6716,8893
6749,8838
6782,8778
6819,8683
6915,8664
7062,8372
7246,8158
7352,7918
7494,7806
7699,7686
7793,7447
7952,7292
8102,7161
8160,7038
8363,6917
8435,6826
8525,6690
8597,6689
8562,6633
8543,6590
8534,6606
8511,6604
8660,6653
8682,6733
8654,6831
8689,6986
8529,7117
8448,7266
8312,7424
8201,7601
8073,7736
7950,7872
7803,8002
7640,8005
7505,8015
7356,8089
7226,8248
7172,8351
7012,8363
6935,8270
6880,8215
6889,8120
6947,7988
7013,7877
7115,7736
7307,7528
7451,7426
7650,7372
7875,7234
8190,7111
8355,7012
8567,6932
8760,6817
8964,6735
9139,6644
9314,6572
9375,6558
9511,6536
9584,6536
9620,6552
9570,6586
9440,6641
9194,6733
9069,6811
9004,6944
8875,6995
8621,7113
8490,7282
8214,7491
8026,7614
7836,7824
7660,7990
7510,8170
7284,8373
7099,8577
6954,8768
6825,8944
6758,8998
6668,9065
6623,9092
6603,9134
6617,9129
6679,9088
6757,8882
6822,8712
6922,8564
7006,8456
7082,8171
7200,7995
7263,7809
7353,7631
7436,7427
7490,7280
7564,7096
7611,6922
7730,6796
7801,6734
7843,6675
7935,6655
7972,6681
8077,6720
8017,6756
8072,6848
8102,6948
8051,7047
7999,7147
7961,7216
7866,7355
7798,7504
7704,7616
7606,7668
7586,7725
7461,7809
7340,7887
7176,7975
7095,8009
6993,8047
6916,8027
6861,7978
6845,7877
6816,7810
6882,7715
6981,7615
7123,7497
7320,7383
7516,7203
7789,7134
8075,7002
8409,6923
8614,6866
8868,6834
9100,6758
9397,6702
9705,6655
9947,6619
10286,6563
10346,6592
10515,6725
10624,6591
10627,6605
10539,6654
10635,6720
10526,6785
10218,6749
10072,6859
10040,7077
9835,7228
9584,7277
9392,7441
9051,7572
8687,7676
8444,7871
8088,8025
7889,8228
7719,8302
7453,8379
7248,8495
7146,8526
7114,8507
7082,8510
7136,8495
7189,8426
7306,8431
7477,8347
7613,8294
7869,8213
8075,8028
8331,7819
8535,7676
8848,7485
9069,7272
9356,7136
9631,7024
9812,6905
10039,6790
10116,6742
10164,6715
10253,6703
10375,6757
10456,6747
10354,6810
10416,6896
10362,7016
10242,7173
10132,7339
9874,7528
9672,7734
9425,7891
9151,8064
8749,8296
8519,8485
8270,8719
8119,8943
7969,9062
7810,9131
7605,9157
7510,9149
7426,9202
7367,9176
7313,9197
7273,9109
7338,9063
7439,8852
7564,8682
7747,8488
7974,8327
8249,8134
8647,8023
9071,7814
9514,7615
9888,7470
10243,7276
10475,7116
10674,7009
10804,6935
11066,6850
11211,6817
11183,6821
11307,6821
11251,6902
11227,7007
11151,7079
11086,7163
10897,7311
10767,7479
10630,7677
10383,7930
10028,8129
9778,8380
9450,8513
9121,8753
8795,9003
8485,9284
8088,9503
7827,9717
7490,9802
7339,9976
7275,9997
7218,10049
7214,10080
7303,10081
7424,10081
7586,10004
7786,9805
7942,9542
8187,9209
8416,8906
8623,8594
8926,8241
9299,7922
9639,7645
10055,7479
10304,7261
10606,7114
10973,6983
11283,6967
11437,6943
11597,7003
11673,7028
11631,7156
11562,7273
11506,7375
11358,7526
11021,7786
10727,7989
10526,8215
10204,8557
9863,8838
9534,9207
9283,9610
8906,9914
8634,10254
8340,10431
8079,10640
7835,10734
7642,10822
7505,10767
7316,10656
7211,10490
7175,10322
7160,10172
7167,10155
7319,10055
7476,9873
7683,9553
7988,9316
8323,9001
8664,8689
9112,8396
9559,8107
9882,7849
10256,7595
10732,7381
11047,7173
11435,7034
11547,6951
11711,6925
11729,6961
11880,7055
11919,7135
11895,7236
11808,7424
11715,7587
11283,7832
10944,8028
10491,8236
9917,8407
9466,8569
9013,8816
8586,9054
8270,9168
7875,9305
7516,9412
7240,9524
7091,9759
7000,9937
6949,9996
6923,10031
6951,9995
7036,10003
7184,9950
7390,9674
7608,9426
7896,9236
8108,9014
8396,8805
8745,8600
9138,8392
9020,8157
9345,7871
9841,7619
9518,7448
8667,7285
7726,7197
7062,7123
6644,7096
6425,7129
6280,7180
6227,7262
6206,7363
6181,7638
6163,7912
6156,8259
6163,8635
6148,9000
6147,9290
6146,9652
6149,9944
6148,10222
6143,10481
6138,10679
6133,10774
6145,10985
6132,11196
6123,11181
6128,10932
6130,10793
6130,10624
6127,10373
6116,10126
6125,10002
6126,9604
6128,9156
6123,8742
6124,8391
6128,8095
6127,7797
6119,7529
6126,7305
6116,7155
6115,7077
6126,7003
6111,6902
6128,6889
6116,6810
6127,6757
6122,6784
6103,6837
6126,6852
6123,6885
6119,6955
6116,7081
6119,7097
6115,7139
6115,7170
6106,7089
6111,6863
6108,6652
6115,6443
6117,6339
6110,6240
6115,6218
6107,6179
6109,6171
6108,6156
6106,6141
6101,6143
6114,6126
6105,6118
6103,6130
6102,6132
6111,6128
6100,6118
6102,6112
6099,6127
6106,6114
6107,6087
6106,6073
6107,6081
6148,6057
6122,6071
6084,6076
6045,6019
6124,6053
6092,6048
6075,6052
6101,6036
6113,6077
6108,6063
6102,6064
6088,6070
6108,6068
6104,6063
6105,6070
6107,6049
6109,6055
6105,6064
6112,6067
6109,6062
6105,6061
6098,6060
6099,6061
6106,6060
6105,6053
6102,6053
6091,6046
6106,6051
6118,6061
6112,6058
6108,6061
6105,6066
6105,6057
6110,6050
6111,6061
6111,6053
6110,6055
6104,6048
6113,6058
6122,6048
6116,6054
6099,6043
6121,6056
6112,6046
6106,6046
6115,6048
6108,6055
6106,6054
6113,6055
6099,6057
6105,6056
6104,6048
6101,6057
6112,6057
6108,6050
6109,6045
6116,6049
6107,6055
6105,6053
6106,6041
6102,6047
6111,6057
6112,6049
6109,6057
6108,6047
6105,6052
6110,6047
6109,6047
6111,6061
6104,6047
6112,6047
6119,6049
6115,6055
6099,6049
6114,6054
6104,6041
6107,6047
6111,6037
6110,6054
6112,6044
6113,6045
6107,6053
6109,6043
6103,6059
6105,6053
6108,6044
6110,6053
6111,6050
6109,6045
6104,6052
6102,6042
6103,6051
6106,6048
6095,6043
6111,6056
6112,6040
6096,6053
6110,6053
6108,6039
6099,6061
6095,6057
6101,6048
6103,6040
6104,6047
6109,6052
6103,6052
6103,6053
6103,6049
6108,6056
6104,6057
6114,6041
6102,6058
6101,6050
6108,6043
6106,6055
6102,6055
6105,6042
6105,6050
6119,6061
6108,6050
6103,6039
6106,6059
6104,6062
6108,6041
6098,6032
6100,6052
6095,6053
6096,6037
6106,6046
6118,6053
6106,6049
6108,6047
6097,6046
6101,6054
6106,6052
6106,6048
6102,6051
6096,6050
6093,6048
6103,6054
6105,6062
6104,6046
6102,6051
6109,6051
6106,6047
6103,6044
6104,6044
6109,6043
6109,6056
6103,6060
6102,6050
6073,6023
6106,6045
6101,6046
6106,6061
6120,6047
6109,6057
6108,6042
6106,6029
6112,6042
6107,6042
6109,6030
6110,6034
6095,6049
6100,6059
6102,6046
6104,6045
6110,6049
6095,6056
6094,6060
6097,6048
6097,6043
6103,6049
6100,6048
6113,6047
6106,6050
6093,6047
6094,6053
6105,6051
6105,6032
6112,6034
6109,6042
6103,6042
6102,6040
6102,6038
6106,6035
6101,6048
6104,6045
6103,6061
6091,6041
6104,6041
6104,6050
6099,6047
6089,6044
6110,6047
6101,6039
6096,6050
6095,6038
6101,6049
6105,6054
6097,6041
6103,6043
6101,6055
6106,6042
6098,6038
6103,6057
6098,6047
6098,6042
6106,6045
6094,6041
6097,6047
6107,6051
6101,6044
6091,6050
6102,6052
6097,6027
6096,6043
6092,6057
6095,6036
6105,6041
6100,6041
6109,6053
6099,6054
6094,6048
6100,6054
6100,6044
6102,6052
6103,6053
6104,6039
6102,6051
6108,6054
6104,6057
6110,6039
6110,6045
6103,6040
6097,6053
6093,6039
6106,6055
6105,6052
6109,6053
6098,6060
6102,6046
6118,6048
6106,6051
6110,6046
6110,6050
6105,6052
6105,6051
6099,6056
6107,6047
6111,6054
6108,6055
6103,6046
6109,6049
6099,6036
6103,6049
6108,6054
6098,6045
6112,6061
6114,6056
6108,6060
6112,6036
6116,6048
6120,6066
6106,6060
6105,6068
6115,6063
6104,6055
6119,6042
6109,6056
6040,6026
6158,6116
6079,6058
6126,6092
6104,6042
6107,6055
6126,6077
6115,6066
6118,6050
6097,6034
6104,6060
6107,6049
6115,6060
6103,6040
6113,6042
6102,6057
6107,6055
6113,6057
6110,6030
6103,6044
6100,6045
6105,6055
6104,6057
6095,6040
6098,6029
6117,6054
6108,6073
6100,6053
6103,6046
6105,6039
6108,6043
6098,6049
6107,6049
6108,6051
6104,6030
6107,6060
6103,6046
6109,6042
6099,6056
6103,6048
6105,6033
6101,6054
6114,6050
6105,6054
6089,6037
6101,6044
6103,6052
6103,6048
6100,6055
6096,6053
6104,6041
6104,6046
6103,6044
6101,6050
6100,6053
6102,6041
6096,6026
6103,6050
6102,6039
6105,6042
6109,6061
6105,6053
6107,6053
6104,6052
6111,6049
6111,6051
6108,6061
6098,6029
6103,6051
6104,6045
6103,6041
6110,6055
6122,6052
6112,6041
6109,6048
6107,6051
6112,6029
6111,6056
6108,6048
6104,6026
6113,6049
6107,6041
6116,6043
6113,6046
6122,6040
6103,6056
6121,6046
6115,6036
6115,6038
6112,6048
6117,6047
6114,6041
6116,6061
6103,6057
6107,6056
6111,6045
6111,6045
6112,6046
6111,6049
6110,6043
6129,6050
6108,6046
6112,6070
6115,6055
6112,6049
6110,6057
6107,6048
6116,6058
6111,6050
6108,6046
6113,6047
6109,6049
6103,6052
6104,6047
6113,6056
6117,6036
6108,6038
6103,6057
6113,6053
6112,6040
6112,6037
6120,6042
6116,6048
6110,6040
6106,6055
6100,6060
6117,6047
6101,6054
6114,6042
6116,6044
6106,6046
6113,6048
6109,6056
6108,6044
6108,6051
6110,6051
6112,6045
6112,6042
6115,6055
6105,6043
6108,6046
6109,6045
6116,6047
6115,6039
6118,6045
6108,6037
6110,6040
6115,6062
6108,6043
6118,6044
6115,6055
6103,6051
6109,6051
6109,6050
6113,6059
6115,6058
6107,6046
6107,6053
6113,6051
6117,6051
6111,6048
6113,6042
6106,6044
6111,6043
6118,6051
6110,6033
6111,6044
6131,6051
6112,6050
6101,6050
6112,6057
6110,6056
6115,6052
6111,6049
6113,6050
6121,6055
6117,6064
6121,6053
6119,6054
6103,6033
6117,6056
6126,6055
6108,6057
6105,6059
6112,6059
6109,6051
6110,6061
6106,6056
6114,6044
6113,6056
6119,6050
6114,6058
6119,6049
6113,6054
6123,6050
6114,6058
6115,6058
6121,6069
6122,6060
6114,6054
6105,6056
6119,6050
6113,6057
6123,6047
6110,6061
6108,6047
6114,6062
6112,6055
6107,6062
6119,6056
6119,6056
6111,6058
6117,6063
6115,6059
6113,6054
6113,6052
6117,6059
6110,6042
6116,6059
6119,6053
6112,6049
6110,6054
6118,6058
6109,6038
6115,6047
6114,6057
6117,6055
6120,6048
6116,6044
6112,6039
6118,6055
6117,6058
6117,6058
6114,6053
6115,6046
6114,6047
6125,6051
6110,6042
6114,6060
6118,6038
6113,6059
6120,6056
6112,6048
6115,6058
6116,6059
6119,6053
6122,6048
6117,6046
6108,6054
6111,6061
6119,6057
6120,6052
6117,6056
6112,6041
6112,6041
6116,6050
6114,6049
6115,6052
6112,6048
6115,6051
6118,6060
6107,6059
6117,6060
6117,6054
6116,6050
6122,6064
6115,6059
6112,6055
6113,6051
6116,6053
6127,6062
6116,6055
6115,6038
6109,6054
6116,6068
6119,6046
6119,6046
6122,6061
6112,6032
6114,6046
6116,6042
6113,6047
6116,6053
6118,6050
6113,6064
6120,6052
6113,6044
0,27
0,61680
0,0
6119,6054
5588,5578
5595,5582
5604,5627
5597,5578
5601,5577
5597,5567
5601,5572
5596,5581
5819,5758
6329,6330
6278,6311
6298,6287
6313,6308
6279,6323
6297,6300
6313,6323
6285,6305
6286,6320
6304,6327
6299,6328
6297,6328
6293,6341
6302,6338
6307,6329
6319,6316
6298,6338
6283,6353
6317,6325
6320,6321
6313,6325
6284,6334
6290,6305
6279,6312
6270,6299
6292,6327
6291,6317
6301,6337
6305,6371
6304,6376
6294,6344
6281,6321
6276,6333
6279,6344
6279,6369
6278,6347
6291,6328
6284,6364
6294,6322
6284,6333
6295,6326
6293,6347
6284,6350
6308,6330
6291,6331
6301,6361
6299,6350
6313,6305
6326,6348
6294,6332
6297,6322
6302,6334
6280,6310
6280,6291
6282,6314
6295,6328
6312,6333
6314,6341
6307,6318
6322,6339
6309,6340
6292,6337
6288,6305
6283,6334
6299,6320
6290,6302
6286,6308
6293,6333
6301,6315
6310,6315
6304,6316
6300,6318
6285,6344
6299,6343
6309,6319
6296,6321
6276,6323
6273,6351
6281,6353
6291,6314
6279,6332
6299,6337
6285,6343
6294,6306
6310,6354
6309,6349
6291,6350
6277,6341
6288,6323
6295,6332
6300,6336
6291,6292
6298,6325
6298,6312
6284,6311
6274,6323
6268,6315
6286,6336
6305,6327
6315,6324
6303,6335
6288,6315
6287,6334
6279,6336
6278,6334
6287,6351
6296,6316
6299,6310
6288,6346
6291,6307
6302,6331
6291,6361
6285,6364
6304,6326
6298,6326
6283,6356
6288,6342
6308,6346
6287,6324
6294,6306
6300,6320
6385,6430
6308,6449
6273,6336
6312,6367
6311,6363
6293,6307
6294,6286
6303,6304
6282,6361
6308,6359
6282,6337
6301,6344
6304,6332
6287,6327
6281,6344
6296,6354
6293,6339
6283,6340
6275,6342
6287,6333
6289,6337
6278,6326
6307,6334
6314,6313
6292,6327
6297,6362
6289,6330
6291,6336
6296,6327
6280,6314
6284,6308
6264,6313
6284,6337
6294,6362
6297,6329
6308,6359
6304,6354
6276,6345
6266,6356
6269,6337
6259,6332
6271,6346
6281,6336
6306,6341
6285,6349
6286,6372
6293,6345
6275,6358
6272,6367
6271,6336
6279,6348
6285,6334
6279,6310
6281,6330
6293,6346
6294,6338
6269,6339
6289,6374
6268,6363
6286,6375
6282,6371
6264,6357
6266,6375
6267,6375
6272,6371
6278,6344
6290,6350
6268,6350
6280,6356
6278,6340
6287,6371
6272,6366
6274,6364
6272,6355
6279,6377
6267,6386
6275,6356
6273,6391
6246,6340
6255,6370
6267,6371
6267,6359
6274,6394
6280,6361
6286,6389
6284,6372
6263,6377
6259,6394
6267,6360
6268,6377
6268,6365
6268,6373
6251,6380
6240,6374
6262,6371
6262,6362
6254,6379
6270,6345
6278,6377
6274,6388
6269,6356
6262,6363
6256,6370
6253,6372
6256,6373
6252,6354
6255,6383
6264,6370
6243,6358
6263,6395
6275,6385
6258,6378
6254,6398
6263,6408
6267,6408
6249,6396
6250,6424
6261,6406
6280,6393
6271,6379
6255,6345
6257,6362
6281,6386
6246,6380
6279,6377
6263,6422
6295,6400
6260,6359
6253,6382
6252,6391
6248,6390
6253,6369
6242,6380
6239,6352
6265,6352
6233,6354
6258,6357
6238,6364
6243,6378
6235,6390
6252,6383
6230,6374
6233,6386
6247,6381
6246,6370
6259,6398
6248,6392
6248,6376
6244,6406
6264,6396
6258,6390
6242,6405
6256,6387
6240,6380
6251,6373
6251,6408
6251,6384
6256,6382
6242,6402
6246,6386
6237,6383
6247,6364
6250,6376
6250,6359
6245,6371
6247,6409
6240,6389
6253,6387
6238,6386
6244,6385
6241,6376
6246,6389
6249,6376
6230,6375
6237,6374
6231,6405
6233,6362
6227,6361
6241,6384
6243,6361
6233,6351
6230,6354
6236,6362
6236,6368
6258,6384
6249,6398
6253,6421
6242,6408
6240,6417
6246,6422
6220,6421
6240,6387
6237,6401
6219,6394
6230,6387
6242,6388
6229,6397
6231,6423
6232,6421
6240,6403
6236,6422
6226,6382
6226,6412
6236,6399
6248,6351
6250,6409
6241,6390
6255,6382
6245,6393
6230,6362
6252,6382
6248,6407
6233,6416
6211,6411
6230,6382
6227,6421
6234,6358
6234,6375
6219,6329
6238,6339
6212,6376
6224,6343
6225,6365
6243,6373
6253,6391
6240,6374
6222,6403
6235,6380
6226,6401
6239,6387
6237,6394
6225,6394
6218,6391
6226,6372
6223,6385
6231,6401
6233,6412
6224,6391
6240,6401
6215,6403
6233,6399
6226,6396
6228,6407
6224,6424
6236,6395
6218,6400
6231,6408
6232,6406
6226,6419
6226,6420
6225,6406
6234,6445
6227,6427
6218,6430
6227,6457
6223,6409
6232,6425
6208,6421
6217,6414
6230,6405
6228,6364
6217,6400
6226,6419
6223,6399
6218,6409
6230,6400
6226,6407
6226,6371
6465,6401
6028,6249
6154,6344
6288,6483
6236,6447
6164,6361
6197,6396
6223,6461
6224,6400
6231,6414
6214,6418
6223,6448
6216,6421
6210,6391
6217,6419
6227,6439
6231,6414
6219,6384
6216,6381
6215,6369
6218,6360
6231,6366
6216,6351
6220,6358
6228,6359
6228,6349
6233,6392
6236,6389
6232,6379
6212,6418
6220,6392
6224,6403
6216,6396
6235,6310
6225,6415
6214,6405
6220,6406
6214,6450
6214,6447
6213,6435
6224,6430
6226,6416
6222,6440
6228,6432
6214,6414
6227,6408
6224,6388
6222,6416
6221,6421
6202,6420
6224,6403
6214,6424
6227,6408
6216,6403
6210,6421
6219,6404
6222,6413
6215,6407
6222,6420
6231,6415
6221,6402
6209,6405
6217,6382
6217,6386
6217,6393
6218,6398
6224,6408
6229,6387
6217,6376
6209,6382
6222,6367
6222,6350
6230,6386
6228,6410
6210,6360
6230,6399
6212,6388
6221,6421
6226,6409
6215,6405
6212,6386
6215,6387
6235,6392
6215,6391
6206,6378
6210,6381
6202,6368
6211,6371
6208,6359
6216,6380
6220,6366
6220,6359
6241,6377
6231,6379
6226,6371
6222,6379
6227,6385
6219,6376
6230,6390
6231,6384
6226,6374
6227,6365
6230,6383
6231,6377
6214,6377
6225,6358
6224,6418
6234,6395
6237,6410
6229,6376
6212,6379
6223,6368
6213,6355
6221,6391
6231,6383
6226,6367
6235,6392
6220,6404
6226,6380
6228,6373
6220,6366
6232,6379
6230,6360
6225,6377
6236,6359
6236,6350
6230,6392
6223,6388
6232,6386
6226,6385
6233,6380
6223,6387
6217,6382
6218,6361
6234,6368
6217,6388
6221,6335
6236,6348
6225,6363
6219,6399
6201,6377
6228,6341
6234,6351
6227,6355
6242,6365
6220,6364
6241,6334
6223,6352
6228,6344
6222,6351
6227,6346
6241,6351
6233,6369
6234,6364
6223,6323
6240,6343
6243,6358
6225,6363
6233,6377
6208,6361
6235,6371
6235,6354
6232,6367
6222,6394
6224,6347
6234,6356
6224,6370
6235,6361
6238,6382
6223,6372
6227,6372
6231,6356
6226,6351
6236,6354
6228,6342
6232,6332
6243,6327
6238,6327
6228,6324
6232,6316
6238,6342
6237,6337
6231,6328
6246,6314
6243,6331
6241,6343
6230,6351
6211,6332
6216,6332
6226,6347
6223,6304
6229,6349
6231,6346
6227,6338
6239,6329
6218,6337
6234,6360
6217,6331
6229,6325
6235,6329
6243,6337
6234,6336
6223,6331
6222,6336
6225,6347
6222,6328
6216,6348
6228,6345
6243,6349
6230,6349
6232,6333
6235,6334
6230,6345
6231,6345
6240,6361
6237,6340
6225,6322
6243,6354
6240,6354
6241,6343
6226,6353
6221,6358
6244,6351
6231,6368
6243,6346
6257,6358
6265,6344
6263,6323
6252,6361
6260,6334
6254,6332
6274,6329
6281,6362
6285,6350
6312,6352
6330,6331
6314,6341
6359,6360
6376,6355
6384,6356
6440,6353
6497,6341
6524,6347
6574,6368
6617,6339
6646,6315
6679,6319
6680,6354
6693,6341
6692,6330
6668,6327
6654,6322
6636,6334
6696,6346
6772,6342
6810,6320
6915,6352
7091,6363
7216,6351
7404,6351
7592,6349
7785,6347
8011,6329
8165,6309
8250,6333
8419,6344
8625,6344
8659,6384
8758,6406
8936,6383
8907,6422
8814,6411
8787,6474
8791,6487
8645,6466
8591,6483
8380,6503
8209,6572
8083,6622
7940,6670
7880,6713
7684,6777
7457,6801
7271,6857
7098,6945
7016,6983
6913,7050
6851,7125
6849,7230
6904,7306
7010,7394
7075,7417
7246,7437
7403,7463
7516,7480
7711,7503
7830,7502
7899,7449
8090,7336
8239,7276
8440,7179
8616,7075
8770,6940
8968,6856
9105,6782
9105,6704
9134,6710
9246,6721
9318,6751
9295,6774
9278,6809
9134,6892
8988,6948
8906,7022
8735,7126
8552,7201
8385,7299
8111,7409
7962,7511
7812,7678
7632,7873
7481,7968
7352,8118
7261,8200
7160,8266
7090,8297
7038,8339
7031,8363
7018,8264
7119,8126
7224,7990
7353,7897
7505,7780
7620,7703
7849,7588
8038,7472
8215,7305
8373,7242
8546,7159
8637,7069
8783,7005
8968,6925
9044,6862
9124,6822
9165,6849
9169,6864
9192,6899
9129,6937
9148,6988
9079,7124
9042,7248
8951,7415
8782,7578
8639,7766
8391,7963
8276,8151
8066,8322
7842,8583
7609,8750
7407,8927
7209,8945
7046,9078
6983,9127
6895,9103
6877,9090
6919,8979
6969,8966
7129,8869
7232,8834
7418,8605
7586,8487
7843,8309
8188,8146
8573,8004
8875,7833
9093,7656
9359,7439
9591,7248
9801,7150
9962,7048
10190,6959
10386,6890
10497,6845
10610,6776
10655,6755
10599,6811
10397,6881
10248,6958
10015,7063
9755,7194
9573,7339
9437,7518
9200,7711
8904,7830
8612,7992
8392,8208
8182,8462
7903,8657
7640,8804
7520,9009
7378,9110
7296,9177
7195,9169
7145,9197
7076,9146
7078,9038
7074,8902
7116,8845
7145,8716
7230,8469
7335,8254
7452,8054
7621,7890
7787,7703
7993,7552
8312,7347
8498,7179
8771,7051
8998,6958
9239,6859
9400,6816
9570,6775
9771,6770
9938,6796
10000,6837
9950,6941
10041,7075
10010,7216
9859,7449
9697,7611
9579,7748
9450,7940
9152,8161
8909,8378
8695,8531
8446,8698
8214,8809
7907,8889
7691,8987
7479,9059
7302,9098
7116,8998
6964,8873
6849,8911
6828,8913
6817,8911
6864,8807
6929,8764
7056,8703
7220,8533
7349,8509
7493,8394
7664,8194
7780,7947
7934,7742
8047,7581
8183,7427
8351,7253
8450,7128
8567,6994
8655,6845
8716,6789
8745,6744
8802,6762
8857,6755
8906,6796
8909,6860
8835,6932
8733,7048
8592,7181
8469,7376
8333,7514
8191,7759
8029,7905
7861,8103
7661,8289
7459,8464
7242,8558
7073,8596
6942,8680
6837,8724
6787,8766
6755,8692
6774,8664
6778,8607
6808,8449
6845,8289
6896,8162
6986,7970
6992,7786
7045,7653
7151,7546
7208,7448
7326,7353
7453,7268
7627,7104
7781,6986
8032,6891
8294,6784
8460,6737
8595,6669
8724,6628
