Channel 1,Channel 2
6302,6309
6308,6303
6295,6303
6299,6314
6297,6329
6289,6329
6300,6313
6300,6321
6304,6312
6314,6338
6306,6330
6309,6318
6320,6331
6306,6305
6285,6332
6293,6294
6299,6310
6308,6322
6309,6332
6309,6321
6298,6320
6282,6316
6296,6350
6294,6341
6300,6333
6293,6321
6302,6328
6306,6340
6290,6343
6285,6352
6314,6332
6296,6301
6286,6332
6285,6334
6299,6320
6307,6336
6297,6346
6315,6341
6303,6330
6308,6334
6293,6336
6316,6342
6301,6342
6312,6332
6306,6336
6293,6341
6298,6344
6301,6340
6299,6349
6300,6342
6316,6349
6320,6332
6304,6334
6314,6343
6314,6329
6289,6322
6281,6340
6296,6322
6301,6318
6311,6343
6308,6321
6317,6314
6298,6328
6300,6321
6310,6309
6299,6317
6300,6329
6295,6327
6297,6321
6292,6334
6294,6347
6254,6294
6316,6343
6245,6286
6303,6260
6330,6356
6322,6363
6298,6360
6311,6352
6298,6340
6274,6375
6289,6344
6280,6332
6283,6320
6275,6342
6307,6310
6300,6328
6297,6332
6288,6321
6274,6322
6283,6352
6299,6335
6280,6348
6281,6325
6287,6347
6289,6354
6291,6327
6290,6346
6295,6348
6301,6351
6293,6351
6280,6336
6276,6345
6310,6335
6314,6342
6314,6352
6290,6348
6291,6328
6295,6327
6299,6347
6302,6348
6304,6312
6283,6322
6291,6329
6300,6337
6294,6323
6292,6328
6281,6316
6290,6323
6304,6323
6278,6318
6296,6370
6287,6334
6295,6354
6298,6329
6282,6354
6287,6342
6284,6351
6309,6335
6307,6349
6291,6353
6273,6336
6280,6350
6289,6338
6301,6334
6289,6327
6292,6350
6299,6366
6292,6353
6307,6360
6308,6332
6304,6350
6294,6356
6286,6357
6291,6342
6287,6334
6305,6348
6316,6353
6291,6360
6289,6351
6289,6348
6288,6350
6289,6359
6276,6350
6289,6344
6284,6359
6272,6356
6275,6367
6277,6370
6290,6349
6285,6352
6287,6347
6281,6354
6282,6339
6297,6328
6300,6340
6282,6335
6295,6324
6296,6339
6298,6345
6289,6343
6296,6335
6276,6349
6287,6361
6297,6348
6277,6357
6293,6360
6295,6350
6297,6356
6300,6367
6294,6365
6280,6363
6285,6337
6279,6345
6272,6363
6281,6377
6288,6364
6273,6350
6295,6370
6280,6363
6282,6346
6298,6349
6272,6345
6275,6372
6280,6352
6273,6374
6285,6364
6293,6364
6263,6363
6287,6368
6286,6377
6307,6378
6276,6369
6271,6384
6258,6354
6272,6367
6264,6362
6256,6377
6250,6374
6266,6380
6273,6359
6270,6352
6276,6370
6264,6344
6274,6383
6275,6367
6257,6364
6255,6380
6256,6378
6259,6372
6267,6372
6266,6351
6259,6342
6274,6375
6263,6375
6275,6369
6260,6389
6254,6400
6258,6402
6265,6390
6264,6379
6257,6383
6260,6393
6265,6379
6269,6368
6252,6382
6260,6371
6258,6373
6279,6383
6277,6393
6283,6384
6254,6370
6262,6373
6271,6359
6264,6353
6272,6353
6261,6370
6253,6365
6258,6367
6248,6336
6253,6347
6247,6350
6244,6348
6241,6377
6248,6368
6248,6378
6254,6371
6249,6380
6251,6362
6253,6380
6270,6353
6252,6396
6249,6384
6252,6350
6246,6388
6262,6386
6262,6393
6246,6383
6258,6367
6251,6385
6241,6393
6237,6371
6232,6391
6238,6392
6242,6398
6244,6376
6242,6395
6235,6368
6241,6390
6257,6386
6252,6401
6248,6387
6242,6384
6238,6378
6247,6385
6246,6389
6246,6393
6240,6383
6247,6403
6260,6397
6253,6394
6230,6399
6249,6399
6231,6349
6250,6368
6241,6367
6246,6368
6247,6379
6242,6420
6239,6415
6228,6402
6239,6415
6253,6412
6238,6385
6229,6413
6238,6405
6238,6407
6231,6390
6238,6410
6233,6407
6240,6415
6229,6429
6245,6399
6238,6389
6242,6384
6225,6383
6226,6391
6239,6374
6247,6378
6246,6376
6236,6384
6249,6393
6245,6390
6244,6388
6232,6411
6231,6400
6242,6382
6211,6403
6235,6398
6247,6399
6241,6383
6228,6383
6232,6378
6243,6396
6238,6383
6239,6371
6250,6390
6236,6393
6239,6391
6236,6374
6119,6284
6176,6335
6189,6362
6153,6401
6173,6308
6240,6404
6228,6426
6245,6381
6213,6370
6235,6347
6245,6399
6235,6382
6233,6374
6239,6387
6236,6383
6234,6373
6235,6397
6230,6400
6231,6384
6215,6408
6232,6405
6239,6414
6209,6406
6232,6399
6220,6399
6223,6388
6230,6399
6224,6397
6226,6422
6213,6419
6235,6407
6206,6398
6238,6413
6227,6416
6239,6419
6226,6396
6225,6388
6236,6394
6237,6396
6225,6397
6221,6394
6242,6396
6232,6405
6227,6407
6226,6398
6220,6420
6220,6402
6227,6406
6230,6405
6237,6418
6221,6415
6232,6384
6223,6385
6216,6409
6225,6416
6225,6393
6233,6383
6234,6406
6230,6406
6237,6394
6229,6380
6219,6373
6222,6389
6220,6387
6229,6363
6219,6382
6219,6372
6227,6391
6236,6390
6235,6412
6232,6388
6233,6411
6217,6391
6234,6421
6218,6393
6224,6419
6228,6405
6217,6407
6216,6419
6235,6419
6219,6407
6219,6444
6225,6441
6225,6445
6216,6404
6228,6416
6223,6396
6225,6413
6241,6417
6227,6403
6247,6398
6214,6430
6222,6423
6228,6431
6219,6409
6219,6428
6225,6439
6224,6425
6231,6419
6232,6425
6221,6417
6228,6414
6222,6417
6223,6384
6215,6390
6219,6386
6224,6364
6209,6411
6227,6403
6223,6406
6228,6409
6228,6388
6228,6399
6227,6377
6234,6404
6232,6423
6224,6389
6240,6426
6224,6408
6227,6425
6241,6413
6227,6395
6220,6406
6212,6392
6221,6421
6218,6390
6222,6407
6223,6404
6223,6374
6227,6383
6217,6395
6231,6393
6231,6394
6232,6393
6231,6414
6232,6427
6231,6421
6226,6425
6225,6407
6221,6418
6233,6417
6233,6384
6221,6410
6226,6406
6231,6380
6239,6392
6227,6378
6238,6400
6235,6405
6235,6384
6225,6387
6231,6397
6230,6387
6227,6375
6235,6413
6235,6419
6231,6401
6235,6403
6235,6413
6231,6394
6240,6422
6239,6401
6218,6375
6231,6397
6233,6379
6227,6384
6235,6400
6242,6408
6239,6409
6223,6420
6244,6417
6250,6399
6233,6397
6227,6412
6227,6382
6234,6387
6238,6406
6228,6389
6246,6399
6239,6393
6233,6389
6232,6403
6235,6379
6232,6391
6239,6390
6247,6375
6239,6405
6242,6378
6233,6389
6235,6389
6241,6371
6228,6373
6239,6384
6226,6390
6235,6413
6244,6407
6232,6385
6260,6381
6251,6384
6249,6374
6249,6410
6236,6370
6240,6383
6241,6374
6242,6390
6250,6371
6259,6384
6252,6380
6250,6397
6266,6366
6267,6384
6271,6377
6298,6368
6294,6371
6311,6380
6334,6379
6347,6369
6365,6370
6408,6374
6433,6383
6510,6360
6558,6378
6597,6361
6703,6377
6792,6338
6882,6348
6989,6379
7092,6361
7251,6353
7336,6355
7444,6356
7559,6341
7681,6351
7734,6341
7832,6340
7987,6336
8139,6353
8261,6368
8383,6377
8520,6380
8712,6383
8749,6381
8744,6391
8675,6387
8548,6393
8281,6403
8120,6373
7987,6385
7831,6396
7675,6401
7546,6394
7442,6396
7273,6390
7077,6399
6966,6405
6857,6427
6803,6416
6775,6422
6778,6475
6783,6457
6799,6471
6846,6512
6920,6515
7037,6532
7123,6568
7265,6598
7427,6626
7474,6613
7762,6677
8011,6520
8216,6679
8491,6757
8591,6727
8755,6677
8960,6736
9160,6740
9502,6752
9913,6813
9865,6865
10080,6926
10319,6977
10529,7022
10599,7108
10696,7243
10784,7414
10568,7576
10534,7767
10559,7932
10640,8087
10497,8200
10218,8312
10149,8489
9831,8393
9704,8420
9526,8487
9334,8549
9027,8590
8786,8553
8507,8581
8265,8500
7992,8416
7791,8406
7579,8372
7359,8209
7123,8282
6949,8278
6862,8003
6723,8035
6664,7841
6620,7751
6579,7645
6588,7514
6646,7381
6762,7271
6883,7155
7061,7021
7272,6947
7457,6825
7657,6768
7850,6717
8017,6685
8245,6658
8482,6667
8640,6687
8815,6725
8966,6785
9044,6916
9197,7026
9317,7168
9612,7324
9649,7533
9671,7739
9628,8002
9522,8219
9558,8394
9541,8571
9471,8885
9452,9101
9460,9302
9303,9507
9272,9647
9201,9842
8974,9911
8723,9916
8682,9967
8655,10038
8444,9901
8290,9906
8191,10076
8069,10006
7954,9849
7840,9938
7710,9871
7591,9684
7415,9495
7255,9253
7142,9006
7050,8800
6935,8561
6844,8374
6807,8127
6729,7920
6670,7692
6656,7552
6637,7417
6640,7263
6715,7105
6833,6964
6958,6873
7026,6809
7263,6722
7497,6688
7663,6650
7988,6609
8199,6596
8504,6633
8871,6636
9133,6683
9543,6711
9950,6803
10248,6876
10539,6915
10890,6997
11163,7082
11391,7204
11543,7310
11860,7433
12169,7531
12206,7639
12363,7799
12412,7936
12202,8069
11749,8198
11561,8339
11313,8468
11111,8643
10852,8837
10591,8944
10355,9057
10077,9165
9705,9222
9468,9294
9089,9309
8697,9356
8479,9451
8333,9465
8055,9434
7849,9531
7661,9444
7465,9413
7283,9249
7075,9147
6952,8937
6856,8695
6756,8494
6680,8359
6641,8173
6640,8008
6649,7813
6699,7602
6813,7379
6896,7162
7073,7019
7230,6894
7375,6786
7563,6701
7758,6604
7960,6594
8115,6596
8359,6648
8578,6712
8855,6804
9030,6930
9236,7090
9330,7273
9419,7449
9462,7634
9644,7809
9720,8008
9707,8242
9598,8440
9704,8554
9552,8783
9548,8881
9622,9038
9582,9161
9560,9270
9414,9386
9297,9480
9290,9650
9190,9808
9031,9870
8979,9803
8868,9844
8786,9839
8695,9843
8579,9904
8340,9822
8134,9751
7976,9604
7731,9526
7527,9303
7349,9151
7159,9003
7004,8886
6879,8634
6778,8436
6645,8284
6589,8068
6589,7814
6602,7592
6615,7491
6648,7310
6714,7161
6828,7014
6914,6909
7031,6808
7114,6765
7287,6717
7456,6662
7640,6621
7827,6595
7981,6589
8169,6573
8406,6601
8524,6652
8720,6692
8956,6752
9144,6835
9354,6941
9494,7047
9614,7146
9812,7241
9849,7342
10031,7478
9952,7649
9925,7886
9936,8041
9914,8231
10015,8384
9885,8507
9871,8678
9764,8838
9667,8967
9519,9049
9412,9127
9241,9101
9182,9072
8986,9229
8759,9215
8620,9149
8469,9149
8301,9081
8137,8983
7897,8882
7720,8816
7608,8648
7357,8555
7249,8439
7096,8325
6980,8194
6816,8058
6731,7940
6673,7762
6621,7637
6594,7469
6580,7315
6632,7177
6672,7032
6771,6902
6923,6799
7008,6709
7219,6648
7394,6562
7580,6483
7759,6457
8026,6459
8304,6377
8559,6427
8854,6546
9113,6580
9294,6584
9519,6740
9841,6875
10101,6952
10361,7071
10499,7235
10486,7345
10603,7513
10585,7625
10600,7789
10750,7871
10724,8082
10770,8229
10653,8437
10489,8493
10408,8663
10181,8646
10014,8843
9797,8931
9572,8976
9368,9045
9072,9039
8923,9101
8725,9131
8500,9352
8208,9254
7961,9181
7779,9051
7555,8985
7377,8826
7196,8727
7025,8624
6875,8564
6750,8358
6663,8127
6606,7962
6531,7834
6508,7675
6480,7511
6528,7354
6542,7152
6609,7013
6721,6881
6823,6781
6945,6652
7063,6583
7186,6580
7326,6499
7488,6469
7699,6455
7886,6491
8014,6549
8180,6612
8290,6674
8399,6782
8473,6883
8600,7006
8703,7142
8852,7231
8917,7369
9003,7534
9144,7680
9246,7808
9240,8016
9309,8225
9301,8337
9241,8429
9310,8558
9326,8664
9269,8734
9209,8871
9098,8891
8963,8907
8900,8930
8796,8976
8677,9077
8509,9013
8345,9027
8148,8946
7987,8815
7849,8693
7668,8592
7483,8466
7343,8355
7166,8257
7039,8061
6940,7868
6856,7766
6764,7637
6685,7544
6628,7406
6595,7268
6589,7133
6606,6986
6640,6854
6695,6796
6752,6741
6811,6665
6927,6580
7031,6555
7123,6519
7240,6497
7379,6487
7522,6484
7687,6487
7798,6510
7910,6589
8015,6648
8150,6710
8339,6763
8527,6889
8716,6980
8820,7114
8960,7243
9170,7351
9251,7474
9392,7655
9621,7814
9731,7992
9748,8137
9890,8235
9996,8354
9998,8506
9965,8618
10017,8780
9881,8758
9877,8813
9775,8870
9527,8935
9432,8847
9250,8832
8945,8911
8766,8904
8521,8907
8280,8794
8086,8699
7832,8636
7662,8493
7431,8335
7305,8227
7091,8147
6968,7928
6821,7816
6725,7709
6684,7650
6646,7498
6643,7365
6679,7281
6692,7166
6728,7136
6789,7010
6890,6881
6955,6812
7057,6725
7185,6647
7348,6614
7490,6532
7656,6486
7887,6451
8042,6472
8162,6519
8383,6537
8506,6586
8634,6635
8825,6757
8971,6872
9016,7000
9156,7128
9308,7285
9413,7529
9578,7727
9517,7884
9528,8030
9560,8204
9582,8334
9562,8475
9575,8676
9367,8737
9222,8801
9100,8908
8901,9016
8948,9120
8827,9068
8721,9087
8454,9173
8321,9114
8084,9030
7936,9016
7723,8909
7571,8752
7473,8642
7292,8575
7134,8457
7046,8394
6940,8213
6812,8020
6747,7927
6658,7816
6614,7628
6585,7478
6543,7363
6565,7245
6589,7087
6606,6980
6665,6889
6724,6817
6811,6724
6936,6661
7054,6570
7184,6522
7336,6462
7494,6443
7627,6432
7756,6450
8024,6464
8253,6504
8491,6548
8596,6646
8835,6751
8935,6794
9021,6884
9126,7014
9490,7141
9657,7280
9658,7422
9664,7566
9742,7705
9987,7837
10112,7946
10012,8060
9937,8159
9798,8184
9796,8334
9823,8441
9833,8499
9626,8554
9423,8665
9222,8604
9033,8680
8839,8617
8607,8628
8443,8598
8153,8520
8013,8441
7725,8434
7546,8356
7402,8215
7161,8185
6993,8076
6887,7952
6776,7838
6652,7683
6592,7485
6576,7423
6512,7349
6556,7183
6604,7092
6695,6965
6827,6849
6982,6749
7135,6667
7334,6590
7570,6530
7948,6766
8057,6420
8279,6386
8652,6450
8929,6422
9096,6427
9335,6512
9514,6592
9738,6704
9848,6806
10034,6943
10103,7076
10143,7230
10235,7450
10322,7672
10128,7763
10050,7918
9846,8095
9797,8285
9585,8516
9503,8625
9322,8840
9240,9017
9016,9061
8804,9257
8678,9421
8547,9591
8274,9590
8126,9499
7996,9566
7815,9677
7730,9713
7586,9619
7498,9569
7394,9416
7334,9230
7215,9119
7067,9047
6968,8861
6916,8589
6859,8337
6754,8189
6689,7961
6645,7789
6625,7566
6573,7412
6555,7210
6554,7021
6586,6863
6674,6789
6757,6678
6864,6563
6993,6518
7163,6478
7333,6451
7531,6478
7835,6463
8109,6487
8418,6560
8698,6633
8895,6691
9222,6800
9523,6847
9773,6939
10070,7012
10372,7097
10512,7204
10713,7276
10786,7346
10773,7464
10811,7509
10918,7619
10849,7696
10627,7794
10600,7871
10470,7943
10394,8049
10299,8158
10057,8244
9748,8414
9427,8486
9065,8552
8784,8619
8684,8687
8532,8766
8290,8839
8107,8902
7891,8936
7629,9037
7504,9066
7379,8975
7236,8845
7106,8845
6964,8649
6894,8448
6827,8328
6742,8103
6693,7887
6671,7747
6660,7599
6688,7430
6688,7250
6754,7023
6816,6875
6924,6744
7076,6665
7239,6576
7436,6533
7691,6474
7861,6484
8134,6500
8358,6504
8608,6567
8859,6668
9018,6721
9249,6850
9529,6978
9781,7104
10003,7218
10205,7323
10362,7510
10523,7657
10752,7803
10975,7941
11048,8131
11156,8289
11033,8358
11134,8513
11236,8663
11161,8691
11097,8776
11098,8988
10942,9055
10656,9152
10534,9202
10375,9295
10082,9297
9843,9406
9455,9354
9233,9273
8939,9262
8749,9196
8470,9151
8262,9036
7947,8995
7748,8906
7532,8785
7304,8585
7106,8433
6992,8349
6918,8255
6875,8014
6826,7831
6829,7695
6841,7496
6917,7353
7038,7255
7111,7148
7284,7003
7405,6902
7605,6779
7832,6700
8118,6668
8413,6630
8663,6609
8871,6611
9176,6622
9456,6691
9848,6745
10155,6869
10402,6992
10778,7129
11027,7292
11423,7474
11734,7714
12094,7877
12214,8131
12309,8441
12482,8689
12589,8787
12680,9051
12634,9212
12838,9422
12814,9574
12620,9732
12391,9838
12290,9999
12123,10008
11709,10202
11466,10311
11184,10227
10748,10242
10473,10170
10122,10225
9871,10034
9584,10018
9173,9848
8945,9688
8599,9552
8218,9403
7868,9352
7659,9322
7424,9111
7168,8979
6996,8692
6887,8434
6847,8271
6836,8056
6869,7874
6940,7676
7012,7539
7193,7363
7341,7178
7535,7043
7743,6904
7953,6815
8285,6765
8595,6695
8983,6673
9278,6705
9707,6786
10013,6861
10452,7023
10901,7183
11186,7335
11557,7499
11957,7748
12152,8020
12464,8319
12660,8564
12915,8792
12827,9051
13009,9313
12917,9649
12674,9901
12765,10193
12749,10330
12486,10471
12105,10707
12066,10913
11898,11234
11717,11627
11153,11568
10657,11441
10192,11348
9695,11473
9325,11488
9044,11348
8677,11182
8278,11118
7956,10931
7765,10829
7569,10699
7383,10488
7154,10230
7074,10046
7047,9879
6869,9700
6676,9418
6442,8997
6324,8815
6259,8488
6207,8252
6189,7917
6181,7653
6161,7465
6149,7251
6154,7069
6058,6830
6083,6709
6117,6669
6142,6676
6084,6641
6079,6698
6136,6769
6138,6870
6138,7001
6142,7082
6128,7301
6124,7484
6128,7691
6125,7899
6135,8085
6129,8331
6133,8622
6128,8856
6121,9060
6129,9269
6120,9472
6124,9601
6126,9781
6121,9928
6125,9952
6119,10012
6122,10148
6121,10247
6122,10310
6114,10229
6117,10222
6119,10030
6127,9969
6124,9866
6114,9994
6120,9824
6110,9794
6116,9650
6103,9568
6109,9288
6106,9348
6113,8936
6121,8577
6114,8518
6116,8357
6114,7764
6101,7141
6109,6665
6119,6402
6101,6266
6118,6198
6106,6193
6106,6172
6115,6156
6110,6137
6104,6133
6101,6120
6103,6115
6102,6126
6106,6113
6102,6101
6101,6116
6114,6103
6112,6089
6097,6072
6109,6081
6107,6073
6107,6068
6104,6060
6108,6075
6109,6078
6105,6071
6103,6064
6112,6080
6100,6068
6101,6073
6103,6058
6107,6069
6109,6065
6104,6068
6115,6074
6108,6063
6102,6066
6104,6064
6094,6064
6110,6053
6103,6056
6097,6043
6110,6071
6106,6070
6110,6056
6110,6074
6102,6069
6118,6065
6102,6067
6113,6067
6111,6064
6106,6057
6106,6064
6102,6063
6115,6057
6110,6061
6112,6058
6105,6056
6114,6062
6110,6052
6107,6056
6109,6054
6108,6063
6110,6056
6113,6045
6105,6041
6106,6053
6104,6059
6111,6055
6111,6051
6107,6039
6106,6044
6114,6043
6105,6052
6110,6060
6106,6046
6111,6050
6108,6062
6120,6048
6113,6046
6110,6049
6103,6048
6110,6046
6109,6046
6104,6063
6117,6050
6110,6050
6118,6054
6110,6058
6110,6045
6111,6047
6102,6046
6108,6044
6112,6039
6112,6060
6113,6052
6108,6067
6116,6052
6110,6050
6110,6049
6128,6053
6103,6040
6101,6046
6108,6047
6107,6039
6106,6052
6107,6060
6102,6041
6111,6055
6107,6025
6110,6038
6108,6049
6102,6049
6101,6059
6108,6056
6103,6057
6094,6041
6095,6043
6102,6052
6111,6060
6114,6060
6101,6058
6098,6054
6099,6051
6102,6062
6109,6048
6103,6059
6102,6036
6098,6067
6110,6059
6113,6055
6101,6041
6105,6021
6108,6052
6110,6054
6113,6061
6102,6055
6104,6063
6104,6054
6102,6045
6103,6053
6106,6045
6098,6058
6101,6041
6106,6052
6108,6062
6103,6064
6102,6054
6105,6049
6105,6049
6097,6050
6111,6054
6105,6058
6094,6057
6103,6056
6101,6038
6109,6060
6101,6056
6104,6045
6116,6054
6106,6052
6095,6042
6106,6047
6096,6053
6106,6056
6114,6057
6093,6052
6092,6042
6102,6062
6102,6026
6107,6058
6111,6053
6109,6060
6101,6042
6102,6039
6111,6058
6103,6058
6105,6046
6109,6041
6104,6041
6101,6061
6098,6043
6105,6053
6112,6057
6097,6051
6102,6035
6100,6050
6096,6039
6097,6064
6104,6055
6106,6059
6111,6055
6111,6054
6097,6046
6107,6049
6106,6042
6102,6056
6102,6049
6112,6052
6103,6040
6099,6040
6098,6046
6102,6057
6106,6049
6102,6040
6100,6043
6099,6061
6100,6055
6094,6046
6094,6052
6109,6051
6103,6051
6101,6052
6094,6050
6105,6040
6105,6049
6094,6045
6098,6033
6091,6054
6102,6047
6103,6054
6055,5944
5993,5937
6051,6012
6084,6033
6067,6033
6076,6036
6097,6045
6097,6053
6099,6066
6106,6064
6097,6047
6102,6042
6110,6046
6101,6044
6107,6055
6109,6054
6111,6039
6097,6058
6100,6042
6111,6057
6103,6050
6103,6052
6106,6043
6107,6044
6109,6053
6108,6041
6102,6039
6107,6056
6105,6051
6110,6054
6094,6043
6094,6031
6118,6065
6100,6058
6112,6056
6096,6058
6098,6037
6111,6043
6106,6042
6113,6048
6110,6060
6104,6062
6099,6052
6099,6058
6108,6051
6114,6065
6106,6060
6103,6059
6102,6057
6107,6047
6108,6060
6105,6051
6091,6063
6111,6065
6104,6043
6112,6060
6109,6044
6116,6053
6119,6046
6107,6051
6108,6063
6114,6070
6112,6056
6117,6051
6113,6058
6105,6045
6102,6063
6112,6051
6105,6041
6105,6054
6106,6056
6111,6045
6104,6047
6107,6049
6111,6056
6100,6034
6106,6057
6113,6063
6109,6059
6111,6061
6098,6044
6105,6056
6108,6050
6106,6046
6103,6046
6111,6043
6109,6040
6110,6052
6101,6045
6106,6051
6104,6066
6104,6049
6099,6048
6103,6049
6098,6048
6107,6040
6102,6051
6108,6046
6108,6052
6106,6053
6107,6050
6104,6055
6104,6061
6094,6057
6106,6042
6095,6049
6102,6047
6102,6045
6106,6056
6096,6052
6102,6048
6115,6051
6109,6048
6106,6042
6101,6053
6107,6054
6104,6060
6106,6046
6104,6045
6104,6044
6107,6044
6105,6038
6112,6048
6098,6053
6102,6028
6111,6055
6108,6050
6098,6039
6104,6046
6110,6065
6114,6057
6112,6056
6105,6057
6105,6055
6099,6053
6119,6056
6116,6051
6121,6055
6105,6064
6101,6050
6108,6032
6111,6040
6112,6042
6108,6045
6104,6061
6115,6050
6106,6048
6111,6040
6113,6057
6113,6057
6113,6048
6120,6048
6115,6043
6117,6042
6120,6050
6121,6060
6118,6053
6116,6058
6113,6041
6110,6045
6119,6025
6110,6055
6115,6064
6117,6058
6113,6046
6115,6056
6110,6051
6115,6062
6112,6047
6110,6049
6108,6058
6103,6043
6109,6067
6110,6066
6106,6052
6109,6046
6095,6044
6109,6053
6105,6053
6113,6041
6117,6056
6113,6055
6107,6050
6116,6049
6102,6043
6113,6040
6122,6060
6116,6054
6107,6097
6108,6066
6104,6060
6110,6052
6109,6054
6115,6047
6117,6050
6109,6059
6119,6055
6110,6060
6113,6046
6106,6051
6111,6053
6115,6065
6117,6046
6115,6058
6112,6041
6118,6041
6114,6035
6113,6048
6117,6051
6114,6055
6112,6054
6114,6050
6120,6056
6104,6040
6116,6047
6125,6054
6106,6039
6099,6042
6106,6053
6097,6061
6111,6054
6118,6060
6105,6058
6115,6063
6112,6055
6112,6046
6112,6045
6106,6045
6117,6049
6119,6055
6106,6059
6108,6056
6127,6051
6114,6057
6108,6059
6115,6055
6117,6057
6117,6045
6116,6046
6113,6057
6115,6061
6114,6059
6115,6044
6119,6047
6111,6051
6113,6063
6123,6056
6110,6060
6108,6059
6115,6058
6115,6058
6121,6059
6119,6052
6117,6045
6111,6050
6121,6056
6112,6045
6121,6048
6114,6063
6125,6055
6118,6052
6113,6050
6123,6063
6121,6065
6122,6051
6115,6046
6115,6051
6117,6057
6114,6066
6120,6045
6122,6061
6117,6056
6124,6047
6122,6066
6115,6057
6122,6066
6122,6066
6117,6064
6115,6053
6112,6064
6114,6060
6112,6050
6118,6058
6119,6048
6116,6063
6128,6047
6116,6064
6124,6057
6117,6053
6119,6057
6120,6053
6112,6055
6112,6050
6124,6057
6107,6049
6118,6053
5997,5912
6043,5956
6043,5956
5905,5837
6195,6105
6080,5733
5994,6014
6333,6343
6004,5893
5982,5846
6044,5958
5994,5936
6177,6098
6027,5964
6090,6138
6086,6035
6101,6045
6112,6075
6113,6072
6003,6002
6064,6005
6063,6015
6075,6007
6063,6008
6063,6008
6121,6062
6019,5991
6083,6055
6156,6123
6238,6159
6172,6082
6138,6062
6145,6084
6120,6063
6138,6086
6145,6078
6168,6069
6152,6090
6178,6051
6107,6054
6119,6039
6110,6066
6105,6042
6111,6044
6114,6042
6125,6071
6125,6071
6113,6056
6106,6057
6103,6033
6177,6113
6130,6065
6095,6021
6120,6053
6142,6053
6115,6047
0,37
0,61680
0,0
6120,6048
5603,5567
5599,5567
5608,5574
5609,5572
5607,5561
5600,5579
5606,5559
5601,5576
5822,5751
6340,6290
6292,6299
6297,6297
6302,6308
6281,6304
6299,6312
6295,6297
6287,6300
6316,6301
6291,6316
6301,6305
6301,6307
6293,6342
6285,6332
6298,6340
6315,6312
6310,6328
6300,6328
6310,6322
6325,6325
6306,6318
6294,6320
6287,6282
6301,6307
6292,6317
6304,6317
6303,6318
6292,6323
6291,6331
6298,6360
6298,6347
6301,6322
6288,6326
6288,6324
6301,6348
6286,6324
6306,6321
6295,6331
6317,6339
6303,6337
6290,6337
6298,6328
6297,6329
6304,6320
6312,6325
6306,6342
6304,6331
6312,6323
6317,6323
6303,6309
6320,6339
6294,6326
6302,6351
6304,6324
6300,6327
6641,6628
6311,6285
6337,6352
6287,6323
6268,6273
6315,6320
6329,6335
6292,6327
6292,6329
6291,6304
6303,6323
6300,6329
6310,6315
6308,6348
6305,6336
6311,6310
6304,6304
6304,6328
6307,6322
6295,6327
6306,6347
6296,6332
6293,6350
6281,6355
6284,6338
6278,6346
6289,6318
6292,6343
6308,6352
6297,6335
6294,6354
6299,6344
6286,6324
6292,6339
6297,6331
6290,6323
6282,6307
6305,6314
6302,6316
6302,6324
6282,6327
6274,6335
6300,6339
6289,6341
6289,6316
6287,6337
6290,6331
6294,6339
6288,6326
6280,6354
6301,6345
6297,6329
6298,6337
6288,6343
6288,6335
6314,6326
6307,6349
6324,6347
6291,6346
6300,6327
6292,6331
6312,6325
6302,6318
6309,6317
6300,6323
6286,6310
6289,6335
6292,6354
6303,6316
6297,6336
6302,6331
6293,6319
6289,6335
6291,6317
6284,6320
6299,6344
6295,6333
6290,6345
6297,6346
6289,6348
6293,6347
6284,6328
6294,6342
6269,6323
6286,6323
6295,6339
6268,6345
6284,6328
6303,6353
6294,6359
6304,6357
6304,6358
6290,6350
6299,6351
6295,6370
6279,6354
6301,6345
6296,6343
6295,6346
6301,6360
6289,6357
6290,6352
6297,6354
6274,6355
6290,6348
6281,6343
6287,6348
6288,6345
6279,6361
6281,6360
6283,6342
6277,6366
6290,6326
6290,6347
6291,6351
6289,6342
6280,6340
6290,6363
6285,6332
6301,6338
6298,6339
6304,6340
6290,6328
6299,6360
6274,6367
6288,6360
6305,6350
6290,6358
6281,6336
6302,6361
6300,6354
6290,6372
6291,6351
6286,6366
6269,6354
6273,6358
6283,6381
6287,6371
6287,6366
6281,6353
6294,6368
6288,6369
6298,6341
6280,6327
6278,6361
6291,6375
6282,6365
6286,6355
6272,6356
6288,6359
6285,6338
6288,6387
6289,6370
6284,6373
6280,6370
6275,6376
6260,6362
6266,6371
6268,6358
6253,6375
6275,6374
6265,6364
6255,6363
6285,6356
6284,6349
6276,6360
6270,6366
6257,6383
6271,6366
6268,6368
6269,6374
6266,6350
6267,6379
6270,6354
6266,6354
6263,6335
6271,6359
6278,6372
6258,6378
6247,6375
6258,6395
6258,6383
6265,6392
6246,6378
6252,6384
6266,6381
6274,6373
6261,6373
6260,6365
6257,6379
6279,6376
6270,6376
6282,6381
6269,6361
6265,6369
6277,6381
6267,6369
6250,6380
6252,6330
6257,6360
6257,6350
6256,6343
6248,6355
6256,6359
6248,6343
6239,6374
6267,6369
6239,6380
6252,6369
6260,6362
6249,6374
6252,6392
6257,6381
6262,6397
6249,6371
6244,6375
6257,6372
6257,6377
6270,6384
6254,6379
6247,6367
6252,6389
6246,6381
6250,6385
6240,6380
6240,6396
6258,6368
6246,6378
6239,6362
6237,6379
6251,6373
6235,6413
6252,6382
6242,6402
6242,6380
6247,6378
6254,6377
6260,6411
6249,6390
6240,6359
6261,6400
6244,6387
6248,6363
6233,6385
6240,6381
6241,6363
6248,6345
6252,6363
6246,6359
6243,6386
6236,6386
6240,6396
6244,6399
6252,6403
6240,6417
6236,6408
6235,6392
6242,6396
6247,6390
6243,6411
6226,6403
6214,6375
6228,6396
6241,6409
6239,6390
6234,6386
6242,6392
6259,6390
6273,6385
6232,6437
6168,6292
6230,6369
6249,6366
6266,6416
6246,6396
6246,6389
6246,6390
6226,6366
6241,6392
6222,6395
6240,6395
6248,6400
6240,6386
6231,6382
6229,6355
6233,6380
6231,6408
6227,6367
6238,6358
6223,6393
6250,6379
6232,6363
6235,6383
6249,6392
6240,6392
6230,6385
6241,6398
6235,6388
6241,6399
6228,6368
6219,6384
6236,6375
6231,6379
6245,6374
6234,6377
6229,6386
6244,6397
6243,6385
6228,6377
6233,6404
6230,6395
6226,6410
6231,6387
6241,6394
6239,6416
6225,6408
6215,6406
6232,6412
6218,6371
6212,6402
6215,6417
6214,6415
6241,6414
6218,6407
6217,6393
6222,6399
6227,6390
6225,6391
6230,6396
6226,6384
6221,6403
6219,6376
6235,6384
6237,6377
6233,6409
6220,6409
6226,6406
6220,6408
6226,6412
6227,6401
6231,6403
6231,6401
6220,6396
6224,6398
6224,6389
6229,6403
6226,6406
6222,6390
6237,6413
6238,6403
6224,6399
6234,6386
6214,6398
6218,6390
6231,6379
6231,6383
6224,6355
6223,6360
6221,6389
6217,6377
6234,6399
6233,6413
6228,6400
6231,6398
6237,6399
6234,6425
6231,6402
6223,6399
6231,6424
6228,6411
6234,6416
6234,6422
6223,6435
6220,6461
6229,6426
6230,6445
6215,6419
6224,6418
6216,6418
6231,6408
6235,6408
6231,6392
6237,6411
6223,6415
6223,6411
6232,6414
6229,6409
6220,6422
6222,6400
6224,6419
6223,6417
6225,6423
6238,6411
6223,6430
6231,6404
6223,6428
6229,6396
6215,6381
6235,6390
6219,6399
6228,6395
6228,6380
6225,6418
6230,6413
6219,6398
6232,6370
6236,6407
6214,6383
6220,6388
6228,6394
6220,6409
6242,6409
6231,6410
6229,6385
6220,6406
6232,6405
6213,6421
6221,6408
6223,6393
6215,6403
6227,6400
6219,6377
6241,6398
6225,6359
6243,6398
6242,6417
6233,6390
6222,6407
6230,6415
6223,6416
6223,6395
6212,6404
6240,6418
6239,6395
6231,6409
6225,6400
6226,6376
6249,6383
6234,6405
6227,6392
6232,6390
6230,6400
6218,6404
6230,6386
6227,6415
6220,6400
6227,6409
6221,6417
6222,6418
6235,6402
6236,6394
6228,6410
6233,6417
6232,6398
6218,6384
6230,6421
6232,6372
6228,6407
6240,6402
6242,6399
6224,6422
6231,6418
6240,6420
6226,6395
6236,6418
6240,6398
6234,6374
6240,6400
6231,6372
6224,6392
6231,6374
6236,6384
6231,6373
6243,6410
6228,6369
6226,6385
6232,6389
6239,6397
6242,6385
6238,6383
6234,6386
6232,6377
6229,6388
6235,6379
6223,6364
6236,6390
6233,6413
6242,6414
6241,6391
6232,6390
6243,6371
6236,6398
6239,6369
6228,6371
6241,6385
6231,6373
6244,6375
6250,6391
6262,6366
6247,6372
6256,6372
6261,6383
6271,6382
6269,6390
6287,6391
6302,6379
6318,6385
6329,6383
6346,6371
6357,6359
6402,6365
6444,6377
6487,6376
6548,6344
6598,6385
6719,6385
6803,6358
6916,6355
6987,6356
7118,6356
7271,6373
7346,6357
7444,6356
7611,6345
7713,6341
7744,6351
7904,6358
8033,6338
8141,6351
8237,6359
8419,6370
8534,6371
8657,6388
8732,6387
8721,6386
8642,6394
8588,6525
8249,6320
8158,6441
8107,6410
7887,6359
7899,6413
7737,6435
7592,6365
7412,6375
7173,6409
6988,6412
6875,6367
6808,6441
6785,6426
6783,6439
6781,6468
6802,6474
6855,6482
6914,6532
7018,6534
7176,6562
7302,6564
7479,6596
7608,6663
7835,6692
8108,6671
8370,6687
8590,6697
8748,6726
8839,6712
9013,6721
9227,6759
9500,6797
9707,6802
9773,6832
10000,6936
10218,6971
10526,7033
10579,7111
10700,7228
10580,7414
10528,7584
10550,7785
10609,7950
10658,8094
10394,8213
10294,8417
10027,8425
9847,8424
9720,8469
9445,8491
9230,8484
8942,8514
8737,8704
8482,8579
8271,8638
7998,8547
7782,8520
7601,8284
7341,8286
7152,8172
6960,8134
6859,8060
6747,7963
6665,7845
6591,7849
6564,7771
6591,7641
6664,7473
6805,7313
6891,7158
7053,7015
7251,6935
7420,6822
7651,6767
7828,6712
7973,6666
8210,6669
8460,6655
8625,6706
8809,6743
8934,6802
9059,6896
9240,7046
9354,7151
9597,7291
9693,7588
9654,7796
9621,8028
9526,8224
9493,8396
9522,8610
9409,8889
9451,9108
9447,9303
9391,9517
9266,9682
9179,9926
8993,9911
8829,10052
8704,10075
8644,10054
8554,10164
8374,10148
8235,10174
8091,10050
7912,9771
7785,9714
7719,9721
7564,9539
7417,9378
7270,9218
7134,9038
7010,8847
6934,8599
6879,8334
6813,8178
6717,7917
6694,7714
6633,7583
6638,7414
6656,7258
6729,7111
6827,6956
6932,6875
7033,6799
7266,6713
7481,6664
7700,6621
8043,6597
8222,6589
8561,6607
8982,6636
9292,6665
9662,6732
9955,6778
10222,6863
10522,6916
10845,6997
11128,7104
11432,7208
11619,7289
11908,7434
12081,7538
12229,7690
12244,7820
12378,7948
12155,8079
11915,8210
11777,8320
11427,8451
11209,8633
10862,8819
10585,8936
10344,9022
10093,9137
9731,9284
9461,9328
9118,9354
8733,9377
8498,9371
8332,9380
8061,9399
7826,9421
7587,9339
7407,9267
7277,9194
7118,9214
6987,8985
6883,8691
6737,8568
6668,8409
6644,8218
6653,7970
6664,7819
6722,7616
6791,7439
6912,7186
7071,6995
7249,6904
7394,6777
7566,6687
7776,6650
7933,6593
8120,6584
8357,6650
8581,6734
8880,6815
8994,6940
9186,7081
9125,7258
9224,7463
9422,7657
9573,7816
9587,8022
9688,8219
9702,8378
9691,8553
9607,8779
9573,8862
9607,9027
9569,9222
9506,9277
9457,9351
9369,9484
9306,9683
9207,9706
9078,9838
8906,9871
8902,9825
8814,9870
8597,9868
8539,9878
8314,9890
8108,9666
7959,9605
7725,9471
7502,9282
7355,9125
7153,9017
7011,8850
6840,8657
6758,8436
6666,8330
6600,8049
6588,7795
6578,7623
6610,7455
6634,7284
6725,7129
6835,7017
6932,6869
7063,6808
7159,6748
7286,6717
7469,6691
7618,6651
7790,6601
7983,6577
8223,6594
8395,6587
8565,6633
8732,6700
8966,6759
9125,6828
9337,6944
9457,7060
9591,7111
9790,7255
9867,7334
9875,7524
9942,7640
9936,7870
10019,8002
10021,8198
10019,8357
10033,8503
9897,8730
9745,8865
9679,8963
9491,9092
9411,9077
9308,9100
9107,9119
8990,9224
8773,9188
8615,9159
8417,9123
8301,9067
8023,8889
7949,8950
7697,8784
7527,8694
7346,8570
7274,8431
7095,8380
6993,8252
6826,8097
6728,7943
6651,7761
6614,7629
6594,7454
6583,7295
6638,7150
6671,7020
6793,6890
6908,6809
7029,6716
7196,6647
7360,6580
7598,6503
7810,6496
8072,6479
8341,6500
8605,6507
8850,6535
9080,6595
9318,6679
9433,6759
9802,6849
10141,6985
10400,7120
10555,7198
10475,7348
10600,7499
10576,7630
10615,7752
10739,7918
10833,8040
10726,8228
10547,8334
10485,8449
10365,8529
10151,8659
10060,8895
9805,9086
9584,9163
9430,9240
9154,9175
8890,9089
8704,9111
8481,9242
8219,9249
7986,9184
7740,9039
7565,8953
7368,8820
7216,8707
7019,8629
6863,8495
6774,8360
6661,8138
6598,7958
6529,7798
6512,7656
6494,7501
6514,7291
6571,7151
6626,7009
6707,6851
6834,6793
6949,6669
7054,6594
7206,6546
7300,6496
7509,6463
7686,6479
7863,6477
8017,6539
8216,6607
8335,6680
8448,6757
8541,6909
8642,7020
8749,7138
8922,7245
8980,7369
9085,7522
9199,7694
9274,7841
9228,8007
9300,8228
9319,8348
9251,8414
9237,8541
9276,8664
9295,8748
9206,8818
9082,8936
8939,8918
8901,8934
8759,8972
8665,9114
8540,9092
8397,9077
8206,8954
8056,8915
7896,8789
7729,8686
7457,8529
7403,8425
7174,8283
7029,8126
6934,7936
6854,7776
6742,7607
6669,7516
6648,7400
6624,7252
6592,7123
6641,6996
6647,6889
6672,6812
6748,6740
6802,6655
6923,6580
7014,6551
7126,6523
7208,6507
7334,6495
7508,6504
7666,6512
7832,6531
7971,6577
8040,6630
8194,6697
8364,6773
8551,6862
8722,7021
8863,7119
8981,7226
9135,7380
9297,7459
9437,7675
9684,7851
9708,8020
9804,8148
9909,8313
9994,8448
9991,8628
9918,8648
10020,8833
9892,8796
9842,8834
9800,8937
9512,8908
9431,8824
9218,8805
8975,8895
8775,8894
8484,8880
8261,8821
8061,8759
7846,8650
7616,8591
7411,8365
7283,8236
7071,8095
6887,7980
6791,7834
6745,7729
6681,7663
6632,7501
6624,7374
6663,7258
6680,7173
6742,7104
6809,6969
6887,6866
6970,6768
7054,6733
7176,6668
7347,6608
7504,6538
7694,6493
7860,6468
7988,6474
8143,6497
8349,6536
8454,6575
8560,6637
8754,6741
8944,6861
8992,6985
9123,7142
9255,7305
9438,7493
9551,7718
9528,7844
9514,8018
9533,8211
9620,8361
9569,8472
9574,8689
9376,8765
9261,8794
9068,8900
8866,8899
8943,9055
8680,8980
8620,9075
8375,9152
8219,9092
8111,9029
7895,8967
7723,8854
7570,8738
7424,8648
7340,8544
7169,8475
7019,8372
6916,8198
6824,8044
6753,7898
6663,7789
6604,7615
6564,7487
6540,7378
6553,7229
6576,7096
6615,7006
6659,6918
6704,6823
6783,6718
6935,6621
7054,6564
7122,6498
7317,6470
7522,6454
7628,6431
7795,6464
7930,6463
8256,6505
8477,6563
8634,6652
8853,6733
8959,6817
9037,6901
9187,7039
9505,7146
9653,7273
9710,7465
9639,7574
9714,7666
9962,7796
10099,7896
10039,8007
10006,8103
9836,8214
9797,8318
9859,8457
9798,8451
9648,8559
9382,8607
9219,8603
9020,8617
8980,8621
8894,8849
8089,8376
8114,8540
8018,8507
7779,8457
7559,8336
7376,8256
7203,8233
7021,8093
6893,7981
6785,7807
6642,7666
6589,7508
6556,7425
6539,7328
6548,7190
6611,7071
6705,6981
6843,6831
6973,6725
7148,6658
7355,6600
7558,6534
7888,6480
8079,6437
8243,6402
8560,6397
8904,6393
9087,6414
9274,6500
9530,6581
9675,6686
9854,6791
9953,6917
10140,7055
10159,7231
10297,7438
10252,7630
10131,7754
10008,7897
9863,8120
9782,8320
9572,8525
9468,8590
9308,8868
9226,8997
9021,9114
8832,9230
8615,9442
8534,9690
8273,9553
8040,9524
8004,9538
7800,9643
7675,9686
7625,9617
7509,9533
7428,9461
7299,9257
7183,9105
7079,9008
6983,8847
6892,8573
6833,8396
6769,8147
6701,7988
6638,7783
6604,7607
6581,7369
6544,7222
6536,7061
6574,6921
6674,6782
6753,6689
6876,6587
6999,6524
7155,6470
7313,6440
7537,6459
7832,6484
8063,6496
8428,6562
8708,6633
8911,6684
9211,6777
9533,6842
9790,6941
10069,7032
10413,7118
10544,7194
10653,7273
10734,7354
10766,7437
10749,7504
10902,7619
10828,7679
10631,7795
10604,7861
10534,7941
10404,8090
10300,8156
10096,8273
9707,8446
9487,8520
9060,8580
8853,8578
8713,8658
8555,8713
8237,8811
8066,8900
7818,8905
7588,8974
7460,9049
7366,8969
7235,8881
7106,8852
6957,8631
6910,8540
6806,8344
6746,8119
6679,7952
6638,7730
6657,7607
6666,7407
6686,7263
6768,7077
6847,6901
6958,6780
7089,6711
7246,6583
7405,6520
7640,6476
7815,6457
8065,6477
8354,6492
8631,6562
8848,6672
9011,6747
9206,6856
9532,6988
9843,7090
10003,7232
10180,7350
10368,7510
10526,7675
10824,7812
11066,7933
11076,8130
11097,8297
11046,8348
11085,8401
11215,8610
11119,8536
11136,8581
11134,8933
10983,8997
10653,9135
10551,9192
10351,9294
10067,9252
9777,9410
9487,9277
9199,9295
8949,9234
8772,9154
8498,9052
8254,8999
7991,8875
7784,8842
7562,8665
7385,8490
7156,8347
7035,8274
6942,8185
6906,8018
6852,7852
6814,7731
6863,7505
6918,7355
7016,7240
7175,7126
7272,7025
7400,6912
7585,6763
7810,6685
8128,6660
8365,6597
8593,6607
8855,6602
9163,6639
9425,6703
9873,6775
10237,6875
10393,6998
10729,7146
11076,7304
11311,7467
11728,7633
12018,7857
12263,8170
12292,8470
12501,8655
12649,8827
12716,9047
12717,9211
12592,9410
12703,9581
12530,9730
12410,9862
12376,10009
12114,9963
11716,10239
11541,10345
11189,10291
10822,10336
10503,10157
10124,10141
9858,10025
9540,9960
9193,9827
8884,9719
8540,9575
8217,9441
7914,9384
7590,9255
7426,9062
7188,8893
6981,8643
6903,8448
6865,8303
6828,8182
6863,7989
6921,7757
7061,7492
7207,7371
7374,7219
7549,7044
7747,6941
7996,6814
8233,6768
8551,6700
8913,6681
9285,6688
9691,6725
10051,6863
10464,7015
10925,7168
11192,7326
11581,7450
11981,7774
12212,8064
12466,8395
12634,8612
12873,8909
12881,9123
12952,9311
12894,9609
12710,9881
12654,10234
12748,10296
12453,10518
12213,10720
11938,10836
11796,11167
11448,11344
10991,11406
10475,11350
10161,11400
9751,11495
9406,11560
9111,11522
8726,11356
8327,11220
7952,11048
7777,10923
7555,10694
7389,10511
7190,10246
7137,10050
7031,9973
6882,9697
6663,9424
6435,9021
6337,8802
6250,8515
6204,8250
6176,7946
6167,7727
6162,7490
6161,7287
6143,7094
6153,6909
6145,6796
6149,6714
6150,6689
6146,6678
6159,6714
6144,6745
6134,6824
6132,6962
6125,7082
6128,7274
6130,7459
6124,7665
6124,7887
6135,8062
6128,8339
6132,8607
6122,8872
6123,9100
6130,9328
6123,9515
6123,9613
6118,9825
6125,9898
6124,9924
6119,9982
6130,10106
6113,10295
6124,10330
6118,10170
6120,10168
6117,10022
6128,9837
6119,9895
6116,9928
6125,9737
6125,9642
6115,9578
6104,9460
6118,9062
6117,9220
6116,8827
6112,8479
6113,8475
6113,8291
6115,7785
6105,7143
6114,6672
6110,6418
6108,6262
6114,6204
6106,6165
6103,6140
6109,6133
6117,6142
6106,6124
6106,6120
6109,6132
6107,6124
6105,6112
6104,6120
6103,6098
6108,6107
6116,6089
6104,6106
6108,6093
6113,6087
6111,6078
6105,6077
6113,6068
6102,6067
6100,6071
6101,6076
6107,6079
6108,6076
6100,6073
6108,6073
6104,6064
6107,6073
6112,6069
6106,6075
6106,6068
6116,6064
6103,6074
6107,6067
6105,6060
6105,6061
6107,6057
6108,6065
6111,6058
6117,6058
6098,6073
6102,6056
6108,6058
6106,6062
6117,6056
6111,6057
6112,6055
6107,6058
6113,6057
6119,6061
6115,6061
6115,6052
6112,6055
6117,6060
6116,6055
6114,6058
6114,6064
6114,6051
6107,6052
6117,6052
6100,6049
6096,6069
6107,6046
6106,6026
6107,6053
6096,6057
6108,6054
6113,6047
6114,6050
6111,6062
6105,6055
6111,6056
6117,6059
6119,6048
6111,6058
6113,6046
6112,6049
6108,6055
6104,6047
6113,6060
6117,6056
6111,6050
6112,6041
6112,6052
6111,6055
6103,6049
6103,6040
6101,6048
6108,6032
6115,6050
6108,6049
6114,6043
6108,6054
6109,6048
6112,6042
6116,6051
6105,6050
6104,6059
6113,6054
6110,6048
6095,6057
6105,6050
6104,6040
6111,6049
6105,6052
6110,6049
6113,6048
6116,6042
6101,6065
6116,6055
6106,6061
6102,6043
6100,6056
6098,6064
6117,6053
6114,6050
6104,6060
6104,6058
6099,6050
6115,6054
6106,6059
6104,6065
6105,6052
6104,6055
6106,6052
6123,6054
6120,6059
6106,6042
6102,6049
6114,6063
6105,6052
6105,6051
6110,6066
6107,6046
6111,6042
6106,6044
6105,6056
6098,6059
6107,6042
6109,6042
6111,6050
6110,6040
6107,6044
6105,6045
6105,6047
6109,6023
6103,6053
6111,6057
6101,6048
6098,6057
6105,6053
6113,6064
6102,6061
6110,6045
6104,6051
6106,6053
6102,6053
6111,6040
6108,6048
6113,6058
6107,6050
6103,6041
6099,6053
6110,6055
6099,6041
6114,6048
6120,6054
6118,6053
6108,6054
6095,6045
6103,6048
6105,6053
6097,6060
6111,6047
6107,6035
6105,6059
6101,6048
6103,6049
6102,6070
6101,6055
6100,6047
6099,6042
6100,6041
6099,6050
6102,6034
6109,6051
6114,6047
6115,6049
6104,6042
6115,6047
6105,6044
6105,6047
6113,6038
5975,5830
6093,6075
6174,6135
6118,6053
6032,5992
6108,6061
6114,6057
6093,6066
6100,6053
6111,6052
6108,6050
6095,6039
6107,6049
6106,6046
6107,6048
6096,6038
6107,6046
6108,6050
6105,6046
6109,6056
6096,6059
6094,6048
6099,6055
6110,6052
6096,6042
6095,6039
6108,6057
6097,6051
6095,6055
6107,6057
6102,6053
6093,6051
6099,6058
6088,6063
6107,6046
6099,6039
6098,6041
6114,6035
6105,6052
6113,6048
6101,6049
6092,6053
6101,6058
6098,6056
6101,6045
6104,6050
6106,6038
6105,6052
6108,6060
6102,6048
6107,6045
6108,6049
6103,6045
6097,6050
6096,6058
6103,6062
6105,6053
6106,6059
6106,6062
6097,6037
6110,6056
6109,6054
6109,6039
6104,6042
6103,6048
6100,6052
6122,6053
6103,6062
6105,6062
6100,6055
6103,6053
6108,6053
6104,6050
6106,6041
6112,6052
6102,6055
6106,6064
6104,6059
6108,6063
6113,6055
6124,6056
6109,6048
6107,6050
6118,6067
6115,6054
6104,6060
6109,6057
6113,6063
6107,6045
6106,6064
6110,6066
6118,6042
6110,6056
6101,6054
6106,6054
6100,6060
6109,6050
6105,6053
6096,6062
6098,6041
6112,6056
6111,6050
6118,6057
6106,6049
6115,6051
6106,6063
6112,6036
6095,6051
6110,6047
6108,6046
6108,6045
6096,6046
6109,6051
6104,6065
6107,6062
6098,6049
6106,6042
6105,6052
6108,6043
6101,6051
6099,6038
6111,6046
6099,6055
6108,6051
6097,6062
6108,6055
6099,6049
6099,6050
6099,6041
6098,6051
6100,6048
6107,6052
6098,6049
6103,6048
6107,6053
6094,6046
6096,6045
6098,6049
6112,6044
6109,6049
6106,6047
6106,6037
6113,6042
6100,6050
6107,6051
6110,6069
6099,6054
6103,6044
6108,6044
6101,6059
6100,6048
6110,6047
6117,6048
6107,6054
6107,6050
6097,6047
6105,6048
6107,6060
6108,6046
6113,6069
6117,6040
6111,6050
6111,6041
6107,6047
6109,6065
6112,6053
6102,6058
6109,6051
6116,6045
6106,6052
6117,6063
6118,6046
6117,6048
6117,6053
6126,6048
6114,6052
6102,6044
6113,6046
6124,6057
6115,6056
6111,6049
6106,6039
6109,6048
6111,6046
6116,6057
6115,6052
6124,6055
6103,6059
6113,6057
6111,6053
6122,6047
6113,6055
6122,6053
6109,6050
6104,6033
6106,6044
6111,6050
6110,6033
6107,6053
6103,6041
6103,6056
6106,6043
6113,6026
6118,6048
6112,6058
6104,6054
6116,6044
6108,6041
6114,6046
6117,6070
6116,6049
6114,6052
6114,6053
6112,6045
6122,6054
6107,6042
6111,6032
6120,6076
6117,6054
6116,6070
6101,6057
6107,6034
6108,6054
6102,6029
6123,6044
6111,6024
6118,6048
6110,6061
6114,6038
6111,6048
6118,6047
6119,6060
6113,6057
6109,6039
6112,6050
6119,6058
6112,6045
6117,6050
6132,6060
6104,6063
6117,6056
6110,6053
6107,6055
6113,6055
6104,6060
6107,6053
6109,6065
6118,6061
6115,6048
6107,6053
6104,6050
6111,6046
6116,6055
6109,6033
6117,6055
6115,6064
6117,6046
6108,6055
6120,6052
6113,6040
6114,6050
6112,6032
6115,6054
6115,6063
6112,6062
6116,6054
6117,6046
6055,5994
5993,6049
6090,5981
6120,6072
6119,6062
6101,6058
6104,6061
6118,6052
6122,6057
6130,6061
6117,6066
6120,6065
6112,6052
6123,6049
6114,6062
6127,6043
6120,6054
6109,6053
6121,6069
6126,6059
6120,6047
6123,6050
6116,6057
6118,6063
6115,6063
6117,6042
6112,6060
6113,6064
6116,6044
6121,6049
6118,6059
6114,6060
6114,6067
6115,6055
6111,6060
6118,6053
6123,6057
6117,6056
6116,6058
6114,6056
6117,6061
6117,6061
6115,6048
6113,6062
6123,6039
6116,6054
6119,6051
6108,6064
6114,6057
6131,6052
6111,6064
6116,6056
6114,6061
6122,6053
6110,6061
6115,6056
6113,6059
6114,6057
6119,6052
6120,6051
6119,6058
6113,6039
6125,6055
6125,6055
6115,6064
6114,6057
6117,6036
6117,6051
6116,6063
6118,6043
6123,6057
6115,6057
6113,6052
6118,6055
6111,6065
6112,6055
6117,6059
6122,6047
6113,6054
6114,6057
6125,6047
6115,6057
6112,6066
6112,6058
6115,6058
6115,6058
6115,6054
6110,6063
6113,6063
6121,6050
6114,6050
6131,6058
6117,6052
6111,6044
6119,6046
6117,6053
6109,6049
6110,6057
6119,6053
6113,6065
6112,6052
6113,6054
6115,6063
6112,6063
6107,6053
6121,6056
6122,6065
6122,6065
0,29
0,61680
0,0
6113,6047
5591,5592
5598,5583
5603,5583
5595,5577
5604,5595
5600,5571
5597,5575
5597,5580
5815,5748
6346,6322
6302,6305
6301,6280
6297,6301
6289,6299
6296,6305
6309,6301
6295,6305
6307,6294
6301,6317
6300,6324
6300,6327
6287,6339
6296,6336
6309,6343
6311,6334
6303,6352
6301,6332
6321,6332
6303,6340
6305,6317
6294,6325
6288,6319
6308,6318
6298,6321
6319,6321
6310,6314
6309,6320
6296,6330
6292,6364
6292,6343
6302,6345
6341,6470
6255,6283
6326,6359
6293,6343
6280,6361
6250,6306
6309,6335
6291,6344
6275,6348
6296,6325
6310,6326
6300,6324
6311,6352
6297,6344
6305,6331
6306,6336
6315,6317
6319,6311
6322,6330
6301,6345
6289,6330
6317,6320
6294,6331
6300,6342
6289,6341
6304,6351
6313,6350
6313,6340
6308,6356
6305,6334
6303,6350
6286,6343
6297,6321
6299,6323
6297,6316
6297,6307
6300,6331
6292,6323
6299,6337
6306,6293
6305,6334
6305,6296
6300,6315
6297,6354
6294,6320
6289,6335
6287,6350
6270,6322
6289,6334
6291,6328
6296,6336
6296,6332
6299,6349
6289,6354
6299,6349
6288,6342
6283,6334
6285,6311
6286,6325
6292,6321
6319,6321
6293,6329
6280,6347
6286,6316
6269,6339
6301,6339
6304,6349
6294,6337
6273,6313
6285,6359
6296,6346
6293,6327
6293,6346
6285,6341
6302,6335
6296,6345
6276,6338
6290,6321
6303,6326
6321,6354
6306,6346
6285,6351
6306,6342
6291,6346
6306,6343
6293,6320
6298,6319
6297,6333
6293,6328
6291,6348
6285,6343
6305,6325
6291,6323
6288,6336
6286,6342
6286,6344
6298,6315
6281,6323
6294,6335
6300,6313
6293,6341
6283,6331
6277,6350
6291,6348
6299,6339
6291,6349
6287,6335
6287,6338
6285,6334
6300,6333
6290,6332
6287,6365
6293,6348
6302,6359
6305,6360
6307,6346
6302,6359
6275,6345
6285,6340
6305,6355
6286,6348
6305,6342
6314,6344
6287,6345
6287,6360
6294,6351
6286,6347
6296,6351
6274,6351
6294,6331
6283,6358
6284,6348
6269,6354
6274,6350
6276,6359
6277,6343
6299,6360
6294,6359
6291,6346
6295,6341
6296,6340
6273,6336
6305,6322
6289,6346
6296,6366
6289,6344
6304,6348
6284,6340
6292,6380
6292,6362
6290,6346
6294,6371
6308,6358
6284,6357
6299,6369
6290,6352
6291,6365
6282,6350
6289,6358
6289,6368
6292,6378
6285,6362
6280,6370
6280,6370
6274,6366
6286,6355
6289,6384
6271,6344
6276,6378
6278,6361
6272,6354
6294,6359
6286,6358
6266,6375
6271,6366
6284,6367
6296,6362
6267,6376
6264,6392
6276,6367
6272,6365
6271,6344
6263,6356
6253,6375
6253,6374
6266,6354
6275,6367
6268,6381
6273,6356
6251,6368
6255,6371
6242,6385
6265,6373
6247,6362
6245,6373
6275,6369
6255,6359
6259,6379
6255,6368
6266,6379
6275,6375
6254,6398
6243,6375
6262,6386
6274,6383
6267,6406
6258,6387
6262,6390
6263,6377
6270,6362
6256,6358
6269,6374
6260,6348
6281,6386
6283,6351
6283,6385
6258,6372
6263,6376
6273,6378
6263,6361
6266,6362
6276,6379
6262,6372
6255,6371
6251,6326
6256,6355
6251,6339
6241,6356
6252,6335
6252,6364
6252,6383
6256,6379
6243,6369
6257,6375
6261,6396
6279,6368
6267,6391
6245,6381
6236,6386
6252,6383
6270,6394
6241,6405
6247,6366
6244,6400
6247,6391
6242,6386
6243,6392
6241,6392
6239,6397
6238,6384
6239,6379
6231,6375
6243,6356
6248,6381
6246,6402
6261,6385
6256,6403
6243,6394
6248,6367
6230,6372
6248,6402
6259,6398
6261,6373
6256,6375
6254,6397
6252,6372
6239,6361
6156,6250
6541,6678
6259,6331
6177,6273
6280,6382
6284,6405
6244,6405
6240,6412
6249,6408
6218,6393
6242,6395
6236,6394
6247,6418
6234,6394
6239,6397
6247,6426
6229,6401
6231,6417
6228,6413
6246,6409
6237,6393
6227,6381
6239,6395
6229,6390
6223,6398
6235,6376
6237,6379
6243,6382
6241,6374
6245,6390
6236,6376
6243,6385
6238,6384
6247,6387
6239,6400
6227,6407
6227,6391
6245,6392
6242,6368
6245,6386
6233,6387
6236,6378
6229,6394
6235,6368
6244,6373
6237,6379
6239,6386
6234,6378
6240,6390
6239,6398
6243,6401
6235,6396
6236,6386
6233,6382
6230,6426
6228,6389
6233,6409
6235,6358
6235,6388
6229,6381
6230,6369
6229,6392
6234,6394
6235,6386
6234,6399
6229,6411
6234,6379
6218,6404
6226,6385
6237,6418
6236,6416
6237,6410
6227,6410
6227,6397
6230,6383
6228,6422
6229,6417
6232,6407
6239,6416
6210,6392
6219,6393
6226,6398
6227,6396
6226,6390
6232,6400
6235,6402
6224,6401
6220,6396
6237,6382
6239,6403
6235,6416
6235,6412
6228,6402
6220,6413
6223,6420
6237,6396
6223,6418
6223,6394
6214,6405
6219,6387
6230,6393
6230,6400
6235,6411
6223,6393
6232,6404
6236,6400
6235,6387
6234,6394
6225,6379
6226,6358
6231,6383
6233,6394
6215,6371
6217,6379
6231,6392
6231,6390
6226,6380
6237,6430
6233,6407
6231,6409
6231,6394
6229,6419
6221,6398
6236,6427
6226,6417
6232,6424
6216,6401
6224,6424
6218,6442
6216,6433
6222,6418
6229,6422
6230,6420
6218,6442
6212,6403
6220,6427
6241,6441
6232,6428
6227,6443
6215,6407
6228,6439
6228,6409
6228,6389
6226,6414
6225,6428
6226,6427
6233,6406
6227,6425
6222,6423
6224,6419
6222,6403
6217,6412
6221,6403
6220,6395
6227,6401
6215,6425
6228,6358
6226,6398
6227,6405
6216,6414
6232,6425
6231,6402
6229,6389
6219,6401
6224,6407
6232,6396
6228,6407
6236,6388
6230,6400
6220,6405
6229,6404
6201,6394
6216,6388
6225,6405
6209,6413
6223,6388
6237,6376
6228,6379
6225,6392
6224,6390
6227,6374
6224,6395
6239,6390
6238,6419
6234,6430
6234,6415
6228,6398
6216,6401
6232,6395
6226,6391
6225,6409
6223,6386
6228,6399
6244,6395
6236,6390
6233,6397
6240,6395
6236,6379
6228,6385
6221,6407
6234,6410
6239,6395
6231,6414
6228,6416
6227,6394
6222,6392
6238,6400
6240,6391
6223,6433
6232,6396
6223,6390
6229,6402
6237,6371
6225,6386
6235,6390
6249,6399
6228,6409
6224,6413
6243,6425
6250,6395
6247,6398
6233,6408
6219,6393
6235,6388
6236,6381
6224,6380
6237,6380
6233,6395
6237,6385
6241,6392
6239,6396
6236,6366
6240,6367
6240,6366
6235,6397
6236,6380
6239,6386
6246,6384
6237,6385
6237,6381
6228,6381
6243,6397
6245,6408
6232,6398
6247,6385
6249,6387
6255,6372
6245,6378
6246,6385
6235,6361
6236,6375
6238,6382
6239,6398
6249,6388
6253,6362
6258,6375
6250,6363
6263,6392
6275,6387
6274,6387
6296,6365
6300,6368
6328,6369
6337,6388
6353,6348
6381,6380
6404,6379
6431,6385
6548,6383
6484,6294
6674,6398
6701,6358
6816,6382
6882,6369
7016,6417
7103,6380
7258,6353
7348,6367
7398,6377
7550,6385
7681,6352
7727,6330
7873,6345
8007,6345
8151,6372
8325,6359
8416,6400
8544,6390
8658,6378
8710,6394
8721,6387
8677,6380
8446,6394
8315,6380
8154,6377
8009,6373
7844,6395
7707,6403
7567,6385
7393,6395
7265,6391
7068,6421
6939,6420
6876,6410
6829,6407
6803,6428
6787,6435
6758,6433
6820,6472
6847,6485
6918,6512
7026,6530
7158,6565
7295,6579
7466,6599
7565,6641
7771,6681
8025,6696
8256,6716
8360,6733
8546,6713
8732,6722
9080,6738
9365,6759
9675,6782
9905,6806
10047,6878
10106,6951
10330,6999
10499,7023
10598,7099
10652,7249
10615,7402
10544,7537
10588,7803
10568,7979
10604,8088
10491,8235
10279,8334
10106,8469
9884,8485
9681,8446
9479,8695
9203,8777
8845,8794
8708,8832
8466,8771
8157,8836
7923,8767
7754,8563
7571,8365
7353,8299
7160,8187
6975,8159
6821,8040
6737,7919
6678,7790
6584,7733
6576,7646
6599,7527
6668,7429
6772,7282
6898,7168
7073,7130
7292,6990
7468,6831
7660,6807
7850,6723
8049,6677
8217,6647
8493,6638
8627,6716
8755,6741
8936,6797
9067,6909
9212,7006
9399,7139
9615,7299
9695,7528
9656,7722
9589,7968
9550,8209
9523,8411
9516,8585
9420,8871
9421,9081
9368,9298
9287,9458
9227,9636
9162,9912
8990,9944
8840,10028
8717,10012
8681,10057
8528,10089
8369,10183
8258,10176
8073,10107
7967,9882
7821,9929
7710,9836
7589,9640
7438,9487
7243,9254
7150,9053
7050,8813
6968,8475
6860,8300
6847,8102
6743,7944
6685,7674
6650,7553
6638,7410
6666,7219
6728,7110
6843,6979
6914,6910
7048,6801
7242,6747
7457,6690
7664,6631
8009,6604
8153,6596
8492,6626
8867,6658
9173,6678
9541,6733
10050,6809
10244,6844
10543,6891
10941,6982
11154,7098
11332,7197
11591,7334
11824,7442
11960,7508
12092,7671
12176,7848
12236,7987
12054,8093
11780,8206
11591,8307
11347,8492
11072,8640
10801,8831
10612,8966
10404,9099
10132,9208
9712,9281
9461,9328
9056,9343
8693,9392
8496,9379
8360,9468
8084,9463
7781,9428
7628,9391
7391,9293
7253,9174
7070,9105
6985,8954
6881,8622
6758,8537
6671,8390
6652,8207
6647,7996
6662,7859
6718,7625
6822,7434
6927,7165
7069,7018
7234,6894
7385,6773
7543,6675
7764,6630
7952,6576
8138,6610
8416,6665
8602,6730
8831,6821
9031,6918
9233,7089
9337,7297
9416,7434
9564,7612
9620,7817
9694,8003
9674,8246
9545,8449
9637,8609
9564,8803
9516,8923
9589,9060
9535,9228
9520,9278
9462,9385
9419,9475
9385,9650
9249,9746
9115,9879
9012,9866
8881,9877
8847,9930
8680,9852
8540,9877
8332,9859
8141,9734
7972,9548
7711,9447
7539,9256
7329,9034
7145,8976
6989,8882
6863,8670
6754,8472
6649,8304
6588,8105
6571,7836
6567,7654
6603,7535
6647,7333
6715,7146
6815,7014
6909,6884
7021,6815
7124,6765
7295,6716
7451,6671
7620,6642
7796,6629
7993,6574
8248,6602
8427,6615
8571,6662
8782,6718
8968,6761
9045,6786
9198,6809
9361,6938
9715,7198
9812,7242
9877,7395
9896,7401
9949,7658
9872,7868
9946,8055
9898,8195
9998,8378
9879,8523
9885,8718
9945,8811
9771,8975
9674,9044
9404,9099
9304,9080
9162,9081
8975,9177
8734,9177
8606,9164
8429,9106
8272,9022
8221,8960
7969,8917
7714,8800
7582,8651
7401,8517
7305,8462
7081,8348
6949,8221
6833,8034
6758,7958
6695,7859
6640,7726
6630,7515
6595,7313
6657,7210
6686,7048
6767,6911
6904,6797
6996,6709
7215,6641
7379,6552
7594,6503
7855,6479
8069,6472
8331,6483
8596,6503
8867,6530
9061,6587
9248,6662
9511,6772
9830,6857
10057,7005
10379,7091
10521,7233
10430,7361
10515,7529
10527,7618
10600,7767
10603,7889
10758,7993
10773,8199
10603,8323
10503,8477
10353,8539
10180,8650
10045,8807
9848,8997
9579,9003
9364,9013
9163,9147
8902,9121
8707,9251
8460,9331
8243,9301
7966,9173
7792,9041
7536,8933
7363,8791
7198,8692
7024,8640
6864,8501
6758,8368
6659,8104
6606,7969
6527,7831
6496,7672
6476,7511
6509,7302
6566,7170
6615,7038
6700,6868
6833,6784
6953,6661
7056,6596
7182,6537
7358,6473
7508,6457
7743,6491
7842,6491
7993,6538
8155,6583
8317,6671
8389,6756
8472,6883
8584,7010
8719,7113
8863,7238
8912,7370
9040,7553
9118,7676
9239,7826
9196,7988
9291,8229
9378,8381
9223,8493
9265,8561
9328,8637
9280,8756
9186,8863
9084,8890
8930,8896
8893,8877
8741,8953
8636,9015
8502,9007
8367,9034
8168,8950
8016,8859
7855,8718
7702,8622
7467,8470
7373,8366
7167,8274
7065,8045
6934,7943
6829,7753
6759,7681
6686,7511
6640,7402
6620,7256
6607,7121
6609,6970
6657,6876
6698,6808
6735,6714
6835,6656
6920,6575
7052,6520
7145,6513
7234,6494
7375,6467
7543,6478
7667,6502
7813,6529
7935,6585
8009,6643
8168,6683
8335,6774
8531,6880
8719,7005
8810,7135
8986,7247
9173,7330
9307,7485
9431,7646
9619,7847
9735,7999
9720,8165
9950,8254
10061,8374
10010,8512
10016,8577
9993,8739
9877,8777
9891,8855
9805,8924
9561,8913
9415,8840
9202,8864
8971,8911
8777,8898
8507,8898
8271,8813
8066,8760
7870,8671
7637,8529
7438,8344
7271,8226
7069,8121
6927,7933
6824,7847
6753,7716
6706,7640
6641,7498
6631,7367
6665,7232
6693,7183
6727,7119
6779,6990
6873,6882
6976,6800
7058,6705
7185,6653
7335,6594
7468,6513
7714,6463
7855,6455
8022,6478
8211,6499
8330,6530
8508,6557
8648,6646
8844,6735
8938,6850
9052,6996
9164,7161
9248,7319
9397,7508
9442,7712
9474,7856
9536,8039
9562,8194
9587,8372
9593,8480
9517,8630
9354,8779
9282,8848
9141,8927
8995,9082
8982,9091
8852,9097
8759,9110
8512,9157
8297,9110
8051,9005
7905,9012
7745,8899
7565,8714
7431,8626
7251,8523
7147,8445
7035,8374
6908,8136
6806,8050
6727,7902
6664,7772
6612,7642
6579,7478
6544,7364
6558,7228
6584,7121
6596,7006
6646,6900
6724,6825
6789,6727
6942,6650
7029,6574
7160,6514
7301,6452
7491,6440
7584,6426
7703,6430
7964,6463
8173,6369
8455,6592
8612,6596
8810,6716
8980,6786
9057,6942
9179,7031
9541,7186
9702,7247
9644,7432
9646,7551
9770,7655
9977,7802
10077,7950
9966,8020
9964,8067
9895,8164
9864,8322
9932,8426
9907,8432
9725,8537
9472,8574
9200,8625
9051,8656
8818,8612
8607,8618
8398,8579
8075,8529
7983,8445
7726,8442
7578,8339
7381,8246
7188,8209
7015,8106
6893,7986
6763,7778
6678,7671
6593,7469
6572,7414
6546,7310
6561,7182
6601,7015
6693,6959
6853,6833
6963,6751
7137,6685
7337,6601
7570,6528
7902,6473
8044,6428
8290,6404
8565,6378
8894,6391
9089,6450
9291,6504
9535,6573
9694,6686
9836,6815
9927,6957
10099,7071
10114,7213
10277,7436
10301,7636
10037,7739
9942,7903
9837,8070
9769,8266
9497,8506
9537,8612
9330,8842
9195,9007
9049,9080
8805,9189
8629,9411
8529,9583
8285,9529
8080,9452
7949,9584
7785,9675
7705,9662
7569,9620
7505,9539
7396,9441
7355,9214
7192,9127
7064,8999
6956,8874
6903,8605
6870,8349
6774,8171
6704,7968
6657,7770
6622,7569
6587,7419
6554,7194
6553,7006
6584,6903
6681,6773
6777,6640
6858,6575
6980,6536
7186,6489
7371,6452
7504,6470
7842,6463
8056,6510
8453,6544
8725,6612
8911,6686
9186,6754
9502,6866
9760,6962
10032,7006
10378,7088
10588,7193
10648,7285
10720,7339
10775,7453
10724,7533
10920,7605
10659,7708
10439,7766
10431,7848
10445,7938
10397,8049
10263,8214
10091,8185
9732,8421
9487,8544
9173,8559
8888,8583
8747,8724
8577,8748
8289,8817
8132,8897
7891,8940
7597,9037
7442,9024
7361,8992
7229,8821
7079,8827
6934,8565
6890,8456
6801,8296
6740,8084
6683,7903
6650,7774
6660,7608
6676,7404
6683,7269
6769,7080
6867,6923
6989,6737
7087,6687
7267,6599
7432,6527
7648,6461
7857,6478
8107,6483
8398,6502
8573,6555
8751,6645
8851,6693
9143,6839
9402,6971
9642,7067
9926,7205
10183,7381
10368,7506
10575,7663
10811,7852
11086,7931
11028,8136
11104,8345
11040,8393
11115,8501
11238,8654
11129,8680
11087,8698
11057,8974
10932,9028
10707,8986
10604,8941
10486,9075
10076,9089
9796,9313
9477,9359
9154,9339
8949,9298
8749,9207
8441,9119
8201,9077
7922,8985
7682,9003
7511,8784
7349,8600
7113,8388
6982,8376
6925,8236
6892,8037
6830,7866
6870,7702
6895,7503
6962,7356
7077,7227
7161,7156
7280,7048
7420,6878
7612,6771
7779,6717
8134,6656
8364,6605
8597,6598
8844,6593
9158,6657
9404,6688
9864,6771
10136,6875
10406,6981
10774,7153
11010,7265
11386,7457
11954,7690
12167,7881
12273,8165
12393,8440
12364,8637
12618,8823
12660,9078
12638,9144
12655,9396
12623,9589
12533,9736
12378,9864
12340,9964
12013,10039
11688,10204
11381,10295
11171,10283
10748,10244
10518,10163
10217,10230
9921,10116
9602,10050
9228,9866
8889,9676
8615,9605
8230,9418
7921,9363
7597,9263
7384,9069
7170,8861
6993,8651
6882,8414
6875,8262
6836,8130
6878,7918
6913,7710
7023,7485
7166,7346
7326,7212
7548,7121
7758,6975
7970,6858
8225,6759
8607,6716
8935,6646
9319,6690
9847,6870
10096,6865
10530,7033
10814,7124
11225,7359
11562,7499
11894,7757
12209,8096
12464,8345
12683,8607
12913,8861
12820,9070
13072,9398
13049,9808
12889,10100
12892,10301
12852,10432
12470,10557
12124,10668
11981,10827
11782,11106
11474,11370
10974,11421
10455,11350
10119,11341
9705,11485
9306,11490
8979,11352
8661,11180
8239,11146
7947,11021
7777,10861
7533,10669
7383,10492
7171,10289
7087,10035
7037,9886
6881,9639
6652,9426
6437,9014
6336,8786
6246,8518
6196,8203
6178,7925
6173,7712
6160,7484
6154,7244
6148,7116
6145,6984
6153,6781
6145,6729
6144,6691
6152,6664
6148,6703
6143,6740
6133,6844
6126,6961
6128,7074
6138,7267
6133,7479
6130,7679
6126,7856
6132,8072
6128,8342
6134,8575
6123,8839
6131,9068
6133,9251
6123,9467
6125,9583
6119,9792
6109,9885
6115,9937
6110,9993
6127,10072
6120,10201
6131,10264
6122,10238
6102,10150
6123,9998
6129,9990
6117,9979
6116,9928
6126,9871
6116,9778
6119,9611
6108,9578
6114,9337
6112,9334
6108,8974
6115,8535
6111,8561
6111,8340
6104,7724
6103,7083
6109,6668
6110,6403
6106,6267
6106,6214
6108,6175
6107,6158
6114,6143
6109,6132
6108,6128
6111,6125
6087,6109
6132,6105
6103,6114
6109,6109
6105,6103
6115,6086
6117,6089
6100,6077
6109,6095
6113,6074
6106,6081
6112,6082
6107,6063
6104,6074
6106,6049
6104,6074
6111,6080
6104,6066
6094,6079
6102,6083
6107,6072
6114,6063
6107,6066
6113,6077
6111,6066
6116,6068
6106,6060
6110,6061
6103,6065
6098,6071
6104,6064
6099,6055
6117,6065
6115,6055
6109,6066
6109,6070
6112,6059
6108,6061
6118,6049
6112,6065
6105,6054
6110,6047
6111,6055
6117,6057
6112,6063
6118,6061
6108,6053
6120,6064
6110,6058
6106,6056
6113,6055
6111,6049
6111,6053
6107,6065
6098,6056
6109,6061
6102,6059
6112,6061
6104,6055
6105,6049
6102,6048
6112,6052
6111,6060
6117,6061
6111,6042
6111,6042
6115,6050
6112,6052
6109,6044
6121,6049
6111,6052
6112,6057
6109,6053
6106,6058
6108,6064
6111,6033
6109,6056
6105,6056
6100,6054
6117,6070
6111,6041
6104,6047
6111,6051
6108,6064
6111,6051
6110,6041
6117,6055
6107,6049
6111,6046
6114,6037
6101,6034
6103,6042
6119,6062
6119,6050
6108,6053
6102,6057
6097,6055
6106,6066
6108,6054
6108,6040
6117,6048
6104,6054
6116,6059
6110,6053
6106,6055
6102,6058
6101,6064
6100,6053
6112,6061
6111,6049
6096,6052
6103,6060
6099,6037
6102,6044
6111,6059
6107,6061
6104,6054
6098,6047
6115,6052
6106,6052
6102,6054
6112,6049
6107,6052
6114,6049
6113,6040
6098,6054
6108,6056
6103,6048
6106,6057
6108,6049
6104,6066
6102,6061
6106,6041
6110,6049
6116,6058
6109,6056
6104,6046
6098,6056
6109,6054
6103,6064
6099,6060
6107,6063
6100,6054
6098,6047
6096,6052
6106,6055
6107,6047
6105,6036
6106,6053
6099,6053
6099,6053
6095,6053
6102,6046
6097,6058
6109,6067
6102,6056
6092,6054
6111,6044
6097,6034
6106,6047
6119,6053
6110,6049
6116,6045
6046,6021
6142,6080
6107,6060
6095,6048
6118,6064
6101,6047
6108,6049
6089,6036
6103,6053
6111,6051
6104,6048
6100,6046
6099,6040
6097,6052
6104,6050
6096,6043
6110,6046
6113,6042
6105,6032
6096,6046
6101,6053
6098,6055
6106,6049
6113,6058
6102,6053
6101,6053
6100,6050
6100,6038
6095,6053
6100,6037
6103,6051
6101,6057
6095,6046
6106,6041
6097,6056
6090,6047
6100,6059
6094,6056
6100,6055
6096,6048
6104,6046
6102,6052
6095,6049
6103,6055
6098,6044
6098,6043
6101,6066
6107,6053
6103,6049
6099,6053
6103,6057
6095,6048
6096,6045
6111,6059
6102,6051
6094,6049
6107,6061
6095,6050
6107,6052
6099,6045
6107,6046
6101,6056
6100,6046
6111,6041
6099,6044
6100,6048
6107,6065
6097,6049
6105,6050
6102,6060
6112,6043
6097,6045
6108,6056
6102,6045
6103,6048
6109,6048
6109,6043
6096,6055
6099,6049
6106,6058
6105,6048
6104,6058
6106,6055
6101,6049
6102,6051
6107,6049
6107,6032
6104,6058
6105,6041
6105,6052
6106,6057
6105,6053
6109,6051
6108,6056
6101,6049
6118,6051
6103,6044
6097,6040
6112,6050
6100,6050
6107,6056
6101,6055
6107,6063
6106,6042
6099,6051
6114,6061
6107,6041
6108,6063
6119,6064
6110,6049
6116,6048
6111,6064
6106,6056
6102,6059
6112,6064
6107,6058
6103,6048
6108,6058
6110,6050
6103,6050
6100,6052
6112,6055
6105,6065
6102,6043
6111,6049
6106,6052
6107,6049
6105,6050
6105,6056
6106,6054
6109,6040
6102,6049
6103,6055
6107,6050
6101,6056
6093,6050
6104,6048
6107,6060
6098,6039
6105,6045
6102,6052
6107,6048
6110,6049
6096,6049
6105,6034
6110,6037
6098,6059
6105,6046
6096,6061
6102,6059
6102,6047
6099,6052
6105,6045
6110,6045
6106,6046
6106,6046
6097,6059
6104,6056
6099,6048
6112,6039
6110,6045
6103,6047
6108,6062
6098,6064
6106,6052
6112,6046
6107,6037
6104,6045
6102,6052
6109,6050
6104,6029
6102,6055
6107,6057
6107,6058
6104,6052
6111,6063
6113,6060
6107,6061
6108,6065
6106,6038
6102,6049
6097,6057
6108,6053
6118,6057
6118,6066
6100,6050
6105,6064
6112,6050
6114,6048
6110,6048
6110,6049
6106,6057
6118,6050
6113,6049
6113,6062
6103,6053
6110,6045
6112,6062
6113,6050
6112,6042
6117,6038
6123,6061
6127,6059
6114,6056
6118,6047
6117,6048
6109,6056
6120,6052
6114,6055
6114,6051
6110,6042
6108,6049
6127,6048
6098,6055
6111,6055
6109,6049
6114,6058
6115,6054
6099,6053
6116,6051
6108,6054
6106,6054
6108,6055
6112,6052
6105,6054
6106,6040
6108,6036
6113,6047
6112,6039
6105,6058
6115,6053
6105,6044
6117,6042
6118,6054
6115,6049
6106,6056
6106,6058
6101,6056
6112,6060
6104,6060
6111,6039
6116,6054
6105,6054
6121,6048
6108,6064
6108,6049
6108,6050
6107,6045
6115,6049
6108,6056
6108,6049
6111,6044
6115,6035
6112,6036
6115,6045
6101,6049
6111,6055
6103,6050
6110,6041
6117,6061
6104,6057
6128,6040
6113,6053
6104,6041
6113,6052
6106,6063
6116,6059
6104,6047
5872,5834
6043,5976
6184,6135
6121,6025
6096,6031
6102,6042
6115,6076
6103,6050
6103,6036
6098,6058
6117,6055
6113,6049
6105,6059
6106,6048
6112,6056
6119,6051
6113,6060
6115,6057
6108,6055
6123,6054
6117,6061
6126,6048
6126,6056
6101,6047
6114,6058
6128,6057
6111,6048
6112,6058
6112,6059
6116,6056
6119,6058
6110,6065
6121,6038
6109,6046
6122,6055
6091,6046
6124,6053
6115,6061
6122,6063
6114,6050
6105,6058
6123,6060
6124,6067
6120,6061
6110,6058
6110,6058
6115,6062
6110,6057
6120,6050
6110,6063
6114,6059
6114,6054
6106,6057
6122,6046
6117,6066
6119,6055
6111,6063
6118,6062
6115,6049
6111,6065
6111,6060
6115,6056
6115,6052
6097,6042
6113,6061
6111,6056
6115,6058
6115,6058
6115,6053
6114,6072
6112,6058
6116,6055
6110,6067
6113,6060
6107,6066
6113,6058
6116,6051
6106,6069
6104,6048
6114,6047
6114,6071
6109,6066
6118,6059
6115,6055
6113,6049
6114,6059
6105,6048
6108,6063
6109,6060
6109,6060
6111,6063
6121,6060
6113,6063
6119,6058
6112,6062
6115,6051
6113,6057
6116,6064
6118,6059
6116,6063
6114,6069
6116,6062
6113,6062
6112,6061
6112,6054
6117,6049
6114,6063
6109,6062
6118,6061
6109,6052
6116,6062
6116,6062
6114,6054
6112,6041
6112,6061
6117,6053
6113,6053
6116,6053
6118,6045
6105,6039
6117,6064
6115,6057
6113,6062
6122,6058
6105,6060
6119,6058
6112,6064
6124,6071
6114,6032
6113,6050
6122,6046
0,48
0,61680
0,0
6113,6053
5596,5582
5598,5576
5600,5584
5595,5587
5603,5589
5603,5571
5601,5578
5596,5568
5823,5754
6343,6310
6317,6298
6320,6286
6296,6306
6289,6289
6301,6287
6292,6291
6340,6504
6097,6083
6289,6286
6268,6306
6289,6306
6277,6334
6294,6308
6301,6336
6303,6312
6297,6334
6297,6333
6308,6323
6301,6322
6302,6331
6277,6316
6294,6310
6306,6318
6315,6323
6302,6316
6306,6331
6311,6332
6294,6328
6287,6359
6303,6324
6282,6342
6288,6344
6292,6352
6295,6342
6293,6350
6287,6344
6296,6337
6315,6332
6281,6352
6287,6344
6289,6316
6300,6329
6307,6326
6310,6333
6305,6339
6291,6329
6304,6320
6304,6327
6305,6319
6302,6332
6304,6330
6293,6333
6296,6322
6283,6318
6284,6348
6294,6343
6300,6351
6310,6328
6320,6317
6297,6339
6314,6330
6293,6321
6279,6352
6283,6334
6302,6330
6299,6325
6302,6328
6304,6306
6307,6323
6298,6335
6303,6295
6298,6322
6303,6321
6298,6328
6292,6318
6297,6334
6294,6354
6281,6337
6273,6336
6293,6325
6294,6332
6300,6318
6313,6348
6291,6332
6289,6356
6291,6346
6287,6344
6275,6335
6290,6312
6279,6323
6306,6321
6317,6320
6298,6320
6293,6327
6300,6323
6283,6335
6299,6345
6288,6342
6299,6332
6277,6328
6286,6346
6284,6343
6284,6340
6304,6354
6298,6357
6298,6346
6301,6345
6281,6338
6273,6339
6313,6338
6317,6331
6319,6337
6296,6359
6290,6333
6292,6336
6305,6331
6299,6342
6293,6324
6290,6327
6293,6337
6285,6340
6289,6344
6291,6322
6296,6310
6296,6335
6292,6323
6296,6329
6302,6321
6295,6342
6301,6338
6308,6321
6300,6344
6280,6336
6284,6355
6292,6343
6287,6319
6293,6355
6277,6353
6284,6338
6290,6332
6291,6339
6273,6335
6289,6359
6297,6357
6304,6344
6324,6361
6307,6354
6304,6366
6288,6366
6297,6351
6290,6330
6299,6347
6300,6356
6283,6314
6285,6351
6287,6350
6303,6328
6290,6344
6283,6353
6274,6362
6285,6337
6285,6362
6284,6348
6274,6356
6284,6360
6276,6365
6279,6343
6288,6366
6293,6365
6305,6356
6307,6348
6299,6358
6287,6343
6297,6319
6291,6332
6300,6351
6293,6332
6285,6356
6273,6349
6285,6364
6300,6357
6287,6349
6277,6355
6300,6359
6307,6377
6283,6369
6298,6359
6297,6350
6284,6342
6274,6360
6287,6364
6277,6372
6279,6368
6282,6359
6287,6375
6279,6369
6289,6363
6293,6360
6276,6351
6275,6377
6280,6354
6268,6359
6289,6375
6285,6358
6267,6369
6282,6363
6282,6377
6294,6372
6275,6376
6262,6396
6254,6353
6271,6358
6274,6379
6256,6378
6251,6375
6255,6366
6267,6356
6270,6366
6267,6372
6261,6367
6277,6377
6255,6382
6264,6384
6262,6371
6266,6382
6249,6356
6273,6358
6274,6350
6261,6355
6250,6367
6254,6378
6285,6390
6241,6388
6260,6412
6259,6385
6269,6390
6270,6402
6253,6381
6253,6393
6278,6380
6277,6366
6252,6383
6256,6361
6266,6361
6272,6361
6277,6383
6283,6372
6268,6377
6245,6378
6267,6371
6264,6356
6263,6362
6249,6357
6244,6365
6246,6340
6247,6345
6247,6351
6254,6345
6255,6351
6258,6360
6261,6353
6257,6365
6258,6382
6247,6367
6258,6357
6257,6381
6266,6381
6254,6387
6246,6370
6253,6367
6258,6389
6257,6362
6249,6386
6244,6362
6251,6376
6198,6318
6186,6300
6213,6342
6219,6383
6222,6390
6256,6407
6253,6398
6236,6351
6214,6357
6240,6382
6250,6396
6251,6400
6250,6392
6225,6401
6244,6381
6236,6385
6250,6398
6249,6378
6235,6363
6244,6366
6241,6380
6247,6401
6241,6393
6242,6384
6241,6348
6235,6372
6237,6377
6234,6355
6241,6370
6241,6395
6244,6418
6239,6407
6239,6417
6246,6415
6243,6388
6232,6410
6244,6413
6240,6396
6254,6406
6237,6400
6228,6405
6233,6394
6238,6402
6243,6400
6229,6414
6243,6389
6215,6402
6230,6379
6240,6375
6230,6381
6256,6374
6234,6396
6239,6396
6240,6377
6244,6411
6233,6398
6236,6378
6236,6393
6222,6403
6232,6393
6237,6373
6230,6375
6235,6370
6224,6379
6243,6385
6236,6389
6236,6372
6249,6376
6247,6385
6230,6372
6235,6391
6226,6390
6232,6389
6252,6395
6239,6397
6239,6395
6240,6399
6234,6407
6230,6391
6223,6375
6225,6360
6240,6380
6234,6388
6239,6375
6225,6396
6229,6410
6236,6396
6225,6401
6226,6396
6233,6393
6236,6399
6229,6391
6245,6420
6240,6409
6230,6413
6224,6409
6236,6385
6237,6405
6223,6410
6219,6389
6226,6417
6231,6406
6215,6403
6225,6408
6237,6384
6228,6399
6222,6398
6223,6414
6234,6416
6220,6404
6228,6408
6230,6390
6255,6420
6227,6406
6220,6396
6228,6412
6215,6395
6214,6403
6237,6430
6226,6402
6218,6408
6222,6414
6221,6411
6217,6400
6224,6405
6234,6410
6214,6416
6231,6424
6233,6386
6226,6405
6230,6391
6241,6372
6219,6396
6227,6386
6236,6392
6227,6360
6225,6390
6224,6372
6236,6377
6233,6400
6235,6399
6233,6406
6232,6409
6231,6391
6233,6425
6228,6403
6232,6410
6231,6413
6234,6403
6231,6432
6219,6435
6216,6442
6204,6455
6218,6439
6208,6450
6225,6439
6225,6428
6212,6416
6222,6404
6241,6408
6216,6408
6233,6414
6221,6403
6215,6423
6222,6419
6223,6400
6229,6421
6215,6398
6218,6408
6224,6416
6230,6434
6219,6402
6223,6401
6231,6426
6226,6406
6242,6403
6217,6400
6223,6383
6220,6423
6213,6421
6224,6374
6224,6396
6212,6393
6226,6393
6235,6385
6231,6413
6213,6414
6232,6402
6244,6418
6236,6414
6223,6410
6230,6408
6225,6389
6223,6403
6224,6423
6218,6402
6224,6411
6222,6394
6218,6393
6229,6384
6222,6387
6222,6407
6224,6381
6228,6387
6225,6389
6242,6402
6219,6396
6232,6420
6227,6429
6231,6413
6212,6418
6231,6429
6231,6401
6226,6410
6220,6389
6228,6385
6248,6388
6232,6398
6231,6395
6243,6397
6237,6395
6230,6394
6225,6391
6230,6400
6235,6414
6233,6410
6235,6420
6232,6404
6230,6392
6240,6421
6237,6426
6235,6430
6241,6395
6224,6394
6237,6413
6236,6378
6243,6392
6243,6394
6243,6385
6235,6408
6231,6405
6246,6424
6243,6410
6248,6420
6235,6409
6236,6401
6238,6384
6242,6410
6230,6391
6233,6411
6241,6407
6235,6384
6240,6394
6234,6384
6227,6387
6233,6390
6244,6395
6241,6390
6237,6393
6240,6385
6226,6379
6246,6366
6223,6381
6241,6375
6239,6391
6242,6416
6245,6392
6241,6379
6362,6486
6286,6423
6250,6277
6255,6386
6272,6396
6236,6388
6244,6346
6252,6400
6242,6385
6244,6375
6252,6385
6264,6388
6267,6369
6266,6380
6270,6381
6289,6383
6314,6383
6332,6367
6337,6377
6351,6360
6379,6361
6420,6362
6450,6375
6498,6345
6561,6346
6624,6371
6703,6371
6799,6358
6910,6377
6997,6359
7105,6366
7253,6355
7355,6354
7407,6330
7542,6343
7659,6356
7757,6331
7901,6359
8027,6339
8157,6333
8250,6369
8419,6365
8549,6391
8727,6397
8855,6405
8862,6392
8760,6387
8569,6386
8442,6362
8189,6386
8005,6384
7816,6386
7717,6384
7560,6391
7403,6394
7243,6415
7085,6391
6962,6409
6854,6412
6804,6433
6802,6431
6785,6418
6782,6451
6804,6461
6837,6496
6952,6504
7074,6533
7179,6556
7313,6584
7448,6595
7595,6664
7812,6678
7999,6684
8248,6721
8423,6722
8562,6735
8765,6703
8909,6700
9193,6759
9499,6778
9739,6798
9840,6841
10174,6978
10442,7007
10728,7049
11005,7147
10923,7274
10903,7464
10800,7663
10628,7831
10622,7929
10661,8119
10443,8239
10297,8297
10092,8409
9882,8372
9621,8422
9500,8600
9256,8565
8894,8793
8727,8697
8400,8815
8213,8670
7934,8744
7717,8695
7509,8640
7316,8478
7109,8385
6940,8326
6850,8109
6719,7986
6663,7805
6599,7775
6569,7663
6599,7515
6658,7478
6777,7346
6906,7157
7050,7055
7232,6914
7462,6841
7653,6775
7844,6741
7990,6687
8241,6660
8472,6663
8660,6707
8825,6743
8924,6811
9060,6942
9286,7017
9366,7129
9600,7316
9692,7547
9695,7751
9620,8006
9527,8169
9530,8414
9572,8568
9484,8827
9418,9119
9451,9309
9303,9504
9283,9644
9176,9855
8945,9842
8782,9954
8631,9864
8582,9973
8513,9972
8351,9981
8188,9998
8045,10106
7966,9955
7818,9925
7707,9866
7573,9675
7429,9511
7288,9220
7142,9056
7039,8860
6983,8590
6873,8388
6785,8149
6717,7940
6685,7687
6635,7578
6651,7423
6662,7235
6709,7141
6802,6983
6935,6898
7009,6794
7255,6740
7471,6690
7690,6625
8014,6634
8208,6612
8528,6635
8881,6655
9155,6672
9599,6736
9991,6815
10233,6860
10572,6922
10816,6993
11172,7105
11397,7202
11701,7299
12056,7411
12238,7517
12243,7641
12227,7828
12206,7990
12060,8104
11799,8226
11644,8341
11341,8492
11055,8612
10896,8835
10594,8956
10361,9039
10060,9176
9738,9267
9483,9309
9130,9306
8802,9406
8490,9430
8395,9561
8126,9532
7837,9479
7611,9448
7420,9279
7250,9247
7093,9215
6964,8988
6873,8703
6752,8536
6678,8341
6663,8174
6645,7977
6663,7843
6703,7619
6815,7393
6921,7154
7066,7018
7232,6905
7347,6798
7575,6690
7705,6624
7900,6600
8075,6614
8325,6666
8643,6721
8907,6814
9068,6956
9228,7105
9344,7270
9475,7471
9551,7612
9623,7821
9744,7999
9747,8213
9666,8366
9723,8553
9570,8791
9441,8917
9580,9121
9478,9222
9318,9368
9148,9451
9292,9482
9193,9745
9055,9788
9118,9856
8982,9842
8880,9827
8799,9892
8686,9872
8554,9943
8355,9858
8160,9710
7967,9616
7752,9488
7564,9312
7348,9149
7143,8973
6849,8738
6888,8644
6751,8416
6701,8332
6577,7974
6599,7748
6574,7616
6600,7444
6641,7321
6714,7146
6800,6994
6904,6883
7026,6823
7122,6749
7268,6710
7448,6663
7589,6629
7811,6627
7969,6562
8208,6584
8385,6603
8570,6656
8728,6693
8991,6773
9143,6838
9339,6960
9532,7047
9660,7146
9864,7246
9929,7372
9928,7494
9973,7633
9902,7855
9910,8020
9907,8261
10025,8410
9877,8546
9888,8683
9848,8869
9613,8960
9504,9079
9386,9132
9207,9087
9088,9131
8971,9130
8833,9191
8796,9152
8544,9106
8388,9058
8142,8995
7894,8897
7700,8820
7536,8675
7359,8557
7224,8431
7067,8310
6934,8218
6815,8034
6712,7920
6642,7762
6645,7667
6605,7487
6604,7345
6645,7182
6703,7087
6777,6933
6912,6793
7029,6749
7221,6667
7366,6576
7565,6522
7854,6485
8062,6473
8305,6466
8623,6469
8882,6529
9094,6589
9266,6654
9490,6757
9829,6844
10092,6958
10363,7110
10488,7232
10521,7345
10557,7498
10572,7649
10536,7841
10675,7929
10758,8054
10706,8257
10603,8432
10492,8490
10339,8552
10173,8638
10029,8811
9808,8944
9595,8972
9375,9185
9142,9078
8963,9085
8700,9176
8533,9304
8227,9281
7950,9175
7810,9095
7564,8964
7357,8868
7214,8762
7002,8620
6876,8499
6767,8334
6673,8127
6597,8016
6528,7836
6490,7684
6484,7490
6508,7295
6575,7166
6614,7015
6707,6887
6827,6761
6921,6659
7070,6591
7180,6537
7315,6489
7503,6449
7691,6468
7820,6513
8055,6556
8252,6597
8289,6669
8398,6761
8504,6865
8619,7024
8720,7153
8902,7251
8929,7369
9038,7522
9112,7673
9242,7844
9208,7983
9313,8237
9320,8370
9264,8467
9262,8571
9309,8689
9290,8777
9227,8879
9114,8957
9029,8979
8968,9021
8788,9043
8640,9065
8516,9104
8333,9042
8183,8942
7999,8877
7835,8695
7686,8592
7494,8440
7368,8367
7154,8238
7031,8090
6952,7879
6849,7796
6786,7664
6689,7536
6650,7405
6617,7244
6619,7126
6643,6984
6662,6881
6706,6815
6770,6736
6823,6658
6923,6583
7016,6552
7120,6468
7222,6476
7358,6466
7514,6502
7670,6502
7796,6525
7930,6578
8019,6631
8147,6707
8327,6763
8497,6859
8697,7019
8822,7123
8940,7246
9175,7370
9235,7486
9409,7661
9632,7821
9744,7993
9786,8137
9932,8253
10024,8409
9948,8516
9902,8580
9995,8746
9898,8799
9845,8882
9808,8918
9516,8974
9401,8880
9179,8941
8971,8993
8734,8962
8494,8928
8252,8858
8066,8756
7856,8675
7649,8543
7430,8353
7299,8269
7085,8096
6952,7900
6790,7802
6737,7682
6688,7620
6633,7505
6647,7380
6659,7243
6675,7205
6737,7095
6804,6971
6883,6826
6971,6785
7104,6727
7181,6651
7309,6592
7449,6520
7660,6479
7845,6477
7979,6450
8160,6485
8342,6525
8496,6595
8638,6645
8841,6735
9026,6815
9072,6996
9224,7175
9264,7305
9447,7528
9553,7732
9542,7856
9492,8044
9515,8221
9583,8342
9521,8440
9491,8683
9213,8605
9179,8788
9033,8886
8998,9030
8981,9088
8826,9071
8712,9103
8499,9164
8272,9141
8076,9029
7861,8978
7720,8889
7568,8726
7450,8641
7155,8441
7244,8490
6978,8656
6941,8203
6858,8067
6723,7893
6657,7742
6614,7618
6572,7441
6536,7358
6571,7190
6603,7094
6608,6971
6646,6888
6708,6830
6809,6716
6940,6641
7005,6574
7145,6531
7315,6444
7472,6447
7629,6422
7701,6446
7909,6489
8220,6498
8469,6563
8598,6645
8801,6703
8944,6809
9002,6912
9216,7020
9458,7111
9676,7248
9693,7427
9621,7568
9757,7699
9971,7837
10067,7951
9993,8054
9960,8109
9848,8224
9822,8304
9903,8462
9857,8405
9668,8564
9417,8582
9275,8634
9132,8592
8951,8570
8705,8564
8509,8550
8212,8554
8048,8444
7735,8423
7596,8296
7375,8193
7163,8224
7016,8098
6893,7945
6750,7797
6664,7652
6581,7504
6553,7419
6530,7315
6541,7166
6618,7053
6699,6951
6854,6857
6994,6773
7158,6690
7372,6643
7591,6557
7837,6479
8053,6453
8259,6405
8562,6392
8875,6411
9143,6438
9279,6515
9508,6575
9716,6692
9844,6792
9900,6942
10117,7046
10133,7248
10276,7451
10243,7647
10130,7751
9970,7864
9878,8086
9775,8288
9583,8533
9505,8705
9312,8855
9228,8954
9042,9054
8811,9176
8634,9374
8546,9632
8270,9535
8075,9465
7978,9543
7802,9667
7709,9668
7620,9610
7448,9523
7415,9363
7325,9220
7208,9128
7061,9026
6991,8859
6903,8638
6864,8403
6755,8158
6709,7937
6633,7772
6625,7585
6572,7389
6546,7230
6551,7026
6597,6879
6679,6776
6749,6664
6863,6559
6972,6510
7142,6464
7330,6440
7524,6463
7834,6469
8106,6510
8419,6546
8718,6632
8930,6687
9224,6754
9543,6831
9748,6953
10111,7003
10387,7093
10572,7152
10707,7291
10735,7358
10759,7461
10794,7535
10904,7625
10917,7715
10609,7769
10610,7824
10363,7930
10367,8042
10234,8197
9952,8246
9555,8399
9227,8526
9009,8589
8671,8591
8534,8668
8439,8749
8269,8807
8093,8897
7879,8937
7644,9010
7461,9049
7373,8960
7237,8837
7106,8849
6971,8606
6879,8464
6808,8293
6754,8094
6685,7901
6663,7718
6657,7582
6704,7399
6698,7227
6769,7034
6833,6903
6959,6765
7083,6682
7271,6594
7416,6531
7682,6490
7878,6451
8122,6477
8419,6505
8586,6557
8859,6625
9089,6713
9209,6839
9530,6980
9784,7092
9878,7217
10156,7329
10336,7458
10408,7558
10680,7791
10998,7948
11063,8088
11124,8301
11071,8367
11089,8510
11192,8562
11202,8692
11081,8724
11053,8962
10936,8953
10672,9045
10549,9105
10404,9258
10092,9219
9823,9318
9465,9241
9254,9164
8994,9241
8765,8951
8505,9069
8256,9009
8001,8913
7707,8914
7519,8798
7316,8589
7121,8450
6983,8341
6920,8216
6902,8042
6825,7858
6852,7686
6848,7511
6934,7327
7045,7239
7151,7146
7291,7039
7398,6882
7602,6797
7868,6736
8206,6693
8434,6633
8677,6605
8841,6604
9225,6639
9441,6671
9884,6786
10130,6890
10422,7012
10725,7151
11071,7304
11363,7460
11761,7659
12005,7868
12303,8148
12329,8404
12506,8691
12622,8849
12797,9043
12892,9194
12823,9388
12867,9601
12649,9758
12415,9856
12374,9999
12049,9980
11688,10223
11343,10282
11131,10254
10823,10218
10478,10172
10103,10121
9872,10059
9560,9988
9176,9804
8818,9667
8630,9579
8257,9490
8004,9459
7612,9354
7422,9115
7187,8976
7003,8719
6878,8455
6874,8312
6848,8145
6851,7890
6930,7751
7045,7512
7185,7375
7352,7213
7556,7036
7757,6925
7969,6801
8236,6737
8585,6721
8941,6682
9300,6725
9702,6763
10035,6870
10404,7065
10859,7203
11193,7369
11547,7482
11887,7775
12211,8028
12449,8357
12679,8572
12912,8880
12788,9024
12966,9275
12881,9680
12731,9936
12663,10186
12658,10297
12385,10461
12122,10659
12041,10912
12045,11321
11580,11575
11142,11575
10473,11362
10100,11354
9682,11510
9276,11455
9029,11375
8637,11179
8276,11125
7937,10949
7764,10896
7583,10692
7373,10497
7183,10253
7093,10021
7058,9853
6879,9660
6632,9438
6426,9026
6314,8780
6240,8481
6215,8285
6188,7928
6177,7666
6167,7458
6160,7239
6146,7074
6148,6939
6148,6788
6146,6682
6157,6693
6159,6687
6155,6714
6142,6761
6127,6860
6147,6960
6137,7100
6143,7265
6126,7449
6130,7665
6130,7853
6136,8111
6135,8320
6137,8589
6124,8857
6125,9057
6133,9253
6120,9478
6118,9590
6110,9788
6117,9914
6118,9998
6113,10035
6129,10126
6111,10225
6126,10281
6124,10268
6106,10150
6124,10057
6119,9930
6123,9904
6116,9882
6122,9696
6114,9793
6122,9624
6109,9527
6111,9308
6112,9265
6110,8936
6114,8519
6119,8546
6115,8366
6115,7799
6106,7147
6111,6694
6116,6403
6110,6260
6119,6201
6112,6173
6105,6160
6121,6149
6113,6127
6113,6121
6112,6114
6098,6108
6106,6131
6103,6111
6104,6113
6104,6119
6111,6091
6112,6098
6100,6078
6109,6085
6113,6084
6104,6067
6107,6077
6110,6075
6111,6071
6102,6083
6105,6072
6110,6085
6109,6075
6106,6068
6105,6061
6104,6055
6106,6071
6096,6074
6111,6062
6111,6069
6111,6053
6101,6071
6109,6065
6100,6057
6107,6046
6102,6070
6105,6064
6104,6069
6115,6047
6113,6058
6110,6072
6107,6059
6107,6049
6113,6054
6113,6049
6109,6048
6107,6051
6108,6051
6116,6057
6117,6072
6110,6063
6101,6051
6115,6060
6103,6055
6109,6058
6114,6063
6113,6057
6108,6043
6111,6061
6106,6048
6127,6061
6107,6046
6108,6050
6107,6053
6109,6039
6107,6058
6108,6058
6114,6052
6112,6065
6101,6054
6109,6047
6115,6058
6114,6050
6111,6046
6107,6046
6110,6057
6106,6049
6111,6040
6099,6069
6108,6050
6115,6048
6118,6048
6117,6045
6113,6047
6112,6046
6108,6046
6111,6049
6112,6042
6106,6049
6111,6047
6115,6058
6115,6049
6105,6055
6107,6057
6105,6056
6099,6038
6103,6061
6116,6060
6104,6041
6105,6047
6105,6047
6096,6044
6098,6046
6103,6051
6118,6049
6115,6046
6105,6045
6112,6056
6113,6050
6108,6052
6103,6051
6097,6052
6102,6061
6105,6057
6110,6048
6094,6056
6101,6061
6101,6056
6098,6052
6105,6060
6104,6061
6095,6038
6104,6057
6107,6061
6106,6046
6107,6052
6104,6052
6103,6057
6114,6064
6106,6042
6102,6050
6102,6034
6101,6053
6104,6068
6108,6041
6111,6045
6100,6060
6102,6040
6106,6046
6114,6060
6106,6044
6108,6051
6098,6046
6101,6043
5762,5761
6174,6232
6152,6080
6128,6088
6112,6066
6107,6015
6090,6033
6107,6061
6108,6044
6100,6052
6108,6049
6096,6045
6104,6056
6099,6048
6099,6050
6099,6073
6094,6050
6094,6051
6109,6059
6095,6042
6107,6059
6114,6064
6110,6054
6097,6056
6101,6045
6109,6053
6107,6056
6107,6063
6117,6056
6102,6030
6103,6050
6100,6049
6103,6047
6107,6046
6099,6045
6094,6049
6102,6045
6097,6050
6103,6049
6096,6049
6105,6055
6108,6054
6105,6058
6097,6055
6106,6054
6096,6053
6096,6048
6103,6051
6096,6041
6095,6058
6101,6050
6098,6046
6096,6053
6104,6048
6101,6052
6100,6045
6098,6060
6100,6052
6103,6054
6094,6056
6077,6057
6098,6041
6101,6045
6098,6037
6105,6042
6110,6043
6095,6050
6106,6042
6102,6046
6102,6039
6104,6053
6109,6053
6095,6063
6098,6046
6099,6051
6083,6047
6096,6036
6105,6048
6104,6063
6098,6050
6102,6058
6091,6061
6104,6037
6097,6051
6096,6042
6102,6046
6096,6051
6109,6053
6092,6046
6091,6056
6101,6052
6107,6053
6096,6045
6101,6046
6101,6053
6107,6056
6109,6050
6102,6055
6102,6037
6106,6055
6103,6053
6099,6052
6096,6064
6105,6048
6102,6057
6104,6050
6104,6056
6100,6057
6101,6051
6104,6049
6099,6050
6106,6060
6106,6049
6104,6048
6096,6060
6107,6050
6106,6060
6106,6042
6097,6048
6102,6050
6096,6038
6103,6057
6102,6058
6098,6064
6109,6057
6106,6061
6113,6062
6103,6063
6112,6056
6119,6046
6108,6049
6111,6059
6119,6058
6097,6076
6106,6042
6109,6057
6106,6045
6101,6034
6116,6066
6110,6060
6107,6045
6097,6052
6109,6058
6104,6051
6109,6055
6110,6057
6098,6064
6105,6050
6108,6052
6103,6049
6104,6057
6096,6061
6101,6064
6105,6054
6103,6025
6096,6052
6104,6048
6102,6052
6103,6061
6094,6056
6106,6053
6117,6049
6103,6062
6099,6044
6104,6046
6099,6046
6098,6057
6102,6054
6105,6047
6104,6039
6106,6058
6103,6058
6100,6044
6098,6043
6098,6052
6103,6055
6094,6048
6107,6044
6110,6056
6102,6053
6096,6057
6103,6056
6106,6064
6100,6055
6109,6053
6097,6040
6106,6050
6103,6051
6100,6059
6101,6050
6101,6054
6101,6034
6105,6043
6106,6053
6102,6043
6105,6059
6107,6051
6104,6055
6101,6050
6107,6048
6119,6049
6115,6054
6107,6052
6081,6047
6101,6058
6101,6057
6101,6054
6115,6053
6121,6052
6110,6051
6114,6054
6103,6056
6114,6047
6111,6052
6110,6026
6109,6051
6112,6052
6109,6060
6110,6043
6110,6050
6120,6050
6114,6040
6120,6052
6115,6057
6113,6047
6124,6050
6122,6056
6119,6053
6110,6055
6104,6052
6106,6046
6120,6048
6113,6048
6117,6046
6119,6066
6112,6058
6121,6060
6117,6066
6103,6041
6110,6064
6115,6048
6105,6061
6107,6044
6111,6059
6107,6057
6113,6047
6114,6041
6105,6038
6104,6057
6101,6048
6105,6050
6115,6053
6111,6052
6103,6051
6118,6051
6104,6052
6107,6046
6126,6058
6115,6044
6106,6056
6106,6053
6105,6058
6117,6060
6100,6057
6104,6051
6120,6054
6114,6057
6055,5984
6069,5905
6014,5970
6093,6017
6120,6046
6135,6068
6102,6041
6117,6046
6111,6058
6110,6041
6116,6037
6110,6039
6112,6051
6110,6055
6106,6057
6111,6044
6116,6057
6106,6057
6112,6039
6123,6048
6102,6047
6116,6048
6110,6060
6108,6047
6114,6067
6097,6058
6112,6048
6116,6045
6110,6051
6108,6063
6100,6056
6110,6053
6108,6054
6117,6056
6107,6046
6113,6050
6107,6053
6112,6062
6102,6059
6114,6053
6120,6058
6119,6057
6109,6047
6114,6053
6119,6060
6128,6055
6119,6062
6114,6057
6108,6052
6112,6061
6112,6058
6108,6062
6117,6056
6112,6061
6117,6062
6118,6062
6119,6053
6120,6055
6119,6052
6116,6042
6107,6035
6122,6050
6107,6061
6119,6054
6114,6057
6110,6059
6123,6048
6123,6069
6120,6066
6118,6041
6123,6056
6116,6047
6122,6056
6123,6064
6123,6064
6115,6054
6117,6045
6119,6052
6121,6048
6115,6059
6107,6063
6116,6056
6112,6045
6113,6062
6115,6063
6120,6057
6122,6058
6125,6063
6122,6056
6114,6054
6113,6054
6121,6056
6116,6065
6114,6060
6106,6053
6115,6055
6115,6055
6116,6055
6130,6065
6110,6056
6111,6057
6119,6072
6114,6056
6117,6051
6112,6054
6118,6064
6119,6054
6118,6061
6109,6060
6126,6067
6116,6064
6121,6059
6118,6065
6115,6062
6116,6060
6120,6045
6116,6058
6117,6059
6117,6059
6120,6044
6110,6057
6118,6065
6107,6062
6118,6062
6117,6041
6118,6058
6112,6054
6121,6045
6115,6054
6114,6046
6114,6063
6114,6062
6117,6053
6120,6051
6104,5889
6115,6050
6118,6047
6114,6046
6112,6043
6116,6061
6116,6061
6119,6056
6119,6047
6110,6037
6112,6059
6122,6054
6115,6065
6111,6059
6114,6058
6119,6061
6114,6056
6115,6054
6114,6051
6117,6062
6112,6051
6110,6055
0,42
0,61680
0,0
6113,6072
5607,5578
5597,5563
5607,5581
5608,5570
5607,5572
5604,5568
5600,5574
5596,5576
5821,5755
6343,6299
6292,6313
6307,6295
6291,6304
6284,6312
6304,6296
6290,6298
6302,6303
6311,6307
6281,6330
6300,6321
6311,6327
6289,6319
6280,6325
6301,6319
6312,6321
6321,6338
6313,6320
6308,6309
6330,6318
6306,6315
6285,6309
6297,6300
6305,6285
6314,6318
6310,6319
6317,6322
6307,6316
6296,6332
6296,6348
6299,6340
6291,6323
6295,6337
6299,6348
6297,6339
6295,6349
6292,6331
6305,6334
6300,6324
6289,6342
6298,6310
6304,6329
6319,6340
6307,6311
6311,6343
6306,6325
6305,6327
6291,6346
6316,6322
6305,6342
6321,6331
6310,6332
6292,6312
6289,6329
6292,6342
6295,6342
6304,6334
6315,6338
6307,6333
6310,6289
6306,6327
6322,6340
6281,6321
6292,6343
6296,6323
6303,6328
6297,6325
6306,6329
6299,6324
6305,6333
6303,6315
6306,6323
6296,6324
6303,6318
6306,6308
6301,6320
6286,6321
6289,6345
6292,6351
6287,6320
6284,6335
6301,6338
6296,6342
6301,6341
6294,6329
6291,6340
6298,6352
6279,6336
6291,6325
6280,6337
6284,6324
6301,6326
6309,6315
6300,6326
6289,6327
6288,6305
6283,6321
6300,6316
6288,6337
6283,6322
6291,6334
6290,6326
6291,6347
6293,6323
6288,6333
6294,6339
6291,6341
6287,6338
6283,6316
6276,6330
6306,6313
6330,6339
6318,6350
6292,6343
6301,6341
6293,6332
6310,6337
6304,6336
6300,6320
6308,6326
6315,6340
6290,6326
6292,6337
6304,6319
6293,6327
6290,6336
6295,6336
6291,6312
6299,6313
6283,6321
6301,6324
6306,6329
6295,6336
6282,6329
6298,6351
6304,6351
6307,6340
6293,6334
6288,6340
6279,6339
6286,6335
6296,6322
6288,6339
6289,6348
6300,6351
6292,6346
6307,6358
6297,6334
6295,6347
6297,6342
6273,6338
6296,6344
6295,6324
6299,6326
6305,6356
6290,6343
6291,6347
6298,6351
6291,6347
6292,6342
6282,6337
6291,6362
6285,6370
6269,6356
6274,6365
6281,6350
6283,6334
6279,6329
6288,6354
6301,6368
6270,6346
6299,6346
6299,6347
6290,6358
6301,6338
6294,6346
6293,6343
6283,6338
6286,6348
6278,6335
6290,6340
6298,6355
6289,6353
6283,6342
6309,6375
6299,6362
6292,6366
6305,6356
6296,6364
6286,6349
6271,6349
6285,6356
6277,6378
6290,6365
6289,6361
6287,6372
6271,6369
6282,6360
6295,6361
6278,6343
6278,6363
6279,6332
6289,6345
6299,6370
6292,6350
6275,6364
6285,6380
6288,6366
6296,6376
6288,6369
6268,6366
6261,6362
6280,6348
6271,6357
6267,6344
6247,6390
6277,6370
6273,6384
6258,6356
6270,6391
6283,6343
6270,6372
6260,6365
6261,6383
6257,6360
6260,6359
6270,6359
6268,6371
6270,6348
6262,6360
6269,6372
6265,6382
6272,6381
6259,6391
6243,6387
6262,6403
6274,6394
6267,6390
6252,6377
6254,6390
6274,6383
6264,6364
6250,6368
6266,6366
6265,6373
6272,6396
6264,6377
6280,6391
6265,6381
6257,6376
6265,6387
6266,6356
6247,6361
6277,6399
5989,6138
6246,6332
6251,6333
6228,6361
6254,6352
6249,6336
6248,6361
6260,6352
6250,6354
6255,6352
6246,6365
6242,6351
6249,6367
6275,6364
6262,6369
6239,6358
6247,6359
6250,6382
6258,6377
6259,6382
6248,6388
6250,6377
6247,6381
6250,6366
6236,6392
6226,6385
6247,6384
6246,6381
6245,6388
6237,6379
6226,6359
6259,6386
6242,6381
6259,6391
6251,6378
6232,6369
6252,6373
6237,6391
6255,6405
6247,6399
6251,6367
6252,6392
6261,6397
6254,6376
6233,6374
6243,6369
6239,6348
6241,6356
6243,6357
6243,6361
6238,6369
6235,6399
6242,6399
6240,6408
6253,6401
6242,6408
6235,6400
6240,6407
6231,6410
6232,6409
6240,6407
6239,6407
6232,6403
6229,6419
6228,6406
6235,6397
6231,6407
6239,6357
6231,6397
6228,6378
6239,6356
6229,6363
6249,6385
6233,6375
6258,6386
6232,6360
6244,6374
6240,6394
6230,6398
6244,6395
6232,6390
6250,6410
6240,6398
6231,6371
6249,6381
6225,6362
6227,6377
6237,6409
6226,6364
6235,6400
6232,6374
6248,6384
6239,6368
6230,6383
6235,6398
6235,6406
6228,6391
6240,6399
6228,6399
6231,6404
6224,6392
6231,6370
6236,6379
6236,6399
6238,6386
6233,6382
6229,6389
6224,6402
6244,6367
6236,6391
6240,6395
6227,6391
6238,6400
6233,6397
6238,6393
6238,6414
6223,6419
6216,6422
6246,6416
6222,6399
6213,6418
6219,6415
6228,6428
6223,6412
6214,6399
6230,6403
6227,6409
6223,6420
6219,6446
6237,6402
6227,6393
6227,6394
6232,6401
6233,6399
6239,6395
6230,6401
6225,6405
6218,6421
6210,6415
6213,6415
6231,6413
6225,6423
6235,6411
6223,6419
6214,6399
6227,6371
6234,6383
6231,6410
6216,6392
6223,6402
6233,6395
6233,6383
6230,6391
6209,6388
6225,6374
6230,6397
6214,6384
6234,6361
6206,6372
6219,6365
6223,6373
6237,6403
6244,6401
6226,6398
6229,6407
6228,6412
6234,6407
6223,6401
6222,6404
6226,6407
6222,6424
6225,6425
6230,6428
6219,6421
6222,6460
6226,6432
6222,6438
6236,6426
6222,6442
6220,6415
6229,6415
6218,6411
6224,6419
6231,6398
6224,6402
6230,6417
6224,6418
6230,6422
6221,6424
6223,6406
6217,6413
6229,6394
6228,6420
6217,6437
6242,6405
6228,6416
6212,6416
6222,6412
6227,6379
6226,6384
6221,6413
6226,6381
6227,6387
6224,6405
6231,6393
6226,6390
6239,6398
6222,6405
6216,6394
6222,6399
6227,6406
6226,6412
6229,6406
6232,6388
6227,6394
6234,6413
6219,6402
6215,6411
6218,6393
6230,6384
6224,6421
6232,6398
6231,6378
6215,6384
6228,6400
6233,6379
6225,6399
6244,6383
6221,6396
6233,6411
6231,6421
6215,6385
6219,6400
6230,6395
6227,6392
6232,6439
6222,6399
6228,6381
6231,6385
6236,6375
6238,6387
6235,6387
6229,6398
6230,6394
6236,6406
6234,6395
6226,6393
6228,6401
6240,6411
6222,6392
6234,6394
6246,6409
6226,6407
6249,6433
6232,6407
6226,6400
6243,6377
6235,6374
6230,6406
6238,6410
6233,6404
6238,6417
6225,6405
6244,6409
6244,6403
6243,6417
6307,6479
6290,6430
6272,6397
6254,6432
6247,6411
6237,6394
6247,6415
6230,6388
6241,6394
6223,6387
6238,6370
6242,6392
6243,6382
6230,6401
6243,6398
6226,6383
6246,6394
6239,6378
6237,6386
6237,6364
6235,6395
6239,6398
6233,6393
6248,6377
6240,6344
6256,6368
6239,6382
6239,6386
6237,6381
6223,6382
6240,6355
6240,6394
6251,6385
6263,6371
6260,6386
6260,6393
6263,6376
6259,6380
6269,6383
6291,6378
6297,6380
6313,6377
6335,6393
6342,6361
6354,6380
6407,6376
6440,6362
6496,6378
6544,6369
6632,6370
6691,6377
6797,6358
6906,6356
6984,6386
7109,6365
7241,6365
7355,6340
7391,6343
7576,6356
7669,6341
7754,6344
7882,6351
8024,6346
8135,6355
8235,6360
8391,6341
8573,6363
8700,6378
8715,6394
8705,6409
8643,6384
8510,6404
8364,6394
8121,6365
7966,6375
7914,6394
7756,6403
7737,6372
7505,6406
7277,6396
7069,6403
6953,6405
6864,6408
6802,6425
6770,6426
6751,6449
6766,6451
6797,6486
6836,6510
6904,6497
7043,6546
7158,6578
7271,6587
7419,6611
7589,6661
7808,6655
8107,6673
8305,6716
8501,6709
8539,6740
8756,6709
8979,6719
9117,6747
9506,6774
9860,6801
9943,6861
10039,6933
10250,7010
10440,7050
10652,7098
10737,7241
10622,7386
10554,7589
10560,7776
10595,7935
10633,8115
10495,8272
10225,8337
10086,8399
9833,8376
9702,8427
9571,8621
9327,8530
8972,8496
8753,8591
8504,8585
8254,8509
8016,8423
7786,8477
7584,8337
7327,8244
7173,8149
6987,8106
6855,8020
6735,7938
6668,7796
6616,7809
6583,7645
6620,7539
6655,7383
6763,7265
6886,7121
7048,7007
7250,6956
7444,6802
7637,6770
7807,6724
8023,6669
8242,6626
8465,6655
8633,6703
8817,6735
8898,6776
9031,6907
9253,7015
9334,7128
9580,7304
9726,7554
9623,7733
9592,7968
9546,8191
9548,8394
9512,8578
9509,8885
9461,9165
9463,9345
9389,9548
9298,9656
9143,9881
9009,9974
8808,10041
8726,10079
8670,10072
8571,10107
8393,10170
8207,10193
8086,10053
7950,9909
7793,9856
7691,9793
7560,9648
7436,9454
7246,9241
7141,9004
7023,8841
6943,8597
6880,8357
6775,8207
6732,7932
6685,7716
6640,7549
6640,7394
6650,7252
6715,7119
6798,6998
6904,6910
7027,6799
7232,6748
7488,6687
7757,6605
8041,6583
8200,6598
8563,6633
8912,6641
9139,6690
9594,6704
9914,6791
10264,6840
10497,6910
10846,7001
11062,7119
11328,7226
11569,7308
11836,7447
11920,7512
12104,7669
12080,7846
12149,7976
12025,8085
11699,8206
11722,8347
11321,8504
11063,8662
10876,8812
10611,8945
10422,9049
10087,9194
9692,9262
9393,9310
9115,9309
8755,9335
8540,9391
8357,9391
8062,9470
7798,9423
7577,9342
7421,9290
7226,9151
7109,9096
6969,8943
6879,8760
6745,8568
6674,8320
6644,8147
6641,7985
6688,7803
6699,7606
6819,7408
6925,7171
7061,7038
7219,6886
7384,6784
7543,6694
7794,6631
7973,6597
8183,6582
8411,6645
8645,6746
8916,6801
9062,6936
9233,7109
9344,7271
9397,7463
9503,7612
9651,7796
9734,7986
9790,8216
9693,8390
9425,8430
9685,8876
9706,8941
9656,9091
9561,9245
9447,9277
9494,9415
9399,9456
9373,9665
9215,9735
9103,9869
9008,9838
8908,9846
8779,9859
8696,9860
8586,9921
8339,9904
8144,9736
7939,9586
7703,9480
7505,9253
7352,9134
7141,9008
7007,8894
6851,8608
6750,8419
6638,8289
6597,8084
6576,7769
6592,7632
6610,7481
6626,7324
6713,7143
6811,7004
6916,6908
7044,6803
7153,6778
7300,6714
7457,6673
7628,6635
7820,6629
7981,6601
8186,6596
8380,6625
8545,6648
8731,6699
8972,6768
9170,6832
9348,6930
9445,7033
9605,7139
9794,7274
9903,7351
9915,7488
9977,7637
9850,7874
9887,8043
9909,8261
9969,8414
9940,8540
9884,8706
9782,8838
9658,8947
9577,9074
9449,9124
9301,9081
9182,9085
9001,9219
8790,9200
8639,9169
8395,9138
8251,9091
8119,8954
7892,8942
7707,8822
7539,8706
7346,8556
7224,8399
7075,8310
6908,8189
6818,8036
6733,7923
6669,7753
6623,7626
6601,7455
6609,7328
6621,7160
6698,7022
6775,6927
6904,6799
7036,6706
7195,6630
7382,6565
7589,6513
7851,6479
8063,6455
8295,6482
8624,6495
8873,6538
9126,6597
9272,6671
9423,6762
9826,6844
10115,6972
10358,7101
10581,7224
10437,7340
10577,7532
10603,7613
10675,7780
10768,7894
10803,7999
10726,8165
10566,8333
10505,8474
10315,8557
10204,8676
10010,8795
9812,9017
9564,9050
9360,9025
9165,9044
8919,9085
8713,9185
8517,9305
8243,9281
7951,9180
7763,9101
7546,8965
7361,8870
7170,8747
7031,8599
6882,8499
6773,8357
6686,8159
6597,7990
6504,7843
6521,7697
6462,7498
6505,7281
6553,7153
6637,7043
6711,6889
6817,6782
6934,6661
7053,6563
7190,6542
7309,6479
7509,6457
7719,6481
7847,6490
7978,6553
8201,6604
8291,6688
8365,6739
8489,6876
8600,7026
8744,7135
8859,7217
8939,7370
9032,7521
9136,7710
9203,7786
9265,8018
9299,8216
9362,8344
9232,8420
9276,8516
9305,8636
9316,8760
9244,8858
9095,8878
8935,8897
8865,8913
8718,8923
8618,8947
8522,9064
8363,9028
8185,8954
8041,8867
7843,8783
7708,8644
7482,8496
7372,8328
7155,8227
7017,8046
6918,7932
6815,7736
6762,7618
6693,7523
6674,7404
6624,7232
6608,7118
6620,7003
6648,6868
6690,6799
6739,6751
6846,6638
6923,6569
7036,6561
7127,6525
7242,6492
7370,6461
7507,6496
7660,6498
7817,6544
7920,6577
8090,6648
8180,6697
8372,6780
8519,6876
8696,7004
8778,7139
8975,7263
9120,7361
9256,7486
9387,7643
9698,7837
9701,8000
9799,8127
9896,8249
10026,8417
9956,8513
9948,8607
9986,8785
9910,8774
9835,8787
9812,8876
9527,8863
9454,8844
9208,8784
8997,8909
8766,8892
8493,8878
8273,8817
8074,8704
7897,8633
7660,8526
7451,8329
7265,8254
7075,8112
6934,7954
6825,7803
6726,7724
6689,7646
6641,7526
6647,7378
6661,7261
6698,7184
6721,7125
6795,6990
6896,6862
6970,6771
7083,6699
7204,6658
7340,6580
7493,6512
7672,6489
7862,6474
7988,6462
8191,6491
8366,6538
8488,6566
8665,6652
8825,6757
8969,6853
9028,6988
9054,7041
9310,7343
9381,7453
9624,7777
9553,7851
9565,8069
9562,8198
9537,8366
9623,8432
9535,8693
9351,8721
9209,8854
9054,8881
8975,9074
8927,9073
8853,9095
8726,9113
8482,9178
8290,9142
8080,8995
7895,9002
7713,8862
7570,8691
7430,8601
7312,8594
7162,8461
7025,8376
6896,8214
6795,8023
6754,7924
6656,7795
6608,7644
6582,7491
6560,7330
6557,7234
6605,7098
6615,6969
6659,6919
6720,6815
6806,6696
6927,6642
7026,6573
7177,6515
7325,6470
7456,6435
7634,6433
7770,6430
7981,6470
8224,6503
8476,6580
8638,6639
8831,6727
8997,6812
9060,6907
9210,7013
9541,7114
9667,7274
9668,7416
9611,7574
9767,7678
9957,7802
10060,7933
10009,8037
9973,8119
9867,8182
9826,8310
9851,8434
9845,8445
9663,8555
9386,8633
9239,8631
9081,8608
8912,8640
8598,8656
8423,8590
8143,8561
7955,8453
7737,8451
7547,8349
7405,8210
7160,8159
7020,8096
6900,7984
6774,7787
6665,7731
6590,7514
6582,7433
6532,7344
6568,7178
6619,7076
6698,6944
6845,6820
6989,6758
7164,6659
7353,6617
7633,6548
7869,6486
8113,6433
8228,6396
8592,6382
8901,6395
9134,6457
9311,6512
9478,6607
9687,6695
9887,6818
10015,6942
10143,7072
10150,7210
10322,7406
10312,7639
10139,7756
10077,7894
9881,8106
9763,8305
9598,8501
9511,8650
9269,8868
9267,8970
9049,9066
8835,9187
8620,9432
8531,9622
8301,9520
8111,9500
8017,9491
7739,9661
7693,9604
7608,9617
7484,9533
7405,9406
7311,9252
7192,9143
7078,9062
7015,8863
6929,8621
6877,8410
6766,8178
6715,7994
6671,7826
6622,7598
6589,7401
6554,7188
6544,7015
6607,6892
6670,6796
6763,6688
6857,6600
7002,6534
7187,6457
7338,6474
7561,6478
7866,6473
8077,6500
8429,6543
8741,6614
8952,6684
9212,6782
9548,6856
9748,6942
10074,7014
10406,7104
10605,7199
10712,7255
10776,7352
10746,7421
10806,7515
10950,7605
10859,7698
10678,7794
10526,7890
10536,7959
10440,8029
10293,8193
10025,8256
9706,8468
9460,8536
9170,8575
8878,8619
8802,8662
8568,8755
8308,8810
8117,8878
7916,8923
7632,9034
7488,9031
7397,8991
7249,8859
7123,8871
6954,8649
6911,8462
6818,8336
6734,8111
6698,7954
6669,7757
6656,7613
6679,7420
6706,7256
6779,7086
6852,6918
6990,6776
7099,6717
7273,6598
7436,6510
7665,6469
7888,6466
8122,6480
8376,6503
8629,6560
8837,6637
9049,6763
9220,6806
9489,6990
9761,7080
9965,7223
10211,7324
10416,7487
10547,7692
10794,7820
11126,7959
11070,8190
11122,8342
11061,8368
11090,8498
11235,8627
11174,8671
11078,8727
11078,9026
10942,9017
10687,9118
10495,9201
10399,9226
10043,9277
9800,9424
9477,9348
9245,9338
8926,9347
8718,9213
8482,9138
8193,9141
7961,9076
7713,8994
7513,8799
7306,8610
7129,8410
7000,8275
6922,8211
6865,8044
6803,7869
6847,7704
6874,7501
6941,7330
7039,7254
7150,7151
7264,7032
7412,6914
7583,6792
7799,6685
8114,6641
8372,6609
8619,6591
8807,6612
9154,6644
9421,6694
9792,6785
10170,6867
10378,7012
10801,7165
11056,7268
11500,7537
11888,7847
12056,7860
12267,8172
12345,8509
12460,8723
12617,8821
12692,8989
12688,9177
12632,9441
12628,9572
12534,9725
12360,9854
12326,9972
12152,10018
11645,10189
11415,10291
11099,10232
10793,10225
10476,10213
10127,10138
9905,10054
9548,9969
9260,9882
8879,9691
8550,9560
8235,9427
7920,9426
7613,9282
7395,9010
7172,8912
6986,8608
6877,8383
6859,8259
6836,8113
6853,7889
6919,7677
7027,7528
7186,7388
7348,7216
7550,7064
7748,6949
7988,6872
8254,6752
8617,6719
8957,6656
9262,6701
9711,6773
10059,6823
10440,7018
10910,7154
11208,7304
11537,7489
11917,7736
12152,8032
12474,8316
12578,8589
12971,8825
12911,9096
13141,9392
13019,9754
12869,9968
12763,10172
12754,10357
12425,10465
12260,10688
12256,11006
11824,11109
11509,11435
11044,11504
10514,11339
10138,11393
9714,11475
9328,11464
9047,11318
8662,11178
8275,11130
7942,10996
7787,10889
7570,10802
7382,10533
7162,10266
7131,10055
7052,9901
6879,9627
6652,9478
6447,9014
6341,8741
6242,8489
6200,8245
6181,7923
6167,7696
6166,7438
6162,7268
6151,7092
6154,6924
6146,6785
6144,6696
6149,6677
6146,6693
6147,6720
6147,6728
6133,6858
6129,6993
6133,7087
6145,7297
6126,7455
6115,7691
6129,7867
6140,8109
6126,8320
6136,8577
6119,8844
6123,9055
6130,9272
6127,9474
6130,9550
6116,9839
6121,9958
6132,9962
6120,9986
6127,10156
6111,10211
6127,10297
6117,10300
6119,10161
6115,10057
6119,9966
6116,9993
6117,9963
6123,9843
6118,9804
6118,9566
6112,9597
6111,9316
6116,9312
6112,8924
6108,8579
6114,8533
6116,8324
6113,7782
6108,7137
6110,6676
6113,6391
6108,6271
6113,6207
6103,6160
6114,6156
6114,6142
6117,6130
6116,6132
6104,6131
6101,6114
6109,6120
6105,6113
6107,6115
6101,6115
6103,6100
6116,6081
6101,6070
6099,6087
6114,6086
6106,6072
6108,6077
6110,6072
6101,6078
6100,6066
6107,6078
6112,6066
6103,6070
6103,6066
6112,6063
6106,6070
6106,6063
6102,6070
6111,6075
6111,6074
6109,6059
6101,6064
6110,6055
6110,6058
6100,6061
6107,6049
6104,6059
6113,6059
6118,6054
6108,6061
6111,6050
6110,6063
6111,6063
6112,6064
6111,6064
6112,6061
6107,6058
6110,6040
6111,6045
6120,6062
6111,6054
6105,6050
6117,6063
6114,6054
6110,6062
6111,6061
6111,6065
6107,6056
6116,6067
6108,6047
6108,6076
6108,6059
6113,6059
6112,6053
6106,6053
6103,6055
6108,6038
6101,6064
6116,6050
6100,6051
6106,6053
6116,6050
6110,6044
6114,6060
6110,6046
6108,6060
6115,6047
6113,6054
6122,6062
6110,6066
6109,6055
6110,6056
6110,6056
6108,6039
6125,6053
6102,6049
6109,6048
6109,6054
6111,6050
6106,6049
6108,6045
6117,6052
6110,6042
6109,6041
6112,6049
6100,6053
6101,6030
6114,6054
6107,6053
6108,6048
6105,6059
6097,6057
6111,6053
6109,6040
6098,6059
6110,6055
6114,6052
6108,6064
6110,6047
6109,6056
6102,6051
6102,6051
6104,6044
6113,6050
6110,6061
6103,6053
6098,6044
6102,6051
6103,6053
6078,6058
6053,6017
6134,6081
6094,6047
6092,6041
6108,6061
6110,6032
6092,6026
6100,6054
6117,6056
6108,6042
6099,6046
6111,6046
6102,6054
6110,6057
6111,6040
6106,6051
6106,6058
6100,6043
6118,6048
6111,6059
6105,6046
6103,6044
6095,6049
6104,6053
6102,6044
6109,6060
6106,6058
6099,6060
6103,6052
6104,6056
6108,6044
6112,6052
6106,6062
6103,6057
6105,6055
6100,6054
6108,6054
6099,6050
6106,6059
6109,6053
6102,6048
6101,6055
6106,6047
6100,6051
6100,6055
6103,6059
6109,6063
6101,6047
6100,6053
6108,6048
6102,6040
6104,6063
6109,6040
6104,6053
6107,6057
6107,6046
6101,6047
6108,6058
6099,6054
6098,6053
6105,6048
6101,6034
6103,6055
6098,6052
6112,6051
6108,6052
6101,6047
6102,6055
6120,6058
6099,6042
6102,6051
6114,6046
6112,6043
6098,6050
6104,6042
6098,6061
6099,6052
6107,6053
6098,6037
6096,6055
6094,6057
6109,6056
6096,6042
6097,6048
6104,6043
6106,6049
6105,6050
6097,6045
6106,6047
6110,6067
6102,6033
6111,6045
6103,6043
6095,6048
6106,6049
6110,6048
6106,6045
6097,6049
6104,6040
6099,6054
6096,6046
6106,6062
6097,6062
6102,6053
6094,6030
6092,6051
6106,6041
6105,6060
6100,6047
6104,6041
6098,6041
6108,6043
6094,6058
6097,6043
6102,6043
6105,6051
6099,6055
6099,6047
6106,6041
6101,6051
6119,6056
6106,6060
6101,6048
6102,6048
6102,6048
6098,6056
6093,6045
6103,6060
6109,6044
6104,6059
6102,6053
6099,6048
6106,6043
6106,6057
6105,6049
6104,6067
6110,6051
6089,6051
6108,6053
6099,6049
6111,6052
6102,6057
6105,6042
6106,6061
6096,6053
6101,6048
6114,6056
6104,6056
6117,6074
6108,6068
6111,6059
6112,6042
6110,6060
6111,6043
6112,6047
6107,6057
6114,6050
6098,6061
6114,6049
6110,6054
6107,6056
6099,6058
6104,6064
6107,6054
6102,6048
6094,6057
6109,6046
6102,6049
6106,6049
6112,6058
6107,6052
6108,6035
6112,6041
6110,6058
6110,6062
6103,6060
6104,6062
6106,6057
6106,6050
6095,6054
6100,6045
6112,6052
6104,6066
6099,6058
6109,6046
6109,6060
6105,6057
6098,6060
6105,6050
6106,6043
6108,6052
6101,6062
6105,6047
6119,6038
6102,6052
6111,6053
6097,6038
6097,6055
6103,6050
6104,6050
6100,6042
6101,6067
6108,6062
6108,6048
6102,6055
6107,6058
6108,6064
6107,6052
6099,6053
6101,6049
6110,6045
6106,6054
6110,6059
6104,6041
6105,6039
6100,6039
6092,6049
6106,6052
6100,6064
6099,6045
6097,6064
6105,6059
6104,6046
6106,6056
6119,6056
6104,6053
6110,6060
6096,6052
6102,6062
6102,6053
6111,6039
6113,6063
6125,6058
6110,6048
6114,6047
6110,6042
6118,6047
6112,6056
6114,6057
6108,6044
6121,6045
6113,6061
6116,6048
6110,6053
6107,6051
6124,6057
6121,6061
6115,6044
6111,6046
6111,6055
6120,6055
6119,6053
6115,6058
6110,6055
6110,6059
6110,6042
6116,6045
6116,6045
6115,6066
6113,6059
6111,6043
6106,6031
6108,6035
6110,6047
6107,6063
6112,6050
6106,6054
6117,6055
6000,5905
6298,6461
6141,6077
6136,6082
6146,6094
6093,6041
6104,6041
6094,6037
6114,6047
6111,6058
6115,6056
6109,6050
6112,6050
6113,6067
6113,6057
6113,6057
6112,6064
6114,6053
6120,6055
6102,6061
6109,6052
6119,6043
6112,6048
6121,6058
6106,6055
6105,6040
6103,6057
6105,6045
6121,6047
6117,6045
6116,6048
6111,6056
6114,6052
6113,6048
6120,6052
6110,6056
6115,6039
6111,6043
6114,6058
6117,6042
6101,6047
6120,6044
6121,6061
6091,6051
6113,6052
6118,6054
6103,6040
6110,6064
6106,6058
6108,6053
6119,6053
6116,6058
6109,6058
6105,6043
6108,6038
6113,6042
6117,6054
6106,6049
6110,6056
6127,6054
6116,6059
6101,6063
6113,6061
6113,6063
6114,6048
6118,6052
6109,6052
6120,6062
6112,6055
6121,6057
6122,6047
6108,6044
6117,6056
6124,6056
6113,6065
6117,6055
6113,6061
6117,6059
6114,6068
6111,6056
6126,6058
6126,6086
6117,6060
6113,6061
6119,6056
6116,6055
6124,6055
6114,6064
6107,6046
6120,6060
6125,6067
6115,6070
6113,6070
6114,6055
6120,6065
6112,6056
6112,6056
6120,6066
6117,6062
6121,6041
6120,6059
6123,6063
6120,6059
6118,6058
6122,6055
6114,6056
6120,6056
6114,6047
6116,6046
6112,6054
6113,6062
6118,6059
6117,6058
6118,6062
6111,6063
6112,6054
6114,6053
6114,6054
6114,6054
6121,6057
6112,6053
6114,6041
6124,6054
6113,6052
6120,6064
6117,6056
6118,6057
6116,6055
6122,6049
6118,6053
6116,6063
6111,6056
6112,6052
6116,6057
6108,6054
6117,6052
6112,6058
6112,6058
6112,6062
6121,6052
6121,6052
6118,6053
6122,6049
6114,6059
6114,6066
6111,6064
6115,6049
6115,6061
6118,6062
6113,6047
6114,6060
6122,6055
6119,6055
6115,6063
6119,6062
6119,6056
6116,6063
6116,6066
6114,6060
6114,6062
6126,6065
6116,6049
6116,6049
6122,6056
6118,6062
6116,6056
6119,6055
6118,6057
6109,6063
6116,6057
6112,6046
6121,6037
6108,6057
6118,6045
6128,6061
6132,6063
6121,6057
6118,6058
6121,6060
0,40
0,61680
0,0
6121,6058
5601,5573
5594,5577
5604,5579
5609,5581
5598,5585
5601,5575
5598,5590
5595,5588
5827,5755
6340,6314
6304,6288
6304,6283
6303,6306
6283,6301
6313,6306
6298,6312
6305,6310
6306,6315
6300,6315
6294,6310
6306,6327
6284,6333
6290,6336
6296,6337
6309,6323
6312,6330
6299,6334
6315,6326
6302,6329
6300,6316
6296,6321
6301,6307
6311,6307
6294,6315
6308,6314
6300,6328
6301,6318
6285,6350
6316,6352
6303,6343
6301,6322
6283,6326
6298,6331
6297,6334
6291,6329
6289,6323
6313,6337
6311,6332
6290,6332
6297,6343
6295,6345
6293,6326
6293,6324
6309,6334
6306,6331
6296,6332
6313,6318
6306,6320
6309,6321
6304,6333
6298,6321
6304,6342
6317,6313
6292,6315
6307,6338
6295,6351
6310,6344
6300,6336
6313,6332
6318,6339
6311,6314
6288,6338
6293,6338
6300,6320
6299,6306
6290,6320
6297,6315
6306,6318
6300,6332
6308,6315
6298,6316
6299,6329
6309,6329
6291,6321
6305,6328
6292,6342
6288,6348
6284,6315
6289,6327
6286,6323
6293,6336
6298,6336
6300,6338
6297,6345
6292,6357
6291,6355
6276,6336
6290,6325
6273,6338
6272,6336
6295,6313
6310,6327
6303,6325
6293,6335
6282,6326
6271,6337
6293,6346
6288,6304
6293,6342
6291,6338
6295,6343
6286,6356
6281,6311
6298,6351
6301,6345
6293,6327
6298,6335
6277,6328
6282,6346
6301,6312
6316,6337
6324,6366
6304,6360
6295,6326
6305,6336
6306,6341
6294,6339
6290,6322
6297,6314
6297,6340
6292,6324
6294,6328
6301,6321
6297,6321
6301,6340
6289,6327
6283,6333
6288,6326
6290,6334
6304,6332
6301,6325
6281,6356
6285,6349
6299,6360
6298,6346
6293,6335
6295,6342
6292,6339
6287,6327
6288,6338
6290,6339
6286,6335
6292,6337
6311,6378
6307,6357
6308,6363
6302,6330
6308,6356
6285,6347
6270,6357
6295,6333
6295,6340
6310,6341
6310,6351
6297,6361
6283,6355
6283,6347
6282,6347
6290,6356
6272,6354
6286,6335
6287,6366
6281,6345
6287,6368
6281,6347
6283,6356
6283,6333
6282,6340
6298,6354
6305,6341
6292,6332
6293,6341
6284,6331
6295,6328
6302,6339
6293,6344
6290,6342
6287,6359
6290,6348
6291,6358
6305,6343
6278,6354
6289,6341
6273,6361
6289,6378
6292,6366
6302,6354
6309,6362
6287,6367
6289,6361
6301,6353
6280,6373
6289,6348
6289,6359
6287,6366
6282,6371
6283,6353
6292,6353
6267,6350
6266,6384
6270,6369
6288,6357
6295,6369
6291,6367
6275,6360
6270,6374
6281,6351
6301,6372
6286,6392
6266,6371
6264,6371
6285,6353
6278,6365
6256,6374
6268,6369
6275,6366
6267,6372
6266,6358
6274,6376
6272,6359
6271,6374
6274,6375
6261,6354
6253,6353
6265,6355
6263,6353
6282,6378
6242,6331
6263,6370
6228,6326
6258,6353
6271,6400
6255,6381
6269,6408
6263,6406
6259,6405
6280,6402
6265,6366
6249,6385
6270,6372
6263,6373
6256,6366
6254,6359
6257,6348
6271,6374
6283,6372
6280,6378
6256,6385
6265,6358
6265,6379
6251,6370
6259,6353
6261,6377
6256,6356
6240,6368
6253,6343
6254,6358
6258,6328
6244,6352
6244,6348
6255,6346
6254,6356
6243,6370
6257,6351
6245,6368
6259,6367
6264,6369
6257,6406
6242,6368
6254,6370
6261,6384
6261,6388
6258,6388
6257,6381
6235,6354
6254,6374
6252,6395
6240,6386
6232,6416
6226,6383
6243,6379
6247,6378
6244,6381
6235,6385
6254,6385
6241,6396
6263,6393
6249,6391
6243,6366
6239,6377
6233,6352
6250,6397
6253,6365
6254,6379
6243,6391
6246,6393
6259,6395
6232,6400
6247,6374
6240,6377
6244,6363
6230,6369
6242,6354
6247,6370
6241,6398
6241,6409
6234,6379
6244,6401
6243,6388
6238,6410
6243,6418
6241,6410
6241,6383
6242,6416
6229,6390
6227,6429
6234,6409
6248,6410
6251,6407
6239,6393
6236,6392
6230,6400
6239,6396
6232,6375
6237,6384
6242,6361
6231,6389
6247,6391
6236,6370
6235,6375
6234,6386
6225,6378
6231,6384
6223,6399
6240,6392
6241,6392
6233,6372
6228,6407
6240,6384
6231,6387
6231,6395
6234,6383
6234,6372
6230,6377
6243,6383
6238,6378
6227,6363
6232,6392
6237,6395
6236,6401
6235,6372
6231,6396
6231,6409
6230,6392
6232,6386
6225,6352
6238,6386
6228,6382
6235,6391
6227,6376
6231,6402
6236,6382
6228,6396
6228,6405
6223,6396
6219,6407
6226,6397
6241,6421
6238,6398
6242,6399
6225,6393
6237,6417
6236,6397
6221,6397
6221,6408
6220,6413
6226,6426
6217,6409
6239,6408
6231,6412
6234,6395
6215,6409
6235,6406
6231,6402
6211,6401
6229,6400
6236,6401
6231,6379
6226,6394
6217,6417
6225,6395
6209,6407
6230,6396
6227,6404
6224,6405
6224,6412
6225,6406
6217,6415
6224,6405
6237,6390
6232,6407
6216,6417
6224,6413
6232,6414
6227,6400
6234,6387
6224,6382
6225,6382
6227,6399
6230,6368
6220,6370
6214,6370
6213,6362
6223,6384
6234,6392
6221,6410
6231,6388
6229,6393
6230,6401
6233,6421
6230,6400
6226,6423
6224,6421
6224,6415
6231,6400
6234,6434
6218,6423
6219,6429
6231,6432
6219,6447
6231,6422
6223,6413
6228,6412
6228,6419
6233,6408
6235,6414
6228,6422
6206,6410
6223,6428
6224,6441
6231,6405
6232,6410
6214,6417
6231,6415
6223,6418
6228,6441
6227,6405
6231,6430
6223,6429
6227,6413
6222,6408
6217,6384
6224,6383
6226,6412
6216,6400
6224,6393
6220,6394
6225,6405
6235,6400
6240,6396
6225,6405
6219,6413
6231,6392
6238,6418
6220,6440
6225,6419
6233,6391
6221,6403
6226,6404
6217,6410
6220,6410
6224,6399
6222,6405
6211,6406
6232,6396
6228,6399
6216,6407
6213,6402
6231,6398
6233,6401
6246,6399
6225,6421
6223,6402
6228,6425
6227,6417
6225,6413
6224,6418
6226,6395
6231,6430
6226,6398
6219,6381
6254,6397
6226,6388
6228,6392
6222,6401
6168,6465
6231,6346
6336,6223
6279,6445
6242,6378
6198,6387
6240,6414
6209,6391
6218,6393
6229,6418
6224,6391
6228,6410
6231,6413
6217,6403
6221,6407
6233,6359
6230,6379
6237,6419
6238,6407
6239,6408
6228,6394
6243,6419
6234,6414
6237,6396
6223,6406
6224,6399
6225,6393
6239,6421
6218,6402
6242,6381
6239,6401
6243,6404
6240,6403
6222,6376
6227,6389
6241,6385
6247,6401
6235,6416
6238,6394
6225,6384
6239,6373
6241,6384
6238,6378
6227,6376
6241,6379
6245,6401
6239,6403
6242,6405
6231,6400
6250,6366
6236,6380
6238,6390
6225,6378
6235,6384
6237,6377
6243,6394
6245,6387
6245,6371
6264,6371
6260,6394
6269,6381
6267,6379
6264,6389
6287,6369
6294,6387
6313,6370
6327,6380
6356,6376
6363,6380
6395,6349
6436,6361
6501,6374
6539,6354
6608,6366
6689,6362
6778,6370
6908,6360
6966,6370
7136,6377
7212,6382
7333,6355
7392,6338
7548,6356
7676,6349
7774,6368
7870,6342
7995,6366
8106,6364
8293,6345
8403,6378
8508,6389
8658,6381
8708,6391
8724,6381
8665,6383
8519,6402
8333,6396
8124,6408
8062,6368
7841,6409
7699,6400
7575,6382
7432,6389
7246,6398
7088,6399
6956,6412
6847,6405
6817,6432
6773,6435
6748,6437
6785,6464
6792,6485
6854,6506
6922,6516
7047,6528
7184,6553
7342,6587
7465,6601
7562,6648
7835,6686
8043,6684
8272,6711
8495,6731
8598,6717
8731,6687
9002,6744
9177,6743
9468,6774
9666,6797
9842,6858
10142,6950
10366,7001
10640,7027
10866,7112
10983,7268
10764,7397
10794,7612
10738,7813
10720,7945
10750,8110
10525,8258
10313,8383
10146,8399
9916,8410
9669,8448
9462,8511
9313,8503
8995,8503
8759,8539
8496,8575
8262,8563
8053,8483
7772,8554
7566,8503
7340,8392
7150,8274
6976,8199
6864,8133
6744,8007
6670,7856
6602,7816
6597,7715
6594,7528
6653,7437
6767,7265
6929,7161
7071,7067
7245,6944
7434,6835
7660,6770
7832,6722
8016,6660
8239,6663
8513,6664
8661,6691
8810,6750
8945,6805
9049,6935
9187,7021
9345,7182
9600,7317
9679,7590
9666,7763
9569,7997
9556,8170
9585,8403
9574,8628
9472,8901
9426,9123
9421,9304
9360,9526
9255,9689
9187,9943
8997,9925
8813,10024
8751,10056
8705,10166
8597,10152
8392,10170
8214,10199
8047,10122
7960,9961
7836,9950
7719,9854
7618,9669
7435,9524
7270,9259
7156,9048
7049,8810
6968,8590
6864,8365
6789,8157
6731,7965
6672,7740
6638,7558
6632,7424
6653,7239
6734,7130
6821,6990
6947,6874
7076,6790
7247,6730
7444,6693
7681,6635
8009,6622
8199,6596
8572,6625
8868,6650
9166,6690
9580,6736
9949,6809
10267,6857
10518,6909
10837,6999
11106,7144
11441,7197
11646,7302
11820,7425
12044,7535
12076,7665
12256,7827
12226,7970
12112,8106
11804,8244
11615,8329
11378,8508
11045,8606
10822,8843
10559,8940
10352,9058
10127,9168
9655,9268
9409,9295
9054,9358
8685,9360
8513,9391
8359,9408
8090,9406
7840,9464
7584,9387
7412,9221
7274,9222
7098,9127
6960,8961
6859,8736
6775,8544
6664,8410
6695,8201
6573,7924
6790,7834
6749,7636
6848,7412
6901,7105
7071,6997
7250,6907
7378,6763
7556,6689
7775,6624
7958,6583
8176,6594
8388,6660
8609,6723
8832,6810
9043,6948
9198,7109
9354,7256
9457,7448
9549,7620
9707,7794
9674,7982
9708,8211
9694,8373
9690,8542
9645,8764
9620,8831
9619,9043
9527,9171
9534,9291
9433,9429
9364,9450
9324,9675
9222,9783
9086,9899
9002,9868
8892,9857
8807,9855
8715,9898
8549,9879
8290,9861
8108,9726
7969,9623
7736,9490
7522,9289
7343,9104
7140,9025
7011,8928
6874,8694
6727,8417
6650,8292
6599,8023
6599,7825
6610,7590
6620,7485
6653,7317
6716,7136
6826,6999
6939,6898
7036,6845
7152,6749
7304,6702
7465,6666
7600,6632
7798,6622
7999,6606
8185,6597
8383,6622
8551,6654
8681,6699
8937,6742
9167,6836
9308,6925
9447,7058
9640,7131
9888,7223
9939,7338
9965,7491
10062,7612
9892,7834
9880,8035
9864,8258
10061,8411
9963,8484
9924,8679
9747,8824
9629,8955
9474,9085
9397,9107
9254,9098
9178,9083
9030,9147
8796,9195
8709,9183
8460,9128
8355,9037
8175,8972
7967,8883
7804,8784
7617,8676
7364,8554
7224,8403
7083,8313
6968,8214
6854,8074
6749,7952
6641,7791
6628,7633
6619,7465
6615,7268
6632,7173
6699,7047
6805,6966
6910,6802
7063,6723
7212,6652
7373,6558
7610,6496
7848,6472
8098,6460
8387,6480
8643,6511
8878,6553
9150,6593
9362,6678
9540,6756
9871,6853
10103,6969
10370,7105
10556,7225
10545,7355
10615,7492
10629,7674
10681,7778
10725,7982
10837,8099
10789,8291
10673,8340
10528,8506
10491,8607
10182,8622
10006,8843
9837,8868
9604,8966
9416,9077
9152,9053
8920,9113
8741,9138
8457,9239
8250,9285
7961,9141
7786,9066
7577,9001
7400,8867
7216,8763
7017,8652
6868,8570
6760,8419
6666,8141
6605,7996
6536,7836
6491,7704
6486,7514
6519,7334
6552,7171
6638,7025
6708,6861
6799,6760
6933,6681
7044,6575
7192,6536
7335,6484
7533,6474
7715,6473
7831,6494
8062,6557
8155,6598
8316,6665
8361,6756
8462,6852
8633,7011
8742,7134
8829,7241
8928,7372
9025,7521
9155,7708
9244,7854
9192,8023
9314,8247
9302,8359
9227,8420
9252,8517
9322,8655
9286,8722
9236,8858
9139,8910
8932,8899
8901,8970
8767,8964
8621,9050
8556,9044
8360,9040
8187,8917
7964,8816
7821,8741
7690,8633
7473,8454
7352,8386
7162,8244
7033,8072
6920,7897
6832,7736
6758,7658
6696,7501
6641,7405
6618,7259
6625,7123
6639,6962
6628,6855
6697,6803
6754,6745
6829,6655
6926,6575
7029,6543
7133,6521
7232,6500
7362,6477
7548,6482
7650,6481
7791,6525
7879,6577
8020,6652
8188,6695
8355,6771
8558,6887
8712,7002
8841,7140
8989,7241
9185,7366
9283,7480
9419,7692
9701,7869
9703,8001
9737,8177
9949,8248
10044,8402
10004,8537
9911,8660
9988,8754
9940,8821
9839,8783
9761,8880
9525,8892
9411,8848
9191,8815
8965,8918
8755,8921
8497,8946
8286,8818
8077,8724
7828,8659
7648,8546
7436,8364
7272,8284
7069,8150
6950,7920
6814,7841
6678,7649
6800,7688
6792,7477
6603,7363
6666,7232
6679,7115
6729,7112
6807,7002
6875,6864
6960,6775
7088,6760
7152,6664
7329,6617
7470,6526
7677,6500
7845,6482
7975,6472
8162,6491
8330,6527
8441,6593
8690,6636
8860,6744
8949,6846
9027,6976
9167,7136
9272,7322
9407,7515
9530,7736
9515,7853
9517,8038
9560,8236
9497,8334
9609,8417
9579,8698
9334,8773
9215,8846
9113,8932
8993,9088
8883,9082
8756,9083
8700,9090
8454,9156
8303,9110
8075,9020
7917,8987
7727,8885
7569,8703
7416,8632
7315,8571
7181,8507
7001,8349
6938,8209
6814,8032
6742,7908
6658,7794
6600,7630
6577,7470
6540,7360
6563,7256
6568,7077
6627,6985
6656,6901
6716,6823
6826,6704
6952,6625
7049,6553
7170,6519
7322,6464
7479,6445
7634,6443
7770,6458
7947,6467
8275,6506
8462,6541
8628,6639
8798,6703
8928,6813
9092,6917
9233,7039
9555,7138
9677,7252
9679,7423
9629,7566
9743,7669
9982,7789
10119,7905
10010,8015
9963,8132
9920,8206
9806,8339
9896,8450
9831,8428
9651,8561
9389,8627
9233,8599
9076,8662
8855,8634
8644,8573
8406,8579
8109,8547
7982,8507
7749,8430
7587,8321
7378,8221
7174,8208
7016,8110
6870,7972
6773,7791
6653,7705
6564,7472
6559,7416
6523,7324
6545,7198
6623,7047
6698,6973
6855,6827
7011,6756
7148,6697
7317,6620
7617,6525
7901,6488
8096,6445
8249,6420
8617,6392
8944,6410
9116,6443
9343,6507
9578,6599
9723,6693
9859,6789
9939,6953
10135,7055
10141,7230
10249,7411
10236,7658
10133,7758
10076,7901
9902,8123
9789,8353
9630,8498
9580,8661
9331,8832
9267,9055
9007,9054
8815,9237
8660,9421
8519,9582
8270,9568
8093,9510
7974,9524
7793,9672
7683,9648
7606,9572
7470,9520
7396,9440
7333,9241
7215,9131
7070,9098
6986,8846
6919,8688
6870,8406
6752,8195
6701,7960
6648,7883
6623,7601
6587,7419
6558,7227
6553,7034
6603,6886
6657,6783
6773,6674
6857,6575
7012,6524
7170,6475
7338,6486
7552,6453
7880,6484
8110,6501
8460,6568
8767,6632
8949,6701
9259,6780
9568,6846
9754,6938
10035,6997
10440,7075
10584,7204
10715,7274
10787,7357
10756,7437
10813,7590
10895,7614
10805,7684
10683,7795
10564,7847
10484,7941
10414,8060
10293,8194
10034,8244
9721,8412
9425,8543
9090,8578
8843,8600
8743,8714
8489,8770
8289,8829
8112,8935
7883,8893
7647,9013
7482,9022
7376,8959
7263,8861
7118,8832
6967,8623
6875,8422
6840,8331
6733,8052
6673,7904
6673,7742
6655,7583
6679,7406
6697,7247
6765,7055
6847,6909
6969,6772
7099,6677
7256,6576
7432,6531
7688,6483
7904,6457
8160,6486
8372,6493
8619,6566
8858,6655
8982,6708
9231,6843
9572,6997
9814,7086
10005,7241
10241,7350
10377,7517
10577,7655
10867,7830
11123,7995
11092,8148
11143,8326
11069,8321
11101,8498
11202,8656
11191,8646
11092,8762
11063,8959
10923,9006
10594,9180
10449,9211
10387,9342
10113,9279
9845,9390
9485,9293
9222,9269
9012,9223
8810,9154
8495,9150
8230,9096
7984,9024
7782,8841
7532,8759
7386,8650
7069,8551
7042,8396
6955,8223
6896,8017
6831,7886
6852,7705
6875,7517
6936,7364
7017,7264
7136,7155
7278,7018
7418,6897
7639,6815
7862,6715
8175,6695
8396,6626
8730,6612
8911,6622
9267,6620
9494,6694
9843,6770
10084,6849
10449,7014
10822,7150
11070,7317
11392,7459
11786,7666
12080,7884
12308,8176
12261,8473
12476,8684
12786,8816
12838,9078
12847,9222
12675,9401
12719,9621
12637,9743
12629,9871
12419,10005
12202,10026
11794,10228
11529,10341
11228,10328
10875,10325
10597,10237
10129,10215
9839,10125
9523,9995
9226,9865
8890,9715
8616,9679
8287,9456
7933,9442
7636,9320
7395,9090
7182,8945
6976,8671
6882,8446
6869,8360
6840,8168
6858,7893
6919,7713
7057,7520
7186,7382
7343,7197
7559,7051
7768,6911
7991,6803
8247,6753
8626,6700
8945,6664
9300,6715
9717,6750
10049,6850
10463,7022
10858,7148
11193,7348
11557,7510
11923,7719
12189,8034
12546,8323
12668,8575
12973,8885
12855,9112
12983,9307
12997,9631
12729,9927
12751,10181
12698,10278
12501,10507
12301,10676
12111,10902
11905,11189
11610,11482
11049,11429
10529,11364
10330,11582
9850,11650
9393,11626
9080,11415
8709,11238
8339,11191
7930,10970
7751,10866
7572,10636
7353,10488
7182,10233
7105,10060
7048,9925
6865,9647
6641,9437
6440,9044
6337,8802
6252,8561
6198,8311
6171,7941
6175,7722
6162,7475
6152,7260
6160,7061
6149,6928
6161,6815
6146,6703
6148,6684
6154,6671
6156,6705
6143,6766
6126,6840
6138,6997
6133,7089
6146,7281
6122,7501
6123,7705
6126,7863
6134,8152
6137,8419
6130,8702
6127,8897
6122,9091
6136,9272
6124,9496
6122,9578
6122,9779
6121,9882
6119,9992
6121,9993
6122,10177
6109,10224
6127,10281
6126,10267
6118,10203
6117,9976
6120,9841
6118,9956
6112,9913
6124,9718
6115,9766
6118,9493
6122,9539
6107,9236
6116,9222
6111,8934
6112,8590
6110,8545
6114,8337
6114,7736
6112,7127
6113,6680
6110,6388
6102,6264
6123,6217
6108,6174
6106,6163
6112,6162
6113,6139
6116,6133
6107,6115
6102,6114
6110,6116
6103,6114
6106,6106
6109,6109
6109,6105
6108,6104
6104,6065
6106,6093
6104,6071
6104,6073
6103,6087
6104,6073
6106,6082
6105,6077
6105,6061
6112,6072
6104,6074
6107,6067
6108,6070
6102,6063
6109,6058
6100,6066
6103,6069
6113,6065
6109,6073
6107,6064
6105,6060
6106,6064
6103,6044
6106,6049
6104,6059
6110,6063
6114,6060
6109,6069
6110,6072
6105,6060
6103,6064
6109,6061
6112,6067
6105,6054
6113,6064
6113,6053
6112,6089
6113,6060
6111,6062
6103,6040
6115,6063
6105,6063
6115,6044
6119,6063
6119,6057
6112,6054
6121,6063
6099,6041
6111,6056
6109,6064
6091,6064
6110,6040
6107,6047
6108,6057
6110,6053
6111,6049
6109,6057
6108,6046
6107,6053
6105,6066
6121,6054
6111,6050
6106,6039
6114,6056
6106,6050
6106,6035
6111,6060
6111,6050
6114,6039
6109,6058
6114,6043
6111,6047
6106,6056
6100,6051
6115,6042
6110,6042
6113,6055
6108,6035
6109,6054
6113,6045
6106,6053
6099,6054
6108,6041
6103,6034
6102,5934
6106,6019
6130,6060
6130,6043
6077,6028
6125,6065
6104,6031
6109,6061
6116,6035
6102,6031
6108,6045
6112,6058
6105,6051
6106,6055
6102,6065
6091,6051
6104,6051
6115,6059
6107,6047
6102,6049
6100,6029
6103,6048
6107,6058
6102,6057
6111,6054
6103,6047
6105,6056
6110,6059
6113,6052
6103,6051
6111,6036
6099,6054
6115,6052
6103,6056
6106,6051
6108,6046
6103,6067
6105,6060
6110,6029
6109,6050
6094,6059
6103,6041
6107,6041
6117,6052
6108,6062
6106,6056
6098,6035
6108,6054
6108,6061
6104,6051
6110,6055
6094,6053
6102,6058
6100,6069
6115,6058
6103,6047
6110,6042
6106,6052
6092,6064
6102,6042
6105,6054
6103,6055
6108,6053
6117,6056
6099,6048
6098,6035
6103,6053
6102,6045
6105,6060
6124,6049
6110,6049
6096,6049
6098,6035
6103,6059
6108,6045
6105,6045
6098,6045
6099,6038
6104,6045
6104,6056
6104,6057
6107,6066
6104,6053
6099,6035
6100,6046
6099,6038
6097,6059
6099,6037
6106,6055
6112,6042
6108,6060
6105,6061
6110,6046
6099,6048
6102,6057
6106,6059
6105,6050
6097,6048
6097,6073
6105,6044
6100,6043
6108,6043
6099,6052
6093,6030
6095,6057
6101,6044
6093,6055
6094,6053
6100,6063
6105,6065
6102,6044
6090,6040
6099,6042
6107,6048
6101,6049
6107,6048
6105,6050
6102,6042
6102,6048
6107,6044
6103,6051
6099,6055
6105,6042
6096,6050
6095,6056
6102,6065
6102,6065
6095,6049
6103,6047
6102,6049
6113,6055
6099,6044
6102,6046
6095,6054
6109,6044
6110,6049
6106,6060
6091,6050
6103,6059
6102,6058
6098,6049
6105,6051
6099,6059
6099,6061
6104,6064
6103,6070
6105,6055
6101,6054
6103,6042
6099,6064
6101,6054
6100,6062
6102,6054
6103,6065
6098,6058
6106,6049
6099,6054
6106,6055
6092,6070
6107,6061
6104,6047
6099,6061
6108,6053
6108,6060
6111,6054
6103,6062
6104,6054
6109,6058
6102,6053
6104,6049
6109,6056
6101,6054
6095,6057
6104,6044
6101,6057
6110,6058
6114,6046
6116,6049
6108,6053
6107,6043
6119,6063
6104,6041
6113,6041
6110,6063
6107,6042
6106,6056
6106,6073
6116,6056
6105,6060
6105,6059
6104,6042
6106,6048
6107,6044
6110,6063
6108,6058
6103,6062
6114,6060
6112,6055
6108,6054
6108,6058
6108,6067
6104,6069
6108,6039
6093,6044
6108,6057
6103,6060
6114,6048
6109,6057
6107,6060
6103,6055
6106,6051
6104,6050
6108,6039
6110,6042
6109,6046
6100,6054
6101,6043
6111,6053
6103,6056
6104,6057
6105,6053
6098,6055
6095,6057
6101,6062
6097,6024
6103,6049
6112,6052
6112,6057
6096,6057
6103,6048
6115,6054
6096,6040
6102,6044
6097,6044
6110,6042
6102,6047
6107,6055
6082,6062
6098,6071
6103,6039
6104,6037
6107,6055
6104,6042
6102,6055
6106,6049
6112,6042
6105,6044
6108,6062
6114,6063
6116,6055
6110,6049
6099,6050
6111,6046
6110,6047
6111,6047
6109,6049
6118,6058
6111,6062
6108,6047
6110,6048
6113,6039
6104,6062
6109,6054
6108,6053
6120,6049
6115,6050
6111,6055
5992,5985
6189,6110
6073,6013
6103,6035
6108,6036
6111,6029
6113,6039
6118,6047
6137,6059
6117,6056
6109,6037
6111,6054
6111,6032
6107,6049
6110,6051
6116,6053
6112,6067
6121,6047
6111,6036
6111,6051
6105,6053
6110,6046
6113,6052
6102,6057
6115,6047
6113,6054
6108,6052
6110,6061
6106,6058
6107,6063
6109,6043
6111,6052
6115,6067
6110,6058
6110,6046
6118,6058
6111,6048
6115,6054
6120,6060
6114,6061
6117,6048
6105,6058
6101,6055
6125,6051
6105,6049
6117,6049
6114,6057
6115,6055
6117,6056
6106,6047
6104,6055
6114,6053
6118,6033
6119,6042
6113,6036
6111,6043
6108,6045
6109,6028
6114,6053
6115,6050
6110,6050
6108,6052
6106,6045
6114,6045
6114,6061
6107,6057
6111,6041
6120,6057
6102,6045
6115,6056
6111,6067
6109,6052
6116,6057
6105,6053
6108,6054
6098,6048
6115,6053
6108,6054
6100,6065
6093,6058
6118,6053
6110,6041
6110,6038
6106,6049
6122,6054
6114,6048
6111,6044
6111,6044
6130,6060
6113,6054
6107,6055
6108,6052
6123,6053
6115,6060
6111,6064
6117,6047
6100,6040
6120,6063
6124,6060
6106,6077
6106,6049
6109,6069
6113,6061
6110,6060
6107,6057
6116,6041
6117,6056
6114,6053
6104,6042
6116,6051
6115,6056
6122,6059
6115,6062
6111,6062
6126,6066
6117,6065
6114,6052
6110,6064
6116,6063
6115,6058
6116,6064
6109,6060
6112,6063
6120,6053
6115,6049
6120,6053
6120,6053
6109,6046
6114,6057
6106,6057
6113,6063
6122,6052
6113,6058
6112,6057
6122,6056
6110,6064
6120,6066
6117,6056
6119,6056
6114,6064
6112,6049
6122,6047
6111,6064
6120,6049
6109,6064
6114,6034
6116,6077
6107,6055
6107,6055
6116,6046
6119,6059
6119,6052
6112,6060
6121,6051
6114,6051
6112,6057
6114,6059
6122,6059
6111,6058
6116,6058
6114,6061
6117,6057
6110,6048
6119,6040
6118,6061
6117,6050
6116,6057
6123,6055
6110,6059
6117,6057
6117,6057
6119,6047
6117,6059
6118,6057
6115,6060
6112,6039
6118,6049
6112,6047
6110,6060
6117,6058
6110,6046
6111,6060
6118,6058
6114,6057
6113,6062
6119,6060
6114,6057
6120,6058
6123,6051
6118,6066
6115,6051
6119,6065
6119,6065
6124,6056
6118,6060
6118,6061
6116,6048
6123,6056
6122,6055
6109,6068
6126,6061
6120,6057
6122,6059
6119,6055
0,36
0,61680
0,0
6117,6065
5608,5576
5593,5576
5602,5589
5599,5571
5605,5574
5605,5578
5603,5580
5602,5590
5829,5749
6334,6309
6304,6308
6313,6289
6298,6310
6293,6306
6312,6304
6303,6296
6305,6305
6305,6298
6301,6316
6300,6308
6309,6331
6284,6319
6305,6338
6302,6337
6303,6320
6321,6308
6288,6327
6312,6320
6315,6329
6304,6317
6274,6310
6307,6316
6297,6320
6307,6331
6314,6328
6320,6321
6294,6337
6291,6350
6292,6342
6281,6329
6290,6339
6294,6329
6303,6343
6305,6326
6294,6339
6286,6332
6305,6351
6299,6334
6282,6333
6286,6323
6294,6340
6307,6337
6309,6327
6306,6344
6312,6342
6303,6334
6301,6327
6324,6344
6301,6323
6318,6329
6308,6350
6288,6337
6303,6317
6303,6338
6298,6342
6299,6346
6319,6349
6321,6328
6318,6319
6314,6340
6311,6327
6287,6330
6282,6341
6288,6322
6290,6316
6289,6336
6312,6322
6306,6329
6291,6333
6296,6316
6307,6302
6299,6335
6309,6326
6308,6321
6301,6314
6306,6336
6283,6331
6272,6340
6278,6324
6288,6344
6288,6333
6287,6330
6312,6340
6305,6345
6288,6352
6298,6347
6303,6342
6291,6344
6294,6331
6284,6325
6288,6314
6316,6320
6308,6323
6289,6332
6294,6343
6273,6327
6298,6324
6295,6338
6285,6326
6291,6336
6291,6337
6301,6347
6292,6328
6286,6340
6293,6336
6297,6330
6305,6348
6289,6320
6286,6343
6305,6319
6323,6332
6323,6342
6294,6354
6296,6339
6303,6343
6307,6350
6294,6347
6292,6344
6298,6336
6290,6334
6292,6326
6299,6310
6299,6320
6286,6329
6295,6320
6287,6338
6287,6328
6301,6327
6291,6320
6305,6337
6304,6331
6281,6367
6284,6347
6289,6344
6308,6353
6300,6329
6298,6347
6287,6336
6288,6343
6289,6344
6291,6348
6273,6335
6297,6351
6298,6344
6311,6341
6312,6349
6297,6347
6300,6351
6297,6346
6298,6341
6299,6351
6303,6330
6299,6320
6303,6350
6296,6363
6290,6368
6301,6347
6286,6333
6281,6344
6285,6354
6287,6355
6307,6359
6272,6349
6272,6360
6282,6346
6289,6383
6284,6320
6288,6330
6296,6353
6300,6342
6296,6339
6302,6346
6282,6329
6281,6321
6297,6347
6296,6342
6284,6352
6295,6343
6266,6361
6305,6349
6311,6343
6281,6344
6284,6357
6301,6375
6305,6359
6289,6367
6299,6366
6292,6361
6292,6363
6272,6343
6290,6361
6287,6358
6281,6350
6285,6358
6293,6361
6287,6379
6291,6363
6283,6341
6274,6346
6275,6385
6285,6355
6280,6360
6336,6208
6187,6273
6281,6373
6297,6393
6282,6365
6269,6343
6271,6375
6281,6382
6246,6359
6274,6360
6272,6361
6262,6360
6263,6351
6271,6349
6258,6350
6268,6360
6264,6365
6279,6374
6286,6358
6263,6398
6266,6358
6258,6363
6272,6366
6264,6362
6271,6362
6267,6346
6265,6368
6254,6356
6270,6390
6268,6366
6258,6398
6245,6380
6264,6390
6267,6401
6259,6385
6267,6383
6253,6386
6268,6375
6276,6360
6265,6380
6261,6370
6254,6346
6264,6380
6273,6394
6274,6384
6261,6382
6263,6394
6266,6402
6264,6375
6263,6361
6263,6370
6243,6372
6255,6362
6246,6325
6257,6392
6253,6340
6257,6356
6240,6379
6252,6385
6256,6354
6252,6379
6244,6356
6233,6355
6252,6369
6279,6365
6265,6387
6239,6376
6250,6346
6252,6372
6260,6377
6259,6384
6245,6368
6248,6385
6268,6390
6248,6392
6252,6372
6237,6390
6253,6406
6240,6385
6246,6386
6244,6364
6238,6357
6248,6388
6248,6380
6255,6403
6242,6386
6239,6370
6241,6370
6246,6383
6241,6364
6252,6378
6243,6379
6251,6388
6264,6394
6253,6384
6246,6385
6248,6382
6237,6354
6234,6365
6235,6360
6244,6357
6235,6386
6232,6402
6241,6406
6242,6399
6231,6448
6233,6392
6238,6409
6236,6417
6235,6403
6242,6405
6247,6397
6233,6409
6226,6413
6237,6409
6231,6413
6240,6399
6246,6398
6251,6405
6225,6377
6214,6394
6249,6365
6244,6370
6252,6386
6243,6386
6244,6392
6249,6380
6243,6389
6241,6402
6244,6385
6235,6396
6216,6402
6244,6383
6247,6387
6250,6375
6237,6378
6228,6364
6233,6384
6231,6396
6227,6365
6246,6381
6228,6390
6247,6386
6222,6376
6228,6374
6231,6372
6254,6395
6229,6386
6248,6397
6228,6407
6232,6404
6227,6391
6228,6383
6233,6377
6227,6377
6226,6382
6230,6385
6225,6373
6229,6419
6247,6390
6233,6408
6240,6410
6234,6398
6222,6390
6227,6406
6237,6409
6229,6396
6235,6415
6229,6403
6232,6403
6219,6410
6223,6403
6232,6421
6229,6403
6228,6406
6228,6402
6227,6402
6235,6412
6233,6362
6231,6391
6217,6409
6248,6403
6220,6380
6225,6402
6225,6414
6241,6407
6228,6420
6240,6407
6225,6411
6214,6425
6217,6413
6232,6422
6231,6395
6229,6399
6220,6410
6213,6401
6231,6394
6216,6425
6230,6407
6223,6404
6223,6410
6240,6410
6230,6423
6232,6415
6219,6394
6219,6393
6234,6385
6235,6398
6231,6362
6223,6368
6220,6396
6220,6380
6237,6397
6237,6395
6227,6392
6226,6410
6227,6407
6222,6387
6225,6402
6230,6437
6222,6403
6218,6438
6218,6417
6232,6428
6232,6434
6217,6438
6225,6438
6222,6447
6226,6420
6232,6426
6220,6419
6234,6417
6231,6438
6239,6398
6235,6414
6225,6416
6212,6419
6219,6421
6235,6434
6230,6416
6228,6431
6228,6431
6227,6422
6230,6444
6226,6414
6213,6425
6222,6411
6211,6395
6224,6397
6220,6383
6219,6395
6223,6403
6233,6388
6215,6394
6225,6414
6227,6410
6235,6402
6234,6403
6231,6377
6217,6410
6230,6398
6236,6401
6220,6426
6228,6403
6225,6395
6219,6401
6222,6407
6094,6416
6363,6545
6168,6353
6253,6431
6202,6364
6250,6428
6222,6392
6212,6383
6243,6388
6243,6419
6228,6391
6226,6405
6229,6393
6230,6415
6231,6428
6224,6425
6224,6419
6229,6406
6236,6415
6221,6416
6233,6401
6225,6385
6247,6388
6236,6388
6245,6385
6230,6408
6229,6397
6224,6396
6223,6383
6229,6417
6227,6414
6232,6389
6233,6416
6218,6390
6230,6402
6239,6409
6229,6412
6239,6404
6236,6422
6222,6382
6228,6404
6240,6353
6235,6400
6238,6398
6237,6406
6231,6406
6234,6423
6242,6420
6243,6417
6227,6432
6239,6418
6238,6389
6232,6389
6244,6407
6231,6397
6240,6377
6233,6381
6245,6375
6236,6396
6235,6371
6236,6396
6235,6394
6236,6402
6247,6392
6229,6381
6235,6390
6231,6367
6231,6384
6240,6380
6231,6361
6237,6390
6237,6397
6243,6400
6245,6393
6235,6388
6250,6368
6247,6394
6244,6366
6229,6366
6239,6369
6231,6360
6242,6404
6253,6397
6254,6348
6255,6374
6266,6382
6259,6392
6251,6393
6267,6398
6280,6397
6297,6374
6321,6389
6324,6248
6341,6372
6361,6374
6398,6367
6431,6366
6502,6374
6545,6360
6631,6372
6696,6396
6819,6355
6896,6333
6969,6369
7110,6356
7268,6371
7319,6365
7420,6370
7583,6344
7697,6354
7739,6340
7886,6350
8022,6339
8122,6359
8252,6374
8436,6373
8557,6387
8705,6376
8781,6374
8742,6387
8687,6385
8599,6392
8392,6385
8249,6394
8034,6398
7920,6400
7821,6395
7666,6381
7484,6371
7337,6371
7131,6400
6952,6400
6886,6419
6836,6430
6793,6433
6772,6416
6784,6458
6813,6476
6867,6514
6945,6504
7046,6530
7199,6566
7312,6587
7475,6613
7667,6641
7879,6698
8124,6694
8420,6691
8571,6704
8721,6716
8878,6703
9058,6740
9169,6745
9514,6802
9866,6780
9872,6855
10128,6961
10352,7003
10632,7057
10740,7100
10909,7235
10808,7422
10737,7588
10762,7813
10750,8040
10830,8170
10621,8329
10368,8406
10215,8528
9958,8468
9738,8496
9558,8534
9285,8708
8973,8590
8789,8658
8532,8610
8276,8538
8039,8446
7802,8412
7574,8330
7362,8386
7177,8289
6981,8154
6841,8234
6725,8123
6672,7938
6608,7840
6575,7704
6603,7612
6643,7469
6785,7321
6924,7174
7072,7067
7247,6973
7475,6831
7628,6755
7811,6730
7996,6671
8226,6649
8519,6658
8626,6706
8800,6741
8980,6809
9093,6922
9265,7024
9375,7155
9610,7334
9687,7570
9632,7810
9634,8041
9530,8225
9463,8476
9506,8650
9484,8923
9429,9180
9457,9372
9389,9562
9250,9684
9192,9966
9011,9958
8823,10045
8697,10073
8644,10134
8506,10086
8387,10112
8224,10032
8072,10058
7950,9899
7798,9872
7721,9846
7554,9680
7419,9475
7245,9232
7125,8997
7049,8846
6955,8561
6849,8386
6793,8171
6721,7929
6682,7706
6648,7569
6637,7408
6658,7245
6750,7122
6831,6971
6945,6881
7076,6789
7247,6722
7490,6670
7692,6640
8034,6596
8196,6602
8591,6626
8958,6651
9251,6680
9708,6726
9992,6792
10248,6882
10572,6925
10850,6989
11110,7083
11430,7200
11707,7298
11978,7454
12152,7518
12229,7663
12394,7828
12352,7981
12083,8084
12032,8427
11956,8434
11192,8184
11264,8738
10936,8819
10620,8967
10448,9023
10076,9184
9705,9244
9453,9333
9098,9329
8771,9368
8486,9374
8354,9465
8084,9455
7830,9501
7607,9458
7430,9320
7269,9266
7106,9205
6996,9046
6859,8793
6724,8568
6667,8386
6662,8217
6640,7992
6687,7818
6709,7630
6789,7396
6917,7158
7084,7020
7231,6906
7391,6744
7543,6703
7754,6639
7942,6591
8090,6598
8375,6662
8561,6733
8878,6813
9022,6928
9161,7105
9196,7306
9343,7457
9506,7606
9656,7851
9727,8016
9698,8246
9664,8388
9630,8584
9623,8816
9567,8902
9538,9071
9516,9256
9520,9283
9405,9465
9287,9517
9316,9663
9109,9799
9023,9946
8903,9911
8840,9854
8793,9867
8583,9813
8497,9876
8309,9832
8104,9646
7971,9577
7699,9444
7512,9330
7329,9135
7134,9006
7011,8895
6874,8643
6761,8422
6663,8257
6596,8087
6590,7799
6617,7620
6626,7478
6651,7305
6726,7146
6831,6996
6942,6903
7064,6824
7171,6744
7324,6709
7458,6663
7619,6632
7848,6596
8007,6596
8223,6592
8386,6617
8541,6635
8753,6681
8967,6752
9102,6831
9326,6953
9507,7050
9628,7125
9841,7249
9947,7347
9896,7509
10003,7640
9953,7867
9942,8056
10003,8235
9998,8327
9924,8517
9901,8717
9790,8847
9659,8961
9533,9060
9360,9093
9198,9076
9101,9171
9005,9167
8845,9175
8672,9155
8543,9139
8294,9040
8176,8992
7981,8903
7688,8779
7608,8705
7401,8566
7261,8401
7074,8311
6947,8179
6832,8008
6736,7900
6641,7752
6630,7638
6593,7459
6591,7309
6633,7182
6681,7036
6773,6912
6911,6807
7059,6732
7227,6635
7379,6575
7605,6517
7881,6508
8111,6485
8354,6493
8631,6485
8901,6543
9125,6586
9311,6685
9520,6806
9810,6861
10140,7008
10412,7126
10609,7209
10569,7362
10554,7514
10631,7614
10685,7771
10826,7897
10804,8072
10808,8252
10640,8444
10520,8517
10380,8545
10222,8692
10113,8870
9888,8986
9641,9008
9381,9051
9098,9081
8922,9083
8767,9180
8542,9267
8223,9250
7934,9117
7758,9047
7552,8920
7390,8813
7226,8736
7036,8631
6872,8557
6762,8400
6641,8176
6600,8015
6545,7843
6523,7697
6508,7491
6501,7320
6561,7174
6610,7031
6714,6898
6811,6780
6943,6673
7045,6594
7197,6524
7306,6514
7517,6467
7663,6468
7867,6490
8003,6550
8210,6605
8328,6664
8411,6754
8525,6868
8607,7033
8700,7111
8845,7236
8913,7371
9043,7546
9173,7701
9247,7826
9225,8002
9264,8224
9309,8388
9217,8403
9232,8530
9335,8650
9277,8764
9181,8865
9052,8921
8956,8871
8858,8887
8762,8989
8587,9035
8553,9071
8345,9063
8193,8933
7963,8855
7853,8781
7678,8651
7480,8487
7371,8369
7174,8227
7062,8077
6962,7917
6851,7729
6753,7639
6686,7551
6645,7422
6622,7239
6620,7120
6607,6978
6655,6868
6684,6821
6749,6714
6821,6644
6947,6585
7050,6564
7132,6525
7230,6499
7355,6487
7528,6500
7702,6501
7823,6521
7942,6603
8029,6653
8171,6705
8344,6768
8512,6871
8710,6990
8858,7110
8968,7200
9166,7372
9263,7508
9410,7696
9639,7913
9704,8005
9783,8155
9936,8279
10032,8408
9975,8537
9917,8634
9989,8818
9954,8828
9876,8841
9812,8946
9519,8918
9386,8836
9236,8821
8989,8886
8769,8892
8551,8897
8288,8857
8064,8704
7857,8686
7662,8582
7443,8362
7284,8259
7091,8114
6933,7962
6808,7826
6732,7758
6682,7649
6670,7486
6627,7368
6670,7282
6690,7180
6740,7119
6800,6967
6883,6865
6994,6783
7078,6720
7188,6688
7320,6584
7489,6534
7670,6512
7826,6485
7994,6479
8107,6484
8360,6552
8492,6593
8614,6650
8835,6740
8925,6862
9056,6986
9130,7146
9243,7305
9424,7490
9589,7724
9532,7868
9543,8060
9559,8223
9613,8355
9618,8488
9538,8663
9331,8707
9206,8838
9085,8912
9050,9015
8883,9025
8802,9089
8657,9019
8428,9123
8238,9071
8038,9009
7901,8993
7729,8897
7573,8668
7420,8624
7283,8537
7188,8473
7018,8373
6908,8133
6837,8055
6729,7913
6679,7743
6610,7630
6579,7462
6546,7371
6571,7244
6593,7124
6615,6990
6647,6901
6745,6818
6793,6722
6950,6639
7035,6570
7185,6525
7349,6451
7509,6440
7639,6437
7767,6446
7969,6458
8263,6513
8491,6562
8626,6652
8837,6734
8960,6803
9055,6915
9300,7018
9519,7152
9680,7294
9696,7455
9672,7554
9766,7646
9977,7808
10114,7923
10015,8054
9925,8131
9933,8159
9797,8318
9882,8418
9815,8462
9642,8539
9355,8649
9190,8649
9011,8689
8843,8623
8713,8603
8434,8586
8128,8510
7992,8462
7752,8438
7581,8347
7389,8221
7168,8234
7013,8126
6878,7965
6782,7803
6670,7664
6607,7486
6556,7414
6514,7315
6544,7217
6610,7069
6720,6967
6822,6816
6978,6752
7182,6701
7331,6608
7609,6529
7884,6479
8079,6427
8292,6379
8601,6407
8889,6393
9174,6441
9371,6482
9563,6572
9803,6698
9902,6818
9988,6952
10131,7075
10168,7226
10336,7441
10260,7611
10102,7759
10010,7917
9890,8130
9826,8351
9606,8544
9506,8632
9364,8872
9241,9071
9059,9101
8853,9245
8648,9427
8541,9620
8275,9600
8087,9481
8019,9538
7822,9683
7707,9684
7639,9618
7511,9523
7384,9426
7327,9275
7197,9114
7089,9030
6996,8909
6915,8653
6844,8397
6797,8180
6706,7984
6674,7826
6608,7585
6587,7406
6558,7241
6550,7042
6602,6911
6678,6794
6770,6672
6853,6590
6996,6531
7150,6488
7345,6458
7559,6453
7831,6465
8091,6505
8402,6571
8721,6635
8922,6678
9261,6768
9557,6852
9736,6948
10082,7044
10394,7068
10551,7203
10648,7281
10744,7345
10762,7426
10790,7535
10942,7619
10811,7675
10656,7787
10591,7915
10488,7941
10412,8034
10294,8169
10059,8261
9738,8411
9505,8518
9167,8590
8880,8603
8761,8687
8538,8767
8309,8798
8105,8876
7861,8909
7635,9023
7496,9068
7370,8966
7252,8878
7106,8838
6960,8673
6909,8479
6828,8337
6725,8101
6685,7927
6653,7761
6661,7620
6705,7399
6683,7254
6764,7078
6845,6911
6973,6754
7107,6691
7270,6576
7431,6517
7681,6475
7864,6468
8125,6477
8354,6504
8615,6578
8861,6647
8955,6741
9240,6854
9532,6998
9852,7120
10001,7233
10209,7348
10382,7531
10607,7690
10847,7813
11111,7963
11270,8287
11090,8310
11000,8396
11162,8496
11245,8496
11168,8676
11113,8792
11070,9034
10897,9066
10623,9122
10536,9180
10377,9321
10041,9306
9785,9419
9457,9403
9181,9368
8988,9274
8752,9172
8466,9126
8271,9095
7987,9042
7730,8925
7503,8795
7341,8539
7152,8364
7002,8352
6931,8277
6873,8031
6834,7905
6854,7701
6860,7486
6906,7340
7039,7250
7150,7156
7270,7007
7381,6881
7581,6769
7814,6695
8125,6682
8400,6634
8636,6613
8857,6644
9180,6638
9457,6686
9850,6764
10151,6877
10465,6989
10842,7173
11041,7305
11468,7436
11803,7657
12066,7868
12239,8161
12418,8446
12346,8672
12643,8849
12703,9068
12670,9206
12766,9440
12832,9638
12670,9749
12481,9912
12410,10004
12145,10028
11739,10198
11425,10377
11160,10280
10884,10296
10588,10263
10180,10239
9891,10104
9579,10023
9239,9835
8925,9715
8610,9590
8243,9396
7902,9396
7660,9290
7411,9118
7183,9009
6980,8745
6863,8470
6857,8331
6839,8165
6850,7963
6922,7771
7053,7585
7199,7425
7334,7281
7553,7080
7770,6963
7991,6803
8247,6772
8582,6706
8896,6647
9282,6697
9722,6761
10020,6869
10487,7039
10886,7162
11213,7336
11551,7497
11890,7725
12149,8040
12446,8330
12673,8574
12870,8830
12926,9078
13000,9345
12976,9683
12780,9899
12764,10175
12713,10338
12299,10417
12063,10684
12090,10866
11907,11144
11524,11401
11084,11479
10687,11406
10263,11459
9776,11495
9355,11476
9073,11433
8661,11241
8294,11125
7933,10982
7749,10846
7572,10708
7384,10500
7193,10241
7091,10031
7053,9848
6906,9628
6671,9379
6450,9026
6330,8793
6243,8463
6208,8215
6177,7907
6171,7654
6165,7471
6159,7249
6147,7108
6148,6934
6143,6788
6142,6701
6147,6656
6154,6682
6150,6719
6143,6750
6133,6865
6134,6993
6135,7102
6142,7269
6125,7476
6126,7711
6129,7864
6128,8085
6126,8374
6128,8647
6125,8884
6131,9064
6130,9326
6125,9436
6122,9560
6121,9796
6116,9907
6118,9983
6135,10068
6123,10134
6117,10239
6127,10274
6121,10244
6120,10117
6121,10051
6125,9967
6120,9991
6122,9882
6118,9763
6116,9758
6122,9531
6108,9586
6113,9256
6112,9280
6111,8951
6120,8549
6103,8517
6110,8356
6115,7751
6104,7128
6119,6655
6113,6390
6110,6277
6111,6206
6110,6150
6110,6149
6116,6136
6144,6177
6109,6126
6105,6121
6101,6122
6109,6124
6097,6114
6105,6111
6106,6111
6111,6104
6115,6101
6100,6077
6110,6081
6110,6078
6105,6084
6108,6072
6111,6073
6107,6067
6101,6076
6102,6061
6110,6075
6108,6071
6102,6068
6103,6072
6107,6067
6113,6063
6108,6069
6109,6066
6110,6077
6106,6070
6107,6066
6104,6071
6107,6045
6107,6055
6105,6066
6104,6059
6110,6053
6116,6057
6112,6059
6112,6064
6112,6057
6105,6056
6108,6060
6119,6060
6108,6054
6105,6052
6131,6060
6115,6059
6117,6048
6114,6047
6104,6056
6117,6064
6112,6058
6107,6062
6114,6058
6114,6069
6106,6051
6115,6051
6098,6042
6116,6046
6106,6054
6107,6039
6112,6056
6104,6049
6105,6043
6117,6050
6109,6055
6115,6041
6107,6046
6110,6038
6042,6018
6148,6101
6160,6067
6077,6006
6124,6073
6104,6058
6112,6053
6101,6054
6107,6057
6106,6043
6112,6049
6118,6055
6110,6037
6125,6053
6107,6038
6107,6050
6106,6047
6109,6070
6114,6039
6114,6040
6112,6057
6109,6053
6106,6052
6107,6049
6106,6049
6110,6052
6117,6062
6101,6045
6106,6048
6113,6056
6109,6053
6113,6057
6105,6043
6106,6056
6110,6038
6106,6054
6110,6055
6114,6056
6104,6043
6107,6055
6098,6057
6109,6056
6112,6048
6106,6052
6105,6051
6100,6054
6099,6038
6114,6048
6104,6046
6101,6051
6101,6042
6104,6053
6113,6056
6107,6063
6103,6051
6104,6049
6106,6054
6111,6038
6116,6050
6102,6052
6106,6045
6107,6057
6110,6054
6105,6040
6103,6040
6098,6064
6103,6044
6108,6049
6119,6063
6106,6047
6104,6050
6101,6047
6106,6048
6106,6038
6108,6050
6111,6053
6097,6048
6103,6036
6104,6047
6113,6048
6106,6059
6102,6045
6109,6053
6106,6051
6101,6052
6106,6054
6107,6047
6112,6049
6112,6063
6100,6052
6096,6045
6108,6047
6105,6047
6107,6063
6116,6062
6108,6024
6108,6053
6103,6042
6106,6048
6110,6057
6104,6054
6107,6041
6101,6037
6100,6068
6102,6030
6103,6035
6113,6063
6101,6039
6096,6050
6100,6047
6105,6039
6105,6051
6103,6037
6109,6048
6112,6050
6109,6041
6104,6052
6110,6060
6101,6048
6104,6041
6114,6046
6117,6034
6099,6046
6099,6052
6104,6054
6097,6035
6110,6042
6101,6048
6092,6047
6097,6042
6100,6061
6103,6054
6101,6046
6102,6056
6098,6055
6106,6056
6097,6047
6104,6045
6108,6047
6099,6039
6106,6046
6095,6054
6097,6041
6099,6056
6106,6065
6105,6052
6097,6041
6105,6055
6094,6056
6093,6053
6107,6055
6106,6066
6091,6055
6101,6050
6101,6058
6101,6041
6098,6044
6096,6045
6100,6051
6099,6041
6107,6047
6094,6055
6092,6053
6113,6064
6099,6058
6097,6058
6109,6057
6099,6047
6110,6040
6105,6061
6101,6061
6107,6050
6112,6050
6100,6055
6099,6053
6101,6059
6110,6057
6103,6050
6110,6060
6098,6056
6097,6053
6105,6055
6102,6047
6101,6038
6104,6060
6102,6048
6107,6042
6106,6053
6105,6040
6109,6044
6115,6045
6104,6040
6104,6063
6098,6057
6102,6056
6111,6063
6110,6072
6114,6060
6101,6062
6105,6066
6103,6038
6100,6064
6114,6050
6104,6051
6105,6061
6112,6061
6105,6058
6111,6037
6111,6057
6107,6041
6101,6064
6109,6060
6109,6058
6105,6057
6105,6063
6104,6058
6099,6050
6112,6039
6112,6052
6106,6058
6105,6053
6106,6062
6112,6066
6110,6041
6106,6058
6105,6060
6105,6041
6107,6037
6091,6065
6098,6119
6113,6059
6103,6063
6098,6036
6106,6052
6108,6057
6101,6058
6103,6053
6104,6045
6105,6056
6111,6053
6097,6060
6106,6053
6105,6050
6106,6053
6107,6057
6109,6055
6104,6051
6094,6054
6100,6056
6097,6049
6101,6041
6108,6054
6110,6047
6095,6046
6101,6057
6114,6058
6102,6040
6105,6054
6107,6056
6108,6048
6107,6046
6108,6057
6104,6060
6106,6052
6105,6037
6095,6059
6105,6060
6095,6048
6075,6019
6182,6118
6130,6076
6079,6028
6084,6006
6143,6094
6127,6074
6102,6072
6088,6044
6115,6064
6098,6049
6106,6047
6118,6058
6119,6060
6108,6043
6109,6047
6107,6052
6114,6050
6111,6059
6102,6060
6107,6054
6114,6055
6103,6064
6109,6058
6108,6045
6114,6053
6106,6049
6120,6049
6116,6050
6110,6033
6118,6054
6126,6053
6119,6057
6118,6054
6117,6052
6110,6037
6113,6043
6110,6049
6115,6055
6117,6050
6111,6070
6111,6052
6101,6062
6117,6055
6102,6058
6113,6056
6109,6069
6101,6057
6113,6058
6106,6049
6107,6038
6106,6050
6104,6055
6108,6063
6108,6039
6116,6046
6111,6057
6112,6051
6113,6053
6116,6065
6103,6038
6108,6060
6114,6063
6119,6051
6102,6061
6108,6040
6104,6058
6115,6057
6108,6063
6120,6065
6111,6042
6111,6061
6112,6064
6111,6057
6110,6048
6114,6055
6103,6057
6116,6052
6114,6054
6100,6078
6105,6059
6114,6052
6109,6049
6122,6053
6106,6054
6111,6054
6107,6046
6108,6059
6119,6058
6109,6050
6121,6046
6115,6059
6103,6048
6110,6051
6110,6054
6104,6062
6109,6060
6114,6062
6101,6050
6110,6062
6113,6052
6110,6074
6110,6053
6107,6050
6114,6053
6117,6065
6113,6053
6109,6051
6117,6068
6114,6058
6107,6040
6111,6059
6116,6060
6112,6040
6118,6064
6110,6056
6122,6055
6115,6058
6121,6050
6119,6047
6102,6043
6123,6053
6120,6064
6113,6057
6117,6056
6115,6052
6114,6051
6113,6061
6116,6058
6126,6063
6113,6062
6119,6064
6115,6058
6115,6069
6115,6061
6118,6063
6118,6050
6114,6046
6118,6074
6128,6061
6119,6056
6120,6048
6116,6056
6116,6068
6117,6061
6114,6039
6114,6061
6114,6061
6115,6041
6115,6059
6118,6066
6114,6057
6111,6048
6116,6064
6119,6046
6127,6063
6116,6060
6116,6057
6113,6069
6122,6048
6120,6056
6124,6055
6117,6067
6115,6058
6117,6062
6116,6047
6115,6060
6115,6060
6116,6065
6116,6065
6116,6057
6122,6049
6115,6054
6122,6069
6106,6067
6112,6056
6117,6053
6114,6057
6116,6055
6118,6059
6119,6057
6113,6055
6117,6056
6110,6039
6119,6055
6114,6046
6120,6055
6114,6066
6113,6057
6120,6055
6120,6053
6120,6053
6120,6067
6118,6059
6108,6056
6119,6053
6112,6067
6117,6056
6117,6060
6117,6049
6113,6054
6111,6065
6119,6052
6116,6061
6123,6056
6118,6060
6114,6066
6119,6064
6110,6055
6122,6055
6121,6055
6120,6064
6120,6062
6120,6062
6117,6049
6119,6055
6120,6060
6097,6033
6112,6046
6116,6053
6118,6063
6116,6070
6122,6064
6111,6053
6122,6060
6112,6062
6122,6054
6108,6046
0,36
0,61680
0,0
6118,6052
5600,5576
5593,5556
5600,5571
5601,5581
5598,5570
5599,5571
5601,5568
5600,5568
5823,5758
6343,6297
6318,6294
6314,6287
6294,6299
6287,6293
6316,6299
6297,6318
6304,6312
6308,6306
6301,6316
6295,6337
6300,6321
6285,6325
6304,6338
6301,6337
6307,6334
6303,6336
6313,6322
6306,6326
6308,6330
6307,6325
6286,6318
6298,6315
6307,6309
6321,6325
6313,6313
6314,6321
6297,6327
6289,6334
6296,6342
6304,6348
6299,6313
6293,6331
6296,6346
6308,6334
6298,6348
6303,6334
6293,6336
6315,6345
6280,6332
6287,6329
6297,6325
6306,6341
6304,6328
6306,6345
6307,6321
6307,6318
6306,6335
6308,6352
6299,6325
6310,6324
6298,6336
6293,6336
6305,6326
6295,6329
6295,6344
6308,6343
6303,6358
6320,6330
6313,6319
6306,6326
6320,6342
6290,6341
6298,6354
6296,6337
6308,6312
6310,6327
6306,6325
6306,6321
6310,6326
6293,6314
6308,6312
6301,6331
6314,6308
6299,6327
6289,6327
6299,6327
6286,6350
6282,6339
6275,6337
6294,6332
6305,6347
6304,6342
6296,6341
6290,6351
6289,6350
6291,6361
6284,6337
6289,6341
6288,6330
6294,6336
6293,6321
6301,6334
6327,6321
6286,6340
6287,6337
6275,6336
6296,6347
6287,6339
6288,6343
6285,6324
6291,6340
6290,6350
6296,6331
6293,6350
6292,6338
6309,6349
6295,6359
6280,6338
6281,6332
6304,6317
6309,6324
6320,6349
6283,6352
6287,6337
6297,6325
6296,6356
6305,6340
6306,6325
6294,6327
6292,6324
6281,6321
6299,6329
6297,6327
6300,6324
6307,6321
6285,6333
6284,6317
6295,6310
6293,6318
6292,6352
6291,6354
6292,6342
6282,6331
6291,6351
6312,6338
6292,6348
6305,6343
6278,6335
6290,6354
6296,6328
6295,6337
6281,6347
6314,6335
6303,6353
6289,6377
6322,6355
6306,6336
6301,6357
6287,6370
6273,6340
6299,6344
6302,6348
6307,6343
6312,6354
6282,6358
6295,6365
6292,6335
6288,6337
6290,6351
6274,6345
6289,6339
6279,6364
6280,6343
6282,6377
6288,6364
6282,6344
6280,6350
6287,6380
6294,6355
6292,6346
6285,6334
6298,6329
6279,6331
6295,6338
6288,6334
6301,6331
6282,6344
6247,6289
6229,6311
6249,6334
6293,6345
6295,6339
6266,6341
6309,6383
6301,6383
6301,6377
6296,6360
6297,6364
6278,6367
6275,6354
6295,6375
6290,6368
6281,6360
6281,6351
6296,6385
6270,6376
6284,6351
6295,6363
6277,6346
6259,6394
6273,6364
6284,6349
6288,6357
6300,6370
6268,6391
6284,6365
6293,6375
6298,6388
6283,6351
6265,6390
6263,6368
6265,6365
6272,6364
6274,6366
6264,6374
6264,6369
6266,6357
6265,6353
6270,6358
6267,6356
6268,6378
6267,6364
6274,6370
6268,6362
6266,6366
6253,6354
6272,6366
6278,6364
6268,6348
6263,6366
6256,6379
6276,6379
6255,6389
6256,6412
6268,6394
6275,6391
6270,6381
6241,6367
6264,6394
6270,6381
6244,6376
6265,6368
6267,6351
6254,6358
6282,6379
6278,6388
6290,6378
6269,6396
6260,6374
6266,6380
6262,6370
6254,6361
6267,6365
6265,6371
6260,6348
6246,6329
6251,6362
6248,6351
6254,6347
6248,6348
6255,6354
6249,6346
6245,6351
6244,6347
6246,6358
6262,6366
6269,6360
6267,6394
6241,6371
6252,6367
6254,6380
6260,6370
6257,6383
6256,6377
6253,6378
6252,6388
6236,6403
6236,6386
6237,6398
6249,6396
6252,6394
6251,6367
6234,6373
6233,6369
6251,6373
6256,6393
6263,6394
6253,6403
6258,6382
6243,6385
6249,6374
6258,6385
6256,6393
6235,6369
6246,6397
6256,6387
6251,6385
6231,6385
6248,6389
6254,6384
6245,6350
6233,6377
6237,6373
6243,6374
6242,6393
6238,6399
6235,6413
6250,6418
6240,6419
6234,6403
6241,6398
6239,6384
6239,6400
6243,6407
6244,6399
6223,6395
6239,6412
6236,6407
6248,6408
6234,6388
6242,6379
6226,6402
6234,6392
6243,6380
6246,6389
6240,6364
6250,6383
6249,6379
6240,6389
6244,6379
6243,6398
6244,6373
6240,6381
6223,6397
6234,6394
6242,6398
6237,6383
6246,6387
6246,6370
6233,6382
6230,6407
6233,6392
6239,6384
6231,6383
6238,6370
6241,6376
6226,6394
6243,6402
6240,6404
6240,6396
6240,6403
6233,6404
6247,6406
6223,6376
6228,6384
6237,6378
6241,6374
6244,6383
6231,6381
6237,6378
6226,6407
6240,6387
6237,6396
6237,6405
6240,6398
6228,6421
6219,6396
6237,6419
6231,6422
6228,6424
6228,6402
6234,6402
6227,6385
6217,6415
6227,6421
6231,6399
6231,6424
6221,6387
6239,6404
6223,6390
6227,6410
6225,6404
6239,6411
6244,6401
6240,6394
6222,6407
6220,6395
6236,6380
6230,6404
6235,6400
6230,6404
6220,6397
6226,6410
6232,6410
6223,6398
6223,6407
6229,6403
6220,6402
6234,6382
6228,6393
6236,6413
6229,6400
6235,6390
6251,6398
6223,6408
6234,6391
6228,6388
6225,6378
6233,6394
6228,6385
6230,6367
6220,6386
6225,6379
6225,6378
6237,6382
6235,6410
6231,6395
6227,6406
6238,6399
6230,6417
6240,6405
6220,6402
6232,6412
6229,6416
6222,6406
6226,6445
6233,6420
6223,6444
6223,6432
6217,6434
6235,6412
6225,6446
6220,6432
6223,6417
6237,6408
6229,6403
6239,6415
6217,6419
6227,6403
6226,6428
6234,6409
6225,6411
6224,6419
6222,6431
6230,6401
6219,6424
6270,6475
6243,6454
6218,6381
6199,6370
6254,6418
6198,6377
6203,6385
6208,6370
6216,6370
6214,6412
6229,6424
6214,6417
6214,6410
6223,6399
6232,6410
6215,6390
6223,6403
6235,6415
6219,6424
6231,6417
6237,6407
6231,6402
6229,6407
6219,6414
6207,6408
6215,6407
6229,6425
6217,6406
6231,6387
6222,6393
6219,6374
6225,6385
6238,6394
6225,6405
6242,6409
6231,6411
6242,6412
6222,6426
6217,6397
6225,6416
6229,6409
6220,6414
6229,6406
6225,6413
6226,6390
6236,6378
6229,6397
6227,6386
6232,6407
6241,6399
6231,6396
6231,6396
6229,6386
6238,6390
6226,6404
6230,6406
6225,6405
6229,6407
6243,6414
6230,6411
6243,6405
6240,6406
6227,6383
6220,6396
6241,6368
6231,6388
6247,6422
6241,6385
6227,6417
6229,6414
6236,6421
6243,6408
6243,6405
6231,6391
6239,6385
6239,6395
6248,6396
6226,6394
6242,6408
6249,6394
6238,6378
6233,6411
6223,6380
6240,6387
6234,6375
6244,6381
6234,6398
6242,6392
6248,6370
6234,6383
6247,6383
6242,6391
6235,6365
6240,6382
6231,6404
6238,6283
6236,6387
6248,6376
6243,6355
6243,6367
6247,6371
6218,6375
6240,6369
6245,6372
6250,6408
6248,6392
6264,6374
6264,6380
6257,6392
6271,6370
6266,6385
6270,6385
6284,6388
6294,6368
6307,6390
6328,6384
6338,6363
6368,6385
6405,6372
6448,6363
6492,6379
6534,6368
6609,6365
6698,6372
6789,6345
6888,6341
6961,6367
7136,6369
7263,6364
7337,6369
7412,6371
7579,6354
7660,6351
7753,6350
7858,6354
8006,6345
8138,6354
8237,6382
8391,6390
8550,6372
8654,6389
8732,6407
8723,6390
8637,6404
8558,6383
8333,6385
8169,6370
7976,6359
7811,6379
7691,6404
7572,6359
7405,6384
7231,6388
7085,6375
6947,6408
6873,6412
6795,6439
6757,6418
6774,6468
6774,6457
6801,6467
6834,6511
6896,6504
7041,6548
7160,6573
7302,6582
7387,6616
7567,6641
7776,6676
8012,6696
8280,6699
8497,6728
8623,6739
8763,6708
8972,6745
9208,6757
9525,6771
9776,6805
9953,6871
10049,6983
10284,7001
10561,7022
10569,7100
10673,7215
10612,7378
10586,7567
10658,7845
10560,7931
10627,8080
10451,8242
10198,8323
10056,8409
9957,8446
9727,8475
9565,8558
9244,8495
8962,8572
8775,8637
8555,8674
8299,8564
8020,8438
7835,8412
7568,8343
7359,8228
7143,8210
6960,8169
6851,8015
6732,7921
6670,7824
6602,7750
6577,7657
6615,7518
6681,7420
6788,7295
6913,7168
7056,7047
7264,6949
7463,6835
7658,6800
7855,6740
7999,6684
8261,6659
8472,6653
8642,6721
8824,6730
8941,6801
9018,6923
9235,6986
9323,7125
9632,7329
9707,7539
9659,7774
9612,7979
9568,8191
9549,8406
9535,8567
9478,8899
9452,9141
9477,9309
9356,9492
9304,9676
9220,9886
9002,9964
8831,9989
8734,10089
8665,10086
8536,10129
8346,10024
8231,10104
8077,10081
7971,9953
7817,9922
7718,9854
7585,9694
7443,9498
7240,9224
7144,9028
7044,8875
6959,8600
6856,8356
6807,8170
6728,7960
6689,7717
6658,7548
6630,7410
6642,7255
6723,7111
6852,6967
6970,6921
7067,6813
7111,6624
7436,6733
7694,6648
7975,6623
8198,6596
8564,6624
8954,6658
9142,6675
9546,6732
9996,6814
10345,6864
10555,6910
10892,6991
11143,7115
11396,7216
11532,7306
11834,7440
12005,7521
12086,7650
12109,7817
12180,8005
12044,8119
11700,8205
11587,8325
11299,8472
11033,8618
10806,8823
10576,8917
10378,9006
10027,9124
9738,9237
9441,9312
9089,9328
8748,9350
8474,9408
8349,9406
8070,9388
7807,9434
7620,9393
7394,9248
7267,9138
7099,9085
6966,8912
6878,8755
6751,8511
6683,8339
6645,8145
6641,7969
6664,7788
6715,7608
6788,7419
6906,7170
7089,7015
7235,6887
7377,6720
7554,6679
7770,6624
7961,6586
8158,6602
8319,6651
8623,6752
8931,6801
9063,6905
9239,7115
9347,7305
9455,7439
9550,7600
9652,7815
9742,7986
9698,8213
9709,8371
9683,8584
9644,8766
9603,8831
9617,9107
9468,9239
9537,9273
9471,9387
9319,9466
9255,9680
9094,9832
8949,9888
8932,9869
8861,9875
8801,9847
8641,9841
8531,9931
8355,9845
8155,9697
7971,9604
7717,9493
7545,9340
7370,9131
7186,9031
6985,8864
6848,8672
6747,8464
6649,8290
6600,8038
6604,7846
6605,7616
6596,7497
6653,7313
6717,7107
6810,6998
6922,6908
7018,6814
7141,6765
7299,6720
7457,6675
7632,6652
7803,6630
7986,6600
8199,6593
8368,6626
8552,6627
8739,6708
8969,6758
9158,6836
9377,6933
9519,7067
9701,7111
9879,7256
9933,7354
10028,7489
10007,7651
9913,7861
9910,8018
9901,8248
9916,8366
9877,8512
9853,8705
9781,8842
9630,8922
9504,9080
9485,9144
9298,9087
9113,9128
8947,9219
8834,9191
8622,9208
8480,9152
8284,9056
8158,9008
7913,8897
7715,8857
7553,8674
7369,8559
7229,8426
7090,8336
6937,8172
6821,8034
6718,7967
6663,7753
6614,7632
6589,7465
6592,7342
6636,7210
6688,7062
6780,6898
6888,6779
7038,6702
7205,6621
7391,6591
7589,6509
7845,6478
8037,6471
8343,6482
8651,6512
8864,6538
9104,6590
9346,6669
9504,6749
9860,6847
10112,7001
10362,7082
10482,7226
10455,7336
10536,7519
10621,7606
10609,7752
10677,7872
10735,8044
10713,8250
10571,8349
10522,8517
10396,8613
10125,8663
10043,8807
9785,8913
9631,9001
9399,9080
9162,9089
8928,9111
8713,9134
8496,9233
8240,9219
7982,9179
7792,9001
7571,8964
7394,8817
7198,8738
7007,8603
6848,8494
6775,8343
6648,8106
6589,7986
6515,7823
6491,7657
6475,7497
6516,7321
6567,7167
6628,7029
6702,6893
6830,6767
6955,6675
7098,6586
7200,6519
7303,6481
7493,6458
7668,6453
7819,6506
7981,6551
8166,6587
8283,6679
8380,6741
8530,6873
8597,7003
8715,7136
8840,7227
8889,7392
9036,7506
9129,7710
9228,7832
9207,7958
9262,8202
9263,8361
9267,8457
9258,8531
9358,8643
9305,8750
9199,8850
9050,8850
8927,8865
8856,8925
8755,9025
8620,9070
8501,9080
8400,9073
8142,8943
7989,8834
7803,8704
7660,8629
7482,8453
7364,8358
7163,8230
7021,8062
6944,7920
6833,7767
6747,7655
6684,7514
6667,7407
6606,7234
6598,7145
6613,6987
6641,6875
6667,6715
6699,6733
6781,6616
6880,6628
7030,6550
7142,6583
7260,6483
7371,6490
7521,6476
7701,6509
7815,6547
7905,6578
8027,6633
8187,6713
8382,6799
8549,6873
8716,6984
8804,7134
8952,7246
9171,7325
9242,7494
9399,7631
9649,7814
9722,7971
9791,8161
9909,8250
10000,8354
9921,8501
9986,8581
9946,8757
9906,8778
9830,8808
9795,8865
9529,8882
9407,8880
9230,8850
8970,8859
8792,8922
8487,8914
8256,8813
8067,8707
7849,8617
7651,8540
7469,8316
7280,8241
7078,8122
6916,7943
6803,7815
6727,7718
6691,7632
6657,7489
6627,7382
6665,7247
6693,7169
6722,7120
6783,6968
6879,6836
6968,6790
7068,6719
7195,6643
7336,6605
7505,6528
7734,6497
7800,6469
7994,6481
8165,6495
8297,6536
8487,6567
8632,6619
8846,6757
8936,6857
9035,6991
9186,7154
9294,7312
9452,7522
9584,7732
9536,7865
9542,8037
9520,8167
9561,8376
9594,8518
9575,8687
9361,8774
9225,8825
9118,8912
8966,9074
8927,9087
8886,9114
8694,9131
8514,9194
8281,9114
8110,9008
7943,8962
7727,8888
7533,8733
7400,8618
7298,8570
7164,8460
7040,8343
6920,8190
6799,8045
6728,7907
6651,7810
6597,7651
6571,7482
6538,7337
6559,7202
6586,7114
6603,6996
6636,6909
6723,6824
6816,6709
6921,6644
7040,6576
7196,6512
7329,6455
7472,6407
7621,6444
7753,6459
7972,6458
8272,6491
8450,6579
8642,6668
8845,6717
8963,6826
9025,6925
9212,7019
9492,7124
9657,7237
9650,7419
9609,7561
9770,7692
9985,7809
10125,7942
9966,8053
9993,8108
9843,8187
9826,8293
9860,8459
9854,8474
9647,8554
9403,8625
9212,8639
9050,8644
8811,8627
8596,8584
8425,8555
8158,8524
8049,8424
7798,8397
7586,8353
7390,8212
7176,8215
7006,8128
6890,7977
6776,7782
6660,7680
6580,7464
6549,7400
6536,7329
6530,7179
6589,7085
6703,6966
6818,6842
6989,6750
7153,6669
7383,6604
7557,6525
7866,6500
8069,6427
8225,6390
8567,6400
8885,6398
9113,6439
9295,6508
9495,6601
9701,6710
9862,6815
9970,6932
10086,7039
10130,7239
10316,7452
10264,7628
10129,7745
9991,7846
9851,8045
9815,8300
9528,8513
9496,8654
9348,8862
9231,9029
9047,9154
8817,9281
8665,9420
8531,9584
8279,9522
8100,9434
7946,9543
7780,9629
7666,9654
7592,9548
7466,9532
7429,9436
7336,9248
7201,9108
7070,9014
6942,8920
6895,8605
6847,8398
6731,8204
6697,7991
6625,7802
6606,7558
6572,7428
6556,7212
6551,7006
6603,6908
6665,6792
6764,6668
6861,6579
7009,6507
7183,6484
7321,6459
7539,6452
7835,6455
8088,6502
8437,6539
8711,6596
8874,6676
9200,6759
9486,6821
9689,6923
10062,6997
10321,7071
10506,7211
10684,7271
10794,7335
10815,7439
10815,7489
10887,7626
10798,7670
10638,7804
10593,7879
10472,7931
10368,8064
10277,8125
10019,8264
9716,8423
9371,8525
8920,8534
8819,8598
8630,8650
8404,8730
8323,8816
8111,8916
7891,8944
7630,9047
7493,9052
7390,8951
7243,8828
7092,8820
6946,8639
6895,8506
6807,8292
6738,8124
6673,7917
6656,7761
6640,7604
6748,7517
6695,7252
6745,7042
6717,6803
6937,6779
7102,6658
7274,6583
7394,6513
7676,6474
7889,6478
8112,6475
8343,6497
8644,6569
8802,6646
9029,6739
9184,6837
9557,6958
9776,7118
9995,7210
10212,7366
10368,7485
10519,7639
10774,7825
11018,7939
11065,8163
11067,8287
11011,8362
11003,8496
11219,8654
11144,8652
11135,8756
11016,8975
10912,9096
10618,9158
10481,9163
10382,9298
10088,9332
9759,9364
9443,9319
9148,9283
8933,9284
8736,9190
8438,9153
8265,9046
7943,8987
7680,8972
7465,8830
7327,8600
7099,8422
6967,8385
6910,8251
6880,8067
6829,7870
6831,7707
6840,7491
6939,7344
7034,7239
7146,7138
7267,7010
7385,6946
7594,6777
7788,6676
8103,6661
8357,6607
8656,6612
8898,6592
9181,6640
9412,6664
9832,6771
10153,6882
10359,7013
10756,7158
11067,7273
11367,7437
11706,7700
12005,7856
12196,8157
12281,8445
12428,8670
12639,8830
12666,9057
12660,9183
12581,9393
12659,9567
12619,9696
12422,9853
12369,9971
12123,10072
11692,10200
11388,10245
11192,10252
10820,10233
10452,10198
10064,10113
9862,10069
9512,9957
9248,9806
8882,9654
8570,9596
8240,9389
7941,9379
7627,9305
7421,9091
7167,8956
6979,8633
6866,8470
6847,8379
6811,8176
6864,7915
6918,7703
7056,7541
7196,7346
7345,7231
7521,7026
7764,6937
7976,6817
8255,6777
8646,6720
8939,6674
9276,6707
9680,6754
10012,6853
10475,7022
10867,7199
11170,7393
11542,7516
11991,7828
12163,8119
12413,8313
12574,8537
12877,8859
12767,9005
12982,9384
12953,9632
12695,9909
12636,10187
12884,10443
12487,10504
12271,10751
12190,10959
12007,11346
11782,11651
11275,11713
10786,11535
10313,11608
9838,11701
9271,11481
9013,11405
8660,11176
8275,11134
7951,10993
7776,10875
7548,10694
7375,10495
7166,10215
7087,10018
7046,9864
6871,9627
6661,9434
6428,9029
6328,8838
6244,8532
6196,8289
6183,7942
6178,7709
6176,7450
6159,7247
6161,7086
6149,6927
6150,6780
6147,6709
6152,6677
6148,6672
6156,6703
6138,6759
6132,6837
6129,6964
6125,7100
6142,7279
6125,7441
6120,7649
6125,7869
6133,8105
6130,8360
6127,8622
6124,8878
6128,9076
6125,9262
6120,9471
6119,9574
6124,9810
6114,9941
6122,9925
6110,9978
6132,10166
6117,10237
6128,10302
6118,10255
6110,10137
6122,9986
6133,9926
6121,10001
6115,9879
6123,9541
6124,9732
6123,9555
6108,9492
6119,9215
6117,9306
6115,8976
6118,8576
6116,8554
6110,8367
6114,7755
6103,7150
6104,6688
6103,6422
6103,6265
6110,6206
6100,6164
6106,6159
6115,6143
6118,6133
6110,6141
6108,6127
6102,6110
6110,6115
6101,6111
6108,6114
6100,6081
6106,6098
6111,6102
6098,6079
6107,6075
6113,6078
6110,6079
6096,6080
6104,6071
6112,6078
6102,6085
6102,6079
6103,6119
6098,6070
6106,6063
6108,6059
6111,6064
6108,6067
6102,6061
6102,6070
6104,6076
6112,6073
6110,6065
6101,6072
6112,6054
6103,6049
6103,6053
6104,6072
6105,6067
6115,6054
6111,6067
6104,6064
6106,6068
6100,6063
6119,6055
6117,6049
6019,5982
6110,6071
6184,6129
5792,5710
6124,6060
6048,6017
6102,6061
6112,6048
6140,6077
6119,6066
6123,6073
6111,6055
6113,6058
6112,6055
6106,6058
6108,6070
6104,6062
6109,6050
6111,6046
6103,6050
6108,6054
6106,6054
6112,6047
6115,6054
6117,6046
6117,6054
6113,6062
6114,6038
6114,6050
6111,6053
6105,6058
6109,6042
6110,6057
6105,6054
6109,6055
6115,6055
6111,6055
6110,6053
6110,6048
6118,6054
6108,6054
6103,6061
6116,6037
6114,6063
6115,6051
6116,6047
6122,6061
6109,6037
6105,6046
6115,6045
6109,6045
6110,6050
6111,6043
6114,6047
6109,6043
6110,6056
6099,6043
6102,6049
6107,6054
6104,6048
6105,6028
6105,6047
6110,6058
6120,6051
6110,6045
6103,6057
6097,6060
6099,6056
6115,6040
6113,6047
6103,6050
6101,6051
6102,6051
6107,6057
6108,6061
6105,6062
6101,6043
6103,6058
6114,6056
6116,6048
6104,6056
6103,6045
6101,6057
6115,6059
6105,6051
6106,6058
6112,6052
6103,6062
6111,6062
6110,6048
6107,6054
6098,6060
6109,6037
6115,6059
6122,6063
6104,6060
6111,6049
6098,6045
6106,6051
6104,6057
6107,6052
6113,6056
6105,6048
6098,6058
6110,6055
6112,6056
6105,6051
6104,6040
6112,6056
6105,6054
6106,6046
6093,6056
6096,6039
6107,6052
6103,6060
6103,6056
6096,6048
6117,6047
6099,6044
6106,6056
6113,6049
6112,6049
6094,6033
6103,6056
6102,6067
6103,6050
6103,6052
6101,6051
6103,6042
6104,6058
6094,6037
6098,6043
6109,6066
6103,6056
6099,6049
6106,6048
6099,6035
6098,6047
6103,6063
6107,6063
6110,6045
6105,6045
6097,6049
6107,6040
6101,6044
6104,6056
6111,6056
6095,6046
6094,6056
6095,6034
6097,6049
6099,6044
6108,6043
6101,6047
6090,6046
6095,6061
6103,6050
6097,6060
6095,6059
6095,6033
6099,6050
6098,6056
6091,6044
6105,6046
6107,6051
6100,6041
6106,6059
6099,6055
6091,6054
6099,6058
6106,6051
6099,6051
6097,6053
6104,6052
6099,6056
6098,6039
6109,6046
6096,6064
6100,6051
6102,6057
6092,6062
6100,6034
6108,6058
6095,6046
6109,6054
6104,6044
6108,6046
6098,6056
6087,6041
6097,6055
6098,6064
6102,6060
6099,6049
6101,6049
6107,6048
6101,6059
6108,6056
6095,6046
6103,6052
6102,6056
6100,6050
6096,6049
6107,6062
6102,6049
6110,6055
6098,6057
6102,6050
6107,6054
6109,6053
6105,6053
6097,6065
6107,6058
6098,6059
6105,6044
6110,6049
6109,6050
6115,6061
6099,6050
6108,6053
6100,6053
6104,6057
6107,6066
6103,6050
6115,6066
6109,6065
6108,6053
6113,6052
6118,6062
6116,6051
6104,6048
6114,6054
6115,6057
6101,6063
6115,6055
6108,6063
6103,6056
6104,6054
6106,6066
6110,6049
6106,6047
6111,6067
6106,6056
6099,6044
6103,6053
6114,6047
6105,6058
6106,6057
6110,6061
6106,6057
6112,6053
6101,6061
6108,6061
6105,6055
6113,6034
6102,6039
6104,6061
6105,6056
6113,6062
6093,6035
6105,6050
6114,6058
6110,6061
6097,6046
6104,6042
6115,6048
6101,6057
6106,6055
6104,6048
6100,6048
6087,6076
6182,6131
6077,6039
6021,6010
6056,6017
6117,6064
6113,6050
6084,6047
6110,6066
6103,6030
6096,6054
6105,6048
6114,6046
6092,6044
6097,6047
6100,6039
6111,6056
6109,6059
6102,6042
6108,6058
6107,6048
6105,6049
6104,6049
6108,6049
6101,6052
6108,6058
6111,6063
6102,6063
6090,6038
6105,6053
6113,6055
6111,6060
6114,6057
6097,6052
6106,6048
6104,6049
6109,6040
6110,6052
6121,6056
6111,6054
6115,6054
6105,6056
6112,6055
6114,6051
6107,6049
6109,6062
6112,6059
6109,6065
6104,6038
6117,6052
6120,6049
6113,6045
6123,6045
6112,6059
6110,6038
6115,6055
6122,6051
6114,6054
6109,6051
6114,6053
6113,6062
6120,6051
6111,6042
6114,6042
6119,6042
6113,6057
6127,6058
6105,6060
6112,6055
6113,6051
6105,6060
6105,6053
6108,6048
6119,6060
6110,6052
6107,6048
6111,6042
6107,6051
6103,6047
6107,6047
6114,6055
6121,6054
6114,6056
6109,6057
6112,6055
6105,6046
6119,6051
6120,6051
6117,6048
6112,6051
6111,6056
6114,6054
6112,6050
6106,6057
6112,6047
6113,6056
6108,6053
6120,6060
6103,6064
6106,6046
6107,6061
6105,6056
6113,6034
6113,6047
6114,6044
6113,6045
6112,6057
6114,6049
6123,6073
6111,6048
6111,6041
6109,6046
6111,6044
6114,6057
6107,6039
6109,6051
6116,6040
6106,6040
6115,6052
6105,6061
6107,6063
6119,6054
6108,6058
6102,6054
6112,6055
6116,6047
6113,6065
6101,6048
6101,6057
6112,6041
6117,6062
6110,6047
6113,6059
6117,6065
6113,6054
6107,6048
6114,6056
6115,6052
6121,6045
6111,6055
6110,6060
6112,6055
6122,6060
6122,6063
6124,6040
6103,6035
6118,6062
6121,6046
6113,6051
6111,6046
6105,6049
6113,6050
6112,6048
6114,6053
6124,6057
6120,6065
6126,6052
6113,6056
6113,6051
6115,6064
6114,6070
6111,6043
6105,6059
6120,6058
6128,6058
6118,6043
6113,6060
6113,6060
6115,6048
6119,6053
6112,6060
6122,6055
6122,6060
6123,6059
6122,6056
6112,6059
6116,6066
6121,6062
6118,6045
6111,6057
6122,6057
6119,6060
6113,6048
6110,6060
6113,6058
6116,6065
6122,6051
6116,6064
6117,6049
6117,6049
6123,6058
6113,6050
6118,6053
6120,6051
6120,6049
6115,6064
6119,6064
6118,6052
6113,6058
6110,6056
6125,6053
6118,6040
6110,6063
6122,6060
6120,6047
6119,6047
6111,6037
6120,6057
6124,6045
6116,6048
6112,6048
6112,6048
6121,6047
6113,6053
6117,6064
6123,6058
6115,6049
6113,6064
6118,6050
6115,6063
6114,6054
6119,6063
6116,6051
6117,6061
6109,6061
6120,6061
6110,6057
6126,6061
6104,6065
6110,6067
6125,6050
6118,6054
6117,6065
6121,6063
6121,6063
6117,6063
6116,6047
6110,6036
6110,6062
6119,6057
6116,6052
6122,6057
6116,6062
6118,6049
6115,6060
6120,6051
6118,6048
6114,6047
6117,6066
6123,6053
6121,6050
6119,6054
6120,6048
0,30
0,61680
0,0
6118,6055
5603,5578
5600,5574
5607,5578
5601,5580
5605,5576
5604,5570
5606,5576
5599,5583
5815,5754
6358,6309
6312,6304
6314,6302
6292,6303
6288,6286
6309,6318
6310,6313
6308,6304
6297,6314
6299,6319
6302,6345
6305,6335
6278,6323
6292,6322
6304,6333
6313,6298
6313,6346
6295,6327
6309,6332
6313,6321
6297,6295
6287,6307
6283,6319
6304,6336
6295,6315
6311,6321
6307,6315
6292,6324
6295,6345
6301,6356
6296,6321
6300,6338
6294,6333
6313,6352
6300,6329
6291,6348
6289,6321
6290,6330
6301,6331
6295,6319
6290,6334
6289,6338
6308,6325
6301,6328
6319,6332
6312,6327
6319,6340
6312,6320
6322,6344
6316,6320
6316,6322
6306,6340
6288,6335
6299,6318
6301,6347
6297,6338
6297,6346
6301,6348
6308,6321
6315,6323
6309,6333
6307,6337
6295,6323
6301,6340
6299,6336
6301,6331
6304,6352
6316,6320
6319,6331
6298,6336
6298,6331
6312,6321
6291,6327
6307,6338
6308,6322
6303,6311
6299,6337
6300,6343
6287,6333
6276,6325
6290,6337
6315,6334
6301,6335
6303,6338
6281,6345
6292,6349
6305,6348
6288,6331
6281,6338
6296,6333
6289,6322
6303,6327
6321,6329
6299,6330
6292,6328
6288,6341
6270,6343
6291,6334
6295,6320
6299,6325
6275,6320
6272,6317
6282,6354
6281,6392
6290,6354
6294,6356
6305,6330
6302,6333
6282,6330
6280,6322
6299,6323
6306,6325
6322,6358
6287,6356
6297,6324
6295,6345
6300,6346
6300,6331
6304,6330
6298,6327
6285,6360
6287,6364
6294,6334
6298,6317
6301,6341
6304,6348
6297,6334
6273,6336
6295,6294
6287,6339
6296,6331
6306,6342
6280,6348
6287,6337
6290,6346
6304,6345
6301,6339
6290,6363
6295,6321
6301,6322
6287,6332
6293,6345
6284,6360
6289,6357
6292,6358
6298,6356
6304,6376
6303,6348
6304,6348
6279,6352
6283,6347
6290,6323
6293,6345
6293,6350
6289,6352
6267,6192
6305,6366
6230,6247
6308,6380
6249,6253
6288,6356
6281,6338
6268,6350
6265,6352
6286,6358
6283,6376
6290,6353
6288,6333
6285,6362
6282,6347
6300,6337
6287,6350
6289,6345
6287,6346
6313,6330
6296,6350
6305,6359
6290,6326
6288,6355
6282,6362
6289,6356
6311,6363
6278,6329
6290,6360
6292,6367
6304,6366
6290,6375
6300,6358
6303,6353
6293,6362
6265,6373
6280,6377
6281,6376
6289,6361
6287,6384
6290,6361
6290,6367
6288,6358
6285,6362
6282,6350
6266,6356
6275,6315
6276,6370
6279,6358
6290,6376
6273,6379
6285,6354
6297,6358
6284,6364
6284,6375
6271,6391
6262,6363
6278,6363
6268,6370
6265,6372
6261,6386
6275,6368
6267,6358
6261,6345
6269,6383
6263,6346
6276,6357
6263,6377
6256,6372
6264,6352
6269,6369
6263,6374
6278,6382
6278,6355
6266,6384
6270,6353
6262,6371
6285,6357
6265,6390
6256,6388
6250,6403
6260,6393
6278,6400
6251,6364
6257,6379
6266,6366
6259,6369
6246,6376
6258,6355
6263,6352
6279,6375
6261,6355
6279,6384
6272,6373
6259,6369
6272,6378
6262,6370
6269,6359
6262,6372
6259,6362
6266,6363
6252,6329
6248,6350
6253,6342
6260,6340
6240,6374
6268,6378
6248,6366
6263,6353
6251,6361
6249,6374
6264,6380
6278,6376
6262,6381
6244,6378
6243,6368
6244,6374
6266,6370
6264,6380
6251,6356
6253,6363
6252,6390
6253,6384
6240,6393
6231,6411
6247,6401
6247,6386
6239,6393
6248,6385
6236,6361
6241,6378
6240,6383
6251,6376
6249,6397
6249,6380
6236,6364
6241,6368
6262,6396
6243,6384
6247,6387
6263,6396
6262,6398
6264,6386
6249,6368
6245,6379
6240,6340
6243,6373
6249,6353
6247,6340
6254,6389
6241,6402
6240,6393
6234,6417
6250,6403
6250,6418
6226,6403
6246,6402
6241,6409
6244,6399
6235,6407
6234,6403
6235,6404
6233,6431
6237,6406
6242,6408
6237,6398
6241,6398
6237,6383
6223,6385
6243,6375
6243,6383
6242,6362
6233,6375
6243,6379
6250,6386
6251,6391
6249,6407
6243,6388
6246,6393
6223,6408
6237,6394
6246,6392
6239,6385
6230,6389
6230,6376
6239,6382
6225,6405
6229,6369
6246,6385
6236,6392
6247,6383
6235,6369
6231,6368
6233,6384
6239,6399
6233,6395
6240,6407
6237,6380
6242,6403
6231,6387
6216,6402
6246,6384
6237,6389
6232,6400
6229,6385
6241,6386
6235,6391
6251,6400
6220,6410
6223,6405
6227,6373
6215,6391
6227,6380
6243,6401
6219,6405
6229,6412
6229,6407
6218,6419
6229,6375
6226,6410
6223,6414
6232,6415
6234,6413
6222,6387
6228,6395
6226,6394
6224,6392
6224,6410
6225,6411
6225,6406
6224,6402
6227,6402
6230,6389
6245,6422
6230,6401
6225,6409
6216,6419
6226,6427
6236,6432
6226,6405
6231,6400
6227,6399
6217,6415
6223,6399
6222,6403
6235,6386
6242,6403
6216,6413
6232,6389
6236,6387
6226,6413
6225,6395
6226,6389
6217,6384
6218,6385
6231,6391
6223,6375
6216,6388
6205,6380
6236,6364
6235,6387
6223,6419
6233,6410
6231,6407
6234,6396
6222,6423
6224,6408
6236,6421
6267,6431
6308,6486
6197,6393
6251,6435
6220,6421
6222,6431
6252,6442
6230,6464
6237,6428
6225,6448
6217,6387
6231,6420
6237,6436
6231,6392
6217,6404
6223,6413
6224,6431
6221,6436
6228,6416
6224,6401
6228,6429
6219,6407
6224,6417
6227,6410
6227,6424
6225,6413
6229,6425
6218,6419
6231,6409
6224,6403
6219,6389
6215,6413
6226,6407
6225,6393
6221,6409
6219,6400
6228,6392
6231,6394
6232,6396
6214,6399
6215,6400
6230,6398
6221,6422
6228,6423
6230,6414
6219,6404
6220,6415
6227,6403
6223,6410
6222,6437
6226,6403
6225,6415
6226,6399
6232,6379
6218,6390
6230,6371
6229,6387
6222,6390
6230,6389
6230,6418
6236,6402
6221,6403
6230,6413
6225,6391
6227,6416
6233,6413
6228,6415
6218,6402
6231,6390
6243,6380
6232,6402
6224,6415
6234,6397
6228,6395
6221,6397
6226,6403
6236,6409
6223,6385
6243,6409
6233,6400
6228,6391
6222,6400
6226,6400
6227,6406
6233,6406
6233,6407
6226,6385
6234,6411
6237,6371
6241,6405
6227,6414
6246,6396
6228,6402
6231,6405
6241,6413
6242,6410
6243,6406
6227,6412
6235,6375
6239,6373
6245,6390
6232,6414
6242,6380
6249,6379
6239,6375
6239,6397
6241,6376
6231,6375
6239,6388
6247,6378
6246,6406
6231,6378
6230,6363
6245,6388
6237,6382
6232,6378
6237,6378
6227,6374
6234,6398
6237,6401
6238,6391
6235,6387
6248,6378
6247,6381
6248,6377
6224,6354
6246,6370
6247,6374
6235,6390
6255,6384
6251,6374
6257,6393
6265,6384
6254,6377
6267,6394
6274,6399
6285,6402
6293,6377
6311,6405
6332,6378
6354,6376
6361,6376
6412,6377
6452,6358
6490,6357
6546,6371
6628,6360
6682,6371
6772,6363
6915,6367
6999,6369
7128,6374
7216,6360
7336,6355
7418,6360
7565,6340
7691,6340
7758,6358
7842,6353
7988,6356
8161,6341
8233,6356
8381,6367
8543,6382
8680,6401
8726,6398
8722,6387
8669,6385
8507,6380
8333,6386
8151,6404
7959,6371
7807,6396
7723,6417
7556,6378
7403,6391
7259,6398
7098,6395
6949,6422
6883,6411
6802,6431
6783,6427
6740,6430
6774,6458
6823,6473
6855,6484
6928,6512
7045,6522
7186,6576
7291,6596
7406,6617
7561,6661
7760,6680
8059,6680
8240,6701
8493,6733
8623,6732
8724,6715
8923,6733
9168,6765
9569,6790
9774,6812
9835,6864
10213,6959
10284,6980
10557,7030
10588,7122
10827,7267
10746,7426
10641,7581
10568,7783
10602,7945
10666,8106
10546,8219
10239,8292
10066,8398
9850,8360
9661,8374
9512,8449
9255,8476
8957,8546
8794,8614
8549,8665
8270,8614
7996,8473
7782,8383
7573,8288
7354,8342
7165,8208
6974,8087
6866,8061
6724,7936
6667,7812
6617,7793
6580,7659
6581,7503
6656,7386
6781,7351
6889,7156
7050,7024
7242,6937
7413,6828
7599,6776
7839,6732
8019,6692
8273,6653
8492,6661
8637,6701
8792,6733
8939,6801
9044,6931
9261,7005
9377,7122
9627,7313
9677,7541
9621,7732
9648,7977
9530,8226
9527,8405
9532,8579
9459,8893
9412,9078
9475,9313
9349,9494
9290,9646
9179,9883
8977,9996
8838,9998
8712,10093
8712,10135
8544,10062
8370,10176
8179,10062
8127,10054
7947,9897
7839,9924
7717,9810
7591,9636
7419,9404
7258,9241
7132,9002
7033,8801
6946,8559
6871,8383
6786,8156
6720,7917
6679,7731
6638,7559
6630,7399
6655,7246
6729,7110
6808,7001
6924,6893
7041,6811
7222,6733
7488,6683
7629,6661
7997,6626
8189,6608
8534,6626
8938,6652
9158,6689
9571,6733
9963,6808
10258,6847
10545,6905
10885,6996
11149,7132
11337,7206
11627,7331
11872,7430
11960,7552
12103,7683
12039,7837
12137,7997
12020,8113
11784,8234
11539,8315
11331,8464
11077,8632
10822,8867
10583,8928
10364,8988
10043,9170
9713,9263
9563,9319
9133,9361
8720,9345
8480,9400
8346,9424
8038,9391
7804,9457
7605,9351
7421,9251
7255,9144
7094,9072
6955,8965
6863,8664
6763,8508
6701,8325
6645,8153
6650,7949
6677,7782
6728,7586
6831,7414
6919,7159
7083,7005
7260,6904
7406,6789
7549,6684
7784,6623
7951,6605
8134,6611
8395,6659
8659,6735
8935,6798
9070,6962
9202,7088
9356,7268
9467,7419
9462,7574
9663,7774
9725,7969
9763,8218
9657,8379
9671,8572
9602,8771
9625,8883
9592,9052
9557,9215
9519,9297
9458,9372
9355,9464
9320,9685
9225,9751
9117,9889
9020,9842
8947,9841
8782,9918
8686,9861
8555,9893
8368,9889
8119,9682
7957,9570
7720,9526
7543,9268
7329,9135
7157,9003
6970,8920
6861,8634
6741,8434
6640,8301
6586,8034
6598,7806
6606,7626
6626,7459
6649,7296
6721,7158
6824,7010
6922,6912
7025,6815
7146,6757
7286,6716
7432,6673
7606,6621
7824,6623
8007,6592
8211,6598
8392,6604
8575,6637
8749,6701
8972,6761
9177,6815
9327,6946
9489,7043
9675,7118
9755,7246
9869,7379
9850,7518
9979,7647
9909,7848
9898,8048
9901,8178
9968,8358
9917,8526
9878,8698
9810,8798
9649,9005
9514,9056
9410,9134
9275,9051
9146,9114
8972,9180
8780,9224
8660,9138
8449,9137
8323,9071
8174,8970
7940,8915
7749,8799
7580,8668
7401,8571
7239,8407
7077,8331
6921,8221
6824,8065
6724,7920
6640,7798
6620,7620
6618,7469
6625,7309
6642,7148
6661,7053
6772,6908
6909,6788
7066,6710
7205,6629
7363,6564
7596,6514
7867,6491
8076,6460
8313,6483
8642,6483
8836,6525
9053,6615
9269,6668
9449,6744
9775,6849
10074,6972
10339,7108
10507,7205
10556,7325
10536,7467
10619,7656
10623,7750
10752,7879
10751,8023
10809,8220
10630,8387
10442,8485
10335,8546
10118,8656
10013,8773
9820,8893
9520,8960
9361,8980
9136,9054
8905,9083
8693,9139
8444,9253
8229,9232
7960,9145
7780,9008
7587,8998
7375,8841
7220,8741
7039,8641
6863,8555
6765,8409
6651,8125
6596,7979
6536,7787
6502,7665
6480,7486
6537,7345
6568,7157
6623,7034
6702,6877
6811,6800
6931,6675
7071,6607
7197,6531
7328,6498
7510,6462
7742,6449
7826,6496
8053,6542
8176,6586
8327,6679
8434,6737
8497,6845
8595,7010
8746,7144
8882,7225
8917,7366
9020,7505
9176,7695
9248,7842
9233,8014
9302,8213
9315,8336
9228,8427
9252,8563
9336,8682
9360,8807
9216,8849
9070,8886
8866,8862
8917,8959
8724,8949
8553,8938
8517,9040
8339,9011
8152,8930
7959,8798
7809,8726
7647,8598
7474,8448
7352,8361
7146,8238
7031,8063
6916,7902
6858,7744
6770,7640
6699,7522
6633,7395
6596,7291
6610,7144
6631,6980
6658,6877
6702,6776
6759,6706
6837,6638
6922,6588
7033,6554
7111,6516
7231,6500
7364,6501
7519,6487
7677,6506
7807,6508
7925,6577
8025,6629
8151,6688
8360,6774
8519,6855
8701,7010
8813,7092
8958,7211
9179,7367
9263,7495
9422,7699
9647,7831
9682,7983
9733,8151
9919,8281
10047,8424
9960,8551
9948,8561
10015,8792
9912,8778
9817,8830
9753,8856
9522,8869
9406,8883
9210,8856
8976,8901
8768,8929
8476,8951
8270,8837
8086,8742
7865,8644
7664,8534
7435,8316
7264,8266
7072,8138
6930,7938
6833,7828
6740,7705
6705,7648
6643,7513
6645,7355
6667,7264
6686,7167
6723,7134
6817,6976
6877,6831
7003,6763
7053,6718
7185,6666
7357,6606
7451,6513
7672,6501
7843,6459
7976,6473
8140,6494
8320,6532
8493,6599
8646,6640
8797,6722
8956,6850
9070,6999
9175,7148
9284,7270
9397,7497
9548,7694
9516,7840
9554,8055
9530,8215
9555,8337
9590,8428
9554,8667
9397,8787
9232,8815
9063,8869
9026,9043
8908,9087
8831,9062
8719,9089
8501,9181
8303,9139
8104,8990
7887,8994
7733,8877
7576,8687
7413,8611
7311,8595
7155,8514
7046,8345
6915,8198
6818,8084
6727,7885
6653,7785
6578,7631
6576,7506
6545,7363
6565,7238
6608,7096
6626,6985
6648,6914
6724,6786
6803,6722
6942,6635
7053,6577
7190,6504
7325,6437
7515,6443
7651,6428
7757,6454
7973,6470
8260,6501
8480,6571
8642,6654
8842,6706
8982,6809
9073,6925
9223,7026
9551,7156
9724,7251
9673,7403
9685,7565
9755,7670
9973,7830
10032,7946
10015,8056
9923,8106
9849,8179
9788,8303
9863,8445
9864,8428
9627,8577
9384,8611
9242,8617
9080,8646
8891,8584
8645,8593
8365,8567
8123,8562
7972,8507
7737,8446
7557,8341
7409,8213
7149,8185
7009,8113
6885,7972
6765,7804
6667,7682
6591,7465
6548,7424
6531,7315
6549,7181
6629,7063
6702,6968
6877,6842
6982,6765
7175,6710
7376,6616
7609,6540
7895,6491
8052,6431
8255,6402
8633,6402
8883,6409
9087,6449
9344,6487
9525,6585
9691,6691
9881,6815
9951,6929
10138,7102
10169,7227
10251,7450
10278,7641
10184,7743
10027,7995
9922,8082
9755,8353
9614,8508
9490,8658
9345,8849
9211,8957
9071,9058
8813,9215
8650,9474
8509,9603
8275,9547
8073,9492
7981,9513
7790,9653
7690,9651
7612,9582
7460,9517
7414,9475
7344,9266
7198,9188
7099,9084
6968,8920
6898,8701
6853,8443
6772,8195
6725,7963
6669,7793
6618,7594
6564,7390
6583,7233
6554,7027
6592,6897
6680,6785
6793,6686
6869,6582
7001,6525
7172,6482
7362,6484
7568,6457
7854,6461
8078,6518
8439,6559
8712,6636
8965,6719
9274,6775
9569,6857
9729,6952
10110,7041
10422,7077
10568,7221
10675,7281
10764,7338
10810,7442
10782,7532
10960,7597
10848,7719
10667,7767
10588,7867
10527,7958
10402,8095
10280,8191
9908,8159
9759,8387
9479,8520
9139,8632
8885,8654
8692,8706
8536,8752
8272,8777
8097,8894
7873,8930
7621,9057
7487,9054
7375,8941
7241,8875
7122,8841
6973,8628
6910,8458
6809,8346
6741,8118
6675,7902
6674,7771
6668,7617
6690,7408
6703,7253
6751,7052
6836,6928
6979,6799
7099,6679
7283,6601
7421,6522
7692,6471
7898,6450
8118,6470
8382,6502
8605,6585
8855,6665
9017,6708
9240,6827
9525,6981
9833,7093
9955,7218
10178,7358
10370,7485
10610,7685
10816,7855
11082,7926
11109,8115
11112,8331
11102,8384
11154,8497
11235,8649
11124,8690
11039,8741
11031,9025
10883,9053
10617,9097
10510,9198
10380,9299
10126,9262
9850,9437
9496,9318
9208,9327
8938,9309
8740,9242
8486,9084
8225,9120
7921,9047
7698,8999
7504,8809
7336,8563
7122,8430
6996,8400
6923,8251
6896,8024
6813,7871
6834,7690
6848,7488
6923,7332
7042,7250
7155,7137
7318,7027
7446,6923
7590,6795
7815,6672
8124,6677
8395,6628
8669,6615
8909,6628
9228,6633
9446,6699
9914,6779
10163,6874
10413,7032
10792,7153
11081,7307
11368,7480
11823,7703
12116,7893
12313,8182
12402,8451
12527,8687
12815,8853
12967,9074
12815,9189
12797,9447
12711,9647
12654,9719
12487,9914
12409,10021
12281,10060
11739,10207
11389,10347
11117,10247
10830,10263
10494,10254
10113,10204
9872,10038
9580,10049
9343,9976
8970,9773
8656,9638
8267,9403
7905,9380
7647,9337
7421,9049
7173,8969
6996,8653
6892,8436
6872,8377
6831,8140
6854,7965
6939,7743
7048,7543
7204,7404
7351,7228
7554,7066
7776,6951
7960,6831
8248,6791
8620,6717
8968,6688
9257,6690
9729,6756
10061,6862
10473,7041
10864,7186
11226,7318
11632,7543
11994,7815
12243,8062
12487,8386
12635,8550
12866,8893
12854,9103
12980,9327
12965,9668
12804,9971
12881,10276
12892,10460
12583,10577
12418,10869
12292,11064
11955,11185
11698,11510
11100,11452
10663,11416
10302,11490
9837,11589
9395,11627
9019,11372
8683,11230
8272,11079
7991,10997
7784,10834
7561,10708
7372,10544
7202,10326
7110,10065
7047,9939
6854,9624
6670,9395
6435,9003
6325,8799
6237,8562
6207,8310
6180,7921
6164,7684
6157,7465
6156,7246
6152,7078
6149,6933
6147,6819
6139,6705
6143,6673
6147,6705
6151,6733
6148,6745
6133,6851
6132,6987
6128,7100
6139,7331
6129,7491
6122,7720
6127,7913
6126,8129
6125,8383
6135,8668
6120,8877
6127,9087
6131,9286
6118,9441
6122,9599
6123,9821
6126,9855
6119,9906
6115,10023
6126,10163
6117,10236
6131,10288
6123,10194
6114,10164
6121,10014
6127,9880
6129,9967
6122,9857
6127,9724
6115,9778
6133,9558
6104,9557
6115,9237
6102,9314
6112,8901
6120,8544
6109,8561
6111,8336
6121,7775
6109,7127
6111,6661
6115,6406
6106,6268
6115,6214
6111,6165
6096,6155
6109,6121
6103,6147
6110,6125
6108,6111
6102,6120
6111,6118
6097,6112
6103,6125
6101,6102
6106,6098
6114,6095
6092,6081
6110,6083
6115,6109
6108,6091
6104,6083
6107,6079
6113,6078
6104,6093
6103,6076
6108,6083
6076,5885
6032,6006
6100,6065
6096,6076
6093,6050
6095,6056
6113,6077
6098,6062
6108,6050
6106,6065
6110,6067
6102,6048
6107,6057
6106,6060
6107,6050
6105,6063
6119,6066
6102,6060
6099,6057
6108,6067
6102,6061
6111,6064
6114,6056
6114,6056
6109,6059
6106,6049
6117,6062
6110,6061
6116,6049
6112,6056
6115,6064
6114,6055
6110,6058
6118,6046
6121,6050
6111,6077
6118,6052
6107,6049
6106,6061
6104,6055
6111,6048
6108,6039
6104,6048
6110,6042
6107,6060
6104,6052
6108,6053
6108,6040
6110,6051
6113,6049
6121,6046
6107,6060
6115,6041
6113,6048
6118,6060
6103,6054
6107,6063
6111,6053
6111,6053
6122,6051
6111,6050
6107,6046
6114,6039
6099,6045
6112,6044
6112,6046
6110,6056
6106,6042
6108,6030
6119,6046
6110,6054
6110,6042
6108,6064
6106,6040
6100,6051
6111,6046
6108,6034
6108,6041
6110,6049
6102,6055
6108,6041
6106,6050
6111,6049
6108,6052
6110,6049
6107,6052
6112,6038
6109,6047
6102,6046
6099,6044
6102,6052
6114,6049
6107,6054
6102,6047
6107,6045
6100,6039
6098,6060
6106,6054
6119,6051
6106,6033
6109,6058
6118,6055
6115,6062
6102,6048
6106,6058
6105,6063
6112,6053
6105,6045
6106,6058
6108,6056
6108,6048
6112,6055
6110,6041
6107,6058
6105,6061
6107,6030
6112,6052
6115,6070
6108,6051
6110,6055
6104,6054
6104,6052
6104,6055
6107,6054
6113,6051
6099,6058
6105,6045
6115,6055
6112,6055
6104,6043
6102,6056
6120,6053
6116,6068
6104,6051
6106,6052
6110,6056
6105,6052
6111,6061
6108,6037
6099,6042
6112,6053
6105,6045
6108,6064
6117,6039
6113,6044
6105,6054
6100,6045
6107,6049
6104,6050
6098,6061
6102,6049
6096,6043
6102,6056
6104,6052
6103,6049
6112,6047
6102,6033
6096,6065
6095,6056
6097,6051
6095,6060
6092,6043
6116,6055
6119,6042
6107,6044
6102,6051
6113,6050
6103,6054
6106,6040
6108,6047
6104,6048
6098,6052
6096,6049
6099,6044
6097,6054
6112,6057
6103,6049
6096,6060
6089,6051
6105,6062
6102,6047
6100,6048
6100,6048
6097,6063
6099,6056
6097,6049
6106,6056
6104,6060
6099,6046
6110,6051
6097,6038
6097,6054
6100,6049
6101,6043
6102,6055
6097,6065
6102,6050
6099,6042
6103,6050
6105,6054
6099,6058
6094,6061
6109,6042
6098,6040
6097,6042
6098,6057
6101,6053
6094,6042
6103,6035
6113,6058
6105,6050
6096,6052
6101,6042
6099,6058
6098,6047
6104,6058
6102,6050
6104,6047
6107,6060
6102,6058
6110,6054
6105,6062
6103,6046
6104,6062
6100,6050
6108,6059
6102,6058
6107,6053
6102,6067
6099,6056
6112,6056
6112,6056
6104,6054
6105,6066
6106,6052
6107,6049
6108,6053
6107,6051
6115,6049
6114,6051
6105,6052
6109,6045
6102,6048
6108,6053
6108,6069
6102,6044
6107,6071
6106,6046
6109,6056
6099,6029
6116,6059
6125,6051
6110,6055
6112,6052
6116,6059
6104,6049
6106,6045
6111,6053
6104,6060
6104,6057
6113,6065
6116,6061
6111,6050
6101,6050
6103,6056
6104,6063
6109,6057
5992,5966
6103,6057
6103,6044
6149,6095
6155,6094
6128,6106
6168,6123
6120,6077
6158,6102
6117,6041
6094,6048
6094,6058
6098,6047
6107,6065
6100,6046
6108,6063
6107,6061
6101,6068
6099,6037
6109,6047
6103,6041
6110,6048
6102,6043
6102,6050
6103,6047
6106,6055
6109,6052
6099,6065
6104,6055
6099,6061
6106,6056
6099,6050
6101,6057
6111,6051
6095,6064
6099,6050
6113,6054
6111,6054
6100,6058
6099,6058
6097,6065
6110,6052
6098,6037
6109,6042
6106,6063
6105,6051
6097,6048
6104,6050
6107,6057
6100,6052
6111,6056
6111,6046
6101,6061
6108,6047
6099,6057
6112,6068
6114,6047
6113,6063
6097,6051
6096,6060
6100,6061
6109,6056
6113,6054
6118,6062
6101,6051
6109,6055
6103,6057
6111,6053
6115,6048
6108,6042
6106,6057
6115,6050
6107,6058
6111,6061
6112,6042
6113,6052
6113,6052
6120,6060
6112,6054
6117,6051
6108,6051
6119,6018
6111,6059
6114,6051
6108,6054
6106,6054
6115,6039
6108,6048
6112,6050
6119,6059
6117,6062
6122,6062
6115,6061
6114,6060
6108,6054
6102,6050
6110,6056
6106,6043
6110,6048
6113,6055
6106,6050
6104,6061
6109,6050
6108,6047
6104,6041
6112,6049
6111,6051
6109,6063
6111,6049
6114,6063
6108,6049
6106,6051
6119,6060
6111,6046
6106,6053
6113,6071
6104,6063
6112,6062
6108,6061
6107,6047
6117,6050
6107,6062
6114,6055
6108,6069
6106,6051
6113,6054
6106,6049
6117,6055
6115,6045
6113,6065
6105,6054
6107,6053
6111,6041
6117,6051
6107,6063
6119,6058
6113,6052
6114,6053
6118,6046
6106,6051
6121,6055
6109,6047
6103,6038
6113,6054
6102,6059
6105,6067
6111,6065
6112,6061
6106,6053
6120,6044
6110,6053
6109,6063
6099,6060
6101,6049
6105,6067
6114,6059
6102,6061
6113,6053
6124,6060
6111,6052
6104,6057
6113,6058
6122,6061
6117,6047
6113,6060
6112,6064
6110,6067
6115,6056
6118,6055
6112,6057
6108,6038
6114,6063
6111,6062
6102,6055
6106,6063
6115,6064
6114,6046
6107,6063
6117,6063
6124,6039
6118,6056
6119,6053
6114,6053
6108,6061
6111,6072
6117,6047
6117,6066
6110,6051
6126,6063
6128,6077
6111,6057
6114,6053
6108,6060
6108,6060
6110,6060
6114,6052
6107,6062
6117,6057
6113,6065
6114,6047
6110,6065
6117,6056
6120,6049
6113,6057
6115,6050
6116,6059
6114,6057
6117,6068
6118,6063
6112,6063
6121,6060
6122,6056
6114,6048
6111,6051
6116,6057
6116,6057
6124,6064
6117,6057
6106,6065
6109,6056
6120,6064
6117,6057
6124,6058
6118,6055
6118,6048
6112,6072
6113,6062
6119,6056
6117,6059
6115,6057
6121,6048
6114,6064
6129,6069
6117,6058
6120,6058
6117,6049
6113,6066
6116,6054
6116,6054
6118,6066
6113,6069
6113,6063
6117,6058
6119,6067
6110,6053
6115,6040
6112,6061
6121,6062
6116,6058
6120,6069
6119,6048
6112,6054
6119,6045
6117,6057
6120,6053
6111,6071
6114,6061
6114,6061
6113,6055
6122,6055
6122,6055
6116,6063
6115,6054
6117,6054
6123,6046
6113,6067
6121,6054
6119,6055
6117,6061
6121,6040
6113,6062
6112,6062
6121,6055
6117,6052
6107,6060
6124,6056
6111,6053
6117,6063
0,46
0,61680
0,0
6115,6059
5606,5572
5597,5559
5601,5572
5603,5586
5602,5587
5601,5576
5604,5572
5584,5561
5814,5763
6330,6315
6305,6297
6298,6282
6299,6301
6284,6295
6292,6318
6300,6307
6299,6312
6298,6314
6292,6317
6308,6329
6301,6317
6288,6322
6291,6350
6309,6327
6313,6324
6301,6354
6309,6340
6299,6329
6312,6326
6292,6330
6304,6324
6303,6320
6295,6323
6302,6325
6314,6309
6313,6327
6294,6327
6293,6345
6303,6361
6301,6342
6304,6334
6290,6336
6293,6339
6297,6335
6285,6354
6290,6363
6295,6340
6299,6327
6288,6337
6290,6341
6307,6330
6308,6324
6320,6330
6311,6356
6300,6348
6298,6326
6297,6310
6317,6328
6309,6316
6313,6349
6296,6326
6297,6332
6288,6326
6308,6330
6298,6340
6299,6354
6303,6346
6310,6329
6314,6350
6305,6350
6307,6318
6296,6323
6285,6344
6296,6334
6304,6332
6296,6336
6305,6327
6297,6330
6300,6342
6301,6316
6313,6333
6305,6325
6311,6338
6310,6330
6310,6326
6283,6336
6292,6340
6294,6352
6273,6340
6286,6331
6293,6337
6291,6325
6300,6347
6294,6344
6294,6344
6294,6350
6294,6338
6294,6333
6301,6335
6278,6329
6295,6327
6317,6331
6300,6334
6290,6334
6282,6327
6271,6351
6284,6323
6296,6338
6296,6334
6288,6312
6287,6339
6291,6367
6278,6340
6287,6331
6299,6346
6308,6329
6298,6359
6282,6332
6294,6328
6300,6319
6315,6351
6317,6356
6289,6341
6301,6344
6293,6338
6304,6330
6290,6344
6291,6324
6304,6326
6298,6324
6283,6346
6291,6350
6291,6327
6294,6338
6296,6324
6294,6327
6290,6333
6296,6332
6289,6330
6348,6383
6367,6399
6292,6350
6295,6343
6316,6373
6332,6366
6309,6334
6302,6365
6286,6338
6287,6348
6290,6338
6304,6350
6289,6339
6294,6351
6303,6358
6298,6372
6304,6369
6301,6336
6306,6348
6285,6355
6274,6346
6285,6331
6282,6333
6301,6324
6304,6355
6288,6358
6295,6353
6285,6351
6277,6359
6294,6361
6283,6339
6281,6354
6289,6351
6268,6338
6275,6357
6281,6349
6282,6366
6276,6339
6281,6348
6298,6359
6300,6343
6309,6368
6291,6346
6289,6330
6305,6334
6303,6361
6303,6343
6291,6351
6287,6377
6286,6372
6292,6359
6299,6332
6290,6334
6284,6352
6291,6360
6299,6353
6298,6375
6304,6355
6302,6363
6287,6366
6288,6374
6286,6379
6279,6360
6284,6351
6264,6356
6278,6363
6279,6361
6285,6348
6289,6365
6268,6329
6265,6377
6293,6362
6285,6376
6299,6376
6295,6361
6266,6354
6283,6366
6279,6355
6293,6378
6271,6372
6274,6371
6274,6372
6275,6360
6258,6379
6259,6363
6259,6385
6267,6370
6257,6356
6256,6354
6266,6366
6268,6366
6272,6364
6263,6371
6250,6379
6263,6377
6266,6372
6254,6375
6262,6364
6274,6350
6262,6384
6264,6375
6259,6382
6276,6391
6256,6374
6250,6400
6262,6398
6269,6404
6259,6399
6246,6392
6247,6394
6268,6382
6269,6370
6244,6372
6267,6357
6249,6366
6293,6378
6273,6384
6293,6393
6258,6391
6264,6370
6268,6381
6260,6370
6258,6351
6248,6356
6250,6351
6275,6363
6255,6350
6255,6338
6245,6350
6249,6345
6254,6393
6267,6360
6256,6358
6252,6372
6252,6369
6250,6369
6249,6390
6276,6380
6256,6406
6239,6379
6257,6371
6251,6393
6269,6380
6268,6386
6256,6371
6235,6383
6248,6397
6251,6378
6248,6391
6229,6388
6242,6396
6233,6397
6247,6380
6235,6359
6244,6362
6255,6359
6247,6389
6258,6387
6247,6388
6240,6392
6255,6386
6248,6387
6251,6391
6257,6384
6238,6359
6242,6405
6254,6378
6256,6369
6235,6377
6254,6385
6238,6374
6240,6354
6251,6370
6243,6348
6245,6375
6237,6388
6240,6400
6236,6410
6252,6403
6248,6400
6249,6394
6240,6426
6236,6420
6253,6390
6242,6397
6226,6408
6227,6399
6241,6401
6231,6407
6244,6399
6235,6410
6239,6399
6230,6388
6226,6396
6232,6375
6236,6392
6238,6376
6241,6382
6249,6389
6233,6391
6246,6379
6243,6390
6240,6387
6236,6396
6224,6397
6228,6410
6254,6391
6234,6381
6237,6390
6231,6369
6243,6384
6238,6405
6225,6367
6239,6381
6238,6386
6239,6395
6239,6378
6239,6387
6245,6387
6244,6376
6227,6396
6240,6385
6233,6392
6233,6421
6232,6387
6215,6381
6239,6356
6242,6379
6233,6380
6237,6387
6237,6385
6228,6391
6248,6397
6225,6407
6225,6398
6237,6392
6218,6410
6231,6393
6243,6430
6231,6410
6233,6405
6226,6415
6231,6419
6236,6404
6221,6398
6226,6413
6235,6425
6234,6435
6230,6398
6230,6397
6224,6398
6220,6423
6229,6398
6229,6403
6221,6403
6232,6405
6230,6409
6235,6401
6244,6424
6226,6416
6244,6410
6230,6408
6224,6414
6228,6415
6230,6417
6230,6420
6229,6424
6218,6394
6224,6414
6303,6444
6222,6425
6202,6390
6231,6403
6263,6446
6275,6446
6223,6397
6224,6383
6212,6413
6229,6382
6223,6370
6218,6404
6229,6358
6212,6380
6223,6395
6228,6389
6229,6383
6236,6406
6233,6387
6239,6407
6225,6402
6232,6427
6224,6408
6219,6421
6235,6418
6220,6427
6228,6419
6231,6424
6231,6430
6211,6446
6216,6430
6222,6458
6211,6407
6222,6431
6221,6422
6241,6426
6228,6415
6222,6410
6232,6382
6222,6402
6228,6421
6232,6432
6230,6419
6226,6419
6218,6436
6218,6440
6226,6418
6213,6446
6230,6405
6227,6425
6216,6427
6225,6432
6230,6392
6218,6395
6217,6400
6222,6407
6234,6402
6231,6405
6220,6400
6221,6396
6229,6412
6227,6405
6224,6413
6220,6389
6226,6362
6221,6415
6230,6427
6239,6413
6215,6411
6235,6407
6216,6392
6224,6418
6213,6396
6222,6409
6224,6401
6224,6413
6231,6391
6223,6371
6228,6401
6231,6385
6225,6394
6232,6376
6229,6381
6223,6410
6244,6402
6232,6432
6222,6417
6235,6402
6232,6431
6219,6404
6230,6423
6226,6401
6228,6388
6252,6389
6250,6404
6227,6395
6223,6394
6229,6398
6215,6385
6224,6397
6234,6398
6229,6403
6230,6386
6234,6404
6226,6404
6226,6395
6228,6428
6225,6418
6236,6418
6223,6387
6222,6387
6224,6404
6239,6383
6231,6389
6228,6401
6239,6394
6240,6400
6229,6418
6241,6440
6231,6427
6241,6395
6233,6397
6234,6388
6229,6394
6236,6404
6221,6387
6234,6403
6230,6400
6240,6402
6243,6394
6225,6377
6231,6366
6248,6380
6244,6399
6242,6382
6224,6374
6239,6382
6238,6378
6235,6383
6244,6386
6226,6364
6234,6394
6244,6422
6245,6393
6241,6388
6243,6376
6246,6379
6243,6368
6233,6371
6231,6378
6243,6388
6250,6367
6254,6410
6256,6383
6254,6356
6263,6372
6259,6387
6248,6383
6277,6376
6272,6384
6284,6405
6290,6366
6310,6399
6339,6390
6349,6367
6370,6368
6414,6359
6443,6374
6490,6384
6546,6359
6622,6376
6701,6378
6802,6359
6916,6352
7004,6385
7111,6361
7252,6368
7345,6375
7437,6367
7570,6356
7669,6349
7751,6342
7851,6351
8013,6338
8137,6346
8301,6366
8409,6368
8592,6390
8738,6390
8755,6404
8768,6398
8697,6383
8546,6407
8350,6380
8227,6381
8058,6379
7925,6406
7782,6399
7672,6376
7473,6398
7302,6391
7088,6407
6978,6411
6892,6393
6811,6437
6774,6423
6753,6422
6783,6452
6811,6471
6859,6503
6923,6513
7058,6519
7178,6564
7318,6589
7428,6605
7644,6642
7893,6694
8104,6681
8383,6707
8507,6723
8670,6732
8861,6699
8987,6715
9346,6765
9557,6777
9740,6794
9842,6860
10015,6978
10345,6971
10455,7054
10611,7099
10781,7232
10823,7420
10892,7652
10653,7780
10799,8021
10813,8193
10579,8315
10387,8470
10208,8529
9981,8435
9789,8646
9554,8581
9329,8549
9016,8681
8786,8623
8530,8630
8280,8581
8011,8506
7772,8539
7560,8477
7311,8357
7156,8321
6974,8195
6855,8128
6718,8161
6656,7939
6598,7860
6578,7774
6598,7623
6656,7496
6787,7359
6908,7213
7108,7082
7256,6973
7451,6868
7609,6743
7919,6781
8017,6764
8310,6621
8509,6667
8654,6717
8796,6734
8983,6823
9039,6920
9238,7023
9371,7175
9587,7365
9707,7543
9680,7772
9567,8062
9560,8263
9542,8447
9499,8615
9488,8926
9446,9155
9451,9353
9336,9510
9322,9660
9149,9904
8980,9928
8815,10006
8697,10092
8669,10106
8546,10038
8374,10094
8214,9987
8058,9991
7936,9886
7803,9875
7683,9668
7557,9613
7427,9442
7250,9251
7119,9031
7024,8851
6962,8476
6856,8362
6772,8177
6714,7980
6691,7707
6651,7550
6640,7425
6660,7245
6727,7110
6848,6964
6959,6890
7062,6801
7290,6731
7489,6661
7680,6646
8030,6602
8225,6608
8628,6630
8894,6647
9212,6681
9604,6713
10075,6809
10233,6868
10502,6925
10804,6980
11112,7107
11325,7223
11615,7351
11861,7398
12062,7497
12238,7689
12250,7832
12277,8007
12140,8115
11839,8234
11653,8347
11407,8485
11115,8665
10896,8834
10598,9015
10464,9061
10084,9167
9688,9229
9467,9341
9097,9361
8724,9334
8505,9399
8415,9512
8118,9519
7828,9468
7626,9432
7407,9375
7259,9276
7107,9157
6953,9009
6875,8725
6762,8603
6669,8383
6653,8160
6654,7989
6667,7792
6726,7609
6800,7380
6923,7139
7071,6991
7217,6918
7375,6791
7535,6703
7776,6613
7927,6575
8120,6615
8386,6650
8602,6741
8830,6815
8977,6964
9120,7110
9235,7313
9307,7488
9483,7644
9621,7810
9662,7986
9709,8216
9696,8369
9737,8559
9667,8802
9629,8897
9629,9037
9539,9223
9534,9300
9443,9370
9355,9467
9286,9645
9219,9781
9092,9887
8956,9858
8889,9893
8799,9896
8660,9901
8544,9879
8384,9830
8130,9706
7951,9602
7730,9494
7519,9240
7349,9120
7147,9004
6992,8888
6877,8646
6761,8432
6631,8260
6605,8044
6597,7784
6602,7598
6605,7447
6655,7295
6736,7159
6857,6964
6932,6898
7042,6819
7126,6769
7274,6722
7468,6670
7617,6642
7818,6607
7990,6588
8193,6598
8409,6622
8536,6621
8727,6726
8944,6763
9160,6820
9338,6911
9511,7039
9673,7106
9849,7241
9940,7371
9981,7512
10016,7646
9888,7866
9976,8045
9973,8236
10020,8369
9993,8538
9929,8688
9870,8826
9659,8934
9466,9094
9373,9072
9234,9085
9093,9154
8927,9159
8771,9171
8624,9156
8433,9151
8369,9048
8130,8986
7939,8915
7722,8807
7538,8677
7364,8560
7286,8416
7083,8292
6953,8171
6831,8053
6731,7936
6650,7776
6609,7602
6598,7449
6587,7307
6630,7160
6685,7045
6781,6904
6919,6794
7042,6713
7202,6641
7401,6591
7598,6514
7868,6481
8106,6480
8371,6483
8651,6493
8936,6533
9158,6604
9352,6689
9505,6764
9819,6852
10121,6997
10351,7109
10534,7204
10485,7327
10503,7495
10607,7629
10688,7746
10747,7907
10834,8104
10761,8262
10672,8365
10572,8555
10379,8615
10212,8643
10080,8885
9821,8960
9592,9002
9322,9069
9131,9067
8918,9098
8729,9180
8505,9227
8220,9236
7969,9139
7758,8996
7542,8973
7345,8814
7205,8717
7002,8601
6872,8530
6770,8388
6667,8179
6613,8013
6528,7803
6501,7682
6475,7516
6511,7336
6572,7154
6637,7017
6704,6890
6825,6783
6923,6680
7088,6592
7193,6530
7320,6455
7462,6494
7725,6511
7747,6395
7996,6512
8194,6632
8347,6686
8430,6773
8503,6892
8681,7004
8766,7151
8856,7279
8949,7384
9082,7557
9183,7710
9254,7829
9281,8006
9342,8249
9394,8402
9273,8458
9300,8541
9340,8629
9305,8799
9210,8846
9098,8898
8969,8954
8907,8984
8772,9012
8594,9074
8581,9126
8358,9038
8233,9001
8062,8865
7866,8773
7675,8639
7464,8527
7365,8371
7151,8219
7039,8082
6917,7919
6846,7751
6748,7655
6683,7523
6657,7409
6631,7237
6611,7115
6624,6990
6645,6868
6716,6805
6745,6720
6846,6655
6922,6583
7025,6529
7147,6499
7216,6500
7327,6481
7544,6491
7682,6500
7835,6539
7947,6579
7995,6638
8179,6697
8387,6790
8529,6839
8677,6990
8809,7124
8975,7234
9215,7338
9262,7470
9391,7697
9636,7861
9699,8052
9795,8133
9888,8290
9997,8342
9985,8553
9929,8636
9993,8837
9915,8814
9863,8884
9768,8888
9553,8981
9426,8871
9182,8851
8966,8888
8772,8884
8492,8911
8258,8837
8057,8750
7863,8643
7649,8519
7418,8322
7235,8253
7055,8169
6911,7981
6802,7827
6722,7721
6674,7621
6618,7474
6663,7363
6655,7265
6697,7165
6726,7095
6793,6971
6874,6854
6990,6776
7064,6730
7200,6673
7332,6598
7469,6526
7668,6504
7783,6480
7965,6470
8155,6483
8330,6528
8472,6576
8655,6637
8768,6737
8945,6832
9049,6978
9128,7141
9224,7306
9407,7498
9555,7701
9528,7822
9528,8024
9582,8210
9569,8342
9576,8500
9536,8685
9334,8701
9089,8754
8905,8867
8846,8961
8871,9056
8809,9000
8595,9034
8465,9171
8272,9035
7967,8926
7853,8973
7734,8871
7554,8682
7444,8617
7317,8561
7141,8431
7037,8318
6915,8171
6816,8098
6749,7905
6656,7773
6605,7621
6563,7463
6545,7350
6577,7225
6584,7102
6602,7021
6647,6922
6711,6814
6802,6728
6929,6633
7044,6582
7178,6510
7344,6463
7512,6448
7630,6448
7751,6461
7945,6462
8260,6501
8476,6570
8612,6669
8869,6723
8998,6833
9018,6925
9235,7054
9454,7130
9648,7205
9740,7428
9655,7591
9805,7667
9999,7763
10074,7901
9970,8052
9981,8071
9874,8191
9844,8301
9857,8439
9779,8488
9636,8533
9372,8637
9240,8622
9060,8671
8876,8639
8655,8618
8399,8590
8168,8507
8008,8486
7745,8423
7579,8322
7373,8239
7173,8227
7037,8091
6879,7946
6782,7783
6676,7675
6580,7515
6556,7434
6535,7330
6537,7165
6636,7073
6685,6959
6833,6840
6983,6760
7137,6694
7341,6604
7605,6543
7904,6486
8079,6421
8289,6399
8621,6394
8920,6408
9141,6438
9318,6496
9507,6579
9732,6698
9898,6823
9945,6934
10122,7030
10180,7216
10288,7443
10242,7600
10097,7730
9976,7892
9881,8124
9823,8348
9643,8474
9543,8653
9334,8838
9287,9007
9026,9133
8827,9274
8674,9477
8535,9639
8278,9562
8074,9514
8011,9538
7816,9666
7690,9655
7624,9630
7505,9489
7400,9370
7318,9222
7219,9129
7087,9055
6963,8950
6914,8644
6856,8416
6766,8176
6695,8021
6655,7823
6614,7608
6562,7412
6547,7236
6562,7065
6582,6888
6655,6807
6743,6887
6888,6567
7003,6509
7217,6510
7342,6479
7551,6457
7842,6459
8093,6523
8434,6573
8765,6627
8943,6706
9249,6779
9548,6841
9702,6934
9982,7033
10403,7082
10513,7187
10678,7270
10756,7347
10709,7453
10758,7547
10896,7631
10737,7688
10622,7772
10582,7850
10531,7967
10372,8055
10329,8168
10083,8262
9756,8420
9495,8547
9152,8553
8851,8589
8727,8694
8476,8755
8259,8821
8135,8930
7852,8946
7632,9001
7482,9012
7390,8960
7247,8851
7112,8839
6974,8619
6915,8441
6804,8315
6749,8104
6672,7935
6639,7767
6659,7572
6682,7412
6693,7271
6767,7061
6865,6905
6961,6797
7108,6694
7284,6597
7437,6505
7667,6481
7902,6464
8162,6488
8377,6496
8624,6562
8856,6635
9020,6731
9196,6842
9536,6976
9827,7104
9957,7210
10270,7361
10427,7526
10576,7653
10817,7810
11091,7977
11059,8147
11146,8319
11064,8334
11095,8548
11208,8661
11160,8697
11033,8729
11034,8972
10884,9049
10592,9146
10494,9184
10378,9298
10135,9101
9769,9283
9462,9305
9159,9341
8935,9313
8742,9239
8453,9178
8227,9118
7959,9025
7722,8981
7511,8795
7345,8568
7128,8401
7029,8337
6938,8237
6895,8006
6835,7863
6858,7737
6859,7497
6944,7342
7023,7249
7139,7126
7268,6994
7415,6888
7606,6765
7828,6697
8106,6677
8386,6627
8586,6616
8865,6608
9222,6634
9467,6683
9855,6759
10164,6883
10424,7002
10740,7146
11044,7327
11441,7477
11724,7662
12046,7885
12167,8148
12290,8411
12451,8656
12572,8800
12722,9048
12640,9208
12617,9373
12755,9609
12648,9757
12465,9876
12510,10026
12092,10065
11767,10236
11498,10284
11079,10317
10731,10234
10522,10172
10198,10210
9855,10084
9548,10025
9209,9862
8867,9684
8565,9567
8220,9417
7921,9364
7611,9274
7427,9073
7165,8963
6994,8699
6896,8465
6849,8336
6837,8159
6868,7969
6926,7777
7045,7531
7179,7413
7377,7241
7544,7054
7767,6940
7964,6800
8256,6752
8616,6719
8932,6656
9281,6713
9679,6757
10064,6867
10471,7042
10939,7157
11254,7331
11611,7557
11940,7869
12229,8119
12440,8339
12698,8626
12982,8971
12872,9147
13151,9413
13081,9774
12784,9982
12665,10168
12771,10333
12345,10462
12129,10650
12024,10849
11840,11117
11544,11412
11091,11417
10661,11396
10247,11435
9796,11510
9334,11498
9066,11415
8726,11283
8269,11151
7961,10979
7790,10920
7592,10833
7344,10477
7182,10203
7111,10029
7056,9853
6891,9614
6645,9352
6425,9056
6316,8815
6241,8551
6188,8289
6185,7933
6179,7664
6156,7462
6161,7246
6142,7087
6147,6952
6151,6809
6148,6679
6145,6686
6152,6667
6149,6704
6132,6755
6144,6847
6129,6974
6135,7101
6130,7285
6134,7458
6128,7679
6132,7871
6129,8103
6126,8395
6138,8607
6130,8902
6125,9134
6137,9305
6114,9500
6124,9613
6125,9856
6120,9977
6127,9974
6113,9993
6136,10222
6109,10226
6136,10310
6123,10271
6111,10212
6115,10061
6126,9943
6128,9911
6110,9789
6125,9619
6122,9667
6115,9531
6112,9509
6118,9284
6125,9247
6113,8839
6117,8520
6112,8502
6112,8272
6112,7746
6102,7095
6115,6669
6118,6389
6104,6271
6117,6208
6105,6190
5902,6051
6095,6134
6241,6197
6091,6116
6063,6069
6115,6122
6114,6121
6112,6111
6065,6144
6099,6110
6111,6087
6112,6088
6099,6069
6104,6090
6112,6080
6108,6067
6109,6080
6111,6078
6111,6076
6106,6077
6103,6070
6110,6080
6104,6073
6095,6072
6113,6067
6115,6060
6109,6074
6099,6045
6110,6075
6112,6072
6107,6073
6116,6076
6106,6071
6108,6059
6103,6067
6104,6057
6103,6067
6109,6067
6116,6047
6106,6068
6114,6062
6109,6067
6111,6064
6112,6047
6117,6068
6105,6056
6108,6058
6106,6067
6113,6045
6113,6061
6111,6052
6104,6048
6121,6064
6117,6048
6113,6046
6118,6068
6112,6048
6113,6042
6118,6065
6105,6048
6110,6049
6110,6049
6097,6055
6113,6030
6109,6053
6110,6048
6110,6056
6109,6056
6119,6013
6101,6051
6111,6049
6110,6057
6114,6050
6115,6056
6116,6047
6112,6058
6109,6061
