Channel 1,Channel 2
6843,8338
6818,8319
6871,8264
6991,8171
7155,8176
7357,8109
7515,8038
7755,7942
7985,7882
8166,7723
8404,7614
8581,7505
8777,7371
8981,7253
9179,7111
9224,7009
9316,6921
9328,6883
9319,6868
9299,6879
9228,6884
9163,6989
8993,7093
8806,7191
8616,7266
8476,7376
8250,7501
8061,7680
7867,7849
7794,7897
7596,8076
7448,8225
7325,8335
7217,8441
7118,8560
7043,8714
6989,8844
6911,8887
6890,9021
6917,9053
6892,9159
6931,9167
7026,9006
7185,8898
7355,8766
7548,8609
7762,8395
8005,8203
8198,7959
8487,7687
8757,7521
8978,7310
9028,7169
9173,6977
9240,6845
9191,6730
9237,6719
9220,6732
9182,6753
9129,6841
8989,6963
8856,7065
8681,7138
8540,7254
8310,7350
8175,7518
7906,7599
7719,7704
7575,7828
7460,7936
7303,8108
7161,8314
7050,8470
7008,8645
6994,8680
6922,8750
6895,8873
6903,8873
6919,8945
6946,8977
7041,8960
7131,8807
7245,8724
7342,8588
7547,8361
7683,8143
7856,8006
8069,7773
8270,7562
8476,7304
8711,7161
8925,7008
9020,6908
9125,6810
9205,6751
9292,6729
9363,6718
9358,6747
9206,6806
9153,6859
8879,6942
8681,7080
8472,7169
8260,7338
8055,7424
7852,7585
7633,7629
7485,7713
7375,7794
7245,7857
7117,7967
7021,7985
6970,8055
6921,8031
6865,8021
6874,8019
6871,8051
6956,8040
7009,7976
7143,7858
7234,7755
7410,7640
7583,7567
7785,7473
7934,7386
8137,7235
8331,7132
8412,6988
8471,6861
8549,6758
8594,6704
8659,6669
8687,6617
8761,6593
8672,6590
8618,6615
8565,6687
8505,6719
8445,6868
8374,6975
8258,7089
8149,7256
7974,7419
7827,7570
7644,7668
7475,7779
7276,7869
7141,7948
7081,7993
6980,8004
6929,8043
6903,8051
6857,8076
6870,8032
6939,8039
7008,8019
7141,7829
7247,7812
7412,7710
7637,7571
7770,7452
7974,7381
8227,7243
8482,7147
8589,7035
8739,6935
8891,6864
8920,6793
8977,6733
9111,6693
9091,6688
9102,6689
9029,6700
8887,6728
8746,6768
8564,6815
8272,6885
8148,6963
7944,7071
7800,7168
7594,7312
7509,7388
7354,7542
7210,7681
7106,7796
6980,7905
6924,8006
6866,8090
6867,8226
6872,8320
6908,8317
6944,8334
6998,8283
7054,8235
7182,8148
7286,8039
7372,7936
7542,7788
7705,7608
7896,7453
8101,7351
8323,7188
8541,7032
8639,6926
8825,6849
8965,6750
9074,6671
9214,6673
9231,6658
9371,6712
9326,6822
9344,6909
9216,7009
9120,7111
9012,7268
8779,7350
8566,7455
8338,7537
8109,7648
7909,7774
7756,7886
7474,8071
7298,8039
7179,8041
7056,8069
6997,8116
7021,8185
7004,8201
7067,8166
7056,8153
7129,8136
7247,8068
7297,7955
7400,7813
7554,7672
7719,7541
7896,7424
8055,7279
8236,7168
8431,7045
8530,6952
8594,6857
8762,6815
8943,6733
8991,6721
9009,6692
8971,6715
8927,6805
8815,6850
8765,6927
8666,7035
8514,7143
8432,7297
8256,7482
8079,7666
7948,7850
7781,7991
7632,8232
7453,8369
7329,8505
7193,8609
7049,8733
6982,8676
6880,8686
6826,8679
6902,8710
6928,8642
6989,8514
7039,8427
7067,8315
7201,8206
7375,7998
7497,7885
7613,7740
7752,7513
7919,7409
8172,7302
8329,7199
8535,7123
8629,7025
8839,6932
8855,6853
8974,6757
8979,6666
9015,6635
8920,6617
8923,6608
8870,6653
8778,6736
8629,6828
8451,6894
8249,6989
8106,7132
7958,7220
7763,7367
7557,7455
7395,7479
7207,7520
7064,7651
7002,7724
6898,7775
6909,7789
6896,7835
6940,7862
7066,7878
7125,7830
7271,7817
7416,7741
7570,7639
7840,7575
8123,7485
8369,7383
8590,7270
8839,7154
9094,7048
9235,6922
9445,6839
9644,6721
9724,6642
9849,6566
9889,6561
9803,6515
9737,6535
9546,6539
9446,6610
9318,6678
9207,6789
8976,6914
8760,7048
8489,7193
8168,7368
7856,7487
7641,7467
7406,7859
7223,8009
7011,8199
6969,8329
6894,8466
6882,8508
6809,8505
6881,8520
6914,8416
6974,8411
7056,8422
7154,8355
7308,8196
7479,8011
7675,7879
7832,7704
7928,7576
8125,7427
8290,7281
8483,7134
8638,7009
8848,6937
9041,6820
9057,6732
9095,6698
9106,6671
9053,6669
9035,6718
8938,6726
8905,6823
8793,6968
8664,7157
8471,7301
8334,7530
8101,7710
7913,7886
7705,8044
7563,8137
7419,8285
7250,8435
7148,8464
7082,8573
6999,8701
6978,8781
6978,8731
7011,8800
7033,8741
7103,8648
7175,8563
7318,8520
7505,8352
7644,8181
7807,8171
7963,8031
8292,7897
8561,7742
8808,7548
9017,7390
9272,7261
9374,7115
9508,7012
9679,6919
9896,6814
10031,6775
10040,6758
10053,6777
10019,6831
9998,6889
9926,6963
9872,7087
9711,7202
9506,7328
9210,7447
8920,7609
8613,7747
8387,7870
8046,8000
7771,8073
7578,8243
7401,8423
7239,8488
7169,8514
7179,8531
7153,8571
7206,8485
7287,8463
7369,8427
7537,8416
7665,8380
7914,8265
8174,8105
8358,7964
8663,7834
9024,7680
9453,7608
9880,7472
10189,7327
10528,7227
10926,7044
11411,6928
11826,6903
11887,6890
11909,6914
11697,6985
11441,6984
11210,7136
11039,7263
10474,7371
10003,7562
9588,7763
9158,7969
8927,8190
8555,8402
8215,8596
7968,8838
7798,9115
7659,9348
7521,9407
7451,9440
7451,9445
7482,9567
7580,9643
7656,9651
7819,9569
7990,9392
8197,9225
8601,9090
8997,9023
9284,8949
9594,8833
9860,8597
10290,8307
10699,8029
10911,7812
10980,7568
11091,7304
11044,7061
11037,6909
10998,6781
10926,6712
10747,6682
10639,6800
10607,6951
10443,7120
10356,7443
10036,7733
9868,8068
9525,8464
9145,8736
9013,8987
8747,9248
8526,9529
8336,9602
8200,9760
8105,9844
7912,9943
7786,9925
7702,9936
7667,9968
7713,9988
7762,9988
7967,9929
8134,9775
8445,9622
8800,9479
9080,9278
9315,9033
9694,8711
10064,8466
10445,8268
10806,7977
11112,7826
11236,7725
11222,7568
11434,7481
11419,7390
11314,7336
11208,7379
11047,7358
10725,7345
10533,7367
10160,7456
9862,7526
9500,7650
9169,7823
8880,7982
8527,8127
8318,8321
7966,8406
7799,8633
7565,8892
7431,9161
7373,9313
7310,9467
7319,9481
7399,9447
7457,9569
7496,9721
7621,9799
7720,9774
7908,9614
8105,9480
8395,9234
8619,9055
8908,8779
9153,8525
9301,8226
9489,7967
9732,7735
9865,7502
9873,7293
9935,7180
10133,7100
10155,7098
10080,7111
10053,7169
9978,7247
9818,7389
9385,7553
8972,7737
8609,7940
8143,8190
7820,8428
7613,8623
7282,8827
7041,8907
6833,9132
6646,9267
6462,9444
6340,9577
6260,9670
6209,9632
6177,9563
6187,9619
6159,9490
6162,9409
6151,9250
6157,9093
6154,8873
6157,8730
6154,8590
6150,8428
6148,8234
6154,8069
6169,7941
6144,7764
6139,7600
6138,7402
6140,7350
6127,7229
6122,7075
6135,6995
6125,7002
6128,7062
6123,7195
6119,7392
6113,7583
6136,7831
6127,8066
6121,8279
6124,8508
6118,8612
6130,8788
6113,8823
6116,8810
6117,8762
6147,8747
6085,8561
6119,8370
6132,8282
6137,8062
6097,7916
6115,7842
6114,7749
6108,7488
6127,7220
6118,7096
6111,7004
6116,6845
6110,6629
6113,6495
6100,6368
6112,6286
6107,6241
6110,6198
6110,6197
6112,6167
6116,6167
6100,6176
6103,6161
6102,6174
6108,6171
6100,6164
6116,6184
6108,6167
6104,6191
6112,6192
6110,6178
6113,6177
6096,6163
6105,6121
6110,6108
6102,6082
6107,6066
6102,6072
6108,6063
6115,6073
6100,6056
6102,6082
6108,6072
6106,6062
6105,6071
6110,6051
6111,6063
6105,6066
6099,6074
6107,6062
6100,6063
6100,6050
6102,6066
6104,6065
6114,6065
6106,6056
6112,6071
6111,6057
6112,6064
6102,6066
6104,6061
6112,6057
6105,6053
6099,6049
6094,6051
6111,6065
6114,6061
6110,6063
6107,6065
6111,6048
6104,6051
6108,6058
6117,6056
6114,6043
6116,6055
6107,6051
6110,6059
6107,6060
6110,6057
6102,6053
6111,6056
6106,6044
6102,6049
6115,6053
6114,6046
6106,6056
6113,6055
6111,6053
6115,6048
6102,6050
6105,6053
6106,6039
6104,6043
6104,6043
6113,6053
6104,6050
6103,6053
6105,6045
6106,6048
6111,6053
6118,6050
6106,6048
6113,6031
6110,6048
6106,6042
6102,6050
6120,6048
6112,6047
6113,6051
6116,6052
6113,6050
6111,6045
6111,6058
6104,6043
6108,6044
6110,6030
6112,6053
6105,6046
6109,6057
6107,6058
6105,6053
6103,6048
6102,6048
6098,6044
6101,6054
6116,6051
6114,6047
6098,6052
6101,6040
6100,6045
6103,6061
6103,6043
6106,6032
6105,6038
6110,6038
6111,6054
6110,6056
6098,6061
6103,6029
6097,6047
6099,6053
6101,6044
6110,6056
6103,6046
6103,6044
6098,6044
6110,6045
6108,6053
6104,6049
6102,6057
6110,6051
6106,6050
6114,6042
6101,6041
6105,6051
6102,6052
6111,6060
6113,6040
6105,6047
6106,6062
6102,6053
6110,6047
6104,6044
6105,6038
6096,6062
6101,6038
6101,6045
6111,6052
6112,6037
6102,6029
6104,6045
6100,6055
6104,6043
6101,6052
6109,6046
6100,6051
6103,6043
6106,6046
6107,6054
6090,6049
6104,6054
6115,6049
6103,6044
6097,6051
6102,6058
6107,6053
6108,6055
6113,6055
6102,6034
6096,6034
6113,6052
6099,6043
6106,6056
6110,6056
6113,6048
6099,6042
6095,6043
6105,6044
6101,6049
6102,6057
6109,6050
6094,6039
6104,6055
6104,6049
6100,6045
6114,6057
6107,6048
6092,6058
6107,6047
6095,6050
6098,6049
6092,6044
6108,6054
6111,6048
6111,6049
6096,6047
6107,6047
6098,6048
6110,6040
6110,6055
6100,6036
6098,6051
6099,6045
6102,6043
6099,6048
6105,6046
6100,6048
6090,6048
6090,6055
6099,6055
6105,6042
6089,6036
6104,6048
6098,6047
6098,6058
6083,6049
6103,6046
6114,6047
6104,6043
6091,6049
6084,6094
6094,6047
6098,6052
6105,6038
6094,6041
6102,6052
6111,6046
6091,6051
6101,6040
6108,6049
6097,6053
6105,6046
6104,6046
6095,6049
6102,6046
6102,6038
6101,6034
6114,6047
6107,6039
6111,6049
6104,6036
6094,6041
6104,6050
6104,6042
6101,6048
6104,6056
6436,6402
6196,6106
6359,6295
5960,5916
6132,6063
6143,6066
6127,6055
6072,6021
6109,6029
6129,6056
6111,6046
6103,6057
6111,6058
6100,6033
6105,6047
6109,6049
6102,6046
6097,6060
6104,6043
6091,6047
6101,6057
6104,6054
6108,6051
6098,6054
6099,6049
6109,6051
6104,6048
6099,6043
6116,6054
6104,6041
6106,6057
6104,6050
6113,6063
6112,6041
6108,6055
6113,6048
6111,6037
6106,6054
6118,6051
6106,6045
6115,6045
6107,6053
6100,6049
6104,6060
6111,6056
6115,6052
6106,6051
6095,6054
6107,6037
6100,6052
6102,6050
6104,6049
6102,6040
6102,6041
6108,6051
6102,6048
6114,6048
6103,6061
6105,6044
6108,6050
6098,6047
6098,6042
6106,6051
6110,6055
6101,6058
6096,6052
6107,6049
6111,6061
6106,6062
6098,6054
6106,6048
6108,6028
6115,6037
6100,6056
6104,6042
6111,6047
6101,6058
6099,6057
6097,6058
6103,6058
6096,6049
6101,6057
6103,6036
6107,6047
6105,6056
6106,6055
6096,6048
6108,6047
6114,6041
6101,6037
6104,6043
6102,6051
6104,6056
6102,6052
6104,6043
6105,6043
6098,6054
6097,6045
6104,6032
6108,6038
6093,6045
6115,6047
6104,6056
6102,6051
6102,6044
6103,6055
6108,6057
6111,6056
6116,6054
6098,6048
6105,6057
6105,6058
6113,6050
6110,6063
6116,6058
6112,6039
6107,6055
6105,6045
6110,6054
6112,6054
6104,6048
6091,6047
6112,6037
6109,6063
6113,6042
6113,6037
6113,6050
6110,6063
6128,6043
6115,6049
6109,6054
6118,6049
6124,6043
6122,6050
6114,6050
6107,6062
6108,6060
6115,6041
6106,6036
6117,6045
6120,6039
6108,6058
6128,6045
6105,6050
6110,6053
6112,6051
6112,6049
6110,6050
6103,6055
6112,6059
6115,6050
6110,6050
6111,6053
6098,6046
6104,6053
6111,6049
6110,6046
6118,6054
6112,6047
6116,6046
6118,6059
6108,6048
6112,6048
6118,6048
6117,6055
6108,6041
6112,6060
6106,6061
6111,6047
6109,6046
6115,6045
6120,6047
6116,6050
6114,6060
6113,6056
6111,6052
6107,6057
6110,6026
6108,6053
6109,6051
6117,6053
6112,6049
6110,6026
6111,6042
6133,6050
6117,6055
6107,6059
6103,6050
6111,6033
6110,6049
6101,6052
6114,6048
6114,6057
6106,6047
6112,6049
6105,6055
6103,6054
6118,6055
6114,6045
6110,6076
6117,6049
6107,6058
6119,6058
6107,6045
6103,6053
6110,6046
6113,6052
6119,6044
6107,6055
6109,6059
6113,6042
6112,6039
6115,6042
6113,6052
6117,6042
6115,6050
6112,6051
6116,6062
6112,6070
6124,6050
6120,6045
6103,6039
6123,6054
6123,6048
6119,6070
6116,6056
6112,6051
6114,6054
6113,6063
6112,6053
6120,6054
6124,6048
6132,6043
6114,6055
6112,6051
6116,6057
6125,6058
6125,6049
6113,6058
6121,6066
6115,6066
6123,6054
6119,6051
6105,6043
6113,6063
6118,6050
6119,6061
6120,6047
6093,6063
6093,6063
6116,6051
6115,6054
6116,6054
6120,6052
6121,6057
6117,6053
6113,6053
6114,6059
6112,6039
6114,6050
6124,6057
6119,6046
6119,6054
6116,6049
6109,6057
6113,6046
6119,6046
6117,6064
6107,6059
6113,6054
6110,6057
6110,6057
6119,6057
6114,6055
6109,6078
6114,6046
6118,6059
6120,6047
6118,6061
6114,6052
6121,6052
6112,6047
6113,6036
6113,6050
6119,6048
6119,6040
6113,6054
6116,6058
6113,6049
6114,6058
6120,6059
6120,6054
6115,6055
6112,6058
6112,6058
6114,6062
6117,6053
6116,6047
6113,6058
6115,6059
6115,6057
6122,6049
6115,6050
6107,6057
6116,6053
6115,6052
6113,6057
6118,6047
6125,6056
6114,6056
6110,6054
6110,6057
6114,6070
6118,6053
6119,6058
6125,6059
6125,6059
6117,6060
6115,6055
6115,6056
6120,6054
6110,6050
6118,6052
6117,6057
6113,6063
6110,6054
6114,6061
6112,6039
6115,6051
0,32
0,61680
0,0
6120,6064
5601,5570
5587,5579
5593,5575
5603,5574
5596,5581
5595,5570
5596,5580
5598,5576
5814,5758
6323,6303
6286,6311
6306,6294
6298,6307
6279,6304
6296,6293
6293,6311
6279,6296
6287,6306
6299,6317
6298,6328
6300,6327
6303,6346
6291,6334
6308,6308
6298,6328
6301,6327
6291,6339
6304,6342
6308,6332
6306,6321
6287,6324
6273,6320
6278,6333
6281,6326
6290,6314
6306,6318
6283,6337
6296,6349
6305,6363
6281,6341
6281,6320
6263,6329
6276,6343
6290,6355
6282,6328
6313,6332
6284,6345
6306,6316
6279,6327
6285,6358
6287,6323
6288,6352
6306,6348
6282,6325
6295,6359
6285,6354
6305,6317
6317,6349
6308,6347
6321,6341
6311,6329
6279,6311
6278,6288
6267,6291
6311,6318
6316,6324
6292,6355
6300,6340
6314,6318
6291,6350
6291,6329
6293,6321
6286,6334
6291,6315
6298,6309
6301,6318
6293,6325
6315,6304
6307,6310
6308,6333
6290,6343
6283,6351
6307,6321
6306,6315
6287,6323
6271,6313
6280,6357
6283,6347
6096,6244
6304,6376
6298,6327
6295,6340
6314,6349
6340,6372
6327,6394
6281,6336
6288,6349
6276,6320
6299,6342
6291,6323
6285,6320
6284,6336
6299,6322
6281,6309
6283,6305
6266,6319
6292,6323
6296,6315
6302,6308
6298,6332
6283,6344
6278,6339
6287,6339
6283,6337
6285,6357
6298,6334
6305,6326
6289,6326
6286,6308
6291,6320
6281,6365
6298,6372
6281,6358
6300,6328
6280,6348
6275,6360
6304,6363
6270,6320
6289,6313
6301,6335
6285,6339
6285,6358
6288,6358
6286,6340
6286,6334
6297,6329
6293,6303
6290,6319
6294,6366
6277,6352
6284,6355
6290,6324
6271,6346
6271,6340
6282,6329
6290,6359
6301,6336
6292,6345
6278,6325
6286,6314
6288,6341
6283,6337
6306,6332
6301,6335
6275,6344
6290,6345
6288,6352
6297,6330
6297,6337
6277,6330
6279,6329
6267,6340
6287,6363
6305,6350
6290,6324
6287,6347
6300,6362
6270,6325
6264,6340
6271,6316
6264,6334
6281,6344
6268,6345
6282,6337
6286,6339
6307,6359
6295,6340
6275,6348
6276,6375
6273,6349
6264,6326
6278,6329
6276,6322
6273,6329
6293,6333
6292,6330
6285,6321
6288,6359
6273,6356
6279,6357
6288,6374
6251,6367
6266,6351
6281,6383
6271,6380
6266,6354
6271,6356
6265,6336
6273,6356
6280,6340
6282,6387
6259,6379
6275,6366
6273,6353
6281,6394
6272,6386
6261,6361
6271,6366
6240,6369
6246,6363
6268,6360
6272,6366
6289,6402
6288,6358
6267,6373
6285,6367
6267,6378
6278,6390
6255,6367
6263,6380
6263,6360
6268,6351
6258,6370
6233,6370
6255,6356
6255,6367
6258,6384
6269,6403
6282,6399
6264,6378
6275,6377
6262,6364
6266,6392
6251,6362
6242,6368
6240,6400
6256,6399
6248,6374
6251,6363
6258,6414
6258,6384
6265,6368
6256,6409
6256,6424
6260,6411
6245,6388
6258,6409
6255,6404
6278,6396
6267,6381
6260,6361
6254,6386
6268,6371
6273,6377
6266,6365
6268,6411
6254,6422
6254,6402
6245,6394
6248,6375
6270,6379
6239,6385
6236,6375
6240,6356
6243,6350
6246,6327
6249,6355
6236,6373
6239,6369
6239,6396
6253,6388
6232,6393
6222,6377
6238,6376
6242,6380
6259,6399
6256,6360
6249,6393
6256,6407
6263,6405
6250,6397
6242,6401
6248,6397
6246,6400
6252,6372
6243,6404
6239,6384
6247,6377
6236,6402
6233,6377
6253,6382
6243,6355
6253,6373
6245,6378
6237,6379
6248,6427
6234,6390
6241,6384
6238,6378
6239,6381
6241,6377
6254,6403
6247,6383
6245,6367
6252,6386
6237,6402
6231,6382
6240,6370
6226,6380
6242,6364
6233,6337
6232,6373
6243,6355
6249,6372
6248,6384
6242,6419
6227,6411
6224,6424
6233,6403
6224,6431
6234,6418
6240,6395
6231,6409
6223,6394
6230,6385
6223,6397
6239,6418
6232,6397
6236,6412
6229,6394
6230,6395
6230,6412
6225,6394
6241,6397
6239,6369
6242,6402
6230,6364
6252,6375
6244,6391
6242,6361
6245,6387
6237,6398
6232,6416
6216,6392
6227,6392
6224,6422
6229,6377
6232,6371
6221,6347
6235,6361
6237,6369
6223,6366
6223,6377
6234,6394
6242,6378
6240,6378
6233,6399
6198,6391
6349,6542
6090,6263
6209,6372
6117,6194
6196,6385
6259,6426
6217,6389
6201,6401
6248,6418
6226,6419
6243,6433
6233,6417
6219,6404
6234,6387
6235,6391
6227,6409
6224,6402
6207,6407
6223,6418
6234,6415
6226,6424
6226,6422
6224,6402
6215,6443
6224,6413
6207,6429
6231,6437
6226,6433
6225,6417
6217,6437
6227,6439
6224,6416
6222,6368
6223,6412
6226,6407
6226,6417
6221,6398
6233,6387
6217,6382
6238,6362
6219,6373
6212,6385
6237,6408
6227,6405
6217,6399
6231,6407
6223,6419
6219,6422
6226,6399
6216,6431
6217,6423
6228,6445
6224,6436
6210,6401
6241,6418
6236,6425
6234,6391
6211,6376
6215,6379
6204,6363
6211,6360
6224,6353
6223,6355
6227,6372
6225,6359
6234,6337
6238,6398
6226,6376
6224,6382
6218,6406
6222,6402
6225,6393
6218,6399
6222,6403
6223,6405
6214,6411
6232,6435
6226,6442
6214,6421
6220,6452
6205,6434
6211,6420
6234,6418
6228,6447
6211,6432
6232,6413
6227,6406
6212,6404
6209,6395
6215,6401
6222,6416
6214,6405
6219,6391
6212,6420
6210,6405
6225,6414
6218,6417
6205,6413
6210,6424
6230,6419
6221,6391
6222,6409
6208,6405
6212,6392
6211,6415
6213,6415
6219,6387
6222,6388
6220,6396
6225,6366
6229,6433
6229,6336
6224,6364
6229,6372
6237,6360
6229,6403
6218,6395
6221,6413
6220,6406
6211,6401
6226,6408
6227,6380
6216,6390
6203,6376
6223,6376
6215,6361
6218,6411
6208,6381
6221,6365
6219,6360
6222,6357
6226,6354
6231,6367
6220,6354
6224,6385
6215,6397
6225,6388
6219,6395
6225,6378
6232,6372
6232,6361
6222,6360
6230,6387
6229,6376
6217,6339
6227,6384
6223,6362
6231,6397
6242,6387
6219,6392
6223,6379
6229,6376
6222,6360
6220,6387
6222,6381
6215,6385
6236,6391
6224,6386
6228,6389
6235,6360
6220,6362
6236,6366
6233,6356
6217,6367
6236,6372
6242,6354
6227,6372
6224,6385
6223,6366
6240,6366
6252,6377
6223,6354
6223,6377
6225,6377
6242,6383
6219,6373
6236,6361
6227,6342
6231,6341
6230,6386
6225,6356
6232,6353
6228,6360
6232,6374
6240,6351
6224,6348
6225,6336
6231,6343
6225,6337
6236,6343
6237,6342
6223,6369
6232,6361
6231,6359
6233,6339
6237,6354
6234,6346
6228,6355
6231,6373
6222,6353
6231,6362
6228,6345
6221,6369
6238,6362
6225,6362
6236,6362
6235,6354
6219,6375
6220,6389
6236,6377
6217,6357
6220,6366
6233,6347
6242,6351
6229,6325
6223,6332
6231,6312
6227,6327
6229,6326
6224,6340
6243,6342
6241,6363
6239,6336
6247,6313
6238,6318
6239,6340
6240,6349
6213,6324
6222,6333
6215,6313
6207,6336
6207,6343
6221,6356
6224,6350
6218,6342
6220,6362
6212,6344
6219,6318
6217,6326
6224,6342
6223,6365
6235,6341
6232,6324
6219,6318
6233,6327
6219,6334
6216,6337
6241,6349
6230,6334
6245,6335
6231,6343
6228,6338
6212,6337
6237,6312
6239,6345
6233,6351
6231,6342
6226,6359
6231,6337
6226,6343
6231,6335
6223,6354
6237,6367
6240,6355
6229,6355
6215,6360
6252,6363
6111,6244
6165,6267
6266,6380
6265,6372
6217,6311
6225,6320
6241,6371
6264,6343
6256,6341
6236,6316
6268,6358
6284,6344
6293,6329
6301,6350
6329,6368
6360,6363
6397,6369
6411,6338
6453,6317
6512,6327
6547,6342
6609,6343
6664,6334
6715,6331
6799,6332
6840,6348
6952,6323
7040,6322
7032,6333
7086,6351
7127,6371
7138,6329
7156,6332
7139,6323
7066,6313
7051,6338
7011,6330
7031,6326
6999,6306
6977,6318
6999,6345
6976,6351
6968,6336
6951,6338
6923,6334
6889,6351
6859,6361
6840,6367
6868,6322
6931,6335
7051,6352
7120,6353
7234,6324
7351,6360
7492,6386
7711,6375
7879,6379
7891,6399
8097,6407
8217,6392
8372,6422
8461,6421
8522,6461
8615,6483
8563,6520
8475,6530
8403,6545
8282,6551
8096,6557
8036,6604
7853,6624
7754,6676
7620,6738
7421,6806
7314,6899
7155,6990
7050,7057
6979,7146
6879,7184
6831,7253
6827,7303
6858,7365
6918,7409
7012,7462
7114,7506
7247,7510
7458,7511
7657,7497
7910,7504
8193,7521
8435,7450
8688,7420
8977,7332
9102,7256
9243,7178
9402,7069
9488,7060
9600,6930
9552,6861
9533,6839
9461,6805
9259,6835
9009,6806
8882,6781
8788,6805
8613,6906
8429,6969
8239,7058
8060,7199
7894,7324
7769,7435
7692,7537
7533,7722
7412,7923
7267,7983
7210,8117
7265,8171
7299,8253
7367,8250
7454,8280
7569,8273
7720,8217
7970,8227
8217,8147
8441,8088
8645,8005
8928,7896
9111,7759
9302,7700
9463,7502
9551,7418
9580,7322
9744,7222
9859,7161
9937,7059
9857,7015
9813,6989
9683,7001
9379,7048
9148,7075
9021,7228
8800,7319
8439,7399
8207,7553
7970,7673
7706,7833
7540,7972
7351,8146
7213,8249
7099,8338
6976,8416
6912,8523
6957,8637
7013,8773
7138,8825
7307,8867
7500,8901
7630,8769
7859,8673
8094,8581
8264,8492
8484,8250
8668,8137
8749,7999
8912,7878
9087,7720
9245,7527
9440,7353
9589,7194
9694,7098
9814,7023
9834,6976
9969,6971
9883,7029
9782,7122
9677,7214
9602,7315
9430,7507
9165,7631
8916,7791
8752,8017
8475,8155
8227,8296
7955,8378
7764,8570
7629,8719
7483,8906
7347,8987
7299,9016
7294,9061
7291,9077
7315,9079
7346,9022
7388,8886
7503,8750
7635,8684
7765,8452
7920,8213
8104,8103
8355,7985
8581,7865
8768,7738
8929,7629
9212,7480
9269,7429
9340,7290
9389,7160
9384,7103
9362,7032
9345,6972
9295,6939
9149,6914
9079,6962
8983,6971
8857,6983
8662,7085
8464,7187
8395,7319
8266,7482
8036,7650
7812,7872
7717,8024
7513,8193
7346,8340
7204,8429
7020,8420
6958,8323
6876,8301
6829,8245
6833,8231
6963,8188
7092,8177
7275,8095
7465,8011
7709,7944
7931,7872
8165,7756
8401,7582
8574,7496
8794,7371
8987,7231
9173,7112
9262,6986
9328,6916
9376,6874
9325,6877
9314,6884
9269,6893
9190,6978
8976,7054
8853,7126
8670,7219
8440,7353
8275,7492
8040,7633
7905,7769
7754,7880
7608,8038
7427,8201
7337,8288
7242,8401
7132,8531
7039,8679
6977,8812
6945,8888
6891,9021
6891,9063
6900,9156
6921,9206
7022,9029
7297,9232
7315,8763
7360,8442
7641,8328
8035,8306
8229,8026
8501,7758
8795,7540
9005,7376
9091,7174
9246,7020
9288,6864
9321,6750
9334,6688
9284,6723
9239,6751
9157,6831
9001,6929
8880,7031
8700,7140
8497,7231
8275,7317
8111,7472
7898,7593
7730,7743
7572,7847
7443,7943
7308,8089
7197,8243
7069,8451
6991,8625
6960,8673
6892,8742
6892,8847
6894,8880
6889,8936
6958,8916
7043,9008
7128,8806
7203,8687
7349,8554
7463,8373
7659,8170
7851,8037
8069,7781
8255,7541
8477,7347
8653,7140
8823,7043
9001,6891
9138,6788
9215,6744
9259,6720
9388,6705
9398,6747
9214,6785
9118,6859
8937,6963
8718,7069
8491,7191
8294,7309
8098,7393
7856,7500
7653,7638
7491,7718
7382,7795
7257,7829
7159,7961
7026,7998
6971,8030
6906,8009
6892,7995
6882,8042
6899,8069
6949,8043
7017,7944
7166,7910
7269,7770
7464,7651
7595,7559
7769,7488
7972,7360
8167,7252
8303,7116
8448,7003
8543,7093
8586,6786
8627,6686
8693,6668
8755,6609
8786,6587
8685,6600
8672,6640
8566,6666
8542,6768
8466,6865
8377,6941
8296,7093
8198,7257
8040,7429
7902,7541
7695,7643
7523,7779
7325,7893
7191,7950
7092,8004
7003,8023
6906,8102
6864,8042
6866,8053
6852,8117
6898,8034
7026,8025
7126,7854
7265,7833
7427,7717
7571,7573
7785,7461
8022,7369
8229,7243
8460,7132
8581,7053
8733,6943
8845,6861
8870,6776
8930,6744
9029,6712
9030,6696
9050,6679
9017,6688
8883,6732
8732,6763
8521,6828
8278,6896
8123,6958
7935,7043
7784,7190
7629,7250
7471,7384
7346,7545
7217,7649
7125,7807
6971,7939
6897,8009
6890,8109
6881,8230
6890,8290
6900,8371
6950,8374
6990,8326
7086,8281
7202,8200
7301,8081
7383,7923
7547,7791
7709,7633
7880,7475
8075,7357
8295,7215
8454,7072
8568,6944
8735,6841
8894,6765
9025,6702
9073,6690
9211,6679
9271,6727
9312,6811
9314,6882
9140,7012
9049,7130
8898,7265
8725,7340
8495,7407
8312,7553
8101,7677
7882,7759
7740,7898
7483,8006
7285,8025
7175,8001
7033,8063
7018,8082
7014,8161
7019,8150
7075,8109
7098,8130
7160,8096
7239,7990
7333,7929
7425,7832
7612,7657
7739,7543
7961,7447
8086,7268
8245,7139
8460,7021
8600,6929
8636,6863
8761,6820
8938,6733
9029,6704
9015,6707
9022,6756
9010,6778
8884,6854
8799,6959
8687,7037
8496,7157
8405,7304
8236,7474
8108,7674
7963,7792
7799,7983
7611,8210
7437,8394
7331,8533
7185,8642
7051,8689
6963,8706
6884,8697
6851,8731
6906,8702
6913,8662
7018,8597
7010,8482
7055,8372
7216,8206
7386,7969
7493,7881
7600,7743
7748,7539
7955,7401
8104,7295
8291,7172
8470,7117
8624,7005
8805,6941
8880,6862
8924,6754
8932,6687
8991,6647
8902,6629
8912,6637
8819,6663
8770,6729
8649,6812
8406,6905
8262,7034
8128,7105
7970,7283
7765,7370
7583,7488
7409,7538
7210,7631
7062,7695
6961,7784
6928,7819
6902,7803
6901,7832
6969,7885
7066,7858
7133,7835
7312,7825
7469,7718
7603,7649
7835,7590
8042,7437
8447,7478
8599,7312
8842,7117
9001,7015
9290,6951
9452,6864
9592,6721
9663,6646
9877,6595
9841,6541
9798,6531
9714,6532
9525,6555
9470,6610
9327,6692
9079,6820
8974,6926
8752,7036
8444,7200
8148,7379
7953,7566
7725,7740
7411,7873
7200,8067
7079,8222
6915,8353
6900,8401
6848,8429
6853,8481
6869,8480
6893,8403
7008,8383
7104,8310
7231,8262
7360,8159
7533,8014
7728,7831
7897,7715
8021,7501
8194,7427
8381,7253
8604,7133
8724,6993
8936,6898
9140,6801
9165,6750
9167,6716
9197,6671
9132,6688
9088,6721
8971,6742
8974,6841
8820,7005
8706,7150
8457,7329
8315,7514
8090,7704
7926,7925
7704,8114
7620,8193
7418,8331
7239,8453
7148,8510
7083,8636
6999,8730
6974,8764
7003,8757
7015,8750
7032,8727
7134,8607
7194,8577
7392,8476
7544,8366
7679,8199
7861,8169
8039,7989
8315,7862
8620,7697
8903,7539
9071,7409
9319,7242
9370,7121
9553,6990
9788,6899
9877,6800
10046,6778
10035,6743
10043,6791
10008,6811
10008,6909
9860,6970
9759,7106
9631,7224
9436,7348
9155,7454
8888,7586
8617,7761
8335,7882
7983,8011
7750,8094
7558,8267
7359,8389
7228,8446
7130,8491
7099,8471
7143,8482
7163,8423
7225,8439
7355,8399
7503,8406
7684,8374
7864,8236
8150,8080
8396,7913
8662,7848
9044,7659
9482,7567
9857,7464
10177,7307
10515,7149
10921,7032
11415,6972
11633,6893
11829,6905
11794,6867
11696,6949
11401,7034
11193,7149
10962,7306
10381,7400
9952,7579
9514,7739
9123,8001
8856,8235
8456,8415
8203,8608
7924,8898
7745,9140
7654,9394
7528,9478
7416,9505
7437,9578
7524,9611
7575,9747
7665,9697
7811,9646
8031,9437
8265,9264
8642,9114
8999,9048
9301,8921
9614,8847
9881,8568
10284,8317
10737,7995
10969,7801
11037,7558
11080,7298
11118,7050
11082,6910
11051,6767
11061,6733
10897,6721
10707,6816
10663,6955
10469,7152
10429,7466
10079,7804
9907,8168
9500,8510
9182,8760
8996,9017
8764,9243
8539,9444
8309,9617
8196,9742
8051,9782
7888,9909
7782,9929
7716,9883
7676,9910
7717,9955
7783,9864
7961,9829
8181,9695
8461,9586
8801,9397
9109,9226
9298,8968
9752,8744
10112,8389
10465,8161
10859,7905
11237,7802
11276,7681
11325,7534
11468,7427
11511,7359
11374,7345
11213,7362
11061,7320
10738,7324
10467,7362
10173,7447
9906,7551
9493,7654
9160,7806
8906,7988
8555,8194
8259,8324
8023,8462
7773,8646
7570,8913
7435,9177
7347,9298
7281,9470
7313,9478
7385,9464
7456,9589
7533,9682
7625,9764
7772,9731
7932,9541
8134,9400
8401,9163
8694,8950
8964,8777
9228,8513
9421,8155
9604,7963
9819,7717
9925,7466
9852,7268
9942,7165
10094,7079
10160,7054
10051,7108
10011,7164
9928,7215
9770,7390
9407,7549
8949,7792
8574,7949
8152,8229
7814,8479
7577,8631
7268,8880
7056,8977
6846,9197
6653,9315
6460,9444
6348,9567
6251,9696
6205,9653
6179,9535
6172,9571
6162,9449
6163,9327
6145,9283
6155,9056
6155,8813
6161,8731
6151,8560
6155,8377
6150,8261
6152,8048
6142,7907
6149,7696
6210,7526
5915,7073
6185,7612
6103,7187
6185,6968
6166,7048
6165,7062
6156,7112
6121,7217
6106,7376
6121,7624
6113,7864
6124,8132
6120,8330
6116,8521
6123,8716
6130,8846
6130,8904
6105,8842
6121,8796
6116,8713
6115,8612
6112,8489
6124,8321
6114,8074
6120,7937
6117,7864
6104,7733
6125,7528
6122,7265
6118,7088
6117,6993
6121,6829
6112,6585
6113,6474
6106,6363
6109,6290
6110,6240
6111,6194
6116,6192
6112,6171
6118,6183
6116,6178
6106,6175
6107,6162
6107,6164
6100,6185
6113,6173
6111,6162
6107,6191
6119,6179
6110,6192
6107,6181
6108,6158
6099,6133
6114,6113
6104,6094
6105,6077
6103,6077
6108,6077
6111,6073
6097,6065
6106,6074
6117,6068
6109,6066
6109,6074
6109,6068
6109,6067
6100,6061
6107,6063
6115,6065
6099,6066
6110,6062
6104,6060
6108,6052
6107,6047
6096,6077
6112,6061
6111,6066
6109,6063
6101,6065
6103,6059
6107,6051
6105,6055
6107,6053
6106,6047
6113,6054
6116,6046
6110,6068
6108,6068
6117,6060
6112,6057
6106,6060
6113,6051
6105,6065
6110,6057
6110,6054
6118,6059
6121,6038
6112,6058
6104,6053
6119,6053
6107,6045
6104,6053
6119,6050
6118,6055
6115,6061
6119,6060
6102,6046
6106,6057
6107,6044
6104,6046
6112,6058
6112,6062
6112,6046
6114,6049
6105,6057
6106,6058
6111,6045
6110,6053
6117,6058
6125,6043
6104,6051
6120,6051
6103,6046
6108,6050
6109,6051
6120,6056
6112,6055
6114,6049
6121,6050
6122,6050
6109,6051
6112,6053
6104,6049
6109,6047
6110,6043
6117,6046
6116,6045
6115,6049
6122,6106
6100,6050
6114,6052
6108,6052
6104,6047
6107,6045
6101,6058
6124,6055
6101,6052
6093,6054
6104,6048
6110,6058
6108,6047
6112,6058
6103,6052
6103,6047
6108,6050
6118,6044
6109,6045
6102,6056
6098,6057
6105,6046
6091,6041
6107,6051
6107,6051
6101,6049
6098,6051
6103,6049
6103,6060
6106,6053
6105,6046
6098,6067
6114,6047
6104,6040
6103,6043
6110,6055
6102,6051
6113,6059
6105,6055
6103,6047
6110,6057
6103,6045
6105,6054
6100,6051
6104,6031
6101,6058
6106,6042
6117,6047
6107,6062
6112,6046
6111,6040
6107,6046
6104,6050
6104,6055
6106,6053
6109,6047
6099,6049
6109,6054
6106,6052
6107,6053
6104,6038
6103,6054
6109,6054
6106,6049
6091,6042
6096,6045
6104,6055
6104,6055
6108,6053
6103,6047
6098,6053
6110,6053
6104,6046
6104,6058
6111,6046
6111,6050
6098,6049
6100,6042
6100,6050
6108,6041
6097,6056
6100,6053
6099,6048
6101,6060
6100,6053
6107,6041
6109,6054
6105,6060
6108,6036
6099,6048
6104,6042
6101,6047
6096,6040
6109,6051
6103,6051
6111,6046
6099,6039
6116,6047
6102,6036
6104,6030
6109,6046
6115,6041
6090,6033
6098,6042
6105,6046
6100,6047
6105,6046
6100,6050
6092,6046
6095,6039
6103,6053
6106,6051
6092,6060
6100,6054
6096,6054
6100,6054
6094,6049
6108,6051
6099,6052
6092,6053
6104,6044
6092,6055
6104,6040
6100,6047
6103,6051
6098,6054
6101,6047
6109,6056
5931,5879
6048,5981
6047,6009
6108,6067
6068,6029
6068,6009
6076,6029
6089,6035
6101,6055
6087,6038
6104,6060
6101,6045
6112,6044
6108,6055
6092,6056
6103,6047
6096,6093
6095,6055
6103,6050
6096,6031
6104,6053
6100,6053
6103,6054
6104,6046
6108,6046
6102,6057
6100,6041
6093,6046
6105,6052
6104,6050
6108,6056
6101,6050
6096,6032
6101,6052
6109,6047
6109,6047
6106,6064
6111,6053
6106,6040
6110,6047
6099,6053
6104,6052
6110,6056
6101,6052
6108,6054
6097,6046
6105,6043
6113,6057
6101,6048
6105,6058
6107,6065
6107,6064
6111,6049
6114,6049
6109,6053
6109,6053
6107,6056
6118,6058
6108,6054
6110,6051
6110,6065
6105,6042
6104,6058
6109,6058
6113,6052
6095,6046
6113,6056
6109,6049
6100,6054
6103,6056
6105,6047
6106,6053
6110,6041
6112,6058
6112,6049
6101,6044
6108,6067
6108,6052
6102,6052
6097,6040
6101,6042
6102,6056
6107,6056
6103,6054
6101,6043
6108,6051
6111,6062
6104,6046
6105,6043
6106,6039
6108,6046
6102,6052
6097,6050
6106,6047
6104,6056
6108,6050
6100,6055
6106,6057
6110,6052
6097,6050
6110,6047
6095,6041
6099,6063
6102,6055
6108,6050
6096,6044
6104,6045
6110,6060
6102,6046
6103,6049
6100,6045
6109,6037
6105,6039
6111,6061
6119,6058
6106,6041
6102,6049
6103,6040
6104,6039
6102,6052
6102,6053
6112,6050
6101,6048
6096,6052
6098,6056
6109,6055
6106,6056
6112,6053
6099,6045
6110,6053
6102,6053
6113,6053
6116,6050
6115,6060
6109,6054
6108,6056
6107,6048
6114,6057
6116,6040
6106,6034
6107,6058
6117,6048
6111,6058
6111,6048
6111,6050
6116,6051
6115,6050
6119,6063
6113,6053
6115,6031
6115,6049
6128,6055
6114,6043
6112,6052
6118,6042
6111,6058
6117,6048
6119,6036
6116,6054
6122,6048
6109,6059
6113,6050
6111,6048
6116,6052
6105,6049
6115,6046
6109,6046
6110,6051
6115,6042
6108,6043
6112,6048
6111,6047
6110,6047
6109,6051
6102,6047
6112,6053
6121,6054
6107,6045
6100,6043
6113,6060
6099,6040
6110,6037
6121,6060
6101,6048
6112,6059
6110,6056
6092,6076
6119,6053
6111,6046
6112,6041
6114,6050
6109,6055
6120,6062
6108,6053
6105,6034
6108,6044
6107,6048
6121,6050
6107,6058
6113,6055
6102,6056
6110,6041
6112,6038
6117,6043
6103,6056
6110,6062
6107,6049
6117,6041
6114,6048
6109,6042
6120,6033
6120,6046
6104,6044
6112,6041
6097,6047
6112,6053
6113,6052
6104,6061
6105,6058
6116,6048
6111,6050
6106,6053
6100,6051
6106,6044
6118,6064
6109,6051
6106,6056
6108,6042
6122,6047
6117,6060
6109,6057
6110,6060
6115,6063
6112,6054
6116,6057
6119,6060
6123,6060
6122,6056
6115,6059
6119,6053
6102,6048
6120,6057
6123,6060
6105,6057
6111,6056
6113,6061
6115,6061
6114,6063
6114,6052
6120,6060
6110,6061
6115,6056
6107,6055
6110,6048
6115,6042
6121,6050
6113,6055
6113,6060
6124,6063
6122,6056
6117,6081
6120,6057
6116,6052
6117,6054
6106,6056
6115,6060
6118,6049
6112,6050
6115,6057
6119,6050
6114,6061
6117,6057
6114,6064
6121,6058
6114,6056
6112,6054
6112,6056
6120,6059
6107,6057
6107,6057
6120,6039
6120,6057
6112,6054
6116,6058
6115,6055
6121,6057
6120,6058
6117,6055
6120,6056
6118,6058
6128,6057
6114,6057
6119,6054
6116,6051
6115,6057
6123,6051
6119,6056
6115,6050
6120,6055
6114,6058
6113,6063
6119,6045
6119,6045
6111,6057
6123,6057
6116,6060
6111,6061
6113,6053
6118,6050
6108,6060
6113,6055
6117,6039
6119,6056
6122,6061
6117,6051
6117,6050
6116,6052
6120,6057
6117,6048
6119,6055
6120,6051
6111,6055
6116,6052
6496,6412
6496,6412
6413,6310
6338,6280
6212,6104
6306,6240
6272,6222
6257,6150
6563,6388
6547,6477
5926,6062
6326,6313
6178,6125
6173,6366
6127,6152
6154,6175
6225,6189
6079,6128
6143,6000
6120,6096
6138,6131
6179,6126
6026,5951
6026,5951
6156,6037
0,27
0,61680
0,0
6060,6031
5606,5587
5598,5583
5614,5575
5610,5583
5599,5583
5607,5565
5599,5572
5608,5566
5824,5754
6329,6306
6280,6304
6302,6303
6301,6313
6278,6309
6289,6301
6290,6301
6291,6312
6294,6290
6307,6323
6298,6323
6299,6309
6279,6339
6299,6330
6294,6344
6301,6335
6295,6331
6290,6345
6301,6335
6302,6333
6300,6312
6289,6338
6276,6322
6289,6329
6288,6340
6269,6308
6292,6321
6297,6348
6300,6375
6295,6364
6299,6351
6290,6332
6266,6330
6273,6348
6289,6343
6288,6322
6301,6353
6286,6332
6284,6322
6289,6319
6278,6331
6284,6327
6288,6362
6318,6317
6298,6335
6297,6356
6291,6348
6309,6313
6326,6355
6309,6359
6323,6340
6309,6318
6277,6315
6271,6284
6274,6286
6319,6321
6309,6338
6299,6354
6301,6329
6163,6186
6310,6340
6655,6362
6105,6279
6227,6277
6289,6307
6325,6510
6198,6224
6269,6307
6328,6332
6278,6299
6310,6323
6279,6299
6282,6332
6311,6332
6303,6314
6295,6318
6281,6322
6284,6350
6304,6355
6295,6311
6277,6310
6289,6319
6281,6342
6302,6345
6309,6354
6324,6356
6283,6334
6278,6339
6291,6311
6295,6338
6307,6343
6286,6315
6299,6319
6302,6298
6290,6303
6271,6319
6268,6324
6288,6329
6299,6301
6317,6334
6285,6340
6276,6343
6279,6343
6297,6354
6285,6347
6295,6359
6300,6334
6308,6329
6281,6332
6289,6298
6302,6322
6282,6360
6294,6372
6290,6345
6286,6336
6278,6370
6284,6377
6299,6331
6279,6330
6285,6312
6290,6335
6285,6334
6288,6348
6273,6344
6278,6322
6290,6341
6296,6337
6296,6315
6296,6342
6286,6330
6288,6362
6293,6340
6291,6345
6287,6341
6264,6334
6293,6343
6301,6345
6305,6341
6289,6330
6282,6330
6284,6334
6289,6347
6293,6328
6294,6331
6304,6339
6285,6340
6289,6339
6294,6350
6285,6336
6294,6350
6278,6306
6278,6334
6283,6322
6298,6367
6303,6358
6283,6332
6301,6346
6296,6362
6285,6339
6251,6342
6281,6323
6271,6321
6267,6324
6267,6332
6282,6360
6293,6337
6297,6332
6281,6354
6280,6351
6278,6366
6272,6354
6272,6347
6279,6329
6273,6298
6284,6330
6288,6340
6293,6320
6289,6330
6280,6357
6277,6361
6274,6371
6286,6386
6262,6367
6271,6367
6275,6378
6279,6372
6260,6360
6278,6359
6268,6355
6282,6361
6280,6360
6282,6369
6265,6369
6285,6380
6258,6358
6271,6397
6276,6393
6276,6369
6266,6371
6242,6362
6255,6357
6270,6358
6279,6364
6283,6382
6271,6377
6274,6379
6286,6351
6263,6385
6258,6406
6260,6362
6274,6385
6263,6338
6290,6344
6257,6368
6240,6378
6256,6349
6258,6369
6253,6378
6268,6396
6279,6377
6258,6399
6266,6384
6260,6357
6265,6383
6259,6358
6249,6362
6249,6399
6255,6393
6267,6379
6246,6373
6258,6396
6276,6374
6261,6384
6256,6405
6253,6424
6265,6396
6255,6406
6244,6413
6250,6400
6284,6386
6271,6391
6238,6369
6245,6386
6257,6384
6258,6371
6270,6376
6264,6425
6280,6403
6248,6399
6246,6385
6243,6372
6244,6386
6249,6383
6255,6375
6250,6371
6251,6356
6236,6350
6254,6356
6240,6354
6243,6380
6233,6401
6251,6374
6232,6403
6235,6386
6238,6370
6252,6387
6255,6397
6257,6385
6250,6394
6244,6416
6256,6389
6237,6398
6261,6401
6244,6393
6250,6379
6252,6378
6248,6411
6248,6384
6240,6369
6240,6389
6238,6384
6254,6383
6239,6382
6241,6393
6242,6370
6239,6375
6240,6426
6238,6389
6252,6374
6237,6403
6235,6376
6244,6383
6260,6396
6247,6377
6242,6385
6240,6371
6244,6395
6232,6370
6228,6367
6238,6396
6239,6358
6233,6356
6240,6359
6246,6305
6259,6383
6251,6383
6233,6412
6231,6409
6238,6413
6234,6435
6242,6434
6230,6417
6230,6387
6236,6410
6228,6378
6236,6382
6234,6388
6229,6404
6218,6406
6232,6410
6240,6402
6233,6408
6228,6395
6238,6401
6241,6386
6240,6370
6247,6409
6232,6378
6208,6309
6204,6308
6276,6433
6236,6373
6187,6364
6195,6384
6200,6392
6234,6404
6227,6411
6231,6372
6237,6372
6224,6344
6213,6347
6228,6388
6222,6357
6235,6372
6240,6388
6233,6394
6227,6392
6230,6390
6227,6409
6234,6414
6228,6398
6249,6408
6230,6376
6240,6426
6214,6374
6225,6403
6215,6406
6239,6424
6235,6393
6231,6439
6221,6410
6232,6395
6227,6401
6225,6415
6232,6407
6237,6389
6212,6411
6218,6419
6225,6404
6232,6423
6233,6430
6216,6414
6223,6432
6222,6414
6218,6443
6225,6421
6218,6420
6227,6422
6219,6421
6226,6402
6228,6409
6224,6390
6210,6414
6224,6409
6225,6399
6227,6400
6230,6406
6221,6407
6218,6379
6216,6364
6195,6398
6227,6405
6220,6400
6219,6404
6220,6408
6218,6412
6220,6428
6222,6385
6221,6446
6213,6416
6219,6431
6224,6470
6205,6402
6219,6438
6223,6440
6220,6401
6217,6381
6211,6375
6212,6354
6210,6363
6220,6365
6235,6346
6222,6353
6225,6358
6216,6358
6231,6400
6228,6385
6217,6376
6222,6403
6217,6379
6227,6390
6216,6404
6217,6406
6212,6428
6219,6403
6210,6420
6222,6455
6214,6440
6219,6415
6218,6440
6221,6415
6219,6439
6230,6438
6209,6420
6221,6408
6216,6405
6217,6392
6214,6393
6209,6421
6226,6413
6218,6418
6227,6388
6217,6417
6224,6393
6216,6419
6224,6409
6207,6405
6222,6415
6224,6401
6213,6387
6208,6405
6226,6392
6216,6390
6213,6411
6208,6419
6216,6393
6219,6376
6222,6411
6221,6368
6223,6378
6226,6339
6230,6351
6222,6365
6229,6388
6231,6397
6219,6386
6222,6418
6227,6394
6214,6402
6217,6411
6228,6392
6213,6387
6209,6389
6214,6385
6212,6384
6215,6394
6209,6375
6207,6361
6211,6366
6213,6372
6218,6344
6243,6378
6239,6393
6224,6369
6224,6389
6220,6394
6224,6398
6213,6408
6224,6374
6224,6378
6215,6368
6233,6379
6229,6391
6215,6369
6210,6384
6233,6375
6227,6395
6225,6409
6218,6398
6229,6379
6227,6379
6212,6380
6217,6380
6218,6406
6225,6372
6227,6388
6217,6397
6223,6390
6220,6366
6218,6353
6228,6375
6233,6369
6229,6373
6239,6372
6241,6363
6222,6375
6228,6451
6217,6387
6236,6359
6220,6375
6222,6393
6222,6384
6221,6356
6240,6375
6222,6365
6231,6361
6232,6349
6225,6371
6230,6387
6222,6352
6226,6343
6237,6325
6233,6370
6231,6365
6234,6354
6209,6348
6224,6341
6230,6338
6237,6351
6217,6342
6236,6358
6218,6373
6239,6354
6218,6329
6225,6363
6226,6355
6221,6360
6224,6366
6223,6343
6232,6346
6227,6355
6225,6368
6229,6363
6229,6358
6236,6340
6233,6351
6223,6365
6219,6371
6225,6374
6225,6365
6237,6368
6226,6344
6232,6327
6226,6337
6227,6315
6236,6329
6235,6324
6229,6324
6226,6327
6239,6353
6233,6351
6236,6330
6239,6311
6244,6326
6241,6339
6239,6333
6231,6314
6217,6321
6237,6316
6216,6333
6215,6324
6227,6330
6228,6347
6233,6342
6219,6354
6215,6358
6220,6340
6215,6338
6236,6343
6234,6342
6251,6335
6228,6336
6228,6334
6217,6328
6231,6319
6218,6307
6225,6350
6338,6469
6160,6309
6253,6379
6187,6402
6359,6446
6121,6141
6201,6358
6225,6321
6235,6351
6239,6363
6220,6334
6217,6327
6228,6342
6231,6343
6235,6363
6234,6369
6235,6354
6238,6356
6233,6360
6239,6352
6240,6342
6235,6342
6216,6342
6224,6332
6236,6326
6236,6339
6251,6321
6245,6330
6240,6340
6250,6365
6273,6334
6279,6345
6298,6356
6333,6361
6355,6363
6386,6357
6405,6332
6453,6321
6513,6329
6547,6351
6608,6360
6648,6336
6736,6326
6800,6330
6858,6328
6943,6317
7024,6325
7049,6330
7106,6356
7144,6361
7145,6334
7114,6329
7116,6327
7084,6319
7061,6324
7021,6342
7032,6315
7010,6307
6973,6326
6990,6342
6954,6332
6956,6327
6942,6352
6912,6362
6862,6350
6858,6372
6844,6359
6893,6319
6951,6326
7022,6360
7145,6375
7238,6347
7329,6348
7490,6390
7686,6382
7795,6374
7923,6392
8081,6389
8247,6408
8373,6416
8424,6461
8534,6450
8600,6487
8569,6534
8489,6518
8404,6539
8257,6570
8105,6568
7988,6601
7846,6623
7704,6697
7608,6752
7427,6828
7288,6948
7133,7000
7023,7061
6986,7133
6892,7176
6840,7278
6829,7301
6861,7365
6913,7385
7002,7465
7121,7494
7261,7505
7462,7513
7691,7531
7885,7511
8110,7520
8413,7456
8677,7396
8980,7320
9076,7263
9279,7163
9358,7077
9467,7036
9567,6953
9617,6852
9506,6831
9418,6800
9239,6802
9007,6785
8888,6785
8731,6821
8590,6883
8445,6993
8223,7092
8097,7183
7859,7295
7759,7428
7687,7539
7553,7694
7433,7886
7280,7958
7216,8066
7259,8181
7298,8240
7325,8207
7463,8233
7589,8266
7760,8239
7969,8178
8178,8129
8459,8095
8617,7992
8942,7913
9129,7749
9316,7653
9543,7535
9557,7389
9610,7301
9745,7228
9891,7155
9945,7060
9889,7017
9808,7013
9689,7004
9371,7058
9135,7114
8973,7227
8797,7311
8479,7441
8232,7558
7965,7722
7715,7779
7548,7952
7357,8136
7208,8256
7074,8338
6980,8414
6931,8456
6969,8672
7027,8700
7148,8823
7320,8914
7454,8851
7620,8752
7867,8631
8092,8592
8255,8508
8496,8290
8659,8054
8771,8023
8936,7871
9063,7719
9280,7522
9427,7350
9569,7199
9682,7105
9821,7029
9836,6975
9973,6951
9903,7031
9789,7103
9676,7192
9579,7370
9383,7491
9170,7636
8982,7817
8747,8004
8491,8174
8199,8304
7977,8438
7798,8567
7631,8726
7488,8863
7369,9000
7263,8992
7290,9037
7300,9077
7357,9089
7323,9013
7356,8899
7485,8759
7626,8647
7763,8424
7950,8255
8090,8104
8339,7968
8616,7874
8818,7715
9004,7636
9130,7525
9257,7426
9335,7285
9417,7157
9387,7118
9358,7071
9335,6985
9284,6946
9122,6919
9061,6949
8961,6977
8824,6968
8608,7083
8486,7197
8367,7341
8212,7456
8030,7674
7841,7864
7695,8037
7516,8203
7367,8309
7202,8458
7063,8401
6943,8360
6866,8291
6845,8270
6856,8214
6939,8192
7111,8137
7268,8084
7456,8021
7728,7930
7909,7872
8151,7739
8422,7624
8593,7502
8802,7356
8971,7264
9241,7119
9297,6975
9297,6930
9342,6878
9350,6899
9266,6870
9244,6874
9208,6954
8931,7010
8774,7109
8623,7216
8411,7295
8241,7513
8093,7658
7889,7756
7709,7833
7607,8064
7471,8253
7327,8271
7191,8372
7124,8563
7016,8663
7021,8758
6924,8894
6872,9029
6893,9083
6889,9128
6927,9130
7009,9058
7160,8959
7310,8855
7554,8641
7770,8451
8026,8250
8240,8019
8486,7769
8824,7561
8987,7309
9110,7169
9164,6983
9273,6855
9304,6769
9255,6675
9266,6718
9195,6759
9161,6831
9038,6935
8858,7037
8677,7131
8470,7254
8272,7344
8100,7468
7913,7567
7744,7692
7541,7833
7427,7962
7284,8101
7168,8256
7039,8490
6978,8623
6965,8689
6915,8761
6910,8852
6911,8846
6921,8945
6923,8896
7017,8957
7103,8827
7218,8705
7338,8552
7494,8366
7673,8196
7828,8011
8017,7848
8251,7556
8468,7337
8658,7146
8854,7000
8993,6927
9139,6806
9223,6758
9248,6706
9345,6712
9349,6738
9206,6794
9090,6889
8891,6918
8723,7075
8480,7185
8279,7318
8107,7410
7862,7485
7629,7629
7486,7708
7360,7736
7251,7821
7153,7946
7019,8011
6939,8028
6894,8049
6867,8005
6863,8042
6927,8054
6937,8032
7025,7982
7167,7854
7269,7760
7436,7654
7613,7570
7794,7470
7961,7394
8132,7246
8353,7127
8448,7004
8486,6870
8584,6797
8632,6698
8726,6658
8751,6610
8780,6583
8719,6596
8626,6647
8622,6707
8447,6761
8441,6861
8371,6968
8293,7091
8118,7247
8016,7435
7852,7530
7666,7658
7502,7773
7317,7853
7158,7973
7087,8054
6991,8061
6912,8088
6873,8037
6855,8082
6849,8136
6910,8033
7029,7998
7097,7850
7246,7773
7411,7703
7619,7573
7784,7422
8023,7377
8244,7231
8465,7146
8610,7063
8737,6952
8886,6878
8901,6792
8938,6732
9025,6722
9067,6729
9082,6688
9020,6714
8853,6739
8720,6804
8522,6836
8251,6905
8114,6960
7934,7063
7782,7168
7647,7274
7469,7361
7341,7536
7190,7675
7106,7764
6992,7930
6903,8035
6865,8144
6879,8217
6882,8324
6890,8360
6955,8380
7002,8334
7085,8266
7175,8203
7265,8059
7395,7920
7523,7778
7728,7639
7877,7484
8061,7390
8243,7222
8464,7043
8581,6944
8755,6873
8895,6734
8986,6692
9132,6669
9156,6640
9234,6701
9274,6812
9288,6902
9187,6992
9079,7145
8910,7265
8687,7340
8494,7425
8299,7585
8098,7684
7887,7792
7712,7906
7493,7978
7275,7945
7169,8001
7060,8048
7019,8110
7009,8140
7031,8170
7064,8145
7091,8133
7151,8083
7243,8034
7323,7910
7433,7829
7568,7640
7752,7533
7926,7431
8133,7301
8263,7164
8413,7077
8600,6955
8651,6862
8743,6803
8940,6767
9057,6729
8989,6690
8999,6752
9038,6787
8856,6830
8772,6937
8673,7042
8562,7162
8407,7287
8232,7483
8096,7680
7959,7859
7781,8009
7637,8202
7459,8416
7324,8486
7171,8655
7064,8740
6949,8729
6843,8664
6889,8739
6895,8731
6923,8626
6984,8547
7028,8464
7044,8369
7222,8159
7389,7982
7486,7874
7594,7756
7759,7554
7934,7439
8053,7256
8295,7198
8507,7109
8605,7032
8759,6932
8895,6850
8949,6775
8928,6683
8981,6649
8909,6615
8938,6639
8880,6664
8754,6733
8614,6823
8400,6904
8245,7009
7781,6894
8413,7282
7634,7284
7715,7605
7442,7594
7195,7585
7041,7678
6976,7785
6908,7822
6919,7824
6901,7839
6954,7860
7078,7901
7125,7845
7275,7856
7423,7754
7595,7669
7863,7573
8087,7501
8386,7377
8583,7261
8883,7141
9075,7042
9242,6927
9415,6851
9622,6738
9707,6661
9889,6603
9864,6579
9778,6526
9709,6529
9534,6553
9425,6600
9316,6708
9102,6791
8926,6930
8747,7059
8456,7224
8140,7376
7895,7547
7704,7752
7393,7880
7229,8044
7087,8211
6937,8388
6864,8416
6838,8433
6839,8448
6887,8504
6909,8419
7008,8354
7088,8334
7235,8263
7367,8144
7581,7994
7692,7828
7843,7686
8031,7538
8180,7393
8389,7244
8578,7133
8757,7026
8910,6911
9105,6812
9142,6753
9186,6709
9138,6681
9156,6673
9111,6733
8947,6730
8929,6847
8812,6989
8655,7151
8472,7347
8294,7516
8126,7750
7913,7917
7723,8116
7557,8204
7432,8330
7279,8427
7131,8496
7075,8581
6991,8678
7004,8754
6981,8766
6998,8751
7036,8700
7127,8612
7233,8554
7378,8536
7590,8381
7682,8226
7850,8132
8025,7987
8290,7906
8555,7697
8865,7519
9104,7399
9259,7244
9408,7121
9566,6959
9752,6889
9870,6831
10007,6777
10082,6739
10022,6821
9987,6815
10015,6880
9901,6981
9801,7086
9700,7223
9442,7349
9130,7449
8906,7624
8610,7745
8344,7884
7985,7983
7696,8078
7565,8255
7401,8411
7199,8489
7126,8497
7125,8518
7140,8475
7177,8418
7222,8455
7345,8373
7519,8393
7678,8372
7899,8206
8112,8090
8353,7953
8658,7794
9066,7637
9453,7573
9852,7448
10144,7294
10556,7146
10940,7032
11383,6949
11666,6901
11797,6920
11804,6887
11710,6939
11414,7010
11197,7153
10931,7271
10425,7377
9981,7597
9464,7772
9114,8005
8857,8213
8512,8409
8159,8592
7970,8867
7735,9197
7631,9386
7499,9459
7436,9491
7474,9585
7519,9670
7579,9775
7636,9737
7833,9643
8056,9449
8274,9272
8619,9141
9019,9061
9291,9015
9571,8829
9900,8529
10308,8319
10701,8007
10979,7809
11009,7552
11162,7282
11052,7085
11060,6920
11037,6780
11016,6714
10872,6712
10713,6819
10610,6969
10503,7154
10362,7468
10144,7797
9839,8135
9517,8489
9186,8809
8952,9036
8776,9253
8563,9426
8321,9616
8144,9705
8061,9866
7922,9967
7772,9920
7710,9925
7650,9939
7716,9920
7782,9873
7984,9862
8179,9668
8465,9554
8819,9430
9124,9228
9345,8932
9744,8681
10110,8387
10462,8182
10835,7922
11218,7817
11315,7668
11383,7541
11473,7472
11524,7345
11390,7312
11197,7341
11036,7296
10766,7338
10526,7393
10173,7451
9875,7516
9481,7681
9141,7809
8882,7967
8563,8181
8248,8298
7985,8447
7750,8632
7546,8867
7412,9136
7314,9290
7301,9433
7330,9425
7370,9441
7469,9568
7564,9690
7648,9753
7756,9714
7947,9552
8178,9380
8423,9185
8702,8924
8971,8726
9252,8488
9370,8146
9603,7915
9839,7742
9940,7477
9858,7270
9954,7183
10067,7091
10137,7073
10046,7103
10025,7168
9890,7243
9758,7408
9401,7566
8962,7785
8568,7994
8166,8256
7790,8453
7592,8686
7254,8837
7010,8988
6910,9213
6681,9356
6526,9561
6392,9618
6283,9722
6201,9676
6190,9563
6176,9616
6161,9474
6157,9335
6151,9246
6157,9085
6153,8867
6166,8704
6148,8523
6159,8352
6151,8197
6145,8042
6148,7889
6141,7689
6149,7515
6139,7375
6136,7317
6122,7200
6126,7069
6128,7008
6124,7033
6143,7066
6128,7195
6105,7411
6123,7623
6130,7847
6124,8094
6122,8320
6108,8526
6120,8692
6127,8845
6114,8907
6126,8857
6119,8786
6112,8702
6119,8610
6110,8492
6121,8298
6117,8084
6111,7988
6108,7888
6111,7789
6115,7525
6124,7236
6119,7090
6113,7010
6121,6814
6113,6591
6120,6468
6109,6361
6109,6276
6108,6233
6108,6202
6109,6198
6112,6182
6116,6179
6108,6173
6101,6169
6103,6167
6107,6175
6101,6168
6113,6173
6106,6162
6103,6193
6108,6186
6110,6171
6107,6185
6101,6161
6098,6124
6115,6102
6101,6079
6103,6075
6101,6078
6108,6072
6114,6072
6100,6053
6107,6065
6114,6084
6106,6072
6108,6073
6111,6066
6109,6072
6102,6064
6101,6073
6111,6060
6106,6066
6105,6049
6102,6065
6103,6062
6112,6059
6103,6062
6104,6072
6110,6058
6113,6060
6106,6050
6104,6061
6108,6050
6101,6054
6100,6050
6109,6061
6105,6064
6115,6060
6110,6048
6113,6053
6113,6058
6103,6058
6117,6051
6116,6054
6110,6059
6111,6051
6104,6051
6114,6052
6118,6051
6105,6068
6101,6052
6114,6053
6108,6057
6119,6058
6114,6047
6111,6060
6112,6048
6115,6048
6096,6056
6115,6052
6103,6053
6108,6051
6111,6040
6104,6046
6109,6040
6112,6053
6106,6055
6104,6068
6105,6038
6110,6045
6111,6061
6114,6052
6107,6060
6114,6041
6110,6048
6107,6056
6107,6034
6111,6059
6114,6056
6106,6043
6112,6062
6115,6054
6108,6052
6110,6052
6095,6051
6101,6052
6104,6048
6106,6056
6113,6044
6111,6055
6115,6050
6099,6054
6102,6051
6099,6057
6099,6048
6104,6053
6116,6026
6110,6060
6104,6053
6103,6048
6096,6062
6113,6046
6101,6045
6110,6047
6104,6035
6114,6040
6110,6053
6119,6046
6108,6046
6111,6048
6095,6037
6103,6049
6110,6041
6110,6044
6098,6055
6109,6054
6106,6043
6108,6051
6099,6054
6104,6043
6102,6055
6100,6054
6111,6058
6110,6056
6103,6039
6109,6052
6096,6047
6108,6064
6105,6052
6098,6054
6106,6054
6106,6053
6114,6054
6113,6049
6108,6043
6098,6045
6094,6037
6106,6052
6113,6056
6104,6036
6112,6051
6098,6045
6106,6044
6096,6052
6107,6046
6108,6051
6092,6058
6100,6036
6102,6066
6111,6055
6100,6041
6110,6047
6120,6048
6106,6033
6102,6053
6102,6032
6099,6052
6097,6061
6101,6058
6098,6049
6091,6034
6114,6044
6103,6037
6103,6047
6113,6059
6113,6058
6103,6057
6095,6033
6109,6054
6106,6057
6108,6049
6111,6039
6105,6039
6102,6058
6097,6039
6104,6040
6107,6041
6105,6044
6101,6051
6096,6047
6105,6028
6096,6047
6098,6035
6107,6054
6106,6045
6113,6043
6099,6052
6102,6057
6102,6033
6110,6041
6109,6054
6113,6042
6093,6048
6101,6041
6104,6040
6098,6055
6105,6050
6100,6058
6100,6045
6104,6112
5918,5987
6235,6186
6100,6085
6090,6060
6079,6131
6093,6048
6120,6071
6073,6023
6105,6051
6086,6033
6102,6048
6107,6056
6098,6043
6102,6049
6107,6041
6101,6047
6096,6054
6105,6051
6097,6042
6098,6046
6105,6050
6094,6060
6099,6057
6105,6051
6092,6036
6097,6040
6104,6045
6100,6037
6105,6059
6111,6044
6107,6041
6115,6061
6105,6038
6097,6047
6098,6047
6096,6056
6101,6065
6095,6033
6099,6053
6107,6059
6094,6050
6101,6050
6110,6042
6107,6043
6101,6047
6102,6046
6103,6071
6103,6049
6104,6058
6098,6061
6106,6043
6104,6053
6107,6048
6105,6044
6110,6050
6102,6051
6103,6054
6108,6049
6104,6059
6106,6062
6107,6053
6106,6047
6106,6054
6109,6034
6106,6045
6113,6058
6107,6063
6116,6063
6097,6070
6103,6062
6108,6050
6110,6049
6124,6054
6109,6049
6111,6061
6114,6056
6110,6056
6119,6048
6110,6060
6105,6044
6107,6040
6120,6055
6118,6042
6103,6061
6090,6063
6111,6043
6102,6022
6109,6037
6106,6047
6100,6058
6099,6049
6108,6060
6110,6046
6109,6045
6106,6061
6105,6042
6105,6040
6097,6047
6099,6048
6099,6047
6103,6051
6110,6051
6101,6036
6111,6045
6108,6063
6104,6052
6101,6051
6099,6050
6111,6043
6109,6040
6098,6050
6102,6050
6110,6048
6103,6061
6113,6051
6101,6053
6109,6046
6099,6047
6102,6056
6105,6046
6091,6052
6099,6059
6109,6057
6098,6050
6098,6050
6109,6055
6112,6046
6102,6052
6108,6046
6109,6052
6106,6055
6103,6051
6104,6046
6097,6057
6101,6042
6102,6042
6103,6057
6097,6046
6099,6051
6113,6049
6110,6053
6103,6055
6107,6039
6115,6021
6110,6047
6111,6056
6098,6036
6107,6054
6109,6052
6110,6047
6111,6046
6120,6051
6110,6037
6109,6058
6105,6052
6121,6042
6116,6057
6100,6053
6106,6046
6114,6034
6112,6056
6110,6052
6112,6036
6108,6053
6104,6060
6124,6047
6112,6050
6120,6042
6119,6045
6122,6058
6118,6047
6112,6049
6110,6036
6108,6060
6111,6037
6118,6047
6112,6056
6115,6056
6114,6056
6125,6047
6102,6056
6115,6055
6106,6064
6114,6030
6105,6046
6108,6043
6111,6046
6111,6042
6106,6047
6112,6046
6111,6039
6106,6049
6105,6033
6111,6055
6117,6052
6103,6052
6108,6047
6111,6060
6100,6047
6129,6037
6117,6063
6114,6048
6110,6052
6104,6045
6101,6057
6109,6048
6103,6046
6111,6050
6118,6038
6098,6034
6112,6052
6108,6048
6106,6050
6108,6048
6108,6100
6112,6051
6112,6055
6110,6061
6107,6041
6110,6051
6116,6039
6123,6049
6106,6052
6108,6057
6111,6044
6117,6043
6115,6062
6109,6054
6118,6041
6111,6050
6107,6046
6109,6046
6110,6048
6109,6049
6115,6060
6115,6046
6106,6061
6123,6046
6114,6054
6114,6017
6098,6033
6102,6048
6121,6050
6120,6053
6109,6050
6120,6041
6105,6049
6111,6051
6111,6046
6114,6046
6116,6060
6116,6050
6114,6045
6114,6060
6115,6041
6117,6054
6116,6063
6115,6051
6097,6054
6117,6058
6117,6056
6107,6057
6109,6061
6118,6054
6118,6047
6118,6050
6112,6059
6166,6092
6026,5960
6120,6082
6107,6081
6169,6086
6088,6027
6117,6057
6126,6085
6127,6065
6119,6058
6125,6060
6120,6064
6120,6067
6114,6059
6112,6047
6118,6029
6117,6055
6115,6054
6115,6054
6122,6060
6123,6054
6120,6051
6118,6045
6115,6047
6116,6056
6130,6040
6116,6058
6122,6057
6112,6060
6113,6050
6120,6062
6124,6045
6111,6060
6112,6056
6112,6061
6118,6054
6114,6055
6118,6057
6115,6056
6113,6058
6113,6058
6109,6050
6111,6057
6119,6059
6112,6052
6111,6058
6119,6051
6111,6056
6113,6054
6117,6058
6106,6062
6110,6064
6114,6063
6123,6050
6114,6062
6122,6058
6113,6049
6115,6048
6115,6048
6113,6053
6112,6057
6114,6055
6114,6055
6115,6058
6120,6050
6119,6053
6120,6055
6113,6062
6125,6047
6122,6058
6116,6057
6112,6055
6120,6051
6114,6048
6116,6055
6115,6045
6108,6050
6114,6057
6112,6053
6118,6056
6116,6058
6110,6058
6118,6054
6122,6056
6122,6056
6118,6062
6114,6052
6109,6058
6122,6064
6113,6047
6095,6039
6123,6054
6112,6065
6113,6057
6115,6046
6110,6062
6102,6036
6110,6053
6104,6051
0,37
0,61680
0,0
6118,6056
5606,5575
5596,5580
5601,5586
5595,5584
5599,5578
5604,5573
5601,5578
5597,5574
5824,5752
6315,6321
6276,6317
6305,6284
6311,6293
6284,6316
6297,6297
6276,6306
6283,6301
6299,6302
6293,6327
6297,6325
6304,6322
6308,6347
6290,6325
6309,6330
6303,6338
6297,6341
6290,6339
6309,6332
6319,6328
6312,6306
6289,6341
6276,6336
6282,6312
6279,6325
6284,6310
6289,6313
6289,6331
6296,6348
6306,6362
6290,6341
6277,6332
6271,6313
6278,6339
6282,6361
6285,6339
6298,6351
6288,6342
6302,6310
6286,6323
6285,6323
6264,6304
6278,6332
6382,6328
6275,6319
6331,6378
6327,6406
6336,6310
6316,6342
6289,6344
6326,6331
6303,6328
6277,6317
6274,6281
6268,6295
6292,6337
6316,6328
6294,6356
6317,6321
6310,6337
6300,6339
6295,6322
6293,6334
6287,6323
6298,6314
6290,6326
6290,6335
6299,6327
6309,6321
6302,6307
6303,6327
6288,6335
6287,6349
6304,6328
6304,6317
6296,6313
6278,6305
6272,6356
6274,6350
6281,6314
6279,6328
6295,6325
6275,6348
6313,6373
6305,6344
6325,6363
6293,6349
6276,6342
6284,6330
6291,6330
6289,6329
6289,6308
6285,6320
6295,6318
6286,6315
6284,6313
6275,6323
6296,6326
6292,6314
6295,6326
6299,6331
6262,6322
6270,6323
6297,6343
6283,6333
6291,6346
6288,6324
6292,6339
6285,6328
6298,6318
6284,6330
6283,6359
6295,6363
6290,6335
6283,6335
6278,6350
6275,6351
6294,6340
6284,6347
6288,6324
6299,6342
6281,6328
6284,6351
6287,6371
6280,6325
6294,6348
6291,6336
6315,6324
6287,6330
6286,6340
6286,6354
6286,6354
6282,6358
6293,6351
6269,6338
6287,6339
6308,6355
6312,6338
6297,6339
6287,6330
6277,6331
6287,6349
6282,6327
6307,6324
6304,6334
6296,6343
6282,6366
6294,6336
6295,6345
6288,6343
6279,6308
6287,6321
6261,6343
6286,6342
6294,6371
6285,6346
6295,6351
6317,6358
6275,6332
6277,6354
6276,6336
6267,6340
6271,6334
6274,6353
6288,6362
6298,6348
6287,6363
6274,6351
6288,6355
6277,6364
6266,6359
6276,6329
6281,6338
6267,6307
6281,6333
6287,6338
6277,6311
6287,6334
6281,6370
6281,6373
6266,6396
6280,6360
6262,6343
6272,6350
6278,6381
6274,6385
6264,6364
6274,6348
6259,6354
6281,6358
6273,6361
6283,6386
6249,6377
6279,6368
6273,6352
6263,6407
6261,6385
6273,6372
6272,6381
6248,6350
6259,6359
6267,6354
6268,6374
6288,6372
6278,6358
6284,6400
6295,6354
6262,6375
6260,6396
6254,6364
6265,6383
6273,6371
6276,6353
6253,6381
6252,6370
6255,6366
6258,6370
6270,6381
6269,6386
6277,6385
6253,6376
6260,6366
6263,6357
6270,6377
6246,6381
6246,6360
6254,6388
6253,6382
6252,6367
6256,6358
6254,6388
6262,6381
6261,6385
6251,6413
6253,6402
6261,6405
6247,6402
6255,6421
6254,6393
6274,6368
6269,6370
6252,6362
6246,6386
6270,6363
6250,6388
6275,6391
6273,6430
6279,6416
6254,6396
6239,6359
6255,6376
6264,6380
6247,6386
6262,6387
6253,6353
6251,6342
6228,6348
6253,6363
6244,6358
6238,6360
6235,6388
6256,6377
6240,6399
6223,6373
6233,6381
6254,6407
6262,6394
6249,6387
6257,6368
6246,6411
6249,6387
6251,6389
6242,6401
6245,6392
6254,6386
6255,6369
6246,6396
6247,6371
6240,6378
6242,6404
6237,6403
6248,6400
6245,6365
6247,6371
6242,6364
6232,6362
6245,6409
6238,6385
6250,6374
6232,6383
6240,6369
6245,6393
6251,6376
6242,6387
6223,6385
6246,6390
6251,6401
6229,6385
6229,6365
6237,6390
6228,6362
6229,6345
6236,6334
6242,6323
6249,6377
6254,6397
6240,6401
6222,6401
6242,6321
6109,6284
5880,6018
6176,6545
6289,6469
6275,6437
6219,6382
6278,6402
6240,6434
6238,6386
6230,6398
6239,6406
6224,6404
6241,6403
6219,6401
6219,6403
6222,6405
6244,6380
6247,6401
6236,6388
6237,6378
6236,6384
6244,6373
6240,6405
6240,6411
6225,6410
6226,6398
6220,6390
6232,6435
6226,6377
6225,6371
6217,6353
6228,6364
6224,6373
6231,6359
6234,6370
6235,6402
6230,6407
6231,6400
6232,6409
6225,6403
6237,6419
6230,6394
6239,6410
6222,6387
6236,6403
6230,6370
6226,6378
6243,6417
6240,6395
6235,6412
6233,6414
6225,6420
6227,6402
6231,6378
6221,6409
6216,6405
6218,6380
6216,6415
6220,6422
6217,6420
6223,6436
6232,6419
6211,6408
6217,6441
6223,6413
6215,6441
6229,6424
6225,6427
6231,6411
6206,6428
6218,6441
6221,6417
6216,6393
6214,6419
6220,6437
6225,6416
6225,6402
6231,6416
6219,6394
6214,6384
6218,6379
6212,6391
6215,6401
6221,6415
6225,6417
6224,6419
6231,6419
6224,6415
6227,6378
6214,6412
6232,6427
6225,6445
6216,6451
6219,6391
6220,6413
6240,6430
6236,6416
6224,6382
6219,6367
6212,6372
6224,6364
6229,6380
6226,6357
6223,6365
6227,6340
6227,6354
6235,6385
6226,6411
6232,6385
6218,6401
6215,6395
6229,6383
6215,6408
6226,6389
6221,6421
6217,6411
6224,6431
6223,6451
6219,6445
6216,6426
6214,6420
6221,6417
6215,6435
6220,6426
6212,6402
6230,6402
6225,6394
6218,6404
6214,6398
6218,6403
6211,6416
6220,6422
6217,6401
6218,6417
6225,6414
6226,6401
6224,6410
6216,6413
6215,6417
6215,6411
6219,6396
6196,6403
6205,6382
6217,6414
6211,6414
6212,6418
6222,6393
6215,6392
6214,6397
6220,6374
6225,6362
6226,6346
6224,6368
6220,6364
6230,6366
6237,6383
6222,6388
6216,6418
6223,6417
6215,6385
6218,6392
6218,6383
6223,6392
6212,6391
6209,6389
6225,6377
6214,6390
6206,6371
6217,6360
6212,6368
6219,6385
6223,6350
6242,6365
6226,6371
6226,6381
6217,6383
6217,6372
6218,6399
6232,6385
6234,6378
6223,6369
6226,6370
6231,6350
6230,6379
6221,6376
6207,6385
6225,6357
6230,6389
6224,6413
6222,6390
6220,6398
6222,6387
6222,6368
6219,6379
6213,6394
6217,6383
6232,6395
6226,6376
6219,6359
6225,6375
6214,6366
6233,6379
6230,6358
6219,6368
6230,6362
6232,6364
6230,6363
6223,6397
6223,6372
6235,6371
6221,6376
6223,6385
6221,6375
6230,6373
6223,6372
6217,6376
6225,6351
6228,6324
6235,6368
6223,6386
6223,6374
6234,6358
6236,6361
6235,6354
6228,6361
6226,6353
6227,6331
6227,6343
6228,6337
6222,6365
6219,6348
6223,6346
6230,6368
6235,6360
6219,6347
6231,6352
6221,6351
6227,6344
6228,6367
6220,6358
6232,6343
6226,6351
6231,6350
6234,6367
6219,6356
6227,6358
6231,6362
6227,6355
6227,6369
6227,6358
6228,6354
6232,6378
6223,6353
6244,6321
6219,6337
6222,6334
6237,6329
6219,6326
6227,6334
6222,6339
6239,6355
6231,6350
6233,6326
6237,6308
6239,6314
6239,6344
6227,6341
6209,6315
6201,6335
6182,6225
6217,6319
6258,6362
6196,6368
6171,6287
6223,6314
6231,6368
6218,6342
6215,6328
6237,6358
6235,6353
6241,6345
6231,6361
6232,6338
6230,6327
6220,6321
6217,6321
6221,6339
6231,6340
6245,6341
6227,6344
6227,6335
6228,6344
6231,6344
6231,6341
6227,6358
6230,6356
6232,6326
6237,6348
6235,6312
6217,6327
6217,6340
6229,6346
6234,6353
6231,6370
6243,6343
6237,6357
6250,6344
6236,6342
6233,6332
6236,6345
6228,6331
6224,6327
6239,6344
6232,6362
6243,6320
6249,6327
6267,6346
6266,6366
6277,6327
6290,6333
6308,6368
6319,6365
6354,6354
6384,6356
6408,6341
6467,6306
6501,6336
6555,6341
6596,6347
6643,6323
6721,6320
6812,6324
6850,6348
6955,6333
7039,6322
7043,6346
7106,6373
7127,6364
7130,6343
7122,6339
7118,6327
7030,6321
7047,6344
7005,6313
6979,6307
6987,6318
6956,6331
6977,6354
6984,6346
6960,6340
6944,6353
6924,6350
6881,6346
6860,6343
6845,6356
6863,6335
6959,6334
7024,6348
7124,6352
7229,6350
7344,6343
7493,6359
7687,6367
7826,6374
7901,6388
8087,6415
8226,6430
8335,6423
8420,6451
8511,6467
8567,6502
8587,6521
8479,6515
8386,6530
8269,6574
8092,6577
7968,6605
7856,6642
7717,6681
7582,6742
7408,6836
7294,6925
7136,6996
7035,7078
6952,7129
6867,7183
6825,7229
6824,7327
6859,7337
6942,7376
7000,7456
7150,7482
7271,7504
7490,7493
7685,7521
7930,7485
8155,7501
8472,7448
8693,7428
8933,7331
9116,7240
9280,7181
9369,7088
9424,7003
9588,6938
9607,6880
9493,6802
9442,6792
9252,6797
9017,6783
8844,6789
8761,6807
8548,6914
8389,6982
8207,7070
8062,7211
7878,7318
7768,7416
7666,7537
7514,7735
7400,7874
7268,7952
7208,8063
7219,8198
7267,8194
7358,8192
7466,8255
7594,8240
7747,8243
7975,8173
8181,8168
8438,8077
8618,7996
8938,7907
9124,7766
9303,7641
9498,7512
9522,7400
9639,7304
9739,7228
9895,7170
9909,7074
9883,7043
9792,7023
9633,7015
9406,7072
9124,7099
8982,7247
8758,7336
8439,7399
8174,7540
7968,7683
7677,7814
7538,7967
7328,8151
7193,8263
7093,8331
6956,8432
6916,8520
6965,8635
7034,8722
7160,8793
7315,8906
7473,8850
7652,8750
7850,8710
8056,8607
8273,8497
8516,8211
8641,8089
8741,7989
8907,7849
9095,7731
9241,7534
9433,7376
9582,7221
9703,7116
9813,7046
9846,6956
9937,6949
9900,7033
9765,7116
9662,7227
9551,7342
9339,7501
9132,7643
8908,7809
8734,8029
8504,8157
8215,8304
7926,8445
7761,8579
7619,8730
7455,8895
7361,8943
7283,9042
7297,9023
7288,9046
7334,9055
7331,8982
7369,8912
7469,8776
7642,8627
7786,8441
7931,8229
8099,8058
8353,7984
8595,7867
8781,7712
8933,7628
9153,7496
9269,7404
9324,7273
9441,7179
9403,7111
9397,7036
9298,6987
9274,6923
9147,6932
9090,6934
8953,6994
8824,7004
8634,7050
8473,7166
8367,7316
8203,7503
8038,7692
7828,7855
7681,8028
7508,8209
7351,8345
7200,8414
7040,8418
6925,8356
6860,8310
6833,8236
6875,8272
6962,8209
7043,8058
7364,8206
7453,7996
7710,7956
7891,7860
8212,7799
8371,7533
8564,7449
8773,7354
8970,7270
9167,7078
9302,6990
9312,6937
9303,6874
9340,6879
9255,6872
9314,6910
9165,6946
9024,7072
8835,7159
8690,7247
8452,7364
8269,7538
8060,7643
7924,7744
7738,7887
7609,8096
7472,8225
7329,8280
7213,8411
7135,8563
7031,8684
6980,8783
6923,8876
6864,9022
6877,9096
6897,9137
6928,9136
7036,9063
7182,8937
7343,8804
7518,8665
7714,8477
8040,8263
8218,7996
8545,7763
8771,7498
8993,7328
9060,7179
9236,6999
9298,6860
9266,6749
9287,6704
9281,6720
9211,6754
9144,6840
8975,6955
8882,7032
8710,7127
8495,7260
8285,7333
8112,7473
7882,7575
7766,7707
7580,7821
7426,7954
7292,8113
7159,8298
7079,8457
6998,8598
6978,8708
6893,8765
6898,8849
6899,8889
6916,8943
6943,8950
7030,8960
7081,8826
7200,8683
7345,8599
7491,8401
7659,8190
7824,8034
8009,7827
8263,7555
8455,7359
8650,7164
8857,7007
8983,6919
9162,6794
9188,6767
9279,6730
9328,6725
9316,6732
9227,6798
9121,6861
8899,6944
8716,7037
8460,7157
8282,7307
8063,7431
7874,7502
7642,7609
7502,7705
7374,7769
7262,7849
7154,7922
7027,8005
6971,8000
6906,7997
6858,8018
6881,8047
6911,8063
6965,8002
7020,7968
7148,7908
7265,7758
7431,7632
7609,7603
7729,7487
7939,7378
8166,7264
8320,7120
8396,6980
8490,6860
8571,6771
8647,6706
8718,6675
8729,6591
8800,6591
8695,6601
8613,6635
8589,6692
8517,6776
8458,6874
8349,6964
8277,7080
8136,7257
7984,7417
7859,7532
7672,7650
7484,7810
7293,7915
7195,7987
7104,8020
6990,8042
6915,8097
6890,8077
6889,8069
6869,8130
6922,8057
7017,7987
7132,7836
7242,7796
7408,7681
7596,7594
7756,7456
8030,7379
8249,7242
8429,7134
8587,7038
8743,6974
8914,6869
8891,6767
8940,6729
9045,6718
9066,6686
9090,6697
9044,6692
8862,6728
8757,6787
8529,6823
8264,6894
8083,6979
7922,7066
7798,7155
7648,7282
7477,7366
7344,7558
7184,7661
7131,7792
6960,7940
6901,8041
6892,8114
6895,8195
6868,8316
6890,8344
6961,8363
7021,8339
7044,8305
7183,8185
7324,8093
7414,7936
7556,7785
7736,7623
7864,7503
8079,7371
8288,7199
8476,7056
8566,6924
8767,6831
8933,6767
8994,6692
9163,6671
9178,6655
9244,6729
9268,6819
9316,6867
9220,6990
9043,7117
8939,7249
8737,7332
8530,7424
8280,7529
8120,7672
7897,7790
7728,7908
7514,7985
7276,7972
7163,8047
7052,8040
7001,8093
7000,8156
7008,8174
7053,8127
7111,8135
7164,8137
7273,8024
7353,7907
7464,7821
7586,7631
7738,7539
7950,7410
8072,7262
8228,7169
8433,7069
8578,6935
8638,6852
8739,6818
8915,6780
9032,6725
8965,6713
8959,6722
8975,6756
8886,6873
8757,6916
8668,7046
8523,7169
8369,7291
8239,7470
8091,7672
7935,7839
7767,8000
7618,8219
7460,8374
7293,8502
7173,8625
7062,8722
6958,8783
6869,8680
6868,8709
6915,8760
6913,8688
7017,8531
7050,8467
7035,8344
7219,8165
7375,7976
7370,7761
7678,7748
7727,7544
7868,7386
8113,7277
8308,7204
8486,7111
8604,7012
8791,6932
8868,6854
8947,6753
8904,6686
9004,6653
8934,6625
8901,6630
8883,6690
8759,6746
8630,6807
8416,6889
8252,7017
8145,7144
7982,7255
7750,7395
7563,7508
7399,7567
7198,7618
7040,7643
6976,7761
6900,7795
6903,7826
6916,7854
6975,7871
7074,7908
7161,7845
7281,7818
7462,7753
7621,7624
7816,7593
8114,7512
8386,7395
8590,7246
8863,7134
9071,7028
9217,6936
9426,6849
9628,6744
9679,6648
9832,6607
9851,6542
9827,6525
9705,6539
9510,6562
9447,6598
9329,6701
9150,6789
8975,6925
8742,7058
8472,7199
8166,7390
7890,7556
7700,7757
7416,7891
7209,8065
7080,8208
6954,8374
6881,8421
6844,8422
6844,8506
6872,8496
6906,8413
7021,8352
7122,8346
7243,8316
7372,8167
7546,7998
7726,7852
7891,7684
8045,7543
8202,7409
8370,7273
8586,7141
8724,7021
8931,6906
9143,6813
9175,6737
9228,6710
9139,6671
9095,6687
9111,6719
8991,6748
8931,6849
8800,6980
8665,7144
8491,7304
8284,7519
8103,7748
7921,7918
7704,8088
7577,8243
7411,8348
7247,8439
7131,8522
7046,8620
7024,8724
7006,8778
6994,8754
6992,8801
7052,8746
7134,8616
7235,8556
7395,8539
7580,8378
7697,8166
7825,8104
8048,7974
8281,7883
8613,7685
8891,7545
9083,7374
9277,7228
9381,7089
9529,6967
9745,6896
9866,6836
9979,6773
10048,6768
10009,6791
10009,6819
9999,6880
9867,6959
9784,7103
9655,7239
9483,7367
9179,7452
8834,7608
8633,7791
8293,7895
7980,8001
7705,8077
7541,8269
7365,8431
7204,8503
7148,8465
7130,8495
7135,8515
7170,8468
7233,8464
7352,8441
7523,8362
7681,8375
7864,8231
8141,8085
8369,7935
8692,7840
9051,7629
9539,7578
9888,7452
10181,7292
10499,7168
10927,7033
11472,6942
11647,6900
11791,6918
11821,6898
11639,6936
11398,7037
11178,7167
10951,7288
10398,7384
9968,7607
9490,7745
9139,7993
8816,8199
8495,8437
8162,8601
7957,8883
7749,9198
7642,9396
7512,9466
7461,9484
7466,9534
7539,9673
7562,9784
7671,9743
7833,9584
8000,9469
8319,9233
8642,9113
9000,9068
9347,8964
9590,8810
9945,8562
10318,8324
10734,8008
11022,7782
11058,7584
11220,7337
11161,7075
11068,6907
11000,6770
11000,6715
10890,6719
10686,6827
10603,6989
10488,7171
10409,7479
10138,7846
9880,8143
9506,8514
9170,8797
8933,8986
8724,9300
8534,9439
8319,9617
8209,9761
8048,9849
7887,9935
7759,9954
7734,9910
7668,9942
7733,9904
7799,9863
7945,9797
8182,9712
8467,9552
8794,9456
9156,9191
9365,8981
9732,8696
10159,8391
10473,8194
10862,7934
11251,7759
11317,7678
11373,7539
11490,7459
11453,7354
11413,7313
11209,7361
11053,7327
10726,7331
10499,7387
10098,7467
9897,7570
9507,7690
9196,7841
8854,8026
8535,8178
8272,8332
7949,8455
7768,8670
7540,8903
7427,9155
7351,9289
7300,9393
7351,9469
7427,9448
7466,9634
7551,9719
7648,9796
7748,9721
7923,9529
8138,9393
8436,9165
8702,8988
8969,8717
9216,8486
9378,8182
9464,7870
9904,7835
9643,7136
9894,7258
9938,7143
10146,7094
10100,7079
10073,7111
9978,7160
9907,7265
9784,7401
9416,7580
8922,7806
8575,8014
8160,8256
7785,8459
7590,8665
7243,8837
7022,8970
6841,9216
6645,9307
6466,9455
6350,9609
6272,9696
6217,9684
6178,9575
6177,9589
6160,9457
6159,9311
6159,9278
6158,9057
6157,8831
6163,8682
6157,8531
6152,8367
6154,8238
6141,8028
6146,7871
6149,7672
6155,7529
6142,7368
6136,7295
6128,7206
6113,7072
6124,7009
6132,7020
6132,7103
6123,7242
6122,7410
6122,7611
6132,7870
6125,8142
6127,8321
6118,8555
6122,8718
6130,8860
6112,8930
6114,8847
6112,8793
6111,8742
6122,8666
6116,8491
6123,8289
6119,8055
6118,7975
6112,7864
6110,7747
6115,7521
6121,7253
6117,7105
6118,6988
6128,6853
6119,6600
6114,6465
6107,6356
6116,6271
6105,6224
6103,6212
6113,6191
6110,6179
6104,6182
6112,6172
6101,6166
6114,6166
6108,6176
6107,6175
6104,6184
6112,6174
6103,6201
6115,6180
6110,6185
6105,6196
6116,6174
6103,6135
6101,6101
6099,6079
6105,6080
6105,6075
6118,6076
6114,6077
6092,6063
6111,6065
6104,6073
6106,6074
6105,6082
6110,6061
6106,6058
6097,6063
6111,6067
6110,6064
6110,6059
6100,6067
6107,6067
6100,6063
6113,6065
6099,6069
6109,6066
6115,6074
6109,6054
6098,6055
6106,6060
6106,6057
6101,6064
6115,6063
6113,6054
6109,6063
6118,6055
6109,6056
6111,6064
6110,6040
6107,6058
6109,6047
6114,6064
6111,6055
6105,6050
6105,6063
6119,6058
6117,6095
6111,6053
6100,6056
6114,6056
6112,6062
6116,6049
6112,6059
6115,6055
6108,6054
6119,6052
6105,6044
6118,6059
6101,6051
6114,6056
6110,6048
6105,6044
6097,6049
6107,6061
6106,6059
6108,6054
6107,6044
6113,6046
6117,6060
6124,6038
6115,6049
6113,6047
6116,6053
6109,6054
6110,6047
6116,6060
6113,6054
6111,6056
6115,6051
6110,6038
6114,6050
6114,6038
6114,6045
6108,6049
6106,6032
6110,6047
6113,6049
6108,6056
6114,6054
6108,6050
6109,6023
6110,6049
6103,6047
6111,6043
6111,6056
6118,6048
6103,6047
6102,6058
6102,6056
6111,6057
6100,6050
6108,6041
6107,6040
6108,6023
6094,6047
6112,6066
6106,6047
6099,6051
6102,6046
6107,6058
6105,6054
6117,6040
6105,6054
6108,6049
6096,6050
6109,6054
6102,6053
6105,6046
6106,6049
6112,6052
6110,6048
6111,6047
6104,6051
6110,6051
6098,6059
6109,6060
6099,6041
6100,6042
6102,6043
6106,6057
6106,6047
6106,6043
6106,6051
6098,6055
6108,6042
6115,6048
6115,6055
6106,6047
6106,6051
6098,6048
6102,6047
6101,6055
6106,6046
6109,6052
6091,6058
6094,6046
6105,6045
6112,6054
6109,6049
6105,6048
6110,6051
6103,6056
6095,6039
6106,6056
6102,6056
6105,6050
6106,6056
6099,6054
6093,6049
6110,6048
6098,6048
6112,6051
6106,6059
6110,6063
6102,6038
6101,6042
6104,6048
6099,6055
6100,6052
6109,6043
6101,6036
6105,6044
6101,6040
6108,6050
6110,6052
6104,6058
6103,6056
6040,5961
6154,6051
6130,6183
6120,6067
6072,6035
6048,5995
6096,6022
6103,6042
6094,6041
6091,6025
6097,6034
6109,6058
6111,6048
6098,6043
6097,6042
6104,6046
6106,6050
6114,6043
6100,6048
6101,6052
6096,6057
6111,6057
6099,6044
6098,6051
6105,6044
6096,6047
6092,6057
6093,6045
6104,6053
6105,6038
6101,6037
6107,6053
6097,6046
6099,6044
6101,6044
6110,6042
6099,6048
6102,6047
6107,6057
6098,6048
6102,6046
6109,6050
6098,6047
6090,6049
6106,6043
6089,6048
6098,6045
6106,6048
6102,6056
6106,6054
6103,6041
6114,6049
6095,6051
6098,6044
6104,6042
6102,6057
6098,6052
6108,6043
6105,6047
6104,6061
6099,6057
6106,6064
6108,6045
6104,6052
6085,6027
6098,6049
6099,6038
6110,6061
6103,6042
6110,6050
6104,6057
6098,6060
6105,6058
6102,6049
6106,6040
6112,6084
6104,6026
6096,6055
6107,6051
6106,6051
6107,6057
6109,6056
6102,6049
6101,6055
6098,6051
6097,6056
6111,6051
6103,6049
6110,6069
6102,6053
6112,6060
6115,6044
6109,6053
6118,6042
6113,6055
6114,6067
6123,6062
6103,6048
6113,6047
6120,6055
6104,6055
6108,6034
6115,6050
6113,6057
6098,6063
6108,6058
6110,6045
6105,6044
6101,6023
6111,6047
6105,6062
6113,6049
6114,6047
6121,6059
6109,6058
6107,6056
6105,6060
6103,6058
6107,6049
6095,6043
6103,6044
6107,6051
6106,6051
6102,6038
6111,6046
6109,6050
6106,6047
6104,6048
6106,6049
6108,6039
6104,6041
6104,6064
6102,6051
6109,6049
6099,6063
6101,6062
6096,6058
6097,6057
6102,6053
6107,6054
6099,6045
6098,6047
6106,6056
6118,6046
6098,6040
6103,6042
6104,6050
6111,6029
6102,6058
6102,6046
6105,6052
6095,6058
6108,6035
6104,6049
6105,6051
6110,6040
6100,6033
6110,6034
6103,6042
6103,6056
6102,6048
6101,6053
6092,6051
6107,6059
6117,6047
6112,6046
6116,6050
6107,6040
6105,6005
6106,6046
6111,6057
6112,6060
6118,6056
6172,6047
6111,6050
6107,6045
6115,6051
6114,6046
6105,6052
6094,6051
6115,6053
6117,6051
6112,6063
6105,6037
6118,6060
6107,6060
6121,6050
6109,6049
6114,6042
6112,6048
6126,6055
6126,6045
6120,6046
6116,6058
6106,6061
6120,6041
6122,6039
6111,6042
6115,6054
6115,6049
6118,6052
6105,6057
6113,6058
6112,6054
6107,6053
6104,6063
6103,6052
6112,6063
6117,6056
6110,6047
6109,6046
6112,6050
6116,6048
6105,6050
6108,6043
6118,6054
6113,6052
6111,6055
6116,6047
6105,6044
6111,6056
6118,6061
6109,6057
6111,6053
6113,6043
6109,6061
6108,6061
6112,6047
6110,6041
6116,6030
6111,6053
6118,6054
6109,6052
6103,6050
6111,6051
6104,6038
6113,6058
6112,6047
6108,6054
6102,6051
6110,6049
6106,6043
6122,6060
6114,6046
6093,6061
6103,6057
6114,6045
6117,6040
6106,6051
6118,6050
6117,6049
6094,6052
6104,6063
6114,6049
6108,6049
6111,6055
6106,6054
6108,6065
6117,6056
6109,6053
6111,6055
6104,6054
6103,6042
6110,6042
6109,6059
6111,6054
6107,6053
6110,6057
6109,6060
6115,6024
6045,6121
6334,6311
6112,6026
6156,6073
6182,5971
6094,6081
6109,6050
6119,6048
6125,6052
6105,6049
6126,6062
6128,6057
6102,6050
6115,6056
6110,6047
6123,6048
6119,6053
6115,6054
6124,6059
6110,6051
6112,6060
6105,6060
6116,6049
6112,6054
6127,6058
6116,6060
6118,6055
6118,6065
6130,6060
6111,6058
6122,6062
6119,6053
6113,6054
6120,6049
6114,6055
6113,6063
6114,6051
6120,6063
6118,6062
6120,6052
6118,6054
6118,6054
6115,6057
6121,6053
6111,6061
6118,6062
6119,6056
6111,6063
6115,6051
6113,6048
6109,6063
6113,6049
6123,6057
6112,6053
6111,6057
6119,6048
6119,6048
6115,6048
6117,6054
6114,6058
6120,6049
6115,6053
6119,6055
6119,6055
6123,6050
6108,6061
6118,6058
6114,6059
6119,6045
6112,6055
6119,6062
6105,6062
6120,6059
6116,6054
6121,6056
6114,6056
6112,6054
6121,6049
6116,6058
6111,6049
6115,6055
6120,6051
6113,6051
6115,6049
6122,6050
6122,6050
6119,6045
6117,6056
6113,6054
6113,6046
6116,6060
6126,6047
6118,6054
6117,6066
6115,6049
6119,6043
6121,6052
6116,6062
6112,6054
6122,6079
6111,6055
6122,6040
6110,6063
6113,6050
6118,6046
6117,6055
6119,6054
6119,6054
6121,6045
6111,6063
6118,6045
6121,6043
6106,6059
6119,6064
6110,6049
6119,6062
6121,6055
0,27
0,61680
0,0
6120,6051
5605,5571
5597,5563
5599,5574
5593,5583
5612,5576
5598,5582
5606,5568
5603,5577
5817,5756
6329,6318
6285,6298
6311,6294
6303,6311
6292,6306
6289,6296
6294,6316
6286,6288
6283,6307
6301,6329
6286,6332
6298,6322
6292,6343
6292,6352
6314,6330
6284,6324
6289,6341
6285,6358
6307,6339
6306,6326
6302,6312
6140,6268
6102,6254
6242,6301
6246,6325
6188,6264
6253,6282
6289,6342
6289,6360
6304,6377
6294,6336
6290,6335
6284,6345
6271,6342
6288,6368
6292,6338
6315,6333
6294,6365
6299,6312
6282,6338
6277,6345
6285,6345
6281,6353
6296,6333
6280,6326
6297,6370
6297,6332
6303,6311
6313,6347
6291,6338
6317,6339
6303,6326
6282,6331
6285,6296
6266,6308
6305,6327
6304,6342
6283,6357
6307,6338
6304,6350
6305,6339
6296,6331
6291,6309
6288,6320
6286,6320
6296,6325
6289,6332
6294,6316
6312,6315
6307,6306
6303,6331
6307,6332
6285,6353
6315,6323
6299,6308
6281,6325
6272,6346
6283,6351
6279,6362
6289,6318
6277,6323
6287,6333
6296,6335
6291,6352
6314,6366
6307,6362
6291,6351
6272,6349
6286,6331
6287,6321
6291,6334
6287,6303
6292,6339
6295,6314
6268,6306
6270,6313
6265,6324
6287,6341
6291,6321
6306,6350
6307,6329
6290,6329
6276,6353
6295,6335
6289,6335
6280,6358
6304,6331
6305,6334
6284,6334
6275,6313
6290,6338
6285,6362
6300,6363
6304,6328
6289,6348
6281,6347
6292,6368
6309,6337
6293,6333
6285,6321
6294,6328
6285,6340
6275,6342
6289,6358
6283,6329
6301,6349
6300,6342
6291,6309
6282,6328
6282,6344
6300,6355
6289,6356
6280,6341
6272,6353
6274,6345
6289,6346
6300,6346
6309,6339
6295,6340
6290,6329
6273,6321
6287,6342
6279,6340
6307,6334
6310,6346
6288,6349
6291,6360
6288,6347
6301,6349
6288,6335
6276,6323
6276,6330
6269,6340
6300,6343
6288,6371
6287,6343
6297,6345
6288,6352
6289,6321
6258,6345
6268,6321
6271,6328
6274,6344
6280,6351
6279,6344
6288,6324
6290,6359
6288,6345
6285,6363
6278,6353
6272,6355
6287,6336
6282,6346
6270,6303
6267,6328
6288,6347
6292,6332
6274,6340
6286,6344
6274,6368
6285,6384
6286,6373
6272,6352
6272,6366
6277,6369
6272,6375
6264,6364
6274,6351
6264,6358
6282,6357
6273,6350
6288,6380
6271,6376
6278,6365
6271,6356
6288,6384
6272,6390
6276,6369
6273,6369
6253,6362
6266,6373
6270,6361
6281,6350
6280,6378
6285,6385
6274,6374
6284,6368
6271,6377
6267,6410
6243,6380
6260,6398
6267,6371
6276,6357
6256,6369
6244,6369
6260,6361
6256,6376
6261,6394
6279,6395
6275,6389
6264,6383
6276,6382
6250,6369
6271,6377
6260,6365
6251,6364
6256,6384
6253,6396
6265,6367
6248,6361
6263,6394
6271,6378
6261,6385
6252,6405
6254,6412
6263,6417
6249,6388
6249,6396
6241,6396
6270,6399
6262,6398
6253,6365
6252,6384
6260,6389
6241,6383
6259,6382
6263,6458
6277,6421
6263,6411
6252,6378
6256,6358
6252,6385
6250,6371
6249,6374
6242,6361
6252,6346
6248,6354
6257,6343
6235,6342
6247,6374
6237,6385
6252,6391
6231,6399
6241,6389
6234,6386
6261,6378
6248,6411
6254,6396
6247,6380
6258,6405
6253,6413
6243,6396
6237,6389
6253,6385
6244,6389
6247,6390
6246,6407
6254,6388
6245,6375
6233,6399
6235,6407
6233,6385
6246,6377
6253,6370
6233,6380
6252,6385
6244,6416
6234,6398
6271,6383
6307,6444
6125,6302
6311,6448
6257,6420
6222,6357
6208,6386
6246,6412
6254,6419
6231,6366
6227,6355
6242,6376
6232,6367
6232,6362
6238,6344
6246,6352
6246,6372
6255,6380
6243,6414
6226,6384
6235,6403
6232,6438
6240,6405
6233,6419
6244,6405
6239,6422
6227,6395
6232,6383
6234,6408
6231,6397
6236,6396
6234,6423
6250,6409
6240,6408
6228,6395
6226,6411
6226,6406
6235,6378
6249,6410
6233,6381
6240,6387
6230,6384
6246,6365
6243,6393
6233,6413
6235,6421
6210,6392
6223,6409
6239,6421
6219,6377
6227,6368
6229,6350
6228,6365
6226,6375
6226,6367
6228,6359
6239,6395
6244,6419
6235,6384
6225,6418
6237,6385
6231,6405
6231,6374
6235,6402
6222,6384
6234,6394
6220,6396
6225,6395
6228,6411
6237,6417
6228,6411
6242,6422
6220,6405
6219,6385
6227,6408
6231,6413
6237,6418
6222,6394
6222,6395
6221,6427
6232,6414
6224,6442
6225,6419
6209,6427
6222,6427
6224,6415
6226,6448
6222,6443
6227,6437
6223,6417
6221,6402
6227,6430
6220,6413
6218,6409
6227,6397
6230,6415
6231,6422
6222,6414
6242,6397
6220,6394
6225,6391
6233,6377
6219,6380
6241,6408
6217,6411
6225,6414
6227,6433
6233,6411
6216,6423
6221,6398
6217,6429
6224,6415
6229,6438
6236,6457
6221,6395
6226,6414
6229,6418
6231,6426
6222,6371
6212,6389
6211,6372
6236,6362
6231,6366
6223,6351
6216,6373
6218,6355
6231,6346
6233,6392
6225,6386
6223,6388
6220,6405
6237,6407
6222,6398
6210,6413
6218,6405
6212,6403
6218,6411
6216,6437
6215,6439
6216,6444
6209,6424
6220,6443
6221,6422
6221,6437
6225,6439
6214,6424
6220,6437
6226,6390
6216,6412
6222,6396
6203,6395
6212,6412
6217,6406
6213,6394
6226,6419
6225,6417
6229,6414
6218,6410
6220,6403
6211,6434
6230,6417
6213,6407
6216,6411
6226,6403
6205,6416
6207,6412
6215,6429
6225,6401
6227,6400
6222,6396
6214,6369
6219,6366
6228,6329
6223,6367
6228,6376
6241,6382
6235,6387
6223,6387
6216,6437
6214,6389
6221,6387
6222,6390
6220,6409
6204,6387
6216,6393
6223,6376
6202,6380
6208,6387
6218,6377
6217,6371
6212,6382
6227,6356
6223,6356
6239,6370
6225,6396
6235,6371
6219,6363
6227,6383
6214,6403
6231,6398
6231,6403
6230,6375
6230,6377
6235,6379
6237,6398
6222,6377
6232,6379
6223,6382
6229,6385
6234,6397
6222,6395
6218,6399
6224,6386
6220,6361
6217,6387
6209,6408
6231,6385
6236,6380
6231,6405
6224,6389
6224,6388
6216,6364
6227,6370
6244,6339
6223,6381
6239,6354
6241,6345
6231,6369
6221,6406
6232,6406
6235,6364
6230,6378
6228,6392
6211,6384
6229,6367
6235,6381
6224,6371
6224,6353
6225,6353
6223,6374
6233,6365
6230,6363
6230,6364
6229,6361
6236,6370
6224,6361
6230,6347
6211,6328
6223,6342
6244,6349
6232,6345
6230,6343
6228,6378
6214,6348
6232,6346
6224,6363
6226,6352
6237,6365
6228,6357
6230,6390
6215,6344
6235,6356
6233,6364
6228,6362
6228,6362
6231,6361
6232,6353
6227,6367
6232,6359
6220,6385
6212,6250
6064,5918
6566,6697
6089,6202
6166,6282
6185,6286
6210,6301
6215,6304
6234,6320
6219,6335
6220,6335
6232,6339
6231,6371
6234,6321
6243,6321
6244,6318
6244,6352
6234,6348
6207,6338
6227,6342
6223,6320
6217,6323
6220,6330
6229,6352
6232,6340
6235,6322
6224,6346
6228,6304
6209,6325
6214,6326
6229,6359
6233,6352
6232,6353
6234,6348
6230,6327
6222,6335
6225,6326
6222,6332
6233,6363
6238,6353
6224,6343
6227,6327
6222,6341
6225,6328
6228,6345
6242,6370
6231,6352
6216,6339
6240,6368
6226,6344
6226,6327
6226,6351
6225,6359
6235,6367
6228,6348
6237,6358
6246,6356
6247,6353
6243,6387
6228,6352
6232,6331
6236,6338
6221,6335
6243,6352
6226,6366
6243,6336
6249,6310
6249,6342
6254,6354
6272,6330
6299,6327
6319,6353
6338,6372
6357,6361
6385,6352
6406,6354
6455,6300
6507,6339
6556,6335
6609,6327
6671,6321
6718,6324
6797,6328
6861,6351
6968,6319
7017,6313
7040,6340
7077,6378
7128,6353
7115,6339
7126,6336
7118,6322
7094,6326
7038,6332
6993,6303
7024,6319
6998,6331
6989,6327
6991,6353
6989,6358
6968,6341
6940,6338
6927,6356
6895,6343
6855,6354
6842,6371
6888,6348
6960,6340
7026,6354
7118,6351
7206,6368
7326,6351
7533,6369
7728,6361
7827,6366
7912,6387
8077,6409
8236,6403
8367,6412
8421,6438
8539,6469
8582,6481
8559,6524
8428,6528
8382,6552
8229,6554
8105,6600
7967,6611
7846,6631
7726,6673
7615,6717
7451,6816
7269,6930
7141,6981
7065,7081
6950,7133
6895,7211
6845,7210
6838,7308
6856,7344
6918,7414
7002,7461
7145,7493
7284,7498
7472,7492
7680,7536
7916,7501
8167,7520
8436,7493
8700,7409
8957,7344
9077,7259
9249,7158
9339,7081
9464,7008
9546,6951
9569,6854
9476,6825
9488,6794
9242,6799
9049,6792
8841,6769
8720,6831
8628,6895
8426,6988
8266,7085
8066,7215
7881,7295
7763,7364
7674,7547
7534,7711
7397,7884
7266,8009
7215,8063
7246,8177
7279,8207
7321,8207
7461,8156
7590,8246
7750,8257
8007,8145
8203,8143
8478,8120
8662,8003
8908,7911
9113,7734
9344,7627
9444,7491
9632,7411
9639,7307
9740,7211
9834,7167
9951,7061
9901,7023
9782,6990
9700,7018
9344,7071
9130,7090
8999,7253
8798,7309
8479,7420
8218,7562
8015,7713
7699,7838
7512,7986
7354,8141
7201,8226
7095,8356
6963,8398
6917,8505
6955,8627
7019,8734
7116,8848
7324,8917
7488,8875
7643,8787
7858,8649
8087,8527
8285,8475
8502,8252
8658,8076
8770,7976
8906,7872
9069,7700
9219,7503
9383,7360
9556,7180
9676,7118
9815,7028
9817,6987
9954,6990
9841,7035
9788,7117
9679,7201
9568,7343
9383,7504
9126,7609
8920,7810
8735,8036
8470,8170
8220,8310
7958,8398
7768,8617
7616,8721
7469,8883
7360,8976
7285,9011
7287,9041
7279,9053
7349,9062
7343,9031
7366,8904
7461,8742
7633,8628
7801,8475
7927,8224
8111,8046
8311,7968
8590,7847
8819,7729
8943,7601
9181,7527
9250,7382
9364,7280
9410,7174
9403,7112
9372,7054
9348,6997
9279,6960
9186,6917
9133,6957
8984,6994
8822,6996
8642,7096
8473,7157
8354,7307
8197,7516
8043,7665
7802,7841
7690,8054
7541,8254
7362,8336
7191,8432
7034,8402
6963,8326
6864,8306
6821,8235
6879,8273
6961,8219
7120,8175
7288,8132
7462,8000
7726,7938
7948,7860
8161,7729
8403,7606
8559,7491
8808,7350
8993,7243
9178,7103
9254,7023
9292,6909
9312,6868
9335,6877
9288,6880
9302,6879
9184,6980
9019,7090
8821,7173
8640,7229
8453,7354
8261,7494
8050,7629
7882,7771
7753,7888
7607,8033
7440,8214
7309,8282
7216,8391
7105,8537
7032,8650
6983,8801
6939,8889
6889,9012
6891,9109
6899,9114
6919,9168
7026,9045
7177,8902
7361,8810
7551,8628
7756,8449
7996,8254
8198,7996
8467,7729
8778,7569
9050,7341
9089,7196
9230,7005
9255,6854
9320,6739
9293,6705
9267,6719
9204,6763
9173,6815
9051,6957
8889,7020
8704,7124
8503,7254
8255,7345
8097,7433
7925,7571
7740,7719
7568,7826
7442,7968
7283,8118
7157,8293
7064,8423
7011,8623
6968,8731
6915,8777
6896,8840
6882,8874
6901,8968
6948,8944
7026,8983
7130,8818
7228,8687
7316,8526
7522,8409
7718,8171
7853,7981
8084,7801
8293,7563
8481,7332
8712,7166
8865,7023
9006,6896
9147,6818
9194,6739
9271,6726
9363,6749
9378,6734
9270,6773
9147,6845
8959,6944
8702,7053
8464,7169
8271,7336
8072,7425
7866,7533
7659,7632
7490,7741
7365,7766
7265,7806
7139,7932
7028,7981
6969,8012
6909,8013
6892,8001
6878,8049
6897,8031
6966,8004
7031,8000
7136,7881
7288,7754
7415,7639
7601,7576
7806,7473
7976,7371
8131,7226
8296,7147
8444,6981
8476,6867
8582,6775
8609,6681
8706,6678
8743,6615
8793,6603
8660,6591
8615,6633
8611,6689
8529,6779
8435,6841
8353,6979
8319,7076
8153,7249
7986,7413
7839,7542
7685,7665
7477,7768
7297,7899
7182,7978
7099,8012
6990,8033
6924,8099
6876,8083
6843,8088
6866,8140
6901,8081
7020,8029
7129,7893
7237,7797
7413,7697
7619,7544
7776,7448
8005,7381
8269,7220
8480,7134
8594,7035
8703,6941
8865,6873
8911,6797
8966,6741
9046,6709
9071,6686
9048,6701
9013,6714
8828,6744
8734,6771
8532,6838
8266,6911
8122,6962
7929,7070
7801,7182
7629,7267
7479,7358
7353,7545
7197,7696
7094,7816
6994,7911
6878,8028
6898,8096
6874,8206
6895,8322
6915,8363
6935,8379
7036,8369
7065,8289
7165,8206
7320,8071
7407,7935
7525,7803
7718,7640
7875,7514
8077,7352
8294,7182
8518,7068
8597,6929
8776,6819
8903,6759
9011,6681
9123,6665
9185,6707
9260,6720
9266,6809
9294,6901
9169,6977
9054,7155
8891,7273
8744,7361
8476,7426
8301,7555
8127,7554
7896,7761
7702,7890
7467,8005
7275,7986
7148,8000
7056,8077
6999,8091
7019,8194
6997,8200
7048,8120
7114,8137
7160,8125
7215,8084
7340,7953
7430,7824
7573,7676
7716,7539
7930,7440
8064,7274
8253,7154
8445,7057
8556,6952
8618,6879
8773,6834
8902,6737
9026,6723
9015,6698
9014,6732
9026,6772
8881,6860
8807,6924
8680,7016
8526,7168
8404,7312
8237,7516
8125,7693
8039,7887
7782,8040
7643,8197
7447,8361
7302,8457
7147,8640
7048,8738
6942,8745
6859,8695
6862,8721
6910,8686
6928,8673
6989,8584
7066,8460
7052,8364
7225,8172
7373,8009
7500,7887
7643,7728
7779,7546
7917,7404
8093,7315
8284,7203
8499,7118
8625,7012
8799,6925
8879,6860
8947,6763
8928,6665
8984,6657
8892,6646
8931,6622
8814,6662
8792,6753
8601,6848
8413,6886
8264,7034
8120,7138
7962,7265
7763,7354
7577,7479
7412,7531
7193,7588
7088,7671
6980,7798
6927,7809
6910,7815
6891,7813
6965,7869
7074,7856
7147,7834
7281,7818
7456,7751
7603,7669
7871,7591
8112,7502
8426,7429
8594,7233
8892,7137
9090,7015
9259,6938
9435,6848
9600,6740
9689,6642
9833,6605
9823,6544
9811,6514
9725,6536
9535,6543
9496,6612
9289,6682
9149,6797
8925,6919
8769,7047
8440,7193
8172,7375
7906,7568
7689,7772
7431,7884
7225,8061
7100,8184
6953,8320
6863,8438
6850,8435
6832,8492
6878,8490
6901,8398
7005,8354
7106,8367
7212,8314
7368,8182
7536,7995
7684,7841
7845,7686
8018,7540
8187,7421
8419,7236
8563,7128
8751,7001
8900,6887
9116,6815
9188,6735
9187,6697
9156,6680
9112,6678
9106,6729
9002,6746
8963,6840
8767,6959
8685,7152
8485,7334
8314,7544
8103,7733
7895,7932
7714,8112
7575,8191
7424,8337
7275,8452
7132,8546
7071,8618
7002,8697
7000,8754
6953,8751
6990,8781
7049,8729
7123,8664
7238,8545
7378,8527
7562,8351
7668,8229
7865,8130
8058,7997
8332,7867
8580,7663
8836,7526
9082,7382
9289,7223
9391,7106
9502,6971
9741,6900
9919,6825
9983,6800
10080,6758
10009,6792
9997,6826
9960,6904
9909,6977
9834,7090
9651,7235
9442,7347
9175,7432
8899,7613
8626,7756
8357,7890
7966,8029
7738,8077
7576,8269
7392,8402
7204,8430
7116,8517
7132,8507
7148,8464
7194,8455
7244,8434
7330,8418
7519,8387
7658,8357
7895,8245
8158,8075
8372,7942
8679,7822
9076,7633
9476,7569
9889,7426
10189,7337
10529,7169
10939,7022
11396,6937
11626,6877
11816,6892
11762,6890
11718,6956
11412,7037
11157,7168
10974,7282
10467,7395
10000,7602
9506,7774
9131,7983
8862,8216
8503,8395
8167,8633
7933,8925
7772,9202
7614,9368
7534,9475
7478,9468
7456,9501
7543,9639
7581,9770
7651,9736
7839,9597
8048,9456
8297,9227
8616,9106
9028,9038
9328,8967
9629,8828
10009,8554
10349,8309
10762,8039
11001,7812
11022,7600
11146,7310
11080,7093
11063,6923
11048,6776
10996,6713
10796,6709
10695,6794
10601,6960
10448,7160
10372,7461
10064,7780
9874,8099
9537,8483
9194,8791
8982,8994
8760,9223
8544,9454
8331,9581
8180,9793
8038,9831
7867,9905
7759,9984
7725,9914
7667,9874
7759,9921
7779,9877
7996,9860
8176,9679
8450,9578
8806,9397
9147,9247
9323,8959
9744,8666
10122,8397
10504,8174
10930,7950
11235,7795
11317,7657
11376,7505
11485,7442
11520,7348
11407,7327
11252,7345
10999,7302
10767,7327
10491,7387
10139,7455
9850,7533
9517,7643
9150,7820
8891,7996
8524,8183
8279,8354
8056,8564
7729,8634
7600,8949
7421,9145
7351,9280
7319,9431
7333,9450
7388,9430
7465,9590
7575,9706
7633,9765
7761,9741
7944,9576
8123,9414
8395,9194
8704,8929
8978,8780
9231,8502
9425,8200
9618,7900
9857,7709
9936,7487
9940,7267
9914,7147
10072,7063
10121,7067
10048,7087
10060,7152
9899,7230
9724,7421
9463,7560
8981,7778
8607,7988
8159,8222
7822,8477
7549,8671
7250,8916
7021,8977
6832,9159
6641,9326
6462,9450
6338,9604
6248,9742
6208,9669
6180,9606
6181,9623
6160,9427
6159,9336
6160,9262
6157,9051
6157,8809
6160,8700
6148,8527
6155,8334
6150,8206
6146,8045
6155,7844
6153,7713
6148,7541
6140,7347
6142,7293
6135,7187
6118,7050
6129,7018
6125,7038
6132,7058
6124,7251
6123,7388
6127,7668
6123,7884
6121,8134
6129,8307
6111,8565
6123,8713
6131,8844
6114,8944
6121,8890
6123,8799
6119,8662
6125,8631
6115,8484
6127,8323
6120,8076
6118,7993
6126,7874
6115,7751
6115,7493
6123,7224
6118,7108
6113,6961
6120,6839
6112,6598
6112,6468
6095,6361
6115,6275
6103,6233
6115,6190
6113,6192
6108,6161
6111,6176
6114,6180
6104,6156
6115,6164
6106,6178
6095,6170
6115,6198
6110,6185
6109,6190
6100,6165
6110,6184
6111,6180
6108,6173
6097,6144
6100,6104
6094,6081
6111,6078
6104,6065
6115,6052
6108,6073
6099,6060
6104,6083
6107,6070
6105,6076
6102,6079
6105,6067
6110,6066
6098,6071
6108,6071
6106,6063
6110,6055
6103,6054
6107,6062
6107,6063
6108,6046
6105,6069
6102,6080
6105,6063
6106,6072
6109,6065
6103,6065
6104,6057
6109,6062
6101,6051
6104,6063
6109,6065
6110,6054
6106,6070
6113,6062
6110,6067
6110,6065
6114,6058
6113,6061
6112,6055
6107,6060
6106,6054
6114,6049
6120,6057
6114,6059
6097,6053
6117,6059
6104,6045
6114,6054
6118,6053
6109,6048
6118,6055
6115,6054
6096,6054
6107,6062
6101,6061
6108,6034
6115,6047
6103,6060
6110,6043
6113,6051
6107,6046
6113,6056
6108,6048
6108,6048
6111,6050
6112,6042
6108,6057
6110,6043
6115,6049
6110,6046
6114,6045
6111,6046
6105,6058
6116,6056
6124,6050
6112,6051
6112,6033
6113,6048
6101,6049
6111,6038
6116,6046
6110,6062
6116,6050
6111,6050
6112,6058
6113,6054
6113,6042
6112,6049
6104,6053
6108,6042
6108,6045
6106,6031
6105,6053
6101,6061
6101,6055
6108,6047
6101,6047
6101,6050
6114,6048
6103,6051
6115,6051
6118,6043
6105,6045
6111,6037
6104,6048
6111,6049
6107,6053
6113,6050
6105,6041
6105,6056
6106,6044
6105,6059
6107,6056
6110,6056
6100,6044
6100,6044
6111,6062
6112,6043
6105,6051
6115,6048
6106,6053
6113,6055
6102,6054
6099,6056
6113,6051
6108,6042
6111,6048
6108,6035
6108,6054
6094,6058
6097,6041
6115,6047
6114,6060
6109,6048
6108,6053
6099,6045
6106,6053
6103,6046
6115,6053
6110,6059
6099,6047
6100,6049
6107,6049
6109,6051
6100,6048
6098,6049
6110,6053
6107,6052
6108,6049
6102,6045
6107,6050
6104,6055
6108,6044
6101,6047
6074,6035
6170,6115
5739,5661
6235,6168
6086,6023
6109,6042
6091,6025
6104,6041
6097,6041
6098,6042
6101,6050
6104,6050
6103,6037
6096,6054
6102,6057
6104,6049
6113,6058
6107,6053
6103,6048
6100,6053
6099,6050
6095,6056
6106,6050
6113,6035
6110,6054
6104,6061
6105,6041
6120,6054
6099,6054
6106,6050
6116,6052
6105,6042
6097,6047
6102,6042
6107,6047
6104,6045
6104,6051
6098,6040
6092,6057
6098,6042
6105,6070
6096,6048
6097,6051
6106,6043
6097,6060
6098,6046
6094,6041
6100,6041
6106,6041
6104,6040
6110,6041
6102,6042
6098,6046
6107,6048
6103,6049
6106,6013
6104,6036
6107,6060
6096,6052
6089,6046
6115,6052
6105,6053
6094,6051
6109,6054
6095,6058
6094,6043
6104,6057
6097,6041
6099,6052
6096,6048
6113,6047
6097,6050
6097,6053
6106,6046
6108,6039
6094,6052
6097,6044
6097,6039
6107,6052
6107,6047
6102,6046
6103,6050
6112,6040
6107,6049
6110,6048
6103,6048
6108,6047
6100,6041
6111,6041
6109,6046
6099,6049
6105,6056
6105,6041
6114,5974
6101,6056
6101,6050
6098,6049
6106,6046
6103,6048
6103,6049
6108,6051
6106,6047
6103,6060
6097,6038
6112,6045
6113,6059
6095,6052
6112,6058
6106,6045
6111,6062
6109,6048
6111,6061
6123,6047
6110,6055
6115,6058
6126,6061
6103,6054
6112,6044
6113,6051
6101,6057
6109,6047
6113,6057
6112,6052
6111,6055
6108,6053
6106,6043
6108,6059
6101,6046
6119,6049
6098,6062
6110,6059
6114,6059
6116,6051
6111,6043
6110,6057
6106,6060
6110,6050
6097,6043
6098,6051
6105,6052
6106,6057
6105,6052
6101,6058
6103,6048
6112,6057
6103,6073
6104,6044
6103,6051
6107,6051
6104,6053
6095,6056
6107,6055
6108,6049
6098,6045
6104,6046
6103,6049
6103,6057
6103,6052
6100,6041
6097,6061
6103,6056
6106,6057
6110,6051
6100,6044
6104,6034
6108,6045
6113,6049
6101,6048
6094,6055
6108,6055
6102,6053
6107,6054
6104,6040
6104,6053
6096,6045
6102,6041
6103,6057
6105,6049
6102,6059
6106,6051
6109,6053
6102,6047
6109,6057
6114,6051
6115,6055
6114,6048
6101,6050
6101,6056
6102,6067
6109,6050
6104,6053
6120,6058
6101,6046
6115,6048
6112,6045
6117,6046
6114,6051
6104,6049
6112,6054
6113,6055
6106,6051
6121,6037
6116,6046
6118,6056
6098,6039
6118,6054
6118,6039
6116,6038
6114,6045
6126,6052
6118,6048
6113,6054
6108,6055
6113,6043
6116,6045
6105,6040
6114,6047
6118,6050
6110,6062
6117,6027
6104,6037
6106,6049
6107,6050
6113,6055
6112,6045
6107,6047
6112,6062
6112,6049
6107,6048
6103,6051
6103,6037
6102,6061
6101,6038
6114,6033
6116,6053
6105,6062
6112,6056
6112,6053
6104,6037
6110,6052
6114,6063
6117,6049
6111,6058
6112,6054
6103,6047
6115,6054
6107,6055
6109,6049
6108,6047
6115,6062
6108,6060
6102,6061
6108,6054
6106,6055
6103,6008
6118,6057
6111,6051
6112,6050
6112,6054
6115,6043
6120,6039
6123,6046
6108,6055
6112,6056
6103,6060
6113,6042
6111,6050
6108,6046
6202,6124
6155,6099
6098,6006
6103,6053
6130,6053
6159,6077
6139,6112
6110,6065
6078,6033
6124,6048
6118,6059
6117,6045
6104,6042
6092,6044
6119,6055
6117,6058
6120,6042
6103,6054
6118,6053
6115,6061
6098,6055
6107,6036
6113,6049
6113,6039
6113,6045
6113,6047
6111,6060
6111,6058
6119,6061
6117,6056
6102,6042
6117,6056
6105,6072
6111,6057
6107,6063
6110,6044
6113,6056
6114,6053
6106,6037
6123,6058
6114,6061
6123,6053
6107,6057
6119,6055
6115,6056
6122,6062
6117,6061
6106,6058
6123,6057
6123,6047
6117,6034
6108,6058
6123,6057
6116,6058
6118,6058
6120,6061
6118,6054
6113,6058
6116,6065
6112,6063
6121,6063
6118,6062
6115,6050
6118,6056
6113,6060
6113,6058
6111,6060
6114,6057
6114,6059
6112,6056
6111,6045
6111,6045
6110,6046
6110,5993
6113,6045
6111,6058
6113,6061
6112,6056
6117,6051
6119,6064
6116,6059
6112,6051
6111,6051
6117,6050
6117,6054
6121,6055
6116,6053
6113,6056
6119,6058
6121,6059
6126,6058
6117,6058
6118,6042
6118,6042
6114,6056
6116,6053
6112,6060
6117,6061
6104,6061
6121,6034
6119,6047
6117,6051
6118,6061
6115,6046
6116,6055
6115,6060
6116,6060
6114,6054
6114,6053
6118,6049
6120,6061
6113,6058
6114,6054
6115,6059
6112,6061
6112,6061
6117,6069
6114,6057
6113,6062
6118,6050
6110,6047
6111,6057
6111,6056
6110,6061
6117,6056
6117,6061
6118,6044
6114,6056
6118,6054
6117,6056
6119,6049
6114,6061
6119,6047
6112,6057
6115,6062
6112,6053
6112,6053
6118,6055
0,30
0,61680
0,0
6119,6064
5595,5579
5594,5598
5601,5586
5600,5580
5607,5571
5604,5571
5599,5562
5594,5565
5820,5756
6313,6319
6270,6310
6250,6240
6252,6257
6310,6361
6336,6385
6281,6288
6279,6306
6274,6297
6301,6321
6303,6329
6303,6326
6304,6359
6300,6341
6296,6331
6305,6338
6298,6341
6298,6330
6312,6324
6305,6329
6305,6319
6282,6341
6277,6321
6273,6341
6294,6329
6283,6299
6297,6314
6288,6331
6298,6368
6301,6367
6294,6348
6284,6329
6284,6342
6275,6336
6300,6361
6270,6328
6300,6351
6300,6340
6291,6315
6288,6334
6283,6340
6277,6339
6291,6351
6300,6327
6290,6343
6299,6359
6279,6337
6316,6320
6329,6343
6306,6354
6321,6340
6318,6312
6274,6323
6276,6307
6268,6296
6302,6334
6306,6330
6297,6340
6323,6341
6315,6336
6304,6344
6283,6344
6295,6317
6285,6338
6292,6321
6299,6306
6289,6323
6294,6330
6302,6311
6301,6307
6303,6332
6313,6328
6293,6339
6300,6325
6302,6321
6291,6322
6283,6348
6280,6355
6284,6374
6273,6321
6276,6316
6301,6333
6285,6344
6304,6345
6302,6322
6319,6352
6295,6329
6270,6345
6295,6320
6302,6334
6295,6340
6291,6308
6303,6329
6297,6319
6281,6296
6277,6324
6279,6316
6294,6343
6301,6322
6313,6344
6292,6313
6267,6334
6270,6344
6303,6324
6291,6334
6281,6357
6296,6342
6304,6330
6288,6343
6281,6317
6294,6334
6296,6359
6303,6347
6301,6342
6283,6344
6285,6346
6291,6347
6308,6353
6283,6334
6283,6313
6303,6312
6274,6304
6294,6350
6287,6339
6294,6334
6293,6347
6296,6332
6299,6317
6291,6314
6270,6364
6296,6369
6281,6368
6287,6342
6278,6350
6262,6335
6296,6347
6304,6361
6303,6350
6285,6344
6281,6338
6275,6318
6280,6348
6283,6332
6305,6338
6311,6341
6290,6351
6277,6376
6291,6351
6292,6331
6290,6339
6288,6315
6285,6321
6270,6348
6283,6349
6295,6360
6281,6352
6298,6350
6295,6358
6279,6338
6270,6356
6279,6323
6271,6338
6282,6347
6279,6355
6281,6349
6296,6343
6294,6345
6283,6352
6272,6378
6263,6361
6275,6352
6271,6349
6287,6338
6282,6294
6276,6335
6292,6345
6288,6357
6281,6333
6290,6366
6267,6360
6276,6387
6286,6357
6264,6337
6265,6351
6276,6372
6274,6384
6268,6359
6276,6356
6271,6355
6291,6344
6266,6364
6283,6361
6276,6355
6269,6351
6269,6353
6272,6383
6261,6374
6271,6370
6284,6370
6252,6344
6256,6342
6272,6360
6279,6339
6268,6393
6280,6369
6278,6359
6276,6360
6264,6385
6250,6393
6251,6367
6279,6373
6264,6390
6271,6365
6254,6374
6258,6375
6263,6360
6253,6361
6254,6382
6282,6384
6277,6388
6268,6364
6268,6363
6265,6362
6263,6376
6248,6375
6259,6350
6248,6374
6255,6393
6265,6372
6266,6356
6241,6410
6275,6389
6266,6388
6239,6409
6257,6416
6271,6414
6238,6403
6257,6405
6249,6390
6261,6406
6247,6403
6256,6375
6263,6358
6271,6384
6243,6377
6275,6388
6272,6430
6274,6433
6263,6411
6247,6385
6250,6375
6255,6385
6247,6387
6259,6377
6253,6360
6250,6357
6244,6350
6260,6363
6245,6351
6246,6367
6238,6395
6253,6402
6227,6400
6236,6395
6232,6379
6244,6391
6251,6388
6260,6387
6244,6399
6252,6423
6384,6465
6128,6276
6309,6194
6031,6182
6331,6458
6252,6356
6250,6348
6329,6462
6257,6383
6251,6383
6227,6372
6252,6386
6247,6375
6239,6378
6237,6364
6239,6392
6242,6429
6240,6394
6246,6386
6236,6396
6240,6383
6243,6387
6252,6393
6238,6358
6249,6376
6247,6385
6245,6391
6237,6377
6221,6366
6246,6369
6237,6357
6242,6337
6239,6334
6239,6348
6249,6364
6245,6386
6247,6410
6236,6403
6225,6392
6239,6418
6240,6427
6240,6437
6243,6396
6241,6405
6227,6396
6234,6370
6230,6413
6232,6398
6240,6413
6238,6410
6239,6425
6230,6384
6230,6400
6229,6401
6238,6380
6232,6382
6239,6392
6235,6386
6243,6374
6237,6391
6239,6365
6239,6388
6227,6414
6224,6417
6226,6392
6224,6380
6231,6420
6218,6380
6241,6387
6227,6352
6216,6364
6230,6378
6226,6352
6227,6373
6239,6387
6246,6399
6228,6393
6221,6398
6226,6387
6231,6412
6237,6386
6237,6393
6221,6400
6224,6395
6215,6375
6211,6395
6227,6423
6235,6419
6222,6402
6227,6435
6230,6411
6225,6387
6227,6386
6219,6421
6226,6411
6226,6401
6214,6409
6221,6424
6228,6410
6224,6427
6240,6419
6206,6419
6219,6438
6220,6422
6213,6443
6219,6443
6228,6415
6222,6408
6209,6405
6217,6407
6217,6411
6217,6399
6226,6404
6224,6426
6234,6416
6220,6401
6225,6443
6225,6400
6225,6387
6223,6386
6215,6390
6224,6392
6215,6396
6225,6390
6224,6413
6221,6427
6211,6444
6216,6374
6214,6432
6215,6427
6226,6433
6223,6455
6214,6395
6231,6434
6236,6445
6224,6419
6222,6380
6219,6373
6222,6362
6220,6347
6228,6361
6225,6353
6218,6366
6228,6375
6235,6359
6225,6389
6222,6402
6227,6385
6210,6421
6218,6395
6225,6391
6218,6403
6219,6392
6220,6406
6226,6423
6230,6417
6238,6435
6216,6434
6217,6405
6208,6436
6229,6463
6227,6435
6227,6439
6214,6435
6228,6410
6215,6406
6211,6399
6224,6398
6219,6412
6225,6408
6217,6389
6232,6400
6227,6403
6220,6415
6212,6419
6220,6400
6213,6417
6217,6418
6218,6406
6215,6372
6215,6392
6207,6392
6209,6402
6210,6405
6207,6415
6226,6382
6223,6400
6204,6390
6218,6368
6227,6385
6227,6347
6239,6359
6222,6361
6232,6379
6227,6411
6224,6386
6219,6428
6221,6412
6207,6388
6215,6400
6215,6400
6214,6374
6212,6402
6219,6389
6209,6380
6217,6408
6211,6383
6217,6355
6214,6356
6231,6378
6220,6374
6237,6377
6226,6376
6220,6378
6227,6359
6217,6394
6224,6402
6232,6395
6239,6383
6227,6371
6220,6374
6239,6375
6234,6369
6230,6369
6228,6371
6231,6377
6228,6389
6216,6402
6212,6393
6222,6386
6227,6385
6219,6384
6221,6395
6228,6385
6218,6387
6228,6408
6233,6387
6225,6390
6225,6369
6214,6356
6219,6373
6227,6351
6219,6357
6229,6358
6227,6329
6230,6374
6233,6385
6223,6377
6230,6361
6236,6376
6228,6402
6215,6394
6223,6379
6237,6375
6225,6372
6239,6363
6233,6364
6220,6341
6232,6374
6229,6371
6222,6351
6235,6351
6238,6351
6240,6355
6222,6345
6234,6335
6228,6352
6227,6362
6157,6293
6071,6211
6309,6456
6247,6362
6223,6351
6191,6282
6213,6350
6211,6330
6225,6360
6232,6372
6227,6355
6228,6347
6219,6364
6235,6383
6236,6365
6230,6362
6227,6369
6230,6350
6245,6350
6242,6357
6218,6388
6229,6384
6226,6376
6237,6396
6235,6351
6229,6340
6220,6323
6222,6332
6232,6316
6237,6325
6226,6320
6233,6345
6229,6351
6234,6328
6251,6318
6256,6329
6231,6351
6231,6337
6226,6329
6202,6340
6218,6332
6208,6346
6220,6335
6222,6338
6222,6345
6219,6334
6221,6350
6218,6348
6220,6331
6215,6333
6230,6355
6241,6357
6237,6340
6237,6330
6235,6332
6217,6333
6228,6316
6212,6326
6246,6352
6233,6347
6226,6349
6226,6333
6223,6344
6213,6341
6220,6354
6230,6339
6237,6337
6234,6324
6243,6365
6222,6329
6226,6328
6225,6340
6232,6354
6240,6360
6245,6359
6239,6370
6244,6355
6246,6351
6239,6332
6241,6335
6231,6346
6228,6330
6226,6333
6251,6342
6230,6354
6255,6340
6256,6326
6235,6354
6263,6357
6281,6330
6288,6320
6299,6349
6319,6337
6351,6350
6386,6360
6406,6344
6439,6316
6504,6332
6553,6352
6620,6351
6661,6324
6745,6318
6807,6340
6824,6354
6946,6336
7027,6327
7043,6322
7077,6373
7097,6370
7163,6340
7119,6319
7113,6322
7062,6328
7034,6325
7039,6330
7025,6337
6997,6321
6991,6319
6980,6346
6970,6348
6976,6351
6948,6366
6911,6355
6867,6338
6872,6361
6869,6363
6886,6335
6938,6330
7015,6356
7109,6379
7238,6354
7342,6358
7506,6371
7696,6384
7838,6369
7871,6400
8094,6412
8245,6420
8364,6455
8412,6437
8493,6466
8588,6480
8590,6504
8467,6537
8416,6537
8274,6544
8092,6579
7951,6598
7842,6640
7718,6674
7593,6744
7441,6835
7264,6935
7157,7020
7051,7098
6960,7136
6875,7199
6832,7259
6809,7291
6852,7373
6903,7429
7016,7486
7136,7508
7249,7518
7469,7500
7670,7540
7923,7506
8183,7534
8470,7438
8685,7403
8958,7341
9122,7267
9255,7160
9382,7095
9448,7037
9595,6954
9575,6867
9503,6818
9480,6800
9236,6792
9057,6786
8934,6790
8736,6808
8617,6898
8441,6983
8215,7111
8084,7203
7864,7317
7737,7450
7664,7544
7538,7709
7358,7871
7274,7955
7227,8070
7265,8191
7307,8214
7331,8202
7463,8215
7563,8250
7721,8244
7948,8205
8202,8139
8436,8084
8634,7966
8889,7886
9155,7752
9262,7656
9462,7499
9568,7394
9580,7314
9716,7223
9880,7155
9903,7081
9869,7022
9780,7004
9639,7006
9381,7063
9134,7125
8946,7224
8750,7358
8412,7441
8239,7545
7987,7689
7704,7846
7527,7982
7383,8165
7192,8257
7076,8353
6987,8407
6924,8518
6942,8612
7011,8719
7140,8835
7305,8890
7473,8855
7648,8807
7861,8680
8068,8562
8267,8456
8524,8273
8661,8090
8723,8024
8908,7856
9079,7715
9252,7531
9435,7388
9518,7214
9696,7132
9861,7026
9812,6961
9941,6966
9851,7027
9784,7119
9721,7195
9613,7367
9353,7507
9161,7660
8937,7804
8718,8018
8503,8166
8201,8264
7942,8418
7779,8566
7593,8728
7480,8882
7360,8924
7276,9048
7263,9049
7317,9081
7188,8904
7205,8932
7403,8949
7375,8623
7493,8489
7819,8473
7948,8269
8115,8088
8345,8044
8602,7891
8771,7723
8962,7629
9168,7526
9274,7425
9329,7255
9382,7176
9371,7130
9344,7022
9365,6996
9249,6942
9191,6935
9071,6960
8973,6993
8797,6989
8644,7061
8482,7191
8349,7353
8220,7515
8028,7650
7826,7838
7698,8080
7522,8222
7367,8334
7190,8419
7068,8404
6946,8345
6877,8326
6843,8289
6871,8285
6942,8187
7076,8170
7274,8088
7477,7999
7700,7950
7937,7881
8151,7712
8411,7602
8570,7494
8782,7358
8999,7251
9156,7102
9276,7000
9322,6935
9349,6887
9396,6873
9308,6861
9306,6873
9217,6952
8994,7057
8812,7172
8633,7248
8431,7368
8249,7533
8070,7666
7899,7792
7746,7901
7592,8054
7443,8210
7330,8310
7203,8352
7123,8574
7035,8643
6963,8767
6933,8879
6898,9010
6873,9069
6870,9148
6908,9145
7014,9065
7177,8916
7349,8838
7541,8624
7765,8488
7996,8267
8265,7993
8475,7771
8813,7563
9035,7345
9066,7178
9227,6988
9271,6867
9299,6739
9281,6685
9276,6700
9249,6763
9143,6846
9047,6939
8869,7006
8700,7151
8551,7231
8313,7355
8147,7475
7902,7568
7718,7711
7574,7829
7471,7966
7291,8126
7187,8284
7041,8452
6975,8674
6957,8703
6914,8768
6897,8832
6922,8857
6901,8970
6955,8947
7022,8959
7113,8811
7237,8696
7354,8553
7482,8384
7688,8179
7864,8052
8047,7810
8241,7564
8478,7342
8676,7180
8867,7030
9014,6908
9104,6793
9189,6760
9262,6724
9354,6715
9326,6747
9238,6792
9115,6868
8923,6915
8675,7072
8470,7194
8287,7330
8095,7428
7873,7522
7661,7630
7517,7742
7408,7775
7260,7841
7144,7929
7034,8001
6951,8031
6932,8004
6875,7983
6895,8026
6897,8047
6950,8022
7022,7946
7181,7898
7247,7771
7396,7657
7559,7574
7773,7465
7968,7372
8190,7250
8330,7142
8448,7024
8462,6890
8562,6735
8649,6723
8693,6669
8711,6631
8776,6590
8724,6583
8626,6635
8572,6698
8479,6779
8486,6861
8370,6954
8273,7090
8147,7274
7978,7426
7855,7555
7680,7626
7489,7762
7292,7897
7195,7947
7090,8030
7022,8049
6921,8105
6873,8076
6833,8098
6858,8141
6905,8068
7018,8018
7120,7841
7235,7807
7414,7676
7610,7599
7767,7435
8007,7378
8244,7263
8415,7137
8605,7035
8722,6948
8883,6862
8864,6782
8974,6735
9067,6712
9053,6705
9061,6699
9046,6687
8864,6740
8775,6770
8506,6806
8263,6893
8095,6966
7928,7070
7793,7171
7650,7254
7476,7377
7337,7535
7224,7634
7115,7747
6989,7942
6897,8063
6872,8101
6873,8198
6882,8318
6913,8364
6951,8368
7013,8342
7090,8288
7182,8174
7287,8111
7412,7929
7535,7766
7694,7658
7878,7496
8081,7376
8253,7182
8465,7027
8641,6935
8763,6835
8893,6759
8984,6700
9123,6677
9257,6664
9231,6717
9281,6796
9294,6904
9170,6977
9023,7121
8946,7270
8749,7350
8503,7436
8321,7572
8135,7663
7898,7795
7720,7859
7477,8023
7261,7990
7150,7967
7051,8036
7012,8076
7031,8147
7014,8189
7050,8121
7091,8150
7188,8087
7275,8038
7351,7953
7391,7790
7585,7652
7841,7599
7944,7471
8049,7257
8269,7155
8455,7021
8576,6944
8625,6878
8765,6786
8981,6731
9013,6728
9003,6739
8987,6742
9024,6774
8838,6872
8761,6959
8650,7044
8549,7147
8378,7274
8277,7497
8097,7707
7915,7843
7774,8023
7629,8214
7429,8381
7331,8502
7172,8621
7071,8721
6952,8728
6841,8661
6856,8722
6917,8745
6906,8675
6994,8552
7048,8441
7025,8352
7183,8195
7398,7984
7479,7875
7583,7755
7773,7529
7925,7418
8114,7307
8291,7215
8483,7129
8640,7010
8764,6962
8877,6851
8952,6760
8944,6691
8913,6673
8894,6628
8911,6615
8850,6676
8726,6736
8612,6831
8439,6882
8275,7024
8118,7163
8013,7245
7742,7399
7541,7472
7379,7545
7185,7569
7075,7691
6988,7784
6911,7775
6896,7822
6895,7834
6976,7898
7044,7880
7144,7874
7296,7800
7419,7756
7608,7674
7839,7595
8123,7515
8412,7407
8578,7241
8871,7144
9088,7041
9230,6927
9426,6827
9607,6721
9725,6667
9808,6600
9820,6554
9797,6519
9718,6530
9535,6559
9462,6606
9296,6703
9140,6788
8970,6893
8743,7058
8505,7222
8174,7374
7919,7557
7707,7740
7372,7895
7238,8054
7063,8208
6954,8319
6869,8433
6855,8397
6850,8514
6877,8505
6904,8451
7033,8355
7095,8320
7212,8279
7349,8178
7551,7993
7686,7820
7887,7664
8049,7540
8193,7414
8409,7263
8571,7134
8760,7010
8882,6904
9101,6831
9175,6737
9194,6688
9146,6654
9079,6702
9055,6709
8980,6741
8925,6854
8765,6949
8672,7160
8469,7329
8300,7518
8099,7731
7911,7917
7729,8114
7571,8175
7411,8350
7251,8460
7143,8516
7071,8606
6996,8672
7007,8758
6983,8755
6985,8808
7059,8722
7132,8610
7240,8599
7399,8501
7564,8339
7703,8234
7866,8185
8056,7997
8298,7908
8615,7688
8842,7541
9103,7388
9305,7236
9400,7099
9537,6990
9756,6914
9860,6807
9981,6787
10052,6731
10034,6798
10009,6823
9985,6908
9851,6970
9791,7104
9628,7240
9439,7320
9147,7469
8858,7608
8549,7760
8334,7936
7956,7968
7725,8088
7545,8256
7356,8397
7193,8486
7133,8501
7113,8511
7146,8505
7187,8444
7239,8487
7341,8417
7509,8412
7705,8370
7899,8232
8148,8104
8382,7960
8687,7810
9110,7636
9491,7581
9841,7462
10199,7304
10502,7170
10922,6999
11373,6942
11679,6907
11779,6890
11885,6896
11721,6956
11354,7023
11131,7168
10920,7300
10443,7417
9988,7616
9488,7801
9081,7986
8849,8215
8493,8422
8205,8612
7966,8864
7763,9169
7608,9383
7531,9523
7453,9454
7444,9539
7554,9646
7573,9782
7676,9762
7827,9581
8034,9443
8265,9273
8613,9123
9019,9048
9335,8935
9613,8808
9926,8530
10349,8322
10685,8047
11058,7824
11077,7581
11160,7300
11069,7058
11127,6913
11032,6789
11023,6717
10812,6724
10664,6801
10630,6971
10441,7154
10371,7487
10133,7782
9853,8139
9571,8498
9211,8745
8968,8964
8718,9220
8545,9454
8298,9670
8140,9751
8044,9828
7888,9888
7737,9957
7726,9913
7682,9926
7734,9963
7786,9887
7973,9786
8204,9657
8491,9568
8769,9464
9133,9232
9342,8961
9754,8682
9821,8147
10579,8257
11026,8068
11163,7762
11298,7626
11387,7567
11500,7461
11428,7317
11399,7330
11190,7331
11019,7351
10720,7345
10466,7360
10162,7431
9941,7542
9495,7639
9169,7802
8860,8020
8535,8219
8263,8339
7978,8439
7765,8670
7565,8890
7399,9138
7321,9323
7288,9360
7303,9477
7393,9482
7455,9603
7563,9721
7646,9745
7761,9729
7938,9575
8134,9426
8407,9171
8706,8953
8969,8746
9262,8527
9426,8167
9609,7932
9837,7739
9931,7446
9845,7280
9894,7177
10063,7066
10131,7074
10048,7079
10026,7157
9910,7261
9791,7416
9441,7565
8965,7776
8555,7952
8128,8249
7775,8481
7578,8687
7233,8833
7031,8957
6834,9187
6656,9311
6450,9501
6347,9642
6247,9727
6213,9689
6174,9543
6175,9580
6162,9443
6167,9335
6158,9251
6159,9087
6159,8844
6156,8669
6149,8553
6143,8333
6149,8203
6150,8066
6152,7885
6148,7718
6150,7534
6144,7366
6143,7308
6127,7212
6125,7055
6125,7034
6126,7022
6132,7079
6125,7230
6125,7385
6124,7629
6126,7874
6123,8106
6123,8311
6123,8523
6120,8689
6126,8845
6122,8902
6123,8886
6118,8751
6117,8723
6117,8601
6104,8449
6118,8294
6113,8079
6114,7980
6109,7864
6110,7783
6117,7505
6127,7240
6119,7085
6111,6993
6123,6834
6113,6620
6117,6477
6117,6357
6108,6275
6117,6211
6116,6200
6118,6189
6110,6181
6111,6176
6118,6172
6104,6178
6109,6178
6110,6163
6110,6158
6114,6188
6108,6168
6104,6187
6098,6163
6111,6176
6108,6185
6106,6164
6106,6126
6106,6104
6096,6075
6102,6076
6100,6074
6111,6071
6111,6061
6099,6065
6107,6080
6114,6081
6115,6070
6107,6074
6107,6067
6107,6066
6093,6069
6109,6037
6106,6068
6104,6066
6104,6051
6109,6059
6107,6067
6110,6050
6102,6076
6111,6069
6107,6053
6107,6067
6109,6057
6100,6064
6102,6054
6106,6050
6108,6054
6108,6069
6108,6052
6114,6060
6112,6061
6108,6066
6108,6062
6109,6053
6110,6050
6114,6057
6097,6042
6106,6056
6106,6047
6116,6062
6114,6059
6118,6056
6102,6044
6114,6055
6114,6044
6116,6035
6120,6049
6114,6058
6105,6067
6112,6046
6100,6050
6108,6048
6102,6052
6100,6054
6103,6049
6102,6045
6112,6047
6108,6042
6101,6050
6110,6043
6105,6040
6108,6054
6103,6050
6110,6049
6107,6052
6113,6050
6107,6055
6108,6062
6105,6046
6108,6051
6104,6052
6108,6049
6112,6040
6107,6061
6107,6051
6119,6054
6105,6043
6110,6046
6105,6045
6108,6055
6114,6045
6114,6047
6111,6060
6104,6054
6100,6051
6110,6040
6098,6045
6099,6047
6113,6051
6112,6054
6103,6050
6104,6047
6105,6056
6102,6045
6102,6046
6104,6058
6102,6042
6097,6053
6104,6056
6108,6041
6104,6051
6106,6056
6104,6052
6102,6053
6113,6048
6109,6054
6101,6052
6096,6049
6101,6044
6111,6053
6099,6052
6108,6054
6103,6041
6104,6058
6103,6058
6113,6052
6101,6049
6109,6046
6101,6045
6110,6054
6111,6050
6093,6055
6100,6054
6094,6061
6112,6053
6109,6037
6111,6047
6099,6050
6104,6049
6110,6043
6124,6040
6106,6042
6126,6060
5993,5952
6042,5984
6080,6029
6134,6087
6071,6019
6086,6044
6096,6038
6107,6044
6104,6058
6110,6037
6108,6048
6106,6032
6095,6055
6098,6065
6097,6049
6099,6037
6108,6055
6117,6062
6107,6040
6098,6043
6113,6051
6098,6055
6104,6066
6113,6037
6113,6051
6102,6048
6101,6043
6101,6053
6107,6048
6102,6054
6110,6046
6098,6049
6096,6057
6102,6059
6095,6037
6113,6049
6101,6052
6096,6048
6098,6047
6099,6038
6089,6051
6099,6045
6104,6038
6107,6052
6104,6048
6104,6054
6106,6050
6096,6038
6114,6036
6109,6055
6107,6046
6096,6044
6090,6040
6103,6046
6101,6053
6106,6040
6098,6048
6093,6050
6097,6050
6103,6058
6099,6058
6089,6054
6100,6042
6094,6037
6101,6058
6097,6037
6103,6043
6102,6046
6095,6048
6103,6046
6097,6043
6097,6040
6104,6036
6103,6032
6098,6055
6094,6035
6095,6043
6099,6046
6096,6054
6104,6050
6097,6063
6094,6053
6098,6052
6096,6047
6096,6047
6098,6045
6093,6040
6095,6056
6093,6046
6107,6046
6099,6056
6099,6042
6101,6045
6104,6050
6101,6050
6109,6043
6092,6050
6100,6054
6106,6065
6099,6053
6098,6042
6107,6044
6104,6045
6101,6048
6098,6051
6105,6056
6102,6051
6106,6043
6098,6049
6103,6043
6106,6046
6109,6044
6106,6050
6109,6062
6113,6046
6104,6041
6107,6049
6103,6045
6106,6050
6105,6053
6097,6055
6099,6053
6101,6043
6108,6042
6111,6063
6103,6044
6110,6053
6102,6067
6107,6058
6105,6044
6114,6047
6115,6053
6111,6042
6112,6056
6112,6064
6102,6049
6113,6052
6108,6057
6103,6052
6103,6055
6110,6063
6113,6063
6103,6048
6104,6056
6106,6040
6099,6056
6102,6051
6109,6055
6103,6062
6107,6049
6112,6059
6104,6048
6107,6054
6099,6054
6107,6056
6108,6040
6099,6038
6089,6053
6101,6051
6105,6058
6103,6054
6088,6053
6097,6057
6107,6050
6106,6061
6107,6050
6101,6041
6106,6039
6108,6058
6097,6053
6101,6052
6105,6047
6104,6055
6104,6063
6102,6055
6103,6053
6098,6059
6097,6058
6099,6040
6099,6047
6095,6045
6104,6045
6101,6047
6108,6048
6113,6058
6101,6043
6098,6055
6098,6047
6108,6036
6100,6055
6105,6055
6106,6048
6108,6042
6100,6038
6104,6053
6107,6038
6098,6050
6102,6044
6104,6054
6107,6052
6097,6045
6101,6058
6125,6060
6114,6058
6110,6059
6101,6054
6102,6053
6110,6068
6111,6049
6110,6054
6118,6053
6108,6039
6100,6058
6112,6048
6111,6041
6114,6049
6103,6037
6104,6057
6108,6056
6106,6058
6115,6056
6111,6038
6118,6057
6113,6057
6120,6049
6121,6054
6114,6042
6115,6066
6117,6050
6117,6049
6115,6051
6116,6044
6109,6062
6109,6052
6118,6029
6114,6042
6122,6052
6115,6055
6111,6049
6102,6054
6116,6066
6105,6056
6104,6053
6109,6049
6107,6045
6108,6061
6113,6047
6113,6048
6108,6045
6098,6051
6107,6045
6108,6053
6107,6049
6113,6058
6108,6054
6104,6059
6111,6047
6102,6053
6112,6050
6115,6044
6115,6060
6103,6057
6102,6049
6099,6061
6107,6067
6107,6052
6107,6047
6105,6054
6109,6059
5956,5981
6034,5963
6106,5957
6053,5996
6019,5967
6063,5991
6098,6020
6138,6073
6116,6049
6113,6052
6113,6048
6115,6063
6110,6059
6110,6063
6108,6048
6111,6054
6119,6044
6112,6048
6121,6050
6117,6057
6104,6056
6115,6049
6102,6067
6109,6062
6113,6049
6118,6050
6109,6063
6120,6057
6114,6052
6110,6052
6102,6053
6106,6036
6113,6054
6107,6057
6110,6050
6102,6055
6124,6065
6114,6061
6108,6051
6117,6056
6119,6049
6111,6057
6115,6057
6108,6052
6110,6069
6115,6063
6117,6056
6114,6045
6102,6047
6116,6053
6122,6057
6106,6059
6113,6053
6110,6055
6118,6051
6117,6045
6110,6059
6124,6058
6121,6047
6112,6057
6103,6055
6116,6049
6110,6061
6118,6069
6109,6058
6110,6046
6118,6064
6119,6064
6113,6045
6126,6056
6120,6056
6107,6062
6118,6050
6118,6050
6117,6060
6119,6059
6112,6058
6112,6055
6114,6052
6118,6055
6118,6055
6117,6057
6114,6056
6115,6054
6107,6060
6105,6056
6113,6060
6116,6054
6108,6058
6108,6062
6118,6049
6114,6052
6112,6061
6107,6064
6117,6058
6117,6058
6115,6058
6107,6053
6114,6052
6117,6057
6118,6058
6123,6058
6116,6056
6120,6063
6122,6062
6113,6063
6120,6059
6115,6052
6112,6055
6115,6054
6114,6063
6109,6053
6112,6061
6114,6049
6112,6057
6111,6062
6117,6047
6117,6047
6113,6056
6112,6063
6110,6069
6109,6062
6115,6048
6114,6055
6106,6062
6114,6058
6113,6055
6115,6049
6116,6054
6115,6061
6112,6059
6117,6050
6123,6066
6110,6060
6114,6063
6110,6059
6114,6045
6115,6060
6117,6056
6117,6056
6107,6055
6109,6053
6119,6059
6118,6060
6121,6063
6116,6057
6111,6066
6112,6062
6111,6061
6112,6050
6121,6054
6116,6057
6115,6066
6120,6054
6116,6051
6116,6056
0,28
0,61680
0,0
6111,6058
5607,5579
5593,5575
5597,5562
5602,5575
5604,5574
5599,5570
5602,5568
5597,5571
5814,5761
6329,6300
6282,6316
6315,6303
6300,6298
6285,6323
6296,6283
6281,6308
6285,6322
6293,6301
6301,6319
6301,6329
6316,6319
6289,6340
6287,6336
6298,6330
6305,6324
6304,6348
6291,6337
6305,6340
6314,6319
6312,6304
6289,6333
6284,6322
6288,6314
6283,6311
6275,6327
6286,6312
6279,6327
6300,6365
6304,6379
6295,6335
6283,6331
6267,6335
6280,6343
6282,6361
6285,6333
6296,6321
6303,6345
6290,6329
6287,6334
6292,6329
6275,6352
6282,6368
6308,6326
6301,6351
6305,6362
6288,6342
6301,6330
6320,6359
6306,6354
6313,6337
6302,6331
6270,6318
6291,6280
6263,6309
6312,6325
6316,6345
6289,6355
6324,6337
6315,6323
6306,6344
6289,6336
6291,6312
6295,6342
6294,6325
6294,6311
6287,6325
6285,6324
6313,6303
6302,6323
6312,6322
6295,6342
6295,6346
6315,6331
6298,6311
6288,6328
6280,6326
6279,6349
6291,6372
6268,6316
6276,6321
6297,6334
6291,6345
6308,6353
6307,6362
6319,6361
6283,6355
6279,6348
6284,6338
6286,6337
6303,6344
6304,6314
6285,6316
6295,6308
6284,6318
6277,6328
6251,6323
6292,6341
6293,6313
6305,6339
6304,6346
6267,6346
6273,6352
6294,6337
6292,6350
6287,6356
6302,6319
6299,6330
6287,6337
6281,6295
6279,6328
6296,6371
6301,6363
6297,6343
6300,6339
6298,6353
6297,6363
6299,6348
6281,6341
6289,6311
6296,6345
6284,6342
6293,6351
6290,6356
6285,6338
6294,6339
6313,6325
6295,6329
6288,6328
6283,6343
6300,6346
6292,6345
6290,6342
6285,6354
6263,6336
6295,6342
6298,6358
6294,6336
6279,6339
6291,6324
6286,6325
6297,6349
6297,6328
6302,6331
6296,6342
6293,6338
6299,6354
6276,6352
6281,6340
6296,6340
6273,6326
6281,6335
6272,6350
6292,6358
6297,6358
6280,6356
6293,6344
6296,6353
6271,6335
6259,6353
6267,6336
6268,6339
6270,6337
6272,6356
6276,6340
6292,6342
6289,6364
6294,6345
6273,6368
6271,6366
6277,6352
6275,6356
6284,6324
6291,6311
6272,6327
6289,6336
6291,6314
6288,6327
6286,6366
6270,6360
6286,6386
6288,6387
6271,6356
6273,6366
6274,6368
6281,6366
6265,6362
6279,6367
6274,6351
6274,6344
6269,6347
6276,6371
6268,6388
6268,6345
6271,6347
6271,6383
6270,6390
6263,6358
6266,6372
6238,6379
6249,6378
6268,6369
6281,6354
6293,6398
6275,6353
6268,6382
6278,6356
6258,6387
6264,6381
6252,6375
6273,6386
6264,6358
6275,6356
6265,6374
6244,6379
6259,6368
6261,6377
6253,6388
6270,6395
6281,6372
6265,6377
6263,6382
6250,6356
6269,6370
6249,6362
6258,6360
6243,6388
6264,6384
6249,6387
6253,6366
6249,6395
6276,6391
6255,6375
6248,6404
6251,6415
6266,6429
6251,6394
6260,6403
6256,6382
6269,6398
6265,6392
6251,6353
6249,6383
6260,6381
6258,6376
6260,6402
6265,6421
6281,6409
6253,6402
6252,6387
6241,6378
6214,6337
6221,6370
6316,6447
6211,6336
6221,6325
6218,6324
6265,6383
6246,6359
6248,6360
6236,6386
6244,6407
6246,6390
6235,6389
6244,6377
6241,6381
6257,6409
6257,6392
6250,6396
6250,6408
6253,6388
6247,6393
6257,6399
6239,6409
6256,6378
6247,6381
6253,6418
6248,6383
6250,6377
6240,6398
6249,6379
6242,6399
6239,6370
6252,6369
6250,6371
6235,6368
6236,6423
6237,6383
6224,6399
6234,6389
6236,6371
6225,6398
6265,6393
6237,6388
6234,6373
6241,6394
6247,6413
6228,6360
6223,6368
6236,6376
6229,6376
6235,6351
6242,6339
6233,6350
6253,6363
6256,6366
6249,6403
6232,6402
6236,6406
6222,6434
6246,6419
6237,6427
6237,6409
6230,6417
6226,6385
6221,6380
6227,6385
6237,6391
6240,6400
6229,6409
6244,6400
6240,6400
6227,6400
6222,6407
6238,6392
6226,6377
6247,6398
6227,6379
6242,6379
6225,6361
6229,6360
6242,6396
6238,6400
6233,6410
6216,6380
6232,6394
6235,6422
6218,6377
6236,6373
6211,6360
6234,6357
6222,6390
6218,6347
6228,6378
6233,6398
6248,6401
6233,6383
6215,6410
6230,6403
6237,6411
6230,6407
6238,6390
6228,6375
6235,6397
6222,6379
6227,6385
6225,6417
6238,6413
6225,6409
6240,6429
6226,6414
6245,6379
6220,6414
6222,6402
6225,6435
6218,6390
6218,6396
6224,6422
6233,6394
6220,6430
6233,6425
6210,6409
6218,6437
6220,6410
6218,6443
6219,6441
6216,6421
6236,6406
6209,6422
6219,6417
6223,6397
6215,6369
6223,6410
6226,6406
6228,6416
6218,6411
6223,6406
6216,6384
6222,6379
6225,6381
6212,6384
6224,6401
6230,6402
6220,6414
6229,6405
6225,6410
6219,6445
6231,6382
6211,6420
6221,6421
6214,6445
6210,6426
6215,6388
6218,6421
6226,6431
6233,6407
6221,6383
6201,6360
6210,6372
6222,6346
6237,6380
6227,6357
6215,6356
6222,6363
6221,6351
6230,6389
6230,6391
6223,6379
6211,6400
6238,6394
6224,6396
6211,6404
6223,6387
6210,6406
6210,6390
6223,6421
6221,6443
6222,6447
6206,6440
6220,6444
6210,6445
6210,6439
6216,6436
6210,6430
6210,6408
6231,6404
6219,6418
6216,6412
6204,6408
6215,6417
6214,6425
6220,6385
6218,6393
6206,6421
6221,6430
6211,6421
6214,6416
6222,6443
6210,6409
6215,6399
6214,6398
6229,6393
6214,6398
6218,6407
6201,6432
6223,6405
6219,6388
6211,6385
6215,6381
6226,6379
6230,6350
6230,6364
6217,6356
6226,6382
6234,6389
6209,6390
6211,6409
6221,6419
6221,6390
6202,6413
6214,6384
6221,6379
6211,6386
6216,6390
6212,6380
6214,6384
6210,6385
6215,6343
6211,6368
6227,6362
6220,6354
6232,6380
6239,6386
6225,6372
6226,6364
6210,6396
6222,6419
6236,6403
6226,6394
6227,6385
6219,6371
6224,6384
6229,6385
6219,6380
6217,6357
6224,6378
6233,6380
6236,6400
6228,6396
6230,6389
6216,6378
6220,6377
6216,6393
6224,6377
6212,6368
6235,6388
6228,6392
6221,6383
6219,6371
6209,6355
6232,6377
6236,6349
6223,6346
6217,6376
6225,6351
6215,6381
6221,6404
6227,6384
6228,6373
6371,6496
6457,6318
6118,6442
6197,6430
6255,6397
6225,6374
6273,6371
6224,6343
6216,6366
6221,6355
6224,6349
6226,6354
6233,6353
6229,6360
6231,6349
6222,6358
6224,6329
6225,6359
6225,6346
6222,6353
6235,6341
6225,6345
6234,6367
6224,6372
6227,6340
6223,6341
6236,6366
6230,6348
6229,6355
6214,6344
6236,6358
6232,6354
6227,6370
6235,6370
6222,6359
6232,6358
6231,6370
6220,6345
6217,6370
6217,6382
6216,6360
6232,6354
6226,6354
6245,6351
6237,6324
6230,6331
6237,6311
6232,6325
6232,6320
6227,6338
6228,6346
6236,6354
6232,6324
6249,6323
6236,6313
6224,6328
6234,6338
6209,6333
6224,6335
6231,6324
6217,6335
6218,6334
6223,6328
6221,6339
6220,6317
6215,6347
6228,6349
6217,6324
6215,6347
6224,6355
6229,6366
6232,6341
6237,6330
6220,6318
6225,6342
6211,6321
6210,6334
6230,6353
6233,6350
6222,6334
6227,6346
6226,6350
6220,6325
6211,6328
6235,6367
6234,6338
6229,6354
6237,6364
6222,6346
6223,6325
6223,6338
6230,6343
6239,6354
6227,6364
6245,6366
6244,6352
6244,6354
6239,6335
6237,6334
6223,6331
6226,6332
6233,6329
6248,6345
6228,6358
6247,6332
6259,6349
6257,6337
6255,6353
6264,6346
6286,6346
6294,6350
6337,6366
6349,6369
6381,6354
6417,6328
6444,6325
6494,6340
6551,6340
6604,6334
6655,6332
6737,6300
6776,6343
6870,6337
6937,6330
7010,6334
7035,6331
7072,6362
7122,6351
7122,6337
7116,6331
7124,6331
7052,6322
7052,6332
7028,6331
6988,6325
6984,6308
6949,6325
6995,6341
6958,6360
6984,6329
6911,6356
6922,6353
6879,6331
6875,6369
6866,6365
6873,6324
6923,6310
7020,6347
7126,6366
7251,6344
7363,6355
7514,6383
7713,6362
7813,6366
7922,6393
8078,6395
8289,6403
8435,6444
8462,6448
8521,6458
8598,6500
8527,6510
8476,6515
8387,6544
8229,6558
8071,6580
7983,6615
7838,6638
7730,6680
7623,6748
7458,6796
7285,6933
7138,6978
7043,7061
6985,7141
6880,7184
6830,7227
6819,7298
6856,7336
6899,7383
7002,7479
7129,7512
7262,7504
7454,7512
7673,7510
7924,7487
8162,7519
8409,7451
8674,7409
8939,7351
9120,7256
9241,7158
9322,7092
9460,7007
9573,6974
9592,6862
9513,6839
9470,6783
9275,6811
9043,6790
8862,6807
8741,6826
8601,6889
8383,6975
8236,7101
8046,7199
7847,7313
7786,7441
7657,7576
7521,7707
7394,7905
7288,7970
7219,8092
7231,8189
7237,8256
7357,8200
7414,8224
7581,8244
7739,8239
7984,8185
8222,8130
8423,8077
8636,7988
8907,7878
9105,7735
9302,7654
9493,7477
9544,7412
9622,7312
9727,7215
9869,7147
9914,7063
9860,7011
9769,7023
9673,7001
9320,7034
9107,7102
8964,7232
8772,7325
8415,7438
8184,7555
7982,7685
7720,7835
7540,7975
7371,8135
7168,8275
7060,8354
6972,8417
6925,8523
6956,8649
7015,8753
7130,8801
7317,8938
7474,8889
7659,8783
7877,8675
8083,8562
8248,8456
8484,8271
8683,8093
8757,7976
8877,7872
9062,7730
9282,7509
9425,7377
9549,7209
9689,7119
9876,7059
9892,7032
9895,7015
9935,6986
9819,7145
9731,7262
9586,7345
9337,7499
9157,7662
8952,7839
8728,8018
8479,8171
8219,8280
7944,8435
7775,8584
7647,8725
7451,8853
7358,8976
7286,8999
7281,9022
7296,9070
7328,9064
7351,9048
7374,8898
7473,8762
7630,8643
7752,8406
7927,8244
8078,8108
8311,8020
8602,7842
8840,7733
8980,7623
9184,7514
9276,7414
9352,7246
9390,7163
9443,7123
9365,7021
9358,7017
9233,6950
9119,6937
9072,6956
8945,6981
8873,7001
8619,7065
8475,7190
8341,7345
8215,7493
8032,7655
7829,7871
7691,8066
7532,8205
7340,8334
7193,8412
7031,8429
6920,8368
6882,8311
6832,8252
6884,8238
6961,8188
7093,8154
7286,8086
7467,8045
7696,7930
7907,7893
8165,7731
8418,7610
8617,7479
8776,7380
8988,7251
9185,7126
9260,6991
9318,6897
9337,6896
9324,6851
9316,6858
9269,6878
9192,6981
8995,7078
8827,7149
8641,7229
8438,7365
8267,7489
8046,7636
7882,7743
7732,7904
7609,8041
7458,8215
7346,8273
7209,8369
7124,8538
7048,8685
6992,8785
6919,8901
6881,9001
6882,9085
6867,9145
6921,9132
7008,9053
7152,8923
7342,8809
7539,8635
7756,8485
7979,8242
8240,8030
8508,7757
8820,7545
9048,7331
9106,7183
9234,6989
9294,6885
9302,6762
9300,6704
9240,6712
9235,6756
9163,6824
9027,6943
8881,7034
8723,7162
8515,7240
8283,7353
8115,7493
7883,7581
7736,7679
7580,7822
7440,7952
7315,8110
7187,8260
7073,8478
7003,8639
6960,8671
6919,8736
6903,8831
6898,8859
6893,8943
6964,8933
7030,8962
7138,8803
7219,8668
7341,8549
7510,8406
7678,8207
7846,7997
8043,7804
8259,7569
8458,7325
8665,7169
8874,7010
8989,6905
9155,6796
9209,6742
9279,6710
9336,6701
9373,6762
9233,6797
9128,6855
8907,6963
8714,7067
8484,7174
8294,7287
8056,7431
7879,7519
7671,7599
7489,7723
7391,7773
7272,7864
7150,7913
7047,7982
7006,8015
6911,7982
6873,8040
6889,8012
6911,8007
6954,8016
7035,7979
7159,7890
7254,7739
7434,7648
7594,7551
7794,7504
7935,7376
8160,7262
8327,7152
8433,6980
8536,6851
8550,6773
8637,6690
8697,6671
8760,6599
8785,6590
8698,6602
8654,6628
8581,6677
8500,6770
8480,6842
8345,6977
8307,7108
8138,7257
7987,7426
7847,7559
7656,7691
7491,7799
7321,7897
7178,8010
7101,8020
6989,8042
6905,8069
6879,8061
6855,8072
6851,8122
6910,8071
7013,8014
7135,7876
7261,7801
7409,7726
7621,7564
7778,7458
8005,7378
8298,7245
8410,7135
8582,7055
8698,6953
8844,6849
8908,6754
8935,6730
9047,6695
9067,6690
9048,6697
9026,6691
8851,6733
8720,6799
8507,6821
8297,6881
8096,6953
7937,7059
7774,7146
7621,7278
7518,7352
7320,7486
7200,7667
7138,7787
6992,7919
6898,8034
6873,8095
6894,8219
6888,8293
6881,8391
6944,8322
7003,8330
7082,8297
7173,8202
7287,8097
7428,7932
7542,7791
7718,7608
7894,7494
8051,7370
8324,7184
8489,7042
8627,6939
8766,6831
8899,6764
9015,6686
9134,6686
9169,6671
9238,6730
9304,6816
9287,6895
9078,6966
9220,7325
8882,7256
8815,7405
8415,7466
8335,7604
8094,7689
7913,7812
7745,7888
7450,8012
7273,7997
7143,8012
7042,8013
7008,8109
7005,8131
6999,8202
7033,8144
7112,8152
7167,8080
7263,8047
7346,7926
7418,7819
7599,7672
7736,7549
7899,7433
8079,7255
8282,7150
8436,7065
8577,6937
8642,6857
8754,6815
8909,6742
9016,6711
9015,6707
9007,6740
9024,6780
8834,6814
8839,6935
8660,7056
8513,7157
8347,7284
8215,7464
8088,7672
7946,7852
7751,8001
7636,8225
7450,8391
7317,8479
7193,8642
7068,8746
6976,8743
6871,8681
6882,8670
6916,8715
6897,8677
7003,8523
7040,8434
7025,8361
7208,8174
7368,7990
7509,7887
7625,7769
7748,7558
7910,7427
8092,7263
8297,7196
8487,7108
8628,7027
8777,6923
8880,6843
8952,6770
8986,6689
9016,6641
8866,6637
8926,6623
8812,6643
8764,6735
8622,6838
8386,6898
8247,7010
8148,7196
7966,7260
7752,7387
7594,7475
7403,7549
7193,7581
7053,7699
6959,7794
6930,7820
6894,7792
6884,7865
6965,7878
7045,7856
7130,7829
7296,7798
7460,7736
7575,7654
7845,7600
8110,7488
8380,7404
8564,7253
8855,7141
9072,7005
9221,6939
9436,6838
9642,6746
9729,6644
9904,6608
9859,6566
9770,6539
9705,6535
9557,6562
9489,6632
9324,6708
9148,6797
8899,6898
8736,7074
8473,7216
8153,7386
7885,7580
7700,7791
7425,7887
7223,8046
7062,8267
6976,8353
6888,8419
6852,8429
6822,8462
6870,8506
6892,8449
6998,8376
7089,8352
7236,8280
7370,8145
7557,8023
7714,7821
7875,7668
8043,7541
8237,7412
8368,7266
8569,7128
8709,6995
8926,6897
9123,6846
9115,6753
9187,6697
9167,6669
9121,6681
9103,6718
8980,6733
8910,6840
8760,6974
8704,7146
8512,7338
8279,7536
8150,7683
7901,7921
7689,8108
7584,8190
7413,8298
7262,8435
7151,8488
7052,8599
7001,8680
7005,8772
7006,8752
6992,8762
7043,8712
7122,8614
7215,8620
7388,8527
7562,8331
7681,8179
7843,8119
8044,7992
8296,7897
8597,7690
8854,7554
9105,7385
9274,7210
9348,7095
9538,6970
9778,6909
9898,6813
9996,6783
10017,6749
9996,6796
10006,6799
9973,6901
9867,6971
9828,7087
9681,7216
9433,7327
9161,7450
8903,7633
8578,7746
8320,7871
7973,7992
7709,8063
7541,8255
7386,8405
7203,8463
7134,8536
7111,8478
7130,8474
7221,8483
7251,8453
7355,8412
7509,8416
7680,8376
7920,8218
8163,8106
8342,7948
8667,7812
9047,7638
9484,7572
9831,7445
10186,7277
10511,7139
10911,7023
11361,6918
11648,6903
11840,6898
11771,6901
11723,6962
11425,7021
11190,7162
10968,7277
10505,7412
9983,7565
9494,7753
9151,7967
8808,8183
8506,8411
8194,8578
7954,8887
7776,9183
7657,9360
7510,9468
7443,9476
7483,9529
7520,9661
7588,9776
7681,9704
7831,9596
8017,9457
8266,9210
8643,9108
9024,9043
9302,9005
9632,8815
9922,8566
10314,8296
10732,8054
10968,7791
11035,7572
11135,7280
11096,7087
11083,6918
11059,6790
11029,6714
10826,6711
10681,6797
10620,6962
10455,7174
10400,7444
10125,7789
9860,8119
9591,8482
9204,8768
8995,9008
8807,9310
8544,9436
8312,9640
8140,9706
8051,9820
7936,9942
7768,9936
7722,9881
7650,9893
7732,9967
7785,9890
7954,9878
8175,9667
8457,9560
8822,9388
9129,9224
9358,8942
9728,8725
10129,8385
10524,8180
10894,7920
11216,7771
11319,7650
11317,7539
11493,7427
11523,7343
11370,7327
11222,7331
11089,7290
10749,7350
10452,7387
10165,7452
9866,7556
9501,7671
9164,7807
8862,8003
8489,8154
8285,8310
8006,8448
7744,8664
7549,8905
7446,9142
7336,9316
7299,9408
7343,9457
7418,9494
7501,9560
7567,9696
7619,9747
7753,9706
7929,9575
8132,9375
8449,9170
8680,8935
8932,8759
9223,8480
9379,8158
9600,7918
9866,7720
9922,7470
9912,7284
10013,7155
10089,7091
10121,7069
10026,7106
10047,7143
9908,7237
9823,7401
9350,7561
8954,7763
8591,7992
8187,8248
7787,8471
7567,8638
7257,8890
7048,8986
6833,9187
6646,9324
6462,9434
6340,9584
6259,9695
6218,9660
6182,9546
6179,9546
6167,9448
6186,9318
6159,9252
6163,9073
6156,8827
6159,8733
6146,8568
6159,8338
6151,8240
6150,8022
6143,7861
6146,7709
6145,7496
6138,7328
6140,7307
6123,7181
6121,7061
6135,7019
6118,7036
6132,7101
6125,7197
6127,7378
6128,7621
6126,7858
6130,8094
6133,8312
6124,8542
6124,8680
6134,8842
6119,8882
6124,8867
6114,8843
6120,8714
6126,8606
6120,8495
6124,8312
6118,8090
6126,7974
6114,7903
6116,7773
6121,7502
6120,7254
6121,7077
6123,6991
6123,6860
6124,6610
6119,6470
6108,6379
6114,6278
6119,6225
6114,6198
6110,6187
6113,6166
6102,6183
6112,6170
6110,6180
6109,6171
6110,6170
6108,6159
6120,6159
6109,6166
6105,6169
6114,6173
6113,6186
6104,6162
6104,6158
6103,6141
6114,6102
6104,6085
6097,6055
6108,6070
6107,6076
6113,6077
6096,6050
6109,6081
6114,6078
6105,6072
6106,6080
6105,6058
6109,6069
6091,6048
6106,6070
6116,6055
6103,6064
6103,6079
6107,6061
6103,6063
6103,6048
6101,6059
6110,6068
6112,6055
6107,6076
6103,6050
6103,6071
6113,6055
6111,6058
6104,6060
6104,6060
6109,6064
6112,6055
6112,6055
6113,6057
6110,6064
6105,6061
6117,6059
6126,6070
6112,6056
6109,6061
6102,6067
6112,6057
6105,6070
6114,6058
6102,6050
6119,6063
6115,6057
6107,6061
6110,6060
6112,6060
6110,6064
6118,6054
6102,6057
6114,6049
6120,6058
6110,6050
6103,6058
6104,6046
6110,6047
6111,6046
6104,6048
6110,6051
6103,6055
6114,6039
6113,6048
6113,6039
6109,6063
6120,6034
6106,6048
6112,6055
6110,6055
6119,6056
6109,6044
6115,6040
6116,6055
6111,6048
6111,6043
6113,6035
6107,6044
6116,6045
6115,6052
6114,6056
6114,6038
6114,6063
6116,6055
6114,6051
6109,6051
6115,6048
6107,6034
6106,6054
6114,6054
6112,6051
6103,6049
6108,6060
6103,6059
6110,6048
6106,6037
6107,6048
6111,6044
6105,6051
6110,6100
6112,6051
6114,6054
6103,6049
6099,6056
6102,6053
6114,6046
6111,6052
6106,6058
6099,6051
6102,6041
6103,6051
6106,6053
6108,6043
6104,6056
6146,6208
6163,6140
6106,6028
6267,6191
6060,5990
6101,6050
6127,6045
6087,6003
6070,6025
6106,6054
6092,6038
6119,6046
6106,6029
6104,6050
6099,6056
6099,6042
6116,6036
6123,6067
6107,6043
6114,6056
6099,6034
6093,6050
6107,6054
6104,6050
6104,6050
6105,6044
6097,6055
6105,6051
6113,6059
6105,6045
6105,6039
6110,6045
6102,6051
6108,6051
6104,6054
6101,6047
6101,6050
6112,6044
6110,6040
6098,6049
6105,6056
6101,6038
6106,6048
6112,6046
6110,6055
6107,6039
6101,6044
6108,6081
6102,6058
6099,6054
6108,6041
6105,6049
6103,6064
6109,6040
6101,6046
6111,6050
6099,6034
6106,6053
6110,6047
6102,6044
6105,6052
6098,6052
6110,6055
6112,6036
6117,6047
6106,6047
6111,6050
6100,6034
6103,6046
6110,6045
6106,6052
6096,6041
6097,6034
6104,6043
6097,6037
6101,6041
6102,6044
6104,6053
6093,6056
6102,6062
6098,6049
6090,6047
6102,6038
6104,6056
6099,6045
6093,6045
6102,6066
6107,6050
6103,6045
6102,6049
6083,6060
6099,6049
6097,6053
6104,6042
6094,6055
6089,6042
6103,6060
6105,6048
6100,6046
6111,6053
6103,6051
6094,6049
6101,6052
6091,6049
6097,6065
6102,6052
6093,6055
6101,6054
6105,6047
6107,6053
6099,6054
6087,6053
6103,6055
6100,6052
6098,6036
6106,6047
6101,6051
6103,6052
6112,6043
6099,6058
6107,6045
6107,6048
6104,6041
6102,6048
6102,6035
6109,6055
6105,6061
6109,6055
6099,6051
6097,6048
6105,6057
6108,6042
6109,6057
6114,6063
6114,6056
6102,6053
6109,6045
6107,6045
6108,6056
6098,6060
6102,6063
6111,6054
6108,6042
6104,6053
6116,6045
6105,6050
6112,6058
6106,6045
6106,6062
6108,6049
6108,6069
6121,6055
6106,6055
6117,6047
6119,6064
6104,6057
6115,6042
6114,6062
6101,6055
6104,6056
6106,6062
6107,6053
6106,6055
6107,6051
6106,6056
6101,6046
6095,6053
6116,6049
6105,6041
6107,6051
6109,6053
6107,6046
6104,6055
6100,6059
6106,6059
6101,6054
6105,6044
6092,6026
6111,6054
6106,6050
6105,6057
6104,6041
6107,6046
6103,6046
6106,6059
6111,6034
6109,6046
6110,6048
6107,6048
6093,6063
6100,6044
6106,6050
6103,6052
6108,6052
6104,6048
6102,6034
6098,6047
6108,6052
6093,6052
6101,6054
6108,6057
6112,6048
6097,6045
6107,6041
6112,6053
6103,6051
6094,6048
6096,6048
6112,6052
6097,6052
6104,6045
6099,6047
6097,6059
6104,6046
6098,6049
6104,6045
6106,6047
6110,6046
6113,6063
6104,6061
6101,6049
6098,6054
6105,6063
6107,6051
6111,6042
6094,6046
6096,6058
6107,6050
6116,6043
6111,6042
6109,6062
6098,6044
6114,6037
6102,6055
6109,6049
6106,6055
6103,6055
6106,6048
6108,6054
6104,6058
6111,6049
6112,6043
6122,6053
6114,6060
6122,6050
6115,6047
6111,6053
6121,6043
6121,6061
6121,6055
6114,6047
6107,6041
6108,6056
6116,6030
6115,6047
6117,6041
6120,6060
6116,6053
6123,6046
6108,6045
6114,6046
6103,6061
6113,6035
6112,6045
6105,6050
6119,6058
6110,6029
6141,6063
6108,6045
6067,5949
5966,5951
6092,6043
6087,6019
6101,6044
6115,6047
6103,6056
6113,6054
6112,6053
6125,6051
6122,6062
6113,6052
6108,6057
6111,6054
6101,6059
6112,6053
6107,6050
6111,6042
6120,6031
6112,6059
6109,6060
6111,6059
6106,6042
6106,6048
6096,6036
6115,6055
6114,6042
6116,6062
6105,6046
6115,6043
6114,6042
6122,6054
6108,6050
6123,6048
6110,6051
6112,6049
6115,6041
6112,6047
6122,6048
6113,6054
6097,6051
6110,6047
6110,6051
6110,6058
6115,6058
6118,6054
6099,6051
6105,6054
6113,6047
6114,6056
6110,6050
6098,6042
6115,6051
6118,6047
6114,6078
6113,6040
6102,6065
6104,6058
6098,6054
6111,6058
6122,6052
6112,6056
6120,6047
6112,6059
6117,6053
6116,6056
6119,6060
6117,6048
6102,6046
6115,6032
6123,6056
6107,6066
6110,6049
6108,6055
6112,6051
6116,6046
6109,6059
6123,6044
6120,6049
6121,6054
6114,6068
6119,6058
6111,6053
6123,6061
6112,6052
6102,6061
6121,6049
6121,6051
6108,6058
6114,6053
6107,6046
6116,6050
6116,6041
6108,6057
6116,6049
6116,6059
6119,6063
6115,6041
6117,6056
6120,6067
6120,6067
6116,6050
6114,6060
6123,6056
6116,6056
6108,6057
6119,6060
6113,6051
6121,6048
6120,6045
6118,6067
6114,6054
6111,6053
6117,6054
6110,6047
6110,6053
6115,6062
6117,6047
6126,6058
6113,6056
6120,6054
6116,6061
6116,6061
6118,6051
6113,6058
6112,6051
6122,6054
6119,6062
6111,6058
6115,6044
6122,6050
6118,6059
6119,6040
6118,6054
6114,6057
6111,6055
6121,6046
6117,6058
6118,6056
6114,6052
6114,6051
6110,6051
6112,6069
6116,6050
6116,6050
6119,6051
6121,6057
6102,6058
6108,6062
6117,6057
6113,6048
6122,6046
6120,6049
6121,6071
6117,6052
6112,6039
6109,6048
6110,6054
6107,6046
6114,6050
6111,6048
6118,6055
6112,6060
6110,6026
6114,6054
6118,6056
6118,6056
6116,6054
6108,6056
6113,6064
6116,6065
6117,6060
6110,6057
6114,6051
6120,6058
6111,6030
0,30
0,61680
0,0
6119,6052
5599,5586
5593,5566
5598,5575
5601,5566
5601,5570
5599,5584
5604,5568
5597,5572
5816,5758
6315,6296
6287,6294
6299,6291
6299,6312
6277,6306
6290,6303
6288,6309
6275,6295
6286,6304
6308,6310
6302,6333
6302,6318
6295,6332
6293,6348
6307,6329
6291,6326
6313,6338
6293,6348
6306,6347
6304,6326
6314,6312
6280,6323
6270,6335
6290,6331
6268,6325
6280,6307
6303,6320
6288,6333
6296,6365
6306,6362
6295,6359
6279,6339
6282,6341
6280,6346
6276,6363
6282,6346
6309,6345
6288,6343
6297,6329
6276,6325
6283,6324
6270,6353
6292,6352
6311,6343
6297,6321
6304,6356
6282,6346
6319,6313
6314,6343
6295,6338
6322,6349
6313,6323
6280,6318
6273,6297
6275,6289
6302,6328
6301,6351
6295,6345
6321,6322
6310,6332
6304,6354
6293,6341
6301,6306
6283,6328
6287,6321
6299,6308
6292,6326
6293,6321
6293,6310
6291,6312
6310,6335
6294,6351
6295,6328
6315,6333
6308,6311
6295,6336
6271,6341
6282,6358
6284,6346
6266,6327
6281,6319
6289,6337
6291,6332
6290,6354
6299,6355
6313,6350
6301,6335
6280,6337
6294,6343
6297,6325
6298,6341
6294,6307
6306,6337
6291,6312
6284,6325
6272,6322
6269,6328
6288,6344
6303,6314
6313,6344
6292,6353
6273,6333
6279,6354
6286,6324
6291,6332
6294,6360
6308,6321
6306,6312
6283,6331
6291,6294
6293,6323
6301,6360
6295,6376
6291,6343
6292,6347
6281,6363
6287,6358
6284,6340
6297,6326
6294,6327
6293,6333
6284,6342
6302,6369
6279,6360
6284,6333
6283,6348
6308,6310
6295,6310
6290,6337
6278,6350
6296,6351
6303,6340
6293,6346
6294,6343
6274,6332
6293,6340
6308,6352
6302,6334
6285,6355
6271,6334
6287,6292
6283,6339
6289,6345
6290,6327
6298,6338
6279,6346
6281,6347
6285,6339
6291,6355
6298,6339
6281,6304
6284,6318
6271,6338
6282,6345
6292,6359
6276,6337
6296,6334
6299,6346
6279,6343
6271,6340
6265,6331
6283,6330
6283,6336
6270,6358
6273,6331
6282,6342
6291,6356
6279,6326
6281,6351
6272,6361
6278,6365
6275,6343
6279,6339
6272,6294
6278,6315
6273,6333
6290,6342
6284,6325
6282,6364
6274,6359
6282,6375
6335,6356
6265,6340
6265,6349
6272,6361
6277,6386
6259,6374
6277,6354
6275,6360
6283,6352
6274,6350
6278,6388
6267,6363
6279,6383
6259,6356
6270,6404
6267,6387
6262,6366
6272,6373
6249,6361
6259,6362
6269,6364
6284,6349
6293,6385
6273,6347
6281,6376
6282,6359
6259,6387
6253,6395
6257,6359
6270,6393
6269,6356
6273,6346
6255,6373
6247,6356
6263,6351
6256,6361
6255,6385
6283,6406
6277,6385
6272,6385
6265,6375
6256,6377
6267,6371
6249,6372
6252,6353
6256,6347
6259,6392
6251,6374
6248,6361
6245,6402
6256,6316
6223,6370
6194,6350
6324,6489
6302,6449
6254,6410
6276,6415
6276,6429
6291,6413
6291,6394
6256,6384
6254,6368
6261,6379
6253,6375
6272,6371
6275,6415
6276,6414
6257,6406
6251,6377
6253,6379
6259,6399
6255,6379
6243,6384
6251,6359
6254,6360
6241,6349
6259,6354
6243,6357
6244,6390
6242,6404
6249,6396
6233,6394
6242,6388
6249,6376
6240,6394
6251,6380
6257,6394
6259,6369
6262,6414
6248,6401
6248,6388
6254,6398
6242,6392
6245,6387
6252,6360
6247,6396
6232,6482
6238,6375
6228,6390
6252,6385
6247,6391
6248,6382
6231,6394
6240,6385
6241,6369
6243,6428
6232,6384
6239,6377
6232,6394
6246,6365
6255,6385
6269,6388
6239,6375
6241,6380
6248,6402
6249,6387
6238,6396
6232,6368
6249,6386
6231,6361
6233,6360
6236,6339
6246,6346
6252,6391
6249,6381
6249,6404
6241,6390
6227,6379
6224,6422
6237,6414
6242,6410
6242,6421
6237,6404
6215,6410
6233,6391
6234,6405
6232,6375
6239,6407
6249,6385
6235,6400
6239,6415
6237,6403
6225,6406
6225,6397
6239,6390
6250,6397
6232,6384
6239,6384
6227,6401
6245,6379
6240,6390
6232,6389
6224,6416
6211,6404
6231,6392
6243,6403
6217,6380
6231,6359
6218,6334
6237,6335
6238,6376
6228,6337
6228,6360
6246,6374
6241,6374
6242,6395
6224,6398
6233,6385
6226,6407
6226,6399
6225,6406
6222,6393
6222,6398
6224,6382
6219,6406
6214,6396
6234,6394
6232,6390
6247,6441
6224,6418
6233,6385
6220,6397
6224,6393
6214,6418
6218,6399
6208,6404
6212,6426
6233,6398
6222,6412
6229,6432
6211,6424
6208,6433
6212,6407
6222,6445
6226,6419
6224,6434
6219,6407
6214,6415
6224,6426
6212,6404
6217,6406
6213,6413
6220,6402
6236,6430
6230,6394
6235,6403
6223,6393
6221,6380
6213,6356
6206,6391
6216,6414
6223,6385
6226,6420
6220,6417
6224,6425
6224,6435
6230,6392
6215,6424
6227,6407
6222,6435
6206,6431
6214,6387
6226,6419
6236,6438
6225,6413
6209,6369
6200,6356
6222,6374
6222,6354
6237,6377
6227,6362
6219,6341
6218,6355
6233,6348
6232,6363
6232,6397
6225,6369
6215,6403
6232,6408
6228,6383
6218,6413
6214,6406
6215,6435
6227,6423
6226,6423
6213,6429
6233,6452
6211,6425
6228,6414
6217,6409
6221,6445
6226,6441
6202,6431
6235,6464
6227,6415
6218,6396
6218,6406
6216,6422
6212,6399
6214,6416
6226,6399
6224,6404
6217,6432
6214,6417
6222,6408
6219,6402
6228,6417
6216,6418
6215,6396
6199,6408
6221,6393
6217,6396
6220,6404
6214,6413
6227,6384
6221,6391
6218,6400
6224,6378
6216,6383
6226,6349
6231,6386
6218,6365
6221,6356
6231,6394
6214,6381
6219,6406
6216,6411
6210,6395
6228,6389
6217,6383
6208,6406
6206,6392
6214,6392
6206,6375
6220,6392
6207,6368
6201,6366
6218,6356
6234,6363
6220,6351
6231,6366
6225,6378
6228,6375
6217,6356
6224,6400
6231,6405
6233,6389
6232,6395
6225,6375
6213,6379
6219,6370
6228,6380
6223,6380
6223,6365
6232,6362
6232,6394
6233,6378
6232,6393
6211,6381
6219,6340
6273,6318
6232,6419
6227,6407
6207,6380
6243,6401
6226,6406
6220,6374
6225,6360
6229,6369
6222,6367
6242,6364
6222,6370
6232,6368
6233,6343
6226,6382
6216,6403
6228,6399
6233,6367
6229,6366
6220,6403
6223,6389
6213,6375
6237,6374
6223,6373
6232,6373
6224,6363
6230,6358
6229,6387
6218,6360
6237,6343
6238,6356
6233,6350
6229,6368
6215,6360
6225,6321
6228,6357
6227,6345
6225,6368
6227,6354
6225,6350
6237,6382
6245,6369
6228,6346
6226,6361
6239,6355
6224,6338
6231,6371
6231,6340
6230,6362
6222,6352
6214,6363
6245,6365
6225,6331
6233,6354
6237,6363
6217,6351
6240,6369
6232,6367
6233,6362
6228,6366
6233,6354
6236,6326
6236,6322
6223,6336
6237,6326
6231,6340
6221,6314
6228,6312
6225,6363
6231,6358
6237,6330
6250,6315
6239,6331
6240,6325
6235,6347
6209,6346
6219,6331
6227,6328
6222,6329
6205,6334
6208,6344
6230,6335
6230,6335
6227,6338
6227,6336
6224,6321
6204,6341
6218,6358
6232,6358
6230,6349
6228,6332
6224,6302
6236,6334
6211,6319
6219,6339
6229,6337
6233,6337
6229,6348
6233,6351
6231,6344
6225,6345
6216,6324
6236,6361
6227,6343
6219,6340
6235,6354
6226,6339
6219,6340
6225,6338
6224,6343
6243,6356
6231,6362
6247,6356
6241,6381
6246,6361
6227,6348
6232,6359
6235,6346
6227,6321
6232,6340
6246,6327
6230,6336
6244,6335
6236,6351
6247,6347
6274,6350
6277,6336
6271,6352
6283,6353
6323,6359
6354,6363
6373,6363
6420,6336
6453,6322
6493,6322
6559,6354
6597,6344
6664,6334
6722,6331
6794,6338
6871,6340
6940,6336
7017,6330
7040,6342
7090,6374
7121,6358
7150,6331
7123,6329
7126,6332
7091,6324
7038,6329
7026,6332
7018,6315
7000,6324
6980,6320
6981,6347
6990,6330
6949,6347
6948,6346
6930,6350
6874,6346
6878,6358
6868,6355
6880,6347
6939,6332
7008,6348
7128,6366
7211,6356
7357,6359
7502,6389
7720,6382
7835,6363
7909,6398
8077,6424
8246,6407
8359,6418
8452,6461
8499,6476
8580,6488
8536,6507
8458,6527
8374,6536
8268,6562
8113,6580
7964,6615
7873,6648
7701,6691
7588,6745
7418,6840
7298,6923
7146,7006
7036,7078
6955,7152
6911,7176
6833,7257
6823,7301
6858,7380
6929,7401
7024,7464
7117,7467
7278,7491
7455,7553
7671,7488
7923,7519
8144,7496
8414,7461
8654,7392
8968,7345
9115,7256
9227,7157
9351,7107
9448,7033
9588,6946
9565,6861
9538,6824
9495,6798
9263,6810
9055,6797
8872,6771
8750,6787
8599,6903
8405,6974
8215,7096
8045,7205
7857,7298
7770,7429
7644,7572
7535,7724
7409,7880
7281,7966
7226,8074
7207,8201
7262,8211
7354,8229
7453,8235
7573,8241
7746,8234
7959,8215
8183,8144
8405,8124
8618,8013
8914,7887
9132,7735
9353,7638
9472,7520
9516,7399
9608,7293
9738,7243
9891,7159
9925,7066
9894,7017
9815,7015
9657,6998
9368,7040
9118,7106
8998,7223
8814,7325
8433,7411
8215,7570
7976,7692
7706,7816
7546,7950
7354,8140
7187,8253
7060,8298
6955,8443
6871,8522
7103,8718
6756,8467
7058,8731
7484,8793
7483,8962
7731,8682
7892,8636
8088,8617
8278,8457
8501,8240
8628,8106
8725,7998
8882,7880
9071,7708
9256,7528
9421,7361
9555,7219
9690,7111
9816,7034
9861,6956
9928,6975
9894,7024
9828,7092
9687,7199
9533,7337
9372,7508
9190,7656
8910,7816
8702,8036
8476,8145
8207,8280
7952,8382
7771,8569
7620,8691
7450,8905
7336,8974
7289,9041
7290,9037
7295,9068
7318,9035
7363,9047
7370,8868
7477,8716
7594,8633
7774,8447
7929,8203
8095,8089
8307,7982
8625,7837
8822,7742
8915,7640
9232,7495
9303,7368
9314,7279
9408,7152
9356,7113
9417,7061
9331,7004
9248,6962
9115,6929
9068,6932
8946,6977
8780,7010
8623,7084
8448,7169
8359,7350
8191,7479
8038,7684
7804,7885
7689,8057
7512,8242
7365,8334
7198,8454
7039,8424
6956,8365
6873,8298
6821,8225
6878,8225
6953,8202
7093,8177
7267,8057
7458,8012
7698,7928
7927,7881
8164,7735
8406,7611
8601,7510
8783,7383
9009,7251
9182,7112
9272,6997
9272,6916
9328,6889
9304,6843
9300,6852
9292,6912
9194,6968
9005,7058
8832,7149
8635,7244
8436,7369
8280,7505
8057,7678
7895,7773
7768,7879
7597,8062
7460,8219
7334,8248
7202,8398
7127,8532
7042,8648
6970,8781
6912,8848
6887,9051
6886,9126
6873,9148
6934,9157
7051,9069
7178,8970
7330,8799
7533,8641
7758,8488
8001,8298
8224,8061
8500,7762
8801,7554
8989,7348
9087,7176
9171,7013
9315,6862
9311,6728
9274,6707
9293,6720
9223,6744
9151,6817
9053,6953
8877,7016
8701,7163
8529,7242
8273,7325
8097,7448
7903,7564
7719,7727
7578,7826
7459,7972
7295,8142
7170,8296
7058,8452
7011,8618
6957,8689
6903,8742
6887,8866
6908,8879
6917,8909
6969,8957
7020,8944
7108,8816
7200,8712
7340,8579
7490,8387
7696,8188
7848,8008
8063,7794
8265,7578
8451,7349
8676,7176
8813,7001
9017,6891
9120,6797
9186,6754
9264,6728
9362,6711
9345,6719
9233,6787
9098,6869
8889,6942
8690,7066
8497,7148
8320,7314
8062,7423
7883,7510
7632,7657
7500,7725
7393,7759
7258,7819
7138,7958
7033,7957
6943,8041
6885,7986
6874,7996
6889,8050
6897,8035
6938,8011
7014,8000
7142,7884
7258,7770
7417,7645
7635,7579
7826,7500
7968,7398
8169,7233
8366,7117
8469,6994
8481,6852
8561,6783
8615,6718
8703,6665
8722,6608
8735,6589
8703,6617
8664,6622
8624,6663
8499,6777
8419,6849
8374,6969
8286,7099
8150,7251
8009,7421
7877,7547
7663,7654
7474,7808
7312,7887
7177,7961
7110,8012
6991,8094
6929,8094
6896,8064
6839,8032
6832,8112
6904,8068
7006,8007
7129,7858
7249,7762
7394,7720
7620,7580
7776,7417
8011,7364
8231,7219
8413,7105
8618,7038
8721,6943
8882,6858
8874,6773
8931,6726
9043,6708
9105,6699
9105,6701
8982,6686
8855,6736
8744,6799
8540,6826
8286,6901
8078,6972
7918,7058
7753,7163
7623,7250
7455,7382
7325,7565
7207,7667
7113,7788
6978,7914
6889,8045
6875,8117
6860,8238
6865,8330
6916,8341
6941,8390
7024,8366
6985,8326
7054,8098
7319,8134
7399,7945
7495,7757
7684,7590
7902,7490
8099,7397
8254,7215
8447,7038
8625,6943
8784,6863
8922,6752
9040,6705
9138,6661
9191,6662
9226,6712
9251,6812
9275,6894
9160,6996
9066,7131
8944,7278
8730,7339
8507,7412
8273,7550
8070,7667
7846,7762
7697,7880
7478,8004
7306,7975
7180,7996
7055,8019
7019,8087
7003,8117
7001,8179
7065,8149
7107,8171
7155,8089
7261,8025
7326,7906
7437,7809
7601,7701
7754,7533
7913,7461
8063,7277
8252,7133
8405,7048
8615,6971
8653,6863
8737,6837
8915,6756
9091,6728
9005,6707
9049,6763
8975,6768
8823,6861
8779,6936
8668,7072
8535,7167
8399,7309
8255,7444
8087,7668
7965,7863
7785,8005
7652,8258
7480,8382
7313,8494
7169,8622
7034,8765
6946,8717
6858,8656
6849,8705
6885,8720
6888,8615
6993,8553
7062,8476
7051,8354
7191,8186
7381,7985
7491,7853
7591,7738
7739,7550
7917,7412
8107,7273
8287,7183
8468,7135
8605,7030
8817,6925
8865,6849
9006,6775
8931,6687
8985,6647
8866,6625
8952,6644
8851,6662
8716,6727
8635,6798
8427,6913
8240,7041
8104,7133
7985,7271
7765,7418
7593,7498
7390,7521
7192,7576
7047,7716
6977,7771
6898,7784
6905,7775
6886,7801
6975,7896
7074,7881
7153,7850
7290,7817
7447,7743
7624,7646
7859,7581
8128,7499
8385,7415
8609,7246
8835,7144
9097,7020
9203,6941
9462,6841
9612,6745
9708,6646
9844,6605
9859,6564
9800,6546
9649,6528
9527,6526
9461,6599
9322,6702
9087,6795
8963,6920
8728,7052
8522,7188
8167,7352
7961,7560
7734,7751
7408,7906
7207,8060
7075,8219
6940,8354
6891,8442
6854,8426
6836,8497
6865,8484
6900,8408
6998,8401
7110,8338
7214,8273
7356,8166
7543,8039
7732,7836
7858,7692
7995,7553
8222,7385
8377,7255
8549,7125
8711,7007
8901,6918
9147,6832
9151,6739
9214,6695
9139,6689
9080,6676
9062,6706
8954,6753
8940,6847
8803,6981
8654,7143
8481,7321
8291,7526
8114,7721
7902,7874
7706,8113
7565,8183
7411,8361
7264,8419
7135,8472
7032,8605
7011,8738
7023,8768
7000,8764
7001,8795
7066,8704
7130,8604
7208,8599
7384,8508
7542,8351
7690,8196
7851,8182
8035,7990
8268,7870
8590,7688
8862,7545
9070,7357
9270,7245
9385,7086
9580,6972
9723,6922
9864,6823
9964,6789
10080,6755
10010,6760
9991,6809
10067,6879
9848,6958
9780,7100
9657,7239
9395,7358
9174,7425
8935,7609
8634,7757
8301,7893
7998,7972
7712,8080
7530,8212
7365,8382
7227,8447
7155,8539
7126,8509
7115,8530
7190,8485
7258,8488
7335,8435
7511,8423
7664,8371
7902,8242
8107,8059
8342,7942
8695,7825
9036,7642
9508,7574
9882,7442
10105,7305
10488,7172
10979,7016
11400,6943
11628,6910
11795,6907
11779,6896
11690,6954
11348,7017
11164,7159
10928,7306
10471,7402
9976,7602
9516,7799
9129,7986
8873,8212
8504,8403
8197,8629
7962,8890
7783,9179
7642,9347
7514,9460
7453,9498
7475,9545
7523,9624
7573,9801
7649,9729
7832,9560
8035,9451
8261,9226
8625,9114
9006,9029
9347,8894
9664,8506
9865,8520
10336,8089
10720,7958
11054,7856
11023,7566
11150,7252
11130,7087
11073,6909
11067,6771
11013,6716
10842,6716
10674,6797
10615,6994
10497,7156
10448,7491
10107,7821
9890,8118
9543,8485
9172,8775
8947,9048
8726,9242
8498,9433
8323,9616
8172,9762
8050,9850
7899,9917
7780,9907
7706,9875
7676,9940
7691,9857
7774,9835
7998,9815
8164,9687
8415,9580
8827,9427
9105,9233
9389,8966
9739,8674
10088,8404
10491,8149
10892,7966
11202,7792
11284,7657
11294,7537
11466,7425
11489,7362
11366,7323
11199,7320
11044,7302
10743,7346
10449,7386
10141,7446
9877,7525
9491,7664
9173,7802
8867,8020
8544,8183
8291,8336
7969,8459
7741,8684
7573,8908
7444,9128
7333,9315
7287,9406
7341,9436
7379,9413
7458,9560
7533,9705
7621,9753
7786,9716
7919,9568
8159,9357
8411,9166
8726,8960
8994,8783
9268,8485
9390,8158
9584,7935
9853,7744
9945,7482
9872,7272
9953,7146
10061,7061
10133,7065
10032,7104
10021,7165
9982,7212
9736,7382
9357,7540
8932,7777
8588,8014
8168,8256
7773,8481
7595,8644
7226,8851
7044,9017
6826,9171
6660,9316
6461,9487
6335,9634
6247,9681
6220,9646
6173,9576
6183,9552
6150,9432
6157,9336
6162,9247
6158,9069
6154,8826
6151,8691
6148,8530
6152,8342
6140,8199
6138,8033
6142,7849
6148,7650
6132,7537
6141,7364
6142,7289
6125,7210
6119,7074
6132,7016
6124,7023
6132,7066
6122,7219
6122,7403
6127,7604
6129,7877
6131,8108
6126,8302
6118,8546
6124,8735
6128,8799
6119,8926
6118,8841
6117,8760
6115,8709
6121,8621
6109,8459
6122,8305
6119,8093
6121,7961
6117,7849
6107,7734
6116,7501
6125,7248
6116,7122
6106,6981
6122,6838
6113,6608
6115,6477
6097,6354
6105,6278
6119,6228
6111,6207
6111,6175
6103,6188
6120,6184
6112,6158
6102,6176
6110,6172
6107,6167
6098,6162
6109,6179
6107,6177
6098,6204
6116,6176
6111,6182
6104,6185
6103,6169
6108,6126
6111,6107
6103,6087
6102,6082
6103,6061
6107,6071
6112,6064
6096,6052
6111,6070
6110,6060
6105,6072
6108,6062
6111,6056
6103,6071
6109,6053
6103,6061
6106,6068
6103,6056
6103,6056
6101,6057
6108,6061
6105,6063
6097,6072
6106,6082
6111,6058
6106,6058
6104,6065
6112,6065
6104,6054
6106,6060
6100,6059
6100,6069
6111,6048
6116,6055
6111,6062
6107,6064
6115,6063
6104,6058
6110,6059
6113,6059
6105,6045
6107,6051
6107,6059
6113,6060
6121,6053
6117,6002
6102,6048
6116,6068
6113,6048
6114,6058
6112,6062
6112,6063
6114,6063
6121,6056
6099,6054
6110,6051
6111,6052
6114,6053
6104,6045
6104,6052
6108,6047
6108,6051
6108,6043
6106,6059
6100,6046
6114,6039
6111,6046
6111,6056
6106,6056
6109,6045
6115,6047
6120,6060
6112,6042
6104,6057
6110,6049
6115,6046
6114,6040
6102,6056
6106,6041
6111,6059
6055,6016
6105,6051
6110,6050
6116,6047
6113,6036
6111,6048
6112,6041
6109,6046
6102,6049
6118,6050
6102,6055
6106,6051
6116,6055
6112,6037
6105,6051
6100,6061
6054,5983
6136,6067
6131,6066
6097,6068
6090,6006
6089,6032
6094,6043
6100,6040
6104,6043
6102,6064
6090,6058
6108,6053
6128,6033
6114,6047
6102,6059
6107,6046
6104,6040
6108,6055
6109,6053
6112,6054
6099,6051
6102,6047
6104,6057
6111,6045
6101,6051
6115,6047
6108,6047
6113,6049
6119,6040
6099,6039
6106,6057
6107,6047
6112,6052
6105,6035
6112,6055
6098,6064
6103,6047
6111,6041
6118,6049
6108,6049
6106,6053
6091,6051
6098,6066
6103,6060
6107,6048
6113,6052
6096,6048
6103,6043
6104,6048
6104,6061
6105,6050
6104,6051
6099,6057
6105,6053
6107,6041
6096,6053
6101,6044
6104,6056
6103,6062
6102,6046
6099,6048
6108,6051
6102,6039
6105,6056
6114,6049
6111,6051
6104,6041
6099,6044
6102,6053
6104,6053
6093,6049
6101,6044
6111,6011
6095,6060
6098,6047
6093,6052
6109,6057
6101,6061
6106,6047
6103,6048
6099,6037
6101,6046
6096,6050
6104,6048
6104,6050
6105,6053
6097,6058
6118,6056
6106,6037
6104,6033
6110,6045
6106,6053
6102,6057
6099,6047
6102,6047
6097,6044
6108,6055
6097,6054
6087,6060
6094,6054
6103,6054
6096,6058
6099,6051
6096,6051
6105,6060
6102,6056
6093,6046
6105,6058
6101,6054
6096,6039
6097,6054
6090,6042
6093,6043
6109,6044
6106,6048
6093,6057
6099,6047
6101,6053
6094,6038
6098,6043
6106,6059
6101,6061
6093,6059
6098,6057
6098,6057
6096,6043
6098,6048
6100,6041
6097,6049
6105,6049
6105,6049
6099,6045
6093,6048
6107,6052
6107,6061
6102,6041
6107,6040
6094,6050
6095,6059
6104,6059
6101,6063
6106,6046
6107,6039
6105,6039
6092,6050
6096,6051
6110,6063
6104,6046
6096,6026
6102,6057
6093,6049
6111,6053
6102,6047
6105,6058
6112,6053
6101,6053
6109,6044
6105,6053
6105,6060
6107,6054
6113,6054
6107,6034
6111,6058
6102,6047
6107,6055
6107,6063
6102,6054
6105,6061
6108,6047
6101,6053
6111,6045
6105,6047
6118,6051
6104,6055
6113,6056
6114,6059
6097,6050
6111,6049
6104,6060
6105,6049
6103,6052
6111,6065
6108,6048
6106,6052
6099,6060
6103,6057
6100,6047
6107,6050
6110,6055
6104,6043
6106,6056
6107,6050
6111,6044
6103,6062
6106,6060
6097,6062
6103,6045
6108,6048
6098,6042
6103,6046
6104,6055
6100,6058
6101,6039
6108,6053
6108,6051
6109,6053
6106,6035
6101,6032
6107,6049
6106,6054
6102,6040
6110,6043
6108,6051
6104,6063
6086,6055
6106,6047
6106,6047
6101,6042
6101,6053
6101,6056
6101,6049
6107,6057
6110,6059
6097,6039
6106,6039
6115,6049
6103,6040
6111,6050
6106,6051
6103,6045
6103,6047
6101,6057
6106,6038
6101,6050
6096,6044
6104,6048
6106,6054
6097,6046
6104,6046
6099,6056
6114,6066
6108,6051
6103,6056
6118,6049
6110,6057
6108,6058
6100,6038
6103,6060
6110,6048
6107,6051
6111,6056
6118,6057
6109,6038
6111,6057
6110,6053
6113,6033
6101,6062
6104,6057
6103,6055
6110,6042
6113,6047
6112,6055
6118,6048
6118,6051
6124,6063
6119,6056
6114,6044
6109,6045
6118,6058
5887,5819
6348,6259
6099,6024
6161,6070
6132,6071
6142,6085
6115,6061
6142,6069
6093,6089
6114,6057
6118,6054
6110,6043
6116,6062
6114,6057
6111,6047
6111,6047
6115,6051
6108,6047
6108,6042
6112,6057
6104,6051
6099,6054
6103,6052
6108,6072
6113,6055
6113,6054
6098,6054
6111,6044
6110,6051
6099,6045
6112,6046
6125,6052
6115,6047
6106,6050
6111,6057
6104,6060
6112,6056
6108,6050
6110,6047
6111,6047
6115,6049
6120,6051
6106,6055
6110,6046
6110,6052
6102,6039
6119,6053
6109,6053
6111,6050
6110,6052
6111,6051
6112,6042
6120,6060
6104,6055
6111,6044
6110,6046
6111,6054
6118,6064
6107,6045
6120,6040
6115,6060
6107,6051
6110,6055
6111,6054
6105,6054
6106,6058
6107,6060
6101,6066
6105,6111
6110,6052
6110,6056
6105,6047
6101,6055
6109,6056
6112,6061
6111,6047
6108,6049
6111,6050
6110,6055
6106,6058
6116,6052
6121,6053
6104,6043
6113,6060
6112,6049
6120,6049
6112,6058
6118,6048
6117,6054
6115,6063
6117,6054
6121,6038
6104,6052
6112,6050
6109,6061
6117,6055
6117,6058
6116,6049
6124,6047
6119,6052
6117,6048
6110,6056
6112,6055
6115,6055
6123,6067
6108,6057
6108,6054
6126,6055
6120,6056
6113,6052
6129,6051
6116,6048
6117,6057
6108,6054
6110,6063
6112,6032
6112,6057
6112,6057
6123,6054
6117,6062
6115,6059
6121,6050
6118,6049
6115,6058
6120,6049
6113,6059
6113,6055
6108,6062
6118,6051
6114,6050
6122,6052
6113,6054
6116,6055
6120,6056
6109,6058
6110,6063
6114,6046
6116,6054
6120,6062
6120,6062
6116,6050
6116,6049
6118,6054
6118,6053
6112,6062
6115,6063
6113,6052
6126,6054
6122,6057
6114,6060
6112,6056
6111,6061
6112,6052
6111,6056
6117,6052
6113,6057
6117,6050
6116,6062
6111,6056
6111,6062
6114,6058
6114,6058
6118,6047
6119,6054
6120,6057
6120,6047
6116,6053
6116,6054
6121,6059
6116,6055
6113,6058
6114,6054
6109,6038
6116,6054
6115,6059
6115,6056
6109,6059
6112,6052
6115,6066
6115,6058
6115,6059
6121,6055
6119,6060
6119,6060
6118,6053
6111,6063
6123,6050
6118,6061
6119,6057
6119,6055
6112,6053
6114,6053
6117,6063
6116,6056
6108,6059
6119,6054
6125,6063
0,38
0,61680
0,0
6119,6061
5598,5584
5589,5583
5602,5584
5601,5576
5601,5578
5602,5574
5594,5572
5596,5579
5819,5759
6317,6315
6285,6311
6306,6292
6318,6292
6295,6292
6295,6289
6290,6310
6291,6310
6294,6303
6301,6308
6301,6329
6302,6328
6297,6348
6286,6338
6306,6311
6312,6334
6300,6339
6285,6321
6277,6353
6320,6330
6302,6334
6281,6373
6269,6323
6277,6324
6282,6329
6276,6324
6289,6323
6286,6330
6301,6371
6300,6349
6297,6352
6277,6321
6276,6334
6282,6333
6292,6359
6282,6339
6303,6336
6296,6341
6295,6326
6286,6334
6291,6347
6275,6350
6294,6369
6294,6322
6284,6326
6297,6353
6276,6340
6292,6307
6316,6348
6299,6361
6320,6334
6306,6327
6281,6307
6275,6298
6279,6300
6300,6322
6313,6343
6297,6339
6315,6351
6319,6345
6306,6348
6296,6330
6293,6321
6294,6331
6290,6319
6281,6316
6288,6329
6285,6334
6302,6312
6312,6321
6314,6332
6304,6333
6280,6346
6312,6321
6306,6300
6291,6329
6258,6325
6269,6358
6296,6370
6276,6325
6284,6320
6294,6324
6294,6335
6304,6355
6321,6347
6316,6370
6295,6350
6269,6351
6280,6325
6293,6331
6297,6347
6285,6307
6291,6330
6296,6314
6297,6307
6269,6323
6274,6307
6292,6320
6297,6320
6302,6336
6295,6334
6266,6322
6270,6356
6291,6345
6307,6339
6287,6358
6295,6305
6303,6316
6276,6334
6287,6312
6289,6339
6298,6368
6294,6353
6292,6332
6280,6352
6278,6358
6282,6348
6305,6349
6293,6331
6281,6332
6303,6327
6277,6356
6286,6347
6293,6359
6289,6333
6288,6339
6298,6323
6300,6313
6295,6329
6289,6356
6304,6370
6288,6347
6286,6362
6283,6334
6281,6354
6286,6334
6289,6348
6296,6339
6298,6349
6280,6329
6283,6326
6281,6337
6289,6344
6304,6328
6295,6350
6302,6353
6284,6377
6291,6347
6299,6335
6289,6335
6279,6321
6265,6344
6273,6341
6298,6355
6289,6360
6274,6348
6293,6333
6289,6361
6271,6334
6261,6324
6267,6323
6267,6329
6279,6370
6280,6350
6274,6361
6296,6343
6281,6381
6294,6337
6282,6358
6276,6358
6276,6348
6273,6338
6281,6325
6267,6328
6279,6329
6281,6334
6300,6311
6281,6314
6283,6362
6274,6367
6269,6382
6280,6375
6272,6358
6269,6361
6274,6373
6276,6390
6270,6367
6258,6352
6260,6381
6267,6347
6270,6335
6284,6385
6283,6369
6276,6365
6265,6341
6276,6386
6265,6386
6273,6362
6277,6385
6249,6371
6258,6358
6269,6341
6286,6351
6287,6380
6284,6358
6278,6368
6282,6362
6272,6385
6257,6393
6255,6367
6277,6362
6337,6430
6214,6287
6217,6337
6300,6411
6275,6352
6245,6359
6255,6403
6257,6388
6288,6375
6252,6374
6254,6385
6240,6354
6242,6360
6243,6375
6237,6373
6243,6392
6248,6399
6262,6366
6243,6369
6246,6398
6264,6376
6256,6395
6252,6406
6245,6420
6262,6410
6240,6414
6257,6402
6249,6407
6270,6391
6269,6391
6254,6352
6252,6383
6264,6368
6242,6394
6269,6378
6258,6425
6276,6425
6257,6399
6243,6402
6258,6372
6252,6398
6244,6385
6249,6365
6246,6363
6249,6346
6240,6345
6253,6352
6240,6345
6245,6372
6239,6403
6237,6403
6230,6394
6234,6387
6247,6393
6235,6388
6248,6399
6247,6388
6255,6375
6247,6395
6261,6399
6265,6380
6257,6415
6237,6392
6249,6390
6242,6382
6241,6409
6250,6386
6243,6381
6232,6400
6246,6379
6245,6395
6247,6368
6254,6376
6235,6363
6234,6383
6240,6413
6240,6402
6237,6395
6235,6392
6244,6360
6245,6399
6267,6396
6257,6363
6243,6377
6248,6405
6240,6409
6232,6380
6239,6373
6241,6377
6230,6368
6241,6352
6230,6334
6235,6356
6249,6372
6247,6390
6252,6401
6228,6407
6226,6395
6228,6432
6232,6425
6237,6424
6260,6387
6232,6407
6212,6391
6218,6386
6223,6384
6235,6393
6234,6432
6235,6407
6239,6392
6235,6404
6234,6415
6234,6398
6215,6401
6235,6371
6244,6392
6233,6381
6255,6391
6231,6382
6239,6352
6239,6388
6246,6412
6225,6419
6221,6398
6229,6393
6226,6419
6227,6385
6227,6370
6224,6332
6225,6350
6223,6368
6222,6346
6237,6363
6233,6401
6232,6406
6226,6387
6220,6410
6227,6397
6234,6413
6241,6398
6238,6388
6222,6380
6230,6411
6217,6391
6217,6387
6229,6421
6237,6417
6228,6409
6227,6433
6222,6409
6234,6383
6230,6397
6231,6428
6222,6411
6215,6404
6203,6403
6223,6430
6230,6406
6229,6427
6232,6422
6211,6426
6223,6415
6234,6355
6214,6451
6230,6440
6219,6425
6224,6411
6199,6430
6222,6420
6226,6428
6217,6390
6214,6411
6211,6423
6224,6428
6226,6390
6230,6402
6230,6401
6227,6380
6219,6374
6209,6394
6216,6398
6222,6396
6226,6400
6229,6400
6223,6400
6206,6445
6231,6413
6214,6423
6227,6432
6217,6434
6225,6422
6214,6384
6227,6424
6233,6430
6230,6401
6221,6377
6214,6373
6224,6378
6229,6380
6233,6354
6234,6352
6212,6352
6215,6344
6225,6349
6233,6379
6236,6388
6219,6386
6219,6403
6228,6405
6226,6392
6215,6385
6219,6386
6224,6419
6211,6411
6222,6421
6222,6440
6211,6447
6210,6434
6201,6416
6219,6413
6228,6432
6216,6431
6200,6428
6222,6422
6219,6415
6217,6387
6215,6407
6211,6408
6216,6403
6219,6417
6218,6400
6218,6406
6218,6418
6222,6423
6219,6411
6225,6412
6229,6413
6220,6430
6221,6392
6212,6398
6220,6396
6212,6394
6220,6404
6197,6409
6225,6411
6219,6399
6219,6383
6216,6364
6226,6383
6233,6348
6235,6356
6220,6364
6230,6368
6232,6378
6206,6388
6217,6419
6230,6423
6220,6410
6209,6409
6218,6378
6216,6380
6216,6389
6228,6372
6199,6353
6219,6412
6201,6364
6225,6358
6396,6532
5886,5983
5961,6066
5857,6033
6450,6618
6364,6528
6231,6369
6195,6368
6240,6423
6241,6391
6234,6380
6234,6370
6248,6375
6214,6353
6229,6380
6235,6389
6216,6372
6231,6368
6239,6401
6226,6372
6228,6391
6216,6383
6229,6359
6216,6380
6222,6390
6218,6409
6228,6365
6231,6402
6227,6382
6225,6373
6229,6360
6215,6373
6226,6373
6233,6355
6239,6370
6235,6356
6232,6359
6228,6371
6219,6393
6231,6361
6227,6351
6223,6385
6220,6397
6237,6359
6232,6361
6243,6359
6226,6371
6232,6363
6223,6361
6233,6365
6230,6375
6220,6374
6235,6364
6243,6355
6247,6331
6236,6359
6214,6356
6222,6329
6227,6356
6232,6352
6233,6348
6227,6341
6218,6359
6226,6373
6216,6353
6239,6350
6222,6350
6239,6354
6228,6369
6225,6396
6217,6372
6232,6364
6230,6365
6227,6377
6229,6357
6227,6357
6228,6364
6227,6379
6231,6354
6236,6376
6229,6365
6238,6367
6230,6359
6236,6364
6250,6337
6229,6336
6220,6341
6240,6323
6231,6308
6232,6317
6239,6322
6235,6355
6239,6368
6233,6344
6239,6305
6251,6313
6236,6363
6227,6353
6208,6324
6223,6340
6235,6320
6216,6333
6218,6327
6228,6342
6225,6344
6230,6333
6223,6334
6220,6352
6209,6334
6221,6329
6228,6350
6228,6352
6226,6330
6227,6325
6224,6331
6228,6336
6229,6322
6214,6321
6227,6338
6230,6335
6234,6355
6228,6354
6224,6327
6219,6331
6223,6337
6223,6353
6226,6349
6226,6344
6238,6362
6222,6343
6226,6331
6234,6342
6227,6334
6239,6358
6233,6350
6235,6354
6239,6378
6247,6356
6243,6347
6240,6337
6236,6338
6233,6332
6229,6336
6237,6349
6222,6346
6250,6340
6252,6336
6240,6336
6260,6346
6291,6328
6289,6329
6288,6342
6329,6377
6361,6352
6392,6340
6410,6320
6443,6305
6505,6319
6545,6335
6609,6343
6664,6348
6714,6304
6791,6319
6858,6346
6944,6322
7000,6342
7058,6343
7089,6366
7144,6357
7126,6330
7147,6327
7141,6316
7058,6320
7041,6334
7013,6320
7024,6328
6977,6321
6986,6326
6989,6326
6970,6346
6961,6338
6944,6355
6918,6344
6871,6353
6866,6367
6875,6347
6897,6330
6931,6335
7010,6329
7126,6359
7225,6339
7313,6364
7492,6394
7737,6402
7837,6365
7899,6388
8068,6415
8242,6413
8391,6418
8461,6450
8534,6475
8563,6503
8578,6525
8452,6531
8389,6547
8297,6560
8064,6578
7978,6614
7822,6638
7762,6657
7577,6737
7422,6822
7278,6933
7154,7014
7028,7059
6986,7127
6911,7187
6834,7265
6841,7313
6863,7366
6940,7390
7016,7464
7128,7486
7272,7507
7473,7517
7667,7522
7910,7496
8179,7488
8412,7437
8658,7394
8966,7309
9095,7240
9252,7161
9361,7101
9442,7010
9576,6937
9632,6855
9515,6843
9457,6797
9245,6799
9066,6789
8928,6774
8726,6836
8600,6873
8424,6980
8222,7083
8003,7198
7857,7290
7737,7428
7665,7543
7529,7710
7407,7874
7287,7923
7212,8074
7218,8166
7280,8229
7357,8234
7438,8236
7596,8292
7729,8303
7956,8222
8206,8185
8429,8102
8670,7998
8920,7911
9094,7781
9311,7614
9470,7503
9582,7433
9630,7312
9638,7136
9896,7134
9943,7309
9903,7049
9783,7008
9643,7015
9378,7081
9118,7096
8994,7217
8810,7315
8437,7431
8219,7581
7989,7706
7759,7804
7551,8001
7353,8148
7177,8241
7072,8350
6966,8427
6927,8484
6972,8646
7005,8773
7141,8813
7314,8936
7486,8841
7645,8762
7856,8663
8080,8578
8258,8495
8500,8265
8662,8087
8742,7993
8907,7861
9074,7706
9270,7541
9406,7351
9558,7232
9719,7109
9796,7033
9862,6973
9912,6965
9874,7044
9734,7098
9689,7203
9535,7342
9335,7506
9154,7638
8935,7755
8734,8066
8471,8186
8211,8307
7955,8406
7757,8579
7609,8762
7467,8922
7334,8994
7293,8989
7281,9048
7287,9114
7330,9041
7344,9029
7356,8918
7464,8753
7611,8605
7794,8463
7929,8212
8094,8080
8302,7989
8573,7853
8824,7705
8942,7626
9220,7535
9246,7410
9338,7281
9432,7170
9404,7120
9380,7038
9317,6993
9247,6948
9146,6931
9055,6956
8946,6967
8809,7008
8626,7059
8465,7204
8356,7327
8215,7483
8006,7678
7844,7863
7713,8044
7511,8207
7357,8351
7196,8462
7070,8407
6950,8346
6876,8309
6844,8218
6879,8241
6958,8171
7098,8145
7271,8109
7457,8042
7689,7933
7923,7848
8172,7721
8415,7619
8592,7500
8785,7372
8986,7226
9192,7101
9255,6992
9297,6928
9368,6874
9327,6853
9315,6870
9282,6885
9216,6958
9042,7037
8797,7142
8619,7239
8449,7322
8241,7522
8077,7670
7915,7744
7750,7886
7611,8028
7437,8212
7336,8251
7218,8383
7123,8527
7058,8721
6981,8775
6911,8881
6894,9057
6881,9097
6886,9109
6904,9142
7031,9044
7192,8958
7353,8804
7548,8663
7796,8421
8012,8239
8216,8006
8492,7774
8774,7511
9016,7321
9104,7205
9192,7013
9342,6849
9322,6736
9286,6696
9227,6709
9220,6753
9185,6845
9059,6969
8874,7028
8727,7148
8527,7244
8289,7312
8123,7444
7894,7559
7746,7707
7587,7848
7471,7932
7277,8081
7202,8262
7044,8462
6998,8598
6951,8678
6921,8723
6892,8834
6883,8887
6925,8955
6952,8954
7031,9000
7105,8834
7225,8743
7359,8580
7485,8399
7692,8214
7831,8017
8026,7806
8279,7538
8494,7311
8633,7181
8846,7010
8999,6914
9175,6806
9186,6737
9278,6720
9380,6712
9319,6729
9219,6806
9132,6848
8910,6942
8693,7070
8483,7204
8302,7306
8081,7440
7897,7512
7640,7608
7506,7689
7367,7765
7247,7822
7148,7957
7021,7986
6959,8045
6892,8013
6878,8007
6879,8017
6897,8044
6930,8007
7016,7987
7146,7880
7259,7776
7418,7647
7612,7583
7796,7480
7991,7376
8161,7222
8362,7125
8437,7003
8472,6885
8545,6780
8597,6695
8706,6674
8717,6613
8757,6575
8703,6596
8630,6637
8588,6662
8523,6774
8441,6878
8367,6954
8288,7122
8157,7230
8016,7432
7830,7573
7701,7651
7525,7798
7295,7916
7181,7988
7063,8024
7011,8029
6889,8077
6883,8047
6846,8061
6869,8097
6908,8053
6990,8019
7143,7872
7263,7783
7407,7674
7633,7564
7786,7445
7999,7391
8241,7248
8435,7152
8615,7032
8713,6953
8870,6865
8864,6778
8959,6721
9041,6715
9082,6684
9072,6695
9033,6680
9216,7034
9122,7153
8471,6887
8327,6951
8084,6964
7979,7146
7818,7119
7646,7225
7477,7370
7345,7537
7218,7655
7131,7799
6967,7927
6887,8015
6882,8137
6848,8244
6891,8312
6902,8347
6941,8359
7013,8351
7063,8277
7201,8183
7308,8074
7403,7904
7548,7757
7737,7678
7861,7477
8079,7368
8292,7212
8482,7028
8545,6947
8754,6845
8911,6750
9014,6691
9119,6666
9156,6659
9248,6713
9252,6826
9273,6897
9193,6998
9035,7146
8920,7264
8723,7369
8505,7457
8296,7546
8128,7644
7887,7772
7758,7893
7474,8038
7312,7972
7155,8027
7055,8045
6995,8111
6972,8169
7006,8181
7033,8154
7098,8185
7170,8099
7238,8024
7336,7902
7436,7797
7583,7706
7736,7526
7936,7433
8091,7268
8243,7137
8449,7043
8547,6928
8606,6869
8740,6806
8918,6754
9057,6733
9006,6710
9014,6739
8975,6796
8843,6861
8818,6949
8690,7023
8552,7169
8389,7299
8229,7478
8100,7636
7959,7824
7782,8013
7604,8191
7437,8397
7292,8514
7189,8666
7049,8757
6949,8747
6847,8663
6868,8677
6907,8689
6894,8676
7018,8559
7040,8494
7062,8384
7214,8148
7410,8025
7516,7893
7631,7726
7770,7541
7962,7397
8085,7312
8304,7200
8472,7111
8608,7018
8775,6948
8854,6857
8942,6766
8912,6658
8979,6656
8888,6617
8942,6638
8872,6649
8777,6716
8607,6835
8429,6881
8236,7002
8124,7110
7999,7288
7734,7376
7575,7482
7384,7527
7207,7597
7059,7714
6987,7751
6932,7826
6900,7834
6922,7831
6969,7861
7063,7915
7130,7844
7289,7790
7441,7749
7625,7672
7865,7554
8129,7503
8388,7430
8564,7235
8807,7146
9091,7034
9215,6922
9494,6840
9659,6767
9687,6662
9867,6597
9815,6560
9822,6512
9710,6545
9581,6557
9463,6613
9332,6693
9144,6795
8922,6916
8764,7045
8508,7185
8162,7396
7946,7574
7701,7759
7425,7918
7189,8031
7085,8231
6948,8318
6895,8435
6839,8416
6852,8481
6850,8458
6893,8417
7017,8382
7105,8352
7238,8305
7376,8180
7544,8003
7701,7824
7877,7679
8013,7543
8191,7410
8394,7259
8557,7134
8729,7023
8953,6908
9138,6816
9160,6723
9226,6724
9134,6687
9137,6679
9102,6726
8954,6735
8975,6836
8813,6982
8667,7136
8519,7357
8285,7519
8126,7720
7913,7925
7719,8104
7591,8202
7368,8367
7246,8454
7163,8481
7034,8618
6991,8746
7017,8777
6978,8747
6993,8789
7043,8738
7095,8619
7220,8600
7371,8534
7561,8347
7692,8182
7822,8135
8040,8023
8301,7874
8595,7646
8845,7518
9063,7377
9280,7225
9410,7082
9583,6975
9705,6902
9902,6804
10060,6767
10053,6731
10034,6801
10032,6827
9982,6901
9870,6994
9807,7069
9698,7228
9428,7355
9128,7446
8890,7614
8633,7786
8336,7916
8003,7984
7732,8060
7543,8207
7329,8369
7197,8433
7121,8508
7139,8511
7134,8516
7192,8491
7268,8467
7383,8410
7500,8427
7654,8369
7877,8220
8172,8065
8371,7942
8649,7817
9029,7645
9514,7567
9893,7430
10181,7293
10538,7148
10938,7047
11351,6929
11637,6894
11809,6888
11800,6913
11714,6971
11378,7035
11155,7168
10918,7268
10492,7395
9949,7611
9448,7750
9157,7923
8784,8152
8513,8480
8250,8623
7926,8907
7734,9167
7653,9378
7507,9434
7412,9473
7460,9514
7527,9641
7576,9757
7696,9732
7816,9616
7998,9427
8240,9264
8651,9073
9010,9028
9299,8955
9642,8774
9902,8517
10336,8282
10788,8003
10985,7795
11087,7591
11137,7327
11081,7078
11033,6899
11033,6791
11034,6735
10809,6710
10644,6825
10607,6964
10486,7163
10375,7470
10155,7810
9849,8129
9541,8461
9215,8775
8978,8994
8721,9256
8530,9443
8304,9614
8167,9760
8055,9832
7910,9915
7754,9916
7698,9888
7693,9904
7735,9924
7778,9844
7953,9809
8206,9678
8488,9565
8800,9445
9121,9191
9383,8980
9745,8680
10139,8367
10463,8167
10878,7954
11210,7801
11356,7629
11364,7548
11466,7435
11522,7359
11336,7306
11225,7340
11100,7291
10733,7360
10521,7422
10114,7442
9949,7552
9530,7677
9180,7787
8857,8015
8517,8161
8255,8366
7994,8481
7724,8679
7550,8881
7400,9140
7336,9339
7289,9410
7351,9499
7379,9458
7446,9554
7536,9707
7636,9762
7772,9758
7923,9533
8121,9381
8419,9185
8689,8923
8966,8741
9222,8494
9422,8163
9576,7941
9853,7692
9942,7478
9835,7316
9958,7155
10107,7090
10147,7054
10027,7088
10044,7143
9931,7226
9736,7383
9391,7560
8965,7793
8562,7973
8170,8243
7778,8463
7587,8672
7231,8863
7058,8975
6826,9198
6653,9318
6456,9471
6345,9559
6254,9724
6227,9672
6175,9553
6173,9606
6157,9484
6167,9312
6163,9263
6157,9069
6162,8837
6166,8668
6157,8511
6148,8363
6151,8197
6152,8038
6148,7862
6150,7690
6141,7498
6136,7363
6135,7282
6132,7188
6120,7057
6131,7006
6130,7030
6135,7047
6128,7214
6123,7393
6126,7642
6128,7871
6129,8091
6123,8328
6119,8566
6120,8714
6133,8844
6119,8915
6119,8866
6114,8752
6116,8750
6117,8661
6118,8476
6129,8306
6111,8066
6127,7966
6118,7895
6120,7746
6119,7521
6124,7245
6121,7102
6111,6992
6122,6840
6121,6597
6120,6481
6108,6385
6115,6280
6113,6221
6113,6211
6113,6192
6116,6181
6122,6173
6111,6168
6111,6168
6115,6164
6111,6168
6108,6159
6103,6194
6108,6174
6109,6188
6113,6172
6108,6185
6117,6178
6110,6166
6104,6117
6111,6109
6099,6086
6097,6085
6110,6066
6116,6060
6117,6075
6096,6056
6101,6074
6115,6077
6110,6071
6106,6072
6107,6071
6110,6062
6106,6062
6102,6061
6107,6068
6103,6069
6103,6061
6109,6054
6109,6060
6111,6055
6103,6053
6113,6073
6113,6061
6107,6044
6108,6052
6109,6061
6107,6048
6109,6056
6104,6062
6099,6073
6110,6065
6117,6053
6114,6062
6105,6060
6103,6061
6107,6056
6112,6062
6114,6060
6108,6062
6111,6055
6107,6046
6115,6065
6119,6057
6113,6061
6106,6042
6111,6063
6114,6056
6112,6060
6119,6051
6113,6061
6112,6055
6109,6053
6104,6043
6113,6055
6110,6050
6114,6056
6112,6045
6102,6056
6113,6049
6110,6058
6116,6047
6106,6058
6104,6052
6111,6052
6104,6058
6114,6046
6116,6046
6115,6050
6106,6049
6102,6058
6103,6049
6106,6060
6118,6039
6113,6048
6199,6163
6115,6058
6183,6076
5570,6188
6090,6028
5987,5925
6156,6100
6058,5992
6083,6014
6107,6046
6111,6041
6106,6017
6122,6054
6114,6046
6108,6049
6108,6050
6110,6051
6099,6054
6106,6050
6104,6056
6102,6058
6108,6050
6106,6043
6111,6040
6108,6042
6105,6057
6111,6060
6117,6048
6100,6048
6104,6052
6098,6047
6104,6054
6108,6055
6115,6046
6098,6059
6105,6039
6108,6058
6106,6055
6103,6052
6105,6048
6107,6044
6108,6050
6108,6059
6116,6045
6104,6047
6108,6041
6098,6063
6106,6063
6107,6052
6096,6044
6107,6039
6101,6056
6108,6044
6107,6032
6107,6037
6097,6046
6110,6037
6107,6045
6111,6063
6106,6039
6107,6061
6104,6048
6105,6049
6104,6062
6106,6075
6104,6055
6094,6059
6103,6043
6100,6049
6118,6048
6109,6050
6106,6042
6109,6052
6110,6055
6105,6052
6105,6051
6095,6047
6109,6054
6091,6051
6097,6043
6099,6036
6106,6049
6104,6049
6101,6064
6112,6047
6107,6041
6107,6046
6099,6042
6102,6044
6112,6054
6099,6059
6115,6061
6100,6039
6106,6047
6107,6034
6109,6042
6119,6052
6106,6050
6098,6045
6109,6048
6096,6047
6097,6055
6099,6031
6115,6047
6106,6049
6096,6041
6094,6042
6114,6037
6096,6041
6101,6044
6112,6057
6110,6049
6094,6046
6102,6035
6104,6044
6102,6033
6108,6048
6097,6052
6098,6049
6101,6053
6105,6064
6102,6050
6090,6055
6103,6042
6094,6058
6096,6057
6094,6042
6099,6038
6103,6035
6094,6046
6101,6051
6096,6046
6091,6041
6105,6047
6115,6046
6099,6052
6098,6033
6101,6045
6102,6052
6100,6054
6108,6049
6108,6045
6095,6044
6100,6052
6092,6041
6100,6050
6096,6056
6099,6044
6113,6045
6101,6042
6110,6048
6095,6053
6092,6053
6102,6057
6105,6036
6097,6050
6097,6075
6101,6043
6102,6047
6105,6056
6098,6058
6104,6049
6106,6053
6106,6045
6097,6035
6092,6054
6108,6050
6107,6055
6111,6049
6096,6070
6096,6045
6107,6056
6101,6049
6103,6047
6101,6060
6108,6062
6102,6055
6106,6051
6107,6055
6111,6061
6108,6055
6108,6047
6099,6057
6103,6051
6103,6043
6103,6059
6103,6045
6107,6055
6102,6060
6096,6059
6109,6043
6116,6061
6113,6052
6110,6056
6114,6055
6113,6060
6107,6050
6109,6053
6109,6053
6100,6055
6101,6053
6110,6056
6108,6053
6105,6048
6105,6054
6109,6053
6110,6050
6106,6036
6115,6051
6104,6060
6105,6047
6112,6060
6108,6049
6114,6050
6104,6066
6109,6055
6112,6048
6099,6039
6101,6034
6107,6041
6109,6048
6104,6067
6095,6055
6110,6031
6110,6062
6103,6053
6105,6050
6104,6037
6107,6056
6103,6050
6099,6068
6110,6046
6106,6052
6108,6049
6103,6047
6097,6062
6113,6049
6097,6058
6105,6052
6094,6028
6105,6037
6111,6051
6108,6051
6101,6046
6098,6049
6111,6055
6105,6054
6102,6057
6096,6056
6112,6048
6103,6045
6106,6061
6102,6038
6101,6050
6102,6045
6102,6035
6111,6046
6101,6054
6108,6037
6101,6050
6099,6052
6099,6038
6106,6062
6117,6054
6113,6048
6104,6060
6105,6052
6150,6063
6107,6055
6117,6047
6171,6093
6127,6077
6098,6037
6114,6055
6168,6109
6103,6066
6094,6030
6106,6042
6118,6065
6112,6052
6104,6050
6114,6040
6118,6041
6112,6052
6119,6056
6121,6044
6121,6048
6115,6040
6110,6046
6125,6055
6119,6042
6114,6049
6113,6049
6118,6052
6108,6050
6112,6048
6120,6038
6131,6050
6112,6067
6117,6054
6107,6044
6122,6037
6110,6061
6108,6048
6108,6057
6104,6058
6108,6060
6111,6051
6116,6046
6109,6049
6094,6045
6111,6050
6110,6032
6113,6050
6119,6059
6107,6057
6109,6052
6110,6052
6102,6043
6118,6050
6114,6060
6121,6047
6105,6044
6111,6055
6104,6056
6124,6052
6106,6052
6117,6047
6117,6051
6115,6043
6120,6053
6110,6049
6106,6045
6109,6050
6101,6051
6119,6052
6126,6051
6114,6059
6108,6043
6117,6031
6107,6046
6118,6054
6109,6050
6133,6049
6107,6041
6117,6042
6121,6056
6099,6046
6116,6043
6123,6044
6108,6047
6109,6045
6109,6046
6105,6056
6117,6059
6112,6048
6102,6063
6121,6053
6111,6061
6117,6059
6118,6054
6103,6054
6121,6050
6113,6055
6106,6050
6114,6053
6124,6048
6110,6057
6110,6039
6105,6060
6123,6035
6114,6033
6119,6047
6105,6059
6117,6057
6118,6055
6118,6052
6124,6043
6107,6048
6120,6050
6127,6051
6113,6053
6113,6054
6115,6044
6116,6051
6115,6053
6109,6053
6128,6050
6111,6058
6120,6046
6104,6072
6121,6052
6116,6051
6130,6051
6117,6054
6116,6050
6122,6067
6130,6056
6122,6045
6117,6055
6110,6055
6115,6060
6113,6060
6117,6047
6125,6049
6114,6059
6120,6056
6120,6064
6119,6055
6111,6048
6120,6054
6116,6049
6115,6046
6105,6061
6110,6053
6110,6053
6121,6045
6117,6054
6111,6063
6117,6054
6116,6045
6120,6037
6115,6047
6117,6053
6115,6045
6115,6055
6120,6058
6119,6058
6120,6057
6113,6060
6118,6048
6108,6058
6120,6055
6118,6055
6115,6060
6118,6055
6116,6048
6116,6048
6120,6046
6114,6063
6120,6057
6109,6057
6116,6064
6119,6055
6118,6060
6117,6049
6112,6066
6115,6049
6111,6063
6114,6053
6112,6059
6118,6062
6113,6056
6113,6041
6115,6033
6118,6056
6126,6056
6111,6045
6110,6056
6110,6056
6114,6041
6117,6054
6112,6052
6116,6048
6114,6051
6116,6055
6110,6053
6120,6050
6118,6047
6119,6057
6122,6060
6119,6050
6114,6047
6113,6049
6109,6051
6114,6045
6114,6056
6112,6050
6111,6054
6115,6036
6121,6052
6121,6052
6111,6054
6115,6054
6114,6060
6117,6059
0,33
0,61680
0,0
6113,6056
5600,5578
5598,5565
5605,5579
5605,5580
5604,5576
5598,5576
5596,5574
5602,5573
5818,5755
6319,6298
6280,6301
6308,6286
6295,6308
6274,6304
6289,6298
6287,6307
6282,6307
6293,6311
6296,6317
6302,6329
6304,6333
6294,6329
6291,6329
6317,6324
6302,6329
6293,6322
6283,6334
6321,6334
6313,6324
6313,6319
6289,6332
6280,6323
6303,6334
6281,6332
6280,6326
6295,6320
6298,6328
6307,6364
6303,6349
6283,6329
6288,6323
6273,6335
6280,6341
6278,6361
6269,6346
6297,6339
6305,6341
6306,6314
6289,6314
6285,6345
6290,6350
6293,6356
6303,6320
6293,6336
6303,6351
6302,6344
6320,6330
6327,6344
6310,6343
6314,6328
6297,6316
6284,6317
6272,6295
6288,6305
6302,6321
6305,6320
6289,6347
6309,6337
6307,6322
6300,6335
6295,6331
6290,6323
6294,6336
6288,6329
6298,6320
6298,6323
6291,6313
6314,6307
6299,6313
6300,6333
6298,6333
6296,6346
6309,6329
6304,6321
6291,6319
6289,6324
6284,6349
6277,6359
6279,6323
6279,6332
6289,6331
6272,6338
6307,6347
6311,6348
6308,6351
6290,6317
6271,6341
6288,6318
6289,6326
6300,6329
6293,6312
6299,6318
6299,6314
6285,6295
6276,6314
6284,6329
6293,6335
6310,6295
6303,6326
6292,6340
6273,6343
6274,6353
6292,6333
6296,6344
6279,6350
6299,6331
6301,6312
6294,6344
6275,6305
6288,6334
6285,6366
6292,6371
6292,6338
6283,6338
6279,6332
6279,6350
6300,6353
6295,6327
6287,6321
6292,6327
6289,6336
6288,6354
6287,6357
6290,6321
6297,6357
6305,6320
6297,6345
6301,6323
6285,6340
6292,6361
6276,6348
6288,6342
6287,6349
6273,6343
6292,6332
6293,6348
6303,6333
6291,6353
6275,6331
6275,6328
6279,6332
6285,6329
6299,6330
6310,6324
6285,6351
6299,6366
6271,6330
6290,6339
6289,6336
6279,6322
6276,6330
6259,6324
6304,6331
6292,6361
6279,6350
6291,6349
6302,6358
6278,6341
6262,6338
6274,6341
6267,6330
6267,6349
6279,6345
6293,6345
6310,6331
6286,6360
6285,6358
6279,6355
6260,6362
6277,6340
6281,6351
6283,6333
6275,6321
6279,6319
6290,6338
6288,6329
6274,6325
6283,6361
6276,6369
6281,6378
6276,6375
6266,6350
6274,6359
6284,6368
6276,6386
6267,6344
6290,6361
6278,6348
6275,6345
6272,6349
6102,6170
6263,6431
6227,6328
6346,6423
6305,6393
6373,6504
6272,6407
6275,6362
6304,6415
6259,6364
6260,6353
6282,6353
6273,6378
6281,6363
6274,6375
6274,6361
6271,6381
6268,6382
6256,6366
6264,6391
6260,6364
6276,6363
6255,6374
6258,6386
6259,6367
6258,6368
6255,6375
6272,6385
6274,6388
6258,6383
6250,6363
6261,6353
6265,6376
6252,6375
6256,6359
6259,6366
6256,6401
6269,6371
6241,6368
6239,6391
6271,6385
6259,6406
6247,6403
6267,6422
6263,6410
6248,6390
6244,6406
6248,6407
6283,6399
6264,6379
6245,6364
6241,6380
6264,6379
6256,6371
6274,6375
6266,6415
6275,6420
6247,6404
6254,6383
6260,6384
6260,6372
6241,6383
6259,6369
6262,6368
6246,6349
6250,6335
6251,6357
6239,6351
6240,6359
6236,6395
6253,6392
6231,6392
6229,6381
6232,6377
6251,6386
6251,6403
6250,6399
6249,6383
6241,6427
6251,6401
6239,6388
6259,6412
6237,6403
6239,6383
6243,6359
6239,6406
6246,6394
6231,6389
6240,6390
6240,6386
6243,6389
6236,6365
6244,6370
6251,6335
6254,6374
6242,6421
6239,6395
6230,6393
6235,6391
6247,6387
6249,6393
6248,6384
6241,6383
6239,6385
6244,6394
6240,6400
6232,6379
6215,6384
6231,6380
6226,6364
6231,6351
6238,6353
6244,6355
6248,6377
6240,6374
6240,6423
6235,6404
6231,6405
6237,6429
6230,6419
6233,6418
6235,6408
6237,6406
6216,6388
6233,6400
6228,6400
6242,6385
6237,6406
6235,6407
6237,6411
6236,6405
6233,6410
6228,6410
6241,6403
6247,6373
6242,6388
6235,6382
6257,6383
6229,6380
6234,6370
6235,6390
6228,6403
6233,6385
6218,6409
6234,6385
6227,6425
6232,6371
6227,6360
6218,6357
6221,6371
6229,6355
6215,6358
6235,6352
6233,6398
6237,6394
6237,6401
6228,6431
6222,6397
6224,6404
6218,6385
6241,6408
6222,6401
6226,6412
6227,6342
6231,6402
6232,6413
6230,6418
6237,6411
6229,6434
6225,6416
6228,6400
6228,6392
6227,6387
6214,6417
6221,6398
6213,6414
6226,6429
6230,6423
6234,6434
6229,6437
6213,6422
6222,6429
6207,6422
6220,6446
6211,6440
6225,6425
6222,6409
6216,6431
6223,6418
6217,6413
6230,6377
6221,6411
6234,6415
6227,6406
6213,6396
6224,6392
6218,6395
6234,6384
6217,6385
6213,6398
6226,6409
6211,6405
6219,6400
6225,6402
6226,6433
6217,6426
6224,6390
6217,6428
6225,6388
6220,6419
6217,6441
6210,6401
6232,6422
6226,6417
6220,6403
6225,6378
6211,6378
6209,6375
6216,6361
6227,6378
6231,6334
6206,6366
6223,6370
6222,6364
6239,6386
6231,6386
6226,6386
6220,6399
6220,6392
6218,6395
6222,6393
6228,6394
6227,6416
6222,6400
6226,6439
6221,6450
6223,6440
6214,6423
6219,6444
6214,6418
6215,6427
6221,6422
6219,6431
6236,6430
6230,6421
6223,6402
6222,6395
6204,6413
6217,6410
6219,6405
6225,6410
6220,6397
6214,6404
6216,6418
6219,6424
6227,6406
6227,6420
6216,6409
6211,6400
6224,6403
6218,6403
6205,6413
6224,6403
6214,6403
6234,6384
6222,6393
6220,6408
6168,6599
6400,6597
6137,6289
6183,6315
6182,6336
6271,6416
6225,6387
6219,6399
6234,6409
6226,6434
6209,6413
6218,6407
6220,6397
6208,6378
6210,6386
6216,6398
6214,6374
6221,6383
6201,6374
6218,6356
6227,6358
6217,6370
6223,6366
6241,6361
6226,6382
6218,6383
6219,6387
6215,6383
6225,6391
6231,6387
6226,6396
6227,6374
6215,6374
6226,6381
6239,6372
6224,6387
6225,6375
6230,6382
6235,6397
6228,6408
6216,6386
6227,6375
6231,6360
6224,6377
6229,6398
6212,6387
6214,6385
6220,6390
6215,6383
6225,6388
6232,6375
6217,6358
6220,6373
6224,6343
6215,6385
6223,6361
6243,6351
6246,6346
6228,6385
6230,6378
6224,6380
6231,6367
6224,6385
6224,6385
6227,6384
6240,6379
6219,6386
6240,6352
6219,6358
6214,6368
6225,6387
6222,6375
6239,6370
6242,6362
6228,6346
6234,6354
6225,6353
6218,6339
6230,6343
6223,6349
6225,6350
6230,6345
6240,6365
6224,6377
6239,6359
6218,6359
6224,6361
6233,6351
6219,6335
6235,6360
6224,6342
6224,6363
6224,6357
6230,6355
6228,6370
6227,6346
6231,6352
6231,6367
6227,6362
6232,6369
6237,6377
6233,6382
6233,6354
6226,6365
6241,6335
6234,6340
6231,6329
6235,6321
6237,6314
6225,6328
6231,6327
6236,6346
6245,6357
6221,6335
6245,6328
6244,6311
6233,6341
6232,6343
6215,6324
6222,6337
6218,6329
6216,6340
6210,6331
6214,6344
6228,6364
6226,6330
6227,6360
6227,6338
6225,6339
6210,6340
6222,6352
6244,6358
6227,6351
6227,6328
6224,6318
6222,6332
6221,6330
6215,6348
6217,6362
6233,6339
6218,6341
6225,6344
6224,6351
6238,6330
6211,6336
6220,6332
6232,6346
6218,6353
6244,6352
6223,6325
6227,6333
6215,6339
6219,6334
6215,6372
6232,6348
6229,6358
6242,6347
6236,6353
6241,6349
6236,6342
6238,6336
6214,6339
6220,6334
6237,6331
6228,6342
6232,6332
6239,6337
6241,6339
6261,6368
6281,6339
6288,6324
6312,6346
6320,6366
6356,6356
6393,6366
6418,6338
6462,6308
6521,6321
6535,6336
6603,6348
6664,6338
6729,6341
6779,6326
6852,6343
6935,6335
7015,6331
7032,6346
7074,6349
7117,6351
7140,6351
7140,6331
7115,6338
7061,6327
7069,6329
7015,6319
7022,6333
6992,6347
6978,6329
6980,6356
6972,6353
6959,6344
6909,6338
6908,6351
6878,6339
6863,6352
6840,6355
6886,6334
6937,6338
7043,6358
7115,6367
7234,6358
7335,6346
7490,6385
7693,6376
7845,6361
7927,6396
8100,6403
8248,6403
8377,6425
8434,6458
8531,6476
8604,6488
8555,6521
8501,6538
8365,6535
8242,6565
8047,6593
7942,6604
7855,6616
7725,6702
7595,6755
7407,6825
7292,6920
7146,6979
7044,7071
6982,7155
6919,7184
6823,7251
6848,7327
6869,7388
6923,7386
7010,7457
7144,7514
7252,7483
7475,7516
7659,7507
7910,7486
8182,7515
8427,7470
8684,7405
8946,7364
9123,7243
9260,7179
9341,7097
9448,7018
9597,6944
9605,6881
9558,6833
9438,6798
9249,6815
9006,6797
8853,6784
8744,6827
8591,6923
8421,6994
8267,7341
8078,7191
7904,7304
7745,7445
7679,7570
7467,7626
7367,7816
7568,7735
7246,7996
7113,8115
7185,8148
7355,8256
7483,8276
7579,8280
7758,8273
7980,8217
8242,8137
8418,8102
8655,8032
8938,7909
9120,7751
9303,7637
9444,7505
9543,7407
9617,7316
9745,7248
9862,7155
9938,7105
9861,7020
9791,7028
9640,6999
9391,7061
9157,7121
8980,7204
8799,7328
8489,7463
8206,7574
7987,7710
7712,7815
7541,7964
7367,8152
7182,8262
7076,8360
6968,8439
6931,8517
6963,8649
7012,8777
7118,8792
7337,8911
7474,8869
7609,8803
7869,8685
8103,8566
8288,8461
8497,8258
8654,8061
8736,8033
8939,7873
9052,7704
9222,7513
9435,7360
9559,7194
9713,7116
9791,7046
9788,7002
9918,6968
9848,7050
9752,7118
9676,7207
9535,7361
9353,7517
9104,7620
8915,7802
8741,8011
8469,8164
8207,8322
7968,8390
7780,8586
7613,8764
7467,8903
7337,9015
7283,9077
7273,9036
7295,9047
7326,9065
7353,9011
7365,8927
7445,8779
7621,8647
7768,8457
7925,8249
8105,8095
8347,8002
8637,7853
8794,7727
8935,7629
9178,7515
9266,7405
9329,7281
9428,7138
9396,7101
9355,7045
9335,6978
9233,6959
9133,6939
9069,6947
8951,6960
8798,6993
8634,7078
8471,7202
8355,7326
8223,7501
7992,7653
7868,7863
7702,8072
7527,8182
7373,8342
7202,8422
7039,8439
6963,8340
6882,8333
6845,8285
6882,8270
6962,8225
7099,8165
7297,8085
7489,7987
7689,7926
7914,7889
8135,7728
8430,7599
8578,7510
8792,7367
8950,7244
9145,7084
9250,7014
9263,6912
9380,6861
9359,6878
9308,6834
9258,6896
9176,6939
8969,7035
8867,7137
8664,7236
8448,7355
8230,7530
8077,7636
7910,7763
7779,7892
7581,8037
7459,8192
7324,8283
7207,8387
7107,8529
7025,8641
6986,8772
6923,8897
6883,9010
6866,9106
6883,9125
6935,9143
7023,9065
7180,8928
7354,8817
7549,8595
7766,8486
8031,8274
8221,7993
8502,7728
8839,7566
9020,7333
9072,7177
9222,6999
9295,6857
9289,6735
9291,6682
9236,6695
9244,6752
9165,6824
9042,6950
8866,7027
8715,7152
8498,7230
8290,7312
8095,7465
7920,7584
7715,7705
7564,7872
7461,7948
7277,8114
7194,8279
7039,8446
6988,8624
6948,8707
6897,8741
6854,8852
6901,8872
6919,8950
6931,8948
7020,8955
7118,8835
7201,8682
7317,8569
7509,8406
7677,8166
7843,8011
8079,7808
8308,7551
8497,7328
8698,7186
8864,7002
8971,6890
9134,6787
9190,6746
9256,6719
9404,6724
9393,6750
9257,6770
9150,6875
8913,6946
8678,7065
8525,7155
8306,7297
8080,7426
7877,7531
7675,7656
7511,7694
7369,7766
7258,7834
7133,7920
7021,8021
6969,7993
6921,8017
6876,8027
6881,8070
6886,8044
6959,8006
7008,7984
7158,7873
7276,7765
7444,7641
7590,7551
7801,7481
7994,7375
8174,7259
8306,7141
8447,6974
8494,6876
8588,6776
8613,6732
8705,6684
8711,6608
8727,6587
8747,6607
8664,6643
8608,6697
8496,6760
8519,6846
8343,6949
8322,7094
8130,7279
8006,7407
7854,7526
7721,7636
7479,7823
7306,7902
7179,8014
7073,8020
7001,8047
6924,8098
6882,8055
6864,8076
6864,8129
6826,7988
6924,7968
7176,7921
7244,7787
7385,7649
7637,7567
7770,7430
7978,7394
8249,7219
8425,7149
8580,7042
8712,6937
8842,6864
8899,6785
8975,6749
9094,6704
9088,6689
9069,6694
9012,6701
8843,6731
8743,6756
8518,6817
8259,6902
8105,6959
7964,7046
7792,7193
7646,7253
7511,7405
7328,7524
7219,7691
7128,7794
6984,7963
6912,8068
6912,8117
6869,8208
6891,8289
6904,8370
6947,8368
7044,8305
7080,8262
7187,8167
7308,8083
7406,7931
7540,7792
7730,7628
7894,7502
8084,7408
8283,7184
8507,7037
8559,6930
8774,6839
8917,6752
9008,6703
9139,6679
9190,6680
9233,6720
9250,6805
9253,6894
9193,7020
9021,7088
8898,7242
8778,7360
8477,7426
8326,7544
8141,7662
7882,7773
7725,7922
7491,8021
7268,7995
7166,7998
7053,8024
6993,8112
7019,8117
6979,8188
7061,8145
7105,8193
7165,8143
7244,8056
7338,7952
7433,7838
7578,7675
7736,7533
7920,7404
8057,7259
8234,7161
8469,7052
8587,6950
8628,6862
8798,6827
8962,6751
9055,6708
9032,6701
8990,6744
8982,6790
8870,6831
8777,6952
8670,7044
8540,7161
8393,7308
8240,7465
8096,7666
7957,7842
7768,7976
7634,8205
7424,8387
7274,8511
7160,8623
7066,8719
6949,8743
6854,8654
6860,8707
6872,8711
6899,8612
7021,8571
7032,8438
7077,8343
7204,8175
7369,8010
7513,7912
7631,7716
7776,7539
7925,7426
8094,7287
8286,7182
8431,7112
8618,7010
8750,6968
8887,6870
8964,6776
8910,6682
8973,6644
8890,6630
8912,6624
8840,6660
8766,6743
8608,6818
8431,6863
8268,7028
8128,7151
7962,7280
7759,7375
7545,7467
7386,7545
7200,7596
7054,7690
6982,7760
6908,7791
6889,7834
6887,7848
6989,7865
7072,7887
7149,7851
7315,7785
7451,7768
7603,7668
7843,7584
8137,7490
8389,7420
8606,7220
8847,7133
9094,6995
9286,6952
9428,6833
9617,6729
9698,6637
9882,6598
9837,6566
9796,6519
9741,6538
9558,6541
9472,6601
9332,6694
9135,6805
8957,6915
8763,7064
8467,7198
8122,7382
7927,7568
7713,7787
7441,7874
7197,8064
7062,8219
6950,8337
6885,8404
6834,8468
6865,8470
6880,8482
6919,8407
6991,8350
7091,8342
7211,8269
7367,8175
7575,7991
7682,7867
7891,7682
8026,7575
8220,7430
8367,7276
8608,7122
8774,7027
8925,6905
9093,6820
9197,6741
9229,6705
9159,6684
9117,6690
9128,6713
8969,6744
8968,6856
8792,6988
8664,7151
8495,7323
8304,7531
8082,7741
7906,7933
7751,8091
7551,8182
7415,8334
7241,8472
7158,8460
7057,8596
7008,8723
7011,8759
6978,8732
7004,8770
7061,8736
7135,8647
7205,8568
7414,8550
7556,8358
7692,8186
7844,8143
8022,7991
8307,7863
8557,7680
8862,7548
9044,7369
9235,7242
9359,7095
9506,6999
9746,6908
9880,6835
10004,6794
10053,6733
10032,6800
10049,6843
10013,6907
9875,6949
9771,7103
9637,7212
9457,7363
9154,7442
8889,7604
8593,7766
8338,7913
8014,8023
7705,8068
7553,8272
7358,8382
7204,8454
7139,8466
7101,8521
7151,8498
7200,8465
7259,8471
7363,8422
7511,8403
7570,8333
7893,8208
7983,7735
8705,8318
8636,7831
9159,7631
9402,7501
9910,7465
10174,7312
10521,7163
10965,7026
11420,6923
11660,6891
11851,6926
11787,6885
11646,6968
11402,7022
11153,7161
10966,7277
10451,7393
9967,7608
9520,7780
9166,8001
8826,8210
8512,8396
8183,8585
7947,8891
7796,9186
7612,9355
7545,9459
7446,9522
7469,9558
7515,9657
7566,9776
7646,9749
7851,9625
8004,9481
8239,9282
8596,9116
9035,9085
9333,8927
9619,8824
9942,8571
10353,8321
10710,8076
10941,7835
11051,7560
11161,7324
11122,7097
11154,6924
11039,6778
10991,6720
10852,6717
10736,6795
10649,6945
10509,7179
10398,7469
10177,7778
9885,8131
9522,8472
9221,8765
8965,9048
8809,9269
8540,9474
8316,9608
8195,9744
8021,9820
7912,9935
7795,9939
7740,9887
7670,9922
7724,9930
7797,9831
7962,9860
8182,9651
8447,9570
8795,9452
9127,9207
9332,8976
9732,8693
10121,8409
10500,8145
10908,7933
11209,7765
11294,7664
11338,7541
11507,7446
11521,7375
11415,7353
11222,7370
11014,7318
10710,7342
10478,7386
10146,7465
9907,7548
9513,7647
9179,7804
8905,7994
8559,8203
8261,8348
7994,8460
7762,8700
7594,8902
7428,9160
7370,9291
7301,9384
7329,9489
7403,9398
7467,9545
7555,9687
7621,9793
7773,9718
7932,9567
8139,9382
8418,9166
8694,8929
8965,8740
9231,8451
9383,8176
9596,7970
9841,7738
9899,7497
9869,7289
9927,7181
10101,7071
10127,7093
10068,7110
9992,7138
9978,7235
9788,7360
9399,7585
8949,7799
8602,7956
8183,8203
7823,8450
7590,8685
7245,8841
7032,8989
6849,9184
6654,9297
6458,9438
6331,9617
6250,9678
6209,9668
6164,9585
6169,9582
6161,9460
6164,9367
6162,9308
6147,9075
6153,8828
6157,8663
6148,8537
6150,8353
6150,8196
6152,8014
6159,7874
6144,7694
6142,7523
6138,7382
6138,7309
6129,7200
6120,7058
6133,7007
6140,7015
6127,7072
6128,7219
6118,7428
6128,7619
6122,7842
6126,8103
6134,8311
6127,8536
6120,8726
6126,8869
6117,8932
6125,8845
6118,8813
6121,8714
6120,8656
6114,8488
6124,8284
6109,8057
6121,7992
6118,7902
6114,7778
6114,7521
6119,7247
6127,7082
6115,7025
6126,6879
6122,6595
6118,6478
6105,6372
6115,6279
6113,6234
6125,6217
6117,6195
6100,6177
6111,6181
6118,6157
6097,6169
6108,6166
6112,6169
6101,6160
6114,6179
6115,6177
6104,6190
6113,6187
6113,6186
6109,6179
6100,6137
6105,6124
6098,6105
6103,6088
6104,6079
6112,6072
6104,6078
6118,6079
6102,6063
6114,6075
6110,6069
6110,6065
6110,6070
6110,6065
6108,6057
6099,6064
6099,6064
6112,6060
6107,6075
6105,6058
6115,6051
6111,6057
6105,6056
6100,6076
6112,6069
6117,6046
6108,6063
6106,6065
6105,6062
6099,6064
6106,6063
6101,6047
6102,6050
6103,6063
6113,6060
6100,6044
6103,6057
6105,6054
6110,6055
6112,6061
6120,6053
6107,6044
6112,6050
6105,6060
6117,6056
6121,6062
6116,6058
6107,6056
6127,6057
6113,6051
6107,6064
6119,6057
6112,6063
6110,6059
6119,6050
6094,6056
6110,6051
6114,6057
6097,5946
6142,5938
6096,6014
6129,6038
6130,6042
6115,6055
6100,6039
6094,6038
6130,6055
6121,6066
6112,6053
6119,6042
6105,6040
6114,6049
6105,6058
6098,6051
6111,6048
6114,6055
6108,6052
6112,6046
6114,6046
6107,6039
6116,6051
6115,6047
6104,6050
6118,6037
6111,6051
6112,6046
6109,6053
6111,6056
6112,6043
6107,6054
6111,6052
6103,6024
6104,6048
6117,6055
6120,6050
6109,6047
6108,6044
6100,6040
6104,6051
6105,6042
6111,6047
6110,6040
6112,6040
6108,6047
6112,6054
6103,6051
6107,6059
6100,6042
6103,6054
6112,6054
6118,6043
6105,6053
6097,6051
6099,6046
6105,6047
6106,6058
6113,6049
6098,6051
6105,6047
6112,6056
6110,6053
6099,6050
6111,6048
6102,6038
6105,6067
6105,6053
6101,6052
6099,6054
6097,6056
6113,6053
6103,6031
6101,6053
6100,6063
6108,6038
6115,6044
6118,6042
6109,6051
6104,6057
6099,6045
6103,6047
6104,6053
6104,6048
6107,6055
6097,6038
6098,6050
6114,6050
6111,6046
6099,6041
6106,6051
6107,6051
6099,6044
6105,6047
6093,6055
6097,6050
6107,6054
6101,6060
6097,6053
6097,6049
6108,6053
6098,6045
6106,6051
6101,6059
6109,6042
6107,6051
6095,6046
6103,6056
6102,6042
6099,6056
6104,6056
6102,6052
6104,6055
6095,6053
6099,6046
6114,6048
6103,6054
6102,6049
6097,6038
6095,6045
6099,6048
6100,6036
6114,6052
6108,6047
6108,6048
6102,6042
6113,6041
6104,6050
6107,6045
6100,6058
6103,6048
6097,6048
6103,6052
6102,6049
6096,6048
6102,6053
6096,6054
6102,6058
6092,6052
6105,6048
6103,6055
6094,6047
6099,6040
6108,6044
6100,6049
6094,6044
6105,6045
6107,6056
6101,6030
6098,6065
6103,6050
6099,6044
6101,6041
6107,6045
6099,6055
6098,6049
6106,6056
6093,6048
6096,6041
6105,6050
6103,6052
6096,6053
6100,6052
6093,6047
6099,6041
6100,6034
6091,6037
6106,6059
6101,6028
6112,6047
6098,6041
6095,6045
6108,6050
6097,6057
6097,6045
6109,6047
6106,6046
6104,6051
6105,6052
6097,6063
6104,6053
6108,6049
6101,6056
6102,6050
6102,6044
6110,6054
6108,6036
6106,6053
6104,6060
6102,6051
6103,6056
6109,6048
6106,6042
6107,6061
6111,6058
6109,6043
6107,6048
6113,6049
6110,6047
6108,6055
6103,6055
6115,6050
6102,6053
6098,6049
6107,6058
6106,6043
6118,6059
6111,6059
6106,6053
6111,6052
6115,6057
6111,6061
6106,6048
6113,6059
6116,6062
6107,6048
6110,6056
6112,6058
6106,6047
6105,6041
6123,6060
6111,6054
6107,6050
6104,6054
6109,6049
6101,6051
6110,6049
6112,6054
6101,6069
6102,6035
6105,6056
6110,6044
6113,6049
6099,6062
6107,6058
6102,6038
6103,6049
6101,6050
6102,6058
6111,6049
6110,6052
6102,6031
6107,6049
6106,6052
6100,6059
6102,6047
6105,6042
6105,6046
6109,6053
6100,6050
6103,6054
6104,6054
6102,6054
6105,6047
6102,6059
6103,6047
6094,6043
6107,6041
6097,6036
6101,6055
6113,6055
6100,6069
6099,6056
6104,6044
6113,6053
6106,6039
6107,6053
6100,6036
6110,6050
6030,6009
6045,6014
6019,5955
6046,6039
5961,5932
6113,6045
5975,5944
6087,6053
6127,6075
6110,6060
6094,6035
6103,6045
6099,6055
6119,6049
6113,6043
6111,6053
6106,6049
6098,6048
6102,6051
6113,6049
6111,6054
6114,6057
6100,6052
6106,6044
6113,6052
6116,6041
6115,6053
6102,6047
6102,6048
6122,6051
6113,6040
6106,6056
6117,6050
6124,6045
6111,6065
6119,6037
6122,6031
6109,6049
6110,6049
6119,6048
6112,6056
6111,6054
6112,6051
6110,6055
6116,6048
6119,6049
6108,6042
6122,6054
6110,6057
6119,6053
6107,6054
6107,6049
6108,6055
6116,6048
6103,6053
6103,6042
6115,6060
6108,6053
6109,6052
6106,6043
6104,6047
6103,6038
6105,6049
6109,6038
6113,6049
6098,6059
6106,6063
6118,6050
6103,6054
6106,6041
6119,6054
6114,6051
6112,6040
6111,6050
6105,6053
6122,6053
6106,6046
6113,6034
6117,6040
6111,6046
6121,6041
6108,6056
6107,6047
6107,6052
6103,6040
6112,6056
6107,6053
6113,6051
6103,6042
6111,6042
6111,6037
6110,6063
6103,6046
6110,6057
6110,6051
6115,6041
6115,6044
6108,6041
6118,6044
6118,6043
6096,6055
6112,6046
6111,6055
6111,6054
6117,6056
6110,6054
6113,6051
6116,6046
6114,6046
6115,6053
6105,6053
6104,6044
6109,6053
6114,6053
6098,6036
6111,6049
6116,6068
6119,6051
6105,6050
6115,6057
6112,6050
6109,6054
6116,6062
6111,6036
6118,6060
6116,6063
6122,6056
6117,6057
6104,6044
6119,6067
6123,6056
6114,6062
6103,6061
6115,6045
6115,6046
6118,6051
6114,6052
6122,6057
6127,6049
6120,6063
6114,6058
6126,6055
6110,6057
6114,6054
6115,6064
6110,6056
6128,6061
6120,6057
6113,6058
6116,6060
6119,6045
6115,6062
6115,6062
6120,6065
6121,6050
6118,6051
6118,6058
6117,6059
6118,6066
6116,6057
6118,6058
6112,6054
6106,6055
6116,6058
6119,6060
6106,6060
6122,6056
6120,6044
6120,6055
6118,6061
6117,6047
6121,6054
6107,6066
6117,6054
6117,6054
6117,6050
6115,6063
6117,6053
6109,6062
6120,6053
6118,6052
6124,6050
6114,6051
6117,6052
6121,6060
6117,6063
6114,6063
6115,6060
6118,6059
6121,6052
6118,6060
6117,6053
6113,6061
6117,6038
6116,6054
6114,6066
6114,6066
6113,6054
6113,6056
6108,6054
6112,6049
6123,6064
6120,6061
6117,6057
6120,6049
6116,6051
6121,6047
6106,6077
6113,6053
6115,6054
6120,6057
6114,6052
6114,6061
6112,6056
6117,6052
6114,6053
6119,6056
6120,6057
6120,6057
6119,6054
6109,6056
6115,6056
6120,6046
6111,6061
6118,6053
6118,6055
6114,6045
6118,6053
6113,6057
6126,6051
6121,6053
6120,6051
6119,6046
6120,6047
6125,6054
6114,6061
0,33
0,61680
0,0
6118,6060
5590,5592
5605,5584
5616,5581
5604,5576
5610,5566
5599,5579
5599,5567
5601,5568
5819,5753
6328,6296
6284,6294
6312,6282
6310,6305
6278,6312
6290,6286
6285,6301
6285,6306
6286,6322
6304,6326
6294,6328
6304,6324
6298,6343
6307,6330
6313,6327
6298,6333
6294,6347
6288,6331
6310,6335
6307,6325
6296,6317
6306,6314
6268,6310
6288,6321
6278,6322
6290,6336
6293,6320
6302,6343
6301,6372
6302,6372
6296,6323
6282,6333
6280,6341
6268,6330
6288,6361
6275,6342
6306,6347
6294,6345
6303,6293
6290,6310
6291,6340
6274,6363
6291,6360
6306,6346
6287,6337
6307,6355
6291,6335
6315,6247
6318,6329
6299,6347
6326,6334
6315,6320
6270,6316
6273,6295
6273,6302
6306,6321
6309,6347
6304,6342
6307,6318
6301,6322
6308,6339
6295,6324
6292,6305
6288,6337
6297,6305
6300,6325
6304,6334
6291,6320
6301,6284
6303,6313
6306,6321
6279,6339
6290,6357
6305,6340
6319,6300
6289,6327
6276,6331
6275,6351
6289,6345
6289,6305
6273,6314
6296,6318
6295,6332
6298,6356
6297,6358
6310,6362
6286,6338
6284,6328
6293,6316
6279,6329
6306,6338
6290,6311
6298,6319
6298,6326
6283,6325
6290,6324
6287,6328
6296,6328
6317,6327
6302,6337
6292,6332
6265,6332
6280,6350
6302,6322
6290,6331
6293,6366
6301,6322
6306,6322
6295,6323
6289,6295
6297,6328
6295,6353
6306,6370
6306,6335
6290,6324
6277,6351
6292,6353
6311,6345
6290,6319
6294,6311
6292,6332
6277,6354
6288,6350
6290,6358
6300,6321
6313,6340
6299,6316
6297,6303
6285,6318
6287,6323
6293,6358
6286,6346
6286,6358
6282,6345
6279,6337
6296,6355
6302,6345
6294,6346
6291,6347
6284,6342
6272,6321
6284,6333
6289,6332
6292,6334
6317,6330
6292,6340
6281,6356
6292,6350
6296,6344
6296,6325
6276,6324
6279,6338
6263,6322
6292,6358
6289,6355
6300,6351
6300,6351
6306,6358
6281,6342
6259,6320
6271,6336
6272,6344
6275,6352
6269,6335
6288,6324
6297,6335
6293,6344
6281,6340
6273,6372
6281,6370
6280,6338
6345,6415
6235,6274
6294,6310
6282,6329
6358,6379
6277,6251
6281,6338
6291,6371
6286,6368
6283,6384
6275,6343
6269,6372
6276,6373
6283,6364
6280,6380
6270,6359
6277,6355
6269,6360
6275,6349
6279,6363
6277,6390
6270,6379
6266,6371
6264,6359
6284,6399
6267,6386
6274,6358
6267,6376
6246,6377
6258,6366
6272,6370
6288,6347
6278,6393
6272,6368
6265,6364
6285,6356
6279,6383
6265,6404
6260,6392
6260,6364
6261,6378
6279,6360
6262,6366
6253,6367
6265,6345
6256,6366
6263,6388
6270,6388
6271,6370
6260,6391
6281,6363
6256,6364
6276,6360
6247,6368
6244,6370
6251,6385
6262,6392
6247,6367
6245,6369
6252,6401
6261,6388
6264,6368
6244,6396
6247,6409
6266,6418
6245,6395
6258,6416
6263,6404
6283,6376
6263,6378
6241,6364
6258,6372
6265,6385
6233,6369
6270,6377
6259,6421
6279,6431
6264,6396
6247,6393
6243,6375
6256,6397
6257,6381
6255,6371
6241,6368
6256,6351
6243,6340
6249,6372
6241,6353
6255,6380
6238,6394
6252,6398
6235,6380
6232,6405
6228,6391
6248,6400
6253,6395
6268,6408
6256,6384
6240,6409
6247,6404
6256,6388
6249,6404
6246,6404
6242,6386
6246,6376
6239,6407
6243,6366
6229,6354
6244,6416
6251,6389
6253,6393
6249,6373
6256,6383
6239,6358
6242,6375
6242,6418
6237,6394
6249,6384
6252,6390
6236,6369
6236,6395
6244,6382
6237,6378
6238,6397
6240,6403
6244,6407
6230,6378
6234,6360
6236,6383
6230,6367
6237,6345
6241,6348
6236,6346
6255,6359
6247,6372
6242,6411
6223,6396
6239,6402
6232,6432
6235,6414
6235,6419
6240,6395
6237,6407
6208,6403
6232,6391
6227,6396
6231,6387
6245,6414
6240,6398
6240,6397
6237,6392
6223,6406
6219,6403
6237,6403
6233,6383
6232,6386
6238,6384
6263,6387
6228,6385
6232,6359
6234,6395
6243,6403
