Channel 1,Channel 2
7527,8267
7651,8272
7914,8201
8106,8206
8313,8154
8534,8102
8839,7946
9100,7829
9302,7714
9495,7524
9530,7461
9630,7342
9801,7297
9907,7165
10010,7099
9918,7044
9874,6994
9785,6986
9517,7008
9308,7047
9111,7125
8896,7226
8585,7313
8318,7440
8105,7598
7789,7735
7671,7876
7466,8046
7308,8169
7167,8248
7028,8345
6952,8419
6975,8614
7008,8655
7095,8745
7248,8816
7398,8792
7636,8742
7826,8624
8052,8535
8261,8536
8491,8309
8641,8162
8763,8029
8944,7913
9122,7785
9265,7621
9448,7417
9660,7234
9769,7145
9965,7048
9933,6981
10018,6944
9984,6991
9905,7060
9869,7153
9720,7276
9517,7422
9332,7573
9114,7725
8947,7948
8704,8072
8403,8202
8130,8329
7923,8502
7778,8665
7596,8853
7449,8980
7368,9004
7351,9054
7315,9115
7394,9120
7350,9057
7354,8968
7452,8845
7551,8710
7712,8550
7826,8327
7985,8185
8209,7974
8489,7922
8713,7807
8859,7683
9050,7543
9212,7427
9257,7242
9362,7196
9375,7118
9379,7052
9327,6974
9279,6941
9192,6906
9136,6916
9027,6934
8908,6969
8741,7025
8523,7113
8454,7229
8314,7385
8127,7552
7884,7745
7733,7946
7584,8141
7430,8249
7249,8378
7091,8375
6984,8304
6913,8263
6840,8237
6859,8224
6883,8183
7015,8112
7170,8069
7328,8008
7617,7945
7873,7878
8095,7767
8378,7592
8575,7468
8793,7398
8987,7231
9207,7145
9303,7028
9352,6934
9370,6870
9388,6866
9380,6851
9308,6851
9272,6919
9082,7004
8873,7113
8665,7161
8501,7276
8287,7415
8062,7495
7901,7670
7743,7793
7630,7970
7488,8113
7320,8169
7204,8317
7115,8496
7045,8631
6973,8707
6952,8826
6900,9007
6900,9082
6901,9170
6966,9148
7013,9082
7159,8988
7347,8874
7571,8693
7736,8512
7963,8300
8215,8084
8516,7857
8832,7681
9095,7449
9134,7279
9277,7074
9358,6877
9361,6781
9378,6695
9329,6716
9284,6717
9203,6781
9107,6900
8962,7042
8827,7137
8596,7233
8363,7328
8163,7431
7958,7545
7785,7692
7587,7817
7455,7885
7288,8058
7176,8225
7050,8414
7023,8557
6965,8587
6912,8647
6886,8784
6904,8819
6909,8875
6938,8897
7016,8894
7088,8811
7201,8688
7290,8587
7436,8354
7596,8211
7800,8044
7971,7843
8249,7560
8402,7382
8603,7195
8767,7049
8955,6921
9065,6814
9094,6733
9206,6705
9329,6701
9338,6739
9273,6790
9135,6844
8963,6915
8756,7037
8491,7156
8312,7286
8101,7384
7896,7511
7672,7578
7506,7684
7411,7745
7272,7798
7150,7932
7059,7963
6987,8004
6935,8007
6889,8020
6906,8041
6932,8057
6962,7976
7056,7968
7161,7938
7271,7757
7410,7647
7611,7563
7810,7478
7991,7362
8177,7256
8297,7147
8452,7050
8478,6906
8623,6778
8626,6721
8738,6656
8744,6618
8806,6625
8732,6596
8639,6641
8655,6695
8536,6794
8454,6842
8385,6973
8349,7080
8193,7259
8104,7450
7912,7568
7743,7678
7571,7800
7353,7959
7206,8012
7112,8069
7026,8077
6935,8114
6882,8083
6839,8110
6843,8137
6905,8054
7010,8001
7090,7885
7233,7935
7362,7734
7586,7580
7765,7454
7975,7354
8176,7227
8438,7141
8611,7039
8692,6946
8903,6867
8845,6766
8886,6734
9076,6726
9082,6717
9044,6684
8986,6696
8775,6735
8688,6784
8484,6821
8267,6890
8102,6957
7930,7038
7747,7143
7588,7245
7452,7368
7317,7536
7173,7657
7084,7830
6993,7932
6898,8042
6878,8136
6897,8221
6902,8355
6931,8424
6957,8433
7032,8424
7102,8289
7210,8233
7302,8117
7436,7978
7509,7812
7719,7642
7859,7524
8046,7388
8209,7229
8382,7086
8537,6983
8635,6860
8763,6787
8869,6708
8956,6689
9026,6663
9124,6721
9099,6762
9098,6856
9081,6983
8940,7117
8842,7254
8612,7323
8400,7437
8201,7550
8018,7677
7798,7759
7620,7847
7408,7922
7248,7952
7131,7948
7046,8053
6966,8110
6990,8116
6966,8168
7046,8127
7092,8120
7179,8090
7298,7965
7371,7913
7499,7818
7595,7640
7768,7540
7997,7409
8171,7282
8344,7163
8488,7071
8615,6978
8666,6899
8777,6825
9016,6789
9051,6749
9047,6734
9027,6771
9015,6801
8892,6853
8741,6944
8575,7065
8551,7176
8331,7290
8195,7461
8039,7673
7904,7834
7693,8013
7564,8185
7409,8419
7266,8469
7127,8647
6985,8765
6903,8837
6872,8779
6870,8762
6863,8803
6903,8692
7003,8591
6954,8486
7062,8432
7223,8266
7358,8002
7450,7884
7582,7764
7734,7577
7823,7447
8025,7266
8265,7192
8394,7120
8564,6999
8704,6951
8817,6835
8921,6775
8905,6698
8907,6668
8885,6661
8856,6665
8817,6697
8701,6741
8545,6870
8369,6924
8189,7070
8122,7199
7968,7351
7772,7438
7574,7545
7387,7604
7177,7649
7040,7756
6952,7846
6906,7862
6922,7865
6914,7881
6980,7901
7085,7909
7169,7851
7356,7797
7471,7744
7618,7665
7873,7557
8105,7460
8418,7383
8614,7280
8825,7163
9074,7065
9194,6955
9405,6859
9583,6775
9653,6646
9805,6619
9829,6591
9783,6550
9656,6545
9544,6546
9465,6626
9324,6723
9083,6817
8901,6926
8687,7081
8458,7199
8128,7369
7876,7583
7674,7775
7404,7890
7201,8069
7070,8182
6942,8311
6888,8393
6849,8389
6869,8424
6908,8402
6938,8356
7064,8295
7166,8277
7295,8217
7479,8072
7655,7904
7845,7759
8034,7592
8233,7457
8366,7349
8542,7189
8756,7095
8876,6985
9046,6849
9296,6821
9295,6724
9317,6697
9274,6688
9264,6715
9146,6709
9034,6770
8976,6849
8813,7015
8693,7178
8474,7332
8298,7561
8094,7788
7893,7919
7688,8127
7538,8281
7362,8398
7197,8512
7128,8585
7063,8653
7013,8719
7007,8771
6993,8771
7015,8722
7104,8676
7187,8617
7310,8556
7482,8421
7644,8312
7805,8165
7973,8088
8136,7962
8409,7821
8691,7607
8922,7504
9198,7328
9397,7205
9476,7053
9586,6940
9733,6865
9894,6786
10007,6770
10028,6738
10008,6791
10014,6809
9923,6908
9849,7008
9739,7168
9575,7239
9397,7371
9105,7501
8853,7653
8522,7804
8297,7930
7948,8065
7691,8120
7331,8176
7083,8077
7124,8418
7106,8479
7085,8519
7069,8451
7142,8432
7247,8428
7352,8366
7481,8350
7664,8282
7891,8200
8143,7989
8397,7849
8668,7732
9053,7600
9469,7489
9837,7363
10135,7215
10466,7084
10847,6987
11330,6910
11588,6865
11744,6849
11691,6889
11588,6954
11268,7048
11015,7205
10748,7339
10226,7463
9815,7677
9340,7864
8954,8052
8693,8298
8406,8482
8079,8694
7879,9004
7723,9318
7574,9464
7508,9600
7463,9625
7519,9691
7595,9781
7651,9920
7736,9868
7944,9704
8119,9544
8364,9325
8716,9195
9086,9084
9433,8993
9682,8842
9992,8576
10403,8266
10802,8003
11053,7804
11199,7584
11300,7310
11249,7099
11140,6928
11147,6796
11108,6757
10898,6767
10698,6865
10625,7036
10460,7233
10421,7574
10165,7886
9844,8211
9473,8587
9189,8862
8934,9094
8704,9332
8471,9439
8186,9694
8062,9778
7931,9827
7822,9836
7710,9877
7675,9815
7662,9790
7722,9798
7792,9734
7979,9686
8243,9557
8506,9449
8871,9215
9167,9042
9394,8790
9790,8526
10183,8216
10639,8002
10978,7828
11286,7685
11466,7527
11474,7444
11581,7332
11602,7310
11415,7247
11299,7310
11055,7307
10699,7336
10482,7375
10159,7477
9853,7557
9498,7707
9089,7897
8767,8063
8456,8258
8162,8367
7888,8551
7648,8727
7505,8951
7349,9203
7296,9362
7253,9473
7301,9457
7380,9435
7476,9576
7598,9653
7697,9705
7844,9701
8035,9520
8249,9354
8581,9131
8857,8817
9191,8630
9436,8400
9595,8070
9748,7861
10027,7657
9999,7401
9993,7214
10004,7085
10147,7045
10096,7025
10055,7069
10033,7182
9911,7262
9729,7402
9365,7646
8864,7844
8459,8106
8074,8341
7718,8549
7523,8761
7226,8926
7007,9070
6832,9244
6673,9365
6472,9451
6345,9601
6252,9729
6214,9714
6167,9588
6179,9554
6165,9355
6156,9302
6162,9235
6152,8954
6154,8732
6154,8578
6150,8382
6156,8207
6154,8069
6137,7907
6151,7703
6152,7509
6140,7379
6138,7262
6142,7210
6131,7136
6131,7025
6128,7073
6134,7050
6125,7112
6122,7274
6124,7464
6115,7736
6120,7958
6118,8216
6118,8490
6121,8673
6121,8858
6123,8996
6118,9007
6122,8957
6113,8896
6113,8760
6124,8681
6109,8558
6119,8297
6117,8067
6117,8013
6123,7929
6108,7735
6114,7483
6125,7254
6120,7072
6108,6992
6120,6817
6106,6574
6122,6425
6114,6340
6112,6264
6103,6222
6103,6194
6111,6187
6107,6187
6111,6166
6114,6156
6112,6162
6110,6163
6106,6177
6101,6157
6112,6188
6103,6177
6099,6198
6110,6188
6107,6187
6108,6179
6104,6156
6099,6126
6113,6113
6096,6073
6108,6083
6098,6080
6114,6069
6118,6081
6096,6066
6104,6083
6096,6051
6103,6074
6104,6065
6101,6067
6118,6078
6096,6064
6105,6072
6108,6074
6103,6073
6099,6066
6108,6057
6104,6064
6104,6067
6101,6057
6105,6080
6104,6065
6109,6066
6099,6060
6099,6052
6108,6053
6097,6062
6107,6061
6101,6063
6100,6053
6116,6057
6103,6069
6110,6071
6107,6063
6105,6068
6107,6049
6108,6061
6104,6066
6117,6060
6108,6052
6115,6054
6120,6050
6121,6059
6110,6049
6121,6057
6107,6039
6103,6054
6129,6073
6102,6042
6101,6052
6109,6050
6104,6053
6108,6056
6108,6057
6105,6053
6111,6032
6101,6035
6105,6048
6105,6063
6109,6048
6110,6046
6094,6049
6116,6046
6110,6053
6113,6052
6105,6048
6117,6044
6098,6056
6112,6055
6105,6033
6112,6059
6110,6040
6110,6055
6113,6053
6110,6049
6105,6042
6111,6052
6106,6054
6112,6048
6113,6046
6109,6059
6108,6039
6107,6058
6114,6039
6104,6052
6110,6046
6101,6062
6099,6038
6103,6054
6114,6048
6109,6054
6109,6048
6105,6054
6109,6052
6112,6048
6099,6045
6104,6051
6106,6045
6103,6050
6111,6045
6108,6051
6113,6048
6104,6060
6098,6053
6097,6053
6104,6037
6110,6047
6105,6049
6103,6041
6101,6043
6106,6051
6101,6061
6104,6056
6102,6057
6101,6046
6104,6057
6111,6051
6100,6053
6104,6044
6100,6048
6113,6057
6108,6052
6102,6036
6109,6055
6103,6042
6106,6060
6099,6046
6107,6033
6091,6052
6090,6048
6109,6047
6114,6047
6107,6058
6110,6052
6098,6049
6101,6050
6114,6041
6104,6050
6108,6045
6095,6047
6089,6057
6106,6043
6107,6045
6108,6044
6101,6056
6116,6055
6099,6046
6103,6057
6100,6055
6105,6045
6110,6057
6107,6047
6098,6017
6096,6044
6110,6034
6096,6040
6102,6062
6107,6047
6116,6058
6097,6053
6101,6046
6103,6045
6105,6046
6102,6053
6112,6046
6099,6047
6106,6052
6099,6044
6099,6034
6112,6046
6100,6048
6096,6042
6101,6047
6096,6050
6102,6036
6100,6041
6113,6057
6112,6050
6110,6052
6099,6052
6109,6052
6095,6052
6106,6045
6108,6051
6101,6051
6094,6044
6090,6026
6100,6051
6095,6044
6110,6039
6101,6046
6097,6047
6098,6053
6101,6057
6100,6045
6093,6049
6106,6050
6102,6052
6102,6050
6093,6047
6102,6051
6100,6052
6099,6049
6107,6050
6095,6054
6103,6037
6092,6053
6104,6058
6099,6054
6091,6051
6096,6060
6098,6051
6094,6047
6102,6060
6094,6057
6099,6044
6101,6038
6089,6043
6102,6034
6096,6045
6099,6047
6107,6054
6099,6054
6111,6061
6099,6052
6093,6051
6097,6058
6098,6054
6099,6053
6110,6052
6098,6040
6103,6057
6105,6045
6101,6053
6103,6041
6108,6055
6104,6042
6093,6061
6099,6037
6118,6056
6104,6051
6100,6061
6096,6055
6099,6062
6107,6052
6098,6051
6103,6046
6101,6061
6098,6060
6102,6041
6098,6059
6101,6051
6114,6050
6100,6055
6103,6054
6100,6063
6099,6041
6099,6055
6102,6072
6101,6049
6104,6060
6093,6053
6106,6061
6112,6052
6107,6047
6108,6059
6108,6054
6108,6068
6120,6066
6105,6045
6119,6048
6103,6062
6104,6049
6096,6050
6108,6051
6108,6046
6100,6042
6097,6039
6104,6050
6086,6039
6109,6053
6113,6055
6104,6055
6096,6051
6114,6059
6104,6048
6099,6042
6102,6050
6096,6038
6110,6043
6105,6045
6106,6049
6101,6049
6102,6038
6109,6051
6093,6055
6106,6057
6109,6057
6104,6048
6099,6047
6103,6057
6106,6051
6108,6050
6096,6053
6100,6050
6103,6050
6102,6044
6105,6047
6099,6049
6103,6048
6095,6056
6042,5852
6344,6355
6122,6021
6122,6062
6076,6015
6083,6053
6128,6079
6098,6039
6087,6030
6107,6044
6102,6057
6101,6035
6096,6064
6103,6044
6104,6044
6099,6046
6101,6055
6102,6048
6110,6051
6094,6056
6102,6061
6112,6055
6114,6056
6100,6045
6104,6051
6115,6052
6117,6050
6115,6060
6092,6041
6106,6045
6102,6048
6113,6043
6110,6058
6117,6058
6108,6053
6110,6052
6105,6049
6115,6057
6111,6054
6104,6051
6105,6054
6116,6049
6106,6057
6112,6038
6106,6047
6110,6064
6117,6046
6119,6050
6111,6051
6116,6043
6115,6056
6116,6064
6116,6053
6114,6061
6104,6040
6109,6038
6117,6048
6115,6040
6113,6043
6118,6056
6114,6055
6125,6053
6110,6058
6109,6060
6117,6054
6107,6059
6108,6054
6106,6055
6112,6053
6108,6053
6108,6042
6104,6032
6100,6052
6104,6058
6110,6033
6108,6053
6108,6052
6110,6053
6107,6054
6112,6041
6102,6041
6116,6041
6112,6061
6117,6049
6106,6047
6107,6065
6099,6052
6121,6048
6106,6046
6103,6038
6112,6044
6107,6055
6114,6057
6100,6057
6105,6056
6108,6057
6102,6053
6110,6042
6111,6050
6114,6044
6110,6038
6104,6036
6107,6050
6115,6042
6107,6054
6108,6063
6104,6061
6113,6040
6116,6054
6109,6044
6117,6045
6119,6051
6104,6061
6103,6052
6109,6055
6112,6052
6120,6050
6105,6063
6103,6057
6122,6048
6112,6040
6107,6061
6103,6052
6101,6050
6116,6055
6112,6044
6105,6046
6112,6048
6112,6051
6107,6057
6100,6048
6114,6054
6109,6056
6115,6040
6114,6060
6117,6049
6113,6068
6113,6048
6114,6051
6121,6046
6104,6041
6114,6049
6120,6047
6104,6053
6115,6048
6114,6053
6113,6048
6118,6047
6106,6053
6117,6054
6111,6062
6118,6051
6110,6033
6115,6044
6112,6058
6123,6050
6114,6054
6104,6062
6120,6063
6115,6069
6107,6060
6114,6057
6112,6057
6111,6061
6115,6045
6113,6054
6113,6054
6118,6060
6104,6062
6115,6052
6121,6057
6114,6045
6114,6045
6118,6056
6112,6047
6118,6055
6118,6050
6118,6047
6114,6056
6111,6054
6119,6052
6119,6057
6111,6055
6110,6053
6115,6049
6114,6051
6120,6048
6111,6060
6116,6055
6114,6049
6105,6062
6109,6056
6115,6062
6118,6055
6118,6055
6114,6047
6119,6049
6118,6050
6111,6055
6113,6065
6112,6053
6117,6045
6115,6065
6120,6055
6125,6057
6115,6056
6113,6042
6117,6061
6115,6056
6119,6060
6126,6050
6110,6062
6110,6048
6113,6056
6112,6058
6114,6067
6114,6067
6115,6060
6124,6062
6113,6050
6119,6062
6117,6046
6117,6046
6114,6057
6118,6052
6112,6041
6116,6046
6113,6056
6121,6059
6111,6052
6111,6062
6114,6062
6115,6064
6104,6063
6106,6062
6120,6054
6106,6055
6115,6058
6115,6058
6112,6061
6108,6063
6112,6061
6118,6049
6113,6060
6108,6050
6121,6054
6120,6058
6110,6033
0,26
0,61680
0,0
6108,6068
5612,5579
5588,5576
5590,5571
5598,5563
5598,5577
5597,5576
5599,5579
5596,5578
5820,5759
6317,6312
6277,6321
6287,6301
6307,6302
6284,6310
6292,6281
6287,6291
6305,6310
6289,6298
6296,6324
6301,6336
6302,6307
6290,6349
6290,6339
6301,6318
6299,6333
6303,6344
6305,6335
6308,6338
6301,6331
6295,6319
6287,6330
6269,6318
6290,6343
6274,6329
6276,6314
6293,6321
6291,6339
6291,6369
6303,6360
6299,6344
6285,6335
6271,6334
6278,6339
6293,6353
6293,6340
6286,6356
6298,6353
6289,6314
6291,6312
6283,6358
6276,6329
6289,6359
6307,6345
6286,6358
6309,6364
6309,6334
6296,6319
6314,6347
6304,6336
6316,6336
6307,6322
6277,6319
6272,6296
6283,6298
6297,6333
6298,6349
6288,6358
6303,6339
6317,6350
6301,6350
6296,6316
6302,6302
6291,6325
6275,6321
6285,6317
6299,6338
6291,6326
6308,6316
6304,6313
6310,6309
6299,6315
6286,6335
6298,6340
6308,6304
6284,6335
6270,6336
6278,6342
6287,6361
6283,6310
6272,6327
6284,6331
6280,6333
6311,6338
6311,6379
6308,6359
6290,6358
6270,6342
6291,6330
6298,6322
6293,6334
6286,6315
6310,6322
6286,6312
6282,6320
6274,6286
6268,6326
6276,6337
6304,6315
6313,6318
6311,6325
6280,6332
6279,6349
6294,6337
6296,6342
6285,6361
6298,6332
6300,6318
6282,6334
6287,6313
6282,6321
6286,6355
6297,6363
6293,6335
6287,6333
6283,6339
6281,6350
6296,6339
6290,6340
6270,6291
6300,6329
6284,6346
6295,6358
6292,6366
6290,6336
6297,6340
6308,6327
6303,6305
6285,6327
6288,6338
6283,6350
6279,6353
6298,6341
6284,6338
6267,6339
6282,6334
6297,6346
6300,6352
6279,6338
6287,6339
6285,6319
6277,6350
6286,6328
6303,6329
6315,6339
6280,6349
6283,6367
6289,6346
6286,6335
6301,6326
6288,6318
6279,6332
6275,6332
6303,6347
6292,6359
6285,6332
6289,6355
6304,6356
6277,6343
6263,6341
6289,6353
6255,6327
6271,6344
6284,6368
6279,6354
6284,6346
6292,6357
6273,6339
6266,6346
6272,6362
6257,6353
6274,6348
6283,6331
6280,6319
6260,6334
6275,6325
6297,6335
6274,6330
6288,6355
6271,6362
6273,6374
6273,6381
6278,6366
6258,6363
6276,6378
6287,6391
6268,6353
6263,6359
6259,6339
6276,6353
6288,6358
6278,6367
6273,6388
6273,6374
6270,6368
6271,6383
6262,6394
6268,6372
6267,6372
6251,6352
6256,6348
6270,6357
6281,6353
6284,6398
6285,6374
6273,6362
6273,6365
6262,6386
6275,6416
6253,6370
6265,6371
6267,6358
6271,6352
6254,6398
6254,6384
6262,6351
6251,6362
6268,6398
6261,6397
6274,6360
6258,6391
6257,6376
6275,6367
6262,6363
6240,6368
6244,6356
6264,6374
6252,6385
6239,6369
6247,6368
6244,6389
6263,6378
6264,6375
6249,6401
6250,6426
6269,6412
6233,6403
6262,6394
6251,6386
6273,6408
6273,6380
6246,6370
6240,6358
6258,6383
6256,6397
6273,6393
6257,6404
6288,6412
6240,6399
6236,6397
6242,6368
6259,6395
6247,6383
6250,6376
6248,6356
6251,6348
6245,6377
6248,6359
6243,6353
6234,6368
6240,6394
6241,6389
6220,6398
6234,6384
6231,6371
6248,6378
6262,6395
6256,6398
6260,6395
6245,6400
6247,6416
6247,6400
6253,6400
6255,6407
6248,6389
6259,6377
6245,6403
6247,6388
6240,6387
6222,6389
6222,6397
6258,6387
6241,6384
6246,6364
6243,6345
6243,6378
6245,6413
6232,6403
6239,6398
6236,6391
6234,6375
6236,6369
6254,6395
6235,6392
6247,6368
6250,6384
6244,6408
6232,6373
6224,6381
6238,6375
6226,6364
6223,6340
6238,6342
6248,6354
6250,6374
6245,6379
6235,6415
6227,6401
6223,6393
6234,6419
6246,6417
6227,6430
6234,6390
6228,6405
6214,6402
6225,6376
6222,6393
6230,6403
6228,6400
6247,6398
6231,6404
6238,6426
6233,6393
6229,6411
6223,6387
6225,6391
6253,6395
6239,6394
6251,6382
6223,6389
6233,6381
6246,6378
6243,6392
6223,6419
6223,6395
6230,6392
6241,6422
6222,6382
6241,6369
6219,6343
6224,6346
6223,6372
6225,6339
6217,6378
6232,6383
6251,6415
6230,6373
6223,6406
6227,6397
6233,6404
6226,6395
6235,6409
6227,6386
6231,6399
6217,6397
6220,6370
6227,6410
6242,6415
6230,6429
6236,6442
6223,6415
6240,6403
6226,6392
6218,6419
6228,6397
6222,6393
6209,6407
6219,6411
6227,6416
6224,6414
6223,6445
6214,6425
6219,6432
6217,6412
6215,6436
6222,6435
6225,6413
6222,6428
6222,6430
6230,6408
6230,6405
6226,6385
6220,6400
6217,6423
6218,6434
6215,6415
6216,6390
6225,6379
6239,6375
6217,6383
6223,6396
6217,6404
6222,6402
6214,6407
6230,6402
6219,6419
6218,6441
6224,6384
6211,6417
6217,6432
6231,6442
6234,6441
6204,6384
6229,6430
6236,6402
6225,6398
6220,6386
6215,6362
6222,6356
6229,6367
6220,6378
6232,6356
6219,6373
6216,6348
6207,6353
6245,6396
6223,6388
6239,6385
6223,6400
6223,6408
6216,6407
6209,6409
6213,6403
6221,6411
6219,6426
6213,6426
6237,6437
6166,6445
6227,6411
6298,6447
6225,6487
6215,6231
6249,6453
6202,6402
6273,6450
6200,6375
6235,6399
6223,6420
6221,6422
6206,6400
6215,6422
6230,6391
6219,6395
6215,6418
6219,6419
6221,6402
6215,6429
6220,6426
6221,6415
6211,6393
6203,6381
6214,6387
6208,6403
6212,6406
6218,6398
6215,6407
6224,6399
6213,6400
6233,6367
6224,6387
6234,6337
6229,6363
6211,6379
6230,6370
6224,6402
6214,6385
6225,6415
6223,6410
6216,6399
6220,6408
6225,6380
6199,6386
6209,6401
6218,6385
6207,6379
6215,6411
6214,6374
6206,6346
6210,6361
6223,6347
6227,6365
6249,6369
6219,6380
6236,6373
6225,6388
6219,6386
6216,6397
6228,6404
6227,6386
6231,6367
6213,6367
6226,6387
6241,6409
6224,6382
6226,6379
6240,6373
6225,6390
6211,6394
6222,6388
6226,6388
6228,6377
6217,6375
6225,6385
6216,6369
6221,6381
6224,6410
6224,6401
6227,6405
6228,6375
6218,6364
6219,6363
6233,6361
6227,6359
6235,6351
6230,6365
6239,6377
6212,6396
6236,6391
6224,6364
6230,6369
6228,6385
6220,6369
6236,6373
6223,6374
6220,6379
6234,6346
6222,6360
6217,6369
6236,6374
6229,6380
6231,6368
6239,6360
6241,6370
6217,6358
6214,6365
6218,6324
6229,6343
6231,6336
6226,6357
6228,6339
6228,6356
6222,6392
6233,6368
6224,6352
6239,6333
6228,6339
6227,6349
6235,6386
6216,6338
6218,6358
6218,6355
6227,6351
6233,6366
6227,6363
6231,6368
6231,6346
6237,6362
6228,6367
6226,6384
6231,6368
6235,6367
6210,6364
6239,6359
6230,6339
6215,6322
6223,6320
6220,6311
6225,6326
6220,6337
6225,6360
6239,6345
6233,6323
6238,6323
6244,6307
6228,6337
6231,6353
6218,6327
6210,6330
6231,6346
6224,6336
6215,6344
6221,6336
6228,6324
6219,6334
6226,6353
6232,6342
6217,6326
6220,6327
6230,6347
6243,6355
6237,6338
6234,6352
6238,6325
6222,6330
6211,6313
6212,6345
6231,6336
6229,6337
6232,6340
6248,6342
6223,6354
6233,6322
6225,6326
6231,6344
6243,6342
6234,6332
6237,6345
6235,6322
6228,6322
6225,6333
6224,6357
6236,6364
6234,6372
6235,6345
6242,6356
6242,6355
6245,6343
6225,6333
6226,6348
6226,6342
6231,6330
6247,6345
6246,6366
6252,6340
6250,6329
6243,6343
6260,6343
6288,6337
6283,6339
6308,6353
6318,6360
6364,6346
6393,6360
6403,6355
6443,6304
6490,6320
6559,6338
6589,6352
6659,6318
6736,6321
6785,6338
6871,6351
6957,6321
7029,6349
7100,6344
7128,6359
7179,6360
7179,6331
7201,6333
7158,6343
7116,6339
7125,6334
7054,6321
7081,6318
7047,6306
7030,6330
7038,6361
7039,6382
7045,6335
6976,6346
6949,6352
6897,6337
6894,6356
6856,6368
6878,6332
6942,6349
7024,6366
7110,6340
7219,6343
7315,6354
7476,6389
7667,6373
7838,6376
7884,6380
8064,6401
8221,6414
8366,6422
8484,6431
8575,6434
8670,6487
8658,6505
8571,6510
8489,6526
8393,6555
8185,6544
8076,6564
7944,6584
7847,6657
7668,6709
7481,6806
7336,6887
7194,6949
7099,7030
6981,7136
6923,7191
6843,7267
6819,7312
6701,7254
6908,7461
6990,7494
7043,7530
7168,7510
7389,7574
7571,7617
7830,7584
8089,7582
8369,7570
8619,7479
8867,7406
9030,7341
9265,7251
9394,7153
9484,7062
9702,7001
9669,6918
9544,6871
9597,6830
9396,6830
9165,6809
9018,6785
8914,6815
8739,6876
8576,6968
8353,7043
8157,7145
7960,7279
7778,7402
7759,7524
7646,7707
7483,7855
7353,7951
7275,8075
7297,8142
7278,8258
7328,8239
7400,8292
7541,8277
7695,8271
7887,8206
8097,8220
8343,8145
8548,8078
8915,7991
9071,7795
9269,7705
9471,7558
9587,7445
9630,7350
9762,7258
9887,7184
9944,7100
9867,7073
9875,6990
9788,6982
9475,6994
9265,7073
9090,7162
8915,7241
8579,7338
8276,7472
8061,7590
7825,7733
7620,7895
7460,8035
7290,8188
7112,8248
7011,8358
6947,8423
6948,8530
6987,8687
7091,8759
7240,8802
7417,8800
7596,8760
7876,8641
8077,8594
8299,8478
8531,8310
8685,8171
8753,8021
8955,7920
9078,7754
9231,7539
9482,7405
9595,7251
9806,7129
9873,7052
9996,6971
10060,6975
10027,6990
9839,7045
9847,7151
9675,7270
9505,7458
9331,7566
9133,7759
8914,7965
8649,8127
8340,8235
8082,8344
7907,8543
7739,8669
7612,8813
7434,8952
7347,8955
7343,9067
7343,9097
7365,9102
7369,9060
7351,8975
7442,8802
7598,8719
7741,8558
7845,8266
8003,8169
8225,8037
8512,7903
8749,7780
8883,7657
9083,7527
9192,7419
9294,7271
9339,7172
9387,7097
9342,7033
9358,6972
9327,6948
9188,6900
9116,6913
9002,6929
8893,6966
8655,7018
8527,7122
8407,7268
8292,7420
8130,7569
7858,7753
7757,7982
7550,8137
7418,8269
7260,8383
7103,8389
6993,8298
6887,8262
6834,8223
6861,8230
6900,8189
7007,8129
7187,8013
7371,7964
7593,7931
7847,7852
8107,7715
8389,7616
8605,7466
8799,7409
8989,7256
9238,7122
9269,6994
9336,6930
9433,6858
9358,6881
9345,6866
9300,6861
9265,6900
9063,7009
8854,7088
8650,7179
8480,7284
8263,7430
8091,7549
7881,7675
7735,7852
7615,8007
7460,8139
7309,8220
7235,8354
7122,8477
7028,8631
6969,8760
6924,8853
6889,9026
6877,9098
6888,9099
6921,9181
7002,9098
7169,8977
7337,8835
7552,8672
7741,8568
8019,8354
8210,8116
8528,7845
8849,7627
9074,7409
9150,7273
9317,7087
9377,6899
9356,6766
9385,6708
9359,6693
9287,6709
9240,6802
9113,6870
8927,6999
8787,7120
8558,7217
8348,7326
8140,7439
7942,7539
7780,7680
7614,7773
7475,7879
7299,8044
7196,8197
7059,8385
7016,8581
6959,8617
6904,8679
6887,8763
6901,8812
6881,8933
6932,8931
7004,8937
7075,8813
7191,8712
7296,8588
7428,8376
7627,8216
7801,8068
8032,7853
8224,7613
8393,7392
8623,7194
8761,7042
8915,6938
9040,6817
9098,6731
9161,6693
9322,6691
9323,6716
9211,6768
9136,6859
8950,6913
8710,7045
8476,7158
8275,7279
8110,7402
7897,7488
7661,7618
7506,7703
7393,7749
7271,7802
7144,7943
7046,8014
6979,8009
6935,8016
6916,8001
6882,8022
6913,8056
6968,7978
7057,7961
7169,7906
7264,7808
7389,7632
7606,7556
7775,7547
8056,7456
8168,7245
8353,7134
8419,6987
8536,6897
8559,6769
8641,6694
8729,6641
8750,6598
8777,6600
8772,6610
8663,6629
8594,6691
8516,6773
8435,6854
8398,6950
8337,7079
8218,7248
8076,7427
7912,7536
7743,7635
7543,7836
7347,7961
7238,8071
7157,8055
7020,8127
6935,8150
6867,8128
6844,8100
6866,8134
6895,8097
6983,8029
7094,7872
7226,7822
7385,7738
7592,7611
7787,7434
7971,7339
8195,7245
8405,7108
8600,7033
8705,6966
8850,6874
8838,6826
8918,6725
9080,6713
9081,6700
9036,6698
8945,6714
8816,6734
8673,6792
8507,6833
8273,6896
8129,6967
7963,7053
7724,7160
7579,7250
7448,7382
7337,7501
7193,7655
7104,7772
7018,7923
6915,8061
6875,8150
6900,8294
6920,8348
6923,8398
6975,8402
7040,8414
7085,8308
7200,8213
7282,8090
7391,7962
7518,7851
7687,7660
7871,7522
7993,7428
8216,7261
8398,7101
8538,6996
8658,6880
8784,6775
8872,6687
9009,6694
9020,6659
9050,6714
9076,6782
9096,6849
9078,6993
8961,7105
8858,7237
8670,7321
8418,7437
8222,7565
8033,7644
7807,7773
7649,7857
7419,7943
7256,7917
7157,7924
7026,8030
6968,8102
7003,8123
7004,8142
7045,8107
7107,8108
7183,8050
7256,7995
7364,7921
7499,7830
7610,7657
7746,7526
7989,7453
8146,7266
8289,7190
8424,7058
8615,6973
8665,6910
8810,6860
8968,6799
9050,6761
9098,6725
9035,6765
9006,6790
8871,6857
8723,6984
8601,7056
8504,7134
8373,7281
8203,7421
8075,7647
7906,7838
7695,8011
7566,8245
7434,8406
7254,8486
7096,8619
6991,8793
6894,8826
6886,8727
6857,8755
6866,8793
6932,8689
6995,8631
7019,8506
7042,8448
7190,8210
7366,8017
7460,7891
7584,7779
7744,7556
7911,7439
8014,7266
8248,7182
8401,7112
8557,7005
8753,6921
8857,6855
8896,6784
8949,6725
8929,6682
8809,6640
8880,6660
8863,6705
8677,6749
8569,6835
8397,6924
8208,7050
8082,7183
7971,7339
7806,7437
7560,7555
7375,7609
7192,7651
7059,7755
6965,7828
6886,7853
6894,7843
6928,7878
6969,7863
7070,7925
7158,7861
7334,7804
7471,7757
7605,7640
7829,7542
8138,7480
8357,7377
8578,7244
8800,7152
9055,7032
9151,6927
9425,6845
9577,6753
9705,6672
9773,6622
9828,6594
9783,6544
9693,6520
9541,6560
9455,6639
9371,6730
9017,6788
8846,6939
8692,7061
8466,7199
8156,7364
7894,7593
7663,7787
7383,7899
7207,8068
7077,8213
6949,8314
6877,8417
6898,8399
6886,8456
6923,8426
6968,8309
7062,8323
7171,8297
7319,8238
7510,8093
7693,7941
7834,7807
8037,7650
8207,7481
8391,7358
8539,7212
8741,7083
8907,6974
9045,6893
9276,6838
9289,6717
9337,6712
9286,6701
9271,6708
9192,6730
9039,6777
8985,6859
8829,6989
8680,7190
8466,7382
8276,7580
8064,7803
7924,7980
7728,8155
7569,8275
7406,8388
7225,8474
7137,8530
7057,8655
7020,8768
7016,8760
7015,8773
7007,8742
7096,8672
7176,8622
7282,8536
7466,8427
7627,8304
7791,8159
7981,8068
8103,7963
8379,7818
8684,7621
8954,7494
9195,7385
9292,7150
9481,7074
9575,6967
9781,6861
9863,6787
10048,6767
10053,6727
9998,6813
9990,6836
9888,6920
9830,7030
9731,7138
9612,7278
9376,7385
9091,7512
8823,7662
8483,7812
8259,7940
7921,8039
7685,8100
7491,8284
7316,8366
7142,8494
7070,8490
7063,8467
7076,8432
7130,8409
7204,8408
7328,8342
7484,8392
7667,8332
7881,8157
8131,7981
8346,7906
8664,7777
9011,7594
9447,7479
9808,7406
10080,7239
10446,7102
10876,6981
11307,6902
11616,6872
11761,6854
11682,6907
11632,6913
11240,7040
11017,7186
10724,7335
10217,7465
9842,7665
9371,7890
9006,8041
8700,8293
8379,8445
8071,8683
7891,9013
7705,9297
7584,9434
7526,9578
7448,9603
7500,9672
7607,9774
7675,9929
7763,9860
7909,9715
8128,9588
8356,9320
8703,9215
9084,9086
9435,8979
9669,8818
9988,8575
10344,8311
10787,8057
11070,7790
11197,7568
11271,7351
11172,7105
11177,6943
11160,6823
11117,6746
10941,6768
10748,6861
10652,7051
10450,7244
10458,7572
10211,7860
9899,8213
9534,8615
9177,8886
8910,9066
8698,9309
8425,9437
8209,9687
8051,9735
7929,9765
7826,9869
7696,9902
7660,9796
7640,9838
7713,9822
7788,9720
7967,9714
8199,9542
8498,9392
8806,9259
9187,9084
9436,8781
9826,8553
10208,8244
10627,8024
11003,7832
11276,7670
11426,7512
11486,7441
11563,7360
11592,7294
11470,7274
11339,7329
11000,7299
10723,7331
10407,7386
10144,7468
9861,7561
9491,7738
9119,7867
8822,8027
8471,8279
8208,8415
7874,8511
7663,8787
7517,8944
7370,9202
7281,9363
7252,9468
7329,9497
7400,9422
7471,9601
7586,9672
7658,9708
7851,9691
8056,9509
8279,9345
8595,9086
8855,8902
9147,8654
9449,8393
9539,8101
9785,7818
9950,7635
10020,7417
10002,7240
10004,7104
10155,7031
10106,7027
10044,7087
10059,7169
9942,7271
9714,7419
9401,7644
8851,7824
8506,8113
8097,8302
7746,8563
7525,8749
7266,8984
7006,9087
6812,9268
6657,9392
6479,9502
6340,9632
6257,9706
6219,9711
6183,9592
6177,9560
6152,9408
6152,9318
6146,9189
6154,8979
6150,8749
6155,8570
6155,8369
6149,8162
6150,8100
6155,7880
6161,7723
6153,7542
6140,7388
6141,7255
6145,7211
6131,7146
6119,7047
6125,7027
6128,7045
6122,7113
6122,7250
6123,7448
6130,7704
6128,7926
6118,8225
6132,8450
6115,8676
6119,8862
6126,8989
6122,9077
6113,8998
6109,8828
6120,8794
6119,8694
6117,8572
6120,8311
6110,8073
6123,8012
6113,7903
6110,7744
6113,7512
6118,7268
6118,7124
6114,7025
6116,6843
6112,6589
6114,6445
6109,6343
6115,6268
6106,6231
6105,6205
6111,6192
6109,6180
6108,6186
6113,6173
6099,6175
6106,6165
6109,6174
6105,6188
6111,6175
6102,6176
6104,6191
6107,6180
6106,6172
6107,6182
6098,6169
6106,6118
6102,6117
6102,6064
6102,6075
6101,6077
6108,6080
6115,6080
6095,6063
6106,6072
6111,6066
6106,6064
6106,6063
6105,6050
6111,6063
6104,6069
6110,6058
6103,6063
6097,6061
6100,6063
6105,6056
6104,6054
6103,6071
6094,6076
6118,6057
6111,6054
6106,6056
6376,6274
6048,5890
6045,6011
6107,6040
6149,6092
6288,6030
6039,5999
6115,6042
6104,6064
6110,6053
6109,6065
6098,6068
6114,6072
6102,6060
6115,6062
6113,6031
6104,6062
6110,6058
6106,6065
6114,6058
6107,6046
6109,6088
6111,6042
6104,6061
6110,6053
6114,6060
6114,6054
6115,6056
6100,6052
6104,6059
6108,6045
6108,6056
6107,6046
6096,6049
6106,6045
6110,6050
6105,6035
6113,6054
6099,6060
6105,6049
6106,6056
6111,6017
6107,6054
6109,6037
6102,6053
6094,6032
6101,6051
6108,6049
6106,6053
6110,6050
6112,6052
6122,6064
6107,6047
6114,6049
6102,6044
6099,6048
6110,6050
6112,6043
6114,6038
6107,6045
6110,6054
6107,6054
6101,6054
6106,6044
6105,6039
6103,6053
6116,6055
6118,6042
6107,6050
6103,6039
6103,6044
6106,6043
6103,6032
6102,6041
6105,6042
6101,6051
6104,6046
6112,6048
6100,6059
6104,6056
6096,6049
6105,6051
6112,6037
6115,6055
6100,6057
6100,6036
6097,6055
6106,6047
6102,6056
6109,6055
6104,6047
6104,6054
6113,6060
6115,6044
6106,6045
6109,6046
6099,6065
6112,6051
6113,6046
6097,6035
6099,6058
6105,6057
6106,6059
6106,6028
6103,6054
6091,6067
6102,6043
6106,6038
6119,6061
6107,6053
6099,6050
6097,6044
6096,6050
6106,6047
6106,6052
6104,6056
6092,6042
6093,6054
6105,6050
6105,6056
6104,6045
6107,6044
6108,6052
6104,6043
6099,6049
6098,6056
6100,6040
6103,6060
6110,6055
6104,6048
6095,6020
6102,6059
6089,6047
6116,6057
6110,6044
6104,6030
6094,6044
6101,6039
6106,6039
6099,6056
6102,6046
6116,6047
6094,6042
6101,6055
6095,6044
6093,6045
6106,6055
6102,6048
6090,6041
6090,6042
6102,6030
6094,6056
6094,6046
6110,6064
6107,6047
6103,6055
6099,6047
6116,6056
6094,6043
6102,6041
6108,6052
6108,6048
6102,6038
6097,6049
6101,6049
6094,6055
6109,6036
6098,6047
6099,6043
6096,6046
6112,6052
6101,6043
6086,6045
6097,6052
6100,6053
6096,6059
6090,6041
6101,6037
6104,6039
6097,6042
6097,6042
6091,6049
6088,6043
6097,6050
6110,6037
6106,6042
6094,6049
6099,6051
6096,6063
6095,6044
6104,6060
6096,6042
6096,6050
6100,6053
6091,6055
6099,6038
6099,6048
6094,6038
6103,6054
6103,6039
6105,6050
6097,6050
6093,6039
6103,6050
6102,6049
6097,6053
6100,6047
6111,6046
6112,6041
6109,6047
6100,6053
6097,6060
6112,6047
6102,6048
6101,6051
6097,6050
6103,6057
6103,6049
6109,6047
6098,6055
6097,6034
6107,6041
6102,6028
6112,6041
6106,6050
6111,6052
6097,6051
6106,6050
6105,6053
6111,6050
6102,6060
6102,6055
6099,6060
6100,6045
6091,6055
6106,6057
6094,6052
6107,6059
6104,6056
6108,6058
6106,6055
6118,6046
6108,6055
6106,6049
6110,6063
6123,6058
6107,6055
6106,6053
6108,6061
6104,6041
6110,6058
6109,6042
6115,6048
6103,6060
6096,6063
6104,6056
6106,6044
6104,6036
6111,6057
6107,6054
6118,6056
6111,6053
6107,6039
6109,6059
6106,6049
6105,6061
6115,6052
6050,5979
6179,6115
6100,6054
6086,6045
6115,6054
6094,6063
6112,6045
6102,6029
6119,6064
6101,6043
6108,6058
6110,6047
6114,6051
6105,6039
6099,6050
6105,6047
6108,6045
6106,6052
6097,6049
6100,6060
6092,6061
6096,6055
6101,6039
6098,6039
6105,6051
6099,6056
6102,6037
6099,6029
6110,6054
6099,6051
6102,6051
6100,6051
6107,6044
6101,6055
6106,6050
6107,6042
6107,6047
6103,6043
6097,6045
6105,6050
6100,6047
6101,6048
6103,6039
6099,6052
6097,6043
6103,6055
6106,6060
6109,6048
6115,6048
6097,6046
6100,6057
6112,6045
6112,6045
6110,6050
6127,6057
6106,6049
6107,6046
6103,6054
6117,6038
6117,6048
6109,6040
6100,6061
6112,6028
6117,6048
6123,6058
6116,6052
6113,6051
6110,6040
6119,6049
6113,6051
6111,6049
6113,6051
6124,6060
6110,6066
6116,6049
6109,6055
6107,6053
6108,6042
6108,6039
6104,6045
6114,6055
6109,6055
6120,6049
6104,6051
6119,6057
6108,6055
6110,6052
6104,6049
6107,6050
6103,6049
6105,6055
6106,6049
6106,6048
6109,6050
6104,6049
6101,6037
6105,6051
6104,6044
6104,6049
6103,6055
6112,6044
6093,6051
6111,6050
6116,6053
6110,6043
6111,6057
6105,6047
6098,6058
6109,6036
6106,6037
6111,6041
6113,6042
6110,6048
6109,6051
6110,6056
6110,6039
6105,6048
6107,6035
6114,6055
6119,6048
6113,6063
6104,6043
6111,6048
6110,6042
6112,6054
6109,6044
6107,6054
6108,6049
6110,6047
6119,6044
6115,6048
6112,6038
6119,6033
6112,6044
6117,6056
6107,6055
6114,6053
6116,6039
6103,6047
6103,6055
6111,6056
6117,6044
6111,6060
6104,6046
6098,6050
6113,6053
6112,6053
6107,6051
6112,6036
6114,6048
6106,6056
6100,6056
6108,6055
6112,6050
6115,6051
6117,6050
6115,6045
6117,6062
6110,6049
6120,6057
6113,6055
6100,6050
6116,6050
6118,6055
6108,6068
6110,6059
6107,6059
6107,6060
6112,6052
6106,6058
6121,6048
6106,6051
6118,6052
6109,6050
6118,6052
6117,6075
6118,6057
6108,6056
6105,6063
6115,6070
6125,6047
6112,6056
6117,6053
6107,6057
6122,6046
6116,6051
6116,6051
6111,6060
6113,6059
6119,6053
6115,6054
6115,6058
6117,6055
6120,6051
6115,6059
6117,6060
6121,6044
6110,6059
6117,6049
6113,6063
6116,6051
6109,6062
6110,6062
6113,6051
6118,6047
6123,6058
6112,6058
6111,6056
6111,6056
6118,6048
6109,6057
6122,6047
6117,6055
6110,6062
6117,6055
6112,6053
6122,6056
6115,6063
6116,6056
6114,6058
6113,6061
6113,6053
6120,6059
6113,6053
6115,6059
6117,6049
6115,6060
6119,6049
6113,6054
6115,6048
6115,6048
6108,6058
6113,6055
6112,6058
6111,6049
6112,6060
6113,6046
6118,6047
6114,6055
6113,6064
6116,6054
6122,6056
6113,6056
6112,6062
6116,6059
6111,6055
6114,6058
6114,6058
6106,6047
6115,6045
6120,6054
6110,6044
6110,6044
6122,6046
6113,6070
6113,6055
6118,6054
6115,6051
6121,6042
6111,6052
6118,6060
6113,6055
6120,6056
6113,6068
6116,6061
6097,6022
6111,6056
6115,6059
6108,6046
0,32
0,61680
0,0
6119,6057
5597,5575
5592,5572
5603,5577
5598,5579
5604,5570
5599,5571
5599,5581
5596,5573
5816,5753
6303,6308
6276,6317
6308,6290
6310,6317
6277,6293
6283,6298
6289,6296
6284,6308
6286,6307
6293,6308
6301,6329
6300,6315
6291,6370
6280,6339
6305,6318
6296,6329
6303,6322
6292,6343
6291,6335
6296,6321
6300,6336
6286,6336
6254,6324
6282,6346
6274,6336
6278,6322
6295,6314
6284,6346
6303,6374
6304,6370
6292,6348
6293,6337
6275,6319
6278,6352
6278,6347
6282,6339
6300,6327
6301,6329
6287,6317
6284,6330
6284,6337
6271,6341
6297,6368
6300,6338
6286,6323
6294,6352
6307,6346
6316,6308
6323,6340
6291,6345
6324,6332
6294,6327
6273,6317
6272,6296
6275,6301
6289,6339
6303,6327
6312,6339
6314,6329
6308,6322
6301,6342
6304,6309
6297,6328
6303,6329
6295,6320
6288,6311
6295,6345
6284,6319
6304,6294
6316,6329
6312,6330
6306,6324
6277,6334
6297,6346
6308,6325
6283,6333
6273,6326
6272,6352
6285,6356
6266,6301
6263,6336
6296,6312
6284,6320
6291,6361
6306,6334
6318,6352
6285,6343
6268,6336
6290,6323
6301,6331
6301,6336
6292,6321
6298,6322
6281,6309
6279,6321
6270,6325
6265,6327
6290,6326
6291,6318
6300,6314
6298,6330
6270,6349
6267,6351
6294,6336
6299,6348
6280,6362
6300,6334
6301,6311
6293,6331
6280,6304
6286,6338
6282,6350
6294,6380
6297,6339
6285,6360
6281,6348
6285,6339
6307,6349
6284,6314
6283,6327
6289,6325
6282,6345
6276,6348
6291,6351
6304,6329
6293,6333
6307,6328
6307,6302
6292,6338
6281,6345
6286,6356
6287,6354
6289,6355
6274,6337
6263,6344
6286,6341
6294,6364
6302,6344
6280,6354
6778,6726
5922,6104
6365,6398
6299,6396
6336,6374
6268,6315
6307,6346
6286,6362
6252,6337
6294,6372
6299,6321
6279,6319
6271,6326
6264,6317
6295,6329
6293,6349
6285,6345
6298,6339
6294,6355
6278,6333
6263,6348
6262,6325
6270,6346
6282,6356
6277,6348
6287,6350
6285,6341
6300,6349
6284,6339
6273,6369
6278,6353
6273,6353
6274,6337
6284,6330
6268,6324
6276,6312
6299,6329
6286,6329
6267,6326
6284,6370
6269,6355
6272,6367
6281,6368
6257,6354
6268,6349
6274,6363
6277,6393
6264,6355
6267,6338
6271,6346
6268,6353
6274,6359
6288,6382
6267,6386
6284,6352
6252,6366
6279,6381
6258,6392
6274,6362
6275,6370
6255,6355
6258,6369
6268,6359
6284,6357
6290,6379
6279,6361
6283,6377
6272,6358
6267,6383
6265,6397
6251,6357
6267,6378
6258,6369
6273,6367
6249,6356
6251,6378
6246,6342
6256,6351
6260,6380
6269,6402
6277,6400
6251,6365
6261,6383
6257,6380
6263,6382
6248,6372
6244,6369
6237,6385
6244,6375
6242,6388
6255,6357
6241,6383
6257,6380
6258,6392
6245,6413
6246,6416
6248,6391
6236,6417
6247,6405
6251,6386
6273,6393
6264,6392
6249,6349
6243,6356
6261,6380
6252,6384
6262,6377
6255,6418
6270,6400
6268,6407
6235,6384
6258,6383
6257,6389
6242,6354
6252,6374
6249,6359
6244,6350
6232,6349
6249,6373
6254,6354
6246,6373
6242,6367
6244,6400
6233,6389
6236,6390
6238,6379
6243,6384
6248,6410
6248,6382
6247,6390
6248,6424
6255,6393
6241,6375
6253,6413
6250,6392
6253,6391
6266,6369
6237,6399
6230,6395
6247,6372
6242,6409
6252,6379
6248,6381
6244,6372
6243,6360
6246,6347
6236,6366
6241,6428
6227,6379
6232,6389
6237,6392
6240,6395
6236,6382
6270,6395
6239,6375
6249,6378
6235,6394
6238,6387
6229,6359
6230,6358
6227,6372
6236,6384
6234,6350
6229,6350
6244,6362
6251,6342
6244,6383
6249,6412
6233,6385
6241,6418
6238,6438
6232,6413
6229,6428
6240,6412
6224,6392
6212,6398
6223,6379
6226,6395
6226,6385
6230,6409
6233,6402
6226,6418
6233,6398
6216,6419
6240,6402
6225,6378
6226,6382
6245,6396
6228,6381
6246,6384
6234,6385
6236,6372
6248,6391
6238,6400
6226,6421
6201,6401
6228,6381
6225,6426
6224,6366
6226,6355
6215,6338
6231,6356
6232,6361
6223,6351
6227,6366
6236,6387
6241,6408
6233,6400
6229,6395
6231,6404
6224,6413
6227,6410
6236,6391
6232,6399
6227,6400
6219,6389
6216,6397
6233,6414
6234,6400
6228,6401
6241,6425
6230,6419
6227,6399
6225,6386
6223,6414
6227,6411
6226,6384
6218,6413
6216,6422
6224,6401
6218,6409
6232,6407
6218,6409
6225,6421
6216,6412
6214,6457
6218,6441
6224,6412
6213,6431
6218,6432
6223,6443
6210,6407
6235,6383
6215,6413
6232,6407
6232,6421
6215,6409
6223,6382
6224,6395
6227,6379
6224,6390
6216,6386
6220,6404
6217,6405
6221,6406
6227,6421
6224,6421
6215,6428
6229,6396
6220,6412
6227,6421
6220,6440
6226,6457
6217,6382
6230,6419
6226,6414
6235,6395
6226,6388
6214,6373
6215,6379
6199,6360
6239,6343
6185,6278
6229,6333
6231,6348
6234,6344
6215,6384
6233,6380
6230,6378
6219,6402
6220,6400
6226,6405
6203,6408
6217,6384
6223,6412
6215,6417
6217,6422
6212,6435
6215,6455
6213,6425
6211,6425
6210,6428
6218,6441
6225,6442
6219,6415
6225,6434
6236,6402
6215,6401
6220,6392
6208,6403
6222,6410
6219,6416
6219,6389
6232,6419
6214,6430
6219,6404
6216,6395
6210,6399
6212,6430
6209,6407
6218,6401
6210,6404
6224,6399
6215,6403
6222,6406
6209,6419
6216,6384
6222,6392
6217,6398
6202,6371
6224,6374
6223,6349
6225,6354
6220,6378
6213,6376
6236,6375
6216,6403
6210,6425
6225,6404
6210,6393
6229,6395
6209,6385
6223,6392
6210,6375
6205,6362
6215,6380
6210,6396
6214,6364
6213,6349
6211,6356
6223,6376
6218,6363
6239,6374
6235,6385
6226,6364
6214,6370
6210,6391
6214,6421
6231,6392
6227,6378
6220,6380
6218,6368
6226,6386
6228,6395
6227,6370
6217,6380
6229,6372
6232,6391
6225,6399
6215,6381
6219,6383
6221,6379
6223,6377
6223,6394
6212,6397
6220,6392
6229,6382
6222,6402
6231,6378
6224,6370
6217,6366
6225,6355
6237,6360
6230,6364
6233,6371
6229,6352
6218,6381
6215,6410
6236,6376
6222,6375
6242,6374
6222,6386
6237,6386
6235,6380
6244,6361
6232,6368
6240,6357
6224,6331
6222,6369
6237,6382
6214,6375
6236,6335
6243,6333
6244,6347
6225,6375
6226,6344
6220,6338
6228,6346
6239,6342
6237,6357
6221,6336
6229,6349
6227,6383
6232,6358
6229,6331
6239,6360
6227,6354
6228,6351
6221,6383
6219,6335
6230,6353
6218,6341
6223,6375
6233,6348
6228,6346
6227,6346
6230,6367
6221,6355
6232,6396
6213,6372
6231,6366
6228,6374
6239,6345
6230,6340
6224,6347
6217,6320
6230,6336
6226,6335
6222,6350
6227,6316
6228,6330
6235,6347
6242,6336
6242,6322
6238,6322
6229,6346
6225,6334
6227,6330
6225,6348
6223,6330
6223,6338
6223,6329
6224,6354
6225,6353
6225,6327
6216,6363
6225,6340
6216,6331
6218,6327
6232,6349
6230,6355
6229,6356
6230,6332
6237,6340
6231,6330
6213,6333
6215,6335
6224,6347
6230,6330
6217,6352
6222,6337
6226,6355
6225,6329
6220,6332
6230,6348
6240,6346
6232,6348
6235,6360
6221,6358
6225,6341
6220,6341
6222,6324
6228,6346
6237,6355
6235,6359
6238,6353
6249,6363
6235,6344
6231,6332
6233,6339
6220,6345
6236,6321
6233,6356
6231,6338
6247,6337
6242,6330
6244,6344
6251,6350
6280,6329
6303,6346
6304,6353
6334,6365
6356,6363
6386,6355
6420,6343
6462,6299
6494,6326
6548,6349
6605,6327
6642,6352
6725,6325
6796,6321
6874,6350
6975,6330
7035,6340
7085,6359
7126,6363
7159,6357
7192,6333
7211,6351
7203,6336
7136,6330
7130,6341
7099,6321
7081,6324
7062,6330
7046,6326
7048,6340
7019,6350
7001,6340
6969,6352
6936,6344
6888,6360
6887,6350
6855,6361
6873,6347
6924,6326
7018,6344
7127,6337
7227,6359
7326,6353
7461,6382
7677,6382
7810,6372
7867,6359
8090,6418
8230,6416
8362,6422
8715,6575
8820,6691
8725,6489
8740,6569
8654,6606
8639,6651
8377,6548
8245,6591
8120,6580
7953,6599
7790,6669
7657,6717
7514,6802
7346,6868
7180,6973
7067,7056
7009,7145
6876,7193
6862,7229
6823,7323
6859,7369
6891,7429
6951,7508
7064,7492
7163,7546
7398,7595
7585,7592
7818,7571
8089,7566
8360,7543
8619,7510
8899,7413
9091,7337
9233,7255
9394,7151
9490,7086
9668,6995
9632,6890
9613,6863
9576,6821
9400,6846
9194,6797
9049,6783
8915,6799
8754,6867
8562,6970
8337,7033
8157,7142
7973,7277
7813,7418
7739,7509
7611,7695
7461,7855
7359,7932
7287,8066
7305,8172
7277,8262
7319,8225
7374,8248
7542,8288
7651,8272
7918,8267
8107,8227
8308,8186
8539,8080
8852,7951
9054,7839
9273,7700
9468,7563
9560,7467
9582,7347
9780,7293
9895,7200
9962,7082
9904,7014
9872,7015
9797,6974
9486,7047
9261,7054
9080,7158
8931,7239
8546,7335
8303,7437
8082,7562
7821,7718
7635,7873
7437,8078
7279,8179
7155,8271
7023,8355
6960,8461
6954,8550
7016,8658
7079,8753
7250,8799
7401,8787
7601,8742
7811,8633
8054,8557
8258,8499
8536,8341
8654,8162
8744,8044
8950,7909
9156,7778
9303,7594
9498,7378
9674,7242
9798,7150
9971,7037
9930,6957
10039,6958
10000,6995
9913,7048
9786,7148
9699,7262
9511,7432
9330,7598
9099,7727
8953,7945
8704,8113
8346,8255
8111,8380
7907,8529
7744,8612
7577,8856
7447,9014
7320,9010
7324,9044
7335,9093
7337,9083
7354,9094
7355,8959
7448,8840
7545,8686
7721,8530
7860,8287
7995,8152
8231,8025
8516,7944
8716,7797
8845,7663
9101,7531
9206,7456
9289,7292
9330,7201
9388,7128
9337,7069
9327,6992
9297,6935
9194,6914
9167,6921
9028,6942
8872,6962
8695,7024
8523,7100
8426,7253
8298,7389
8093,7579
7883,7749
7737,7936
7555,8155
7428,8285
7255,8400
7103,8337
6988,8336
6920,8269
6838,8243
6845,8219
6903,8194
7028,8145
7171,8062
7364,7985
7606,7902
7864,7865
8097,7734
8402,7585
8570,7485
8822,7375
9001,7254
9235,7104
9331,7020
9372,6906
9409,6872
9406,6844
9381,6865
9299,6854
9274,6923
9047,6990
8838,7107
8685,7187
8496,7288
8278,7415
8108,7598
7909,7669
7745,7826
7599,7971
7453,8167
7352,8227
7222,8317
7112,8517
7038,8623
6952,8723
6928,8842
6905,8973
6893,9075
6883,9087
6961,9177
7006,9069
7161,8973
7320,8804
7540,8677
7754,8547
8024,8363
8217,8120
8500,7828
8794,7657
9027,7441
9127,7297
9294,7062
9379,6888
9302,6746
9374,6708
9378,6682
9286,6724
9217,6814
9098,6907
8960,7018
8808,7134
8575,7204
8356,7352
8147,7459
7958,7541
7799,7671
7616,7735
7450,7867
7297,7993
7191,8185
7088,8401
7006,8551
6982,8604
6917,8709
6869,8786
6882,8864
6890,8906
6947,8902
6992,8943
7083,8768
7190,8700
7276,8542
7439,8403
7627,8228
7818,8046
8013,7823
8187,7587
8439,7377
8636,7197
8765,7024
8941,6915
9020,6822
9114,6729
9202,6704
9342,6713
9321,6717
9248,6775
9130,6853
8960,6899
8698,7038
8413,7121
8292,7341
8196,7486
7883,7486
7683,7584
7526,7692
7398,7709
7298,7807
7166,7883
7060,7983
6969,8029
6939,7978
6899,7997
6920,8055
6922,8035
6974,8028
7049,7988
7166,7874
7275,7775
7444,7657
7613,7544
7804,7479
7947,7412
8113,7275
8317,7130
8438,7017
8522,6888
8572,6776
8686,6730
8721,6658
8773,6611
8790,6603
8770,6603
8654,6643
8594,6710
8527,6783
8436,6855
8388,6952
8303,7075
8215,7241
8033,7433
7928,7558
7717,7658
7573,7804
7364,7944
7217,8034
7110,8039
6988,8101
6937,8141
6864,8124
6860,8112
6849,8161
6896,8080
7027,8007
7105,7903
7235,7809
7379,7730
7589,7570
7781,7441
7959,7366
8214,7226
8403,7130
8600,7033
8737,6959
8857,6859
8851,6781
8927,6745
9041,6733
9021,6683
9074,6680
9020,6712
8777,6750
8687,6800
8511,6849
8276,6896
8110,6965
7925,7044
7761,7158
7598,7243
7440,7384
7297,7525
7193,7625
7088,7741
6976,7931
6895,8047
6903,8152
6889,8251
6875,8353
6919,8379
6966,8396
7036,8418
7105,8314
7182,8222
7295,8114
7425,7938
7543,7841
7709,7661
7850,7523
8042,7412
8209,7247
8418,7087
8501,7002
8638,6880
8771,6797
8841,6701
8965,6700
9055,6663
9121,6724
9133,6791
9149,6879
9030,6992
8945,7136
8832,7235
8648,7339
8427,7420
8202,7548
8007,7666
7830,7778
7655,7828
7431,7931
7246,7920
7128,7940
7051,8027
6978,8088
6988,8128
6984,8161
7030,8149
7110,8104
7167,8078
7270,7979
7391,7950
7486,7819
7598,7651
7748,7541
7990,7422
8161,7283
8268,7157
8475,7073
8608,6974
8686,6893
8827,6816
8922,6799
9033,6733
9055,6731
9036,6761
9076,6785
8881,6854
8763,6954
8587,7024
8528,7169
8359,7281
8248,7451
8016,7662
7875,7856
7684,8020
7520,8242
7405,8382
7278,8478
7095,8646
7002,8775
6926,8772
6889,8770
6888,8744
6857,8766
6904,8669
6999,8614
6993,8520
7045,8408
7215,8234
7375,8036
7433,7925
7581,7764
7725,7548
7894,7406
8027,7292
8252,7210
8412,7102
8585,7023
8719,6954
8832,6862
8947,6802
8870,6721
8926,6674
8879,6660
8893,6657
8851,6706
8705,6762
8546,6840
8399,6886
8176,7068
8084,7195
7974,7336
7778,7445
7556,7556
7384,7615
7172,7695
7056,7755
6947,7808
6904,7862
6911,7857
6907,7884
6957,7921
7083,7917
7147,7824
7325,7779
7502,7751
7593,7668
7832,7532
8088,7463
8365,7385
8531,7274
8802,7177
9030,7038
9142,6958
9389,6836
9611,6734
9653,6668
9780,6627
9812,6587
9766,6547
9711,6522
9569,6558
9470,6619
9266,6695
9076,6825
8930,6941
8716,7095
8473,7203
8129,7414
7901,7607
7650,7783
7387,7917
7217,8022
7071,8216
6966,8353
6893,8418
6875,8371
6880,8434
6876,8401
6956,8356
7074,8297
7215,8344
7295,8232
7452,8097
7689,7952
7871,7761
8042,7623
8207,7460
8363,7371
8551,7213
8727,7088
8921,6976
9030,6893
9269,6829
9288,6734
9325,6718
9300,6695
9218,6706
9177,6717
9091,6783
9017,6869
8827,7001
8662,7188
8471,7362
8284,7557
8136,7790
7881,7972
7716,8173
7594,8257
7414,8382
6976,8258
7192,8823
7115,8711
7047,8762
7080,8797
6913,8663
7040,8793
7055,8662
7193,8576
7308,8531
7474,8473
7643,8268
7781,8172
7956,8069
8085,7974
8396,7828
8672,7606
8928,7481
9133,7304
9368,7214
9483,7034
9543,6932
9774,6897
9931,6797
10024,6766
10081,6731
10045,6789
10002,6858
9917,6946
9881,7016
9697,7132
9589,7249
9382,7405
9139,7511
8852,7671
8518,7818
8271,7954
7957,8047
7680,8145
7477,8305
7322,8340
7149,8465
7053,8450
7065,8493
7081,8479
7116,8413
7206,8385
7337,8386
7469,8368
7652,8329
7875,8189
8135,8006
8348,7901
8709,7778
9034,7588
9437,7502
9843,7394
10091,7245
10478,7095
10809,6989
11345,6894
11557,6866
11731,6854
11636,6879
11583,6957
11259,7033
11046,7169
10783,7356
10282,7474
9810,7657
9295,7882
9014,8063
8685,8287
8370,8474
8059,8695
7884,8990
7714,9310
7602,9445
7517,9607
7455,9622
7490,9674
7579,9773
7649,9934
7751,9875
7930,9703
8099,9524
8341,9303
8707,9187
9072,9092
9401,8969
9655,8824
9985,8590
10387,8307
10856,8055
11074,7800
11139,7563
11322,7329
11270,7088
11203,6932
11139,6806
11068,6756
10876,6754
10754,6864
10670,7019
10509,7267
10467,7575
10170,7894
9896,8221
9496,8590
9153,8841
8942,9049
8665,9315
8406,9487
8186,9703
8058,9771
7895,9817
7840,9880
7678,9901
7651,9810
7670,9800
7744,9816
7793,9760
7985,9678
8235,9544
8516,9377
8801,9256
9107,9119
9443,8832
9774,8571
10224,8280
10672,8020
10939,7794
11297,7649
11390,7554
11458,7432
11588,7353
11640,7298
11481,7251
11313,7323
11061,7295
10700,7339
10429,7363
10192,7471
9892,7586
9478,7714
9118,7877
8835,8086
8483,8268
8183,8408
7885,8595
7681,8718
7460,8985
7344,9247
7282,9388
7269,9438
7284,9489
7377,9467
7485,9590
7587,9683
7708,9719
7878,9683
7969,9495
8283,9337
8582,9134
8845,8903
9193,8636
9398,8377
9574,8069
9772,7853
9959,7671
9995,7400
9954,7233
10027,7116
10142,7035
10071,7053
10003,7072
10014,7138
9905,7265
9733,7428
9389,7596
8904,7839
8475,8058
8080,8300
7728,8517
7554,8705
7243,8922
6983,9090
6863,9269
6646,9366
6471,9495
6352,9599
6256,9723
6191,9685
6172,9555
6167,9615
6156,9383
6170,9355
6156,9211
6152,8970
6149,8713
6150,8600
6153,8364
6151,8195
6155,8069
6149,7896
6159,7712
6140,7519
6134,7400
6143,7273
6144,7229
6127,7132
6112,7038
6126,7053
6126,7027
6126,7088
6120,7254
6122,7443
6117,7736
6127,7960
6126,8211
6124,8434
6118,8641
6128,8862
6133,8976
6119,9045
6126,8932
6120,8897
6124,8806
6119,8690
6107,8547
6124,8333
6106,8106
6123,8002
6112,7936
6112,7755
6117,7482
6120,7263
6120,7113
6109,6985
6124,6845
6114,6580
6116,6444
6103,6334
6112,6268
6102,6231
6115,6201
6109,6191
6113,6180
6110,6172
6110,6180
6101,6167
6110,6175
6109,6174
6102,6165
6107,6188
6104,6186
6110,6200
6116,6183
6105,6182
6115,6186
6100,6172
6105,6121
6102,6116
6104,6082
6099,6078
6101,6069
6043,6022
6106,6069
6135,6118
6122,6076
6139,6084
6128,6090
6073,6049
6100,6055
6102,6083
6111,6065
6102,6066
6102,6063
6104,6070
6104,6056
6107,6062
6103,6059
6104,6056
6108,6065
6103,6064
6101,6069
6111,6063
6102,6068
6101,6053
6108,6061
6101,6054
6102,6047
6097,6063
6104,6068
6109,6051
6105,6064
6109,6065
6104,6066
6101,6063
6113,6052
6111,6050
6111,6051
6101,6062
6100,6054
6110,6056
6116,6064
6110,6058
6103,6049
6113,6064
6104,6065
6107,6057
6110,6062
6111,6050
6108,6055
6113,6061
6096,6058
6105,6059
6104,6056
6109,6051
6108,6053
6102,6041
6109,6047
6103,6063
6104,6049
6105,6061
6105,6047
6106,6056
6113,6062
6126,6042
6113,6056
6105,6047
6110,6047
6105,6054
6104,6050
6114,6055
6107,6038
6109,6055
6111,6045
6106,6054
6108,6048
6111,6052
6098,6052
6104,6050
6108,6041
6114,6054
6107,6039
6107,6063
6108,6055
6101,6043
6109,6044
6108,6044
6088,6041
6108,6050
6116,6055
6104,6054
6105,6051
6103,6058
6106,6058
6107,6057
6102,6057
6106,6052
6105,6051
6103,6051
6104,6057
6111,6038
6098,6052
6103,6054
6098,6055
6104,6041
6107,6045
6119,6071
6104,6045
6099,6046
6099,6054
6102,6050
6108,6055
6104,6053
6096,6050
6099,6055
6105,6060
6116,6051
6096,6055
6110,6051
6099,6045
6123,6041
6096,6058
6090,6060
6099,6060
6103,6047
6108,6054
6103,6038
6108,6046
6089,6064
6103,6045
6103,6049
6112,6054
6108,6045
6105,6050
6086,6042
6111,6052
6104,6056
6116,6069
6109,6050
6096,6054
6091,6061
6103,6051
6105,6046
6095,6041
6102,6049
6105,6058
6100,6062
6095,6050
6098,6072
6091,6058
6104,6056
6102,6059
6103,6050
6090,6041
6106,6058
6099,6046
6109,6043
6114,6054
6114,6061
6101,6057
6097,6041
6102,6055
6104,6048
6109,6053
6108,6055
6100,6044
6096,6055
6093,6032
6104,6040
6113,6055
6097,6054
6102,6051
6093,6053
6096,6040
6105,6054
6097,6056
6111,6052
6107,6051
6104,6051
6098,6040
6102,6054
6093,6049
6098,6041
6105,6051
6104,6048
6097,6047
6101,6045
6090,6059
6096,6058
6104,6047
6094,6036
6090,6042
6093,6056
6102,6056
6098,6057
6095,6038
6098,6054
6097,6054
6093,6064
6095,6035
6104,6040
6105,6053
6097,6045
6097,6057
6092,6054
6098,6045
6096,6060
6114,6035
6106,6054
6096,6044
6099,6055
6091,6048
6095,6047
6107,6052
6101,6052
6093,6057
6089,6054
6086,6056
6093,6055
6094,6045
6091,6050
6101,6058
6102,6036
6111,6036
6097,6055
6094,6039
6103,6047
6107,6050
6102,6044
6103,6051
6098,6046
6104,6060
6104,6054
6101,6061
6097,6054
6107,6048
6110,6060
6092,6038
6096,6044
6104,6049
6105,6041
6103,6044
6098,6065
6107,6051
6103,6057
6106,6055
6106,6054
6108,6056
6102,6045
6105,6038
6103,6048
6106,6052
6112,6050
6103,6056
6099,6033
6103,6057
6102,6033
6102,6055
6108,6055
6102,6061
6108,6062
6105,6056
6103,6060
6109,6052
6104,6061
6109,6054
6103,6049
6101,6060
6107,6058
6096,6042
6241,6088
6106,6064
6099,6054
6505,5706
6166,6081
6112,6095
6100,6054
6080,6062
6114,6047
6096,6046
6093,6044
6113,6048
6091,6056
6104,6042
6105,6040
6105,6046
6106,6055
6096,6063
6098,6059
6108,6048
6107,6037
6097,6049
6103,6054
6107,6049
6100,6053
6098,6048
6104,6054
6111,6056
6102,6056
6099,6045
6096,6046
6102,6043
6100,6060
6098,6041
6103,6051
6101,6057
6102,6059
6103,6052
6108,6050
6103,6043
6091,6050
6096,6042
6097,6044
6094,6056
6109,6045
6108,6046
6096,6054
6109,6044
6105,6056
6098,6043
6099,6036
6099,6050
6104,6051
6093,6064
6103,6059
6105,6054
6095,6057
6098,6043
6099,6053
6107,6051
6098,6048
6101,6047
6099,6054
6095,6061
6095,6045
6103,6045
6110,6043
6109,6050
6111,6066
6096,6040
6101,6055
6107,6037
6104,6056
6113,6060
6108,6060
6098,6046
6112,6057
6109,6046
6115,6048
6110,6053
6103,6048
6106,6047
6115,6049
6119,6060
6113,6058
6114,6048
6124,6044
6109,6060
6119,6057
6120,6042
6110,6037
6122,6056
6118,6058
6121,6053
6115,6055
6112,6054
6110,6053
6110,6041
6113,6040
6113,6051
6119,6053
6114,6057
6119,6056
6103,6045
6114,6050
6114,6039
6108,6041
6113,6047
6101,6040
6112,6044
6111,6040
6109,6036
6108,6052
6109,6034
6109,6053
6100,6038
6103,6053
6113,6045
6109,6064
6109,6057
6114,6054
6095,6042
6112,6042
6115,6044
6115,6048
6118,6057
6103,6058
6101,6054
6118,6053
6103,6050
6114,6041
6113,6047
6109,6047
6118,6057
6109,6055
6104,6038
6111,6049
6100,6022
6114,6058
6115,6039
6117,6048
6107,6048
6111,6044
6114,6049
6115,6055
6107,6056
6119,6046
6109,6039
6114,6044
6116,6049
6102,6043
6115,6044
6112,6052
6099,6047
6117,6058
6108,6053
6106,6068
6114,6058
6107,6059
6102,6060
6113,6051
6104,6059
6105,6050
6099,6051
6104,6048
6108,6052
6104,6061
6109,6056
6112,6060
6124,6059
6116,6054
6105,6050
6115,6054
6115,6060
6112,6051
6111,6057
6107,6049
6119,6051
6124,6059
6112,6064
6113,6037
6092,6040
6116,6056
6122,6058
6115,6061
6109,6061
6114,6056
6114,6049
6119,6051
6108,6061
6117,6041
6119,6053
6127,6054
6114,6044
6118,6056
6115,6054
6123,6059
6114,6054
6106,6053
6115,6059
6120,6051
6117,6043
6113,6059
6113,6049
6107,6061
6113,6051
6115,6057
6111,6059
6111,6051
6114,6057
6114,6062
6116,6053
6137,6043
6113,6052
6122,6052
6114,6057
6121,6053
6125,6052
6120,6060
6108,6055
6111,6055
6111,6055
6114,6063
6111,6045
6108,6046
6118,6058
6112,6060
6114,6054
6121,6048
6108,6066
6115,6054
6112,6057
6116,6055
6099,6028
6115,6049
6111,6057
6106,6059
6115,6050
6112,6057
6119,6063
6111,6061
6111,6056
6110,6061
6110,6061
6116,6057
6117,6052
6104,6056
6113,6057
6111,6054
6114,6071
6114,6062
6115,6061
6120,6056
6115,6050
6117,6051
6111,6062
6114,6050
6104,6046
6113,6051
6120,6056
6124,6057
6131,6066
6112,6056
6110,6055
6109,6053
6109,6053
6119,6051
6114,6057
6114,6046
6119,6065
6116,6057
6116,6059
6108,6060
6120,6063
6117,6055
6112,6052
6114,6049
6118,6057
6116,6055
6116,6059
6107,6050
6118,6057
6110,6060
6114,6061
6111,6055
6116,6050
6113,6050
6113,6050
6114,6051
0,27
0,61680
0,0
6117,6047
5596,5581
5599,5569
5603,5572
5593,5589
5593,5583
5595,5580
5604,5569
5596,5570
5816,5753
6322,6300
6268,6311
6304,6285
6311,6303
6264,6320
6287,6286
6281,6315
6283,6301
6292,6318
6292,6321
6281,6311
6305,6327
6298,6348
6288,6328
6305,6324
6304,6334
6292,6348
6287,6333
6316,6345
6297,6325
6303,6319
6291,6330
6281,6322
6289,6340
6278,6344
6275,6328
6295,6312
6297,6332
6287,6356
6292,6374
6293,6338
6292,6318
6278,6330
6288,6339
6289,6372
6281,6339
6301,6331
6284,6343
6299,6318
6284,6326
6284,6329
6270,6352
6289,6354
6310,6333
6275,6320
6298,6351
6294,6336
6310,6307
6331,6352
6295,6354
6319,6324
6317,6327
6276,6313
6259,6294
6267,6304
6296,6322
6310,6340
6301,6339
6320,6332
6309,6335
6302,6361
6296,6337
6294,6325
6288,6328
6283,6320
6305,6316
6294,6335
6287,6309
6306,6306
6319,6296
6316,6332
6298,6354
6269,6346
6295,6327
6292,6308
6291,6337
6275,6317
6264,6336
6290,6353
6277,6309
6279,6318
6300,6325
6281,6335
6303,6351
6304,6366
6322,6356
6299,6338
6281,6358
6296,6337
6284,6329
6289,6344
6288,6311
6295,6324
6300,6307
6266,6312
6273,6298
6261,6325
6287,6333
6303,6323
6290,6338
6285,6314
6266,6330
6270,6349
6298,6345
6298,6341
6300,6366
6306,6304
6304,6328
6288,6343
6275,6302
6291,6336
6285,6351
6290,6375
6281,6329
6289,6344
6280,6335
6290,6350
6304,6348
6291,6330
6300,6327
6351,6398
6260,6351
6262,6297
6265,6350
6290,6329
6288,6346
6302,6337
6303,6312
6291,6334
6287,6338
6290,6361
6291,6350
6294,6342
6276,6350
6276,6340
6295,6346
6287,6353
6292,6343
6278,6361
6275,6339
6274,6317
6282,6335
6285,6319
6303,6336
6287,6342
6285,6336
6289,6366
6285,6346
6291,6330
6307,6344
6282,6317
6271,6330
6267,6334
6295,6353
6293,6356
6287,6352
6301,6335
6304,6347
6285,6329
6271,6348
6263,6342
6267,6340
6278,6337
6268,6358
6286,6348
6290,6347
6291,6360
6289,6346
6284,6359
6276,6367
6286,6344
6263,6343
6281,6338
6274,6310
6275,6337
6281,6324
6300,6328
6285,6327
6285,6374
6265,6363
6273,6379
6289,6385
6257,6336
6267,6350
6287,6373
6284,6390
6270,6368
6268,6346
6272,6377
6286,6351
6279,6345
6288,6370
6268,6369
6257,6376
6263,6355
6280,6403
6259,6391
6275,6386
6264,6378
6249,6357
6249,6355
6264,6360
6274,6344
6287,6378
6288,6372
6279,6382
6278,6374
6271,6377
6252,6402
6258,6363
6256,6366
6260,6374
6292,6347
6248,6367
6240,6360
6263,6363
6260,6366
6256,6384
6278,6390
6275,6344
6264,6375
6254,6383
6254,6356
6267,6387
6249,6360
6240,6364
6258,6382
6259,6375
6259,6374
6264,6357
6243,6392
6271,6391
6272,6379
6240,6413
6253,6406
6273,6417
6242,6413
6249,6393
6248,6389
6275,6403
6261,6385
6254,6368
6249,6366
6265,6375
6253,6382
6271,6366
6258,6417
6272,6394
6255,6401
6237,6385
6253,6372
6258,6400
6251,6376
6265,6386
6252,6369
6240,6353
6233,6349
6245,6347
6239,6355
6254,6359
6231,6399
6252,6391
6244,6382
6231,6387
6250,6394
6253,6394
6249,6410
6267,6391
6250,6378
6255,6411
6250,6400
6241,6385
6252,6406
6239,6403
6256,6392
6253,6363
6239,6396
6234,6380
6240,6369
6231,6394
6231,6403
6241,6388
6234,6373
6253,6384
6248,6377
6236,6371
6240,6419
6235,6397
6242,6377
6242,6380
6232,6383
6241,6409
6265,6406
6232,6388
6226,6385
6235,6399
6239,6395
6233,6382
6228,6379
6237,6381
6228,6372
6235,6342
6207,6309
6238,6351
6249,6385
6246,6384
6239,6416
6241,6402
6224,6419
6237,6435
6233,6411
6234,6431
6237,6402
6229,6409
6224,6407
6226,6403
6224,6407
6226,6381
6228,6414
6224,6424
6239,6403
6246,6411
6235,6388
6229,6392
6229,6384
6235,6376
6239,6395
6235,6377
6248,6401
6235,6377
6233,6365
6237,6398
6231,6402
6230,6414
6215,6398
6243,6387
6228,6436
6214,6430
6237,6372
6222,6362
6224,6345
6231,6372
6228,6362
6241,6367
6244,6393
6240,6388
6230,6388
6235,6416
6231,6392
6232,6411
6234,6399
6246,6404
6227,6395
6216,6420
6229,6386
6223,6408
6234,6413
6228,6428
6225,6402
6226,6438
6216,6417
6212,6393
6240,6400
6226,6400
6226,6421
6214,6391
6216,6414
6226,6437
6228,6406
6225,6425
6220,6418
6217,6403
6213,6434
6220,6419
6212,6445
6219,6437
6218,6430
6223,6428
6212,6426
6218,6427
6222,6408
6216,6390
6202,6405
6217,6426
6227,6425
6219,6392
6226,6400
6226,6400
5439,6404
5776,6731
6171,6370
6157,6366
6104,6298
6113,6313
6236,6414
6248,6433
6222,6425
6193,6378
6226,6425
6229,6434
6224,6450
6206,6463
6214,6389
6215,6425
6222,6415
6225,6416
6212,6352
6209,6377
6217,6374
6227,6356
6223,6371
6230,6348
6219,6356
6223,6361
6229,6351
6236,6396
6233,6389
6220,6381
6220,6399
6220,6402
6225,6398
6232,6408
6223,6393
6223,6427
6223,6425
6214,6429
6226,6443
6224,6421
6203,6422
6214,6423
6212,6424
6220,6432
6215,6427
6211,6402
6221,6412
6225,6411
6224,6400
6216,6397
6213,6399
6222,6410
6222,6421
6213,6393
6215,6417
6224,6422
6218,6420
6216,6424
6220,6412
6237,6415
6224,6427
6212,6411
6213,6394
6211,6389
6209,6388
6210,6398
6224,6406
6235,6377
6222,6385
6225,6408
6222,6365
6220,6384
6236,6353
6227,6378
6220,6371
6234,6385
6235,6386
6224,6410
6219,6413
6219,6426
6212,6394
6213,6387
6220,6393
6223,6381
6212,6378
6216,6383
6228,6371
6214,6387
6205,6378
6205,6362
6214,6369
6232,6357
6225,6346
6241,6370
6226,6387
6235,6357
6217,6379
6224,6383
6225,6407
6232,6391
6226,6384
6220,6376
6217,6356
6226,6376
6220,6390
6218,6381
6214,6357
6233,6375
6221,6407
6228,6415
6209,6398
6222,6410
6220,6385
6218,6363
6218,6376
6219,6403
6209,6387
6214,6371
6217,6394
6230,6371
6225,6375
6218,6367
6228,6351
6236,6355
6215,6368
6222,6372
6246,6362
6232,6380
6219,6393
6218,6402
6229,6373
6218,6350
6225,6390
6208,6391
6216,6353
6237,6376
6222,6381
6237,6374
6216,6347
6223,6352
6224,6383
6224,6368
6212,6349
6233,6357
6239,6350
6228,6352
6222,6349
6222,6354
6224,6383
6225,6363
6227,6355
6231,6339
6222,6352
6233,6371
6235,6373
6219,6366
6228,6372
6235,6353
6223,6346
6223,6391
6214,6361
6227,6363
6223,6353
6229,6365
6238,6362
6228,6352
6227,6351
6227,6366
6227,6376
6225,6393
6217,6377
6219,6387
6231,6357
6238,6338
6249,6345
6226,6346
6219,6325
6232,6332
6228,6340
6238,6321
6217,6331
6223,6357
6233,6361
6226,6338
6250,6316
6237,6320
6243,6333
6229,6341
6222,6334
6226,6324
6217,6335
6224,6338
6210,6308
6220,6350
6221,6357
6226,6330
6220,6350
6226,6336
6225,6322
6223,6339
6220,6344
6235,6369
6237,6340
6227,6343
6227,6330
6218,6334
6218,6316
6220,6336
6241,6353
6234,6346
6212,6337
6222,6348
6219,6342
6215,6337
6228,6341
6236,6355
6241,6346
6235,6344
6231,6345
6232,6336
6225,6334
6213,6346
6240,6334
6239,6348
6236,6360
6223,6362
6240,6351
6243,6359
6233,6342
6230,6347
6235,6337
6232,6334
6212,6346
6242,6355
6234,6343
6239,6340
6248,6333
6236,6363
6262,6357
6281,6329
6283,6337
6307,6360
6325,6358
6347,6341
6379,6361
6441,6340
6456,6308
6503,6328
6558,6338
6601,6356
6678,6327
6744,6313
6813,6330
6853,6361
6961,6339
7032,6335
7093,6333
7126,6372
7180,6372
7197,6344
7182,6333
7169,6329
7129,6318
7108,6349
7089,6322
7087,6321
7030,6329
7047,6329
7027,6355
7030,6315
6963,6317
6918,6330
6928,6364
6926,6346
6894,6361
6903,6376
6895,6331
6943,6336
7008,6352
7121,6373
7208,6364
7330,6358
7450,6384
7675,6370
7834,6366
7893,6379
8073,6408
8219,6414
8375,6401
8481,6427
8594,6451
8686,6486
8626,6509
8569,6515
8453,6531
8361,6557
8213,6551
8048,6615
7926,6617
7809,6670
7691,6702
7504,6799
7354,6886
7177,6965
7064,7026
6967,7137
6906,7179
6829,7281
6824,7316
6849,7394
6922,7440
6990,7494
7101,7521
7197,7554
7407,7587
7611,7573
7804,7572
8098,7572
8340,7531
8631,7474
8890,7427
9057,7323
9238,7255
9406,7136
9489,7078
9630,7013
9636,6910
9610,6847
9543,6812
9369,6848
9152,6804
9041,6813
8943,6795
8725,6861
8548,6968
8329,7072
8189,7152
7919,7283
7771,7431
7719,7490
7636,7707
7462,7857
7361,7958
7258,8056
7295,8179
7273,8230
7341,8239
7401,8270
7503,8284
7650,8264
7898,8233
8150,8213
8364,8173
8576,8060
8883,7953
9091,7810
9317,7720
9434,7557
9548,7455
9625,7340
9754,7231
9907,7149
10009,7087
9906,7034
9905,7003
9752,7017
9510,7005
9275,7058
9118,7129
8871,7257
8533,7372
8286,7454
8088,7583
7838,7730
7633,7877
7451,8064
7303,8192
7153,8280
7012,8371
6946,8458
6968,8591
6998,8662
7083,8757
7245,8863
7418,8805
7636,8753
7860,8651
8078,8608
8264,8495
8530,8291
8644,8156
8751,8028
8935,7912
9071,7769
9244,7581
9452,7410
9601,7252
9772,7125
9954,7017
9940,6980
10011,6961
9979,6990
9855,7077
9841,7174
9671,7301
9508,7447
9305,7554
9103,7755
8974,7953
8701,8116
8340,8241
8077,8349
7889,8559
7753,8684
7569,8836
7456,9009
7364,9026
7327,9048
7317,9121
7360,9087
7358,9037
7350,8993
7460,8800
7567,8693
7731,8540
7841,8298
8028,8124
8226,8041
8482,7926
8716,7767
8879,7642
9087,7569
9189,7429
9306,7288
9401,7172
9405,7104
9352,7019
9292,7002
9292,6945
9173,6920
9134,6912
9012,6937
8895,6982
8681,7028
8493,7081
8439,7294
8289,7393
8107,7579
7871,7784
7728,7998
7539,8173
7391,8292
7249,8385
7106,8396
6994,8314
6870,8273
6838,8199
6844,8212
6906,8191
7022,8119
7200,8090
7351,8035
7587,7918
7865,7846
8066,7735
8405,7634
8596,7495
8810,7340
8966,7256
9208,7116
9301,6980
9311,6911
9415,6848
9410,6879
9378,6879
9330,6859
9265,6913
9087,7033
8850,7098
8658,7187
8469,7267
8280,7426
8113,7575
7914,7675
7759,7809
7597,7992
7451,8126
7310,8222
7183,8333
7115,8493
7054,8630
6971,8727
6912,8828
6880,9010
6883,9076
6896,9104
6951,9160
6995,9084
7190,8946
7331,8851
7556,8666
7755,8534
7966,8318
8218,8094
8529,7859
8826,7638
9062,7426
9131,7269
9267,7081
9333,6890
9389,6756
9391,6674
9371,6689
9306,6725
9227,6788
9042,6938
8940,7006
8742,7125
8569,7238
8306,7317
8170,7450
7951,7557
7763,7719
7587,7795
7446,7890
7300,8073
7187,8187
7065,8392
6999,8550
6929,8605
6904,8678
6867,8795
6902,8802
6900,8921
6948,8909
7013,8910
7081,8793
7156,8680
7308,8528
7450,8256
7698,8236
7749,7963
8018,7846
8219,7593
8352,7384
8615,7204
8778,7033
8950,6909
9042,6826
9114,6750
9175,6706
9319,6710
9297,6725
9247,6791
9153,6864
8959,6901
8687,7057
8519,7155
8310,7265
8122,7393
7914,7510
7656,7589
7544,7724
7431,7729
7297,7814
7182,7929
7040,8008
6986,8043
6916,8011
6911,8004
6909,8048
6948,8058
6940,8064
7050,8005
7159,7866
7267,7769
7437,7658
7607,7598
7823,7478
8037,7404
8147,7259
8308,7158
8459,7017
8493,6896
8644,6786
8648,6711
8735,6668
8774,6604
8808,6582
8758,6636
8665,6634
8618,6692
8547,6793
8436,6858
8411,6956
8331,7088
8195,7266
8074,7417
7942,7542
7763,7649
7525,7820
7363,7926
7208,8047
7106,8090
7025,8083
6934,8115
6858,8139
6831,8098
6851,8125
6878,8093
7018,8047
7135,7895
7226,7812
7381,7727
7578,7560
7763,7425
8013,7360
8204,7238
8439,7125
8645,7038
8775,6954
8832,6847
8860,6767
8904,6749
8999,6715
9023,6693
9045,6709
8963,6692
8761,6741
8734,6815
8520,6822
8285,6890
8084,6939
7934,7044
7774,7164
7579,7269
7478,7366
7319,7535
7173,7636
7064,7771
6966,7929
6883,8078
6877,8152
6895,8247
6897,8321
6935,8416
6984,8420
7025,8391
7107,8312
7212,8221
7287,8147
7419,7964
7517,7850
7700,7708
7858,7498
7993,7389
8229,7263
8441,7116
8484,6975
8634,6888
8755,6778
8854,6710
8979,6709
9041,6677
9100,6736
9103,6776
9115,6847
9098,6997
8950,7132
8787,7252
8595,7328
8426,7467
8232,7575
8063,7673
7796,7763
7688,7860
7432,7906
7240,7960
7107,7957
7036,8034
6983,8093
6990,8098
6990,8130
7046,8143
7109,8121
7187,8098
7283,8014
7389,7949
7476,7810
7590,7649
7761,7581
7981,7427
8135,7279
8329,7180
8477,7072
8605,6972
8628,6911
8781,6821
8983,6759
9066,6707
9042,6706
9062,6761
9053,6791
8893,6858
8747,6972
8646,7036
8506,7162
8365,7306
8210,7471
8056,7642
7882,7843
7704,7989
7550,8212
7408,8392
7289,8461
7126,8676
6994,8789
6899,8818
6894,8775
6861,8759
6886,8760
6893,8734
6985,8628
6969,8514
7054,8430
7188,8185
7348,8004
7465,7904
7604,7775
7736,7568
7856,7385
8023,7287
8225,7205
8389,7111
8593,7021
8709,6949
8828,6845
8889,6777
8922,6719
8933,6700
8925,6661
8872,6671
8805,6692
8713,6781
8564,6821
8403,6936
8215,7066
8117,7196
7963,7319
7747,7404
7572,7554
7382,7574
7191,7665
7063,7770
6974,7826
6891,7873
6908,7878
6906,7876
6973,7911
7079,7881
7161,7843
7364,7826
7442,7756
7608,7642
7838,7545
8124,7494
8392,7376
8562,7267
8794,7205
8975,7070
9130,6975
9443,6844
9590,6755
9671,6684
9810,6613
9847,6588
9763,6553
9688,6541
9570,6563
9425,6646
9252,6728
9097,6794
8914,6921
8685,7083
8454,7184
8158,7396
7878,7593
7686,7759
7425,7891
7229,8016
7066,8236
6934,8345
6881,8417
6874,8438
6883,8424
6886,8394
6936,8348
7088,8273
7182,8313
7297,8235
7486,8116
7668,7935
7862,7800
8014,7636
8235,7477
8377,7356
8442,7092
8762,7121
8922,6991
9075,6935
9299,6841
9330,6753
9289,6711
9313,6687
9272,6721
9188,6730
9053,6764
8996,6856
8856,6953
8720,7153
8481,7364
8299,7548
8091,7787
7909,7951
7709,8122
7595,8280
7366,8399
7217,8497
7168,8520
7089,8643
7015,8755
7026,8799
7015,8744
7028,8774
7102,8697
7158,8634
7288,8568
7453,8442
7628,8318
7812,8159
7920,8077
8082,7953
8370,7876
8697,7630
8947,7511
9130,7366
9342,7194
9448,7056
9556,6940
9791,6889
9901,6801
10010,6774
10058,6744
9978,6789
9952,6842
9971,6920
9815,7013
9741,7123
9607,7275
9409,7347
9134,7494
8812,7685
8575,7815
8321,7940
7986,8016
7675,8094
7497,8219
7321,8369
7163,8444
7084,8441
7058,8486
7080,8421
7128,8441
7206,8427
7320,8390
7446,8363
7650,8339
7872,8166
8127,8045
8348,7886
8628,7779
9026,7618
9455,7475
9807,7377
10115,7258
10429,7116
10841,7012
11300,6926
11589,6880
11725,6871
11689,6891
11620,6941
11245,7026
11078,7182
10724,7338
10331,7445
9799,7634
9336,7871
8974,8074
8710,8273
8366,8535
8094,8714
7859,8977
7700,9249
7594,9466
7513,9570
7448,9610
7492,9637
7594,9754
7672,9921
7723,9863
7910,9733
8070,9538
8322,9328
8675,9191
9016,9117
9335,9007
9624,8831
9974,8587
10387,8312
10758,8078
11045,7830
11153,7601
11311,7313
11260,7142
11213,6922
11262,6813
11143,6744
10979,6745
10760,6863
10623,6993
10537,7228
10442,7531
10244,7873
9975,8185
9564,8575
9224,8814
8951,9063
8701,9240
8475,9445
8245,9623
8090,9785
7961,9814
7814,9860
7699,9913
7674,9813
7652,9769
7731,9849
7769,9729
7963,9699
8194,9583
8442,9447
8792,9228
9097,9066
9371,8868
9740,8574
10164,8286
10598,8045
10922,7827
11290,7666
11446,7538
11491,7452
11568,7366
11619,7317
11526,7299
11340,7299
11052,7318
10759,7363
10443,7370
10184,7455
9932,7568
9510,7717
9142,7857
8858,8088
8510,8271
8234,8412
7936,8539
7647,8680
7494,8972
7401,9214
7271,9392
7270,9449
7312,9470
7357,9464
7470,9568
7588,9671
7674,9737
7846,9700
7989,9519
8208,9351
8527,9132
8807,8880
9169,8663
9390,8391
9543,8121
9733,7866
9951,7688
10055,7420
9921,7266
9929,7108
10123,7030
10097,7039
10021,7081
10036,7153
9970,7252
9788,7423
9390,7620
8904,7829
8553,8072
8042,8304
7767,8532
7556,8723
7269,8950
7034,9098
6878,9256
6672,9401
6443,9504
6346,9580
6248,9706
6211,9719
6176,9584
6172,9567
6148,9382
6156,9364
6158,9196
6151,9072
6155,8734
6160,8622
6147,8384
6152,8235
6147,8115
6155,7917
6153,7740
6152,7531
6151,7379
6132,7286
6143,7240
6127,7135
6126,7048
6135,7006
6126,7031
6136,7108
6120,7268
6115,7457
6120,7665
6129,7949
6128,8216
6128,8439
6122,8642
6124,8844
6126,8966
6112,8993
6121,9006
6117,8846
6116,8789
6121,8717
6114,8555
6115,8292
6121,8091
6122,8027
6112,7937
6105,7791
6119,7507
6132,7264
6118,7115
6112,6984
6117,6844
6111,6576
6122,6417
6105,6345
6110,6290
6118,6247
6117,6200
6096,6195
6115,6191
6093,6218
6384,6295
6041,6108
6113,6194
6085,6147
6030,6106
6110,6176
6113,6168
6111,6223
6114,6183
6117,6182
6112,6191
6102,6166
6109,6127
6112,6115
6103,6084
6101,6081
6107,6080
6109,6076
6122,6076
6100,6066
6109,6084
6113,6076
6108,6068
6105,6078
6108,6066
6110,6067
6104,6066
6098,6075
6108,6059
6105,6061
6103,6067
6101,6065
6108,6061
6105,6059
6099,6062
6112,6067
6100,6068
6112,6063
6108,6051
6086,6063
6106,6046
6105,6042
6099,6062
6105,6062
6107,6065
6110,6051
6110,6069
6114,6050
6107,6060
6106,6060
6105,6058
6114,6063
6107,6057
6106,6060
6105,6061
6115,6056
6119,6070
6110,6063
6101,6046
6115,6063
6111,6059
6106,6054
6115,6056
6111,6059
6104,6055
6114,6064
6105,6045
6107,6050
6096,6057
6106,6046
6107,6045
6104,6043
6107,6051
6110,6057
6105,6055
6109,6051
6101,6050
6111,6042
6112,6057
6105,6041
6107,6054
6117,6045
6114,6060
6113,6041
6111,6057
6107,6048
6106,6048
6117,6041
6118,6046
6108,6050
6108,6046
6118,6058
6103,6051
6096,6049
6109,6048
6106,6054
6110,6047
6108,6054
6115,6041
6107,6058
6108,6057
6106,6058
6107,6044
6109,6050
6111,6053
6107,6050
6097,6063
6099,6055
6090,6055
6107,6044
6099,6053
6110,6054
6106,6036
6099,6090
6109,6064
6112,6045
6102,6051
6099,6057
6098,6052
6104,6052
6111,6054
6116,6043
6102,6060
6100,6055
6099,6047
6103,6058
6102,6057
6106,6056
6096,6058
6102,6040
6109,6040
6114,6057
6102,6047
6111,6044
6102,6054
6109,6062
6104,6047
6100,6044
6108,6058
6103,6056
6107,6061
6105,6048
6104,6049
6092,6050
6099,6039
6106,6051
6110,6058
6112,6048
6106,6056
6099,6043
6103,6049
6106,6055
6106,6049
6106,6056
6098,6059
6096,6066
6115,6041
6106,6067
6108,6038
6110,6047
6105,6053
6104,6036
6106,6050
6101,6054
6095,6054
6098,6052
6113,6049
6104,6053
6085,6043
6111,6049
6101,6042
6107,6056
6119,6052
6112,6059
6106,6047
6101,6035
6102,6037
6105,6066
6109,6047
6107,6050
6096,6035
6102,6051
6106,6012
6099,6045
6114,6054
6107,6047
6100,6046
6095,6051
6094,6043
6098,6053
6093,6055
6111,6046
6104,6053
6107,6045
6101,6045
6107,6056
6103,6042
6101,6044
6106,6049
6100,6054
6093,6059
6098,6052
6101,6054
6097,6042
6101,6052
6095,6054
6095,6034
6092,6051
6103,6051
6095,6059
6094,6045
6096,6055
6101,6050
6107,6054
6088,6054
6091,6049
6098,6036
6101,6045
6104,6046
6095,6053
6096,6048
6108,6064
6108,6044
6100,6041
6099,6041
6097,6046
6092,6054
6096,6051
6105,6050
6105,6056
6094,6053
6103,6045
6089,6046
6091,6048
6094,6052
6094,6045
6099,6032
6100,6051
6107,6050
6099,6053
6090,6051
6099,6057
6102,6051
6094,6055
6103,6051
6106,6040
6108,6036
6103,6045
6099,6046
6101,6057
6103,6053
6099,6056
6097,6054
6094,6046
6104,6050
6096,6036
6110,6057
6104,6054
6097,6054
6108,6047
6101,6058
6099,6057
6102,6054
6104,6048
6094,6049
6105,6056
6088,5931
6113,6048
6070,6019
6023,5990
6118,6038
6105,6044
6094,6052
6085,6033
6095,6058
6105,6051
6085,6052
6107,6055
6116,6055
6107,6053
6113,6053
6111,6048
6104,6066
6106,6066
6103,6033
6114,6056
6108,6065
6100,6053
6103,6051
6108,6060
6123,6041
6110,6051
6094,6060
6106,6047
6099,6050
6108,6041
6118,6035
6099,6046
6100,6045
6104,6049
6103,6050
6103,6047
6105,6052
6104,6052
6099,6051
6104,6037
6094,6048
6093,6021
6104,6036
6103,6055
6105,6050
6105,6050
6104,6057
6104,6049
6096,6025
6106,6049
6105,6042
6115,6002
6102,6071
6102,6047
6104,6053
6112,6055
6099,6052
6098,6038
6102,6043
6090,6054
6098,6037
6090,6040
6100,6048
6108,6049
6112,6048
6099,6046
6107,6052
6102,6051
6099,6054
6096,6049
6102,6038
6108,6052
6102,6048
6102,6055
6106,6044
6101,6050
6096,6044
6093,6050
6105,6050
6103,6049
6106,6044
6107,6047
6108,6043
6102,6041
6103,6044
6111,6050
6111,6047
6113,6047
6099,6044
6104,6053
6100,6053
6104,6034
6104,6060
6112,6063
6108,6045
6106,6050
6110,6050
6114,6034
6108,6044
6102,6048
6101,6062
6112,6041
6112,6054
6110,6058
6118,6038
6113,6056
6108,6055
6111,6059
6113,6047
6108,6041
6113,6048
6117,6062
6114,6006
6109,6061
6111,6050
6106,6053
6115,6042
6107,6047
6107,6047
6113,6059
6110,6053
6107,6055
6107,6048
6106,6058
6110,6053
6114,6053
6107,6050
6102,6053
6105,6048
6112,6050
6107,6048
6113,6048
6108,6045
6106,6058
6107,6046
6101,6055
6120,6049
6111,6052
6110,6042
6114,6008
6108,6052
6108,6046
6116,6050
6109,6051
6114,6050
6114,6050
6100,6060
6110,6047
6110,6050
6110,6052
6118,6045
6108,6064
6111,6056
6107,6055
6110,6048
6112,6052
6102,6048
6110,6045
6113,6046
6115,6049
6104,6050
6108,6038
6111,6043
6114,6052
6101,6056
6105,6055
6102,6048
6112,6051
6117,6062
6113,6040
6112,6046
6112,6041
6096,6033
6107,6043
6109,6042
6108,6057
6109,6061
6108,6044
6104,6053
6112,6049
6105,6058
6109,6054
6103,6057
6104,6055
6110,6054
6103,6050
6108,6044
6106,6055
6106,6056
6116,6050
6099,6042
6114,6048
6111,6056
6131,6039
6121,6053
6113,6050
6111,6068
6114,6051
6115,6063
6118,6054
6096,6041
6115,6055
6113,6062
6121,6060
6118,6062
6103,6068
6113,6052
6116,6055
6108,6047
6114,6062
6112,6057
6118,6055
6112,6039
6117,6049
6104,6042
6114,6063
6115,6046
6104,6061
6119,6062
6123,6062
6121,6062
6112,6045
6110,6053
6119,6039
6106,6059
6121,6055
6119,6055
6112,6045
6117,6050
6117,6050
6113,6046
6114,6054
6118,6049
6118,6053
6117,6048
6112,6045
6119,6056
6123,6050
6118,6048
6120,6049
6117,6053
6112,6053
6117,6061
6111,6059
6115,6054
6116,6053
6114,6041
6109,6053
6112,6065
6110,6060
6115,6048
6115,6048
6113,6045
6114,6061
6112,6065
6117,6054
6114,6055
6119,6053
6110,6051
6123,6055
6116,6047
6110,6045
6110,6035
6118,6063
6110,6070
6114,6055
6122,6061
6117,6055
6119,6047
6106,6060
6114,6052
6114,6051
6115,6048
6115,6048
6114,6061
6119,6047
6111,6058
6115,6058
6113,6064
6124,6042
6112,6060
6116,6056
6108,6051
6113,6056
6119,6048
6115,6050
6114,6052
6108,6056
6114,6063
6112,6049
6110,6047
6112,6062
6109,6060
6116,6045
6112,6050
6112,6050
6111,6042
6112,6042
6109,6065
6117,6064
6116,6054
6114,6046
6115,6057
6113,6060
6114,6052
6118,6060
6120,6061
6117,6038
0,30
0,61680
0,0
6116,6058
5600,5581
5595,5572
5602,5580
5603,5578
5603,5564
5599,5567
5598,5572
5600,5571
5817,5749
6323,6309
6267,6292
6304,6271
6303,6287
6273,6299
6287,6309
6289,6312
6291,6293
6291,6308
6300,6323
6293,6325
6306,6322
6293,6339
6288,6323
6307,6312
6303,6330
6290,6346
6297,6335
6311,6337
6308,6321
6305,6314
6285,6327
6268,6320
6290,6338
6282,6321
6278,6322
6292,6322
6290,6331
6304,6372
6308,6358
6287,6317
6283,6329
6269,6328
6271,6335
6289,6361
6283,6339
6293,6335
6285,6337
6300,6328
6268,6336
6274,6357
6280,6339
6285,6348
6304,6332
6305,6339
6294,6359
6296,6349
6308,6307
6326,6336
6302,6347
6320,6336
6309,6324
6271,6311
6273,6285
6284,6316
6295,6332
6298,6339
6291,6350
6304,6328
6306,6315
6301,6342
6282,6322
6294,6301
6287,6313
6291,6309
6298,6301
6285,6331
6297,6309
6301,6314
6297,6320
6309,6325
6301,6329
6284,6348
6303,6339
6304,6314
6280,6335
6266,6341
6281,6340
6285,6366
6288,6308
6270,6338
6289,6333
6282,6345
6298,6346
6305,6351
6313,6359
6293,6344
6278,6339
6284,6316
6293,6333
6295,6332
6279,6323
6296,6319
6291,6300
6289,6310
6284,6320
6264,6300
6291,6338
6302,6300
6299,6337
6555,6538
6346,6358
6334,6384
6265,6560
6282,6339
6410,6501
6401,6392
6272,6309
6271,6317
6277,6301
6294,6315
6285,6370
6295,6381
6293,6328
6296,6332
6285,6353
6286,6345
6303,6351
6294,6331
6292,6308
6307,6327
6285,6341
6290,6368
6281,6330
6285,6327
6295,6336
6295,6329
6305,6324
6293,6329
6282,6338
6292,6347
6290,6344
6283,6355
6285,6343
6261,6343
6282,6327
6299,6352
6303,6350
6285,6345
6291,6330
6278,6327
6283,6332
6287,6324
6302,6319
6312,6352
6302,6327
6285,6364
6282,6345
6292,6353
6302,6343
6283,6319
6286,6321
6268,6331
6290,6353
6296,6356
6277,6359
6304,6334
6288,6337
6268,6343
6270,6347
6269,6324
6263,6336
6280,6348
6276,6334
6279,6357
6285,6340
6287,6367
6294,6332
6280,6347
6272,6348
6261,6348
6285,6361
6289,6324
6265,6325
6278,6339
6294,6326
6288,6325
6283,6323
6266,6350
6264,6351
6278,6378
6283,6375
6258,6356
6269,6360
6277,6378
6283,6375
6278,6353
6273,6354
6279,6352
6281,6350
6262,6365
6273,6374
6273,6387
6264,6380
6257,6366
6272,6392
6260,6375
6272,6368
6276,6364
6242,6353
6252,6371
6261,6361
6266,6342
6285,6367
6285,6367
6283,6358
6280,6379
6267,6362
6260,6404
6251,6373
6256,6359
6263,6381
6275,6351
6254,6377
6253,6370
6260,6360
6246,6357
6254,6387
6269,6385
6279,6387
6263,6385
6262,6371
6251,6362
6254,6358
6238,6355
6254,6368
6246,6369
6245,6396
6257,6367
6250,6376
6252,6407
6272,6379
6248,6388
6251,6395
6249,6401
6269,6406
6245,6392
6252,6411
6244,6384
6279,6399
6268,6373
6253,6361
6258,6373
6258,6366
6251,6372
6271,6370
6247,6433
6276,6420
6260,6398
6248,6400
6256,6371
6255,6377
6248,6374
6260,6369
6246,6364
6243,6350
6230,6342
6242,6356
6241,6361
6242,6372
6236,6414
6256,6401
6230,6394
6222,6400
6233,6394
6249,6369
6268,6409
6250,6395
6255,6373
6248,6432
6254,6399
6261,6390
6241,6399
6247,6397
6251,6396
6247,6372
6238,6382
6238,6385
6227,6369
6232,6392
6233,6383
6242,6393
6244,6373
6255,6380
6237,6366
6243,6362
6237,6420
6240,6392
6243,6366
6238,6372
6239,6367
6227,6394
6256,6391
6239,6391
6239,6380
6241,6396
6242,6398
6242,6363
6235,6357
6230,6384
6230,6366
6231,6369
6239,6362
6246,6369
6255,6365
6256,6370
6241,6409
6232,6407
6228,6415
6236,6435
6226,6417
6244,6411
6241,6400
6224,6416
6221,6396
6231,6374
6224,6400
6237,6385
6244,6408
6248,6420
6243,6392
6247,6395
6216,6411
6233,6404
6229,6399
6237,6371
6240,6395
6227,6383
6234,6384
6248,6413
6239,6376
6250,6389
6234,6411
6222,6390
6222,6406
6237,6379
6212,6434
6229,6362
6223,6376
6216,6350
6234,6358
6226,6372
6230,6356
6234,6362
6235,6376
6226,6393
6239,6384
6234,6405
6223,6399
6226,6416
6228,6408
6234,6409
6220,6384
6228,6399
6204,6392
6227,6394
6226,6402
6234,6425
6220,6404
6234,6433
6216,6398
6238,6380
6225,6417
6214,6409
6232,6400
6213,6395
6214,6408
6226,6417
6231,6405
6160,6397
6295,6503
6257,6441
6191,6431
6223,6418
6225,6450
6224,6419
6207,6403
6214,6401
6219,6434
6223,6426
6227,6391
6217,6394
6225,6399
6220,6416
6229,6415
6217,6406
6226,6398
6215,6404
6221,6392
6219,6370
6202,6377
6229,6428
6213,6419
6218,6431
6221,6418
6225,6422
6211,6443
6212,6414
6215,6432
6220,6412
6220,6448
6215,6442
6204,6376
6210,6416
6241,6412
6229,6400
6220,6400
6211,6380
6202,6375
6227,6364
6213,6376
6231,6342
6211,6363
6225,6343
6219,6358
6229,6402
6235,6418
6216,6394
6222,6390
6215,6380
6223,6394
6222,6406
6213,6404
6206,6419
6208,6401
6216,6416
6222,6447
6216,6445
6211,6428
6222,6413
6217,6428
6212,6426
6230,6417
6222,6431
6224,6402
6236,6387
6221,6403
6225,6410
6207,6401
6221,6414
6218,6428
6221,6382
6222,6411
6208,6410
6227,6403
6224,6413
6217,6423
6228,6410
6220,6415
6217,6400
6209,6393
6217,6397
6208,6396
6218,6397
6210,6395
6218,6368
6218,6385
6216,6407
6223,6365
6220,6383
6222,6341
6225,6373
6218,6375
6230,6387
6230,6401
6206,6393
6218,6407
6216,6408
6217,6397
6221,6408
6220,6392
6208,6375
6208,6377
6207,6382
6214,6373
6215,6404
6211,6387
6231,6351
6209,6362
6230,6376
6230,6347
6246,6370
6225,6376
6217,6385
6220,6381
6214,6383
6228,6402
6233,6404
6225,6375
6218,6369
6224,6365
6216,6381
6228,6370
6220,6384
6216,6381
6224,6381
6228,6399
6221,6411
6227,6400
6219,6387
6225,6372
6211,6348
6218,6376
6216,6411
6217,6374
6227,6399
6226,6392
6222,6383
6227,6352
6226,6351
6215,6360
6221,6361
6235,6375
6230,6353
6232,6363
6226,6382
6217,6398
6221,6378
6230,6369
6231,6384
6230,6394
6226,6371
6230,6382
6227,6380
6224,6354
6227,6359
6225,6342
6228,6361
6238,6366
6229,6385
6228,6364
6244,6360
6231,6370
6226,6351
6219,6350
6231,6328
6226,6359
6235,6366
6232,6348
6214,6342
6223,6375
6219,6374
6224,6364
6215,6360
6226,6363
6237,6340
6231,6343
6239,6372
6225,6348
6233,6353
6224,6351
6226,6375
6229,6375
6232,6360
6233,6362
6226,6371
6227,6364
6232,6379
6230,6366
6237,6385
6233,6364
6234,6340
6242,6345
6225,6327
6230,6329
6225,6321
6225,6321
6235,6334
6224,6333
6217,6354
6224,6374
6233,6315
6238,6314
6235,6303
6247,6336
6230,6339
6214,6327
6218,6339
6231,6322
6226,6329
6226,6334
6222,6363
6232,6344
6220,6337
6217,6367
6224,6342
6217,6325
6218,6346
6220,6352
6230,6352
6227,6345
6225,6330
6229,6315
6228,6339
6219,6319
6228,6337
6234,6342
6234,6350
6216,6360
6222,6333
6226,6338
6226,6325
6219,6336
6219,6339
6222,6366
6241,6348
6237,6353
6229,6332
6215,6331
6214,6350
6237,6345
6240,6346
6228,6362
6227,6365
6236,6342
6240,6370
6240,6338
6236,6331
6230,6336
6229,6345
6219,6322
6245,6350
6227,6358
6251,6337
6241,6337
6243,6335
6258,6325
6277,6334
6284,6309
6310,6343
6329,6371
6364,6379
6388,6365
6426,6344
6445,6329
6497,6316
6554,6346
6706,6410
6600,6316
6725,6320
6725,6339
6893,6371
6798,6201
7094,6384
7055,6330
7122,6365
7163,6354
7195,6337
7179,6346
7195,6326
7132,6332
7113,6317
7057,6333
7062,6322
7050,6322
7031,6338
7024,6331
7041,6347
7012,6330
6963,6350
6947,6359
6895,6359
6872,6354
6887,6359
6883,6331
6951,6336
7023,6354
7108,6367
7225,6348
7348,6354
7465,6385
7682,6359
7832,6362
7894,6395
8046,6404
8244,6410
8398,6410
8507,6439
8590,6469
8692,6473
8600,6509
8577,6525
8517,6525
8367,6553
8221,6542
8061,6592
7962,6624
7792,6650
7676,6714
7493,6783
7340,6900
7187,6973
7097,7042
6974,7127
6905,7167
6820,7224
6849,7311
6852,7422
6909,7415
6972,7525
7068,7551
7159,7557
7381,7567
7567,7587
7812,7590
8080,7603
8338,7565
8592,7501
8888,7436
9096,7340
9218,7240
9426,7152
9466,7094
9635,6983
9664,6927
9552,6885
9546,6833
9432,6842
9179,6825
9022,6789
8911,6804
8778,6853
8583,6967
8342,7059
8193,7151
7971,7274
7801,7358
7713,7518
7632,7722
7467,7853
7364,7974
7314,8036
7279,8186
7277,8221
7342,8253
7412,8268
7505,8300
7680,8315
7899,8252
8119,8195
8353,8170
8581,8102
8887,7950
9062,7833
9319,7697
9491,7544
9557,7460
9577,7345
9764,7264
9925,7183
10002,7072
9910,7031
9911,6996
9745,6970
9487,7034
9240,7048
9129,7155
8917,7246
8533,7353
8296,7458
8085,7630
7833,7714
7627,7871
7464,8032
7292,8190
7138,8256
7022,8307
6967,8431
6941,8586
6987,8690
7087,8760
7255,8836
7408,8822
7597,8700
7839,8681
8068,8598
8268,8523
8508,8338
8668,8127
8768,8028
8944,7920
9093,7798
9243,7561
9461,7379
9614,7257
9773,7121
9966,7045
9978,6955
10017,6954
9950,6993
9957,7071
9833,7153
9681,7289
9517,7426
9342,7569
9157,7757
8906,7965
8671,8105
8367,8250
8128,8330
7931,8535
7755,8688
7593,8851
7421,8960
7345,9045
7354,9032
7300,9122
7362,9117
7369,9073
7326,8973
7434,8853
7564,8671
7691,8520
7858,8304
8022,8154
8232,8052
8489,7927
8735,7772
8886,7661
9082,7547
9203,7425
9303,7280
9394,7184
9344,7102
9385,7047
9359,6980
9247,6947
9156,6915
9132,6946
9034,6957
8881,6968
8675,7042
8516,7131
8373,7266
8304,7390
8092,7585
7868,7829
7728,7944
7585,8133
7444,8273
7265,8355
7092,8366
7035,8321
6911,8255
6843,8232
6830,8225
6882,8177
7022,8124
7193,8053
7364,7976
7589,7919
7833,7859
8087,7742
8390,7611
8581,7488
8771,7390
8996,7255
9165,7126
9284,6990
9350,6911
9385,6880
9408,6861
9331,6860
9291,6878
9258,6894
9072,7001
8843,7119
8689,7151
8490,7273
8299,7411
8104,7577
7934,7714
7772,7826
7588,7997
7480,8146
7309,8207
7237,8337
7152,8456
7035,8622
6941,8690
6929,8795
6919,8999
6897,9059
6874,9116
6947,9157
7008,9050
7172,8987
7305,8852
7538,8674
7743,8515
8014,8355
8243,8135
8539,7863
8822,7636
9055,7429
9104,7265
9313,7079
9345,6903
9374,6777
9378,6699
9326,6698
9280,6715
9208,6789
9125,6878
8981,7003
8757,7102
8544,7206
8281,7292
8152,7433
7930,7542
7841,7720
7593,7810
7483,7870
7313,8026
7169,8179
7066,8380
7011,8577
6954,8620
6933,8689
6892,8807
6891,8863
6880,8878
6949,8906
6995,8928
7098,8794
7185,8667
7297,8571
7455,8416
7612,8214
7802,8045
8033,7848
8190,7599
8425,7372
8615,7203
8791,7050
8955,6924
8994,6823
9142,6746
9211,6694
9304,6701
9305,6709
9267,6754
9106,6849
8912,6903
8724,7029
8531,7170
8309,7290
8091,7394
7875,7497
7681,7592
7519,7715
7393,7745
7276,7852
7157,7929
7046,7977
6987,8021
6940,8021
6882,8034
6912,8067
6957,8031
6961,8014
7055,7995
7186,7919
7275,7776
7413,7667
7628,7579
7817,7481
7955,7410
8111,7256
8333,7150
8464,7022
8524,6896
8648,6797
8701,6713
8711,6672
8720,6616
8782,6589
8740,6602
8669,6654
8646,6692
8505,6761
8491,6854
8424,6968
8303,7086
8211,7268
8072,7438
7943,7564
7702,7672
7544,7817
7351,7938
7213,8050
7120,8082
7022,8130
6935,8154
6842,8099
6853,8098
6857,8162
6894,8087
6993,7994
7114,7893
7215,7816
7378,7732
7586,7586
7760,7488
7986,7340
8209,7238
8465,7167
8615,7057
8687,6964
8866,6875
8853,6794
8906,6751
9023,6712
9062,6706
9064,6692
8943,6696
8760,6743
8670,6772
8476,6841
8279,6890
8096,6966
7936,7051
7737,7176
7570,7264
7461,7386
7291,7556
7180,7672
7091,7765
6968,7961
6917,8026
6897,8148
6897,8285
6916,8375
6934,8418
6954,8408
7047,8404
7104,8308
7236,8214
7296,8124
7419,7970
7556,7808
7701,7660
7843,7545
8045,7406
8214,7267
8397,7078
8571,6969
8625,6876
8759,6793
8864,6705
8958,6670
9001,6692
9145,6721
9117,6781
9113,6869
9038,6973
8940,7130
8829,7241
8586,7338
8431,7415
8236,7554
8013,7672
7832,7781
7675,7873
7445,7944
7249,7935
7153,7949
7043,8032
6992,8081
7007,8108
6978,8137
7045,8125
7094,8114
7183,8072
7281,7991
7375,7944
7495,7787
7569,7645
7746,7570
8014,7448
8174,7265
8293,7144
8474,7049
8622,6962
8662,6883
8802,6787
8955,6770
9069,6731
9043,6723
9035,6761
9041,6761
8887,6856
8726,6973
8605,7039
8523,7175
8372,7304
8243,7441
8064,7687
7876,7854
7695,7991
7546,8206
7411,8367
7242,8450
7097,8630
7002,8773
6893,8804
6866,8768
6885,8750
6845,8777
6925,8649
6992,8619
6990,8508
7058,8418
7209,8240
7342,8010
7436,7900
7585,7780
7765,7551
7876,7428
8045,7274
8230,7208
8367,7123
8557,6996
8733,6937
8851,6845
8891,6763
8938,6708
8953,6684
8837,6654
8865,6651
8829,6695
8690,6760
8593,6835
8396,6936
8214,7073
8107,7209
7968,7344
7762,7437
7562,7578
7386,7586
7156,7711
7032,7750
6944,7828
6920,7872
6913,7850
6911,7862
6974,7889
7061,7923
7152,7823
7333,7809
7476,7758
7644,7658
7872,7554
8129,7469
8363,7409
8608,7251
8802,7137
9036,7054
9219,6959
9385,6840
9564,6779
9657,6673
9795,6646
9800,6591
9783,6542
9682,6553
9512,6581
9442,6618
9306,6702
9095,6819
8891,6946
8678,7060
8449,7204
8129,7375
8087,7706
7681,7785
7408,7826
7471,8327
7126,8310
6951,8360
6858,8418
6877,8410
6878,8456
6891,8398
6947,8320
7055,8301
7177,8324
7315,8225
7472,8076
7672,7927
7853,7800
8032,7645
8245,7506
8394,7369
8575,7227
8756,7082
8871,6938
9048,6859
9251,6841
9304,6745
9290,6696
9273,6694
9259,6696
9169,6740
9041,6765
9016,6867
8830,6965
8689,7160
8445,7375
8296,7537
8093,7789
7889,7944
7705,8151
7569,8252
7371,8430
7250,8493
7140,8537
7056,8644
6995,8715
7017,8811
6996,8770
7021,8762
7105,8695
7189,8615
7290,8532
7466,8479
7667,8331
7771,8151
7923,8058
8163,7976
8401,7808
8720,7625
8936,7488
9183,7329
9388,7182
9497,7069
9574,6957
9773,6895
9934,6801
10040,6769
10011,6752
10013,6816
9927,6832
9949,6927
9847,7004
9736,7153
9534,7279
9380,7377
9078,7479
8822,7684
8533,7773
8287,7952
7969,8002
7644,8118
7478,8241
7316,8362
7136,8469
7080,8472
7066,8509
7085,8460
7113,8430
7214,8407
7328,8379
7459,8364
7666,8302
7885,8131
8134,8023
8341,7875
8645,7731
9038,7614
9431,7448
9813,7393
10088,7238
10440,7098
10836,6987
11282,6887
11624,6861
11720,6852
11653,6883
11657,6946
11248,7052
11100,7184
10783,7331
10280,7466
9800,7688
9326,7900
9012,8063
8703,8301
8377,8506
8067,8704
7878,8977
7703,9294
7608,9470
7490,9572
7477,9574
7462,9679
7568,9783
7665,9954
7736,9853
7902,9704
8120,9554
8397,9276
8714,9148
9023,9068
9404,9053
9723,8842
10017,8602
10393,8282
10876,8041
11120,7786
11165,7573
11295,7298
11260,7081
11216,6945
11188,6818
11116,6754
10913,6751
10738,6862
10674,7059
10486,7280
10494,7562
10163,7892
9879,8219
9517,8621
9186,8829
8949,9069
8661,9315
8373,9462
8164,9688
8084,9794
7937,9839
7807,9911
7661,9976
7666,9798
7667,9813
7720,9806
7771,9711
7970,9699
8218,9527
8552,9436
8855,9284
9150,9078
9456,8789
9770,8564
10182,8243
10656,8032
10968,7807
11304,7645
11420,7531
11517,7437
11559,7351
11663,7297
11484,7289
11289,7289
11027,7301
10711,7344
10427,7363
10157,7464
9867,7570
9421,7715
9108,7873
8774,8061
8448,8266
8165,8385
7894,8589
7672,8764
7504,8942
7369,9175
7281,9372
7274,9477
7314,9445
7390,9446
7459,9569
7603,9749
7687,9740
7849,9650
8014,9487
8275,9343
8584,9118
8837,8837
9160,8636
9457,8404
9567,8058
9713,7835
9990,7653
9997,7408
9983,7213
10014,7096
10120,7051
10103,7052
10060,7073
10014,7159
9895,7300
9779,7448
9373,7625
8836,7877
8500,8081
8098,8327
7720,8546
7499,8723
7228,8955
6997,9062
6846,9280
6657,9396
6474,9509
6339,9614
6244,9713
6211,9683
6181,9617
6172,9559
6161,9417
6154,9349
6142,9230
6156,8940
6148,8732
6148,8558
6147,8351
6152,8206
6153,8089
6158,7864
6143,7701
6139,7503
6135,7393
6139,7263
6134,7243
6123,7148
6118,6998
6122,7013
6124,7040
6130,7105
6119,7263
6110,7464
6120,7708
6128,7972
6122,8250
6123,8460
6116,8692
6118,8822
6122,8981
6115,9041
6123,8937
6113,8873
6087,8770
6132,8736
6013,8421
6144,8342
6168,8128
6115,8023
6104,7935
6117,7748
6115,7472
6122,7258
6115,7115
6102,7003
6120,6824
6109,6590
6110,6458
6109,6321
6110,6275
6109,6222
6109,6195
6117,6200
6107,6178
6108,6176
6112,6169
6097,6168
6098,6172
6100,6177
6100,6178
6108,6188
6109,6168
6107,6190
6111,6186
6111,6180
6106,6181
6107,6154
6098,6108
6106,6100
6102,6086
6105,6073
6102,6066
6109,6061
6119,6079
6094,6055
6104,6079
6089,6068
6102,6070
6100,6067
6103,6068
6099,6052
6098,6063
6105,6069
6110,6065
6107,6066
6104,6073
6099,6071
6102,6059
6105,6053
6095,6060
6104,6072
6107,6058
6110,6060
6102,6059
6106,6055
6102,6053
6099,6056
6102,6063
6105,6059
6106,6049
6110,6050
6106,6065
6110,6066
6106,6050
6103,6057
6111,6041
6111,6056
6105,6057
6107,6047
6101,6055
6118,6053
6116,6061
6118,6058
6097,6058
6111,6051
6101,6054
6107,6038
6111,6057
6105,6049
6112,6056
6113,6052
6097,6042
6108,6058
6101,6056
6101,6058
6103,6052
6103,6044
6108,6053
6100,6068
6099,6058
6098,6060
6104,6051
6109,6051
6101,6051
6111,6046
6108,6055
6107,6043
6105,6051
6102,6055
6102,6050
6104,6038
6099,6058
6111,6048
6103,6053
6119,6068
6104,6050
6113,6048
6097,6045
6101,6049
6111,6042
6108,6061
6108,6048
6108,6059
6112,6059
6098,6050
6117,6042
6106,6048
6104,6045
6099,6047
6109,6052
6104,6058
6098,6058
6101,6057
6094,6051
6099,6056
6102,6040
6100,6056
6100,6048
6102,6050
6104,6056
6112,6049
6107,6034
6102,6059
6091,6052
6105,6044
6105,6050
6104,6046
6102,6047
6095,6053
6100,6055
6102,6058
6105,6053
6101,6048
6096,6044
6105,6050
6107,6041
6113,6056
6085,6039
6103,6053
6096,6053
6117,6044
6107,6050
6098,6044
6108,6048
6107,6056
6105,6053
6100,6050
6103,6050
6094,6061
6092,6045
6116,6053
6116,6056
6103,6044
6098,6034
6099,6038
6102,6049
6099,6052
6104,6049
6108,6052
6098,6046
6093,6047
6113,6029
6098,6057
6102,6048
6104,6043
6109,6059
6103,6043
6101,6051
6098,6037
6095,6038
6102,6056
6115,6055
6106,6050
6096,6048
6107,6047
6100,6049
6103,6055
6114,6058
6110,6053
6097,6048
6098,6034
6103,6048
6100,6046
6101,6042
6102,6052
6104,6046
6106,6047
6098,6047
6092,6055
6110,6062
6098,6060
6097,6056
6103,6045
6098,6045
6103,6054
6093,6034
6107,6037
6100,6042
6102,6040
6098,6040
6102,6053
6098,6037
6099,6041
6103,6059
6106,6039
6092,6048
6102,6048
6094,6055
6101,6049
6103,6045
6102,6048
6095,6040
6095,6047
6106,6048
6099,6044
6091,6053
6094,6054
6095,6046
6101,6044
6090,6039
6114,6054
6105,6046
6100,6037
6102,6051
6098,6032
6095,6045
6101,6056
6099,6049
6094,6059
6097,6049
6095,6055
6096,6052
6101,6046
6108,6056
6095,6066
6089,6050
6102,6040
6089,6060
6107,6037
6096,6062
6096,6033
6110,6046
6099,6037
6111,6045
6094,6048
6096,6041
6100,6049
6099,6053
6096,6053
6095,6055
6099,6043
6108,6049
6099,6049
5986,5943
5946,5841
6140,6123
6035,5965
6026,5951
6221,6157
6084,6026
6115,6065
6087,6049
6102,6056
6079,6038
6109,6048
6101,6047
6101,6047
6110,6048
6101,6051
6098,6057
6105,6055
6102,6054
6108,6054
6112,6054
6098,6055
6106,6052
6101,6046
6099,6055
6105,6053
6106,6056
6103,6058
6105,6065
6102,6066
6106,6051
6113,6041
6136,6047
6106,6053
6110,6061
6114,6053
6102,6039
6112,6047
6101,6058
6099,6057
6106,6038
6114,6038
6108,6049
6102,6031
6103,6055
6107,6048
6099,6047
6100,6058
6107,6056
6099,6049
6106,6052
6110,6049
6098,6025
6107,6048
6106,6057
6101,6046
6100,6058
6101,6029
6091,6056
6103,6053
6099,6051
6105,6052
6087,6047
6104,6048
6113,6061
6100,6057
6095,6043
6104,6033
6099,6050
6106,6047
6096,6057
6101,6047
6103,6032
6096,6055
6104,6046
6093,6055
6087,6078
6099,6056
6098,6051
6091,6042
6095,6040
6107,6041
6113,6044
6097,6040
6107,6055
6107,6060
6097,6049
6090,6054
6105,6039
6112,6045
6106,6047
6107,6039
6105,6052
6101,6048
6108,6032
6099,6045
6103,6046
6099,6051
6096,6055
6103,6045
6099,6038
6103,6045
6107,6056
6109,6054
6106,6048
6114,6041
6094,6048
6106,6049
6102,6049
6111,6049
6107,6060
6118,6053
6104,6049
6107,6052
6106,6045
6108,6042
6107,6049
6102,6050
6113,6056
6116,6038
6109,6059
6110,6046
6116,6047
6110,6056
6109,6059
6118,6045
6111,6052
6114,6040
6119,6055
6126,6058
6114,6059
6114,6056
6114,6053
6110,6055
6111,6054
6106,6051
6108,6049
6118,6053
6110,6053
6117,6055
6110,6047
6113,6051
6107,6044
6108,6054
6108,6058
6104,6049
6115,6056
6112,6051
6109,6053
6110,6056
6113,6046
6103,6060
6109,6051
6096,6057
6109,6055
6112,6058
6105,6045
6114,6050
6105,6037
6114,6051
6120,6061
6105,6053
6113,6044
6109,6041
6102,6048
6115,6054
6103,6047
6109,6050
6115,6049
6111,6052
6112,6055
6105,6063
6113,6051
6099,6056
6095,6041
6122,6043
6106,6055
6116,6052
6104,6056
6112,6042
6112,6044
6112,6035
6110,6047
6116,6049
6104,6054
6113,6037
6113,6046
6101,6057
6117,6053
6112,6050
6106,6055
6104,6055
6108,6046
6107,6060
6110,6038
6110,6053
6105,6059
6111,6045
6110,6051
6109,6053
6102,6049
6099,6057
6114,6051
6112,6061
6110,6039
6108,6042
6126,6066
6112,6062
6107,6052
6114,6055
6115,6058
6111,6053
6114,6042
6108,6046
6115,6056
6113,6063
6117,6049
6119,6047
6107,6040
6122,6051
6115,6053
6104,6052
6108,6049
6103,6059
6106,6065
6119,6055
6109,6061
6110,6030
6118,6065
6118,6052
6110,6057
6116,6047
6117,6052
6126,6052
6114,6054
6110,6060
6122,6061
6118,6057
6116,6063
6116,6054
6116,6054
6109,6057
6115,6037
6109,6038
6112,6059
6112,6061
6114,6053
6111,6067
6119,6055
6119,6050
6105,6064
6119,6052
6119,6053
6122,6060
6114,6055
6122,6049
6114,6058
6106,6031
6113,6057
6113,6043
6109,6065
6101,6065
6101,6065
6115,6071
6108,6056
6122,6063
6117,6056
6118,6063
6113,6050
6115,6062
6114,6055
6125,6048
6114,6051
6108,6063
6114,6057
6116,6054
6114,6060
6114,6023
6113,6058
6118,6056
6108,6049
6114,6061
6102,6044
6121,6071
6121,6071
6114,6066
6110,6056
6100,6052
6108,6054
6113,6053
6110,6050
6118,6053
6107,6053
6103,6050
6110,6054
6110,6057
6116,6062
6114,6050
6123,6057
6114,6056
6115,6048
6117,6046
6108,6055
6116,6057
6108,6053
6106,6066
6106,6066
6117,6057
6114,6064
6119,6035
6106,6056
6116,6067
6108,6069
6105,6060
6112,6040
6118,6047
6117,6057
6119,6045
6117,6056
6105,6056
6114,6053
6112,6052
6111,6057
6118,6048
6120,6047
6116,6059
0,36
0,61680
0,0
6112,6049
5598,5579
5597,5580
5592,5572
5600,5570
5600,5574
5596,5571
5609,5581
5599,5573
5810,5757
6317,6301
6287,6302
6306,6288
6303,6306
6280,6299
6290,6290
6284,6309
6278,6302
6275,6315
6320,6314
6309,6324
6306,6320
6289,6350
6301,6345
6301,6340
6296,6341
6297,6345
6300,6331
6306,6343
6312,6322
6302,6311
6296,6328
6272,6337
6280,6344
6282,6334
6273,6322
6301,6316
6301,6350
6308,6356
6299,6355
6279,6340
6281,6330
6267,6335
6275,6345
6279,6358
6277,6351
6296,6348
6291,6332
6288,6315
6287,6332
6285,6338
6282,6349
6299,6365
6304,6346
6291,6334
6286,6366
6281,6334
6316,6311
6324,6349
6302,6338
6318,6326
6308,6299
6272,6318
6272,6290
6268,6300
6294,6326
6309,6341
6300,6347
6302,6342
6303,6335
6303,6343
6293,6321
6303,6316
6290,6336
6291,6319
6291,6311
6305,6315
6285,6314
6301,6311
6325,6327
6312,6339
6287,6337
6278,6343
6317,6318
6305,6322
6289,6312
6273,6338
6283,6351
6297,6363
6275,6298
6304,6350
6303,6324
6352,6407
6293,6361
6288,6350
6310,6356
6279,6351
6262,6327
6293,6331
6306,6332
6297,6340
6286,6305
6300,6322
6287,6308
6276,6309
6278,6310
6272,6321
6281,6328
6291,6313
6280,6343
6290,6342
6295,6339
6271,6334
6299,6339
6293,6344
6283,6344
6294,6310
6299,6324
6300,6339
6283,6308
6289,6330
6291,6358
6298,6383
6291,6337
6291,6346
6273,6336
6284,6366
6304,6355
6290,6318
6280,6311
6300,6307
6275,6344
6297,6367
6285,6344
6284,6328
6287,6346
6297,6338
6284,6328
6289,6330
6278,6338
6288,6356
6291,6357
6286,6356
6282,6352
6273,6329
6293,6350
6292,6351
6296,6334
6282,6345
6273,6345
6284,6309
6279,6343
6288,6334
6291,6333
6305,6350
6295,6348
6282,6366
6281,6347
6289,6349
6306,6339
6278,6310
6294,6323
6266,6326
6283,6337
6281,6363
6283,6344
6312,6342
6299,6349
6278,6339
6277,6334
6275,6318
6281,6334
6268,6340
6273,6338
6276,6350
6297,6327
6296,6361
6280,6348
6281,6356
6272,6364
6268,6360
6275,6356
6278,6338
6275,6318
6269,6328
6273,6332
6289,6336
6267,6340
6290,6357
6272,6361
6267,6377
6277,6376
6273,6365
6266,6353
6271,6359
6286,6378
6265,6370
6278,6350
6276,6349
6276,6355
6284,6351
6286,6371
6271,6390
6268,6365
6259,6347
6276,6392
6269,6379
6263,6360
6269,6371
6251,6348
6260,6346
6261,6359
6278,6354
6270,6383
6278,6359
6279,6365
6280,6367
6260,6383
6258,6393
6253,6366
6251,6392
6263,6359
6267,6356
6256,6362
6245,6366
6251,6335
6256,6368
6253,6387
6262,6386
6253,6361
6260,6382
6255,6383
6260,6360
6257,6385
6252,6363
6254,6369
6244,6385
6259,6395
6256,6361
6239,6368
6243,6383
6270,6379
6263,6383
6256,6410
6244,6417
6256,6409
6240,6393
6258,6407
6253,6395
6272,6405
6263,6386
6236,6379
6247,6378
6265,6380
6276,6369
6274,6391
6258,6416
6277,6408
6260,6379
6246,6385
6253,6386
6255,6364
6256,6394
6248,6387
6253,6358
6234,6366
6245,6343
6245,6370
6243,6366
6251,6379
6252,6406
6247,6399
6235,6394
6228,6391
6233,6382
6237,6390
6252,6392
6252,6387
6245,6388
6257,6408
6255,6391
6250,6387
6247,6396
6234,6407
6249,6392
6244,6379
6257,6407
6239,6385
6237,6377
6246,6390
6246,6386
6252,6393
6227,6388
6250,6370
6232,6374
6241,6372
6235,6422
6220,6409
6242,6381
6232,6384
6235,6371
6242,6398
6253,6390
6241,6398
6240,6385
6246,6412
6228,6428
6227,6384
6224,6389
6226,6370
6236,6370
6234,6346
6239,6360
6234,6335
6253,6374
6241,6379
6247,6423
6223,6424
6229,6413
6232,6411
6242,6402
6231,6424
6242,6397
6232,6409
6220,6386
6234,6387
6233,6392
6236,6378
6239,6415
6238,6396
6243,6399
6239,6377
6227,6387
6225,6399
6233,6395
6233,6370
6244,6391
6240,6379
6247,6393
6230,6382
6237,6356
6239,6397
6233,6403
6215,6419
6210,6408
6233,6401
6236,6410
6233,6371
6235,6358
6215,6344
6228,6355
6221,6377
6218,6366
6224,6380
6239,6377
6235,6398
6231,6395
6239,6408
6226,6397
6144,6247
6528,6515
6164,6508
6267,6423
6271,6423
6288,6455
6217,6377
6226,6394
6251,6436
6243,6413
6242,6443
6222,6389
6229,6402
6227,6401
6224,6409
6233,6410
6219,6400
6205,6407
6226,6419
6227,6408
6222,6448
6218,6426
6218,6400
6215,6424
6211,6403
6211,6448
6223,6448
6222,6425
6224,6414
6214,6427
6224,6438
6219,6401
6212,6398
6223,6400
6224,6406
6217,6423
6218,6394
6223,6406
6218,6386
6231,6373
6222,6382
6212,6385
6215,6405
6220,6417
6225,6407
6225,6422
6214,6414
6213,6442
6221,6410
6213,6408
6219,6431
6223,6430
6222,6458
6213,6382
6228,6414
6228,6429
6232,6402
6216,6393
6204,6371
6214,6364
6220,6355
6230,6374
6224,6358
6215,6343
6223,6351
6228,6359
6219,6359
6226,6408
6225,6379
6209,6392
6215,6391
6218,6390
6210,6414
6221,6390
6220,6409
6212,6408
6216,6418
6219,6435
6211,6442
6203,6432
6215,6422
6223,6427
6224,6432
6220,6434
6215,6434
6233,6410
6237,6412
6225,6403
6224,6398
6212,6401
6216,6408
6218,6424
6222,6402
6220,6409
6218,6414
6226,6442
6219,6418
6220,6401
6222,6413
6230,6406
6218,6390
6209,6396
6223,6394
6215,6406
6209,6418
6203,6410
6222,6410
6214,6394
6215,6391
6219,6382
6213,6389
6226,6352
6228,6353
6232,6365
6229,6371
6223,6392
6211,6380
6216,6415
6214,6410
6214,6399
6225,6384
6215,6398
6210,6395
6209,6397
6214,6390
6210,6387
6205,6394
6212,6377
6214,6375
6232,6368
6232,6346
6223,6367
6233,6367
6230,6390
6232,6385
6210,6375
6217,6384
6218,6396
6222,6404
6227,6379
6229,6370
6224,6370
6220,6386
6233,6388
6227,6365
6219,6382
6231,6373
6225,6401
6237,6398
6227,6385
6215,6400
6220,6374
6222,6369
6219,6398
6216,6397
6226,6380
6224,6419
6231,6381
6223,6383
6231,6371
6226,6339
6221,6365
6238,6352
6230,6366
6230,6354
6220,6355
6233,6378
6222,6386
6234,6373
6223,6385
6224,6380
6215,6384
6219,6395
6242,6378
6242,6375
6221,6365
6233,6369
6214,6364
6227,6374
6230,6392
6216,6364
6226,6350
6238,6337
6224,6358
6240,6374
6218,6356
6217,6346
6229,6346
6228,6343
6222,6344
6223,6342
6229,6368
6232,6375
6232,6367
6227,6338
6223,6355
6220,6358
6226,6347
6225,6375
6216,6335
6231,6368
6225,6350
6233,6369
6234,6356
6233,6353
6234,6346
6230,6365
6230,6364
6230,6382
6225,6358
6231,6383
6244,6355
6229,6368
6232,6348
6240,6335
6226,6314
6221,6337
6228,6319
6225,6324
6236,6329
6232,6337
6222,6348
6235,6323
6244,6332
6239,6337
6226,6337
6236,6354
6214,6327
6217,6336
6224,6322
6215,6330
6220,6329
6235,6364
6218,6364
6224,6345
6223,6343
6226,6340
6224,6336
6236,6349
6233,6359
6233,6350
6223,6345
6234,6344
6221,6332
6223,6346
6222,6336
6214,6337
6225,6343
6244,6351
6220,6344
6225,6349
6223,6341
6237,6309
6213,6342
6228,6343
6237,6350
6239,6344
6231,6339
6224,6338
6228,6321
6231,6341
6225,6351
6248,6358
6243,6351
6229,6354
6238,6343
6246,6356
6247,6363
6236,6334
6237,6333
6204,6332
6219,6316
6256,6354
6224,6356
6248,6334
6247,6318
6234,6339
6251,6353
6278,6341
6278,6331
6316,6352
6338,6360
6378,6341
6391,6354
6436,6343
6443,6304
6495,6313
6540,6345
6610,6338
6655,6329
6731,6328
6822,6340
6856,6339
6963,6343
7019,6360
7070,6354
7130,6364
7173,6357
7155,6328
7197,6345
7198,6332
7132,6324
7101,6321
7061,6314
7059,6329
7063,6313
7011,6334
7024,6324
7032,6336
7006,6335
6988,6342
6938,6335
6910,6342
6876,6353
6878,6367
6881,6311
6925,6328
7026,6356
7135,6352
7213,6357
7345,6382
7489,6380
7657,6365
7827,6372
7894,6392
8066,6418
8229,6405
8399,6420
8515,6441
8605,6447
8665,6480
8630,6520
8612,6516
8495,6536
8370,6546
8191,6553
8066,6598
7930,6606
7856,6660
7690,6722
7525,6816
7321,6884
7190,6939
7081,7061
7013,7122
6886,7184
6852,7232
6826,7309
6830,7380
6898,7419
6966,7503
7054,7546
7221,7529
7384,7601
7586,7596
7832,7622
8093,7590
8321,7542
8618,7483
8914,7424
9077,7354
9238,7243
9433,7159
9469,7052
9665,6986
9641,6899
9611,6874
9555,6819
9431,6823
9147,6797
9088,6771
8958,6815
8752,6867
8566,6961
8354,7050
8180,7166
7969,7265
7796,7401
7735,7520
7619,7713
7444,7843
7355,7980
7255,8078
7285,8208
7280,8243
7303,8235
7381,8243
7487,8291
7680,8283
7902,8242
8080,8226
8307,8130
8564,8074
8879,7958
9116,7814
9296,7722
9423,7557
9566,7468
9656,7337
9750,7269
9912,7176
9993,7088
9897,7032
9918,6991
9760,6971
9499,7019
9251,7060
9111,7160
8913,7247
8570,7356
8287,7450
8064,7590
7822,7739
7665,7862
7434,8071
7299,8184
7161,8285
7017,8377
6917,8433
6968,8598
6989,8694
7094,8744
7263,8858
7437,8848
7622,8754
7825,8662
8078,8592
8267,8483
8545,8271
8683,8176
8750,8056
8917,7911
9085,7755
9259,7549
9523,7371
9586,7257
9800,7128
9939,7037
9922,6969
10043,6956
9968,7000
9918,7057
9861,7139
9703,7287
9536,7461
9306,7582
9135,7712
8908,7970
8697,8112
8359,8208
8098,8339
7915,8502
7729,8700
7580,8845
7435,8970
7345,9018
7345,9086
7336,9087
7339,9121
7366,9083
7354,8939
7424,8836
7594,8706
7712,8519
7862,8273
8023,8158
8225,8017
8490,7883
8742,7788
8896,7710
9094,7521
9174,7401
9284,7304
9344,7161
9405,7147
9403,7027
9323,6969
9275,6970
9167,6916
9146,6924
9036,6937
8877,6957
8632,7018
8512,7103
8416,7241
8244,7418
8112,7588
7905,7754
7733,7970
7535,8129
7415,8262
7231,8382
7096,8372
7002,8324
6898,8271
6835,8244
6833,8226
6891,8185
7006,8131
7180,8064
7367,7980
7597,7904
7855,7852
8106,7749
8390,7626
8563,7487
8785,7364
8992,7261
9202,7114
9305,7024
9347,6912
9434,6850
9417,6865
9312,6874
9352,6860
9247,6923
9043,7025
8858,7108
8666,7186
8470,7287
8264,7444
8075,7574
7898,7710
7766,7815
7611,7999
7454,8129
7321,8224
7225,8317
7123,8465
7065,8627
6991,8684
6958,8818
6889,8942
6866,9109
6910,9125
6935,9217
7026,9079
7158,8953
7323,8866
7431,8631
7725,8478
7949,8280
8251,8122
8458,7855
8849,7650
9065,7421
9119,7253
9285,7079
9366,6907
9390,6746
9385,6708
9343,6666
9316,6746
9227,6795
9078,6904
8929,6993
8771,7135
8545,7240
8321,7306
8159,7462
7969,7535
7777,7689
7584,7792
7453,7880
7290,8038
7191,8207
7084,8377
7004,8555
6954,8622
6890,8739
6850,8801
6902,8830
6883,8872
6947,8903
7027,8900
7089,8778
7173,8692
7304,8573
7424,8388
7616,8256
7784,8041
8003,7831
8183,7595
8397,7387
8632,7183
8792,7020
8903,6900
9049,6798
9105,6750
9217,6720
9326,6700
9285,6729
9223,6785
9078,6857
8930,6900
8734,7044
8505,7160
8307,7278
8103,7420
7902,7499
7662,7630
7513,7705
7382,7722
7265,7820
7186,7908
7050,7999
6965,8035
6931,8006
6904,7998
6912,8054
6926,8037
6941,8033
7027,7996
7157,7899
7271,7768
7444,7661
7620,7557
7848,7479
7997,7416
8160,7265
8316,7155
8437,6991
8478,6888
8613,6775
8647,6680
8721,6668
8743,6624
8777,6614
8731,6606
8658,6652
8595,6682
8503,6773
8470,6866
8411,6968
8339,7089
8204,7255
8061,7431
7938,7535
7728,7672
7553,7823
7352,7953
7220,8014
7124,8036
7021,8110
6925,8117
6884,8129
6850,8093
6836,8150
6906,8078
7002,8002
7105,7883
7228,7808
7395,7712
7584,7573
7760,7467
7993,7381
8200,7248
8431,7112
8613,7041
8669,6974
8892,6859
8851,6780
8928,6729
9021,6726
9062,6698
9061,6690
9001,6676
8819,6743
8694,6808
8514,6835
8258,6928
8134,6960
7945,7055
7734,7148
7627,7256
7448,7359
7331,7507
7200,7652
7094,7799
6971,7953
6896,8078
6905,8134
6904,8242
6926,8363
6898,8439
6963,8408
7040,8399
7128,8355
7214,8227
7288,8123
7403,7963
7533,7847
7698,7654
7885,7525
8030,7418
8247,7233
8421,7077
8498,6983
8633,6866
8803,6796
8840,6713
8997,6672
9065,6680
9078,6719
9111,6780
9111,6880
9066,6950
8966,7142
8821,7236
8621,7375
8413,7425
8257,7538
8012,7663
7785,7771
7666,7868
7467,7938
7248,7920
7128,7958
7017,8060
7003,8082
7006,8132
6985,8158
7043,8116
7099,8128
7171,8080
7275,8017
7397,7931
7489,7809
7579,7663
7750,7552
7984,7427
8154,7294
8323,7168
8481,7071
8627,6965
8668,6886
8761,6800
8971,6758
9072,6709
9069,6699
9055,6767
9025,6777
8895,6839
8768,6983
8591,7056
8531,7175
8367,7305
8211,7453
8034,7647
7883,7845
7722,8004
7581,8227
7384,8412
7245,8530
7093,8634
6969,8793
6905,8796
6877,8728
6874,8760
6848,8763
6900,8709
6993,8656
6977,8554
7048,8461
7221,8213
7358,8063
7433,7914
7608,7783
7740,7578
7868,7406
8021,7284
8237,7182
8418,7087
8556,7015
8699,6929
8833,6870
8918,6774
8906,6721
8896,6666
8928,6662
8889,6647
8819,6686
8700,6754
8577,6849
8386,6893
8219,7081
8146,7189
7959,7309
7780,7464
7583,7543
7393,7613
7203,7665
7050,7771
6951,7823
6901,7900
6911,7866
6906,7883
6986,7880
7072,7906
7183,7846
7348,7830
7465,7749
7629,7678
7855,7552
8116,7470
8376,7375
8652,7369
8789,7184
8986,7027
9172,6945
9390,6847
9510,6757
9656,6672
9765,6625
9799,6580
9801,6550
9672,6547
9506,6566
9448,6651
9337,6710
9079,6804
8928,6919
8697,7054
8449,7214
8146,7409
7894,7575
7651,7759
7434,7918
7198,8045
7045,8246
6962,8327
6871,8431
6885,8405
6864,8442
6916,8437
6961,8335
7052,8303
7185,8300
7314,8239
7483,8092
7670,7941
7840,7809
8013,7651
8242,7470
8385,7390
8537,7227
8744,7081
8854,6987
9086,6901
9283,6838
9294,6743
9311,6725
9325,6681
9280,6694
9212,6740
9081,6770
8985,6850
8799,6992
8709,7152
8468,7346
8328,7548
8082,7790
7886,7938
7699,8130
7570,8254
7391,8398
7274,8509
7144,8557
7069,8656
7013,8684
7030,8758
7005,8785
7024,8766
7096,8713
7198,8609
7295,8514
7486,8515
7674,8307
7768,8181
7932,8097
8138,7966
8383,7826
8698,7605
8901,7511
9174,7343
9372,7199
9508,7073
9566,6937
9729,6875
9902,6809
9967,6768
10046,6743
10011,6790
10025,6846
9928,6908
9838,7001
9729,7144
9605,7281
9364,7363
9111,7477
8805,7652
8540,7781
8334,7947
7980,8039
7696,8090
7502,8280
7324,8361
7154,8463
7055,8447
7043,8521
7045,8439
7127,8390
7175,8395
7346,8417
7499,8362
7622,8303
7878,8193
8108,8074
8350,7909
8623,7751
9054,7603
9434,7478
9806,7361
10069,7237
10463,7121
10808,6977
11326,6917
11567,6859
11725,6889
11650,6867
11668,6947
11255,7007
11079,7174
10748,7334
10329,7466
9821,7646
9390,7838
9000,8044
8681,8262
8368,8480
8084,8687
7891,8985
7747,9275
7617,9466
7519,9561
7495,9625
7483,9678
7585,9763
7670,9930
7728,9856
7890,9708
8101,9547
8344,9328
8696,9172
9060,9098
9412,8999
9620,8834
9924,8610
10340,8335
10849,8059
11089,7836
11135,7635
11341,7319
11212,7141
11216,6953
11190,6817
11092,6754
10888,6744
10774,6865
10658,7033
10503,7229
10502,7552
10255,7841
9911,8204
9548,8599
9140,8871
8941,9093
8737,9281
8446,9512
8211,9702
8099,9760
7952,9838
7836,9925
7724,9906
7669,9814
7661,9814
7708,9818
7762,9716
7985,9691
8195,9582
8499,9419
8813,9284
9158,9082
9429,8842
9764,8567
10159,8269
10634,8044
11011,7790
11354,7694
11428,7550
11497,7422
11596,7343
11602,7284
11456,7276
11247,7321
11015,7314
10779,7350
10452,7372
10163,7446
9934,7567
9408,7720
9174,7888
8820,8091
8499,8276
8211,8412
7922,8563
7684,8732
7519,8924
7355,9222
7288,9380
7293,9506
7283,9476
7379,9482
7486,9603
7623,9651
7678,9654
7845,9643
8001,9512
8275,9325
8554,9149
8838,8877
9151,8645
9396,8400
9591,8105
9742,7866
9925,7694
10012,7412
9941,7223
9996,7101
10145,7053
10158,7046
10034,7077
10003,7166
9895,7252
9745,7275
9396,7635
8899,7871
8510,8059
8094,8296
7714,8554
7512,8726
7245,8922
7025,9100
6837,9258
6666,9373
6482,9469
6336,9618
6252,9729
6203,9654
6176,9554
6172,9609
6154,9456
6165,9307
6156,9239
6150,8989
6157,8736
6158,8576
6162,8378
6155,8182
6149,8088
6161,7911
6164,7736
6140,7576
6147,7389
6131,7294
6177,7143
5925,7399
6152,7066
6110,6981
6124,7023
6120,7099
6138,7314
6136,7473
6126,7687
6140,7961
6130,8206
6129,8407
6111,8630
6114,8834
6126,8982
6119,9040
6121,8982
6118,8873
6121,8829
6119,8686
6111,8570
6120,8320
6114,8073
6122,8031
6120,7933
6109,7758
6114,7509
6114,7280
6123,7087
6119,7013
6117,6823
6114,6583
6118,6427
6110,6345
6115,6270
6107,6235
6110,6201
6119,6186
6112,6178
6117,6183
6112,6160
6108,6159
6110,6172
6114,6168
6100,6171
6112,6178
6106,6168
6108,6203
6118,6183
6115,6187
6114,6180
6098,6159
6104,6134
6115,6101
6110,6096
6106,6079
6106,6066
6110,6073
6108,6081
6099,6079
6110,6077
6103,6078
6110,6058
6106,6076
6115,6056
6109,6061
6108,6061
6108,6065
6102,6063
6104,6065
6105,6057
6111,6066
6107,6071
6109,6058
6101,6059
6099,6074
6115,6066
6103,6063
6103,6048
6109,6057
6106,6050
6101,6065
6099,6058
6110,6061
6108,6056
6110,6065
6110,6066
6107,6063
6112,6060
6109,6063
6118,6049
6111,6064
6112,6063
6112,6061
6108,6051
6111,6047
6112,6064
6109,6058
6105,6063
6115,6058
6111,6050
6106,6057
6114,6055
6113,6054
6113,6053
6114,6106
6102,6034
6115,6056
6104,6052
6104,6058
6113,6051
6105,6059
6106,6055
6105,6057
6110,6055
6108,6060
6110,6034
6108,6049
6111,6058
6108,6050
6110,6052
6121,6046
6106,6042
6109,6053
6112,6050
6108,6055
6113,6039
6109,6041
6121,6048
6113,6055
6106,6055
6116,6053
6103,6047
6102,6047
6110,6051
6112,6056
6110,6047
6114,6045
6111,6058
6106,6051
6102,6053
6106,6054
6108,6047
6106,6050
6115,6050
6109,6055
6105,6047
6106,6056
6103,6058
6109,6054
6103,6054
6104,6051
6107,6051
6108,6047
6101,6057
6107,6050
6105,6055
6096,6067
6101,6046
6104,6047
6111,6058
6108,6047
6107,6044
6107,6053
6099,6050
6102,6051
6104,6054
6112,6045
6107,6048
6105,6058
6110,6057
6110,6058
6104,6050
6106,6052
6104,6062
6110,6061
6104,6054
6101,6047
6103,6054
6103,6054
6107,6046
6101,6042
6105,6055
6090,6065
6102,6049
6106,6050
6113,6054
6104,6056
6097,6064
6105,6040
6103,6053
6105,6051
6111,6046
6115,6051
6098,6053
6096,6048
6105,6047
6108,6058
6101,6057
6102,6049
6107,6058
6106,6043
6098,6053
6099,6057
6098,6058
6106,6063
6098,6063
6102,6047
6096,6044
6101,6048
6102,6046
6103,6049
6109,6055
6112,6053
6103,6058
6101,6042
6101,6039
6102,6055
6099,6062
6100,6049
6098,6038
6101,6045
6104,6043
6097,6030
6108,6050
6100,6058
6097,6046
6098,6052
6099,6046
6099,6045
6101,6047
6114,6048
6110,6039
6108,6053
6100,6052
6110,6053
6092,6034
6102,6042
6107,6050
6107,6041
6099,6054
6098,6044
6099,6044
6097,6041
6101,6048
6106,6046
6097,6038
6105,6044
6093,6060
6104,6047
6088,6059
6106,6047
6106,6055
6101,6051
6099,6035
6102,6045
6111,6049
6101,6046
6102,6045
6098,6050
6095,6046
6103,6056
6104,6048
6095,6055
6101,6043
6097,6046
6088,6050
6142,6118
6172,6104
6150,6084
6170,6123
6059,6019
6064,6033
6109,6050
6095,6031
6081,6044
6097,6047
6101,6056
6117,6049
6099,6059
6093,6045
6098,6050
6113,6052
6103,6048
6104,6057
6115,6058
6110,6049
6106,6058
6095,6066
6103,6042
6103,6047
6102,6049
6091,6056
6100,6046
6108,6051
6111,6056
6112,6055
6095,6056
6100,6049
6107,6049
6104,6049
6107,6055
6102,6058
6111,6047
6108,6030
6110,6060
6107,6049
6107,6062
6109,6061
6098,6050
6102,6061
6101,6053
6099,6052
6113,6051
6096,6057
6112,6053
6093,6063
6099,6064
6111,6052
6114,6052
6117,6048
6109,6050
6112,6059
6113,6061
6109,6051
6121,6053
6110,6060
6104,6059
6106,6050
6108,6056
6114,6046
6111,6056
6110,6054
6111,6046
6103,6053
6111,6048
6113,6037
6106,6053
6106,6041
6113,6063
6108,6049
6104,6054
6113,6058
6102,6058
6100,6057
6108,6032
6096,6036
6102,6047
6108,6043
6099,6052
6102,6038
6104,6057
6111,6055
6099,6061
6096,6050
6112,6074
6110,6047
6104,6053
6099,6056
6102,6058
6102,6051
6106,6050
6109,6042
6102,6051
6103,6056
6102,6056
6097,6039
6096,6042
6098,6051
6105,6052
6115,6047
6102,6041
6108,6046
6104,6053
6100,6053
6100,6047
6098,6034
6107,6058
6097,6065
6101,6034
6106,6052
6109,6060
6101,6024
6104,6044
6113,6049
6103,6043
6109,6053
6107,6047
6100,6055
6096,6050
6104,6056
6114,6057
6107,6044
6116,6056
6104,6046
6103,6049
6109,6056
6109,6052
6113,6062
6115,6060
6111,6046
6112,6051
6104,6055
6114,6050
6116,6049
6103,6047
6106,6050
6112,6045
6108,6058
6115,6060
6110,6047
6119,6045
6114,6057
6122,6055
6118,6050
6113,6045
6121,6053
6130,6053
6123,6056
6111,6061
6111,6049
6109,6057
6113,6049
6116,6044
6112,6044
6122,6046
6113,6052
6120,6059
6105,6050
6111,6052
6107,6059
6109,6059
6122,6047
6105,6059
6107,6067
6110,6053
6102,6053
6110,6049
6106,6040
6101,6048
6105,6034
6106,6051
6114,6043
6109,6044
6110,6053
6115,6051
6105,6046
6110,6048
6121,6050
6111,6049
6107,6041
6109,6052
6110,6060
6108,6048
6108,6039
6112,6041
6111,6050
6110,6054
6114,6049
6105,6053
6107,6055
6098,6057
6109,6048
6111,6045
6116,6046
6118,6059
6102,6054
6111,6042
6116,6046
6123,6047
6117,6055
6110,6059
6111,6048
6115,6040
6120,6052
6108,6038
6119,6044
6118,6052
6102,6051
6110,6050
6108,6053
6109,6050
6118,6058
6106,6058
6110,6051
6118,6048
6108,6058
6116,6040
6106,6030
6103,6047
6119,6046
6122,6063
6104,6036
6113,6050
6119,6058
6114,6059
6109,6050
6111,6057
6107,6052
6112,6048
6114,6069
6115,6053
6115,6064
6118,6056
6120,6062
6114,6056
6109,6039
6119,6050
6120,6058
6108,6058
6114,6065
6110,6061
6112,6063
6119,6057
6120,6055
6121,6046
6119,6047
6128,6039
6114,6040
6124,6048
6112,6060
6135,6058
6114,6038
6110,6056
6127,6065
6123,6052
6115,6031
6113,6060
6112,6060
6117,6053
6115,6051
6126,6066
6124,6056
6121,6050
6117,6052
6113,6055
6115,6049
6110,6059
6113,6048
6113,6048
6119,6057
6118,6053
6127,6055
6122,6058
6115,6063
6117,6034
6116,6059
6117,6041
6113,6046
6116,6056
6120,6066
6127,6046
6114,6066
6115,6063
6114,6054
6117,6063
6123,6052
6119,6059
6115,6058
6112,6050
6111,6034
6111,6034
6117,6059
6120,6058
6127,6055
6119,6056
6110,6053
6116,6053
6116,6055
6113,6051
6110,6055
6125,6057
6117,6061
6118,6050
6122,6055
6112,6062
6122,6059
6109,6048
6106,6058
6116,6058
6121,6053
6120,6063
6111,6057
6111,6057
6118,6053
6117,6053
6117,6063
6116,6064
6119,6050
6119,6048
6114,6056
6117,6061
6120,6063
5955,5861
6118,6051
6114,6048
6119,6061
6548,6324
6116,6053
6367,6318
6123,6050
6340,6266
6113,6056
6380,6231
6120,6058
6120,6058
6211,6011
6166,6084
6210,6252
6119,6054
6069,6034
6165,6110
6010,5962
6155,6085
0,25
0,61680
0,0
5990,6047
5602,5573
5601,5574
5607,5583
5601,5583
5604,5581
5603,5568
5604,5580
5602,5573
5819,5757
6326,6305
6277,6322
6313,6301
6308,6310
6285,6304
6290,6299
6282,6312
6285,6296
6285,6308
6288,6328
6303,6325
6302,6312
6294,6341
6289,6345
6313,6340
6306,6331
6298,6334
6284,6347
6306,6343
6306,6332
6290,6343
6298,6317
6275,6320
6298,6339
6285,6325
6267,6339
6312,6315
6295,6336
6307,6359
6304,6373
6292,6346
6289,6328
6265,6348
6279,6346
6281,6336
6286,6341
6321,6349
6302,6328
6303,6317
6287,6335
6281,6341
6276,6352
6290,6351
6297,6319
6293,6338
6293,6354
6285,6333
6317,6314
6328,6343
6301,6342
6319,6333
6312,6331
6267,6318
6278,6298
6273,6290
6298,6329
6305,6348
6294,6347
6311,6341
6333,6358
6304,6344
6184,6254
6386,6355
6271,6402
6148,6123
6145,6152
6188,6236
6267,6295
6339,6336
6312,6330
6312,6315
6302,6330
6292,6360
6321,6324
6300,6308
6286,6335
6284,6355
6276,6355
6298,6351
6276,6320
6278,6327
6290,6310
6296,6329
6306,6351
6310,6345
6310,6368
6300,6331
6273,6348
6288,6322
6302,6327
6279,6343
6285,6312
6300,6325
6300,6312
6277,6316
6277,6315
6282,6335
6294,6325
6290,6331
6309,6341
6295,6317
6287,6325
6278,6346
6286,6336
6297,6338
6288,6350
6300,6321
6313,6327
6281,6333
6283,6308
6300,6301
6284,6355
6299,6376
6283,6355
6301,6316
6283,6336
6282,6360
6295,6350
6280,6326
6290,6322
6298,6339
6280,6353
6292,6353
6284,6358
6288,6346
6290,6329
6311,6334
6289,6328
6285,6333
6289,6348
6292,6363
6286,6355
6300,6345
6272,6353
6264,6332
6294,6350
6295,6349
6295,6331
6287,6338
6275,6321
6290,6261
6288,6334
6284,6335
6313,6327
6303,6351
6295,6338
6283,6375
6291,6343
6298,6344
6292,6326
6289,6321
6276,6321
6280,6326
6296,6342
6300,6354
6280,6338
6299,6348
6296,6377
6278,6338
6266,6335
6273,6351
6271,6339
6273,6341
6283,6345
6270,6343
6287,6329
6293,6346
6286,6345
6280,6363
6279,6352
6278,6353
6269,6352
6282,6338
6283,6326
6268,6318
6297,6322
6284,6348
6269,6316
6276,6348
6256,6350
6275,6367
6281,6373
6264,6364
6267,6371
6280,6372
6283,6389
6263,6367
6283,6341
6275,6322
6280,6346
6274,6360
6279,6375
6266,6359
6275,6380
6256,6352
6276,6387
6272,6382
6270,6366
6281,6371
6251,6355
6248,6363
6260,6361
6291,6343
6272,6390
6277,6370
6269,6371
6278,6364
6264,6387
6256,6403
6262,6365
6276,6363
6261,6354
6282,6366
6251,6375
6252,6380
6270,6351
6257,6369
6257,6398
6260,6402
6279,6352
6258,6386
6261,6368
6259,6360
6265,6369
6257,6370
6241,6368
6245,6380
6253,6395
6254,6383
6251,6374
6259,6397
6266,6384
6259,6388
6249,6412
6237,6432
6266,6418
6263,6395
6262,6411
6268,6395
6274,6400
6287,6397
6249,6366
6256,6380
6267,6395
6243,6384
6259,6392
6251,6420
6283,6408
6247,6400
6243,6382
6234,6378
6244,6377
6239,6372
6251,6388
6256,6365
6251,6346
6250,6346
6251,6360
6241,6363
6236,6372
6234,6406
6257,6391
6241,6398
6231,6379
6239,6388
6239,6392
6249,6409
6252,6391
6244,6376
6254,6403
6259,6399
6235,6387
6261,6414
6238,6383
6243,6398
6249,6368
6262,6397
6239,6400
6237,6385
6242,6402
6240,6381
6244,6377
6233,6382
6247,6394
6249,6363
6231,6382
6241,6416
6237,6384
6238,6374
6237,6387
6246,6371
6227,6398
6252,6388
6246,6388
6236,6388
6236,6382
6243,6405
6229,6375
6231,6376
6239,6370
6230,6352
6242,6355
6241,6348
6252,6351
6240,6379
6245,6376
6250,6428
6234,6412
6243,6402
6240,6424
6222,6419
6243,6408
6238,6380
6236,6409
6222,6386
6237,6391
6236,6392
6226,6388
6240,6408
6244,6398
6242,6409
6242,6410
6230,6406
6227,6397
6221,6403
6229,6379
6247,6384
6230,6382
6263,6403
6223,6400
6203,6331
6206,6370
6195,6361
6238,6419
6199,6383
6225,6383
6251,6429
6228,6393
6233,6368
6226,6347
6236,6356
6222,6378
6233,6362
6223,6349
6246,6382
6232,6390
6235,6389
6232,6418
6234,6394
6222,6408
6227,6398
6237,6406
6220,6381
6235,6393
6209,6380
6207,6373
6229,6395
6231,6396
6230,6423
6241,6427
6227,6405
6232,6403
6224,6410
6215,6401
6226,6405
6225,6399
6214,6409
6225,6416
6232,6413
6224,6434
6224,6433
6214,6423
6223,6442
6225,6414
6217,6468
6225,6455
6220,6431
6227,6418
6214,6435
6227,6435
6217,6417
6220,6411
6233,6419
6215,6409
6218,6425
6220,6426
6230,6399
6224,6409
6231,6385
6217,6391
6217,6392
6219,6398
6222,6413
6231,6442
6236,6423
6220,6398
6221,6421
6232,6390
6224,6426
6218,6419
6214,6445
6216,6450
6218,6403
6223,6432
6230,6446
6226,6411
6219,6405
6210,6376
6214,6359
6227,6363
6225,6350
6224,6362
6210,6360
6230,6362
6226,6351
6223,6390
6227,6390
6215,6383
6219,6416
6221,6413
6219,6386
6222,6395
6221,6394
6223,6409
6219,6401
6220,6426
6219,6451
6214,6444
6215,6432
6220,6440
6223,6415
6221,6431
6221,6431
6212,6437
6231,6403
6224,6417
6217,6406
6226,6396
6222,6392
6214,6423
6217,6410
6217,6402
6224,6399
6213,6415
6225,6417
6223,6418
6204,6403
6214,6412
6221,6404
6215,6407
6214,6403
6215,6398
6208,6409
6209,6406
6214,6401
6228,6385
6213,6385
6216,6416
6222,6391
6225,6390
6229,6368
6235,6368
6224,6373
6219,6371
6237,6394
6211,6396
6221,6425
6227,6397
6212,6372
6209,6402
6215,6408
6208,6383
6209,6380
6213,6385
6211,6367
6215,6395
6209,6377
6212,6365
6221,6381
6229,6363
6223,6355
6245,6370
6223,6371
6234,6369
6224,6383
6224,6391
6220,6394
6226,6397
6229,6386
6223,6365
6224,6379
6230,6385
6237,6385
6228,6371
6214,6376
6229,6356
6224,6388
6226,6407
6222,6396
6220,6390
6225,6387
6227,6366
6213,6395
6214,6388
6221,6385
6232,6388
6232,6383
6225,6385
6228,6379
6226,6369
6220,6384
6236,6354
6225,6353
6225,6361
6235,6370
6226,6382
6224,6392
6238,6381
6233,6368
6231,6378
6213,6377
6231,6387
6215,6375
6239,6379
6224,6362
6229,6360
6232,6350
6223,6361
6229,6370
6227,6369
6228,6361
6236,6337
6244,6365
6231,6343
6225,6351
6224,6326
6233,6337
6235,6349
6230,6340
6215,6343
6236,6355
6227,6351
6230,6365
6231,6351
6222,6365
6229,6366
6232,6354
6235,6372
6207,6358
6233,6369
6228,6361
6236,6370
6238,6378
6225,6355
6237,6371
6226,6358
6230,6351
6224,6385
6209,6372
6226,6387
6227,6353
6230,6353
6232,6329
6227,6339
6223,6310
6237,6328
6230,6315
6224,6336
6229,6308
6223,6359
6237,6355
6227,6337
6243,6325
6244,6329
6235,6344
6244,6342
6215,6335
6217,6343
6231,6341
6231,6361
6224,6327
6227,6366
6223,6349
6224,6351
6230,6345
6222,6339
6230,6328
6218,6344
6248,6351
6236,6342
6245,6342
6238,6335
6224,6332
6231,6322
6220,6332
6220,6344
6236,6358
6231,6346
6275,6483
5909,6296
6122,6257
6312,6506
6194,6331
6180,6275
6237,6336
6232,6348
6245,6369
6205,6338
6234,6336
6240,6336
6231,6358
6235,6342
6228,6376
6240,6365
6247,6337
6243,6369
6238,6359
6235,6339
6238,6335
6228,6354
6233,6337
6247,6338
6237,6353
6238,6338
6250,6339
6249,6348
6256,6357
6284,6339
6286,6331
6300,6355
6323,6367
6373,6350
6387,6345
6422,6343
6460,6313
6506,6316
6559,6348
6598,6330
6681,6328
6742,6334
6792,6336
6846,6347
6974,6338
7034,6336
7082,6359
7112,6362
7165,6361
7170,6337
7187,6328
7189,6339
7134,6343
7122,6327
7093,6307
7080,6327
7050,6339
7037,6316
7033,6350
7039,6345
7015,6340
6978,6350
6951,6362
6926,6360
6873,6349
6888,6357
6890,6343
6946,6350
7043,6333
7132,6371
7217,6359
7337,6356
7504,6377
7658,6374
7818,6370
7902,6401
8081,6410
8221,6408
8380,6421
8482,6437
8581,6447
8661,6477
8668,6490
8566,6530
8517,6529
8360,6556
8225,6560
8090,6584
7942,6600
7826,6662
7680,6715
7490,6809
7354,6889
7179,6962
7096,7023
6981,7112
6914,7171
6849,7242
6835,7340
6861,7394
6912,7440
6983,7491
7053,7508
7183,7550
7389,7575
7576,7602
7838,7594
8080,7592
8353,7568
8638,7502
8919,7440
9062,7332
9297,7211
9401,7158
9495,7088
9632,7020
9747,6922
9620,6868
9575,6829
9407,6844
9204,6799
9037,6767
8904,6800
8760,6874
8527,6959
8364,7010
8151,7170
7962,7261
7833,7389
7762,7500
7607,7707
7461,7861
7385,7950
7279,8056
7284,8161
7266,8230
7314,8186
7443,8291
7501,8259
7672,8250
7885,8249
8097,8211
8371,8189
8551,8038
8852,7936
9101,7820
9299,7726
9472,7571
9544,7480
9611,7339
9748,7279
9903,7187
9973,7093
9883,7013
9864,6999
9744,6990
9532,6990
9217,7063
9124,7138
8889,7258
8542,7339
8269,7439
8096,7588
7813,7703
7648,7903
7456,8009
7295,8144
7149,8262
7019,8353
6934,8442
6927,8593
6995,8696
7094,8704
7260,8854
7417,8825
7620,8690
7815,8642
8088,8618
8265,8488
8530,8312
8662,8153
8743,8061
8943,7903
9104,7774
9318,7575
9491,7410
9615,7232
9769,7141
9913,7047
9974,6984
9984,6955
9994,6976
9965,7086
9807,7137
9678,7287
9492,7455
9332,7572
9147,7741
8910,7977
8676,8119
8381,8225
8123,8364
7917,8507
7784,8688
7569,8879
7433,9016
7351,8979
7340,9072
7345,9114
7364,9139
7358,9071
7378,8952
7459,8811
7583,8712
7703,8514
7858,8280
8024,8157
8193,8032
8532,7885
8752,7782
8920,7679
9110,7569
9244,7417
9274,7296
9330,7160
9356,7120
9367,7034
9326,7011
9289,6962
9153,6914
9143,6927
9013,6940
8850,6959
8684,7010
8519,7103
8383,7258
8299,7401
8077,7578
7872,7733
7733,7958
7567,8090
7393,8259
7257,8378
7114,8375
6984,8320
6889,8235
6850,8248
6856,8206
6906,8168
7037,8128
7167,8052
7359,8001
7610,7922
7825,7879
8092,7736
8396,7631
8594,7493
8791,7372
8980,7234
9208,7125
9319,7012
9368,6920
9369,6866
9402,6862
9378,6842
9323,6890
9252,6934
9066,7013
8862,7087
8664,7181
8495,7273
8247,7418
8120,7602
7939,7684
7786,7816
7603,7959
7450,8152
7328,8227
7222,8319
7117,8511
7054,8627
6990,8706
6932,8852
6907,8984
6879,9103
6897,9117
6939,9133
7041,9077
7206,8962
7355,8905
7515,8689
7757,8558
8025,8355
8268,8117
8534,7829
8848,7638
9040,7427
9122,7271
9293,7069
9378,6896
9412,6757
9412,6714
9344,6697
9295,6697
9213,6794
9088,6901
8911,7018
8793,7135
8545,7227
8359,7332
8190,7438
7972,7530
7801,7673
7605,7773
7481,7888
7302,8014
7183,8208
7059,8373
7000,8535
6960,8592
6910,8714
6872,8831
6898,8844
6880,8942
6951,8922
7009,8941
7086,8775
7191,8675
7309,8547
7439,8370
7597,8195
7795,8017
8010,7828
8213,7586
8383,7395
8623,7213
8805,7039
8960,6926
9055,6814
9121,6748
9220,6718
9274,6699
9321,6742
9200,6775
9133,6860
8948,6925
8757,7034
8545,7168
8334,7320
8146,7426
7891,7504
7664,7576
7497,7701
7399,7719
7293,7828
7157,7914
7059,7996
6978,8029
6946,7995
6896,8022
6912,8036
6937,8060
6974,8007
7043,7957
7154,7915
7292,7782
7451,7638
7618,7565
7816,7476
7996,7397
8187,7245
8320,7127
8459,7014
8525,6894
8599,6765
8704,6710
8730,6660
8773,6614
8813,6607
8766,6613
8705,6659
8652,6708
8542,6777
8487,6842
8385,6987
8306,7096
8209,7259
8067,7469
7946,7580
7748,7666
7549,7816
7358,7943
7237,8039
7119,8053
6995,8115
6933,8142
6878,8119
6838,8076
6848,8163
6896,8087
7014,7990
7104,7897
7200,7801
7383,7721
7578,7627
7751,7463
7987,7368
8167,7235
8450,7142
8640,7064
8722,6953
8813,6862
8851,6775
8951,6705
9013,6722
9100,6702
9016,6696
8926,6696
8782,6727
8682,6788
8504,6806
8288,6888
8086,6957
7907,7053
7746,7130
7563,7283
7452,7389
7304,7526
7172,7646
7082,7754
6976,7972
6907,8026
6882,8120
6895,8248
6885,8369
6928,8423
6956,8411
7026,8400
7093,8289
7210,8251
7293,8120
7405,7969
7549,7831
7723,7652
7839,7509
8043,7404
8198,7239
8391,7087
8506,6974
8611,6886
8749,6779
8871,6710
8958,6681
9063,6675
9083,6736
9133,6769
9165,6861
9049,6969
8952,7104
8868,7273
8676,7325
8425,7420
8221,7552
8038,7667
7807,7791
7667,7828
7394,7913
7256,7925
7170,7970
7021,8052
6990,8115
6979,8136
6970,8173
7066,8112
7102,8140
7181,8076
7294,7960
7382,7922
7506,7821
7599,7669
7763,7545
7969,7433
8162,7290
8313,7189
8452,7047
8618,6982
8688,6880
8781,6820
8944,6806
9036,6767
9003,6732
9021,6763
9074,6788
8900,6863
8725,6935
8612,7060
8483,7156
8395,7288
8215,7466
8051,7611
7898,7819
7721,8017
7554,8254
7410,8377
7266,8484
7093,8681
6972,8746
6894,8766
6883,8748
6858,8778
6880,8812
6926,8711
6997,8589
6987,8474
7048,8426
7219,8274
7382,8023
7441,7892
7608,7753
7751,7582
7896,7430
8053,7285
8274,7193
8393,7112
8579,7025
8688,6926
8792,6833
8901,6773
8896,6740
8940,6695
8893,6670
8867,6650
8822,6713
8716,6763
8552,6868
8354,6952
8183,7072
7940,7135
7954,7324
7765,7443
7555,7565
7426,7605
7130,7608
7086,7759
6947,7831
6927,7863
6846,7785
6928,7889
6991,7935
7083,7928
7166,7857
7325,7842
7477,7750
7596,7634
7858,7549
8094,7502
8381,7379
8588,7244
8838,7149
9029,7029
9160,6949
9377,6845
9573,6782
9644,6677
9778,6649
9853,6591
9770,6552
9652,6558
9486,6554
9463,6632
9281,6719
9080,6793
8904,6937
8742,7082
8438,7192
8130,7386
7881,7590
7668,7780
7389,7853
7200,8023
7093,8226
6958,8334
6883,8416
6892,8419
6873,8447
6912,8423
6945,8334
7085,8314
7162,8309
7325,8217
7486,8096
7669,7947
7853,7769
8047,7627
8217,7503
8382,7383
8565,7228
8727,7083
8898,6957
9078,6911
9297,6824
9326,6735
9340,6697
9333,6701
9238,6709
9185,6743
9024,6769
8987,6872
8823,6998
8708,7165
8451,7350
8278,7544
8101,7723
7896,7970
7719,8137
7585,8267
7364,8396
7218,8496
7164,8507
7070,8642
7005,8702
7014,8775
7012,8752
7010,8803
7101,8669
7169,8624
7296,8561
7479,8472
7643,8302
7824,8161
7976,8118
8139,7933
8420,7800
8686,7603
8951,7486
9158,7341
9314,7213
9510,7076
9544,6933
9780,6887
9970,6783
10101,6775
10032,6754
10053,6815
10012,6815
9953,6926
9797,7015
9731,7150
9610,7250
9401,7352
9074,7513
8806,7651
8518,7795
8279,7942
7950,8032
7685,8136
7466,8273
7298,8372
7152,8474
7062,8465
7047,8472
7068,8489
7108,8391
7228,8418
7350,8398
7493,8351
7649,8324
7900,8184
8140,8011
8367,7891
8649,7757
9053,7579
9486,7457
9774,7371
10124,7241
10411,7127
10870,6964
11329,6904
11601,6862
11716,6869
11665,6867
11613,6926
11318,7025
11014,7192
10777,7316
10273,7501
9809,7665
9312,7825
9023,8072
8700,8273
8382,8495
8078,8704
7863,8996
7701,9242
7610,9511
7523,9572
7480,9596
7483,9668
7578,9774
7695,9954
7736,9859
7910,9745
8103,9495
8376,9294
8725,9193
9059,9098
9399,8991
9726,8821
9959,8570
10407,8254
10804,8071
11111,7799
11170,7570
11354,7310
11218,7076
11153,6917
11189,6812
11131,6775
10894,6766
10719,6868
10640,7029
10501,7249
10486,7562
10167,7910
9851,8262
9508,8579
9187,8843
8939,9052
8653,9314
8392,9471
8172,9694
8050,9783
7947,9804
7796,9899
7679,9893
7695,9842
7683,9813
7729,9833
7802,9729
8000,9649
8230,9547
8493,9463
8929,9263
9171,9066
9434,8777
9802,8544
10214,8259
10667,7986
10961,7791
11346,7653
11397,7515
11437,7423
11600,7359
11585,7300
11415,7243
11279,7308
11046,7318
10767,7346
10416,7374
10154,7450
9872,7526
9481,7692
9153,7877
8830,8057
8505,8298
8153,8389
7917,8565
7642,8750
7488,8941
7350,9192
7272,9352
7249,9459
7339,9476
7394,9452
7464,9568
7597,9681
7696,9754
7840,9611
8020,9523
8269,9293
8524,9143
8855,8868
9122,8658
9458,8378
9554,8075
9723,7861
9966,7665
10014,7390
9904,7215
10005,7111
10106,7030
10101,7036
10031,7092
9975,7165
9889,7284
9693,7457
9376,7620
8883,7858
8496,8097
8060,8315
7739,8550
7524,8733
7239,8953
7029,9119
6835,9255
6653,9362
6458,9515
6390,9666
6242,9725
6165,9631
6201,9544
6204,9608
6158,9419
6161,9285
6155,9227
6154,8978
6155,8706
6150,8592
6155,8375
6147,8169
6154,8069
6154,7886
6153,7723
6152,7519
6137,7375
6136,7284
6134,7242
6122,7150
6140,6942
6121,7058
6136,7023
6132,7085
6131,7271
6118,7473
6121,7746
6137,7950
6121,8215
6129,8403
6121,8714
6124,8834
6120,8975
6123,9002
6117,8950
6119,8879
6120,8785
6129,8688
6117,8581
6128,8321
6113,8056
6123,7987
6117,7947
6114,7775
6120,7484
6121,7230
6116,7084
6112,7007
6118,6833
6114,6596
6112,6443
6110,6334
6106,6254
6111,6222
6111,6184
6116,6193
6110,6170
6116,6172
6112,6167
6107,6150
6107,6157
6103,6166
6098,6157
6116,6176
6110,6181
6105,6178
6111,6186
6106,6175
6101,6188
6098,6171
6109,6121
6106,6106
6105,6088
6099,6078
6103,6068
6105,6076
6108,6074
6098,6058
6109,6077
6106,6076
6110,6070
6108,6073
6105,6069
6108,6066
6102,6063
6102,6072
6110,6065
6102,6073
6102,6060
6107,6064
6106,6059
6108,6044
6104,6050
6103,6078
6107,6055
6108,6050
6110,6050
6103,6061
6106,6060
6104,6053
6108,6055
6100,6064
6106,6055
6114,6057
6107,6064
6110,6062
6112,6057
6103,6046
6114,6050
6109,6055
6107,6054
6102,6063
6113,6046
6122,6048
6111,6062
6107,6056
6103,6051
6111,6058
6106,6051
6107,6062
6108,6065
6113,6063
6111,6043
6106,6046
6111,6048
6104,6061
6104,6055
6113,6052
6109,6048
6100,6054
6101,6063
6112,6051
6104,6045
6105,6059
6104,6039
6112,6043
6108,6062
6113,6036
6110,6057
6117,6030
6114,6048
6104,6060
6116,6040
6107,6054
6112,6037
6113,6041
6118,6053
6117,6045
6109,6047
6114,6054
6104,6051
6103,6054
6111,6047
6118,6055
6108,6052
6110,6041
6106,6050
6107,6050
6106,6050
6113,6032
6098,6049
6106,6053
6117,6052
6102,6038
6098,6037
6103,6057
6099,6051
6104,6047
6107,6041
6106,6051
6104,6045
6104,6054
6111,6053
6110,6051
6102,6060
6099,6059
6095,6049
6108,6048
6119,6050
6104,6032
6102,6054
6094,6050
6098,6043
6104,6055
6102,6051
6104,6053
6103,6053
6105,6052
6107,6053
6116,6044
6102,6034
6107,6066
6098,6051
6116,6054
6106,6046
6106,6057
6108,6050
6105,6037
6112,6051
6108,6033
6110,6048
6099,6053
6094,6052
6111,6045
6110,6062
6109,6048
6104,6054
6102,6056
6100,6051
6099,6065
6102,6049
6108,6054
6098,6051
6095,6050
6104,6042
6108,6048
6104,6047
6106,6048
6110,6054
6102,6047
6095,6032
6099,6057
6102,6056
6109,6040
6099,6060
6101,6045
6093,6048
6106,6040
6100,6039
6105,6043
6101,6059
6109,6053
6099,6049
6095,6039
6105,6040
6105,6049
6099,6056
6098,6056
6102,6039
6099,6058
6100,6033
6095,6039
6114,6063
6097,6042
6102,6044
6102,6045
6095,6043
6102,6057
6092,6050
6105,6054
6110,6045
6103,6036
6109,6048
6112,6054
6100,6053
6102,6043
6105,6052
6109,6028
6100,6048
6102,6045
6095,6039
6099,6045
6104,6044
6100,6050
6094,6051
6098,6052
6100,6066
6193,6126
6049,6047
6099,6073
6062,6033
6095,6058
6052,5991
6091,6024
6071,6025
6097,6039
6111,6040
6085,6028
6098,6029
6097,6047
6103,6050
6101,6051
6103,6042
6107,6049
6093,6046
6095,6043
6107,6049
6098,6051
6092,6055
6108,6082
6103,6058
6104,6034
6099,6059
6094,6047
6092,6041
6105,6045
6107,6053
6102,6045
6097,6037
6101,6060
6096,6055
6105,6044
6102,6041
6098,6048
6103,6043
6108,6045
6101,6046
6109,6041
6105,6048
6102,6049
6099,6047
6093,6047
6101,6054
6105,6047
6107,6040
6103,6051
6104,6058
6107,6042
6106,6054
6097,6036
6105,6056
6102,6058
6096,6048
6111,6048
6100,6044
6106,6047
6102,6046
6102,6045
6110,6048
6101,6044
6100,6039
6104,6056
6097,6056
6107,6063
6103,6049
6108,6067
6111,6046
6103,6033
6110,6048
6101,6047
6103,6063
6115,6046
6107,6038
6115,6043
6109,6053
6105,6057
6112,6048
6113,6038
6102,6053
6107,6043
6097,6052
6110,6032
6103,6045
6109,6044
6104,6057
6103,6056
6106,6050
6110,6048
6108,6033
6105,6055
6105,6049
6105,6058
6105,6048
6106,6044
6100,6039
6103,6049
6107,6051
6105,6056
6098,6041
6112,6046
6110,6056
6103,6043
6094,6054
6100,6046
6105,6033
6111,6059
6095,6058
6105,6046
6106,6038
6109,6049
6111,6047
6099,6057
6103,6050
6097,6049
6101,6050
6106,6050
6101,6036
6107,6045
6112,6054
6094,6058
6104,6042
6112,6049
6103,6032
6098,6050
6104,6049
6105,6041
6101,6049
6103,6055
6104,6045
6101,6054
6099,6039
6100,6053
6109,6050
6105,6038
6104,6052
6099,6059
6103,6056
6105,6040
6102,6052
6116,6039
6112,6057
6111,6052
6089,6055
6100,6054
6102,6055
6110,6054
6108,6063
6119,6055
6101,6053
6107,6039
6102,6044
6105,6052
6109,6048
6104,6053
6110,6057
6118,6044
6099,6062
6109,6053
6120,6038
6115,6052
6112,6060
6115,6032
6113,6046
6114,6041
6116,6031
6128,6050
6121,6044
6117,6055
6114,6048
6112,6056
6119,6034
6114,6047
6114,6046
6119,6060
6113,6050
6112,6052
6103,6039
6114,6055
6109,6057
6105,6061
6110,6063
6106,6026
6112,6050
6110,6044
6107,6048
6107,6050
6111,6046
6105,6053
6106,6046
6112,6039
6108,6056
6105,6057
6105,6058
6115,6047
6104,6041
6110,6048
6114,6057
6105,6058
6106,6061
6112,6054
6101,6047
6112,6048
6107,6056
6112,6039
6114,6052
6118,6052
6121,6040
6103,6063
6107,6039
6109,6057
6107,6049
6115,6053
6115,6040
6115,6049
6105,6048
6110,6045
6108,6041
6116,6038
6111,6046
6117,6050
6110,6054
6110,6040
6115,6052
6104,6057
6119,6040
6116,6050
6105,6060
6116,6053
6110,6048
6105,6054
6110,6042
6106,6060
6101,6057
6118,6041
6109,6034
6117,6053
6108,6048
6106,6042
6109,6054
6107,6054
6105,6042
6109,6033
6111,6047
6110,6054
6111,6044
6118,6039
6113,6051
6110,6053
6110,6108
6109,6042
6117,6060
6116,6059
6126,6056
6109,6047
6107,6045
6120,6051
6119,6045
6109,6051
6107,6055
6109,6058
6113,6056
6115,6057
6110,6057
6117,6060
6040,5978
6117,6054
6115,6053
6038,5975
6093,6051
6144,6069
6116,6058
6099,6054
6114,6061
6134,6064
6116,6047
6113,6047
6113,6047
6122,6053
6112,6063
6121,6049
6120,6061
6120,6057
6097,6047
6117,6048
6110,6060
6113,6047
6115,6054
6115,6057
6118,6050
6110,6060
6114,6044
6115,6058
6116,6041
6105,6053
6119,6024
6113,6046
6123,6045
6112,6046
6112,6046
6120,6049
6119,6048
6118,6058
6116,6056
6120,6046
6121,6057
6119,6052
6112,6056
6107,6058
6117,6043
6117,6053
6112,6058
6114,6036
6120,6054
6109,6060
6109,6055
6117,6051
6109,6062
6113,6056
6115,6037
6115,6052
6115,6052
6117,6045
6117,6060
6119,6059
6113,6060
6126,6057
6112,6054
6113,6048
6115,6044
6112,6057
6109,6045
6114,6061
6115,6060
6121,6053
6122,6054
6118,6050
6122,6058
6114,6057
6108,6064
6116,6062
6107,6055
6109,6054
6109,6054
6113,6057
6118,6061
6114,6060
6112,6054
6120,6046
6123,6066
6118,6036
6114,6053
6114,6050
6111,6053
6112,6063
6112,6063
6119,6051
6116,6053
6116,6056
6118,6061
6118,6062
6112,6047
6123,6047
0,28
0,61680
0,0
6111,6056
5604,5564
5599,5572
5607,5563
5602,5577
5604,5569
5593,5582
5599,5568
5597,5566
5815,5755
6321,6313
6283,6308
6315,6286
6315,6297
6269,6302
6283,6285
6289,6311
6276,6315
6288,6295
6306,6330
6293,6336
6303,6329
6281,6335
6297,6345
6311,6322
6312,6337
6301,6345
6289,6332
6307,6332
6323,6327
6297,6323
6273,6323
6270,6326
6282,6323
6272,6331
6281,6323
6298,6319
6291,6322
6303,6353
6299,6364
6297,6342
6281,6328
6265,6333
6267,6344
6279,6350
6272,6328
6300,6331
6286,6359
6301,6313
6283,6322
6276,6325
6222,6248
6290,6374
6342,6392
6415,6435
6318,6375
6299,6337
6321,6338
6305,6341
6300,6347
6325,6336
6312,6327
6289,6312
6289,6286
6278,6312
6304,6329
6306,6333
6296,6340
6311,6329
6316,6327
6300,6348
6298,6332
6304,6294
6294,6321
6289,6318
6304,6313
6292,6323
6295,6328
6304,6302
6306,6326
6315,6319
6297,6325
6276,6344
6309,6331
6302,6316
6277,6326
6266,6321
6267,6353
6283,6369
6275,6323
6278,6318
6291,6302
6291,6334
6300,6362
6315,6370
6320,6364
6286,6338
6281,6338
6288,6322
6295,6331
6300,6339
6291,6314
6292,6333
6291,6318
6282,6313
6266,6322
6276,6318
6291,6331
6294,6317
6288,6312
6297,6325
6281,6322
6282,6347
6294,6350
6302,6354
6279,6337
6292,6324
6302,6314
6285,6328
6279,6305
6286,6326
6287,6362
6302,6381
6293,6336
6280,6334
6285,6352
6279,6370
6294,6353
6288,6313
6281,6323
6293,6340
6271,6348
6278,6351
6274,6358
6284,6335
6304,6349
6303,6334
6308,6303
6283,6318
6289,6352
6288,6351
6291,6356
6289,6346
6282,6347
6273,6345
6297,6348
6283,6354
6297,6338
6277,6344
6284,6334
6288,6332
6279,6346
6276,6337
6302,6312
6311,6337
6286,6343
6295,6363
6289,6350
6288,6319
6292,6351
6279,6330
6278,6319
6262,6341
6283,6351
6289,6365
6288,6341
6287,6321
6302,6364
6268,6333
6258,6343
6278,6319
6279,6339
6277,6332
6275,6361
6283,6338
6295,6336
6276,6358
6286,6338
6285,6365
6276,6337
6277,6349
6266,6344
6284,6340
6276,6320
6281,6331
6285,6335
6291,6339
6285,6336
6281,6359
6283,6348
6290,6367
6286,6355
6265,6350
6263,6353
6280,6380
6277,6388
6274,6351
6268,6351
6263,6342
6280,6346
6274,6342
6272,6385
6280,6392
6274,6366
6258,6360
6277,6399
6264,6379
6275,6361
6278,6379
6241,6372
6255,6362
6260,6333
6277,6346
6285,6360
6279,6359
6276,6363
6290,6374
6262,6375
6255,6396
6248,6371
6264,6375
6260,6386
6269,6358
6254,6385
6251,6382
6262,6360
6267,6365
6263,6381
6267,6383
6279,6397
6270,6375
6252,6382
6266,6371
6268,6380
6245,6345
6248,6372
6257,6378
6254,6376
6274,6358
6259,6365
6261,6359
6281,6382
6258,6383
6249,6404
6250,6412
6265,6426
6243,6403
6258,6393
6257,6385
6267,6400
6255,6394
6248,6366
6253,6376
6249,6367
6254,6390
6273,6372
6260,6434
6291,6416
6265,6402
6241,6388
6247,6394
6254,6383
6240,6386
6258,6384
6256,6353
6243,6350
6235,6347
6260,6363
6248,6356
6258,6359
6234,6393
6254,6381
6237,6390
6239,6398
6237,6383
6235,6377
6244,6425
6252,6389
6240,6359
6249,6420
6249,6379
6254,6399
6251,6401
6246,6387
6245,6378
6244,6369
6244,6399
6238,6394
6234,6377
6236,6399
6246,6376
6248,6379
6247,6384
6246,6377
6252,6364
6236,6387
6243,6400
6229,6385
6239,6393
6241,6382
6241,6382
6243,6392
6254,6403
6247,6375
6239,6387
6248,6402
6239,6396
6237,6364
6228,6351
6236,6374
6234,6355
6244,6336
6243,6354
6238,6323
6258,6370
6255,6371
6240,6418
6238,6412
6219,6404
6241,6424
6675,6542
6411,6533
6307,6443
6080,6212
6353,6378
6263,6510
6212,6398
6270,6410
6249,6413
6235,6404
6231,6399
6238,6391
6214,6396
6233,6391
6228,6371
6233,6369
6250,6374
6240,6384
6251,6367
6235,6394
6235,6364
6241,6386
6248,6417
6235,6406
6218,6417
6225,6387
6227,6427
6234,6374
6225,6374
6228,6366
6228,6350
6227,6371
6217,6352
6226,6360
6233,6396
6243,6410
6220,6396
6223,6417
6230,6414
6231,6399
6234,6387
6241,6414
6220,6392
6222,6403
6219,6388
6221,6390
6226,6409
6228,6409
6226,6412
6239,6437
6226,6403
6226,6382
6229,6400
6229,6391
6234,6398
6230,6399
6216,6403
6218,6430
6226,6418
6235,6423
6226,6411
6220,6408
6218,6432
6225,6407
6227,6450
6215,6426
6203,6407
6229,6414
6215,6423
6225,6433
6226,6409
6245,6398
6225,6415
6224,6417
6223,6420
6217,6414
6225,6414
6219,6376
6228,6376
6218,6379
6220,6388
6218,6424
6231,6406
6218,6411
6229,6417
6224,6418
6222,6441
6203,6391
6212,6417
6222,6414
6224,6450
6220,6457
6220,6392
6218,6414
6234,6432
6224,6406
6224,6380
6205,6369
6218,6374
6227,6374
6219,6359
6228,6348
6219,6352
6222,6352
6225,6355
6232,6367
6235,6397
6225,6383
6210,6410
6219,6412
6217,6399
6217,6377
6227,6411
6223,6410
6228,6401
6210,6434
6227,6427
6206,6439
6238,6442
6222,6426
6220,6427
6222,6451
6224,6428
6213,6430
6212,6412
6231,6421
6221,6404
6222,6399
6212,6401
6220,6414
6213,6421
6218,6385
6223,6410
6217,6420
6222,6410
6221,6419
6210,6399
6209,6413
6216,6415
6210,6395
6202,6397
6211,6381
6215,6404
6225,6397
6210,6392
6220,6388
6217,6380
6223,6385
6217,6365
6224,6375
6233,6349
6228,6377
6236,6376
6225,6381
6224,6401
6213,6398
6219,6417
6220,6408
6222,6404
6211,6398
6207,6383
6220,6380
6216,6375
6210,6378
6209,6366
6215,6405
6218,6374
6196,6365
6232,6344
6219,6354
6218,6342
6239,6379
6231,6379
6227,6356
6214,6382
6222,6385
6237,6398
6240,6403
6230,6392
6225,6376
6217,6361
6219,6378
6226,6385
6219,6377
6218,6374
6234,6363
6225,6388
6219,6400
6232,6398
6219,6377
6227,6374
6224,6380
6221,6376
6215,6417
6225,6382
6222,6403
6227,6405
6228,6368
6228,6370
6222,6350
6226,6375
6224,6353
6239,6354
6248,6365
6231,6356
6215,6387
6219,6392
6234,6378
6220,6347
6225,6361
6226,6382
6228,6381
6226,6366
6227,6381
6219,6364
6242,6351
6230,6363
6225,6357
6235,6373
6239,6360
6225,6360
6238,6364
6236,6354
6228,6338
6235,6339
6236,6338
6233,6362
6235,6347
6226,6355
6233,6324
6216,6342
6229,6372
6225,6384
6224,6348
6225,6362
6227,6368
6235,6364
6234,6374
6217,6355
6225,6372
6221,6350
6229,6369
6228,6353
6232,6358
6235,6362
6244,6371
6237,6358
6223,6371
6221,6376
6241,6367
6227,6369
6241,6336
6230,6353
6231,6330
6231,6327
6228,6344
6231,6317
6214,6366
6216,6320
6238,6335
6229,6327
6246,6325
6244,6316
6238,6323
6242,6324
6232,6356
6211,6312
6208,6315
6225,6323
6225,6327
6231,6327
6215,6342
6233,6353
6223,6347
6227,6355
6232,6338
6222,6338
6227,6337
6221,6358
6221,6344
6228,6348
6236,6328
6240,6327
6220,6327
6218,6315
6214,6347
6233,6348
6235,6345
6227,6348
6230,6347
6225,6343
6219,6318
6231,6330
6243,6359
6233,6358
6237,6332
6233,6346
6233,6335
6217,6335
6225,6344
6227,6347
6231,6346
6224,6350
6230,6363
6242,6356
6242,6363
6229,6350
6242,6338
6226,6326
6232,6328
6233,6345
6240,6331
6234,6348
6239,6328
6242,6339
6233,6332
6267,6350
6273,6338
6277,6327
6313,6354
6321,6372
6349,6365
6400,6349
6417,6346
6450,6315
6486,6330
6564,6352
6604,6336
6667,6334
6731,6327
6777,6345
6846,6348
6937,6337
7026,6341
7080,6368
7137,6364
7185,6346
7186,6335
7171,6331
7191,6348
7130,6331
7105,6322
7072,6324
7062,6323
7055,6330
7034,6334
7042,6349
7026,6359
7032,6310
6975,6357
6942,6362
6913,6356
6865,6348
6865,6356
6875,6325
6920,6342
7015,6367
7102,6347
7203,6348
7336,6345
7483,6385
7680,6373
7808,6370
7901,6383
8071,6391
8225,6413
8378,6417
8450,6452
8578,6451
8645,6465
8628,6498
8591,6494
8476,6531
8390,6550
8201,6564
8080,6574
7967,6606
7808,6642
7668,6695
7496,6791
7320,6894
7188,6945
7079,7038
6994,7110
6888,7193
6835,7241
6817,7271
6854,7382
6909,7411
6966,7485
7062,7544
7180,7550
7383,7578
7583,7581
7823,7618
8047,7599
8351,7538
8617,7467
8898,7415
9061,7323
9198,7247
9425,7143
9456,7086
9705,6976
9671,6928
9586,6852
9570,6845
9412,6829
9167,6811
9046,6746
8933,6802
8764,6853
8582,6954
8357,7035
8144,7133
7972,7264
7806,7396
7760,7514
7634,7672
7483,7842
7355,7956
7271,8056
7298,8172
7261,8219
7321,8234
7405,8269
7512,8281
7679,8275
7873,8233
8096,8243
8331,8149
8501,8056
8846,7936
9082,7847
9325,7738
9489,7573
9544,7456
9642,7362
9696,7264
9885,7162
9943,7101
9881,7041
9848,7001
9749,6991
9513,6997
9211,7049
9120,7176
8934,7258
8567,7313
8325,7458
8092,7609
7832,7736
7644,7868
7449,8030
7278,8205
7164,8282
7029,8337
6962,8432
6952,8577
6990,8675
7095,8728
7282,8851
7409,8828
7598,8733
7834,8622
8070,8598
8292,8518
8507,8316
8682,8170
8736,8053
8943,7923
9123,7761
9266,7607
9451,7394
9613,7245
9762,7130
9899,7037
9913,6975
10001,6994
10015,7000
9870,7060
9825,7140
9704,7273
9553,7424
9385,7573
9118,7729
8904,7967
8719,8130
8354,8191
8110,8385
7925,8548
7780,8674
7570,8865
7425,8956
7373,9016
7343,9092
7299,9094
7345,9088
7367,9050
7363,8968
7423,8836
7567,8719
7727,8545
7836,8306
7998,8158
8210,8062
8504,7919
8725,7795
8931,7658
9107,7545
9223,7409
9298,7272
9364,7200
9382,7116
9389,7049
9366,6975
9266,6939
9184,6915
9121,6925
9041,6942
8905,6942
8651,7011
8514,7112
8418,7259
8249,7404
8093,7556
7857,7766
7774,7984
7558,8149
7435,8248
7265,8368
7134,8380
6975,8275
6925,8275
6846,8233
6848,8201
6896,8197
6866,7924
7243,8186
7222,8120
7670,7903
7886,7860
8104,7753
8384,7624
8601,7503
8792,7384
9016,7272
9164,7106
9275,6989
9330,6926
9403,6878
9448,6851
9359,6838
9322,6854
9251,6914
9098,7031
8881,7102
8664,7163
8450,7273
8234,7422
8093,7559
7923,7718
7727,7799
7624,7980
7432,8114
7312,8187
7218,8332
7130,8489
7035,8606
6980,8677
6927,8824
6908,9008
6898,9085
6911,9123
6931,9193
7041,9053
7175,9000
7321,8866
7552,8719
7740,8523
7996,8379
8226,8100
8540,7851
8799,7652
9065,7438
9108,7268
9235,7075
9421,6882
9388,6770
9427,6675
9316,6688
9303,6709
9249,6811
9087,6885
8974,6999
8770,7129
8538,7226
8303,7354
8147,7444
7963,7540
7766,7674
7619,7816
7474,7852
7303,8042
7195,8166
7055,8339
6997,8559
6966,8604
6918,8665
6891,8765
6899,8793
6901,8886
6926,8913
7037,8890
7077,8830
7185,8694
7297,8551
7424,8405
7602,8190
7790,8034
8013,7857
8197,7617
8421,7388
8619,7194
8769,7035
8929,6899
9047,6804
9152,6746
9173,6711
9285,6693
9339,6718
9210,6778
9129,6854
8989,6902
8684,7058
8535,7161
8303,7292
8105,7423
7879,7493
7697,7598
7510,7695
7401,7735
7286,7813
7186,7919
7033,7993
6968,8018
6924,8016
6908,8016
6904,8042
6921,8060
6962,7998
7047,7976
7179,7885
7282,7788
7418,7645
7629,7575
7819,7478
7965,7380
8131,7267
8326,7128
8469,7026
8524,6888
8631,6784
8657,6708
8718,6652
8715,6617
8799,6613
8757,6598
8675,6645
8605,6696
8521,6778
8437,6841
8391,6961
8319,7080
8182,7214
8078,7432
7955,7574
7717,7656
7547,7803
7345,7969
7223,8017
7111,8086
7026,8120
6930,8155
6861,8089
6858,8098
6854,8196
6912,8057
6989,8032
7116,7884
7240,7850
7414,7726
7612,7606
7765,7473
7966,7371
8211,7258
8434,7105
8606,7030
8713,6952
8854,6862
8866,6766
8900,6730
9051,6717
9070,6707
9072,6699
8963,6693
8833,6754
8687,6798
8508,6838
8285,6912
8080,6961
7925,7044
7735,7168
7595,7279
7483,7370
7319,7524
7185,7633
7111,7761
6971,7926
6925,8038
6910,8155
6896,8254
6914,8351
6924,8418
6963,8420
7040,8388
7091,8318
7183,8197
7303,8114
7407,7961
7505,7836
7696,7668
7831,7545
8039,7427
8253,7229
8399,7089
8500,6996
8636,6860
8790,6778
8806,6721
8971,6692
9079,6678
9052,6727
9122,6759
9098,6870
9041,6990
8970,7116
8837,7222
8685,7339
8439,7428
8212,7533
8061,7664
7794,7771
7633,7867
7415,7907
7256,7941
7145,7965
7043,8082
6989,8107
6989,8125
7011,8181
7044,8098
7095,8132
7181,8085
7263,8024
7367,7895
7491,7863
7583,7675
7783,7566
7983,7451
8183,7308
8336,7158
8469,7038
8642,6970
8699,6919
8790,6845
8971,6782
9064,6748
9024,6733
9015,6760
9016,6783
8895,6835
8757,6951
8609,7062
8553,7151
8388,7289
8232,7451
8056,7618
7909,7841
7695,8009
7551,8208
7396,8394
7267,8471
7121,8623
7012,8738
6895,8796
6902,8753
6878,8785
6871,8792
6922,8696
6976,8618
6989,8526
7047,8452
7205,8247
7379,8011
7437,7898
7532,7731
7734,7571
7875,7424
8032,7285
8223,7183
8404,7093
8590,6998
8703,6953
8802,6832
8864,6787
8924,6726
8918,6684
8888,6668
8907,6684
8809,6694
8683,6756
8572,6853
8385,6933
8186,7081
8111,7182
7963,7339
7784,7418
7596,7540
7390,7642
7188,7654
7043,7760
6931,7837
6899,7848
6889,7870
6927,7859
7001,7898
7080,7939
7165,7857
7360,7813
7466,7803
7616,7630
7867,7555
8109,7478
8372,7395
8573,7257
8813,7156
8999,7074
9127,6961
9415,6831
9625,6735
9677,6653
9774,6622
9821,6561
9757,6542
9701,6538
9512,6551
9460,6608
9297,6703
9080,6807
8894,6930
8678,7063
8442,7193
8104,7375
7886,7565
7675,7804
7416,7877
7213,8036
7046,8189
6941,8352
6875,8375
6889,8387
6879,8432
6900,8417
6951,8298
7067,8313
7188,8288
7359,8211
7463,8111
7693,7935
7892,7765
8026,7631
8235,7449
8393,7361
8552,7216
8748,7064
8910,6984
9069,6882
9301,6829
9311,6741
9321,6721
9255,6698
9265,6729
9161,6731
9054,6765
8973,6855
8822,6994
8675,7187
8449,7392
8327,7569
8111,7804
7887,7945
7665,8143
7555,8265
7361,8400
7217,8473
7155,8527
7055,8682
7022,8731
7026,8755
7001,8740
7039,8749
7105,8652
7175,8618
7273,8546
7511,8420
7671,8317
7780,8174
7925,8055
8103,7960
8383,7831
8724,7607
8905,7493
9191,7327
9378,7185
9450,7047
9608,6927
9760,6861
9955,6786
10007,6775
10040,6756
10022,6806
9959,6836
9924,6938
9786,7025
9720,7122
9622,7244
9376,7369
9127,7480
8809,7660
8528,7806
8254,7929
7933,8041
7645,8126
7465,8263
7348,8395
7134,8413
7074,8491
7051,8486
7067,8442
7135,8429
7203,8408
7335,8342
7481,8375
7680,8310
7878,8154
8108,8040
8389,7849
8654,7748
9035,7583
9428,7500
9831,7340
10075,7222
10422,7115
10799,6997
11303,6901
11580,6904
11750,6860
11688,6899
11656,6945
11238,7041
11050,7182
10724,7319
10303,7451
9797,7665
9339,7854
9008,8057
8714,8264
8373,8449
8065,8670
7847,8996
7691,9296
7584,9505
7512,9513
7483,9590
7476,9721
7573,9770
7683,9935
7742,9844
7923,9730
8120,9571
8334,9310
8746,9183
9078,9096
9424,9008
9670,8857
9971,8582
10403,8243
10842,8062
11067,7789
11198,7586
11266,7313
11260,7091
11200,6944
11177,6804
11151,6773
10900,6753
10749,6879
10680,7034
10546,7240
10474,7568
10169,7902
9877,8238
9563,8607
9200,8834
8919,9054
8696,9368
8437,9501
8214,9683
8055,9761
7935,9818
7819,9881
7695,9903
7669,9875
7655,9806
7715,9842
7779,9771
7982,9679
8221,9535
8520,9434
8862,9243
9147,9079
9415,8808
9756,8524
10246,8246
10660,8004
11015,7785
11275,7634
11431,7502
11535,7427
11539,7362
11576,7310
11526,7257
11286,7333
11078,7294
10724,7343
10429,7391
10179,7476
9893,7566
9453,7710
9147,7873
8839,8072
8486,8277
8206,8369
7926,8582
7666,8748
7498,8941
7358,9218
7273,9385
7252,9407
7331,9470
7385,9412
7522,9524
7611,9673
7685,9736
7885,9744
7996,9496
8250,9353
8551,9102
8879,8877
9202,8669
9462,8422
9585,8097
9751,7842
9937,7546
9970,7330
9850,7118
9979,7086
10190,7058
10217,7136
10075,7119
10036,7181
9965,7304
9731,7456
9378,7636
8885,7890
8515,8072
8061,8340
7735,8543
7545,8766
7242,8920
7021,9071
6858,9283
6676,9371
6464,9504
6347,9622
6249,9705
6202,9691
6179,9554
6180,9538
6153,9409
6160,9342
6155,9220
6156,8961
6163,8731
6157,8570
6158,8357
6146,8200
6150,8050
6153,7873
6168,7750
6150,7524
6137,7381
6139,7247
6136,7260
6135,7168
6130,7028
6130,7001
6131,7046
6140,7097
6130,7254
6122,7437
6131,7682
6131,7944
6124,8210
6124,8428
6121,8670
6123,8833
6119,8975
6113,9042
6123,8947
6122,8885
6130,8815
6111,8705
6116,8554
6126,8294
6119,8060
6128,7983
6120,7908
6113,7747
6114,7513
6129,7237
6120,7118
6139,7006
6125,6820
6114,6593
6110,6454
6106,6334
6113,6287
6113,6224
6117,6194
6108,6199
6104,6166
6117,6185
6119,6153
6102,6157
6104,6168
6108,6161
6108,6176
6112,6173
6106,6180
6104,6198
6118,6187
6115,6168
6106,6194
6104,6146
6096,6105
6105,6106
6103,6076
6104,6082
6105,6070
6115,6072
6124,6073
6099,6067
6102,6081
6110,6079
6106,6080
6106,6067
6106,6074
6104,6070
6098,6081
6112,6074
6111,6059
6101,6058
6105,6060
6106,6063
6105,6059
6104,6065
6104,6048
6106,6071
6112,6063
6112,6067
6106,6075
6106,6060
6105,6057
6109,6055
6105,6056
6104,6068
6108,6062
6115,6069
6109,6061
6109,6063
6108,6054
6102,6063
6108,6065
6116,6052
6107,6059
6112,6046
6106,6060
6117,6056
6114,6052
6112,6051
6103,6061
6120,6063
6110,6051
6111,6049
6115,6048
6114,6067
6114,6055
6109,6050
6098,6051
6110,6052
6107,6058
6110,6051
6116,6055
6103,6043
6111,6045
6117,6055
6113,6049
6116,6053
6100,6043
6115,6043
6110,6061
6120,6038
6114,6055
6111,6047
6110,6051
6108,6057
6103,6050
6111,6070
6117,6045
6113,6055
6107,6051
6110,6044
6112,6042
6118,6055
6107,6055
6112,6054
6112,6046
6113,6056
6108,6037
6108,6057
6110,6045
6106,6045
6110,6050
6114,6048
6097,6049
6102,6064
6116,6061
6104,6058
6105,6053
6100,6045
6099,6046
6102,6037
6111,6047
6108,6047
6103,6050
6108,6059
6108,6063
6110,6055
6111,6057
6105,6053
6100,6053
6099,6049
6114,6048
6118,6052
6100,6048
6104,6047
6104,6037
6110,6054
6109,6048
6104,6056
6103,6051
6103,6056
6110,6065
6118,6051
6106,6042
6110,6039
6112,6044
6107,6058
6108,6048
6104,6049
6105,6061
6101,6053
6108,6043
6107,6044
6109,6050
6105,6053
6103,6028
6109,6054
6123,6056
6111,6050
6107,6050
6099,6043
6114,6062
6108,6050
6107,6054
6118,6052
6102,6049
6102,6030
6109,6049
6109,6051
6106,6050
6101,6049
6108,6057
6102,6053
6096,6052
6100,6056
6106,6054
6101,6058
6106,6052
6099,6025
6096,6044
6103,6058
6096,6031
6109,6058
6120,6047
6108,6058
6104,6048
6100,6050
6106,6047
6106,6056
6099,6058
6101,6041
6104,6045
6096,6052
6108,6043
6101,6037
6112,6055
6096,6044
6087,6056
6096,6049
6184,6100
6037,6015
6100,6058
6071,6004
6087,6025
6120,6070
6082,6043
6110,6043
6102,6025
6104,6042
6122,6050
6102,6032
6099,6042
6110,6040
6101,6055
6097,6050
6113,6052
6094,6048
6093,6055
6098,6057
6099,6060
6099,6052
6093,6049
6102,6048
6090,6056
6098,6048
6088,6042
6106,6050
6099,6046
6099,6047
6108,6041
6099,6038
6096,6042
6100,6048
6102,6060
6101,6047
6104,6035
6104,6052
6100,6049
6095,6049
6096,6033
6095,6061
6086,6061
6102,6056
6084,6057
6102,6034
6101,6038
6093,6035
6100,6056
6108,6047
6104,6052
6110,6037
6096,6052
6099,6056
6099,6058
6108,6049
6107,6043
6106,6044
6109,6047
6104,6056
6103,6063
6101,6052
6104,6048
6107,6044
6090,6056
6098,6043
6103,6056
6104,6051
6110,6054
6101,6053
6106,6057
6110,6044
6109,6056
6104,6046
6103,6047
6109,6045
6099,6044
6111,6050
6111,6057
6117,6052
6110,6047
6099,6058
6099,6062
6097,6047
6104,6040
6110,6055
6105,6050
6108,6047
6105,6053
6108,6046
6105,6044
6109,6047
6111,6056
6112,6041
6113,6070
6115,6054
6107,6048
6117,6055
6110,6060
6105,6057
6102,6053
6111,6050
6122,6049
6106,6054
6111,6060
6106,6054
6103,6055
6104,6050
6113,6057
6102,6061
6106,6048
6106,6041
6104,6042
6111,6057
6106,6053
6104,6064
6103,6054
6102,6037
6102,6039
6111,6047
6114,6052
6099,6051
6100,6047
6111,6050
6115,6056
6110,6049
6102,6054
6115,6045
6116,6054
6112,6053
6102,6055
6101,6034
6114,6038
6107,6050
6109,6056
6094,6058
6096,6051
6098,6055
6105,6054
6087,6043
6093,6036
6108,6048
6114,6051
6101,6047
6102,6043
6109,6042
6105,6050
6106,6051
6106,6048
6110,6048
6100,6053
6106,6046
6097,6047
6096,6053
6096,6045
6103,6044
6110,6047
6103,6053
6104,6042
6099,6055
6110,6056
6101,6040
6107,6059
6123,6049
6110,6055
6111,6055
6098,6039
6107,6061
6106,6044
6110,6039
6114,6043
6116,6052
6108,6041
6114,6049
6110,6041
6107,6050
6108,6055
6101,6052
6103,6053
6110,6047
6111,6057
6112,6045
6113,6033
6115,6044
6117,6058
6127,6048
6110,6050
6112,6047
6115,6052
6126,6049
6122,6047
6117,6040
6116,6054
6111,6053
6118,6048
6118,6037
6109,6048
6120,6055
6118,6049
6122,6050
6101,6055
6118,6063
6115,6055
6100,6030
6115,6059
6106,6042
6113,6053
6115,6055
6107,6051
6108,6051
6105,6041
6110,6049
6104,6041
6113,6051
6122,6054
6110,6060
6112,6055
6111,6045
6106,6043
6115,6053
6120,6064
6110,6049
6110,6049
6109,6049
6097,6042
6116,6050
6108,6067
6113,6050
6115,6038
6113,6048
6117,6048
6106,6055
6105,6050
6107,6041
6097,6047
6113,6060
6113,6054
6115,6059
6112,6049
6113,6054
6117,6038
6115,6056
6115,6055
6112,6062
6110,6042
6119,6041
6121,6053
6112,6037
6118,6049
6117,6053
6105,6052
6114,6052
6110,6053
6108,6058
6111,6030
6110,6046
6105,6048
6116,6055
6119,6042
6115,6052
6105,6052
6104,6032
6108,6050
6111,6058
6113,6045
6113,6061
6116,6181
6115,6070
6106,6051
6103,6002
6272,6568
5999,6024
6172,6105
6244,6130
6233,6188
6107,6044
6096,6048
6121,6058
6106,6051
6115,6055
6117,6043
6109,6050
6115,6066
6107,6061
6117,6052
6117,6063
6106,6060
6125,6047
6117,6050
6119,6045
6115,6043
6117,6031
6113,6061
6119,6059
6118,6064
6114,6051
6118,6067
6121,6063
6119,6061
6116,6049
6113,6046
6113,6044
6112,6059
6113,6057
6113,6050
6118,6054
6118,6054
6117,6056
6113,6051
6109,6059
6114,6058
6114,6058
6120,6048
6114,6064
6116,6057
6114,6045
6120,6050
6114,6058
6116,6060
6114,6040
6118,6048
6114,6057
6114,6049
6115,6055
6114,6057
6112,6062
6117,6056
6119,6040
6119,6058
6107,6060
6119,6049
6113,6062
6112,6054
6112,6054
6115,6063
6117,6057
6113,6042
6112,6062
6114,6058
6118,6052
6109,6065
6112,6056
6112,6052
6114,6051
6112,6046
6108,6059
6113,6054
6119,6051
6117,6060
6121,6057
6120,6060
6126,6056
6112,6045
6113,6047
6117,6061
6117,6061
6118,6059
6117,6055
6121,6052
6120,6051
6121,6052
6124,6047
6118,6054
6117,6054
6125,6045
6113,6055
6117,6060
6110,6050
6112,6051
6114,6049
6119,6051
6117,6062
6121,6055
6116,6055
6113,6049
6114,6046
6119,6063
6120,6046
6120,6046
6119,6052
6113,6030
6112,6044
6122,6056
6110,6054
6117,6058
6108,6037
0,35
0,61680
0,0
6111,6052
5602,5574
5598,5570
5596,5578
5600,5576
5603,5575
5589,5579
5605,5570
5595,5577
5814,5760
6320,6305
6286,6306
6302,6292
6312,6311
6279,6312
6303,6289
6287,6297
6279,6310
6303,6307
6307,6309
6296,6314
6303,6319
6300,6340
6301,6331
6301,6312
6299,6337
6291,6342
6300,6325
6304,6335
6312,6329
6298,6326
6295,6327
6286,6310
6032,6116
6007,5988
6280,6275
6292,6308
6248,6312
6313,6372
6327,6376
6295,6342
6292,6322
6269,6332
6283,6336
6295,6351
6275,6338
6300,6344
6280,6335
6313,6321
6278,6341
6288,6354
6277,6355
6281,6334
6304,6327
6286,6344
6306,6366
6284,6329
6322,6317
6321,6343
6300,6348
6327,6338
6297,6321
6271,6311
6283,6305
6265,6302
6296,6314
6306,6325
6294,6353
6318,6342
6305,6326
6309,6338
6299,6326
6294,6322
6282,6321
6292,6314
6297,6303
6288,6339
6301,6308
6298,6292
6302,6314
6302,6334
6300,6336
6289,6335
6307,6322
6306,6310
6290,6323
6278,6321
6287,6355
6301,6346
6276,6317
6260,6327
6294,6324
6287,6325
6295,6353
6321,6359
6316,6374
6292,6343
6262,6340
6285,6320
6298,6325
6285,6333
6292,6322
6304,6321
6292,6301
6289,6306
6284,6300
6270,6330
6286,6335
6310,6328
6314,6325
6291,6319
6284,6345
6283,6341
6299,6333
6300,6355
6287,6370
6296,6326
6306,6323
6293,6346
6289,6286
6295,6321
6294,6364
6307,6360
6298,6338
6288,6336
6283,6366
6284,6353
6309,6346
6283,6323
6282,6329
6306,6347
6290,6344
6284,6346
6279,6357
6288,6343
6287,6333
6297,6346
6294,6313
6292,6335
6304,6348
6283,6363
6291,6357
6283,6353
6284,6343
6267,6351
6293,6343
6302,6350
6299,6334
6280,6336
6283,6327
6290,6332
6295,6348
6289,6335
6300,6311
6309,6332
6289,6348
6286,6366
6287,6350
6296,6345
6313,6336
6293,6328
6275,6321
6271,6327
6291,6341
6298,6357
6286,6332
6300,6338
6301,6363
6283,6333
6272,6347
6267,6337
6266,6327
6278,6346
6282,6352
6275,6351
6284,6355
6291,6354
6288,6363
6275,6353
6271,6367
6280,6353
6279,6330
6280,6337
6280,6303
6273,6333
6285,6335
6290,6337
6280,6326
6286,6360
6267,6359
6272,6366
6288,6367
6267,6368
6257,6378
6283,6369
6284,6384
6276,6377
6268,6351
6270,6353
6291,6336
6275,6354
6292,6373
6264,6402
6275,6369
6270,6372
6288,6385
6265,6377
6259,6381
6267,6368
6255,6342
6262,6361
6261,6366
6275,6370
6288,6391
6279,6362
6275,6378
6280,6371
6261,6372
6264,6399
6255,6372
6277,6362
6267,6371
6281,6356
6254,6400
6241,6367
6263,6351
6254,6368
6256,6371
6274,6403
6284,6375
6257,6384
6271,6379
6265,6348
6269,6385
6249,6370
6258,6360
6252,6369
6263,6388
6253,6379
6257,6362
6249,6406
6261,6392
6266,6389
6252,6409
6255,6414
6280,6436
6243,6406
6256,6412
6258,6403
6267,6394
6253,6380
6255,6362
6253,6376
6266,6375
6251,6388
6267,6380
6263,6432
6291,6421
6253,6402
6251,6394
6247,6379
6246,6384
6250,6390
6250,6396
6258,6360
6248,6360
6235,6342
6254,6358
6251,6357
6247,6378
6241,6403
6250,6388
6228,6375
6242,6377
6229,6392
6259,6382
6244,6411
6247,6395
6257,6385
6253,6421
6252,6397
6253,6392
6261,6386
6242,6395
6255,6380
6259,6376
6245,6394
6248,6364
6237,6385
6239,6392
6242,6396
6243,6384
6233,6377
6251,6380
6249,6374
6234,6375
6244,6386
6244,6360
6247,6395
6252,6380
6223,6374
6266,6397
6264,6406
6147,6286
6239,6393
6250,6420
6232,6391
6237,6388
6240,6369
6241,6373
6237,6365
6239,6344
6235,6339
6244,6350
6247,6384
6243,6383
6239,6420
6236,6406
6232,6400
6232,6400
6243,6415
6230,6425
6233,6409
6246,6395
6226,6378
6231,6391
6231,6397
6230,6392
6239,6412
6239,6402
6231,6405
6238,6402
6230,6403
6230,6413
6221,6403
6241,6372
6250,6400
6236,6382
6240,6385
6246,6379
6238,6360
6252,6385
6245,6409
6217,6413
6217,6391
6217,6396
6224,6431
6231,6376
6222,6360
6222,6353
6223,6343
6227,6365
6215,6352
6230,6360
6234,6390
6240,6388
6244,6390
6222,6412
6233,6396
6240,6423
6230,6403
6242,6416
6233,6380
6234,6405
6229,6401
6215,6407
6226,6395
6230,6408
6224,6402
6235,6437
6222,6408
6234,6407
6222,6388
6230,6405
6224,6426
6230,6410
6212,6407
6220,6430
6222,6409
6233,6430
6229,6425
6223,6411
6230,6434
6222,6405
6220,6436
6223,6445
6215,6417
6230,6406
6220,6423
6214,6425
6244,6408
6226,6397
6223,6416
6228,6398
6231,6416
6210,6390
6223,6414
6222,6400
6228,6395
6210,6396
6217,6397
6216,6406
6222,6407
6211,6414
6223,6402
6226,6434
6210,6431
6238,6394
6217,6419
6223,6434
6218,6432
6218,6454
6220,6401
6212,6404
6230,6438
6222,6415
6218,6373
6212,6372
6209,6380
6238,6361
6225,6376
6221,6332
6218,6361
6222,6338
6221,6351
6239,6387
6233,6394
6225,6382
6217,6401
6228,6412
6222,6398
6225,6388
6219,6400
6215,6405
6224,6416
6220,6404
6216,6454
6212,6465
6213,6426
6216,6431
6218,6438
6229,6425
6219,6438
6221,6416
6216,6406
6231,6414
6217,6414
6230,6403
6211,6406
6225,6411
6217,6432
6222,6398
6216,6414
6220,6411
6219,6418
6222,6410
6218,6416
6219,6424
6228,6416
6214,6399
6203,6401
6218,6385
6213,6396
6219,6416
6218,6421
6228,6398
6217,6395
6220,6410
6210,6374
6225,6385
6235,6346
6236,6373
6229,6360
6215,6385
6226,6392
6223,6391
6206,6424
6207,6416
6217,6399
6215,6400
6215,6398
6208,6383
6224,6374
6223,6377
6222,6375
6220,6399
6210,6363
6198,6365
6219,6361
6267,6358
6225,6357
6245,6358
6229,6385
6234,6380
6226,6380
6223,6380
6230,6403
6222,6401
6229,6384
6214,6390
6227,6372
6224,6390
6239,6386
6222,6374
6220,6364
6227,6369
6234,6392
6215,6410
6228,6388
6229,6380
6223,6375
6213,6373
6223,6398
6218,6400
6226,6387
6224,6400
6225,6396
6219,6385
6237,6371
6213,6383
6225,6379
6229,6349
6230,6350
6228,6365
6238,6350
6233,6366
6217,6394
6226,6395
6224,6387
6231,6370
6224,6385
6227,6394
6236,6359
6234,6379
6222,6368
6227,6378
6219,6356
6231,6365
6226,6399
6217,6385
6228,6346
6231,6351
6246,6356
6231,6360
6220,6330
6234,6350
6240,6352
6234,6336
6235,6338
6218,6347
6227,6364
6233,6378
6236,6358
6226,6350
6232,6349
6239,6347
6221,6345
6238,6382
6212,6346
6230,6360
6226,6362
6227,6362
6235,6363
6218,6357
6239,6373
6236,6347
6221,6356
6228,6373
6221,6378
6488,7134
6227,6496
6223,6346
6259,6373
6247,6405
6157,6311
6238,6341
6227,6303
6245,6352
6182,6292
6222,6342
6231,6356
6238,6328
6248,6300
6248,6321
6239,6344
6236,6342
6222,6322
6235,6333
6228,6319
6224,6334
6221,6346
6231,6356
6219,6348
6224,6325
6217,6340
6223,6336
6227,6342
6228,6335
6231,6343
6235,6333
6222,6360
6231,6326
6225,6327
6230,6339
6227,6319
6223,6345
6234,6350
6235,6338
6219,6335
6231,6329
6222,6347
6237,6335
6220,6340
6242,6362
6225,6352
6234,6343
6241,6349
6226,6348
6228,6316
6216,6345
6224,6341
6234,6342
6247,6361
6239,6350
6231,6354
6226,6351
6235,6344
6230,6345
6229,6325
6230,6327
6226,6339
6249,6352
6241,6351
6240,6338
6237,6317
6258,6337
6265,6357
6283,6342
6267,6337
6317,6357
6319,6368
6365,6355
6386,6362
6420,6337
6445,6316
6487,6329
6539,6348
6606,6346
6682,6338
6710,6323
6798,6338
6855,6352
6955,6328
7029,6331
7098,6348
7136,6361
7177,6370
7188,6332
7183,6336
7194,6336
7134,6329
7125,6333
7074,6315
7062,6311
7062,6342
7042,6323
7042,6337
7017,6356
7027,6338
6958,6359
6968,6351
6898,6351
6888,6336
6874,6346
6862,6339
6938,6328
7055,6349
7131,6369
7232,6364
7334,6349
7477,6366
7685,6375
7789,6366
7919,6391
8091,6419
8219,6417
8364,6415
8474,6427
8601,6459
8671,6480
8645,6497
8599,6514
8481,6542
8394,6551
8219,6526
8061,6596
7923,6613
7801,6668
7692,6706
7519,6791
7357,6876
7184,6950
7076,7032
7004,7130
6913,7207
6857,7247
6836,7333
6852,7370
6911,7422
6995,7506
7065,7529
7175,7566
7398,7557
7594,7599
7837,7612
8047,7583
8356,7533
8600,7505
8872,7417
9062,7343
9226,7254
9428,7136
9522,7062
9694,6990
9676,6920
9608,6856
9518,6823
9391,6857
9160,6797
9045,6801
8871,6782
8771,6860
8545,6956
8388,7051
8153,7135
7932,7266
7832,7383
7711,7520
7589,7684
7466,7835
7344,7972
7259,8047
7274,8135
7280,8209
7304,8248
7421,8277
7523,8291
7661,8277
7891,8248
8115,8221
8355,8194
8603,8049
8828,7955
9126,7806
9301,7727
9441,7564
9531,7432
9600,7351
9756,7275
9873,7209
9949,7117
9925,7051
9845,6992
9784,6997
9500,7020
9273,7060
9065,7168
8899,7244
8503,7348
8312,7470
8068,7604
7822,7702
7633,7881
7466,8036
7294,8183
7146,8267
6999,8348
6954,8424
6961,8578
6969,8655
7107,8746
7252,8824
7407,8828
7619,8732
7855,8661
8052,8571
8248,8482
8504,8308
8656,8152
8753,8037
8906,7956
9106,7755
9263,7569
9461,7397
9651,7246
9762,7130
9935,7058
9913,6991
10033,6952
10003,6990
9912,7066
9792,7156
9701,7279
9499,7475
9352,7571
9124,7723
8909,7968
8705,8108
8371,8222
8096,8366
7904,8507
7738,8676
7576,8880
7448,9009
7338,9071
7342,9029
7313,9095
7355,9125
7365,9070
7354,8950
7427,8827
7582,8689
7736,8530
7858,8279
8007,8165
8238,8052
8505,7915
8742,7750
8895,7699
9136,7536
9199,7427
9320,7282
9362,7176
9393,7132
9361,7043
9376,6984
9266,6964
9190,6938
9100,6932
9057,6993
8949,7061
8722,7050
8514,7132
8416,7249
8290,7406
8115,7575
7861,7763
7757,7954
7526,8129
7402,8274
7267,8363
7104,8321
6965,8310
6905,8261
6846,8253
6864,8231
6886,8170
7023,8134
7191,8044
7343,8001
7601,7917
7869,7859
8126,7752
8377,7608
8593,7495
8819,7393
9014,7245
9181,7117
9314,7021
9368,6923
9446,6894
9371,6867
9333,6866
9310,6867
9254,6929
9043,7016
8845,7082
8675,7184
8504,7294
8296,7409
8055,7578
7894,7692
7739,7822
7576,7993
7445,8139
7314,8192
7215,8296
7130,8501
7065,8638
6973,8696
6936,8830
6932,9004
6887,9063
6875,9150
6946,9195
7021,9053
7162,8988
7325,8844
7551,8730
7736,8533
7973,8308
8224,8114
8538,7848
8841,7603
9057,7423
9129,7258
9281,7088
9366,6912
9358,6757
9367,6697
9337,6694
9331,6722
9224,6784
9082,6909
8980,7015
8776,7138
8568,7215
8358,7336
8158,7457
7965,7557
7761,7682
7594,7782
7454,7875
7315,8045
7226,8202
7082,8377
7013,8549
6948,8615
6915,8659
6863,8787
6912,8822
6899,8859
6947,8904
7016,8939
7095,8751
7203,8675
7327,8587
7442,8381
7602,8245
7771,8006
7973,7820
8208,7583
8431,7371
8601,7201
8834,7043
8965,6903
9075,6785
9108,6721
9161,6691
9282,6692
9302,6739
9248,6774
9114,6842
8923,6907
8749,7026
8496,7184
8354,7291
8123,7444
7893,7513
7674,7585
7521,7702
7390,7747
7294,7797
7144,7912
7056,7959
6973,8037
6947,8038
6874,8022
6897,8047
6939,8031
6969,8022
7056,7977
7177,7880
7257,7774
7428,7641
7653,7559
7782,7459
8008,7414
8141,7254
8316,7143
8444,7029
8500,6884
8618,6782
8671,6703
8707,6681
8745,6624
8788,6595
8756,6612
8679,6651
8636,6681
8502,6787
8458,6865
8369,6961
8338,7090
8215,7224
8095,7426
7917,7541
7730,7662
7552,7836
7375,7947
7223,8027
7126,8094
7010,8098
6932,8147
6871,8126
6859,8082
6842,8133
6889,8102
7025,8026
7121,7887
7243,7829
7384,7731
7579,7601
7749,7466
8017,7396
8224,7233
8420,7122
8610,7025
8746,6973
8914,6850
8852,6793
8882,6735
9031,6724
9059,6705
9022,6687
8985,6692
8769,6738
8702,6797
8534,6826
8292,6894
8103,6958
7943,7058
7714,7158
7612,7219
7440,7366
7310,7535
7152,7661
7107,7770
6976,7961
6906,8049
6920,8129
6911,8235
6897,8351
6922,8394
6937,8377
7030,8391
7089,8291
7207,8238
7297,8142
7441,7957
7546,7817
7679,7634
7884,7553
8043,7378
8212,7250
8417,7096
8529,6990
8634,6876
8730,6770
8841,6712
8987,6672
9060,6665
9068,6719
9090,6769
9107,6873
9014,7012
8961,7104
8897,7247
8653,7348
8396,7422
8255,7567
8021,7656
7798,7757
7649,7861
7430,7919
7255,7927
7173,7972
7042,8021
6984,8145
6984,8162
6994,8175
7064,8126
7113,8091
7163,8108
7266,7995
7369,7903
7497,7829
7612,7683
7743,7535
7993,7432
8151,7300
8322,7185
8465,7055
8652,6963
8718,6893
8773,6813
8963,6774
9077,6742
9062,6727
9032,6748
9030,6799
8882,6851
8782,6947
8587,7046
8500,7156
8420,7282
8230,7457
8078,7623
8059,7982
7527,7756
7532,8232
7431,8419
7259,8473
7066,8615
6998,8767
6887,8785
6893,8773
6865,8786
6873,8799
6918,8698
6998,8573
6988,8558
7045,8429
7206,8254
7355,8052
7443,7866
7595,7771
7748,7566
7872,7424
8035,7301
8247,7158
8383,7098
8550,7030
8701,6924
8799,6847
8901,6787
8926,6721
8927,6685
8894,6638
8855,6633
8810,6682
8688,6770
8558,6849
8388,6929
8180,7078
8062,7192
7992,7316
7749,7446
7573,7536
7353,7630
7184,7662
7045,7719
6950,7834
6923,7829
6880,7863
6901,7833
7001,7905
7074,7905
7164,7836
7345,7810
7489,7744
7615,7632
7861,7563
8114,7475
8412,7381
8592,7261
8769,7160
9001,7084
9127,6968
9386,6816
9613,6798
9644,6662
9829,6627
9840,6591
9757,6544
9721,6539
9539,6571
9407,6635
9271,6692
9065,6813
8869,6934
8723,7055
8443,7212
8126,7370
7881,7574
7673,7798
7380,7925
7223,8049
7064,8233
6959,8320
6860,8427
6871,8414
6904,8447
6912,8448
6981,8326
7047,8280
7166,8320
7341,8226
7492,8102
7688,7979
7866,7758
8033,7601
8165,7483
8383,7383
8580,7211
8743,7103
8912,6949
9087,6897
9267,6819
9327,6751
9328,6720
9283,6709
9224,6716
9173,6741
9065,6781
9004,6863
8820,6999
8720,7169
8460,7356
8290,7538
8097,7777
7905,7982
7670,8172
7556,8283
7404,8414
7208,8528
7141,8533
7066,8673
7010,8725
7006,8825
6998,8753
7035,8792
7089,8723
7184,8620
7316,8558
7491,8463
7662,8294
7781,8170
7953,8080
8152,7968
8383,7813
8655,7621
8947,7506
9114,7320
9357,7216
9479,7077
9620,6931
9743,6865
9891,6798
10046,6770
10101,6748
10007,6791
10010,6831
9935,6910
9816,7015
9704,7114
9601,7257
9378,7372
9040,7498
8807,7649
8523,7813
8292,7944
7944,8068
7633,8100
7521,8242
7329,8365
7150,8439
7065,8478
7077,8513
7054,8447
7113,8415
7207,8436
7333,8376
7457,8340
7639,8308
7897,8219
8117,8005
8379,7902
8644,7744
9022,7577
9444,7482
9776,7381
10044,7257
10448,7117
10821,6993
11346,6909
11581,6864
11737,6849
11703,6892
11578,6946
11287,7023
11081,7191
10801,7324
10294,7459
9838,7644
9329,7847
8989,8074
8750,8229
8394,8480
8070,8679
7903,8995
7702,9268
7599,9494
7494,9581
7482,9636
7493,9656
7592,9796
7657,9906
7709,9871
7923,9734
8108,9585
8356,9321
8689,9149
9114,9085
9397,8944
9676,8843
9972,8609
10350,8281
10874,8096
11133,7775
11172,7611
11295,7325
11232,7104
11171,6947
11172,6805
11073,6758
10910,6774
10751,6864
10669,7027
10485,7275
10446,7560
10219,7867
9896,8180
9498,8601
9186,8880
8943,9099
8676,9316
8405,9457
8226,9697
8016,9791
7950,9795
7837,9869
7729,9951
7666,9806
7656,9814
7737,9818
7808,9693
7980,9679
8239,9524
8520,9396
8788,9289
9168,9042
9400,8824
9805,8557
10198,8296
10642,8013
10934,7758
11346,7651
11389,7530
11472,7453
11516,7360
11647,7323
11442,7268
11359,7309
11054,7300
10716,7327
10416,7382
10157,7470
9873,7564
9458,7708
9132,7876
8831,8068
8509,8284
8204,8410
7921,8562
7619,8676
7511,8946
7370,9187
7289,9378
7236,9446
7303,9445
7354,9430
7469,9582
7622,9655
7703,9720
7879,9672
8015,9473
8248,9301
8593,9135
8891,8872
9139,8651
9455,8416
9609,8054
9762,7831
9951,7642
9952,7386
9969,7230
9974,7101
10096,7048
10142,7045
10045,7081
9997,7151
9945,7292
9759,7402
9348,7607
8832,7872
8471,8094
8073,8329
7715,8521
7526,8747
7232,8914
7004,9094
6842,9276
6646,9368
6480,9483
6339,9609
6233,9682
6227,9638
6175,9553
6182,9518
6157,9431
6160,9312
6161,9206
6145,8992
6162,8759
6162,8576
6153,8381
6162,8173
6147,8080
6157,7896
6162,7731
6154,7518
6140,7370
6133,7289
6137,7206
6126,7164
6127,7039
6128,7022
6126,7043
6142,7087
6125,7286
6120,7448
6123,7740
6128,7980
6119,8195
6128,8458
6119,8683
6120,8842
6126,8989
6127,8998
6124,8948
6111,8843
6123,8820
6125,8721
6124,8579
6126,8310
6115,8075
6118,7992
6120,7902
6120,7756
6117,7484
6116,7282
6116,7082
6118,6994
6118,6851
6112,6579
6113,6434
6105,6345
6111,6258
6107,6227
6109,6200
6114,6194
6106,6174
6112,6178
6108,6168
6108,6149
6112,6163
6110,6173
6101,6152
6113,6179
6108,6164
6108,6187
6116,6186
6115,6184
6112,6183
6105,6162
6100,6117
6111,6117
6098,6078
6099,6070
6103,6064
6112,6077
6119,6056
6104,6064
6120,6074
6114,6066
6108,6070
6104,6086
6107,6070
6111,6060
6103,6071
6100,6063
6118,6061
6099,6068
6109,6063
6113,6063
6109,6052
6106,6055
6087,6036
6109,6077
6111,6054
6113,6063
6102,6066
6109,6070
6107,6067
6104,6058
6111,6050
6115,6054
6113,6063
6114,6050
6107,6055
6118,6055
6108,6054
6103,6059
6110,6058
6111,6058
6112,6049
6108,6051
6106,6053
6118,6052
6119,6059
6109,6056
6103,6057
6112,6063
6112,6057
6113,6053
6119,6060
6108,6055
6112,6047
6118,6061
6111,6047
6113,6057
6108,6050
6107,6039
6112,6050
6107,6033
6103,6044
6108,6055
6101,6055
6106,6063
6106,6051
6118,6044
6114,6053
6113,6048
6103,6056
6110,6044
6104,6053
6114,6044
6106,6030
6114,6062
6111,6048
6105,6049
6115,6051
6108,6050
6111,6048
6117,6052
6105,6047
6102,6047
6111,6050
6109,6054
6112,6041
6118,6044
6116,6057
6115,6050
6109,6047
6110,6041
6110,6031
6105,6054
6114,6042
6122,6051
6096,6047
6099,6057
6104,6047
6101,6040
6103,6049
6109,6053
6109,6046
6101,6048
6106,6053
6112,6057
6108,6049
6105,6052
6098,6046
6109,6055
6111,6050
6110,6049
6104,6059
6099,6042
6100,6039
6106,6056
6109,6060
6114,6041
6107,6047
6099,6053
6114,6051
6114,6047
6107,6052
6115,6039
6103,6045
6113,6054
6104,6046
6102,6055
6111,6046
6107,6060
6108,6059
6105,6040
6113,6041
6109,6061
6103,6039
6108,6043
6118,6047
6105,6042
6111,6049
6109,6041
6107,6048
6106,6047
6106,6047
6114,6045
6100,6054
6098,6026
6107,6052
6101,6059
6112,6045
6107,6050
6105,6048
6100,6056
6103,6055
6097,6058
6100,6058
6102,6054
6114,6058
6107,6054
6095,6047
6032,6028
6069,5752
6177,6139
6059,5990
6073,5999
6091,6032
6115,6055
6116,6057
6085,6053
6081,6030
6082,6023
6100,6041
6097,6041
6103,6038
6100,6043
6111,6045
6096,6047
6101,6043
6093,6051
6098,6041
6100,6054
6099,6052
6108,6048
6110,6032
6099,6048
6093,6055
6115,6057
6096,6042
6109,6047
6105,6056
6105,6053
6096,6041
6101,6038
6102,6047
6102,6040
6110,6047
6097,6061
6097,6039
6097,6047
6110,6059
6103,6053
6099,6039
6103,6043
6102,6053
6097,6055
6090,6039
6103,6033
6115,6040
6104,6039
6105,6055
6086,6053
6102,6045
6101,6038
6102,6049
6098,6050
6100,6047
6105,6056
6101,6046
6103,6039
6110,6050
6102,6054
6099,6053
6102,6048
6087,6047
6107,6043
6103,6048
6096,6047
6096,6044
6104,6050
6113,6048
6104,6043
6100,6056
6101,6052
6102,6046
6095,6048
6105,6058
6097,6054
6109,6042
6107,6050
6106,6063
6102,6053
6095,6055
6103,6034
6096,6052
6104,6046
6108,6048
6099,6057
6108,6050
6109,6058
6102,6041
6104,6056
6110,6054
6111,6041
6113,6049
6098,6051
6104,6043
6103,6042
6104,6044
6111,6049
6105,6033
6105,6042
6104,6062
6106,6048
6104,6034
6107,6054
6104,6053
6112,6068
6102,6053
6104,6054
6114,6049
6112,6058
6117,6052
6116,6054
6118,6045
6112,6062
6100,6047
6113,6044
6109,6048
6106,6052
6101,6052
6110,6051
6117,6044
6110,6057
6100,6058
6106,6049
6097,6058
6106,6050
6109,6050
6095,6038
6110,6044
6110,6036
6116,6049
6107,6052
6105,6069
6104,6045
6110,6038
6109,6039
6097,6044
6106,6063
6105,6055
6101,6057
6096,6046
6108,6050
6110,6055
6103,6041
6098,6046
6108,6037
6099,6053
6104,6055
6111,6053
6105,6045
6099,6049
6105,6053
6109,6060
6105,6057
6104,6056
6101,6061
6089,6024
6093,6037
6097,6043
6109,6042
6109,6048
6096,6056
6109,6039
6105,6057
6103,6048
6095,6046
6102,6036
6109,6056
6100,6050
6106,6043
6100,6047
6101,6048
6100,6048
6103,6042
6107,6054
6104,6048
6103,6052
6105,6044
6097,6052
6099,6046
6104,6049
6116,6053
6114,6053
6116,6047
6101,6044
6104,6044
6108,6050
6103,6055
6104,6059
6116,6057
6104,6048
6107,6050
6094,6063
6113,6047
6115,6048
6112,6053
6110,6051
6110,6052
6113,6048
6112,6056
6113,6046
6112,6043
6114,6049
6102,6057
6114,6046
6117,6038
6119,6043
6122,6024
6116,6052
6105,6057
6105,6052
6112,6033
6113,6044
6111,6042
6108,6047
6115,6055
6109,6050
6114,6052
6113,6045
6123,6063
6118,6053
6108,6040
6117,6055
6106,6041
6111,6097
6106,6058
6109,6050
6104,6043
6108,6044
6115,6051
6110,6045
6113,6047
6116,6045
6106,6056
6103,6055
6105,6048
6103,6044
6111,6051
6125,6054
6114,6053
6108,6053
6110,6048
6111,6061
6117,6048
6110,6052
6114,6049
6111,6038
6111,6050
6117,6055
6107,6060
6113,6041
6108,6049
6101,6040
6117,6054
6114,6049
6116,6048
6109,6053
6103,6057
6113,6040
6091,6053
6111,6046
6110,6051
6112,6052
6116,6050
6120,6047
6105,6054
6121,6032
6123,6057
6224,6018
6109,6030
6122,6055
6132,6063
6115,6044
6095,6031
6090,6035
6127,6057
6109,6051
6112,6062
6096,6033
6103,6046
6110,6063
6111,6054
6107,6044
6111,6046
6109,6053
6108,6060
6118,6051
6113,6063
6116,6055
6109,6041
6122,6049
6106,6055
6111,6056
6118,6049
6113,6063
6116,6049
6105,6042
6114,6057
6120,6056
6112,6054
6113,6043
6112,6049
6109,6047
6113,6049
6105,6062
6126,6046
6117,6037
6126,6053
6114,6050
6124,6049
6111,6060
6115,6067
6108,6048
6110,6056
6114,6051
6115,6050
6118,6060
6109,6053
6109,6053
6118,6049
6106,6065
6114,6054
6111,6053
6115,6046
6110,6057
6120,6050
6117,6050
6108,6047
6114,6063
6121,6058
6120,6055
6119,6053
6114,6069
6115,6066
6117,6055
6117,6062
6112,6055
6115,6053
6113,6055
6117,6054
6117,6054
6115,6050
6117,6055
6117,6054
6118,6065
6111,6060
6117,6049
6120,6056
6113,6060
6119,6047
6113,6060
6115,6058
6119,6058
6123,6048
6114,6050
6110,6045
6117,6063
6124,6048
6119,6056
6120,6054
6111,6054
6116,6054
6116,6054
6118,6051
6121,6063
6116,6066
6115,6070
6110,6053
6111,6063
6111,6052
6109,6051
6126,6047
6123,6047
6117,6061
6106,6046
6113,6047
6121,6052
6122,6052
6105,6053
6115,6049
6116,6053
6119,6053
6117,6049
6110,6060
6119,6057
6119,6057
6118,6067
6114,6035
6121,6041
6114,6046
6112,6058
6117,6061
6110,6055
6114,6050
6120,6042
6116,6056
6119,6058
6116,6055
6118,6058
6119,6061
6119,6056
6117,6061
6114,6057
6108,6049
0,32
0,61680
0,0
6114,6063
5609,5577
5595,5572
5604,5577
5601,5577
5595,5572
5602,5577
5606,5576
5611,5578
5820,5759
6316,6305
6281,6320
6155,6150
6315,6323
6317,6335
6270,6278
6293,6301
6285,6304
6294,6313
6300,6303
6305,6323
6312,6315
6283,6329
6284,6343
6311,6322
6310,6313
6297,6325
6289,6316
6313,6334
6309,6328
6309,6306
6290,6335
6289,6321
6288,6347
6274,6322
6288,6321
6281,6324
6291,6319
6304,6362
6295,6363
6297,6329
6288,6322
6279,6338
6275,6348
6289,6344
6278,6349
6294,6354
6285,6324
6289,6316
6282,6336
6282,6331
6274,6342
6290,6358
6305,6344
6298,6338
6301,6348
6299,6348
6304,6326
6327,6344
6300,6342
6323,6336
6301,6331
6287,6313
6266,6289
6259,6293
6295,6319
6308,6343
6307,6361
6321,6337
6304,6329
6313,6327
6295,6331
6299,6323
6282,6324
6289,6345
6289,6315
6303,6332
6297,6320
6306,6317
6313,6315
6307,6318
6295,6337
6295,6336
6322,6325
6299,6311
6288,6322
6270,6332
6279,6352
6314,6351
6287,6299
6275,6322
6295,6323
6287,6323
6303,6355
6313,6354
6310,6358
6290,6334
6273,6342
6292,6323
6296,6317
6305,6340
6283,6316
6292,6330
6286,6324
6289,6313
6283,6330
6269,6327
6285,6333
6302,6329
6313,6363
6302,6324
6273,6330
6271,6356
6294,6339
6303,6344
6289,6364
6301,6322
6305,6328
6296,6335
6278,6318
6297,6338
6295,6346
6301,6366
6284,6335
6281,6347
6280,6351
6293,6349
6300,6349
6286,6331
6270,6316
6294,6315
6285,6338
6282,6346
6280,6356
6286,6334
6296,6337
6301,6298
6287,6304
6292,6323
6284,6339
6293,6358
6289,6352
6287,6357
6299,6332
6282,6335
6300,6351
6302,6355
6299,6342
6295,6332
6287,6321
6281,6339
6278,6330
6280,6337
6303,6332
6310,6316
6275,6344
6273,6361
6294,6334
6290,6338
6294,6335
6285,6309
6280,6328
6262,6327
6291,6345
6298,6331
6281,6346
6302,6330
6293,6350
6274,6333
6265,6341
6270,6335
6272,6331
6275,6341
6281,6341
6277,6340
6292,6352
6294,6357
6298,6341
6290,6363
6264,6368
6267,6349
6270,6337
6288,6324
6289,6301
6280,6324
6299,6337
6299,6327
6278,6319
6281,6366
6265,6371
6268,6382
6291,6375
6269,6346
6266,6360
6285,6372
6266,6380
6260,6364
6278,6349
6263,6355
6292,6346
6278,6352
6278,6371
6253,6360
6267,6382
6263,6352
6276,6404
6265,6370
6284,6365
6266,6368
6248,6351
6262,6358
6283,6347
6293,6366
6282,6368
6283,6369
6276,6360
6291,6372
6267,6370
6267,6387
6248,6358
6263,6375
6259,6372
6261,6340
6257,6367
6250,6362
6260,6364
6259,6372
6260,6384
6257,6398
6275,6383
6257,6375
6267,6362
6262,6352
6262,6364
6244,6369
6254,6356
6255,6368
6246,6391
6258,6391
6251,6369
6257,6396
6271,6379
6267,6385
6265,6425
6253,6399
6263,6428
6250,6395
6256,6405
6244,6401
6272,6393
6272,6392
6254,6368
6244,6368
6263,6387
6248,6369
6279,6398
6258,6426
6270,6429
6243,6395
6253,6390
6245,6362
6252,6392
6242,6375
6261,6384
6242,6344
6253,6348
6241,6340
6251,6338
6245,6360
6253,6360
6233,6394
6260,6372
6235,6396
6232,6383
6251,6386
6249,6376
6259,6406
6256,6396
6260,6392
6250,6414
6251,6404
6475,6606
6122,6282
6331,6497
6338,6470
6338,6453
6276,6414
6234,6374
6251,6397
6255,6402
6224,6395
6253,6399
6255,6374
6246,6373
6231,6363
6247,6374
6237,6429
6233,6386
6239,6380
6239,6384
6238,6374
6233,6385
6256,6373
6254,6361
6230,6390
6246,6382
6246,6415
6238,6352
6235,6350
6238,6376
6237,6360
6239,6358
6239,6356
6240,6348
6254,6370
6243,6379
6251,6414
6233,6406
6227,6407
6251,6422
6228,6396
6232,6431
6242,6411
6230,6376
6225,6396
6229,6401
6227,6379
6233,6393
6242,6420
6241,6414
6239,6397
6231,6407
6223,6397
6230,6395
6237,6384
6236,6373
6240,6397
6238,6391
6244,6389
6235,6394
6243,6357
6244,6395
6241,6394
6222,6412
6211,6396
6235,6370
6229,6419
6233,6369
6226,6367
6222,6345
6223,6367
6237,6359
6230,6360
6240,6352
6246,6385
6246,6391
6243,6381
6237,6414
6228,6385
6225,6409
6232,6397
6242,6418
6236,6389
6229,6409
6222,6383
6217,6385
6233,6420
6248,6399
6237,6408
6236,6427
6231,6398
6240,6382
6223,6396
6233,6399
6236,6414
6224,6382
6212,6416
6230,6433
6237,6417
6233,6424
6225,6422
6211,6433
6227,6435
6218,6409
6212,6443
6225,6426
6227,6403
6235,6413
6211,6432
6232,6432
6229,6401
6225,6401
6223,6407
6232,6411
6216,6405
6226,6399
6235,6414
6230,6398
6233,6388
6210,6377
6214,6392
6216,6403
6226,6405
6224,6422
6234,6410
6212,6422
6217,6430
6236,6398
6212,6427
6232,6435
6218,6422
6222,6452
6227,6395
6227,6422
6231,6424
6227,6410
6217,6378
6215,6381
6213,6355
6219,6354
6231,6381
6225,6347
6216,6351
6220,6355
6215,6353
6240,6382
6232,6382
6218,6382
6214,6404
6219,6397
6218,6380
6227,6423
6218,6397
6217,6421
6208,6407
6211,6408
6225,6442
6211,6445
6217,6432
6217,6419
6222,6440
6223,6430
6219,6440
6214,6434
6227,6417
6229,6394
6223,6388
6227,6402
6198,6409
6210,6416
6214,6414
6224,6391
6209,6398
6209,6410
6214,6413
6224,6396
6207,6411
6223,6411
6213,6415
6226,6389
6211,6401
6218,6385
6219,6400
6218,6434
6222,6400
6231,6396
6225,6374
6220,6389
6214,6368
6221,6377
6233,6359
6237,6364
6219,6374
6226,6375
6236,6400
6222,6407
6217,6423
6227,6406
6211,6407
6216,6409
6219,6388
6208,6383
6220,6383
6227,6421
6209,6368
6212,6387
6205,6367
6214,6364
6217,6359
6236,6376
6225,6366
6240,6352
6239,6382
6240,6370
6224,6374
6211,6397
6218,6396
6229,6397
6231,6355
6236,6354
6219,6369
6226,6382
6228,6385
6220,6381
6232,6368
6227,6381
6237,6402
6233,6406
6231,6390
6232,6366
6225,6366
6214,6374
6218,6396
6215,6401
6214,6384
6244,6399
6231,6378
6222,6394
6231,6367
6214,6369
6224,6369
6235,6359
6240,6370
6226,6358
6237,6364
6220,6379
6229,6393
6236,6379
6228,6369
6235,6388
6225,6401
6224,6376
6221,6376
6233,6381
6229,6370
6232,6365
6231,6362
6226,6354
6230,6375
6217,6385
6227,6356
6233,6357
6239,6352
6230,6350
6217,6352
6216,6347
6223,6362
6224,6337
6234,6348
6219,6355
6214,6371
6270,6417
6291,6407
6185,6332
6214,6336
6227,6342
6215,6346
6231,6385
6218,6350
6233,6359
6222,6352
6223,6367
6231,6354
6231,6336
6241,6356
6218,6371
6233,6366
6243,6386
6220,6369
6235,6386
6229,6349
6219,6355
6241,6333
6237,6329
6213,6331
6226,6325
6223,6325
6224,6320
6232,6331
6239,6350
6244,6361
6223,6328
6226,6318
6237,6338
6231,6346
6231,6346
6198,6320
6219,6319
6226,6328
6225,6327
6220,6334
6223,6349
6229,6345
6225,6328
6230,6342
6239,6351
6227,6306
6218,6329
6223,6358
6227,6348
6233,6340
6229,6330
6230,6327
6220,6336
6223,6327
6212,6340
6229,6350
6244,6329
6229,6346
6226,6327
6227,6347
6222,6335
6224,6327
6224,6364
6235,6351
6226,6338
6255,6364
6220,6363
6223,6333
6230,6335
6232,6347
6237,6354
6229,6367
6241,6345
6232,6352
6235,6346
6242,6334
6255,6352
6233,6335
6232,6336
6233,6340
6247,6355
6237,6350
6247,6331
6249,6329
6256,6326
6255,6372
6279,6347
6281,6338
6302,6372
6324,6342
6363,6363
6400,6347
6413,6337
6444,6306
6499,6330
6560,6343
6630,6346
6675,6335
6740,6322
6811,6336
6854,6343
6960,6344
7025,6343
7078,6355
7105,6369
7184,6361
7173,6320
7182,6324
7154,6335
7151,6337
7105,6334
7078,6327
7085,6326
7034,6330
7014,6316
7043,6327
7022,6348
7014,6314
6993,6351
6940,6346
6914,6354
6892,6340
6877,6359
6877,6324
6928,6333
7020,6354
7129,6339
7241,6342
7347,6365
7490,6366
7676,6367
7820,6359
7914,6378
8081,6401
8218,6414
8375,6422
8482,6408
8607,6457
8652,6471
8625,6489
8603,6522
8474,6527
8391,6546
8211,6563
8096,6590
7936,6597
7784,6658
7685,6713
7475,6776
7338,6912
7174,6951
7056,7056
6990,7114
6906,7206
6850,7266
6831,7303
6857,7360
6900,7413
6970,7497
7068,7531
7196,7522
7412,7525
7580,7605
7813,7590
8101,7579
8358,7548
8616,7481
8875,7415
9068,7345
9259,7244
9394,7149
9547,7073
9654,7012
9618,6923
9590,6880
9575,6812
9378,6824
9156,6820
9017,6783
8937,6787
8753,6868
8529,6931
8377,7035
8175,7149
7959,7245
7831,7411
7741,7531
7628,7684
7483,7850
7364,7981
7260,8070
7263,8160
7287,8232
7319,8236
7413,8267
7519,8303
7652,8266
7897,8274
8078,8214
8332,8199
8594,8066
8856,7944
9051,7818
9290,7687
9496,7571
9566,7449
9608,7362
9757,7291
9888,7202
9947,7102
9876,7030
9856,7017
9734,6989
9531,7025
9254,7053
9069,7158
8905,7231
8588,7367
8302,7466
8069,7609
7853,7724
7645,7891
7430,8040
7262,8204
7145,8286
7009,8352
6944,8429
6951,8613
6995,8686
7075,8746
7235,8862
7432,8814
7576,8723
7824,8653
8089,8572
8264,8521
8507,8327
8654,8116
8759,8034
8939,7944
9107,7780
9310,7596
9442,7376
9607,7252
9776,7131
9924,7044
9969,6989
10038,6972
10014,6980
9906,7061
9826,7146
9691,7288
9500,7424
9300,7563
9126,7750
8950,7947
8698,8086
8353,8228
8118,8360
7930,8538
7742,8680
7585,8856
7448,8950
7362,9050
7334,9051
7290,9150
7345,9056
7675,9316
7276,8858
7379,8926
7616,8714
7748,8497
7919,8340
8008,8177
8257,8044
8498,7943
8788,7778
8925,7671
9091,7550
9214,7431
9308,7296
9337,7197
9396,7088
9357,7029
9319,7000
9283,6915
9172,6910
9119,6935
9034,6937
8872,6948
8698,7046
8517,7112
8448,7250
8273,7399
8090,7584
7869,7794
7747,7960
7521,8136
7431,8247
7261,8349
7094,8389
7006,8341
6882,8272
6814,8251
6859,8206
6897,8155
7018,8122
7203,8072
7360,7990
7614,7917
7833,7863
8084,7738
8419,7619
8601,7473
8823,7384
8961,7271
9175,7096
9213,7022
9344,6919
9391,6855
9361,6855
9357,6861
9328,6860
9241,6908
9037,7011
8891,7086
8711,7150
8505,7323
8292,7445
8059,7551
7917,7699
7749,7795
7605,7988
7472,8151
7349,8220
7203,8316
7103,8495
7044,8632
6953,8739
6922,8833
6901,9029
6867,9079
6905,9135
6929,9164
7003,9087
7155,8971
7329,8863
7561,8668
7735,8536
8006,8330
8252,8101
8534,7865
8833,7625
9057,7407
9133,7263
9251,7078
9319,6890
9345,6761
9397,6690
9358,6682
9310,6711
9254,6812
9067,6907
8912,7007
8762,7127
8588,7242
8354,7327
8160,7422
7957,7573
7748,7680
7596,7782
7469,7870
7309,8041
7172,8225
7063,8376
6990,8538
6990,8632
6911,8696
6893,8800
6899,8826
6880,8911
6919,8961
6994,8948
7073,8809
7184,8688
7295,8561
7462,8374
7603,8232
7794,8067
8006,7856
8186,7609
8424,7384
8614,7176
8809,7034
8917,6912
9071,6817
9122,6755
9189,6701
9305,6703
9341,6731
9246,6779
9160,6855
8947,6904
8742,7032
8499,7149
8328,7300
8098,7427
7863,7495
7667,7593
7526,7689
7386,7747
7269,7795
7154,7944
7042,7961
6998,8016
6928,8020
6912,7988
6921,8061
6899,8034
6955,7998
7061,7994
7169,7916
7247,7764
7426,7682
7616,7563
7808,7480
7984,7374
8158,7259
8342,7143
8458,7041
8503,6885
8606,6779
8650,6726
8731,6674
8763,6607
8800,6610
8735,6611
8651,6634
8562,6691
8526,6770
8458,6849
8387,6952
8309,7088
8221,7247
8073,7433
7944,7578
7729,7640
7536,7829
7397,7955
7203,8017
7122,8057
7008,8118
6921,8118
6859,8120
6860,8089
6858,8141
6911,8077
7017,7984
7127,7880
7251,7839
7361,7723
7594,7606
7757,7444
7987,7335
8198,7251
8440,7105
8586,7035
8703,6965
8863,6866
8840,6762
8904,6755
8986,6718
9111,6701
9033,6699
8935,6697
8819,6746
8706,6770
8494,6809
8260,6889
8114,6980
7923,7071
7769,7157
7612,7234
7465,7370
7298,7561
7169,7651
7077,7751
6983,7951
6905,8010
6907,8128
6901,8232
6912,8374
6914,8380
6947,8408
7000,8377
7080,8321
7178,8211
7295,8099
7417,7960
7508,7841
7696,7679
7861,7550
8017,7398
8253,7262
8428,7085
8537,6951
8698,6886
8723,6778
8887,6711
8964,6690
9009,6648
9082,6711
9070,6773
9099,6848
9072,6980
8958,7108
8881,7265
8641,7344
8422,7449
8216,7550
8043,7659
7781,7800
7666,7856
7460,7938
7250,7905
7158,7970
7052,8008
7002,8101
6998,8109
7011,8138
7045,8110
7091,8105
7185,8080
7274,7979
7393,7919
7497,7840
7605,7644
7795,7610
8016,7460
8124,7239
8282,7115
8443,7055
8544,6981
8661,6917
8754,6843
8993,6789
9066,6766
8966,6705
9023,6772
9036,6795
8846,6851
8788,6953
8629,7037
8538,7183
8379,7271
8230,7452
8080,7643
7880,7821
7705,8023
7540,8199
7412,8407
7270,8485
7088,8612
6992,8755
6907,8768
6891,8808
6853,8789
6870,8770
6914,8728
6988,8626
6998,8553
7071,8410
7195,8282
7381,8040
7432,7906
7585,7764
7752,7581
7869,7402
8005,7281
8256,7172
8395,7109
8571,7015
8744,6945
8820,6840
8882,6796
8895,6733
8931,6678
8865,6655
8907,6678
8798,6696
8708,6762
8544,6861
8417,6930
8167,7043
8099,7181
7960,7345
7785,7425
7588,7552
7376,7627
7188,7683
7056,7755
6957,7845
6899,7842
6902,7870
6893,7905
6985,7888
7067,7898
7172,7854
7343,7833
7491,7751
7594,7666
7862,7557
8083,7498
8359,7433
8551,7273
8847,7188
9029,7039
9161,6962
9441,6851
9571,6773
9646,6669
9798,6616
9817,6583
9768,6560
9700,6549
9522,6571
9381,6621
9310,6700
9070,6793
8856,6926
8711,7062
8462,7197
8110,7342
7888,7637
7665,7761
7380,7884
7189,8042
7062,8225
6983,8317
6898,8385
6852,8394
6869,8435
6926,8394
6969,8324
7055,8325
7164,8295
7307,8238
7446,8092
7683,7940
7884,7786
8039,7639
8231,7502
8387,7339
8564,7199
8731,7085
8897,6976
9074,6918
9286,6830
9287,6749
9366,6704
9302,6689
9248,6724
9159,6740
9032,6787
8952,6860
8805,6996
8673,7162
8467,7356
8269,7550
8125,7793
7898,7967
7703,8122
7556,8280
7390,8432
7233,8531
7100,8547
7067,8648
7028,8753
7020,8786
7013,8774
7034,8765
7090,8693
7169,8651
7308,8569
7450,8479
7670,8282
7754,8146
7956,8096
8113,7962
8408,7829
8689,7602
8931,7484
9157,7306
9378,7177
9475,7082
9623,6948
9759,6902
9905,6801
10021,6755
10072,6730
10000,6768
10023,6811
9954,6925
9786,7006
9700,7127
9604,7263
9392,7388
9051,7510
8820,7635
8529,7770
8281,7952
7962,7998
7661,8093
7489,8240
7322,8369
7146,8459
7073,8488
7074,8464
7074,8489
7108,8400
7230,8441
7345,8364
7504,8395
7655,8312
7878,8156
8098,7998
8365,7884
8693,7746
9030,7585
9485,7486
9849,7382
10116,7211
10461,7109
10828,6987
11309,6897
11531,6873
11691,6880
11648,6884
11625,6963
11246,7033
11071,7175
10757,7341
10252,7468
9783,7656
9315,7845
9014,8060
8690,8265
8401,8483
8070,8690
7903,9005
7713,9267
7640,9467
7501,9575
7477,9613
7488,9628
7580,9796
7647,9921
7775,9862
7931,9712
8115,9558
8387,9315
8711,9148
9066,9094
9417,8976
9736,8840
9999,8609
10380,8308
10814,8027
11100,7777
11179,7562
11313,7288
11299,7114
11214,6873
11122,6795
11099,6746
10943,6741
10724,6864
10660,7034
10524,7240
10478,7562
10189,7875
9844,8218
9530,8600
9162,8830
8982,9131
8664,9342
8407,9467
8209,9679
8073,9766
7901,9817
7844,9842
7690,9887
7669,9816
7671,9774
7705,9800
7798,9711
7979,9660
8218,9571
8500,9433
8872,9263
9156,9066
9424,8826
9750,8566
10252,8266
10610,8038
10962,7581
11335,7753
11436,7534
11587,7552
11598,7361
11630,7292
11495,7302
11252,7348
11048,7319
10704,7325
10440,7344
10120,7467
9885,7567
9485,7750
9124,7893
8788,8102
8492,8267
8200,8433
7911,8551
7671,8736
7500,8989
7353,9266
7286,9347
7250,9469
7315,9500
7402,9466
7472,9579
7593,9702
7691,9694
7873,9692
8008,9513
8280,9328
8560,9058
8848,8859
9116,8623
9415,8431
9581,8091
9754,7867
9988,7665
9952,7395
9908,7234
10000,7082
10084,7045
10066,7045
10037,7093
10017,7160
9935,7256
9752,7413
9348,7647
8870,7870
8489,8104
8048,8315
7722,8553
7511,8753
7246,8928
6996,9119
6854,9258
6674,9390
6465,9510
6337,9648
6253,9721
6204,9731
6183,9561
6189,9586
6166,9399
6160,9325
6150,9224
6161,8969
6144,8719
6156,8545
6150,8362
6161,8218
6148,8103
6152,7884
6159,7706
6148,7549
6148,7412
6134,7257
6143,7230
6126,7143
6135,7031
6128,6990
6126,7048
6133,7118
6125,7283
6119,7447
6119,7724
6132,7980
6124,8225
6132,8433
6123,8671
6120,8803
6124,8992
6119,9028
6118,8986
6114,8852
6113,8752
6124,8693
6109,8535
6126,8342
6115,8067
6119,8023
6115,7912
6104,7753
6115,7478
6118,7266
6124,7105
6112,7006
6118,6817
6107,6571
6119,6436
6103,6342
6110,6279
6114,6242
6111,6193
6112,6190
6111,6173
6110,6180
6107,6171
6109,6161
6109,6179
6104,6163
6108,6164
6111,6182
6102,6175
6103,6201
6108,6189
6106,6183
6109,6193
6105,6158
6104,6130
6108,6111
6098,6092
6108,6084
6103,6071
6113,6063
6119,6063
6099,6067
6115,6096
6108,6076
6104,6072
6116,6076
6113,6062
6105,6065
6102,6072
6105,6054
6105,6062
6109,6064
6101,6051
6104,6067
6101,6064
6100,6049
6101,6054
6107,6060
6115,6086
6110,6068
6103,6061
6110,6093
6104,6051
6108,6047
6103,6063
6107,6063
6112,6063
6112,6060
6110,6062
6115,6057
6113,6055
6104,6060
6108,6046
6115,6062
6107,6050
6111,6052
6105,6052
6112,6062
6110,6066
6111,6050
6101,6046
6117,6052
6109,6043
6103,6047
6101,6063
6115,6061
6106,6065
6118,6050
6102,6053
6110,6058
6105,6050
6112,6050
6113,6049
6102,6040
6109,6050
6109,6056
6115,6059
6111,6060
6107,6031
6108,6030
6107,6045
6115,6038
6112,6054
6106,6048
6109,6048
6108,6050
6099,6039
6108,6041
6102,6045
6108,6042
6114,6047
6115,6050
6107,6049
6111,6047
6105,6048
6110,6040
6109,6047
6116,6063
6104,6040
6113,6055
6109,6049
6109,6044
6109,6044
6111,6044
6104,6047
6104,6046
6116,6045
6114,6046
6102,6057
6066,6005
6098,6048
6101,6041
6103,6040
6104,6050
6111,6045
6113,6061
6110,6052
6114,6052
6106,6051
6103,6047
6091,6052
6096,6054
6108,6049
6105,6036
6100,6049
6105,6037
6099,6033
6104,6053
6106,6045
6103,6052
6101,6047
6102,6053
6110,6050
6117,6052
6106,6047
6108,6029
6097,6036
6117,6054
6119,6040
6095,6048
6105,6054
6098,6056
6106,6065
6104,6035
6103,6040
6097,6061
6103,6047
6101,6053
6114,6054
6101,6027
6110,6040
6099,6036
6124,6089
6082,6044
6118,6067
6103,6059
6084,6052
6099,6047
6095,6044
6102,6038
6109,6041
6097,6029
6108,6037
6101,6055
6094,6057
6096,6052
6104,6052
6102,6051
6100,6053
6099,6046
6100,6048
6102,6051
6101,6044
6101,6056
6112,6060
6116,6056
6109,6047
6104,6037
6101,6044
6112,6055
6097,6057
6108,6055
6103,6029
6106,6054
6101,6036
6097,6041
6114,6061
6112,6053
6097,6059
6104,6044
6096,6042
6096,6057
6100,6047
6103,6058
6110,6050
6104,6049
6097,6053
6108,6046
6102,6039
6112,6038
6116,6047
6107,6049
6099,6048
6105,6043
6103,6040
6097,6033
6107,6047
6100,6056
6099,6034
6093,6052
6100,6061
6096,6043
6099,6038
6097,6053
6099,6045
6099,6050
6090,6040
6112,6043
6108,6048
6096,6049
6106,6044
6098,6051
6096,6042
6097,6049
6107,6039
6102,6052
6099,6042
6099,6051
6099,6042
6103,6046
6108,6045
6106,6059
6099,6038
6099,6043
6095,6047
6098,6053
6094,6051
6094,6049
6103,6046
6103,6047
6111,6053
6101,6055
6094,6040
6110,6051
6104,6057
6101,6049
6103,6064
6108,6045
6103,6048
6105,6053
6106,6011
6115,6039
6106,6053
6106,6043
6099,6048
6096,6045
6105,6047
6108,6052
6110,6056
6102,6052
6103,6049
6110,6055
6103,6053
6098,6049
6095,6065
6112,6039
6103,6045
6104,6052
6098,6058
6110,6044
6110,6057
6103,6044
6108,6044
6103,6051
6106,6059
6111,6051
6102,6031
6110,6065
6112,6057
6110,6059
6108,6042
6108,6050
6114,6050
6107,6051
6107,6064
6111,6063
6110,6047
6115,6050
6112,6061
6103,6049
6105,6049
6114,6050
6108,6034
6107,6058
6103,6061
6106,6054
6102,6051
6106,6054
6111,6059
6106,6045
6111,6060
6112,6038
6109,6053
6108,6048
6100,6062
6102,6046
6102,6053
6099,6036
6097,6046
6102,6052
6108,6037
6107,6053
6099,6049
6106,6040
6110,6051
6101,6053
6098,6049
6105,6050
6101,6053
6103,6042
6099,6049
6098,6048
6100,6060
6103,6050
6106,6037
6105,6058
6104,6057
6103,6051
6107,6055
6103,6042
6106,6035
6104,6062
6111,6044
6095,6047
6105,6053
6106,6057
6105,6053
6101,6046
6098,6052
6108,6046
6101,6046
6106,6046
6109,6033
6106,6040
6104,6046
6106,6046
6110,6051
6096,6049
6108,6048
6107,6051
6096,6054
6095,6039
6102,6059
6113,6058
6109,6050
6110,6056
6095,6053
6106,6058
6099,6058
6110,6060
6108,6048
6118,6056
6104,6043
6115,6057
6103,6029
6111,6054
6109,6055
6106,6048
6104,6052
6112,6045
6109,6057
6113,6051
6114,6045
6109,6062
6119,6058
6122,6046
6111,6053
6118,6043
6119,6052
6124,6051
6112,6058
6109,6061
6108,6049
6108,6058
6116,6047
6116,6047
6116,6040
6119,6055
6114,6057
6120,6049
6104,6061
6110,6058
6112,6054
6106,6056
6104,6058
6102,6054
6110,6063
6107,6056
6106,6046
6108,6056
6106,6038
6110,6040
6107,6044
6116,6036
6111,6056
6104,6062
6105,6055
6113,6052
6099,6049
6111,6045
6113,6069
6107,6046
6122,6041
6110,6049
6102,6056
6119,6052
6097,6059
6111,6052
6117,6052
6115,6049
5948,5977
5807,5612
5945,5877
6064,6022
6136,6047
6120,6039
6122,6063
6108,6047
6109,6053
6113,6056
6103,6044
6119,6055
6107,6052
6116,6061
6111,6050
6113,6046
6130,6052
6105,6046
6112,6053
6118,6061
6108,6058
6110,6061
6109,6060
6113,6052
6114,6055
6104,6060
6106,6049
6110,6055
6110,6059
6110,6050
6105,6047
6104,6056
6114,6060
6107,6051
6109,6051
6113,6046
6109,6053
6109,6052
6099,6052
6117,6054
6111,6052
6108,6049
6114,6052
6106,6047
6114,6065
6115,6044
6113,6060
6117,6050
6104,6036
6117,6034
6118,6054
6102,6067
6106,6069
6107,6046
6113,6038
6114,6057
6109,6047
6125,6061
6116,6061
6116,6055
6110,6050
6111,6049
6118,6048
6122,6059
6137,6051
6105,6048
6120,6060
6115,6070
6112,6062
6118,6060
6112,6051
6113,6044
6120,6049
6117,6048
6114,6058
6112,6056
6109,6062
6116,6051
6121,6044
6119,6057
6118,6042
6114,6057
6111,6058
6123,6058
6115,6057
6115,6057
6117,6062
6113,6050
6114,6052
6111,6062
6117,6055
6108,6065
6120,6062
6118,6054
6110,6042
6114,6053
6111,6073
6120,6050
6115,6032
6115,6061
6105,6065
6111,6050
6109,6057
6118,6061
6111,6051
6117,6055
6108,6061
6108,6061
6117,6051
6115,6047
6113,6050
6115,6045
6124,6053
6120,6056
6110,6047
6112,6060
6114,6060
6121,6053
6121,6047
6118,6057
6119,6056
6120,6061
6114,6056
6111,6062
6116,6061
6116,6056
6114,6061
6115,6050
6112,6065
6117,6055
6117,6055
6116,6063
6118,6054
6115,6055
6127,6050
6122,6048
6111,6062
6113,6062
6118,6041
6111,6049
6115,6062
6115,6065
6113,6052
6115,6059
6114,6039
6115,6041
6107,6065
6115,6056
6111,6048
6113,6052
6118,6052
6115,6058
6115,6058
6109,6058
6111,6057
6111,6047
0,31
0,61680
0,0
6114,6059
5609,5590
5603,5590
5600,5576
5606,5577
5610,5576
5596,5571
5597,5578
5599,5576
5819,5744
6316,6304
6284,6308
6313,6293
6313,6312
6277,6299
6283,6303
6299,6295
6283,6296
6295,6305
6286,6324
6298,6338
6306,6336
6289,6340
6300,6339
6312,6319
6317,6334
6296,6335
6295,6331
6314,6344
6301,6343
6306,6305
6281,6323
6275,6316
6296,6345
6284,6339
6280,6334
6285,6317
6290,6335
6292,6359
6304,6354
6293,6334
6289,6319
6273,6327
6281,6332
6279,6350
6283,6330
6293,6346
6291,6322
6295,6318
6292,6313
6279,6345
6283,6346
6290,6356
6301,6327
6296,6338
6301,6367
6292,6348
6317,6323
6318,6344
6306,6340
6319,6334
6301,6313
6267,6320
6267,6276
6277,6314
6281,6316
6308,6336
6290,6361
6307,6348
6322,6322
6292,6342
6297,6322
6296,6315
6284,6318
6274,6338
6287,6320
6300,6329
6286,6323
6298,6322
6304,6321
6306,6338
6306,6340
6298,6333
6323,6332
6315,6319
6286,6326
6263,6315
6276,6354
6297,6364
6273,6326
6274,6336
6290,6329
6284,6337
6302,6357
6307,6359
6312,6357
6292,6332
6279,6340
6284,6329
6284,6329
6295,6339
6293,6332
6291,6342
6292,6309
6281,6301
6277,6329
6271,6339
6295,6329
6309,6308
6312,6339
6281,6355
6280,6333
6278,6347
6300,6351
6285,6352
6298,6359
6300,6317
6297,6329
6280,6331
6283,6319
6299,6330
6297,6361
6287,6378
6304,6346
6295,6347
6292,6342
6294,6350
6300,6350
6291,6329
6290,6328
6291,6335
6280,6335
6288,6349
6275,6338
6287,6333
6282,6350
6291,6331
6309,6321
6291,6315
6291,6338
6290,6353
6290,6376
6288,6365
6273,6339
6270,6342
6292,6339
6299,6354
6286,6342
6279,6350
6281,6318
6287,6316
6283,6335
6288,6351
6315,6324
6311,6312
6285,6343
6272,6363
6282,6353
6281,6345
6294,6346
6272,6326
6276,6333
6279,6319
6292,6344
6293,6355
6292,6342
6296,6331
6302,6363
6280,6335
6250,6332
6271,6335
6271,6340
6270,6348
6270,6355
6277,6351
6299,6351
6289,6362
6283,6346
6264,6368
6261,6365
6263,6345
6279,6345
6280,6325
6278,6330
6270,6318
6293,6343
6288,6344
6280,6324
6284,6360
6291,6351
6281,6371
6290,6373
6264,6368
6258,6359
6284,6379
6285,6383
6275,6350
6272,6338
6278,6357
6288,6359
6288,6347
6274,6364
6270,6378
6276,6375
6271,6351
6279,6384
6272,6399
6272,6360
6266,6368
6252,6354
6269,6358
6266,6355
6290,6361
6283,6380
6286,6363
6270,6370
6278,6375
6261,6380
6274,6386
6255,6384
6266,6361
6258,6359
6271,6356
6250,6363
6236,6379
6263,6340
6254,6367
6244,6385
6264,6387
6274,6377
6258,6383
6255,6365
6253,6361
6260,6363
6255,6363
6248,6356
