Channel 1,Channel 2
7850,7728
7620,7874
7465,7965
7321,8029
7146,8055
7048,8062
6933,8070
6881,8010
6829,7938
6829,7898
6837,7804
6862,7698
6932,7578
7009,7503
7055,7392
7172,7323
7298,7274
7501,7146
7716,7053
7835,6956
8079,6848
8266,6779
8394,6707
8574,6644
8636,6593
8862,6553
9000,6555
9087,6521
9110,6573
9032,6630
9081,6677
9069,6778
8927,6865
8820,7010
8638,7169
8488,7303
8346,7493
8238,7629
8059,7757
7823,7856
7649,7980
7450,8200
7276,8248
7134,8256
7028,8420
6911,8455
6862,8426
6825,8459
6794,8401
6772,8399
6810,8300
6853,8266
6954,8241
7069,8112
7244,8004
7440,7824
7583,7721
7754,7558
7974,7407
8170,7279
8343,7179
8598,7026
8789,6942
8924,6832
8994,6740
9128,6680
9280,6622
9201,6593
9278,6604
9302,6639
9247,6714
9212,6754
8996,6838
9007,6961
8881,7008
8649,7158
8565,7297
8343,7436
8105,7557
7914,7742
7722,7868
7591,7958
7408,8089
7315,8136
7105,8203
7007,8260
6927,8227
6849,8334
6787,8286
6823,8303
6827,8205
6893,8202
6974,8005
7095,7998
7282,7873
7439,7682
7584,7554
7791,7380
8003,7215
8245,7147
8462,7009
8697,6927
8883,6846
8957,6788
9139,6744
9274,6672
9395,6669
9366,6680
9363,6714
9328,6763
9379,6837
9400,6891
9250,7031
9170,7196
8956,7315
8773,7446
8623,7613
8404,7758
8158,7913
7895,8092
7603,8306
7343,8296
7202,8428
7025,8525
6911,8670
6835,8765
6800,8826
6759,8891
6736,8941
6771,8826
6829,8782
6861,8663
6939,8467
7086,8321
7199,8106
7354,7951
7501,7740
7619,7554
7803,7369
7952,7227
8100,7098
8244,6936
8327,6815
8442,6763
8524,6677
8528,6659
8550,6633
8568,6632
8519,6615
8516,6614
8613,6647
8631,6700
8548,6805
8475,6958
8409,7053
8297,7248
8195,7406
8160,7565
8087,7710
7923,7887
7735,8001
7568,7951
7414,8017
7300,8104
7158,8265
7089,8305
7022,8287
6940,8249
6947,8177
6927,8079
6935,7909
7106,7833
7248,7673
7420,7500
7609,7428
7862,7339
8116,7200
8400,7053
8613,6980
8887,6904
9036,6795
9244,6718
9394,6655
9541,6577
9624,6527
9772,6512
9864,6540
9881,6542
9923,6580
9669,6635
9412,6720
9197,6800
9306,7096
8900,6976
8780,7242
8537,7324
8145,7431
8061,7664
7801,7798
7690,7993
7488,8122
7284,8305
7094,8519
6964,8641
6865,8817
6753,8882
6660,8993
6615,9004
6599,9040
6632,9036
6666,8977
6768,8762
6848,8605
6912,8503
6992,8347
7122,8139
7211,7932
7253,7689
7365,7567
7423,7395
7496,7188
7512,7011
7515,6874
7601,6757
7682,6665
7752,6653
7785,6664
7827,6667
7902,6721
7853,6790
7867,6875
7935,7012
7933,7132
7839,7204
7791,7291
7701,7402
7655,7596
7580,7700
7486,7750
7401,7863
7302,7874
7210,7993
7109,8096
6984,8157
6904,8162
6837,8095
6797,8033
6749,7979
6777,7917
6851,7803
6960,7694
7097,7592
7264,7454
7458,7281
7732,7177
8004,7063
8334,6985
8532,6871
8738,6838
9011,6799
9268,6717
9651,6646
9842,6621
10055,6613
10222,6625
10252,6602
10444,6616
10392,6626
10352,6680
10311,6717
10274,6792
10025,6822
9911,6920
9718,7027
9570,7203
9388,7321
9154,7464
8794,7597
8512,7766
8262,7918
7944,8053
7793,8203
7570,8320
7332,8389
7240,8462
7096,8498
7086,8517
7108,8432
7153,8390
7257,8413
7352,8366
7569,8259
7767,8204
8004,8158
8243,7952
8522,7736
8774,7583
9036,7398
9318,7211
9574,7107
9800,6965
10010,6837
10151,6786
10248,6720
10223,6718
10344,6738
10388,6791
10430,6838
10336,6915
10342,7048
10265,7170
10236,7365
10023,7524
9777,7705
9527,7892
9241,8069
8878,8240
8572,8482
8293,8576
8053,8817
7984,9063
7763,9165
7595,9218
7440,9137
7325,9134
7283,9124
7313,9105
7319,9089
7340,8982
7462,8898
7599,8661
7792,8451
7933,8309
8182,8087
8537,7939
8873,7755
9309,7579
9698,7418
10224,7261
10561,7114
10903,6994
11071,6944
11175,6831
11352,6791
11426,6786
11373,6830
11356,6871
11304,6980
11206,7098
11025,7180
10920,7322
10764,7454
10591,7663
10455,7889
10228,8148
9868,8323
9585,8553
9263,8776
8952,8946
8694,9157
8360,9394
7969,9632
7730,9778
7445,9895
7328,10006
7288,10016
7253,10049
7292,10050
7413,10007
7557,9972
7719,9944
7968,9732
8167,9459
8415,9097
8696,8726
9016,8419
9241,8076
9648,7808
10030,7544
10432,7352
10628,7143
11016,7026
11211,6970
11528,6957
11611,6970
11706,7030
11768,7078
11578,7224
11371,7407
11334,7507
11134,7724
10733,7986
10387,8184
10182,8467
9779,8724
9466,9083
9146,9439
8861,9792
8610,10166
8283,10481
8078,10637
7874,10904
7637,10962
7489,11147
7232,11024
7187,10945
7105,10708
7109,10575
7199,10431
7289,10360
7430,10139
7690,9888
7998,9556
8270,9291
8677,9034
8968,8655
9425,8383
9814,8079
10169,7816
10526,7560
10896,7367
11160,7132
11424,6976
11507,6941
11629,6988
11556,7061
11652,7141
11728,7296
11578,7464
11340,7650
11190,7887
10807,8146
10386,8398
9889,8587
9369,8784
8952,8912
8542,9182
8194,9351
7837,9594
7521,9675
7216,9746
7039,9896
6967,10039
6978,10132
7008,10193
7072,10214
7166,10078
7354,10095
7516,9976
7791,9745
8122,9377
8370,9148
8631,8933
8950,8664
9308,8373
9679,8202
9464,7970
9669,7667
9994,7439
9488,7275
8540,7183
7833,7124
7047,7185
6700,7239
6365,7237
6355,7417
6230,7457
6192,7622
6207,8001
6166,8254
6169,8616
6163,8968
6152,9319
6148,9710
6144,9915
6147,10206
6136,10402
6146,10733
6142,10996
6133,10983
6147,11181
6128,11327
6120,11151
6129,10852
6129,10693
6136,10457
6128,10160
6120,9890
6125,9654
6128,9285
6123,8799
6126,8394
6121,8052
6122,7805
6126,7548
6120,7314
6131,7153
6118,7047
6111,7022
6119,6935
6114,6851
6126,6827
6114,6810
6120,6849
6119,6911
6107,6949
6119,7047
6114,7059
6110,7142
6109,7320
6124,7324
6114,7342
6116,7383
6106,7233
6109,6983
6107,6714
6113,6512
6110,6366
6105,6274
6113,6221
6111,6183
6104,6167
6099,6158
6100,6152
6102,6133
6115,6128
6102,6119
6098,6125
6106,6126
6104,6135
6101,6144
6097,6126
6105,6112
6107,6111
6093,6090
6101,6081
6099,6065
6106,6073
6116,6083
6102,6062
6108,6074
6108,6070
6107,6080
6105,6078
6103,6058
6100,6051
6111,6060
6099,6058
6111,6064
6102,6058
6102,6060
6104,6068
6111,6057
6104,6049
6102,6063
6106,6065
6115,6065
6111,6052
6101,6055
6103,6060
6103,6055
6102,6043
6101,6062
6106,6063
6101,6065
6115,6060
6107,6063
6107,6059
6107,6056
6101,6065
6114,6056
6110,6062
6111,6051
6111,6052
6102,6058
6113,6062
6113,6061
6106,6062
6102,6062
6118,6048
6112,6053
6107,6056
6113,6051
6113,6057
6109,6050
6118,6050
6098,6057
6107,6058
6110,6060
6109,6056
6110,6052
6105,6052
6108,6046
6117,6051
6105,6047
6107,6066
6105,6050
6105,6050
6125,6065
6115,6044
6106,6057
6116,6042
6106,6050
6109,6063
6102,6039
6110,6061
6113,6043
6109,6049
6115,6042
6112,6053
6097,6034
6116,6039
6099,6046
6110,6052
6106,6053
6114,6055
6102,6052
6110,6054
6109,6046
6103,6048
6107,6052
6110,6056
6099,6045
6107,6046
6109,6062
6108,6055
6110,6049
6099,6047
6094,6059
6104,6036
6107,6042
6106,6049
6101,6055
6098,6039
6108,6061
6105,6040
6102,6044
6100,6048
6099,6045
6104,6050
6103,6045
6109,6035
6103,6048
6106,6044
6100,6046
6102,6052
6104,6054
6110,6045
6102,6046
6107,6053
6114,6060
6114,6053
6099,6051
6112,6045
6094,6053
6106,6054
6107,6044
6101,6058
6104,6058
6102,6063
6104,6057
6106,6033
6103,6045
6098,6057
6099,6035
6109,6049
6114,6035
6105,6047
6104,6054
6096,6047
6104,6045
6099,6052
6106,6049
6108,6058
6091,6049
6096,6056
6109,6041
6113,6049
6099,6051
6106,6042
6111,6055
6107,6043
6099,6048
6100,6049
6096,6051
6100,6039
6114,6055
6097,6048
6094,6051
6106,6055
6111,6037
6100,6027
6111,6053
6113,6062
6100,6052
6094,6057
6106,6051
6100,6034
6098,6057
6113,6049
6099,6044
6098,6052
6105,6051
6091,6045
6110,6062
6097,6051
6097,6051
6104,6042
6096,6040
6098,6052
6096,6048
6106,6059
6113,6048
6102,6051
6098,6049
6101,6050
6099,6045
6102,6045
6114,6039
6102,6040
6097,6038
6098,6050
6102,6040
6098,6043
6104,6048
6101,6044
6095,6045
6124,6059
6108,6058
6128,6020
6132,6047
6120,6071
6103,6040
6147,6086
6092,6043
6101,6051
6093,6038
6096,6036
6106,6054
6094,6033
6099,6054
6095,6059
6105,6036
6100,6060
6095,6049
6102,6048
6091,6053
6094,6045
6105,6050
6097,6066
6096,6050
6103,6039
6092,6053
6106,6030
6103,6057
6103,6038
6094,6039
6102,6041
6111,6049
6093,6052
6097,6048
6103,6055
6099,6051
6097,6049
6103,6050
6102,6037
6101,6042
6097,6046
6099,6060
6100,6046
6107,6053
6103,6049
6101,6019
6097,6037
6110,6047
6108,6046
6102,6056
6107,6060
6101,6056
6106,6055
6106,6058
6099,6042
6105,6058
6099,6061
6097,6049
6102,6049
6101,6047
6104,6059
6094,6048
6098,6044
6101,6064
6096,6028
6100,6048
6107,6047
6096,6056
6106,6062
6105,6051
6105,6058
6104,6056
6110,6053
6112,6044
6100,6059
6108,6057
6124,6032
6102,6039
6110,6059
6114,6051
6105,6048
6102,6044
6111,6046
6119,6047
6106,6054
6110,6051
6110,6050
6094,6049
6102,6046
6108,6052
6103,6055
6106,6050
6104,6062
6103,6047
6108,6031
6099,6055
6104,6055
6101,6046
6102,6043
6096,6053
6109,6049
6101,6046
6103,6056
6096,6054
6103,6038
6115,6054
6105,6056
6099,6053
6105,6042
6103,6038
6105,6041
6104,6050
6101,6056
6106,6051
6105,6039
6096,6057
6104,6048
6100,6064
6102,6053
6109,6051
6095,6039
6097,6051
6101,6045
6102,6051
6097,6048
6100,6057
6103,6059
6094,6044
6098,6047
6102,6047
6102,6053
6097,6048
6100,6050
6109,6042
6097,6053
6097,6040
6102,6047
6099,6049
6097,6051
6099,6045
6096,6063
6099,6062
6095,6053
6103,6055
6113,6055
6111,6036
6111,6055
6093,6056
6101,6048
6102,6047
6110,6049
6107,6057
6113,6057
6097,6047
6111,6041
6099,6049
6109,6056
6109,6054
6111,6056
6101,6063
6111,6054
6112,6054
6110,6052
6111,6050
6119,6055
6116,6051
6118,6054
6111,6040
6104,6056
6119,6043
6124,6053
6112,6054
6107,6060
6107,6054
6111,6046
6109,6055
6116,6049
6113,6036
6112,6058
6106,6065
6119,6045
6107,6049
6118,6058
6109,6050
6101,6056
6111,6056
6104,6046
6106,6040
6109,6056
6105,6046
6102,6053
6107,6031
6107,6057
6107,6036
6112,6041
6111,6051
6107,6061
6114,6053
6116,6049
6105,6047
6107,6043
6121,6065
6112,6041
6110,6054
6106,6055
6100,6053
6111,6050
6103,6044
6123,6048
6116,6040
6117,6055
6126,6053
6109,6055
6110,6039
6100,6057
6109,6042
6116,6046
6112,6041
6110,6054
6110,6049
6109,6045
6119,6042
6114,6047
6098,6039
6095,6048
6110,6048
6106,6038
6103,6040
6104,6037
6112,6047
6111,6047
6104,6028
6114,6056
6104,6052
6100,6057
6107,6064
6108,6036
6097,6054
6114,6041
6105,6047
6112,6059
6101,6028
6099,6040
6108,6050
6107,6061
6109,6040
6106,6052
6117,6049
6113,6048
6103,6052
6112,6055
6110,6048
6109,6047
6109,6039
6107,6051
6114,6047
6119,6055
6114,6060
6114,6052
6099,6052
6116,6051
6115,6058
6104,6050
6106,6060
6110,6051
6118,6059
6112,6049
6107,6061
6114,6059
6119,6063
6173,6107
5974,5964
6087,6030
6022,6274
6135,6150
6114,6062
6040,5986
6124,6047
6115,6049
6118,6049
6118,6058
6114,6070
6127,6066
6120,6055
6129,6061
6121,6057
6116,6056
6112,6055
6122,6068
6102,6050
6102,6050
6112,6059
6111,6062
6117,6071
6114,6053
6112,6051
6117,6057
6107,6058
6121,6064
6117,6055
6110,6060
6114,6056
6117,6057
6114,6051
6114,6063
6109,6049
6118,6061
6114,6058
6111,6053
6106,6059
6115,6063
6113,6050
6113,6050
6112,6046
6113,6046
6115,6053
6111,6063
6119,6054
6107,6047
6114,6050
6113,6060
6111,6056
6111,6058
6113,6049
6115,6048
6119,6058
6110,6060
6118,6059
6107,6056
6114,6056
6110,6057
6118,6063
6122,6051
6112,6062
6112,6062
6113,6053
6111,6064
6111,6055
6121,6059
6117,6047
6113,6058
6117,6053
6115,6055
6112,6058
6108,6063
6108,6066
6110,6058
6114,6049
6107,6066
6111,6053
6116,6054
6113,6054
6113,6058
6120,6084
6113,6040
6116,6058
6116,6058
6113,6057
6114,6039
6111,6057
6119,6060
6109,6061
6116,6057
6110,6056
6110,6054
6111,6051
6115,6057
0,36
0,61680
0,0
6118,6056
5592,5573
5596,5567
5602,5574
5597,5577
5600,5578
5595,5567
5601,5565
5596,5574
5821,5763
6318,6307
6268,6311
6293,6282
6313,6312
6275,6320
6292,6298
6297,6288
6278,6293
6292,6316
6295,6324
6290,6320
6298,6306
6297,6327
6285,6337
6308,6323
6310,6318
6308,6329
6301,6333
6304,6339
6310,6332
6301,6319
6289,6323
6277,6330
6284,6331
6278,6329
6276,6332
6289,6309
6288,6330
6308,6358
6300,6373
6302,6346
6283,6329
6280,6336
6283,6327
6292,6364
6275,6345
6304,6339
6301,6352
6295,6327
6281,6342
6422,6436
6419,6842
6067,6233
6275,6328
6218,6240
6402,6424
6281,6336
6329,6331
6345,6346
6307,6374
6311,6324
6319,6340
6293,6330
6281,6291
6282,6313
6294,6326
6300,6308
6307,6361
6310,6344
6314,6341
6283,6354
6288,6338
6295,6316
6286,6329
6286,6322
6290,6309
6293,6380
6292,6311
6310,6318
6314,6318
6315,6321
6284,6335
6286,6346
6305,6331
6301,6325
6291,6327
6276,6312
6276,6356
6281,6358
6284,6304
6278,6321
6294,6301
6287,6333
6299,6342
6304,6347
6317,6355
6286,6341
6267,6346
6290,6335
6283,6346
6292,6323
6282,6300
6283,6317
6285,6321
6276,6308
6271,6321
6251,6333
6281,6331
6313,6314
6291,6349
6292,6313
6269,6305
6272,6344
6296,6331
6292,6331
6272,6357
6287,6319
6306,6319
6297,6330
6286,6318
6299,6323
6292,6358
6288,6366
6291,6322
6291,6343
6283,6361
6265,6354
6295,6347
6289,6305
6282,6338
6296,6331
6284,6348
6294,6357
6267,6367
6289,6348
6294,6352
6298,6334
6305,6300
6289,6321
6297,6335
6296,6358
6289,6342
6290,6350
6284,6337
6283,6338
6291,6336
6289,6338
6301,6342
6276,6350
6274,6342
6269,6334
6294,6346
6275,6327
6298,6326
6320,6325
6289,6336
6287,6367
6288,6350
6289,6340
6288,6327
6290,6328
6271,6334
6260,6341
6291,6350
6287,6358
6282,6350
6306,6340
6296,6353
6271,6340
6257,6355
6282,6332
6275,6345
6271,6362
6272,6354
6287,6346
6296,6330
6276,6369
6289,6351
6275,6339
6263,6363
6255,6358
6274,6349
6281,6330
6278,6314
6279,6329
6303,6350
6290,6326
6273,6308
6280,6345
6267,6360
6279,6379
6279,6355
6271,6370
6261,6356
6286,6348
6289,6377
6266,6359
6276,6345
6269,6360
6289,6361
6272,6350
6282,6388
6275,6378
6272,6379
6270,6336
6273,6366
6264,6358
6274,6366
6279,6374
6257,6347
6265,6362
6264,6349
6291,6368
6281,6390
6276,6367
6278,6365
6284,6361
6249,6389
6255,6412
6256,6384
6256,6353
6278,6372
6266,6356
6253,6371
6246,6351
6258,6372
6261,6361
6267,6370
6268,6375
6271,6386
6267,6394
6267,6368
6268,6363
6260,6368
6257,6364
6247,6363
6241,6380
6252,6378
6259,6350
6242,6364
6263,6411
6256,6402
6262,6392
6252,6387
6254,6405
6259,6414
6234,6393
6241,6410
6260,6386
6269,6400
6257,6385
6256,6374
6244,6384
6266,6383
6253,6366
6264,6382
6251,6425
6285,6439
6268,6392
6260,6391
6240,6388
6251,6387
6242,6388
6259,6388
6262,6345
6240,6351
6227,6340
6257,6358
6246,6367
6249,6376
6243,6376
6257,6379
6222,6385
6231,6392
6223,6396
6249,6389
6245,6390
6254,6395
6254,6387
6242,6412
6253,6390
6238,6402
6244,6410
6243,6391
6236,6392
6242,6369
6246,6405
6251,6382
6248,6383
6240,6392
6230,6375
6239,6383
6261,6375
6250,6368
6248,6361
6237,6371
6226,6417
6232,6405
6242,6393
6222,6375
6226,6372
6236,6387
6258,6370
6243,6377
6235,6370
6235,6390
6239,6395
6237,6362
6230,6359
6236,6358
6245,6361
6231,6350
6233,6336
6244,6348
6240,6367
6240,6375
6248,6429
6242,6418
6234,6405
6233,6423
6167,6353
6222,6393
6193,6354
6257,6427
6223,6391
6229,6378
6240,6394
6223,6389
6251,6400
6230,6412
6237,6400
6242,6406
6225,6404
6237,6404
6235,6391
6231,6373
6237,6422
6244,6384
6242,6385
6232,6394
6230,6357
6244,6385
6239,6393
6220,6421
6216,6408
6225,6383
6228,6423
6240,6371
6238,6340
6219,6339
6230,6359
6225,6366
6227,6350
6236,6350
6240,6386
6241,6374
6244,6363
6224,6403
6235,6382
6241,6414
6234,6409
6241,6413
6221,6383
6227,6395
6224,6374
6227,6396
6215,6413
6225,6404
6227,6406
6234,6423
6228,6399
6232,6392
6234,6413
6228,6402
6218,6414
6219,6393
6221,6402
6217,6424
6219,6398
6225,6443
6230,6427
6215,6415
6221,6435
6223,6400
6226,6426
6220,6449
6213,6431
6238,6411
6207,6425
6229,6416
6224,6386
6215,6391
6219,6387
6219,6437
6220,6420
6212,6403
6234,6385
6222,6412
6219,6380
6212,6384
6214,6376
6224,6415
6216,6402
6221,6401
6237,6406
6226,6402
6229,6433
6229,6374
6215,6409
6212,6422
6223,6429
6218,6428
6208,6393
6226,6417
6226,6446
6223,6408
6217,6384
6215,6367
6221,6369
6231,6350
6231,6375
6223,6344
6220,6363
6230,6348
6234,6332
6222,6383
6231,6387
6222,6387
6223,6396
6221,6377
6224,6397
6214,6409
6220,6409
6228,6421
6226,6407
6206,6434
6228,6447
6225,6440
6212,6436
6226,6432
6215,6390
6219,6434
6228,6433
6214,6413
6220,6419
6233,6407
6205,6397
6216,6404
6204,6403
6221,6387
6218,6404
6232,6395
6224,6413
6210,6403
6213,6416
6212,6415
6223,6412
6212,6399
6220,6394
6228,6413
6221,6395
6227,6380
6205,6399
6222,6405
6213,6401
6230,6391
6216,6389
6220,6390
6214,6383
6222,6373
6229,6353
6232,6368
6225,6360
6239,6375
6228,6391
6214,6381
6219,6411
6218,6419
6221,6408
6225,6406
6212,6379
6218,6389
6219,6373
6218,6377
6211,6359
6209,6399
6211,6379
6220,6369
6219,6361
6239,6362
6229,6345
6234,6359
6230,6373
6226,6380
6225,6391
6215,6377
6216,6404
6222,6394
6230,6389
6228,6372
6221,6377
6221,6367
6230,6388
6224,6360
6217,6376
6215,6377
6228,6395
6222,6401
6220,6400
6219,6388
6230,6383
6218,6369
6216,6386
6225,6407
6228,6363
6238,6394
6225,6394
6228,6377
6235,6374
6220,6351
6221,6375
6220,6342
6237,6361
6229,6355
6235,6344
6235,6392
6218,6402
6224,6394
6218,6382
6230,6389
6225,6383
6224,6363
6224,6341
6230,6373
6226,6361
6224,6363
6217,6313
6223,6348
6225,6371
6213,6372
6225,6356
6244,6352
6230,6357
6235,6352
6225,6354
6227,6339
6230,6353
6228,6348
6215,6353
6226,6332
6230,6350
6223,6361
6227,6372
6217,6348
6237,6347
6245,6352
6230,6367
6228,6377
6216,6354
6227,6366
6231,6356
6240,6347
6239,6354
6225,6350
6236,6347
6228,6358
6239,6373
6215,6369
6228,6353
6228,6366
6233,6354
6231,6359
6224,6351
6222,6323
6228,6329
6232,6326
6219,6335
6227,6335
6226,6318
6229,6344
6233,6337
6234,6338
6242,6325
6245,6331
6238,6336
6221,6351
6211,6326
6211,6323
6008,6190
6200,6214
6046,6158
6329,6384
6253,6387
6240,6325
6218,6328
6232,6382
6271,6335
6236,6346
6220,6335
6242,6347
6229,6336
6238,6321
6223,6319
6221,6344
6225,6313
6212,6319
6241,6344
6231,6324
6232,6348
6232,6338
6230,6334
6234,6346
6220,6349
6237,6354
6241,6345
6228,6357
6239,6372
6232,6354
6228,6339
6221,6334
6231,6347
6251,6365
6242,6372
6246,6355
6244,6356
6260,6354
6255,6342
6249,6335
6246,6337
6254,6328
6278,6325
6274,6353
6260,6369
6291,6335
6303,6331
6299,6333
6333,6362
6361,6352
6386,6343
6426,6344
6467,6370
6513,6361
6572,6354
6608,6353
6660,6308
6691,6339
6702,6351
6704,6352
6695,6328
6660,6331
6671,6315
6627,6342
6643,6347
6674,6347
6703,6350
6767,6362
6923,6382
7064,6367
7249,6348
7405,6346
7606,6337
7802,6335
8007,6341
8092,6330
8299,6331
8438,6350
8539,6359
8674,6342
8795,6368
8880,6394
8861,6392
8843,6408
8873,6435
8795,6443
8684,6438
8495,6485
8389,6549
8347,6564
8210,6589
8111,6650
7977,6711
7723,6757
7469,6805
7308,6882
7173,6942
7002,6983
6879,7064
6834,7145
6830,7237
6854,7332
6959,7345
7112,7366
7265,7407
7416,7467
7565,7476
7714,7492
7756,7469
7909,7450
8082,7335
8313,7257
8443,7157
8649,7021
8828,6877
8972,6815
8932,6743
9006,6729
9166,6733
9292,6718
9232,6746
9210,6775
9123,6826
9075,6847
9011,6924
8837,7022
8647,7117
8521,7192
8300,7296
8134,7412
8012,7576
7763,7764
7660,7877
7481,8006
7366,8125
7251,8227
7165,8283
7061,8382
6995,8478
6996,8385
7010,8323
7095,8226
7216,8089
7304,8008
7438,7874
7606,7764
7786,7586
7966,7497
8156,7395
8307,7279
8457,7160
8617,7113
8765,7023
8899,6954
9030,6897
9039,6913
9054,6913
9094,6897
9042,6930
9106,6985
9011,7061
8963,7111
8982,7246
8882,7415
8687,7595
8519,7766
8339,7911
8203,8143
7978,8317
7750,8563
7546,8712
7378,8824
7226,8932
7074,8974
6983,8994
6902,9007
6881,9029
6952,9035
7040,8927
7140,8874
7299,8791
7496,8682
7701,8453
7971,8348
8303,8199
8613,8081
8850,7831
9085,7621
9380,7476
9675,7311
9834,7214
9986,7114
10179,7004
10320,6876
10388,6793
10432,6775
10505,6801
10275,6839
10098,6882
9937,7016
9754,7094
9593,7210
9442,7353
9263,7536
9025,7676
8713,7815
8524,8022
8281,8254
7998,8455
7743,8601
7601,8799
7426,9024
7355,9108
7244,9076
7182,9187
7072,9194
7040,9077
7031,8969
7050,8902
7095,8733
7130,8536
7231,8347
7356,8134
7513,7991
7631,7855
7901,7642
8128,7458
8363,7299
8630,7175
8870,7031
9104,6964
9267,6898
9526,6844
9821,6808
9894,6802
9996,6826
10039,6900
10055,6974
10182,7123
10067,7312
9967,7513
9896,7622
9706,7808
9450,8002
9182,8195
8922,8396
8687,8574
8450,8616
8130,8757
7941,8877
7677,9011
7411,9038
7257,8961
7075,8864
6921,8931
6857,8971
6827,8913
6843,8886
6906,8879
7047,8734
7159,8662
7296,8628
7462,8488
7615,8262
7774,8107
7889,7912
8015,7771
8183,7584
8220,7380
8532,7346
8508,7096
8522,6866
8599,6799
8735,6816
8779,6793
8830,6758
8842,6782
8923,6814
8857,6912
8782,7022
8653,7168
8547,7309
8422,7477
8273,7703
8134,7911
7997,8075
7803,8292
7618,8465
7390,8599
7210,8679
7028,8789
6924,8873
6835,8873
6792,8844
6757,8809
6749,8759
6768,8631
6804,8447
6826,8270
6888,8147
6954,7940
7006,7831
7074,7660
7125,7563
7234,7392
7352,7316
7522,7161
7694,7040
7890,6959
8157,6847
8331,6760
8466,6718
8634,6642
8743,6625
8933,6611
9024,6637
9086,6670
9072,6711
8998,6772
8923,6852
8824,6915
8710,7044
8569,7176
8435,7257
8246,7426
8005,7532
7802,7690
7640,7742
7390,7870
7225,7953
7079,8020
6927,8008
6816,8076
6751,7987
6749,7973
6749,7935
6736,7864
6789,7875
6879,7831
6961,7740
7072,7658
7195,7585
7288,7454
7408,7404
7545,7305
7754,7236
7885,7067
7974,6949
8140,6849
8215,6762
8365,6664
8422,6617
8633,6539
8801,6487
8882,6523
8933,6565
9022,6567
9006,6668
8911,6738
8886,6881
8812,6948
8716,7086
8605,7227
8416,7331
8271,7489
8022,7577
7792,7718
7625,7892
7490,7970
7288,8074
7159,8045
7058,8060
6928,8033
6875,8008
6810,7959
6814,7893
6838,7828
6863,7704
6931,7586
6962,7497
7074,7414
7205,7330
7264,7234
7499,7152
7719,7068
7862,6948
8064,6867
8276,6775
8438,6701
8545,6641
8675,6580
8846,6559
8971,6548
9060,6533
9129,6561
9060,6614
9076,6669
9034,6767
8926,6866
8855,7007
8686,7158
8486,7298
8342,7440
8274,7616
8043,7717
7815,7856
7647,8008
7432,8187
7287,8236
7120,8297
7006,8395
6905,8410
6857,8484
6815,8417
6801,8397
6783,8421
6804,8320
6871,8225
6955,8224
7096,8114
7239,7964
7428,7838
7564,7691
7757,7525
7993,7373
8178,7263
8338,7156
8628,7058
8791,6951
8903,6794
9040,6736
9177,6648
9227,6606
9182,6585
9271,6598
9269,6656
9251,6700
9201,6770
9035,6842
9023,6944
8893,7016
8653,7139
8545,7275
8358,7441
8123,7592
7922,7725
7735,7866
7599,7966
7426,8115
7279,8180
7126,8197
6993,8242
6928,8266
6841,8275
6829,8334
6817,8296
6814,8191
6854,8190
6957,8066
7098,8006
7273,7874
7446,7662
7568,7554
7789,7339
7961,7240
8225,7121
8448,6995
8693,6902
8889,6839
8970,6780
9164,6713
9297,6712
9315,6692
9345,6678
9395,6701
9330,6766
9317,6835
9336,6886
9208,7052
9148,7168
9050,7291
8754,7474
8657,7623
8449,7765
8175,7907
7854,8090
7620,8271
7401,8327
7195,8429
7024,8512
6939,8646
6861,8750
6786,8812
6780,8911
6755,8936
6761,8796
6792,8801
6857,8657
6944,8513
7052,8312
7196,8122
7384,7924
7523,7751
7653,7533
7802,7368
7957,7209
8080,7090
8235,6966
8343,6829
8435,6744
8492,6673
8531,6657
8525,6625
8550,6629
8513,6604
8543,6624
8595,6648
8648,6713
8548,6841
8501,6985
8437,7125
8320,7257
8226,7458
8162,7588
8119,7709
7911,7882
7721,7980
7574,7947
7462,8018
7299,8123
7158,8267
7066,8300
7043,8275
6912,8230
6935,8148
6939,8106
6958,7954
7008,7780
7167,7594
7289,7532
7414,7368
7760,7293
8073,7158
8382,7126
8670,6997
8883,6927
9023,6792
9239,6720
9409,6651
9550,6595
9639,6535
9786,6520
9921,6546
9912,6545
9819,6567
9696,6609
9409,6685
9152,6793
9094,6915
8910,7017
8731,7152
8532,7298
8231,7441
8011,7598
7828,7824
7660,7946
7471,8117
7272,8305
7085,8543
6952,8696
6861,8824
6751,8886
6671,9013
6603,9000
6595,9020
6621,9064
6655,8979
6731,8783
6815,8635
6908,8467
6992,8337
7089,8128
7195,7942
7268,7744
7337,7562
7436,7357
7462,7191
7491,7007
7507,6866
7623,6735
7717,6694
7772,6678
7803,6680
7836,6666
7837,6711
7842,6793
7894,6851
7940,7016
7885,7084
7836,7234
7801,7293
7740,7443
7656,7607
7587,7687
7457,7793
7423,7863
7303,7929
7214,8000
7084,8128
7000,8180
6921,8172
6870,8124
6790,8034
6772,8010
6770,7913
6852,7823
6943,7712
7071,7606
7263,7417
7470,7279
7728,7168
7997,7072
8301,6964
8526,6883
8770,6859
9015,6795
9346,6719
9641,6649
9839,6649
10110,6617
10188,6627
10246,6617
10437,6637
10367,6627
10358,6675
10353,6722
10232,6784
9945,6839
9883,6931
9738,7055
9569,7208
9360,7392
9151,7492
8793,7595
8515,7728
8263,7890
7977,8025
7772,8222
7571,8317
7331,8371
7205,8484
7128,8529
7077,8496
7115,8453
7155,8434
7244,8388
7395,8357
7565,8294
7745,8202
7993,8134
8232,7964
8512,7722
8815,7612
9039,7415
9304,7198
9517,7093
9828,6954
9970,6858
10153,6774
10200,6726
10233,6687
10353,6745
10377,6798
10422,6871
10275,6914
10394,7039
10304,7177
10282,7365
9968,7550
9773,7704
9531,7910
9280,8073
8903,8230
8536,8473
8320,8594
8080,8818
7926,9076
7753,9135
7605,9202
7422,9156
7303,9190
7319,9125
7272,9131
7290,9144
7356,9028
7451,8844
7585,8664
7773,8437
7957,8311
8185,8123
8499,7895
8925,7789
9307,7583
9805,7439
10195,7265
10552,7153
10872,6988
11039,6950
11203,6860
11366,6807
11404,6809
11421,6825
11348,6875
11328,6962
11227,7108
11004,7209
10967,7315
10705,7445
10568,7690
10502,7895
10224,8175
9848,8341
9621,8556
9291,8704
8980,8916
8683,9093
8337,9394
7979,9607
7721,9805
7448,9887
7295,9982
7275,10026
7243,10022
7297,9969
7380,10032
7547,9994
7740,9879
7947,9752
8228,9444
8432,9058
8691,8758
8948,8383
9277,8077
9661,7802
10063,7572
10421,7336
10606,7171
11025,7051
11297,6970
11515,7007
11651,6972
11700,7031
11722,7089
11598,7216
11422,7376
11298,7515
11091,7700
10782,7948
10385,8200
10163,8452
9802,8768
9420,9068
9136,9414
8899,9862
8584,10206
8301,10487
8050,10675
7874,10897
7641,11030
7483,11115
7251,11047
7195,10889
7103,10765
7110,10576
7181,10396
7254,10323
7420,10146
7668,9889
7948,9576
8291,9284
8648,8970
9010,8679
9415,8410
9757,8109
10125,7824
10482,7588
10919,7292
11154,7120
11426,7000
11572,6963
11632,6978
11605,7044
11597,7131
11640,7277
11526,7427
11413,7655
11189,7885
10785,8175
10351,8357
9843,8551
9337,8779
8939,8969
8561,9186
8165,9385
7808,9594
7409,9705
7078,9755
7030,9822
7004,10033
6974,10121
6971,10196
7023,10202
7184,10084
7316,10149
7489,9937
7774,9713
8068,9380
8391,9176
8607,8849
8874,8653
9343,8442
9677,8211
9462,7913
9682,7630
9977,7433
9513,7295
8572,7157
7613,7124
6989,7105
6605,7162
6393,7213
6295,7325
6219,7416
6200,7620
6178,7957
6174,8266
6158,8584
6164,9024
6152,9336
6147,9697
6135,9939
6135,10294
6150,10486
6139,10803
6148,10935
6137,10953
6135,11206
6135,11301
6125,11152
6130,10850
6130,10680
6127,10424
6122,10192
6118,9896
6118,9631
6127,9281
6120,8806
6120,8382
6115,8060
6119,7799
6127,7519
6115,7310
6118,7165
6109,7062
6117,7011
6119,6953
6115,6842
6119,6823
6109,6806
6119,6840
6114,6904
6104,6951
6119,7031
6122,7061
6118,7174
6112,7334
6120,7297
6111,7339
6111,7347
6111,7261
6107,6998
6115,6696
6110,6477
6110,6360
6105,6264
6111,6215
6115,6191
6099,6151
6112,6135
6103,6152
6099,6139
6113,6142
6100,6125
6101,6121
6117,6116
6108,6133
6104,6137
6103,6134
6102,6128
6105,6123
6101,6083
6100,6080
6104,6068
6109,6086
6108,6078
6098,6047
6114,6069
6104,6083
6099,6049
6096,6076
6105,6070
6102,6052
6098,6065
6103,6077
6109,6069
6102,6067
6102,6055
6106,6064
6103,6061
6111,6058
6103,6062
6106,6070
6111,6067
6103,6070
6102,6058
6102,6058
6106,6062
6104,6061
6104,6052
6105,6066
6099,6063
6113,6055
6111,6058
6110,6065
6114,6057
6103,6061
6111,6049
6112,6058
6104,6042
6103,6051
6110,6028
6115,6056
6109,6054
6111,6059
6097,6051
6110,6041
6102,6046
6110,6049
6111,6045
6113,6056
6111,6052
6109,6056
6103,6043
6110,6055
6101,6057
6100,6047
6102,6055
6103,6049
6108,6053
6115,6046
6107,6045
6109,6050
6101,6041
6109,6049
6109,6056
6108,6048
6110,6045
6110,6047
6106,6054
6105,6055
6107,6046
6113,6054
6108,6042
6106,6045
6112,6051
6110,6054
6111,6044
6114,6052
6099,6054
6106,6045
6109,6048
6114,6052
6105,6045
6112,6061
6114,6051
6107,6051
6108,6048
6108,6039
6105,6050
6111,6057
6113,6055
6102,6038
6109,6046
6112,6043
6097,6041
6106,6049
6102,6047
6109,6025
6110,6032
6096,6049
6106,6052
6111,6058
6099,6064
6107,6052
6101,6046
6096,6060
6110,6057
6113,6040
6102,6057
6105,6040
6102,6044
6105,6058
6102,6051
6102,6057
6096,6047
6105,6044
6107,6057
6110,6062
6100,6043
6109,6047
6096,6053
6108,6046
6103,6051
6097,6044
6102,6063
6103,6050
6103,6054
6108,6046
6106,6050
6099,6058
6106,6040
6117,6044
6115,6062
6107,6055
6105,6058
6102,6043
6099,6057
6092,6053
6106,6041
6109,6049
6096,6044
6095,6051
6104,6042
6102,6061
6105,6051
6101,6026
6107,6052
6101,6057
6096,6051
6095,6050
6095,6052
6098,6050
6103,6055
6106,6049
6087,6046
6108,6048
6102,6040
6105,6054
6118,6048
6118,6053
6104,6047
6101,6047
6097,6048
6107,6043
6100,6040
6101,6052
6095,6044
6098,6050
6103,6049
6099,6048
6112,6058
6099,6057
6098,6053
5840,5766
6363,6290
6013,5870
6311,6221
6022,5997
6242,6182
6126,6066
6091,6051
6120,6063
6106,6047
6093,6038
6115,6039
6097,6043
6095,6039
6091,6057
6096,6025
6094,6056
6103,6037
6096,6049
6095,6042
6088,6050
6099,6055
6097,6047
6094,6048
6099,6053
6098,6051
6091,6053
6088,6031
6102,6051
6100,6050
6094,6028
6108,6042
6096,6052
6090,6042
6093,6044
6108,6035
6096,6047
6101,6047
6104,6047
6079,6029
6098,6047
6109,6040
6094,6062
6090,6050
6094,6034
6093,6048
6101,6042
6091,6049
6081,6036
6085,6049
6100,6029
6108,6047
6099,6049
6090,6059
6103,6048
6101,6043
6101,6054
6104,6054
6103,6042
6103,6040
6101,6047
6100,6055
6099,6048
6097,6043
6107,6045
6091,6056
6094,6051
6107,6063
6096,6052
6102,6053
6103,6045
6104,6046
6104,6043
6103,6055
6098,6048
6100,6063
6105,6057
6088,6035
6101,6053
6104,6039
6102,6047
6101,6060
6107,6046
6102,6045
6096,6047
6102,6054
6112,6058
6096,6053
6107,6045
6102,6061
6104,6056
6109,6052
6111,6051
6110,6041
6104,6049
6103,6060
6119,6055
6099,6047
6111,6047
6109,6065
6101,6054
6098,6058
6113,6055
6103,6055
6101,6057
6103,6043
6108,6039
6092,6051
6104,6045
6106,6054
6102,6056
6104,6036
6100,6055
6106,6056
6108,6057
6101,6062
6102,6048
6103,6045
6101,6028
6091,6032
6097,6057
6106,6052
6102,6041
6087,6043
6103,6045
6112,6052
6105,6055
6100,6045
6101,6046
6100,6051
6109,6048
6096,6038
6101,6044
6107,6050
6099,6047
6102,6051
6103,6043
6102,6049
6097,6043
6099,6053
6098,6047
6095,6053
6106,6045
6103,6049
6098,6051
6103,6048
6102,6056
6110,6010
6097,6046
6102,6053
6107,6042
6095,6042
6099,6054
6103,6042
6095,6058
6102,6046
6100,6042
6103,6058
6099,6044
6105,6048
6103,6049
6105,6053
6103,6042
6103,6057
6111,6048
6108,6042
6109,6061
6099,6040
6100,6046
6098,6052
6105,6031
6108,6051
6113,6057
6101,6051
6110,6048
6101,6052
6111,6030
6106,6049
6094,6061
6104,6057
6113,6041
6115,6052
6108,6042
6110,6027
6114,6054
6109,6056
6119,6044
6111,6045
6111,6038
6116,6042
6118,6049
6118,6044
6115,6049
6110,6048
6112,6045
6120,6041
6116,6044
6109,6050
6112,6058
6106,6057
6115,6045
6106,6044
6110,6055
6110,6037
6112,6043
6112,6055
6102,6048
6103,6052
6106,6051
6111,6040
6105,6047
6102,6044
6111,6051
6107,6037
6111,6052
6117,6041
6109,6051
6098,6075
6113,6045
6096,6039
6109,6052
6114,6043
6108,6050
6104,6054
6111,6055
6103,6055
6106,6045
6099,6054
6112,6040
6109,6055
6108,6058
6110,6058
6103,6051
6102,6040
6110,6050
6093,6053
6107,6048
6108,6039
6121,6055
6118,6058
6099,6027
6111,6048
6114,6049
6112,6057
6110,6050
6109,6040
6106,6053
6115,6046
6104,6043
6111,6049
6113,6048
6102,6044
6113,6049
6107,6044
6107,6048
6110,6050
6108,6058
6103,6041
6114,6036
6110,6041
6106,6061
6103,6046
6104,6032
6110,6052
6113,6060
6106,6055
6104,6050
5949,5866
6111,6053
6054,6001
6113,6048
6086,6027
6117,6059
6101,6041
6109,6041
6114,6054
6116,6063
6116,6067
6114,6058
6105,6053
6114,6061
6119,6044
6107,6046
6108,6050
6115,6042
6115,6061
6114,6049
6110,6047
6122,6049
6114,6047
6120,6056
6111,6059
6114,6041
6109,6040
6119,6057
6117,6054
6105,6065
6122,6057
6122,6048
6112,6054
6115,6049
6112,6049
6111,6052
6115,6060
6114,6055
6114,6055
6114,6061
6112,6040
6113,6061
6111,6047
6118,6048
6116,6047
6114,6060
6106,6054
6121,6055
6110,6049
6113,6034
6112,6051
6102,6055
6114,6063
6117,6062
6116,6057
6114,6045
6116,6045
6117,6047
6112,6060
6113,6056
6113,6056
6109,6047
6122,6043
6109,6055
6112,6051
6112,6048
6112,6039
6114,6051
6122,6056
6111,6060
6113,6060
6113,6054
6111,6050
6114,6052
6122,6061
6122,6053
6115,6054
6115,6045
6115,6045
6114,6048
6117,6037
6121,6050
6121,6050
6114,6063
6123,6053
6118,6045
6109,6053
6110,6052
6109,6044
6116,6052
6108,6045
6120,6089
6111,6053
6114,6045
6119,6057
6114,6045
6110,6062
6118,6056
6107,6053
6118,6061
6116,6049
6112,6044
6110,6052
6119,6055
6119,6055
6119,6061
6118,6055
6114,6052
6115,6053
6119,6060
6116,6062
6117,6034
6113,6045
6111,6057
6115,6057
6118,6055
6117,6052
6123,6045
6112,6041
6115,6059
0,28
0,61680
0,0
6112,6049
5600,5582
5593,5576
5603,5587
5603,5582
5597,5572
5594,5574
5605,5573
5591,5579
5821,5754
6329,6310
6271,6305
6313,6291
6306,6314
6272,6315
6286,6289
6288,6300
6288,6294
6303,6301
6296,6314
6291,6329
6295,6317
6304,6332
6295,6337
6316,6331
6310,6318
6300,6322
6276,6349
6306,6322
6303,6323
6228,6243
6144,6205
6232,6277
6270,6327
6282,6308
6280,6332
6279,6306
6274,6319
6317,6366
6313,6369
6297,6337
6280,6341
6268,6321
6291,6334
6289,6341
6292,6343
6296,6337
6292,6340
6292,6321
6263,6328
6287,6343
6282,6334
6281,6366
6306,6324
6276,6330
6292,6362
6301,6340
6313,6321
6320,6335
6301,6343
6306,6321
6307,6324
6274,6299
6272,6325
6276,6322
6297,6328
6313,6353
6305,6356
6296,6324
6319,6340
6292,6342
6285,6310
6297,6312
6296,6330
6284,6323
6284,6304
6286,6327
6299,6314
6296,6290
6303,6313
6301,6322
6292,6344
6273,6337
6301,6343
6288,6311
6299,6325
6274,6313
6277,6352
6299,6370
6270,6308
6273,6317
6291,6331
6290,6333
6287,6354
6303,6353
6314,6366
6297,6321
6274,6336
6288,6330
6304,6337
6292,6333
6289,6311
6304,6320
6281,6303
6272,6307
6263,6329
6269,6322
6288,6325
6303,6306
6315,6345
6277,6336
6290,6330
6269,6334
6288,6312
6295,6328
6275,6356
6296,6330
6297,6316
6279,6326
6277,6310
6291,6333
6278,6377
6303,6371
6274,6328
6285,6332
6283,6342
6283,6332
6299,6334
6294,6321
6284,6319
6294,6337
6282,6347
6291,6352
6288,6356
6294,6342
6284,6350
6296,6326
6297,6311
6290,6315
6293,6338
6282,6357
6275,6346
6281,6336
6282,6347
6281,6348
6277,6338
6280,6349
6301,6335
6282,6359
6283,6321
6295,6322
6286,6345
6281,6320
6292,6325
6306,6350
6285,6337
6277,6371
6280,6350
6289,6323
6286,6333
6288,6312
6274,6321
6265,6331
6285,6353
6299,6348
6273,6339
6295,6352
6285,6361
6272,6329
6258,6370
6256,6344
6275,6341
6268,6340
6270,6354
6284,6346
6292,6348
6280,6351
6282,6350
6276,6374
6282,6369
6269,6352
6281,6341
6280,6339
6269,6319
6262,6337
6294,6314
6284,6329
6269,6324
6281,6365
6259,6370
6279,6378
6283,6383
6262,6358
6265,6362
6284,6371
6281,6379
6262,6358
6275,6349
6273,6348
6276,6345
6274,6364
6276,6369
6266,6386
6274,6345
6266,6349
6286,6384
6275,6378
6268,6360
6267,6362
6248,6364
6260,6361
6267,6367
6282,6360
6274,6384
6267,6354
6294,6371
6284,6379
6266,6371
6253,6394
6257,6372
6261,6374
6261,6363
6279,6342
6258,6360
6252,6392
6271,6348
6254,6341
6273,6371
6267,6382
6278,6385
6259,6391
6261,6369
6253,6356
6266,6372
6248,6352
6249,6347
6260,6379
6265,6395
6261,6371
6258,6347
6240,6411
6275,6391
6262,6380
6237,6393
6252,6408
6266,6422
6251,6435
6253,6418
6250,6382
6276,6384
6265,6384
6246,6376
6241,6373
6260,6384
6263,6382
6284,6370
6255,6419
6284,6407
6250,6404
6246,6391
6241,6395
6241,6388
6239,6377
6249,6354
6266,6358
6252,6343
6232,6352
6261,6385
6249,6342
6248,6367
6241,6388
6253,6368
6237,6402
6234,6390
6233,6384
6259,6394
6260,6398
6266,6390
6264,6371
6246,6413
6260,6393
6261,6390
6261,6405
6229,6402
6243,6388
6233,6377
6253,6413
6241,6381
6244,6360
6241,6395
6242,6375
6245,6386
6247,6362
6247,6391
6250,6369
6249,6385
6242,6416
6243,6362
6243,6366
6308,6403
6332,6408
6205,6386
6240,6332
6174,6375
6268,6402
6282,6407
6234,6412
6230,6363
6235,6353
6233,6374
6227,6367
6215,6363
6234,6344
6239,6362
6247,6376
6241,6384
6240,6426
6232,6415
6241,6392
6233,6400
6232,6419
6237,6395
6240,6392
6230,6405
6225,6385
6233,6387
6237,6418
6223,6384
6240,6421
6229,6412
6233,6391
6250,6405
6223,6410
6227,6407
6239,6375
6241,6359
6244,6408
6239,6380
6243,6375
6235,6392
6238,6369
6240,6397
6241,6410
6233,6420
6220,6405
6231,6392
6240,6406
6227,6352
6236,6343
6227,6347
6222,6347
6221,6356
6216,6346
6238,6347
6232,6380
6237,6385
6234,6377
6227,6400
6226,6400
6225,6406
6232,6397
6233,6393
6237,6390
6222,6410
6225,6376
6226,6391
6234,6408
6232,6414
6229,6403
6235,6428
6215,6406
6228,6386
6216,6410
6224,6402
6224,6411
6219,6398
6224,6418
6226,6401
6235,6405
6225,6429
6227,6437
6214,6416
6225,6435
6226,6397
6218,6435
6218,6423
6227,6440
6226,6404
6223,6416
6223,6429
6221,6373
6219,6375
6218,6408
6227,6395
6220,6431
6237,6408
6226,6390
6225,6394
6236,6382
6219,6369
6214,6399
6218,6412
6230,6398
6218,6415
6224,6410
6229,6409
6218,6438
6221,6388
6222,6407
6219,6411
6225,6432
6224,6437
6214,6404
6230,6419
6230,6366
6224,6405
6219,6391
6232,6384
6217,6386
6225,6358
6225,6347
6225,6336
6217,6353
6227,6356
6233,6350
6233,6386
6221,6388
6228,6375
6213,6405
6228,6407
6227,6396
6208,6402
6215,6393
6228,6407
6212,6406
6221,6420
6224,6450
6229,6448
6213,6435
6207,6423
6213,6418
6226,6432
6216,6450
6223,6423
6230,6406
6225,6402
6209,6404
6226,6411
6212,6406
6210,6400
6216,6408
6222,6391
6220,6407
6212,6400
6213,6420
6233,6403
6223,6406
6213,6441
6224,6397
6225,6387
6217,6390
6214,6385
6219,6389
6207,6413
6215,6415
6230,6373
6223,6378
6209,6394
6222,6376
6226,6374
6227,6355
6228,6372
6205,6361
6225,6373
6230,6392
6222,6403
6222,6416
6217,6405
6209,6408
6214,6404
6219,6394
6222,6389
6207,6376
6225,6380
6219,6371
6212,6384
6217,6379
6208,6357
6222,6363
6221,6371
6214,6347
6234,6350
6228,6364
6225,6380
6224,6371
6216,6387
6226,6386
6219,6384
6232,6396
6228,6386
6229,6362
6215,6386
6228,6388
6229,6373
6223,6354
6223,6377
6242,6395
6222,6398
6240,6393
6233,6385
6230,6350
6215,6364
6220,6401
6218,6396
6223,6376
6237,6384
6215,6391
6228,6381
6225,6366
6223,6369
6214,6384
6234,6345
6222,6364
6234,6373
6233,6360
6215,6383
6216,6401
6230,6385
6233,6370
6233,6374
6231,6388
6233,6371
6220,6360
6241,6368
6216,6370
6240,6354
6224,6352
6225,6363
6220,6380
6231,6382
6225,6349
6239,6335
6237,6354
6218,6362
6225,6356
6226,6336
6223,6351
6229,6339
6221,6352
6220,6345
6225,6360
6222,6385
6227,6361
6223,6343
6227,6354
6232,6355
6227,6340
6228,6387
6212,6345
6234,6359
6239,6344
6230,6375
6224,6361
6227,6353
6243,6354
6234,6356
6186,6333
6081,6263
6257,6416
6175,6340
6219,6364
6226,6364
6238,6340
6227,6311
6210,6325
6231,6328
6223,6337
6220,6328
6223,6319
6234,6352
6240,6354
6226,6325
6240,6309
6242,6325
6231,6339
6227,6348
6207,6330
6213,6334
6218,6353
6206,6332
6223,6330
6232,6343
6226,6325
6234,6315
6228,6344
6231,6335
6225,6335
6224,6333
6239,6326
6233,6343
6240,6323
6225,6331
6235,6335
6215,6327
6234,6326
6230,6325
6247,6350
6236,6357
6223,6351
6231,6335
6236,6334
6219,6321
6227,6339
6234,6354
6235,6365
6223,6347
6242,6349
6226,6349
6226,6345
6227,6344
6241,6357
6243,6353
6242,6369
6243,6356
6244,6359
6252,6347
6250,6355
6245,6346
6256,6332
6254,6330
6243,6346
6269,6349
6265,6351
6285,6345
6299,6343
6306,6348
6341,6361
6366,6343
6376,6331
6431,6350
6454,6360
6513,6352
6583,6354
6598,6342
6657,6328
6698,6320
6710,6345
6704,6341
6695,6350
6673,6337
6659,6336
6645,6350
6630,6341
6695,6324
6707,6351
6799,6353
6924,6366
7082,6327
7241,6352
7409,6336
7621,6346
7800,6332
7962,6345
8109,6322
8298,6322
8422,6338
8554,6368
8693,6361
8822,6371
8891,6385
8845,6386
8837,6417
8829,6437
8740,6451
8620,6457
8514,6502
8411,6553
8343,6581
8218,6611
8115,6653
7962,6714
7699,6747
7496,6793
7311,6884
7160,6938
6997,6980
6875,7063
6835,7137
6835,7233
6887,7306
6946,7391
7116,7353
7250,7409
7400,7476
7553,7501
7654,7513
7770,7487
7925,7425
8134,7342
8255,7273
8487,7145
8596,7030
8883,6923
8969,6809
8983,6749
9010,6708
9161,6741
9252,6742
9243,6763
9191,6769
9154,6807
9033,6850
9058,6908
8824,6991
8691,7090
8554,7177
8318,7266
8156,7421
8014,7584
7813,7727
7651,7865
7534,8005
7411,8115
7256,8199
7170,8362
7050,8375
7020,8452
7010,8376
6988,8303
7114,8194
7217,8129
7315,7984
7426,7875
7651,7744
7792,7604
7981,7473
8154,7361
8285,7286
8455,7168
8595,7089
8749,6998
8910,6946
8997,6929
9030,6896
9045,6884
9028,6914
9095,6923
9108,6965
9071,7034
9026,7115
8950,7282
8871,7417
8723,7566
8509,7758
8351,7926
8169,8135
7984,8351
7750,8531
7542,8734
7358,8787
7194,8962
7042,8989
6973,9025
6890,9023
6886,9026
6947,9014
7065,8975
7151,8946
7312,8792
7483,8669
7670,8433
7981,8307
8314,8204
8606,8066
8818,7824
9099,7656
9385,7446
9612,7342
9813,7185
10008,7074
10213,7003
10350,6911
10427,6801
10428,6799
10452,6806
10269,6825
10087,6877
9969,6988
9771,7090
9596,7224
9428,7354
9241,7546
9043,7637
8670,7799
8520,8022
8250,8275
8036,8469
7736,8589
7580,8840
7479,8997
7356,9096
7245,9070
7171,9145
7069,9160
7050,9057
7037,8966
7089,8898
7081,8748
7143,8554
7254,8371
7382,8161
7517,8013
7646,7833
7882,7663
8130,7453
8371,7321
8625,7145
8889,7060
9103,6957
9283,6868
9577,6823
9777,6796
9963,6797
9971,6816
10013,6876
10084,7046
10170,7144
10034,7313
9954,7500
9921,7629
9706,7812
9423,8047
9164,8206
8925,8406
8553,8479
8380,8633
8137,8694
7745,8755
7709,8948
7437,9068
7188,8974
7023,8851
6967,8906
6857,8960
6818,8950
6849,8900
6892,8868
7029,8772
7155,8686
7314,8625
7454,8501
7608,8299
7768,8108
7928,7895
8046,7744
8206,7626
8327,7462
8424,7272
8506,7112
8559,6954
8637,6858
8689,6783
8720,6786
8822,6753
8889,6787
8892,6816
8885,6920
8840,7024
8655,7143
8557,7326
8419,7482
8260,7699
8160,7885
7967,8080
7845,8282
7628,8452
7399,8618
7216,8673
7061,8741
6928,8798
6828,8895
6798,8858
6757,8841
6749,8803
6775,8665
6810,8470
6828,8238
6887,8141
6936,7951
6991,7822
7065,7649
7113,7582
7210,7421
7338,7315
7484,7173
7650,7089
7888,6954
8134,6870
8342,6792
8487,6740
8588,6677
8735,6638
8887,6617
9052,6620
9087,6660
9067,6691
8985,6775
8960,6830
8803,6950
8717,7038
8608,7173
8415,7260
8232,7390
8033,7558
7825,7643
7649,7732
7430,7853
7226,7942
7081,8015
6903,7998
6816,8034
6760,8007
6723,7956
6735,7909
6742,7878
6822,7855
6877,7815
6955,7723
7075,7684
7195,7535
7311,7463
7423,7396
7559,7307
7694,7229
7861,7089
8001,6948
8121,6833
8252,6718
8336,6673
8418,6598
8681,6521
8777,6519
8846,6514
8908,6554
8991,6583
8958,6634
8911,6724
8882,6870
8850,6970
8741,7091
8603,7217
8421,7376
8264,7466
8036,7575
7806,7743
7626,7860
7477,7988
7290,8013
7183,8059
7056,8081
6960,8069
6872,7981
6819,7943
6811,7903
6831,7822
6869,7722
6945,7569
6985,7480
7066,7401
7182,7330
7288,7218
7507,7139
7737,7068
7849,6937
8081,6848
8256,6779
8415,6704
8546,6649
8704,6558
8851,6562
9002,6536
9124,6538
9100,6562
9046,6640
9078,6660
8978,6782
8894,6883
8834,7006
8655,7184
8482,7290
8327,7456
8170,7599
8044,7745
7829,7834
7660,8009
7441,8159
7276,8178
7127,8275
7028,8426
6940,8470
6860,8468
6826,8416
6777,8415
6779,8364
6793,8317
6861,8226
6977,8279
7083,8122
7247,7969
7408,7811
7575,7721
7757,7547
7959,7412
8170,7254
8323,7166
8622,7027
8807,6943
8919,6838
9003,6752
9181,6660
9187,6609
9188,6598
9277,6598
9267,6664
9270,6702
9201,6777
9028,6864
8989,6949
8850,6999
8658,7158
8515,7283
8318,7425
8107,7622
7945,7742
7776,7878
7619,7974
7441,8072
7300,8178
7113,8214
7005,8265
6933,8252
6861,8306
6839,8278
6825,8292
6810,8226
6883,8225
6966,8042
7090,7990
7252,7828
7415,7661
7612,7534
7740,7343
7960,7274
8183,7142
8444,6983
8709,6892
8903,6832
9003,6790
9173,6736
9249,6690
9267,6659
9335,6682
9311,6713
9264,6766
9331,6843
9309,6919
9318,7054
9278,7186
9148,7285
8876,7449
8609,7613
8354,7717
8075,7916
7829,8103
7585,8310
7391,8319
7232,8408
7058,8524
6941,8674
6848,8735
6776,8744
6764,8921
6727,8978
6750,8864
6803,8771
6882,8648
6953,8484
7043,8291
7163,8112
7317,7936
7526,7767
7639,7554
7801,7378
7953,7210
8086,7105
8212,6987
8330,6859
8439,6797
8490,6715
8539,6672
8531,6622
8544,6586
8516,6594
8550,6604
8575,6585
8648,6732
8696,6862
8503,6928
8391,7109
8283,7240
8244,7458
8134,7600
8103,7695
7874,7836
7706,7898
7565,7951
7466,8060
7308,8213
7130,8311
7076,8265
7042,8208
6919,8179
6933,8181
6913,8084
6956,7923
7084,7819
7232,7693
7412,7521
7606,7435
7823,7355
8116,7203
8390,7085
8604,6956
8872,6884
9061,6819
9228,6731
9346,6658
9524,6591
9633,6539
9778,6521
9886,6512
9914,6531
9837,6572
9674,6612
9398,6695
9258,6790
9097,6910
8973,7007
8752,7134
8488,7277
8215,7448
8044,7638
7825,7780
7671,7962
7507,8116
7250,8353
7077,8548
6941,8629
6854,8862
6758,8877
6664,8997
6592,8990
6605,9011
6631,9055
6669,8975
6736,8742
6813,8627
6887,8474
6982,8366
7105,8132
7207,7958
7264,7734
7327,7536
7407,7354
7471,7175
7488,7016
7510,6850
7594,6733
7688,6670
7707,6644
7794,6639
7822,6676
7863,6730
7820,6818
7884,6881
7957,7034
7897,7081
7833,7239
7811,7309
7729,7425
7643,7617
7587,7689
7467,7753
7378,7837
7292,7899
7193,8004
7081,8071
7004,8164
6900,8181
6857,8107
6789,8006
6768,7987
6781,7921
6834,7814
6935,7689
7076,7594
7254,7432
7482,7264
7723,7203
7999,7041
8343,6989
8578,6890
8755,6821
8965,6783
9306,6719
9608,6658
9869,6657
10102,6602
10165,6608
10306,6593
10425,6564
10355,6655
10342,6686
10282,6701
10245,6799
9985,6820
9911,6944
9733,7039
9545,7179
9394,7335
9204,7474
8823,7592
8505,7760
8281,7902
7958,8012
7800,8205
7608,8281
7326,8356
7204,8476
7102,8498
7087,8489
7099,8440
7136,8438
7279,8400
7366,8375
7557,8289
7718,8243
7970,8145
8253,7951
8522,7748
8812,7602
9014,7413
9255,7220
9566,7092
9784,6972
10026,6839
10111,6777
10172,6712
10241,6723
10308,6751
10404,6779
10377,6866
10282,6935
10327,7011
10278,7178
10209,7348
9997,7531
9780,7694
9564,7896
9264,8058
8879,8231
8586,8403
8358,8580
8109,8834
7952,9061
7771,9192
7595,9140
7454,9149
7301,9113
7278,9116
7314,9102
7302,9097
7354,9015
7447,8894
7550,8633
7774,8469
7955,8301
8222,8140
8510,7882
8882,7731
9360,7593
9701,7431
10220,7275
10556,7114
10840,7007
11009,6923
11207,6829
11386,6824
11414,6780
11376,6803
11363,6881
11305,6968
11171,7097
11023,7200
10973,7318
10773,7478
10598,7637
10505,7906
10159,8144
9822,8336
9573,8570
9251,8793
8949,8922
8663,9157
8350,9354
7980,9627
7729,9779
7467,9938
7332,10064
7264,10066
7254,10043
7318,10047
7396,10001
7543,9978
7770,9913
7948,9749
8190,9432
8423,9076
8733,8745
8968,8395
9250,8093
9619,7754
10045,7564
10443,7323
10602,7187
10986,7048
11222,6944
11487,6958
11555,6962
11720,7043
11730,7116
11587,7238
11443,7366
11323,7557
11053,7699
10742,7977
10367,8203
10130,8460
9798,8741
9434,9103
9184,9386
8885,9802
8598,10178
8267,10467
8102,10656
7870,10927
7657,11000
7467,11127
7261,11117
7177,10964
7102,10768
7103,10540
7158,10423
7281,10322
7422,10140
7667,9866
7949,9531
8280,9279
8631,9024
8984,8655
9456,8383
9805,8097
10032,7797
11015,7842
10878,7370
11018,6997
11445,6984
11569,7007
11632,6968
11544,7055
11618,7092
11571,7256
11530,7420
11385,7657
11139,7896
10791,8177
10398,8362
9846,8556
9321,8749
8951,8978
8528,9185
8185,9409
7852,9561
7521,9645
7248,9784
7052,9846
6969,9997
6972,10153
6986,10189
7059,10174
7185,10048
7312,10097
7512,9968
7780,9696
8089,9361
8412,9190
8597,8924
8902,8654
9337,8405
9706,8200
9411,7950
9674,7697
9973,7446
9496,7288
8532,7180
7634,7133
6999,7142
6626,7165
6386,7240
6282,7346
6218,7416
6195,7632
6169,7975
6157,8270
6157,8626
6154,9001
6153,9382
6144,9679
6140,9934
6143,10263
6147,10480
6150,10706
6153,10982
6144,10917
6140,11170
6132,11348
6116,11104
6138,10822
6122,10620
6137,10349
6122,10140
6118,9869
6123,9604
6124,9248
6122,8770
6123,8353
6118,8069
6124,7789
6130,7505
6119,7308
6128,7151
6119,7057
6115,7009
6117,6934
6117,6847
6118,6821
6114,6822
6111,6855
6122,6906
6113,6957
6119,7042
6116,7070
6117,7182
6118,7325
6118,7344
6118,7346
6119,7406
6111,7232
6110,6977
6111,6706
6111,6480
6108,6350
6109,6268
6109,6225
6115,6178
6093,6168
6101,6156
6104,6146
6103,6128
6112,6125
6111,6110
6101,6122
6113,6129
6100,6151
6107,6126
6101,6138
6106,6126
6107,6092
6102,6087
6105,6086
6104,6078
6109,6077
6117,6069
6099,6053
6109,6069
6111,6065
6103,6078
6095,6073
6106,6063
6104,6080
6113,6078
6099,6068
6106,6074
6106,6070
6103,6054
6105,6060
6099,6070
6107,6065
6105,6065
6099,6073
6108,6069
6108,6070
6103,6061
6099,6062
6103,6059
6105,6053
6102,6055
6103,6069
6107,6058
6113,6056
6109,6054
6109,6052
6111,6064
6100,6054
6109,6065
6114,6063
6109,6059
6100,6051
6106,6061
6112,6055
6118,6067
6114,6062
6098,6045
6112,6063
6111,6050
6100,6046
6106,6041
6112,6063
6110,6050
6113,6050
6110,6033
6111,6054
6105,6062
6101,6057
6087,6040
6096,6054
6108,6044
6112,6063
6106,6044
6111,6044
6104,6048
6104,6050
6112,6061
6112,6056
6111,6042
6111,6048
6102,6056
6108,6060
6108,6048
6103,6051
6107,6037
6110,6049
6109,6038
6117,6049
6111,6053
6117,6047
6108,6042
6107,6040
6112,6036
6112,6054
6111,6047
6107,6053
6111,6044
6102,6056
6108,6051
6111,6054
6103,6051
6097,6030
6110,6056
6115,6049
6102,6052
6106,6061
6099,6056
6108,6046
6104,6045
6100,6048
6110,6049
6107,6050
6111,6056
6112,6058
6102,6041
6105,6046
6094,6030
6105,6046
6109,6058
6117,6047
6102,6054
6095,6061
6097,6057
6111,6054
6104,6048
6105,6056
6099,6066
6101,6055
6111,6053
6111,6062
6099,6058
6105,6047
6094,6032
6118,6061
6111,6039
6106,6043
6103,6055
6098,6059
6105,6045
6106,6034
6106,6049
6092,6065
6102,6046
6111,6052
6117,6051
6103,6049
6110,6054
6101,6049
6107,6049
6102,6062
6104,6054
6112,6055
6096,6053
6102,6039
6106,6045
6104,6063
6109,6049
6131,6071
6112,6040
6101,6047
6106,6060
6102,6050
6104,6051
6111,6061
6059,6034
6048,5955
6059,6017
6155,6081
6110,6042
6103,6046
6105,6038
6108,6042
6110,6055
6100,6042
6105,6048
6103,6057
6102,6061
6112,6038
6096,6036
6107,6040
6103,6041
6097,6044
6110,6061
6101,6049
6093,6048
6103,6047
6097,6044
6102,6046
6098,6049
6102,6043
6091,6047
6099,6036
6096,6054
6103,6042
6095,6043
6104,6044
6110,6049
6102,6045
6098,6037
6099,6035
6094,6050
6102,6047
6106,6038
6100,6048
6089,6053
6095,6044
6103,6053
6097,6041
6100,6061
6105,6050
6095,6058
6096,6036
6088,6037
6105,6050
6111,6048
6099,6037
6104,6038
6093,6059
6095,6047
6104,6049
6107,6048
6098,6038
6096,6029
6105,6045
6092,6050
6100,6045
6104,6046
6096,6028
6090,6047
6103,6050
6091,6051
6093,6040
6102,6054
6102,6052
6093,6041
6098,6040
6111,6045
6099,6042
6098,6049
6099,6043
6097,6046
6100,6047
6104,6052
6102,6050
6111,6049
6105,6052
6106,6056
6102,6036
6102,6051
6103,6060
6104,6042
6096,6044
6107,6049
6099,6057
6106,6054
6105,6047
6098,6047
6108,6049
6111,6053
6111,6056
6107,6045
6102,6052
6103,6052
6115,6049
6102,6053
6114,6050
6106,6048
6106,6036
6112,6057
6098,6029
6101,6056
6110,6043
6099,6060
6104,6061
6106,6051
6106,6063
6108,6054
6109,6052
6114,6044
6107,6042
6110,6054
6116,6056
6104,6046
6115,6052
6106,6054
6104,6063
6104,6053
6106,6061
6111,6043
6107,6058
6106,6062
6097,6034
6101,6052
6101,6051
6109,6058
6099,6060
6099,6056
6115,6049
6112,6044
6113,6056
6105,6053
6100,6052
6111,6053
6103,6042
6095,6048
6099,6042
6104,6041
6097,6057
6089,6046
6106,6050
6112,6054
6101,6054
6098,6052
6105,6060
6103,6045
6106,6048
6100,6048
6104,6049
6110,6033
6099,6045
6108,6050
6096,6053
6099,6056
6091,6058
6102,6054
6098,6047
6101,6035
6096,6050
6113,6043
6103,6046
6104,6039
6105,6030
6107,6048
6104,6059
6101,6045
6110,6043
6099,6053
6104,6052
6103,6045
6100,6049
6101,6037
6104,6038
6111,6047
6097,6044
6102,6042
6104,6058
6105,6049
6103,6038
6101,6055
6112,6056
6109,6054
6118,6045
6102,6039
6098,6061
6110,6050
6108,6051
6115,6052
6114,6052
6102,6051
6111,6051
6103,6049
6116,6056
6111,6045
6104,6055
6106,6055
6108,6032
6109,6050
6112,6034
6111,6061
6116,6047
6108,6056
6113,6054
6110,6034
6114,6050
6121,6056
6127,6054
6114,6056
6114,6057
6102,6041
6103,6047
6110,6042
6113,6048
6110,6046
6118,6063
6111,6062
6119,6053
6115,6041
6112,6061
6114,6050
6115,6055
6111,6050
6111,6052
6113,6059
6113,6055
6106,6047
6102,6053
6105,6051
6112,6047
6108,6054
6111,6038
6110,6054
6103,6045
6099,6052
6115,6049
6103,6045
6119,6055
6115,6058
6119,6043
6108,6060
6107,6043
6094,6052
6107,6053
6101,6048
6119,6046
6113,6042
6112,6054
6116,6052
6101,6042
6107,6040
6110,6053
6106,6043
6113,6044
6119,6052
6118,6040
6113,6042
6110,6046
6115,6045
6121,6046
6108,6039
6111,6048
6105,6058
6500,5729
6066,6025
6106,6054
5941,5865
6167,5940
6065,5991
6076,6023
6147,6018
6100,6054
6106,6045
6083,6025
6120,6069
6121,6059
6112,6047
6114,6048
6109,6041
6101,6047
6114,6046
6112,6054
6106,6025
6113,6041
6123,6053
6107,6057
6096,6041
6115,6048
6121,6042
6112,6043
6116,6036
6110,6040
6125,6057
6116,6045
6118,6052
6118,6057
6105,6049
6119,6049
6122,6054
6105,6040
6114,6060
6109,6064
6118,6053
6114,6053
6110,6051
6120,6062
6115,6062
6121,6052
6118,6044
6120,6054
6117,6057
6125,6046
6115,6040
6108,6058
6119,6065
6119,6063
6120,6059
6111,6061
6111,6056
6113,6060
6119,6052
6119,6060
6115,6055
6108,6043
6117,6043
6110,6058
6114,6051
6122,6050
6113,6041
6118,6055
6112,6064
6119,6058
6118,6060
6117,6039
6117,6039
6108,6058
6123,6048
6127,6060
6119,6051
6120,6059
6107,6043
6111,6058
6114,6054
6112,6055
6122,6058
6117,6058
6112,6051
6115,6067
6110,6056
6117,6048
6114,6063
6113,6049
6115,6054
6117,6049
6114,6043
6106,6045
6106,6045
6118,6056
6133,6056
6119,6048
6112,6058
6114,6049
6107,6048
6113,6059
6117,6050
6120,6056
6114,6053
6116,6044
6114,6054
6121,6059
6128,6064
6116,6053
6110,6052
6120,6066
6113,6059
6114,6064
6116,6064
6117,6052
6117,6052
6116,6051
6110,6038
6120,6047
6114,6078
6113,6053
6119,6060
6121,6060
6112,6053
6115,6046
6114,6056
6115,6050
6114,6048
6120,6050
6117,6043
6117,6053
6111,6054
6115,6066
6118,6058
6111,6058
6114,6057
6119,6067
6119,6067
6117,6056
6112,6056
6110,6054
0,34
0,61680
0,0
6115,6070
5599,5574
5598,5569
5607,5574
5602,5578
5604,5568
5596,5568
5601,5571
5600,5580
5867,5754
6313,6431
5896,5917
6354,6335
6306,6278
6232,6231
6309,6307
6297,6306
6278,6298
6296,6320
6302,6319
6308,6351
6296,6314
6271,6333
6301,6339
6316,6315
6309,6324
6302,6347
6283,6333
6307,6339
6300,6326
6309,6324
6305,6323
6278,6326
6284,6329
6280,6334
6269,6324
6290,6298
6300,6342
6308,6369
6305,6371
6300,6331
6282,6331
6274,6346
6281,6347
6292,6363
6280,6347
6295,6334
6287,6333
6296,6318
6287,6333
6293,6335
6294,6332
6289,6358
6305,6341
6287,6337
6299,6340
6299,6342
6300,6327
6330,6350
6281,6350
6314,6357
6303,6316
6274,6323
6272,6298
6277,6312
6295,6346
6305,6344
6301,6350
6315,6319
6311,6328
6301,6347
6291,6329
6287,6312
6290,6319
6285,6301
6273,6290
6294,6336
6300,6317
6307,6313
6289,6329
6304,6322
6296,6328
6272,6338
6301,6338
6309,6311
6290,6322
6278,6313
6283,6347
6280,6357
6267,6331
6267,6321
6295,6324
6289,6343
6297,6331
6295,6364
6299,6367
6281,6337
6267,6340
6280,6327
6289,6338
6287,6325
6287,6311
6303,6333
6287,6299
6283,6311
6281,6313
6270,6323
6284,6334
6309,6308
6303,6337
6298,6337
6268,6318
6267,6342
6293,6332
6290,6340
6285,6350
6287,6315
6298,6340
6293,6322
6283,6306
6309,6326
6285,6358
6292,6371
6285,6333
6290,6324
6290,6333
6275,6343
6309,6342
6287,6315
6280,6317
6293,6326
6289,6340
6290,6345
6281,6344
6286,6332
6283,6340
6285,6348
6296,6311
6293,6323
6289,6344
6287,6374
6283,6346
6295,6349
6304,6344
6261,6347
6296,6354
6280,6349
6297,6329
6287,6331
6292,6328
6280,6327
6274,6358
6289,6328
6298,6335
6309,6348
6286,6339
6280,6358
6284,6345
6282,6353
6301,6347
6276,6310
6272,6330
6270,6350
6301,6338
6296,6352
6284,6321
6302,6345
6310,6328
6278,6334
6259,6340
6273,6328
6278,6332
6265,6341
6273,6353
6275,6336
6279,6344
6287,6360
6286,6344
6273,6361
6281,6360
6271,6347
6273,6362
6284,6330
6272,6322
6264,6334
6285,6339
6291,6344
6292,6332
6273,6365
6268,6370
6280,6363
6291,6375
6262,6360
6268,6365
6280,6363
6280,6380
6271,6359
6287,6364
6268,6367
6282,6358
6283,6356
6280,6364
6271,6369
6261,6375
6263,6358
6281,6378
6268,6395
6262,6375
6271,6372
6249,6360
6255,6366
6257,6366
6281,6356
6285,6380
6283,6349
6284,6374
6289,6352
6265,6367
6268,6397
6256,6366
6253,6395
6266,6366
6281,6358
6255,6366
6249,6390
6266,6343
6257,6353
6259,6375
6264,6385
6277,6374
6253,6391
6264,6375
6255,6370
6272,6358
6249,6356
6246,6369
6249,6356
6257,6398
6251,6360
6249,6371
6250,6407
6271,6386
6262,6377
6249,6404
6259,6416
6281,6416
6245,6389
6261,6400
6238,6410
6281,6399
6265,6392
6251,6358
6252,6376
6268,6395
6261,6365
6265,6367
6259,6432
6280,6428
6274,6416
6243,6384
6247,6385
6253,6383
6249,6378
6264,6385
6247,6356
6248,6358
6236,6327
6250,6360
6243,6370
6241,6365
6233,6379
6240,6392
6228,6386
6237,6399
6237,6385
6240,6404
6253,6407
6201,6332
6208,6335
6289,6420
6246,6372
6230,6391
6261,6441
6239,6392
6241,6377
6219,6354
6252,6409
6247,6387
6247,6385
6241,6396
6240,6374
6250,6373
6240,6364
6256,6382
6248,6360
6249,6382
6236,6423
6242,6401
6241,6378
6244,6376
6239,6363
6242,6386
6243,6387
6250,6383
6237,6368
6242,6383
6234,6398
6225,6386
6222,6363
6239,6362
6233,6354
6231,6360
6230,6351
6241,6356
6254,6379
6250,6368
6247,6403
6228,6399
6242,6406
6244,6424
6233,6412
6229,6435
6237,6378
6234,6400
6222,6394
6228,6385
6233,6415
6234,6403
6232,6416
6232,6398
6251,6404
6236,6399
6237,6397
6221,6387
6245,6381
6225,6391
6244,6403
6244,6385
6242,6371
6227,6385
6240,6365
6238,6392
6246,6418
6228,6410
6211,6394
6233,6383
6233,6415
6238,6388
6224,6376
6211,6338
6225,6352
6213,6373
6224,6347
6231,6360
6237,6382
6237,6384
6235,6391
6221,6406
6227,6382
6242,6403
6230,6393
6240,6405
6218,6390
6223,6398
6215,6387
6222,6405
6233,6413
6234,6425
6232,6406
6243,6426
6220,6412
6226,6392
6217,6383
6213,6407
6228,6424
6229,6392
6212,6412
6226,6421
6239,6409
6227,6415
6216,6434
6211,6414
6227,6418
6226,6409
6212,6451
6223,6421
6225,6411
6226,6407
6216,6433
6222,6428
6218,6403
6223,6397
6221,6394
6229,6423
6228,6420
6227,6393
6234,6403
6232,6388
6238,6380
6214,6390
6212,6383
6220,6400
6236,6390
6219,6413
6227,6410
6227,6410
6224,6416
6219,6385
6209,6406
6227,6422
6211,6441
6213,6437
6218,6387
6230,6432
6226,6407
6223,6396
6220,6376
6218,6382
6207,6371
6225,6358
6219,6358
6226,6331
6223,6351
6230,6347
6228,6362
6231,6378
6234,6380
6223,6382
6223,6402
6219,6402
6213,6392
6221,6403
6216,6409
6219,6429
6222,6413
6220,6432
6209,6435
6214,6431
6219,6427
6219,6428
6214,6425
6226,6431
6230,6413
6212,6428
6219,6413
6225,6393
6217,6375
6215,6395
6200,6419
6208,6408
6222,6422
6219,6387
6223,6413
6218,6395
6217,6418
6221,6407
6217,6408
6225,6400
6220,6412
6231,6386
6211,6414
6231,6381
6210,6414
6217,6414
6206,6412
6228,6372
6219,6383
6224,6381
6220,6377
6226,6372
6219,6364
6225,6370
6209,6364
6218,6384
6224,6400
6219,6380
6218,6405
6222,6410
6206,6390
6215,6398
6220,6390
6216,6377
6213,6386
6214,6358
6222,6358
6213,6395
6222,6369
6209,6355
6217,6360
6219,6383
6221,6338
6245,6372
6226,6375
6225,6378
6216,6386
6225,6412
6231,6378
6234,6379
6222,6373
6226,6351
6220,6386
6226,6384
6257,6379
6228,6375
6228,6364
6235,6371
6228,6392
6229,6398
6235,6378
6216,6383
6222,6380
6212,6355
6223,6385
6210,6380
6226,6371
6233,6391
6224,6394
6227,6391
6224,6378
6228,6331
6225,6361
6231,6365
6218,6378
6235,6365
6227,6362
6222,6369
6212,6408
6227,6395
6232,6376
6227,6367
6214,6384
6235,6383
6228,6352
6236,6362
6224,6344
6230,6371
6219,6362
6225,6363
6228,6369
6230,6357
6226,6358
6234,6347
6235,6342
6232,6356
6225,6350
6550,6778
5991,5980
6249,6285
6000,6183
6146,6273
6285,6369
6231,6379
6224,6383
6191,6325
6222,6363
6254,6350
6229,6352
6216,6367
6208,6360
6230,6354
6222,6346
6223,6363
6235,6374
6228,6344
6235,6349
6228,6368
6221,6360
6238,6381
6227,6375
6222,6358
6236,6366
6228,6336
6231,6329
6225,6336
6224,6335
6231,6331
6242,6322
6219,6321
6215,6325
6225,6353
6234,6340
6236,6335
6236,6312
6236,6334
6245,6344
6240,6342
6220,6319
6218,6326
6225,6337
6222,6326
6220,6309
6221,6355
6234,6346
6226,6325
6221,6345
6228,6354
6223,6340
6221,6305
6216,6352
6233,6340
6222,6329
6222,6336
6227,6328
6228,6342
6208,6320
6224,6339
6222,6352
6235,6351
6225,6339
6226,6340
6229,6342
6226,6318
6219,6327
6240,6361
6226,6351
6243,6347
6238,6348
6227,6339
6233,6333
6229,6343
6233,6359
6239,6355
6243,6362
6244,6353
6261,6368
6248,6353
6252,6350
6256,6335
6257,6335
6258,6327
6255,6328
6273,6341
6260,6363
6285,6345
6308,6334
6300,6331
6331,6360
6368,6337
6387,6330
6432,6354
6454,6349
6526,6364
6563,6359
6606,6348
6646,6334
6690,6332
6712,6351
6712,6340
6690,6347
6671,6316
6648,6328
6653,6340
6639,6316
6681,6332
6702,6344
6771,6358
6920,6358
7053,6333
7255,6343
7401,6337
7599,6337
7791,6333
7979,6323
8109,6339
8277,6327
8439,6348
8556,6360
8648,6348
8792,6339
8844,6393
8867,6379
8822,6413
8858,6438
8822,6467
8671,6440
8475,6471
8397,6541
8351,6582
8227,6598
8131,6649
8005,6702
7695,6744
7497,6809
7337,6873
7150,6952
7009,7012
6876,7047
6820,7141
6808,7234
6893,7319
6961,7338
7092,7391
7270,7398
7373,7469
7580,7470
7699,7521
7761,7455
7884,7437
8120,7361
8279,7246
8421,7139
8635,7016
8849,6933
8974,6784
8959,6738
9016,6712
9148,6719
9240,6753
9246,6766
9185,6772
9089,6797
9010,6857
9005,6925
8817,6976
8662,7077
8549,7182
8344,7268
8163,7385
8005,7546
7800,7728
7650,7884
7504,8024
7378,8142
7245,8218
7137,8333
7066,8426
7032,8425
7005,8336
6992,8262
7096,8211
7196,8043
7304,7972
7434,7901
7607,7729
7820,7598
7955,7474
8186,7352
8290,7276
8406,7176
8588,7097
8792,7021
8888,6967
9052,6904
9081,6908
9084,6916
9060,6919
9079,6910
9061,6952
9007,7029
9016,7137
8980,7278
8842,7407
8648,7563
8518,7763
8326,7924
8177,8149
7992,8313
7755,8548
7579,8742
7348,8805
7196,8980
7059,9030
6977,9007
6888,8991
6896,9040
6967,9021
7061,8993
7169,8912
7272,8785
7477,8633
7667,8485
7953,8322
8324,8209
8633,8075
8833,7858
9103,7646
9405,7446
9662,7303
9833,7221
9996,7091
10182,6989
10305,6891
10392,6815
10447,6768
10460,6792
10281,6824
10093,6886
9949,6992
9745,7092
9563,7216
9446,7355
9257,7526
9014,7656
8713,7797
8545,8022
8283,8277
8065,8469
7761,8629
7635,8840
7452,8938
7369,9084
7252,9076
7171,9118
7095,9184
7058,9049
7058,9004
7053,8893
7091,8764
7127,8533
7229,8375
7369,8151
7535,8020
7654,7822
7874,7612
8074,7368
8358,7334
8594,7158
8925,7085
9102,6909
9317,6881
9490,6832
9757,6811
9969,6812
9979,6791
10021,6866
10138,6995
10131,7141
10048,7320
10001,7498
9880,7672
9650,7843
9469,7995
9189,8200
8968,8392
8682,8579
8375,8691
8117,8775
7853,8878
7652,8987
7444,9068
7258,9013
7050,8896
6928,8916
6850,8956
6811,8984
6859,8885
6895,8826
7020,8760
7155,8690
7287,8593
7418,8507
7618,8314
7757,8130
7870,7916
8022,7723
8158,7605
8329,7418
8401,7262
8532,7105
8536,6960
8680,6859
8706,6804
8741,6746
8818,6751
8890,6775
8913,6817
8853,6899
8821,7018
8635,7146
8568,7316
8428,7481
8293,7696
8128,7858
7936,8073
7771,8251
7601,8464
7396,8556
7168,8600
7052,8733
6903,8845
6847,8845
6792,8816
6762,8819
6746,8789
6778,8640
6803,8465
6841,8255
6899,8132
6952,7938
7024,7815
7054,7658
7106,7584
7220,7398
7347,7293
7528,7185
7660,7074
7886,6930
8182,6863
8328,6750
8475,6702
8645,6672
8737,6614
8943,6614
9054,6622
9078,6657
9090,6695
8977,6777
8959,6850
8782,6916
8722,7012
8622,7174
8475,7274
8239,7407
8028,7560
7809,7657
7648,7756
7413,7881
7241,7954
7099,7997
6924,8049
6817,8051
6743,7984
6733,7949
6735,7942
6747,7864
6777,7863
6890,7809
6975,7691
7075,7654
7192,7590
7300,7461
7424,7423
7542,7328
7726,7215
7866,7075
8006,6957
8119,6862
8241,6731
8349,6667
8463,6604
8661,6534
8769,6519
8891,6504
8936,6550
8975,6578
8980,6658
8918,6735
8889,6842
8827,6958
8756,7081
8583,7210
8400,7377
8253,7459
8017,7586
7792,7725
7645,7867
7460,7962
7310,8039
7187,8044
7035,8051
6958,8078
6886,8004
6811,7976
6809,7862
6829,7847
6857,7694
6914,7591
6973,7491
7088,7387
7198,7305
7288,7234
7468,7144
7698,7034
7844,6926
8050,6853
8307,6780
8397,6694
8557,6648
8671,6579
8824,6553
8975,6517
9078,6545
9126,6573
9099,6615
9053,6679
8960,6765
8944,6870
8833,7001
8648,7169
8435,7306
8368,7459
8233,7614
8016,7744
7839,7854
7643,8003
7453,8142
7282,8214
7119,8314
7032,8426
6904,8448
6833,8478
6823,8424
6784,8402
6782,8369
6802,8300
6858,8274
6938,8236
7099,8128
7252,8011
7404,7810
7575,7727
7756,7566
7987,7399
8171,7277
8361,7155
8646,7032
8824,6920
8916,6802
9003,6751
9143,6670
9170,6596
9161,6580
9295,6605
9279,6632
9284,6714
9178,6768
9030,6860
8980,6959
8834,7011
8645,7143
8532,7283
8320,7447
8119,7590
7941,7708
7752,7854
7598,7998
7439,8088
7323,8164
7129,8223
7014,8254
6929,8252
6845,8289
6833,8291
6827,8269
6820,8201
6908,8165
6977,8068
7126,8000
7259,7856
7407,7672
7612,7537
7765,7356
7971,7233
8215,7097
8443,7013
8728,6897
8929,6847
9000,6801
9194,6728
9221,6697
9245,6703
9334,6699
9256,6737
9263,6791
9299,6815
9367,6905
9310,7060
9366,7205
9170,7307
8903,7430
8618,7595
8360,7737
8037,7874
7815,8103
7590,8305
7393,8321
7227,8463
7058,8570
6947,8625
6872,8730
6783,8804
6796,8847
6746,8890
6526,8531
6832,8727
6958,8746
6708,8467
7042,8118
7153,8130
7305,7926
7535,7802
7648,7524
7791,7341
7936,7240
8064,7111
8215,6968
8327,6841
8405,6767
8471,6694
8556,6676
8532,6622
8494,6600
8513,6599
8565,6628
8556,6669
8588,6736
8570,6855
8488,6978
8445,7076
8317,7227
8225,7469
8159,7602
8120,7708
7893,7805
7727,7899
7572,7965
7439,8056
7298,8204
7142,8271
7074,8242
7026,8231
6936,8241
6931,8216
6922,8143
6961,7914
7051,7788
7216,7678
7418,7532
7619,7454
7807,7306
8112,7200
8417,7054
8564,6947
8861,6899
9060,6797
9215,6729
9343,6637
9516,6602
9621,6553
9779,6519
9906,6513
9884,6541
9834,6579
9626,6604
9362,6695
9252,6827
9139,6920
8947,7024
8719,7172
8492,7255
8193,7457
8009,7608
7789,7813
7639,7968
7476,8141
7262,8288
7096,8523
6951,8656
6864,8831
6748,8866
6663,9037
6616,8995
6575,9021
6600,9038
6656,8994
6751,8797
6814,8606
6896,8464
7001,8328
7094,8141
7170,7935
7219,7755
7353,7537
7423,7356
7454,7165
7489,7024
7537,6880
7619,6737
7683,6700
7733,6654
7797,6633
7853,6673
7888,6727
7837,6801
7896,6891
7963,7020
7920,7096
7845,7204
7818,7291
7694,7417
7642,7587
7593,7716
7460,7752
7393,7876
7328,7904
7202,8025
7096,8080
7004,8159
6919,8159
6855,8088
6798,8040
6758,7968
6745,7940
6866,7824
6937,7699
7085,7590
7244,7423
7494,7265
7708,7174
8016,7040
8338,6986
8560,6902
8774,6841
8954,6790
9323,6715
9644,6663
9826,6627
10103,6609
10178,6601
10272,6599
10405,6610
10362,6650
10346,6691
10340,6702
10278,6796
9960,6844
9857,6913
9760,7049
9532,7206
9348,7350
9162,7455
8808,7599
8540,7752
8224,7876
7934,8018
7801,8198
7544,8264
7361,8327
7208,8459
7120,8509
7087,8532
7100,8428
7216,8413
7256,8408
7393,8361
7538,8256
7731,8205
7997,8124
8238,7978
8520,7744
8802,7586
9054,7423
9282,7225
9543,7109
9794,6990
9971,6820
10089,6816
10173,6736
10197,6755
10307,6750
10399,6805
10412,6869
10332,6928
10344,7037
10263,7164
10195,7309
10007,7521
9708,7683
9518,7868
9224,8092
8888,8229
8577,8428
8314,8572
8062,8835
7949,9119
7792,9195
7609,9172
7428,9152
7308,9147
7333,9138
7291,9097
7319,9101
7380,8986
7443,8860
7613,8636
7773,8462
7937,8331
8220,8149
8493,7882
8854,7774
9331,7588
9755,7420
10258,7278
10531,7105
10857,7001
11062,6926
11144,6823
11284,6776
11404,6772
11363,6810
11396,6897
11236,6973
11171,7088
11117,7182
10953,7337
10744,7451
10591,7696
10455,7885
10228,8157
9873,8330
9588,8579
9274,8716
8982,8899
8671,9125
8348,9393
7985,9675
7729,9801
7463,9922
7310,10045
7249,10052
7259,10032
7288,9974
7380,10055
7534,9964
7751,9864
7940,9688
8173,9435
8427,9062
8693,8733
8952,8401
9258,8057
9640,7775
10011,7509
10379,7346
10639,7141
10935,7028
11284,6970
11472,6981
11588,6969
11681,7060
11707,7081
11550,7216
11455,7353
11275,7523
11091,7704
10740,7906
10401,8154
10153,8454
9761,8762
9441,9081
9151,9418
8928,9881
8537,10131
8254,10436
8086,10700
7881,10849
7654,11035
7463,11052
7263,11055
7173,10875
7095,10779
7116,10576
7184,10440
7286,10332
7420,10090
7683,9872
7965,9532
8286,9290
8594,9022
8957,8676
9401,8378
9781,8096
10186,7815
10545,7536
10866,7337
11151,7135
11407,6981
11530,6931
11609,6980
11601,7029
11629,7139
11549,7286
11534,7436
11426,7670
11196,7918
10761,8176
10385,8366
9836,8530
9329,8769
8944,8969
8539,9160
8183,9396
7815,9539
7499,9667
7253,9755
7031,9853
6987,10008
6984,10088
6990,10168
7040,10128
7176,10116
7326,10127
7522,9912
7832,9732
8121,9376
8378,9137
8621,8887
8928,8663
9325,8383
9700,8165
9444,7944
9734,7655
9976,7441
9495,7284
8523,7177
7636,7094
6979,7150
6605,7169
6400,7215
6293,7307
6224,7456
6200,7614
6177,7967
6177,8249
6172,8590
6158,8977
6154,9323
6140,9700
6141,9984
6140,10220
6142,10475
6148,10678
6147,10957
6141,10879
6132,11174
6123,11245
6130,11096
6119,10818
6124,10646
6140,10362
6120,10132
6120,9891
6130,9669
6139,9251
6128,8797
6131,8377
6120,8060
6127,7798
6130,7481
6120,7289
6128,7132
6114,7075
6116,7013
6119,6912
6121,6835
6118,6824
6110,6832
6122,6861
6116,6914
6108,6945
6116,7039
6127,7036
6112,7192
6111,7341
6120,7350
6116,7352
6116,7378
6101,7279
6115,6990
6112,6710
6115,6488
6113,6356
6107,6252
6107,6216
6116,6182
6100,6176
6111,6142
6107,6144
6106,6143
6114,6147
6105,6126
6108,6123
6117,6126
6111,6133
6109,6126
6108,6140
6101,6124
6101,6117
6096,6092
6101,6079
6109,6076
6113,6083
6113,6074
6101,6061
6111,6079
6108,6072
6111,6072
6107,6076
6106,6071
6108,6068
6111,6060
6106,6050
6107,6071
6107,6063
6099,6065
6108,6064
6105,6069
6112,6062
6099,6064
6110,6065
6118,6064
6103,6071
6104,6065
6101,6056
6101,6049
6096,6054
6101,6036
6111,6058
6105,6058
6119,6061
6115,6061
6107,6056
6112,6052
6108,6038
6111,6063
6114,6056
6112,6056
6105,6053
6113,6055
6115,6061
6118,6061
6115,6056
6100,6057
6117,6056
6099,6044
6114,6052
6120,6059
6112,6032
6110,6058
6113,6061
6104,6048
6108,6059
6114,6050
6113,6047
6110,6051
6106,6042
6106,6060
6111,6053
6106,6048
6102,6043
6105,6053
6101,6057
6114,6044
6116,6038
6113,6053
6118,6042
6105,6050
6100,6057
6111,6043
6121,6056
6117,6038
6106,6042
6112,6045
6111,6059
6103,6051
6118,6054
6104,6044
6111,6068
6103,6043
6108,6063
6112,6039
6116,6040
6110,6051
6108,6046
6105,6046
6114,6050
6102,6043
6111,6040
6112,6056
6106,6045
6098,6053
6091,6063
6103,6032
6096,6041
6095,6052
6099,6032
6098,6041
6108,6050
6105,6039
6111,6050
6106,6059
6105,6054
6095,6054
6103,6050
6107,6050
6108,6036
6098,6052
6095,6050
6095,6048
6109,6039
6099,6057
6101,6053
6103,6053
6103,6033
6107,6061
6111,6064
6098,6056
6107,6052
6108,6053
6110,6052
6102,6045
6102,6057
6104,6053
6103,6053
6101,6045
6101,6050
6113,6048
6097,6062
6095,6044
6116,6037
6030,6004
6108,5930
6134,6082
6106,6047
6091,6046
6108,6041
6103,6062
6104,6048
6088,6036
6099,6051
6099,6051
6094,6047
6106,6044
6106,6047
6108,6052
6105,6057
6097,6041
6105,6055
6101,6053
6112,6056
6106,6041
6089,6046
6098,6046
6109,6053
6106,6039
6093,6058
6101,6058
6106,6064
6101,6055
6096,6043
6107,6042
6098,6050
6102,6055
6114,6048
6108,6045
6102,6047
6101,6041
6101,6036
6107,6060
6097,6060
6098,6050
6103,6052
6099,6042
6103,6045
6090,6040
6112,6050
6103,6056
6096,6057
6097,6052
6111,6043
6105,6040
6102,6045
6112,6052
6103,6045
6102,6049
6097,6041
6099,6046
6094,6057
6103,6043
6101,6041
6096,6050
6095,6056
6103,6055
6099,6053
6093,6056
6095,6053
6097,6050
6105,6050
6090,6050
6108,6039
6107,6035
6094,6034
6106,6051
6099,6053
6094,6041
6068,5993
6103,6037
6099,6037
6101,6047
6109,6039
6091,6044
6094,6051
6108,6051
6093,6049
6093,6048
6102,6048
6098,6045
6102,6048
6102,6049
6091,6038
6086,6044
6103,6048
6114,6035
6095,6044
6094,6048
6104,6050
6104,6056
6100,6050
6102,6037
6102,6053
6105,6051
6094,6050
6100,6057
6101,6039
6099,6038
6100,6044
6094,6055
6096,6055
6102,6062
6106,6058
6110,6055
6099,6063
6104,6047
6101,6058
6100,6040
6097,6029
6104,6055
6100,6048
6108,6043
6103,6052
6106,6047
6109,6059
6107,6055
6098,6034
6105,6051
6105,6049
6105,6035
6112,6054
6100,6054
6104,6056
6098,6059
6111,6064
6110,6054
6112,6054
6117,6054
6110,6048
6102,6049
6102,6055
6091,6040
6108,6038
6117,6060
6096,6061
6107,6049
6111,6059
6104,6037
6104,6052
6101,6053
6103,6050
6104,6056
6102,6049
6105,6056
6100,6061
6100,6037
6113,6045
6110,6049
6109,6042
6107,6057
6098,6054
6107,6036
6100,6037
6098,6037
6103,6045
6108,6045
6105,6060
6102,6038
6098,6060
6099,6058
6099,6055
6101,6049
6113,6040
6102,6047
6104,6051
6096,6056
6101,6041
6099,6050
6101,6046
6105,6046
6099,6056
6102,6051
6096,6049
6101,6048
6096,6047
6097,6051
6099,6058
6107,6050
6098,6050
6098,6053
6105,6049
6103,6047
6103,6053
6100,6052
6106,6054
6099,6050
6101,6046
6108,6034
6101,6042
6099,6048
6104,6041
6098,6056
6102,6050
6100,6052
6115,6059
6103,6060
6094,6050
6104,6050
6117,6053
6110,6051
6115,6051
6096,6037
6096,6055
6102,6057
6110,6038
6107,6060
6113,6049
6101,6055
6107,6047
6110,6046
6114,6053
6114,6062
6096,6051
6104,6056
6115,6043
6113,6041
6107,6053
6110,6037
6117,6042
6110,6034
6122,6044
6112,6044
6118,6051
6112,6037
6118,6059
6118,6059
6119,6055
6102,6040
6105,6055
6119,6041
6107,6049
6113,6037
6108,6038
6112,6058
6112,6040
6108,6039
6110,6064
6113,6050
6111,6053
6109,6044
6105,6057
6115,6041
6110,6042
6107,6054
6106,6051
6106,6050
6109,6044
6109,6040
6109,6047
6113,6052
6108,6055
6107,6050
6119,6055
6108,6039
6109,6052
6119,6067
6115,6049
6110,6045
6107,6052
6096,6051
6236,6222
6140,6073
6127,6054
6154,6098
6136,6072
6135,6082
6122,6066
6110,6061
6105,6060
6106,6040
6119,6056
6110,6052
6114,6058
6112,6063
6105,6040
6111,6044
6122,6052
6113,6043
6114,6052
6113,6048
6111,6038
6117,6063
6103,6039
6114,6047
6118,6054
6104,6055
6114,6063
6112,6046
6103,6047
6117,6057
6113,6055
6106,6052
6112,6059
6113,6043
6111,6057
6104,6049
6109,6046
6110,6048
6115,6042
6111,6056
6106,6054
6122,6068
6110,6044
6105,6044
6115,6056
6116,6052
6120,6050
6118,6045
6113,6045
6118,6061
6122,6065
6109,6062
6119,6051
6100,6038
6116,6055
6124,6060
6110,6056
6110,6057
6112,6048
6120,6063
6115,6064
6110,6042
6123,6064
6112,6063
6120,6053
6111,6045
6117,6048
6105,6054
6118,6055
6107,6061
6109,6063
6120,6063
6125,6063
6115,6039
6110,6056
6112,6055
6118,6056
6117,6047
6114,6042
6113,6059
6118,6050
6104,6056
6118,6035
6112,6054
6106,6046
6113,6056
6111,6057
6115,6061
6115,6056
6108,6057
6123,6058
6110,6063
6110,6063
6111,6055
6111,6059
6120,6042
6112,6063
6109,6065
6106,6054
6117,6054
6105,6062
6122,6052
6120,6058
6115,6051
6115,6048
6110,6066
6127,6042
6113,6053
6113,6049
6122,6060
6113,6051
6116,6054
6115,6061
6112,6054
6112,6054
6117,6053
6114,6050
6110,6060
6107,6062
6111,6053
6114,6054
6118,6050
6116,6053
6112,6056
6113,6053
6117,6058
6119,6063
6109,6048
6109,6055
6117,6055
6121,6054
6115,6050
6115,6052
6116,6054
6120,6045
6116,6062
6116,6062
6118,6032
6114,6060
6118,6054
6120,6052
6117,6051
6113,6063
6118,6050
6110,6050
6114,6053
6113,6059
6114,6048
6116,6057
6113,6038
6108,6054
6110,6062
6116,6043
6108,6051
6111,6056
6113,6050
6111,6034
6115,6061
6110,6059
6110,6059
6112,6058
0,30
0,61680
0,0
6112,6054
5599,5584
5597,5573
5600,5588
5599,5584
5603,5579
5599,5577
5597,5582
5593,5580
5823,5751
6303,6320
6284,6311
6307,6292
6308,6308
6293,6293
6301,6283
6302,6299
6281,6305
6290,6322
6294,6327
6281,6342
6298,6310
6283,6334
6297,6341
6306,6334
6314,6322
6299,6331
6289,6325
6307,6336
6307,6333
6315,6332
6294,6321
6283,6331
6281,6337
6286,6323
6274,6319
6292,6303
6303,6336
6312,6356
6319,6362
6306,6348
6292,6322
6277,6333
6288,6339
6293,6361
6288,6331
6301,6353
6284,6346
6295,6331
6279,6342
6292,6338
6285,6354
6294,6357
6297,6318
6283,6329
6310,6349
6278,6338
6313,6323
6329,6335
6297,6346
6310,6336
6306,6321
6283,6328
6271,6284
6258,6305
6287,6318
6312,6337
6292,6346
6303,6322
6313,6338
6309,6340
6292,6326
6307,6312
6277,6324
6283,6328
6293,6310
6292,6308
6301,6330
6299,6306
6296,6324
6294,6302
6289,6322
6274,6343
6313,6327
6305,6302
6289,6329
6275,6314
6278,6342
6282,6365
6294,6304
6269,6332
6288,6322
6295,6345
6300,6355
6301,6342
6318,6386
6295,6333
6282,6344
6283,6327
6289,6335
6279,6328
6288,6319
6299,6316
6295,6304
6283,6318
6280,6303
6255,6310
6289,6328
6296,6305
6303,6355
6300,6340
6270,6329
6266,6345
6291,6331
6294,6333
6282,6354
6299,6317
6306,6315
6285,6339
6291,6291
6304,6326
6291,6370
6294,6368
6307,6337
6308,6323
6275,6338
6276,6346
6294,6344
6302,6316
6283,6334
6308,6334
6289,6336
6281,6357
6286,6359
6285,6341
6287,6333
6299,6322
6296,6316
6282,6322
6296,6344
6280,6349
6292,6342
6292,6349
6292,6340
6277,6352
6295,6340
6293,6373
6295,6349
6278,6360
6282,6339
6277,6334
6283,6340
6288,6329
6300,6315
6315,6351
6305,6340
6274,6369
6282,6345
6288,6327
6283,6340
6285,6333
6284,6318
6261,6342
6287,6325
6296,6339
6292,6331
6300,6349
6308,6361
6271,6356
6256,6340
6265,6330
6265,6355
6275,6350
6268,6343
6283,6355
6296,6342
6289,6350
6278,6354
6278,6357
6278,6351
6278,6357
6287,6339
6287,6337
6279,6324
6262,6335
6282,6350
6297,6333
6294,6343
6285,6371
6283,6355
6270,6377
6279,6362
6263,6359
6278,6353
6274,6367
6281,6377
6263,6357
6281,6350
6275,6366
6283,6358
6289,6350
6277,6354
6267,6383
6262,6379
6281,6358
6274,6382
6274,6382
6277,6376
6273,6373
6250,6361
6253,6373
6274,6358
6282,6368
6276,6382
6277,6356
6277,6384
6286,6377
6275,6374
6256,6370
6251,6366
6273,6387
6258,6380
6261,6355
6252,6379
6249,6365
6277,6357
6259,6344
6261,6366
6275,6393
6272,6360
6264,6387
6265,6390
6257,6363
6269,6367
6252,6354
6254,6356
6247,6381
6260,6408
6258,6389
6242,6361
6270,6404
6267,6388
6261,6386
6251,6409
6246,6401
6257,6409
6246,6410
6243,6412
6265,6396
6275,6410
6258,6351
6254,6357
6270,6377
6255,6383
6244,6379
6267,6386
6420,6487
6157,6538
6207,6301
6223,6315
6221,6362
6275,6390
6237,6366
6313,6457
6308,6412
6266,6364
6238,6351
6261,6377
6242,6378
6237,6370
6247,6399
6255,6368
6240,6383
6230,6384
6252,6370
6249,6374
6253,6394
6264,6386
6255,6375
6255,6415
6253,6397
6246,6397
6247,6411
6242,6385
6247,6382
6244,6380
6242,6399
6247,6380
6238,6379
6228,6402
6221,6392
6252,6388
6249,6373
6236,6385
6241,6371
6233,6387
6246,6411
6235,6372
6246,6397
6236,6387
6233,6369
6247,6384
6250,6371
6242,6374
6235,6391
6237,6395
6251,6406
6230,6385
6233,6373
6229,6362
6232,6353
6224,6358
6235,6360
6233,6353
6249,6383
6242,6380
6234,6413
6243,6419
6233,6411
6241,6401
6248,6431
6242,6408
6238,6390
6232,6400
6226,6385
6228,6390
6232,6385
6239,6395
6237,6395
6236,6411
6232,6408
6245,6393
6233,6409
6235,6389
6231,6381
6228,6394
6247,6396
6239,6367
6236,6394
6241,6377
6234,6358
6241,6394
6234,6402
6223,6402
6220,6403
6240,6398
6237,6425
6236,6376
6226,6361
6223,6336
6233,6351
6230,6373
6220,6347
6225,6367
6229,6388
6242,6397
6224,6392
6230,6397
6217,6402
6233,6379
6223,6369
6240,6385
6214,6388
6229,6414
6222,6371
6220,6378
6229,6401
6234,6414
6232,6397
6237,6430
6227,6395
6233,6397
6229,6399
6234,6396
6228,6437
6222,6401
6220,6417
6222,6412
6225,6419
6221,6425
6227,6431
6208,6412
6225,6434
6222,6402
6215,6431
6220,6430
6230,6405
6224,6393
6212,6443
6214,6423
6229,6415
6214,6383
6216,6396
6214,6428
6227,6405
6224,6405
6227,6405
6230,6388
6228,6379
6228,6377
6222,6387
6220,6403
6225,6382
6233,6404
6228,6417
6232,6424
6230,6427
6222,6381
6201,6414
6217,6402
6224,6438
6227,6452
6216,6399
6223,6427
6230,6408
6227,6420
6224,6363
6214,6364
6223,6368
6227,6348
6227,6356
6220,6351
6220,6356
6223,6356
6230,6346
6222,6393
6222,6376
6230,6372
6221,6403
6229,6386
6219,6394
6228,6410
6221,6406
6228,6420
6214,6408
6228,6435
6230,6449
6217,6439
6207,6433
6220,6431
6207,6435
6230,6438
6213,6427
6216,6425
6231,6409
6218,6398
6218,6410
6225,6406
6212,6394
6213,6409
6222,6410
6217,6404
6220,6418
6218,6401
6222,6432
6221,6401
6216,6414
6219,6426
6225,6435
6227,6394
6203,6376
6233,6380
6206,6393
6218,6388
6216,6389
6225,6395
6224,6371
6214,6395
6221,6366
6220,6374
6229,6368
6224,6357
6228,6368
6225,6377
6235,6401
6215,6391
6211,6403
6212,6403
6220,6406
6210,6397
6216,6396
6220,6382
6218,6374
6214,6374
6215,6385
6214,6380
6208,6395
6213,6364
6222,6356
6219,6373
6229,6356
6253,6373
6228,6371
6242,6405
6230,6373
6222,6376
6214,6407
6235,6399
6227,6394
6228,6384
6230,6363
6233,6378
6233,6384
6226,6364
6220,6359
6228,6362
6236,6395
6231,6400
6211,6385
6227,6384
6223,6372
6230,6385
6224,6385
6217,6400
6227,6384
6235,6375
6219,6370
6236,6396
6223,6366
6215,6349
6225,6369
6227,6356
6248,6375
6226,6349
6238,6350
6426,6262
6065,6304
6231,6359
6259,6392
6202,6345
6235,6377
6221,6371
6232,6370
6233,6356
6233,6350
6239,6356
6242,6338
6228,6352
6230,6383
6217,6365
6233,6352
6237,6336
6237,6356
6242,6376
6236,6348
6231,6346
6217,6350
6225,6335
6229,6352
6228,6329
6233,6339
6230,6359
6228,6357
6230,6342
6234,6347
6240,6330
6236,6351
6224,6375
6223,6353
6229,6361
6226,6335
6240,6367
6244,6362
6249,6359
6231,6348
6229,6375
6237,6354
6230,6368
6218,6361
6241,6362
6244,6347
6224,6340
6232,6337
6214,6319
6220,6312
6241,6329
6226,6321
6214,6326
6230,6315
6235,6350
6236,6346
6228,6314
6243,6324
6244,6322
6230,6336
6232,6339
6218,6337
6221,6339
6226,6330
6219,6333
6212,6323
6231,6349
6236,6342
6231,6336
6211,6320
6229,6332
6218,6330
6229,6354
6238,6350
6230,6345
6234,6342
6214,6335
6231,6336
6238,6335
6228,6330
6208,6333
6235,6364
6236,6349
6236,6330
6240,6338
6226,6350
6230,6328
6233,6342
6235,6351
6224,6375
6236,6359
6245,6366
6230,6362
6235,6338
6238,6353
6236,6341
6243,6362
6235,6359
6250,6363
6260,6362
6249,6375
6260,6334
6244,6352
6251,6329
6239,6348
6258,6321
6268,6337
6267,6351
6292,6327
6303,6342
6305,6341
6335,6339
6361,6335
6400,6326
6416,6352
6468,6366
6514,6354
6578,6355
6589,6340
6632,6314
6682,6330
6718,6344
6713,6352
6696,6336
6680,6334
6652,6336
6630,6356
6638,6354
6702,6338
6698,6358
6779,6360
6914,6348
7092,6336
7224,6343
7415,6334
7583,6344
7810,6319
7924,6314
8134,6329
8255,6340
8443,6339
8575,6356
8698,6360
8780,6359
8887,6394
8893,6402
8835,6415
8892,6426
8777,6462
8633,6444
8525,6478
8373,6536
8364,6568
8221,6609
8113,6658
7948,6725
7719,6753
7461,6806
7296,6889
7154,6946
6998,7026
6894,7070
6857,7176
6828,7197
6875,7321
6935,7332
7093,7382
7255,7410
7392,7475
7546,7476
7689,7513
7724,7495
7905,7449
8084,7369
8284,7260
8467,7157
8635,7026
8825,6917
9007,6789
8956,6735
8995,6725
9144,6730
9279,6724
9195,6749
9180,6781
9069,6826
9036,6849
9007,6905
8820,7017
8674,7105
8529,7193
8328,7287
8127,7412
7994,7552
7794,7716
7660,7855
7502,8003
7366,8102
7243,8193
7152,8307
7059,8364
7009,8419
7008,8363
7003,8260
7103,8198
7243,8095
7309,7946
7429,7870
7620,7742
7835,7610
7953,7459
8148,7367
8314,7247
8411,7166
8610,7112
8756,6996
8861,6938
9040,6884
9053,6896
9059,6893
9081,6903
9066,6915
9045,6961
9059,7038
9021,7124
8946,7266
8806,7415
8685,7590
8496,7765
8340,7916
8199,8135
7982,8319
7766,8556
7564,8750
7360,8807
7221,8958
7040,9028
6952,9024
6895,9042
6880,9019
6986,9031
7086,9016
7164,8954
7279,8809
7479,8660
7701,8467
7968,8308
8316,8209
8638,8078
8844,7851
9061,7644
9364,7477
9665,7338
9850,7198
10022,7123
10206,6967
10325,6873
10420,6790
10490,6805
10480,6790
10246,6846
10105,6874
9937,6991
9730,7107
9564,7204
9474,7365
9257,7520
9047,7657
8850,7888
8505,8028
7933,7896
7859,8398
7710,8639
7624,8809
7461,8989
7271,9019
7260,9103
7177,9109
7096,9202
7056,9015
7023,8913
7058,8888
7084,8745
7149,8515
7232,8362
7372,8169
7541,8007
7641,7832
7882,7653
8154,7436
8336,7293
8606,7181
8904,7023
9142,6959
9267,6884
9489,6826
9779,6802
9967,6808
10007,6803
10047,6889
10073,7012
10202,7132
10084,7344
9920,7500
9899,7657
9671,7823
9407,8026
9185,8208
8918,8401
8687,8550
8402,8654
8141,8753
7895,8855
7641,9011
7384,9059
7250,8964
7077,8872
6942,8917
6835,8989
6832,8913
6856,8920
6900,8868
7020,8781
7150,8671
7289,8626
7439,8492
7623,8315
7765,8080
7857,7931
8020,7764
8165,7597
8298,7434
8389,7284
8553,7119
8614,6984
8653,6856
8696,6824
8752,6773
8837,6745
8842,6778
8901,6833
8860,6899
8765,7034
8599,7168
8533,7310
8399,7499
8262,7705
8127,7899
8000,8045
7810,8303
7618,8436
7376,8569
7208,8645
7053,8724
6931,8805
6843,8895
6807,8813
6741,8801
6756,8760
6757,8650
6826,8466
6821,8254
6894,8168
6958,7950
7018,7797
7071,7640
7140,7545
7193,7398
7329,7305
7496,7216
7656,7059
7906,6949
8179,6833
8311,6785
8474,6744
8657,6664
8764,6635
8911,6620
9021,6623
9023,6640
9050,6689
9012,6777
8904,6837
8835,6928
8760,7045
8597,7151
8458,7282
8233,7375
8009,7559
7847,7696
7647,7761
7425,7854
7277,7929
7106,8013
6931,8008
6796,8074
6767,7993
6729,7959
6724,7926
6736,7855
6815,7864
6866,7794
6942,7718
7074,7649
7206,7556
7306,7461
7461,7427
7556,7319
7729,7221
7859,7088
7977,6975
8124,6839
8257,6737
8378,6676
8465,6610
8681,6560
8785,6510
8907,6517
8920,6551
8958,6577
8967,6652
8944,6734
8888,6839
8813,6938
8751,7106
8549,7238
8428,7367
8301,7485
7989,7605
7815,7766
7591,7877
7503,7982
7310,8065
7172,8037
7058,8119
6956,8052
6870,7958
6826,7935
6817,7928
6855,7791
6854,7688
6917,7578
6984,7486
7062,7390
7179,7317
7303,7223
7497,7159
7666,7044
7863,6921
8063,6846
8241,6772
8417,6710
8570,6642
8688,6602
8846,6564
8912,6533
9101,6541
9122,6584
9047,6616
9088,6697
9002,6742
8891,6885
8832,6999
8673,7176
8482,7326
8341,7472
8210,7626
8023,7737
7831,7855
7630,7998
7436,8174
7292,8175
7120,8283
7029,8376
6937,8432
6841,8475
6863,8439
6789,8397
6772,8389
6815,8282
6866,8261
6984,8258
7084,8111
7260,7982
7430,7848
7574,7688
7800,7535
7984,7394
8126,7270
8313,7162
8597,7079
8846,6947
8857,6832
9050,6747
9173,6643
9207,6609
9157,6575
9310,6593
9312,6630
9273,6684
9212,6760
9064,6856
8990,6950
8878,7021
8644,7126
8484,7289
8300,7456
8115,7579
7923,7740
7729,7856
7612,7924
7437,8108
7304,8135
7128,8249
7027,8282
6932,8267
6839,8320
6820,8270
6810,8267
6822,8193
6890,8132
6972,8025
7095,7973
7267,7875
7414,7702
7589,7553
7776,7362
7983,7219
8243,7113
8489,6997
8737,6902
8943,6833
9011,6781
9132,6730
9177,6705
9230,6681
9319,6683
9292,6824
9319,6833
9324,6844
9295,6852
9350,7059
9405,7236
9170,7325
8851,7473
8599,7584
8286,7734
8023,7889
7808,8069
7609,8297
7438,8278
7241,8419
7042,8487
6932,8625
6858,8756
6780,8823
6758,8850
6752,8884
6763,8770
6792,8763
6840,8656
6947,8548
7041,8282
7175,8140
7339,7952
7520,7754
7655,7564
7807,7394
7948,7247
8046,7112
8231,6965
8272,6871
8390,6770
8498,6711
8471,6659
8484,6599
8525,6574
8525,6582
8525,6621
8620,6653
8624,6760
8548,6833
8523,6959
8436,7106
8276,7261
8201,7464
8151,7601
8083,7692
7879,7802
7720,7919
7560,7976
7450,8092
7337,8200
7122,8257
7079,8165
7022,8188
6909,8244
6931,8224
6915,8080
6957,7898
7102,7804
7221,7655
7389,7539
7609,7403
7800,7335
8109,7199
8416,7083
8643,6979
8857,6895
9046,6801
9218,6722
9346,6638
9522,6581
9652,6546
9720,6510
9878,6519
9899,6513
9871,6574
9672,6603
9398,6677
9265,6797
9077,6912
8930,6972
8697,7131
8496,7312
8217,7446
7987,7612
7833,7810
7675,7962
7486,8133
7294,8290
7100,8534
6945,8654
6857,8864
6747,8889
6646,8999
6617,9034
6595,9039
6634,9063
6653,8959
6740,8765
6799,8669
6910,8467
6984,8386
7096,8092
7200,7945
7252,7744
7339,7528
7428,7374
7465,7163
7484,6992
7536,6861
7639,6724
7697,6698
7745,6637
7773,6657
7825,6677
7842,6735
7831,6794
7856,6895
7970,7013
7927,7100
7843,7209
7826,7295
7701,7436
7636,7572
7577,7707
7472,7755
7403,7861
7306,7880
7183,8011
7085,8125
7011,8165
6923,8162
6828,8089
6789,8015
6777,8023
6765,7916
6833,7772
6945,7692
7074,7604
7246,7424
7456,7285
7729,7174
8024,7056
8314,6982
8527,6890
8777,6816
9029,6781
9309,6730
9649,6666
9792,6628
10065,6628
10186,6604
10315,6616
10414,6628
10395,6648
10328,6686
10329,6716
10245,6775
9971,6856
9869,6935
9733,7030
9527,7195
9291,7334
9143,7469
8850,7584
8510,7744
8279,7874
7947,8011
7763,8223
7579,8294
7348,8348
7242,8499
7138,8493
7074,8496
7105,8431
7164,8378
7263,8393
7399,8351
7523,8262
7715,8238
8032,8127
8234,7984
8548,7763
8793,7569
9005,7406
9263,7175
9511,7091
9735,6957
9989,6850
10112,6775
10224,6720
10252,6721
10315,6754
10423,6790
10416,6867
10282,6926
10315,7036
10296,7190
10233,7335
9958,7520
9796,7678
9514,7888
9207,8078
8888,8187
8586,8470
8310,8579
8106,8810
7899,9056
7796,9135
7627,9178
7408,9152
7303,9152
7316,9136
7299,9131
7292,9095
7341,9048
7450,8848
7584,8620
7760,8473
7950,8310
8195,8128
8517,7846
8832,7760
9301,7561
9713,7422
10214,7269
10596,7124
10839,7004
11006,6903
11148,6848
11364,6793
11344,6811
11416,6815
11320,6867
11261,6940
11177,7107
11073,7193
10942,7296
10798,7463
10609,7636
10482,7918
10190,8176
9815,8359
9537,8565
9257,8737
8946,8889
8670,9141
8339,9380
7970,9632
7755,9765
7469,9904
7308,10010
7279,10083
7276,10023
7305,10033
7394,10071
7544,9953
7714,9895
7936,9735
8160,9393
8400,9078
8693,8765
8919,8287
9244,8068
9488,8109
9942,7618
10241,7244
10674,7200
10989,7064
11248,7082
11500,6989
11594,6949
11631,7041
11690,7074
11598,7226
11374,7352
11293,7510
11063,7677
10692,7932
10450,8186
10149,8427
9780,8753
9412,9067
9165,9438
8867,9824
8599,10117
8245,10494
8041,10689
7828,10885
7650,11022
7458,11056
7266,11062
7169,10935
7120,10768
7111,10560
7168,10402
7265,10376
7436,10155
7661,9896
7985,9552
8270,9295
8643,9028
8965,8647
9439,8384
9764,8066
10202,7792
10521,7561
10862,7312
11113,7133
11402,6976
11540,6937
11629,6988
11602,7056
11643,7146
11516,7244
11554,7460
11408,7647
11188,7913
10771,8151
10381,8368
9857,8536
9355,8779
8938,8979
8506,9184
8127,9352
7813,9566
7505,9673
7237,9748
7048,9820
6942,10029
6978,10133
6988,10184
7037,10194
7176,10048
7311,10065
7452,9958
7785,9733
8058,9332
8343,9105
8635,8893
8923,8646
9312,8413
9696,8182
9462,7919
9701,7632
10011,7433
9468,7298
8530,7154
7610,7130
7014,7118
6611,7162
6383,7239
6290,7324
6214,7440
6202,7631
6178,7952
6166,8240
6158,8581
6156,8981
6158,9353
6147,9636
6149,9922
6150,10216
6153,10480
6134,10749
6145,10928
6140,10954
6140,11198
6125,11311
6130,11104
6123,10858
6131,10663
6130,10360
6118,10127
6120,9884
6128,9652
6124,9283
6119,8791
6123,8322
6113,8049
6122,7754
6126,7489
6119,7299
6123,7157
6117,7045
6114,7008
6117,6958
6107,6864
6119,6834
6110,6835
6125,6842
6107,6916
6110,6979
6120,7044
6124,7054
6115,7167
6117,7343
6109,7343
6115,7346
6121,7371
6106,7256
6114,6977
6103,6733
6108,6493
6108,6365
6108,6286
6115,6201
6118,6190
6108,6181
6106,6145
6107,6139
6104,6122
6113,6140
6109,6113
6107,6127
6110,6127
6113,6137
6103,6133
6103,6139
6106,6122
6108,6126
6098,6088
6103,6090
6102,6070
6107,6085
6110,6074
6096,6065
6104,6077
6101,6077
6103,6063
6104,6061
6106,6064
6106,6063
6102,6073
6102,6068
6108,6068
6109,6060
6104,6080
6107,6058
6109,6062
6111,6058
6102,6057
6102,6060
6108,6071
6105,6075
6103,6061
6107,6053
6107,6058
6094,6035
6101,6055
6104,6068
6111,6057
6112,6059
6103,6071
6114,6062
6108,6057
6101,6065
6116,6059
6112,6055
6112,6049
6102,6052
6103,6050
6117,6062
6118,6058
6113,6046
6102,6054
6112,6053
6104,6055
6104,6048
6115,6063
6111,6057
6106,6054
6113,6057
6108,6051
6112,6051
6105,6050
6096,6049
6109,6054
6099,6052
6101,6042
6105,6047
6108,6049
6106,6045
6101,6056
6103,6050
6117,6056
6115,6030
6110,6055
6111,6045
6103,6053
6110,6065
6104,6049
6108,6048
6112,6049
6112,6048
6110,6048
6114,6057
6107,6053
6107,6052
6103,6045
6101,6047
6114,6036
6110,6061
6111,6052
6111,6052
6108,6052
6105,6048
6105,6046
6102,6047
6102,6049
6103,6055
6099,6057
6103,6047
6100,6053
6086,6057
6097,6052
6106,6042
6102,6049
6106,6057
6102,6044
6109,6052
6108,6053
6108,6053
6104,6054
6101,6062
6103,6051
6103,6056
6109,6046
6114,6044
6098,6051
6019,6090
6101,6048
6094,6036
6076,6000
6176,6051
6132,6053
6095,6055
6108,6050
6105,6046
6108,6068
6108,6061
6099,6050
6106,6057
6107,6049
6110,6047
6106,6048
6105,6045
6107,6057
6103,6049
6105,6056
6099,6066
6098,6044
6106,6046
6111,6064
6110,6041
6106,6046
6104,6040
6110,6054
6103,6062
6106,6059
6109,6044
6099,6054
6094,6042
6108,6044
6109,6048
6102,6055
6097,6053
6105,6048
6102,6056
6094,6053
6098,6048
6097,6051
6094,6057
6103,6056
6099,6037
6097,6050
6103,6062
6097,6058
6108,6053
6116,6049
6105,6062
6098,6042
6094,6046
6101,6045
6107,6051
6088,6044
6109,6049
6096,6046
6096,6046
6102,6046
6100,6051
6110,6056
6095,6057
6095,6041
6098,6046
6102,6045
6102,6042
6094,6052
6109,6047
6109,6053
6109,6038
6097,6036
6112,6054
6091,6046
6099,6050
6112,6051
6108,6045
6094,6053
6100,6045
6097,6048
6093,6050
6103,6055
6098,6045
6098,6050
6092,6043
6110,6054
6096,6050
6095,6050
6096,6053
6104,6054
6106,6055
6090,6048
6100,6053
6106,6041
6097,6052
6102,6050
6099,6047
6094,6047
6101,6040
6110,6044
6101,6053
6097,6037
6108,6041
6085,6041
6094,6032
6104,6056
6091,6062
6091,6059
6102,6044
6089,6038
6096,6054
6098,5964
6095,6050
6099,6055
6097,6043
6114,6052
6094,6055
6078,6048
6100,6050
6097,6038
6101,6041
6104,6052
6100,6042
6103,6058
6094,6050
6103,6053
6103,6048
6107,6050
6101,6043
6095,6043
6097,6042
6104,6047
6115,6045
6088,6047
6097,6069
6091,6056
6105,6057
6102,6051
6109,6045
6102,6048
6105,6051
6100,6052
6105,6058
6104,6045
6106,6059
6083,6054
6101,6048
6104,6061
6106,6036
6104,6050
6110,6053
6098,6056
6107,6062
6098,6058
6108,6063
6109,6052
6109,6052
6112,6044
6103,6061
6107,6055
6115,6058
6104,6054
6110,6057
6106,6060
6101,6057
6098,6057
6109,6058
6112,6057
6107,6060
6102,6047
6106,6048
6105,6052
6104,6055
6109,6053
6101,6055
6102,6050
6111,6060
6103,6062
6099,6049
6098,6052
6102,6063
6102,6051
6107,6032
6095,6050
6101,6055
6103,6050
6106,6053
6094,6039
6111,6048
6109,6056
6102,6053
6109,6054
6104,6037
6106,6040
6108,6051
6099,6059
6102,6056
6096,6049
6114,6050
6108,6054
6102,6048
6094,6039
6098,6051
6100,6053
6100,6046
6104,6056
6104,6057
6109,6057
6104,6046
6102,6049
6110,6056
6103,6042
6097,6042
6099,6050
6109,6047
6102,6050
6093,6028
6102,6043
6098,6041
6098,6043
6108,6043
6102,6045
6103,6042
6107,6041
6112,6050
6097,6065
6098,6049
6103,6057
6109,6063
6117,6055
6107,6038
6092,6038
6096,6057
6104,6055
6106,6051
6110,6048
6119,6057
6103,6041
6113,6052
6107,6047
6110,6050
6103,6050
6099,6064
6104,6057
6100,6048
6101,6057
6113,6045
6107,6043
6115,6042
6110,6058
6116,6056
6108,6041
6114,6043
6117,6047
6122,6064
6122,6040
6114,6060
6112,6054
6105,6041
6109,6049
6111,6051
6113,6044
6116,6055
6104,6061
6112,6053
6102,6054
6122,6054
6103,6063
6108,6055
6004,6360
5991,6013
6195,6146
5930,6132
5999,5952
6181,6108
6168,6082
6091,6014
6107,6040
6107,6025
6112,6057
6114,6067
6105,6052
6104,6052
6103,6041
6114,6042
6111,6053
6108,6057
6107,6042
6108,6048
6095,6048
6103,6043
6103,6051
6109,6044
6116,6049
6101,6054
6115,6063
6108,6064
6108,6049
6110,6036
6096,6048
6119,6053
6112,6051
6115,6060
6110,6050
6114,6038
6107,6050
6116,6051
6106,6058
6109,6043
6107,6051
6111,6043
6113,6054
6102,6045
6121,6041
6117,6059
6095,6046
6105,6046
6115,6051
6120,6057
6112,6037
6114,6058
6106,6056
6112,6049
6112,6061
6118,6071
6097,6056
6096,6050
6113,6056
6116,6057
6111,6045
6116,6059
6114,6058
6110,6059
6119,6051
6114,6047
6119,6060
6115,6055
6123,6053
6112,6053
6108,6058
6119,6058
6120,6042
6115,6051
6106,6045
6110,6047
6118,6065
6109,6059
6113,6058
6116,6060
6115,6056
6115,6059
6108,6038
6116,6067
6120,6055
6120,6062
6106,6057
6114,6059
6113,6064
6114,6063
6118,6056
6113,6056
6118,6058
6127,6060
6126,6044
6121,6055
6117,6055
6114,6056
6120,6047
6112,6045
6105,6059
6114,6056
6114,6060
6120,6045
6113,6053
6115,6065
6119,6054
6113,6063
6116,6050
6119,6053
6117,6042
6122,6046
6124,6051
6122,6053
6118,6046
6122,6056
6111,6055
6111,6055
6119,6060
6118,6057
6118,6063
6119,6059
6122,6054
6115,6053
6102,6061
6112,6061
6120,6051
6111,6061
6115,6052
6112,6063
6122,6060
6118,6060
6114,6052
6113,6059
6119,6043
6111,6057
6112,6049
6114,6055
6114,6060
6114,6060
6114,6061
6112,6053
6110,6066
6120,6053
6117,6046
6111,6054
6116,6048
6109,6056
6113,6057
6120,6059
6112,6055
6112,6053
6119,6052
6120,6051
6116,6053
6112,6046
6116,6058
6116,6050
6112,6065
6117,6054
6121,6060
6121,6060
6115,6057
6113,6052
6120,6051
6117,6052
6118,6061
6115,6064
6117,6056
6109,6058
6111,6052
6116,6055
6116,6046
6119,6057
6112,6054
6111,6057
6116,6041
6115,6058
6118,6060
6116,6060
6107,6060
6115,6050
0,32
0,61680
0,0
6116,6039
5601,5573
5593,5571
5600,5574
5595,5576
5598,5576
5601,5575
5605,5575
5596,5570
5816,5754
6331,6322
6294,6308
6305,6303
6306,6299
6265,6310
6297,6288
6307,6308
6282,6306
6295,6304
6291,6320
6292,6334
6308,6336
6297,6342
6305,6335
6303,6321
6304,6341
6299,6356
6287,6326
6299,6332
6308,6320
6309,6329
6291,6332
6273,6336
6281,6339
6275,6315
6277,6330
6287,6308
6296,6326
6306,6346
6306,6358
6303,6336
6287,6322
6270,6324
6280,6324
6298,6353
6297,6351
6312,6346
6274,6339
6294,6322
6286,6332
6296,6347
6289,6352
6290,6368
6303,6324
6292,6337
6303,6345
6296,6342
6326,6330
6328,6353
6300,6340
6321,6329
6303,6335
6297,6335
6281,6314
6273,6299
6299,6335
6319,6348
6287,6363
6310,6333
6299,6334
6301,6344
6301,6314
6293,6317
6285,6324
6284,6310
6301,6321
6290,6330
6302,6309
6297,6308
6309,6335
6301,6329
6295,6324
6283,6350
6293,6340
6300,6329
6290,6326
6275,6329
6278,6335
6286,6357
6277,6315
6273,6327
6291,6335
6287,6332
6303,6349
6315,6363
6304,6360
6294,6332
6274,6356
6283,6344
6289,6345
6292,6333
6296,6321
6285,6312
6304,6305
6276,6329
6279,6318
6268,6327
6290,6334
6299,6309
6315,6354
6288,6329
6276,6330
6281,6352
6303,6348
6294,6346
6294,6347
6296,6318
6307,6316
6288,6326
6290,6296
6301,6314
6291,6352
6296,6363
6297,6336
6306,6336
6283,6338
6267,6336
6296,6351
6288,6312
6285,6331
6289,6338
6290,6358
6276,6353
6279,6365
6288,6340
6297,6346
6289,6319
6296,6299
6304,6313
6276,6344
6285,6354
6282,6343
6295,6336
6292,6348
6278,6330
6287,6332
6281,6350
6298,6328
6287,6354
6280,6347
6282,6328
6277,6344
6286,6322
6314,6330
6305,6344
6293,6348
6283,6369
6280,6344
6302,6319
6294,6325
6283,6327
6285,6326
6268,6333
6286,6344
6296,6356
6289,6330
6294,6343
6313,6365
6273,6329
6262,6349
6284,6335
6263,6335
6280,6335
6273,6361
6277,6344
6286,6338
6292,6358
6293,6361
6271,6366
6281,6368
6277,6362
6266,6337
6278,6322
6273,6330
6269,6334
6288,6335
6293,6344
6287,6318
6293,6347
6263,6366
6271,6385
6288,6365
6261,6349
6276,6359
6271,6365
6274,6380
6261,6371
6266,6352
6262,6375
6281,6352
6279,6357
6273,6375
6270,6392
6268,6356
6260,6353
6282,6372
6272,6392
6285,6373
6270,6370
6256,6365
6280,6336
6266,6356
6282,6364
6266,6398
6288,6368
6275,6386
6282,6373
6254,6380
6254,6411
6247,6381
6257,6382
6264,6368
6272,6357
6248,6377
6245,6374
6259,6342
6270,6362
6265,6376
6259,6404
6275,6385
6265,6394
6265,6374
6247,6356
6259,6376
6245,6372
6255,6356
6134,6254
6172,6336
6276,6354
6281,6403
6230,6383
6249,6385
6247,6382
6259,6410
6258,6415
6276,6422
6249,6388
6258,6414
6252,6401
6272,6401
6270,6396
6247,6357
6247,6385
6271,6386
6251,6380
6268,6380
6259,6416
6289,6430
6262,6391
6243,6406
6240,6385
6249,6385
6242,6386
6236,6382
6264,6361
6254,6345
6240,6347
6252,6350
6246,6362
6263,6379
6235,6388
6241,6392
6237,6386
6239,6390
6239,6388
6258,6398
6260,6389
6263,6392
6249,6383
6247,6417
6253,6394
6248,6399
6251,6401
6254,6385
6249,6384
6248,6374
6241,6409
6246,6385
6232,6401
6225,6417
6237,6387
6241,6370
6234,6374
6250,6374
6243,6367
6239,6373
6248,6414
6222,6382
6241,6382
6236,6400
6237,6368
6230,6390
6255,6389
6235,6399
6234,6370
6237,6401
6238,6406
6223,6376
6226,6373
6226,6383
6223,6362
6219,6364
6242,6361
6238,6363
6252,6377
6246,6388
6262,6413
6248,6415
6236,6402
6235,6435
6237,6421
6239,6419
6242,6390
6216,6408
6213,6385
6220,6388
6234,6399
6227,6388
6226,6413
6235,6400
6247,6415
6245,6404
6230,6395
6219,6412
6218,6404
6233,6371
6242,6394
6237,6383
6239,6377
6226,6395
6241,6377
6234,6376
6248,6391
6220,6428
6212,6413
6226,6389
6233,6432
6231,6384
6235,6378
6218,6351
6227,6347
6219,6382
6224,6347
6229,6381
6236,6371
6235,6388
6239,6384
6224,6411
6219,6400
6228,6417
6232,6390
6235,6406
6219,6388
6235,6403
6210,6392
6222,6400
6228,6409
6223,6400
6229,6390
6232,6427
6222,6410
6233,6385
6224,6394
6226,6387
6230,6422
6230,6398
6208,6415
6225,6419
6239,6419
6228,6419
6219,6423
6210,6422
6222,6433
6227,6408
6214,6452
6219,6430
6222,6428
6229,6418
6212,6423
6222,6423
6226,6414
6225,6387
6220,6402
6224,6422
6228,6416
6220,6402
6232,6393
6220,6388
6229,6373
6215,6381
6211,6367
6216,6392
6223,6422
6223,6418
6230,6411
6228,6405
6217,6426
6223,6387
6214,6413
6222,6411
6207,6437
6224,6432
6208,6399
6231,6414
6226,6417
6228,6419
6214,6363
6214,6380
6219,6378
6219,6360
6209,6372
6227,6331
6227,6337
6225,6356
6225,6360
6232,6387
6219,6387
6222,6380
6219,6403
6206,6408
6222,6388
6220,6410
6225,6394
6218,6401
6223,6413
6214,6431
6221,6430
6214,6433
6219,6431
6219,6430
6219,6414
6223,6415
6216,6425
6215,6420
6230,6418
6215,6402
6218,6399
6218,6418
6212,6402
6234,6400
6208,6417
6224,6414
6222,6418
6212,6406
6222,6406
6213,6394
6216,6432
6217,6423
6223,6412
6207,6399
6210,6401
6210,6387
6212,6394
6213,6408
6212,6410
6224,6374
6220,6379
6215,6371
6214,6373
6234,6374
6233,6375
6228,6365
6222,6356
6218,6370
6226,6378
6219,6387
6211,6414
6223,6423
6209,6401
6211,6414
6223,6401
6200,6375
6218,6388
6221,6375
6210,6377
6209,6394
6211,6387
6212,6366
6225,6362
6231,6378
6216,6375
6247,6337
6226,6372
6227,6382
6224,6361
6220,6367
6210,6376
6220,6390
6226,6369
6224,6367
6220,6362
6218,6394
6223,6388
6155,6268
6219,6370
6162,6253
6098,6221
6182,6316
6124,6256
6266,6462
6238,6402
6214,6373
6229,6378
6231,6403
6231,6383
6232,6395
6222,6391
6228,6398
6231,6386
6218,6356
6223,6371
6222,6366
6238,6373
6225,6355
6246,6335
6224,6380
6218,6386
6239,6386
6216,6377
6229,6376
6215,6381
6214,6384
6220,6355
6242,6369
6215,6365
6234,6375
6225,6351
6236,6351
6231,6394
6214,6383
6223,6340
6234,6354
6222,6339
6235,6357
6228,6357
6239,6331
6239,6336
6222,6334
6239,6348
6231,6345
6224,6351
6222,6375
6226,6367
6226,6332
6225,6346
6240,6343
6230,6351
6242,6396
6215,6353
6221,6352
6211,6369
6226,6358
6238,6369
6228,6363
6226,6369
6228,6359
6230,6367
6232,6373
6218,6369
6232,6364
6233,6373
6224,6347
6230,6320
6228,6326
6219,6310
6224,6318
6235,6315
6218,6330
6222,6330
6235,6338
6240,6351
6227,6311
6242,6322
6242,6334
6233,6329
6231,6345
6212,6337
6225,6333
6222,6331
6216,6327
6218,6326
6222,6351
6228,6340
6215,6324
6220,6352
6216,6348
6218,6330
6226,6329
6232,6346
6233,6356
6233,6345
6228,6333
6225,6341
6220,6334
6225,6313
6226,6333
6237,6351
6238,6337
6220,6329
6235,6343
6231,6356
6229,6327
6221,6334
6238,6351
6241,6355
6227,6345
6230,6367
6230,6334
6221,6346
6218,6346
6236,6358
6234,6372
6241,6368
6242,6367
6241,6360
6259,6358
6256,6341
6256,6336
6256,6330
6247,6340
6251,6336
6266,6355
6259,6356
6281,6344
6299,6346
6311,6338
6327,6347
6362,6349
6392,6336
6425,6337
6468,6354
6504,6346
6573,6351
6604,6356
6661,6331
6678,6325
6699,6323
6699,6332
6708,6334
6674,6310
6656,6318
6623,6356
6637,6339
6668,6351
6715,6331
6776,6363
6912,6365
7077,6354
7232,6341
7406,6335
7593,6335
7765,6327
7956,6321
8113,6342
8308,6339
8437,6327
8518,6358
8656,6343
8818,6370
8873,6384
8847,6401
8838,6420
8873,6444
8734,6462
8673,6464
8515,6481
8413,6539
8355,6560
8232,6604
8098,6662
7945,6716
7715,6731
7454,6827
7316,6872
7182,6949
6985,6992
6880,7060
6816,7140
6823,7227
6879,7327
6938,7369
7087,7400
7248,7387
7375,7482
7546,7488
7694,7512
7756,7490
7892,7436
8098,7354
8297,7242
8454,7170
8650,7023
8856,6925
8934,6832
8929,6730
9007,6726
9154,6727
9255,6752
9273,6751
9157,6807
9138,6799
9055,6857
8993,6881
8844,7000
8668,7088
8533,7193
8319,7250
8148,7394
8011,7555
7820,7749
7665,7897
7508,8007
7373,8105
7261,8187
7147,8294
7047,8371
6998,8430
6980,8357
7024,8320
7100,8191
7215,8082
7329,7976
7430,7871
7624,7730
7791,7608
7968,7466
8141,7325
8292,7264
8435,7171
8561,7099
8722,7002
8894,6951
9041,6891
9035,6896
9011,6887
9095,6904
9036,6906
9051,6946
9080,7040
9002,7104
8944,7258
8843,7408
8668,7586
8550,7741
8315,7925
8218,8109
7956,8336
7760,8576
7527,8702
7326,8801
7190,8984
7057,8973
6943,9012
6882,9009
6895,9020
6965,9005
7045,9009
7138,8906
7281,8788
7468,8672
7675,8483
7943,8330
8310,8214
8642,8045
8818,7813
9073,7621
9378,7458
9670,7326
9779,7179
10000,7111
10207,6982
10340,6863
10385,6826
10481,6765
10440,6794
10251,6847
10082,6904
9908,6999
9720,7092
9585,7200
9458,7346
9261,7525
8988,7669
8745,7795
8507,8016
8294,8244
8011,8426
7715,8640
7627,8829
7433,9004
7353,9134
7236,9112
7176,9149
7105,9221
7057,9056
7024,8961
7054,8896
7080,8754
7127,8518
7221,8377
7360,8179
7507,8014
7685,7826
7901,7636
8142,7440
8372,7276
8604,7151
8886,7034
9149,6962
9301,6885
9481,6830
9817,6795
9913,6768
9977,6809
10061,6882
10100,6988
10160,7117
10089,7310
9962,7480
9882,7650
9644,7789
9418,8013
9183,8178
8890,8410
8711,8558
8387,8620
8126,8740
7876,8891
7659,9004
7419,9053
7261,8957
7068,8876
6947,8933
6854,8996
6824,8943
6844,8853
6877,8859
7010,8769
7149,8679
7290,8607
7444,8455
7592,8297
7753,8100
7890,7925
8049,7722
8153,7600
8298,7426
8386,7265
8512,7094
8605,6960
8662,6846
8685,6799
8746,6742
8825,6753
8840,6777
8868,6819
8882,6896
8804,7010
8610,7189
8483,7284
8405,7488
8268,7699
8126,7881
7974,8081
7812,8292
7617,8405
7398,8597
7189,8634
7057,8796
6922,8860
6852,8876
6777,8843
6765,8834
6751,8784
6779,8628
6800,8434
6840,8247
6908,8120
6931,7940
7017,7792
7081,7644
7117,7564
7239,7389
7325,7310
7492,7172
7659,7094
7897,6949
8159,6850
8324,6772
8480,6692
8659,6669
8773,6621
8910,6620
9049,6598
9108,6633
9090,6698
8978,6766
8914,6852
8838,6920
8727,7006
8609,7156
8408,7264
8246,7396
8039,7520
7859,7674
7634,7799
7438,7882
7257,7913
7086,8004
6936,8012
6832,8007
6755,7980
6740,7971
6730,7875
6728,7884
6805,7865
6879,7786
6964,7734
7053,7705
7210,7572
7310,7476
7434,7410
7565,7301
7734,7221
7838,7080
8011,6941
8149,6849
8231,6724
8336,6676
8448,6613
8632,6547
8790,6493
8877,6516
8929,6538
8963,6607
8959,6661
8923,6753
8901,6852
8798,6948
8724,7082
8605,7255
8372,7349
8265,7503
8037,7624
7784,7746
7640,7881
7470,8004
7328,8030
7170,8049
7061,8081
6929,8072
6877,7991
6822,7944
6821,7907
6843,7817
6876,7730
6936,7586
6966,7475
7072,7406
7177,7326
7293,7235
7495,7170
7707,7050
7847,6923
8053,6846
8286,6793
8453,6695
8542,6655
8668,6581
8829,6567
8987,6518
9070,6526
9122,6565
9070,6617
9015,6661
9000,6758
8923,6883
8819,7001
8674,7201
8433,7340
8360,7443
8209,7595
8018,7728
7816,7849
7641,7993
7433,8166
7293,8218
7112,8264
7018,8372
6922,8501
6846,8471
6813,8439
6781,8433
6787,8371
6804,8300
6845,8235
6961,8253
7056,8110
7257,7989
7411,7815
7587,7705
7751,7568
7998,7395
8144,7219
8324,7138
8592,7045
8818,6940
8914,6814
9020,6738
9139,6659
9189,6592
9175,6597
9290,6609
9248,6646
9288,6672
9221,6784
9037,6821
8995,6942
8823,6993
8647,7157
8485,7276
8358,7448
8093,7618
7973,7733
7768,7902
7577,7963
7411,8110
7312,8154
7113,8206
6993,8247
6935,8284
6853,8318
6537,8026
6806,8286
6867,8294
6848,8110
6894,7944
7164,8020
7316,7907
7443,7656
7585,7531
7754,7385
8000,7251
8231,7142
8492,6992
8726,6894
8882,6825
9003,6805
9136,6746
9187,6700
9312,6682
9306,6678
9250,6710
9314,6755
9343,6842
9370,6916
9415,7049
9370,7179
9160,7287
8878,7416
8580,7579
8288,7738
8064,7904
7797,8077
7615,8299
7418,8320
7216,8443
7061,8551
6939,8635
6851,8710
6787,8770
6776,8883
6753,8950
6743,8798
6818,8750
6846,8603
6951,8515
7044,8299
7148,8144
7352,7956
7511,7791
7627,7543
7769,7396
7938,7281
8088,7095
8238,6960
8347,6873
8385,6792
8472,6716
8478,6650
8494,6612
8554,6585
8518,6605
8543,6614
8612,6657
8652,6735
8550,6843
8483,6956
8408,7084
8328,7241
8170,7437
8117,7570
8094,7695
7913,7765
7721,7922
7553,7953
7450,8065
7317,8210
7124,8248
7068,8236
7037,8202
6923,8208
6948,8202
6920,8129
6980,7936
7077,7814
7230,7684
7413,7549
7593,7394
7816,7318
8105,7181
8385,7096
8613,6959
8843,6885
9044,6803
9198,6695
9352,6641
9528,6568
9583,6542
9789,6527
9887,6517
9941,6548
9845,6581
9606,6593
9441,6706
9180,6810
9099,6921
8928,6998
8714,7162
8508,7277
8220,7467
8057,7610
7821,7811
7640,7992
7486,8128
7296,8266
7096,8508
6967,8687
6852,8816
6784,8889
6670,9019
6618,8979
6598,9007
6620,9017
6649,8957
6728,8783
6811,8632
6896,8511
6999,8336
7118,8148
7178,7943
7244,7722
7345,7502
7392,7354
7459,7175
7507,6992
7513,6850
7614,6722
7719,6703
7735,6690
7757,6656
7838,6672
7867,6711
7803,6779
7894,6873
7937,7009
7924,7087
7828,7200
7830,7295
7711,7454
7652,7590
7581,7687
7485,7731
7407,7850
7314,7858
7203,8005
7097,8114
7006,8182
6914,8163
6831,8076
6785,8054
6767,8012
6775,7936
6841,7806
6942,7695
7078,7612
7239,7427
7481,7271
7719,7201
8003,7072
8338,7004
8565,6896
8754,6824
9016,6784
9318,6728
9619,6658
9849,6623
10062,6612
10175,6598
10307,6600
10420,6623
10305,6642
10314,6669
10375,6724
10267,6772
9998,6830
9877,6916
9744,7061
9578,7187
9382,7342
9123,7477
8818,7565
8540,7757
8272,7850
7928,8019
7790,8216
7594,8258
7337,8361
7205,8454
7101,8556
7098,8511
7086,8425
7156,8392
7273,8401
7412,8370
7532,8253
7785,8194
8018,8120
8259,7958
8520,7776
8795,7612
9074,7382
9310,7177
9559,7085
9763,6969
9964,6875
10110,6769
10170,6736
10182,6720
10362,6742
10385,6792
10423,6841
10280,6948
10333,7030
10260,7170
10283,7335
10006,7509
9784,7709
9537,7882
9234,8087
8905,8243
8571,8449
8349,8620
8085,8816
7942,9064
7759,9168
7604,9144
7435,9171
7327,9177
7309,9130
7302,9109
7300,9144
7336,9030
7429,8886
7551,8599
7773,8452
7947,8318
8205,8117
8476,7931
8901,7777
9303,7588
9769,7432
10194,7249
10667,7106
10849,7021
11041,6934
11152,6851
11335,6803
11475,6786
11372,6820
11313,6873
11266,6967
11178,7104
11039,7217
10887,7329
10755,7444
10611,7636
10470,7930
10203,8120
9841,8372
9600,8506
9072,8546
8985,8920
8677,9127
8306,9319
8000,9613
7732,9791
7472,9954
7301,10002
7271,10085
7253,10041
7271,9994
7401,10035
7534,9974
7769,9960
7953,9717
8221,9456
8430,9069
8708,8735
8931,8394
9289,8111
9640,7809
10015,7559
10439,7347
10585,7155
10950,7035
11239,6940
11472,6986
11611,6956
11660,7033
11772,7071
11556,7227
11368,7352
11356,7529
11056,7695
10729,7917
10410,8160
10178,8415
9755,8768
9479,9095
9156,9442
8892,9834
8618,10150
8264,10443
8062,10706
7841,10851
7647,11048
7452,11064
7299,11037
7175,11008
7088,10778
7091,10574
7175,10381
7255,10368
7393,10184
7670,9874
7908,9555
8290,9285
8686,9013
9006,8628
9385,8361
9792,8101
10171,7802
10500,7558
10890,7321
11087,7099
11412,6960
11549,6913
11661,6959
11588,7066
11554,7149
11577,7262
11524,7454
11458,7661
11193,7914
10689,8187
10366,8354
9873,8528
9351,8753
8926,8957
8490,9162
8147,9400
7837,9577
7508,9670
7243,9736
7020,9847
6967,10044
6984,10114
7002,10155
7025,10156
7152,10043
7304,10097
7504,9942
7801,9698
8046,9327
8332,9112
8597,8889
8874,8640
9300,8379
9689,8242
9464,7924
9659,7645
9982,7445
9483,7270
8522,7165
7609,7111
7013,7117
6611,7152
6389,7248
6293,7338
6229,7430
6191,7625
6178,7978
6173,8252
6162,8636
6151,8977
6145,9327
6133,9656
6140,9897
6142,10239
6144,10450
6135,10745
6127,10974
6132,10924
6141,11156
6134,11293
6126,11076
6123,10870
6118,10685
6140,10382
6130,10128
6119,9855
6128,9668
6125,9269
6126,8798
6118,8374
6113,8036
6126,7771
6127,7512
6095,7319
6113,7142
6112,7086
6120,7015
6117,6928
6110,6848
6113,6804
6112,6817
6122,6823
6116,6920
6104,6952
6117,7031
6123,7031
6118,7186
6118,7313
6122,7320
6123,7332
6113,7358
6108,7252
6102,6984
6103,6723
6111,6477
6111,6369
6109,6278
6117,6212
6110,6185
6104,6156
6109,6124
6104,6141
6102,6121
6112,6126
6106,6119
6103,6120
6119,6110
6106,6145
6105,6133
6105,6131
6102,6123
6104,6115
6102,6084
6092,6070
6102,6057
6113,6075
6114,6063
6105,6057
6106,6079
6112,6061
6107,6069
6104,6077
6112,6069
6114,6070
6112,6104
6104,6065
6107,6073
6104,6066
6101,6055
6106,6068
6101,6061
6104,6049
6102,6065
6106,6070
6111,6055
6109,6063
6104,6054
6103,6052
6100,6060
6105,6067
6100,6049
6100,6060
6111,6060
6109,6065
6107,6071
6105,6065
6105,6058
6104,6058
6112,6053
6111,6055
6112,6053
6106,6058
6101,6057
6113,6055
6112,6070
6107,6063
6103,6059
6118,6050
6105,6052
6112,6059
6110,6068
6109,6065
6112,6058
6114,6062
6112,6057
6108,6048
6101,6053
6111,6062
6102,6054
6097,6046
6105,6034
6111,6046
6106,6043
6113,6060
6109,6055
6111,6044
6113,6061
6119,6044
6113,6053
6113,6041
6119,6055
6104,6047
6104,6047
6112,6053
6111,6043
6110,6053
6118,6054
6117,6048
6112,6042
6117,6045
6106,6042
6112,6051
6112,6041
6110,6053
6110,6046
6110,6054
6116,6054
6109,6050
6109,6053
6106,6050
6092,6050
5940,5965
6249,6127
5918,5917
6099,6055
6078,6040
6111,6065
6090,6036
6051,5963
6123,6059
6098,6057
6112,6050
6113,6045
6115,6052
6097,6049
6101,6044
6092,6051
6102,6053
6106,6039
6105,6053
6099,6046
6099,6056
6101,6044
6110,6054
6104,6063
6107,6048
6099,6058
6101,6055
6108,6054
6110,6047
6102,6045
6102,6050
6098,6045
6111,6057
6110,6052
6101,6048
6105,6049
6097,6049
6108,6051
6106,6038
6105,6042
6093,6065
6100,6043
6106,6057
6105,6040
6108,6044
6108,6057
6103,6049
6105,6038
6106,6050
6105,6055
6105,6045
6092,6049
6090,6040
6109,6045
6112,6059
6106,6048
6099,6049
6107,6056
6101,6056
6096,6056
6098,6050
6103,6050
6101,6052
6116,6061
6100,6037
6094,6040
6106,6040
6096,6045
6104,6055
6106,6041
6102,6059
6097,6050
6099,6041
6105,6023
6106,6054
6103,6047
6111,6056
6095,6028
6105,6038
6099,6045
6101,6053
6113,6059
6101,6055
6100,6049
6100,6031
6096,6039
6096,6041
6100,6049
6110,6043
6102,6040
6111,6039
6099,6053
6110,6040
6096,6040
6102,6042
6117,6049
6112,6046
6092,6042
6097,6046
6104,6051
6097,6058
6101,6053
6098,6048
6090,6051
6090,6042
6106,6049
6096,6045
6091,6036
6094,6051
6103,6047
6101,6050
6094,6029
6101,6043
6096,6053
6102,6053
6100,6047
6102,6051
6092,6054
6097,6029
6104,6053
6103,6056
6097,6039
6108,6027
6100,6055
6095,6047
6099,6041
6096,6061
6097,6050
6105,6041
6096,6046
6099,6050
6098,6058
6095,6054
6082,6050
6099,6046
6106,6055
6094,6050
6089,6058
6103,6052
6103,6053
6095,6055
6105,6057
6105,6040
6098,6053
6106,6047
6105,6040
6098,6062
6111,6039
6106,6039
6099,6051
6098,6042
6110,6048
6102,6049
6106,6057
6096,6057
6102,6059
6101,6053
6104,6047
6093,6048
6105,6055
6106,6046
6098,6052
6107,6049
6103,6047
6112,6058
6112,6060
6105,6050
6108,6051
6105,6054
6103,6053
6106,6057
6101,6047
6111,6054
6103,6052
6107,6061
6108,6048
6110,6061
6112,6056
6101,6057
6111,6052
6121,6053
6106,6049
6116,6042
6116,6057
6101,6051
6096,6030
6105,6045
6110,6055
6105,6060
6099,6063
6107,6050
6098,6048
6100,6055
6109,6051
6102,6049
6110,6034
6105,6053
6100,6059
6105,6054
6100,6062
6108,6063
6101,6050
6107,6034
6092,6039
6101,6043
6108,6047
6111,6046
6091,6046
6101,6055
6107,6057
6104,6061
6104,6042
6102,6044
6103,6041
6108,6048
6090,6052
6107,6033
6106,6044
6101,6046
6100,6052
6107,6040
6102,6054
6102,6050
6104,6050
6101,6051
6107,6043
6101,6057
6109,6035
6093,6045
6100,6042
6108,6062
6101,6040
6095,6044
6096,6041
6112,6043
6101,6046
6102,6048
6098,6039
6097,6040
6098,6036
6103,6049
6113,6050
6094,6042
6109,6041
6104,6058
6095,6058
6089,6035
6102,6047
6115,6053
6111,6044
6110,6061
6099,6034
6106,6050
6102,6044
6109,6047
6104,6060
6117,6056
6099,6046
6109,6055
6102,6048
6110,6044
6113,6052
6098,6049
6106,6058
6107,6041
6105,6054
6108,6061
6112,6051
6105,6025
6124,6082
6023,5995
6114,6039
6119,6051
6092,6033
6114,6050
6113,6052
6110,6050
6108,6054
6108,6047
6119,6050
6111,6036
6111,6048
6121,6047
6114,6051
6106,6058
6106,6051
6113,6054
6106,6055
6107,6056
6115,6050
6108,6055
6110,6062
6106,6052
6112,6050
6100,6036
6102,6055
6097,6058
6104,6054
6112,6051
6112,6049
6110,6058
6103,6051
6120,6043
6098,6048
6110,6039
6122,6063
6110,6053
6114,6041
6107,6051
6105,6045
6115,6051
6101,6054
6111,6044
6115,6053
6113,6049
6115,6049
6109,6048
6114,6041
6107,6053
6099,6045
6117,6054
6115,6039
6114,6048
6103,6053
6112,6042
6116,6038
6113,6047
6104,6045
6108,6054
6109,6047
6109,6036
6115,6044
6107,6039
6113,6036
6112,6049
6099,6048
6111,6038
6105,6051
6107,6064
6111,6056
6108,6056
6098,6060
6117,6052
6111,6039
6112,6068
6108,6051
6101,6046
6115,6062
6117,6055
6110,6044
6112,6046
6119,6059
6106,6058
6105,6059
6114,6052
6112,6052
6114,6053
6112,6055
6110,6055
6115,6056
6115,6062
6115,6052
6116,6045
6101,6040
6117,6052
6120,6048
6106,6064
6112,6062
6100,6106
6121,6045
6110,6064
6108,6049
6118,6054
6111,6062
6119,6053
6115,6051
6113,6057
6106,6050
6114,6064
6113,6059
6102,6063
6124,6065
6127,6053
6113,6064
6110,6048
6110,6048
6104,6057
6120,6063
6115,6046
6104,6066
6118,6058
6114,6063
6111,6058
6113,6059
6107,6047
6115,6049
6123,6048
6120,6051
6111,6062
6128,6036
6117,6061
6110,6062
6112,6046
6130,6048
6119,6054
6112,6062
6119,6058
6119,6058
6116,6041
6116,6061
6106,6050
6105,6056
6114,6053
6113,6058
6119,6064
6111,6055
6116,6062
6119,6056
6118,6054
6112,6039
6114,6050
6119,6047
6109,6052
6102,6048
6079,6014
6115,6063
6120,6026
6120,6053
6115,6055
6115,6055
6118,6061
6122,6045
6111,6051
6112,6060
6118,6057
6116,6053
6113,6043
6124,6045
6115,6065
6113,6053
6115,6051
6117,6058
6112,6045
6119,6057
6123,6056
6121,6065
6117,6054
6111,6062
6112,6058
6118,6051
6113,6054
6113,6054
6110,6053
6118,6055
6114,6056
6115,6049
6114,6049
6115,6060
6120,6062
6111,6043
6116,6058
6110,6060
6106,6052
6117,6040
6108,6059
6120,6062
6114,6055
6119,6048
6119,6059
6113,6055
6115,6045
0,27
0,61680
0,0
6112,6057
5609,5584
5593,5574
5610,5574
5608,5566
5607,5572
5602,5574
5603,5575
5601,5561
5821,5762
6325,6306
6279,6303
6306,6275
6323,6293
6275,6305
6300,6307
6287,6306
6278,6297
6289,6295
6286,6332
6290,6336
6306,6322
6292,6363
6306,6343
6312,6330
6299,6311
6302,6336
6300,6350
6313,6346
6313,6327
6300,6323
6288,6326
6283,6322
6292,6317
6280,6331
6271,6328
6288,6316
6287,6336
6309,6347
6302,6361
6290,6337
6285,6328
6271,6330
6283,6343
6292,6349
6285,6348
6316,6336
6294,6341
6288,6321
6287,6334
6293,6345
6288,6347
6300,6348
6302,6341
6288,6326
6304,6352
6294,6334
6305,6317
6309,6349
6289,6323
6326,6352
6314,6331
6288,6310
6279,6296
6270,6307
6313,6335
6314,6334
6307,6341
6291,6337
6307,6328
6305,6351
6285,6331
6301,6304
6289,6327
6286,6305
6291,6308
6303,6330
6281,6328
6293,6318
6297,6320
6300,6331
6290,6343
6284,6359
6306,6356
6309,6306
6281,6323
6295,6315
6289,6346
6276,6375
6274,6316
6268,6318
6289,6312
6290,6340
6294,6349
6302,6351
6303,6353
6293,6347
6265,6334
6284,6319
6289,6342
6281,6333
6290,6304
6293,6332
6297,6321
6278,6313
6275,6310
6262,6321
6300,6339
6297,6311
6301,6321
6289,6322
6276,6327
6271,6345
6289,6328
6295,6338
6292,6340
6299,6323
6309,6341
6298,6324
6283,6318
6290,6319
6289,6353
6285,6361
6294,6332
6295,6327
6279,6355
6274,6360
6302,6348
6305,6328
6278,6322
6299,6320
6289,6352
6289,6347
6282,6360
6287,6337
6290,6321
6285,6333
6303,6313
6297,6319
6280,6353
6298,6358
6292,6349
6290,6348
6284,6353
6273,6322
6288,6346
6291,6361
6304,6336
6290,6339
6266,6337
6286,6322
6281,6343
6295,6329
6292,6325
6322,6346
6285,6343
6283,6353
6279,6348
6296,6332
6296,6327
6279,6325
6263,6332
6277,6327
6290,6326
6292,6348
6286,6323
6298,6347
6304,6356
6291,6335
6262,6328
6276,6343
6266,6340
6272,6344
6279,6344
6289,6342
6293,6338
6295,6356
6289,6357
6292,6358
6276,6354
6273,6339
6271,6322
6318,6286
6280,6308
6268,6319
6295,6340
6280,6338
6275,6327
6272,6371
6271,6364
6268,6377
6274,6370
6273,6351
6270,6364
6268,6373
6277,6379
6273,6349
6284,6354
6274,6351
6279,6363
6281,6362
6289,6379
6274,6375
6273,6359
6264,6369
6276,6379
6261,6392
6263,6358
6286,6373
6255,6366
6241,6354
6262,6363
6283,6347
6275,6392
6289,6375
6330,6461
5919,6035
6250,6391
6118,6299
6217,6319
6271,6401
6254,6355
6243,6333
6294,6399
6249,6380
6255,6336
6256,6363
6275,6391
6272,6384
6276,6394
6253,6379
6259,6378
6249,6366
6265,6380
6254,6360
6253,6368
6244,6380
6246,6389
6268,6368
6247,6375
6254,6380
6268,6377
6259,6364
6254,6402
6251,6425
6262,6423
6242,6400
6255,6406
6250,6391
6277,6411
6276,6384
6245,6350
6243,6374
6262,6378
6252,6387
6265,6382
6266,6434
6268,6405
6263,6376
6250,6383
6230,6379
6245,6378
6248,6380
6245,6361
6264,6351
6258,6356
6233,6348
6244,6365
6251,6347
6245,6359
6247,6383
6250,6383
6226,6405
6242,6380
6242,6389
6255,6375
6255,6408
6246,6383
6258,6382
6248,6409
6250,6409
6239,6402
6247,6403
6245,6405
6248,6374
6251,6368
6260,6418
6251,6389
6241,6389
6234,6409
6233,6394
6254,6391
6242,6362
6255,6390
6243,6352
6245,6389
6251,6418
6237,6377
6244,6373
6242,6390
6246,6381
6239,6387
6258,6370
6241,6362
6236,6377
6227,6407
6235,6393
6236,6375
6244,6361
6241,6376
6235,6360
6224,6355
6234,6359
6231,6359
6239,6374
6252,6387
6241,6420
6235,6403
6238,6405
6238,6444
6243,6408
6232,6436
6233,6395
6231,6394
6234,6385
6226,6401
6233,6397
6226,6387
6237,6395
6233,6424
6245,6408
6245,6413
6224,6411
6236,6416
6240,6386
6227,6373
6244,6411
6236,6381
6252,6380
6225,6392
6227,6367
6232,6383
6231,6406
6227,6417
6209,6403
6241,6409
6233,6409
6233,6376
6218,6360
6227,6356
6215,6342
6225,6382
6221,6346
6239,6363
6234,6384
6237,6381
6237,6400
6230,6412
6232,6396
6235,6410
6230,6414
6233,6414
6225,6385
6231,6408
6219,6377
6225,6417
6225,6417
6230,6406
6224,6393
6228,6429
6226,6405
6227,6388
6232,6390
6223,6411
6225,6413
6227,6390
6210,6417
6222,6420
6243,6407
6231,6413
6239,6409
6219,6404
6224,6408
6215,6417
6220,6436
6218,6440
6213,6423
6220,6398
6215,6405
6221,6425
6225,6415
6220,6390
6220,6383
6225,6415
6215,6418
6225,6396
6235,6393
6229,6394
6220,6382
6220,6391
6208,6388
6211,6403
6226,6395
6209,6422
6217,6428
6226,6424
6225,6438
6224,6391
6220,6418
6216,6407
6219,6440
6219,6448
6212,6386
6224,6418
6225,6432
6235,6414
6216,6378
6209,6383
6212,6369
6219,6363
6216,6360
6224,6328
6217,6361
6223,6352
6225,6355
6230,6373
6231,6390
6231,6391
6224,6394
6215,6399
6225,6397
6207,6409
6217,6401
6215,6415
6207,6396
6216,6407
6226,6432
6213,6450
6208,6440
6212,6428
6214,6437
6212,6419
6204,6430
6228,6403
6217,6417
6218,6404
6222,6406
6225,6396
6219,6391
6215,6409
6210,6432
6223,6409
6222,6405
6219,6408
6213,6415
6224,6385
6204,6409
6217,6413
6214,6412
6220,6391
6204,6419
6222,6385
6209,6449
6217,6398
6215,6380
6221,6393
6222,6387
6216,6385
6212,6369
6220,6363
6227,6362
6224,6371
6213,6370
6229,6382
6236,6392
6214,6391
6225,6420
6222,6397
6207,6405
6212,6406
6219,6362
6208,6391
6274,6439
6130,6323
6219,6376
6157,6345
6246,6401
6222,6341
6213,6342
6228,6364
6220,6365
6242,6363
6220,6370
6226,6370
6222,6376
6210,6388
6220,6408
6227,6407
6233,6386
6220,6368
6235,6376
6225,6365
6234,6376
6219,6366
6228,6366
6226,6364
6222,6399
6230,6388
6227,6390
6224,6370
6230,6363
6223,6364
6224,6383
6228,6402
6233,6371
6231,6399
6230,6395
6222,6382
6233,6380
6231,6385
6236,6379
6236,6366
6221,6369
6240,6368
6242,6355
6230,6374
6219,6382
6225,6392
6228,6379
6227,6377
6219,6380
6216,6386
6230,6360
6235,6370
6220,6346
6234,6358
6225,6338
6221,6384
6235,6385
6220,6375
6228,6365
6240,6350
6237,6366
6236,6362
6222,6338
6232,6341
6222,6344
6231,6342
6232,6358
6223,6340
6223,6330
6226,6374
6232,6357
6232,6330
6215,6364
6229,6344
6225,6355
6235,6372
6219,6357
6220,6379
6229,6351
6220,6366
6241,6353
6222,6353
6236,6355
6232,6366
6234,6359
6224,6389
6225,6360
6230,6359
6231,6367
6240,6355
6235,6344
6225,6308
6231,6322
6229,6340
6230,6319
6223,6321
6217,6316
6234,6323
6226,6347
6235,6310
6241,6325
6239,6317
6233,6319
6232,6345
6228,6323
6218,6339
6218,6325
6210,6332
6209,6298
6236,6343
6232,6340
6231,6333
6220,6348
6222,6334
6232,6349
6224,6339
6233,6325
6248,6346
6224,6343
6225,6336
6233,6339
6234,6345
6217,6327
6227,6342
6229,6342
6240,6351
6232,6340
6231,6336
6235,6338
6226,6320
6219,6326
6242,6363
6234,6350
6230,6333
6226,6360
6223,6355
6224,6348
6229,6341
6236,6351
6234,6347
6248,6369
6241,6358
6245,6371
6251,6361
6252,6352
6250,6328
6247,6338
6260,6338
6256,6318
6262,6361
6267,6340
6284,6327
6301,6326
6311,6341
6337,6377
6360,6329
6383,6317
6425,6348
6477,6358
6510,6351
6564,6351
6619,6336
6651,6321
6688,6315
6708,6338
6703,6339
6691,6343
6675,6320
6652,6335
6645,6348
6624,6327
6661,6351
6696,6341
6794,6357
6879,6363
7049,6350
7208,6345
7407,6331
7595,6343
7784,6338
7947,6331
8072,6330
8266,6335
8446,6341
8585,6363
8671,6363
8808,6351
8863,6391
8871,6401
8837,6410
8879,6453
8791,6459
8619,6443
8519,6486
8439,6522
8383,6564
8227,6605
8082,6663
7958,6706
7680,6736
7479,6800
7308,6881
7184,6926
7031,6967
6864,7063
6820,7155
6808,7254
6894,7300
6945,7357
7075,7408
7276,7419
7376,7461
7554,7488
7695,7503
7753,7511
7900,7443
8065,7371
8279,7292
8469,7149
8648,7026
8829,6932
8963,6809
8915,6746
8984,6711
9124,6702
9224,6750
9229,6727
9193,6794
9130,6817
9028,6875
8996,6923
8843,7011
8722,7099
8524,7185
8276,7252
8149,7390
7977,7555
7817,7760
7672,7873
7491,8004
7375,8099
7270,8174
7151,8263
7052,8394
7000,8406
6980,8370
6999,8273
7112,8170
7226,8043
7275,7978
7422,7877
7625,7712
7802,7582
7939,7446
8094,7371
8318,7272
8423,7176
8620,7069
8757,7033
8865,6933
9004,6896
9015,6888
9051,6891
9070,6903
9005,6912
9087,6977
9029,7037
9007,7103
8965,7242
8840,7422
8677,7585
8551,7886
8320,7898
8219,8113
8199,8289
7748,8593
7536,8686
7318,8811
7206,9001
7070,8989
6976,9045
6863,9036
6906,9028
6956,9038
7072,9018
7137,8918
7310,8815
7475,8621
7676,8462
7961,8338
8287,8174
8643,8047
8837,7850
9090,7639
9351,7442
9619,7305
9814,7196
10043,7108
10221,6996
10305,6895
10397,6799
10435,6791
10467,6815
10277,6841
10075,6876
9949,7000
9755,7086
9611,7188
9487,7356
9260,7543
8997,7631
8728,7808
8511,8021
8306,8206
8019,8426
7762,8616
7609,8823
7439,8945
7334,9111
7235,9088
7161,9119
7074,9133
7045,9037
7030,8968
7050,8872
7094,8718
7146,8536
7208,8336
7406,8164
7494,7991
7669,7821
7890,7634
8116,7425
8386,7299
8596,7156
8854,7046
9088,6967
9293,6885
9541,6837
9781,6797
9966,6799
10031,6856
10055,6909
10082,6976
10132,7149
10041,7330
10004,7495
9920,7656
9684,7811
9429,8022
9191,8198
8924,8430
8680,8534
8398,8657
8113,8745
7911,8867
7689,9008
7440,9044
7228,9013
7066,8883
6944,8911
6866,8960
6824,8964
6849,8930
6896,8886
7033,8819
7104,8631
7266,8590
7437,8531
7578,8353
7762,8128
7850,7882
8032,7717
8173,7620
8295,7426
8383,7284
8487,7097
8599,6967
8628,6864
8651,6798
8726,6782
8803,6733
8866,6780
8888,6803
8851,6884
8824,7002
8607,7126
8520,7299
8377,7493
8267,7670
8123,7888
7936,8087
7784,8275
7624,8420
7392,8572
7237,8656
7052,8778
6909,8835
6852,8887
6763,8822
6760,8808
6729,8776
6786,8615
6794,8430
6833,8289
6900,8156
6935,7960
7000,7828
7081,7687
7132,7571
7202,7422
7345,7303
7515,7167
7685,7072
7879,6934
8178,6835
8336,6771
8483,6730
8668,6665
8715,6617
8901,6599
9069,6632
9065,6670
9054,6690
9021,6774
8930,6816
8861,6916
8725,7023
8594,7151
8463,7262
8235,7420
8015,7524
7821,7663
7625,7760
7427,7882
7260,7960
7097,8018
6929,8019
6823,8046
6747,7973
6742,7957
6738,7918
6731,7888
6821,7869
6884,7805
6972,7728
7073,7681
7224,7536
7313,7494
7419,7420
7564,7299
7737,7223
7886,7089
7999,6930
8104,6844
8216,6730
8349,6699
8476,6608
8635,6534
8834,6490
8846,6526
8912,6558
9023,6570
9015,6659
8945,6716
8904,6868
8810,6972
8715,7091
8557,7247
8410,7358
8275,7455
8039,7604
7798,7729
7610,7875
7475,8012
7304,8016
7159,8052
7062,8040
6958,8057
6867,8004
6819,7921
6807,7873
6834,7839
6884,7680
6916,7545
6989,7495
7070,7424
7179,7310
7307,7245
7495,7142
7670,7051
7878,6944
8047,6835
8223,6777
8396,6690
8564,6663
8648,6551
8870,6555
8999,6518
9069,6537
9107,6572
9069,6617
9063,6665
9002,6779
8928,6878
8832,7011
8674,7185
8425,7284
8330,7470
8219,7619
8059,7760
7810,7865
7629,8010
7446,8188
7264,8253
7110,8274
7010,8373
6932,8496
6834,8413
6811,8428
6810,8410
6772,8352
6798,8288
6857,8245
6969,8235
7078,8126
7266,8002
7424,7804
7566,7704
7779,7549
7947,7417
8180,7227
8312,7147
8592,7038
8823,6931
8866,6830
9012,6750
9161,6661
9167,6583
9140,6639
9442,6706
9255,6643
9287,6663
9252,6800
9025,6864
8962,6954
8831,6991
8621,7121
8492,7287
8331,7441
8113,7602
7931,7733
7730,7854
7595,7956
7424,8089
7329,8170
7139,8231
7036,8233
6926,8264
6868,8290
6833,8263
6844,8287
6824,8197
6918,8132
6988,7997
7143,7985
7288,7840
7447,7648
7614,7542
7808,7359
8022,7241
8211,7136
8498,7001
8743,6878
8882,6861
9022,6793
9165,6725
9254,6699
9271,6700
9322,6663
9274,6722
9285,6748
9366,6832
9363,6898
9425,7036
9388,7179
9178,7326
8827,7416
8525,7569
8275,7734
8043,7888
7838,8096
7573,8278
7402,8322
7269,8405
7069,8488
6896,8652
6828,8721
6777,8806
6768,8882
6733,8935
6759,8720
6801,8767
6872,8635
6951,8509
7044,8314
7171,8106
7318,7971
7521,7779
7660,7548
7802,7360
7907,7276
8074,7147
8268,6956
8320,6832
8390,6779
8480,6687
8485,6646
8518,6576
8500,6597
8481,6594
8501,6641
8591,6673
8603,6751
8514,6854
8483,6971
8430,7105
8271,7267
8187,7443
8144,7579
8083,7656
7904,7787
7705,7933
7544,7961
7425,8077
7297,8212
7161,8233
7081,8193
7014,8202
6913,8239
6917,8199
6924,8059
6935,7911
7065,7801
7211,7676
7366,7524
7610,7409
7817,7304
8073,7195
8377,7077
8600,6988
8884,6901
9001,6794
9217,6701
9351,6633
9521,6581
9627,6550
9791,6516
9894,6535
9868,6556
9921,6554
9650,6605
9382,6698
9248,6812
9136,6910
8927,7012
8690,7149
8493,7279
8214,7472
8036,7615
7838,7842
7622,7968
7497,8127
7292,8287
7079,8494
6956,8651
6858,8810
6758,8911
6668,9044
6607,9000
6579,9036
6613,9066
6673,8953
6743,8807
6799,8637
6916,8472
6982,8376
7100,8136
7189,7933
7227,7722
7344,7531
7411,7328
7424,7189
7507,7017
7460,6866
7597,6737
7679,6686
7746,6674
7750,6651
7841,6666
7841,6722
7835,6774
7863,6872
7918,7017
7901,7106
7840,7189
7757,7281
7711,7437
7631,7578
7572,7698
7474,7757
7394,7857
7303,7915
7221,7961
7093,8099
7018,8162
6911,8155
6845,8100
6769,8027
6758,7982
6746,7927
6848,7784
6932,7708
7056,7593
7275,7426
7467,7274
7715,7201
7996,7052
8337,6980
8535,6862
8752,6811
9000,6786
9307,6733
9641,6666
9809,6635
10127,6607
10192,6609
10281,6577
10396,6632
10395,6640
10329,6680
10332,6721
10240,6768
9953,6835
9847,6891
9765,7048
9539,7170
9419,7328
9166,7476
8793,7594
8507,7739
8285,7872
7945,8007
7782,8202
7591,8292
7331,8322
7207,8450
7106,8497
7111,8543
7122,8418
7171,8416
7260,8394
7393,8347
7532,8309
7740,8191
8009,8127
8232,7993
8488,7727
8787,7571
9038,7407
9300,7206
9586,7100
9769,6950
9960,6865
10117,6781
10169,6722
10227,6734
10313,6746
10446,6783
10390,6868
10277,6937
10301,7062
10241,7165
10235,7315
9992,7501
9748,7662
9549,7877
9267,8058
8879,8179
8573,8433
8301,8567
8085,8861
7896,9054
7762,9156
7608,9138
7415,9134
7293,9134
7313,9118
7295,9135
7307,9128
7353,9014
7431,8878
7591,8616
7773,8437
7944,8308
8185,8121
8423,7799
8883,7791
9067,7525
9530,7599
10257,7287
10671,7192
10837,6995
11056,6905
11152,6853
11378,6804
11433,6806
11321,6816
11356,6898
11257,6976
11206,7097
11064,7187
10970,7319
10731,7456
10572,7639
10468,7885
10211,8166
9866,8320
9577,8567
9245,8749
8989,8922
8729,9142
8305,9392
7973,9624
7723,9780
7448,9929
7289,10017
7308,10052
7284,10010
7283,9987
7400,10033
7536,9997
7749,9933
7967,9700
8183,9416
8393,9113
8680,8746
8904,8397
9205,8062
9636,7795
10044,7563
10396,7362
10625,7159
11003,7017
11224,6943
11446,6968
11525,6977
11640,7046
11747,7105
11608,7243
11448,7370
11347,7525
11036,7677
10662,7906
10400,8167
10127,8443
9782,8764
9421,9046
9167,9423
8895,9813
8563,10148
8279,10514
8058,10638
7867,10878
7667,11035
7465,11058
7256,11076
7171,10953
7116,10740
7109,10559
7202,10412
7258,10336
7400,10128
7699,9855
7943,9573
8252,9309
8685,9020
9016,8643
9398,8370
9739,8099
10138,7781
10493,7554
10857,7331
11123,7128
11422,6981
11477,6926
11561,6984
11588,7035
11683,7152
11571,7267
11571,7418
11426,7632
11210,7919
10725,8162
10377,8376
9853,8554
9379,8792
8923,8942
8506,9185
8154,9400
7820,9592
7504,9683
7235,9762
7061,9803
6974,9974
6981,10112
7003,10177
7029,10160
7179,10046
7314,10055
7508,9947
7792,9667
8071,9368
8355,9065
8571,8890
8970,8622
9316,8388
9730,8203
9451,7933
9730,7687
9967,7415
9499,7292
8550,7163
7565,7105
6985,7102
6605,7140
6382,7231
6287,7323
6233,7427
6189,7646
6183,7928
6166,8260
6153,8597
6162,9010
6140,9357
6150,9709
6141,9898
6144,10205
6143,10459
6148,10743
6143,10940
6147,10949
6142,11151
6128,11351
6132,11133
6125,10844
6124,10649
6133,10370
6126,10145
6121,9869
6122,9646
6126,9247
6122,8786
6118,8332
6121,8048
6120,7794
6134,7471
6115,7297
6113,7123
6112,7052
6112,6998
6126,6935
6110,6861
6125,6841
6116,6824
6120,6838
6108,6914
6109,6931
6121,7043
6119,7059
6113,7170
6114,7314
6124,7322
6112,7342
6113,7356
6104,7217
6112,7011
6108,6695
6112,6496
6111,6362
6116,6254
6110,6217
6111,6190
6104,6176
6108,6138
6107,6152
6100,6133
6112,6137
6110,6114
6099,6132
6113,6129
6099,6120
6108,6130
6098,6129
6097,6127
6104,6097
6103,6085
6105,6078
6100,6072
6104,6073
6119,6076
6098,6056
6106,6082
6112,6065
6106,6073
6100,6081
6103,6060
6106,6055
6111,6057
6104,6070
6112,6069
6104,6047
6102,6059
6107,6062
6101,6047
6103,6059
6106,6072
6099,6079
6118,6067
6106,6058
6111,6061
6098,6070
6102,6053
6107,6043
6102,6053
6099,6059
6108,6068
6110,6047
6104,6060
6104,6066
6107,6056
6104,6056
6106,6057
6122,6058
6109,6054
6116,6051
6107,6057
6113,6059
6115,6066
6109,6061
6106,6048
6116,6051
6106,6038
6105,6045
6110,6046
6115,6052
6104,6054
6119,6058
6097,6053
6101,6059
6103,6032
6107,6041
6111,6061
6102,6036
6110,6049
6115,6044
6104,6034
6104,6063
6106,6039
6117,6053
6111,6055
6113,6044
6110,6044
6115,6054
6048,6020
6093,6071
6107,6054
6071,6012
6117,6063
6108,6044
6101,6046
6107,6048
6114,6052
6121,6047
6093,6043
6100,6036
6117,6036
6110,6040
6107,6052
6112,6043
6116,6058
6108,6064
6104,6047
6114,6037
6098,6046
6105,6057
6112,6043
6110,6047
6104,6041
6103,6049
6100,6040
6107,6052
6102,6039
6103,6033
6109,6051
6110,6053
6112,6055
6110,6053
6101,6049
6101,6048
6097,6047
6102,6040
6105,6054
6111,6045
6101,6052
6102,6039
6104,6052
6104,6046
6099,6066
6105,6046
6095,6051
6104,6056
6113,6047
6111,6047
6101,6038
6104,6056
6100,6049
6115,6056
6104,6043
6104,6033
6107,6049
6096,6057
6113,6043
6104,6043
6108,6040
6101,6055
6102,6042
6111,6044
6121,6049
6107,6044
6109,6045
6104,6047
6098,6056
6111,6054
6103,6053
6110,6049
6099,6049
6103,6044
6112,6037
6120,6035
6102,6045
6101,6042
6110,6049
6103,6052
6096,6036
6101,6045
6104,6038
6106,6052
6108,6064
6095,6040
6094,6051
6106,6059
6101,6050
6110,6055
6111,6026
6115,6051
6106,6051
6098,6051
6104,6054
6100,6042
6102,6043
6103,6042
6096,6045
6105,6045
6094,6040
6101,6027
6111,6047
6096,6055
6091,6054
6092,6048
6091,6036
6097,6046
6096,6033
6098,6048
6115,6045
6101,6034
6097,6043
6111,6042
6097,6055
6107,6042
6108,6050
6108,6038
6099,6043
6101,6034
6097,6044
6098,6048
6148,6158
6095,6042
6097,6040
6093,6049
6099,6058
6095,6048
6093,6042
6096,6035
6094,6051
6101,6057
6093,6033
6101,6049
6111,6046
6103,6035
6103,6046
6096,6055
6099,6036
6096,6047
6105,6031
6099,6056
6095,6056
6103,6041
6093,6059
6099,6044
6108,6050
6097,6053
6091,6052
6100,6053
6094,6055
6106,6049
6103,6040
6096,6041
6102,6059
6097,6051
6111,6054
6097,6053
6086,6040
6099,6047
6100,6041
6098,6041
6099,6061
6101,6037
6098,6049
6111,6056
6100,6046
6105,6048
6110,6040
6103,6030
6098,6048
6100,6044
6114,6056
6107,6048
6103,6053
6092,6068
6099,6042
6104,6033
6104,6045
6103,6056
6106,6056
6102,6056
6102,6048
6107,6038
6098,6060
6101,6034
6098,6049
6102,6033
6106,6047
6096,6023
6098,6056
6104,6065
6100,6055
6104,6068
6103,6059
6110,6067
6104,6051
6108,6055
6115,6047
6107,6054
6112,6057
6117,6056
6105,6045
6112,6051
6107,6064
6105,6048
6103,6054
6107,6056
6113,6043
6104,6058
6101,6054
6107,6043
6103,6053
6109,6052
6099,6059
6102,6025
6105,6049
6111,6047
6106,6052
6112,6046
6111,6061
6106,6063
6105,6056
6098,6042
6096,6043
6105,6047
6108,6050
6102,6055
6097,6051
6104,6046
6110,6059
6098,6063
6094,6055
6104,6038
6112,6040
6105,6047
6102,6056
6107,6047
6105,6031
6105,6047
6105,6042
6102,6050
6103,6043
6090,6062
6105,6042
6106,6041
6098,6056
6100,6056
6110,6055
6096,6041
6091,6051
6106,6053
6096,6049
6102,6052
6097,6049
6117,6056
6100,6036
6105,6059
6103,6051
6106,6051
6095,6042
6099,6044
6101,6045
6100,6049
6102,6050
6112,6059
6101,6048
6102,6048
6108,6057
6246,6145
5873,5845
6137,6139
6080,5886
6075,5997
5971,5991
6043,6006
6069,6016
6116,6056
6112,6072
6111,6050
6091,6046
6108,6055
6118,6058
6105,6056
6109,6055
6123,6049
6114,6056
6111,6054
6109,6043
6116,6056
6118,6055
6120,6040
6116,6052
6114,6031
6115,6043
6120,6065
6116,6048
6116,6043
6113,6044
6112,6046
6118,6050
6113,6035
6112,6049
6121,6063
6111,6048
6112,6057
6107,6046
6122,6053
6104,6048
6105,6040
6108,6051
6104,6049
6112,6063
6110,6052
6107,6046
6110,6040
6110,6041
6103,6040
6107,6051
6106,6051
6118,6058
6112,6043
6105,6049
6111,6041
6102,6039
6120,6049
6116,6035
6117,6042
6106,6045
6105,6050
6099,6049
6106,6051
6110,6041
6114,6040
6111,6046
6114,6055
6117,6052
6108,6056
6101,6049
6107,6045
6107,6035
6105,6050
6112,6053
6117,6042
6106,6040
6108,6044
6114,6051
6115,6046
6108,6063
6113,6053
6106,6050
6115,6037
6109,6061
6102,6052
6111,6056
6114,6051
6102,6056
6112,6046
6096,6041
6101,6036
6112,6054
6111,6044
6104,6056
6116,6054
6112,6055
6107,6055
6105,6023
6108,6046
6131,6019
6110,6041
6110,6045
6114,6053
6122,6062
6111,6059
6097,6049
6112,6065
6110,6052
6113,6044
6110,6055
6110,6045
6115,6062
6120,6050
6109,6059
6123,6044
6107,6041
6117,6042
6118,6049
6111,6053
6104,6046
6108,6051
6111,6053
6115,6051
6107,6064
6112,6058
6110,6039
6118,6049
6118,6047
6115,6057
6116,6048
6110,6056
6109,6055
6110,6044
6116,6058
6123,6053
6115,6052
6115,6055
6113,6054
6113,6054
6120,6047
6110,6051
6116,6049
6110,6060
6113,6060
6111,6058
6113,6053
6122,6044
6117,6052
6119,6050
6109,6049
6113,6046
6113,6054
6108,6061
6110,6047
6108,6061
6114,6051
6119,6046
6117,6058
6116,6044
6122,6056
6122,6056
6118,6045
6114,6035
6115,6058
6115,6049
6114,6050
6115,6052
6113,6036
6116,6051
6112,6052
6109,6038
6113,6053
6111,6065
6110,6038
6119,6045
6117,6048
6112,6055
6111,6065
6117,6058
6118,6065
6115,6053
6117,6054
6117,6054
6112,6058
6113,6052
6117,6039
6117,6046
6115,6040
6115,6053
6120,6057
6108,6028
6119,6057
6109,6055
6110,6048
6113,6059
6118,6053
6114,6051
6107,6068
6118,6056
6111,6057
6115,6055
6119,6049
6109,6053
6113,6054
6113,6054
6113,6056
6117,6056
6110,6056
6106,6057
6111,6056
6113,6046
6110,6056
6117,6055
6106,6063
6111,6058
6108,6052
6102,6051
6111,6061
6110,6054
6110,6054
6110,6046
6116,6060
6113,6053
0,26
0,61680
0,0
6111,6046
5596,5576
5602,5577
5603,5566
5602,5570
5594,5571
5600,5568
5599,5571
5597,5574
5815,5753
6315,6306
6264,6299
6311,6289
6308,6294
6283,6307
6286,6307
6292,6310
6283,6307
6288,6303
6290,6322
6292,6329
6304,6316
6313,6339
6286,6328
6323,6338
6297,6320
6300,6335
6288,6338
6301,6318
6311,6326
6302,6328
6298,6328
6270,6331
6280,6328
6283,6318
6282,6322
6291,6314
6293,6331
6304,6360
6311,6348
6288,6333
6280,6329
6272,6327
6283,6356
6287,6372
6282,6330
6306,6352
6283,6340
6287,6324
6273,6334
6289,6331
6284,6353
6292,6380
6305,6339
6289,6340
6301,6359
6298,6339
6315,6306
6310,6330
6303,6346
6305,6343
6311,6320
6283,6323
6275,6290
6270,6314
6289,6334
6307,6340
6296,6329
6318,6338
6308,6323
6308,6342
6290,6323
6293,6323
6276,6323
6283,6315
6294,6307
6286,6319
6281,6314
6302,6315
6297,6315
6295,6322
6285,6335
6279,6345
6314,6321
6309,6306
6284,6329
6271,6328
6268,6347
6279,6364
6289,6313
6284,6326
6290,6328
6283,6331
6302,6333
6302,6338
6299,6358
6296,6341
6271,6333
6281,6321
6288,6333
6288,6349
6281,6306
6296,6310
6290,6293
6281,6300
6279,6301
6266,6311
6285,6331
6290,6301
6297,6333
6298,6326
6280,6310
6264,6344
6289,6344
6292,6333
6281,6342
6287,6324
6291,6336
6288,6321
6282,6304
6307,6331
6281,6331
6293,6360
6289,6334
6287,6328
6274,6335
6274,6351
6303,6330
6274,6317
6280,6318
6289,6331
6278,6344
6290,6354
6279,6349
6294,6339
6295,6342
6298,6313
6282,6304
6293,6317
6281,6333
6288,6351
6286,6335
6305,6329
6288,6352
6273,6346
6294,6327
6292,6342
6293,6338
6289,6352
6290,6322
6281,6307
6290,6347
6285,6330
6294,6333
6299,6325
6287,6345
6288,6367
6274,6352
6282,6330
6298,6327
6273,6327
6270,6337
6267,6325
6286,6335
6288,6354
6279,6315
6308,6342
6308,6351
6283,6330
6262,6327
6279,6332
6265,6334
6282,6332
6270,6356
6285,6337
6286,6327
6296,6353
6285,6331
6274,6374
6282,6358
6269,6345
6267,6322
6286,6325
6280,6322
6272,6340
6278,6338
6291,6324
6273,6335
6293,6365
6272,6367
6282,6375
6292,6372
6270,6356
6265,6348
6262,6361
6342,6447
6291,6376
6258,6368
6270,6353
6281,6351
6273,6353
6300,6408
6290,6378
6277,6353
6262,6347
6267,6389
6262,6390
6277,6354
6274,6354
6253,6330
6260,6352
6262,6346
6270,6343
6273,6375
6279,6358
6268,6374
6295,6364
6260,6369
6263,6403
6260,6365
6279,6399
6269,6379
6266,6363
6249,6374
6241,6360
6262,6359
6258,6353
6252,6373
6273,6384
6279,6385
6261,6380
6257,6372
6263,6347
6254,6354
6249,6360
6245,6362
6252,6360
6258,6385
6260,6358
6254,6371
6242,6392
6267,6385
6267,6380
6252,6409
6246,6397
6265,6413
6242,6408
6251,6411
6243,6371
6276,6411
6254,6366
6258,6351
6248,6380
6265,6391
6248,6379
6270,6382
6257,6424
6276,6416
6266,6406
6241,6389
6257,6377
6248,6371
6246,6377
6255,6387
6251,6375
6255,6360
6236,6356
6257,6362
6235,6366
6234,6353
6240,6392
6260,6397
6226,6390
6227,6384
6237,6364
6244,6384
6255,6389
6256,6393
6249,6388
6256,6415
6260,6392
6240,6401
6252,6381
6247,6407
6245,6386
6257,6362
6243,6416
6246,6389
6250,6390
6243,6388
6235,6377
6244,6367
6242,6361
6248,6389
6246,6361
6248,6390
6246,6401
6246,6387
6249,6385
6247,6366
6239,6368
6233,6382
6249,6383
6249,6364
6231,6374
6244,6401
6234,6394
6229,6369
6213,6345
6218,6377
6238,6352
6218,6339
6231,6338
6238,6342
6262,6364
6241,6379
6245,6400
6225,6416
6237,6407
6228,6426
6237,6408
6229,6412
6240,6383
6237,6404
6209,6395
6215,6391
6236,6391
6231,6378
6247,6414
6246,6408
6234,6408
6235,6406
6232,6399
6225,6401
6247,6373
6239,6384
6249,6391
6240,6373
6244,6366
6237,6386
6241,6352
6231,6385
6235,6391
6233,6403
6211,6393
6225,6375
6241,6415
6225,6376
6239,6375
6226,6345
6223,6350
6220,6362
6225,6347
6236,6362
6225,6374
6241,6381
6238,6362
6223,6380
6228,6385
6242,6393
6226,6394
6226,6401
6226,6389
6226,6413
6223,6386
6231,6371
6234,6396
6235,6401
6224,6408
6241,6416
6224,6420
6218,6400
6229,6399
6217,6391
6226,6409
6214,6374
6214,6387
6225,6405
6232,6416
6227,6433
6230,6409
6214,6403
6223,6419
6222,6409
6220,6448
6224,6428
6224,6426
6226,6399
6208,6425
6225,6408
6227,6406
6229,6398
6223,6402
6233,6391
6219,6413
6220,6396
6230,6394
6219,6375
6230,6364
6215,6385
6213,6404
6213,6410
6215,6386
6221,6428
6218,6398
6221,6428
6225,6436
6219,6403
6219,6412
6226,6415
6223,6424
6219,6450
6211,6394
6235,6405
6233,6409
6220,6413
6221,6380
6208,6383
6213,6377
6226,6369
6215,6331
6226,6349
6209,6357
6214,6360
6226,6345
6233,6373
6227,6380
6221,6376
6213,6396
6236,6379
6212,6398
6216,6399
6206,6403
6219,6422
6219,6401
6218,6411
6217,6443
6225,6427
6215,6433
6215,6431
6214,6409
6215,6434
6222,6426
6221,6411
6230,6406
6233,6379
6209,6381
6219,6404
6209,6403
6222,6414
6223,6426
6223,6421
6216,6408
6209,6390
6216,6400
6211,6393
6212,6399
6223,6413
6226,6407
6225,6401
6207,6412
6210,6361
6342,6403
6222,6378
6229,6402
6185,6304
6235,6410
6274,6424
6228,6338
6195,6327
6223,6328
6257,6364
6237,6378
6242,6401
6229,6382
6220,6383
6217,6420
6223,6402
6213,6381
6213,6386
6224,6392
6221,6391
6204,6380
6219,6378
6212,6376
6218,6401
6211,6381
6219,6370
6220,6366
6228,6372
6225,6342
6242,6356
6222,6379
6223,6393
6223,6375
6223,6384
6230,6386
6231,6407
6232,6383
6232,6375
6228,6370
6233,6372
6236,6376
6228,6366
6227,6377
6232,6368
6240,6373
6224,6399
6216,6392
6229,6385
6219,6372
6209,6358
6227,6384
6213,6401
6219,6378
6233,6396
6228,6390
6224,6374
6233,6355
6215,6360
6221,6357
6231,6354
6223,6365
6230,6365
6230,6354
6230,6366
6219,6376
6242,6387
6225,6378
6235,6378
6231,6373
6209,6378
6231,6364
6239,6366
6219,6352
6228,6351
6223,6353
6230,6358
6231,6377
6218,6382
6225,6344
6237,6344
6233,6346
6229,6347
6228,6349
6230,6332
6229,6361
6229,6331
6227,6344
6216,6337
6223,6361
6228,6377
6231,6358
6225,6333
6232,6361
6233,6340
6221,6354
6235,6375
6221,6347
6230,6358
6226,6350
6227,6385
6235,6353
6239,6345
6240,6361
6230,6361
6237,6358
6221,6378
6225,6355
6227,6356
6238,6358
6227,6346
6232,6336
6233,6313
6217,6301
6240,6328
6236,6328
6237,6334
6233,6311
6237,6317
6224,6331
6234,6319
6244,6318
6245,6318
6247,6336
6224,6340
6221,6324
6219,6328
6218,6337
6220,6326
6209,6329
6230,6335
6225,6337
6241,6338
6222,6343
6239,6335
6215,6321
6219,6332
6224,6346
6229,6344
6232,6344
6235,6329
6226,6327
6226,6347
6215,6326
6220,6326
6224,6342
6245,6330
6226,6351
6240,6342
6235,6313
6237,6334
6232,6338
6237,6357
6234,6352
6235,6335
6233,6344
6234,6325
6221,6316
6230,6328
6233,6355
6241,6344
6241,6352
6244,6346
6254,6373
6262,6358
6244,6354
6261,6333
6258,6328
6253,6339
6252,6332
6270,6341
6272,6351
6281,6339
6305,6329
6307,6339
6332,6374
6371,6312
6394,6351
6417,6348
6467,6370
6519,6344
6573,6363
6619,6346
6661,6311
6686,6324
6719,6338
6696,6346
6701,6331
6676,6328
6661,6336
6634,6346
6637,6332
6682,6337
6703,6357
6787,6360
6895,6364
7074,6342
7226,6339
7391,6337
7599,6338
7793,6312
7966,6322
8111,6325
8283,6312
8413,6342
8582,6368
8675,6358
8799,6359
8832,6384
8825,6399
8811,6424
8849,6430
8732,6459
8672,6454
8488,6473
8396,6531
8351,6569
8258,6582
8126,6653
7936,6713
7697,6736
7501,6796
7320,6888
7133,6951
6992,7003
6906,7061
6823,7147
6838,7225
6876,7307
6946,7362
7094,7400
7269,7429
7377,7466
7541,7499
7684,7502
7734,7486
7911,7450
8080,7364
8260,7290
8459,7162
8628,7010
8846,6932
8915,6808
8921,6745
9024,6735
9117,6745
9217,6745
9231,6755
9160,6775
9094,6810
9013,6846
9009,6903
8849,6998
8666,7102
8532,7170
8354,7267
8143,7398
7996,7544
7826,7722
7650,7836
7474,8013
7347,8103
7219,8178
7168,8265
7081,8392
7018,8438
6997,8372
7016,8246
7113,8176
7373,7965
7290,7970
7345,7808
7546,7605
7774,7591
7999,7442
8156,7360
8319,7250
8441,7165
8602,7079
8743,6997
8912,6936
9014,6899
9020,6891
9033,6903
9063,6926
9011,6933
9056,6953
9011,7032
8986,7095
8942,7271
8833,7434
8697,7589
8503,7746
8350,7896
8172,8151
7968,8353
7737,8559
7529,8693
7360,8808
7183,8940
7062,9022
6948,9013
6897,9018
6895,9001
6968,9054
7073,8984
7137,8898
7293,8818
7442,8655
7726,8450
7962,8355
8304,8183
8645,8050
8841,7829
9103,7649
9367,7485
9688,7306
9760,7191
10063,7087
10216,6992
10314,6891
10385,6794
10449,6776
10452,6773
10293,6829
10103,6890
9933,6991
9739,7070
9567,7177
9440,7344
9232,7562
9025,7643
8736,7790
8541,8006
8285,8246
8016,8475
7728,8575
7608,8817
7461,8979
7374,9074
7269,9092
7154,9144
7087,9156
7050,9038
7045,8993
7063,8885
7059,8792
7130,8535
7242,8353
7391,8162
7522,7991
7668,7831
7852,7655
8098,7455
8354,7282
8619,7161
8910,7047
9146,6961
9344,6865
9510,6807
9797,6817
9969,6789
9977,6810
10013,6903
10043,6962
10184,7130
10064,7293
9969,7497
9914,7663
9679,7796
9434,8016
9153,8204
8958,8406
8689,8543
8370,8654
8141,8719
7888,8845
7654,8951
7420,9049
7251,8999
7044,8860
6932,8940
6872,9028
6814,8988
6835,8911
6913,8849
7013,8778
7159,8712
7285,8610
7432,8527
7588,8325
7745,8119
7873,7935
7996,7705
8141,7597
8293,7418
8390,7264
8509,7096
8587,6950
8613,6833
8668,6795
8778,6767
8858,6731
8857,6771
8893,6816
8873,6902
8794,7024
8630,7157
8538,7297
8441,7496
8271,7692
8112,7855
7971,8092
7795,8322
7653,8407
7396,8544
7197,8661
7063,8689
6927,8827
6815,8841
6798,8807
6778,8843
6749,8765
6789,8643
6788,8457
6839,8256
6888,8146
6924,7950
7012,7826
7056,7639
7115,7538
7233,7396
7348,7312
7486,7199
7668,7079
7891,6968
8142,6867
8325,6770
8482,6713
8635,6640
8769,6620
8907,6584
9057,6641
9095,6652
9069,6703
9020,6772
8935,6851
8839,6927
8698,7043
8599,7171
8429,7258
8193,7391
8048,7528
7827,7675
7666,7794
7420,7842
7239,7944
7097,8030
6919,7985
6838,8047
6739,8020
6744,7975
6729,7896
6756,7891
6795,7862
6878,7788
6950,7708
7059,7683
7192,7568
7315,7477
7420,7399
7558,7328
7722,7227
7888,7066
7954,6952
8135,6858
8210,6740
8353,6654
8473,6612
8662,6531
8777,6500
8860,6497
8919,6547
8983,6570
8963,6649
8918,6720
8881,6873
8785,7003
8728,7096
8598,7213
8427,7319
8267,7483
8021,7594
7790,7747
7605,7850
7484,7957
7324,8040
7146,8055
7056,8065
6958,8032
6863,7974
6818,7956
6825,7889
6825,7777
6872,7699
6918,7571
6975,7473
7087,7381
7179,7304
7267,7232
7521,7150
7726,7056
7833,6962
8092,6864
8232,6776
8408,6698
8559,6645
8656,6579
8805,6539
8988,6538
9030,6523
9111,6566
9069,6637
9036,6681
8983,6777
8877,6872
8829,6992
8674,7174
8432,7323
8337,7466
8219,7644
8014,7754
7819,7869
7617,8009
7438,8188
7257,8210
7115,8286
6980,8358
6920,8478
6950,8592
6882,8619
6792,8369
6732,8290
6813,8292
6840,8237
7008,8285
7078,8083
7297,7982
7475,7832
7582,7665
7773,7543
7992,7398
8124,7237
8334,7169
8629,7040
8821,6929
8851,6805
9019,6743
9169,6658
9193,6599
9153,6581
9278,6594
9268,6638
9271,6713
9233,6785
9013,6829
8967,6957
8831,7023
8657,7159
8482,7315
8292,7448
8096,7600
7920,7733
7723,7858
7568,7956
7433,8099
7289,8146
7159,8226
7026,8235
6926,8268
6840,8284
6820,8292
6812,8269
6829,8188
6911,8163
6994,8026
7140,7993
7291,7858
7480,7700
7648,7543
7786,7335
8031,7215
8260,7105
8495,6980
8754,6900
8905,6831
9032,6799
9124,6754
9247,6706
9217,6684
9299,6687
9306,6704
9302,6764
9362,6815
9408,6891
9391,7057
9396,7169
9173,7304
8819,7394
8500,7570
8296,7721
8025,7896
7825,8037
7636,8270
7433,8299
7218,8387
7053,8522
6932,8640
6834,8747
6771,8734
6765,8912
6736,8884
6770,8794
6815,8757
6868,8654
6955,8533
7055,8310
7181,8119
7343,7960
7511,7772
7633,7548
7819,7376
7962,7258
8099,7124
8250,6979
8289,6863
8404,6773
8496,6684
8463,6648
8521,6590
8511,6601
8484,6592
8508,6634
8547,6679
8588,6732
8563,6819
8518,6992
8401,7094
8283,7251
8221,7429
8165,7584
8070,7667
7888,7785
7735,7947
7526,8013
7443,8113
7282,8179
7137,8180
7054,8185
7023,8221
6934,8247
6912,8249
6925,8075
6959,7859
7076,7786
7230,7687
7410,7505
7632,7434
7808,7278
8139,7183
8406,7072
8573,6993
8869,6909
9076,6815
9217,6731
9346,6653
9512,6573
9603,6539
9773,6521
9895,6526
9903,6542
9799,6576
9611,6609
9372,6695
9225,6804
9104,6908
8901,7028
8721,7160
8501,7310
8235,7456
8015,7584
7807,7815
7657,7962
7476,8069
7315,8298
7087,8503
6943,8704
6862,8819
6766,8877
6674,9063
6618,8974
6595,9021
6616,9050
6658,8964
6737,8761
6825,8626
6897,8488
6991,8342
7111,8127
7179,7945
7252,7747
7346,7561
7415,7369
7430,7183
7482,7017
7505,6876
7607,6718
7678,6676
7745,6678
7758,6648
7824,6674
7842,6733
7824,6803
7878,6856
7899,7049
7903,7091
7827,7216
7806,7354
7687,7434
7648,7566
7584,7707
7482,7731
7391,7864
7321,7903
7194,8028
7107,8102
7003,8173
6901,8173
6841,8111
6777,8034
6775,7951
6771,7943
6849,7783
6945,7686
7078,7565
7256,7447
7484,7289
7725,7183
8000,7039
8319,6953
8519,6878
8734,6817
8990,6777
9332,6716
9641,6653
9841,6618
10057,6599
10162,6608
10312,6604
10394,6621
10392,6646
10345,6686
10304,6718
10209,6784
9992,6851
9907,6932
9728,7046
9530,7188
9391,7364
9181,7476
8797,7609
8512,7739
8248,7891
7920,8019
7755,8234
7549,8316
7338,8397
7211,8483
7091,8525
7096,8485
7097,8453
7179,8419
7265,8396
7370,8326
7539,8276
7755,8222
8013,8148
8220,7976
8531,7736
8776,7600
9035,7415
9280,7221
9564,7118
9804,6932
9949,6857
10153,6771
10211,6720
10209,6721
10350,6762
10375,6808
10419,6842
10356,6933
10353,7058
10231,7147
10222,7312
10000,7472
9818,7770
9585,7934
9168,8033
8878,8212
8552,8463
8338,8620
8079,8798
7920,9060
7808,9157
7631,9161
7408,9162
7323,9153
7267,9118
7298,9124
7303,9116
7363,9024
7475,8858
7609,8672
7796,8412
7960,8310
8192,8031
8476,7889
8914,7765
9300,7555
9712,7415
10169,7261
10592,7100
10886,7024
11064,6921
11138,6840
11343,6790
11406,6774
11331,6796
11345,6877
11282,6977
11138,7100
11077,7170
10938,7318
10738,7456
10628,7654
10509,7904
10213,8148
9896,8357
9547,8609
9242,8741
8966,8899
8729,9118
8340,9382
8009,9626
7725,9816
7462,9898
7324,10045
7257,10044
7261,10046
7275,10017
7403,10053
7528,9952
7708,9887
7956,9703
8168,9426
8407,9046
8684,8805
8921,8409
9237,8105
9631,7813
10027,7529
10356,7306
10641,7162
10929,7015
11183,6949
11464,6957
11569,6958
11676,7032
11713,7099
11650,7222
11366,7356
11297,7511
11070,7714
10757,7938
10389,8187
10164,8448
9812,8733
9470,9043
9148,9431
8892,9786
8581,10156
8266,10447
8037,10676
7806,10818
7644,11004
7494,11097
7260,11064
7198,10960
7119,10776
7117,10569
7185,10448
7254,10294
7401,10154
7672,9881
7930,9551
8294,9299
8650,8975
8987,8634
9412,8342
9787,8104
10110,7787
10498,7562
10878,7333
11096,7123
11453,6973
11547,6944
11604,6965
11602,7026
11620,7153
11584,7278
11523,7413
11382,7650
11185,7856
10753,8170
10370,8363
9885,8556
9340,8733
8923,8963
8504,9185
8165,9408
7840,9513
7533,9700
7261,9701
7049,9813
6965,9989
6982,10085
6998,10153
7035,10145
7160,10056
7327,10101
7503,10001
7771,9696
8081,9360
8367,9138
8612,8905
8913,8628
9323,8392
9677,8168
9493,7923
9683,7648
9955,7434
9493,7282
8521,7138
7622,7081
6985,7110
6626,7156
6380,7242
6306,7316
6225,7452
6199,7642
6189,7947
6160,8214
6163,8585
6163,9011
6153,9326
6148,9678
6147,9941
6143,10237
6138,10459
6140,10674
6140,10939
6135,10933
6143,11144
6129,11254
6122,11092
6119,10864
6127,10668
6146,10408
6119,10091
6117,9903
6118,9674
6121,9245
6119,8769
6128,8368
6120,8008
6125,7751
6129,7512
6114,7328
6126,7150
6120,7037
6114,6994
6120,6938
6113,6856
6122,6830
6112,6847
6123,6895
6112,6937
6111,6929
6116,7042
6120,7056
6113,7158
6112,7299
6118,7320
6116,7373
6115,7383
6104,7251
6112,6981
6114,6695
6106,6487
6116,6360
6104,6274
6108,6225
6118,6192
6093,6175
6107,6147
6109,6151
6113,6119
6117,6126
6104,6103
6103,6131
6110,6112
6112,6134
6114,6133
6101,6124
6098,6137
6110,6111
6101,6085
6112,6081
6102,6071
6114,6073
6116,6084
6097,6071
6111,6050
6107,6082
6102,6068
6106,6076
6116,6079
6108,6068
6098,6066
6106,6066
6105,6062
6110,6064
6101,6058
6101,6046
6108,6054
6108,6059
6096,6063
6109,6066
6101,6062
6114,6067
6106,6055
6105,6052
6105,6065
6105,6060
6104,6061
6112,6074
6110,6067
6112,6054
6106,6060
6115,6052
6110,6051
6104,6058
6113,6058
6113,6053
6109,6046
6110,6054
6110,6061
6119,6058
6112,6061
6107,6057
6105,6055
6112,6056
6109,6053
6031,5951
6181,6063
6020,5858
6358,5928
6161,6188
6216,6177
6108,6059
6111,6065
6131,6065
6138,6085
6088,6045
6097,6060
6115,6043
6100,6055
6116,6056
6104,6048
6105,6048
6119,6057
6116,6048
6112,6048
6112,6043
6111,6057
6110,6053
6109,6041
6112,6063
6106,6056
6109,6050
6115,6057
6119,6049
6110,6050
6111,6057
6103,6053
6107,6047
6113,6047
6115,6064
6106,6037
6112,6054
6116,6051
6102,6046
6104,6047
6107,6054
6103,6054
6101,6041
6107,6052
6108,6051
6105,6056
6105,6061
6101,6055
6104,6054
6105,6051
6106,6050
6106,6049
6104,6049
6102,6058
6107,6049
6093,6054
6103,6056
6099,6049
6102,6049
6114,6045
6114,6049
6106,6055
6102,6046
6094,6047
6106,6057
6101,6056
6106,6055
6104,6047
6101,6065
6108,6056
6110,6042
6106,6047
6114,6047
6099,6055
6110,6062
6108,6048
6098,6053
6107,6051
6111,6052
6104,6061
6106,6045
6107,6059
6094,6060
6097,6052
6112,6050
6115,6060
6099,6058
6100,6055
6102,6032
6102,6031
6099,6050
6102,6053
6103,6062
6090,6041
6099,6053
6119,6047
6111,6046
6105,6057
6101,6048
6100,6058
6104,6053
6100,6052
6098,6043
6100,6051
6099,6051
6102,6061
6104,6045
6096,6053
6107,6046
6099,6032
6105,6044
6108,6060
6107,6056
6095,6036
6101,6023
6111,6040
6103,6060
6101,6049
6115,6031
6097,6051
6104,6049
6098,6038
6095,6045
6109,6050
6099,6057
6096,6040
6104,6043
6098,6033
6099,6040
6099,6033
6115,6046
6108,6039
6101,6054
6098,6047
6108,6049
6096,6038
6102,6047
6114,6044
6106,6049
6091,6054
6105,6050
6097,6048
6104,6052
6104,6048
6095,6059
6099,6057
6094,6037
6115,6047
6094,6054
6088,6055
6105,6056
6099,6061
6096,6048
6086,6048
6099,6046
6107,6051
6095,6046
6105,6045
6098,6051
6091,6062
6105,6100
6109,6056
6097,6058
6094,6048
6108,6052
6094,6056
6095,6052
6104,6047
6097,6044
6098,6058
6096,6058
6092,6055
6104,6040
6102,6060
6101,6048
6093,6053
6106,6050
6109,6047
6102,6052
6092,6053
6104,6051
6099,6054
6099,6034
6112,6056
6101,6047
6103,6054
6106,6050
6103,6049
6110,6046
6112,6050
6110,6042
6102,6049
6091,6042
6104,6051
6109,6042
6106,6054
6099,6060
6103,6042
6110,6053
6109,6053
6111,6056
6107,6060
6106,6051
6096,6051
6109,6044
6109,6054
6116,6046
6102,6058
6103,6047
6106,6058
6098,6038
6101,6052
6108,6057
6101,6054
6104,6065
6100,6060
6114,6054
6112,6047
6111,6059
6114,6047
6098,6053
6110,6051
6120,6060
6102,6047
6113,6060
6111,6063
6109,6054
6103,6035
6111,6054
6106,6060
6112,6047
6098,6063
6110,6055
6106,6057
6110,6058
6115,6050
6101,6061
6108,6050
6106,6052
6113,6048
6100,6060
6095,6063
6101,6043
6108,6050
6104,6045
6100,6034
6103,6056
6108,6045
6101,6060
6094,6041
6101,6057
6108,6047
6110,6048
6101,6048
6110,6053
6106,6059
6106,6055
6099,6054
6104,6051
6104,6043
6101,6051
6103,6056
6105,6060
6106,6051
6097,6060
6102,6054
6091,6042
6101,6051
6114,6062
6099,6005
6068,6036
6114,6055
6102,6049
6053,5997
6143,6066
6102,6060
6122,6061
6110,6059
6108,6056
6106,6047
6102,6048
6104,6040
6102,6043
6107,6050
6103,6048
6101,6046
6105,6058
6107,6034
6099,6048
6097,6055
6108,6049
6114,6049
6108,6063
6101,6046
6103,6063
6106,6036
6104,6052
6113,6057
6120,6047
6105,6040
6112,6044
6106,6048
6113,6047
6114,6048
6109,6050
6111,6053
6121,6047
6110,6048
6114,6076
6114,6047
6116,6049
6112,6054
6121,6043
6119,6054
6116,6043
6113,6050
6124,6054
6118,6061
6112,6053
6110,6052
6105,6064
6103,6055
6114,6050
6117,6045
6103,6061
6119,6056
6114,6042
6110,6030
6109,6056
6111,6055
6108,6055
6107,6058
6102,6048
6109,6057
6113,6060
6107,6054
6109,6059
6109,6038
6102,6052
6108,6051
6110,6037
6118,6050
6114,6050
6108,6051
6114,6044
6096,6040
6109,6058
6118,6060
6107,6057
6105,6050
6104,6062
6097,6064
6109,6062
6104,6055
6117,6050
6114,6042
6111,6068
6114,6064
6099,6041
6104,6038
6115,6047
6104,6044
6116,6040
6108,6053
6110,6046
6107,6033
6106,6036
6115,6049
6121,6047
6102,6049
6113,6041
6107,6037
6110,6045
6117,6055
6106,6051
6121,6038
6118,6051
6113,6034
6113,6059
6108,6061
6117,6053
6111,6050
6109,6055
6101,6060
6113,6045
6113,6056
6105,6050
6097,6042
6101,6052
6112,6050
6113,6047
6108,6049
6106,6055
6123,6060
6107,6056
6105,6048
6107,6055
6114,6051
6113,6046
6120,6050
6113,6054
6120,6059
6110,6058
6114,6061
6110,6055
6076,6066
6160,6056
6127,6058
6103,6046
6113,6052
6112,6061
6112,6060
6116,6067
6114,6046
6120,6062
6119,6059
6120,6052
6110,6058
6122,6054
6113,6050
6120,6060
6118,6051
6114,6049
6121,6066
6127,6063
6112,6049
6117,6058
6119,6062
6113,6044
6117,6049
6118,6063
6118,6063
6118,6055
6124,6054
6121,6056
6107,6059
6114,6021
6115,6052
6119,6051
6115,6051
6116,6047
6118,6048
6123,6049
6116,6055
6120,6054
6110,6051
6113,6050
6121,6055
6114,6061
6113,6063
6117,6039
6118,6054
6116,6056
6116,6056
6118,6054
6116,6041
6110,6034
6108,6049
6117,6060
6117,6043
6117,6059
6115,6061
6113,6054
6110,6058
6111,6056
6120,6051
6112,6060
6114,6062
6113,6062
6117,6050
6116,6053
6114,6056
6111,6061
6124,6061
6115,6058
6117,6055
6117,6055
6114,6063
6117,6074
6113,6059
6115,6053
6109,6051
6120,6053
6110,6059
6114,6060
6114,6048
6115,6062
6118,6049
6111,6052
6112,6059
6114,6058
6111,6067
6112,6062
6116,6056
6117,6049
6124,6065
6111,6052
6110,6052
6110,6052
6107,6047
6121,6061
6111,6061
6114,6044
6120,6049
6122,6040
6111,6034
6119,6056
6117,6060
6116,6052
6118,6048
6117,6060
6110,6051
6115,6054
0,34
0,61680
0,0
6114,6066
5608,5572
5598,5554
5604,5575
5602,5584
5599,5575
5601,5580
5600,5570
5601,5574
5819,5752
6313,6322
6287,6299
6312,6285
6307,6301
6276,6308
6290,6294
6292,6302
6282,6296
6292,6306
6294,6313
6310,6349
6283,6319
6296,6342
6291,6349
6302,6341
6304,6322
6299,6327
6288,6332
6317,6329
6323,6319
6301,6316
6297,6340
6268,6334
6287,6350
6290,6321
6274,6314
6293,6314
6286,6328
6294,6370
6306,6377
6291,6340
6287,6323
6276,6331
6284,6346
6287,6353
6278,6331
6309,6335
6287,6345
6290,6326
6284,6319
6274,6329
6280,6349
6278,6364
6306,6343
6291,6322
6308,6358
6295,6337
6316,6329
6308,6344
6288,6321
6314,6330
6309,6318
6292,6326
6267,6294
6281,6302
6303,6317
6296,6348
6288,6347
6307,6333
6321,6345
6291,6353
6296,6305
6294,6326
6293,6322
6291,6310
6293,6304
6291,6326
6304,6328
6300,6305
6305,6324
6299,6343
6288,6343
6287,6348
6304,6329
6297,6327
6292,6322
6274,6314
6277,6366
6288,6368
6284,6320
6278,6324
6298,6318
6290,6350
6290,6358
6307,6341
6308,6364
6287,6339
6281,6331
6286,6327
6282,6342
6284,6331
6284,6285
6292,6316
6295,6307
6282,6315
6279,6313
6265,6308
6286,6347
6296,6303
6309,6320
6289,6337
6265,6331
6268,6338
6285,6322
6297,6328
6289,6366
6279,6307
6303,6328
6291,6340
6298,6295
6301,6335
6290,6341
6300,6363
6301,6333
6294,6331
6292,6335
6282,6338
6298,6339
6287,6327
6285,6320
6298,6342
6291,6344
6292,6346
6284,6362
6289,6335
6280,6334
6293,6332
6290,6320
6299,6317
6281,6345
6297,6355
6280,6357
6293,6333
6279,6338
6286,6346
6287,6350
6305,6342
6289,6351
6277,6332
6287,6329
6268,6326
6284,6350
6287,6338
6291,6338
6313,6346
6304,6331
6290,6369
6273,6351
6285,6338
6305,6340
6287,6320
6280,6337
6265,6338
6292,6330
6289,6362
6281,6350
6300,6346
6304,6363
6281,6338
6255,6359
6263,6332
6263,6333
6194,6297
6273,6342
6000,6057
6362,6421
6272,6332
6477,6321
6283,6330
6264,6438
6286,6331
6247,6303
6294,6353
6285,6335
6274,6325
6277,6351
6301,6304
6288,6340
6289,6353
6270,6347
6272,6371
6290,6353
6264,6353
6265,6378
6271,6384
6274,6387
6275,6350
6283,6365
6268,6361
6288,6359
6281,6360
6286,6378
6274,6383
6271,6378
6280,6359
6279,6379
6260,6387
6268,6361
6282,6370
6263,6343
6253,6349
6270,6350
6273,6349
6279,6385
6276,6366
6276,6383
6300,6379
6265,6381
6244,6386
6263,6374
6257,6393
6259,6371
6281,6358
6254,6370
6246,6363
6265,6367
6255,6357
6266,6382
6264,6371
6283,6367
6255,6391
6263,6361
6262,6365
6257,6383
6241,6358
6248,6362
6246,6378
6265,6402
6254,6371
6243,6361
6243,6372
6261,6388
6258,6390
6255,6387
6243,6413
6262,6414
6250,6375
6244,6410
6252,6392
6274,6395
6255,6374
6249,6352
6247,6380
6263,6388
6251,6371
6267,6373
6268,6420
6273,6424
6260,6405
6243,6390
6244,6391
6250,6375
6253,6396
6260,6398
6247,6363
6244,6357
6236,6345
6253,6353
6247,6364
6251,6372
6242,6396
6241,6386
6211,6387
6242,6380
6236,6382
6243,6398
6238,6396
6252,6385
6248,6384
6258,6390
6253,6388
6250,6390
6246,6396
6232,6389
6250,6391
6246,6378
6259,6402
6248,6380
6251,6397
6240,6388
6240,6399
6242,6396
6235,6357
6256,6382
6256,6374
6244,6387
6230,6420
6231,6397
6239,6379
6239,6383
6238,6378
6241,6388
6251,6395
6243,6359
6239,6373
6243,6378
6252,6403
6236,6346
6235,6361
6221,6363
6234,6362
6226,6351
6230,6350
6237,6350
6263,6378
6250,6376
6241,6407
6239,6406
6243,6418
6233,6422
6240,6416
6241,6408
6239,6387
6237,6400
6230,6402
6227,6380
6228,6382
6226,6397
6233,6412
6240,6391
6238,6399
6237,6401
6245,6382
6224,6394
6226,6371
6232,6370
6251,6381
6234,6387
6237,6379
6228,6379
6241,6369
6240,6391
6231,6411
6232,6412
6219,6403
6225,6393
6242,6416
6232,6369
6226,6355
6224,6326
6223,6352
6221,6360
6223,6324
6232,6354
6239,6382
6246,6389
6224,6380
6219,6407
6228,6398
6228,6391
6239,6401
6233,6395
6236,6407
6224,6416
6218,6385
6221,6386
6229,6416
6234,6417
6231,6387
6236,6422
6223,6414
6226,6387
6225,6398
6236,6401
6205,6429
6222,6395
6211,6394
6224,6408
6232,6413
6224,6420
6224,6417
6214,6426
6217,6423
6231,6409
6223,6436
6232,6425
6224,6410
6227,6412
6201,6422
6218,6435
6226,6399
6217,6392
6222,6404
6231,6407
6231,6421
6234,6408
6221,6393
6228,6402
6228,6387
6222,6373
6219,6404
6210,6393
6220,6400
6223,6407
6232,6405
6231,6414
6222,6438
6231,6381
6210,6418
6226,6425
6223,6434
6220,6448
6211,6389
6234,6409
6236,6429
6223,6404
6222,6376
6209,6362
6214,6372
6232,6359
6217,6344
6231,6340
6218,6339
6225,6346
6234,6350
6229,6368
6230,6386
6228,6378
6226,6390
6222,6375
6218,6396
6226,6405
6219,6409
6218,6432
6211,6410
6232,6417
6228,6443
6216,6446
6210,6418
6216,6421
6211,6429
6179,6195
6138,6345
6279,6470
6235,6403
6235,6433
6208,6390
6193,6362
6205,6394
6212,6395
6218,6410
6210,6402
6212,6400
6216,6414
6210,6422
6206,6420
6213,6395
6225,6435
6224,6405
6219,6413
6216,6393
6211,6366
6214,6394
6213,6413
6214,6403
6219,6385
6216,6378
6225,6399
6224,6366
6218,6380
6236,6363
6222,6379
6228,6374
6219,6363
6232,6394
6209,6390
6211,6426
6221,6407
6208,6402
6219,6395
6214,6383
6206,6385
6212,6378
6218,6385
6213,6363
6214,6388
6216,6379
6218,6354
6212,6355
6223,6367
6216,6349
6236,6376
6236,6373
6226,6385
6229,6389
6236,6383
6222,6407
6234,6391
6220,6371
6223,6382
6232,6374
6226,6370
6230,6384
6228,6369
6224,6355
6228,6383
6233,6410
6219,6413
6227,6380
6231,6365
6228,6356
6226,6328
6216,6374
6222,6388
6232,6383
6227,6375
6219,6396
6215,6399
6231,6356
6232,6369
6237,6385
6232,6352
6223,6363
6228,6361
6233,6363
6231,6370
6204,6416
6228,6383
6234,6376
6238,6380
6228,6384
6233,6377
6227,6370
6242,6374
6223,6362
6231,6345
6224,6359
6225,6343
6229,6385
6216,6377
6225,6353
6221,6358
6233,6365
6234,6361
6224,6346
6220,6350
6226,6354
6243,6340
6218,6353
6237,6337
6232,6354
6235,6361
6236,6356
6232,6339
6226,6336
6226,6357
6231,6330
6234,6387
6220,6347
6231,6368
6227,6343
6228,6374
6248,6354
6240,6356
6236,6336
6230,6351
6236,6371
6243,6359
6223,6380
6242,6371
6241,6369
6226,6357
6227,6338
6230,6330
6218,6330
6227,6339
6236,6315
6229,6323
6243,6330
6237,6356
6232,6359
6220,6329
6247,6322
6232,6324
6234,6343
6235,6343
6222,6323
6217,6325
6231,6319
6235,6329
6225,6344
6232,6363
6226,6350
6217,6324
6234,6337
6232,6348
6219,6330
6234,6331
6232,6340
6225,6344
6234,6335
6223,6341
6229,6322
6229,6333
6221,6340
6224,6353
6237,6351
6239,6349
6214,6320
6231,6342
6234,6348
6230,6331
6236,6350
6241,6356
6233,6351
6232,6346
6229,6362
6226,6353
6229,6327
6220,6322
6227,6351
6234,6363
6237,6374
6246,6380
6250,6349
6262,6360
6251,6354
6252,6351
6255,6316
6252,6351
6256,6326
6270,6349
6266,6346
6288,6350
6305,6339
6310,6344
6327,6339
6365,6333
6381,6333
6435,6352
6480,6359
6512,6368
6569,6348
6611,6326
6644,6322
6688,6321
6715,6345
6719,6350
6691,6358
6687,6330
6656,6337
6641,6356
6653,6335
6667,6346
6721,6342
6776,6375
6931,6366
7086,6327
7216,6356
7417,6344
7588,6327
7809,6331
7942,6327
8132,6338
8270,6331
8428,6347
8576,6379
8631,6361
8785,6368
8838,6391
8834,6390
8800,6395
8856,6435
8751,6446
8647,6458
8533,6489
8379,6519
8333,6556
8212,6607
8116,6668
7985,6726
7731,6762
7465,6806
7305,6869
7135,6944
7002,6984
6862,7064
6835,7157
6834,7256
6878,7306
6933,7364
7101,7370
7248,7400
7376,7471
7553,7486
7692,7500
7762,7503
7898,7422
8084,7269
8283,7269
8469,7120
8656,7001
8798,6913
8938,6805
8950,6731
9034,6743
9164,6717
9240,6733
9260,6758
9235,6768
9100,6822
8968,6781
8826,6736
8904,7051
8718,7132
8596,7204
8259,7126
8147,7416
8014,7512
7824,7750
7657,7866
7513,8008
7366,8119
7247,8189
7139,8296
7075,8372
7012,8423
7000,8397
6998,8264
7096,8214
7206,8052
7306,7971
7396,7850
7641,7756
7800,7584
7944,7479
8143,7346
8343,7256
8452,7154
8620,7083
8721,7018
8902,6947
8988,6899
9063,6897
9038,6900
9101,6904
9028,6901
9047,6961
9061,7030
9003,7132
8952,7250
8836,7403
8681,7562
8484,7758
8316,7910
8196,8128
7973,8343
7758,8521
7524,8703
7349,8791
7195,8953
7037,9023
6968,9037
6886,9052
6882,9062
6975,9036
7063,9019
7154,8923
7285,8794
7466,8671
7694,8481
7954,8319
8273,8230
8578,8072
8806,7858
9101,7670
9353,7479
9667,7320
9821,7228
10024,7078
10207,6981
10347,6867
10393,6786
10463,6768
10486,6773
10243,6829
10087,6884
9948,6984
9734,7093
9561,7200
9450,7362
9303,7566
9042,7662
8751,7789
8531,8019
8329,8260
8004,8447
7760,8618
7620,8811
7457,8981
7346,9095
7239,9103
7173,9098
7097,9169
7073,9071
7036,8960
7049,8904
7084,8782
7125,8519
7219,8335
7406,8134
7553,8014
7658,7821
7882,7660
8152,7460
8366,7311
8611,7177
8874,7034
9094,6942
9312,6873
9501,6829
9793,6783
9950,6809
9989,6819
10040,6914
10068,7015
10181,7128
10043,7310
9971,7504
9873,7645
9657,7849
9415,8007
9159,8215
8928,8388
8679,8527
8409,8676
8113,8793
7888,8886
7669,8981
7444,9052
7244,8985
7076,8883
6930,8922
6838,9026
6816,8935
6832,8919
6894,8883
7011,8749
7143,8716
7297,8639
7438,8514
7598,8355
7749,8103
7873,7880
7990,7750
8144,7584
8319,7454
8407,7239
8559,7120
8593,6959
8650,6855
8697,6802
8749,6765
8841,6769
8843,6784
8925,6827
8843,6895
8824,7024
8624,7141
8575,7315
8407,7487
8265,7673
8132,7871
7927,8070
7806,8239
7613,8439
7385,8556
7219,8646
7052,8753
6927,8871
6842,8857
6818,8836
6759,8833
6738,8744
6761,8638
6807,8433
6826,8291
6908,8094
6944,7918
6982,7813
7079,7671
7122,7594
7221,7419
7322,7310
7495,7195
7655,7063
7905,6939
8179,6866
8371,6762
8468,6717
8687,6679
8765,6637
8966,6631
9028,6626
9092,6653
9079,6710
9029,6757
8987,6837
8834,6932
8701,7032
8604,7153
8426,7238
8262,7406
8029,7517
7859,7679
7649,7801
7435,7841
7224,7917
7114,8054
6929,8017
6796,8051
6758,8004
6748,7971
6734,7943
6737,7863
6808,7843
6908,7800
6964,7736
7050,7631
7227,7576
7308,7470
7436,7405
7564,7309
7749,7215
7853,7068
7997,6950
8124,6842
8245,6724
8353,6655
8467,6613
8644,6531
8802,6511
8904,6492
8940,6558
9033,6559
9017,6643
8969,6748
8890,6862
8831,6969
8708,7087
8601,7235
8372,7362
8255,7462
7996,7617
7820,7733
7610,7873
7470,7939
7311,8063
7174,8065
7050,8097
6956,8049
6867,8002
6826,7930
6818,7901
6829,7828
6883,7722
6923,7587
6971,7486
7099,7419
7199,7311
7283,7243
7484,7154
7745,7035
7873,6928
8044,6833
8274,6753
8393,6696
8403,6537
8664,6583
8808,6547
9006,6591
9082,6522
9103,6565
9060,6603
9034,6685
9025,6746
8913,6888
8799,7012
8664,7180
8468,7308
8377,7434
8236,7626
8029,7732
7841,7892
7644,8010
7447,8156
7292,8211
7135,8316
7030,8403
6920,8422
6851,8449
6809,8431
6784,8416
6792,8368
6789,8313
6852,8239
6939,8211
7072,8115
7261,7998
7410,7806
7578,7706
7776,7522
7973,7401
8163,7242
8345,7159
8631,7047
8815,6943
8925,6825
9026,6745
9116,6665
9155,6598
9125,6565
9255,6612
9285,6638
9251,6689
9201,6764
9030,6857
8979,6955
8829,7023
8617,7162
8524,7298
8312,7477
8101,7590
7936,7731
7751,7862
7614,7953
7427,8121
7318,8150
7146,8230
6994,8254
6940,8261
6865,8281
6862,8281
6817,8276
6831,8208
6906,8138
6969,8048
7117,7979
7290,7857
7477,7698
7647,7536
7792,7358
8027,7234
8238,7106
8515,6968
8756,6894
8952,6825
9029,6815
9191,6736
9176,6698
9257,6697
9284,6682
9257,6692
9277,6770
9395,6834
9431,6895
9354,7043
9400,7194
9184,7283
8830,7420
8460,7586
8250,7749
8020,7907
7848,8041
7628,8279
7431,8340
7242,8404
7062,8517
6923,8631
6846,8722
6766,8827
6761,8901
6712,8908
6762,8765
6803,8769
6880,8660
6949,8539
7024,8310
7164,8112
7325,7953
7525,7774
7652,7576
7780,7387
7924,7248
8111,7143
8257,6991
8318,6846
8372,6764
8532,6695
8522,6624
8515,6609
8572,6582
8500,6602
8547,6632
8554,6688
8624,6753
8569,6834
8485,6959
8394,7082
8294,7253
8237,7476
8144,7561
8098,7657
7888,7803
7740,7918
7578,7977
7419,8101
7308,8187
7123,8206
7059,8177
7010,8191
6932,8236
6920,8218
6934,8138
6942,7868
7072,7778
7201,7680
7405,7514
7590,7411
7850,7275
8093,7190
8362,7084
8580,6980
8839,6906
9005,6810
9230,6728
9308,6656
9503,6589
9666,6560
9761,6514
9871,6506
9926,6543
9803,6561
9632,6610
9365,6701
9203,6804
9069,6902
8897,7023
8684,7131
8487,7288
8268,7455
8031,7628
7815,7801
7636,7951
7502,8126
7263,8326
7114,8504
6932,8665
6848,8827
6754,8899
6675,9024
6613,9010
6592,9035
6605,9084
6655,8959
6740,8776
6817,8668
6912,8490
6999,8306
7114,8121
7178,7914
7258,7735
7353,7498
7428,7362
7480,7162
7514,7012
7501,6845
7610,6758
7682,6683
7749,6650
7777,6655
7806,6680
7857,6719
7819,6780
7879,6858
7951,7001
7919,7080
7832,7222
7798,7290
7721,7444
7649,7623
7578,7663
7497,7754
7403,7859
7306,7919
7196,7987
7094,8083
7010,8183
6904,8186
6830,8094
6774,8064
6754,8022
6749,7924
6846,7821
6934,7698
7077,7583
7259,7428
7478,7295
7755,7175
8024,7056
8328,6983
8565,6894
8758,6817
9010,6797
9255,6724
9636,6665
9835,6608
10073,6596
10188,6605
10281,6579
10376,6631
10407,6644
10358,6665
10267,6703
10205,6770
10020,6857
9914,6919
9715,7061
9529,7189
9369,7362
9139,7461
8818,7603
8519,7725
8243,7886
7950,8013
7775,8217
7577,8279
7344,8347
7205,8466
7107,8552
7079,8516
7088,8461
7171,8431
7265,8409
7384,8344
7544,8274
7742,8193
7995,8119
7839,7536
8489,7673
8780,7556
8975,7358
9232,7152
9553,7078
9804,6943
9965,6843
10106,6760
10191,6704
10197,6724
10299,6733
10380,6780
10427,6857
10311,6923
10278,7035
10255,7137
10249,7346
9988,7514
9757,7707
9553,7920
9286,8071
8846,8231
8542,8446
8307,8586
8053,8793
7906,9047
7772,9151
7637,9164
7444,9156
7326,9116
7282,9152
7312,9130
7304,9124
7336,9017
7433,8861
7600,8618
7754,8462
7943,8258
8217,8107
8498,7899
8895,7752
9337,7557
9752,7403
10199,7284
10555,7139
10875,6978
11090,6907
11151,6845
11363,6795
11391,6798
11358,6814
11320,6899
11305,6984
11195,7108
11066,7201
10912,7335
10753,7454
10520,7678
10470,7906
10226,8171
9866,8296
9560,8600
9259,8736
8956,8905
8705,9125
8318,9381
7964,9647
7738,9776
7459,9894
7311,10017
7263,10057
7278,10055
7294,10012
7371,10031
7540,9986
7721,9904
7960,9749
8184,9441
8417,9067
8658,8736
8945,8412
9223,8086
9607,7775
10052,7553
10355,7356
10620,7142
10938,7057
11279,6962
11494,6968
11606,6960
11716,7012
11741,7069
11588,7226
11413,7359
11302,7502
11051,7681
10725,7915
10384,8185
10170,8435
9791,8779
9456,9081
9119,9432
8891,9830
8603,10138
8256,10466
8035,10653
7868,10867
7661,11022
7468,11092
7306,11093
7185,10952
7112,10747
7118,10595
7167,10352
7259,10307
7409,10119
7671,9906
7957,9550
8296,9298
8645,8999
9007,8667
9396,8366
9819,8108
10118,7810
10578,7548
10867,7348
11085,7124
11387,6984
11522,6941
11598,6990
11613,7028
11621,7105
11598,7246
11481,7443
11417,7660
11109,7898
10780,8133
10363,8356
9840,8536
9335,8767
8931,8941
8520,9184
8167,9366
7795,9513
7492,9688
7209,9729
7029,9845
6966,9995
6972,10126
6996,10184
7064,10175
7170,10078
7324,10110
7491,9961
7811,9707
8059,9329
8347,9144
8595,8852
8888,8669
9305,8372
9674,8172
9444,7920
9721,7626
9982,7447
9492,7295
8523,7174
7608,7117
6988,7134
6600,7150
6385,7199
6295,7318
6232,7435
6199,7606
6181,7945
6164,8233
6155,8567
6164,8970
6160,9343
6139,9664
6143,9960
6135,10214
6150,10457
6138,10709
6140,10945
6141,10940
6137,11147
6130,11292
6131,11140
6136,10826
6131,10714
6134,10391
6128,10180
6128,9873
6117,9621
6128,9293
6125,8775
6125,8343
6125,8024
6121,7753
6127,7515
6123,7289
6126,7127
6110,7050
6119,7004
6119,6936
6115,6873
6121,6835
6116,6814
6122,6853
6122,6925
6113,6953
6113,7032
6118,7061
6123,7166
6111,7325
6118,7358
6115,7348
6117,7347
6119,7243
6113,6999
6112,6705
6113,6498
6115,6364
6111,6254
6113,6211
6114,6192
6108,6180
6108,6143
6114,6140
6105,6127
6115,6135
6103,6126
6106,6121
6108,6124
6107,6128
6107,6142
6101,6150
6090,6131
6114,6100
6103,6076
6104,6076
6106,6074
6112,6069
6112,6071
6104,6063
6105,6065
6114,6071
6112,6070
6104,6070
6106,6069
6106,6061
6105,6059
6105,6060
6105,6063
6108,6060
6103,6057
6106,6065
6107,6057
6108,6058
6100,6071
6106,6074
6106,6054
6107,6064
6105,6062
6103,6063
6104,6058
6070,6011
6145,6085
6104,6076
6091,6050
6098,6040
6120,6064
6129,6071
6100,6063
6106,6061
6114,6050
6114,6062
6108,6050
6110,6053
6104,6057
6113,6047
6122,6064
6110,6053
6106,6065
6114,6060
6105,6044
6117,6055
6114,6062
6103,6054
6117,6115
6112,6047
6103,6049
6109,6050
6101,6042
6114,6041
6109,6043
6100,6048
6107,6059
6114,6054
6115,6048
6118,6055
6105,6042
6109,6044
6103,6063
6111,6034
6111,6053
6107,6051
6109,6045
6113,6051
6107,6046
6115,6058
6113,6063
6105,6048
6114,6054
6117,6051
6112,6048
6117,6048
6107,6038
6106,6047
6103,6044
6110,6057
6109,6035
6107,6049
6108,6046
6106,6046
6109,6036
6112,6038
6103,6030
6107,6041
6112,6054
6110,6047
6110,6050
6103,6042
6102,6059
6103,6047
6104,6051
6107,6043
6111,6050
6096,6057
6110,6051
6109,6048
6103,6051
6104,6055
6099,6047
6105,6053
6113,6059
6108,6052
6099,6057
6095,6046
6099,6051
6111,6062
6110,6053
6114,6059
6095,6046
6099,6051
6115,6060
6110,6053
6099,6049
6108,6040
6108,6044
6114,6060
6107,6056
6094,6075
6107,6050
6106,6054
6109,6057
6102,6045
6104,6036
6097,6062
6101,6044
6109,6051
6113,6043
6114,6042
6100,6056
6097,6049
6107,6039
6110,6044
6104,6050
6120,6062
6094,6059
6097,6059
6122,6055
6107,6054
6103,6046
6100,6053
6105,6053
6100,6053
6098,6048
6101,6047
6100,6051
6097,6038
6100,6040
6094,6038
6093,6050
6108,6051
6095,6053
6108,6041
6115,6042
6115,6063
6099,6061
6109,6046
6115,6053
6101,6062
6103,6051
6104,6037
6102,6039
6103,6043
6099,6041
6101,6042
6113,6048
6104,6055
6103,6039
6104,6044
6095,6034
6102,6051
6100,6037
6104,6049
6112,6044
6105,6047
6090,6036
6108,6053
6103,6043
6107,6043
6102,6053
6103,6042
6097,6043
6103,6051
6099,6047
6099,6046
6111,6047
6104,6034
6099,6049
6102,6050
6103,6042
6093,6035
6094,6052
6099,6053
6103,6051
6102,6053
6094,6046
6100,6046
6100,6048
6099,6042
6102,6044
6098,6051
6102,6029
6101,6039
6108,6047
6112,6047
6090,6040
6103,6047
6097,6049
6098,6045
6106,6044
6102,6065
6095,6048
6100,6050
6094,6050
6096,6043
6099,6051
6095,6051
6111,6051
6101,6037
6114,6041
6103,6049
6095,6040
6101,6060
6105,6047
6101,6051
6101,6052
6096,6042
6094,6035
6111,6046
6096,6057
6105,6045
6107,6045
6098,6030
6089,6048
6096,6036
6111,6067
6104,6054
6111,6046
6100,6060
6098,6042
6093,6056
6097,6048
6103,6046
6108,6044
6104,6047
6097,6035
6109,6048
6103,6044
6106,6054
6107,6058
6099,6049
6098,6058
6105,6047
6099,6045
6111,6050
6103,6042
6111,6058
6102,6060
6112,6055
6107,6043
6106,6045
6112,6047
6103,6056
6112,6058
6120,6052
6104,6055
6107,6049
6108,6058
6102,6056
6102,6057
6111,6058
6109,6039
6102,6058
6101,6040
6106,6043
6098,6047
6102,6054
6111,6056
6098,6055
6105,6049
6111,6052
6106,6043
6111,6048
6109,6053
6107,6054
6108,6042
6105,6029
6101,6050
6104,6056
6093,6056
6501,6386
6309,6384
5669,5507
6108,6038
6164,6120
6079,6026
6086,6044
6102,6036
6084,6016
6095,6037
6124,6072
6114,6063
6095,6062
6109,6057
6104,6058
6098,6047
6096,6053
6098,6038
6097,6049
6105,6045
6115,6057
6111,6039
6096,6057
6106,6053
6110,6046
6107,6044
6112,6049
6098,6048
6107,6052
6103,6052
6107,6055
6106,6049
6107,6047
6104,6037
6097,6055
6111,6046
6099,6039
6109,6046
6103,6066
6106,6053
6109,6045
6104,6047
6109,6055
6109,6067
6110,6061
6098,6044
6102,6055
6103,6057
6110,6055
6110,6058
6121,6046
6110,6050
6121,6049
6101,6048
6114,6046
6111,6047
6113,6051
6103,6036
6115,6056
6114,6044
6121,6059
6114,6035
6115,6043
6118,6038
6119,6048
6120,6050
6117,6037
6116,6043
6123,6047
6117,6053
6110,6056
6102,6062
6106,6065
6111,6051
6113,6038
6113,6054
6111,6059
6112,6051
6116,6041
6110,6039
6111,6061
6116,6042
6110,6052
6107,6054
6109,6043
6115,6057
6112,6055
6107,6051
6105,6057
6107,6037
6107,6041
6103,6036
6114,6050
6115,6054
6100,6052
6112,6050
6115,6049
6105,6039
6111,6049
6116,6075
6113,6053
6109,6054
6107,6056
6104,6058
6113,6048
6096,6060
6111,6048
6115,6045
6106,6054
6115,6053
6107,6064
6112,6053
6112,6040
6107,6050
6111,6039
6113,6053
6116,6049
6105,6064
6113,6044
6113,6043
6118,6043
6107,6056
6112,6059
6107,6050
6107,6049
6121,6050
6105,6042
6122,6057
6112,6056
6106,6044
6108,6039
6105,6058
6111,6054
6112,6052
6114,6060
6103,6060
6111,6066
6112,6055
6112,6063
6105,6055
6107,6042
6112,6051
6112,6045
6108,6046
6101,6060
6122,6051
6115,6055
6104,6059
6112,6061
6112,6057
6113,6042
6114,6059
6113,6050
6111,6047
6109,6063
6118,6056
6124,6047
6104,6046
6114,6058
6119,6049
6105,6051
6115,6057
6114,6053
6113,6048
6115,6052
6118,6049
6120,6051
6113,6064
6124,6053
6108,6049
6121,6057
6113,6058
6121,6057
6116,6054
6111,6056
6120,6057
6121,6050
6114,6051
6113,6060
6112,6063
6110,6049
6111,6058
6118,6051
6123,6057
6115,6055
6115,6055
6115,6053
6112,6055
6111,6054
6113,6046
6113,6062
6114,6047
6107,6053
6114,6053
6111,6041
6112,6062
6117,6054
6113,6050
6124,6054
6119,6062
6111,6066
6115,6057
6107,6045
6108,6055
6110,6055
6114,6056
6119,6063
6119,6063
6116,6060
6110,6056
6113,6045
6111,6065
6113,6058
6120,6060
6112,6061
6124,6051
6104,6060
6117,6053
6113,6054
6117,6050
6116,6043
6114,6046
6113,6051
6110,6059
6110,6061
6110,6056
6103,6053
6117,6048
6118,6058
6118,6058
6118,6020
6115,6047
6117,6039
6121,6050
6115,6051
6119,6053
6120,6056
6117,6048
6113,6056
6108,6048
6113,6063
6113,6059
6120,6049
6113,6056
6110,6055
6111,6058
6113,6055
6117,6041
6116,6054
6118,6053
6117,6057
6117,6057
6121,6056
6104,6041
6111,6041
6115,6055
6117,6060
6117,6060
6117,6045
6117,6048
6118,6058
6118,6053
6117,6060
6122,6058
6113,6056
0,32
0,61680
0,0
6110,6062
5596,5582
5593,5575
5610,5576
5609,5574
5602,5584
5597,5583
5602,5573
5598,5551
5814,5756
6320,6314
6288,6315
6301,6289
6305,6309
6274,6313
6293,6292
6295,6317
6285,6299
6291,6306
6299,6320
6288,6326
6303,6328
6297,6352
6287,6354
6312,6325
6303,6325
6296,6331
6284,6346
6297,6321
6326,6311
6301,6329
6303,6333
6260,6321
6281,6335
6273,6339
6288,6322
6279,6335
6299,6331
6317,6376
6309,6369
6300,6331
6282,6335
6282,6333
6276,6345
6274,6350
6281,6341
6311,6358
6304,6333
6290,6321
6290,6317
6285,6336
6287,6360
6274,6368
6295,6328
6280,6351
6307,6359
6294,6351
6315,6317
6328,6337
6296,6345
6322,6329
6315,6322
6280,6321
6276,6293
6276,6318
6292,6320
6317,6329
6293,6350
6305,6330
6321,6330
6303,6330
6304,6323
6290,6317
6282,6321
6297,6310
6285,6311
6285,6321
6281,6323
6300,6304
6306,6320
6292,6316
6299,6352
6275,6345
6307,6329
6310,6314
6293,6314
6283,6347
6278,6348
6274,6373
6279,6326
6282,6318
6278,6336
6284,6343
6305,6347
6303,6350
6315,6344
6301,6322
6270,6332
6280,6333
6291,6336
6282,6339
6277,6327
6303,6320
6283,6320
6283,6323
6276,6307
6256,6306
6297,6341
6303,6316
6300,6333
6290,6321
6264,6322
6265,6346
6288,6331
6299,6313
6285,6344
6292,6335
6297,6321
6292,6330
6268,6299
6294,6332
6290,6353
6289,6354
6289,6331
6298,6320
6290,6334
6284,6349
6315,6343
6285,6318
6283,6318
6308,6339
6298,6359
6278,6351
6279,6364
6281,6346
6280,6360
6296,6335
6297,6313
6297,6317
6281,6328
6287,6364
6288,6346
6298,6344
6276,6338
6276,6323
6290,6335
6289,6358
6299,6344
6297,6347
6268,6328
6288,6328
6342,6328
6348,6365
6324,6368
6386,6339
6334,6389
6272,6347
6272,6331
6283,6339
6302,6351
6291,6340
6287,6333
6260,6327
6305,6347
6288,6362
6273,6326
6292,6352
6304,6348
6280,6331
6247,6335
6262,6344
6266,6345
6268,6354
6283,6330
6289,6349
6284,6356
6289,6359
6288,6345
6278,6375
6271,6363
6272,6336
6279,6330
6283,6323
6271,6321
6275,6332
6280,6339
6298,6334
6265,6323
6284,6363
6267,6381
6276,6384
6289,6375
6267,6366
6263,6358
6272,6376
6274,6375
6268,6327
6266,6346
6270,6347
6278,6355
6269,6345
6278,6385
6273,6392
6273,6370
6269,6344
6279,6385
6262,6389
6266,6368
6275,6364
6256,6366
6253,6359
6274,6336
6280,6343
6273,6372
6279,6357
6287,6369
6287,6368
6256,6385
6263,6389
6247,6365
6269,6384
6267,6358
6265,6346
6253,6381
6238,6365
6272,6352
6259,6352
6261,6382
6266,6377
6269,6370
6270,6390
6265,6375
6260,6365
6264,6370
6246,6374
6254,6353
6247,6369
6254,6384
6265,6376
6271,6367
6251,6409
6256,6377
6253,6389
6248,6413
6255,6412
6272,6421
6249,6413
6257,6403
6249,6386
6278,6403
6271,6392
6259,6362
6241,6371
6263,6369
6244,6378
6260,6385
6261,6430
6283,6426
6259,6401
6249,6393
6241,6378
6247,6369
6243,6381
6254,6384
6254,6356
6251,6363
6232,6350
6254,6358
6243,6352
6263,6378
6243,6396
6251,6378
6232,6391
6231,6391
6234,6374
6247,6381
6249,6390
6259,6400
6261,6379
6252,6419
6246,6406
6257,6385
6249,6392
6254,6400
6241,6366
6236,6383
6245,6423
6248,6394
6247,6385
6237,6385
6252,6358
6237,6392
6249,6350
6249,6362
6252,6357
6241,6380
6241,6414
6236,6366
6246,6372
6237,6389
6236,6377
6246,6397
6251,6394
6239,6379
6245,6377
6246,6384
6248,6376
6231,6347
6227,6376
6236,6379
6233,6348
6220,6352
6242,6352
6246,6346
6251,6377
6246,6380
6244,6401
6245,6379
6229,6405
6233,6422
6240,6406
6233,6430
6241,6390
6234,6388
6229,6393
6232,6371
6232,6409
6239,6394
6237,6413
6230,6404
6239,6412
6226,6419
6237,6396
6222,6408
6231,6396
6250,6371
6252,6394
6239,6372
6249,6363
6240,6384
6228,6358
6243,6390
6232,6399
6227,6418
6225,6387
6234,6382
6233,6418
6224,6375
6232,6354
6220,6339
6223,6330
6216,6380
6225,6358
6236,6376
6238,6390
6233,6380
6237,6377
6221,6405
6235,6379
6230,6401
6239,6392
6235,6410
6227,6374
6231,6407
6223,6387
6217,6403
6234,6405
6236,6398
6219,6408
6243,6413
6220,6413
6224,6395
6227,6382
6221,6403
6219,6423
6222,6398
6214,6409
6217,6421
6232,6418
6225,6431
6241,6434
6225,6415
6222,6416
6228,6395
6215,6444
6237,6432
6221,6415
6225,6417
6212,6414
6232,6423
6228,6402
6207,6401
6224,6400
6221,6402
6228,6416
6222,6407
6227,6391
6221,6386
6219,6391
6221,6386
6217,6384
6215,6403
6219,6395
6234,6422
6223,6407
6223,6414
6223,6436
6218,6390
6204,6414
6220,6427
6221,6417
6212,6432
6218,6399
6221,6421
6233,6434
6235,6403
6222,6393
6210,6373
6215,6383
6225,6368
5995,6350
6122,6254
6227,6367
6337,6327
6265,6402
6256,6362
6271,6475
6252,6394
6194,6350
6203,6402
6233,6391
6230,6410
6185,6398
6212,6431
6196,6431
6221,6426
6219,6430
6215,6444
6215,6432
6211,6426
6215,6424
6225,6438
6215,6426
6207,6427
6219,6398
6224,6408
6221,6402
6215,6401
6211,6408
6212,6422
6214,6429
6215,6400
6218,6402
6231,6417
6218,6439
6231,6421
6226,6402
6213,6425
6217,6410
6208,6409
6211,6398
6210,6378
6208,6402
6219,6408
6201,6395
6227,6385
6216,6380
6223,6406
6215,6378
6214,6376
6231,6345
6228,6382
6222,6369
6224,6355
6233,6385
6221,6368
6220,6423
6206,6403
6216,6416
6211,6418
6216,6378
6216,6385
6211,6388
6215,6387
6214,6377
6216,6408
6216,6373
6208,6367
6223,6359
6222,6377
6219,6362
6235,6371
6234,6387
6229,6365
6225,6379
6219,6390
6223,6385
6225,6407
6217,6369
6204,6365
6228,6378
6229,6374
6236,6370
6221,6351
6226,6374
6237,6362
6227,6399
6239,6409
6216,6385
6224,6377
6230,6373
6212,6374
6226,6375
6228,6376
6223,6373
6231,6390
6226,6408
6235,6389
6234,6369
6220,6356
6228,6381
6234,6350
6227,6363
6229,6370
6239,6361
6232,6377
6214,6398
6236,6385
6232,6372
6236,6378
6213,6395
6228,6334
6219,6365
6235,6372
6227,6372
6232,6350
6230,6354
6223,6356
6224,6392
6217,6373
6226,6341
6238,6345
6241,6359
6250,6346
6221,6363
6224,6346
6229,6352
6234,6343
6237,6346
6226,6350
6229,6368
6222,6374
6243,6346
6219,6322
6225,6357
6249,6349
6226,6350
6218,6382
6214,6332
6228,6365
6240,6347
6209,6366
6243,6348
6235,6359
6234,6365
6233,6353
6242,6372
6241,6377
6231,6390
6226,6356
6241,6366
6233,6347
6236,6346
6226,6332
6221,6310
6243,6326
6226,6333
6225,6324
6218,6329
6232,6339
6247,6345
6239,6335
6257,6308
6247,6321
6239,6348
6234,6332
6221,6321
6219,6334
6226,6339
6228,6328
6222,6322
6231,6353
6229,6329
6238,6330
6225,6360
6227,6338
6223,6312
6224,6326
6238,6351
6247,6343
6242,6336
6237,6333
6230,6302
6230,6333
6220,6335
6220,6344
6233,6357
6235,6338
6224,6349
6236,6332
6223,6358
6226,6343
6231,6354
6231,6344
6230,6362
6224,6352
6234,6370
6232,6359
6227,6320
6222,6349
6232,6355
6255,6351
6245,6366
6244,6367
6246,6363
6261,6350
6262,6346
6260,6330
6252,6346
6252,6326
6259,6324
6261,6339
6278,6338
6284,6355
6315,6320
6297,6327
6331,6365
6374,6299
6384,6343
6425,6341
6475,6360
6516,6346
6567,6350
6615,6357
6627,6307
6679,6347
6710,6348
6706,6339
6681,6346
6690,6327
6666,6336
6652,6346
6656,6338
6669,6337
6715,6348
6804,6364
6921,6362
7047,6338
7215,6354
7407,6328
7550,6341
7781,6330
7949,6339
8105,6335
8281,6356
8465,6343
8570,6359
8694,6359
8814,6357
8881,6383
8866,6413
8774,6418
8877,6430
8747,6461
8659,6445
8530,6500
8402,6520
8327,6588
8247,6584
8105,6651
7926,6712
7703,6762
7467,6813
7306,6869
7129,6909
6997,7024
6865,7053
6822,7169
6812,7252
6954,7378
6979,7391
7108,7391
7234,7420
7367,7439
7573,7502
7707,7545
7739,7465
7895,7404
8063,7400
8291,7251
8464,7118
8607,7030
8772,6931
8929,6802
8928,6736
9045,6716
9155,6736
9242,6745
9221,6764
9189,6780
9107,6811
9021,6855
8974,6937
8873,7004
8682,7105
8537,7172
8308,7267
8161,7379
7986,7532
7818,7703
7650,7862
7495,8026
7390,8105
7275,8175
7163,8251
7061,8352
6993,8434
6993,8362
7024,8267
7123,8204
7198,8057
7345,7967
7429,7890
7610,7744
7799,7590
7977,7483
8132,7361
8306,7269
8471,7159
8564,7104
8740,6989
8879,6951
8985,6893
9064,6887
9027,6869
9107,6916
9005,6907
9069,6979
9018,7049
9021,7113
8928,7268
8812,7415
8666,7573
8518,7767
8348,7916
8178,8137
7943,8376
7760,8572
7562,8730
7385,8816
7211,8937
7040,9008
6970,8975
6881,9032
6894,9020
6963,9055
7052,8978
7142,8960
7296,8815
7498,8651
7716,8476
7953,8321
8357,8191
8617,8052
8845,7876
9084,7660
9377,7472
9629,7335
9781,7203
10045,7082
10160,6991
10303,6895
10396,6818
10486,6773
10457,6805
10273,6842
10111,6901
9938,6987
9755,7097
9604,7202
9466,7349
9224,7541
8996,7613
8693,7797
8544,8022
8285,8264
8016,8442
7739,8630
7612,8815
7454,8995
7321,9103
7232,9087
7185,9120
7070,9198
7030,9027
7026,8951
7054,8851
7084,8759
7139,8507
7243,8359
7390,8185
7520,8010
7685,7820
7892,7630
8118,7451
8344,7317
8658,7154
8899,7047
9111,6958
9311,6890
9504,6857
9732,6810
9927,6798
9980,6838
10017,6899
10125,7000
10100,7139
10017,7342
9976,7516
9944,7662
9661,7831
9394,8046
9162,8206
8902,8391
8683,8524
8432,8689
8135,8790
7904,8892
7678,8980
7420,9066
7244,8968
7060,8887
6922,8895
6855,9007
6823,8942
6842,8933
6882,8863
7042,8766
7137,8706
7287,8570
7446,8518
7613,8315
7758,8153
7925,7917
8047,7722
8144,7582
8323,7424
8426,7274
8511,7095
8564,6952
8651,6863
8693,6804
8766,6777
8801,6717
8846,6772
8890,6814
8863,6919
8826,7017
8606,7156
8523,7319
8413,7496
8266,7673
8119,7895
7952,8089
7815,8287
7620,8441
7381,8620
7213,8686
7046,8769
6902,8848
6846,8867
6784,8843
6768,8829
6746,8767
6755,8632
6803,8486
6846,8297
6898,8137
6931,7963
6988,7822
7065,7689
7139,7572
7211,7416
7366,7304
7515,7175
7682,7087
7905,6978
8162,6857
8325,6755
8478,6722
8648,6658
8786,6641
8895,6637
9026,6631
9092,6673
9031,6704
9024,6771
8893,6822
8849,6872
8709,7032
8596,7174
8490,7286
8246,7427
8021,7521
7837,7659
7653,7759
7407,7842
7287,7951
7116,8033
6913,8018
6830,8059
6738,7963
6716,7942
6737,7908
6730,7900
6809,7851
6870,7800
6971,7721
7077,7663
7209,7560
7308,7459
7421,7417
7568,7315
7750,7230
7857,7059
8008,6954
8122,6848
8218,6732
8360,6676
8465,6607
8654,6538
8813,6492
8878,6520
8964,6559
9011,6603
9014,6658
8885,6724
8900,6854
8796,6969
8721,7091
8586,7219
8435,7341
8273,7480
8010,7592
7816,7715
7611,7885
7426,8000
7286,8047
7160,8023
7445,8496
6789,7950
6761,7923
6833,7930
6885,7996
6790,7763
6883,7646
6948,7608
6980,7521
7088,7433
7192,7335
7299,7241
7474,7170
7705,7048
7835,6939
8061,6850
8282,6761
8412,6702
8593,6630
8721,6589
8843,6571
8954,6531
9080,6534
9084,6572
9046,6645
9074,6669
9006,6758
8861,6880
8822,7007
8669,7163
8482,7348
8373,7466
8232,7639
8025,7727
7801,7836
7642,7973
7441,8176
7256,8232
7130,8285
7048,8382
6903,8488
6832,8437
6816,8438
6790,8398
6769,8380
6799,8305
6859,8233
6975,8258
7074,8106
7263,7994
7409,7828
7566,7716
7745,7561
7983,7383
8164,7266
8334,7145
8581,7056
8810,6949
8865,6791
9021,6744
9165,6659
9188,6592
9183,6588
9270,6596
9255,6633
9268,6693
9214,6749
9024,6854
8982,6945
8837,7007
8630,7157
8501,7286
8348,7461
8078,7591
7913,7729
7719,7859
7614,7989
7412,8081
7311,8190
7128,8236
7010,8246
6943,8289
6867,8298
6850,8296
6823,8271
6836,8199
6923,8149
6978,8004
7126,7992
7271,7852
7435,7658
7631,7538
7770,7373
8015,7224
8219,7130
8483,7005
8750,6905
8937,6833
9021,6790
9192,6727
9251,6692
9311,6680
9308,6665
9306,6712
9298,6786
9356,6854
9407,6903
9410,7035
9358,7183
9162,7303
8839,7416
8508,7589
8282,7732
8039,7891
7813,8071
7585,8294
7410,8318
7255,8424
7091,8487
6923,8656
6839,8704
6788,8806
6764,8887
6740,8901
6770,8734
6797,8743
6872,8655
6943,8525
7033,8305
7191,8152
7327,7968
7525,7746
7629,7553
7807,7382
7928,7251
8078,7100
8289,6985
8312,6845
8386,6761
8503,6686
8456,6642
8510,6603
8493,6582
8509,6598
8535,6632
8552,6670
8552,6750
8563,6830
8497,6961
8378,7096
8306,7265
8216,7457
8152,7593
8114,7710
7860,7794
7690,7891
7544,7968
7456,8067
7330,8206
7138,8218
7081,8198
7007,8239
6888,8266
6925,8232
6921,8111
6967,7885
7060,7798
7246,7669
7365,7477
7609,7430
7791,7319
8089,7194
8414,7072
8599,6971
8839,6909
9027,6814
9182,6721
9360,6655
9506,6590
9652,6545
9797,6517
9866,6523
9878,6532
9871,6567
9669,6602
9374,6714
9256,6801
9117,6901
8913,7016
8705,7154
8512,7271
8237,7463
8032,7617
7821,7771
7660,7951
7485,8141
7288,8307
7071,8479
6958,8671
6850,8844
6762,8883
6654,8994
6633,8951
6606,8990
6624,9046
6657,8949
6750,8755
6817,8648
6912,8510
6984,8329
7098,8110
7212,7924
7271,7747
7335,7526
7427,7344
7473,7174
7512,7025
7521,6861
7597,6758
7682,6687
7719,6675
7753,6645
7839,6669
7837,6724
7799,6811
7853,6876
7940,7012
7899,7075
7841,7239
7820,7305
7678,7430
7621,7606
7584,7673
7482,7755
7388,7850
7306,7882
7199,8009
7103,8104
7002,8151
6910,8175
6847,8106
6788,8044
6766,7988
6766,7906
6840,7777
6949,7655
7086,7586
7254,7450
7474,7272
7731,7209
7971,7043
8279,6971
8540,6905
8732,6842
9032,6767
9299,6725
9637,6665
9823,6624
10113,6625
10232,6607
10293,6599
10399,6614
10346,6654
10362,6682
10308,6724
10277,6795
9968,6848
9800,6837
9793,7126
9647,7327
9316,7336
9118,7410
8850,7604
8532,7727
8249,7879
7967,8045
7797,8200
7585,8285
7340,8374
7178,8458
7121,8491
7072,8525
7110,8453
7152,8439
7257,8407
7358,8326
7541,8288
7760,8176
8004,8104
8232,7993
8518,7721
8802,7577
9069,7388
9285,7202
9532,7109
9784,6963
9978,6863
10180,6801
10228,6718
10234,6701
10296,6734
10386,6797
10471,6848
10294,6943
10330,7040
10255,7155
10208,7338
9995,7536
9754,7706
9538,7918
9239,8077
8904,8225
8581,8421
8289,8575
8088,8825
7989,9037
7766,9166
7620,9137
7425,9121
7326,9153
7297,9157
7284,9112
7312,9121
7354,9026
7432,8862
7567,8614
7783,8442
7942,8304
8187,8118
8490,7861
8912,7729
9386,7584
9752,7445
10168,7271
10579,7096
10851,7006
10973,6951
11134,6819
11347,6804
11403,6788
11294,6825
11335,6874
11309,6959
11143,7076
11040,7199
10921,7306
10778,7461
10606,7665
10474,7871
10191,8158
9855,8371
9632,8544
9292,8714
8998,8919
8734,9105
8334,9393
7960,9637
7738,9825
7477,9904
7322,10031
7256,10060
7267,10044
7291,10004
7398,10030
7535,9978
7756,9905
7962,9743
8167,9447
8412,9071
8691,8791
8934,8391
9276,8071
9626,7793
10040,7558
10409,7331
10639,7156
10960,7066
11249,6966
11537,6951
11573,6972
11675,7030
11726,7067
11531,7245
11427,7362
11337,7524
11073,7675
10721,7910
10430,8184
10137,8440
9773,8758
9457,9063
9147,9434
8883,9798
8618,10164
8266,10457
8082,10633
7857,10832
7631,10977
7475,11039
7279,11081
7167,10874
7103,10730
7098,10572
7137,10439
7227,10360
7426,10158
7650,9898
7925,9557
8285,9320
8642,8985
8973,8658
9426,8401
9785,8054
10187,7816
10482,7595
10853,7321
11117,7148
11420,6975
11498,6937
11584,7004
11566,7033
11590,7128
11597,7268
11495,7427
11423,7633
11174,7881
10770,8154
10323,8352
9847,8579
9350,8766
8909,8985
8507,9184
8166,9383
7794,9598
7477,9688
7222,9766
7047,9833
6952,10009
6963,10116
7007,10197
7046,10170
7143,10060
7325,10111
7496,9924
7771,9709
8066,9334
8330,9132
8598,8897
8938,8652
9340,8408
9724,8204
9442,7933
9715,7682
9971,7440
9476,7294
8549,7164
7644,7096
6984,7126
6612,7154
6404,7271
6290,7318
6219,7406
6200,7626
6173,7947
6171,8247
6156,8634
6146,8992
6150,9377
6146,9691
6131,9994
6149,10215
6146,10493
6141,10704
6144,10982
6135,10919
6140,11133
6127,11249
6118,11089
6122,10861
6130,10674
6131,10419
6128,10189
6118,9810
6119,9662
6133,9259
6124,8783
6122,8352
6122,8038
6123,7817
6127,7494
6117,7314
6117,7151
6107,7056
6113,6982
6118,6925
6112,6861
6121,6834
6115,6798
6124,6842
6118,6895
6115,6941
6127,7022
6120,7070
6117,7177
6113,7322
6118,7315
6117,7337
6118,7356
6106,7272
6116,7014
6110,6692
6115,6479
6116,6356
6108,6270
6113,6208
6112,6190
6106,6167
6097,6147
6107,6144
6104,6138
6115,6131
6108,6120
6108,6131
6107,6138
6106,6140
6108,6135
6106,6135
6103,6111
6105,6123
6098,6084
6103,6077
6097,6079
6117,6068
6118,6076
6101,6061
5894,5855
5854,5982
6103,6085
6159,6105
6160,6118
6028,6015
6072,6043
6110,6053
6112,6047
6106,6074
6099,6038
6093,6054
6103,6074
6110,6069
6108,6059
6115,6072
6105,6051
6111,6066
6106,6060
6108,6064
6105,6042
6113,6055
6099,6058
6104,6062
6110,6059
6113,6063
6107,6065
6106,6069
6103,6064
6108,6057
6112,6063
6113,6060
6109,6054
6097,6056
6103,6057
6111,6044
6114,6065
6112,6060
6097,6048
6112,6055
6107,6055
6107,6044
6108,6040
6118,6049
6114,6049
6116,6063
6113,6053
6108,6051
6105,6054
6111,6063
6114,6057
6102,6045
6102,6051
6112,6050
6111,6053
6113,6048
6112,6048
6110,6048
6114,6050
6114,6050
6107,6053
6115,6045
6107,6041
6108,6053
6109,6036
6113,6043
6110,6051
6113,6047
6112,6051
6110,6054
6114,6051
6113,6051
6108,6044
6099,6052
6105,6042
6107,6055
6103,6049
6112,6060
6109,6055
6106,6050
6112,6048
6105,6053
6104,6047
6103,6050
6110,6055
6102,6051
6106,6055
6100,6058
6096,6063
6108,6051
6109,6039
6104,6054
6116,6049
6101,6054
6110,6062
6108,6044
6101,6055
6105,6045
6096,6057
6104,6041
6111,6057
6111,6046
6106,6049
6104,6047
6098,6042
6104,6055
6101,6047
6105,6050
6103,6038
6103,6055
6113,6054
6112,6056
6102,6033
6112,6043
6101,6047
6111,6053
6111,6044
6105,6047
6106,6050
6095,6048
6112,6052
6106,6038
6104,6039
6099,6057
6105,6045
6115,6045
6111,6058
6110,6048
6106,6049
6101,6042
6111,6039
6105,6049
6104,6053
6111,6056
6094,6052
6105,6042
6117,6052
6117,6048
6110,6052
6107,6039
6106,6046
6111,6054
6095,6047
6107,6053
6106,6054
6113,6055
6106,6049
6098,6047
6095,6047
6111,6046
6102,6033
6105,6047
6105,6056
6120,6061
6102,6041
6104,6044
6100,6044
6107,6056
6112,6061
6116,6056
6095,6034
6106,6045
6099,6048
6101,6047
6113,6055
6103,6046
6096,6051
6104,6037
6101,6040
6098,6054
6090,6045
6105,6053
6109,6046
6102,6052
6098,6053
6112,6055
6106,6049
6103,6052
6116,6050
6118,6038
6098,6040
6099,6041
6097,6048
6097,6054
6105,6050
6100,6057
6096,6050
6097,6057
6107,6052
6100,6052
6093,6051
6099,6046
6102,6052
6099,6048
6092,6037
6099,6053
6110,6047
6098,6048
6108,6055
6104,6046
6103,6046
6103,6055
6101,6055
6102,6052
6098,6046
6105,6048
6092,6061
6099,6042
6101,6058
6097,6065
6089,6059
6104,6053
6098,6049
6099,6041
6103,6050
6096,6043
6118,6058
6105,6045
6115,6038
6095,6053
6089,6056
6112,6046
6101,6046
6102,6048
6098,6051
6099,6038
6100,6045
6104,6048
6103,6067
6107,6044
6112,6039
6101,6041
6097,6055
6100,6052
6106,6051
6107,6043
6099,6055
6098,6063
6102,6039
6111,6042
6107,6053
6104,6050
6098,6056
6109,6056
6101,6039
6101,6053
6104,6049
6104,6049
6107,6047
6100,6043
6102,6060
6092,6054
6101,6048
6105,6058
6100,6059
6113,6050
6103,6048
6110,6065
6112,6058
6100,6056
6115,6040
6106,6053
6109,6050
6116,6058
6102,6049
6110,6055
6115,6057
6096,6059
6086,6062
5937,5940
6146,6003
6128,6082
6107,6084
6114,6054
6099,6047
6099,6037
6113,6041
6103,6050
6098,6036
6113,6049
6111,6055
6114,6048
6098,6056
6106,6049
6107,6058
6109,6038
6093,6043
6101,6030
6106,6034
6115,6057
6101,6041
6104,6039
6107,6054
6101,6053
6098,6052
6098,6037
6112,6040
6110,6045
6104,6052
6097,6049
6100,6061
6106,6048
6111,6056
6106,6049
6105,6054
6101,6058
6099,6045
6100,6043
6103,6049
6107,6047
6103,6056
6100,6053
6101,6045
6111,6046
6105,6045
6100,6038
6098,6041
6103,6056
6108,6053
6103,6048
6106,6038
6102,6061
6104,6044
6109,6049
6110,6048
6098,6047
6104,6061
6110,6045
6108,6046
6101,6040
6104,6053
6114,6047
6112,6055
6120,6075
6104,6046
6104,6054
6100,6049
6105,6055
6116,6061
6119,6056
6105,6051
6107,6057
6104,6039
6114,6049
6109,6055
6102,6048
6110,6045
6114,6043
6108,6047
6114,6050
6107,6045
6112,6053
6115,6052
6116,6051
6121,6046
6115,6036
6117,6051
6126,6057
6111,6062
6115,6053
6113,6058
6110,6053
6110,6045
6114,6053
6109,6061
6114,6063
6115,6047
6123,6049
6106,6047
6112,6054
6113,6054
6104,6052
6111,6059
6105,6047
6112,6052
6113,6049
6103,6050
6104,6054
6105,6029
6105,6051
6112,6037
6109,6053
6110,6056
6111,6048
6108,6052
6107,6056
6099,6038
6103,6054
6113,6064
6112,6055
6110,6051
6110,6053
6097,6061
6111,6051
6104,6037
6113,6047
6110,6041
6101,6053
6111,6054
6104,6063
6113,6043
6106,6056
6096,6027
6110,6049
6112,6061
6116,6051
6108,6054
6110,6046
6114,6046
6108,6053
6108,6061
6113,6049
6110,6041
6113,6041
6116,6052
6101,6042
6110,6056
6118,6047
6109,6048
6111,6046
6110,6054
6101,6053
6112,6050
6110,6058
6097,6065
6115,6047
6118,6045
6110,6057
6097,6061
6105,6055
6108,6058
6108,6061
6109,6049
6110,6037
6119,6054
6102,6037
6100,6059
6119,6057
6116,6047
6111,6050
6112,6058
6103,6049
6122,6055
6111,6063
6121,6053
6114,6046
6110,6046
6118,6052
6121,6054
6112,6057
6101,6060
6110,6047
6109,6045
6114,6055
6114,6062
6123,6047
6119,6065
6123,6057
6111,6042
6117,6057
6114,6060
6123,6063
6115,6057
6107,6056
6126,6047
6121,6056
6113,6055
6118,6052
6120,6047
6118,6052
6112,6051
6120,6050
6118,6054
6110,6061
6109,6065
6109,6065
6113,6050
6119,6054
6118,6062
6113,6053
6118,6060
6112,6054
6121,6057
6118,6050
6118,6045
6121,6060
6122,6055
6117,6046
6114,6056
6113,6062
6111,6063
6114,6054
6113,6039
6109,6054
6117,6059
6117,6053
6119,6054
6119,6054
6118,6059
6117,6058
6121,6048
6119,6055
6124,6037
6113,6058
6113,6051
6111,6053
6119,6063
6117,6054
6115,6061
6115,6058
6113,6057
6121,6058
6116,6061
6115,6054
6122,6062
6112,6053
6116,6054
6112,6057
6113,6051
6113,6051
6119,6055
6112,6058
6117,6057
6113,6054
6119,6058
6119,6058
6114,6057
6114,6057
6116,6058
6113,6060
6115,6063
6113,6068
6116,6061
6118,6051
6113,6068
6119,6054
6119,6053
6121,6049
6118,6052
6115,6050
6115,6047
6115,6047
6116,6055
6126,6056
6118,6046
6113,6060
6111,6054
6116,6059
6112,6066
6110,6059
6115,6059
6118,6051
6115,6059
6116,6050
0,34
0,61680
0,0
6116,6043
5602,5574
5604,5564
5603,5563
5602,5561
5603,5559
5600,5565
5601,5576
5595,5564
5819,5757
6319,6335
6290,6311
6306,6293
6320,6321
6278,6312
6300,6294
6292,6319
6299,6297
6284,6306
6292,6321
6295,6331
6307,6335
6292,6340
6304,6347
6307,6327
6303,6311
6291,6342
6295,6326
6311,6336
6315,6332
6306,6329
6295,6332
6268,6323
6278,6336
6287,6318
6271,6329
6295,6310
6290,6336
6298,6355
6306,6375
6291,6350
6281,6327
6277,6329
6289,6331
6299,6343
6288,6350
6304,6363
6292,6354
6294,6316
6290,6326
6295,6357
6298,6357
6290,6310
6304,6344
6300,6337
6313,6363
6291,6425
6315,6317
6317,6344
6296,6341
6320,6345
6312,6339
6287,6305
6283,6290
6264,6318
6308,6336
6309,6331
6288,6351
6303,6330
6302,6330
6301,6317
6296,6332
6296,6314
6292,6331
6301,6328
6298,6311
6288,6308
6293,6328
6301,6303
6310,6325
6307,6322
6290,6324
6279,6344
6293,6337
6304,6339
6284,6321
6288,6311
6277,6358
6283,6372
6279,6312
6262,6334
6315,6336
6288,6335
6310,6360
6307,6359
6304,6366
6290,6332
6274,6348
6298,6321
6308,6329
6289,6334
6283,6300
6294,6328
6307,6311
6279,6313
6276,6319
6264,6318
6300,6286
6301,6306
6312,6326
6284,6332
6280,6346
6269,6353
6289,6329
6305,6301
6281,6366
6289,6335
6301,6312
6298,6331
6289,6297
6287,6319
6306,6363
6291,6353
6299,6338
6299,6340
6271,6349
6295,6347
6304,6331
6295,6330
6294,6309
6292,6327
6198,6282
6279,6342
6457,6520
6288,6313
6216,6292
6299,6291
6311,6305
6250,6291
6290,6334
6304,6380
6294,6355
6269,6332
6280,6341
6299,6363
6304,6356
6288,6347
6301,6341
6285,6349
6281,6336
6287,6332
6286,6342
6284,6331
6291,6324
6298,6345
6300,6336
6287,6364
6290,6336
6296,6336
6304,6353
6280,6326
6274,6318
6271,6331
6298,6345
6287,6347
6284,6334
6292,6356
6299,6351
6280,6341
6254,6351
6268,6337
6272,6346
6274,6334
6275,6324
6281,6338
6287,6342
6294,6348
6291,6340
6282,6360
6270,6358
6268,6339
6276,6348
6282,6338
6271,6329
6273,6337
6292,6344
6297,6323
6286,6336
6290,6374
6286,6365
6275,6381
6282,6373
6269,6358
6260,6355
6280,6362
6283,6365
6274,6351
6274,6354
6259,6349
6281,6356
6279,6351
6291,6380
6274,6367
6270,6359
6256,6359
6273,6373
6251,6414
6267,6374
6268,6378
6251,6336
6260,6364
6267,6362
6282,6364
6285,6382
6284,6373
6274,6369
6277,6362
6275,6390
6249,6396
6256,6380
6260,6372
6259,6374
6275,6354
6247,6356
6250,6366
6257,6363
6265,6355
6265,6376
6275,6389
6275,6372
6255,6402
6284,6387
6273,6355
6278,6374
6243,6354
6266,6365
6254,6387
6244,6393
6249,6373
6239,6368
6250,6397
6274,6379
6267,6380
6253,6409
6259,6392
6266,6414
6235,6413
6248,6401
6255,6396
6277,6399
6265,6378
6253,6369
6256,6388
6258,6401
6257,6371
6265,6374
6261,6422
6280,6415
6255,6387
6260,6376
6238,6376
6244,6373
6254,6359
6247,6371
6254,6361
6251,6349
6232,6334
6255,6359
6245,6359
6248,6371
6238,6385
6249,6400
6232,6398
6238,6408
6233,6388
6246,6378
6253,6423
6261,6391
6261,6384
6251,6408
6253,6405
6243,6395
6251,6424
6246,6418
6246,6399
6256,6365
6250,6384
6243,6383
6247,6388
6229,6409
6243,6370
6236,6379
6240,6368
6244,6392
6242,6363
6252,6368
6233,6413
6233,6380
6241,6383
6245,6383
6229,6395
6250,6369
6246,6392
6244,6374
6242,6373
6235,6403
6241,6401
6240,6361
6225,6359
6236,6375
6232,6372
6239,6351
6233,6338
6244,6361
6255,6378
6248,6384
6257,6409
6244,6388
6237,6396
6246,6434
6245,6427
6238,6420
6238,6382
6225,6394
6228,6405
6233,6375
6234,6408
6223,6391
6232,6400
6242,6427
6240,6409
6234,6409
6232,6402
6214,6401
6226,6371
6237,6370
6237,6390
6229,6397
6257,6370
6236,6388
6233,6353
6230,6388
6220,6396
6225,6406
6217,6395
6222,6387
6238,6410
6222,6373
6232,6375
6224,6346
6228,6342
6231,6352
6222,6356
6223,6346
6248,6380
6242,6379
6236,6381
6238,6403
6225,6388
6240,6408
6226,6404
6242,6384
6228,6400
6218,6405
6216,6383
6225,6396
6227,6411
6236,6409
6222,6410
6242,6426
6222,6407
6231,6399
6236,6379
6223,6409
6234,6411
6223,6379
6222,6404
6226,6402
6230,6408
6238,6425
6224,6444
6215,6432
6231,6448
6236,6417
6224,6441
6225,6430
6216,6427
6214,6417
6218,6420
6221,6420
6232,6400
6229,6386
6226,6415
6220,6418
6233,6423
6219,6405
6230,6398
6231,6382
6232,6380
6217,6372
6180,6389
6151,6336
6219,6390
6214,6408
6219,6411
6226,6424
6225,6417
6208,6382
6196,6402
6227,6406
6220,6438
6213,6433
6213,6386
6230,6427
6225,6408
6234,6417
6220,6380
6207,6376
6217,6382
6220,6346
6223,6362
6234,6348
6205,6352
6227,6354
6221,6344
6225,6374
6222,6397
6229,6376
6221,6399
6224,6405
6226,6402
6204,6409
6221,6397
6218,6432
6207,6387
6219,6419
6225,6428
6218,6443
6221,6414
6209,6413
6223,6439
6215,6439
6220,6457
6208,6425
