Channel 1,Channel 2
8923,6807
8729,6922
8617,6963
8530,7053
8359,7121
8125,7232
7915,7351
7649,7446
7443,7665
7258,7802
7063,7898
6949,7971
6885,8050
6830,8166
6831,8156
6872,8182
6934,8114
7052,8062
7141,7952
7301,7910
7480,7893
7694,7759
7858,7643
8053,7530
8273,7393
8437,7269
8729,7093
8942,7005
9085,6930
9221,6875
9369,6764
9354,6719
9363,6678
9203,6651
9185,6669
9098,6749
8963,6830
8811,6911
8703,7091
8483,7254
8319,7382
8193,7578
8166,7812
7885,7867
7724,8051
7558,8232
7380,8454
7255,8643
7160,8781
7015,8948
6962,8997
6877,9039
6806,9069
6762,9135
6744,9058
6794,8910
6843,8746
6961,8523
7045,8414
7110,8272
7245,8115
7393,7966
7604,7715
7840,7515
8050,7328
8270,7175
8435,6991
8638,6854
8732,6756
8840,6685
8928,6640
9040,6596
9091,6571
9150,6633
9206,6651
9020,6704
8864,6808
8735,6887
8565,6962
8381,7069
8276,7169
8139,7289
7983,7411
7808,7482
7697,7578
7526,7667
7371,7791
7307,7841
7146,7932
7025,7927
7021,7953
7002,7980
7096,8045
7108,8038
7112,8002
7186,7943
7362,7878
7604,7834
7876,7685
8086,7587
8270,7438
8557,7418
8805,7276
9023,7189
9270,7062
9520,6971
9811,6838
9944,6751
10072,6717
10186,6688
10296,6697
10317,6668
10269,6792
10129,6687
10026,6867
9718,6918
9579,7106
9394,7292
9096,7407
8861,7509
8585,7622
8377,7804
8261,7964
8129,8096
7972,8208
7832,8346
7667,8391
7548,8420
7414,8469
7345,8551
7292,8714
7290,8797
7322,8751
7380,8702
7503,8632
7692,8593
7902,8496
8252,8366
8560,8288
8938,8149
9296,8008
9703,7751
10190,7587
10529,7408
10968,7244
11245,7070
11534,6967
11628,6874
11707,6824
11841,6733
11801,6789
11634,6812
11368,6959
11164,7131
11015,7255
10745,7468
10394,7619
10068,7850
9668,8024
9340,8201
9040,8281
8749,8323
8383,8447
8072,8758
7935,8970
7721,9142
7608,9380
7524,9499
7603,9498
7654,9551
7818,9597
7906,9759
8070,9725
8284,9673
8468,9532
8777,9327
9184,9129
9403,8912
9693,8600
10060,8370
10315,8148
10539,7876
10817,7631
10951,7353
11035,7152
11213,7024
11328,6975
11426,6986
11554,7059
11361,7209
11265,7371
11068,7598
10921,7845
10778,8102
10472,8343
10092,8573
9792,8907
9514,9147
9186,9486
8782,9833
8525,10060
8155,10243
7915,10469
7661,10637
7551,10692
7405,10687
7364,10631
7366,10586
7443,10540
7576,10370
7718,10159
7933,9890
8187,9650
8434,9400
8671,9104
8929,8834
9103,8545
9440,8259
9849,7969
10225,7813
10550,7684
10759,7534
11090,7456
11215,7342
11318,7288
11429,7320
11299,7331
11071,7372
10832,7503
10565,7644
10364,7744
10075,7918
9676,8178
9365,8493
8992,8781
8693,9140
8404,9361
8130,9625
7936,9781
7775,9968
7731,10210
7624,10289
7492,10514
7444,10588
7476,10554
7466,10447
7555,10354
7659,10225
7840,9995
7968,9783
8123,9544
8319,9263
8484,8984
8734,8832
8959,8656
9152,8449
9348,8235
9576,7970
9854,7758
9989,7518
10153,7305
9976,7174
9828,7106
9673,7049
9320,7091
8927,7270
8420,7461
7935,7639
7755,7916
7485,8131
7157,8386
6764,8636
6503,8872
6318,9071
6265,9200
6213,9284
6190,9442
6176,9507
6160,9596
6153,9689
6139,9737
6161,9655
6157,9590
6149,9550
6151,9560
6145,9434
6150,9390
6146,9100
6147,8888
6142,8670
6140,8460
6143,8296
6130,8040
6124,7720
6138,7496
6136,7305
6137,7114
6122,7018
6113,6849
6122,6819
6126,6822
6116,6883
6123,6977
6125,7083
6131,7210
6131,7403
6124,7571
6118,7651
6119,7666
6128,7658
6121,7728
6110,7779
6127,7828
6111,7928
6131,8112
6107,8106
6115,8177
6118,8110
6132,7886
6121,7728
6115,7619
6125,7686
6119,7606
6121,7326
6108,6969
6111,6667
6111,6450
6118,6303
6110,6221
6111,6158
6112,6167
6110,6149
6104,6153
6108,6148
6110,6162
6100,6179
6117,6176
6105,6172
6105,6172
6110,6173
6107,6181
6107,6155
6110,6135
6102,6126
6104,6102
6100,6088
6104,6084
6102,6079
6112,6067
6117,6081
6099,6062
6107,6060
6115,6065
6112,6074
6102,6055
6107,6057
6109,6067
6108,6062
6113,6064
6112,6042
6105,6075
6106,6059
6107,6071
6107,6046
6105,6055
6110,6074
6110,6071
6113,6060
6110,6057
6112,6054
6108,6056
6109,6047
6113,6053
6108,6045
6111,6052
6112,6068
6111,6051
6109,6060
6115,6052
6115,6050
6283,6407
5745,5754
6070,5985
6274,6221
6131,6040
6106,6032
6110,6020
6115,6056
6103,6048
6104,6029
6125,6058
6099,6043
6110,6062
6110,6060
6113,6063
6122,6055
6117,6065
6108,6052
6116,6061
6109,6044
6111,6051
6117,6043
6108,6036
6105,6045
6112,6048
6114,6051
6110,6056
6109,6041
6103,6054
6118,6056
6110,6038
6123,6041
6110,6036
6106,6054
6113,6045
6104,6046
6112,6054
6117,6045
6110,6045
6122,6043
6115,6050
6111,6027
6119,6040
6105,6048
6102,6046
6121,6047
6114,6039
6114,6047
6117,6048
6117,6053
6111,6042
6116,6048
6110,6052
6101,6037
6113,6045
6120,6051
6109,6039
6110,6047
6102,6051
6102,6045
6113,6053
6112,6034
6107,6049
6107,6042
6108,6050
6112,6064
6115,6049
6104,6044
6109,6048
6105,6037
6106,6033
6102,6056
6111,6050
6106,6033
6102,6041
6103,6045
6108,6053
6109,6047
6111,6042
6102,6044
6101,6055
6112,6049
6112,6052
6106,6051
6111,6047
6099,6046
6114,6053
6107,6047
6102,6042
6109,6063
6098,6048
6108,6052
6111,6036
6113,6031
6094,6055
6102,6045
6114,6031
6101,6045
6108,6051
6108,6049
6097,6048
6101,6054
6099,6043
6106,6041
6109,6053
6095,6054
6097,6046
6103,6047
6110,6051
6102,6046
6103,6049
6110,6050
6105,6046
6102,6046
6102,6053
6100,6060
6103,6054
6103,6059
6096,6049
6097,6048
6112,6056
6100,6045
6104,6048
6114,6041
6117,6055
6104,6043
6104,6037
6106,6040
6104,6051
6108,6049
6101,6054
6098,6034
6097,6048
6098,6039
6102,6045
6115,6055
6106,6037
6101,6049
6103,6045
6098,6038
6099,6039
6096,6052
6103,6045
6111,6042
6103,6037
6104,6038
6106,6059
6102,6034
6103,6045
6110,6051
6107,6040
6107,6045
6101,6042
6101,6045
6101,6044
6105,6048
6106,6045
6099,6054
6094,6051
6108,6056
6099,6054
6093,6056
6100,6054
6104,6052
6105,6050
6098,6037
6107,6034
6110,6047
6103,6035
6098,6052
6101,6049
6098,6050
6109,6041
6106,6052
6099,6048
6101,6047
6102,6052
6086,6031
6100,6040
6109,6060
6101,6058
6102,6049
6106,6047
6091,6054
6105,6042
6095,6048
6104,6024
6103,6043
6108,6053
6108,6052
6101,6059
6088,6055
6111,6059
6096,6041
6106,6026
6102,6055
6106,6045
6106,6046
6107,6051
6110,6042
6106,6041
6104,6054
6099,6053
6104,6043
6101,6048
6107,6061
6109,6030
6111,6049
6102,6063
6104,6051
6108,6049
6112,6039
6105,6046
6108,6056
6102,6054
6093,6040
6107,6028
6104,6049
6103,6043
6108,6054
6101,6041
6103,6056
6103,6042
6107,6049
6110,6049
6100,6047
6104,6059
6102,6056
6112,6049
6114,6043
6118,6047
6118,6060
6111,6061
6103,6058
6114,6056
6105,6038
6121,6053
6111,6053
6099,6051
6109,6044
6106,6052
6121,6032
6108,6056
6104,6060
6110,6052
6099,6044
6104,6034
6118,6051
6108,6064
6114,6035
6114,6057
6113,6049
6108,6056
6107,6050
6099,6055
6108,6055
6102,6053
6099,6040
6105,6042
6116,6051
6110,6053
6086,6049
6110,6038
6115,6045
6105,6052
6104,6042
6106,6047
6138,6058
6110,6048
6133,6066
6112,6043
6080,6026
6045,6002
6128,6097
6131,6099
6092,6031
6093,6028
6101,6046
6104,6046
6105,6032
6105,6049
6115,6034
6094,6051
6107,6042
6109,6054
6112,6050
6106,6052
6098,6052
6112,6048
6097,6054
6109,6048
6104,6042
6104,6052
6098,6046
6103,6038
6105,6044
6099,6038
6099,6047
6115,6039
6104,6060
6110,6043
6111,6043
6117,6054
6110,6056
6102,6065
6101,6041
6103,6055
6107,6049
6107,6044
6104,6056
6121,6046
6098,6057
6106,6062
6110,6053
6114,6042
6111,6051
6106,6045
6105,6053
6112,6034
6111,6039
6114,6048
6119,6042
6110,6054
6117,6052
6115,6044
6124,6048
6104,6033
6114,6045
6118,6053
6113,6054
6118,6056
6119,6051
6106,6048
6124,6041
6110,6042
6113,6049
6112,6047
6111,6054
6116,6032
6106,6038
6115,6053
6113,6053
6112,6035
6116,6054
6107,6033
6110,6048
6114,6045
6115,6045
6107,6054
6103,6039
6107,6036
6111,6039
6111,6054
6118,6048
6111,6058
6110,6051
6117,6056
6104,6044
6113,6049
6118,6056
6114,6052
6110,6036
6111,6046
6105,6052
6119,6047
6114,6049
6120,6038
6116,6032
6107,6053
6118,6052
6107,6042
6115,6051
6115,6034
6110,6042
6122,6046
6120,6046
6120,6052
6110,6046
6110,6043
6112,6036
6122,6048
6109,6044
6112,6044
6106,6045
6114,6038
6116,6060
6103,6052
6115,6050
6121,6048
6109,6048
6108,6049
6110,6056
6107,6058
6108,6058
6110,6045
6108,6053
6111,6049
6112,6054
6118,6057
6108,6043
6105,6050
6110,6058
6107,6053
6114,6040
6116,6048
6113,6063
6113,6045
6110,6049
6113,6051
6112,6060
6119,6046
6114,6056
6111,6045
6117,6057
6117,6054
6126,6050
6120,6044
6107,6048
6117,6055
6114,6061
6112,6052
6105,6059
6112,6042
6110,6049
6117,6048
6114,6060
6117,6057
6110,6065
6120,6064
6119,6047
6122,6057
6128,6057
6122,6051
6126,6052
6114,6053
6122,6064
6119,6061
6114,6063
6112,6061
6117,6057
6131,6062
6121,6049
6121,6049
6114,6056
6110,6062
6121,6057
6113,6057
6116,6052
6119,6063
6114,6055
6114,6053
6116,6058
6115,6053
6125,6055
6115,6055
6117,6048
6120,6054
6117,6049
6113,6053
6114,6053
6124,6055
6121,6054
6119,6055
6121,6051
6121,6051
6121,6052
6110,6063
6119,6044
6111,6032
6118,6055
6118,6061
6113,6066
6115,6065
6123,6034
6108,6051
6120,6065
6120,6054
6122,6032
6118,6061
6113,6061
6125,6044
6118,6059
6110,6058
6119,6048
6118,6056
6118,6059
6118,6059
6113,6055
6114,6045
6116,6055
6116,6046
6118,6060
6118,6059
6121,6050
6117,6047
6115,6041
6113,6066
6117,6057
6118,6058
6121,6057
6123,6052
6111,6061
6116,6052
6114,6049
6114,6053
6119,6062
6115,6052
6110,6051
6110,6051
6120,6058
6118,6059
6114,6053
6123,6061
6109,6050
6112,6059
6112,6050
6122,6060
6110,6063
6110,6065
6116,6055
6119,6059
6110,6055
6108,6054
6117,6052
6111,6053
0,30
0,61680
0,0
6111,6066
5597,5578
5597,5567
5600,5578
5604,5562
5598,5566
5597,5581
5599,5565
5600,5579
5814,5757
6323,6310
6285,6321
6295,6298
6306,6299
6284,6308
6293,6290
6283,6305
6286,6307
6303,6312
6299,6317
6293,6326
6312,6318
6290,6348
6296,6329
6320,6335
6306,6323
6297,6329
6297,6331
6293,6335
6313,6321
6298,6321
6287,6339
6278,6318
6289,6325
6283,6322
6273,6323
6294,6302
6303,6334
6318,6370
6299,6346
6302,6344
6301,6334
6285,6328
6285,6331
6283,6356
6288,6328
6317,6332
6292,6337
6306,6319
6285,6341
6284,6337
6283,6339
6281,6353
6293,6328
6296,6344
6297,6354
6291,6349
6305,6310
6318,6352
6308,6351
6319,6329
6316,6320
6293,6303
6277,6291
6286,6298
6294,6339
6293,6336
6301,6351
6319,6345
6307,6318
6306,6332
6300,6334
6297,6316
6290,6331
6292,6321
6290,6301
6292,6332
6299,6332
6305,6301
6305,6325
6315,6330
6300,6333
6294,6342
6308,6328
6317,6313
6287,6320
6274,6348
6292,6361
6296,6368
6288,6312
6284,6321
6296,6324
6283,6343
6305,6352
6314,6353
6313,6358
6290,6339
6278,6328
6283,6310
6295,6326
6291,6340
6279,6315
6287,6331
6293,6307
6287,6324
6294,6316
6267,6320
6289,6341
6300,6321
6310,6347
6295,6343
6263,6346
6268,6370
6292,6339
6296,6350
6293,6345
6302,6315
6303,6325
6292,6326
6290,6306
6289,6329
6292,6370
6294,6355
6300,6347
6294,6336
6287,6356
6277,6352
6287,6353
6290,6324
6289,6316
6292,6309
6280,6344
6290,6351
6274,6362
6283,6329
6284,6346
6299,6320
6301,6322
6294,6336
6282,6341
6290,6360
6277,6358
6287,6360
6294,6349
6277,6343
6294,6345
6298,6356
6302,6343
6305,6346
6288,6330
6286,6314
6292,6351
6285,6323
6309,6312
6315,6340
6295,6344
6283,6359
6295,6343
6287,6350
6291,6355
6296,6101
6466,6336
6279,6351
6294,6368
6288,6369
6235,6422
6256,6306
6283,6353
6257,6322
6277,6375
6259,6318
6266,6343
6264,6342
6268,6350
6271,6364
6284,6348
6288,6348
6293,6311
6278,6353
6274,6364
6281,6352
6262,6351
6278,6326
6275,6329
6276,6334
6282,6351
6287,6329
6282,6317
6275,6370
6261,6357
6293,6375
6276,6368
6260,6344
6259,6348
6270,6374
6281,6395
6265,6361
6274,6345
6264,6334
6281,6351
6275,6358
6275,6390
6270,6386
6275,6351
6267,6351
6281,6388
6268,6374
6266,6368
6273,6356
6248,6354
6255,6378
6269,6337
6281,6354
6285,6379
6274,6369
6265,6382
6298,6362
6266,6392
6250,6393
6242,6370
6267,6367
6277,6393
6283,6393
6251,6375
6239,6364
6263,6348
6251,6371
6262,6387
6279,6405
6278,6370
6260,6377
6260,6382
6255,6369
6267,6375
6239,6335
6238,6355
6256,6367
6263,6390
6270,6365
6247,6360
6248,6382
6267,6366
6264,6383
6249,6413
6235,6409
6273,6417
6244,6401
6263,6390
6251,6400
6295,6400
6266,6386
6255,6366
6258,6382
6268,6382
6250,6377
6280,6394
6267,6426
6279,6397
6259,6397
6246,6393
6246,6383
6250,6386
6250,6363
6251,6378
6250,6361
6246,6350
6232,6357
6257,6369
6246,6358
6236,6360
6241,6400
6250,6390
6233,6384
6235,6381
6233,6395
6242,6396
6271,6420
6250,6407
6249,6373
6245,6401
6262,6398
6244,6386
6242,6400
6242,6408
6250,6372
6253,6380
6253,6390
6241,6390
6244,6388
6239,6401
6245,6364
6242,6385
6249,6379
6236,6380
6238,6359
6242,6375
6236,6409
6242,6396
6247,6372
6245,6387
6237,6369
6241,6395
6255,6396
6246,6400
6247,6367
6243,6389
6234,6395
6242,6365
6240,6354
6231,6378
6227,6369
6230,6338
6227,6348
6258,6354
6264,6366
6250,6372
6251,6398
6248,6406
6234,6397
6235,6438
6242,6417
6234,6412
6242,6406
6227,6403
6228,6401
6242,6372
6222,6396
6235,6381
6237,6412
6233,6410
6244,6406
6247,6405
6232,6411
6238,6392
6232,6395
6237,6378
6242,6401
6257,6390
6226,6403
6244,6398
6240,6363
6250,6394
6245,6416
6231,6421
6209,6389
6235,6391
6242,6415
6230,6398
6227,6387
6219,6337
6231,6368
6232,6360
6235,6347
6228,6359
6246,6378
6244,6381
6233,6402
6218,6408
6230,6396
6231,6410
6230,6391
6235,6402
6231,6369
6238,6392
6235,6391
6220,6390
6238,6420
6238,6412
6239,6410
6246,6414
6233,6407
6239,6391
6226,6367
6224,6417
6231,6413
6224,6384
6212,6416
6222,6421
6237,6389
6221,6435
6233,6422
6220,6418
6220,6431
6224,6427
6212,6440
6230,6447
6218,6432
6227,6415
6209,6409
6222,6421
6226,6414
6228,6403
6227,6391
6230,6398
6231,6423
6224,6393
6233,6400
6219,6387
6226,6357
6212,6375
6220,6348
6222,6387
6216,6404
6223,6411
6233,6411
6223,6399
6223,6431
6215,6382
6215,6440
6228,6432
6226,6430
6220,6440
6230,6408
6208,6433
6228,6430
6227,6384
6216,6369
6219,6377
6220,6350
6236,6370
6233,6360
6227,6347
6221,6340
6215,6368
6224,6362
6238,6372
6216,6395
6229,6366
6215,6399
6287,6422
6271,6425
6191,6352
6237,6407
6208,6363
6199,6408
6214,6399
6237,6433
6227,6455
6222,6425
6214,6415
6209,6420
6229,6437
6226,6435
6216,6405
6227,6412
6238,6410
6219,6387
6219,6392
6216,6414
6221,6410
6217,6393
6217,6415
6216,6388
6216,6409
6232,6406
6232,6420
6220,6412
6219,6421
6225,6393
6211,6375
6209,6399
6229,6388
6219,6380
6219,6399
6219,6399
6222,6388
6230,6383
6219,6383
6215,6367
6222,6381
6235,6326
6218,6365
6225,6371
6219,6368
6241,6381
6223,6389
6219,6423
6219,6414
6214,6383
6208,6399
6217,6377
6226,6373
6216,6382
6232,6375
6216,6371
6219,6377
6211,6379
6216,6347
6225,6366
6236,6362
6214,6348
6241,6368
6227,6346
6231,6366
6227,6384
6215,6372
6217,6410
6227,6395
6229,6390
6218,6372
6223,6362
6225,6358
6244,6385
6225,6376
6227,6370
6231,6372
6229,6399
6226,6387
6240,6390
6228,6379
6230,6366
6223,6370
6227,6380
6222,6371
6214,6372
6223,6388
6227,6401
6226,6388
6229,6355
6223,6348
6218,6385
6234,6340
6228,6346
6228,6335
6230,6354
6224,6383
6223,6386
6239,6377
6246,6380
6234,6352
6226,6388
6217,6384
6226,6364
6243,6372
6225,6341
6234,6358
6220,6353
6236,6369
6235,6374
6225,6374
6222,6361
6237,6351
6246,6357
6241,6350
6238,6352
6230,6334
6228,6348
6231,6351
6227,6358
6232,6339
6225,6350
6232,6347
6226,6361
6223,6346
6220,6348
6244,6343
6221,6344
6232,6363
6221,6347
6228,6348
6231,6337
6228,6373
6242,6378
6220,6361
6234,6361
6235,6381
6228,6361
6222,6366
6235,6338
6229,6360
6227,6360
6227,6333
6242,6327
6226,6344
6230,6327
6229,6313
6235,6321
6225,6314
6225,6308
6235,6349
6233,6357
6242,6340
6246,6317
6244,6321
6236,6343
6225,6340
6216,6330
6221,6337
6223,6322
6223,6348
6217,6330
6229,6338
6225,6331
6238,6335
6217,6343
6233,6339
6225,6334
6230,6332
6234,6313
6233,6348
6243,6346
6236,6336
6232,6322
6223,6334
6224,6306
6223,6324
6227,6349
6235,6334
6230,6353
6222,6337
6228,6346
6227,6330
6218,6333
6230,6365
6239,6343
6232,6342
6249,6351
6235,6342
6228,6349
6237,6342
6235,6337
6236,6352
6244,6365
6232,6358
6250,6361
6259,6348
6254,6339
6244,6353
6233,6335
6232,6343
6235,6341
6243,6343
6233,6346
6256,6334
6264,6343
6252,6335
6272,6347
6288,6335
6305,6331
6317,6344
6336,6361
6376,6359
6407,6355
6441,6347
6483,6327
6533,6314
6596,6346
6641,6343
6695,6345
6755,6332
6812,6354
6815,6346
6862,6350
6826,6328
6798,6347
6798,6352
6761,6357
6719,6329
6690,6336
6667,6326
6645,6337
6616,6324
6622,6324
6637,6339
6647,6321
6657,6322
6727,6348
6763,6325
6806,6338
6922,6350
7004,6367
7124,6363
7312,6372
7424,6365
7557,6342
7654,6379
7784,6394
7907,6403
8032,6394
8113,6418
8147,6439
8235,6443
8223,6466
8134,6488
8074,6538
7971,6541
7873,6565
7762,6606
7718,6647
7621,6650
7484,6703
7403,6725
7338,6752
7267,6809
7138,6846
6990,6965
6887,7039
6829,7128
6705,7247
6988,7542
6774,7293
6787,7244
7035,7369
7220,7295
7405,7251
7609,7207
7836,7193
8132,7179
8314,7112
8420,7120
8480,7032
8521,6934
8583,6917
8725,6853
8857,6809
9023,6764
9054,6741
9107,6721
9150,6703
9164,6671
9091,6674
9004,6691
8887,6781
8760,6872
8671,6997
8526,7127
8364,7315
8191,7419
8005,7517
7861,7602
7692,7688
7565,7818
7404,7850
7277,7913
7235,7947
7163,7939
7128,8046
7160,8069
7190,8049
7355,7990
7489,7985
7680,7914
7861,7845
8124,7736
8391,7561
8579,7414
8823,7283
9057,7178
9303,7081
9473,7026
9554,6965
9691,6906
9730,6879
9653,6854
9621,6868
9612,6896
9404,6958
9348,7025
9201,7118
9070,7184
8876,7281
8605,7435
8418,7503
8169,7614
7913,7761
7715,7961
7544,8118
7327,8322
7102,8491
6963,8601
6808,8711
6739,8841
6780,8950
6789,9051
6867,9024
6982,8844
7104,8751
7268,8701
7442,8592
7626,8481
7783,8362
7960,8233
8271,8038
8469,7835
8633,7635
8733,7456
8808,7334
8928,7187
8972,7050
9044,6999
9260,6959
9278,6901
9377,6891
9430,6913
9347,6938
9328,7014
9246,7096
9098,7222
9043,7363
8840,7597
8632,7750
8366,7903
8142,8024
7905,8209
7668,8262
7467,8329
7309,8449
7165,8514
7099,8521
7086,8510
7112,8517
7133,8517
7166,8478
7244,8418
7381,8350
7539,8209
7704,8128
7896,7993
7982,7885
8099,7692
8367,7561
8706,7453
9004,7297
9270,7207
9520,7116
9753,7025
10003,7000
10178,6959
10274,6962
10384,6910
10301,6904
10227,6894
10116,6975
9984,7047
9950,7165
9667,7297
9498,7436
9339,7653
9109,7880
8928,8105
8681,8175
8404,8292
8179,8481
7940,8658
7675,8744
7428,8869
7303,8945
7188,8982
7066,9035
7038,9009
7069,9022
7135,8872
7204,8731
7300,8627
7397,8511
7551,8427
7664,8302
7792,8173
7942,8071
8065,7859
8285,7654
8443,7451
8601,7277
8775,7075
8826,6964
8922,6887
9054,6782
9141,6744
9053,6771
9020,6850
9005,6928
8990,7044
8917,7146
8826,7274
8766,7461
8662,7569
8530,7742
8412,7869
8297,8017
8092,8236
7938,8402
7751,8541
7556,8768
7324,8965
7185,9183
7059,9170
6980,9201
6869,9246
6822,9180
6810,9061
6790,8963
6824,8879
6873,8709
6974,8559
7132,8398
7281,8206
7450,7974
7642,7761
7814,7552
7953,7426
8109,7247
8239,7086
8381,6940
8602,6845
8716,6808
8793,6752
8865,6710
8888,6687
8901,6686
8956,6716
8913,6773
8865,6847
8800,6912
8586,7014
8439,7098
8258,7219
8018,7297
7834,7473
7681,7648
7511,7728
7348,7885
7179,8033
7069,8184
6990,8245
6887,8371
6834,8528
6814,8596
6807,8591
6822,8499
6910,8501
6967,8450
7009,8335
7108,8223
7223,8091
7318,7882
7410,7711
7589,7580
7761,7428
7897,7311
8065,7166
8252,7088
8364,6952
8496,6835
8606,6757
8660,6678
8777,6630
8747,6598
8744,6604
8654,6623
8644,6687
8477,6755
8345,6915
8244,7034
8071,7156
7830,7315
7690,7524
7588,7643
7399,7849
7282,7916
7143,8002
7046,8070
6971,8075
6872,8099
6808,8168
6726,8226
6710,8195
6723,8118
6819,8122
6893,8077
6976,8029
7038,7975
7174,7915
7317,7815
7470,7735
7665,7599
7799,7517
7920,7416
8092,7310
8225,7178
8404,7035
8511,6913
8648,6793
8787,6709
8780,6660
8974,6609
8995,6575
8965,6644
8961,6676
8811,6790
8767,6850
8661,6981
8526,7054
8334,7162
8205,7191
8073,7285
7801,7404
7657,7466
7514,7546
7286,7632
7059,7740
6938,7796
6828,7842
6760,7913
6723,7943
6700,7959
6746,7947
6806,7920
6946,7873
7105,7847
7220,7741
7399,7641
7580,7556
7817,7423
8087,7323
8317,7223
8560,7125
8739,6998
8902,6921
9069,6852
9159,6778
9166,6706
9159,6673
9223,6679
9193,6649
9128,6665
9071,6686
8852,6719
8759,6782
8607,6854
8419,6997
8223,7123
8056,7282
7920,7463
7754,7621
7610,7773
7501,7938
7322,8071
7193,8201
7056,8284
6954,8292
6882,8341
6837,8369
6831,8415
6822,8403
6823,8385
6906,8375
6944,8260
7117,8152
7273,8048
7455,7850
7630,7668
7815,7511
8043,7324
8328,7200
8609,7037
8962,6876
9170,6768
9374,6714
9549,6668
9620,6619
9749,6646
9804,6661
9838,6681
9773,6730
9662,6791
9565,6846
9399,6959
9211,7135
8851,7263
8525,7377
8274,7515
8058,7651
7867,7767
7718,7882
7464,8021
7295,8042
7105,8098
7038,8203
6974,8318
6906,8369
6874,8424
6855,8429
6913,8463
6938,8479
7018,8354
7087,8288
7153,8224
7318,8101
7464,7965
7600,7855
7773,7720
7891,7607
8003,7510
8179,7325
8318,7158
8290,6973
8456,6881
8507,6771
8475,6694
8486,6648
8474,6639
8313,6691
8180,6757
8115,6839
8115,6949
8107,7038
7997,7169
7899,7348
7801,7474
7670,7589
7508,7698
7500,7802
7354,7815
7274,7939
7137,8029
7012,8056
6929,8067
6873,8153
6779,8150
6793,8200
6787,8129
6794,8088
6842,8063
6937,7913
7010,7806
7127,7744
7305,7602
7452,7461
7628,7359
7804,7241
8020,7114
8186,7038
8304,6905
8478,6832
8577,6769
8676,6706
8826,6670
8923,6660
8921,6655
9075,6693
9103,6733
9102,6755
9028,6765
8870,6832
8712,6920
8588,6990
8475,7075
8311,7137
8085,7341
7913,7343
7677,7472
7446,7634
7244,7801
7067,7863
6947,7936
6876,8049
6808,8116
6829,8179
6870,8136
6986,8142
7068,8084
7164,7966
7310,7878
7513,7911
7749,7751
7888,7645
8054,7488
8308,7365
8493,7240
8765,7114
8994,7008
9115,6924
9292,6847
9434,6784
9425,6712
9333,6668
9296,6651
9268,6658
9129,6727
8975,6808
8826,6937
8686,7079
8536,7237
8308,7377
8214,7586
8143,7771
7922,7927
7713,8044
7557,8214
7380,8407
7268,8641
7161,8814
7024,8943
6967,9028
6891,9023
6803,9043
6767,9097
6779,9038
6781,8960
6882,8768
6972,8530
7045,8408
7139,8262
7274,8094
7404,7916
7610,7750
7862,7528
8048,7319
8259,7158
8416,6987
8597,6872
8702,6751
8842,6696
8957,6643
9017,6606
9106,6597
9112,6622
9171,6674
9036,6722
8841,6825
8677,6888
8554,6988
8365,7097
8232,7212
8120,7290
7957,7420
7759,7486
7632,7598
7504,7709
7355,7795
7277,7857
7112,7941
7039,7961
7009,7962
7015,7973
7175,8190
7078,8064
7142,8005
7233,7961
7343,7851
7661,7811
7894,7704
8155,7584
8288,7446
8587,7370
8810,7241
9055,7098
9282,7046
9573,6970
9766,6850
9987,6790
10090,6739
10249,6704
10351,6678
10315,6659
10211,6729
10250,6776
10097,6861
9813,6974
9557,7121
9415,7288
9141,7391
8828,7545
8617,7634
8368,7854
8246,8003
8123,8129
7983,8225
7788,8324
7659,8367
7589,8427
7415,8508
7334,8584
7291,8673
7317,8653
7317,8739
7383,8684
7493,8645
7696,8579
7977,8457
8266,8351
8625,8262
8944,8107
9275,7973
9731,7729
10188,7566
10588,7368
11022,7225
11288,7055
11499,6991
11631,6867
11726,6805
11764,6746
11730,6740
11641,6838
11353,6935
11086,7089
10932,7238
10636,7468
10316,7648
9966,7847
9587,8002
9272,8187
8934,8282
8658,8356
8367,8454
8041,8726
7871,8974
7703,9147
7583,9273
7521,9472
7591,9474
7647,9579
7789,9646
7927,9716
8131,9700
8304,9645
8549,9487
8862,9302
9215,9097
9520,8883
9756,8641
10093,8347
10394,8133
10566,7879
10771,7623
10969,7356
10994,7150
11187,7056
11256,6965
11420,7016
11449,7083
11320,7214
11155,7412
10959,7636
10797,7903
10607,8140
10353,8387
10047,8683
9730,8977
9411,9216
9050,9549
8735,9879
8371,10076
8089,10289
7809,10512
7619,10684
7478,10700
7392,10727
7357,10656
7359,10545
7421,10462
7614,10332
7763,10135
7963,9881
8212,9613
8519,9339
8710,9070
8932,8761
9260,8487
9568,8271
9987,7913
10284,7771
10514,7623
10801,7522
11097,7406
11229,7322
11257,7274
11313,7308
11251,7306
10962,7355
10734,7550
10457,7705
10193,7820
9830,7994
9554,8214
9221,8522
8891,8825
8606,9219
8308,9433
8036,9742
7873,9826
7693,10023
7677,10239
7536,10460
7444,10541
7441,10564
7463,10596
7494,10454
7586,10430
7726,10229
7872,9980
8012,9740
8142,9433
8388,9180
8547,8967
8771,8711
9048,8554
9179,8377
9399,8167
9658,7909
9863,7723
10010,7501
10139,7290
9960,7176
9783,7101
9659,7073
9248,7176
8902,7300
8386,7525
7859,7751
7674,7997
7436,8239
7057,8455
6725,8676
6501,8970
6340,9175
6255,9285
6208,9347
6198,9511
6174,9496
6172,9603
6164,9742
6157,9703
6157,9620
6155,9565
6153,9541
6153,9525
6152,9436
6149,9296
6144,9050
6130,8845
6147,8616
6137,8389
6143,8226
6132,7977
6127,7699
6127,7432
6138,7283
6127,7044
6122,6958
6123,6862
6121,6843
6125,6849
6127,6947
6135,6992
6110,7119
6127,7250
6125,7410
6121,7571
6124,7660
6116,7616
6125,7676
6123,7727
6114,7817
6130,7817
6111,7907
6118,8089
6116,8122
6106,8135
6115,8057
6125,7856
6118,7612
6114,7563
6122,7654
6115,7560
6119,7275
6113,6951
6113,6671
6110,6426
6113,6290
6108,6213
6110,6170
6109,6164
6117,6158
6099,6162
6108,6146
6108,6166
6104,6177
6106,6190
6106,6180
6108,6180
6113,6171
6112,6168
6110,6170
6103,6147
6103,6121
6110,6101
6105,6084
6108,6062
6105,6070
6114,6071
6113,6063
6100,6056
6105,6078
6106,6071
6112,6062
6115,6065
6112,6057
6103,6069
6107,6066
6109,6058
6111,6057
6126,6080
6119,6067
6114,6072
6096,6049
6114,6076
6098,6071
6098,6053
6131,6078
6105,6071
6104,6062
6105,6060
6112,6054
6090,6050
6097,6057
6106,6068
6108,6065
6117,6054
6098,6063
6118,6059
6116,6061
6105,6069
6118,6057
6116,6057
6115,6057
6106,6061
6107,6054
6118,6047
6124,6063
6119,6050
6110,6045
6113,6056
6105,6049
6110,6065
6119,6055
6114,6062
6120,6054
6119,6051
6106,6051
6110,6060
6104,6050
6111,6047
6113,6048
6105,6035
6109,6048
6112,6047
6120,6050
6108,6049
6101,6037
6113,6049
6115,6056
6109,6040
6113,6049
6114,6046
6115,6052
6109,6070
6111,6042
6115,6037
6117,6050
6117,6047
6118,6049
6114,6050
6111,6048
6115,6048
6104,6048
6112,6038
6108,6040
6107,6063
6104,6040
6115,6051
6113,6052
6105,6047
6107,6050
6107,6039
6103,6047
6104,6049
6112,6050
6119,6035
6103,6042
6104,6053
6105,6058
6116,6045
6107,6049
6105,6040
6113,6042
6110,6054
6108,6055
6116,6046
6110,6041
6110,6051
6099,6054
6105,6050
6108,6050
6116,6042
6107,6047
6098,6028
6103,6051
6110,6048
6104,6045
6107,6049
6099,6037
6109,6051
6115,6058
6114,6045
6109,6050
6109,6040
6099,6054
6120,6047
6105,6055
6097,6049
6102,6043
6104,6048
6105,6058
6109,6033
6105,6048
6095,6061
6108,6036
6110,6041
6114,6057
6110,6056
6108,6047
6099,6035
6105,6048
6110,6060
6105,6057
6113,6044
6098,6058
6103,6052
6109,6043
6113,6053
6107,6053
6110,6053
6104,6053
6099,6051
6122,6263
6111,6052
6106,6045
6110,6050
6105,6057
6104,6048
6096,6047
6104,6054
6097,6051
6106,6040
6115,6054
6117,6056
6104,6050
6100,6041
6108,6055
6112,6049
6116,6053
6106,6045
6103,6042
6106,6058
6106,6040
6102,6051
6122,6055
6095,6050
6098,6036
6101,6041
6101,6032
6104,6049
6099,6044
6111,6040
6107,6035
6106,6054
6101,6044
6109,6055
6101,6043
6095,6053
6104,6049
6106,6048
6092,6039
6099,6036
6109,6062
6097,6048
6107,6050
6103,6030
6095,6047
6096,6055
6097,6052
6096,6036
6099,6051
6102,6058
6102,6052
6102,6055
6089,6031
6104,6039
6099,6055
6104,6046
6103,6059
6092,6045
6095,6055
6100,6050
6101,6056
6101,6048
6092,6050
6099,6061
6093,6051
6095,6055
6110,6054
6098,6055
6096,6050
6105,6057
6087,6053
6097,6040
6102,6055
6084,6058
6114,6043
6101,6049
6114,6049
6102,6059
6085,6045
6113,6066
6101,6039
6098,6042
6101,6053
6101,6046
6102,6066
6108,6049
6097,6051
6104,6048
6104,6054
6109,6050
6101,6050
6086,6054
6112,6056
6111,6045
6106,6053
6110,6044
6102,6045
6114,6036
6110,6044
6110,6041
6110,6062
6103,6034
6105,6046
6107,6048
6109,6059
6101,6062
6099,6049
6100,6042
6113,6048
6102,6046
6108,6053
6114,6046
6103,6050
6108,6062
6110,6049
6106,6042
6110,6058
6108,6053
6119,6043
6102,6053
6109,6041
6105,6058
6113,6048
6115,6047
6106,6062
6105,6063
6105,6062
6110,6057
6110,6056
6100,6046
6100,6063
6114,6046
6107,6052
6109,6047
6107,6053
5678,5763
5828,5663
6149,6046
6129,6087
6073,6006
6055,5985
6110,6051
6119,6052
6102,6040
6107,6034
6115,6043
6110,6055
6106,6055
6101,6045
6106,6036
6131,6031
6108,6049
6100,6049
6109,6041
6114,6039
6110,6045
6107,6049
6103,6041
6113,6044
6108,6052
6107,6048
6100,6056
6101,6057
6103,6058
6105,6049
6089,6053
6102,6031
6107,6050
6103,6052
6093,6059
6104,6046
6107,6053
6108,6051
6100,6048
6097,6052
6103,6053
6107,6034
6104,6050
6105,6042
6109,6056
6099,6039
6110,6044
6103,6048
6101,6037
6101,6032
6107,6056
6109,6044
6106,6041
6098,6051
6116,6049
6115,6057
6111,6057
6099,6049
6103,6056
6105,6047
6106,6052
6122,6050
6118,6040
6106,6052
6116,6051
6112,6053
6111,6053
6100,6048
6107,6051
6103,6054
6116,6045
6111,6055
6116,6050
6112,6055
6112,6045
6115,6058
6118,6045
6115,6051
6109,6046
6114,6049
6119,6060
6116,6052
6113,6058
6117,6052
6108,6049
6119,6047
6111,6036
6110,6042
6118,6053
6106,6055
6115,6050
6107,6046
6117,6056
6104,6054
6118,6045
6112,6049
6115,6049
6110,6055
6111,6036
6116,6041
6114,6049
6108,6051
6110,6043
6105,6027
6114,6043
6117,6054
6108,6052
6115,6052
6117,6040
6102,6033
6109,6039
6121,6051
6121,6041
6117,6047
6106,6055
6103,6054
6126,6045
6105,6050
6117,6032
6109,6032
6116,6058
6110,6056
6103,6064
6112,6048
6109,6044
6095,6041
6120,6045
6114,6041
6118,6052
6105,6036
6112,6041
6114,6040
6117,6047
6112,6050
6115,6056
6110,6051
6114,6038
6119,6046
6114,6031
6117,6053
6115,6050
6104,6051
6111,6049
6111,6047
6100,6057
6107,6069
6109,6051
6107,6059
6109,6062
6109,6062
6108,6052
6102,6041
6099,6041
6114,6055
6117,6055
6112,6054
6107,6047
6121,6058
6113,6047
6105,6052
6112,6043
6115,6056
6110,6054
6113,6048
6109,6053
6117,6060
6115,6052
6114,6060
6114,6047
6108,6047
6116,6061
6117,6037
6109,6041
6117,6046
6111,6057
6116,6039
6114,6064
6111,6058
6127,6044
6123,6058
6109,6047
6106,6053
6117,6051
6112,6055
6121,6056
6115,6057
6114,6053
6128,6055
6125,6054
6113,6049
6117,6052
6112,6060
6110,6064
6120,6069
6112,6046
6116,6051
6116,6051
6120,6053
6111,6057
6115,6057
6121,6050
6117,6049
6118,6047
6130,6047
6118,6058
6110,6058
6108,6054
6118,6052
6119,6060
6119,6064
6124,6049
6115,6055
6116,6056
6116,6046
6115,6056
6110,6054
6118,6052
6110,6049
6110,6049
6116,6048
6117,6061
6117,6042
6115,6050
6112,6047
6113,6056
6117,6054
6118,6057
6112,6059
6118,6043
6118,6056
6113,6055
6113,6065
6118,6044
6116,6054
6113,6057
6124,6062
6109,6063
6115,6051
6118,6043
6119,6055
6119,6055
6119,6056
6110,6050
6121,6060
6117,6055
6116,6062
6117,6056
6117,6053
6115,6064
6121,6047
6117,6048
6123,6054
6111,6044
6114,6062
6120,6050
6121,6058
6106,6049
6117,6063
6106,6055
6115,6046
6122,6071
6115,6053
6115,6053
6122,6054
6126,6054
6120,6055
6119,6042
6110,6062
6118,6050
6118,6063
6115,6051
6116,6042
6116,6053
6123,6051
6120,6054
6118,6038
6112,6042
0,25
0,61680
0,0
6122,6036
5602,5571
5592,5562
5604,5582
5600,5571
5606,5572
5605,5572
5606,5567
5599,5568
5815,5756
6326,6315
6279,6297
6303,6287
6307,6310
6279,6301
6291,6300
6291,6303
6290,6296
6284,6305
6303,6315
6287,6313
6298,6331
6300,6344
6298,6323
6302,6328
6305,6322
6301,6340
6291,6307
6307,6333
6324,6334
6297,6321
6286,6328
6278,6312
6277,6328
6278,6319
6294,6326
6299,6320
6295,6332
6316,6347
6309,6358
6303,6334
6285,6337
6276,6332
6282,6330
6288,6344
6282,6322
6296,6333
6295,6338
6308,6307
6289,6308
6281,6340
6283,6338
6293,6360
6297,6320
6295,6329
6293,6357
6297,6327
6318,6323
6329,6348
6306,6359
6319,6330
6317,6305
6271,6303
6268,6296
6285,6299
6301,6323
6334,6320
6301,6350
6313,6333
6318,6331
6306,6338
6298,6315
6306,6319
6293,6295
6294,6307
6294,6302
6291,6331
6288,6314
6310,6299
6308,6303
6298,6328
6300,6338
6281,6345
6318,6314
6308,6320
6290,6345
6289,6334
6289,6346
6287,6362
6275,6313
6280,6322
6295,6315
6288,6323
6300,6338
6307,6356
6312,6352
6310,6353
6270,6339
6295,6316
6309,6330
6297,6341
6300,6315
6305,6317
6284,6294
6281,6305
6282,6309
6276,6312
6282,6324
6310,6310
6311,6338
6285,6325
6282,6335
6266,6345
6301,6340
6295,6328
6288,6340
6297,6318
6305,6341
6294,6326
6278,6303
6289,6334
6299,6371
6297,6343
6305,6329
6290,6338
6287,6347
6287,6337
6283,6357
6281,6318
6281,6319
6290,6314
6285,6351
6287,6351
6288,6351
6285,6328
6296,6339
6294,6328
6291,6320
6338,6310
6284,6348
6293,6363
6237,6292
6314,6362
6281,6348
6260,6337
6307,6325
6308,6342
6305,6337
6304,6366
6288,6333
6273,6324
6287,6331
6282,6325
6297,6314
6311,6345
6301,6345
6289,6367
6276,6335
6289,6338
6294,6330
6282,6322
6281,6332
6279,6323
6291,6360
6290,6342
6293,6333
6300,6328
6290,6339
6269,6342
6259,6341
6274,6333
6267,6329
6279,6344
6272,6346
6285,6345
6284,6338
6294,6355
6275,6346
6281,6350
6274,6367
6263,6359
6272,6338
6278,6330
6267,6334
6277,6337
6280,6323
6300,6359
6295,6321
6269,6363
6279,6367
6275,6377
6285,6360
6277,6358
6268,6339
6276,6368
6279,6390
6262,6364
6268,6342
6281,6340
6286,6344
6273,6360
6282,6375
6257,6394
6274,6369
6266,6367
6276,6390
6262,6379
6278,6361
6270,6375
6254,6359
6234,6358
6267,6353
6271,6353
6282,6371
6290,6337
6261,6375
6279,6371
6267,6381
6253,6377
6246,6369
6252,6377
6271,6372
6270,6352
6256,6368
6252,6381
6255,6353
6263,6357
6264,6400
6269,6386
6269,6375
6273,6368
6272,6374
6275,6375
6275,6382
6247,6362
6251,6362
6248,6380
6258,6383
6262,6355
6245,6351
6251,6370
6281,6387
6264,6385
6261,6420
6256,6386
6270,6403
6244,6396
6257,6403
6247,6375
6276,6381
6265,6380
6249,6358
6249,6374
6258,6382
6246,6378
6274,6391
6261,6438
6279,6399
6261,6386
6242,6399
6258,6375
6250,6385
6250,6378
6241,6372
6251,6353
6244,6345
6247,6344
6247,6368
6245,6344
6240,6364
6240,6410
6255,6385
6236,6398
6241,6381
6242,6383
6244,6380
6246,6401
6248,6385
6257,6380
6251,6397
6253,6398
6259,6390
6251,6411
6244,6405
6238,6387
6243,6375
6245,6386
6244,6388
6231,6359
6229,6407
6233,6369
6245,6379
6240,6361
6263,6385
6235,6365
6231,6375
6251,6397
6242,6380
6244,6381
6245,6385
6245,6379
6245,6383
6246,6377
6244,6384
6242,6372
6246,6393
6243,6382
6236,6380
6235,6374
6249,6372
6234,6357
6228,6355
6239,6358
6239,6345
6254,6360
6246,6373
6237,6414
6229,6406
6251,6408
6238,6425
6245,6413
6234,6418
6243,6386
6229,6408
6224,6400
6227,6391
6229,6399
6234,6395
6235,6394
6243,6407
6240,6416
6248,6405
6235,6404
6231,6400
6230,6396
6229,6385
6246,6384
6237,6390
6241,6375
6235,6389
6239,6356
6246,6382
6245,6400
6227,6421
6227,6401
6240,6390
6217,6418
6232,6395
6231,6382
6218,6344
6225,6354
6225,6371
6226,6356
6239,6356
6244,6380
6238,6393
6225,6392
6229,6405
6233,6388
6237,6407
6231,6369
6238,6405
6231,6376
6237,6403
6230,6378
6220,6411
6233,6413
6235,6418
6232,6413
6231,6433
6224,6392
6228,6406
6242,6400
6242,6404
6228,6410
6219,6401
6218,6426
6224,6414
6235,6426
6229,6419
6233,6403
6222,6426
6225,6425
6221,6407
6219,6463
6225,6430
6217,6429
6233,6409
6214,6435
6227,6416
6228,6403
6221,6402
6226,6416
6224,6408
6231,6425
6222,6408
6234,6393
6217,6385
6233,6376
6214,6386
6217,6387
6222,6398
6230,6410
6225,6409
6231,6418
6219,6416
6224,6417
6226,6397
6326,6714
6228,6417
6316,6554
6256,6477
6225,6397
6261,6437
6224,6441
6238,6408
6213,6351
6222,6348
6215,6375
6239,6367
6227,6360
6232,6358
6226,6348
6222,6350
6228,6344
6240,6401
6238,6391
6232,6370
6216,6397
6232,6385
6228,6410
6222,6386
6215,6401
6222,6419
6207,6411
6219,6405
6225,6418
6216,6422
6222,6430
6216,6429
6226,6432
6219,6429
6224,6408
6228,6422
6228,6409
6229,6405
6221,6392
6210,6395
6215,6400
6224,6406
6215,6413
6206,6387
6216,6425
6220,6428
6223,6404
6222,6419
6220,6396
6226,6418
6217,6403
6223,6379
6213,6394
6226,6391
6212,6402
6214,6411
6210,6414
6226,6367
6226,6403
6226,6375
6225,6363
6226,6363
6233,6341
6234,6351
6207,6373
6230,6378
6238,6384
6216,6351
6215,6410
6228,6395
6220,6374
6216,6393
6219,6379
6211,6387
6219,6366
6215,6378
6219,6365
6213,6389
6208,6372
6214,6364
6222,6364
6236,6360
6225,6333
6244,6363
6225,6386
6223,6358
6226,6371
6222,6369
6228,6400
6229,6404
6223,6385
6222,6365
6224,6367
6238,6378
6233,6368
6225,6372
6220,6367
6234,6374
6232,6389
6232,6386
6222,6393
6223,6373
6228,6375
6218,6358
6219,6369
6219,6389
6220,6385
6237,6390
6230,6383
6218,6384
6218,6379
6213,6365
6224,6368
6230,6354
6223,6370
6231,6350
6227,6365
6230,6355
6213,6399
6229,6371
6223,6359
6235,6375
6220,6390
6227,6393
6235,6366
6241,6382
6219,6354
6229,6363
6210,6353
6225,6364
6241,6372
6229,6360
6228,6360
6239,6350
6241,6371
6242,6351
6237,6354
6233,6338
6228,6367
6236,6342
6222,6354
6226,6350
6225,6345
6224,6373
6240,6356
6206,6348
6225,6356
6236,6334
6213,6342
6229,6361
6219,6351
6226,6368
6226,6354
6212,6366
6237,6364
6227,6345
6228,6369
6231,6362
6242,6370
6231,6384
6218,6366
6213,6346
6239,6352
6240,6351
6232,6322
6230,6333
6220,6335
6220,6334
6227,6310
6228,6333
6237,6333
6220,6348
6239,6333
6233,6318
6251,6317
6239,6328
6248,6353
6240,6323
6212,6321
6222,6341
6223,6333
6225,6342
6229,6342
6231,6358
6232,6348
6227,6323
6227,6347
6229,6343
6225,6324
6222,6338
6231,6349
6232,6353
6236,6346
6223,6340
6225,6334
6223,6331
6230,6296
6216,6322
6236,6366
6234,6346
6232,6343
6229,6331
6227,6343
6224,6331
6216,6335
6225,6356
6240,6358
6231,6345
6240,6353
6231,6337
6228,6340
6227,6356
6244,6353
6231,6342
6235,6369
6249,6364
6250,6351
6255,6350
6233,6341
6233,6338
6240,6340
6236,6345
6227,6325
6248,6358
6237,6340
6255,6337
6262,6315
6257,6335
6270,6347
6282,6324
6295,6317
6323,6359
6335,6368
6371,6362
6411,6342
6434,6341
6494,6316
6521,6319
6603,6344
6648,6341
6695,6326
6756,6324
6801,6332
6844,6357
6856,6334
6843,6323
6829,6345
6781,6362
6755,6362
6727,6335
6698,6314
6684,6332
6652,6338
6616,6345
6632,6311
6633,6333
6664,6317
6673,6321
6699,6333
6741,6339
6819,6345
6948,6346
7010,6335
7130,6346
7253,6368
7418,6379
7573,6355
7670,6379
7764,6375
7940,6401
7999,6430
8024,6366
8150,6434
8251,6470
8175,6467
8115,6505
8103,6525
7973,6523
7860,6551
7774,6585
7730,6627
7609,6653
7498,6697
7409,6712
7367,6736
7249,6802
7122,6858
6997,6963
6878,7035
6822,7153
6781,7233
6770,7317
6825,7374
6909,7331
7020,7378
7225,7287
7365,7225
7599,7178
7855,7158
8143,7191
8326,7150
8409,7109
8474,7040
8512,6963
8618,6913
8733,6858
8830,6807
9004,6785
9053,6738
9095,6700
9213,6668
9155,6678
9053,6660
8989,6707
8867,6781
8779,6861
8657,6991
8559,7168
8364,7274
8203,7450
8016,7535
7895,7593
7702,7690
7540,7812
7438,7857
7318,7912
7189,7952
7133,7938
7124,8059
7164,8056
7181,8039
7349,7981
7496,7952
7661,7902
7846,7850
8134,7748
8372,7581
8602,7410
8816,7301
9065,7166
9272,7096
9471,7024
9584,6963
9632,6932
9722,6897
9704,6876
9598,6909
9638,6899
9480,6959
9320,6992
9225,7083
9100,7173
8865,7313
8628,7414
8421,7475
8168,7602
7883,7795
7667,7961
7511,8082
7344,8324
7098,8479
6944,8600
6799,8742
6736,8898
6766,8967
6833,9064
6851,9014
6920,8853
7087,8779
7291,8732
7443,8603
7636,8503
7779,8371
7962,8271
8244,7984
8468,7849
8653,7654
8743,7448
8785,7354
8850,7189
8978,7067
9131,7007
9230,6967
9285,6929
9380,6899
9452,6900
9355,6933
9323,6990
9260,7077
9117,7229
9045,7386
8839,7557
8641,7760
8370,7865
8178,8001
7918,8171
7696,8268
7451,8377
7302,8462
7159,8527
7093,8560
7090,8498
7079,8490
7144,8553
7176,8478
7260,8462
7377,8337
7518,8227
7703,8139
7890,8008
7965,7847
8118,7740
8389,7601
8703,7485
8994,7340
9275,7200
9510,7104
9699,7039
10055,6990
10151,7028
10263,6967
10428,6927
10269,6923
10241,6925
10128,6973
10003,7015
9877,7142
9688,7287
9529,7430
9330,7633
9149,7863
8896,8104
8651,8166
8405,8297
8174,8485
7932,8626
7701,8733
7459,8838
7271,8903
7171,8967
7080,9025
7048,8986
7090,9023
7121,8895
7194,8766
7345,8609
7400,8522
7536,8435
7679,8341
7764,8178
7926,8037
8097,7842
8240,7632
8399,7464
8594,7295
8762,7110
8856,6983
8987,6886
9074,6806
9143,6751
9032,6792
9013,6834
8963,6931
8956,7020
8887,7168
8827,7306
8723,7413
8693,7574
8564,7726
8427,7860
8270,8030
8118,8207
7968,8418
7734,8609
7529,8784
7340,8969
7190,9132
7094,9200
6957,9214
6886,9247
6832,9210
6794,9056
6809,8981
6820,8874
6885,8727
6954,8559
7102,8436
7272,8183
7424,8009
7624,7755
7791,7559
7946,7423
8087,7222
8255,7089
8411,6933
8632,6859
8715,6791
8734,6758
8814,6733
8901,6719
8912,6700
8952,6708
8926,6769
8883,6835
8727,6900
8597,6981
8415,7088
8270,7183
8066,7310
7857,7478
7700,7627
7499,7748
7350,7896
7185,8048
7085,8124
7001,8255
6875,8384
6842,8538
6821,8575
6793,8556
6836,8501
6906,8496
6948,8415
7020,8364
7094,8234
7201,8132
7312,7888
7431,7699
7565,7571
7755,7418
7912,7310
8072,7168
8261,7105
8394,6955
8448,6832
8578,6778
8656,6672
8786,6613
8733,6372
8800,6709
8543,6495
8596,6663
8444,6730
8456,6933
8224,7038
8047,7178
7886,7346
7713,7535
7588,7682
7427,7829
7293,7923
7123,8001
7042,8094
6978,8052
6887,8138
6801,8181
6742,8192
6713,8185
6778,8178
6843,8116
6872,8073
6966,8010
7033,7975
7176,7903
7326,7846
7430,7709
7614,7574
7792,7529
7963,7419
8092,7306
8183,7160
8377,7016
8550,6908
8604,6787
8806,6704
8815,6642
8949,6627
8975,6579
8982,6663
8960,6675
8887,6790
8716,6857
8670,6962
8544,7048
8391,7126
8213,7201
7998,7314
7841,7411
7652,7443
7477,7509
7283,7638
7078,7707
6954,7795
6846,7821
6746,7891
6716,7948
6704,7955
6712,7928
6821,7935
6946,7899
7089,7833
7198,7703
7409,7658
7592,7507
7855,7408
8070,7305
8299,7211
8547,7109
8738,6993
8916,6921
9077,6845
9154,6762
9239,6724
9197,6655
9232,6660
9240,6640
9125,6651
9057,6683
8885,6701
8776,6781
8649,6849
8382,6981
8246,7112
8047,7304
7880,7442
7740,7652
7602,7768
7473,7983
7324,8054
7210,8178
7075,8259
6959,8304
6874,8335
6835,8411
6831,8411
6802,8395
6818,8388
6902,8329
6958,8255
7113,8151
7266,8076
7436,7879
7600,7689
7822,7496
8043,7310
8326,7168
8590,7029
8916,6867
9177,6766
9389,6697
9562,6663
9646,6619
9779,6644
9816,6668
9820,6689
9816,6727
9656,6759
9528,6867
9315,7005
9144,7129
8864,7208
8538,7373
8279,7522
8052,7637
7842,7756
7715,7888
7498,7971
7305,8045
7128,8081
7026,8233
6987,8311
6934,8372
6863,8439
6867,8469
6913,8502
6935,8496
7015,8336
7086,8287
7167,8217
7302,8072
7440,7967
7617,7884
7778,7756
7923,7643
8039,7479
8173,7315
8316,7143
8348,6985
8447,6883
8567,6789
8517,6693
8542,6672
8477,6625
8275,6672
8180,6747
8166,6830
8079,6962
8092,7061
7998,7222
7916,7359
7812,7473
7660,7570
7541,7669
7494,7831
7344,7851
7277,7956
7139,8047
6978,8088
6960,8079
6872,8134
6789,8193
6785,8167
6762,8119
6783,8087
6848,8025
6928,7908
7015,7803
7158,7719
7295,7597
7459,7449
7648,7345
7807,7253
8049,7118
8214,7030
8315,6912
8463,6812
8593,6744
8734,6685
8802,6698
8934,6680
8901,6644
9027,6680
9048,6713
9069,6746
9049,6782
8896,6829
8735,6906
8619,6986
8475,7064
8298,7125
8089,7204
7925,7352
7675,7492
7442,7619
7254,7794
7063,7877
6955,7952
6864,8048
6831,8115
6821,8167
6909,8146
6964,8108
7072,8043
7148,7982
7305,7901
7531,7862
7715,7782
7882,7596
8041,7500
8289,7370
8470,7256
8738,7121
9029,7012
9067,6918
9251,6863
9340,6789
9444,6705
9334,6676
9249,6646
9200,6668
9128,6749
8959,6802
8795,6937
8748,7091
8572,7235
8301,7384
8212,7543
8149,7797
7879,7901
7721,8038
7561,8212
7392,8403
7280,8631
7185,8806
7026,8940
6989,9009
6883,8988
6795,9026
6789,9127
6765,9015
6783,8919
6869,8731
6959,8537
7059,8428
7128,8285
7259,8119
7422,7930
7632,7734
7856,7517
8062,7324
8278,7176
8454,6967
8616,6882
8724,6745
8825,6688
8921,6631
8997,6550
9061,6575
9120,6605
9187,6649
9037,6726
8871,6801
8657,6869
8502,6942
8305,7070
8247,7184
8099,7288
7944,7449
7770,7514
7619,7600
7499,7720
7369,7793
7267,7862
7156,7924
7059,7983
6986,7978
6998,8005
7066,8069
7085,8018
7124,7985
7195,7938
7388,7879
7611,7784
7880,7668
8067,7555
8274,7443
8572,7371
8801,7244
9059,7139
9270,7038
9542,6966
9851,6855
10032,6782
10121,6708
10239,6680
10382,6686
10352,6658
10245,6710
10190,6762
10103,6888
9864,6967
9578,7154
9372,7285
9111,7449
8832,7536
8611,7646
8403,7828
8235,7968
8122,8156
7961,8210
7789,8283
7672,8388
7577,8484
7423,8481
7342,8594
7271,8670
7281,8724
7321,8766
7393,8707
7503,8657
7707,8561
7953,8442
8250,8330
8577,8272
8912,8107
9295,7955
9738,7723
10181,7538
10612,7384
10995,7238
11239,7043
11531,6986
11644,6893
11740,6835
11779,6737
11739,6774
11602,6838
11326,6955
11102,7112
10907,7253
10664,7471
10302,7669
9989,7802
9613,8024
9263,8198
8947,8294
8624,8351
8371,8436
8043,8710
7889,8962
7703,9178
7575,9269
7536,9422
7542,9425
7645,9565
7819,9644
7915,9720
8095,9718
8334,9675
8548,9535
8862,9307
9197,9132
9432,8883
9803,8582
10095,8345
10395,8118
10554,7855
10835,7597
10902,7345
11003,7173
11134,7064
11264,6990
11454,7011
11526,7069
11264,7219
11173,7415
10967,7651
10840,7912
10620,8150
10399,8372
10017,8659
9755,9012
9444,9208
9057,9594
8696,9877
8395,10113
8066,10296
7846,10563
7625,10662
7499,10678
7404,10689
7312,10636
7337,10518
7457,10475
7572,10338
7760,10125
7981,9898
8230,9645
8470,9328
8699,9069
8964,8794
9273,8491
9577,8218
9939,7950
10246,7792
10563,7629
10825,7517
11014,7376
11187,7335
11248,7283
11300,7316
11186,7338
10983,7352
10656,7561
10449,7656
10139,7792
9878,7988
9585,8248
9251,8496
8930,8831
8627,9251
8308,9450
8034,9651
7834,9822
7732,10025
7646,10256
7560,10400
7488,10558
7451,10521
7454,10549
7468,10467
7588,10394
7723,10239
7894,9967
8044,9700
8192,9498
8371,9170
8568,8929
8791,8733
9035,8550
9133,8351
9429,8116
9596,7897
9871,7736
10034,7511
10148,7300
10002,7162
9821,7093
9673,7065
9280,7148
8893,7309
8416,7509
7882,7737
7699,8006
7453,8232
7102,8469
6740,8745
6497,8961
6316,9235
6255,9267
6203,9309
6189,9468
6179,9494
6170,9639
6171,9707
6163,9711
6168,9599
6155,9532
6148,9522
6142,9493
6135,9460
6147,9279
6149,9010
6142,8785
6141,8648
6137,8387
6132,8214
6127,7990
6120,7649
6127,7456
6128,7236
6140,7110
6122,6988
6119,6857
6126,6809
6128,6843
6128,6905
6123,6985
6126,7102
6125,7245
6130,7433
6117,7624
6119,7626
6123,7655
6116,7673
6120,7751
6108,7802
6113,7875
6112,7937
6126,8071
6120,8136
6113,8148
6119,8052
6126,7837
6119,7628
6113,7571
6119,7638
6120,7593
6116,7310
6108,6963
6111,6657
6109,6429
6112,6290
6120,6214
6102,6166
6112,6154
6116,6138
6107,6161
6106,6151
6107,6172
6103,6171
6112,6181
6105,6171
6101,6187
6198,6370
6266,5958
6154,6214
6090,6145
6145,6109
6135,6169
6072,6060
6062,6045
6093,6058
6108,6063
6108,6058
6101,6073
6106,6072
6110,6066
6108,6077
6106,6070
6107,6067
6105,6068
6107,6050
6102,6079
6106,6077
6106,6066
6104,6070
6108,6064
6102,6073
6107,6062
6104,6065
6105,6072
6110,6059
6106,6067
6101,6069
6100,6063
6110,6052
6099,6051
6105,6043
6099,6060
6110,6055
6114,6056
6111,6058
6107,6055
6112,6066
6110,6057
6114,6056
6110,6050
6106,6057
6116,6049
6107,6046
6118,6060
6113,6064
6114,6050
6108,6053
6119,6055
6107,6056
6111,6050
6114,6022
6111,6037
6110,6056
6122,6048
6096,6045
6108,6054
6110,6050
6102,6058
6110,6048
6100,6039
6110,6045
6112,6065
6112,6049
6106,6060
6106,6047
6104,6055
6106,6052
6108,6056
6116,6049
6109,6032
6096,6070
6109,6050
6106,6047
6112,6062
6107,6054
6115,6047
6114,6059
6105,6064
6115,6041
6112,6057
6104,6055
6106,6050
6104,6050
6112,6048
6111,6043
6114,6052
6126,6041
6107,6046
6115,6043
6110,6051
6104,6046
6101,6053
6107,6054
6109,6048
6104,6056
6107,6047
6101,6039
6113,6039
6099,6043
6100,6048
6106,6043
6109,6050
6107,6056
6115,6039
6111,6043
6106,6053
6101,6054
6103,6055
6108,6051
6113,6040
6107,6043
6098,6057
6099,6049
6102,6052
6110,6042
6101,6057
6108,6052
6102,6047
6110,6062
6112,6045
6099,6048
6111,6036
6098,6047
6104,6062
6102,6054
6100,6049
6115,6053
6104,6058
6111,6045
6111,6047
6102,6039
6097,6057
6098,6045
6117,6045
6113,6045
6107,6054
6110,6052
6106,6043
6097,6049
6107,6049
6109,6046
6107,6051
6093,6045
6101,6048
6118,6034
6107,6049
6109,6046
6109,6051
6109,6050
6105,6049
6103,6040
6092,6058
6115,6059
6106,6065
6107,6048
6100,6047
6096,6046
6109,6061
6101,6045
6102,6042
6119,6056
6116,6056
6097,6055
6103,6041
6105,6049
6109,6049
6097,6051
6112,6050
6102,6049
6103,6046
6102,6049
6103,6046
6106,6056
6101,6056
6098,6047
6101,6048
6093,6043
6104,6038
6095,6041
6108,6053
6105,6045
6102,6046
6103,6041
6113,6040
6103,6034
6108,6041
6114,6056
6105,6046
6095,6044
6101,6047
6099,6048
6102,6050
6108,6049
6104,6038
6093,6025
6100,6047
6102,6055
6103,6053
6101,6041
6100,6045
6105,6042
6101,6049
6094,6041
6109,6040
6103,6040
6100,6039
6102,6053
6096,6053
6101,6041
6105,6042
6112,6054
6104,6047
6105,6050
6104,6044
6096,6053
6096,6041
6106,6043
6105,6061
6099,6049
6102,6033
6095,6050
6095,6043
6097,6046
6101,6043
6095,6048
6105,6046
6109,6047
6106,6051
6096,6055
6100,6047
6109,6035
6097,6050
6107,6049
6110,6042
6106,6042
6106,6055
6107,6050
6105,6050
6106,6052
6102,6056
6095,6046
6104,6042
6111,6060
6104,6047
6104,6040
6108,6052
6104,6039
6108,6050
6114,6053
6100,6052
6104,6061
6111,6053
6104,6037
6109,6061
6102,6048
6103,6055
6098,6061
6106,6037
6099,6058
6094,6049
6110,6047
6109,6050
6097,6040
6109,6060
6039,5970
6189,6147
6033,5984
6086,6036
6126,6055
6122,6050
6100,6048
6119,6055
6087,6038
6115,6052
6107,6053
6111,6050
6108,6052
6121,6050
6115,6049
6110,6053
6099,6053
6106,6057
6106,6036
6109,6049
6108,6047
6108,6051
6108,6046
6117,6047
6117,6045
6115,6031
6101,6065
6099,6058
6103,6056
6106,6032
6098,6043
6113,6062
6113,6054
6101,6053
6098,6050
6108,6040
6109,6054
6104,6040
6100,6052
6106,6047
6109,6036
6117,6049
6104,6049
6105,6056
6111,6040
6108,6054
6107,6042
6111,6054
6102,6048
6100,6061
6111,6057
6101,6049
6106,6051
6104,6061
6106,6050
6099,6038
6103,6045
6110,6051
6108,6065
6111,6057
6103,6051
6109,6046
6099,6049
6103,6055
6108,6052
6097,6049
6101,6046
6107,6037
6111,6050
6099,6036
6107,6048
6102,6058
6105,6052
6101,6048
6102,6047
6114,6049
6110,6054
6110,6031
6094,6036
6104,6051
6108,6049
6112,6052
6113,6057
6117,6041
6106,6050
6109,6053
6100,6044
6110,6057
6113,6050
6108,6038
6108,6046
6116,6044
6108,6047
6118,6054
6106,6048
6115,6053
6118,6048
6115,6045
6111,6049
6112,6039
6113,6046
6120,6050
6119,6045
6112,6049
6113,6045
6108,6050
6119,6047
6110,6043
6112,6048
6121,6047
6115,6054
6122,6049
6109,6044
6117,6060
6111,6052
6110,6050
6109,6044
6102,6050
6115,6059
6110,6048
6111,6029
6108,6049
6107,6046
6108,6052
6116,6041
6113,6050
6117,6046
6113,6045
6115,6038
6113,6053
6099,6033
6114,6051
6120,6060
6112,6040
6112,6045
6109,6044
6106,6066
6107,6041
6102,6045
6117,6041
6110,6054
6120,6037
6114,6045
6111,6052
6117,6043
6110,6052
6109,6037
6117,6050
6112,6040
6114,6054
6113,6039
6107,6034
6110,6047
6119,6049
6111,6045
6112,6053
6103,6055
6109,6038
6113,6050
6107,6056
6116,6049
6118,6049
6096,6043
6120,6049
6108,6048
6107,6058
6121,6046
6097,6033
6102,6059
6120,6048
6122,6056
6108,6045
6096,6041
6097,6039
6115,6050
6115,6056
6113,6049
6101,6050
6122,6058
6112,6051
6106,6040
6111,6053
6115,6048
6110,6054
6114,6052
6110,6053
6116,6062
6117,6059
6117,6048
6107,6053
6104,6037
6118,6044
6128,6058
6114,6047
6111,6051
6111,6043
6114,6057
6117,6049
6105,6057
6121,6054
6117,6044
6124,6045
6117,6041
6118,6046
6114,6055
6122,6045
6115,6042
6113,6067
6117,6066
6118,6061
6113,6057
6114,6055
6113,6060
6113,6060
6114,6059
6118,6038
6112,6039
6117,6055
6120,6047
6120,6061
6118,6059
6114,6055
6120,6054
6117,6052
6117,6049
6107,6045
6113,6028
6122,6048
6117,6057
6114,6061
6125,6045
6112,6067
6107,6052
6114,6053
6113,6060
6120,6054
6120,6054
6153,6060
6115,6051
6113,6042
6112,6063
6112,6054
6117,6046
6114,6047
6112,6058
6119,6057
6107,6085
6113,6051
6116,6047
6115,6045
6115,6062
6110,6047
6111,6063
6119,6055
6117,6058
6116,6050
6119,6049
6119,6042
6119,6042
6125,6053
6116,6049
6120,6060
6116,6047
6117,6037
6119,6059
6107,6050
6112,6039
6116,6060
6109,6050
6124,6065
6115,6055
6112,6031
6122,6050
6114,6052
6118,6044
6116,6057
6120,6051
6115,6049
6123,6052
6119,6047
6119,6047
6118,6055
6126,6063
6118,6053
6112,6049
6119,6049
6115,6051
6118,6039
6117,6057
6113,6063
6121,6047
6112,6046
6110,6041
6115,6050
6115,6049
6120,6053
6117,6031
6116,6047
0,27
0,61680
0,0
6118,6062
5602,5571
5600,5571
5606,5571
5608,5572
5601,5580
5597,5586
5594,5579
5603,5572
5818,5749
6321,6304
6281,6289
6313,6308
6307,6312
6283,6314
6293,6295
6296,6316
6287,6303
6292,6294
6310,6315
6300,6328
6307,6300
6306,6362
6287,6330
6299,6328
6307,6335
6295,6340
6277,6339
6314,6342
6316,6316
6303,6299
6299,6298
6284,6334
6281,6315
6291,6321
6278,6327
6294,6311
6300,6337
6317,6358
6305,6360
6297,6336
6287,6341
6281,6317
6273,6334
6284,6346
6285,6339
6298,6335
6291,6345
6296,6313
6292,6315
6291,6331
6279,6352
6286,6346
6311,6320
6287,6330
6292,6361
6305,6327
6314,6335
6329,6346
6306,6339
6320,6321
6312,6316
6278,6307
6277,6289
6280,6293
6295,6322
6308,6333
6305,6356
6314,6334
6313,6327
6298,6339
6305,6321
6289,6302
6286,6335
6282,6319
6302,6304
6298,6334
6292,6300
6302,6315
6302,6307
6305,6317
6298,6321
6281,6346
6313,6317
6302,6311
6288,6323
6287,6344
6284,6344
6289,6348
6280,6315
6279,6344
6296,6328
6285,6319
6296,6351
6325,6351
6324,6345
6290,6326
6282,6353
6284,6323
6299,6319
6295,6335
6279,6321
6295,6328
6292,6315
6279,6324
6274,6322
6271,6314
6298,6328
6307,6308
6317,6323
6292,6327
6275,6325
6279,6345
6297,6334
6300,6331
6294,6357
6305,6307
6307,6317
6293,6320
6396,6467
6129,6187
6302,6380
6218,6324
6338,6400
6312,6364
6291,6370
6279,6365
6290,6324
6320,6319
6279,6307
6303,6337
6282,6350
6293,6349
6289,6345
6296,6325
6298,6352
6299,6309
6303,6304
6290,6333
6291,6335
6302,6348
6290,6355
6287,6350
6282,6347
6263,6324
6295,6344
6296,6348
6296,6347
6296,6340
6281,6342
6294,6323
6292,6339
6288,6331
6299,6298
6295,6340
6295,6341
6290,6356
6280,6348
6287,6339
6298,6330
6302,6314
6279,6321
6271,6324
6296,6326
6289,6358
6293,6336
6298,6345
6311,6354
6280,6334
6269,6336
6277,6319
6274,6325
6271,6343
6285,6354
6285,6350
6295,6328
6293,6344
6281,6338
6275,6356
6280,6361
6265,6333
6274,6343
6279,6316
6279,6315
6270,6334
6303,6326
6283,6336
6275,6313
6283,6353
6277,6344
6279,6381
6278,6372
6275,6361
6273,6349
6280,6383
6284,6382
6273,6365
6284,6344
6259,6362
6269,6351
6279,6342
6282,6366
6263,6353
6271,6353
6249,6357
6285,6389
6268,6384
6266,6367
6275,6368
6254,6368
6249,6371
6265,6359
6269,6359
6279,6385
6294,6364
6282,6374
6285,6323
6263,6385
6258,6389
6244,6346
6271,6366
6270,6361
6278,6354
6252,6375
6249,6361
6267,6352
6265,6368
6263,6385
6262,6387
6270,6383
6263,6371
6269,6372
6267,6350
6268,6381
6252,6361
6237,6359
6248,6383
6251,6376
6262,6362
6247,6354
6250,6390
6276,6366
6268,6389
6259,6396
6250,6406
6260,6401
6251,6402
6252,6404
6248,6383
6278,6397
6261,6375
6253,6352
6246,6400
6261,6388
6251,6368
6270,6384
6256,6413
6276,6416
6255,6413
6239,6385
6246,6404
6247,6359
6251,6389
6239,6371
6241,6365
6244,6355
6244,6350
6250,6353
6233,6349
6236,6376
6236,6402
6251,6387
6240,6392
6247,6373
6234,6369
6243,6387
6271,6408
6263,6376
6263,6371
6254,6403
6245,6400
6258,6403
6252,6409
6232,6389
6255,6392
6252,6393
6251,6402
6246,6392
6247,6369
6231,6392
6243,6388
6238,6400
6254,6371
6242,6374
6248,6360
6241,6371
6241,6419
6235,6359
6241,6366
6243,6386
6238,6350
6241,6382
6261,6375
6249,6384
6233,6360
6248,6375
6243,6378
6241,6379
6227,6370
6227,6388
6239,6353
6238,6335
6233,6342
6240,6345
6263,6360
6247,6368
6239,6412
6232,6407
6226,6397
6246,6427
6251,6408
6234,6440
6236,6406
6235,6397
6214,6407
6230,6373
6231,6387
6247,6381
6232,6393
6251,6406
6231,6395
6231,6413
6240,6404
6209,6400
6232,6397
6234,6363
6244,6380
6248,6368
6247,6386
6228,6395
6236,6378
6242,6394
6248,6397
6223,6408
6222,6385
6235,6401
6236,6429
6232,6378
6231,6364
6223,6346
6226,6367
6224,6368
6226,6350
6234,6344
6224,6350
6244,6399
6239,6385
6232,6393
6231,6389
6235,6407
6246,6385
6238,6410
6233,6384
6234,6398
6227,6365
6224,6402
6237,6403
6236,6405
6232,6415
6217,6414
6227,6406
6230,6375
6234,6392
6219,6381
6224,6401
6223,6388
6211,6404
6214,6407
6227,6416
6222,6424
6246,6417
6206,6435
6219,6425
6216,6423
6205,6453
6220,6431
6224,6414
6229,6398
6274,6470
6300,6505
6207,6404
6236,6352
6214,6396
6267,6461
6211,6407
6229,6391
6232,6401
6228,6386
6238,6376
6227,6385
6212,6394
6219,6390
6219,6404
6215,6406
6235,6402
6220,6413
6217,6419
6219,6397
6211,6408
6225,6409
6219,6436
6224,6447
6219,6398
6227,6416
6227,6409
6219,6404
6227,6380
6213,6370
6208,6362
6221,6356
6226,6350
6225,6353
6210,6363
6224,6335
6228,6344
6225,6383
6241,6395
6226,6368
6215,6395
6231,6401
6223,6382
6213,6390
6226,6386
6234,6411
6219,6395
6222,6429
6218,6429
6216,6421
6226,6427
6215,6409
6218,6405
6211,6422
6217,6406
6211,6414
6226,6421
6219,6399
6220,6394
6215,6400
6212,6399
6222,6389
6219,6416
6228,6388
6216,6410
6217,6408
6219,6395
6219,6409
6215,6410
6218,6401
6213,6388
6222,6404
6215,6396
6221,6385
6213,6403
6212,6415
6212,6406
6225,6390
6217,6392
6232,6391
6215,6352
6224,6374
6228,6331
6233,6359
6225,6361
6229,6384
6234,6390
6224,6389
6219,6419
6216,6386
6227,6391
6214,6383
6216,6380
6226,6382
6216,6391
6218,6375
6221,6359
6222,6380
6214,6354
6210,6368
6223,6369
6232,6358
6233,6353
6250,6376
6223,6369
6225,6379
6213,6377
6233,6372
6230,6391
6225,6378
6228,6370
6218,6373
6220,6365
6235,6364
6239,6372
6218,6340
6228,6363
6231,6365
6228,6394
6223,6368
6221,6385
6237,6352
6235,6359
6217,6367
6220,6396
6224,6380
6224,6362
6235,6378
6223,6374
6226,6385
6238,6352
6222,6358
6220,6372
6237,6344
6222,6343
6225,6350
6235,6347
6237,6371
6217,6392
6238,6385
6230,6363
6235,6362
6226,6384
6228,6369
6233,6346
6239,6368
6224,6368
6235,6370
6227,6327
6225,6368
6236,6380
6228,6390
6237,6358
6242,6353
6246,6358
6238,6351
6223,6331
6222,6326
6221,6349
6231,6352
6231,6335
6223,6333
6228,6347
6228,6371
6232,6354
6231,6351
6228,6328
6233,6350
6213,6354
6226,6370
6213,6356
6236,6348
6229,6334
6227,6370
6240,6373
6232,6344
6225,6368
6234,6353
6221,6365
6248,6369
6228,6373
6228,6368
6237,6355
6238,6347
6233,6344
6216,6337
6220,6327
6230,6322
6228,6333
6241,6319
6243,6320
6229,6337
6240,6349
6247,6327
6242,6306
6237,6323
6233,6331
6231,6346
6218,6326
6219,6337
6228,6327
6215,6326
6222,6326
6224,6352
6224,6329
6222,6332
6224,6343
6218,6326
6219,6338
6237,6337
6223,6340
6236,6362
6232,6343
6240,6319
6233,6323
6231,6334
6215,6314
6219,6326
6232,6335
6237,6333
6235,6333
6237,6316
6227,6323
6221,6335
6221,6330
6240,6345
6234,6362
6230,6340
6237,6359
6229,6334
6225,6325
6225,6332
6228,6347
6236,6358
6241,6354
6240,6366
6246,6355
6252,6360
6243,6336
6249,6330
6235,6345
6234,6343
6237,6321
6243,6356
6244,6351
6254,6325
6261,6346
6254,6353
6264,6349
6283,6343
6292,6318
6333,6346
6347,6340
6386,6342
6402,6359
6435,6347
6485,6317
6548,6320
6600,6344
6654,6347
6700,6336
6735,6318
6792,6339
6822,6351
6860,6323
6843,6345
6809,6332
6795,6361
6755,6298
6660,6275
6779,6408
6735,6348
6663,6330
6601,6345
6636,6372
6674,6360
6657,6316
6652,6302
6696,6326
6763,6347
6834,6341
6907,6365
7000,6349
7118,6362
7273,6388
7433,6397
7549,6364
7669,6363
7778,6381
7938,6407
8019,6405
8066,6421
8191,6431
8268,6447
8240,6459
8155,6514
8099,6528
7931,6538
7882,6543
7812,6561
7730,6626
7620,6667
7489,6696
7395,6721
7339,6738
7268,6789
7110,6850
7018,6958
6901,7050
6839,7136
6798,7237
6770,7331
6818,7354
6914,7345
7028,7323
7191,7262
7361,7248
7567,7186
7823,7173
8127,7182
8336,7133
8413,7107
8479,7028
8512,6957
8607,6908
8746,6844
8849,6805
9007,6772
9061,6741
9106,6711
9138,6712
9153,6676
9116,6665
9024,6691
8918,6749
8797,6864
8601,6986
8529,7129
8354,7300
8193,7410
8021,7514
7879,7610
7746,7708
7567,7764
7442,7846
7315,7899
7210,7909
7152,7979
7131,8041
7160,8021
7188,8080
7310,7995
7492,7972
7663,7882
7838,7845
8087,7719
8390,7554
8584,7398
8835,7281
9031,7192
9291,7059
9480,7006
9532,6964
9655,6911
9683,6864
9656,6883
9651,6884
9615,6899
9408,6967
9338,7047
9204,7101
9040,7175
8879,7280
8590,7390
8454,7498
8154,7586
7905,7794
7719,7948
7516,8153
7349,8329
7115,8452
6957,8597
6813,8741
6742,8818
6785,8966
6824,9040
6877,8984
6964,8836
7090,8790
7288,8682
7417,8615
7594,8479
7798,8371
7935,8233
8227,7996
8455,7802
8655,7647
8733,7471
8816,7324
8903,7158
8951,7040
9085,6995
9208,6945
9291,6938
9384,6889
9349,6910
9370,6926
9312,6996
9233,7098
9094,7193
9013,7402
8808,7594
8601,7730
8357,7877
8087,8005
7922,8223
7701,8296
7480,8348
7334,8488
7185,8496
7095,8516
7068,8540
7098,8529
7149,8480
7210,8506
7271,8447
7370,8337
7544,8220
7731,8132
7855,8004
7954,7869
8104,7726
8359,7575
8661,7453
8974,7312
9248,7230
9458,7117
9742,7052
10022,6988
10177,6975
10296,6958
10342,6909
10310,6900
10289,6917
10110,6955
10016,7047
9852,7171
9717,7281
9503,7464
9336,7616
9130,7865
8922,8100
8700,8156
8412,8326
8160,8478
7927,8618
7693,8744
7475,8833
7300,8941
7173,8973
7099,9024
7055,9020
7068,9022
7128,8927
7208,8796
7323,8610
7418,8525
7566,8444
7656,8340
7759,8186
7920,8018
8104,7819
8272,7648
8430,7508
8609,7298
8725,7091
8902,6982
8958,6879
9074,6804
9128,6752
9042,6782
9035,6839
9014,6936
8910,7079
8922,7192
8868,7284
8753,7427
8676,7553
8544,7752
8442,7875
8275,8040
8116,8212
7951,8423
7757,8557
7560,8713
7341,8980
7206,9152
7058,9190
6952,9182
6877,9209
6815,9208
6779,9100
6815,8916
6844,8903
6890,8752
6977,8547
7136,8401
7250,8210
7473,8004
7634,7769
7788,7575
7972,7445
8085,7243
8274,7097
8418,6964
8597,6857
8701,6779
8767,6744
8876,6722
8931,6700
8920,6666
8946,6725
8887,6777
8854,6835
8740,6899
8560,6975
8437,7088
8275,7241
8024,7321
7861,7451
7720,7659
7516,7750
7359,7924
7186,8014
7089,8141
6977,8275
6883,8352
6914,8576
6803,8625
6805,8690
6837,8533
6899,8495
6931,8388
7021,8324
7126,8217
7185,8113
7303,7928
7440,7738
7594,7613
7778,7458
7894,7307
8045,7189
8207,7103
8362,7008
8485,6851
8591,6749
8713,6634
8768,6626
8779,6602
8708,6601
8663,6604
8634,6668
8483,6762
8328,6909
8242,7036
8100,7166
7849,7349
7692,7513
7588,7697
7436,7824
7298,7910
7149,7988
7044,8069
6966,8040
6867,8112
6785,8196
6732,8236
6716,8172
6769,8165
6835,8108
6901,8069
6947,8038
7020,7961
7146,7912
7304,7855
7469,7732
7648,7558
7802,7542
7932,7408
8118,7332
8206,7144
8404,7020
8512,6930
8620,6798
8771,6726
8847,6648
8955,6622
8961,6600
8973,6628
8975,6693
8858,6760
8730,6852
8654,6946
8568,7063
8390,7154
8201,7181
8036,7304
7813,7419
7599,7461
7505,7518
7253,7647
7092,7742
6937,7784
6839,7802
6743,7899
6720,7986
6700,7933
6739,7954
6821,7949
6929,7895
7076,7828
7228,7683
7386,7616
7619,7545
7858,7433
8075,7302
8307,7223
8541,7103
8770,7001
8912,6929
9050,6853
9150,6768
9223,6717
9184,6645
9228,6665
9201,6653
9154,6643
9050,6673
8823,6726
8761,6781
8638,6872
8432,6967
8223,7124
8078,7267
7907,7432
7755,7601
7624,7777
7467,7961
7306,8035
7204,8162
7085,8273
6958,8279
6871,8340
6838,8380
6861,8435
6808,8409
6848,8345
6890,8404
6980,8239
7117,8137
7281,8042
7465,7884
7622,7711
7823,7480
8024,7328
8337,7173
8595,7025
8964,6867
9187,6770
9391,6703
9517,6658
9604,6637
9797,6646
9813,6666
9795,6678
9779,6734
9637,6755
9562,6847
9411,6980
9219,7137
8912,7229
8514,7368
8244,7539
8041,7655
7891,7745
7710,7859
7482,7981
7293,8008
7136,8084
7057,8223
6979,8293
6901,8395
6878,8421
6861,8419
6893,8483
6933,8470
7018,8374
7074,8305
7159,8239
7312,8119
7455,8016
7601,7899
7791,7793
7895,7658
8072,7518
8169,7383
8360,7129
8346,7023
8484,6869
8491,6786
8504,6682
8499,6630
8476,6619
8325,6672
8150,6782
8144,6824
8074,6964
8124,7038
8032,7174
7896,7378
7817,7478
7694,7594
7541,7670
7475,7786
7384,7815
7268,7946
7122,8055
7004,8081
6925,8060
6878,8121
6793,8170
6780,8174
6783,8129
6786,8110
6840,8042
6930,7920
7004,7786
7132,7700
7300,7613
7483,7470
7619,7337
7826,7228
8003,7101
8181,7017
8318,6918
8468,6827
8576,6754
8701,6701
8774,6672
8938,6671
8940,6641
9034,6683
9076,6744
9070,6756
9015,6783
8876,6825
8735,6899
8576,7001
8467,7082
8297,7099
8091,7223
7881,7351
7667,7475
7438,7639
7245,7790
7051,7902
6949,7990
6869,8046
6827,8141
6816,8191
6873,8154
6985,8057
7067,8083
7161,8007
7324,7897
7488,7866
7699,7754
7907,7631
8083,7482
8300,7365
8530,7240
8710,7100
8973,7031
9095,6911
9304,6860
9371,6782
9390,6717
9366,6665
9324,6632
9238,6658
9145,6740
8947,6799
8846,6941
8733,7107
8538,7255
8326,7401
8227,7591
8130,7768
7865,7919
7706,8054
7539,8208
7354,8432
7317,8589
7183,8810
7043,8965
6956,9027
6506,8700
7046,9162
6858,9168
6777,9103
6766,8906
6867,8709
6952,8551
7070,8421
7139,8253
7290,8094
7412,7925
7620,7706
7858,7518
8057,7307
8267,7175
8432,7000
8617,6858
8719,6745
8810,6679
8919,6633
8982,6603
9092,6596
9146,6618
9173,6654
8989,6706
8834,6802
8708,6893
8515,6994
8378,7092
8211,7179
8094,7294
7944,7446
7762,7467
7644,7607
7464,7699
7389,7795
7234,7889
7112,7958
7050,7980
7004,7945
7002,8009
7075,8062
7096,7997
7093,7987
7194,7913
7386,7866
7639,7799
7871,7662
8104,7532
8306,7443
8563,7374
8816,7282
9041,7124
9304,7053
9575,6958
9803,6866
9958,6770
10106,6734
10273,6679
10373,6677
10353,6680
10215,6716
10207,6779
10054,6876
9824,6959
9588,7125
9376,7286
9108,7446
8836,7545
8606,7652
8360,7835
8283,7958
8086,8120
7950,8224
7844,8315
7691,8368
7568,8465
7428,8520
7342,8585
7296,8655
7285,8773
7325,8764
7394,8701
7495,8683
7698,8563
7965,8453
8278,8316
8639,8261
8950,8143
9250,7980
9729,7686
10222,7523
10629,7398
10994,7222
11270,7053
11420,6989
11655,6846
11729,6813
11790,6738
11748,6754
11594,6817
11330,6962
11118,7124
10893,7258
10627,7426
10293,7642
9959,7821
9619,8069
9222,8214
8982,8307
8605,8322
8374,8462
8058,8708
7897,8952
7722,9145
7556,9283
7516,9442
7567,9444
7637,9552
7830,9598
7947,9711
8104,9717
8315,9595
8536,9493
8844,9363
9199,9100
9502,8877
9766,8626
10070,8342
10374,8148
10555,7836
10866,7616
10918,7337
11007,7167
11132,7060
11248,6982
11396,6994
11415,7105
11332,7230
11115,7429
10959,7645
10865,7917
10614,8106
10302,8378
10020,8654
9719,8961
9407,9225
9067,9562
8689,9915
8400,10067
8078,10288
7816,10530
7609,10664
7491,10695
7375,10725
7325,10630
7363,10616
7463,10498
7610,10383
7767,10152
8011,9904
8183,9602
8489,9265
8722,9101
8944,8791
9255,8478
9632,8230
9941,7942
10311,7770
10533,7630
10828,7520
11087,7394
11207,7330
11260,7276
11308,7334
11214,7327
10969,7380
10706,7569
10476,7662
10163,7817
9874,7975
9551,8185
9207,8486
8866,8804
8607,9184
8313,9436
8060,9636
7827,9830
7710,10040
7667,10262
7586,10399
7466,10527
7476,10555
7446,10509
7510,10476
7597,10354
7741,10206
7856,9961
8050,9708
8174,9478
8418,9200
8547,8936
8798,8715
9016,8540
9222,8382
9439,8146
9618,7922
9895,7707
10003,7489
10154,7296
9959,7176
9805,7090
9680,7046
9304,7149
8893,7290
8389,7542
7895,7759
7678,8003
7478,8241
7073,8489
6730,8721
6490,8962
6327,9211
6252,9259
6199,9355
6200,9496
6178,9503
6167,9548
6166,9700
6153,9713
6169,9622
6154,9548
6153,9538
6148,9484
6149,9440
6155,9301
6145,9019
6140,8844
6140,8665
6140,8389
6138,8195
6132,7987
6129,7668
6122,7436
6127,7214
6133,7075
6121,6972
6121,6862
6128,6832
6122,6834
6129,6907
6127,6992
6118,7098
6127,7264
6142,7423
6119,7588
6125,7680
6114,7644
6115,7674
6121,7753
6112,7817
6124,7813
6112,7888
6125,8100
6114,8122
6108,8143
6120,8037
6161,7824
6143,7706
6155,7502
6242,7732
6089,7554
6108,7251
6118,6951
6118,6652
6106,6418
6107,6285
6115,6202
6110,6170
6114,6153
6118,6151
6100,6157
6114,6163
6107,6180
6107,6190
6113,6199
6112,6167
6102,6168
6110,6169
6104,6159
6109,6164
6105,6119
6101,6102
6107,6112
6098,6076
6107,6072
6096,6069
6113,6069
6113,6075
6102,6060
6114,6065
6108,6065
6106,6072
6104,6081
6101,6064
6109,6063
6104,6061
6108,6059
6115,6069
6107,6057
6102,6065
6104,6058
6102,6067
6109,6056
6099,6060
6115,6066
6111,6068
6112,6061
6103,6049
6102,6048
6107,6049
6106,6045
6105,6056
6098,6063
6105,6041
6112,6054
6112,6066
6111,6066
6118,6059
6103,6053
6114,6052
6113,6053
6113,6053
6109,6052
6104,6051
6118,6048
6111,6046
6109,6043
6107,6047
6117,6055
6111,6049
6113,6048
6108,6045
6112,6062
6111,6061
6117,6062
6116,6051
6108,6048
6113,6041
6109,6048
6112,6048
6109,6045
6108,6035
6113,6053
6115,6043
6102,6063
6096,6037
6108,6059
6111,6052
6117,6051
6113,6053
6112,6031
6104,6056
6105,6038
6102,6051
6117,6054
6110,6042
6111,6047
6117,6038
6108,6056
6116,6055
6126,6045
6111,6042
6102,6038
6112,6049
6114,6049
6112,6043
6114,6052
6117,6048
6105,6049
6115,6043
6102,6051
6103,6044
6110,6030
6121,6048
6111,6047
6110,6042
6102,6048
6099,6049
6107,6054
6106,6039
6108,6044
6105,6037
6102,6057
6111,6056
6118,6045
6107,6033
6107,6053
6101,6040
6102,6049
6110,6052
6113,6045
6106,6058
6108,6042
6105,6050
6106,6046
6106,6042
6106,6040
6109,6048
6105,6039
6104,6060
6112,6044
6106,6053
6108,6039
6096,6051
6114,6049
6109,6037
6099,6038
6108,6050
6101,6058
6110,6055
6106,6037
6111,6048
6104,6063
6104,6039
6106,6053
6122,6058
6105,6057
6111,6040
6104,6028
6106,6051
6103,6053
6104,6050
6110,6053
6094,6049
6099,6034
6106,6052
6111,6071
6110,6026
6107,6043
6107,6045
6100,6053
6105,6043
6103,6057
6102,6048
6107,6044
6099,6052
6100,6043
6099,6040
6116,6046
6103,6031
6107,6048
6111,6051
6116,6048
6106,6047
6104,6039
6115,6040
6111,6051
6104,6053
6117,6044
6104,6042
6109,6043
6101,6045
6105,6046
6111,6042
6102,6045
6108,6047
6104,6036
6101,6032
6108,6047
6097,6042
6111,6050
6109,6034
6110,6049
6097,6048
6111,6053
6106,6049
6105,6043
6111,6048
6111,6053
6100,6042
6103,6039
6107,6035
6103,6047
6097,6047
6099,6039
6096,6033
6101,6046
6108,6049
6097,6045
6094,6039
6099,6050
6098,6054
6107,6044
6096,6039
6102,6041
6100,6050
6097,6046
6101,6059
6094,6054
6083,6032
6104,6043
6106,6039
6102,6056
6098,6043
6107,6047
6096,6051
6095,6055
6109,6052
6100,6051
6095,6052
6110,6048
6097,6046
6100,6045
6097,6043
6099,6043
6105,6041
6104,6040
6108,6042
6098,6045
6092,6043
6102,6055
6099,6047
6103,6045
6111,6042
6106,6034
6102,6050
6111,6050
6104,6050
6101,6038
6101,6047
6098,6044
6101,6048
6103,6042
6097,6032
6108,6047
6322,6236
6146,6309
6058,5936
6099,6103
6228,6068
6145,6058
6150,6103
6110,6046
6119,6047
6102,6031
6111,6049
6108,6042
6105,6054
6100,6029
6101,6046
6105,6052
6101,6054
6111,6054
6099,6045
6113,6057
6106,6061
6106,6059
6109,6052
6116,6049
6120,6048
6113,6053
6109,6046
6112,6050
6097,6041
6115,6047
6107,6046
6110,6045
6110,6053
6111,6048
6105,6046
6102,6042
6102,6054
6117,6062
6106,6033
6104,6042
6120,6046
6107,6046
6109,6042
6110,6060
6110,6057
6106,6037
6107,6056
6103,6042
6105,6037
6106,6025
6090,6037
6100,6043
6111,6047
6109,6061
6098,6041
6110,6047
6110,6052
6109,6053
6107,6045
6112,6046
6102,6037
6105,6042
6101,6054
6106,6036
6105,6053
6105,6056
6104,6044
6111,6056
6103,6048
6106,6052
6104,6047
6106,6042
6103,6042
6102,6047
6115,6053
6098,6052
6109,6035
6103,6058
6113,6042
6102,6041
6099,6054
6110,6052
6094,6042
6102,6045
6108,6035
6103,6050
6102,6035
6101,6048
6101,6053
6106,6051
6106,6042
6116,6048
6105,6056
6103,6042
6102,6048
6117,6050
6105,6054
6109,6052
6100,6053
6101,6053
6105,6053
6103,6056
6111,6056
6120,6049
6109,6053
6124,6058
6105,6036
6112,6054
6110,6048
6104,6058
6110,6049
6116,6037
6109,6036
6116,6042
6104,6054
6120,6050
6117,6058
6124,6052
6124,6046
6115,6048
6119,6039
6120,6054
6118,6055
6112,6059
6114,6033
6111,6039
6121,6046
6112,6047
6111,6034
6114,6051
6114,6045
6118,6050
6107,6044
6121,6052
6113,6056
6114,6048
6113,6049
6108,6056
6109,6061
6118,6043
6112,6055
6105,6019
6108,6041
6108,6052
6106,6050
6117,6047
6123,6051
6107,6056
6108,6052
6119,6051
6107,6043
6115,6035
6115,6061
6117,6046
6113,6041
6101,6056
6105,6047
6113,6058
6104,6043
6113,6050
6109,6048
6114,6045
6118,6050
6111,6047
6107,6023
6110,6061
6097,6049
6111,6046
6117,6045
6114,6053
6110,6043
6110,6036
6114,6033
6116,6047
6114,6046
6121,6047
6104,6049
6106,6046
6115,6050
6108,6045
6116,6043
6120,6046
6104,6047
6112,6036
6107,6050
6119,6052
6117,6047
6112,6052
6102,6051
6118,6042
6113,6048
6110,6061
6105,6044
6101,6048
6113,6055
6117,6045
6107,6042
6112,6046
6113,6053
6108,6056
6107,6048
6112,6051
6113,6041
6114,6049
6118,6046
6112,6050
6119,6044
6117,6067
6122,6063
6118,6050
6105,6041
6119,6059
6123,6055
6109,6057
6114,6056
6114,6051
6114,6058
6110,6046
6112,6050
6119,6032
6111,6057
6116,6059
6108,6039
6117,6058
6110,6062
6119,6059
6120,6048
6107,6062
6120,6057
6121,6058
6118,6048
6120,6053
6119,6062
6107,6043
6119,6054
6107,6044
6122,6061
6115,6055
6115,6055
6115,6049
6112,6049
6117,6056
6117,6054
6117,6055
6119,6051
6120,6055
6121,6048
6119,6055
6119,6055
6114,6050
6109,6060
6115,6055
6116,6054
6110,6056
6115,6045
6114,6056
6114,6053
6123,6052
6112,6063
6111,6061
6111,6061
6125,6043
6117,6056
6115,6049
6115,6058
6124,6051
6112,6063
6116,6056
6115,6053
6112,6066
6114,6054
6118,6062
6117,6049
6115,6052
6115,6058
6119,6056
6122,6064
6120,6057
6122,6047
6113,6044
6116,6051
6123,6054
6123,6054
6118,6053
6118,6052
6117,6047
6121,6052
6114,6045
6116,6050
6114,6048
6111,6058
6114,6054
6115,6044
6115,6061
6120,6051
6119,6049
6114,6050
6117,6045
6117,6061
6121,6054
6117,6048
6120,6034
6124,6054
6115,6049
6115,6049
6111,6073
6123,6041
6119,6049
6113,6046
6119,6052
6117,6056
6117,6050
6112,6050
6125,6052
6121,6051
6119,6049
6115,6048
6118,6058
0,28
0,61680
0,0
6126,6057
5604,5578
5597,5570
5601,5583
5600,5577
5600,5576
5596,5592
5610,5564
5602,5577
5814,5757
6327,6304
6269,6308
6308,6286
6305,6306
6281,6295
6295,6295
6284,6309
6289,6313
6284,6307
6304,6328
6300,6338
6299,6326
6294,6344
6294,6345
6300,6327
6298,6344
6292,6345
6280,6335
6304,6333
6301,6336
6302,6323
6285,6336
6279,6331
6274,6337
6280,6308
6276,6326
6311,6332
6290,6329
6302,6360
6300,6360
6298,6329
6286,6319
6273,6322
6280,6343
6288,6363
6288,6321
6292,6336
6294,6339
6303,6319
6291,6324
6292,6330
6284,6354
6283,6359
6304,6324
6291,6335
6295,6357
6290,6326
6316,6314
6331,6331
6292,6346
6324,6330
6299,6318
6280,6312
6279,6344
6276,6312
6304,6334
6312,6348
6286,6336
6314,6339
6329,6329
6318,6335
6311,6328
6300,6315
6286,6337
6292,6315
6299,6322
6293,6343
6299,6324
6307,6296
6304,6303
6322,6327
6299,6335
6276,6331
6319,6322
6305,6303
6295,6332
6279,6339
6279,6342
6289,6348
6288,6294
6273,6322
6295,6327
6273,6344
6303,6362
6312,6369
6307,6352
6295,6330
6266,6335
6321,6340
6286,6325
6209,6227
6364,6447
6282,6320
6278,6288
6270,6290
6277,6333
6260,6330
6292,6339
6291,6309
6303,6334
6286,6328
6275,6316
6275,6336
6305,6331
6291,6340
6283,6355
6307,6319
6317,6322
6284,6332
6284,6302
6284,6322
6305,6354
6302,6350
6293,6336
6288,6338
6290,6341
6287,6361
6290,6336
6285,6339
6279,6317
6293,6336
6290,6338
6277,6358
6279,6345
6284,6327
6287,6340
6298,6325
6297,6312
6290,6324
6283,6334
6285,6351
6277,6350
6281,6351
6275,6350
6284,6326
6294,6334
6295,6341
6284,6321
6288,6349
6281,6326
6295,6323
6289,6346
6281,6318
6296,6335
6300,6350
6289,6343
6287,6338
6286,6355
6290,6334
6298,6322
6282,6313
6281,6313
6264,6332
6284,6338
6291,6354
6281,6344
6298,6325
6299,6352
6274,6335
6271,6354
6259,6340
6271,6323
6278,6330
6265,6350
6294,6342
6276,6347
6293,6339
6288,6352
6278,6350
6267,6369
6267,6351
6264,6340
6290,6332
6266,6314
6273,6321
6268,6335
6282,6335
6287,6329
6282,6356
6266,6350
6272,6387
6279,6378
6273,6350
6269,6347
6279,6365
6280,6372
6269,6364
6270,6346
6266,6354
6283,6347
6270,6368
6270,6375
6269,6391
6272,6383
6254,6340
6280,6376
6261,6386
6280,6379
6274,6374
6254,6361
6249,6374
6263,6341
6268,6353
6282,6376
6280,6366
6267,6363
6288,6374
6264,6394
6254,6390
6264,6370
6258,6373
6266,6365
6269,6347
6255,6388
6240,6360
6264,6356
6252,6371
6252,6386
6273,6391
6278,6380
6257,6386
6278,6367
6256,6368
6251,6376
6247,6355
6248,6349
6241,6369
6265,6377
6266,6359
6248,6355
6244,6395
6264,6387
6261,6391
6255,6417
6249,6401
6262,6405
6236,6408
6252,6409
6243,6380
6271,6395
6264,6392
6258,6360
6251,6377
6269,6370
6244,6385
6268,6380
6257,6415
6269,6407
6249,6402
6237,6396
6239,6378
6258,6352
6252,6382
6242,6370
6248,6349
6247,6356
6248,6350
6258,6347
6235,6358
6233,6374
6225,6376
6250,6369
6234,6399
6237,6390
6243,6377
6249,6390
6254,6398
6256,6384
6255,6398
6243,6412
6255,6399
6253,6391
6245,6411
6245,6410
6249,6404
6247,6376
6253,6395
6240,6379
6237,6374
6239,6394
6254,6363
6258,6389
6247,6356
6237,6376
6231,6369
6247,6386
6237,6400
6244,6383
6251,6375
6240,6377
6227,6378
6226,6388
6252,6387
6237,6392
6238,6374
6239,6384
6248,6404
6241,6372
6227,6368
6238,6350
6234,6364
6233,6352
6236,6349
6250,6349
6244,6363
6253,6377
6246,6390
6232,6399
6239,6404
6226,6431
6231,6418
6241,6410
6238,6401
6228,6412
6220,6396
6234,6372
6230,6390
6236,6373
6246,6389
6237,6415
6249,6394
6234,6412
6233,6413
6231,6406
6232,6412
6241,6379
6246,6403
6243,6379
6258,6382
6228,6405
6235,6369
6233,6376
6240,6414
6219,6421
6216,6384
6232,6374
6235,6418
6226,6374
6237,6378
6224,6336
6222,6369
6223,6372
6223,6344
6239,6358
6234,6385
6250,6400
6220,6394
6231,6424
6226,6411
6236,6413
6229,6383
6239,6403
6222,6381
6237,6397
6221,6383
6222,6377
6222,6426
6183,6420
6221,6418
6472,6377
6182,6303
6226,6386
6151,6348
6247,6397
6197,6366
6209,6382
6223,6414
6211,6415
6235,6401
6234,6431
6235,6416
6213,6408
6226,6436
6215,6407
6213,6440
6229,6433
6228,6408
6225,6424
6206,6422
6223,6435
6237,6407
6225,6383
6218,6376
6234,6404
6225,6423
6237,6418
6219,6400
6218,6369
6228,6369
6218,6385
6211,6399
6223,6380
6220,6404
6217,6393
6227,6408
6226,6413
6221,6452
6225,6412
6227,6446
6225,6425
6218,6441
6217,6434
6223,6394
6226,6415
6227,6408
6232,6412
6222,6375
6212,6376
6228,6370
6227,6372
6226,6374
6223,6350
6219,6322
6224,6357
6226,6350
6241,6374
6231,6398
6231,6365
6211,6403
6214,6392
6227,6379
6220,6390
6218,6400
6222,6412
6218,6410
6222,6425
6228,6431
6216,6450
6212,6434
6239,6427
6219,6402
6220,6412
6225,6432
6221,6414
6232,6400
6234,6400
6220,6386
6219,6402
6221,6402
6224,6419
6211,6411
6218,6403
6222,6403
6220,6398
6223,6395
6220,6405
6214,6403
6218,6414
6217,6388
6217,6393
6210,6389
6232,6396
6219,6370
6211,6386
6217,6396
6222,6386
6218,6377
6220,6371
6227,6352
6222,6376
6232,6347
6224,6371
6219,6365
6225,6366
6228,6383
6214,6379
6227,6419
6218,6401
6216,6380
6213,6392
6214,6379
6209,6369
6206,6383
6214,6365
6208,6374
6223,6382
6196,6384
6206,6360
6224,6345
6227,6340
6226,6347
6239,6375
6227,6368
6235,6382
6222,6368
6226,6386
6224,6397
6244,6383
6228,6393
6223,6366
6228,6343
6227,6375
6231,6383
6223,6363
6217,6378
6235,6353
6234,6388
6239,6376
6204,6404
6220,6384
6223,6379
6222,6373
6223,6388
6215,6388
6215,6375
6238,6387
6222,6394
6235,6380
6227,6375
6223,6356
6226,6349
6223,6352
6233,6367
6236,6371
6233,6359
6218,6369
6216,6373
6231,6394
6237,6376
6222,6363
6223,6385
6227,6376
6228,6372
6232,6368
6212,6383
6231,6364
6222,6342
6223,6373
6229,6379
6223,6379
6230,6364
6236,6345
6244,6364
6233,6361
6226,6350
6218,6335
6225,6341
6235,6336
6224,6327
6222,6348
6227,6343
6230,6356
6234,6352
6229,6327
6229,6336
6234,6345
6228,6347
6225,6366
6210,6334
6228,6326
6226,6352
6235,6369
6222,6364
6226,6354
6235,6353
6230,6370
6230,6363
6238,6379
6223,6346
6231,6368
6249,6339
6235,6342
6234,6338
6226,6324
6228,6328
6227,6343
6239,6315
6231,6318
6225,6317
6239,6336
6234,6350
6243,6328
6240,6326
6249,6322
6226,6331
6227,6344
6212,6337
6215,6331
6221,6329
6227,6328
6226,6333
6223,6334
6227,6334
6224,6315
6222,6343
6233,6351
6213,6318
6224,6332
6226,6331
6237,6342
6231,6347
6228,6330
6228,6340
6227,6330
6208,6330
6214,6343
6226,6355
6239,6343
6227,6352
6226,6338
6228,6335
6226,6329
6227,6337
6233,6327
6230,6355
6208,6350
6244,6346
6226,6337
6224,6334
6237,6370
6228,6332
6233,6321
6241,6367
6237,6343
6243,6353
6249,6361
6240,6336
6247,6335
6242,6346
6238,6334
6231,6334
6243,6363
6241,6351
6259,6320
6254,6322
6260,6342
6295,6379
6339,6392
6264,6270
6237,6278
6366,6404
6353,6351
6386,6334
6429,6340
6509,6329
6541,6325
6616,6328
6654,6342
6699,6345
6751,6322
6813,6351
6831,6334
6852,6336
6819,6340
6791,6339
6782,6343
6755,6358
6721,6339
6698,6346
6667,6340
6631,6312
6629,6336
6609,6315
6639,6329
6649,6334
6653,6341
6696,6349
6743,6349
6805,6336
6899,6355
7003,6346
7114,6359
7256,6361
7401,6387
7532,6362
7640,6381
7787,6392
7936,6401
8014,6404
8085,6400
8193,6437
8248,6435
8215,6458
8183,6495
8091,6513
7966,6543
7864,6541
7794,6571
7746,6644
7614,6659
7485,6702
7415,6703
7354,6769
7233,6792
7152,6871
6995,6949
6881,7039
6850,7140
6802,7224
6782,7323
6826,7382
6912,7355
7027,7329
7205,7284
7404,7201
7563,7187
7813,7194
8118,7180
8316,7126
8363,7108
8482,7032
8501,6949
8611,6898
8703,6862
8881,6810
9020,6781
9049,6748
9087,6714
9174,6683
9122,6680
9122,6670
8997,6687
8933,6761
8821,6863
8657,6989
8536,7147
8357,7264
8190,7434
8026,7501
7902,7586
7716,7674
7595,7792
7417,7831
7322,7889
7224,7922
7124,8003
7120,7990
7147,8061
7203,8073
7330,8001
7461,7967
7621,7922
7850,7841
8141,7722
8352,7563
8569,7439
8821,7284
9083,7181
9282,7049
9453,7036
9526,6966
9681,6902
9734,6907
9634,6870
9632,6870
9599,6910
9441,6951
9382,6996
9208,7067
9074,7182
8880,7285
8632,7415
8440,7474
8147,7612
7910,7792
7679,7974
7530,8149
7343,8323
7141,8425
6954,8601
6812,8709
6749,8844
6765,8959
6789,9060
6846,9036
6941,8834
7089,8751
7270,8715
7431,8607
7609,8483
7765,8388
7977,8216
8213,8023
8453,7820
8615,7663
8729,7465
8813,7338
8911,7180
8960,7044
9048,7007
9219,6981
9267,6931
9344,6900
9371,6892
9334,6920
9315,7026
9254,7105
9150,7236
9039,7387
8832,7575
8575,7749
8368,7886
8152,8013
7888,8211
7673,8273
7498,8346
7311,8471
7190,8497
7094,8504
7078,8517
7094,8546
7154,8528
7175,8494
7283,8394
7348,8336
7528,8182
7713,8178
7835,8002
7956,7884
8105,7716
8361,7590
8690,7448
9026,7286
9263,7207
9524,7126
9730,7051
9969,7006
10132,6957
10268,6936
10386,6911
10312,6891
10203,6899
10104,6973
10007,7039
9877,7150
9713,7269
9536,7465
9304,7648
9159,7857
8954,8085
8687,8173
8412,8283
8157,8493
7922,8644
7693,8740
7491,8834
7285,8939
7189,8964
7077,9026
7020,8962
7091,9011
7122,8896
7165,8743
7330,8622
7398,8555
7554,8424
7632,8324
7777,8153
7915,8038
8063,7844
8244,7660
8476,7487
8590,7287
8744,7094
8813,6980
8964,6885
9056,6786
9129,6763
9040,6772
9028,6806
8957,6916
8957,7044
8892,7160
8839,7338
8769,7386
8688,7554
8572,7753
8461,7866
8317,8021
8109,8199
7953,8392
7717,8569
7519,8831
7320,8981
7186,9140
7067,9186
6998,9173
6883,9248
6819,9204
6786,9075
6810,8920
6836,8922
6874,8706
6966,8563
7077,8419
7279,8192
7442,8018
7626,7772
7787,7564
7989,7426
8115,7255
8219,7086
8422,6956
8612,6870
8686,6807
8813,6823
8832,6725
8791,6394
8888,6592
8922,6580
8836,6678
8824,6826
8739,6894
8581,6980
8461,7100
8256,7190
8019,7299
7879,7472
7708,7664
7498,7755
7351,7897
7186,8033
7084,8146
6998,8269
6883,8391
6843,8493
6807,8597
6806,8638
6835,8557
6878,8517
6944,8405
7008,8356
7092,8216
7184,8118
7329,7931
7450,7743
7593,7602
7734,7438
7905,7291
8058,7204
8256,7090
8358,6972
8490,6835
8630,6741
8641,6684
8761,6642
8761,6566
8739,6600
8683,6623
8640,6677
8528,6783
8359,6879
8226,7023
8064,7193
7871,7328
7683,7496
7561,7671
7403,7830
7291,7927
7138,7961
7062,8048
6965,8054
6901,8121
6789,8171
6753,8236
6737,8196
6761,8146
6836,8095
6876,8104
6964,8049
7071,7960
7149,7885
7297,7827
7430,7727
7622,7608
7798,7548
7931,7398
8107,7308
8221,7122
8411,7033
8519,6918
8612,6785
8746,6710
8836,6642
8947,6616
8976,6603
8981,6635
8952,6683
8850,6786
8717,6845
8647,6953
8532,7050
8411,7127
8195,7207
8005,7286
7817,7413
7625,7452
7492,7532
7233,7652
7093,7724
6926,7787
6846,7832
6765,7856
6721,7947
6705,7958
6713,7944
6830,7977
6934,7901
7093,7833
7211,7730
7389,7649
7589,7562
7854,7414
8074,7309
8310,7225
8569,7091
8764,6997
8928,6930
9020,6852
9197,6779
9172,6681
9156,6666
9268,6648
9227,6636
9174,6655
9001,6662
8837,6737
8802,6783
8654,6851
8386,6952
8202,7106
8061,7279
7907,7458
7758,7629
7603,7778
7477,7977
7330,8124
7201,8157
7063,8283
6937,8260
6890,8342
6822,8362
6822,8418
6821,8396
6849,8402
6884,8414
6967,8224
7100,8179
7256,8004
7452,7889
7638,7691
7845,7498
8061,7304
8364,7183
8602,7024
8926,6881
9192,6795
9386,6692
9554,6662
9666,6641
9762,6618
9824,6678
9789,6700
9741,6735
9664,6766
9582,6873
9369,6978
9204,7118
8902,7193
8526,7364
8260,7513
8036,7627
7862,7745
7691,7869
7495,7995
7311,8040
7138,8096
7033,8246
6974,8309
6912,8395
6900,8439
6875,8467
6893,8512
6928,8496
7024,8351
7089,8299
7179,8224
7332,8089
7481,7988
7613,7921
7774,7774
7895,7661
8019,7531
8136,7380
8325,7146
8304,6978
8436,6850
8518,6786
8491,6692
8483,6664
8497,6630
8303,6680
8195,6735
8131,6836
8097,6959
8082,7033
8057,7184
7898,7366
7809,7475
7684,7589
7528,7722
7473,7795
7367,7818
7251,7932
7115,8030
7010,8113
6945,8082
6869,8122
6787,8161
6793,8180
6763,8157
6773,8082
6852,8058
6948,7935
7015,7781
7130,7716
7280,7596
7468,7482
7608,7335
7782,7242
7974,7111
8210,7036
8316,6905
8471,6810
8607,6753
8681,6726
8827,6693
8914,6688
8946,6675
9070,6701
9042,6737
9067,6738
9023,6783
8872,6831
8686,6928
8579,7015
8473,7072
8307,7105
8082,7235
7872,7354
7639,7486
7407,7605
7224,7757
7058,7850
6965,7935
6838,8063
6830,8110
6827,8158
6886,8171
6988,8081
7069,8079
7175,7974
7322,7892
7502,7850
7716,7738
7907,7618
8088,7513
8302,7378
8472,7245
8738,7118
8968,7001
9100,6933
9313,6860
9409,6790
9465,6730
9274,6576
9284,6636
9263,6719
9117,6736
8979,6811
8795,6911
8746,7101
8571,7227
8312,7391
8226,7589
8096,7799
7883,7930
7720,8058
7563,8229
7367,8457
7287,8673
7137,8765
7025,8941
6966,9035
6881,9046
6821,9073
6780,9111
6757,9071
6785,8954
6858,8733
6986,8528
7055,8412
7138,8266
7266,8090
7442,7918
7644,7734
7881,7514
8064,7292
8279,7181
8426,6988
8618,6861
8726,6768
8857,6698
8922,6670
8986,6619
9082,6595
9112,6622
9155,6659
9044,6705
8840,6805
8672,6911
8542,6988
8323,7079
8253,7181
8130,7290
7929,7405
7808,7497
7617,7616
7489,7731
7384,7801
7232,7872
7090,7934
7088,7974
7015,7989
6975,8020
7074,8062
7053,8005
7099,7980
7212,7978
7370,7898
7610,7798
7858,7650
8098,7564
8318,7445
8599,7371
8882,7257
9046,7138
9268,7029
9572,6933
9794,6838
10005,6742
10118,6740
10254,6677
10367,6680
10295,6681
10244,6714
10214,6791
10066,6882
9823,6957
9588,7127
9392,7306
9145,7416
8873,7524
8573,7657
8395,7825
8235,8045
8118,8109
7961,8212
7800,8354
7689,8388
7562,8475
7419,8500
7330,8566
7294,8646
7277,8781
7312,8736
7397,8704
7515,8645
7684,8590
7956,8467
8266,8350
8628,8259
8952,8090
9281,7985
9703,7743
10240,7517
10574,7384
10967,7234
11251,7074
11473,6984
11612,6859
11711,6822
11768,6725
11712,6762
11578,6817
11328,6968
11053,7096
10883,7275
10619,7445
10288,7647
9950,7875
9594,8045
9213,8224
8932,8320
8616,8362
8318,8499
8065,8745
7881,8959
7696,9106
7573,9305
7499,9403
7559,9464
7657,9486
7827,9592
7957,9713
8092,9712
8314,9630
8553,9550
8858,9302
9260,9065
9478,8867
9798,8583
10138,8362
10316,8103
10598,7850
10824,7612
10870,7341
11014,7142
11165,7065
11287,6947
11413,7010
11436,7093
11316,7219
11128,7411
10958,7604
10852,7888
10566,8172
10327,8400
9998,8615
9663,8928
9401,9251
9055,9605
8679,9876
8411,10061
8003,10344
7866,10515
7604,10660
7466,10710
7352,10689
7301,10651
7355,10647
7461,10431
7607,10359
7757,10107
8013,9931
8258,9612
8469,9295
8773,9048
8999,8781
9231,8491
9559,8182
9963,7969
10299,7772
10549,7616
10833,7512
11070,7400
11156,7310
11259,7279
11228,7338
11184,7318
10946,7403
10695,7541
10479,7676
10138,7792
9849,7983
9568,8227
9208,8538
8908,8846
8603,9169
8264,9451
8026,9712
7836,9849
7737,10049
7648,10229
7548,10428
7476,10532
7449,10543
7494,10514
7485,10499
7578,10374
7748,10223
7910,9979
8065,9712
8144,9432
8384,9152
8583,8915
8834,8739
9045,8541
9231,8407
9426,8136
9642,7912
9866,7711
10030,7526
10144,7307
10016,7138
9801,7076
9686,7079
9287,7141
8902,7296
8355,7551
7875,7775
7689,7987
7439,8177
7068,8496
6724,8705
6501,8946
6330,9196
6254,9276
6205,9340
6207,9521
6172,9523
6169,9599
6163,9715
6149,9699
6158,9645
6162,9544
6144,9515
6139,9483
6146,9401
6141,9276
6148,8983
6140,8772
6147,8636
6143,8346
6139,8200
6134,7973
6119,7679
6133,7419
6133,7218
6136,7082
6115,6962
6117,6865
6138,6782
6302,6976
6070,6971
6240,7088
6093,7092
6136,7277
6071,7353
6115,7614
6122,7671
6124,7668
6117,7676
6124,7743
6118,7799
6116,7843
6117,7882
6124,8098
6111,8132
6113,8136
6119,8045
6129,7827
6123,7634
6109,7551
6117,7641
6113,7561
6109,7299
6107,6964
6106,6668
6104,6413
6110,6294
6112,6213
6107,6182
6115,6156
6112,6140
6099,6156
6111,6140
6104,6161
6102,6168
6113,6190
6107,6190
6102,6171
6110,6182
6106,6171
6113,6154
6105,6147
6105,6122
6107,6098
6100,6089
6110,6080
6100,6072
6106,6065
6117,6063
6095,6058
6111,6077
6111,6068
6107,6070
6111,6075
6107,6064
6111,6045
6103,6053
6107,6059
6105,6034
6102,6037
6112,6059
6103,6065
6104,6065
6111,6052
6100,6057
6107,6060
6113,6062
6107,6070
6110,6055
6098,6042
6105,6053
6104,6053
6109,6064
6098,6064
6110,6058
6118,6044
6115,6068
6111,6064
6113,6061
6103,6061
6106,6039
6118,6051
6110,6051
6107,6053
6112,6051
6115,6050
6124,6048
6119,6056
6104,6039
6111,6056
6113,6038
6107,6042
6112,6053
6111,6049
6112,6053
6117,6058
6100,6055
6116,6047
6110,6049
6107,6043
6111,6061
6108,6046
6111,6048
6104,6062
6112,6048
6106,6056
6104,6048
6111,6046
6113,6050
6114,6038
6108,6055
6113,6041
6106,6050
6103,6041
6107,6042
6107,6057
6118,6051
6106,6052
6114,6047
6110,6045
6107,6051
6110,6053
6104,6040
6105,6030
6107,6033
6105,6040
6105,6049
6113,6034
6109,6047
6104,6047
6113,6049
6102,6051
6100,6046
6104,6053
6111,6053
6114,6047
6109,6050
6104,6052
6096,6050
6108,6049
6108,6035
6110,6041
6112,6050
6102,6049
6108,6051
6113,6046
6105,6045
6107,6048
6092,6039
6097,6057
6111,6050
6110,6055
6100,6052
6102,6049
6095,6056
6101,6050
6107,6050
6109,6050
6105,6055
6105,6056
6117,6042
6107,6055
6098,6051
6111,6040
6103,6037
6115,6045
6104,6047
6095,6050
6103,6041
6104,6050
6106,6058
6111,6039
6107,6044
6101,6048
6104,6038
6107,6047
6115,6055
6105,6054
6100,6055
6098,6049
6099,6054
6107,6057
6101,6063
6116,6053
6096,6037
6095,6049
6103,6045
6109,6048
6103,6033
6109,6050
6102,6052
6095,6052
6099,6049
6106,6050
6101,6053
6111,6047
6103,6051
6101,6041
6095,6049
6107,6048
6102,6039
6106,6053
6113,6055
6112,6052
6103,6050
6088,6034
6104,6037
6112,6045
6095,6055
6113,6054
6102,6032
6103,6043
6102,6036
6105,6052
6104,6076
6101,6056
6100,6043
6107,6049
6099,6029
6099,6049
6096,6045
6117,6049
6107,6041
6105,6054
6102,6037
6105,6039
6098,6039
6108,6043
6116,6048
6110,6045
6097,6051
6100,6039
6096,6030
6100,6044
6104,6048
6103,6038
6095,6053
6100,6049
6106,6044
6105,6045
6097,6049
6104,6047
6102,6042
6101,6050
6086,6017
6101,6049
6105,6045
6096,6048
6099,6039
6101,6054
6100,6039
6098,6045
6105,6044
6096,6054
6096,6049
6113,6050
6099,6046
6094,6045
6114,6049
6104,6057
6095,6048
6101,6042
6096,6047
6105,6046
6106,6055
6099,6045
6103,6049
6160,6099
6158,6079
6135,6071
6079,6028
6128,6066
6105,6057
6103,6056
6103,6032
6103,6039
6100,6050
6109,6050
6107,6055
6102,6077
6108,6043
6107,6044
6102,6048
6094,6046
6105,6048
6099,6048
6108,6048
6096,6046
6102,6042
6107,6044
6104,6048
6098,6057
6107,6054
6107,6049
6104,6049
6108,6044
6102,6066
6111,6049
6108,6050
6097,6043
6107,6043
6102,6048
6096,6051
6109,6056
6105,6060
6113,6056
6102,6055
6108,6066
6112,6051
6112,6045
6106,6043
6104,6039
6114,6060
6112,6057
6098,6054
6117,6049
6109,6050
6107,6058
6104,6058
6104,6060
6112,6038
6106,6056
6108,6061
6110,6044
6100,6044
6102,6054
6105,6057
6108,6059
6108,6044
6111,6039
6102,6052
6108,6053
6104,6055
6100,6057
6111,6047
6095,6054
6090,6046
6100,6037
6102,6046
6107,6055
6093,6042
6103,6028
6107,6051
6106,6042
6102,6051
6104,6049
6105,6046
6112,6047
6110,6050
6105,6050
6108,6041
6101,6046
6103,6060
6103,6053
6104,6049
6100,6053
6103,6042
6100,6040
6098,6048
6103,6052
6102,6051
6096,6045
6104,6049
6103,6051
6102,6049
6091,6051
6099,6039
6105,6048
6095,6047
6109,6048
6095,6049
6097,6052
6100,6045
6097,6040
6104,6037
6100,6055
6100,6058
6108,6050
6102,6041
6091,6048
6099,6051
6115,6050
6114,6049
6112,6059
6103,6036
6102,6048
6101,6051
6106,6051
6115,6053
6113,6057
6107,6044
6110,6051
6104,6056
6107,6051
6109,6054
6103,6052
6119,6054
6110,6041
6104,6051
6109,6059
6109,6051
6113,6044
6115,6051
6114,6048
6118,6042
6106,6039
6108,6055
6123,6060
6115,6048
6113,6057
6112,6055
6113,6053
6118,6041
6124,6051
6111,6050
6116,6053
6118,6035
6118,6042
6106,6041
6119,6052
6108,6060
6108,6054
6113,6044
6104,6040
6106,6072
6110,6052
6112,6045
6107,6048
6106,6039
6107,6051
6108,6043
6115,6042
6118,6055
6111,6062
6099,6055
6114,6052
6102,6037
6107,6043
6122,6060
6110,6037
6109,6053
6112,6067
6102,6046
6113,6044
6104,6041
6115,6030
6115,6047
6105,6057
6113,6052
6108,6051
6108,6041
6109,6052
6103,6040
6115,6037
6111,6046
6108,6057
6112,6045
6110,6038
6111,6035
6110,6034
6105,6057
6111,6060
6110,6045
6104,6047
6109,6050
6108,6036
6116,6050
6114,6047
6104,6046
6108,6046
6111,6052
6102,6052
6112,6050
6112,6063
6111,6052
6108,6051
6115,6051
6112,6056
6101,6054
6104,6043
6112,6057
6112,6056
6107,6041
6109,6043
6122,6048
6110,6045
6108,6033
6115,6051
6107,6054
6114,6053
6120,6056
6116,6053
6117,6057
6123,6053
6115,6060
6125,6050
6104,6031
6115,6045
6122,6057
6114,6069
6105,6060
6112,6061
6116,6047
6123,6046
6107,6050
6119,6054
6110,6051
6119,6057
6108,6050
6130,6060
6108,6059
6116,6061
6115,6059
6114,6046
6126,6066
6121,6050
6110,6056
6124,6065
6108,6050
6110,6048
6114,6062
6114,6056
6116,6047
6113,6064
6109,6060
6115,6058
6115,6057
6114,6050
6114,6050
6118,6054
6107,6046
6117,6055
6108,6064
6113,6063
6122,6060
6114,6053
6112,6059
6110,6063
6115,6057
6111,6053
6108,6057
6115,6064
6116,6052
6118,6045
6119,6057
6117,6056
6115,6056
6116,6066
6114,6057
6110,6055
6110,6055
6108,6043
6115,6050
6124,6051
6115,6078
6108,6058
6111,6054
6119,6062
6111,6051
6121,6058
6111,6057
6115,6059
6113,6050
6111,6056
6123,6048
6112,6062
6117,6059
6109,6047
6114,6057
6107,6054
6114,6063
6155,6057
6155,6057
6115,6056
6119,6040
6121,6061
6116,6065
6111,6053
6113,6057
6116,6056
6115,6054
6113,6054
6109,6067
6114,6051
6117,6052
6117,6055
6116,6060
6115,6056
6117,6052
6114,6054
6120,6053
6124,6059
6113,6050
6118,6051
6118,6051
6119,6052
6112,6065
6113,6060
6109,6060
6111,6057
6114,6051
6118,6057
6120,6053
6120,6042
0,30
0,61680
0,0
6121,6057
5604,5582
5605,5582
5609,5575
5601,5584
5615,5595
5604,5568
5604,5578
5602,5569
5820,5757
6321,6312
6273,6323
6293,6287
6298,6303
6279,6302
6296,6285
6296,6311
6277,6302
6296,6305
6303,6321
6299,6319
6304,6309
6271,6336
6279,6334
6307,6323
6302,6312
6290,6328
6292,6333
6305,6328
6298,6336
6302,6313
6293,6316
6274,6334
6294,6326
6287,6315
6272,6323
6288,6320
6286,6324
6300,6361
6298,6362
6292,6332
6279,6322
6275,6324
6274,6328
6284,6354
6287,6340
6285,6347
6301,6342
6293,6311
6290,6323
6285,6329
6291,6339
6290,6350
6306,6322
6294,6344
6299,6356
6292,6332
6322,6299
6333,6342
6298,6335
6315,6337
6304,6306
6279,6330
6272,6287
6275,6298
6307,6324
6312,6327
6308,6346
6307,6334
6312,6338
6310,6343
6279,6337
6298,6315
6280,6338
6279,6332
6293,6327
6303,6341
6298,6316
5854,5900
6298,6313
6304,6327
6304,6315
6234,6318
6324,6312
6320,6327
6351,6365
6276,6307
6288,6352
6277,6362
6266,6297
6268,6320
6302,6321
6290,6347
6296,6349
6306,6343
6308,6371
6301,6348
6287,6343
6291,6321
6291,6330
6291,6339
6301,6315
6291,6312
6291,6291
6278,6316
6271,6324
6271,6322
6298,6331
6298,6306
6299,6339
6296,6321
6270,6335
6264,6353
6290,6336
6306,6354
6286,6348
6296,6316
6300,6318
6285,6332
6276,6323
6289,6344
6283,6375
6298,6362
6285,6321
6296,6335
6286,6340
6282,6345
6293,6360
6291,6326
6288,6328
6295,6332
6277,6333
6289,6352
6274,6352
6296,6328
6289,6346
6292,6312
6300,6305
6297,6317
6278,6345
6278,6369
6280,6356
6291,6356
6269,6327
6272,6311
6288,6340
6310,6348
6302,6325
6288,6340
6277,6347
6280,6318
6280,6344
6296,6322
6298,6334
6309,6337
6285,6346
6289,6352
6288,6345
6290,6326
6292,6338
6286,6319
6278,6325
6276,6333
6288,6342
6292,6360
6279,6339
6301,6343
6302,6343
6261,6327
6258,6330
6266,6318
6261,6334
6274,6339
6272,6351
6283,6349
6296,6344
6281,6357
6285,6338
6277,6371
6270,6382
6263,6370
6269,6348
6290,6322
6279,6324
6287,6329
6299,6339
6297,6336
6295,6316
6284,6366
6274,6329
6277,6438
6282,6375
6262,6357
6273,6353
6274,6389
6283,6390
6271,6360
6273,6350
6265,6346
6282,6348
6273,6352
6273,6392
6253,6384
6269,6384
6259,6355
6269,6383
6252,6379
6279,6358
6284,6372
6249,6361
6253,6355
6260,6348
6273,6355
6270,6396
6278,6370
6278,6375
6273,6385
6266,6376
6267,6400
6247,6363
6266,6372
6269,6371
6284,6354
6268,6377
6253,6384
6267,6347
6260,6363
6258,6397
6268,6392
6279,6382
6245,6421
6269,6380
6260,6356
6258,6377
6246,6367
6242,6368
6252,6351
6248,6374
6263,6370
6241,6351
6254,6389
6281,6396
6270,6369
6249,6400
6251,6413
6268,6417
6240,6393
6257,6404
6252,6373
6280,6386
6275,6404
6249,6383
6250,6387
6255,6395
6247,6381
6259,6391
6261,6437
6277,6417
6265,6395
6239,6393
6246,6383
6257,6395
6250,6377
6245,6377
6243,6349
6252,6358
6244,6331
6253,6361
6237,6339
6226,6361
6230,6391
6239,6388
6235,6397
6225,6371
6231,6387
6247,6394
6258,6419
6251,6389
6259,6372
6248,6411
6251,6417
6234,6401
6261,6417
6238,6401
6254,6385
6251,6373
6253,6417
6243,6385
6259,6391
6248,6381
6241,6373
6249,6405
6239,6371
6249,6370
6244,6376
6244,6376
6250,6426
6247,6394
6246,6374
6241,6384
6228,6380
6240,6394
6252,6381
6241,6383
6230,6384
6236,6401
6237,6400
6239,6388
6233,6371
6230,6361
6235,6356
6238,6337
6231,6352
6249,6345
6255,6361
6247,6374
6249,6404
6236,6410
6233,6393
6246,6421
6233,6399
6212,6406
6239,6404
6234,6418
6214,6405
6233,6391
6227,6405
6234,6392
6255,6393
6235,6416
6234,6412
6240,6414
6231,6408
6235,6395
6243,6406
6232,6385
6238,6384
6243,6374
6248,6393
6241,6397
6229,6372
6239,6398
6238,6406
6232,6414
6226,6411
6232,6400
6230,6453
6212,6383
6213,6389
6219,6360
6244,6384
6244,6385
6212,6344
6236,6386
6244,6399
6229,6387
6221,6386
6233,6428
6235,6387
6235,6409
6220,6395
6248,6411
6230,6400
6232,6409
6225,6370
6217,6397
6245,6434
6234,6414
6233,6417
6244,6417
6237,6422
6232,6374
6227,6394
6218,6416
6232,6405
6222,6411
6215,6410
6233,6410
6234,6403
6219,6441
6225,6400
6220,6410
6222,6419
6212,6425
6216,6445
6225,6432
6227,6419
6228,6434
6215,6420
6234,6428
6225,6402
6219,6387
6225,6427
6217,6418
6240,6399
6224,6404
6240,6392
6228,6376
6226,6379
6225,6385
6214,6401
6228,6408
6218,6412
6220,6389
6234,6409
6232,6416
6223,6421
6217,6379
6214,6422
6220,6416
6222,6439
6221,6432
6208,6404
6230,6408
6224,6409
6227,6411
6218,6375
6212,6362
6208,6364
6215,6352
6226,6363
6231,6352
6214,6364
6222,6346
6217,6335
6238,6381
6230,6376
6228,6373
6218,6394
6224,6404
6218,6391
6217,6413
6220,6399
6222,6413
6219,6414
6230,6417
6225,6426
6218,6447
6208,6420
6223,6414
6219,6426
6230,6410
6229,6425
6224,6406
6228,6410
6216,6412
6225,6407
6219,6407
6207,6385
6224,6403
6217,6427
6235,6391
6222,6399
6222,6407
6220,6404
6218,6418
6224,6378
6223,6418
6227,6407
6222,6390
6213,6395
6222,6382
6207,6400
6222,6399
6209,6393
6226,6391
6220,6396
6223,6411
6219,6374
6214,6382
6232,6331
6230,6362
6224,6351
6229,6385
6243,6394
6217,6396
6216,6424
6224,6409
6214,6382
6222,6388
6218,6388
6208,6383
6219,6400
6224,6370
6213,6379
6227,6378
6211,6374
6203,6368
6223,6357
6221,6368
6232,6355
6231,6379
6230,6379
6222,6370
6214,6362
6219,6374
6228,6393
6229,6394
6231,6373
6233,6367
6230,6382
6223,6369
6222,6385
6223,6353
6234,6373
6236,6360
6226,6387
6226,6413
6237,6400
6232,6385
6221,6375
6223,6371
6233,6382
6208,6387
6221,6385
6223,6393
6237,6391
6231,6371
6228,6351
6214,6342
6233,6354
6233,6355
6231,6358
6232,6355
6235,6331
6230,6380
6216,6399
6233,6390
6224,6359
6232,6359
6231,6367
6238,6383
6234,6347
6234,6361
6226,6367
6230,6345
6228,6346
6232,6375
6234,6382
6228,6351
6242,6342
6241,6339
6251,6362
6232,6365
6242,6323
6211,6322
6222,6354
6226,6345
6225,6351
6219,6327
6232,6351
6228,6356
6236,6344
6221,6319
6224,6349
6244,6360
6230,6345
6226,6396
6218,6340
6230,6356
6233,6352
6215,6360
6230,6363
6224,6349
6226,6354
6240,6352
6231,6358
6231,6373
6213,6374
6227,6368
6229,6365
6233,6353
6237,6319
6226,6339
6233,6326
6231,6329
6235,6314
6228,6332
6226,6329
6231,6338
6228,6343
6241,6322
6247,6320
6238,6316
6233,6339
6232,6333
6215,6321
6219,6333
6218,6345
6215,6339
6221,6311
6233,6351
6228,6322
6216,6328
6220,6342
6235,6342
6218,6337
6224,6324
6213,6345
6230,6347
6228,6356
6230,6333
6235,6311
6231,6329
6216,6323
6220,6329
6226,6333
6232,6327
6219,6344
6221,6320
6233,6346
6218,6334
6221,6335
6237,6362
6233,6338
6231,6339
6234,6347
6144,6175
6024,6121
6231,6360
6237,6320
6355,6434
6307,6425
6239,6372
6241,6365
6238,6335
6256,6340
6241,6341
6232,6337
6239,6342
6220,6342
6250,6340
6237,6340
6255,6317
6250,6336
6257,6341
6274,6351
6282,6334
6301,6337
6316,6340
6357,6367
6377,6361
6403,6355
6444,6343
6488,6329
6530,6343
6592,6343
6655,6336
6707,6333
6743,6315
6805,6339
6847,6348
6871,6336
6834,6321
6809,6340
6784,6355
6755,6350
6725,6330
6691,6342
6663,6347
6638,6336
6624,6339
6632,6324
6633,6303
6639,6322
6667,6327
6719,6350
6745,6346
6826,6339
6899,6337
7005,6351
7113,6354
7267,6362
7436,6366
7545,6362
7678,6369
7778,6393
7916,6398
7995,6388
8073,6409
8165,6433
8262,6434
8233,6465
8141,6500
8097,6520
7936,6539
7880,6545
7762,6590
7751,6614
7608,6653
7461,6701
7413,6711
7322,6722
7265,6808
7124,6866
6998,6953
6905,7044
6831,7133
6790,7234
6793,7312
6841,7344
6929,7362
7049,7345
7206,7293
7372,7214
7577,7207
7811,7168
8132,7173
8321,7139
8410,7110
8488,7022
8499,6927
8608,6924
8698,6857
8846,6823
9007,6801
9066,6764
9093,6717
9133,6681
9138,6665
9124,6665
8981,6720
8904,6769
8809,6879
8701,6993
8562,7172
8368,7299
8187,7392
8019,7490
7903,7550
7735,7689
7563,7788
7415,7857
7304,7941
7220,7931
7145,7943
7128,7988
7153,8009
7195,8048
7283,7967
7476,7921
7648,7917
7880,7831
8126,7729
8345,7559
8618,7416
8832,7289
9022,7160
9307,7089
9433,7028
9573,6977
9665,6935
9742,6905
9657,6863
9646,6865
9617,6877
9447,6975
9324,7024
9237,7099
9101,7187
8888,7276
8607,7416
8411,7497
8136,7614
7891,7734
7675,7946
7527,8125
7313,8331
7119,8452
6951,8601
6815,8751
6748,8846
6796,8970
6803,9061
6863,8992
6940,8828
7092,8754
7283,8727
7436,8617
7616,8491
7773,8349
7973,8215
8219,7995
8493,7847
8643,7641
8738,7494
8793,7309
8895,7187
8980,7049
9082,7001
9200,6966
9241,6920
9390,6885
9407,6920
9351,6931
9318,6993
9253,7095
9100,7215
9022,7390
8837,7551
8654,7760
8346,7872
8123,8015
7881,8185
7688,8250
7465,8368
7304,8450
7197,8523
7078,8469
7076,8526
7088,8561
7144,8520
7185,8481
7239,8430
7363,8301
7558,8211
7752,8105
7869,8000
7981,7879
8114,7688
8419,7561
8717,7435
9005,7306
9256,7188
9494,7103
9768,7031
10036,6994
10164,6978
10250,6927
10310,6920
10263,6907
10271,6905
10085,6981
9982,7029
9861,7155
9719,7289
9491,7417
9343,7616
9116,7906
8896,8104
8664,8172
8451,8297
8163,8480
7948,8659
7672,8747
7444,8855
7283,8915
7179,8969
7089,9039
7051,9011
7055,9010
7138,8892
7203,8748
7286,8655
7415,8522
7558,8432
7669,8331
7789,8178
7928,8007
8106,7835
8289,7642
8429,7502
8591,7292
8691,7091
8857,6957
8968,6873
9041,6794
9146,6742
9031,6778
9047,6821
8994,6938
8914,7043
8880,7204
8835,7305
8775,7419
8668,7587
8566,7771
8463,7863
8297,8028
8131,8203
7935,8397
7742,8557
7585,8761
7329,8997
7209,9173
6995,9099
7009,9198
6951,9317
6878,9225
6758,8997
6813,8952
6849,8872
6881,8659
6949,8536
7115,8441
7276,8212
7458,8008
7706,7704
7812,7560
7952,7399
8129,7216
8251,7085
8423,6953
8613,6841
8700,6796
8767,6769
8877,6707
8885,6673
8900,6662
8929,6702
8890,6763
8865,6846
8736,6871
8614,7016
8432,7045
8249,7210
8025,7286
7829,7469
7712,7657
7456,7772
7354,7917
7175,8039
7073,8141
6983,8251
6877,8381
6840,8530
6818,8631
6826,8603
6840,8581
6892,8535
6968,8438
7016,8359
7108,8220
7204,8101
7322,7906
7431,7713
7620,7584
7775,7451
7952,7313
8063,7171
8253,7106
8347,6937
8489,6837
8570,6743
8674,6685
8794,6609
8769,6577
8720,6581
8705,6634
8630,6677
8472,6767
8316,6924
8243,7053
8037,7159
7853,7337
7694,7518
7552,7665
7416,7812
7274,7876
7148,7976
7057,8055
6961,8067
6887,8118
6785,8169
6764,8195
6718,8191
6767,8182
6829,8081
6897,8117
6960,8054
7031,8006
7182,7906
7310,7776
7438,7676
7650,7587
7776,7509
7941,7384
8079,7329
8204,7145
8403,7046
8544,6926
8642,6796
8777,6687
8842,6658
8917,6617
9005,6600
8964,6656
8929,6713
8866,6780
8750,6834
8637,6932
8562,7066
8368,7130
8201,7205
8031,7311
7829,7399
7642,7486
7443,7507
7245,7639
7075,7697
6945,7779
6843,7846
6776,7879
6714,7955
6681,7961
6709,7950
6817,7955
6944,7875
7081,7817
7221,7744
7401,7645
7600,7524
7855,7437
8058,7304
8273,7219
8541,7103
8742,6990
8894,6916
9017,6850
9182,6787
9194,6697
9171,6667
9223,6650
9242,6638
9149,6677
9045,6661
8883,6708
8727,6790
8609,6864
8433,6960
8219,7094
8072,7277
7900,7425
7767,7584
7613,7814
7486,7996
7316,8069
7195,8169
7082,8251
6945,8272
6870,8294
6845,8367
6846,8424
6829,8379
6849,8372
6887,8362
6974,8237
7102,8159
7256,8057
7418,7881
7619,7687
7811,7474
8032,7308
8326,7194
8601,6995
8965,6875
9166,6778
9376,6694
9523,6662
9645,6637
9717,6666
9786,6664
9831,6683
9806,6735
9672,6794
9527,6851
9332,6973
9179,7134
8886,7259
8527,7387
8264,7519
8054,7631
7879,7783
7714,7912
7468,7986
7287,7995
7134,8066
7040,8219
6984,8291
6906,8400
6862,8406
6855,8438
6895,8491
6944,8474
7003,8365
7108,8320
7169,8261
7295,8082
7459,7972
7616,7869
7768,7751
7880,7653
8016,7516
8142,7344
8342,7134
8331,6986
8477,6872
8515,6787
8467,6668
8513,6663
8469,6638
8302,6690
8188,6761
8123,6860
8122,6942
8086,7047
7980,7186
7925,7374
7797,7503
7643,7577
7522,7683
7502,7850
7349,7836
7251,7937
7119,8014
6999,8057
6935,8061
6893,8107
6805,8149
6778,8182
6805,8140
6754,8105
6844,8031
6930,7908
7009,7814
7129,7708
7280,7633
7439,7419
7576,7340
7805,7243
8018,7128
8172,7019
8284,6923
8471,6818
8594,6759
8713,6706
8855,6687
8931,6660
8931,6665
9049,6689
9098,6735
9074,6762
8997,6782
8866,6832
8707,6929
8572,7008
8519,7077
8288,7100
8086,7211
7913,7330
7639,7470
7446,7638
7231,7779
7072,7847
6521,7932
6810,8026
6906,8185
6790,8073
6952,8242
6980,8094
7071,8112
7136,7950
7316,7888
7488,7846
7683,7748
7885,7608
8058,7491
8302,7365
8467,7253
8713,7113
8999,6996
9115,6915
9255,6854
9421,6778
9404,6703
9377,6669
9271,6633
9215,6679
9123,6743
8971,6825
8858,6936
8724,7088
8537,7228
8323,7419
8223,7573
8157,7784
7899,7906
7715,8051
7594,8244
7364,8434
7251,8663
7174,8772
7040,8949
6964,9039
6860,9036
6797,9101
6792,9118
6745,9063
6777,8910
6850,8713
6962,8548
7059,8380
7113,8254
7280,8093
7406,7945
7614,7719
7854,7508
8070,7301
8237,7146
8409,6979
8582,6869
8730,6738
8834,6708
8878,6629
8992,6669
9118,6576
9104,6606
9138,6643
9013,6710
8848,6801
8690,6880
8559,6980
8352,7087
8245,7185
8112,7297
7975,7415
7782,7491
7624,7611
7486,7701
7352,7819
7253,7829
7119,7947
7055,7999
6994,7955
7003,8021
7084,8061
7082,8049
7119,7977
7188,7983
7376,7898
7644,7827
7900,7655
8130,7570
8298,7454
8557,7382
8843,7245
9079,7118
9337,7042
9571,6954
9796,6859
9959,6784
10106,6725
10245,6679
10362,6680
10326,6672
10247,6727
10208,6794
10096,6875
9847,6945
9613,7150
9375,7279
9125,7411
8820,7538
8584,7642
8370,7836
8223,8005
8094,8120
7981,8219
7820,8289
7687,8362
7603,8469
7424,8553
7328,8584
7296,8706
7314,8752
7326,8730
7391,8692
7498,8641
7700,8574
7917,8407
8247,8385
8601,8249
8956,8107
9248,7943
9711,7720
10179,7529
10540,7381
11020,7228
11306,7065
11448,6985
11616,6866
11717,6817
11772,6732
11740,6781
11611,6854
11302,6948
11145,7112
10854,7252
10649,7459
10284,7649
9953,7819
9601,8038
9238,8201
8999,8260
8613,8320
8359,8487
8095,8727
7878,8960
7728,9102
7606,9270
7516,9414
7576,9437
7634,9548
7807,9613
7901,9717
8114,9733
8332,9631
8585,9523
8865,9327
9206,9097
9474,8874
9769,8614
10116,8369
10394,8126
10545,7857
10814,7589
10898,7337
10973,7152
11154,7037
11314,6986
11387,7007
11379,7083
11290,7206
11128,7444
10936,7630
10803,7869
10626,8138
10356,8401
9962,8670
9708,8940
9442,9213
9095,9589
8674,9887
8405,10106
8063,10298
7824,10544
7636,10694
7477,10675
7404,10696
7377,10631
7358,10542
7458,10446
7585,10352
7741,10142
7960,9900
8213,9618
8470,9319
8715,9087
8981,8769
9268,8497
9550,8226
9965,7972
10312,7772
10557,7636
10758,7517
11038,7411
11247,7305
11304,7296
11302,7301
11179,7305
11025,7365
10706,7540
10458,7684
10165,7795
9850,7942
9568,8242
9230,8518
8886,8834
8577,9203
8305,9409
8046,9663
7838,9808
7717,10058
7635,10223
7557,10478
7470,10566
7451,10533
7464,10506
7504,10452
7593,10410
7721,10207
7894,9961
8063,9722
8171,9442
8415,9180
8606,8911
8804,8712
8991,8563
9186,8401
9414,8148
9642,7903
9855,7709
10097,7493
10171,7297
9977,7153
9854,7099
9695,7065
9255,7175
8870,7315
8397,7520
7886,7743
7670,8025
7467,8217
7094,8499
6728,8719
6490,8962
6332,9190
6259,9310
6206,9359
6192,9427
6164,9513
6135,9597
6087,9733
6237,9788
6174,9606
6165,9589
6126,9510
6160,9510
6126,9452
6145,9268
6147,9008
6152,8805
6132,8633
6132,8366
6138,8211
6122,7976
6128,7668
6126,7438
6120,7249
6130,7079
6123,6944
6122,6857
6122,6805
6120,6831
6121,6915
6127,6990
6116,7129
6127,7271
6130,7443
6118,7594
6123,7672
6118,7652
6118,7696
6118,7738
6119,7819
6121,7859
6115,7918
6120,8129
6120,8137
6118,8153
6118,8051
6124,7826
6114,7631
6120,7566
6119,7650
6115,7595
6118,7308
6104,6961
6102,6640
6107,6437
6112,6281
6115,6232
6114,6154
6118,6147
6113,6158
6106,6135
6107,6150
6112,6171
6096,6176
6113,6179
6110,6169
6116,6172
6111,6182
6112,6177
6111,6143
6110,6135
6101,6121
6106,6085
6102,6071
6120,6086
6110,6075
6112,6063
6112,6057
6099,6060
6106,6066
6118,6061
6106,6070
6104,6064
6110,6060
6107,6065
6098,6069
6103,6068
6103,6064
6103,6054
6096,6065
6104,6067
6105,6063
6106,6053
6097,6065
6099,6068
6109,6061
6109,6059
6106,6054
6104,6045
6104,6062
6101,6050
6107,6049
6107,6062
6106,6049
6113,6065
6112,6049
6109,6055
6110,6058
6107,6048
6118,6061
6115,6063
6108,6053
6107,6044
6111,6053
6110,6055
6121,6062
6119,6061
6104,6042
6115,6060
6112,6054
6108,6055
6113,6057
6108,6057
6110,6048
6115,6046
6102,6049
6104,6063
6113,6057
6106,6046
6102,6051
6107,6044
6107,6054
6110,6050
6114,6046
6110,6050
6112,6038
6113,6046
6115,6063
6114,6036
6109,6060
6111,6045
6111,6038
6108,6056
6111,6050
6110,6055
6112,6042
6115,6048
6115,6067
6109,6059
6109,6046
6114,6045
6102,6043
6105,6043
6100,6048
6114,6058
6110,6035
6110,6042
6112,6042
6108,6047
6103,6055
6108,6049
6102,6034
6110,6056
6114,6040
6113,6041
6106,6042
6095,6045
6101,6054
6108,6046
6108,6045
6111,6042
6104,6033
6105,6048
6106,6037
6105,6045
6106,6045
6105,6053
6091,6055
6100,6034
6112,6047
6126,6060
6095,6056
6101,6057
6100,6037
6107,6047
6103,6042
6106,6045
6105,6045
6101,6035
6112,6042
6116,6046
6104,6037
6110,6046
6108,6047
6114,6049
6110,6049
6102,6060
6110,6053
6106,6048
6110,6049
6102,6042
6101,6051
6100,6056
6096,6040
6106,6038
6113,6052
6109,6054
6098,6050
6100,6049
6106,6049
6106,6045
6102,6052
6112,6053
6096,6042
6100,6047
6124,6044
6113,6055
6103,6040
6101,6057
6112,6044
6101,6056
6102,6042
6103,6051
6094,6051
6103,6055
6110,6060
6104,6053
6107,6052
6106,6055
6101,6046
6104,6057
6113,6039
6113,6058
6102,6036
6097,6038
6096,6045
6109,6036
6098,6057
6110,6044
6101,6040
6096,6051
6101,6034
6108,6046
6104,6061
6107,6051
6099,6036
6101,6047
6098,6046
6100,6057
6099,6050
6104,6051
6109,6034
6112,6032
6099,6040
6114,6052
6094,6047
6105,6046
6108,6040
6106,6038
6098,6042
6102,6043
6104,6022
6108,6048
6101,6055
6098,6038
6086,6055
6100,6041
6105,6053
6104,6049
6086,6054
6095,6049
6099,6050
6094,6058
6096,6038
6103,6023
6148,5918
6142,6073
6031,5936
6161,6077
6093,6022
6071,6004
6113,6051
6110,6063
6122,6068
6096,6060
6085,6047
6092,6046
6117,6049
6099,6060
6097,6043
6101,6047
6091,6051
6097,6037
6101,6050
6094,6044
6096,6053
6102,6042
6113,6041
6101,6046
6094,6043
6102,6052
6101,6061
6103,6046
6104,6050
6097,6041
6111,6047
6111,6053
6104,6047
6105,6053
6108,6058
6101,6055
6103,6043
6097,6051
6113,6047
6103,6049
6110,6044
6101,6055
6106,6047
6107,6057
6105,6039
6105,6046
6111,6051
6111,6050
6105,6043
6106,6047
6095,6048
6104,6055
6107,6057
6097,6053
6105,6064
6094,6039
6106,6048
6112,6056
6103,6057
6103,6039
6107,6055
6107,6048
6109,6052
6110,6053
6112,6056
6106,6041
6114,6043
6116,6048
6105,6048
6114,6041
6106,6067
6105,6057
6104,6053
6111,6058
6112,6037
6112,6047
6099,6054
6101,6045
6109,6036
6102,6055
6107,6048
6101,6058
6106,6040
6115,6053
6108,6040
6107,6047
6107,6047
6105,6056
6104,6043
6103,6023
6100,6041
6105,6050
6103,6048
6100,6051
6096,6045
6102,6049
6105,6057
6106,6051
6101,6050
6095,6052
6104,6021
6106,6047
6097,6053
6095,6057
6108,6030
6110,6046
6100,6060
6096,6056
6095,6063
6095,6046
6106,6045
6105,6042
6100,6041
6103,6047
6106,6053
6099,6042
6103,6042
6113,6057
6103,6042
6110,6043
6098,6050
6106,6054
6100,6049
6105,6038
6103,6037
6094,6037
6097,6036
6102,6047
6108,6049
6095,6055
6105,6052
6102,6060
6104,6041
6094,6032
6102,6040
6110,6054
6108,6052
6104,6047
6095,6047
6101,6057
6104,6046
6114,6041
6103,6040
6113,6055
6105,6035
6112,6053
6110,6049
6112,6038
6114,6039
6105,6047
6106,6053
6108,6050
6110,6052
6106,6058
6113,6035
6117,6046
6115,6047
6120,6041
6112,6037
6115,6027
6117,6047
6120,6056
6126,6058
6116,6057
6110,6037
6114,6046
6115,6053
6107,6046
6114,6040
6118,6053
6114,6049
6116,6043
6104,6038
6117,6050
6101,6062
6114,6047
6109,6048
6100,6047
6116,6059
6111,6047
6104,6040
6102,6051
6112,6048
6102,6047
6109,6039
6110,6047
6111,6050
6106,6033
6104,6038
6110,6042
6107,6044
6117,6047
6117,6058
6111,6058
6112,6051
6105,6053
6100,6055
6114,6048
6112,6043
6111,6050
6110,6051
6112,6050
6117,6050
6110,6039
6106,6047
6102,6048
6098,6039
6118,6039
6109,6047
6115,6049
6110,6052
6109,6044
6110,6046
6119,6044
6109,6047
6111,6046
6112,6039
6108,6041
6112,6044
6116,6051
6116,6036
6115,6059
6106,6043
6110,6051
6102,6051
6107,6050
6117,6053
6108,6048
6106,6048
6116,6048
6115,6050
6111,6057
6106,6052
6094,6046
6113,6035
6111,6045
6114,6051
6106,6054
6111,6051
6116,6052
6109,6045
6111,6050
6111,6051
6115,6057
6117,6038
6102,6050
6119,6044
6110,6057
6127,6052
6114,6048
6104,6023
6115,6041
6119,6043
6105,6061
6107,6051
6110,6054
6116,6055
6116,6042
6112,6035
6122,6058
6115,6054
6118,6045
6108,6056
6116,6051
6119,6058
6116,6060
6115,6043
6107,6044
6125,6058
6142,6081
6070,6017
6166,6099
6104,6023
6150,6089
6038,6023
6168,6089
6078,6008
6114,6047
6101,6032
6140,6090
6161,6090
6108,6050
6090,6024
6090,6024
6148,6090
6045,5973
6086,6030
6088,6035
6114,6047
6086,6034
6092,6026
6108,6036
6119,6070
6132,6046
6101,6032
6127,6066
6125,6064
6116,6060
6106,6042
6140,6057
6111,6057
6130,6064
6114,6042
6124,6050
6119,6057
6119,6057
6121,6051
6126,6054
6115,6052
6124,6065
6124,6058
6114,6033
6115,6059
6111,6053
6118,6054
6105,6057
6126,6052
6122,6049
6123,6050
6117,6040
6122,6052
6118,6048
6119,6051
6122,6043
6116,6031
6106,6030
6115,6050
6115,6050
6127,6065
6117,6065
6107,6059
6116,6060
6112,6051
6102,6031
6115,6054
6110,6057
6122,6044
6114,6039
6120,6048
6120,6055
6128,6059
6114,6054
6118,6056
6112,6048
6111,6053
6113,6063
6117,6052
6124,6059
6116,6063
6116,6063
6117,6060
6119,6056
6117,6056
6122,6065
6118,6049
6114,6030
6113,6053
6111,6048
0,31
0,61680
0,0
6119,6052
5605,5577
5594,5577
5604,5583
5598,5565
5605,5573
5602,5563
5600,5581
5603,5568
5817,5750
6333,6315
6283,6294
6304,6294
6308,6297
6279,6309
6291,6321
6274,6300
6283,6314
6296,6301
6295,6322
6296,6326
6303,6322
6300,6336
6301,6330
6305,6304
6300,6330
6300,6329
6287,6325
6304,6324
6305,6306
6297,6303
6289,6311
6282,6315
6283,6321
6276,6322
6285,6315
6297,6317
6296,6347
6308,6364
6300,6355
6297,6331
6285,6319
6275,6326
6278,6344
6296,6346
6289,6326
6311,6329
6288,6337
6292,6302
6278,6328
6276,6342
6270,6341
6299,6366
6303,6323
6291,6337
6298,6370
6288,6336
6313,6298
6320,6325
6388,6419
6374,6409
6318,6336
6283,6307
6297,6299
6318,6331
6294,6317
6324,6352
6297,6345
6340,6326
6304,6331
6306,6328
6294,6296
6306,6316
6292,6336
6295,6307
6298,6307
6285,6318
6291,6318
6301,6306
6307,6318
6301,6317
6303,6329
6278,6334
6306,6321
6303,6310
6300,6312
6275,6327
6280,6351
6291,6354
6274,6310
6275,6320
6288,6317
6295,6344
6307,6334
6320,6352
6320,6361
6292,6328
6280,6346
6291,6320
6303,6327
6309,6333
6284,6314
6305,6289
6287,6307
6275,6310
6281,6309
6268,6332
6302,6336
6300,6311
6309,6316
6294,6328
6279,6328
6273,6346
6298,6349
6303,6336
6278,6360
6306,6323
6299,6325
6291,6342
6274,6292
6290,6304
6286,6359
6305,6376
6288,6329
6289,6329
6281,6344
6276,6351
6289,6349
6291,6326
6284,6329
6296,6328
6272,6350
6286,6349
6278,6356
6292,6321
6290,6334
6292,6319
6294,6314
6289,6314
6283,6344
6294,6367
6276,6346
6281,6345
6280,6337
6281,6331
6302,6332
6295,6353
6288,6332
6281,6335
6288,6343
6269,6324
6284,6331
6288,6344
6300,6334
6299,6320
6294,6345
6291,6362
6290,6354
6289,6343
6289,6345
6286,6325
6294,6318
6267,6322
6291,6347
6303,6361
6294,6332
6296,6342
6299,6360
6280,6327
6259,6336
6267,6323
6279,6331
6266,6345
6285,6340
6290,6340
6298,6326
6285,6346
6287,6361
6292,6348
6278,6356
6264,6356
6273,6345
6287,6341
6275,6307
6278,6332
6289,6328
6285,6316
6283,6331
6278,6364
6281,6372
6272,6384
6300,6369
6259,6326
6266,6356
6276,6354
6279,6388
6271,6339
6276,6344
6266,6356
6279,6341
6276,6362
6277,6375
6269,6377
6266,6366
6268,6357
6277,6370
6266,6386
6273,6360
6271,6361
6252,6368
6254,6366
6262,6356
6291,6363
6271,6383
6287,6355
6273,6346
6285,6373
6282,6395
6251,6396
6242,6344
6269,6360
6279,6361
6274,6356
6242,6377
6244,6380
6266,6342
6261,6355
6261,6390
6267,6379
6279,6394
6259,6383
6255,6378
6259,6364
6266,6390
6250,6364
6249,6346
6244,6350
6256,6383
6251,6366
6257,6362
6252,6394
6267,6374
6267,6382
6262,6411
6252,6425
6255,6421
6240,6387
6249,6404
6254,6383
6274,6385
6272,6377
6252,6375
6252,6371
6262,6388
6251,6380
6267,6384
6259,6433
6279,6427
6252,6387
6251,6378
6246,6380
6247,6391
6243,6381
6251,6364
6247,6370
6257,6353
6241,6336
6249,6361
6246,6362
6244,6380
6235,6444
6245,6383
6236,6392
6230,6382
6242,6371
6255,6363
6254,6398
6255,6398
6252,6386
6263,6412
6248,6409
6247,6385
6246,6417
6253,6404
6242,6390
6254,6374
6254,6387
6243,6373
6231,6354
6244,6393
6235,6396
6242,6374
6248,6361
6244,6379
6248,6360
6239,6381
6248,6429
6231,6380
6242,6385
6244,6376
6233,6364
6241,6406
6262,6379
6252,6373
6241,6370
6223,6392
6244,6397
6233,6377
6231,6360
6233,6368
6237,6360
6226,6343
6233,6346
6244,6351
6251,6376
6258,6376
6241,6423
6239,6399
6235,6401
6242,6412
6230,6385
6235,6428
6239,6405
6237,6400
6219,6401
6238,6388
6239,6390
6210,6379
6216,6371
6248,6414
6225,6386
6262,6395
6200,6349
6192,6375
6187,6310
6219,6360
6251,6410
6234,6385
6262,6390
6232,6400
6237,6377
6236,6392
6248,6409
6217,6425
6217,6375
6225,6384
6226,6420
6227,6370
6225,6379
6225,6361
6226,6362
6225,6371
6224,6356
6226,6367
6231,6368
6241,6402
6235,6390
6226,6401
6240,6388
6231,6393
6240,6355
6246,6408
6221,6393
6241,6398
6218,6385
6227,6388
6226,6414
6246,6400
6235,6417
6245,6434
6231,6407
6224,6381
6226,6388
6226,6408
6231,6408
6226,6407
6214,6406
6224,6425
6232,6414
6228,6433
6229,6427
6214,6411
6227,6431
6216,6416
6214,6439
6218,6418
6221,6432
6226,6425
6219,6413
6226,6414
6224,6417
6220,6394
6225,6407
6232,6407
6235,6418
6232,6403
6228,6388
6232,6375
6228,6378
6224,6368
6223,6382
6217,6403
6225,6404
6226,6402
6224,6411
6224,6426
6230,6425
6219,6386
6221,6412
6226,6430
6226,6433
6232,6425
6219,6398
6221,6418
6233,6416
6234,6406
6218,6376
6222,6372
6213,6365
6216,6374
6232,6377
6223,6343
6205,6357
6227,6344
6225,6333
6232,6383
6233,6393
6233,6380
6224,6405
6232,6400
6217,6374
6224,6394
6215,6393
6216,6426
6223,6412
6216,6426
6215,6416
6214,6429
6209,6423
6218,6432
6218,6401
6218,6442
6221,6428
6221,6421
6226,6414
6217,6391
6212,6385
6228,6391
6215,6394
6220,6416
6215,6421
6220,6409
6238,6413
6223,6418
6219,6404
6220,6403
6217,6412
6220,6413
6220,6400
6218,6391
6214,6399
6226,6375
6216,6377
6219,6393
6209,6391
6228,6390
6220,6396
6222,6383
6215,6357
6223,6370
6235,6348
6222,6373
6222,6374
6220,6380
6243,6383
6214,6374
6221,6427
6224,6394
6218,6393
6211,6378
6216,6367
6217,6380
6215,6371
6224,6380
6226,6379
6212,6367
6213,6372
6206,6358
6231,6364
6221,6360
6219,6346
6234,6358
6232,6378
6220,6381
6225,6378
6230,6383
6232,6409
6228,6388
6220,6378
6225,6356
6227,6354
6228,6374
6238,6352
6225,6363
6226,6356
6235,6356
6229,6372
6227,6384
6227,6386
6232,6386
6223,6371
6215,6352
6228,6396
6211,6381
6219,6365
6226,6384
6219,6402
6224,6375
6234,6372
6210,6352
6223,6349
6219,6359
6227,6358
6235,6346
6225,6340
6230,6359
6215,6388
6232,6379
6237,6363
6222,6359
6235,6396
6216,6380
6226,6364
6233,6362
6227,6349
6220,6350
6216,6356
6225,6359
6231,6383
6224,6341
6233,6353
6229,6346
6242,6354
6222,6358
6223,6341
6229,6325
6228,6326
6226,6358
6223,6346
6225,6330
6225,6346
6223,6377
6227,6366
6225,6351
6226,6349
6249,6323
6212,6355
6237,6362
6223,6362
6237,6336
6222,6346
6216,6373
6234,6365
6225,6343
6236,6347
6225,6364
6233,6363
6224,6370
6227,6352
6225,6375
6227,6362
6229,6352
6245,6328
6232,6331
6225,6324
6237,6325
6230,6330
6227,6308
6227,6326
6240,6340
6235,6339
6243,6331
6247,6302
6237,6330
6231,6330
6231,6341
6214,6318
6217,6325
6223,6330
6211,6324
6217,6348
6222,6353
6219,6330
6226,6329
6219,6356
6113,6240
6224,6326
6227,6335
6175,6290
6234,6332
6247,6358
6230,6337
6218,6303
6228,6322
6221,6331
6220,6334
6232,6355
6229,6350
6226,6329
6223,6334
6228,6322
6227,6311
6232,6318
6233,6367
6246,6340
6243,6345
6239,6346
6227,6332
6223,6330
6224,6346
6224,6344
6236,6344
6241,6365
6248,6351
6237,6350
6240,6360
6254,6336
6250,6338
6238,6349
6229,6324
6231,6327
6242,6344
6236,6332
6255,6329
6255,6329
6263,6346
6261,6357
6291,6318
6307,6329
6318,6349
6339,6362
6377,6351
6408,6361
6429,6343
6493,6327
6519,6320
6591,6343
6646,6354
6698,6331
6754,6314
6807,6333
6844,6340
6825,6326
6827,6333
6797,6330
6751,6372
6767,6357
6711,6335
6695,6337
6667,6320
6635,6319
6610,6322
6601,6328
6648,6315
6653,6299
6658,6319
6695,6336
6761,6344
6825,6335
6904,6350
7023,6347
7152,6360
7282,6364
7428,6371
7551,6355
7645,6373
7795,6395
7926,6398
8047,6394
8079,6417
8183,6455
8259,6448
8251,6458
8135,6480
8108,6538
7927,6543
7846,6556
7753,6571
7729,6626
7613,6657
7489,6719
7422,6720
7334,6718
7263,6799
7113,6865
6999,6957
6913,7062
6839,7122
6815,7248
6786,7313
6808,7354
6911,7371
7054,7333
7186,7279
7361,7242
7571,7185
7843,7203
8126,7155
8289,7121
8398,7094
8489,7005
8522,6957
8624,6889
8741,6843
8872,6801
8989,6787
9046,6756
9093,6733
9202,6690
9182,6678
9076,6653
9025,6714
8869,6768
8830,6866
8642,6980
8515,7158
8368,7293
8149,7443
7995,7504
7895,7599
7724,7701
7535,7780
7412,7862
7294,7932
7199,7905
7153,7976
7111,8007
7153,8035
7182,8070
7305,7978
7507,8000
7634,7913
7894,7872
8107,7723
8379,7599
8610,7405
8837,7288
9068,7176
9276,7076
9458,7014
9581,6938
9701,6930
9754,6872
9635,6867
9676,6846
9596,6905
9439,6965
9305,7001
9169,7092
9058,7168
8885,7307
8595,7407
8434,7477
8177,7606
7895,7758
7703,7964
7523,8141
7335,8337
7107,8455
6960,8624
6831,8729
6756,8833
6760,8986
6822,9014
6859,8993
6950,8858
7121,8762
7263,8676
7446,8584
7615,8463
7770,8345
7970,8255
8259,7983
8467,7829
8610,7630
8732,7448
8810,7299
8904,7172
8944,7067
9085,6997
9192,6964
9280,6936
9332,6912
9420,6920
9388,6912
9370,7032
9224,7094
9098,7215
9053,7390
8852,7564
8626,7774
8384,7858
8093,8013
7901,8220
7675,8262
7469,8329
7280,8441
7168,8501
7100,8516
7081,8559
7083,8522
7156,8535
7185,8465
7267,8431
7376,8334
7530,8195
7735,8111
7879,7995
7968,7839
8100,7739
8351,7558
8693,7495
8999,7310
9271,7207
9485,7106
9732,7030
10002,6992
10157,6958
10264,6936
10381,6914
10347,6903
10258,6912
10077,6969
9976,7023
9899,7165
9723,7284
9536,7436
9285,7624
9137,7879
8895,8056
8685,8177
8430,8274
8204,8485
7957,8682
7703,8774
7465,8874
7270,8977
7202,8998
7068,9061
7057,8976
7085,9052
7127,8879
7199,8737
7320,8627
7423,8551
7561,8432
7665,8270
7806,8201
7946,8029
8107,7871
8252,7646
8464,7478
8625,7283
8751,7091
8807,6978
8961,6890
8936,6709
9071,6711
9024,6715
9048,6843
8951,6872
8882,7031
8901,7188
8792,7277
8800,7436
8672,7523
8574,7722
8448,7891
8319,8074
8077,8202
7962,8420
7742,8561
7542,8788
7351,8965
7186,9144
7069,9189
6934,9172
6880,9247
6821,9190
6804,9089
6793,8958
6822,8855
6890,8721
6972,8542
7090,8405
7273,8240
7460,7998
7639,7760
7745,7571
7953,7434
8104,7223
8254,7074
8395,6965
8569,6847
8722,6803
8778,6781
8864,6708
8885,6720
8884,6671
8911,6709
8914,6773
8860,6816
8752,6925
8599,6995
8423,7092
8244,7220
8049,7323
7859,7493
7677,7644
7506,7701
7339,7903
7174,8044
7078,8144
6985,8260
6883,8364
6826,8540
6811,8595
6807,8583
6822,8553
6895,8496
6951,8395
7029,8343
7074,8214
7195,8105
7349,7893
7431,7731
7572,7602
7767,7457
7919,7286
8036,7187
8247,7093
8351,6949
8484,6827
8583,6736
8694,6680
8758,6632
8768,6584
8782,6585
8637,6622
8629,6704
8515,6775
8370,6894
8195,7023
8040,7155
7830,7324
7718,7509
7596,7654
7413,7805
7277,7892
7163,8013
7050,8033
6966,8104
6874,8138
6786,8201
6742,8216
6721,8220
6774,8128
6815,8098
6873,8068
6957,8071
7026,7962
7177,7912
7325,7821
7462,7701
7646,7578
7818,7540
7960,7422
8078,7321
8203,7132
8403,7020
8499,6918
8629,6805
8774,6698
8853,6642
8959,6637
8974,6599
8976,6624
8944,6705
8872,6782
8737,6848
8697,6937
8548,7034
8430,7119
8238,7178
8025,7287
7846,7393
7638,7452
7463,7528
7273,7650
7071,7720
6959,7770
6820,7799
6745,7914
6703,7936
6685,7971
6728,7942
6841,7939
6932,7911
7089,7843
7215,7729
7365,7649
7602,7539
7837,7418
8061,7283
8282,7231
8543,7108
8751,7007
8920,6929
9026,6853
9182,6790
9195,6732
9168,6673
9226,6646
9200,6639
9148,6676
9049,6665
8900,6720
8745,6767
8628,6861
8431,6987
8203,7082
8032,7307
7913,7451
7709,7660
7622,7780
7489,7967
7330,8076
7177,8244
7086,8288
6943,8309
6887,8337
6840,8375
6846,8395
6812,8436
6824,8391
6881,8355
6968,8256
7123,8162
7275,8060
7423,7904
7614,7690
7805,7504
8060,7338
8361,7177
8591,7028
8907,6885
9207,6782
9331,6719
9560,6667
9671,6625
9786,6652
9836,6669
9821,6674
9814,6723
9659,6790
9623,6880
9369,6988
9221,7122
8881,7197
8543,7400
8255,7511
8059,7678
7805,7788
7672,7850
7477,7980
7305,8025
7154,8077
7039,8191
6974,8286
6903,8404
6870,8428
6861,8455
6908,8489
6947,8488
7024,8394
7102,8303
7149,8194
7292,8088
7446,7985
7619,7887
7805,7775
7902,7664
8046,7520
8212,7355
8341,7169
8332,6990
8441,6878
8504,6815
8509,6679
8528,6635
8487,6619
8316,6676
8176,6766
8121,6832
8084,6939
8066,7058
7997,7217
7919,7388
7818,7485
7650,7590
7517,7683
7503,7815
7344,7837
7243,7927
7126,8035
6989,8066
6961,8089
6863,8086
6781,8172
6792,8211
6799,8162
6773,8063
6844,8018
6936,7928
7017,7805
7149,7693
7290,7598
7466,7442
7600,7339
7806,7234
8035,7105
8179,7052
8326,6910
8503,6857
8627,6778
8616,6605
8901,6682
8879,6628
8995,6680
9053,6698
9122,6745
9047,6751
9023,6778
8851,6829
8705,6920
8600,6978
8460,7079
8310,7110
8074,7221
7894,7356
7624,7486
7446,7651
7233,7766
7094,7868
6940,7955
6857,8045
6801,8108
6835,8173
6875,8194
6972,8112
7057,8068
7146,7971
7295,7895
7524,7856
7703,7735
7897,7612
8070,7501
8286,7380
8500,7234
8745,7096
9014,7021
9057,6933
9316,6838
9372,6773
9374,6720
9366,6675
9265,6628
9254,6672
9113,6742
8966,6838
8795,6933
8691,7082
8575,7233
8358,7381
8211,7611
8110,7789
7877,7930
7704,8055
7553,8222
7351,8429
7288,8655
7171,8745
7024,8944
6979,9058
6863,9077
6811,9074
6760,9118
6746,9046
6770,8921
6862,8708
6969,8549
7061,8381
7128,8258
7253,8080
7445,7920
7638,7765
7854,7504
8080,7284
8312,7157
8428,6981
8583,6864
8706,6729
8836,6685
8896,6638
9031,6619
9098,6589
9093,6644
9140,6643
8991,6722
8850,6809
8699,6883
8577,6980
8393,7109
8214,7199
8133,7299
7953,7406
7791,7508
7635,7611
7479,7712
7379,7793
7243,7838
7115,7949
7042,7969
6996,7937
7002,8010
7051,8076
7095,8042
7120,7995
7211,7925
7369,7894
7637,7789
7875,7625
8058,7574
8311,7443
8580,7368
8785,7241
9047,7144
9296,7033
9584,6948
9810,6839
9985,6766
10121,6702
10213,6705
10373,6720
10338,6675
10239,6748
10247,6792
10061,6892
9792,6957
9578,7152
9369,7265
9155,7452
8859,7519
8601,7648
8378,7858
8198,7995
8125,8149
7945,8208
7834,8333
7669,8368
7583,8428
7428,8534
7301,8594
7303,8692
7299,8769
7339,8755
7380,8712
7506,8622
7701,8535
7992,8452
8248,8367
8629,8263
8969,8087
9263,7977
9760,7705
10182,7559
10615,7428
11024,7235
11281,7046
11496,6984
11618,6880
11731,6831
11851,6744
11732,6762
11661,6857
11312,6978
11102,7102
10895,7275
10624,7451
10219,7677
9975,7861
9628,8047
9236,8210
8944,8279
8638,8350
8336,8475
8082,8754
7888,8961
7731,9132
7546,9297
7495,9443
7541,9445
7641,9561
7827,9615
7976,9697
8073,9737
8337,9636
8545,9515
8883,9289
9244,9127
9515,8861
9756,8611
10129,8375
10365,8149
10591,7858
10801,7595
10908,7363
10998,7177
11144,7037
11289,6987
11453,6994
11428,7076
11301,7236
11187,7407
10926,7643
10825,7910
10640,8140
10388,8412
9992,8687
9762,8949
9399,9195
9058,9530
8711,9869
8413,10083
8080,10271
7850,10554
7621,10671
7456,10754
7368,10718
7338,10661
7340,10591
7431,10449
7591,10322
7742,10101
7982,9902
8237,9611
8493,9335
8758,9072
8978,8747
9222,8480
9576,8194
9942,7978
10288,7761
10550,7638
10838,7497
11099,7381
11141,7326
11282,7286
11291,7323
11167,7327
11027,7421
10770,7542
10457,7703
10184,7756
9812,7986
9504,8202
9207,8529
8940,8909
8594,9194
8300,9447
8055,9672
7840,9819
7752,10067
7664,10263
7539,10418
7463,10545
7447,10581
7459,10513
7514,10483
7574,10358
7726,10242
7880,9960
8027,9724
8165,9440
8396,9191
8584,8918
8796,8697
9044,8550
9228,8361
9416,8115
9642,7915
9875,7700
9796,7265
10025,7253
9852,7109
9775,7114
9734,7070
9263,7148
8892,7315
8412,7558
7861,7735
7699,7987
7469,8244
7071,8468
6738,8722
6496,8936
6325,9200
6260,9290
6207,9328
6187,9507
6170,9499
6161,9652
6159,9728
6149,9694
6161,9617
6160,9507
6158,9519
6151,9514
6147,9448
6155,9305
6142,9038
6136,8837
6145,8628
6138,8382
6145,8153
6128,7959
6121,7689
6122,7457
6124,7256
6133,7102
6125,6968
6124,6852
6122,6813
6125,6823
6130,6919
6133,6993
6119,7096
6128,7269
6119,7435
6126,7625
6125,7662
6114,7655
6118,7677
6115,7729
6115,7818
6126,7859
6109,7930
6126,8081
6122,8116
6114,8154
6113,8033
6127,7831
6116,7632
6118,7570
6119,7654
6117,7550
6113,7303
6106,6950
6108,6676
6109,6421
6117,6284
6117,6210
6103,6182
6118,6168
6116,6145
6120,6158
6101,6155
6111,6152
6101,6181
6117,6176
6105,6159
6102,6176
6110,6180
6105,6180
6111,6165
6104,6139
6099,6104
6095,6118
6099,6079
6109,6074
6100,6057
6107,6069
6115,6073
6097,6062
6106,6077
6110,6062
6108,6060
6108,6061
6105,6065
6109,6063
6104,6069
6107,6062
6108,6062
6103,6071
6108,6058
6108,6077
6109,6056
6109,6055
6106,6067
6109,6064
6113,6051
6106,6039
6107,6049
6102,6050
6106,6053
6110,6053
6106,6056
6107,6041
6113,6051
6107,6068
6111,6063
6120,6057
6111,6053
6102,6059
6109,6052
6118,6054
6110,6055
6107,6049
6111,6053
6110,6055
6114,6063
6113,6055
6106,6053
6110,6039
6108,6050
6117,6052
6111,6057
6114,6048
6111,6048
6121,6049
6097,6054
6114,6040
6107,6057
6111,6041
6106,6048
6105,6034
6104,6045
6110,6054
6110,6052
6110,6053
6107,6044
6112,6040
6106,6061
6117,6037
6104,6047
6120,6048
6109,6046
6106,6051
6106,6049
6110,6063
6104,6048
6116,6045
6113,6045
6120,6037
6124,6020
6116,6048
6111,6034
6107,6040
6114,6039
6115,6056
6113,6043
6111,6052
6113,6055
6112,6040
6110,6047
6110,6036
6100,6053
6109,6047
6111,6047
6109,6037
6107,6034
6110,6026
6100,6045
6111,6050
6105,6038
6104,6034
6110,6046
6101,6038
6106,6060
6110,6047
6105,6052
6099,6050
6097,6053
6103,6057
6108,6039
6110,6028
6100,6055
6094,6045
6097,6040
6105,6039
6101,6055
6114,6053
6106,6043
6111,6049
6117,6063
6121,6048
6099,6051
6106,6048
6099,6050
6108,6045
6111,6043
6103,6044
6106,6049
6099,6042
6112,6055
6099,6046
6105,6054
6098,6047
6104,6038
6109,6043
6108,6057
6106,6049
6103,6052
6105,6049
6099,6053
6105,6054
6107,6055
6112,6058
6100,6049
6099,6050
6099,6056
6109,6056
6103,6051
6108,6033
6106,6045
6110,6044
6104,6043
6103,6047
6106,6045
6105,6054
6103,6057
6099,6051
6093,6045
6119,6052
6101,6054
6107,6044
6122,6055
6112,6052
6109,6046
6104,6034
6104,6040
6098,6052
6100,6053
6110,6036
6108,6036
6096,6064
6106,6040
6100,6048
6112,6060
6105,6051
6097,6040
6105,6049
6099,6040
6098,6049
6097,6045
6111,6049
6113,6040
6105,6056
6101,6048
6135,6046
6038,5964
6101,6029
6073,6029
6090,6024
6079,6025
6114,6069
6078,6050
6097,6053
6112,6043
6101,6048
6090,6028
6096,6038
6103,6046
6104,6047
6104,6051
6104,6043
6102,6048
6097,6037
6096,6042
6106,6042
6111,6052
6102,6042
6107,6053
6096,6038
6091,6049
6104,6053
6104,6048
6096,6059
6101,6025
6111,6046
6096,6048
6095,6040
6111,6051
6100,6057
6096,6049
6098,6053
6091,6049
6108,6037
6105,6049
6106,6071
6106,6060
6105,6044
6113,6044
6104,6041
6093,6039
6107,6050
6098,6051
6101,6042
6110,6054
6103,6042
6104,6056
6108,6040
6092,6041
6107,6041
6108,6045
6099,6049
6098,6050
6100,6039
6106,6047
6108,6046
6110,6054
6104,6061
6098,6048
6112,6049
6110,6054
6108,6046
6103,6059
6104,6038
6093,6045
6102,6046
6105,6049
6112,6058
6103,6057
6089,6044
6105,6053
6103,6042
6108,6047
6110,6053
6102,6037
6112,6054
6107,6042
6113,6060
6107,6059
6110,6035
6117,6047
6106,6058
6119,6069
6115,6059
6104,6062
6112,6043
6112,6059
6106,6047
6099,6045
6104,6049
6112,6058
6103,6054
6104,6048
6109,6039
6094,6055
6105,6045
6107,6054
6099,6050
6102,6045
6112,6054
6113,6044
6108,6048
6104,6062
6112,6046
6108,6046
6108,6042
6099,6053
6099,6052
6109,6050
6106,6048
6098,6051
6102,6054
6108,6054
6103,6042
6105,6044
6093,6039
6107,6050
6110,6044
6097,6052
6102,6033
6110,6039
6101,6062
6111,6048
6104,6052
6107,6049
6101,6061
6107,6052
6105,6048
6108,6048
6103,6057
6112,6041
6101,6042
6103,6044
6111,6042
6105,6037
6098,6058
6095,6044
6110,6046
6096,6051
6104,6056
6105,6057
6102,6049
6102,6039
6104,6049
6109,6045
6094,6065
6105,6083
6112,6052
6099,6058
6095,6053
6096,6071
6107,6049
6113,6045
6096,6042
6104,6048
6103,6045
6106,6048
6104,6048
6106,6054
6120,6052
6105,6048
6111,6053
6103,6047
6104,6057
6105,6044
6106,6047
6110,6047
6113,6038
6104,6058
6113,6053
6108,6047
6115,6055
6111,6050
6116,6037
6115,6050
6111,6037
6116,6051
6124,6056
6117,6049
6118,6057
6113,6051
6109,6051
6114,6046
6108,6054
6117,6052
6118,6053
6117,6050
6117,6048
6115,6052
6122,6056
6115,6052
6118,6050
6108,6055
6108,6053
6112,6052
6118,6050
6104,6042
6113,6056
6107,6029
6105,6053
6110,6034
6102,6054
6118,6047
6105,6053
6108,6061
6112,6047
6106,6040
6118,6038
6117,6059
6116,6048
6112,6057
6102,6058
6107,6060
6113,6053
6103,6052
6112,6037
6105,6057
6112,6051
6116,6058
6111,6052
6106,6045
6106,6045
6109,6048
6121,6058
6112,6056
6115,6050
6105,6050
6111,6037
6111,6044
6111,6057
6108,6059
6116,6049
6113,6050
6110,6061
6114,6046
6103,6046
6117,6042
6119,6050
6100,6051
6110,6055
6112,6063
6111,6055
6115,6046
6110,6036
6099,6059
6113,6056
6114,6049
6114,6059
6105,6034
6109,6040
6111,6042
6112,6057
6107,6031
6113,6042
6109,6059
6111,6056
6104,6058
6107,6040
6119,6057
6117,6029
6112,6054
6111,6049
6117,6058
6110,6051
5801,5980
5943,5801
6254,6169
6120,6023
6038,5979
6127,6057
6103,6050
6124,6052
6126,6083
6121,6042
6119,6052
6141,6058
6127,6065
6120,6053
6111,6055
6115,6039
6118,6053
6120,6045
6124,6055
6103,6054
6123,6057
6122,6062
6114,6061
6117,6055
6114,6053
6117,6053
6113,6051
6108,6057
6114,6046
6113,6053
6116,6060
6118,6048
6114,6042
6114,6042
6112,6024
6110,6054
6112,6054
6107,6058
6115,6051
6113,6039
6115,6053
6115,6059
6113,6054
6119,6051
6116,6059
6113,6062
6113,6041
6115,6052
6118,6048
6113,6057
6113,6052
6111,6070
6116,6058
6113,6057
6118,6040
6118,6040
6118,6051
6114,6056
6109,6054
6114,6060
6117,6057
6114,6047
6113,6055
6114,6052
6110,6053
6115,6060
6118,6055
6109,6070
6115,6041
6120,6048
6116,6052
6118,6055
6114,6040
6114,6048
6121,6053
6112,6054
6117,6053
6117,6053
6113,6053
6119,6048
6116,6056
6108,6063
6110,6050
6114,6048
6109,6049
6119,6057
6114,6055
6115,6053
6122,6053
6115,6054
6111,6063
6123,6048
6118,6057
6110,6058
6118,6047
6117,6055
6102,6044
6117,6057
6117,6056
6119,6060
6119,6060
6117,6048
6112,6040
6113,6054
6100,6090
6117,6058
6114,6062
6116,6057
6114,6051
6112,6055
0,39
0,61680
0,0
6113,6062
5600,5577
5593,5569
5598,5581
5594,5567
5602,5575
5595,5573
5603,5566
5597,5574
5816,5754
6327,6323
6278,6311
6296,6309
6299,6302
6279,6290
6290,6301
6291,6292
6289,6306
6285,6300
6297,6306
6297,6319
6303,6321
6301,6339
6293,6338
6300,6308
6306,6322
6303,6328
6297,6343
6316,6338
6317,6328
6303,6309
6286,6326
6282,6317
6284,6325
6266,6341
6264,6321
6292,6313
6310,6334
6306,6359
6312,6359
6324,6765
6318,6420
6211,6289
6263,6310
6262,6327
6272,6333
6260,6301
6290,6321
6302,6300
6268,6308
6287,6334
6280,6349
6289,6350
6302,6330
6281,6343
6292,6351
6287,6335
6316,6284
6320,6343
6297,6349
6317,6316
6309,6319
6279,6306
6268,6292
6279,6302
6288,6323
6321,6325
6308,6344
6314,6329
6320,6332
6306,6298
6298,6319
6295,6328
6273,6335
6285,6324
6295,6315
6295,6351
6297,6303
6303,6306
6293,6333
6311,6319
6289,6330
6283,6342
6297,6314
6308,6311
6290,6338
6278,6342
6273,6350
6288,6350
6279,6319
6283,6320
6298,6318
6280,6316
6304,6334
6294,6356
6315,6359
6283,6334
6271,6342
6285,6313
6291,6326
6283,6323
6294,6320
6298,6317
6290,6316
6279,6300
6284,6309
6270,6329
6283,6334
6295,6316
6302,6351
6284,6338
6273,6337
6279,6345
6296,6340
6303,6350
6282,6357
6299,6320
6314,6329
6282,6329
6284,6283
6299,6334
6291,6355
6302,6375
6290,6336
6288,6308
6280,6345
6282,6334
6296,6336
6284,6316
6277,6320
6285,6331
6282,6336
6274,6362
6295,6355
6289,6334
6304,6342
6310,6326
6290,6318
6300,6331
6285,6331
6294,6347
6286,6356
6285,6350
6275,6345
6271,6317
6287,6337
6303,6343
6296,6349
6287,6337
6284,6334
6280,6320
6278,6325
6290,6313
6296,6337
6292,6334
6299,6340
6296,6367
6285,6339
6292,6325
6296,6328
6286,6308
6277,6308
6269,6312
6282,6363
6299,6352
6285,6351
6301,6336
6297,6347
6269,6341
6275,6354
6272,6314
6270,6342
6279,6342
6276,6343
6284,6339
6293,6342
6289,6353
6284,6342
6268,6365
6264,6374
6271,6363
6277,6346
6269,6323
6270,6310
6273,6327
6292,6339
6292,6316
6283,6332
6288,6360
6276,6340
6290,6372
6279,6386
6263,6355
6269,6359
6279,6377
6274,6379
6279,6360
6273,6350
6268,6353
6285,6331
6270,6362
6279,6384
6276,6379
6273,6356
6253,6347
6280,6388
6260,6367
6265,6379
6274,6371
6256,6352
6241,6337
6265,6334
6271,6358
6273,6375
6284,6375
6282,6372
6279,6371
6263,6380
6257,6408
6247,6363
6270,6366
6273,6369
6273,6350
6263,6379
6242,6364
6259,6352
6269,6347
6255,6384
6279,6377
6291,6366
6268,6386
6267,6371
6261,6343
6266,6380
6253,6367
6244,6381
6248,6374
6258,6364
6253,6366
6238,6353
6253,6390
6270,6371
6256,6399
6256,6407
6250,6408
6261,6405
6251,6389
6242,6394
6242,6387
6268,6393
6274,6368
6250,6364
6253,6371
6263,6383
6251,6365
6270,6377
6246,6430
6285,6410
6256,6394
6257,6387
6253,6394
6245,6386
6246,6378
6251,6376
6261,6364
6252,6340
6240,6350
6256,6351
6232,6354
6243,6380
6240,6393
6253,6386
6242,6398
6236,6385
6242,6380
6256,6371
6246,6390
6254,6381
6265,6358
6264,6414
6260,6395
6249,6383
6251,6407
6239,6401
6251,6389
6249,6384
6246,6405
6239,6391
6246,6376
6245,6406
6245,6372
6240,6346
6241,6374
6243,6358
6261,6369
6245,6385
6237,6406
6232,6387
6238,6393
6239,6389
6236,6385
6243,6399
6250,6379
6246,6378
6240,6385
6238,6384
6246,6396
6267,6400
6110,6265
6289,6382
6200,6342
6219,6346
6240,6353
6260,6354
6252,6385
6234,6360
6236,6408
6227,6395
6234,6405
6238,6415
6236,6420
6236,6422
6239,6399
6220,6430
6216,6393
6231,6399
6232,6391
6233,6384
6231,6399
6243,6401
6243,6408
6237,6410
6220,6399
6232,6402
6227,6393
6234,6381
6237,6399
6239,6377
6245,6391
6224,6400
6236,6351
6240,6385
6237,6404
6227,6403
6215,6386
6233,6410
6220,6414
6232,6378
6232,6384
6238,6344
6225,6356
6232,6375
6227,6343
6237,6351
6233,6379
6255,6394
6235,6379
6218,6395
6235,6386
6231,6413
6226,6393
6235,6403
6222,6374
6223,6384
6214,6386
6222,6392
6229,6406
6231,6406
6234,6410
6240,6419
6229,6418
6233,6368
6235,6386
6224,6417
6223,6407
6230,6395
6215,6397
6226,6425
6224,6409
6228,6432
6236,6425
6209,6438
6218,6426
6213,6419
6218,6453
6229,6433
6220,6426
6236,6404
6215,6421
6223,6429
6224,6408
6227,6402
6219,6400
6248,6425
6225,6418
6219,6396
6230,6387
6224,6386
6226,6388
6219,6375
6217,6391
6223,6422
6222,6405
6225,6406
6235,6404
6225,6409
6219,6438
6218,6389
6206,6434
6239,6424
6228,6437
6214,6433
6222,6390
6215,6423
6232,6435
6239,6407
6221,6391
6214,6370
6208,6371
6214,6338
6232,6377
6226,6346
6222,6369
6216,6354
6217,6322
6245,6385
6226,6395
6224,6375
6226,6387
6211,6400
6217,6366
6213,6404
6217,6390
6216,6410
6215,6400
6213,6421
6226,6434
6218,6440
6206,6425
6218,6415
6216,6409
6217,6428
6225,6457
6220,6417
6233,6419
6221,6413
6214,6401
6217,6402
6214,6403
6212,6392
6214,6406
6229,6388
6216,6396
6231,6404
6218,6410
6212,6405
6203,6406
6206,6434
6220,6397
6208,6393
6216,6412
6206,6394
6216,6405
6225,6410
6210,6412
6221,6396
6216,6385
6226,6391
6230,6361
6231,6373
6229,6342
6218,6358
6220,6361
6229,6378
6233,6410
6219,6378
6227,6409
6226,6391
6213,6397
6213,6393
6208,6384
6211,6393
6209,6399
6204,6360
6209,6378
6217,6393
6213,6375
6206,6370
6227,6345
6226,6362
6229,6330
6239,6361
6231,6371
6223,6365
6214,6378
6223,6358
6233,6388
6236,6386
6232,6382
6234,6354
6224,6360
6231,6370
6233,6372
6230,6366
6228,6374
6231,6362
6223,6392
6215,6406
6216,6384
6217,6384
6223,6381
6221,6372
6219,6391
6211,6391
6210,6384
6233,6383
6218,6382
6231,6392
6232,6359
6215,6347
6215,6365
6228,6353
6217,6357
6229,6352
6230,6356
6234,6364
6232,6384
6243,6381
6227,6362
6224,6378
6217,6386
6230,6371
6233,6368
6235,6355
6211,6362
6231,6343
6222,6343
6221,6368
6224,6373
6234,6345
6227,6327
6236,6345
6229,6362
6227,6356
6219,6338
6228,6339
6241,6345
6229,6344
6215,6352
6224,6334
6225,6362
6210,6385
6233,6340
6223,6332
6226,6345
6230,6347
6232,6361
6233,6374
6220,6331
6243,6346
6232,6338
6230,6373
6232,6348
6224,6351
6222,6365
6227,6348
6230,6365
6217,6361
6211,6352
6233,6376
6223,6368
6233,6337
6241,6336
6219,6322
6229,6319
6235,6324
6023,5991
6357,6375
6239,6322
6150,6266
6069,6191
6249,6346
6282,6297
6244,6322
6214,6306
6240,6333
6220,6316
6211,6323
6226,6328
6213,6321
6224,6323
6226,6346
6227,6335
6235,6321
6223,6325
6232,6343
6228,6325
6226,6345
6226,6346
6235,6363
6231,6344
6228,6334
6222,6343
6212,6327
6216,6332
6224,6339
6235,6358
6237,6337
6226,6344
6228,6342
6241,6337
6232,6335
6220,6336
6239,6360
6240,6360
6230,6323
6227,6347
6220,6342
6228,6332
6229,6341
6223,6347
6231,6343
6228,6357
6233,6351
6235,6350
6242,6346
6246,6368
6251,6351
6231,6336
6237,6334
6228,6325
6254,6340
6239,6342
6263,6325
6280,6318
6264,6329
6266,6326
6284,6332
6297,6344
6330,6319
6344,6366
6391,6353
6412,6370
6435,6342
6488,6316
6551,6326
6584,6335
6642,6340
6704,6330
6747,6326
6805,6330
6822,6355
6854,6336
6833,6347
6802,6329
6778,6359
6766,6366
6717,6331
6679,6318
6684,6332
6656,6329
6631,6327
6618,6318
6629,6330
6652,6327
6669,6329
6715,6338
6754,6347
6839,6326
6931,6363
6986,6358
7123,6356
7280,6377
7418,6372
7569,6364
7660,6373
7776,6389
7935,6416
8020,6414
8086,6408
8194,6445
8243,6463
8237,6483
8134,6505
8099,6528
7970,6538
7848,6542
7799,6596
7722,6645
7620,6657
7496,6698
7382,6729
7369,6745
7280,6805
7137,6878
6993,6964
6899,7025
6820,7122
6786,7240
6796,7337
6808,7364
6929,7390
7036,7365
7225,7284
7357,7224
7585,7179
7817,7181
8133,7190
8328,7131
8372,7093
8478,7025
8560,6946
8631,6895
8743,6843
8837,6817
9018,6790
9014,6736
9118,6706
9140,6677
9154,6682
9078,6670
8988,6724
8893,6779
8807,6876
8662,6989
8556,7136
8396,7292
8189,7442
7998,7519
7873,7578
7738,7715
7536,7797
7412,7853
7307,7890
7184,7939
7127,7967
7133,8011
7175,8020
7204,8087
7323,7987
7492,8023
7665,7912
7895,7863
8149,7719
8370,7555
8641,7421
8779,7305
9070,7169
9264,7066
9479,7018
9558,6965
9705,6908
9724,6897
9645,6836
9658,6893
9585,6910
9470,6962
9291,7020
9230,7114
9073,7182
8880,7298
8636,7409
8439,7505
8139,7610
7864,7770
7690,7952
7519,8170
7335,8300
7139,8509
6937,8590
6810,8715
6769,8820
6790,8958
6811,9055
6867,8950
6958,8846
7094,8745
7268,8675
7453,8608
7621,8524
7759,8379
7961,8234
8217,7965
8486,7792
8626,7648
8728,7483
8801,7313
8899,7163
8951,7049
9097,6986
9185,6984
9266,6926
9365,6916
9385,6911
9336,6922
9340,7013
9293,7089
9151,7243
9011,7401
8842,7593
8627,7714
8400,7913
8110,8017
7868,8192
7655,8239
7442,8355
7293,8463
7169,8523
7077,8498
7063,8526
7101,8545
7117,8500
7174,8478
7252,8433
7377,8270
7536,8205
7718,8152
7866,8009
7989,7859
8102,7732
8367,7541
8672,7459
9019,7326
9273,7206
9513,7111
9767,7050
10012,7007
10161,6978
10294,6935
10362,6924
10329,6895
10283,6932
10102,6969
9965,7046
9893,7171
9732,7279
9522,7471
9344,7630
9151,7885
8918,8082
8666,8186
8390,8250
8144,8483
7920,8653
7622,8698
7414,8792
7299,8998
7168,8988
7045,9011
7028,8924
7070,9015
7163,8901
7182,8775
7332,8563
7427,8499
7566,8365
7649,8303
7768,8194
7922,8007
8108,7820
8265,7645
8445,7461
8618,7324
8736,7102
8844,7000
8908,6883
9082,6789
9086,6733
9057,6751
9014,6832
9020,6921
8938,7065
8896,7153
8795,7294
8794,7404
8671,7566
8532,7747
8450,7846
8300,8030
8116,8192
7912,8399
7746,8549
7569,8749
7360,8958
7184,9140
7099,9208
6953,9169
6891,9223
6819,9200
6779,9044
6805,8982
6835,8918
6904,8689
6983,8552
7092,8393
7272,8214
7420,8025
7632,7777
7819,7539
7956,7426
8112,7216
8212,7069
8409,6923
8584,6839
8708,6797
8774,6763
8823,6729
8917,6669
8907,6680
8938,6709
8897,6753
8842,6841
8843,6929
8565,7012
8439,7096
8262,7218
8074,7293
7822,7446
7684,7635
7526,7771
7333,7886
7206,7996
7101,8094
6979,8251
6875,8384
6836,8504
6802,8577
6806,8560
6819,8532
6888,8513
6953,8428
7034,8399
7088,8254
7214,8117
7323,7898
7454,7701
7618,7613
7747,7434
7893,7285
8041,7203
8267,7077
8350,6954
8471,6884
8581,6753
8680,6668
8788,6611
8731,6581
8728,6600
8717,6625
8616,6698
8499,6769
8358,6912
8262,7007
8032,7158
7813,7345
7718,7510
7571,7672
7434,7847
7308,7899
7135,8002
7042,8071
6944,8114
6882,8120
6816,8159
6753,8226
6711,8194
6754,8178
6819,8101
6894,8083
6949,8051
7021,7970
7183,7899
7313,7828
7463,7733
7642,7584
7821,7529
7962,7423
8086,7330
8239,7141
8393,7024
8532,6904
8664,6799
8783,6701
8799,6651
8947,6646
9001,6613
8972,6638
8942,6688
8833,6787
8761,6841
8665,6962
8583,7037
8409,7145
8199,7203
8013,7310
7816,7391
7634,7468
7467,7517
7272,7649
7079,7728
6939,7786
6834,7822
6774,7887
6705,7931
6704,7929
6718,7940
6834,7973
6938,7904
7091,7840
7205,7707
7394,7623
7607,7536
7880,7427
8080,7297
8300,7216
8583,7112
8783,7004
8891,6926
9021,6857
9176,6805
9199,6716
9175,6669
9262,6654
9220,6630
9141,6635
9048,6662
8878,6703
8719,6778
8588,6871
8412,6971
8205,7143
8068,7254
7914,7420
7760,7615
7624,7764
7480,7976
7348,8077
7216,8161
7083,8288
6940,8283
6865,8290
6826,8379
6842,8411
6818,8418
6825,8384
6889,8384
6964,8251
7102,8179
7276,8069
7441,7850
7589,7666
7815,7488
8040,7336
8345,7210
8585,7036
8960,6881
9145,6762
9352,6698
9524,6661
9621,6630
9776,6632
9789,6666
9813,6693
9754,6745
9701,6787
9581,6853
9376,6980
9195,7114
8865,7240
8540,7352
8261,7518
8071,7652
7834,7763
7693,7855
7492,7987
7295,8033
7130,8128
7025,8198
6974,8293
6882,8379
6888,8427
6867,8484
6902,8509
6954,8496
7025,8363
7083,8278
7170,8246
7309,8081
7441,7995
7633,7900
7759,7788
7904,7649
8035,7524
8159,7318
8350,7162
8343,6973
8478,6857
8524,6775
8502,6694
8548,6617
8509,6626
8309,6686
8195,6751
8107,6838
8098,6954
8078,7034
7974,7204
7916,7358
7787,7474
7642,7595
7529,7747
7484,7773
7340,7834
7236,7938
7418,8424
6957,7958
7000,8136
6904,8174
6826,8258
6775,8185
6791,8155
6783,8083
6824,8037
6944,7919
6989,7801
7170,7724
7307,7605
7481,7473
7622,7366
7805,7256
8022,7128
8181,7060
8324,6918
8449,6815
8621,6749
8670,6711
8833,6685
8961,6624
8970,6673
9029,6688
9061,6728
9070,6769
9004,6779
8852,6861
8681,6909
8615,6992
8475,7053
8255,7120
8067,7188
7901,7340
7645,7458
7454,7647
7219,7770
7069,7896
6946,7969
6843,8035
6814,8107
6806,8136
6882,8154
6987,8097
7040,8088
7156,8001
7320,7920
7498,7865
7700,7734
7887,7637
8080,7488
8339,7374
8486,7237
8721,7104
8981,7006
9091,6923
9272,6830
9367,6788
9420,6697
9383,6671
9249,6652
9222,6660
9141,6748
8952,6805
8790,6936
8705,7096
8599,7264
8328,7399
8188,7607
8127,7816
7883,7926
7745,8057
7578,8221
7383,8434
7284,8636
7149,8788
7020,8935
6952,9033
6866,9035
6820,9108
6788,9123
6785,9033
6784,8950
6851,8725
6979,8538
7039,8415
7130,8258
7251,8089
7421,7908
7634,7711
7882,7504
8072,7307
8256,7163
8440,6990
8611,6864
8717,6759
8855,6688
8918,6647
9000,6609
9122,6595
9122,6636
9174,6683
9029,6706
8788,6825
8672,6904
8540,6975
8350,7051
8215,7186
8078,7286
7942,7420
7783,7514
7624,7602
7507,7691
7368,7828
7248,7862
7115,7950
7063,7975
7012,7983
6986,7995
7064,8083
7084,8029
7103,7972
7240,7951
7371,7877
7636,7798
7891,7649
8064,7560
8302,7464
8562,7359
8819,7254
9029,7131
9325,7046
9555,6953
9826,6842
9988,6781
10111,6735
10209,6689
10378,6678
10355,6681
10273,6721
10240,6779
10077,6867
9828,6923
9568,7120
9363,7328
9143,7410
8838,7535
8617,7657
8372,7818
8222,7980
8090,8144
7956,8236
7841,8328
7666,8367
7547,8435
7443,8526
7348,8568
7272,8656
7308,8747
7310,8755
7425,8686
7523,8646
7732,8570
7976,8446
8285,8332
8603,8244
8919,8084
9319,7952
9769,7727
10181,7538
10594,7414
11038,7222
11300,7043
11477,6981
11567,6866
11708,6819
11750,6762
11737,6754
11588,6860
11322,6949
11086,7087
10843,7281
10669,7464
10282,7662
10023,7856
9612,8055
9275,8196
8946,8318
8617,8349
8356,8486
8008,8718
7880,8933
7718,9123
7607,9302
7509,9414
7560,9430
7668,9528
7833,9645
7935,9713
8092,9707
8358,9590
8508,9506
8849,9249
9251,9148
9497,8854
9781,8600
10097,8351
10359,8106
10536,7856
10805,7638
10945,7343
11027,7178
11208,7051
11274,7023
11446,6988
11469,7084
11307,7239
11139,7446
10957,7683
10837,7927
10601,8172
10365,8378
9976,8656
9727,8982
9431,9218
9079,9579
8674,9905
8417,10143
8069,10313
7824,10528
7629,10638
7465,10668
7391,10740
7345,10639
7356,10583
7441,10487
7595,10358
7771,10133
8019,9926
8247,9633
8495,9362
8782,9096
8947,8784
9217,8459
9599,8205
9962,7931
10332,7764
10571,7609
10789,7499
11078,7407
11228,7315
11350,7274
11287,7274
11239,7347
10945,7392
10715,7570
10488,7671
10221,7809
9871,7961
9540,8254
9224,8511
8933,8876
8611,9246
8284,9457
8032,9688
7767,9768
7783,10075
7631,10173
7500,10414
7444,10507
7472,10556
7455,10546
7500,10507
7582,10416
7729,10238
7922,9952
8058,9726
8179,9453
8364,9151
8537,8908
8832,8694
9007,8549
9216,8372
9434,8132
9605,7905
9892,7711
10051,7499
10199,7286
10006,7167
9856,7105
9673,7055
9268,7165
8909,7302
8411,7550
7902,7787
7673,8013
7454,8234
7080,8535
6729,8718
6495,8980
6334,9174
6261,9321
6208,9329
6192,9490
6175,9533
6177,9640
6160,9744
6152,9708
6155,9632
6158,9503
6165,9531
6146,9495
6139,9471
6149,9328
6154,9022
6148,8844
6144,8624
6136,8394
6137,8180
6122,7994
6128,7707
6126,7445
6138,7241
6139,7090
6123,6987
6117,6852
6123,6821
6130,6850
6130,6911
6122,7001
6115,7118
6125,7281
6133,7446
6116,7596
6118,7675
6117,7676
6112,7703
6121,7751
6107,7822
6124,7830
6116,7942
6123,8095
6119,8162
6112,8157
6116,8026
6120,7853
6117,7629
6112,7601
6111,7666
6112,7565
6113,7280
6098,6951
6109,6656
6106,6420
6104,6288
6114,6214
6109,6152
6117,6154
6116,6161
6105,6155
6105,6164
6105,6165
6110,6173
6111,6179
6111,6171
6110,6176
6110,6158
6112,6184
6110,6157
6102,6146
6100,6133
6106,6102
6097,6078
6102,6069
6098,6067
6111,6076
6107,6073
6094,6054
6110,6073
6107,6070
6104,6069
6103,6064
6110,6057
6109,6067
6107,6053
6107,6066
6105,6071
6104,6067
6102,6071
6105,6061
6111,6060
6106,6055
6102,6056
6109,6068
6105,6065
6107,6070
6103,6074
6109,6062
6105,6060
6107,6062
6100,6049
6105,6061
6109,6056
6112,6058
6110,6061
6108,6067
6113,6060
6110,6062
6122,6056
6113,6060
6108,6038
6112,6059
6104,6050
6114,6053
6115,6066
6112,6048
6109,6054
6115,6056
6111,6051
6112,6051
6117,6061
6118,6057
6107,6051
6117,6048
6107,6053
6115,6048
6112,6053
6104,6053
6109,6050
6098,6051
6108,6049
6115,6052
6109,6043
6107,6056
6110,6035
6114,6052
6117,6047
6114,6048
6118,6054
6112,6046
6110,6055
6114,6048
6105,6041
6116,6054
6106,6049
6108,6056
6120,6049
6118,6057
6110,6047
6114,6048
6097,6042
6107,6038
6109,6042
6114,6053
6109,6049
6115,6044
6110,6053
6112,6042
6111,6045
6114,6040
6107,6045
6099,6051
6112,6056
6106,6047
6108,6037
6103,6054
6102,6050
6106,6048
6105,6046
6107,6039
6112,6049
6117,6038
6111,6052
6100,6046
6108,6043
6101,6053
6097,6057
6102,6048
6113,6057
6119,6041
6098,6059
6099,6036
6100,6054
6105,6063
6106,6062
6109,6055
6097,6035
6104,6057
6103,6060
6112,6056
6103,6049
6112,6039
6104,6053
6119,6059
6110,6042
6100,6052
6109,6038
6096,6047
6108,6062
6110,6048
6104,6053
6107,6062
6103,6051
6104,6061
6109,6059
6110,6048
6110,6048
6101,6043
6101,6047
6111,6044
6107,6049
6114,6050
6095,6057
6101,6038
6112,6046
6106,6052
6103,6037
6111,6033
6110,6047
6101,6048
6101,6045
6099,6047
6101,6052
6098,6052
6103,6062
6092,6045
6098,6047
6103,6056
6097,6043
6109,6050
6113,6053
6115,6045
6102,6047
6102,6038
6033,5949
6080,6054
6040,5997
6167,6109
6148,6078
6117,6052
6110,6049
6104,6047
6107,6029
6117,6066
6093,6041
6096,6037
6098,6044
6097,6053
6091,6041
6114,6059
6121,6046
6104,6047
6103,6044
6112,6056
6102,6035
6114,6037
6107,6053
6099,6041
6096,6049
6106,6045
6089,6031
6106,6057
6107,6058
6100,6053
6093,6057
6099,6056
6105,6055
6097,6053
6091,6047
6105,6044
6103,6061
6107,6055
6089,6047
6102,6037
6111,6034
6099,6044
6113,6057
6096,6049
6096,6053
6104,6052
6113,6044
6103,6035
6100,6022
6105,6051
6106,6047
6093,6038
6109,6059
6096,6062
6100,6052
6097,6055
6091,6035
6105,6037
6095,6058
6104,6041
6106,6055
6104,6037
6112,6030
6097,6051
6093,6044
6097,6051
6101,6045
6099,6051
6103,6049
6104,6048
6105,6045
6103,6049
6102,6045
6098,6047
6108,6041
6096,6038
6104,6041
6097,6049
6109,6044
6105,6049
6115,6055
6106,6055
6107,6053
6104,6057
6117,6056
6104,6054
6105,6056
6110,6059
6105,6047
6104,6052
6106,6053
6110,6046
6109,6050
6097,6045
6098,6053
6093,6051
6104,6052
6115,6050
6106,6049
6111,6039
6107,6051
6113,6056
6106,6041
6117,6049
6117,6045
6108,6041
6107,6062
6120,6063
6106,6050
6117,6054
6112,6051
6106,6052
6101,6049
6113,6052
6113,6052
6100,6060
6104,6065
6106,6051
6101,6043
6105,6047
6114,6042
6099,6059
6104,6052
6107,6058
6106,6050
6120,6054
6104,6056
6103,6052
6111,6045
6107,6038
6097,6051
6102,6046
6107,6047
6107,6053
6093,6044
6102,6044
6114,6055
6104,6051
6099,6065
6103,6055
6106,6048
6100,6055
6097,6057
6101,6053
6103,6042
6108,6061
6101,6055
6100,6063
6105,6045
6097,6039
6108,6045
6096,6038
6097,6047
6104,6048
6102,6056
6094,6043
6103,6044
6109,6052
6104,6052
6106,6046
6098,6048
6114,6064
6094,6044
6101,6055
6104,6053
6096,6055
6092,6046
6105,6045
6109,6039
6099,6048
6102,6047
6107,6054
6105,6057
6097,6048
6104,6052
6110,6055
6108,6049
6116,6036
6105,6049
6106,6049
6104,6050
6106,6051
6111,6049
6118,6057
6107,6053
6114,6049
6108,6053
6116,6057
6119,6047
6105,6038
6102,6051
6119,6024
6109,6042
6114,6051
6106,6052
6114,6047
6111,6049
6113,6056
6113,6056
6108,6053
6111,6041
6127,6050
6113,6061
6117,6053
6110,6051
6109,6048
6114,6041
6112,6053
6111,6039
6117,6054
6127,6055
6113,6049
6103,6039
6114,6056
6112,6047
6108,6054
6111,6047
6104,6051
6116,6050
6113,6040
6111,6042
6109,6049
6103,6048
6104,6052
6107,6053
6111,6042
6118,6056
6111,6059
6114,6040
6117,6047
6099,6044
6110,6028
6117,6059
6110,6039
6119,6055
6110,6051
6109,6058
6115,6032
6104,6051
6116,6044
6117,6038
6108,6055
6117,6051
6111,6057
6104,6031
6106,6048
6113,6050
6120,6053
6110,6054
6117,6060
6104,6032
6107,6041
6114,6048
6122,6056
6103,6049
6116,6049
6107,6040
6113,6046
6112,6051
6107,6045
6114,6050
6112,6044
6101,6043
6104,6058
6108,6054
6114,6046
6115,6043
6113,6053
6104,6064
6026,5981
5981,5917
6167,6155
6115,6063
6068,6015
6108,6049
6102,6045
6110,6044
6097,6041
6120,6049
6109,6056
6103,6046
6115,6050
6123,6044
6111,6047
6115,6060
6107,6041
6122,6058
6110,6063
6116,6060
6117,6044
6094,6047
6118,6058
6124,6054
6104,6061
6110,6060
6111,6047
6114,6050
6115,6054
6104,6059
6120,6049
6119,6051
6119,6044
6120,6039
6113,6030
6113,6056
6120,6060
6110,6055
6110,6047
6128,6062
6120,6065
6121,6058
6115,6049
6114,6056
6115,6049
6124,6044
6111,6043
6115,6044
6122,6050
6115,6063
6110,6057
6109,6061
6111,6058
6115,6052
6116,6054
6112,6050
6114,6047
6114,6047
6123,6053
6118,6052
6119,6055
6125,6058
6110,6053
6119,6063
6111,6053
6117,6047
6120,6052
6109,6052
6110,6051
6116,6053
6112,6054
6118,6047
6113,6051
6115,6047
6120,6048
6116,6048
6117,6057
6115,6051
6116,6061
6116,6061
6115,6061
6117,6051
6120,6055
6117,6049
6117,6052
6114,6063
6122,6047
6115,6061
6110,6052
6112,6056
6114,6056
6113,6047
6116,6064
6116,6061
6114,6054
6117,6056
6118,6053
6123,6054
6114,6057
6115,6050
6123,6046
6123,6046
6117,6057
6111,6046
6118,6052
6121,6053
6110,6052
6111,6065
6114,6055
6119,6055
6118,6059
6110,6046
6119,6049
6114,6048
6124,6057
6111,6045
6111,6066
6115,6062
6122,6042
6104,6055
6115,6063
6113,6059
6115,6052
6115,6052
6107,6060
6115,6053
6113,6055
6119,6059
6113,6061
0,30
0,61680
0,0
6121,6066
5598,5572
5602,5588
5606,5577
5598,5570
5602,5570
5600,5568
5597,5580
5601,5571
5823,5757
6324,6317
6278,6308
6297,6306
6292,6307
6281,6318
6290,6294
6294,6313
6283,6321
6356,6493
6330,6325
6213,6264
6384,6320
6328,6361
6263,6295
6287,6308
6295,6323
6311,6345
6290,6339
6305,6339
6308,6315
6301,6308
6282,6301
6278,6321
6290,6324
6277,6303
6290,6305
6295,6307
6289,6337
6301,6364
6312,6355
6294,6336
6283,6334
6264,6336
6280,6354
6290,6353
6287,6346
6299,6326
6297,6343
6292,6324
6278,6322
6284,6338
6280,6346
6284,6360
6311,6326
6298,6325
6300,6361
6292,6332
6306,6316
6322,6353
6301,6335
6314,6323
6301,6326
6279,6309
6278,6301
6277,6292
6301,6324
6313,6336
6305,6345
6309,6336
6317,6329
6306,6343
6295,6316
6306,6308
6296,6323
6281,6303
6290,6320
6292,6338
6291,6304
6299,6298
6293,6313
6316,6320
6295,6305
6285,6339
6313,6322
6306,6320
6297,6323
6284,6337
6283,6367
6292,6348
6272,6306
6278,6338
6298,6317
6287,6320
6294,6337
6302,6341
6318,6368
6288,6327
6281,6321
6287,6327
6285,6330
6296,6345
6283,6311
6283,6318
6291,6313
6283,6309
6271,6325
6262,6336
6276,6329
6296,6328
6301,6334
6294,6315
6277,6323
6271,6341
6303,6347
6301,6348
6285,6349
6303,6330
6294,6316
6287,6345
6280,6308
6287,6322
6286,6355
6323,6536
6291,6359
6284,6341
6281,6348
6295,6354
6289,6360
6277,6338
6279,6322
6299,6336
6275,6346
6286,6351
6286,6343
6288,6346
6290,6338
6291,6325
6295,6311
6289,6326
6290,6349
6285,6352
6290,6348
6276,6339
6282,6355
6280,6350
6291,6350
6298,6346
6280,6322
6293,6338
6270,6345
6277,6324
6286,6326
6281,6319
6304,6329
6303,6329
6297,6333
6283,6367
6290,6349
6299,6343
6298,6338
6285,6317
6274,6300
6261,6337
6289,6340
6290,6355
6273,6348
6286,6331
6288,6350
6264,6313
6266,6343
6263,6338
6274,6330
6274,6340
6280,6352
6277,6353
6287,6347
6281,6346
6295,6352
6278,6372
6276,6357
6264,6343
6271,6348
6279,6324
6266,6296
6274,6328
6285,6330
6287,6319
6282,6330
6275,6362
6272,6360
6272,6383
6284,6376
6275,6350
6268,6355
6279,6363
6276,6369
6270,6362
6278,6346
6263,6365
6284,6344
6272,6354
6296,6380
6268,6380
6274,6368
6273,6345
6267,6401
6264,6388
6261,6367
6267,6356
6249,6369
6251,6372
6260,6364
6263,6340
6274,6373
6297,6339
6278,6368
6288,6358
6257,6371
6260,6386
6252,6361
6264,6385
6257,6374
6266,6354
6252,6384
6250,6357
6260,6371
6250,6364
6260,6397
6278,6413
6281,6377
6264,6383
6258,6379
6255,6366
6257,6390
6239,6362
6248,6356
6247,6360
6255,6379
6267,6366
6249,6361
6240,6398
6270,6387
6264,6387
6252,6414
6255,6388
6255,6410
6250,6413
6257,6401
6260,6405
6256,6400
6258,6385
6245,6354
6255,6378
6257,6376
6240,6391
6267,6393
6269,6433
6264,6417
6246,6390
6246,6380
6251,6392
6248,6387
6249,6384
6260,6373
6242,6353
6255,6356
6245,6321
6238,6361
6237,6343
6235,6363
6246,6390
6256,6384
6234,6415
6234,6405
6237,6381
6247,6380
6250,6402
6255,6405
6242,6379
6253,6404
6267,6397
6243,6387
6251,6419
6253,6406
6238,6395
6249,6375
6244,6411
6250,6369
6093,6190
6291,6478
5990,6049
6207,6324
6188,6343
6225,6359
6251,6385
6233,6362
6241,6423
6226,6372
6244,6390
6246,6391
6245,6379
6231,6401
6262,6418
6240,6377
6230,6377
6248,6396
6244,6413
6239,6371
6225,6367
6236,6374
6235,6354
6235,6346
6241,6344
6232,6348
6249,6369
6252,6352
6235,6422
6244,6407
6242,6418
6235,6437
6223,6419
6237,6417
6233,6413
6226,6414
6225,6398
6225,6399
6238,6390
6224,6384
6235,6390
6246,6425
6235,6398
6241,6394
6233,6407
6231,6414
6233,6390
6237,6364
6244,6398
6224,6390
6239,6364
6241,6389
6237,6366
6247,6383
6237,6400
6227,6410
6218,6394
6231,6391
6228,6416
6231,6394
6225,6369
6226,6356
6227,6367
6223,6369
6217,6359
6235,6373
6240,6403
6242,6399
6239,6401
6229,6402
6229,6373
6226,6418
6226,6372
6233,6409
6216,6391
6236,6407
6220,6389
6223,6395
6234,6420
6247,6411
6234,6419
6244,6447
6223,6410
6222,6386
6232,6393
6228,6408
6223,6422
6217,6391
6218,6416
6222,6429
6239,6408
6233,6425
6224,6440
6224,6431
6217,6424
6214,6407
6216,6454
6228,6438
6216,6419
6230,6418
6217,6418
6231,6419
6222,6408
6219,6393
6216,6419
6232,6418
6217,6416
6222,6402
6227,6401
6236,6397
6224,6368
6221,6379
6218,6379
6220,6405
6220,6393
6223,6413
6232,6407
6219,6425
6219,6434
6218,6414
6214,6424
6218,6411
6218,6432
6219,6435
6214,6400
6229,6427
6229,6434
6226,6418
6211,6387
6212,6384
6221,6367
6227,6347
6226,6363
6227,6342
6211,6358
6223,6360
6207,6339
6237,6402
6233,6382
6231,6373
6215,6398
6220,6396
6222,6376
6221,6374
6219,6399
6217,6402
6210,6401
6218,6427
6221,6436
6212,6437
6216,6414
6226,6432
6225,6429
6225,6425
6218,6423
6213,6414
6233,6410
6224,6402
6223,6405
6221,6410
6209,6409
6216,6410
6227,6413
6224,6401
6212,6418
6209,6414
6219,6420
6238,6420
6219,6418
6212,6406
6216,6408
6208,6397
6211,6404
6197,6388
6207,6385
6213,6406
6204,6413
6221,6391
6220,6394
6208,6385
6215,6364
6215,6376
6232,6337
6233,6367
6226,6370
6226,6393
6220,6378
6216,6397
6214,6418
6225,6401
6219,6397
6223,6412
6207,6382
6209,6379
6209,6395
6207,6379
6217,6361
6220,6377
6203,6354
6211,6359
6226,6356
6217,6361
6228,6348
6246,6371
6227,6375
6232,6362
6211,6380
6227,6377
6231,6391
6228,6387
6223,6380
6230,6363
6226,6364
6240,6412
6226,6378
6225,6355
6216,6386
6230,6351
6228,6404
6229,6401
6220,6379
6212,6359
6228,6368
6205,6365
6219,6387
6214,6406
6221,6380
6234,6379
6213,6411
6230,6388
6232,6368
6222,6352
6215,6350
6231,6359
6227,6344
6234,6364
6237,6360
6219,6355
6213,6382
6227,6368
6223,6368
6224,6382
6227,6376
6224,6369
6226,6369
6235,6369
6221,6382
6229,6349
6229,6351
6224,6364
6237,6362
6214,6369
6228,6364
6230,6336
6233,6367
6226,6364
6226,6337
6223,6321
6222,6350
6222,6344
6220,6351
6223,6346
6216,6359
6228,6357
6234,6358
6220,6345
6230,6355
6233,6353
6247,6365
6255,6412
6228,6351
6247,6366
6226,6364
6236,6388
6253,6387
6229,6376
6229,6361
6231,6348
6241,6359
6228,6374
6228,6374
6227,6353
6244,6363
6222,6355
6232,6328
6222,6319
6220,6319
6225,6326
6237,6305
6230,6319
6220,6329
6235,6345
6230,6352
6235,6329
6237,6325
6239,6319
6240,6329
6230,6353
6223,6335
6222,6323
6222,6326
6210,6312
6205,6320
6226,6354
6222,6337
6234,6338
6219,6349
6228,6343
6216,6307
6218,6340
6219,6355
6240,6335
6220,6347
6228,6338
6226,6329
6227,6342
6225,6326
6221,6322
6234,6351
6229,6340
6223,6335
6223,6334
6225,6346
6227,6334
6219,6345
6234,6353
6233,6349
6217,6346
6238,6360
6230,6335
6233,6348
6233,6351
6227,6354
6236,6352
6239,6363
6237,6350
6246,6362
6246,6361
6231,6329
6235,6340
6232,6343
6237,6344
6232,6338
6239,6341
6241,6343
6266,6324
6261,6336
6257,6327
6264,6348
6283,6332
6279,6338
6313,6356
6334,6368
6366,6364
6409,6361
6446,6332
6476,6312
6543,6325
6605,6347
6648,6353
6710,6329
6729,6318
6797,6341
6832,6348
6850,6337
6849,6328
6803,6338
6786,6361
6751,6352
6708,6321
6689,6334
6675,6314
6656,6339
6630,6339
6608,6323
6650,6305
6645,6325
6678,6322
6699,6342
6756,6331
6822,6342
6891,6352
6992,6357
7129,6364
7296,6368
7402,6377
7587,6358
7671,6384
7769,6396
7944,6411
8012,6408
8104,6423
8187,6440
8242,6435
8231,6457
8169,6489
8074,6520
7975,6528
7850,6543
7797,6603
7719,6637
7636,6677
7506,6700
7411,6715
7360,6740
7266,6803
7111,6858
7011,6936
6919,7036
6845,7119
6800,7280
6804,7329
6791,7351
6926,7364
7032,7343
7174,7303
7373,7198
7559,7168
7819,7191
8105,7175
8280,7126
8408,7117
8493,7015
8551,6932
8639,6888
8702,6860
8871,6807
8962,6799
9022,6754
9083,6739
9143,6679
9145,6686
9119,6681
8980,6690
8901,6775
8795,6859
8669,7019
8530,7145
8370,7317
8186,7448
8040,7479
7893,7577
7733,7713
7588,7806
7436,7857
7313,7898
7193,7946
7159,7998
7129,7992
7126,8083
7179,8062
7311,8004
7453,7952
7634,7909
7848,7828
8093,7719
8382,7544
8587,7439
8822,7275
9061,7175
9242,7082
9495,7016
9545,6948
9645,6927
9729,6894
9657,6866
9622,6874
9551,6890
9458,6932
9320,7008
9213,7112
9104,7182
8903,7308
8598,7435
8438,7501
8147,7601
7903,7735
7710,7906
7495,8125
7362,8291
7109,8422
6949,8638
6840,8719
6748,8862
6752,8991
6814,9033
6864,9013
6932,8830
7096,8774
7254,8734
7421,8639
7599,8498
7781,8389
7967,8247
8214,8040
8445,7828
8612,7654
8737,7482
8830,7331
8912,7191
8951,7058
9051,6994
9174,6967
9313,6937
9348,6909
9466,6905
9343,6922
9328,7013
9259,7098
9110,7234
9043,7398
8851,7543
8595,7751
8372,7833
8137,8009
7922,8179
7693,8259
7479,8401
7314,8443
7162,8496
7118,8522
7083,8529
7077,8584
7141,8549
7205,8506
7283,8465
7390,8354
7546,8238
7716,8120
7861,7993
7957,7884
8069,7711
8387,7581
8695,7469
8989,7326
9278,7201
9479,7112
9338,6653
9869,6853
10158,6999
10160,6850
10254,6886
10309,6894
10231,6934
10109,6956
9983,7024
9894,7160
9776,7279
9486,7446
9315,7638
9143,7843
8917,8098
8686,8189
8410,8277
8183,8505
7925,8649
7693,8722
7447,8841
7301,8943
7180,9012
7075,9017
7053,8990
7058,8989
7129,8878
7208,8754
7312,8601
7419,8549
7523,8440
7659,8311
7792,8173
7963,8057
8068,7848
8266,7668
8451,7473
8581,7295
8761,7091
8828,6997
8998,6863
9052,6801
9121,6760
9056,6775
9033,6846
9029,6930
8950,7069
8899,7176
8831,7259
8800,7424
8722,7562
8547,7741
8435,7871
8321,8049
8115,8199
7965,8417
7734,8582
7564,8778
7349,8964
7203,9191
7049,9173
6963,9151
6902,9250
6837,9229
6793,9079
6789,8963
6851,8893
6911,8718
6956,8555
7090,8382
7280,8242
7459,8008
7635,7767
7821,7567
7958,7421
8111,7231
8217,7097
8373,6950
8615,6844
8693,6797
8745,6777
8879,6724
8898,6711
8919,6676
8977,6727
8892,6772
8896,6833
8754,6899
8592,7013
8462,7075
8246,7193
8011,7313
7849,7493
7693,7632
7494,7785
7347,7872
7193,8030
7075,8105
6990,8271
6875,8374
6839,8552
6817,8612
6780,8590
6823,8538
6899,8498
6949,8430
6995,8356
7096,8237
7208,8140
7317,7914
7417,7724
7615,7583
7776,7445
7922,7312
8049,7191
8226,7091
8323,6976
8440,6834
8594,6752
8645,6673
8783,6619
8801,6596
8737,6589
8696,6612
8596,6683
8484,6791
8333,6887
8202,7052
8070,7151
7876,7387
7676,7506
7597,7706
7430,7817
7296,7934
7149,8019
7053,8073
6965,8094
6873,8114
6788,8200
6751,8242
6727,8178
6752,8186
6836,8090
6888,8093
6967,8073
7047,7997
7162,7929
7310,7824
7463,7698
7632,7576
7813,7527
7897,7431
8067,7316
8220,7151
8399,7031
8543,6927
8612,6793
8770,6716
8869,6655
8931,6637
8990,6584
8948,6657
8965,6715
8866,6787
8734,6837
8641,6954
8564,7035
8376,7138
8190,7185
7998,7297
7807,7427
7639,7480
7460,7555
7259,7671
7091,7740
6942,7791
6821,7858
6771,7920
6698,7959
6686,7978
6724,7947
6842,7937
6937,7881
7078,7840
7229,7744
7404,7652
7618,7535
7867,7424
8073,7306
8298,7220
8484,7110
8750,7011
8881,6947
9026,6867
9129,6789
9227,6719
9204,6669
9248,6663
9232,6644
9142,6680
9088,6674
8872,6710
8734,6792
8634,6832
8378,6973
8258,7113
8046,7297
7913,7444
7768,7656
7610,7806
7499,7986
7305,8080
7210,8209
7081,8287
6977,8275
6882,8313
6828,8344
6834,8413
6822,8417
6843,8405
6889,8367
6962,8278
7118,8149
7243,8018
7431,7873
7617,7700
7825,7504
8059,7321
8352,7174
8618,7052
8927,6880
9202,6787
9373,6713
9526,6666
9611,6630
9753,6661
9810,6664
9839,6693
9763,6723
9699,6797
9554,6871
9408,6993
9166,7120
8811,7238
8531,7370
8297,7487
8065,7639
7849,7765
7722,7879
7496,7949
7295,8033
7152,8064
7018,8206
6974,8281
6909,8362
6876,8433
6868,8431
6890,8488
6931,8479
7010,8362
7076,8273
7191,8225
7311,8068
7463,8011
7631,7870
7789,7764
7881,7625
8054,7506
8160,7321
8332,7130
8187,6919
8420,6836
8495,6817
8473,6712
8477,6632
8486,6650
8285,6686
8158,6757
8113,6848
8111,6957
8089,7053
8018,7196
7899,7371
7793,7476
7668,7560
7506,7670
7496,7782
7369,7833
7264,7943
7150,8033
7003,8076
6941,8102
6873,8129
6809,8182
6794,8168
6785,8126
6784,8083
6844,8020
6922,7897
7046,7794
7160,7721
7307,7622
7467,7455
7616,7342
7778,7229
8036,7114
8181,7026
8324,6912
8450,6814
8559,6750
8677,6714
8845,6693
8942,6658
8965,6658
9024,6707
9050,6723
9073,6755
8997,6800
8865,6839
8699,6909
8585,6993
8471,7062
8296,7134
8079,7236
7875,7333
7666,7457
7448,7635
7209,7785
7063,7838
6968,7978
6860,8009
6818,8100
6833,8175
6897,8130
7002,8108
7056,8075
7157,7930
7324,7870
7503,7864
7717,7746
7937,7609
8072,7486
8298,7357
8484,7209
8772,7105
9000,7023
9061,6913
9267,6879
9398,6789
9412,6725
9406,6673
9322,6629
9216,6672
9089,6728
8991,6811
8844,6931
8723,7097
8561,7240
8336,7382
8231,7587
8116,7786
7902,7885
7694,8030
7572,8195
7369,8438
7256,8639
7187,8752
7049,8932
6992,9034
6872,9032
6784,9066
6784,9125
6735,9027
6788,8955
6856,8733
6959,8495
7053,8383
7126,8284
7263,8095
7423,7897
7628,7758
7855,7530
8056,7300
8270,7151
8406,6971
8612,6873
8726,6752
8816,6708
8895,6657
9039,6586
9131,6603
9085,6599
9152,6656
8994,6713
8848,6802
8710,6884
8539,6976
8334,7076
8250,7191
8105,7298
7903,7405
7750,7480
7624,7615
7497,7712
7386,7810
7270,7875
7148,7970
7057,7977
6992,7970
7015,8020
7073,8053
7100,8016
7118,8002
7213,7970
7364,7892
7622,7767
7897,7668
8064,7555
8291,7453
8558,7380
8829,7261
9102,7141
9317,7025
9563,6946
9801,6853
9984,6752
10143,6719
10247,6678
10322,6680
10352,6700
10272,6744
10262,6772
10066,6878
9825,6965
9590,7145
9373,7290
9121,7422
8858,7537
8624,7637
8383,7818
8262,8007
8109,8130
7940,8193
7829,8316
7700,8368
7545,8457
7441,8497
7365,8584
7300,8657
7309,8765
7321,8765
7409,8702
7492,8644
7714,8573
7966,8426
8264,8337
8582,8253
8949,8125
9290,7936
9659,7725
10219,7544
10546,7398
10966,7211
11281,7048
11552,6968
11620,6860
11723,6825
11819,6722
11704,6770
11679,6834
11300,6956
10995,7118
10880,7278
10637,7437
10269,7665
10009,7831
9607,8006
9252,8216
8951,8275
8631,8361
8381,8502
8090,8760
7905,8923
7683,9100
7560,9308
7499,9439
7564,9415
7670,9556
7800,9646
7938,9696
8098,9734
8303,9586
8548,9516
8907,9302
9220,9129
9461,8876
9779,8625
10113,8329
10407,8158
10580,7847
10792,7599
10903,7357
10995,7186
11131,7052
11266,6988
11403,6984
11444,7081
11283,7246
11107,7433
10920,7689
10825,7928
10607,8142
10355,8411
9991,8652
9771,8973
9393,9262
9074,9562
8664,9913
8395,10045
8053,10294
7827,10533
7623,10705
7516,10682
7360,10714
7321,10617
7356,10567
7469,10473
7599,10339
7759,10107
7991,9887
8187,9609
8491,9327
8728,9115
8964,8803
9238,8469
9568,8200
9777,7762
10282,7417
10420,7582
10775,7479
10944,7314
11232,7320
11317,7292
11335,7283
11185,7345
10992,7398
10682,7537
10471,7682
10219,7800
9885,7956
9512,8200
9255,8496
8910,8799
8574,9191
8306,9442
8025,9705
7846,9803
7759,10046
7658,10271
7539,10443
7469,10509
7434,10620
7449,10542
7506,10443
7568,10385
7740,10199
7881,9946
8056,9749
8169,9433
8405,9152
8579,8930
8804,8707
9004,8603
9198,8403
9413,8144
9635,7944
9903,7693
10016,7503
10113,7300
9999,7150
9800,7125
9754,7089
9318,7160
8915,7293
8421,7538
7885,7765
7668,8009
7446,8210
7094,8482
6733,8703
6493,8903
6339,9237
6261,9310
6202,9317
6192,9478
6171,9496
6169,9656
6197,9753
6162,9728
6154,9674
6157,9553
6155,9561
6139,9456
6137,9460
6150,9336
6144,9013
6139,8846
6149,8639
6138,8386
6135,8206
6133,7975
6118,7670
6124,7451
6133,7247
6131,7080
6120,6985
6117,6854
6121,6809
6135,6812
6114,6919
6129,6990
6119,7133
6120,7258
6128,7403
6123,7577
6118,7665
6110,7706
6115,7675
6122,7744
6118,7834
6129,7817
6113,7886
6119,8103
6124,8156
6115,8149
6116,8028
6119,7854
6117,7622
6116,7590
6121,7659
6114,7585
6118,7288
6108,6941
6112,6665
6111,6430
6118,6285
6112,6226
6105,6177
6108,6159
6111,6149
6102,6146
6108,6157
6108,6158
6099,6166
6112,6193
6110,6178
6103,6191
6117,6184
6093,6190
6112,6171
6099,6144
6098,6114
6106,6102
6099,6081
6111,6070
6105,6076
6116,6079
6111,6078
6104,6063
6111,6070
6117,6069
6116,6064
6102,6075
6110,6062
6103,6057
6098,6071
6110,6058
6110,6065
6106,6072
6106,6053
6106,6057
6105,6061
6114,6049
6099,6072
6107,6069
6115,6058
6102,6059
6107,6060
6101,6050
6108,6041
6107,6060
6100,6042
6108,6053
6102,6062
6107,6067
6110,6064
6106,6051
6112,6050
6113,6054
6119,6042
6105,6067
6110,6054
6108,6049
6111,6047
6113,6062
6117,6055
6113,6047
6104,6060
6118,6045
6112,6039
6110,6044
6110,6066
6110,6053
6115,6053
6108,6055
6098,6034
6115,6063
6101,6062
6103,6058
6108,6054
6105,6042
6109,6041
6114,6048
6111,6050
6109,6056
6111,6027
6111,6044
6111,6054
6113,6046
6111,6049
6110,6031
6110,6049
6107,6051
6106,6041
6105,6055
6114,6047
6111,6033
6112,6050
6119,6057
6109,6047
6115,6045
6104,6055
6109,6038
6105,6044
6098,6056
6115,6046
6111,6049
6108,6041
6104,6040
6104,6053
6113,6040
6098,6049
6108,6041
6115,6053
6108,6059
6100,6056
6104,6068
6103,6036
6107,6053
6101,6041
6100,6018
6111,6036
6109,6046
6111,6047
6120,6039
6103,6037
6101,6050
6105,6046
6099,6044
6108,6048
6111,6048
6100,6055
6096,6050
6100,6043
6105,6049
6098,6056
6108,6050
6093,6048
6103,6045
6107,6044
6117,6065
6103,6044
6108,6046
6099,6043
6113,6048
6113,6039
6104,6046
6105,6056
6119,6054
6115,6054
6102,6043
6106,6045
6094,6058
6103,6047
6098,6050
6114,6053
6111,6046
6108,6044
6102,6048
6097,6050
6100,6045
6106,6051
6112,6044
6096,6046
6100,6041
6170,6084
6151,6083
6096,5984
6096,6050
6123,6065
6128,6086
6108,6046
6091,6047
6103,6063
6095,6061
6105,6053
6094,6041
6087,6054
6102,6054
6094,6044
6108,6045
6114,6045
6109,6053
6097,6043
6097,6032
6103,6051
6106,6046
6104,6054
6100,6029
6095,6040
6095,6058
6093,6047
6101,6048
6113,6052
6092,6053
6114,6063
6102,6050
6093,6046
6105,6043
6100,6042
6109,6051
6107,6035
6103,6038
6102,6045
6108,6053
6099,6045
6102,6039
6106,6050
6101,6039
6104,6038
6100,6034
6101,6049
6092,6046
6108,6049
6110,6055
6099,6055
6095,6047
6102,6059
6098,6052
6090,6050
6104,6054
6104,6039
6096,6042
6095,6037
6110,6044
6112,6048
6099,6048
6102,6051
6095,6047
6093,6045
6103,6049
6102,6052
6098,6054
6106,6039
6094,6046
6104,6033
6096,6040
6103,6053
6102,6053
6091,6039
6097,6051
6096,6050
6098,6047
6096,6053
6100,6043
6103,6050
6106,6043
6112,6047
6102,6038
6089,6048
6097,6065
6101,6048
6099,6056
6109,6047
6106,6053
6104,6053
6110,6063
6102,6050
6102,6049
6111,6043
6097,6030
6100,6046
6108,6042
6096,6059
6097,6042
6102,6055
6096,6065
6102,6042
6108,6040
6102,6042
6105,6043
6103,6053
6101,6058
6099,6051
6113,6053
6106,6048
6095,6050
6099,6057
6103,6029
6098,6047
6100,6041
6096,6047
6108,6055
6102,6046
6108,6057
6101,6060
6108,6068
6104,6050
6110,6048
6110,6041
6116,6058
6106,6040
6114,6065
6108,6045
6110,6051
6110,6062
6109,6055
6092,5978
6112,6048
6110,6046
6102,6051
6098,6061
6110,6050
6106,6045
6100,6054
6108,6056
6102,6049
6106,6041
6109,6063
6112,6039
6106,6046
6110,6053
6106,6051
6096,6030
6105,6036
6098,6040
6114,6053
6106,6058
6101,6054
6097,6039
6106,6052
6118,6054
6103,6056
6119,6049
6104,6051
6105,6037
6103,6052
6100,6064
6101,6046
6096,6055
6102,6061
6110,6054
6098,6040
6101,6048
6092,6060
6102,6048
6093,6038
6099,6047
6107,6049
6108,6037
6102,6047
6102,6051
6109,6052
6109,6050
6097,6057
6095,6056
6108,6052
6106,6042
6104,6054
6098,6056
6103,6048
6101,6049
6103,6032
6107,6048
6102,6046
6108,6043
6110,6056
6106,6066
6094,6043
6112,6047
6115,6060
6108,6056
6118,6056
6102,6040
6099,6052
6104,6053
6110,6057
6106,6063
6122,6051
6102,6061
6105,6044
6107,6058
6113,6052
6110,6050
6108,6047
6103,6051
6118,6060
6108,6059
6115,6057
6107,6055
6116,6060
6109,6055
6121,6046
6114,6049
6115,6039
6115,6039
6127,6068
6118,6038
6118,6042
6116,6049
6107,6058
6108,6046
6114,6041
6114,6048
6124,6053
6110,6061
6115,6055
6106,6046
6115,6051
6100,6063
6113,6050
6108,6051
6102,6053
6121,6055
6111,6055
6111,6056
6109,6050
6108,6035
6106,6037
6106,6045
6111,6045
6107,6052
6107,6053
6106,6047
6115,6046
6096,6048
6113,6044
6113,6063
6112,6044
6111,6039
6115,6055
6096,6052
6121,6052
6095,6052
6112,6043
6113,6040
6101,6048
6111,6061
6104,6056
6109,6057
6104,6050
6102,6047
6109,6049
6107,6053
6080,6008
6154,6094
6092,6047
6118,6070
6129,6074
6122,6066
6095,6027
6106,6047
6121,6063
6108,6045
6111,6050
6115,6053
6119,6048
6107,6043
6115,6054
6104,6057
6115,6056
6115,6050
6105,6066
6099,6051
6115,6053
6113,6055
6113,6051
6108,6042
6105,6037
6114,6051
6123,6056
6107,6053
6111,6046
6109,6058
6117,6030
6106,6056
6110,6061
6113,6043
6117,6049
6114,6057
6107,6044
6116,6048
6118,6055
6117,6059
6121,6048
6106,6047
6115,6056
6121,6064
6109,6056
6108,6060
6109,6054
6117,6048
6116,6053
6105,6062
6119,6059
6117,6050
6117,6058
6110,6054
6118,6043
6113,6064
6122,6048
6116,6057
6108,6062
6120,6062
6122,6057
6117,6042
6107,6062
6110,6063
6119,6052
6118,6054
6118,6051
6113,6041
6117,6079
6115,6045
6114,6057
6114,6062
6114,6076
6118,6055
6116,6056
6119,6053
6115,6060
6115,6060
6118,6056
6112,6063
6121,6060
6115,6053
6115,6063
6120,6047
6114,6062
6114,6047
6117,6052
6119,6055
6101,6046
6114,6049
6115,6056
6115,6048
6118,6054
6110,6052
6112,6057
6113,6042
6119,6058
6117,6057
6115,6054
6115,6054
6117,6055
6110,6043
6119,6043
6112,6053
6119,6053
6117,6053
6114,6060
6109,6058
6110,6045
6115,6055
6114,6055
6116,6052
6113,6054
6111,6061
6111,6057
6112,6049
6121,6056
6123,6045
6117,6060
6116,6051
6121,6064
6121,6064
6113,6057
6114,6055
6116,6058
6113,6045
6113,6052
6112,6061
6117,6055
6117,6040
6112,6060
6111,6053
6114,6058
6116,6037
6119,6049
6113,6053
6114,6057
6114,6061
6119,6043
6120,6052
6106,6065
6107,6056
6116,6058
6116,6058
6119,6040
6115,6054
6113,6050
6113,6059
6113,6057
0,32
0,61680
0,0
6109,6048
5547,5527
5586,5589
5591,5565
5566,5555
5594,5582
5597,5579
5615,5588
5608,5575
5819,5757
6321,6309
6283,6307
6295,6289
6303,6301
6276,6296
6281,6297
6294,6303
6280,6301
6286,6309
6289,6315
6297,6319
6297,6325
6285,6339
6291,6333
6300,6322
6292,6333
6300,6332
6286,6332
6296,6336
6315,6307
6303,6315
6290,6329
6288,6315
6291,6336
6282,6313
6298,6319
6289,6287
6303,6327
6304,6369
6294,6362
6296,6338
6290,6318
6282,6331
6280,6337
6292,6350
6295,6333
6309,6339
6298,6328
6294,6294
6288,6337
6296,6328
6285,6337
6291,6368
6300,6334
6280,6342
6287,6371
6290,6339
6323,6317
6324,6353
6311,6352
6317,6335
6297,6325
6285,6329
6262,6293
6256,6308
6309,6337
6305,6328
6293,6354
6319,6338
6320,6316
6309,6352
6292,6318
6284,6315
6292,6341
6300,6324
6289,6320
6288,6328
6289,6325
6300,6305
6300,6320
6299,6324
6288,6337
6287,6349
6314,6306
6301,6298
6284,6324
6280,6333
6288,6348
6291,6364
6280,6295
6272,6315
6283,6331
6293,6330
6288,6351
6303,6360
6319,6358
6300,6347
6278,6329
6279,6319
6296,6332
6294,6324
6287,6307
6294,6317
6300,6308
6277,6307
6281,6330
6277,6332
6289,6335
6297,6328
6311,6344
6297,6322
6269,6330
6263,6347
6290,6345
6298,6345
6285,6356
6294,6322
6305,6309
6291,6333
6282,6310
6294,6323
6285,6371
6292,6385
6293,6358
6291,6339
6290,6345
6289,6343
6304,6349
6280,6338
6286,6318
6289,6329
6285,6357
6283,6351
6280,6363
6283,6335
6285,6351
6299,6328
6292,6325
6287,6327
6282,6357
6291,6365
6275,6356
6271,6350
6271,6334
6278,6332
6281,6321
6305,6346
6290,6345
6287,6349
6283,6322
6271,6333
6285,6354
6284,6340
6307,6320
6317,6336
6286,6338
6293,6381
6289,6336
6285,6333
6307,6332
6279,6316
6284,6336
6281,6347
6281,6335
6294,6369
6285,6346
6300,6337
6294,6350
6275,6346
6266,6326
6264,6330
6268,6331
6281,6333
6279,6347
6272,6350
6289,6331
6285,6344
6280,6347
6284,6355
6273,6360
6278,6355
6272,6347
6280,6328
6266,6321
6275,6317
6277,6331
6284,6341
6284,6320
6273,6362
6269,6355
6285,6368
6273,6380
6272,6348
6270,6348
6276,6371
6275,6386
6270,6349
6268,6344
6277,6343
6279,6355
6283,6353
6285,6378
6270,6398
6275,6378
6253,6354
6284,6386
6265,6380
6276,6349
6272,6369
6252,6343
6254,6360
6260,6356
6266,6353
6287,6383
6276,6363
6267,6373
6284,6362
6270,6383
6265,6382
6253,6364
6258,6377
6264,6365
6269,6361
6252,6397
6251,6375
6258,6364
6253,6362
6262,6392
6279,6399
6266,6381
6273,6380
6267,6372
6266,6368
6267,6386
6253,6368
6247,6366
6250,6394
6263,6395
6253,6378
6245,6374
6246,6401
6268,6378
6267,6397
6250,6399
6244,6416
6250,6416
6239,6414
6245,6421
6253,6408
6276,6413
6267,6395
6251,6372
6257,6375
6256,6380
6247,6383
6263,6393
6257,6428
6272,6421
6250,6407
6238,6403
6243,6392
6247,6396
6241,6374
6257,6384
6237,6358
6236,6343
6246,6341
6219,6306
6219,6304
6192,6335
6234,6401
6271,6410
6241,6408
6234,6377
6233,6395
6249,6376
6252,6388
6254,6405
6251,6397
6255,6412
6254,6394
6245,6397
6261,6414
6241,6393
6244,6385
6264,6381
6243,6389
6253,6391
6235,6371
6242,6389
6223,6384
6241,6376
6234,6365
6241,6366
6239,6368
6241,6383
6230,6419
6239,6377
6244,6380
6239,6383
6249,6359
6247,6384
6250,6391
6243,6375
6233,6373
6234,6388
6243,6391
6238,6370
6228,6372
6234,6377
6232,6351
6228,6345
6239,6342
6246,6356
6254,6374
6247,6381
6234,6398
6229,6393
6234,6374
6234,6419
6233,6424
6239,6431
6241,6394
6227,6395
6222,6402
6221,6391
6226,6384
6234,6390
6236,6405
6238,6409
6239,6388
6229,6414
6221,6403
6234,6395
6234,6396
6235,6379
6240,6389
6227,6388
6246,6386
6230,6394
6251,6368
6243,6396
6237,6400
6228,6413
6220,6401
6229,6402
6227,6431
6226,6384
6231,6367
6220,6350
6234,6362
6227,6370
6235,6350
6232,6355
6235,6379
6226,6403
6239,6383
6235,6384
6236,6379
6239,6420
6228,6403
6242,6398
6226,6366
6223,6404
6221,6382
6236,6383
6237,6408
6244,6417
6234,6413
6245,6427
6236,6403
6231,6399
6228,6387
6218,6395
6242,6418
6221,6391
6217,6421
6221,6417
6237,6414
6228,6422
6220,6442
6208,6424
6213,6425
6216,6411
6214,6441
6226,6434
6233,6413
6232,6405
6223,6419
6219,6428
6226,6401
6222,6407
6225,6405
6223,6395
6228,6430
6220,6409
6228,6413
6232,6374
6217,6363
6229,6414
6216,6383
6218,6412
6222,6412
6228,6402
6230,6401
6233,6391
6221,6438
6233,6385
6216,6389
6222,6418
6209,6432
6227,6451
6218,6391
6225,6422
6233,6410
6227,6398
6210,6369
6204,6350
6215,6361
6231,6343
6228,6356
6231,6348
6221,6354
6222,6359
6220,6338
6230,6386
6222,6400
6235,6369
6218,6407
6223,6405
6216,6392
6219,6396
6222,6398
6227,6406
6219,6427
6209,6416
6222,6456
6219,6451
6211,6422
6214,6433
6217,6411
6228,6425
6220,6434
6206,6420
6237,6416
6230,6416
6215,6400
6208,6414
6218,6398
6212,6398
6216,6439
6227,6387
6224,6403
6223,6398
6241,6415
6230,6409
6216,6404
6217,6429
6227,6415
6221,6386
6204,6399
6220,6384
6215,6391
6221,6393
6219,6411
6223,6377
6214,6394
6224,6385
6231,6362
6229,6363
6230,6330
6226,6361
6222,6380
6233,6369
6241,6395
6219,6382
6218,6415
6212,6396
6218,6384
6220,6376
6225,6380
6216,6379
6216,6379
6219,6369
6213,6383
6209,6402
6199,6379
6214,6368
6227,6351
6220,6351
6226,6347
6236,6358
6224,6362
6229,6380
6210,6365
6216,6368
6222,6389
6225,6389
6229,6389
6228,6352
6222,6356
6227,6381
6233,6366
6221,6375
6220,6372
6216,6373
6234,6392
6220,6391
6217,6403
6223,6388
6230,6370
6222,6357
6215,6390
6222,6404
6219,6384
6236,6402
6224,6397
6237,6385
6233,6368
6225,6352
6215,6366
6228,6358
6216,6363
6227,6364
6225,6353
6221,6370
6209,6387
6241,6374
6241,6381
6229,6377
6226,6375
6234,6368
6231,6366
6239,6385
6220,6353
6239,6368
6217,6360
6095,6157
6263,6398
6213,6397
6227,6365
6252,6362
6210,6319
6217,6334
6225,6351
6241,6337
6236,6346
6220,6350
6229,6345
6225,6324
6235,6358
6223,6375
6228,6359
6224,6338
6238,6348
6233,6346
6227,6340
6226,6375
6215,6361
6230,6353
6227,6342
6221,6381
6231,6359
6234,6342
6226,6372
6231,6362
6235,6363
6217,6364
6228,6371
6228,6385
6221,6363
6226,6362
6242,6346
6234,6334
6230,6331
6216,6336
6226,6323
6231,6329
6226,6327
6225,6355
6237,6360
6244,6324
6251,6325
6235,6314
6238,6335
6225,6343
6207,6293
6217,6334
6228,6325
6227,6326
6210,6330
6221,6359
6222,6338
6227,6319
6223,6334
6230,6333
6223,6334
6212,6318
6221,6347
6230,6344
6222,6358
6234,6340
6237,6323
6221,6321
6224,6317
6220,6328
6236,6361
6247,6340
6231,6338
6233,6338
6224,6341
6226,6325
6232,6338
6227,6364
6230,6353
6228,6326
6224,6345
6233,6334
6209,6352
6235,6344
6233,6348
6233,6352
6240,6360
6240,6352
6231,6373
6244,6357
6238,6334
6241,6343
6236,6330
6242,6346
6219,6346
6245,6359
6234,6352
6256,6324
6262,6312
6259,6356
6272,6345
6291,6336
6300,6336
6315,6353
6347,6359
6375,6363
6400,6351
6431,6343
6487,6309
6532,6327
6595,6330
6645,6337
6707,6331
6743,6335
6802,6340
6833,6352
6850,6320
6830,6312
6809,6335
6762,6365
6762,6336
6739,6334
6716,6331
6680,6341
6638,6311
6615,6338
6617,6337
6633,6330
6641,6321
6693,6322
6713,6341
6751,6335
6835,6339
6886,6365
6992,6359
7150,6337
7267,6377
7411,6370
7571,6365
7673,6349
7788,6387
7926,6405
8047,6413
8071,6416
8170,6447
8256,6447
8213,6465
8135,6497
8093,6528
7957,6536
7878,6552
7768,6601
7741,6629
7623,6669
7493,6696
7416,6738
7363,6768
7264,6815
7114,6867
7004,6953
6868,7024
6837,7145
6798,7222
6796,7306
6818,7364
6922,7326
7029,7337
7201,7301
7357,7246
7564,7184
7862,7205
8136,7183
8294,7164
8393,7078
8497,7025
8534,6951
8623,6881
8733,6851
8862,6813
9008,6778
9030,6755
9094,6703
9194,6681
9164,6669
9099,6671
9021,6717
8926,6760
8768,6871
8668,6988
8530,7127
8349,7278
8156,7400
8045,7507
7903,7582
7725,7680
7554,7825
7459,7874
7289,7870
7212,7958
7159,7940
7141,8012
7174,8020
7175,8059
7276,7992
7495,7950
7649,7917
7867,7836
8121,7721
8384,7555
8580,7405
8811,7290
9063,7141
9293,7084
9465,7030
9512,6990
9670,6909
9748,6878
9671,6864
9615,6904
9604,6920
9479,6945
9359,7006
9206,7101
9116,7175
8876,7305
8609,7417
8418,7512
8140,7597
7925,7781
7690,7961
7507,8154
7319,8294
7079,8463
6928,8594
6834,8721
6734,8873
6762,9009
6786,9172
6834,9009
6934,8844
7095,8775
7265,8719
7438,8615
7603,8503
7776,8357
7976,8237
8235,8013
8444,7822
8597,7624
8767,7450
8797,7324
8918,7149
8974,7061
9094,7015
9205,6961
9251,6911
9332,6909
9395,6909
9343,6951
9307,7002
9213,7106
9136,7211
9009,7409
8820,7520
8645,7739
8387,7891
8159,7989
7912,8203
7727,8281
7405,8305
7387,8426
7123,8478
7067,8488
7080,8548
7095,8552
7101,8519
7176,8487
7274,8418
7369,8317
7520,8232
7706,8130
7894,8001
7985,7892
8105,7735
8369,7584
8726,7472
8992,7337
9301,7212
9510,7108
9712,7029
10019,6996
10157,6961
10237,6937
10358,6939
10329,6901
10208,6918
10121,6979
9993,7042
9866,7147
9757,7290
9500,7446
9318,7640
9124,7870
8908,8093
8709,8209
8429,8275
8155,8507
7900,8677
7668,8751
7445,8858
7263,8955
7179,8990
7095,9047
7062,8965
7076,9000
7105,8902
7218,8747
7295,8656
7470,8520
7527,8416
7660,8299
7772,8169
7936,8019
8069,7828
8254,7656
8423,7490
8572,7323
8739,7124
8825,7000
8950,6893
9058,6799
9110,6756
9052,6783
9023,6840
9040,6945
8912,7037
8898,7179
8827,7289
8790,7427
8688,7547
8566,7725
8481,7876
8279,8027
8113,8194
7928,8390
7759,8576
7539,8739
7348,8964
7187,9199
7079,9179
6975,9248
6891,9227
6840,9179
6788,9090
6799,8947
6849,8873
6893,8709
6971,8558
7091,8393
7291,8185
7453,8042
7613,7761
7814,7584
7965,7406
8092,7243
8243,7079
8393,6965
8596,6855
8680,6809
8767,6761
8881,6743
8937,6688
8905,6690
8945,6733
8925,6806
8866,6846
8779,6911
8606,7014
8429,7080
8262,7205
8028,7329
7851,7490
7727,7650
7487,7731
7362,7866
7195,8021
7059,8101
6993,8266
6903,8367
6847,8496
6817,8587
6809,8600
6860,8561
6889,8481
6968,8416
7026,8362
7072,8241
7201,8168
7313,7903
7434,7746
7581,7592
7730,7461
7931,7299
8073,7182
8220,7081
8369,6969
8485,6838
8565,6775
8675,6673
8761,6609
8798,6572
8712,6599
8692,6639
8613,6704
8484,6758
8365,6889
8243,7002
8047,7176
7866,7324
7691,7494
7607,7668
7423,7823
7300,7918
7162,7952
7046,8064
6953,8088
6871,8111
6813,8198
6751,8231
6723,8201
6753,8176
6848,8111
6876,8072
6947,8028
7032,8017
7155,7936
7315,7849
7446,7716
7648,7601
7797,7524
7938,7420
8077,7316
8237,7144
8422,7036
8496,6924
8625,6808
8746,6703
8795,6645
8945,6624
8973,6607
8952,6645
8950,6687
8881,6792
8747,6866
8670,6956
8579,7027
8397,7124
8206,7210
8047,7284
7835,7426
7647,7494
7462,7521
7291,7655
7092,7751
6952,7790
6847,7812
6771,7887
6712,7944
6695,7956
6729,7936
6837,7944
6948,7868
7089,7845
7202,7721
7420,7650
7634,7554
7880,7410
8076,7289
8294,7212
8570,7129
8757,6999
8901,6920
9034,6866
9145,6768
9208,6716
9195,6671
9243,6656
9240,6614
9198,6647
9055,6663
8867,6706
8734,6790
8624,6843
8400,6988
8211,7073
8058,7297
7903,7415
7754,7627
7620,7825
7519,7986
7311,8099
7220,8158
7051,8244
6945,8274
6876,8303
6849,8408
6827,8418
6810,8389
6834,8400
6880,8352
6977,8249
7141,8141
7293,8043
7449,7874
7645,7684
7820,7493
8062,7328
8322,7198
8593,7003
8901,6892
9225,6765
9377,6727
9487,6672
9636,6647
9750,6635
9849,6641
9901,6677
9796,6731
9665,6789
9546,6850
9405,6999
9181,7103
8886,7220
8552,7357
8273,7517
8032,7660
7853,7773
7920,8056
7299,7785
7296,7962
7183,8114
7018,8236
6912,8249
6928,8363
6857,8403
6846,8501
6889,8484
6915,8481
7005,8370
7087,8322
7190,8194
7292,8078
7430,7989
7612,7886
7812,7784
7893,7643
8019,7509
8163,7337
8314,7168
8335,7005
8475,6882
8501,6776
8511,6706
8549,6650
8445,6649
8301,6691
8181,6765
8094,6830
8113,6947
8078,7048
7975,7200
7922,7351
7823,7476
7671,7568
7512,7699
7511,7810
7373,7857
7226,7973
7121,8033
6984,8063
6966,8069
6868,8102
6798,8183
6789,8167
6756,8151
6778,8112
6840,8061
6919,7942
7043,7802
7147,7735
7292,7619
7448,7464
7632,7369
7802,7243
8010,7135
8185,7062
8298,6894
8489,6819
8591,6753
8690,6713
8812,6703
8934,6658
8960,6683
9017,6669
9065,6708
9106,6748
8981,6783
8866,6841
8721,6925
8543,6988
8466,7090
8316,7089
8055,7222
7915,7353
7675,7457
7457,7626
7234,7771
7072,7846
6953,7963
6860,8048
6826,8119
6851,8147
6877,8118
6959,8105
7063,8083
7167,7974
7292,7898
7519,7871
7688,7734
7888,7601
8052,7478
8288,7351
8479,7233
8755,7101
9031,7030
9103,6949
9246,6883
9370,6800
9444,6719
9418,6653
9293,6653
9248,6672
9154,6739
8981,6808
8835,6958
8690,7087
8536,7228
8319,7361
8233,7600
8113,7821
7903,7910
7732,8046
7583,8230
7379,8405
7257,8654
7153,8828
7035,8937
6977,9034
6843,9052
6803,9071
6777,9099
6765,9062
6778,8915
6887,8748
6980,8538
7073,8446
7110,8270
7251,8134
7425,7950
7631,7688
7869,7528
8042,7294
8263,7177
8401,7001
8599,6869
8726,6765
8851,6703
8893,6629
9044,6620
9093,6584
9123,6625
9179,6666
9050,6716
8804,6813
8675,6879
8507,7003
8342,7079
8201,7193
8126,7262
7939,7417
7805,7502
7607,7612
7475,7712
7364,7830
7248,7836
7113,7954
7042,7975
6988,7937
7007,7986
7069,8041
7099,8030
7108,8011
7212,7929
7371,7868
7599,7831
7879,7705
8089,7594
8367,7471
8539,7375
8814,7256
9061,7143
9295,7060
9552,6965
9826,6846
9995,6757
10119,6742
10239,6687
10341,6684
10351,6688
10205,6724
10270,6786
10077,6885
9823,6951
9577,7134
9371,7272
9118,7427
8883,7520
8611,7638
8346,7830
8240,8014
8142,8141
7993,8214
7837,8322
7676,8361
7582,8457
7436,8531
7339,8569
7324,8683
7303,8781
7340,8738
7424,8718
7513,8651
7711,8558
7945,8465
8266,8355
8586,8255
8939,8062
9257,7939
9710,7708
10164,7544
10570,7394
10999,7216
11295,7052
11470,6991
11630,6881
11707,6822
11805,6744
11703,6775
11579,6849
11306,6932
11083,7115
10909,7252
10663,7467
10262,7639
9943,7829
9622,8018
9280,8169
8939,8275
8601,8342
8361,8480
8056,8713
7860,8953
7700,9181
7580,9295
7486,9393
7560,9463
7662,9520
7824,9604
7945,9728
8109,9744
8297,9649
8568,9507
8855,9329
9197,9103
9510,8895
9786,8616
10133,8323
10330,8159
10594,7866
10791,7610
10920,7366
11020,7172
11211,7058
11303,6972
11399,7016
11395,7089
11275,7201
11150,7441
10946,7665
10793,7932
10614,8130
10344,8430
10039,8652
9708,8946
9459,9245
8991,9451
8734,9955
8466,10090
8004,10225
7845,10520
7624,10718
7442,10605
7378,10651
7329,10680
7352,10583
7440,10447
7602,10335
7761,10154
8003,9928
8235,9599
8472,9261
8740,9098
8962,8761
9223,8444
9550,8196
9923,7990
10340,7760
10566,7619
10750,7522
11079,7401
11210,7330
11242,7280
11311,7320
11159,7329
10996,7365
10709,7558
10438,7682
10167,7810
9849,7984
9573,8216
9214,8530
8918,8849
8625,9216
8313,9438
7997,9662
7818,9794
7710,10006
7648,10297
7582,10445
7489,10526
7441,10575
7480,10524
7503,10466
7581,10397
7737,10229
7865,10025
8055,9758
8195,9515
8390,9243
8561,8932
8789,8732
8974,8566
9230,8400
9407,8129
9636,7924
9851,7705
10074,7511
10141,7284
10019,7151
9805,7119
9669,7080
9285,7146
8914,7304
8430,7555
7881,7748
7701,7980
7432,8191
7076,8471
6738,8713
6506,8958
6337,9211
6262,9236
6207,9368
6200,9467
6173,9533
6168,9613
6161,9765
6160,9708
6159,9572
6147,9567
6154,9518
6148,9518
6141,9489
6150,9294
6148,9015
6139,8813
6140,8613
6131,8368
6129,8176
6127,8017
6131,7689
6129,7445
6126,7240
6133,7088
6122,6972
6111,6862
6116,6840
6125,6852
6126,6927
6126,6960
6120,7106
6117,7262
6132,7423
6116,7604
6117,7665
6112,7660
6121,7670
6113,7707
6116,7824
6118,7823
6110,7908
6119,8080
6119,8156
6103,8142
6117,8048
6127,7865
6116,7632
6121,7557
6128,7625
6115,7558
6118,7280
6102,6995
6106,6658
6110,6426
6112,6287
6109,6223
6110,6179
6106,6160
6107,6158
6105,6139
6106,6166
6103,6165
6110,6165
6114,6197
6106,6179
6099,6184
6110,6164
6110,6171
6105,6166
6110,6141
6098,6119
6110,6096
6098,6088
6106,6082
6094,6076
6104,6064
6110,6076
6094,6046
6110,6077
6116,6060
6110,6072
6104,6084
6111,6065
6111,6060
6108,6073
6102,6064
6111,6071
6107,6051
6102,6063
6107,6067
6101,6069
6107,6050
6102,6062
6104,6070
6115,6064
6106,6070
6103,6063
6106,6056
6104,6048
6103,6058
6106,6055
6103,6066
6108,6055
6108,6062
6112,6031
6110,6067
6114,6060
6107,6046
6112,6043
6091,6054
6105,6046
6113,6054
6110,6053
6110,6062
6113,6067
6112,6062
6107,6042
6111,6064
6118,6047
6113,6054
6113,6048
6110,6059
6112,6058
6112,6057
6097,6055
6113,6052
6098,6061
6107,6052
6108,6055
6099,6053
6103,6044
6108,6062
6106,6043
6110,6042
6104,6040
6111,6039
6103,6062
6119,6038
6115,6047
6120,6038
6112,6050
6101,6055
6105,6047
6113,6050
6104,6057
6105,6042
6113,6046
6106,6047
6106,6048
6117,6043
6099,6041
6109,6050
6111,6047
6111,6046
6102,6039
6110,6050
6117,6049
6109,6048
6107,6052
6101,6040
6102,6047
6103,6053
6112,6051
6106,6031
6098,6050
6105,6046
6096,6054
6106,6060
6098,6056
6107,6051
6110,6044
6111,6050
6108,6063
6111,6048
6104,6048
6106,6042
6096,6054
6103,6053
6112,6038
6107,6048
6102,6053
6094,6047
6100,6046
6102,6060
6105,6053
6108,6045
6103,6040
6109,6057
6111,6056
6112,6061
6102,6039
6105,6048
6100,6059
5973,6056
6330,6303
6083,5991
6086,6064
6041,6008
6149,6081
6086,6016
6088,6021
6093,6080
6098,6041
6102,6048
6116,6052
6104,6050
6102,6058
6101,6045
6098,6049
6105,6056
6106,6045
6101,6066
6093,6041
6096,6048
6112,6047
6105,6058
6096,6053
6103,6049
6102,6047
6106,6040
6095,6046
6093,6061
6101,6050
6099,6056
6088,6053
6098,6040
6096,6048
6106,6049
6104,6039
6108,6062
6118,6045
6107,6049
6104,6053
6101,6047
6107,6050
6104,6057
6100,6052
6104,6056
6098,6045
6096,6058
6104,6042
6105,6046
6104,6065
6105,6048
6098,6033
6099,6034
6098,6026
6098,6052
6093,6055
6104,6062
6105,6045
6108,6037
6099,6055
6109,6052
6098,6031
6097,6050
6106,6043
6103,6047
6098,6047
6102,6048
6096,6048
6099,6060
6105,6040
6097,6052
6095,6042
6097,6043
6105,6049
6102,6054
6082,6047
6089,6057
6090,6040
6102,6042
6089,6037
6102,6042
6095,6043
6094,6041
6110,6059
6097,6041
6099,6046
6095,6051
6108,6050
6097,6048
6094,6043
6106,6055
6093,6057
6099,6046
6104,6056
6097,6067
6094,6053
6101,6057
6094,6047
6099,6047
6097,6049
6100,6041
6092,6041
6098,6042
6115,6053
6098,6051
6096,6048
6104,6055
6099,6051
6098,6033
6108,6054
6106,6050
6106,6056
6103,6056
6094,6062
6101,6050
6083,6056
6104,6037
6099,6046
6094,6046
6101,6055
6108,6033
6108,6043
6102,6048
6100,6042
6106,6048
6101,6051
6117,6040
6111,6055
6106,6043
6100,6049
6105,6052
6101,6053
6104,6059
6115,6049
6107,6045
6097,6062
6094,6036
6102,6050
6105,6052
6100,6038
6108,6055
6107,6042
6104,6053
6104,6049
6107,6050
6106,6055
6105,6051
6113,6048
6112,6059
6111,6050
6113,6054
6107,6044
6101,6047
6101,6055
6114,6046
6103,6051
6102,6058
6104,6051
6104,6054
6099,6055
6107,6036
6101,6051
6101,6054
6107,6047
6110,6055
6108,6048
6104,6050
6104,6036
6101,6058
6105,6046
6104,6046
6102,6033
6098,6041
6103,6053
6105,6044
6096,6035
6099,6049
6109,6056
6103,6056
6097,6040
6109,6051
6100,6048
6103,6048
6098,6055
6102,6045
6104,6051
6106,6049
6096,6059
6109,6052
6097,6058
6090,6040
6097,6055
6093,6034
6100,6054
6101,6052
6103,6051
6096,6047
6106,6047
6099,6059
6105,6048
6102,6051
6097,6047
6110,6046
6101,6057
6100,6055
6099,6058
6096,6055
6104,6055
6105,6043
6106,6058
6094,6042
6109,6046
6108,6053
6097,6038
6106,6046
6103,6059
6114,6050
6108,6047
6107,6052
6094,6043
6099,6051
6110,6047
6098,6053
6105,6054
6117,6050
6104,6047
6104,6061
6105,6047
6104,6041
6114,6045
6100,6041
6103,6055
6111,6054
6105,6062
6112,6061
6111,6050
6112,6058
6110,6051
6114,6062
6109,6042
6113,6040
6113,6055
6123,6061
6115,6044
6109,6054
6112,6053
6109,6056
6098,6057
6113,6040
6108,6053
6111,6050
6111,6051
6114,6054
6109,6056
6102,6043
6107,6053
6112,6051
6110,6052
6104,6055
6111,6063
6111,6054
6107,6057
6103,6052
6106,6037
6100,6056
6107,6045
6106,6041
6118,6049
6113,6057
6009,5991
6039,5833
6095,6013
6155,6079
6093,6036
6084,6023
6096,6043
6107,6061
6103,6043
6117,6052
6099,6056
6114,6050
6110,6054
6105,6051
6120,6061
6101,6054
6105,6047
6115,6050
6100,6039
6106,6056
6113,6057
6113,6052
6109,6045
6106,6022
6117,6033
6117,6044
6111,6043
6107,6055
6104,6052
6110,6036
6114,6048
6098,6043
6115,6047
6116,6056
6101,6050
6099,6045
6110,6046
6108,6036
6110,6048
6111,6043
6105,6059
6112,6048
6114,6048
6110,6060
6106,6042
6103,6038
6112,6057
6112,6058
6106,6044
6101,6063
6125,6061
6110,6061
6102,6053
6113,6049
6109,6053
6109,6054
6116,6046
6104,6047
6116,6049
6112,6055
6116,6055
6116,6056
6096,6050
6120,6060
6122,6051
6100,6060
6110,6065
6110,6065
6109,6058
6115,6055
6107,6052
6111,6069
6112,6057
6119,6049
6112,6045
6111,6049
6108,6055
6122,6056
6115,6054
6103,6049
6125,6056
6123,6064
6118,6054
6111,6060
6114,6053
6107,6055
6114,6055
6109,6052
6111,6063
6118,6056
6118,6051
6103,6061
6121,6072
6111,6063
6115,6057
6118,6052
6106,6055
6108,6063
6110,6053
6114,6056
6118,6050
6111,6046
6113,6049
6117,6060
6117,6060
6108,6056
6106,6045
6108,6063
6112,6043
6118,6053
6108,6054
6122,6060
6111,6056
6115,6056
6117,6051
6108,6051
6114,6053
6110,6061
6120,6050
6113,6045
6111,6049
6108,6045
6115,6062
6117,6056
6115,6048
6117,6040
6117,6040
6108,6058
6118,6050
6113,6057
6111,6063
6115,6053
6110,6064
6106,6064
6115,6056
6107,6055
6120,6055
6115,6053
6118,6059
6117,6042
6114,6056
6117,6058
6114,6049
6123,6061
6119,6040
6116,6054
6120,6047
6105,6053
6111,6051
6111,6051
6114,6060
6114,6056
6118,6060
6116,6046
6116,6058
6122,6060
6114,6063
6113,6052
6117,6062
6117,6047
6114,6053
6107,6049
6113,6052
6115,6053
6120,6058
6102,6050
6108,6053
6111,6048
6114,6056
6109,6061
0,36
0,61680
0,0
6115,6048
5595,5584
5597,5579
5609,5583
5606,5579
5604,5574
5596,5583
5604,5578
5601,5578
5822,5751
6329,6296
6260,6306
6304,6291
6307,6305
6273,6307
6308,6275
6285,6321
6283,6311
6284,6298
6294,6314
6300,6325
6303,6314
6288,6328
6292,6326
6306,6317
6308,6325
6297,6329
6292,6333
6309,6345
6319,6339
6305,6336
6278,6343
6269,6328
6282,6316
6281,6329
6285,6332
6301,6313
6296,6331
6307,6375
6297,6366
6289,6350
6282,6319
6279,6336
6284,6319
6284,6356
6284,6340
6306,6346
6289,6342
6306,6309
6276,6331
6280,6336
6289,6334
6298,6361
6307,6313
6297,6327
6293,6356
6289,6327
6315,6312
6334,6337
6302,6334
6319,6325
6310,6323
6276,6326
6279,6300
6281,6296
6297,6318
6306,6336
6305,6352
6303,6340
6311,6334
6307,6353
6297,6312
6280,6317
6293,6336
6290,6309
6308,6314
6279,6320
6292,6321
6301,6303
6295,6327
6305,6304
6297,6329
6287,6346
6321,6321
6310,6313
6295,6334
6277,6330
6281,6346
6272,6359
6276,6328
6277,6322
6282,6340
6295,6330
6287,6349
6312,6368
6309,6341
6283,6344
6279,6348
6288,6321
6292,6330
6288,6321
6284,6318
6297,6322
6303,6319
6274,6318
6279,6317
6271,6383
6302,6335
6295,6321
6304,6337
6280,6326
6287,6335
6275,6354
6293,6329
6293,6340
6294,6371
6294,6332
6314,6326
6297,6334
6281,6304
6300,6330
6278,6351
6292,6370
6286,6347
6286,6329
6279,6343
6270,6336
6288,6348
6275,6320
6266,6327
6291,6345
6281,6342
6291,6365
6282,6349
6287,6328
6292,6341
6297,6312
6311,6326
6278,6322
6292,6358
6287,6344
6276,6332
6281,6359
6283,6337
6276,6343
6299,6333
6298,6348
6300,6334
6276,6357
6269,6331
6278,6312
6282,6350
6286,6329
6301,6324
6304,6335
6290,6346
6294,6351
6288,6343
6288,6337
6290,6326
6272,6319
6275,6327
6264,6336
6285,6337
6282,6356
6287,6339
6286,6334
6285,6355
6269,6331
6258,6346
6278,6333
6256,6339
6268,6343
6272,6344
6270,6344
6274,6333
6281,6357
6278,6372
6275,6340
6267,6362
6266,6358
6284,6337
6276,6337
6280,6321
6269,6333
6290,6336
6274,6332
6283,6329
6283,6360
6264,6379
6280,6373
6276,6351
6258,6355
6267,6352
6271,6376
6269,6397
6266,6363
6264,6341
6276,6340
6280,6346
6274,6352
6280,6372
6272,6374
6269,6372
6266,6358
6271,6383
6265,6375
6272,6353
6260,6372
6260,6351
6248,6361
6267,6348
6266,6356
6279,6393
6274,6385
6285,6381
6271,6362
6277,6381
6264,6385
6243,6375
6259,6385
6265,6376
6274,6365
6249,6376
6243,6380
6270,6366
6255,6370
6256,6366
6258,6385
6268,6392
6259,6381
6267,6372
6249,6358
6251,6384
6251,6366
6249,6356
6246,6377
6248,6365
6253,6361
6237,6355
6251,6366
6265,6387
6266,6389
6246,6419
6247,6405
6268,6408
6241,6384
6427,6467
6186,6317
6251,6395
6194,6312
6277,6398
6300,6451
6272,6402
6260,6376
6258,6408
6267,6408
6281,6419
6248,6408
6238,6374
6258,6390
6249,6390
6252,6393
6244,6369
6263,6360
6250,6361
6240,6340
6260,6353
6236,6355
6245,6372
6232,6396
6243,6400
6228,6384
6249,6378
6227,6379
6246,6383
6263,6391
6267,6389
6244,6393
6253,6395
6254,6397
6257,6395
6258,6397
6247,6402
6244,6390
6246,6371
6250,6394
6239,6376
6242,6369
6246,6380
6226,6379
6249,6379
6237,6376
6243,6371
6247,6364
6238,6387
6254,6407
6240,6388
6238,6374
6242,6378
6236,6361
6250,6398
6247,6393
6250,6381
6234,6390
6242,6402
6235,6391
6249,6383
6230,6369
6240,6375
6235,6358
6235,6345
6234,6344
6236,6351
6257,6357
6252,6365
6231,6413
6236,6399
6233,6404
6236,6434
6225,6419
6233,6418
6250,6402
6234,6414
6218,6398
6223,6389
6225,6394
6233,6387
6239,6395
6238,6399
6245,6407
6233,6410
6241,6414
6221,6396
6235,6407
6234,6385
6230,6382
6241,6389
6241,6376
6227,6398
6231,6345
6239,6389
6242,6383
6224,6402
6218,6400
6235,6415
6230,6418
6224,6394
6224,6358
6213,6348
6219,6352
6219,6380
6223,6356
6233,6354
6237,6371
6246,6387
6231,6396
6228,6419
6221,6380
6235,6402
6232,6408
6242,6417
6222,6384
6231,6388
6224,6391
6218,6392
6241,6397
6240,6417
6223,6409
6233,6445
6239,6412
6232,6394
6218,6383
6224,6395
6224,6414
6225,6378
6210,6413
6211,6391
6230,6408
6226,6431
6224,6425
6207,6409
6217,6437
6224,6405
6207,6439
6215,6444
6224,6413
6225,6410
6222,6433
6230,6428
6220,6403
6234,6383
6213,6414
6220,6400
6226,6395
6209,6403
6231,6391
6213,6392
6215,6380
6216,6376
6207,6392
6223,6403
6231,6390
6232,6404
6230,6387
6224,6416
6228,6445
6227,6384
6212,6395
6220,6428
6216,6447
6216,6460
6227,6365
6223,6440
6226,6435
6225,6414
6218,6375
6207,6384
6211,6360
6233,6358
6219,6377
6217,6334
6214,6356
6220,6350
6225,6352
6245,6385
6222,6389
6226,6384
6212,6423
6220,6392
6219,6402
6213,6384
6212,6403
6217,6411
6217,6419
6216,6413
6220,6406
6203,6416
6210,6420
6211,6416
6225,6421
6214,6413
6227,6426
6224,6417
6228,6408
6239,6409
6211,6391
6224,6403
6210,6400
6221,6425
6208,6399
6227,6394
6220,6400
6211,6401
6206,6405
6223,6402
6214,6407
6222,6430
6227,6382
6212,6399
6222,6388
6222,6390
6209,6387
6216,6411
6220,6392
6220,6382
6232,6395
6222,6385
6219,6351
6213,6385
6225,6348
6219,6358
6221,6371
6225,6350
6230,6382
6224,6385
6222,6406
6220,6386
6204,6375
6212,6391
6224,6381
6204,6386
6227,6391
6209,6396
6214,6362
6226,6386
6210,6363
6210,6352
6224,6370
6218,6230
6214,6340
6249,6383
6223,6369
6220,6369
6217,6374
6215,6372
6217,6398
6227,6401
6227,6391
6228,6353
6225,6374
6227,6380
6232,6383
6221,6380
6230,6371
6231,6358
6235,6385
6217,6391
6212,6413
6212,6384
6220,6386
6214,6394
6217,6401
6221,6376
6222,6395
6177,6359
6269,6460
6209,6369
6276,6415
6210,6347
6246,6382
6202,6337
6215,6330
6228,6358
6232,6368
6230,6369
6219,6393
6238,6369
6227,6370
6236,6363
6220,6379
6220,6366
6227,6385
6236,6366
6210,6374
6233,6350
6225,6356
6225,6375
6231,6381
6217,6380
6236,6350
6229,6354
6234,6376
6230,6345
6224,6343
6216,6334
6235,6355
6231,6350
6232,6333
6223,6349
6217,6361
6229,6364
6240,6364
6225,6349
6225,6326
6233,6349
6226,6341
6229,6374
6220,6338
6235,6348
6227,6338
6224,6350
6231,6365
6231,6350
6227,6359
6231,6351
6242,6358
6219,6374
6216,6346
6240,6360
6237,6350
6238,6353
6237,6334
6232,6333
6236,6323
6233,6342
6226,6306
6215,6332
6224,6308
6236,6339
6235,6349
6238,6332
6235,6327
6244,6318
6240,6344
6226,6336
6217,6331
6222,6327
6219,6324
6217,6336
6226,6324
6220,6353
6228,6341
6218,6337
6218,6346
6225,6356
6214,6326
6231,6335
6224,6339
6237,6343
6236,6351
6209,6336
6226,6321
6217,6327
6221,6300
6221,6326
6232,6336
6234,6347
6229,6346
6236,6324
6216,6321
6218,6319
6220,6331
6235,6347
6226,6355
6225,6351
6233,6370
6230,6338
6226,6327
6216,6346
6225,6351
6235,6354
6238,6356
6237,6355
6242,6363
6235,6363
6239,6348
6243,6346
6230,6323
6228,6331
6234,6341
6244,6330
6233,6346
